a	b	sf_a	sf_b	tm_avg	tm_short	tm_long	foldseek_evalue	foldseek_prob
ampa	ano_channel	iglur	tmem16_like	0.10082	0.41489	0.05764		
ampa	ano_scramblase	iglur	tmem16_like	0.10386	0.48087	0.05826		
ampa	asic	iglur	deg_enac	0.13312	0.41808	0.07934		
ampa	bestrophin	iglur	bestrophin	0.23806	0.55936	0.15081		
ampa	calhm	iglur	calhm	0.23885	0.41722	0.1668		
ampa	catsper	iglur	ploop	0.59198	0.64596	0.5458	4.858E-01	0.138
ampa	cav	iglur	ploop	0.55542	0.707	0.45582	4.718E+00	0.000
ampa	cftr	iglur	abc_channel	0.07649	0.45897	0.04239		
ampa	clc_channel	iglur	clc	0.14261	0.47793	0.08487		
ampa	clcc1	iglur	mclc	0.22737	0.42364	0.15655		
ampa	clic	iglur	clic	0.26285	0.46487	0.18467	6.404E+00	0.000
ampa	cng	iglur	ploop	0.57055	0.65935	0.50107	4.858E-01	0.233
ampa	connexin	iglur	connexin	0.32846	0.57601	0.23192		
ampa	deg_invertebrate	iglur	deg_enac	0.10785	0.4336	0.06172		
ampa	delta_glur	iglur	iglur	0.84495	0.85602	0.83415	1.210E-04	1.000
ampa	enac	iglur	deg_enac	0.13682	0.38981	0.08436	4.173E+00	0.007
ampa	gabaa	iglur	cysloop	0.21299	0.54369	0.1324	6.806E+00	0.000
ampa	glyr	iglur	cysloop	0.18581	0.51467	0.11317		
ampa	gphr	iglur	gphr	0.19828	0.50634	0.12553	4.437E+00	0.007
ampa	hcn	iglur	ploop	0.64624	0.74048	0.57191	1.421E-01	0.692
ampa	ht3	iglur	cysloop	0.18829	0.5119	0.11499	6.404E+00	0.007
ampa	hv1	iglur	hv	0.43896	0.51221	0.38324		
ampa	iglur_nonvertebrate	iglur	iglur	0.75435	0.79447	0.71791	3.057E-02	0.981
ampa	iglur_prok	iglur	iglur	0.69991	0.8021	0.62016	4.021E-03	1.000
ampa	innexin	iglur	innexin_like	0.2565	0.47947	0.17477	4.437E+00	0.000
ampa	itpr	iglur	ca_release	0.55775	0.57551	0.54092	2.124E+00	0.016
ampa	k2p	iglur	ploop	0.39065	0.52176	0.31153	3.799E-01	0.301
ampa	kainate	iglur	iglur	0.82229	0.98764	0.70423	2.436E-07	1.000
ampa	kca_sk	iglur	ploop	0.79839	0.84593	0.75573	7.907E-03	0.997
ampa	kca_slo	iglur	ploop	0.72855	0.82017	0.65494	1.257E-01	0.887
ampa	kcsa_prok	iglur	ploop	0.73854	0.79257	0.69109	4.547E-03	1.000
ampa	kir	iglur	ploop	0.63981	0.73779	0.56361	5.494E-01	0.196
ampa	kv_eag	iglur	ploop	0.67426	0.78456	0.59022	1.045E-01	0.795
ampa	kv_kcnq	iglur	ploop	0.6946	0.76697	0.63424	8.173E-02	0.923
ampa	kv_modifier	iglur	ploop	0.7228	0.78901	0.66658	2.248E-02	0.971
ampa	kv_shaker	iglur	ploop	0.67957	0.75806	0.61544	6.992E-03	0.997
ampa	kv_shaker:VSD	iglur	ploop	0.34867	0.41175	0.30232	2.887E+00	0.000
ampa	lrrc8	iglur	innexin_like	0.34868	0.60889	0.2446	9.207E+00	0.000
ampa	mcu	iglur	mcu	0.21086	0.3808	0.14586		
ampa	mitok	iglur	mitok	0.2351	0.43434	0.16317		
ampa	mscl	iglur	msc	0.30986	0.37762	0.2613	8.671E+00	0.000
ampa	mscs	iglur	msc	0.23724	0.48487	0.15683	4.437E+00	0.000
ampa	nachr	iglur	cysloop	0.17531	0.46016	0.10802	2.715E+00	0.000
ampa	nalcn	iglur	ploop	0.51046	0.71276	0.39573	1.766E+00	0.016
ampa	nav	iglur	ploop	0.50316	0.69869	0.39121	2.258E+00	0.011
ampa	nmda	iglur	iglur	0.89067	0.89641	0.885	2.768E-05	1.000
ampa	orai	iglur	orai	0.2845	0.46389	0.20505	8.164E+00	0.000
ampa	osca_tmem63	iglur	tmem16_like	0.14576	0.51305	0.08508	5.015E+00	0.000
ampa	otop	iglur	otopetrin	0.2117	0.50371	0.134	1.661E+00	0.009
ampa	p2x	iglur	p2x	0.11821	0.31308	0.07348		
ampa	p2x_nonmetazoan	iglur	p2x	0.12237	0.31693	0.07599		
ampa	pacc	iglur	pac	0.17027	0.37426	0.11101	8.164E+00	0.000
ampa	pannexin	iglur	innexin_like	0.33796	0.57203	0.23988		
ampa	piezo	iglur	piezo	0.06574	0.51892	0.03544	9.774E+00	0.000
ampa	plgic_invertebrate	iglur	cysloop	0.19887	0.52413	0.12266	5.668E+00	0.000
ampa	plgic_prok	iglur	cysloop	0.2015	0.40669	0.13426		
ampa	tmc	iglur	tmem16_like	0.1283	0.47719	0.07396		
ampa	tmco1	iglur	tmco1	0.35905	0.44643	0.30104		
ampa	tmem109	iglur	tmem109	0.31521	0.39995	0.26104		
ampa	tmem175	iglur	tmem175	0.2248	0.58849	0.14008		
ampa	tmem87	iglur	tmem87	0.20578	0.56739	0.12541	3.070E+00	0.000
ampa	tpc	iglur	ploop	0.658	0.70106	0.61945	8.983E-01	0.090
ampa	tric	iglur	tric	0.23504	0.45409	0.15856	2.124E+00	0.009
ampa	trpa	iglur	ploop	0.50565	0.56047	0.45926	2.258E+00	0.010
ampa	trpc	iglur	ploop	0.66105	0.77135	0.57757	5.842E-01	0.138
ampa	trpm	iglur	ploop	0.5464	0.67991	0.45547	6.404E+00	0.000
ampa	trpml	iglur	ploop	0.67745	0.73091	0.63082	1.149E+00	0.076
ampa	trpn	iglur	ploop	0.6489	0.6997	0.60454	2.971E-01	0.254
ampa	trpp	iglur	ploop	0.69176	0.71678	0.66828	2.794E-01	0.196
ampa	trpv	iglur	ploop	0.69013	0.69806	0.68236	7.025E-01	0.051
ampa	tweety	iglur	tweety	0.24057	0.62171	0.1494		
ampa	vdac	iglur	porin	0.15843	0.26872	0.11212		
ampa	viroporin	iglur	viroporin	0.41637	0.54022	0.33672		
ampa	zac	iglur	cysloop	0.20078	0.43778	0.13148		
ano_channel	ano_scramblase	tmem16_like	tmem16_like	0.901	0.92441	0.87874	4.493E-63	1.000
ano_channel	asic	tmem16_like	deg_enac	0.20821	0.25638	0.17599		
ano_channel	bestrophin	tmem16_like	bestrophin	0.18072	0.24852	0.14266	5.863E+00	0.000
ano_channel	calhm	tmem16_like	calhm	0.20585	0.35091	0.14683	5.097E+00	0.000
ano_channel	catsper	tmem16_like	ploop	0.13364	0.45512	0.07942		
ano_channel	cav	tmem16_like	ploop	0.14886	0.37349	0.09495	5.340E+00	0.000
ano_channel	cftr	tmem16_like	abc_channel	0.23616	0.27789	0.20586	4.661E-01	0.014
ano_channel	clc_channel	tmem16_like	clc	0.25081	0.27303	0.23207	3.863E-01	0.011
ano_channel	clcc1	tmem16_like	mclc	0.15825	0.28203	0.11117		
ano_channel	clic	tmem16_like	clic	0.2328	0.42012	0.16248		
ano_channel	cng	tmem16_like	ploop	0.13379	0.47111	0.07848	9.745E+00	0.000
ano_channel	connexin	tmem16_like	connexin	0.22723	0.41877	0.15759	4.243E-01	0.024
ano_channel	deg_invertebrate	tmem16_like	deg_enac	0.19666	0.21811	0.17925	8.062E+00	0.000
ano_channel	delta_glur	tmem16_like	iglur	0.11305	0.52265	0.06392		
ano_channel	enac	tmem16_like	deg_enac	0.22475	0.27498	0.19063	9.311E+00	0.000
ano_channel	gabaa	tmem16_like	cysloop	0.25128	0.35378	0.19596	3.815E+00	0.000
ano_channel	glyr	tmem16_like	cysloop	0.24752	0.33296	0.19789	2.321E+00	0.007
ano_channel	gphr	tmem16_like	gphr	0.21022	0.27982	0.16938	8.990E-01	0.000
ano_channel	hcn	tmem16_like	ploop	0.12483	0.39961	0.07435	8.895E+00	0.000
ano_channel	ht3	tmem16_like	cysloop	0.23225	0.30449	0.18884	3.849E+00	0.000
ano_channel	hv1	tmem16_like	hv	0.16326	0.4473	0.10132	5.097E+00	0.000
ano_channel	iglur_nonvertebrate	tmem16_like	iglur	0.09801	0.49136	0.05501		
ano_channel	iglur_prok	tmem16_like	iglur	0.14416	0.49272	0.08478	9.311E+00	0.000
ano_channel	innexin	tmem16_like	innexin_like	0.22143	0.38042	0.15738	1.905E+00	0.008
ano_channel	itpr	tmem16_like	ca_release	0.10928	0.52439	0.0612		
ano_channel	k2p	tmem16_like	ploop	0.17652	0.44944	0.11117		
ano_channel	kainate	tmem16_like	iglur	0.16176	0.53822	0.09594	5.839E+00	0.000
ano_channel	kca_sk	tmem16_like	ploop	0.11603	0.46781	0.06721		
ano_channel	kca_slo	tmem16_like	ploop	0.13591	0.45078	0.08092	8.339E+00	0.000
ano_channel	kcsa_prok	tmem16_like	ploop	0.12566	0.44397	0.07376		
ano_channel	kir	tmem16_like	ploop	0.14428	0.45594	0.0865		
ano_channel	kv_eag	tmem16_like	ploop	0.11777	0.38102	0.07044	2.555E+00	0.008
ano_channel	kv_kcnq	tmem16_like	ploop	0.13407	0.47548	0.07916	9.305E+00	0.000
ano_channel	kv_modifier	tmem16_like	ploop	0.13323	0.49239	0.07742		
ano_channel	kv_shaker	tmem16_like	ploop	0.14001	0.49811	0.08195	9.311E+00	0.000
ano_channel	kv_shaker:VSD	tmem16_like	ploop	0.15529	0.43384	0.0961		
ano_channel	lrrc8	tmem16_like	innexin_like	0.21572	0.38177	0.15205	7.110E-01	0.020
ano_channel	mcu	tmem16_like	mcu	0.24106	0.39944	0.17392	4.641E+00	0.000
ano_channel	mitok	tmem16_like	mitok	0.2047	0.36944	0.1426		
ano_channel	mscl	tmem16_like	msc	0.14588	0.39532	0.09101	2.905E+00	0.007
ano_channel	mscs	tmem16_like	msc	0.18494	0.30539	0.13385	5.596E+00	0.000
ano_channel	nachr	tmem16_like	cysloop	0.22751	0.30377	0.18279	3.849E+00	0.000
ano_channel	nalcn	tmem16_like	ploop	0.15363	0.36767	0.09883		
ano_channel	nav	tmem16_like	ploop	0.15717	0.33584	0.10445		
ano_channel	nmda	tmem16_like	iglur	0.10475	0.48908	0.05915	8.213E+00	0.000
ano_channel	orai	tmem16_like	orai	0.21652	0.42803	0.14683	5.596E+00	0.000
ano_channel	osca_tmem63	tmem16_like	tmem16_like	0.44198	0.51437	0.38778	2.549E-03	0.961
ano_channel	otop	tmem16_like	otopetrin	0.23249	0.2937	0.19326	1.817E+00	0.000
ano_channel	p2x	tmem16_like	p2x	0.17365	0.19586	0.15621		
ano_channel	p2x_nonmetazoan	tmem16_like	p2x	0.18431	0.25643	0.14477		
ano_channel	pacc	tmem16_like	pac	0.21338	0.3353	0.15798	8.495E+00	0.000
ano_channel	pannexin	tmem16_like	innexin_like	0.21774	0.39946	0.15128	3.344E+00	0.000
ano_channel	piezo	tmem16_like	piezo	0.1791	0.26337	0.13685	8.895E+00	0.000
ano_channel	plgic_invertebrate	tmem16_like	cysloop	0.25415	0.34764	0.20129		
ano_channel	plgic_prok	tmem16_like	cysloop	0.24903	0.36449	0.19039	9.311E+00	0.000
ano_channel	tmc	tmem16_like	tmem16_like	0.52304	0.57289	0.48132	1.052E-05	1.000
ano_channel	tmco1	tmem16_like	tmco1	0.18526	0.51463	0.11482		
ano_channel	tmem109	tmem16_like	tmem109	0.15029	0.47147	0.08965		
ano_channel	tmem175	tmem16_like	tmem175	0.24453	0.31295	0.20156	3.625E+00	0.000
ano_channel	tmem87	tmem16_like	tmem87	0.23574	0.31996	0.18778		
ano_channel	tpc	tmem16_like	ploop	0.11733	0.4655	0.06733	7.062E+00	0.000
ano_channel	tric	tmem16_like	tric	0.20182	0.34777	0.14357	2.905E+00	0.000
ano_channel	trpa	tmem16_like	ploop	0.13029	0.45145	0.07647	9.311E+00	0.000
ano_channel	trpc	tmem16_like	ploop	0.14633	0.51805	0.08577	7.322E+00	0.000
ano_channel	trpm	tmem16_like	ploop	0.13679	0.39929	0.08311	3.504E+00	0.000
ano_channel	trpml	tmem16_like	ploop	0.12318	0.44885	0.07217	8.113E+00	0.000
ano_channel	trpn	tmem16_like	ploop	0.133	0.50218	0.07686		
ano_channel	trpp	tmem16_like	ploop	0.10286	0.37882	0.06001	6.671E+00	0.000
ano_channel	trpv	tmem16_like	ploop	0.12127	0.51154	0.06875		
ano_channel	tweety	tmem16_like	tweety	0.24301	0.31086	0.20047	3.686E-01	0.008
ano_channel	vdac	tmem16_like	porin	0.16096	0.25095	0.11954		
ano_channel	viroporin	tmem16_like	viroporin	0.09392	0.65092	0.05053		
ano_channel	zac	tmem16_like	cysloop	0.24336	0.37347	0.18179		
ano_scramblase	asic	tmem16_like	deg_enac	0.21604	0.27356	0.17936		
ano_scramblase	bestrophin	tmem16_like	bestrophin	0.20664	0.29	0.1614		
ano_scramblase	calhm	tmem16_like	calhm	0.20601	0.36054	0.14617	3.160E+00	0.000
ano_scramblase	catsper	tmem16_like	ploop	0.1199	0.39003	0.07188		
ano_scramblase	cav	tmem16_like	ploop	0.1392	0.38394	0.08627		
ano_scramblase	cftr	tmem16_like	abc_channel	0.22991	0.2669	0.20226	4.000E-01	0.024
ano_scramblase	clc_channel	tmem16_like	clc	0.2102	0.23403	0.19097	2.640E+00	0.000
ano_scramblase	clcc1	tmem16_like	mclc	0.17481	0.31631	0.12225	7.754E+00	0.000
ano_scramblase	clic	tmem16_like	clic	0.1944	0.35564	0.13516		
ano_scramblase	cng	tmem16_like	ploop	0.13817	0.49547	0.0809		
ano_scramblase	connexin	tmem16_like	connexin	0.21567	0.38768	0.15133	2.524E+00	0.011
ano_scramblase	deg_invertebrate	tmem16_like	deg_enac	0.18788	0.21275	0.16848	9.215E+00	0.000
ano_scramblase	delta_glur	tmem16_like	iglur	0.10872	0.4893	0.06123		
ano_scramblase	enac	tmem16_like	deg_enac	0.21829	0.27238	0.18278	7.727E+00	0.000
ano_scramblase	gabaa	tmem16_like	cysloop	0.24624	0.35483	0.18975	5.103E+00	0.000
ano_scramblase	glyr	tmem16_like	cysloop	0.23642	0.3258	0.18668		
ano_scramblase	gphr	tmem16_like	gphr	0.20585	0.28147	0.1632	5.478E-01	0.011
ano_scramblase	hcn	tmem16_like	ploop	0.12836	0.4029	0.07794	8.820E+00	0.000
ano_scramblase	ht3	tmem16_like	cysloop	0.23712	0.32027	0.18953		
ano_scramblase	hv1	tmem16_like	hv	0.14022	0.44586	0.08457		
ano_scramblase	iglur_nonvertebrate	tmem16_like	iglur	0.10124	0.48721	0.05653		
ano_scramblase	iglur_prok	tmem16_like	iglur	0.14626	0.47167	0.08761		
ano_scramblase	innexin	tmem16_like	innexin_like	0.2162	0.38379	0.15176	9.766E+00	0.000
ano_scramblase	itpr	tmem16_like	ca_release	0.11104	0.49692	0.06264		
ano_scramblase	k2p	tmem16_like	ploop	0.15086	0.40244	0.09478		
ano_scramblase	kainate	tmem16_like	iglur	0.15458	0.53944	0.09083	5.839E+00	0.000
ano_scramblase	kca_sk	tmem16_like	ploop	0.11239	0.43214	0.06541	8.077E+00	0.000
ano_scramblase	kca_slo	tmem16_like	ploop	0.12656	0.42239	0.07529		
ano_scramblase	kcsa_prok	tmem16_like	ploop	0.1099	0.42719	0.06409	5.445E+00	0.000
ano_scramblase	kir	tmem16_like	ploop	0.13993	0.46749	0.08303		
ano_scramblase	kv_eag	tmem16_like	ploop	0.1217	0.48604	0.0699	2.288E+00	0.008
ano_scramblase	kv_kcnq	tmem16_like	ploop	0.12757	0.47176	0.07441		
ano_scramblase	kv_modifier	tmem16_like	ploop	0.12629	0.49413	0.07275	7.547E+00	0.000
ano_scramblase	kv_shaker	tmem16_like	ploop	0.1354	0.4936	0.07892	9.614E+00	0.000
ano_scramblase	kv_shaker:VSD	tmem16_like	ploop	0.15218	0.47763	0.09192	9.627E+00	0.000
ano_scramblase	lrrc8	tmem16_like	innexin_like	0.21357	0.39214	0.14814		
ano_scramblase	mcu	tmem16_like	mcu	0.24002	0.40719	0.17173		
ano_scramblase	mitok	tmem16_like	mitok	0.2069	0.38419	0.14293	7.071E+00	0.009
ano_scramblase	mscl	tmem16_like	msc	0.14147	0.39379	0.08745		
ano_scramblase	mscs	tmem16_like	msc	0.16852	0.27761	0.1223	6.187E+00	0.000
ano_scramblase	nachr	tmem16_like	cysloop	0.22199	0.30464	0.17566		
ano_scramblase	nalcn	tmem16_like	ploop	0.15242	0.37419	0.09744		
ano_scramblase	nav	tmem16_like	ploop	0.16214	0.37789	0.10554		
ano_scramblase	nmda	tmem16_like	iglur	0.10706	0.50914	0.05982		
ano_scramblase	orai	tmem16_like	orai	0.20169	0.40458	0.13636		
ano_scramblase	osca_tmem63	tmem16_like	tmem16_like	0.44206	0.52812	0.38059	7.409E-04	0.993
ano_scramblase	otop	tmem16_like	otopetrin	0.22787	0.29444	0.1869	1.346E+00	0.000
ano_scramblase	p2x	tmem16_like	p2x	0.1879	0.2176	0.1657		
ano_scramblase	p2x_nonmetazoan	tmem16_like	p2x	0.19114	0.27148	0.14864		
ano_scramblase	pacc	tmem16_like	pac	0.18053	0.28417	0.13358	8.519E+00	0.000
ano_scramblase	pannexin	tmem16_like	innexin_like	0.21922	0.41247	0.151		
ano_scramblase	piezo	tmem16_like	piezo	0.17197	0.24822	0.13267		
ano_scramblase	plgic_invertebrate	tmem16_like	cysloop	0.24235	0.33889	0.1899	3.446E+00	0.007
ano_scramblase	plgic_prok	tmem16_like	cysloop	0.23082	0.34746	0.1743	2.753E+00	0.008
ano_scramblase	tmc	tmem16_like	tmem16_like	0.50385	0.56566	0.45447	6.257E-05	1.000
ano_scramblase	tmco1	tmem16_like	tmco1	0.17701	0.49115	0.10979		
ano_scramblase	tmem109	tmem16_like	tmem109	0.15478	0.4176	0.09648		
ano_scramblase	tmem175	tmem16_like	tmem175	0.23941	0.31359	0.19464		
ano_scramblase	tmem87	tmem16_like	tmem87	0.23533	0.33462	0.18268		
ano_scramblase	tpc	tmem16_like	ploop	0.11174	0.46207	0.06383		
ano_scramblase	tric	tmem16_like	tric	0.17232	0.30452	0.12157	4.136E+00	0.000
ano_scramblase	trpa	tmem16_like	ploop	0.12592	0.44331	0.07393		
ano_scramblase	trpc	tmem16_like	ploop	0.14227	0.51805	0.08339		
ano_scramblase	trpm	tmem16_like	ploop	0.13469	0.36452	0.08388	8.820E+00	0.000
ano_scramblase	trpml	tmem16_like	ploop	0.12012	0.47789	0.06983		
ano_scramblase	trpn	tmem16_like	ploop	0.11497	0.46794	0.06643		
ano_scramblase	trpp	tmem16_like	ploop	0.1038	0.41863	0.06038		
ano_scramblase	trpv	tmem16_like	ploop	0.12108	0.53504	0.06814		
ano_scramblase	tweety	tmem16_like	tweety	0.21922	0.29343	0.17571	3.021E+00	0.000
ano_scramblase	vdac	tmem16_like	porin	0.1891	0.30326	0.13874		
ano_scramblase	viroporin	tmem16_like	viroporin	0.07922	0.70095	0.04212		
ano_scramblase	zac	tmem16_like	cysloop	0.24494	0.38831	0.18036		
asic	bestrophin	deg_enac	bestrophin	0.21522	0.22834	0.20355		
asic	calhm	deg_enac	calhm	0.18595	0.23346	0.15514		
asic	catsper	deg_enac	ploop	0.18766	0.41292	0.12303		
asic	cav	deg_enac	ploop	0.21698	0.37701	0.15385		
asic	cftr	deg_enac	abc_channel	0.18539	0.27784	0.14048		
asic	clc_channel	deg_enac	clc	0.20965	0.23599	0.18883		
asic	clcc1	deg_enac	mclc	0.17146	0.22289	0.1398		
asic	clic	deg_enac	clic	0.2166	0.28231	0.17642	7.351E+00	0.000
asic	cng	deg_enac	ploop	0.15878	0.3653	0.1023		
asic	connexin	deg_enac	connexin	0.22443	0.29864	0.18093	5.222E+00	0.000
asic	deg_invertebrate	deg_enac	deg_enac	0.71501	0.80587	0.64283	6.719E-37	1.000
asic	delta_glur	deg_enac	iglur	0.15091	0.49353	0.0891		
asic	enac	deg_enac	deg_enac	0.71755	0.72706	0.70827	2.737E-30	1.000
asic	gabaa	deg_enac	cysloop	0.21392	0.23444	0.19698		
asic	glyr	deg_enac	cysloop	0.21297	0.22538	0.202		
asic	gphr	deg_enac	gphr	0.18681	0.19701	0.17772		
asic	hcn	deg_enac	ploop	0.15934	0.36485	0.10265	8.708E+00	0.000
asic	ht3	deg_enac	cysloop	0.24345	0.25524	0.23275		
asic	hv1	deg_enac	hv	0.17051	0.3231	0.11667		
asic	iglur_nonvertebrate	deg_enac	iglur	0.13051	0.46016	0.07608		
asic	iglur_prok	deg_enac	iglur	0.15628	0.35296	0.10166		
asic	innexin	deg_enac	innexin_like	0.24577	0.31892	0.20038		
asic	itpr	deg_enac	ca_release	0.11552	0.40164	0.06759		
asic	k2p	deg_enac	ploop	0.17214	0.29021	0.12366		
asic	kainate	deg_enac	iglur	0.19236	0.38232	0.13013		
asic	kca_sk	deg_enac	ploop	0.14664	0.42733	0.08868		
asic	kca_slo	deg_enac	ploop	0.17781	0.41339	0.11423		
asic	kcsa_prok	deg_enac	ploop	0.14659	0.41712	0.08906		
asic	kir	deg_enac	ploop	0.17893	0.40975	0.11527		
asic	kv_eag	deg_enac	ploop	0.15109	0.35844	0.09639		
asic	kv_kcnq	deg_enac	ploop	0.18217	0.40278	0.11937		
asic	kv_modifier	deg_enac	ploop	0.15617	0.41929	0.09609		
asic	kv_shaker	deg_enac	ploop	0.16241	0.41253	0.10126		
asic	kv_shaker:VSD	deg_enac	ploop	0.18609	0.34317	0.12892		
asic	lrrc8	deg_enac	innexin_like	0.21611	0.28127	0.17619	5.222E+00	0.008
asic	mcu	deg_enac	mcu	0.20807	0.2609	0.17352		
asic	mitok	deg_enac	mitok	0.21007	0.28403	0.1672		
asic	mscl	deg_enac	msc	0.1562	0.31982	0.10418		
asic	mscs	deg_enac	msc	0.25002	0.30734	0.21122	5.222E+00	0.000
asic	nachr	deg_enac	cysloop	0.20714	0.21818	0.19726		
asic	nalcn	deg_enac	ploop	0.22892	0.36015	0.16899		
asic	nav	deg_enac	ploop	0.21757	0.3518	0.15877		
asic	nmda	deg_enac	iglur	0.13706	0.43657	0.08153	8.708E+00	0.000
asic	orai	deg_enac	orai	0.22846	0.33807	0.17397		
asic	osca_tmem63	deg_enac	tmem16_like	0.21297	0.22878	0.1994	5.222E+00	0.000
asic	otop	deg_enac	otopetrin	0.2198	0.2241	0.21567	8.231E+00	0.000
asic	p2x	deg_enac	p2x	0.25482	0.27592	0.23684	2.221E-01	0.009
asic	p2x_nonmetazoan	deg_enac	p2x	0.31978	0.351	0.2939	3.725E-01	0.011
asic	pacc	deg_enac	pac	0.54067	0.67179	0.45298	1.720E-07	1.000
asic	pannexin	deg_enac	innexin_like	0.21795	0.28936	0.17579		
asic	piezo	deg_enac	piezo	0.12059	0.23861	0.08189		
asic	plgic_invertebrate	deg_enac	cysloop	0.24442	0.26395	0.22773	8.708E+00	0.000
asic	plgic_prok	deg_enac	cysloop	0.22364	0.25719	0.19825		
asic	tmc	deg_enac	tmem16_like	0.21191	0.24108	0.18931		
asic	tmco1	deg_enac	tmco1	0.17651	0.33251	0.12177		
asic	tmem109	deg_enac	tmem109	0.16328	0.33736	0.10934		
asic	tmem175	deg_enac	tmem175	0.23061	0.23669	0.22487		
asic	tmem87	deg_enac	tmem87	0.23019	0.246	0.21638	5.222E+00	0.000
asic	tpc	deg_enac	ploop	0.16977	0.35657	0.11228		
asic	tric	deg_enac	tric	0.21861	0.27731	0.18121		
asic	trpa	deg_enac	ploop	0.15964	0.32215	0.10737		
asic	trpc	deg_enac	ploop	0.16919	0.40205	0.108		
asic	trpm	deg_enac	ploop	0.1688	0.34494	0.11243		
asic	trpml	deg_enac	ploop	0.17385	0.3579	0.11553		
asic	trpn	deg_enac	ploop	0.15695	0.42609	0.09677		
asic	trpp	deg_enac	ploop	0.14553	0.36136	0.09209		
asic	trpv	deg_enac	ploop	0.13914	0.4344	0.08327		
asic	tweety	deg_enac	tweety	0.27446	0.28272	0.26669		
asic	vdac	deg_enac	porin	0.21523	0.25419	0.18712		
asic	viroporin	deg_enac	viroporin	0.14657	0.67921	0.08275		
asic	zac	deg_enac	cysloop	0.21569	0.25134	0.18933		
bestrophin	calhm	bestrophin	calhm	0.22915	0.27299	0.19779	5.301E+00	0.000
bestrophin	catsper	bestrophin	ploop	0.27049	0.56212	0.17832		
bestrophin	cav	bestrophin	ploop	0.21756	0.38766	0.15197	8.941E+00	0.000
bestrophin	cftr	bestrophin	abc_channel	0.20498	0.33644	0.14884	3.415E+00	0.000
bestrophin	clc_channel	bestrophin	clc	0.20198	0.24185	0.17398	7.854E+00	0.000
bestrophin	clcc1	bestrophin	mclc	0.19831	0.23701	0.17079	5.073E+00	0.000
bestrophin	clic	bestrophin	clic	0.26252	0.3237	0.22134	6.893E+00	0.000
bestrophin	cng	bestrophin	ploop	0.26079	0.4855	0.17864		
bestrophin	connexin	bestrophin	connexin	0.30974	0.38313	0.26083	3.415E+00	0.000
bestrophin	deg_invertebrate	bestrophin	deg_enac	0.22014	0.2588	0.19191		
bestrophin	delta_glur	bestrophin	iglur	0.23669	0.57003	0.14907		
bestrophin	enac	bestrophin	deg_enac	0.21996	0.23617	0.20595	9.742E+00	0.000
bestrophin	gabaa	bestrophin	cysloop	0.28134	0.29079	0.27256		
bestrophin	glyr	bestrophin	cysloop	0.28305	0.28365	0.28244	4.447E+00	0.000
bestrophin	gphr	bestrophin	gphr	0.22027	0.2218	0.21877	2.536E-01	0.029
bestrophin	hcn	bestrophin	ploop	0.25656	0.49609	0.17465		
bestrophin	ht3	bestrophin	cysloop	0.27273	0.27772	0.26795	9.334E+00	0.000
bestrophin	hv1	bestrophin	hv	0.25156	0.50979	0.16782		
bestrophin	iglur_nonvertebrate	bestrophin	iglur	0.18572	0.50011	0.11325		
bestrophin	iglur_prok	bestrophin	iglur	0.23886	0.47688	0.16064	3.897E+00	0.007
bestrophin	innexin	bestrophin	innexin_like	0.29023	0.34157	0.25276	8.360E+00	0.000
bestrophin	itpr	bestrophin	ca_release	0.22167	0.58146	0.13779		
bestrophin	k2p	bestrophin	ploop	0.19994	0.34623	0.14114	7.854E+00	0.000
bestrophin	kainate	bestrophin	iglur	0.28326	0.54575	0.19181		
bestrophin	kca_sk	bestrophin	ploop	0.26165	0.56785	0.17036		
bestrophin	kca_slo	bestrophin	ploop	0.25674	0.50677	0.17246		
bestrophin	kcsa_prok	bestrophin	ploop	0.26664	0.58529	0.17267		
bestrophin	kir	bestrophin	ploop	0.25592	0.49425	0.17339		
bestrophin	kv_eag	bestrophin	ploop	0.2468	0.4882	0.16571	7.245E+00	0.000
bestrophin	kv_kcnq	bestrophin	ploop	0.26469	0.54565	0.17527	8.391E+00	0.000
bestrophin	kv_modifier	bestrophin	ploop	0.27342	0.57475	0.18046	9.334E+00	0.000
bestrophin	kv_shaker	bestrophin	ploop	0.27253	0.54657	0.1827		
bestrophin	kv_shaker:VSD	bestrophin	ploop	0.2501	0.46158	0.17266		
bestrophin	lrrc8	bestrophin	innexin_like	0.32529	0.39761	0.27608	3.127E+00	0.008
bestrophin	mcu	bestrophin	mcu	0.23195	0.27209	0.2024	4.855E+00	0.000
bestrophin	mitok	bestrophin	mitok	0.27515	0.33888	0.232	4.447E+00	0.000
bestrophin	mscl	bestrophin	msc	0.24614	0.41318	0.17709		
bestrophin	mscs	bestrophin	msc	0.23861	0.27276	0.21246		
bestrophin	nachr	bestrophin	cysloop	0.28633	0.28911	0.28358	6.046E+00	0.000
bestrophin	nalcn	bestrophin	ploop	0.26907	0.42161	0.1988		
bestrophin	nav	bestrophin	ploop	0.26434	0.41895	0.19413		
bestrophin	nmda	bestrophin	iglur	0.23299	0.53395	0.14836		
bestrophin	orai	bestrophin	orai	0.25522	0.34831	0.20199		
bestrophin	osca_tmem63	bestrophin	tmem16_like	0.20689	0.23824	0.18308	3.127E+00	0.007
bestrophin	otop	bestrophin	otopetrin	0.26686	0.27833	0.25632	2.992E+00	0.000
bestrophin	p2x	bestrophin	p2x	0.16986	0.19612	0.15015		
bestrophin	p2x_nonmetazoan	bestrophin	p2x	0.22064	0.22665	0.21487		
bestrophin	pacc	bestrophin	pac	0.27052	0.30353	0.24427		
bestrophin	pannexin	bestrophin	innexin_like	0.30503	0.37677	0.25708	9.742E+00	0.000
bestrophin	piezo	bestrophin	piezo	0.14016	0.31819	0.09134		
bestrophin	plgic_invertebrate	bestrophin	cysloop	0.26484	0.2678	0.26192	7.200E+00	0.000
bestrophin	plgic_prok	bestrophin	cysloop	0.2701	0.29035	0.25255		
bestrophin	tmc	bestrophin	tmem16_like	0.21999	0.2689	0.18682	1.479E+00	0.000
bestrophin	tmco1	bestrophin	tmco1	0.26544	0.47339	0.18529	9.334E+00	0.000
bestrophin	tmem109	bestrophin	tmem109	0.23674	0.40733	0.16809		
bestrophin	tmem175	bestrophin	tmem175	0.25583	0.26561	0.24685		
bestrophin	tmem87	bestrophin	tmem87	0.27968	0.28231	0.27711	2.401E+00	0.000
bestrophin	tpc	bestrophin	ploop	0.27281	0.60001	0.17682		
bestrophin	tric	bestrophin	tric	0.26642	0.32573	0.22587	5.787E+00	0.000
bestrophin	trpa	bestrophin	ploop	0.28362	0.56698	0.18916		
bestrophin	trpc	bestrophin	ploop	0.29296	0.59438	0.19576		
bestrophin	trpm	bestrophin	ploop	0.23852	0.39159	0.17285		
bestrophin	trpml	bestrophin	ploop	0.2838	0.6269	0.184	6.893E+00	0.000
bestrophin	trpn	bestrophin	ploop	0.25787	0.54644	0.16922	8.564E+00	0.000
bestrophin	trpp	bestrophin	ploop	0.25465	0.59223	0.1627	8.202E+00	0.000
bestrophin	trpv	bestrophin	ploop	0.20397	0.50801	0.1277	9.655E+00	0.000
bestrophin	tweety	bestrophin	tweety	0.41129	0.42593	0.39764	2.536E-01	0.034
bestrophin	vdac	bestrophin	porin	0.19423	0.21701	0.17596		
bestrophin	viroporin	bestrophin	viroporin	0.15468	0.61101	0.09006		
bestrophin	zac	bestrophin	cysloop	0.27697	0.30485	0.2539		
calhm	catsper	calhm	ploop	0.23633	0.38297	0.17181	4.913E+00	0.000
calhm	cav	calhm	ploop	0.25341	0.34132	0.20217		
calhm	cftr	calhm	abc_channel	0.18719	0.39701	0.12434	5.146E+00	0.000
calhm	clc_channel	calhm	clc	0.24011	0.35515	0.18297	3.551E+00	0.000
calhm	clcc1	calhm	mclc	0.24657	0.25274	0.24071		
calhm	clic	calhm	clic	0.23641	0.24312	0.23007	1.853E+00	0.000
calhm	cng	calhm	ploop	0.26691	0.4056	0.19967	8.932E+00	0.000
calhm	connexin	calhm	connexin	0.31943	0.33494	0.30536	3.089E+00	0.014
calhm	deg_invertebrate	calhm	deg_enac	0.22	0.31637	0.16962	8.535E+00	0.000
calhm	delta_glur	calhm	iglur	0.23514	0.48547	0.15524		
calhm	enac	calhm	deg_enac	0.2246	0.28771	0.18492		
calhm	gabaa	calhm	cysloop	0.27755	0.31648	0.24737		
calhm	glyr	calhm	cysloop	0.28985	0.34563	0.24985	2.815E+00	0.008
calhm	gphr	calhm	gphr	0.22446	0.26674	0.19403		
calhm	hcn	calhm	ploop	0.25724	0.40932	0.18848	7.442E+00	0.000
calhm	ht3	calhm	cysloop	0.28241	0.3447	0.2397	2.338E+00	0.007
calhm	hv1	calhm	hv	0.24996	0.40661	0.18109		
calhm	iglur_nonvertebrate	calhm	iglur	0.22409	0.47932	0.14629		
calhm	iglur_prok	calhm	iglur	0.2536	0.36131	0.19491	1.278E+00	0.010
calhm	innexin	calhm	innexin_like	0.31407	0.3174	0.31081	2.449E+00	0.009
calhm	itpr	calhm	ca_release	0.25463	0.51577	0.16907		
calhm	k2p	calhm	ploop	0.20975	0.28994	0.16472		
calhm	kainate	calhm	iglur	0.2445	0.38805	0.17966	2.338E+00	0.010
calhm	kca_sk	calhm	ploop	0.25649	0.4198	0.18388	2.232E+00	0.014
calhm	kca_slo	calhm	ploop	0.27543	0.44126	0.20082	1.769E+00	0.016
calhm	kcsa_prok	calhm	ploop	0.25358	0.42449	0.18258	1.164E+00	0.024
calhm	kir	calhm	ploop	0.28877	0.42482	0.21849	3.236E+00	0.007
calhm	kv_eag	calhm	ploop	0.2741	0.42157	0.20304	4.082E+00	0.000
calhm	kv_kcnq	calhm	ploop	0.25891	0.40523	0.19011	2.449E+00	0.016
calhm	kv_modifier	calhm	ploop	0.28085	0.46011	0.20201	7.108E+00	0.000
calhm	kv_shaker	calhm	ploop	0.28849	0.4618	0.20977	3.089E+00	0.000
calhm	kv_shaker:VSD	calhm	ploop	0.25265	0.3656	0.19371	2.449E+00	0.007
calhm	lrrc8	calhm	innexin_like	0.365	0.37774	0.35315	8.932E+00	0.000
calhm	mcu	calhm	mcu	0.26231	0.2675	0.2574		
calhm	mitok	calhm	mitok	0.26487	0.27127	0.2587	1.164E+00	0.011
calhm	mscl	calhm	msc	0.24664	0.34507	0.19315		
calhm	mscs	calhm	msc	0.27513	0.28315	0.26764	7.790E+00	0.000
calhm	nachr	calhm	cysloop	0.28157	0.3395	0.24102	4.913E+00	0.000
calhm	nalcn	calhm	ploop	0.2643	0.32799	0.2214		
calhm	nav	calhm	ploop	0.25714	0.32087	0.21474		
calhm	nmda	calhm	iglur	0.23756	0.47559	0.15796		
calhm	orai	calhm	orai	0.33051	0.37286	0.29689	3.390E+00	0.000
calhm	osca_tmem63	calhm	tmem16_like	0.22291	0.31177	0.17452	3.897E+00	0.000
calhm	otop	calhm	otopetrin	0.24767	0.31287	0.20534	6.055E+00	0.000
calhm	p2x	calhm	p2x	0.19513	0.27971	0.15088		
calhm	p2x_nonmetazoan	calhm	p2x	0.21236	0.24292	0.18899		
calhm	pacc	calhm	pac	0.21797	0.22926	0.20775		
calhm	pannexin	calhm	innexin_like	0.29657	0.31019	0.28422	5.146E+00	0.000
calhm	piezo	calhm	piezo	0.12646	0.35686	0.0783		
calhm	plgic_invertebrate	calhm	cysloop	0.26813	0.31399	0.23445	6.788E+00	0.000
calhm	plgic_prok	calhm	cysloop	0.26779	0.2939	0.24618		
calhm	tmc	calhm	tmem16_like	0.23508	0.35697	0.17619	2.815E+00	0.000
calhm	tmco1	calhm	tmco1	0.32888	0.45947	0.25662		
calhm	tmem109	calhm	tmem109	0.2817	0.38721	0.22188		
calhm	tmem175	calhm	tmem175	0.29036	0.35651	0.24556	3.816E-01	0.020
calhm	tmem87	calhm	tmem87	0.2403	0.28323	0.20893	4.596E-01	0.034
calhm	tpc	calhm	ploop	0.24271	0.4227	0.17146	3.089E+00	0.007
calhm	tric	calhm	tric	0.26807	0.27461	0.26183	7.108E+00	0.000
calhm	trpa	calhm	ploop	0.23863	0.37093	0.17685	7.790E+00	0.000
calhm	trpc	calhm	ploop	0.28806	0.43441	0.21537	7.442E+00	0.000
calhm	trpm	calhm	ploop	0.27292	0.38337	0.21275	6.191E+00	0.000
calhm	trpml	calhm	ploop	0.24116	0.38045	0.17611		
calhm	trpn	calhm	ploop	0.2739	0.45557	0.19609	8.155E+00	0.000
calhm	trpp	calhm	ploop	0.22165	0.37289	0.15698	9.346E+00	0.000
calhm	trpv	calhm	ploop	0.2429	0.44868	0.16573		
calhm	tweety	calhm	tweety	0.31023	0.37802	0.26369	3.236E+00	0.000
calhm	vdac	calhm	porin	0.16954	0.17696	0.16266		
calhm	viroporin	calhm	viroporin	0.23242	0.69821	0.13981		
calhm	zac	calhm	cysloop	0.25268	0.26873	0.23846	6.483E+00	0.000
catsper	cav	ploop	ploop	0.64046	0.73644	0.5661	1.558E-01	0.382
catsper	cftr	ploop	abc_channel	0.11054	0.48169	0.06345		
catsper	clc_channel	ploop	clc	0.16588	0.49107	0.1015	5.234E+00	0.000
catsper	clcc1	ploop	mclc	0.2297	0.36488	0.16803	6.092E+00	0.000
catsper	clic	ploop	clic	0.2936	0.43215	0.22174	7.913E+00	0.000
catsper	cng	ploop	ploop	0.68277	0.72849	0.64226	8.894E+00	0.000
catsper	connexin	ploop	connexin	0.34792	0.51507	0.26235	6.643E+00	0.000
catsper	deg_invertebrate	ploop	deg_enac	0.17212	0.50385	0.10499		
catsper	delta_glur	ploop	iglur	0.58989	0.64877	0.53994	2.721E+00	0.011
catsper	enac	ploop	deg_enac	0.15709	0.3863	0.09912		
catsper	gabaa	ploop	cysloop	0.20517	0.40143	0.13888	5.893E+00	0.000
catsper	glyr	ploop	cysloop	0.20653	0.43227	0.13598	2.455E+00	0.008
catsper	gphr	ploop	gphr	0.23567	0.5005	0.15576	3.453E+00	0.000
catsper	hcn	ploop	ploop	0.6649	0.69277	0.63908	7.913E+00	0.000
catsper	ht3	ploop	cysloop	0.20473	0.45306	0.13212		
catsper	hv1	ploop	hv	0.38709	0.40526	0.37046	5.234E+00	0.000
catsper	iglur_nonvertebrate	ploop	iglur	0.50377	0.56596	0.45268	4.127E+00	0.000
catsper	iglur_prok	ploop	iglur	0.65676	0.67688	0.63781	4.291E-01	0.196
catsper	innexin	ploop	innexin_like	0.348	0.56704	0.25186		
catsper	itpr	ploop	ca_release	0.58308	0.6634	0.51892	3.664E+00	0.000
catsper	k2p	ploop	ploop	0.39394	0.46095	0.34397	1.297E+00	0.034
catsper	kainate	ploop	iglur	0.58941	0.61243	0.56794	5.131E-01	0.069
catsper	kca_sk	ploop	ploop	0.63497	0.65846	0.61289	1.113E+00	0.063
catsper	kca_slo	ploop	ploop	0.62921	0.63708	0.62153	3.589E-01	0.179
catsper	kcsa_prok	ploop	ploop	0.59876	0.61306	0.58505	1.254E+00	0.051
catsper	kir	ploop	ploop	0.6702	0.70144	0.64146	4.380E+00	0.008
catsper	kv_eag	ploop	ploop	0.66797	0.70048	0.63826	6.633E+00	0.000
catsper	kv_kcnq	ploop	ploop	0.60776	0.60776	0.60776	9.311E-01	0.090
catsper	kv_modifier	ploop	ploop	0.67447	0.68289	0.66624	4.554E-01	0.138
catsper	kv_shaker	ploop	ploop	0.66605	0.67159	0.66059	4.834E-01	0.126
catsper	kv_shaker:VSD	ploop	ploop	0.35517	0.37793	0.33488	2.415E+00	0.007
catsper	lrrc8	ploop	innexin_like	0.31491	0.47312	0.23648	6.815E+00	0.000
catsper	mcu	ploop	mcu	0.22467	0.37455	0.16122		
catsper	mitok	ploop	mitok	0.26996	0.43107	0.19719		
catsper	mscl	ploop	msc	0.3088	0.34822	0.27726		
catsper	mscs	ploop	msc	0.25571	0.4198	0.18437	8.598E+00	0.000
catsper	nachr	ploop	cysloop	0.20245	0.43571	0.13206		
catsper	nalcn	ploop	ploop	0.61698	0.77705	0.51082	2.664E-01	0.233
catsper	nav	ploop	ploop	0.63414	0.79922	0.525	9.114E-02	0.923
catsper	nmda	ploop	iglur	0.5463	0.59871	0.50163	4.648E+00	0.008
catsper	orai	ploop	orai	0.31682	0.44188	0.24702		
catsper	osca_tmem63	ploop	tmem16_like	0.17496	0.48195	0.1074	8.390E+00	0.000
catsper	otop	ploop	otopetrin	0.22217	0.46476	0.14772		
catsper	p2x	ploop	p2x	0.14356	0.3473	0.09155		
catsper	p2x_nonmetazoan	ploop	p2x	0.20935	0.42135	0.13925		
catsper	pacc	ploop	pac	0.22247	0.36088	0.16116		
catsper	pannexin	ploop	innexin_like	0.37426	0.55851	0.28162	7.913E+00	0.000
catsper	piezo	ploop	piezo	0.08253	0.54436	0.04512		
catsper	plgic_invertebrate	ploop	cysloop	0.21125	0.43543	0.1397	7.913E+00	0.000
catsper	plgic_prok	ploop	cysloop	0.2378	0.44939	0.16165	8.390E+00	0.000
catsper	tmc	ploop	tmem16_like	0.14927	0.44737	0.09054	6.315E+00	0.000
catsper	tmco1	ploop	tmco1	0.39292	0.42926	0.3619	2.276E+00	0.000
catsper	tmem109	ploop	tmem109	0.30532	0.34563	0.27338		
catsper	tmem175	ploop	tmem175	0.23611	0.50939	0.15621	9.804E+00	0.000
catsper	tmem87	ploop	tmem87	0.19533	0.39185	0.1304		
catsper	tpc	ploop	ploop	0.736	0.75592	0.71703	4.112E-03	1.000
catsper	tric	ploop	tric	0.25497	0.43047	0.18159	6.633E+00	0.000
catsper	trpa	ploop	ploop	0.67435	0.69541	0.6544	2.828E-01	0.473
catsper	trpc	ploop	ploop	0.68906	0.72055	0.66004	2.099E-01	0.473
catsper	trpm	ploop	ploop	0.57876	0.64293	0.52556	4.380E+00	0.008
catsper	trpml	ploop	ploop	0.7306	0.7444	0.71728	2.457E-02	0.855
catsper	trpn	ploop	ploop	0.60815	0.61853	0.59809	1.413E+00	0.076
catsper	trpp	ploop	ploop	0.69053	0.73009	0.65476	1.132E-02	0.986
catsper	trpv	ploop	ploop	0.5904	0.63252	0.55254	1.863E-01	0.569
catsper	tweety	ploop	tweety	0.25284	0.52427	0.16765	9.366E+00	0.000
catsper	vdac	ploop	porin	0.1667	0.26532	0.12251		
catsper	viroporin	ploop	viroporin	0.37056	0.51603	0.28329		
catsper	zac	ploop	cysloop	0.2456	0.45218	0.16948	3.664E+00	0.000
cav	cftr	ploop	abc_channel	0.10327	0.39316	0.0598		
cav	clc_channel	ploop	clc	0.17112	0.39444	0.11115		
cav	clcc1	ploop	mclc	0.23463	0.31125	0.18858	8.875E+00	0.000
cav	clic	ploop	clic	0.30923	0.402	0.25204	7.887E+00	0.000
cav	cng	ploop	ploop	0.55482	0.59535	0.51942	1.228E+00	0.029
cav	connexin	ploop	connexin	0.39287	0.50854	0.32062	7.004E+00	0.000
cav	deg_invertebrate	ploop	deg_enac	0.15798	0.33215	0.10523		
cav	delta_glur	ploop	iglur	0.54789	0.71697	0.44191	1.562E+00	0.016
cav	enac	ploop	deg_enac	0.16962	0.30438	0.11876		
cav	gabaa	ploop	cysloop	0.21929	0.34886	0.16091	7.887E+00	0.000
cav	glyr	ploop	cysloop	0.18641	0.29733	0.13652		
cav	gphr	ploop	gphr	0.23759	0.39257	0.17175	6.599E+00	0.000
cav	hcn	ploop	ploop	0.52855	0.57476	0.48901	1.762E+00	0.020
cav	ht3	ploop	cysloop	0.20308	0.34688	0.14474	4.341E+00	0.000
cav	hv1	ploop	hv	0.34329	0.37455	0.3169		
cav	iglur_nonvertebrate	ploop	iglur	0.50664	0.67309	0.40329	7.887E+00	0.000
cav	iglur_prok	ploop	iglur	0.56779	0.6314	0.51573	1.471E+00	0.024
cav	innexin	ploop	innexin_like	0.33074	0.44205	0.26506		
cav	itpr	ploop	ca_release	0.45789	0.59421	0.36995	3.027E+00	0.000
cav	k2p	ploop	ploop	0.36396	0.36937	0.35871	2.380E+00	0.016
cav	kainate	ploop	iglur	0.50512	0.54667	0.46937	4.088E+00	0.010
cav	kca_sk	ploop	ploop	0.48801	0.57069	0.42534	6.337E-01	0.057
cav	kca_slo	ploop	ploop	0.48206	0.53284	0.43977	1.762E+00	0.020
cav	kcsa_prok	ploop	ploop	0.47335	0.53811	0.42105	2.279E-01	0.326
cav	kir	ploop	ploop	0.59516	0.65145	0.54788	4.982E-01	0.069
cav	kv_eag	ploop	ploop	0.56259	0.61409	0.51903	8.196E-02	0.196
cav	kv_kcnq	ploop	ploop	0.52953	0.59349	0.47733	5.967E-01	0.063
cav	kv_modifier	ploop	ploop	0.54532	0.6277	0.48149	9.655E-01	0.045
cav	kv_shaker	ploop	ploop	0.52674	0.58933	0.47559	1.089E+00	0.029
cav	kv_shaker:VSD	ploop	ploop	0.32685	0.34484	0.31063		
cav	lrrc8	ploop	innexin_like	0.38322	0.49437	0.3135	1.471E+00	0.007
cav	mcu	ploop	mcu	0.25675	0.35564	0.20171		
cav	mitok	ploop	mitok	0.25759	0.33968	0.20774		
cav	mscl	ploop	msc	0.27203	0.27274	0.27131		
cav	mscs	ploop	msc	0.22586	0.32368	0.17396		
cav	nachr	ploop	cysloop	0.20861	0.35238	0.14912	8.875E+00	0.000
cav	nalcn	ploop	ploop	0.8122	0.88412	0.75117	5.596E-08	1.000
cav	nav	ploop	ploop	0.82207	0.89411	0.7607	1.708E-09	1.000
cav	nmda	ploop	iglur	0.527	0.66777	0.43377	4.894E+00	0.000
cav	orai	ploop	orai	0.33186	0.39266	0.28793		
cav	osca_tmem63	ploop	tmem16_like	0.17066	0.3683	0.11225	7.433E+00	0.000
cav	otop	ploop	otopetrin	0.2429	0.43115	0.17034		
cav	p2x	ploop	p2x	0.14116	0.3063	0.09293		
cav	p2x_nonmetazoan	ploop	p2x	0.20613	0.33032	0.15076		
cav	pacc	ploop	pac	0.233	0.34004	0.17764		
cav	pannexin	ploop	innexin_like	0.38262	0.49243	0.31356	5.969E+00	0.000
cav	piezo	ploop	piezo	0.08065	0.40953	0.04559		
cav	plgic_invertebrate	ploop	cysloop	0.21008	0.34377	0.15179	1.987E+00	0.000
cav	plgic_prok	ploop	cysloop	0.17359	0.24978	0.13376	9.411E+00	0.000
cav	tmc	ploop	tmem16_like	0.16518	0.37607	0.10714	8.202E+00	0.000
cav	tmco1	ploop	tmco1	0.35459	0.36264	0.34687	9.706E+00	0.000
cav	tmem109	ploop	tmem109	0.27144	0.27498	0.268	9.183E+00	0.000
cav	tmem175	ploop	tmem175	0.23645	0.43543	0.16365	6.217E+00	0.000
cav	tmem87	ploop	tmem87	0.22569	0.35759	0.16638		
cav	tpc	ploop	ploop	0.7122	0.86236	0.60621	2.822E-03	1.000
cav	tric	ploop	tric	0.28541	0.36014	0.23671	6.217E+00	0.000
cav	trpa	ploop	ploop	0.61982	0.68719	0.56423	5.290E-01	0.082
cav	trpc	ploop	ploop	0.63288	0.69178	0.58308	8.561E-01	0.069
cav	trpm	ploop	ploop	0.52877	0.53822	0.51965	6.385E+00	0.000
cav	trpml	ploop	ploop	0.65921	0.78058	0.56992	2.021E-01	0.411
cav	trpn	ploop	ploop	0.58931	0.70121	0.50808	7.433E+00	0.000
cav	trpp	ploop	ploop	0.66457	0.82611	0.55501	7.717E-02	0.473
cav	trpv	ploop	ploop	0.50744	0.63287	0.42201	1.304E+00	0.051
cav	tweety	ploop	tweety	0.24775	0.45812	0.17032		
cav	vdac	ploop	porin	0.17867	0.24492	0.14127		
cav	viroporin	ploop	viroporin	0.27813	0.51754	0.19137		
cav	zac	ploop	cysloop	0.20422	0.31045	0.15237		
cftr	clc_channel	abc_channel	clc	0.24269	0.31775	0.19717	1.976E-02	0.082
cftr	clcc1	abc_channel	mclc	0.127	0.30199	0.08114	7.754E+00	0.000
cftr	clic	abc_channel	clic	0.18234	0.39164	0.12085	6.367E+00	0.008
cftr	cng	abc_channel	ploop	0.09103	0.43864	0.05127		
cftr	connexin	abc_channel	connexin	0.18662	0.44178	0.12007	1.573E+00	0.034
cftr	deg_invertebrate	abc_channel	deg_enac	0.17919	0.23953	0.14396		
cftr	delta_glur	abc_channel	iglur	0.09204	0.58773	0.05016	9.253E+00	0.000
cftr	enac	abc_channel	deg_enac	0.16789	0.24966	0.12771		
cftr	gabaa	abc_channel	cysloop	0.16233	0.2814	0.11535	5.837E+00	0.000
cftr	glyr	abc_channel	cysloop	0.17868	0.29087	0.13061	7.905E+00	0.000
cftr	gphr	abc_channel	gphr	0.20758	0.33752	0.15138	2.195E-01	0.024
cftr	hcn	abc_channel	ploop	0.09452	0.44614	0.05331		
cftr	ht3	abc_channel	cysloop	0.17778	0.28257	0.13118	7.486E+00	0.000
cftr	hv1	abc_channel	hv	0.13783	0.5865	0.07869		
cftr	iglur_nonvertebrate	abc_channel	iglur	0.06962	0.46622	0.03834		
cftr	iglur_prok	abc_channel	iglur	0.09809	0.46539	0.05576	7.500E+00	0.000
cftr	innexin	abc_channel	innexin_like	0.17762	0.38452	0.11731		
cftr	itpr	abc_channel	ca_release	0.08408	0.60111	0.04537		
cftr	k2p	abc_channel	ploop	0.12411	0.39974	0.07487		
cftr	kainate	abc_channel	iglur	0.10097	0.47714	0.05714		
cftr	kca_sk	abc_channel	ploop	0.08777	0.46488	0.04932	5.392E+00	0.000
cftr	kca_slo	abc_channel	ploop	0.09663	0.4446	0.05456		
cftr	kcsa_prok	abc_channel	ploop	0.10355	0.43657	0.06005		
cftr	kir	abc_channel	ploop	0.11826	0.50971	0.06765		
cftr	kv_eag	abc_channel	ploop	0.11159	0.38585	0.06651		
cftr	kv_kcnq	abc_channel	ploop	0.09983	0.55264	0.05529		
cftr	kv_modifier	abc_channel	ploop	0.09182	0.46273	0.05144	9.392E+00	0.000
cftr	kv_shaker	abc_channel	ploop	0.09559	0.46782	0.05379	8.650E+00	0.000
cftr	kv_shaker:VSD	abc_channel	ploop	0.13289	0.54596	0.0766	8.990E+00	0.000
cftr	lrrc8	abc_channel	innexin_like	0.16428	0.3681	0.10786	6.432E+00	0.000
cftr	mcu	abc_channel	mcu	0.15546	0.32372	0.10394	3.168E+00	0.008
cftr	mitok	abc_channel	mitok	0.18224	0.44018	0.11628	4.695E+00	0.000
cftr	mscl	abc_channel	msc	0.1222	0.42387	0.07294		
cftr	mscs	abc_channel	msc	0.18344	0.37022	0.12393		
cftr	nachr	abc_channel	cysloop	0.15315	0.266	0.10824		
cftr	nalcn	abc_channel	ploop	0.10925	0.36592	0.06506		
cftr	nav	abc_channel	ploop	0.12992	0.36814	0.08043		
cftr	nmda	abc_channel	iglur	0.07646	0.45765	0.04191		
cftr	orai	abc_channel	orai	0.15567	0.44353	0.09556		
cftr	osca_tmem63	abc_channel	tmem16_like	0.21289	0.30049	0.16561	1.321E+00	0.000
cftr	otop	abc_channel	otopetrin	0.2291	0.35806	0.17036	5.903E-02	0.098
cftr	p2x	abc_channel	p2x	0.15189	0.20807	0.12029		
cftr	p2x_nonmetazoan	abc_channel	p2x	0.14145	0.24616	0.10061	8.517E+00	0.000
cftr	pacc	abc_channel	pac	0.12725	0.26153	0.08515		
cftr	pannexin	abc_channel	innexin_like	0.19076	0.46492	0.12157		
cftr	piezo	abc_channel	piezo	0.1931	0.23564	0.164	4.695E+00	0.000
cftr	plgic_invertebrate	abc_channel	cysloop	0.16315	0.29229	0.11438	6.944E+00	0.000
cftr	plgic_prok	abc_channel	cysloop	0.16557	0.30187	0.11574	7.905E+00	0.000
cftr	tmc	abc_channel	tmem16_like	0.22321	0.29492	0.18031	5.267E-01	0.008
cftr	tmco1	abc_channel	tmco1	0.15597	0.5946	0.09111	8.524E-01	0.051
cftr	tmem109	abc_channel	tmem109	0.11723	0.46518	0.06842	5.385E+00	0.000
cftr	tmem175	abc_channel	tmem175	0.20019	0.31933	0.14703	1.210E+00	0.007
cftr	tmem87	abc_channel	tmem87	0.22394	0.37466	0.1613	1.321E+00	0.008
cftr	tpc	abc_channel	ploop	0.09198	0.44314	0.05211	5.589E+00	0.000
cftr	tric	abc_channel	tric	0.19591	0.43837	0.12783	1.573E+00	0.000
cftr	trpa	abc_channel	ploop	0.10079	0.45117	0.05753		
cftr	trpc	abc_channel	ploop	0.10697	0.45298	0.06177	7.251E+00	0.000
cftr	trpm	abc_channel	ploop	0.10775	0.46885	0.06122	9.557E+00	0.000
cftr	trpml	abc_channel	ploop	0.10807	0.46443	0.0618	6.650E+00	0.000
cftr	trpn	abc_channel	ploop	0.11853	0.64562	0.06589	6.944E+00	0.000
cftr	trpp	abc_channel	ploop	0.0943	0.46478	0.05298		
cftr	trpv	abc_channel	ploop	0.08975	0.5851	0.0488		
cftr	tweety	abc_channel	tweety	0.20862	0.32881	0.15443	1.321E+00	0.008
cftr	vdac	abc_channel	porin	0.1596	0.3077	0.10941		
cftr	viroporin	abc_channel	viroporin	0.07108	0.72952	0.03722		
cftr	zac	abc_channel	cysloop	0.16548	0.30634	0.11516		
clc_channel	clcc1	clc	mclc	0.17317	0.26911	0.12866		
clc_channel	clic	clc	clic	0.23893	0.36527	0.1791	6.312E+00	0.000
clc_channel	cng	clc	ploop	0.1746	0.41492	0.11167		
clc_channel	connexin	clc	connexin	0.2145	0.34657	0.1566	3.725E+00	0.000
clc_channel	deg_invertebrate	clc	deg_enac	0.20327	0.20768	0.19906		
clc_channel	delta_glur	clc	iglur	0.12295	0.44618	0.07103		
clc_channel	enac	clc	deg_enac	0.21555	0.24057	0.1955		
clc_channel	gabaa	clc	cysloop	0.23552	0.29659	0.196		
clc_channel	glyr	clc	cysloop	0.24402	0.29438	0.20894	5.783E+00	0.000
clc_channel	gphr	clc	gphr	0.24051	0.29237	0.20476	5.115E-01	0.009
clc_channel	hcn	clc	ploop	0.18145	0.44327	0.11509		
clc_channel	ht3	clc	cysloop	0.23517	0.27983	0.20333		
clc_channel	hv1	clc	hv	0.16283	0.43019	0.10152		
clc_channel	iglur_nonvertebrate	clc	iglur	0.11406	0.46203	0.06505		
clc_channel	iglur_prok	clc	iglur	0.16684	0.4462	0.10421	6.402E+00	0.000
clc_channel	innexin	clc	innexin_like	0.22414	0.34399	0.16727	3.064E+00	0.000
clc_channel	itpr	clc	ca_release	0.13943	0.54831	0.08043		
clc_channel	k2p	clc	ploop	0.17483	0.42261	0.11082		
clc_channel	kainate	clc	iglur	0.19276	0.50417	0.12068		
clc_channel	kca_sk	clc	ploop	0.15887	0.49532	0.09493		
clc_channel	kca_slo	clc	ploop	0.16145	0.46954	0.09795		
clc_channel	kcsa_prok	clc	ploop	0.15401	0.47713	0.09338	8.926E+00	0.000
clc_channel	kir	clc	ploop	0.19157	0.49855	0.12025		
clc_channel	kv_eag	clc	ploop	0.17548	0.46113	0.10981		
clc_channel	kv_kcnq	clc	ploop	0.16065	0.50702	0.096		
clc_channel	kv_modifier	clc	ploop	0.15988	0.47513	0.09678		
clc_channel	kv_shaker	clc	ploop	0.16267	0.46185	0.09952		
clc_channel	kv_shaker:VSD	clc	ploop	0.18317	0.4567	0.11602		
clc_channel	lrrc8	clc	innexin_like	0.20127	0.31796	0.14824		
clc_channel	mcu	clc	mcu	0.20179	0.30617	0.151	9.715E+00	0.000
clc_channel	mitok	clc	mitok	0.16176	0.24569	0.12134	5.297E+00	0.000
clc_channel	mscl	clc	msc	0.1638	0.39087	0.10562		
clc_channel	mscs	clc	msc	0.21713	0.31503	0.16682		
clc_channel	nachr	clc	cysloop	0.22526	0.26983	0.1939		
clc_channel	nalcn	clc	ploop	0.18705	0.38775	0.12481		
clc_channel	nav	clc	ploop	0.16314	0.32023	0.11052		
clc_channel	nmda	clc	iglur	0.14062	0.49932	0.08331	7.197E+00	0.000
clc_channel	orai	clc	orai	0.19249	0.34132	0.1356		
clc_channel	osca_tmem63	clc	tmem16_like	0.2254	0.23546	0.2162		
clc_channel	otop	clc	otopetrin	0.26592	0.3106	0.2328	2.312E-01	0.020
clc_channel	p2x	clc	p2x	0.17723	0.18446	0.17058		
clc_channel	p2x_nonmetazoan	clc	p2x	0.192	0.24111	0.16024		
clc_channel	pacc	clc	pac	0.20097	0.27751	0.15858		
clc_channel	pannexin	clc	innexin_like	0.19595	0.32102	0.14201	8.199E+00	0.000
clc_channel	piezo	clc	piezo	0.17325	0.28435	0.12611	2.505E+00	0.000
clc_channel	plgic_invertebrate	clc	cysloop	0.23671	0.28854	0.20133		
clc_channel	plgic_prok	clc	cysloop	0.2371	0.31147	0.19235		
clc_channel	tmc	clc	tmem16_like	0.24519	0.24611	0.24428	7.670E-02	0.024
clc_channel	tmco1	clc	tmco1	0.19732	0.44207	0.12861		
clc_channel	tmem109	clc	tmem109	0.16386	0.34174	0.10909		
clc_channel	tmem175	clc	tmem175	0.25457	0.29613	0.22371	1.854E-01	0.045
clc_channel	tmem87	clc	tmem87	0.22806	0.28014	0.19291		
clc_channel	tpc	clc	ploop	0.15487	0.47742	0.09297		
clc_channel	tric	clc	tric	0.26064	0.39284	0.19658	3.893E+00	0.000
clc_channel	trpa	clc	ploop	0.16511	0.46134	0.10148	7.517E+00	0.000
clc_channel	trpc	clc	ploop	0.16111	0.4348	0.0998		
clc_channel	trpm	clc	ploop	0.17254	0.41132	0.11083		
clc_channel	trpml	clc	ploop	0.16016	0.47861	0.09703		
clc_channel	trpn	clc	ploop	0.16407	0.48331	0.09965	9.665E+00	0.000
clc_channel	trpp	clc	ploop	0.14133	0.42534	0.08593		
clc_channel	trpv	clc	ploop	0.15059	0.50788	0.08885		
clc_channel	tweety	clc	tweety	0.21926	0.25494	0.19272	9.150E-02	0.034
clc_channel	vdac	clc	porin	0.20787	0.28668	0.1641		
clc_channel	viroporin	clc	viroporin	0.10353	0.69797	0.05591		
clc_channel	zac	clc	cysloop	0.24415	0.3312	0.19449	9.530E+00	0.000
clcc1	clic	mclc	clic	0.17528	0.17655	0.17405		
clcc1	cng	mclc	ploop	0.28981	0.43232	0.2192		
clcc1	connexin	mclc	connexin	0.23026	0.23467	0.22616		
clcc1	deg_invertebrate	mclc	deg_enac	0.14558	0.2226	0.10883		
clcc1	delta_glur	mclc	iglur	0.24233	0.47247	0.16233	8.233E+00	0.000
clcc1	enac	mclc	deg_enac	0.15586	0.20874	0.12499		
clcc1	gabaa	mclc	cysloop	0.22026	0.25455	0.19453	8.582E+00	0.000
clcc1	glyr	mclc	cysloop	0.22654	0.27233	0.19445	3.122E+00	0.000
clcc1	gphr	mclc	gphr	0.20137	0.24991	0.16921		
clcc1	hcn	mclc	ploop	0.27521	0.4088	0.20765	6.571E+00	0.000
clcc1	ht3	mclc	cysloop	0.23298	0.28369	0.19833	9.338E+00	0.000
clcc1	hv1	mclc	hv	0.22836	0.35266	0.16884	4.498E+00	0.000
clcc1	iglur_nonvertebrate	mclc	iglur	0.22055	0.44378	0.14843	7.754E+00	0.000
clcc1	iglur_prok	mclc	iglur	0.26214	0.4061	0.19465		
clcc1	innexin	mclc	innexin_like	0.21345	0.2166	0.2104	5.079E+00	0.007
clcc1	itpr	mclc	ca_release	0.26068	0.51735	0.17315		
clcc1	k2p	mclc	ploop	0.26591	0.35245	0.21389		
clcc1	kainate	mclc	iglur	0.25942	0.37435	0.19838		
clcc1	kca_sk	mclc	ploop	0.27241	0.47715	0.19131		
clcc1	kca_slo	mclc	ploop	0.27419	0.43211	0.20125	8.233E+00	0.000
clcc1	kcsa_prok	mclc	ploop	0.2127	0.37635	0.14844		
clcc1	kir	mclc	ploop	0.28375	0.42456	0.21363		
clcc1	kv_eag	mclc	ploop	0.27871	0.41876	0.20945	7.650E+00	0.000
clcc1	kv_kcnq	mclc	ploop	0.26778	0.43325	0.19487		
clcc1	kv_modifier	mclc	ploop	0.23108	0.37275	0.16824	5.397E+00	0.000
clcc1	kv_shaker	mclc	ploop	0.26505	0.42008	0.19442	6.875E+00	0.000
clcc1	kv_shaker:VSD	mclc	ploop	0.23832	0.34374	0.18372		
clcc1	lrrc8	mclc	innexin_like	0.20594	0.20752	0.20438	7.302E+00	0.000
clcc1	mcu	mclc	mcu	0.19932	0.20961	0.19015	7.754E+00	0.000
clcc1	mitok	mclc	mitok	0.21573	0.21643	0.21503		
clcc1	mscl	mclc	msc	0.26805	0.36318	0.21329		
clcc1	mscs	mclc	msc	0.21448	0.22842	0.2021	3.122E+00	0.007
clcc1	nachr	mclc	cysloop	0.22693	0.27385	0.19419		
clcc1	nalcn	mclc	ploop	0.22843	0.28287	0.19212		
clcc1	nav	mclc	ploop	0.24986	0.30055	0.21423		
clcc1	nmda	mclc	iglur	0.22703	0.40566	0.15827		
clcc1	orai	mclc	orai	0.25554	0.28043	0.23495	2.600E+00	0.000
clcc1	osca_tmem63	mclc	tmem16_like	0.14737	0.22313	0.11046	8.740E+00	0.000
clcc1	otop	mclc	otopetrin	0.21828	0.28839	0.17605	7.302E+00	0.000
clcc1	p2x	mclc	p2x	0.15822	0.23325	0.12051		
clcc1	p2x_nonmetazoan	mclc	p2x	0.18366	0.21386	0.16117		
clcc1	pacc	mclc	pac	0.18737	0.20122	0.1755		
clcc1	pannexin	mclc	innexin_like	0.23753	0.24258	0.23271	8.673E+00	0.000
clcc1	piezo	mclc	piezo	0.09465	0.28534	0.05801		
clcc1	plgic_invertebrate	mclc	cysloop	0.22793	0.27008	0.19766	8.740E+00	0.000
clcc1	plgic_prok	mclc	cysloop	0.20845	0.23371	0.18832	2.302E+00	0.007
clcc1	tmc	mclc	tmem16_like	0.15269	0.24435	0.11208	6.472E+00	0.000
clcc1	tmco1	mclc	tmco1	0.27158	0.37519	0.21327	3.526E+00	0.008
clcc1	tmem109	mclc	tmem109	0.30084	0.42674	0.23266		
clcc1	tmem175	mclc	tmem175	0.21131	0.27149	0.17336	8.740E+00	0.000
clcc1	tmem87	mclc	tmem87	0.21871	0.26492	0.18655		
clcc1	tpc	mclc	ploop	0.20346	0.34167	0.1452		
clcc1	tric	mclc	tric	0.24331	0.24373	0.24289	9.276E+00	0.000
clcc1	trpa	mclc	ploop	0.22281	0.33592	0.16695	4.498E+00	0.000
clcc1	trpc	mclc	ploop	0.24845	0.38274	0.18459		
clcc1	trpm	mclc	ploop	0.22233	0.3054	0.1755		
clcc1	trpml	mclc	ploop	0.215	0.34597	0.1554	4.192E+00	0.000
clcc1	trpn	mclc	ploop	0.2472	0.43099	0.17406		
clcc1	trpp	mclc	ploop	0.21293	0.36854	0.14994		
clcc1	trpv	mclc	ploop	0.25018	0.43107	0.1762		
clcc1	tweety	mclc	tweety	0.19365	0.24838	0.159	7.887E+00	0.000
clcc1	vdac	mclc	porin	0.15098	0.16168	0.14183		
clcc1	viroporin	mclc	viroporin	0.22824	0.7	0.13631		
clcc1	zac	mclc	cysloop	0.21722	0.2428	0.1966		
clic	cng	clic	ploop	0.30602	0.42507	0.23882	3.450E+00	0.000
clic	connexin	clic	connexin	0.30548	0.30951	0.30156	5.324E+00	0.000
clic	deg_invertebrate	clic	deg_enac	0.1873	0.27617	0.14282	7.764E+00	0.000
clic	delta_glur	clic	iglur	0.30529	0.55227	0.21069		
clic	enac	clic	deg_enac	0.20175	0.27226	0.16098	5.324E+00	0.000
clic	gabaa	clic	cysloop	0.24946	0.29671	0.21548	3.267E+00	0.000
clic	glyr	clic	cysloop	0.23777	0.29535	0.19931	1.101E+00	0.008
clic	gphr	clic	gphr	0.26064	0.32667	0.21748	4.525E+00	0.000
clic	hcn	clic	ploop	0.24806	0.35364	0.19182	9.111E+00	0.000
clic	ht3	clic	cysloop	0.23732	0.29962	0.19681	1.446E+00	0.009
clic	hv1	clic	hv	0.30362	0.44358	0.23204		
clic	iglur_nonvertebrate	clic	iglur	0.26141	0.49478	0.17629		
clic	iglur_prok	clic	iglur	0.24517	0.33698	0.19282	4.777E+00	0.000
clic	innexin	clic	innexin_like	0.29958	0.30597	0.29348	6.974E+00	0.000
clic	itpr	clic	ca_release	0.25041	0.41704	0.17882		
clic	k2p	clic	ploop	0.26432	0.33472	0.21863	2.233E+00	0.000
clic	kainate	clic	iglur	0.29637	0.42599	0.22733	2.776E+00	0.000
clic	kca_sk	clic	ploop	0.26454	0.41032	0.19602	3.845E+00	0.000
clic	kca_slo	clic	ploop	0.28714	0.43369	0.21481	7.128E-01	0.020
clic	kcsa_prok	clic	ploop	0.33158	0.53504	0.24083	7.359E+00	0.000
clic	kir	clic	ploop	0.27044	0.38246	0.20991	8.191E+00	0.000
clic	kv_eag	clic	ploop	0.32287	0.47034	0.246	1.702E+00	0.007
clic	kv_kcnq	clic	ploop	0.24501	0.34982	0.18919	6.974E+00	0.000
clic	kv_modifier	clic	ploop	0.33729	0.53672	0.24629	5.620E+00	0.000
clic	kv_shaker	clic	ploop	0.23395	0.35834	0.17478	8.191E+00	0.000
clic	kv_shaker:VSD	clic	ploop	0.30435	0.41664	0.24014	5.324E+00	0.000
clic	lrrc8	clic	innexin_like	0.29148	0.29194	0.29102	4.060E+00	0.000
clic	mcu	clic	mcu	0.20217	0.21211	0.1931	7.359E+00	0.000
clic	mitok	clic	mitok	0.1925	0.19444	0.1907	1.702E+00	0.007
clic	mscl	clic	msc	0.22119	0.29415	0.17791		
clic	mscs	clic	msc	0.23256	0.24601	0.22054	9.111E+00	0.000
clic	nachr	clic	cysloop	0.24342	0.30606	0.20247	1.612E+00	0.009
clic	nalcn	clic	ploop	0.2934	0.35001	0.25303	7.764E+00	0.000
clic	nav	clic	ploop	0.25229	0.29442	0.22122	9.567E+00	0.000
clic	nmda	clic	iglur	0.25838	0.45921	0.18016	5.620E+00	0.000
clic	orai	clic	orai	0.29141	0.31591	0.27059		
clic	osca_tmem63	clic	tmem16_like	0.26727	0.39343	0.20373	2.233E+00	0.000
clic	otop	clic	otopetrin	0.32508	0.42133	0.26571		
clic	p2x	clic	p2x	0.17887	0.25908	0.13746		
clic	p2x_nonmetazoan	clic	p2x	0.18051	0.21135	0.15791	5.932E+00	0.000
clic	pacc	clic	pac	0.20838	0.22423	0.19468		
clic	pannexin	clic	innexin_like	0.29186	0.29563	0.28814	8.639E+00	0.000
clic	piezo	clic	piezo	0.1064	0.33829	0.06452	6.974E+00	0.000
clic	plgic_invertebrate	clic	cysloop	0.24182	0.29667	0.2045	5.144E-01	0.024
clic	plgic_prok	clic	cysloop	0.26007	0.29676	0.23166	5.431E-01	0.045
clic	tmc	clic	tmem16_like	0.24578	0.38469	0.1819		
clic	tmco1	clic	tmco1	0.30925	0.42664	0.24334		
clic	tmem109	clic	tmem109	0.20102	0.27443	0.15926		
clic	tmem175	clic	tmem175	0.25319	0.32285	0.20908		
clic	tmem87	clic	tmem87	0.24324	0.2914	0.20945	4.286E+00	0.000
clic	tpc	clic	ploop	0.26098	0.39847	0.19459	4.777E+00	0.000
clic	tric	clic	tric	0.2985	0.30073	0.29631	3.642E+00	0.000
clic	trpa	clic	ploop	0.29547	0.42994	0.22517	9.605E+00	0.000
clic	trpc	clic	ploop	0.29424	0.41141	0.22875	9.605E+00	0.000
clic	trpm	clic	ploop	0.28699	0.37152	0.23451		
clic	trpml	clic	ploop	0.27044	0.39469	0.2056	6.974E+00	0.000
clic	trpn	clic	ploop	0.27926	0.44858	0.20222	5.324E+00	0.000
clic	trpp	clic	ploop	0.2449	0.4011	0.17644		
clic	trpv	clic	ploop	0.25087	0.41463	0.18005	8.191E+00	0.000
clic	tweety	clic	tweety	0.23841	0.29675	0.19977	4.286E+00	0.000
clic	vdac	clic	porin	0.29862	0.32187	0.27872	9.111E+00	0.000
clic	viroporin	clic	viroporin	0.19751	0.5344	0.12074		
clic	zac	clic	cysloop	0.2658	0.29527	0.24184		
cng	connexin	ploop	connexin	0.3313	0.44786	0.26261	4.615E+00	0.000
cng	deg_invertebrate	ploop	deg_enac	0.1596	0.35578	0.10425		
cng	delta_glur	ploop	iglur	0.58143	0.68236	0.50465	1.946E+00	0.063
cng	enac	ploop	deg_enac	0.1568	0.36516	0.10074	5.482E+00	0.000
cng	gabaa	ploop	cysloop	0.22369	0.42496	0.1516	4.887E+00	0.000
cng	glyr	ploop	cysloop	0.19926	0.38909	0.13465	6.147E+00	0.000
cng	gphr	ploop	gphr	0.2115	0.39748	0.14577		
cng	hcn	ploop	ploop	0.76999	0.78575	0.75483	3.428E-04	1.000
cng	ht3	ploop	cysloop	0.20932	0.43009	0.13826		
cng	hv1	ploop	hv	0.39509	0.40169	0.3887		
cng	iglur_nonvertebrate	ploop	iglur	0.53204	0.64918	0.44889	4.887E+00	0.000
cng	iglur_prok	ploop	iglur	0.60574	0.62298	0.58938	1.374E-01	0.277
cng	innexin	ploop	innexin_like	0.28248	0.40512	0.21676	5.490E+00	0.000
cng	itpr	ploop	ca_release	0.556	0.67499	0.46979	5.482E+00	0.000
cng	k2p	ploop	ploop	0.39566	0.43249	0.36456	2.743E-01	0.326
cng	kainate	ploop	iglur	0.61345	0.62494	0.60236	2.736E-02	0.941
cng	kca_sk	ploop	ploop	0.66345	0.73647	0.6029	4.349E-01	0.233
cng	kca_slo	ploop	ploop	0.64714	0.67804	0.61881	2.438E-02	0.967
cng	kcsa_prok	ploop	ploop	0.62964	0.68594	0.58149	3.650E-02	0.872
cng	kir	ploop	ploop	0.69664	0.70773	0.68588	3.244E-03	0.999
cng	kv_eag	ploop	ploop	0.75774	0.77047	0.74541	9.108E-05	1.000
cng	kv_kcnq	ploop	ploop	0.62335	0.66176	0.58912	1.374E-01	0.569
cng	kv_modifier	ploop	ploop	0.68347	0.73831	0.63616	1.629E-02	0.978
cng	kv_shaker	ploop	ploop	0.65333	0.68805	0.62191	1.297E-01	0.505
cng	kv_shaker:VSD	ploop	ploop	0.33622	0.33863	0.33385	5.805E+00	0.000
cng	lrrc8	ploop	innexin_like	0.32983	0.46264	0.25658		
cng	mcu	ploop	mcu	0.25959	0.4139	0.19041	5.482E+00	0.000
cng	mitok	ploop	mitok	0.28812	0.42153	0.21943	8.172E+00	0.000
cng	mscl	ploop	msc	0.38641	0.41045	0.36495	9.301E+00	0.000
cng	mscs	ploop	msc	0.26327	0.4327	0.19005	4.615E+00	0.000
cng	nachr	ploop	cysloop	0.21483	0.44149	0.14228		
cng	nalcn	ploop	ploop	0.55715	0.64702	0.48919	9.674E+00	0.000
cng	nav	ploop	ploop	0.55489	0.64722	0.48562	4.357E+00	0.009
cng	nmda	ploop	iglur	0.56678	0.66595	0.49266	3.876E-01	0.277
cng	orai	ploop	orai	0.33608	0.44114	0.27252		
cng	osca_tmem63	ploop	tmem16_like	0.18778	0.45031	0.12023	8.647E+00	0.000
cng	otop	ploop	otopetrin	0.20623	0.41367	0.13907	7.295E+00	0.000
cng	p2x	ploop	p2x	0.15788	0.39537	0.10016		
cng	p2x_nonmetazoan	ploop	p2x	0.20202	0.3554	0.14247	8.517E+00	0.000
cng	pacc	ploop	pac	0.26169	0.44106	0.18741		
cng	pannexin	ploop	innexin_like	0.32203	0.44231	0.25439		
cng	piezo	ploop	piezo	0.07793	0.43151	0.04345		
cng	plgic_invertebrate	ploop	cysloop	0.2042	0.38843	0.1387	4.615E+00	0.000
cng	plgic_prok	ploop	cysloop	0.2098	0.35683	0.1486		
cng	tmc	ploop	tmem16_like	0.19368	0.50074	0.12098		
cng	tmco1	ploop	tmco1	0.40872	0.42598	0.39282		
cng	tmem109	ploop	tmem109	0.3148	0.3323	0.2991		
cng	tmem175	ploop	tmem175	0.2454	0.51865	0.16312		
cng	tmem87	ploop	tmem87	0.21371	0.38096	0.14931	7.537E+00	0.000
cng	tpc	ploop	ploop	0.64021	0.69988	0.58943	8.199E-01	0.045
cng	tric	ploop	tric	0.29739	0.3952	0.23854	4.113E+00	0.000
cng	trpa	ploop	ploop	0.56868	0.58255	0.5554	4.357E+00	0.007
cng	trpc	ploop	ploop	0.64063	0.6501	0.63141	1.734E+00	0.034
cng	trpm	ploop	ploop	0.59318	0.62341	0.56567	6.891E+00	0.000
cng	trpml	ploop	ploop	0.56701	0.61013	0.52914		
cng	trpn	ploop	ploop	0.5754	0.61926	0.53697	2.184E+00	0.020
cng	trpp	ploop	ploop	0.58359	0.6505	0.52792	3.268E+00	0.008
cng	trpv	ploop	ploop	0.59523	0.68873	0.5227	2.061E+00	0.020
cng	tweety	ploop	tweety	0.27571	0.56097	0.18383	9.674E+00	0.000
cng	vdac	ploop	porin	0.16961	0.25713	0.12714		
cng	viroporin	ploop	viroporin	0.389	0.64802	0.27699		
cng	zac	ploop	cysloop	0.23691	0.40212	0.16857	5.805E+00	0.000
connexin	deg_invertebrate	connexin	deg_enac	0.15464	0.25126	0.11257	3.665E+00	0.000
connexin	delta_glur	connexin	iglur	0.33143	0.63826	0.22448		
connexin	enac	connexin	deg_enac	0.18281	0.24706	0.14585	7.475E+00	0.000
connexin	gabaa	connexin	cysloop	0.25504	0.31217	0.21581	7.652E+00	0.000
connexin	glyr	connexin	cysloop	0.29484	0.38218	0.24022	2.142E+00	0.000
connexin	gphr	connexin	gphr	0.27697	0.35348	0.22866	4.383E+00	0.000
connexin	hcn	connexin	ploop	0.33829	0.47211	0.26348		
connexin	ht3	connexin	cysloop	0.27295	0.36043	0.22019		
connexin	hv1	connexin	hv	0.35326	0.5098	0.27052		
connexin	iglur_nonvertebrate	connexin	iglur	0.31167	0.59266	0.21083		
connexin	iglur_prok	connexin	iglur	0.3082	0.43277	0.23881		
connexin	innexin	connexin	innexin_like	0.51575	0.53458	0.49823	3.717E-04	0.967
connexin	itpr	connexin	ca_release	0.32846	0.62612	0.22201	9.447E+00	0.000
connexin	k2p	connexin	ploop	0.21608	0.27817	0.17679	5.900E+00	0.000
connexin	kainate	connexin	iglur	0.38995	0.56786	0.29813	8.913E+00	0.000
connexin	kca_sk	connexin	ploop	0.34838	0.57223	0.25168		
connexin	kca_slo	connexin	ploop	0.33601	0.47915	0.25868		
connexin	kcsa_prok	connexin	ploop	0.34971	0.57462	0.25232	7.475E+00	0.000
connexin	kir	connexin	ploop	0.31742	0.43244	0.25054		
connexin	kv_eag	connexin	ploop	0.33349	0.47015	0.25934		
connexin	kv_kcnq	connexin	ploop	0.35355	0.52092	0.2672		
connexin	kv_modifier	connexin	ploop	0.35369	0.55236	0.26039	2.887E+00	0.000
connexin	kv_shaker	connexin	ploop	0.37953	0.56878	0.28598	6.643E+00	0.000
connexin	kv_shaker:VSD	connexin	ploop	0.34769	0.47956	0.27411		
connexin	lrrc8	connexin	innexin_like	0.58465	0.5926	0.57693	3.596E-03	0.986
connexin	mcu	connexin	mcu	0.27634	0.29651	0.25875		
connexin	mitok	connexin	mitok	0.35039	0.3588	0.34241	3.791E-01	0.045
connexin	mscl	connexin	msc	0.24942	0.33249	0.19969	9.856E-01	0.011
connexin	mscs	connexin	msc	0.27072	0.29266	0.25212	4.129E+00	0.007
connexin	nachr	connexin	cysloop	0.28639	0.37341	0.23293		
connexin	nalcn	connexin	ploop	0.38885	0.46473	0.33463		
connexin	nav	connexin	ploop	0.36908	0.43685	0.31985		
connexin	nmda	connexin	iglur	0.31773	0.56063	0.22307		
connexin	orai	connexin	orai	0.35865	0.38246	0.33756	4.024E-01	0.040
connexin	osca_tmem63	connexin	tmem16_like	0.20416	0.29918	0.15603	4.429E+00	0.000
connexin	otop	connexin	otopetrin	0.29551	0.3926	0.23745	3.890E+00	0.000
connexin	p2x	connexin	p2x	0.1873	0.27864	0.14207	8.056E+00	0.000
connexin	p2x_nonmetazoan	connexin	p2x	0.21505	0.25855	0.18445	4.129E+00	0.000
connexin	pacc	connexin	pac	0.25589	0.28143	0.23476	7.928E+00	0.000
connexin	pannexin	connexin	innexin_like	0.56476	0.56476	0.56476	1.347E-04	1.000
connexin	piezo	connexin	piezo	0.11542	0.41851	0.06781		
connexin	plgic_invertebrate	connexin	cysloop	0.28661	0.35911	0.23871	5.239E+00	0.000
connexin	plgic_prok	connexin	cysloop	0.27189	0.31432	0.23986	6.261E+00	0.000
connexin	tmc	connexin	tmem16_like	0.21442	0.33892	0.1584	2.720E+00	0.000
connexin	tmco1	connexin	tmco1	0.31775	0.43953	0.24901	1.111E+00	0.020
connexin	tmem109	connexin	tmem109	0.29006	0.37156	0.23805		
connexin	tmem175	connexin	tmem175	0.28504	0.37776	0.22938	9.397E+00	0.000
connexin	tmem87	connexin	tmem87	0.27586	0.34312	0.23138		
connexin	tpc	connexin	ploop	0.35648	0.54625	0.26452		
connexin	tric	connexin	tric	0.2778	0.28369	0.27216	2.562E+00	0.000
connexin	trpa	connexin	ploop	0.33944	0.48162	0.26224		
connexin	trpc	connexin	ploop	0.35553	0.50624	0.27429		
connexin	trpm	connexin	ploop	0.33701	0.43316	0.27579		
connexin	trpml	connexin	ploop	0.38484	0.61034	0.28143		
connexin	trpn	connexin	ploop	0.31038	0.508	0.22461	5.900E+00	0.000
connexin	trpp	connexin	ploop	0.34087	0.54961	0.24688	9.447E+00	0.000
connexin	trpv	connexin	ploop	0.29364	0.4668	0.21358		
connexin	tweety	connexin	tweety	0.36493	0.47183	0.29864	1.791E+00	0.000
connexin	vdac	connexin	porin	0.18239	0.19967	0.16799		
connexin	viroporin	connexin	viroporin	0.23696	0.70469	0.14206	8.913E+00	0.000
connexin	zac	connexin	cysloop	0.30034	0.34157	0.26826		
deg_invertebrate	delta_glur	deg_enac	iglur	0.12151	0.48245	0.06967	9.866E+00	0.000
deg_invertebrate	enac	deg_enac	deg_enac	0.75757	0.8445	0.68696	2.103E-32	1.000
deg_invertebrate	gabaa	deg_enac	cysloop	0.23933	0.29055	0.20413		
deg_invertebrate	glyr	deg_enac	cysloop	0.24536	0.28667	0.21502		
deg_invertebrate	gphr	deg_enac	gphr	0.16715	0.19391	0.14719	8.986E+00	0.000
deg_invertebrate	hcn	deg_enac	ploop	0.13671	0.32778	0.08702	5.198E+00	0.000
deg_invertebrate	ht3	deg_enac	cysloop	0.20922	0.24337	0.18375		
deg_invertebrate	hv1	deg_enac	hv	0.13438	0.36752	0.08288		
deg_invertebrate	iglur_nonvertebrate	deg_enac	iglur	0.1092	0.47075	0.06211		
deg_invertebrate	iglur_prok	deg_enac	iglur	0.15279	0.39047	0.09688		
deg_invertebrate	innexin	deg_enac	innexin_like	0.22719	0.34104	0.17121		
deg_invertebrate	itpr	deg_enac	ca_release	0.11435	0.47058	0.06509		
deg_invertebrate	k2p	deg_enac	ploop	0.12984	0.30203	0.08332		
deg_invertebrate	kainate	deg_enac	iglur	0.15792	0.44572	0.09662	8.986E+00	0.000
deg_invertebrate	kca_sk	deg_enac	ploop	0.15789	0.54111	0.093		
deg_invertebrate	kca_slo	deg_enac	ploop	0.11159	0.31432	0.06913	6.478E+00	0.000
deg_invertebrate	kcsa_prok	deg_enac	ploop	0.15983	0.50699	0.0959		
deg_invertebrate	kir	deg_enac	ploop	0.14853	0.37924	0.09312	5.804E+00	0.000
deg_invertebrate	kv_eag	deg_enac	ploop	0.15188	0.42388	0.09314		
deg_invertebrate	kv_kcnq	deg_enac	ploop	0.15077	0.37668	0.09554	9.795E+00	0.000
deg_invertebrate	kv_modifier	deg_enac	ploop	0.16928	0.5478	0.10079	9.392E+00	0.000
deg_invertebrate	kv_shaker	deg_enac	ploop	0.17615	0.53658	0.1058		
deg_invertebrate	kv_shaker:VSD	deg_enac	ploop	0.13866	0.36368	0.08681		
deg_invertebrate	lrrc8	deg_enac	innexin_like	0.18116	0.2665	0.13842		
deg_invertebrate	mcu	deg_enac	mcu	0.17204	0.23445	0.13694		
deg_invertebrate	mitok	deg_enac	mitok	0.17935	0.27714	0.1332	5.493E+00	0.000
deg_invertebrate	mscl	deg_enac	msc	0.17426	0.37925	0.11407	8.180E+00	0.000
deg_invertebrate	mscs	deg_enac	msc	0.19468	0.2661	0.15444	4.405E+00	0.000
deg_invertebrate	nachr	deg_enac	cysloop	0.23813	0.27598	0.20993		
deg_invertebrate	nalcn	deg_enac	ploop	0.18333	0.34676	0.12595		
deg_invertebrate	nav	deg_enac	ploop	0.19641	0.36311	0.13611		
deg_invertebrate	nmda	deg_enac	iglur	0.1374	0.38653	0.08447	5.198E+00	0.007
deg_invertebrate	orai	deg_enac	orai	0.19227	0.32333	0.13795	8.986E+00	0.000
deg_invertebrate	osca_tmem63	deg_enac	tmem16_like	0.21422	0.21859	0.21003		
deg_invertebrate	otop	deg_enac	otopetrin	0.21237	0.23838	0.19175		
deg_invertebrate	p2x	deg_enac	p2x	0.19659	0.1999	0.1934	7.091E-01	0.000
deg_invertebrate	p2x_nonmetazoan	deg_enac	p2x	0.28732	0.35433	0.24222	2.343E-01	0.008
deg_invertebrate	pacc	deg_enac	pac	0.46786	0.67094	0.35992	9.012E-05	1.000
deg_invertebrate	pannexin	deg_enac	innexin_like	0.19241	0.30198	0.14223		
deg_invertebrate	piezo	deg_enac	piezo	0.15253	0.2627	0.10865		
deg_invertebrate	plgic_invertebrate	deg_enac	cysloop	0.21659	0.25846	0.18686		
deg_invertebrate	plgic_prok	deg_enac	cysloop	0.24739	0.31115	0.20613		
deg_invertebrate	tmc	deg_enac	tmem16_like	0.19042	0.19499	0.18607	8.986E+00	0.000
deg_invertebrate	tmco1	deg_enac	tmco1	0.16322	0.37461	0.10542		
deg_invertebrate	tmem109	deg_enac	tmem109	0.14796	0.38071	0.0929	8.986E+00	0.000
deg_invertebrate	tmem175	deg_enac	tmem175	0.22964	0.25991	0.20604		
deg_invertebrate	tmem87	deg_enac	tmem87	0.22616	0.27098	0.19454	2.830E+00	0.000
deg_invertebrate	tpc	deg_enac	ploop	0.1557	0.47468	0.09416		
deg_invertebrate	tric	deg_enac	tric	0.20954	0.30819	0.15998		
deg_invertebrate	trpa	deg_enac	ploop	0.15533	0.39892	0.09776	6.132E+00	0.000
deg_invertebrate	trpc	deg_enac	ploop	0.14747	0.43743	0.08873		
deg_invertebrate	trpm	deg_enac	ploop	0.17245	0.40073	0.11121		
deg_invertebrate	trpml	deg_enac	ploop	0.14732	0.45451	0.08893		
deg_invertebrate	trpn	deg_enac	ploop	0.13783	0.4593	0.08129		
deg_invertebrate	trpp	deg_enac	ploop	0.15061	0.46265	0.09105	6.843E+00	0.000
deg_invertebrate	trpv	deg_enac	ploop	0.13642	0.4349	0.08163		
deg_invertebrate	tweety	deg_enac	tweety	0.2483	0.28418	0.22082		
deg_invertebrate	vdac	deg_enac	porin	0.21138	0.27832	0.17128		
deg_invertebrate	viroporin	deg_enac	viroporin	0.11153	0.69228	0.06081		
deg_invertebrate	zac	deg_enac	cysloop	0.23026	0.30866	0.18419		
delta_glur	enac	iglur	deg_enac	0.11356	0.40424	0.06676	2.840E+00	0.008
delta_glur	gabaa	iglur	cysloop	0.21141	0.48891	0.1341		
delta_glur	glyr	iglur	cysloop	0.20979	0.56487	0.12858	7.515E+00	0.000
delta_glur	gphr	iglur	gphr	0.202	0.52283	0.12475		
delta_glur	hcn	iglur	ploop	0.64918	0.75474	0.56801	4.464E-01	0.150
delta_glur	ht3	iglur	cysloop	0.20944	0.60643	0.12641	8.364E+00	0.000
delta_glur	hv1	iglur	hv	0.46728	0.54918	0.40556	3.950E+00	0.000
delta_glur	iglur_nonvertebrate	iglur	iglur	0.81413	0.8479	0.78289	9.044E-03	0.998
delta_glur	iglur_prok	iglur	iglur	0.66171	0.76881	0.57974	1.114E-01	0.720
delta_glur	innexin	iglur	innexin_like	0.32205	0.61568	0.21708		
delta_glur	itpr	iglur	ca_release	0.56171	0.57246	0.55124	2.658E+00	0.020
delta_glur	k2p	iglur	ploop	0.35278	0.47914	0.2797	7.687E+00	0.000
delta_glur	kainate	iglur	iglur	0.77539	0.93636	0.66102	1.166E-03	1.000
delta_glur	kca_sk	iglur	ploop	0.7685	0.82277	0.72055	1.467E+00	0.016
delta_glur	kca_slo	iglur	ploop	0.69553	0.79434	0.61793	2.305E-01	0.473
delta_glur	kcsa_prok	iglur	ploop	0.71516	0.77392	0.664	3.208E-01	0.301
delta_glur	kir	iglur	ploop	0.66285	0.78337	0.57404	5.443E-01	0.179
delta_glur	kv_eag	iglur	ploop	0.66325	0.78282	0.57434	6.212E-01	0.150
delta_glur	kv_kcnq	iglur	ploop	0.67812	0.75586	0.61473	6.212E-01	0.126
delta_glur	kv_modifier	iglur	ploop	0.72811	0.8038	0.66481	4.464E-01	0.382
delta_glur	kv_shaker	iglur	ploop	0.66307	0.74334	0.59739	1.674E+00	0.024
delta_glur	kv_shaker:VSD	iglur	ploop	0.43164	0.51529	0.37229	2.329E+00	0.008
delta_glur	lrrc8	iglur	innexin_like	0.3075	0.54836	0.21486		
delta_glur	mcu	iglur	mcu	0.23581	0.45605	0.15812	9.187E+00	0.000
delta_glur	mitok	iglur	mitok	0.27927	0.52666	0.19		
delta_glur	mscl	iglur	msc	0.31557	0.42208	0.25277		
delta_glur	mscs	iglur	msc	0.25799	0.51346	0.17133		
delta_glur	nachr	iglur	cysloop	0.20908	0.57518	0.1274	6.949E+00	0.000
delta_glur	nalcn	iglur	ploop	0.51011	0.72573	0.39169	2.488E+00	0.011
delta_glur	nav	iglur	ploop	0.51787	0.74171	0.39616	3.950E+00	0.008
delta_glur	nmda	iglur	iglur	0.85272	0.85826	0.84726	4.326E-04	1.000
delta_glur	orai	iglur	orai	0.35059	0.59328	0.24769	7.678E+00	0.000
delta_glur	osca_tmem63	iglur	tmem16_like	0.15743	0.52858	0.09202		
delta_glur	otop	iglur	otopetrin	0.19735	0.57928	0.11963		
delta_glur	p2x	iglur	p2x	0.12543	0.34784	0.07727		
delta_glur	p2x_nonmetazoan	iglur	p2x	0.18348	0.44777	0.11649		
delta_glur	pacc	iglur	pac	0.24557	0.49785	0.16179		
delta_glur	pannexin	iglur	innexin_like	0.30892	0.55551	0.21193		
delta_glur	piezo	iglur	piezo	0.06405	0.5395	0.03427		
delta_glur	plgic_invertebrate	iglur	cysloop	0.21753	0.58077	0.13362	8.167E+00	0.000
delta_glur	plgic_prok	iglur	cysloop	0.21999	0.49162	0.14066		
delta_glur	tmc	iglur	tmem16_like	0.13544	0.53739	0.07821		
delta_glur	tmco1	iglur	tmco1	0.40947	0.51693	0.33911		
delta_glur	tmem109	iglur	tmem109	0.33931	0.43561	0.28157		
delta_glur	tmem175	iglur	tmem175	0.22436	0.61197	0.13852		
delta_glur	tmem87	iglur	tmem87	0.20634	0.55069	0.12748		
delta_glur	tpc	iglur	ploop	0.53648	0.57166	0.50465	2.329E+00	0.024
delta_glur	tric	iglur	tric	0.25161	0.49342	0.17114	9.780E+00	0.000
delta_glur	trpa	iglur	ploop	0.65018	0.75864	0.56774	3.034E+00	0.016
delta_glur	trpc	iglur	ploop	0.66041	0.78078	0.5712	1.467E+00	0.063
delta_glur	trpm	iglur	ploop	0.58484	0.75209	0.47761		
delta_glur	trpml	iglur	ploop	0.6529	0.71538	0.59977	1.285E+00	0.040
delta_glur	trpn	iglur	ploop	0.67474	0.73683	0.62173	1.126E+00	0.126
delta_glur	trpp	iglur	ploop	0.66394	0.69716	0.63352	1.285E+00	0.057
delta_glur	trpv	iglur	ploop	0.7611	0.77964	0.74337	6.212E-01	0.098
delta_glur	tweety	iglur	tweety	0.19134	0.5168	0.1171		
delta_glur	vdac	iglur	porin	0.14537	0.2546	0.10162		
delta_glur	viroporin	iglur	viroporin	0.47768	0.62014	0.3876		
delta_glur	zac	iglur	cysloop	0.2434	0.57001	0.15418		
enac	gabaa	deg_enac	cysloop	0.22247	0.24565	0.20349		
enac	glyr	deg_enac	cysloop	0.22025	0.23616	0.20648		
enac	gphr	deg_enac	gphr	0.20458	0.2176	0.19308		
enac	hcn	deg_enac	ploop	0.16375	0.37447	0.10624		
enac	ht3	deg_enac	cysloop	0.2187	0.23116	0.20757		
enac	hv1	deg_enac	hv	0.15469	0.34102	0.10068		
enac	iglur_nonvertebrate	deg_enac	iglur	0.14072	0.36846	0.08705		
enac	iglur_prok	deg_enac	iglur	0.16215	0.37063	0.10546		
enac	innexin	deg_enac	innexin_like	0.21859	0.28284	0.17897		
enac	itpr	deg_enac	ca_release	0.14	0.38262	0.08695		
enac	k2p	deg_enac	ploop	0.18539	0.35118	0.12766		
enac	kainate	deg_enac	iglur	0.15616	0.35065	0.10138	1.235E+00	0.010
enac	kca_sk	deg_enac	ploop	0.15531	0.45784	0.09408		
enac	kca_slo	deg_enac	ploop	0.1516	0.35097	0.09764	9.835E+00	0.000
enac	kcsa_prok	deg_enac	ploop	0.15818	0.44918	0.09614	5.754E+00	0.000
enac	kir	deg_enac	ploop	0.14944	0.33426	0.09802	9.202E+00	0.000
enac	kv_eag	deg_enac	ploop	0.16376	0.36457	0.10739	7.330E+00	0.000
enac	kv_kcnq	deg_enac	ploop	0.14916	0.36513	0.09419	7.178E+00	0.000
enac	kv_modifier	deg_enac	ploop	0.14972	0.38554	0.09306		
enac	kv_shaker	deg_enac	ploop	0.16245	0.36455	0.10612	8.203E+00	0.000
enac	kv_shaker:VSD	deg_enac	ploop	0.16437	0.35707	0.1084		
enac	lrrc8	deg_enac	innexin_like	0.19972	0.26202	0.162		
enac	mcu	deg_enac	mcu	0.20793	0.2635	0.17232		
enac	mitok	deg_enac	mitok	0.20577	0.28044	0.16327		
enac	mscl	deg_enac	msc	0.20989	0.39151	0.14484	2.361E+00	0.000
enac	mscs	deg_enac	msc	0.20012	0.24573	0.16928	5.203E+00	0.000
enac	nachr	deg_enac	cysloop	0.2004	0.21315	0.18918		
enac	nalcn	deg_enac	ploop	0.18785	0.30541	0.13705		
enac	nav	deg_enac	ploop	0.19547	0.31026	0.14403		
enac	nmda	deg_enac	iglur	0.14363	0.46724	0.0856	3.736E+00	0.008
enac	orai	deg_enac	orai	0.23179	0.34871	0.1751	4.135E+00	0.000
enac	osca_tmem63	deg_enac	tmem16_like	0.2039	0.21648	0.19279	8.211E+00	0.000
enac	otop	deg_enac	otopetrin	0.21066	0.21696	0.20483		
enac	p2x	deg_enac	p2x	0.25176	0.27027	0.23584	1.554E+00	0.000
enac	p2x_nonmetazoan	deg_enac	p2x	0.31893	0.3552	0.28969	3.902E-01	0.010
enac	pacc	deg_enac	pac	0.50769	0.63853	0.42189	8.689E-06	1.000
enac	pannexin	deg_enac	innexin_like	0.18821	0.25042	0.15153		
enac	piezo	deg_enac	piezo	0.13568	0.25783	0.0935		
enac	plgic_invertebrate	deg_enac	cysloop	0.2386	0.26114	0.21978		
enac	plgic_prok	deg_enac	cysloop	0.21552	0.24927	0.19014		
enac	tmc	deg_enac	tmem16_like	0.19561	0.21801	0.1776		
enac	tmco1	deg_enac	tmco1	0.19902	0.38257	0.13702		
enac	tmem109	deg_enac	tmem109	0.17067	0.30401	0.12021		
enac	tmem175	deg_enac	tmem175	0.23209	0.24098	0.22387	6.925E+00	0.000
enac	tmem87	deg_enac	tmem87	0.19512	0.21168	0.1811	9.257E-01	0.007
enac	tpc	deg_enac	ploop	0.1447	0.32115	0.09408		
enac	tric	deg_enac	tric	0.21152	0.27539	0.17248	7.759E+00	0.000
enac	trpa	deg_enac	ploop	0.16725	0.34551	0.1119		
enac	trpc	deg_enac	ploop	0.16344	0.33274	0.10949		
enac	trpm	deg_enac	ploop	0.17637	0.32593	0.12199		
enac	trpml	deg_enac	ploop	0.15402	0.32154	0.10205		
enac	trpn	deg_enac	ploop	0.16416	0.42664	0.10198		
enac	trpp	deg_enac	ploop	0.14675	0.39719	0.09083	7.459E+00	0.000
enac	trpv	deg_enac	ploop	0.13927	0.39504	0.08599		
enac	tweety	deg_enac	tweety	0.25513	0.26596	0.24519		
enac	vdac	deg_enac	porin	0.22408	0.26641	0.19379		
enac	viroporin	deg_enac	viroporin	0.1433	0.68137	0.08105		
enac	zac	deg_enac	cysloop	0.19655	0.23219	0.17085		
gabaa	glyr	cysloop	cysloop	0.89147	0.93026	0.85579	1.625E-42	1.000
gabaa	gphr	cysloop	gphr	0.26062	0.27085	0.25114	5.409E+00	0.000
gabaa	hcn	cysloop	ploop	0.23035	0.45691	0.15445	7.224E+00	0.000
gabaa	ht3	cysloop	cysloop	0.82329	0.87425	0.77796	8.404E-25	1.000
gabaa	hv1	cysloop	hv	0.27784	0.50017	0.19454	5.409E+00	0.000
gabaa	iglur_nonvertebrate	cysloop	iglur	0.20293	0.55337	0.12426		
gabaa	iglur_prok	cysloop	iglur	0.24132	0.4785	0.16181	2.537E+00	0.000
gabaa	innexin	cysloop	innexin_like	0.28126	0.32829	0.24658	7.224E+00	0.000
gabaa	itpr	cysloop	ca_release	0.23285	0.63373	0.14218	2.689E+00	0.000
gabaa	k2p	cysloop	ploop	0.18156	0.29977	0.13126		
gabaa	kainate	cysloop	iglur	0.24899	0.4572	0.17173	8.582E+00	0.000
gabaa	kca_sk	cysloop	ploop	0.23857	0.53633	0.15301	8.871E+00	0.000
gabaa	kca_slo	cysloop	ploop	0.2189	0.42534	0.14762	4.044E+00	0.000
gabaa	kcsa_prok	cysloop	ploop	0.23596	0.50427	0.15392	8.104E+00	0.000
gabaa	kir	cysloop	ploop	0.23719	0.45745	0.16081		
gabaa	kv_eag	cysloop	ploop	0.22733	0.45779	0.15129	6.074E+00	0.000
gabaa	kv_kcnq	cysloop	ploop	0.2169	0.4288	0.14472	4.044E+00	0.000
gabaa	kv_modifier	cysloop	ploop	0.23156	0.49566	0.15153	2.689E+00	0.008
gabaa	kv_shaker	cysloop	ploop	0.23833	0.47446	0.15912	5.103E+00	0.000
gabaa	kv_shaker:VSD	cysloop	ploop	0.27395	0.491	0.1918	2.393E+00	0.009
gabaa	lrrc8	cysloop	innexin_like	0.28486	0.33696	0.24702		
gabaa	mcu	cysloop	mcu	0.2506	0.27746	0.22891	9.616E+00	0.000
gabaa	mitok	cysloop	mitok	0.2309	0.27125	0.2013	2.129E+00	0.007
gabaa	mscl	cysloop	msc	0.20367	0.3294	0.14884		
gabaa	mscs	cysloop	msc	0.24123	0.26488	0.22153	5.751E+00	0.000
gabaa	nachr	cysloop	cysloop	0.8189	0.86099	0.78074	9.444E-25	1.000
gabaa	nalcn	cysloop	ploop	0.22548	0.3256	0.1734		
gabaa	nav	cysloop	ploop	0.23158	0.33044	0.17908		
gabaa	nmda	cysloop	iglur	0.21065	0.51447	0.13161		
gabaa	orai	cysloop	orai	0.27448	0.36077	0.22236		
gabaa	osca_tmem63	cysloop	tmem16_like	0.22873	0.27204	0.19779	6.875E+00	0.000
gabaa	otop	cysloop	otopetrin	0.2269	0.24351	0.21246	8.582E+00	0.000
gabaa	p2x	cysloop	p2x	0.19203	0.23001	0.16525	1.294E-01	0.009
gabaa	p2x_nonmetazoan	cysloop	p2x	0.23998	0.24046	0.23952	1.788E+00	0.000
gabaa	pacc	cysloop	pac	0.27535	0.29856	0.25571		
gabaa	pannexin	cysloop	innexin_like	0.27435	0.32927	0.23564		
gabaa	piezo	cysloop	piezo	0.15017	0.34497	0.0976		
gabaa	plgic_invertebrate	cysloop	cysloop	0.88691	0.91055	0.86447	8.400E-38	1.000
gabaa	plgic_prok	cysloop	cysloop	0.85115	0.89024	0.81536	3.814E-26	1.000
gabaa	tmc	cysloop	tmem16_like	0.21199	0.26823	0.17604	4.853E+00	0.000
gabaa	tmco1	cysloop	tmco1	0.25587	0.43877	0.18169	6.629E-01	0.029
gabaa	tmem109	cysloop	tmem109	0.18556	0.31232	0.13256		
gabaa	tmem175	cysloop	tmem175	0.27433	0.29259	0.25826	1.335E+00	0.040
gabaa	tmem87	cysloop	tmem87	0.27448	0.28096	0.26834	1.335E+00	0.010
gabaa	tpc	cysloop	ploop	0.20716	0.45589	0.13397	2.537E+00	0.000
gabaa	tric	cysloop	tric	0.27999	0.32886	0.24409	6.436E+00	0.000
gabaa	trpa	cysloop	ploop	0.21245	0.42105	0.1432		
gabaa	trpc	cysloop	ploop	0.24102	0.47351	0.16225		
gabaa	trpm	cysloop	ploop	0.22672	0.38014	0.1624	5.409E+00	0.000
gabaa	trpml	cysloop	ploop	0.21493	0.43913	0.14277	7.651E+00	0.000
gabaa	trpn	cysloop	ploop	0.25057	0.54732	0.1622	4.286E+00	0.009
gabaa	trpp	cysloop	ploop	0.21136	0.50296	0.13427	5.965E+00	0.000
gabaa	trpv	cysloop	ploop	0.23214	0.579	0.14565	5.732E+00	0.000
gabaa	tweety	cysloop	tweety	0.23362	0.24864	0.2204	6.436E+00	0.000
gabaa	vdac	cysloop	porin	0.18494	0.19966	0.17213	1.121E+00	0.000
gabaa	viroporin	cysloop	viroporin	0.15717	0.62355	0.0903		
gabaa	zac	cysloop	cysloop	0.81212	0.87044	0.76117	6.166E-20	1.000
glyr	gphr	cysloop	gphr	0.19364	0.19458	0.19271	8.867E+00	0.000
glyr	hcn	cysloop	ploop	0.23444	0.50732	0.15263	8.393E+00	0.000
glyr	ht3	cysloop	cysloop	0.81363	0.82862	0.79917	1.492E-24	1.000
glyr	hv1	cysloop	hv	0.26852	0.49262	0.18617	9.890E+00	0.000
glyr	iglur_nonvertebrate	cysloop	iglur	0.18307	0.56325	0.10926	6.726E+00	0.000
glyr	iglur_prok	cysloop	iglur	0.22718	0.48004	0.1495	1.252E+00	0.010
glyr	innexin	cysloop	innexin_like	0.26261	0.31806	0.22411	9.890E+00	0.000
glyr	itpr	cysloop	ca_release	0.20365	0.51764	0.12555		
glyr	k2p	cysloop	ploop	0.16823	0.31033	0.11556		
glyr	kainate	cysloop	iglur	0.23893	0.49944	0.15732		
glyr	kca_sk	cysloop	ploop	0.18027	0.4182	0.11509	3.073E+00	0.000
glyr	kca_slo	cysloop	ploop	0.19683	0.41212	0.13055	6.361E+00	0.000
glyr	kcsa_prok	cysloop	ploop	0.21739	0.49678	0.1389	3.636E+00	0.000
glyr	kir	cysloop	ploop	0.20775	0.41676	0.1395		
glyr	kv_eag	cysloop	ploop	0.21171	0.44953	0.13838	7.942E+00	0.000
glyr	kv_kcnq	cysloop	ploop	0.22611	0.50617	0.14556	1.657E+00	0.010
glyr	kv_modifier	cysloop	ploop	0.22598	0.52577	0.14422	4.302E+00	0.000
glyr	kv_shaker	cysloop	ploop	0.23425	0.52113	0.15126	3.250E+00	0.000
glyr	kv_shaker:VSD	cysloop	ploop	0.26101	0.48339	0.18064	8.448E-01	0.024
glyr	lrrc8	cysloop	innexin_like	0.26246	0.32248	0.22187		
glyr	mcu	cysloop	mcu	0.23687	0.27295	0.20949		
glyr	mitok	cysloop	mitok	0.24595	0.29974	0.20901	1.657E+00	0.010
glyr	mscl	cysloop	msc	0.18054	0.32407	0.12642		
glyr	mscs	cysloop	msc	0.23772	0.27148	0.21193	5.123E+00	0.000
glyr	nachr	cysloop	cysloop	0.81138	0.81841	0.80447	9.518E-25	1.000
glyr	nalcn	cysloop	ploop	0.18741	0.30318	0.13613		
glyr	nav	cysloop	ploop	0.1959	0.29794	0.14711	7.515E+00	0.000
glyr	nmda	cysloop	iglur	0.1815	0.45233	0.11366		
glyr	orai	cysloop	orai	0.28552	0.39479	0.2245	4.302E+00	0.000
glyr	osca_tmem63	cysloop	tmem16_like	0.2111	0.2424	0.18725		
glyr	otop	cysloop	otopetrin	0.23337	0.24258	0.22488	8.121E+00	0.000
glyr	p2x	cysloop	p2x	0.18985	0.22039	0.16697	4.818E-01	0.000
glyr	p2x_nonmetazoan	cysloop	p2x	0.25769	0.26578	0.2501	5.690E+00	0.000
glyr	pacc	cysloop	pac	0.2546	0.28789	0.22862		
glyr	pannexin	cysloop	innexin_like	0.25952	0.3207	0.21837	6.017E+00	0.000
glyr	piezo	cysloop	piezo	0.15097	0.32562	0.10012	6.017E+00	0.000
glyr	plgic_invertebrate	cysloop	cysloop	0.87834	0.89243	0.86468	3.292E-43	1.000
glyr	plgic_prok	cysloop	cysloop	0.83465	0.91183	0.76955	4.339E-27	1.000
glyr	tmc	cysloop	tmem16_like	0.22138	0.27063	0.18785		
glyr	tmco1	cysloop	tmco1	0.22457	0.38653	0.15946	4.550E+00	0.000
glyr	tmem109	cysloop	tmem109	0.21318	0.40196	0.14597		
glyr	tmem175	cysloop	tmem175	0.24189	0.25115	0.23328	1.753E+00	0.045
glyr	tmem87	cysloop	tmem87	0.25293	0.256	0.24993	1.058E+00	0.010
glyr	tpc	cysloop	ploop	0.18515	0.40723	0.12173	1.400E+00	0.009
glyr	tric	cysloop	tric	0.21672	0.26342	0.18448	5.690E+00	0.000
glyr	trpa	cysloop	ploop	0.20384	0.40552	0.13678		
glyr	trpc	cysloop	ploop	0.23631	0.48493	0.15691		
glyr	trpm	cysloop	ploop	0.20238	0.36926	0.14009	9.557E+00	0.000
glyr	trpml	cysloop	ploop	0.19816	0.42478	0.13003	5.690E+00	0.000
glyr	trpn	cysloop	ploop	0.24809	0.59786	0.15662		
glyr	trpp	cysloop	ploop	0.17286	0.40783	0.10981		
glyr	trpv	cysloop	ploop	0.20713	0.54026	0.12855	2.455E+00	0.007
glyr	tweety	cysloop	tweety	0.22611	0.23243	0.22013	4.550E+00	0.000
glyr	vdac	cysloop	porin	0.18925	0.21163	0.17133	9.998E-01	0.000
glyr	viroporin	cysloop	viroporin	0.14668	0.65547	0.08246		
glyr	zac	cysloop	cysloop	0.78991	0.88414	0.71394	6.419E-22	1.000
gphr	hcn	gphr	ploop	0.24173	0.47592	0.16383	4.746E+00	0.000
gphr	ht3	gphr	cysloop	0.25366	0.25615	0.25117	5.864E+00	0.000
gphr	hv1	gphr	hv	0.24737	0.48418	0.16783	6.677E+00	0.000
gphr	iglur_nonvertebrate	gphr	iglur	0.19714	0.53993	0.12016		
gphr	iglur_prok	gphr	iglur	0.23519	0.48065	0.15738	8.775E+00	0.000
gphr	innexin	gphr	innexin_like	0.2562	0.30535	0.22123	8.280E+00	0.000
gphr	itpr	gphr	ca_release	0.19687	0.50535	0.12239		
gphr	k2p	gphr	ploop	0.17889	0.31751	0.12557	2.886E+00	0.008
gphr	kainate	gphr	iglur	0.2161	0.43317	0.14431		
gphr	kca_sk	gphr	ploop	0.25332	0.59313	0.16239	6.972E+00	0.000
gphr	kca_slo	gphr	ploop	0.25265	0.51393	0.16866		
gphr	kcsa_prok	gphr	ploop	0.25527	0.60103	0.16378	8.641E+00	0.007
gphr	kir	gphr	ploop	0.2161	0.43668	0.14536		
gphr	kv_eag	gphr	ploop	0.19543	0.40217	0.12952	2.555E+00	0.000
gphr	kv_kcnq	gphr	ploop	0.24103	0.5063	0.15926	9.408E+00	0.000
gphr	kv_modifier	gphr	ploop	0.2009	0.44903	0.13038	7.973E+00	0.000
gphr	kv_shaker	gphr	ploop	0.23011	0.48916	0.15031	7.372E+00	0.000
gphr	kv_shaker:VSD	gphr	ploop	0.25564	0.51304	0.17258	4.930E+00	0.000
gphr	lrrc8	gphr	innexin_like	0.2373	0.29601	0.19863	3.966E+00	0.011
gphr	mcu	gphr	mcu	0.20511	0.24427	0.17723		
gphr	mitok	gphr	mitok	0.24119	0.31047	0.1974	2.680E+00	0.009
gphr	mscl	gphr	msc	0.19476	0.35018	0.1358		
gphr	mscs	gphr	msc	0.24036	0.28085	0.21036	2.251E+00	0.011
gphr	nachr	gphr	cysloop	0.25807	0.25858	0.25757	6.124E+00	0.000
gphr	nalcn	gphr	ploop	0.22863	0.34553	0.17218		
gphr	nav	gphr	ploop	0.22042	0.33747	0.16533	6.972E+00	0.000
gphr	nmda	gphr	iglur	0.22076	0.58257	0.13709	9.818E+00	0.000
gphr	orai	gphr	orai	0.29198	0.40209	0.23037	7.274E+00	0.000
gphr	osca_tmem63	gphr	tmem16_like	0.27815	0.3185	0.24715	8.280E+00	0.000
gphr	otop	gphr	otopetrin	0.27871	0.28853	0.2695	3.934E-01	0.020
gphr	p2x	gphr	p2x	0.22169	0.25455	0.19666		
gphr	p2x_nonmetazoan	gphr	p2x	0.20163	0.20914	0.19481		
gphr	pacc	gphr	pac	0.18821	0.21132	0.16989		
gphr	pannexin	gphr	innexin_like	0.22267	0.29092	0.18079		
gphr	piezo	gphr	piezo	0.12714	0.2831	0.08334	4.257E+00	0.000
gphr	plgic_invertebrate	gphr	cysloop	0.24188	0.24606	0.23785		
gphr	plgic_prok	gphr	cysloop	0.25912	0.27883	0.24208		
gphr	tmc	gphr	tmem16_like	0.272	0.32967	0.23215	1.073E+00	0.011
gphr	tmco1	gphr	tmco1	0.23405	0.46098	0.15771	2.155E+00	0.063
gphr	tmem109	gphr	tmem109	0.21695	0.40341	0.15034		
gphr	tmem175	gphr	tmem175	0.29597	0.30388	0.28852		
gphr	tmem87	gphr	tmem87	0.28309	0.28786	0.27849	4.519E+00	0.000
gphr	tpc	gphr	ploop	0.22672	0.48305	0.14878	9.815E+00	0.000
gphr	tric	gphr	tric	0.26717	0.3247	0.22731	3.054E+00	0.000
gphr	trpa	gphr	ploop	0.23215	0.49555	0.15282		
gphr	trpc	gphr	ploop	0.23467	0.49035	0.15529	7.599E+00	0.000
gphr	trpm	gphr	ploop	0.21897	0.38595	0.15427	7.597E+00	0.000
gphr	trpml	gphr	ploop	0.22451	0.50044	0.14647	6.677E+00	0.000
gphr	trpn	gphr	ploop	0.23281	0.54813	0.14853	8.641E+00	0.000
gphr	trpp	gphr	ploop	0.18671	0.45423	0.11801	5.864E+00	0.000
gphr	trpv	gphr	ploop	0.19837	0.48762	0.12517		
gphr	tweety	gphr	tweety	0.26716	0.27384	0.26097	7.568E-01	0.010
gphr	vdac	gphr	porin	0.1981	0.2243	0.17754		
gphr	viroporin	gphr	viroporin	0.16849	0.74996	0.09524		
gphr	zac	gphr	cysloop	0.2553	0.28094	0.2341	8.495E+00	0.000
hcn	ht3	ploop	cysloop	0.20726	0.43282	0.13641		
hcn	hv1	ploop	hv	0.40525	0.40688	0.40364	4.256E+00	0.000
hcn	iglur_nonvertebrate	ploop	iglur	0.58932	0.70498	0.50346	4.031E+00	0.014
hcn	iglur_prok	ploop	iglur	0.70716	0.71615	0.69839	1.114E-02	0.999
hcn	innexin	ploop	innexin_like	0.33449	0.51308	0.24892	9.069E+00	0.000
hcn	itpr	ploop	ca_release	0.53102	0.61777	0.46251	8.151E+00	0.000
hcn	k2p	ploop	ploop	0.39441	0.44027	0.35728	3.658E-01	0.116
hcn	kainate	ploop	iglur	0.65987	0.65987	0.65987	1.546E-02	0.949
hcn	kca_sk	ploop	ploop	0.71509	0.7801	0.65958	2.391E-02	0.923
hcn	kca_slo	ploop	ploop	0.68244	0.70289	0.66312	9.990E-03	0.996
hcn	kcsa_prok	ploop	ploop	0.66103	0.70577	0.62132	8.958E-03	0.998
hcn	kir	ploop	ploop	0.71276	0.71558	0.70996	2.030E-02	0.992
hcn	kv_eag	ploop	ploop	0.85311	0.85702	0.84924	2.729E-04	1.000
hcn	kv_kcnq	ploop	ploop	0.68829	0.71699	0.66167	7.120E-02	0.900
hcn	kv_modifier	ploop	ploop	0.71867	0.76206	0.67985	1.177E-02	0.992
hcn	kv_shaker	ploop	ploop	0.69395	0.71781	0.67158	2.030E-02	0.994
hcn	kv_shaker:VSD	ploop	ploop	0.36057	0.37062	0.35105	7.725E+00	0.000
hcn	lrrc8	ploop	innexin_like	0.36439	0.53129	0.27725	5.897E+00	0.000
hcn	mcu	ploop	mcu	0.26093	0.41752	0.19004	2.337E+00	0.009
hcn	mitok	ploop	mitok	0.29596	0.4503	0.22039		
hcn	mscl	ploop	msc	0.35152	0.38339	0.32465		
hcn	mscs	ploop	msc	0.26215	0.43012	0.18907		
hcn	nachr	ploop	cysloop	0.20527	0.43436	0.13448	1.355E+00	0.016
hcn	nalcn	ploop	ploop	0.56543	0.67751	0.4851	3.817E+00	0.007
hcn	nav	ploop	ploop	0.5671	0.6829	0.48498	1.355E+00	0.063
hcn	nmda	ploop	iglur	0.63289	0.73233	0.55628	1.370E-01	0.537
hcn	orai	ploop	orai	0.32433	0.42914	0.26179	5.586E+00	0.000
hcn	osca_tmem63	ploop	tmem16_like	0.17136	0.43981	0.10739	9.728E+00	0.000
hcn	otop	ploop	otopetrin	0.21705	0.45657	0.14453		
hcn	p2x	ploop	p2x	0.15116	0.38548	0.09568	7.220E+00	0.000
hcn	p2x_nonmetazoan	ploop	p2x	0.21997	0.41946	0.1501		
hcn	pacc	ploop	pac	0.21508	0.3308	0.15988		
hcn	pannexin	ploop	innexin_like	0.34753	0.49501	0.26867	7.320E+00	0.000
hcn	piezo	ploop	piezo	0.08453	0.50642	0.04704		
hcn	plgic_invertebrate	ploop	cysloop	0.22045	0.45403	0.14587	2.907E+00	0.007
hcn	plgic_prok	ploop	cysloop	0.25578	0.47621	0.17474	7.320E+00	0.000
hcn	tmc	ploop	tmem16_like	0.18731	0.51149	0.11625	3.070E+00	0.007
hcn	tmco1	ploop	tmco1	0.40245	0.42692	0.38071	8.151E+00	0.000
hcn	tmem109	ploop	tmem109	0.30103	0.32738	0.27875		
hcn	tmem175	ploop	tmem175	0.23972	0.48863	0.16091	9.397E+00	0.000
hcn	tmem87	ploop	tmem87	0.23623	0.46174	0.16052	4.746E+00	0.000
hcn	tpc	ploop	ploop	0.66132	0.7108	0.61811	1.596E+00	0.045
hcn	tric	ploop	tric	0.2705	0.38577	0.20887	6.571E+00	0.000
hcn	trpa	ploop	ploop	0.56626	0.57032	0.56229		
hcn	trpc	ploop	ploop	0.64567	0.64815	0.64321	1.089E+00	0.063
hcn	trpm	ploop	ploop	0.56332	0.60153	0.52943	3.423E+00	0.011
hcn	trpml	ploop	ploop	0.60184	0.63906	0.56852		
hcn	trpn	ploop	ploop	0.64667	0.68756	0.61021	5.359E-01	0.150
hcn	trpp	ploop	ploop	0.63897	0.7108	0.58003	1.089E+00	0.045
hcn	trpv	ploop	ploop	0.56346	0.63427	0.50817	4.256E+00	0.009
hcn	tweety	ploop	tweety	0.27206	0.56359	0.18039	2.607E+00	0.009
hcn	vdac	ploop	porin	0.17778	0.28443	0.12986		
hcn	viroporin	ploop	viroporin	0.39099	0.62059	0.28304		
hcn	zac	ploop	cysloop	0.2629	0.46641	0.1831		
ht3	hv1	cysloop	hv	0.27731	0.52564	0.19034	8.839E+00	0.000
ht3	iglur_nonvertebrate	cysloop	iglur	0.17504	0.48263	0.10615	9.863E+00	0.000
ht3	iglur_prok	cysloop	iglur	0.1799	0.36638	0.11963	5.352E+00	0.000
ht3	innexin	cysloop	innexin_like	0.28028	0.35152	0.23348	9.863E+00	0.000
ht3	itpr	cysloop	ca_release	0.21036	0.61772	0.12616	3.413E+00	0.000
ht3	k2p	cysloop	ploop	0.17539	0.31347	0.1225		
ht3	kainate	cysloop	iglur	0.2414	0.52631	0.15718	4.920E+00	0.000
ht3	kca_sk	cysloop	ploop	0.21155	0.5259	0.13234		
ht3	kca_slo	cysloop	ploop	0.19303	0.37555	0.12976	9.311E+00	0.000
ht3	kcsa_prok	cysloop	ploop	0.20591	0.47922	0.13095	7.913E+00	0.000
ht3	kir	cysloop	ploop	0.20792	0.42396	0.138		
ht3	kv_eag	cysloop	ploop	0.20749	0.46198	0.13399	8.076E+00	0.000
ht3	kv_kcnq	cysloop	ploop	0.18907	0.43422	0.12228	5.661E+00	0.000
ht3	kv_modifier	cysloop	ploop	0.20983	0.50258	0.13255	4.583E+00	0.000
ht3	kv_shaker	cysloop	ploop	0.20427	0.46257	0.13134	9.614E+00	0.000
ht3	kv_shaker:VSD	cysloop	ploop	0.25951	0.49663	0.17789	1.836E+00	0.014
ht3	lrrc8	cysloop	innexin_like	0.30264	0.39025	0.24772	3.820E+00	0.000
ht3	mcu	cysloop	mcu	0.23944	0.27836	0.21055	8.364E+00	0.000
ht3	mitok	cysloop	mitok	0.26022	0.33147	0.21472		
ht3	mscl	cysloop	msc	0.19322	0.3591	0.13359		
ht3	mscs	cysloop	msc	0.24286	0.2799	0.21481	4.041E+00	0.000
ht3	nachr	cysloop	cysloop	0.91231	0.92137	0.90343	5.610E-37	1.000
ht3	nalcn	cysloop	ploop	0.21753	0.37007	0.1546	9.338E+00	0.000
ht3	nav	cysloop	ploop	0.21639	0.33127	0.16171	9.338E+00	0.000
ht3	nmda	cysloop	iglur	0.18082	0.47171	0.11148		
ht3	orai	cysloop	orai	0.27921	0.39378	0.21702	6.696E+00	0.000
ht3	osca_tmem63	cysloop	tmem16_like	0.20155	0.22769	0.18101	2.848E+00	0.000
ht3	otop	cysloop	otopetrin	0.20098	0.20541	0.19682	4.700E+00	0.000
ht3	p2x	cysloop	p2x	0.22036	0.25023	0.19718	1.385E+00	0.000
ht3	p2x_nonmetazoan	cysloop	p2x	0.24518	0.25599	0.23524	9.863E+00	0.000
ht3	pacc	cysloop	pac	0.2613	0.30017	0.23171		
ht3	pannexin	cysloop	innexin_like	0.30059	0.39214	0.24417	5.661E+00	0.000
ht3	piezo	cysloop	piezo	0.14418	0.30938	0.09565		
ht3	plgic_invertebrate	cysloop	cysloop	0.80606	0.83397	0.77997	2.880E-24	1.000
ht3	plgic_prok	cysloop	cysloop	0.77327	0.85759	0.70413	8.175E-21	1.000
ht3	tmc	cysloop	tmem16_like	0.21267	0.25246	0.18418		
ht3	tmco1	cysloop	tmco1	0.25308	0.47165	0.17424	2.434E+00	0.009
ht3	tmem109	cysloop	tmem109	0.18111	0.37402	0.12008		
ht3	tmem175	cysloop	tmem175	0.2501	0.25459	0.24573	8.629E+00	0.000
ht3	tmem87	cysloop	tmem87	0.24151	0.24795	0.23537	2.724E+00	0.000
ht3	tpc	cysloop	ploop	0.18138	0.44415	0.11497	2.575E+00	0.008
ht3	tric	cysloop	tric	0.26124	0.32502	0.2191	5.589E+00	0.000
ht3	trpa	cysloop	ploop	0.20857	0.44633	0.13708		
ht3	trpc	cysloop	ploop	0.23731	0.51793	0.15434		
ht3	trpm	cysloop	ploop	0.2146	0.42361	0.14412		
ht3	trpml	cysloop	ploop	0.20754	0.45696	0.1351		
ht3	trpn	cysloop	ploop	0.24274	0.60505	0.15188	6.696E+00	0.000
ht3	trpp	cysloop	ploop	0.17317	0.40554	0.11115		
ht3	trpv	cysloop	ploop	0.21048	0.553	0.1297	3.820E+00	0.000
ht3	tweety	cysloop	tweety	0.22787	0.23107	0.22476	9.863E+00	0.000
ht3	vdac	cysloop	porin	0.18438	0.20978	0.16471	2.575E+00	0.000
ht3	viroporin	cysloop	viroporin	0.14712	0.70532	0.08223		
ht3	zac	cysloop	cysloop	0.78234	0.89534	0.69479	5.158E-22	1.000
hv1	iglur_nonvertebrate	hv	iglur	0.42291	0.50455	0.36161	9.576E+00	0.000
hv1	iglur_prok	hv	iglur	0.3785	0.38459	0.37261	3.209E+00	0.000
hv1	innexin	hv	innexin_like	0.32168	0.47936	0.24243		
hv1	itpr	hv	ca_release	0.47066	0.57744	0.39606	4.821E+00	0.007
hv1	k2p	hv	ploop	0.29216	0.32546	0.26536		
hv1	kainate	hv	iglur	0.38428	0.38577	0.38281		
hv1	kca_sk	hv	ploop	0.42789	0.4689	0.39337	9.891E+00	0.000
hv1	kca_slo	hv	ploop	0.41475	0.42801	0.40224	9.005E+00	0.000
hv1	kcsa_prok	hv	ploop	0.42776	0.46287	0.39749	7.578E+00	0.000
hv1	kir	hv	ploop	0.35573	0.35573	0.35573		
hv1	kv_eag	hv	ploop	0.38333	0.38333	0.38333	4.941E+00	0.000
hv1	kv_kcnq	hv	ploop	0.40404	0.42244	0.38725	7.178E+00	0.000
hv1	kv_modifier	hv	ploop	0.36019	0.38072	0.34178	7.973E+00	0.000
hv1	kv_shaker	hv	ploop	0.38302	0.39671	0.37019	5.340E+00	0.000
hv1	kv_shaker:VSD	hv	ploop	0.5922	0.60444	0.58041	9.343E-01	0.040
hv1	lrrc8	hv	innexin_like	0.33615	0.49712	0.25449		
hv1	mcu	hv	mcu	0.23229	0.36567	0.17118	6.178E+00	0.000
hv1	mitok	hv	mitok	0.25794	0.40252	0.18953	8.663E+00	0.000
hv1	mscl	hv	msc	0.3065	0.33457	0.28307		
hv1	mscs	hv	msc	0.24624	0.40449	0.17914		
hv1	nachr	hv	cysloop	0.27856	0.52674	0.19118		
hv1	nalcn	hv	ploop	0.35171	0.41575	0.30517		
hv1	nav	hv	ploop	0.34076	0.40687	0.29296		
hv1	nmda	hv	iglur	0.40881	0.48268	0.35424		
hv1	orai	hv	orai	0.42041	0.55342	0.33784	6.199E+00	0.000
hv1	osca_tmem63	hv	tmem16_like	0.19578	0.46925	0.12475		
hv1	otop	hv	otopetrin	0.27905	0.57546	0.18626	5.565E+00	0.000
hv1	p2x	hv	p2x	0.13086	0.32892	0.08254		
hv1	p2x_nonmetazoan	hv	p2x	0.21034	0.36694	0.14867		
hv1	pacc	hv	pac	0.26594	0.48948	0.18241		
hv1	pannexin	hv	innexin_like	0.34156	0.48987	0.26233		
hv1	piezo	hv	piezo	0.08109	0.53335	0.04437		
hv1	plgic_invertebrate	hv	cysloop	0.27251	0.50357	0.18843	8.466E+00	0.000
hv1	plgic_prok	hv	cysloop	0.29851	0.50937	0.21223	3.101E+00	0.007
hv1	tmc	hv	tmem16_like	0.1753	0.4812	0.10829	5.467E+00	0.000
hv1	tmco1	hv	tmco1	0.47903	0.50983	0.45174	7.957E+00	0.000
hv1	tmem109	hv	tmem109	0.29252	0.31679	0.27164	9.005E+00	0.000
hv1	tmem175	hv	tmem175	0.24583	0.47702	0.16586	5.134E+00	0.000
hv1	tmem87	hv	tmem87	0.30831	0.60113	0.20878		
hv1	tpc	hv	ploop	0.39206	0.4185	0.36862	9.576E+00	0.000
hv1	tric	hv	tric	0.2851	0.39492	0.22266	6.199E+00	0.000
hv1	trpa	hv	ploop	0.34843	0.352	0.34493		
hv1	trpc	hv	ploop	0.37477	0.37477	0.37477		
hv1	trpm	hv	ploop	0.36555	0.39128	0.34297		
hv1	trpml	hv	ploop	0.40409	0.42999	0.38102	6.862E+00	0.000
hv1	trpn	hv	ploop	0.3953	0.42306	0.37117	7.712E+00	0.000
hv1	trpp	hv	ploop	0.41363	0.46069	0.37507		
hv1	trpv	hv	ploop	0.44937	0.51741	0.39693		
hv1	tweety	hv	tweety	0.2743	0.59319	0.1795	6.632E+00	0.000
hv1	vdac	hv	porin	0.1785	0.26511	0.13542		
hv1	viroporin	hv	viroporin	0.38263	0.63217	0.27305		
hv1	zac	hv	cysloop	0.32656	0.54086	0.23456		
iglur_nonvertebrate	iglur_prok	iglur	iglur	0.60801	0.72695	0.52089	2.789E-01	0.442
iglur_nonvertebrate	innexin	iglur	innexin_like	0.23734	0.48963	0.15612	9.766E+00	0.000
iglur_nonvertebrate	itpr	iglur	ca_release	0.59022	0.59631	0.58422	3.001E+00	0.008
iglur_nonvertebrate	k2p	iglur	ploop	0.31777	0.43979	0.24738	4.172E+00	0.007
iglur_nonvertebrate	kainate	iglur	iglur	0.65139	0.81274	0.5425	2.023E-01	0.632
iglur_nonvertebrate	kca_sk	iglur	ploop	0.6843	0.75722	0.62304	2.177E+00	0.045
iglur_nonvertebrate	kca_slo	iglur	ploop	0.53766	0.61184	0.47648	2.815E+00	0.034
iglur_nonvertebrate	kcsa_prok	iglur	ploop	0.62916	0.70442	0.56707	4.701E+00	0.008
iglur_nonvertebrate	kir	iglur	ploop	0.49715	0.60111	0.42344	9.448E-01	0.098
iglur_nonvertebrate	kv_eag	iglur	ploop	0.60284	0.72807	0.51138	1.796E+00	0.040
iglur_nonvertebrate	kv_kcnq	iglur	ploop	0.50425	0.57304	0.44912	1.579E+00	0.063
iglur_nonvertebrate	kv_modifier	iglur	ploop	0.6381	0.73012	0.56589	2.815E+00	0.020
iglur_nonvertebrate	kv_shaker	iglur	ploop	0.57995	0.67168	0.50842	2.640E+00	0.010
iglur_nonvertebrate	kv_shaker:VSD	iglur	ploop	0.33755	0.40963	0.28663	5.012E+00	0.000
iglur_nonvertebrate	lrrc8	iglur	innexin_like	0.31204	0.59581	0.21001		
iglur_nonvertebrate	mcu	iglur	mcu	0.20244	0.44373	0.13257	9.715E+00	0.000
iglur_nonvertebrate	mitok	iglur	mitok	0.26039	0.512	0.17342		
iglur_nonvertebrate	mscl	iglur	msc	0.27941	0.34386	0.23679		
iglur_nonvertebrate	mscs	iglur	msc	0.20118	0.45847	0.1309		
iglur_nonvertebrate	nachr	iglur	cysloop	0.18287	0.55684	0.10965	7.347E+00	0.000
iglur_nonvertebrate	nalcn	iglur	ploop	0.41928	0.5772	0.32458	7.347E+00	0.000
iglur_nonvertebrate	nav	iglur	ploop	0.43005	0.60326	0.32977		
iglur_nonvertebrate	nmda	iglur	iglur	0.77866	0.81511	0.74517	9.271E-03	1.000
iglur_nonvertebrate	orai	iglur	orai	0.29691	0.50228	0.20965	9.517E+00	0.000
iglur_nonvertebrate	osca_tmem63	iglur	tmem16_like	0.15241	0.51324	0.08972		
iglur_nonvertebrate	otop	iglur	otopetrin	0.16595	0.46906	0.10042		
iglur_nonvertebrate	p2x	iglur	p2x	0.12106	0.44614	0.07096		
iglur_nonvertebrate	p2x_nonmetazoan	iglur	p2x	0.15844	0.42923	0.09853		
iglur_nonvertebrate	pacc	iglur	pac	0.20844	0.44728	0.13479		
iglur_nonvertebrate	pannexin	iglur	innexin_like	0.30118	0.56041	0.2055		
iglur_nonvertebrate	piezo	iglur	piezo	0.0592	0.50315	0.03192		
iglur_nonvertebrate	plgic_invertebrate	iglur	cysloop	0.19257	0.53882	0.11656	8.878E+00	0.000
iglur_nonvertebrate	plgic_prok	iglur	cysloop	0.21617	0.53933	0.13497		
iglur_nonvertebrate	tmc	iglur	tmem16_like	0.11825	0.47041	0.06793		
iglur_nonvertebrate	tmco1	iglur	tmco1	0.37661	0.48193	0.30692		
iglur_nonvertebrate	tmem109	iglur	tmem109	0.28067	0.38135	0.22228		
iglur_nonvertebrate	tmem175	iglur	tmem175	0.20597	0.58346	0.12659		
iglur_nonvertebrate	tmem87	iglur	tmem87	0.19559	0.54442	0.11849		
iglur_nonvertebrate	tpc	iglur	ploop	0.6187	0.69308	0.55771	6.895E+00	0.000
iglur_nonvertebrate	tric	iglur	tric	0.27287	0.54198	0.18271		
iglur_nonvertebrate	trpa	iglur	ploop	0.59747	0.71843	0.50934	2.042E+00	0.024
iglur_nonvertebrate	trpc	iglur	ploop	0.59536	0.72646	0.50176	5.012E+00	0.000
iglur_nonvertebrate	trpm	iglur	ploop	0.56794	0.756	0.45259	3.638E+00	0.000
iglur_nonvertebrate	trpml	iglur	ploop	0.62225	0.70354	0.55595	8.337E+00	0.000
iglur_nonvertebrate	trpn	iglur	ploop	0.61709	0.69675	0.55245	4.409E+00	0.014
iglur_nonvertebrate	trpp	iglur	ploop	0.64459	0.69814	0.5976	6.470E+00	0.000
iglur_nonvertebrate	trpv	iglur	ploop	0.69935	0.74243	0.6607	4.136E+00	0.011
iglur_nonvertebrate	tweety	iglur	tweety	0.2121	0.60515	0.12855		
iglur_nonvertebrate	vdac	iglur	porin	0.13619	0.24878	0.09408		
iglur_nonvertebrate	viroporin	iglur	viroporin	0.42472	0.5232	0.35656		
iglur_nonvertebrate	zac	iglur	cysloop	0.2149	0.50001	0.13633		
iglur_prok	innexin	iglur	innexin_like	0.28693	0.46119	0.20854	7.530E+00	0.000
iglur_prok	itpr	iglur	ca_release	0.49066	0.5603	0.43394	7.500E+00	0.000
iglur_prok	k2p	iglur	ploop	0.40785	0.46688	0.36215	5.296E-02	0.601
iglur_prok	kainate	iglur	iglur	0.68099	0.68958	0.67262	2.511E-02	0.991
iglur_prok	kca_sk	iglur	ploop	0.74723	0.80805	0.69463	3.140E-03	1.000
iglur_prok	kca_slo	iglur	ploop	0.74053	0.75495	0.72665	1.570E-03	1.000
iglur_prok	kcsa_prok	iglur	ploop	0.70053	0.74534	0.66074	1.152E-04	1.000
iglur_prok	kir	iglur	ploop	0.71105	0.72344	0.69907	1.554E-02	0.998
iglur_prok	kv_eag	iglur	ploop	0.74563	0.75902	0.73269	1.943E-03	1.000
iglur_prok	kv_kcnq	iglur	ploop	0.73446	0.75837	0.71197	1.765E-04	1.000
iglur_prok	kv_modifier	iglur	ploop	0.77405	0.81377	0.73798	2.537E-03	1.000
iglur_prok	kv_shaker	iglur	ploop	0.75466	0.77278	0.73735	4.369E-04	1.000
iglur_prok	kv_shaker:VSD	iglur	ploop	0.35877	0.37369	0.34501	6.402E+00	0.000
iglur_prok	lrrc8	iglur	innexin_like	0.32745	0.47992	0.24971	5.759E+00	0.000
iglur_prok	mcu	iglur	mcu	0.26988	0.43399	0.19693	3.971E+00	0.000
iglur_prok	mitok	iglur	mitok	0.28576	0.44238	0.21095	3.209E+00	0.007
iglur_prok	mscl	iglur	msc	0.33606	0.36365	0.3121		
iglur_prok	mscs	iglur	msc	0.24516	0.39529	0.17758		
iglur_prok	nachr	iglur	cysloop	0.19824	0.42171	0.12973	3.043E+00	0.000
iglur_prok	nalcn	iglur	ploop	0.5613	0.68574	0.47503	3.971E+00	0.014
iglur_prok	nav	iglur	ploop	0.54806	0.66882	0.46427	4.416E+00	0.007
iglur_prok	nmda	iglur	iglur	0.69534	0.80249	0.61262	3.457E-02	0.994
iglur_prok	orai	iglur	orai	0.32501	0.4286	0.26196	6.750E+00	0.000
iglur_prok	osca_tmem63	iglur	tmem16_like	0.19963	0.51393	0.12411	8.185E+00	0.000
iglur_prok	otop	iglur	otopetrin	0.20493	0.449	0.1328	9.198E+00	0.000
iglur_prok	p2x	iglur	p2x	0.14853	0.37005	0.09384		
iglur_prok	p2x_nonmetazoan	iglur	p2x	0.2034	0.39238	0.13795		
iglur_prok	pacc	iglur	pac	0.21914	0.35832	0.15737		
iglur_prok	pannexin	iglur	innexin_like	0.30224	0.43785	0.22996	9.244E+00	0.000
iglur_prok	piezo	iglur	piezo	0.07398	0.45234	0.04081		
iglur_prok	plgic_invertebrate	iglur	cysloop	0.20682	0.40554	0.13995	1.443E+00	0.014
iglur_prok	plgic_prok	iglur	cysloop	0.21179	0.37666	0.14899	5.180E+00	0.000
iglur_prok	tmc	iglur	tmem16_like	0.1653	0.43477	0.10245	3.385E+00	0.007
iglur_prok	tmco1	iglur	tmco1	0.40378	0.43114	0.37956	6.750E+00	0.000
iglur_prok	tmem109	iglur	tmem109	0.29297	0.32238	0.26871		
iglur_prok	tmem175	iglur	tmem175	0.24945	0.54122	0.16423		
iglur_prok	tmem87	iglur	tmem87	0.2273	0.42235	0.15699	3.369E+00	0.000
iglur_prok	tpc	iglur	ploop	0.66906	0.71082	0.63181	5.296E-02	0.277
iglur_prok	tric	iglur	tric	0.24337	0.37877	0.1801	3.765E+00	0.000
iglur_prok	trpa	iglur	ploop	0.65652	0.65915	0.65391	7.216E-01	0.082
iglur_prok	trpc	iglur	ploop	0.58428	0.59254	0.57623	7.216E-01	0.179
iglur_prok	trpm	iglur	ploop	0.58755	0.64033	0.5426	8.775E+00	0.000
iglur_prok	trpml	iglur	ploop	0.63861	0.67082	0.60919	1.105E+00	0.057
iglur_prok	trpn	iglur	ploop	0.5234	0.54492	0.50324	3.806E-01	0.411
iglur_prok	trpp	iglur	ploop	0.6776	0.74272	0.62244	2.764E-01	0.411
iglur_prok	trpv	iglur	ploop	0.71118	0.80791	0.63434	4.416E+00	0.010
iglur_prok	tweety	iglur	tweety	0.25609	0.53382	0.16974	8.775E+00	0.000
iglur_prok	vdac	iglur	porin	0.16593	0.25876	0.12262		
iglur_prok	viroporin	iglur	viroporin	0.38807	0.60561	0.2847		
iglur_prok	zac	iglur	cysloop	0.19441	0.33348	0.13866		
innexin	itpr	innexin_like	ca_release	0.25113	0.48207	0.1696		
innexin	k2p	innexin_like	ploop	0.21679	0.29098	0.1734		
innexin	kainate	innexin_like	iglur	0.32959	0.48584	0.25084	4.213E+00	0.000
innexin	kca_sk	innexin_like	ploop	0.31118	0.50711	0.22532		
innexin	kca_slo	innexin_like	ploop	0.31142	0.47105	0.23302	9.766E+00	0.000
innexin	kcsa_prok	innexin_like	ploop	0.3408	0.56636	0.24381	8.360E+00	0.000
innexin	kir	innexin_like	ploop	0.34503	0.51717	0.25959	7.935E+00	0.000
innexin	kv_eag	innexin_like	ploop	0.31775	0.4895	0.23558	6.432E+00	0.000
innexin	kv_kcnq	innexin_like	ploop	0.33271	0.50948	0.24694		
innexin	kv_modifier	innexin_like	ploop	0.30218	0.47057	0.22266	4.939E+00	0.000
innexin	kv_shaker	innexin_like	ploop	0.33136	0.50724	0.24595	7.935E+00	0.000
innexin	kv_shaker:VSD	innexin_like	ploop	0.28392	0.39429	0.22168		
innexin	lrrc8	innexin_like	innexin_like	0.64258	0.65884	0.62718	2.756E-06	1.000
innexin	mcu	innexin_like	mcu	0.27081	0.27964	0.26254	9.715E+00	0.000
innexin	mitok	innexin_like	mitok	0.25425	0.25719	0.25137	2.113E+00	0.020
innexin	mscl	innexin_like	msc	0.24935	0.3323	0.19974	2.228E+00	0.009
innexin	mscs	innexin_like	msc	0.26377	0.27442	0.25394		
innexin	nachr	innexin_like	cysloop	0.27613	0.34098	0.23238		
innexin	nalcn	innexin_like	ploop	0.32659	0.40357	0.27496	7.145E+00	0.000
innexin	nav	innexin_like	ploop	0.33862	0.40986	0.28876		
innexin	nmda	innexin_like	iglur	0.29947	0.53946	0.2079		
innexin	orai	innexin_like	orai	0.32925	0.36273	0.30157		
innexin	osca_tmem63	innexin_like	tmem16_like	0.25143	0.36628	0.19252		
innexin	otop	innexin_like	otopetrin	0.284	0.35673	0.23652	4.939E+00	0.000
innexin	p2x	innexin_like	p2x	0.18032	0.25544	0.14034	9.275E+00	0.000
innexin	p2x_nonmetazoan	innexin_like	p2x	0.23071	0.26395	0.20515	4.213E+00	0.000
innexin	pacc	innexin_like	pac	0.23199	0.24643	0.21922	6.432E+00	0.000
innexin	pannexin	innexin_like	innexin_like	0.66719	0.69441	0.64205	1.220E-08	1.000
innexin	piezo	innexin_like	piezo	0.11103	0.30451	0.06959	3.789E+00	0.000
innexin	plgic_invertebrate	innexin_like	cysloop	0.24405	0.2887	0.21182	5.788E+00	0.000
innexin	plgic_prok	innexin_like	cysloop	0.28752	0.32102	0.26053	9.275E+00	0.000
innexin	tmc	innexin_like	tmem16_like	0.24802	0.38705	0.18354	3.064E+00	0.000
innexin	tmco1	innexin_like	tmco1	0.34151	0.47362	0.26823	4.213E+00	0.000
innexin	tmem109	innexin_like	tmem109	0.25185	0.33769	0.2017		
innexin	tmem175	innexin_like	tmem175	0.2494	0.31256	0.20806	3.995E+00	0.000
innexin	tmem87	innexin_like	tmem87	0.27245	0.32134	0.23704		
innexin	tpc	innexin_like	ploop	0.32759	0.51489	0.23998		
innexin	tric	innexin_like	tric	0.28139	0.28461	0.27825	4.696E+00	0.000
innexin	trpa	innexin_like	ploop	0.29089	0.44657	0.21668	7.405E+00	0.000
innexin	trpc	innexin_like	ploop	0.35283	0.50708	0.2703	7.145E+00	0.000
innexin	trpm	innexin_like	ploop	0.3278	0.45561	0.25694	3.995E+00	0.000
innexin	trpml	innexin_like	ploop	0.26864	0.42371	0.19608		
innexin	trpn	innexin_like	ploop	0.30748	0.51863	0.21862		
innexin	trpp	innexin_like	ploop	0.2922	0.50688	0.20525		
innexin	trpv	innexin_like	ploop	0.29731	0.52999	0.20588		
innexin	tweety	innexin_like	tweety	0.3713	0.45917	0.31255		
innexin	vdac	innexin_like	porin	0.18598	0.19592	0.17702		
innexin	viroporin	innexin_like	viroporin	0.21915	0.6452	0.13237		
innexin	zac	innexin_like	cysloop	0.28659	0.31106	0.26535		
itpr	k2p	ca_release	ploop	0.26404	0.37304	0.20395		
itpr	kainate	ca_release	iglur	0.55686	0.65614	0.48156	6.962E+00	0.000
itpr	kca_sk	ca_release	ploop	0.59613	0.64615	0.55258	6.734E+00	0.000
itpr	kca_slo	ca_release	ploop	0.51363	0.58431	0.45699	9.513E+00	0.000
itpr	kcsa_prok	ca_release	ploop	0.5459	0.59688	0.5017	6.790E+00	0.000
itpr	kir	ca_release	ploop	0.60405	0.7324	0.51242	9.202E+00	0.000
itpr	kv_eag	ca_release	ploop	0.51095	0.59545	0.44452	5.824E+00	0.000
itpr	kv_kcnq	ca_release	ploop	0.56703	0.64254	0.50782	6.134E+00	0.000
itpr	kv_modifier	ca_release	ploop	0.64845	0.72815	0.58341	6.138E+00	0.000
itpr	kv_shaker	ca_release	ploop	0.62677	0.72042	0.55328	2.247E+00	0.010
itpr	kv_shaker:VSD	ca_release	ploop	0.36274	0.43911	0.30833		
itpr	lrrc8	ca_release	innexin_like	0.28395	0.51686	0.19516		
itpr	mcu	ca_release	mcu	0.22964	0.47824	0.15202		
itpr	mitok	ca_release	mitok	0.28803	0.57168	0.19288		
itpr	mscl	ca_release	msc	0.34444	0.45892	0.27543	7.414E+00	0.000
itpr	mscs	ca_release	msc	0.23869	0.51754	0.15573		
itpr	nachr	ca_release	cysloop	0.21378	0.62756	0.12846	9.513E+00	0.000
itpr	nalcn	ca_release	ploop	0.52582	0.80893	0.38827	6.138E+00	0.007
itpr	nav	ca_release	ploop	0.51363	0.79039	0.37954	2.867E+00	0.010
itpr	nmda	ca_release	iglur	0.54436	0.55726	0.53188	5.762E+00	0.000
itpr	orai	ca_release	orai	0.32008	0.54785	0.22655		
itpr	osca_tmem63	ca_release	tmem16_like	0.16295	0.54467	0.09577		
itpr	otop	ca_release	otopetrin	0.18862	0.56592	0.11278	8.825E+00	0.000
itpr	p2x	ca_release	p2x	0.1312	0.47606	0.0766		
itpr	p2x_nonmetazoan	ca_release	p2x	0.19965	0.48058	0.12637		
itpr	pacc	ca_release	pac	0.23699	0.4963	0.1551		
itpr	pannexin	ca_release	innexin_like	0.29286	0.51995	0.20159		
itpr	piezo	ca_release	piezo	0.06273	0.55537	0.03355	8.402E+00	0.000
itpr	plgic_invertebrate	ca_release	cysloop	0.22172	0.61272	0.13471	7.715E+00	0.000
itpr	plgic_prok	ca_release	cysloop	0.2144	0.47118	0.13735	9.513E+00	0.000
itpr	tmc	ca_release	tmem16_like	0.13265	0.5009	0.07654		
itpr	tmco1	ca_release	tmco1	0.39939	0.50932	0.32694		
itpr	tmem109	ca_release	tmem109	0.36854	0.4891	0.2955	4.987E+00	0.000
itpr	tmem175	ca_release	tmem175	0.20475	0.5458	0.12596		
itpr	tmem87	ca_release	tmem87	0.2045	0.55948	0.12594		
itpr	tpc	ca_release	ploop	0.66266	0.74449	0.59651	3.300E-01	0.353
itpr	tric	ca_release	tric	0.21622	0.44608	0.14236		
itpr	trpa	ca_release	ploop	0.47729	0.54341	0.4225	7.894E+00	0.000
itpr	trpc	ca_release	ploop	0.62058	0.74517	0.52972	1.958E+00	0.045
itpr	trpm	ca_release	ploop	0.58501	0.77469	0.46776	6.962E+00	0.000
itpr	trpml	ca_release	ploop	0.5159	0.56404	0.47347	7.414E+00	0.000
itpr	trpn	ca_release	ploop	0.72067	0.81267	0.64624	1.518E+00	0.069
itpr	trpp	ca_release	ploop	0.53309	0.56451	0.50404	2.370E+00	0.045
itpr	trpv	ca_release	ploop	0.69326	0.72551	0.66345	7.543E-01	0.138
itpr	tweety	ca_release	tweety	0.20252	0.60619	0.121		
itpr	vdac	ca_release	porin	0.14806	0.26785	0.10247		
itpr	viroporin	ca_release	viroporin	0.42473	0.5151	0.35894		
itpr	zac	ca_release	cysloop	0.25391	0.59272	0.1605		
k2p	kainate	ploop	iglur	0.37373	0.41757	0.33855	4.287E-01	0.196
k2p	kca_sk	ploop	ploop	0.41693	0.51865	0.34856	1.455E-02	0.961
k2p	kca_slo	ploop	ploop	0.45569	0.53733	0.39559	4.979E-02	0.663
k2p	kcsa_prok	ploop	ploop	0.41696	0.51026	0.35277	3.237E-02	0.941
k2p	kir	ploop	ploop	0.38003	0.42411	0.34442	8.145E-02	0.837
k2p	kv_eag	ploop	ploop	0.43019	0.48105	0.38905	8.894E-03	1.000
k2p	kv_kcnq	ploop	ploop	0.46229	0.55131	0.39826	2.104E-02	0.981
k2p	kv_modifier	ploop	ploop	0.43624	0.52537	0.37357	1.704E-01	0.601
k2p	kv_shaker	ploop	ploop	0.41841	0.48861	0.36606	4.403E-02	0.632
k2p	kv_shaker:VSD	ploop	ploop	0.29659	0.32065	0.27597	9.211E+00	0.000
k2p	lrrc8	ploop	innexin_like	0.25731	0.33855	0.20772		
k2p	mcu	ploop	mcu	0.25822	0.37216	0.1982	2.552E+00	0.008
k2p	mitok	ploop	mitok	0.23233	0.31268	0.18477		
k2p	mscl	ploop	msc	0.28888	0.29362	0.28428	1.996E+00	0.008
k2p	mscs	ploop	msc	0.22634	0.31118	0.17861		
k2p	nachr	ploop	cysloop	0.16163	0.28535	0.11418		
k2p	nalcn	ploop	ploop	0.35863	0.37904	0.34033	5.668E+00	0.007
k2p	nav	ploop	ploop	0.36142	0.38202	0.34297	1.876E+00	0.051
k2p	nmda	ploop	iglur	0.36891	0.49214	0.29452	4.287E-01	0.150
k2p	orai	ploop	orai	0.31686	0.37195	0.27618		
k2p	osca_tmem63	ploop	tmem16_like	0.18614	0.38234	0.12504		
k2p	otop	ploop	otopetrin	0.2392	0.41771	0.16888	6.808E+00	0.000
k2p	p2x	ploop	p2x	0.1519	0.33729	0.09897		
k2p	p2x_nonmetazoan	ploop	p2x	0.17059	0.27934	0.12402		
k2p	pacc	ploop	pac	0.18371	0.26791	0.14019	7.233E+00	0.008
k2p	pannexin	ploop	innexin_like	0.25752	0.34236	0.20633	3.924E+00	0.000
k2p	piezo	ploop	piezo	0.07254	0.35873	0.04101		
k2p	plgic_invertebrate	ploop	cysloop	0.17519	0.29864	0.12502		
k2p	plgic_prok	ploop	cysloop	0.17357	0.27387	0.12832		
k2p	tmc	ploop	tmem16_like	0.17424	0.38336	0.11448		
k2p	tmco1	ploop	tmco1	0.41654	0.43544	0.39919		
k2p	tmem109	ploop	tmem109	0.27804	0.28494	0.27147		
k2p	tmem175	ploop	tmem175	0.24053	0.40693	0.17305		
k2p	tmem87	ploop	tmem87	0.22383	0.37019	0.16262		
k2p	tpc	ploop	ploop	0.36768	0.44054	0.31567	1.560E+00	0.057
k2p	tric	ploop	tric	0.24129	0.31098	0.19722	8.167E+00	0.000
k2p	trpa	ploop	ploop	0.26164	0.29159	0.23831		
k2p	trpc	ploop	ploop	0.28115	0.31279	0.25543	3.069E+00	0.009
k2p	trpm	ploop	ploop	0.31155	0.3214	0.30228	3.690E+00	0.000
k2p	trpml	ploop	ploop	0.37108	0.44692	0.31728	3.263E+00	0.011
k2p	trpn	ploop	ploop	0.29394	0.35663	0.25062	5.332E+00	0.000
k2p	trpp	ploop	ploop	0.35765	0.44164	0.30055	1.467E+00	0.029
k2p	trpv	ploop	ploop	0.29902	0.3785	0.24715	3.924E+00	0.010
k2p	tweety	ploop	tweety	0.17312	0.30581	0.12202		
k2p	vdac	ploop	porin	0.22211	0.29865	0.17734		
k2p	viroporin	ploop	viroporin	0.35412	0.51531	0.25788		
k2p	zac	ploop	cysloop	0.18975	0.27763	0.14508	6.026E+00	0.000
kainate	kca_sk	iglur	ploop	0.75309	0.82775	0.69054	1.885E-02	0.956
kainate	kca_slo	iglur	ploop	0.68512	0.70614	0.66528	3.159E-02	0.975
kainate	kcsa_prok	iglur	ploop	0.73296	0.78974	0.68356	1.499E-02	0.995
kainate	kir	iglur	ploop	0.57795	0.57988	0.57604	3.544E-02	0.923
kainate	kv_eag	iglur	ploop	0.66532	0.66802	0.66263	5.984E-03	0.999
kainate	kv_kcnq	iglur	ploop	0.69734	0.72711	0.66996	2.114E-02	0.990
kainate	kv_modifier	iglur	ploop	0.73248	0.77638	0.69313	9.953E-02	0.941
kainate	kv_shaker	iglur	ploop	0.71165	0.73604	0.68876	1.681E-02	0.996
kainate	kv_shaker:VSD	iglur	ploop	0.36412	0.37389	0.35484	3.489E+00	0.000
kainate	lrrc8	iglur	innexin_like	0.34705	0.49326	0.26906		
kainate	mcu	iglur	mcu	0.26701	0.4089	0.19854	2.474E+00	0.008
kainate	mitok	iglur	mitok	0.29144	0.44306	0.21816	4.388E+00	0.000
kainate	mscl	iglur	msc	0.35165	0.38061	0.32719		
kainate	mscs	iglur	msc	0.25299	0.40829	0.18341	2.938E+00	0.007
kainate	nachr	iglur	cysloop	0.23728	0.48137	0.15801	5.515E+00	0.000
kainate	nalcn	iglur	ploop	0.53899	0.63556	0.46775	2.474E+00	0.016
kainate	nav	iglur	ploop	0.53349	0.63024	0.46215	2.206E+00	0.029
kainate	nmda	iglur	iglur	0.7648	0.9145	0.65681	1.807E-04	1.000
kainate	orai	iglur	orai	0.34939	0.46809	0.27852	7.756E+00	0.000
kainate	osca_tmem63	iglur	tmem16_like	0.19832	0.51146	0.12396		
kainate	otop	iglur	otopetrin	0.22443	0.4226	0.15399		
kainate	p2x	iglur	p2x	0.15885	0.36511	0.1027	8.056E+00	0.000
kainate	p2x_nonmetazoan	iglur	p2x	0.22521	0.39733	0.15792		
kainate	pacc	iglur	pac	0.25824	0.43948	0.18318		
kainate	pannexin	iglur	innexin_like	0.34239	0.50583	0.25934	6.181E+00	0.000
kainate	piezo	iglur	piezo	0.0837	0.52776	0.04603	8.681E+00	0.000
kainate	plgic_invertebrate	iglur	cysloop	0.23689	0.48594	0.15717	8.207E+00	0.000
kainate	plgic_prok	iglur	cysloop	0.26827	0.49683	0.18393	4.144E+00	0.000
kainate	tmc	iglur	tmem16_like	0.16578	0.44268	0.10353		
kainate	tmco1	iglur	tmco1	0.42537	0.44915	0.40386		
kainate	tmem109	iglur	tmem109	0.35985	0.38838	0.33531		
kainate	tmem175	iglur	tmem175	0.24486	0.50307	0.16309	5.209E+00	0.000
kainate	tmem87	iglur	tmem87	0.23387	0.48378	0.15508	7.756E+00	0.000
kainate	tpc	iglur	ploop	0.62383	0.66748	0.58525	7.415E-01	0.090
kainate	tric	iglur	tric	0.268	0.41124	0.19973	2.774E+00	0.007
kainate	trpa	iglur	ploop	0.63963	0.64474	0.63459	2.620E+00	0.020
kainate	trpc	iglur	ploop	0.687	0.68978	0.68424	1.981E-01	0.277
kainate	trpm	iglur	ploop	0.56683	0.61007	0.52927	1.563E+00	0.029
kainate	trpml	iglur	ploop	0.61202	0.65163	0.57678	7.002E-01	0.045
kainate	trpn	iglur	ploop	0.64997	0.69099	0.61342	2.961E-01	0.326
kainate	trpp	iglur	ploop	0.61869	0.68415	0.56408	6.611E-01	0.098
kainate	trpv	iglur	ploop	0.66947	0.76946	0.59225	3.295E+00	0.010
kainate	tweety	iglur	tweety	0.28808	0.59565	0.18999	8.235E+00	0.000
kainate	vdac	iglur	porin	0.18229	0.2768	0.13629		
kainate	viroporin	iglur	viroporin	0.41186	0.66807	0.29711		
kainate	zac	iglur	cysloop	0.26181	0.46199	0.18372	9.708E+00	0.000
kca_sk	kca_slo	ploop	ploop	0.76107	0.80708	0.71982	6.573E-04	1.000
kca_sk	kcsa_prok	ploop	ploop	0.86698	0.8814	0.85301	2.161E-05	1.000
kca_sk	kir	ploop	ploop	0.70249	0.76828	0.64652	1.142E-02	0.999
kca_sk	kv_eag	ploop	ploop	0.72678	0.79791	0.6668	3.152E-03	1.000
kca_sk	kv_kcnq	ploop	ploop	0.80844	0.84645	0.7736	2.538E-04	1.000
kca_sk	kv_modifier	ploop	ploop	0.819	0.84482	0.79466	5.255E-04	1.000
kca_sk	kv_shaker	ploop	ploop	0.80221	0.84879	0.76042	8.283E-05	1.000
kca_sk	kv_shaker:VSD	ploop	ploop	0.39427	0.43854	0.35821	3.262E+00	0.000
kca_sk	lrrc8	ploop	innexin_like	0.36084	0.61273	0.25685		
kca_sk	mcu	ploop	mcu	0.24617	0.43786	0.1719	5.392E+00	0.000
kca_sk	mitok	ploop	mitok	0.29268	0.49364	0.20699	2.916E+00	0.009
kca_sk	mscl	ploop	msc	0.3413	0.41413	0.29024		
kca_sk	mscs	ploop	msc	0.25473	0.46986	0.17517	4.823E+00	0.007
kca_sk	nachr	ploop	cysloop	0.21309	0.51739	0.13403	3.475E-01	0.069
kca_sk	nalcn	ploop	ploop	0.56022	0.73523	0.45143	2.205E+00	0.034
kca_sk	nav	ploop	ploop	0.55386	0.72969	0.44565	1.007E+00	0.063
kca_sk	nmda	ploop	iglur	0.76786	0.81711	0.72397	2.115E-02	0.996
kca_sk	orai	ploop	orai	0.33456	0.5007	0.25003	5.099E+00	0.000
kca_sk	osca_tmem63	ploop	tmem16_like	0.15594	0.43438	0.09564	5.099E+00	0.000
kca_sk	otop	ploop	otopetrin	0.2247	0.52963	0.14358		
kca_sk	p2x	ploop	p2x	0.14727	0.41572	0.08967	8.398E+00	0.000
kca_sk	p2x_nonmetazoan	ploop	p2x	0.2072	0.45504	0.13501	9.891E+00	0.000
kca_sk	pacc	ploop	pac	0.17778	0.37119	0.11761		
kca_sk	pannexin	ploop	innexin_like	0.33939	0.53585	0.24938		
kca_sk	piezo	ploop	piezo	0.07352	0.51622	0.04023		
kca_sk	plgic_invertebrate	ploop	cysloop	0.23041	0.54292	0.14602	2.608E+00	0.008
kca_sk	plgic_prok	ploop	cysloop	0.25431	0.5401	0.16634		
kca_sk	tmc	ploop	tmem16_like	0.14822	0.48015	0.08828	9.334E+00	0.000
kca_sk	tmco1	ploop	tmco1	0.40349	0.47115	0.353		
kca_sk	tmem109	ploop	tmem109	0.31056	0.36614	0.26982		
kca_sk	tmem175	ploop	tmem175	0.22018	0.51814	0.14145	6.371E+00	0.000
kca_sk	tmem87	ploop	tmem87	0.20346	0.46243	0.13106		
kca_sk	tpc	ploop	ploop	0.69333	0.70325	0.68367	4.598E-01	0.138
kca_sk	tric	ploop	tric	0.28613	0.45743	0.20893	5.392E+00	0.000
kca_sk	trpa	ploop	ploop	0.64816	0.6985	0.60424	6.804E-01	0.090
kca_sk	trpc	ploop	ploop	0.70797	0.77963	0.64807	3.887E-01	0.382
kca_sk	trpm	ploop	ploop	0.58999	0.69485	0.51237	6.027E+00	0.000
kca_sk	trpml	ploop	ploop	0.56044	0.57155	0.5497	1.576E+00	0.034
kca_sk	trpn	ploop	ploop	0.67997	0.69585	0.66476	3.887E-01	0.254
kca_sk	trpp	ploop	ploop	0.6831	0.69301	0.67344	3.107E-01	0.382
kca_sk	trpv	ploop	ploop	0.72264	0.75506	0.69276	3.084E+00	0.029
kca_sk	tweety	ploop	tweety	0.26927	0.65418	0.17015	6.371E+00	0.000
kca_sk	vdac	ploop	porin	0.19057	0.33621	0.13337		
kca_sk	viroporin	ploop	viroporin	0.419	0.6014	0.32086		
kca_sk	zac	ploop	cysloop	0.24159	0.47815	0.1611		
kca_slo	kcsa_prok	ploop	ploop	0.68514	0.71422	0.65831	4.106E-04	1.000
kca_slo	kir	ploop	ploop	0.58617	0.60355	0.56968	9.128E-03	0.995
kca_slo	kv_eag	ploop	ploop	0.7133	0.73901	0.68928	7.635E-04	1.000
kca_slo	kv_kcnq	ploop	ploop	0.72256	0.73271	0.71268	4.344E-04	1.000
kca_slo	kv_modifier	ploop	ploop	0.72159	0.74215	0.70215	7.635E-04	1.000
kca_slo	kv_shaker	ploop	ploop	0.69326	0.69632	0.69023	3.277E-04	1.000
kca_slo	kv_shaker:VSD	ploop	ploop	0.36472	0.3855	0.34605	4.262E+00	0.000
kca_slo	lrrc8	ploop	innexin_like	0.31016	0.48141	0.22833	9.311E+00	0.000
kca_slo	mcu	ploop	mcu	0.25769	0.43103	0.18413	4.029E+00	0.007
kca_slo	mitok	ploop	mitok	0.30501	0.48654	0.22248	3.216E+00	0.008
kca_slo	mscl	ploop	msc	0.33014	0.36919	0.29875		
kca_slo	mscs	ploop	msc	0.25008	0.42163	0.17867	3.216E+00	0.000
kca_slo	nachr	ploop	cysloop	0.20959	0.4312	0.13876	3.600E+00	0.000
kca_slo	nalcn	ploop	ploop	0.52958	0.65178	0.44647	2.049E+00	0.020
kca_slo	nav	ploop	ploop	0.53678	0.66003	0.45248	4.470E-01	0.179
kca_slo	nmda	ploop	iglur	0.71126	0.805	0.63634	1.714E-01	0.795
kca_slo	orai	ploop	orai	0.35176	0.48844	0.27424	8.813E+00	0.000
kca_slo	osca_tmem63	ploop	tmem16_like	0.16134	0.41892	0.10093	3.402E+00	0.000
kca_slo	otop	ploop	otopetrin	0.24835	0.5235	0.16416		
kca_slo	p2x	ploop	p2x	0.14484	0.38618	0.09087		
kca_slo	p2x_nonmetazoan	ploop	p2x	0.20871	0.40443	0.14153	6.676E+00	0.000
kca_slo	pacc	ploop	pac	0.27327	0.48813	0.18967		
kca_slo	pannexin	ploop	innexin_like	0.36277	0.53554	0.27572	7.464E+00	0.000
kca_slo	piezo	ploop	piezo	0.08545	0.53594	0.04711	5.336E+00	0.000
kca_slo	plgic_invertebrate	ploop	cysloop	0.21505	0.42568	0.14427	5.336E+00	0.000
kca_slo	plgic_prok	ploop	cysloop	0.22403	0.42428	0.1538	4.262E+00	0.000
kca_slo	tmc	ploop	tmem16_like	0.1641	0.45345	0.10094	5.969E+00	0.000
kca_slo	tmco1	ploop	tmco1	0.34572	0.37277	0.32211		
kca_slo	tmem109	ploop	tmem109	0.28421	0.31249	0.26049		
kca_slo	tmem175	ploop	tmem175	0.23477	0.52385	0.1532	7.464E+00	0.000
kca_slo	tmem87	ploop	tmem87	0.22285	0.47327	0.1477	3.600E+00	0.000
kca_slo	tpc	ploop	ploop	0.64871	0.6761	0.62341	8.710E-02	0.411
kca_slo	tric	ploop	tric	0.29312	0.40541	0.22868	2.716E+00	0.000
kca_slo	trpa	ploop	ploop	0.53488	0.54411	0.52591	3.567E-01	0.214
kca_slo	trpc	ploop	ploop	0.63462	0.65693	0.61381	8.793E-01	0.098
kca_slo	trpm	ploop	ploop	0.50623	0.55298	0.46634	3.600E+00	0.008
kca_slo	trpml	ploop	ploop	0.56818	0.58407	0.55304	7.018E-01	0.076
kca_slo	trpn	ploop	ploop	0.62558	0.64574	0.60659	5.293E-01	0.196
kca_slo	trpp	ploop	ploop	0.67172	0.72389	0.62633	2.983E-02	0.912
kca_slo	trpv	ploop	ploop	0.63431	0.70264	0.57759	1.041E+00	0.116
kca_slo	tweety	ploop	tweety	0.26979	0.56396	0.1778	9.366E+00	0.000
kca_slo	vdac	ploop	porin	0.1741	0.27458	0.12757		
kca_slo	viroporin	ploop	viroporin	0.39052	0.5797	0.29226		
kca_slo	zac	ploop	cysloop	0.22261	0.41356	0.15346	2.293E+00	0.010
kcsa_prok	kir	ploop	ploop	0.6892	0.7419	0.6431	1.020E-02	0.998
kcsa_prok	kv_eag	ploop	ploop	0.66474	0.71632	0.61984	6.187E-03	0.984
kcsa_prok	kv_kcnq	ploop	ploop	0.79392	0.81713	0.77195	2.978E-05	1.000
kcsa_prok	kv_modifier	ploop	ploop	0.82918	0.84201	0.81673	1.158E-05	1.000
kcsa_prok	kv_shaker	ploop	ploop	0.79838	0.83093	0.76821	6.083E-07	1.000
kcsa_prok	kv_shaker:VSD	ploop	ploop	0.39913	0.4394	0.36551	1.605E+00	0.010
kcsa_prok	lrrc8	ploop	innexin_like	0.36129	0.58084	0.26266		
kcsa_prok	mcu	ploop	mcu	0.23445	0.39537	0.16776	8.453E+00	0.000
kcsa_prok	mitok	ploop	mitok	0.31269	0.55124	0.21801	5.445E+00	0.000
kcsa_prok	mscl	ploop	msc	0.33008	0.38786	0.28738		
kcsa_prok	mscs	ploop	msc	0.25772	0.46813	0.17784		
kcsa_prok	nachr	ploop	cysloop	0.21041	0.47867	0.13459	1.216E+00	0.016
kcsa_prok	nalcn	ploop	ploop	0.52923	0.67215	0.43558	5.282E-01	0.179
kcsa_prok	nav	ploop	ploop	0.52283	0.66461	0.43023	3.203E-01	0.233
kcsa_prok	nmda	ploop	iglur	0.70771	0.76379	0.6591	1.391E-01	0.692
kcsa_prok	orai	ploop	orai	0.29869	0.44585	0.22445		
kcsa_prok	osca_tmem63	ploop	tmem16_like	0.14806	0.43072	0.08999	7.578E+00	0.000
kcsa_prok	otop	ploop	otopetrin	0.21701	0.51946	0.13928	7.164E+00	0.000
kcsa_prok	p2x	ploop	p2x	0.13431	0.36849	0.08303	8.507E+00	0.000
kcsa_prok	p2x_nonmetazoan	ploop	p2x	0.20517	0.38136	0.14111		
kcsa_prok	pacc	ploop	pac	0.26642	0.52054	0.17933		
kcsa_prok	pannexin	ploop	innexin_like	0.33408	0.49092	0.25301	9.636E+00	0.000
kcsa_prok	piezo	ploop	piezo	0.07698	0.53634	0.04191		
kcsa_prok	plgic_invertebrate	ploop	cysloop	0.2204	0.49253	0.14198	3.694E+00	0.000
kcsa_prok	plgic_prok	ploop	cysloop	0.24736	0.49162	0.16438	6.081E+00	0.000
kcsa_prok	tmc	ploop	tmem16_like	0.13422	0.42541	0.08158	1.897E+00	0.009
kcsa_prok	tmco1	ploop	tmco1	0.36782	0.42167	0.32644		
kcsa_prok	tmem109	ploop	tmem109	0.30281	0.35625	0.26572		
kcsa_prok	tmem175	ploop	tmem175	0.1989	0.49928	0.1244	9.944E+00	0.000
kcsa_prok	tmem87	ploop	tmem87	0.19634	0.43755	0.12669	4.612E+00	0.000
kcsa_prok	tpc	ploop	ploop	0.69387	0.69387	0.69387	6.754E-02	0.933
kcsa_prok	tric	ploop	tric	0.2751	0.44929	0.19801	1.216E+00	0.011
kcsa_prok	trpa	ploop	ploop	0.60059	0.63597	0.56871	5.903E-01	0.138
kcsa_prok	trpc	ploop	ploop	0.68433	0.73794	0.63765	4.229E-01	0.277
kcsa_prok	trpm	ploop	ploop	0.57336	0.66647	0.50277	6.081E+00	0.000
kcsa_prok	trpml	ploop	ploop	0.63826	0.64399	0.63262	1.794E+00	0.029
kcsa_prok	trpn	ploop	ploop	0.55802	0.56258	0.55352	1.359E+00	0.057
kcsa_prok	trpp	ploop	ploop	0.64661	0.6645	0.62961	1.837E-01	0.301
kcsa_prok	trpv	ploop	ploop	0.67685	0.71857	0.63954	2.120E+00	0.063
kcsa_prok	tweety	ploop	tweety	0.26741	0.62314	0.17059		
kcsa_prok	vdac	ploop	porin	0.19061	0.33238	0.13439		
kcsa_prok	viroporin	ploop	viroporin	0.40894	0.58539	0.31225		
kcsa_prok	zac	ploop	cysloop	0.23216	0.44795	0.15851		
kir	kv_eag	ploop	ploop	0.74676	0.74676	0.74676	1.079E-03	1.000
kir	kv_kcnq	ploop	ploop	0.68707	0.72023	0.65674	1.998E-03	1.000
kir	kv_modifier	ploop	ploop	0.74781	0.79695	0.70418	8.771E-03	0.956
kir	kv_shaker	ploop	ploop	0.73056	0.75943	0.70369	1.148E-03	0.997
kir	kv_shaker:VSD	ploop	ploop	0.35492	0.36287	0.34732	7.677E+00	0.000
kir	lrrc8	ploop	innexin_like	0.35852	0.51628	0.27501	5.321E+00	0.000
kir	mcu	ploop	mcu	0.2731	0.43771	0.20015		
kir	mitok	ploop	mitok	0.26085	0.40937	0.19271		
kir	mscl	ploop	msc	0.37004	0.40186	0.3428		
kir	mscs	ploop	msc	0.26123	0.4199	0.1899	8.157E+00	0.000
kir	nachr	ploop	cysloop	0.22687	0.47525	0.14999	3.460E+00	0.000
kir	nalcn	ploop	ploop	0.59748	0.71316	0.5142	1.073E+00	0.016
kir	nav	ploop	ploop	0.56746	0.67194	0.49138	5.123E-01	0.116
kir	nmda	ploop	iglur	0.6347	0.73339	0.55761	2.601E-01	0.106
kir	orai	ploop	orai	0.33551	0.44304	0.27058	3.059E+00	0.000
kir	osca_tmem63	ploop	tmem16_like	0.1781	0.4572	0.11198	5.657E+00	0.000
kir	otop	ploop	otopetrin	0.2206	0.44539	0.1481	5.321E+00	0.000
kir	p2x	ploop	p2x	0.17164	0.43915	0.10829		
kir	p2x_nonmetazoan	ploop	p2x	0.23527	0.45305	0.16008		
kir	pacc	ploop	pac	0.25036	0.42592	0.17928		
kir	pannexin	ploop	innexin_like	0.34936	0.5126	0.26551	7.224E+00	0.000
kir	piezo	ploop	piezo	0.07902	0.45953	0.04394		
kir	plgic_invertebrate	ploop	cysloop	0.23856	0.50571	0.15616		
kir	plgic_prok	ploop	cysloop	0.25235	0.47713	0.17203		
kir	tmc	ploop	tmem16_like	0.19085	0.53965	0.11661		
kir	tmco1	ploop	tmco1	0.41948	0.44037	0.4004		
kir	tmem109	ploop	tmem109	0.3102	0.33464	0.28908		
kir	tmem175	ploop	tmem175	0.2627	0.55911	0.17434	6.959E+00	0.000
kir	tmem87	ploop	tmem87	0.2356	0.45685	0.16079		
kir	tpc	ploop	ploop	0.69405	0.75088	0.64495	1.554E+00	0.016
kir	tric	ploop	tric	0.27028	0.4032	0.20426	2.391E+00	0.009
kir	trpa	ploop	ploop	0.65107	0.65885	0.64346	1.461E+00	0.051
kir	trpc	ploop	ploop	0.72586	0.72586	0.72586	2.446E-01	0.214
kir	trpm	ploop	ploop	0.59589	0.63822	0.55873	3.059E+00	0.008
kir	trpml	ploop	ploop	0.61932	0.66051	0.58274	2.543E+00	0.016
kir	trpn	ploop	ploop	0.58262	0.61943	0.54964	1.291E+00	0.051
kir	trpp	ploop	ploop	0.65462	0.72978	0.59299	5.795E-01	0.098
kir	trpv	ploop	ploop	0.68134	0.78673	0.59982	3.059E+00	0.029
kir	tweety	ploop	tweety	0.26551	0.53113	0.17886		
kir	vdac	ploop	porin	0.18483	0.29893	0.13403		
kir	viroporin	ploop	viroporin	0.42165	0.66832	0.30572		
kir	zac	ploop	cysloop	0.26906	0.48659	0.18657		
kv_eag	kv_kcnq	ploop	ploop	0.6782	0.70969	0.64925	9.815E-03	0.949
kv_eag	kv_modifier	ploop	ploop	0.74277	0.79326	0.69821	1.525E-02	0.912
kv_eag	kv_shaker	ploop	ploop	0.71511	0.7439	0.68841	5.659E-03	0.988
kv_eag	kv_shaker:VSD	ploop	ploop	0.32018	0.32752	0.31316	3.554E+00	0.000
kv_eag	lrrc8	ploop	innexin_like	0.33757	0.48377	0.25997		
kv_eag	mcu	ploop	mcu	0.24342	0.39719	0.17647	6.861E+00	0.000
kv_eag	mitok	ploop	mitok	0.26914	0.41374	0.19961	3.755E+00	0.000
kv_eag	mscl	ploop	msc	0.35491	0.38573	0.32871		
kv_eag	mscs	ploop	msc	0.2454	0.37129	0.18472	3.554E+00	0.007
kv_eag	nachr	ploop	cysloop	0.20124	0.4198	0.13227		
kv_eag	nalcn	ploop	ploop	0.5642	0.67274	0.4859	2.166E+00	0.034
kv_eag	nav	ploop	ploop	0.56614	0.67509	0.48784	5.174E-01	0.138
kv_eag	nmda	ploop	iglur	0.66383	0.77454	0.57952	8.882E-02	0.912
kv_eag	orai	ploop	orai	0.31079	0.41611	0.24827		
kv_eag	osca_tmem63	ploop	tmem16_like	0.1739	0.43898	0.10932	5.824E+00	0.000
kv_eag	otop	ploop	otopetrin	0.23329	0.48158	0.15615	6.587E+00	0.000
kv_eag	p2x	ploop	p2x	0.14884	0.37558	0.09417		
kv_eag	p2x_nonmetazoan	ploop	p2x	0.20127	0.3841	0.13636		
kv_eag	pacc	ploop	pac	0.2178	0.34066	0.16084		
kv_eag	pannexin	ploop	innexin_like	0.34689	0.50076	0.26611	1.182E+00	0.011
kv_eag	piezo	ploop	piezo	0.07897	0.46531	0.04378		
kv_eag	plgic_invertebrate	ploop	cysloop	0.21214	0.44671	0.13908	8.076E+00	0.000
kv_eag	plgic_prok	ploop	cysloop	0.20996	0.36049	0.14958	8.076E+00	0.000
kv_eag	tmc	ploop	tmem16_like	0.18899	0.5308	0.11592	5.299E+00	0.000
kv_eag	tmco1	ploop	tmco1	0.36268	0.38337	0.3441		
kv_eag	tmem109	ploop	tmem109	0.28103	0.30542	0.26025		
kv_eag	tmem175	ploop	tmem175	0.24632	0.53157	0.16288	8.524E+00	0.000
kv_eag	tmem87	ploop	tmem87	0.24013	0.47896	0.16241	1.645E+00	0.008
kv_eag	tpc	ploop	ploop	0.66479	0.71843	0.61846	2.393E-01	0.164
kv_eag	tric	ploop	tric	0.26505	0.36833	0.2075	5.824E+00	0.000
kv_eag	trpa	ploop	ploop	0.63123	0.63889	0.62374	2.166E+00	0.014
kv_eag	trpc	ploop	ploop	0.64831	0.64831	0.64831	8.974E-01	0.045
kv_eag	trpm	ploop	ploop	0.54772	0.5822	0.51684	6.861E+00	0.000
kv_eag	trpml	ploop	ploop	0.52455	0.55294	0.49858	5.467E-01	0.069
kv_eag	trpn	ploop	ploop	0.56729	0.60252	0.53564	1.002E+00	0.051
kv_eag	trpp	ploop	ploop	0.64224	0.71773	0.58075	1.182E+00	0.024
kv_eag	trpv	ploop	ploop	0.56569	0.63852	0.50721	2.418E+00	0.024
kv_eag	tweety	ploop	tweety	0.24825	0.49526	0.16635		
kv_eag	vdac	ploop	porin	0.17558	0.2758	0.12928		
kv_eag	viroporin	ploop	viroporin	0.39333	0.64436	0.28139		
kv_eag	zac	ploop	cysloop	0.19712	0.35098	0.13839	6.152E+00	0.000
kv_kcnq	kv_modifier	ploop	ploop	0.81582	0.82785	0.80413	2.268E-04	1.000
kv_kcnq	kv_shaker	ploop	ploop	0.7748	0.78195	0.76777	1.888E-05	1.000
kv_kcnq	kv_shaker:VSD	ploop	ploop	0.36878	0.39317	0.34713	1.639E+00	0.009
kv_kcnq	lrrc8	ploop	innexin_like	0.38666	0.61234	0.28394		
kv_kcnq	mcu	ploop	mcu	0.2795	0.4645	0.20101		
kv_kcnq	mitok	ploop	mitok	0.31365	0.52628	0.22334		
kv_kcnq	mscl	ploop	msc	0.34134	0.38942	0.30387		
kv_kcnq	mscs	ploop	msc	0.23463	0.36769	0.17263	6.464E+00	0.000
kv_kcnq	nachr	ploop	cysloop	0.18945	0.408	0.12413	1.193E+00	0.014
kv_kcnq	nalcn	ploop	ploop	0.56833	0.7032	0.47651	1.474E+00	0.090
kv_kcnq	nav	ploop	ploop	0.57747	0.71715	0.48276	2.637E+00	0.029
kv_kcnq	nmda	ploop	iglur	0.67018	0.7423	0.61002	4.493E-02	0.984
kv_kcnq	orai	ploop	orai	0.3315	0.46979	0.25576	7.562E+00	0.000
kv_kcnq	osca_tmem63	ploop	tmem16_like	0.16651	0.45098	0.1032	7.182E+00	0.000
kv_kcnq	otop	ploop	otopetrin	0.22286	0.5313	0.14188	9.586E+00	0.000
kv_kcnq	p2x	ploop	p2x	0.16119	0.45244	0.09862		
kv_kcnq	p2x_nonmetazoan	ploop	p2x	0.21222	0.39354	0.14645		
kv_kcnq	pacc	ploop	pac	0.25316	0.44423	0.17664		
kv_kcnq	pannexin	ploop	innexin_like	0.32455	0.47183	0.24791	3.817E+00	0.000
kv_kcnq	piezo	ploop	piezo	0.07584	0.51564	0.04167		
kv_kcnq	plgic_invertebrate	ploop	cysloop	0.19243	0.40812	0.1264	1.132E+00	0.020
kv_kcnq	plgic_prok	ploop	cysloop	0.23366	0.45482	0.15813	4.970E+00	0.000
kv_kcnq	tmc	ploop	tmem16_like	0.16779	0.45859	0.10319	4.472E+00	0.000
kv_kcnq	tmco1	ploop	tmco1	0.40275	0.44736	0.36629		
kv_kcnq	tmem109	ploop	tmem109	0.26892	0.29726	0.24572		
kv_kcnq	tmem175	ploop	tmem175	0.22769	0.48272	0.15092		
kv_kcnq	tmem87	ploop	tmem87	0.22322	0.49732	0.14434	7.562E+00	0.000
kv_kcnq	tpc	ploop	ploop	0.69757	0.7173	0.67887	2.196E-01	0.277
kv_kcnq	tric	ploop	tric	0.2557	0.38896	0.19089	3.258E+00	0.000
kv_kcnq	trpa	ploop	ploop	0.6299	0.65089	0.61015	1.018E+00	0.098
kv_kcnq	trpc	ploop	ploop	0.68447	0.71759	0.6542	2.083E-01	0.301
kv_kcnq	trpm	ploop	ploop	0.56136	0.62909	0.50645	2.025E+00	0.034
kv_kcnq	trpml	ploop	ploop	0.63975	0.6511	0.62876	7.030E-01	0.051
kv_kcnq	trpn	ploop	ploop	0.65425	0.66648	0.64245	1.018E+00	0.164
kv_kcnq	trpp	ploop	ploop	0.6768	0.71644	0.64104	1.777E-01	0.663
kv_kcnq	trpv	ploop	ploop	0.67684	0.74032	0.62295		
kv_kcnq	tweety	ploop	tweety	0.26557	0.58555	0.1722	6.464E+00	0.000
kv_kcnq	vdac	ploop	porin	0.15123	0.24356	0.11045		
kv_kcnq	viroporin	ploop	viroporin	0.39832	0.59372	0.29835		
kv_kcnq	zac	ploop	cysloop	0.23212	0.41931	0.16105	7.562E+00	0.000
kv_modifier	kv_shaker	ploop	ploop	0.9239	0.94889	0.90018	3.539E-09	1.000
kv_modifier	kv_shaker:VSD	ploop	ploop	0.3812	0.41519	0.35231	2.625E+00	0.007
kv_modifier	lrrc8	ploop	innexin_like	0.29027	0.45416	0.21311	6.395E+00	0.000
kv_modifier	mcu	ploop	mcu	0.24261	0.41847	0.17185	8.422E+00	0.000
kv_modifier	mitok	ploop	mitok	0.3007	0.48512	0.21702		
kv_modifier	mscl	ploop	msc	0.32522	0.37624	0.28666	2.100E+00	0.008
kv_modifier	mscs	ploop	msc	0.25686	0.41018	0.18722	4.100E+00	0.000
kv_modifier	nachr	ploop	cysloop	0.20556	0.47524	0.13151	4.335E+00	0.000
kv_modifier	nalcn	ploop	ploop	0.58194	0.75124	0.47487	1.202E+00	0.029
kv_modifier	nav	ploop	ploop	0.58039	0.74443	0.47544	1.878E+00	0.045
kv_modifier	nmda	ploop	iglur	0.71306	0.78153	0.65534	1.803E-01	0.817
kv_modifier	orai	ploop	orai	0.33413	0.48877	0.25336	3.469E+00	0.000
kv_modifier	osca_tmem63	ploop	tmem16_like	0.16115	0.45881	0.0979	7.142E+00	0.000
kv_modifier	otop	ploop	otopetrin	0.22303	0.51944	0.14345	8.422E+00	0.000
kv_modifier	p2x	ploop	p2x	0.12993	0.36965	0.07972	5.482E+00	0.000
kv_modifier	p2x_nonmetazoan	ploop	p2x	0.21281	0.44206	0.1406		
kv_modifier	pacc	ploop	pac	0.25904	0.46622	0.17866		
kv_modifier	pannexin	ploop	innexin_like	0.33871	0.50776	0.25397		
kv_modifier	piezo	ploop	piezo	0.07624	0.49001	0.04186		
kv_modifier	plgic_invertebrate	ploop	cysloop	0.23172	0.52286	0.14899	5.122E+00	0.000
kv_modifier	plgic_prok	ploop	cysloop	0.25465	0.49977	0.17038	9.914E+00	0.000
kv_modifier	tmc	ploop	tmem16_like	0.14292	0.4468	0.08568		
kv_modifier	tmco1	ploop	tmco1	0.43456	0.48954	0.39054	7.547E+00	0.000
kv_modifier	tmem109	ploop	tmem109	0.30991	0.35219	0.27734		
kv_modifier	tmem175	ploop	tmem175	0.23822	0.52815	0.15555		
kv_modifier	tmem87	ploop	tmem87	0.22383	0.48949	0.14487	5.045E+00	0.000
kv_modifier	tpc	ploop	ploop	0.75008	0.76137	0.7391	3.022E-02	0.795
kv_modifier	tric	ploop	tric	0.25663	0.38658	0.1937	1.503E+00	0.011
kv_modifier	trpa	ploop	ploop	0.67224	0.70573	0.64164	3.878E+00	0.011
kv_modifier	trpc	ploop	ploop	0.73598	0.78372	0.69358	3.521E-01	0.196
kv_modifier	trpm	ploop	ploop	0.6168	0.70951	0.54519	6.758E+00	0.007
kv_modifier	trpml	ploop	ploop	0.65585	0.65888	0.65285	4.922E-01	0.090
kv_modifier	trpn	ploop	ploop	0.72378	0.72736	0.72023	2.817E-01	0.569
kv_modifier	trpp	ploop	ploop	0.69453	0.72625	0.66533	3.521E-01	0.179
kv_modifier	trpv	ploop	ploop	0.73221	0.79314	0.67969	2.221E+00	0.051
kv_modifier	tweety	ploop	tweety	0.26674	0.59992	0.17277	4.335E+00	0.000
kv_modifier	vdac	ploop	porin	0.19134	0.32591	0.13562		
kv_modifier	viroporin	ploop	viroporin	0.41364	0.57385	0.31791		
kv_modifier	zac	ploop	cysloop	0.25793	0.52664	0.17149		
kv_shaker	kv_shaker:VSD	ploop	ploop	0.33803	0.35733	0.32069	2.791E+00	0.000
kv_shaker	lrrc8	ploop	innexin_like	0.35006	0.53312	0.26154		
kv_shaker	mcu	ploop	mcu	0.24048	0.39133	0.17421	7.372E+00	0.000
kv_shaker	mitok	ploop	mitok	0.30694	0.47457	0.22633	9.614E+00	0.000
kv_shaker	mscl	ploop	msc	0.32489	0.36774	0.29116	6.988E+00	0.000
kv_shaker	mscs	ploop	msc	0.25491	0.39678	0.18805	5.060E+00	0.000
kv_shaker	nachr	ploop	cysloop	0.22318	0.47903	0.14545	2.372E+00	0.009
kv_shaker	nalcn	ploop	ploop	0.5823	0.73037	0.48405	7.604E-01	0.051
kv_shaker	nav	ploop	ploop	0.56794	0.70651	0.47465	6.823E-01	0.082
kv_shaker	nmda	ploop	iglur	0.66601	0.74676	0.60051	5.063E-02	0.956
kv_shaker	orai	ploop	orai	0.3415	0.47256	0.26669	4.076E+00	0.000
kv_shaker	osca_tmem63	ploop	tmem16_like	0.18769	0.49642	0.11619	5.060E+00	0.000
kv_shaker	otop	ploop	otopetrin	0.19205	0.42288	0.12453	7.372E+00	0.000
kv_shaker	p2x	ploop	p2x	0.15829	0.39748	0.09918		
kv_shaker	p2x_nonmetazoan	ploop	p2x	0.2242	0.45738	0.14947		
kv_shaker	pacc	ploop	pac	0.27655	0.48037	0.19343		
kv_shaker	pannexin	ploop	innexin_like	0.35276	0.54869	0.25964	4.076E+00	0.000
kv_shaker	piezo	ploop	piezo	0.07757	0.46997	0.0428		
kv_shaker	plgic_invertebrate	ploop	cysloop	0.20397	0.41674	0.13635	3.658E+00	0.000
kv_shaker	plgic_prok	ploop	cysloop	0.24161	0.48778	0.16065	3.466E+00	0.000
kv_shaker	tmc	ploop	tmem16_like	0.18516	0.53073	0.1131	5.636E+00	0.000
kv_shaker	tmco1	ploop	tmco1	0.43891	0.48057	0.40375	5.948E+00	0.000
kv_shaker	tmem109	ploop	tmem109	0.34016	0.37845	0.30882		
kv_shaker	tmem175	ploop	tmem175	0.23093	0.48855	0.15277	5.948E+00	0.000
kv_shaker	tmem87	ploop	tmem87	0.22126	0.46953	0.14574	2.247E+00	0.000
kv_shaker	tpc	ploop	ploop	0.69642	0.72222	0.6723	5.201E-03	0.956
kv_shaker	tric	ploop	tric	0.27094	0.42783	0.19881	3.027E-01	0.057
kv_shaker	trpa	ploop	ploop	0.65347	0.66996	0.63773	4.190E-01	0.090
kv_shaker	trpc	ploop	ploop	0.70798	0.73508	0.68272	9.964E-03	0.988
kv_shaker	trpm	ploop	ploop	0.6032	0.67523	0.54476	9.445E-01	0.082
kv_shaker	trpml	ploop	ploop	0.61503	0.63115	0.59967	6.463E-01	0.045
kv_shaker	trpn	ploop	ploop	0.70774	0.72809	0.68847	1.761E-01	0.537
kv_shaker	trpp	ploop	ploop	0.6607	0.70594	0.62059	1.141E-01	0.601
kv_shaker	trpv	ploop	ploop	0.56729	0.61736	0.52403	7.203E-01	0.138
kv_shaker	tweety	ploop	tweety	0.28045	0.60328	0.18332	2.017E+00	0.010
kv_shaker	vdac	ploop	porin	0.19431	0.31565	0.14049		
kv_shaker	viroporin	ploop	viroporin	0.39329	0.5761	0.2972		
kv_shaker	zac	ploop	cysloop	0.27047	0.49725	0.18562	7.777E+00	0.000
kv_shaker:VSD	lrrc8	ploop	innexin_like	0.28037	0.39198	0.21913		
kv_shaker:VSD	mcu	ploop	mcu	0.21087	0.33121	0.15533	2.627E+00	0.007
kv_shaker:VSD	mitok	ploop	mitok	0.24449	0.35916	0.1858		
kv_shaker:VSD	mscl	ploop	msc	0.26224	0.27918	0.24728	9.388E+00	0.000
kv_shaker:VSD	mscs	ploop	msc	0.2356	0.36165	0.17611		
kv_shaker:VSD	nachr	ploop	cysloop	0.26627	0.50833	0.18223	2.350E+00	0.011
kv_shaker:VSD	nalcn	ploop	ploop	0.28383	0.32035	0.25474		
kv_shaker:VSD	nav	ploop	ploop	0.29132	0.33553	0.25755		
kv_shaker:VSD	nmda	ploop	iglur	0.3802	0.45162	0.32936	6.395E+00	0.000
kv_shaker:VSD	orai	ploop	orai	0.34316	0.43547	0.28315	6.758E+00	0.000
kv_shaker:VSD	osca_tmem63	ploop	tmem16_like	0.18912	0.44981	0.12092	5.123E+00	0.000
kv_shaker:VSD	otop	ploop	otopetrin	0.26074	0.54731	0.1722	3.471E+00	0.008
kv_shaker:VSD	p2x	ploop	p2x	0.14106	0.30558	0.09315	7.220E+00	0.000
kv_shaker:VSD	p2x_nonmetazoan	ploop	p2x	0.20098	0.3285	0.14559		
kv_shaker:VSD	pacc	ploop	pac	0.25561	0.43871	0.18034		
kv_shaker:VSD	pannexin	ploop	innexin_like	0.33028	0.45842	0.25872		
kv_shaker:VSD	piezo	ploop	piezo	0.07839	0.45373	0.04381		
kv_shaker:VSD	plgic_invertebrate	ploop	cysloop	0.26938	0.48917	0.18765	2.350E+00	0.010
kv_shaker:VSD	plgic_prok	ploop	cysloop	0.29937	0.5152	0.2125	4.413E-01	0.057
kv_shaker:VSD	tmc	ploop	tmem16_like	0.17596	0.43811	0.11161		
kv_shaker:VSD	tmco1	ploop	tmco1	0.42108	0.43429	0.40871	8.420E+00	0.000
kv_shaker:VSD	tmem109	ploop	tmem109	0.27275	0.28701	0.2599		
kv_shaker:VSD	tmem175	ploop	tmem175	0.27921	0.53277	0.18983	5.416E+00	0.000
kv_shaker:VSD	tmem87	ploop	tmem87	0.29636	0.53878	0.20577	9.388E+00	0.000
kv_shaker:VSD	tpc	ploop	ploop	0.34876	0.38028	0.32184	2.937E+00	0.008
kv_shaker:VSD	tric	ploop	tric	0.29752	0.41889	0.23169	4.584E+00	0.000
kv_shaker:VSD	trpa	ploop	ploop	0.34512	0.35681	0.33416	7.405E+00	0.000
kv_shaker:VSD	trpc	ploop	ploop	0.348	0.35593	0.34041		
kv_shaker:VSD	trpm	ploop	ploop	0.31425	0.32752	0.30203		
kv_shaker:VSD	trpml	ploop	ploop	0.35015	0.381	0.32366	7.246E+00	0.000
kv_shaker:VSD	trpn	ploop	ploop	0.34394	0.37413	0.31818		
kv_shaker:VSD	trpp	ploop	ploop	0.32612	0.37313	0.28989	7.885E+00	0.000
kv_shaker:VSD	trpv	ploop	ploop	0.41193	0.48844	0.3558		
kv_shaker:VSD	tweety	ploop	tweety	0.2835	0.54366	0.19297	8.235E+00	0.000
kv_shaker:VSD	vdac	ploop	porin	0.17871	0.26006	0.136		
kv_shaker:VSD	viroporin	ploop	viroporin	0.34696	0.59288	0.24526	8.104E+00	0.000
kv_shaker:VSD	zac	ploop	cysloop	0.32556	0.52582	0.2374	1.423E+00	0.040
lrrc8	mcu	innexin_like	mcu	0.24245	0.25441	0.23143		
lrrc8	mitok	innexin_like	mitok	0.33676	0.34071	0.33302		
lrrc8	mscl	innexin_like	msc	0.24902	0.32865	0.20148	5.538E+00	0.000
lrrc8	mscs	innexin_like	msc	0.22944	0.24274	0.21745		
lrrc8	nachr	innexin_like	cysloop	0.29284	0.36632	0.24444	7.646E+00	0.000
lrrc8	nalcn	innexin_like	ploop	0.36851	0.43387	0.32062	6.815E+00	0.000
lrrc8	nav	innexin_like	ploop	0.36878	0.44058	0.31729	9.567E+00	0.000
lrrc8	nmda	innexin_like	iglur	0.32945	0.57314	0.23021	6.815E+00	0.000
lrrc8	orai	innexin_like	orai	0.35161	0.37959	0.32749	9.606E+00	0.000
lrrc8	osca_tmem63	innexin_like	tmem16_like	0.20019	0.29699	0.15183		
lrrc8	otop	innexin_like	otopetrin	0.29638	0.38871	0.24007	2.852E+00	0.007
lrrc8	p2x	innexin_like	p2x	0.17928	0.25792	0.13857		
lrrc8	p2x_nonmetazoan	innexin_like	p2x	0.21518	0.25211	0.1881	3.023E+00	0.000
lrrc8	pacc	innexin_like	pac	0.26948	0.29317	0.24945		
lrrc8	pannexin	innexin_like	innexin_like	0.71519	0.72487	0.7058	3.952E-09	1.000
lrrc8	piezo	innexin_like	piezo	0.095	0.3494	0.05552	7.646E+00	0.000
lrrc8	plgic_invertebrate	innexin_like	cysloop	0.26748	0.32678	0.22669	6.815E+00	0.000
lrrc8	plgic_prok	innexin_like	cysloop	0.27693	0.31475	0.24759		
lrrc8	tmc	innexin_like	tmem16_like	0.24524	0.39661	0.17902	3.396E+00	0.000
lrrc8	tmco1	innexin_like	tmco1	0.36941	0.49792	0.29467	2.690E+00	0.008
lrrc8	tmem109	innexin_like	tmem109	0.29971	0.39303	0.24288		
lrrc8	tmem175	innexin_like	tmem175	0.26337	0.3374	0.2165	4.542E+00	0.000
lrrc8	tmem87	innexin_like	tmem87	0.23024	0.27817	0.19696		
lrrc8	tpc	innexin_like	ploop	0.34942	0.56421	0.25338		
lrrc8	tric	innexin_like	tric	0.29156	0.2942	0.28899	9.606E+00	0.000
lrrc8	trpa	innexin_like	ploop	0.34006	0.48161	0.26257	7.856E+00	0.000
lrrc8	trpc	innexin_like	ploop	0.37559	0.53392	0.29024	9.078E+00	0.000
lrrc8	trpm	innexin_like	ploop	0.33831	0.45411	0.27184		
lrrc8	trpml	innexin_like	ploop	0.38552	0.61325	0.2812	7.219E+00	0.000
lrrc8	trpn	innexin_like	ploop	0.34466	0.55478	0.25125		
lrrc8	trpp	innexin_like	ploop	0.35699	0.58904	0.25641		
lrrc8	trpv	innexin_like	ploop	0.28145	0.47218	0.19986		
lrrc8	tweety	innexin_like	tweety	0.41217	0.52746	0.33927		
lrrc8	vdac	innexin_like	porin	0.16568	0.17916	0.1542		
lrrc8	viroporin	innexin_like	viroporin	0.25117	0.63002	0.15649		
lrrc8	zac	innexin_like	cysloop	0.28261	0.31225	0.25831		
mcu	mitok	mcu	mitok	0.26741	0.27954	0.25634	8.685E+00	0.000
mcu	mscl	mcu	msc	0.24094	0.34412	0.186	5.203E+00	0.009
mcu	mscs	mcu	msc	0.21559	0.21732	0.21389	7.670E+00	0.000
mcu	nachr	mcu	cysloop	0.20699	0.2417	0.18134	4.913E+00	0.000
mcu	nalcn	mcu	ploop	0.2738	0.34691	0.22665	9.715E+00	0.000
mcu	nav	mcu	ploop	0.27305	0.34236	0.22762	7.603E+00	0.000
mcu	nmda	mcu	iglur	0.22385	0.44151	0.15089	7.329E+00	0.000
mcu	orai	mcu	orai	0.27006	0.30989	0.23959	9.187E+00	0.000
mcu	osca_tmem63	mcu	tmem16_like	0.20277	0.27706	0.16073		
mcu	otop	mcu	otopetrin	0.20728	0.25705	0.17413		
mcu	p2x	mcu	p2x	0.18011	0.24382	0.14356		
mcu	p2x_nonmetazoan	mcu	p2x	0.23104	0.25893	0.20888	3.687E+00	0.000
mcu	pacc	mcu	pac	0.22792	0.23507	0.22117	6.540E+00	0.000
mcu	pannexin	mcu	innexin_like	0.26153	0.27952	0.2458		
mcu	piezo	mcu	piezo	0.1234	0.34595	0.07674	6.540E+00	0.000
mcu	plgic_invertebrate	mcu	cysloop	0.23271	0.26444	0.20806	8.644E+00	0.000
mcu	plgic_prok	mcu	cysloop	0.23581	0.2524	0.22151	4.169E+00	0.000
mcu	tmc	mcu	tmem16_like	0.1819	0.2657	0.13925	9.334E+00	0.000
mcu	tmco1	mcu	tmco1	0.28777	0.41276	0.22192		
mcu	tmem109	mcu	tmem109	0.21853	0.33517	0.16265		
mcu	tmem175	mcu	tmem175	0.19947	0.23731	0.17256		
mcu	tmem87	mcu	tmem87	0.21975	0.25369	0.19398		
mcu	tpc	mcu	ploop	0.24362	0.41519	0.17345		
mcu	tric	mcu	tric	0.20854	0.21722	0.20053	4.905E+00	0.000
mcu	trpa	mcu	ploop	0.26803	0.42095	0.19765	9.715E+00	0.000
mcu	trpc	mcu	ploop	0.25754	0.40658	0.18943		
mcu	trpm	mcu	ploop	0.23866	0.3381	0.18528		
mcu	trpml	mcu	ploop	0.24546	0.41906	0.17456		
mcu	trpn	mcu	ploop	0.24466	0.42349	0.17246		
mcu	trpp	mcu	ploop	0.24887	0.43088	0.17424		
mcu	trpv	mcu	ploop	0.25607	0.48963	0.1729		
mcu	tweety	mcu	tweety	0.24394	0.29386	0.2088	4.101E+00	0.000
mcu	vdac	mcu	porin	0.21375	0.21937	0.20841		
mcu	viroporin	mcu	viroporin	0.2199	0.66522	0.13154	8.786E+00	0.000
mcu	zac	mcu	cysloop	0.25316	0.26476	0.24244		
mitok	mscl	mitok	msc	0.26044	0.34588	0.20927	7.187E+00	0.000
mitok	mscs	mitok	msc	0.24793	0.25969	0.23721	3.678E+00	0.000
mitok	nachr	mitok	cysloop	0.26502	0.32947	0.22228		
mitok	nalcn	mitok	ploop	0.29165	0.35774	0.24634		
mitok	nav	mitok	ploop	0.28103	0.34466	0.23741	8.532E+00	0.000
mitok	nmda	mitok	iglur	0.26158	0.49668	0.17788		
mitok	orai	mitok	orai	0.33383	0.36574	0.30715	5.203E-01	0.029
mitok	osca_tmem63	mitok	tmem16_like	0.16584	0.25077	0.12436		
mitok	otop	mitok	otopetrin	0.20111	0.26306	0.16314	7.738E+00	0.000
mitok	p2x	mitok	p2x	0.21149	0.30197	0.16405		
mitok	p2x_nonmetazoan	mitok	p2x	0.20203	0.23874	0.17567		
mitok	pacc	mitok	pac	0.32974	0.35657	0.30672	9.491E+00	0.000
mitok	pannexin	mitok	innexin_like	0.35228	0.36088	0.34421	9.516E-01	0.014
mitok	piezo	mitok	piezo	0.09078	0.31117	0.05379	3.279E+00	0.000
mitok	plgic_invertebrate	mitok	cysloop	0.24787	0.29882	0.21277	8.663E+00	0.000
mitok	plgic_prok	mitok	cysloop	0.23733	0.26973	0.21204	6.524E+00	0.000
mitok	tmc	mitok	tmem16_like	0.19916	0.30517	0.14909	4.628E+00	0.009
mitok	tmco1	mitok	tmco1	0.32512	0.46032	0.25238	1.038E+00	0.045
mitok	tmem109	mitok	tmem109	0.25303	0.35808	0.1962		
mitok	tmem175	mitok	tmem175	0.21742	0.2782	0.17912	8.188E+00	0.000
mitok	tmem87	mitok	tmem87	0.23451	0.29187	0.19623	1.001E+00	0.011
mitok	tpc	mitok	ploop	0.23006	0.38314	0.16541	8.418E+00	0.000
mitok	tric	mitok	tric	0.22448	0.22487	0.22412	3.313E+00	0.007
mitok	trpa	mitok	ploop	0.28546	0.43611	0.2123		
mitok	trpc	mitok	ploop	0.31329	0.47408	0.2346		
mitok	trpm	mitok	ploop	0.29383	0.39862	0.23248		
mitok	trpml	mitok	ploop	0.23526	0.38502	0.16947	6.498E+00	0.000
mitok	trpn	mitok	ploop	0.30245	0.49142	0.21862		
mitok	trpp	mitok	ploop	0.26973	0.47935	0.18749		
mitok	trpv	mitok	ploop	0.27699	0.49102	0.19329		
mitok	tweety	mitok	tweety	0.36324	0.47367	0.29499	1.742E+00	0.029
mitok	vdac	mitok	porin	0.16874	0.18004	0.15888		
mitok	viroporin	mitok	viroporin	0.2646	0.74641	0.16016		
mitok	zac	mitok	cysloop	0.25804	0.28336	0.23689	4.738E+00	0.000
mscl	mscs	msc	msc	0.2336	0.34029	0.17879	6.310E+00	0.000
mscl	nachr	msc	cysloop	0.18436	0.33468	0.12888	6.735E+00	0.000
mscl	nalcn	msc	ploop	0.26704	0.28607	0.25071		
mscl	nav	msc	ploop	0.26536	0.28387	0.24926	9.913E+00	0.000
mscl	nmda	msc	iglur	0.30421	0.3884	0.25021	2.361E+00	0.000
mscl	orai	msc	orai	0.31726	0.37389	0.27539	2.071E+00	0.020
mscl	osca_tmem63	msc	tmem16_like	0.20299	0.43918	0.13386	9.913E+00	0.000
mscl	otop	msc	otopetrin	0.20396	0.39757	0.13798		
mscl	p2x	msc	p2x	0.17964	0.37902	0.11916		
mscl	p2x_nonmetazoan	msc	p2x	0.20968	0.34638	0.15179	9.913E+00	0.000
mscl	pacc	msc	pac	0.21573	0.32675	0.16295	6.735E+00	0.000
mscl	pannexin	msc	innexin_like	0.2497	0.32928	0.20124	7.187E+00	0.000
mscl	piezo	msc	piezo	0.07742	0.41237	0.04346		
mscl	plgic_invertebrate	msc	cysloop	0.18472	0.30847	0.13313		
mscl	plgic_prok	msc	cysloop	0.1904	0.2982	0.14131		
mscl	tmc	msc	tmem16_like	0.1825	0.44427	0.11633	4.262E+00	0.009
mscl	tmco1	msc	tmco1	0.38174	0.3907	0.37319		
mscl	tmem109	msc	tmem109	0.33043	0.3339	0.32704	8.724E+00	0.000
mscl	tmem175	msc	tmem175	0.21823	0.39632	0.15184	8.724E+00	0.000
mscl	tmem87	msc	tmem87	0.20305	0.35663	0.14362		
mscl	tpc	msc	ploop	0.29203	0.34393	0.25412		
mscl	tric	msc	tric	0.21708	0.29048	0.17379		
mscl	trpa	msc	ploop	0.28104	0.30366	0.26135		
mscl	trpc	msc	ploop	0.31834	0.34577	0.29496	6.310E+00	0.000
mscl	trpm	msc	ploop	0.29657	0.30073	0.29253		
mscl	trpml	msc	ploop	0.31906	0.37598	0.27704	9.301E+00	0.000
mscl	trpn	msc	ploop	0.30068	0.35063	0.26327		
mscl	trpp	msc	ploop	0.31844	0.38685	0.27043	6.735E+00	0.000
mscl	trpv	msc	ploop	0.38108	0.47543	0.31722		
mscl	tweety	msc	tweety	0.19869	0.37446	0.13679		
mscl	vdac	msc	porin	0.1749	0.2453	0.13639		
mscl	viroporin	msc	viroporin	0.34931	0.64939	0.23807		
mscl	zac	msc	cysloop	0.2085	0.32695	0.1537		
mscs	nachr	msc	cysloop	0.25704	0.29753	0.22676	7.107E-01	0.010
mscs	nalcn	msc	ploop	0.21978	0.28966	0.17736		
mscs	nav	msc	ploop	0.22945	0.29865	0.18666		
mscs	nmda	msc	iglur	0.23307	0.45864	0.15746		
mscs	orai	msc	orai	0.31861	0.36915	0.28059		
mscs	osca_tmem63	msc	tmem16_like	0.18765	0.25745	0.14811		
mscs	otop	msc	otopetrin	0.2076	0.24877	0.17869		
mscs	p2x	msc	p2x	0.22492	0.30306	0.17985	8.507E+00	0.000
mscs	p2x_nonmetazoan	msc	p2x	0.21756	0.24148	0.19805		
mscs	pacc	msc	pac	0.27596	0.28174	0.27042		
mscs	pannexin	msc	innexin_like	0.23185	0.24973	0.2165		
mscs	piezo	msc	piezo	0.11326	0.31658	0.07033		
mscs	plgic_invertebrate	msc	cysloop	0.23489	0.26271	0.2127	2.868E+00	0.000
mscs	plgic_prok	msc	cysloop	0.24603	0.26052	0.23302	4.835E+00	0.000
mscs	tmc	msc	tmem16_like	0.24208	0.35121	0.18569		
mscs	tmco1	msc	tmco1	0.24301	0.36877	0.18269	3.039E+00	0.007
mscs	tmem109	msc	tmem109	0.24886	0.34602	0.19468		
mscs	tmem175	msc	tmem175	0.21133	0.25434	0.1812	7.586E+00	0.000
mscs	tmem87	msc	tmem87	0.2511	0.28511	0.2245		
mscs	tpc	msc	ploop	0.24478	0.38934	0.17846	8.598E+00	0.000
mscs	tric	msc	tric	0.2498	0.26245	0.23835	6.942E+00	0.000
mscs	trpa	msc	ploop	0.2464	0.37275	0.18427		
mscs	trpc	msc	ploop	0.24969	0.37823	0.18711	5.123E+00	0.000
mscs	trpm	msc	ploop	0.2372	0.34617	0.1806	7.670E+00	0.000
mscs	trpml	msc	ploop	0.23144	0.35997	0.17052	1.801E+00	0.024
mscs	trpn	msc	ploop	0.22459	0.41014	0.15486	6.455E+00	0.000
mscs	trpp	msc	ploop	0.23151	0.38554	0.16538		
mscs	trpv	msc	ploop	0.23325	0.45641	0.15771		
mscs	tweety	msc	tweety	0.24315	0.28775	0.21087	5.428E+00	0.000
mscs	vdac	msc	porin	0.18556	0.18858	0.18239		
mscs	viroporin	msc	viroporin	0.21528	0.65938	0.12868		
mscs	zac	msc	cysloop	0.24839	0.25836	0.23918	4.731E-01	0.020
nachr	nalcn	cysloop	ploop	0.2121	0.35603	0.15147	9.071E+00	0.000
nachr	nav	cysloop	ploop	0.21189	0.32318	0.15875	5.363E+00	0.000
nachr	nmda	cysloop	iglur	0.17682	0.45454	0.11068	6.949E+00	0.000
nachr	orai	cysloop	orai	0.27707	0.3818	0.21826		
nachr	osca_tmem63	cysloop	tmem16_like	0.21077	0.23944	0.18858	8.617E+00	0.000
nachr	otop	cysloop	otopetrin	0.23144	0.23895	0.22439	3.210E+00	0.000
nachr	p2x	cysloop	p2x	0.22263	0.25474	0.19797	2.610E+00	0.011
nachr	p2x_nonmetazoan	cysloop	p2x	0.26129	0.27177	0.25162	4.502E+00	0.000
nachr	pacc	cysloop	pac	0.2717	0.30963	0.2424	3.823E+00	0.000
nachr	pannexin	cysloop	innexin_like	0.31399	0.40689	0.25612	6.584E+00	0.000
nachr	piezo	cysloop	piezo	0.13046	0.27982	0.0866	8.497E+00	0.000
nachr	plgic_invertebrate	cysloop	cysloop	0.8083	0.828	0.78952	5.027E-23	1.000
nachr	plgic_prok	cysloop	cysloop	0.78294	0.86027	0.71846	2.040E-20	1.000
nachr	tmc	cysloop	tmem16_like	0.20367	0.24209	0.17625		
nachr	tmco1	cysloop	tmco1	0.24627	0.45129	0.16992		
nachr	tmem109	cysloop	tmem109	0.19142	0.38121	0.12877		
nachr	tmem175	cysloop	tmem175	0.20712	0.21255	0.20198		
nachr	tmem87	cysloop	tmem87	0.23872	0.24327	0.23421	5.908E+00	0.000
nachr	tpc	cysloop	ploop	0.18695	0.44036	0.11881	4.263E+00	0.000
nachr	tric	cysloop	tric	0.21524	0.26365	0.1823	8.608E+00	0.000
nachr	trpa	cysloop	ploop	0.19108	0.40771	0.12595	8.333E+00	0.000
nachr	trpc	cysloop	ploop	0.23406	0.49627	0.15382		
nachr	trpm	cysloop	ploop	0.22378	0.42971	0.15175	8.167E+00	0.000
nachr	trpml	cysloop	ploop	0.18844	0.44761	0.11995	8.997E+00	0.000
nachr	trpn	cysloop	ploop	0.21763	0.51727	0.13907	5.019E+00	0.000
nachr	trpp	cysloop	ploop	0.17976	0.43633	0.11373	7.054E+00	0.000
nachr	trpv	cysloop	ploop	0.2182	0.59256	0.13345	5.596E+00	0.000
nachr	tweety	cysloop	tweety	0.24216	0.24805	0.23656	6.632E+00	0.000
nachr	vdac	cysloop	porin	0.17942	0.2023	0.16142	1.597E+00	0.000
nachr	viroporin	cysloop	viroporin	0.15615	0.70297	0.08856		
nachr	zac	cysloop	cysloop	0.78823	0.89234	0.70596	1.593E-17	1.000
nalcn	nav	ploop	ploop	0.81281	0.81281	0.81281	2.367E-09	1.000
nalcn	nmda	ploop	iglur	0.48023	0.66198	0.37448	2.843E+00	0.007
nalcn	orai	ploop	orai	0.32813	0.36294	0.29971		
nalcn	osca_tmem63	ploop	tmem16_like	0.19298	0.36408	0.13303	7.211E+00	0.000
nalcn	otop	ploop	otopetrin	0.23477	0.3816	0.17057	6.806E+00	0.000
nalcn	p2x	ploop	p2x	0.15998	0.31868	0.10859		
nalcn	p2x_nonmetazoan	ploop	p2x	0.26195	0.38587	0.19878		
nalcn	pacc	ploop	pac	0.21618	0.29428	0.1717	9.601E+00	0.000
nalcn	pannexin	ploop	innexin_like	0.35492	0.41574	0.30969	9.636E+00	0.000
nalcn	piezo	ploop	piezo	0.08407	0.41324	0.04745		
nalcn	plgic_invertebrate	ploop	cysloop	0.18839	0.29617	0.13955		
nalcn	plgic_prok	ploop	cysloop	0.23233	0.32887	0.18074		
nalcn	tmc	ploop	tmem16_like	0.18355	0.37813	0.12211	6.806E+00	0.000
nalcn	tmco1	ploop	tmco1	0.39741	0.43768	0.36414		
nalcn	tmem109	ploop	tmem109	0.26018	0.28461	0.2397		
nalcn	tmem175	ploop	tmem175	0.22946	0.35559	0.17056		
nalcn	tmem87	ploop	tmem87	0.21975	0.32244	0.16789		
nalcn	tpc	ploop	ploop	0.64611	0.86122	0.51651	6.772E-02	0.941
nalcn	tric	ploop	tric	0.32749	0.39318	0.28094	9.374E+00	0.000
nalcn	trpa	ploop	ploop	0.64123	0.78005	0.54399	2.308E-01	0.214
nalcn	trpc	ploop	ploop	0.62085	0.7385	0.53528	2.447E-01	0.214
nalcn	trpm	ploop	ploop	0.55116	0.60836	0.50382	9.939E-01	0.076
nalcn	trpml	ploop	ploop	0.6056	0.79245	0.48944	2.054E-01	0.411
nalcn	trpn	ploop	ploop	0.59853	0.7819	0.48437	2.386E+00	0.029
nalcn	trpp	ploop	ploop	0.61747	0.85843	0.48133	3.170E-02	0.837
nalcn	trpv	ploop	ploop	0.57405	0.82349	0.43917	4.139E-01	0.150
nalcn	tweety	ploop	tweety	0.26994	0.42973	0.19797		
nalcn	vdac	ploop	porin	0.18177	0.23419	0.14913		
nalcn	viroporin	ploop	viroporin	0.28768	0.61699	0.18759		
nalcn	zac	ploop	cysloop	0.2261	0.30228	0.1814		
nav	nmda	ploop	iglur	0.4783	0.66479	0.37177	4.772E+00	0.000
nav	orai	ploop	orai	0.32204	0.35368	0.29576		
nav	osca_tmem63	ploop	tmem16_like	0.19682	0.3606	0.13706	8.532E+00	0.000
nav	otop	ploop	otopetrin	0.23644	0.37771	0.17332		
nav	p2x	ploop	p2x	0.15285	0.27841	0.1064		
nav	p2x_nonmetazoan	ploop	p2x	0.25228	0.37192	0.1915		
nav	pacc	ploop	pac	0.21296	0.27431	0.17443		
nav	pannexin	ploop	innexin_like	0.39136	0.46243	0.33976		
nav	piezo	ploop	piezo	0.08188	0.40161	0.04623	9.567E+00	0.000
nav	plgic_invertebrate	ploop	cysloop	0.21128	0.30914	0.16131		
nav	plgic_prok	ploop	cysloop	0.23081	0.31386	0.18318	3.358E+00	0.000
nav	tmc	ploop	tmem16_like	0.18221	0.35243	0.12515	6.771E+00	0.000
nav	tmco1	ploop	tmco1	0.38393	0.42276	0.35182		
nav	tmem109	ploop	tmem109	0.26648	0.29011	0.24645		
nav	tmem175	ploop	tmem175	0.23917	0.37606	0.17638	4.772E+00	0.000
nav	tmem87	ploop	tmem87	0.23463	0.3415	0.17985		
nav	tpc	ploop	ploop	0.65665	0.87665	0.52435	1.710E-02	0.991
nav	tric	ploop	tric	0.29089	0.3483	0.25078		
nav	trpa	ploop	ploop	0.60546	0.7354	0.51433	1.787E-01	0.326
nav	trpc	ploop	ploop	0.60203	0.71537	0.51937	3.408E-01	0.098
nav	trpm	ploop	ploop	0.51664	0.57082	0.47178	4.501E+00	0.011
nav	trpml	ploop	ploop	0.59776	0.77814	0.48448	1.787E-01	0.411
nav	trpn	ploop	ploop	0.55775	0.72417	0.45304	2.362E+00	0.020
nav	trpp	ploop	ploop	0.60658	0.83612	0.47497	4.637E-02	0.663
nav	trpv	ploop	ploop	0.54659	0.79078	0.41664	1.257E-01	0.442
nav	tweety	ploop	tweety	0.25479	0.4271	0.18218		
nav	vdac	ploop	porin	0.19082	0.24433	0.15734		
nav	viroporin	ploop	viroporin	0.25989	0.5385	0.16994		
nav	zac	ploop	cysloop	0.26731	0.35731	0.21416	8.532E+00	0.000
nmda	orai	iglur	orai	0.2764	0.43572	0.2032	7.283E+00	0.000
nmda	osca_tmem63	iglur	tmem16_like	0.14477	0.47778	0.08601	5.718E+00	0.000
nmda	otop	iglur	otopetrin	0.19551	0.48293	0.12287	8.719E+00	0.000
nmda	p2x	iglur	p2x	0.1188	0.33924	0.07261	7.220E+00	0.000
nmda	p2x_nonmetazoan	iglur	p2x	0.16602	0.3976	0.10617		
nmda	pacc	iglur	pac	0.22591	0.44544	0.14997		
nmda	pannexin	iglur	innexin_like	0.32952	0.56945	0.23246		
nmda	piezo	iglur	piezo	0.05346	0.5412	0.02822	7.283E+00	0.000
nmda	plgic_invertebrate	iglur	cysloop	0.20084	0.52916	0.12356		
nmda	plgic_prok	iglur	cysloop	0.20802	0.45353	0.13523	8.951E+00	0.000
nmda	tmc	iglur	tmem16_like	0.12953	0.4871	0.07484		
nmda	tmco1	iglur	tmco1	0.37901	0.47668	0.31461	6.856E+00	0.000
nmda	tmem109	iglur	tmem109	0.28648	0.36204	0.23683		
nmda	tmem175	iglur	tmem175	0.22425	0.59021	0.13967		
nmda	tmem87	iglur	tmem87	0.17258	0.44207	0.10721	4.561E+00	0.000
nmda	tpc	iglur	ploop	0.6239	0.66722	0.58532	7.197E-01	0.106
nmda	tric	iglur	tric	0.23365	0.44114	0.15896	7.901E+00	0.000
nmda	trpa	iglur	ploop	0.54232	0.61702	0.48308	4.484E+00	0.010
nmda	trpc	iglur	ploop	0.63067	0.73611	0.55039	5.994E-01	0.076
nmda	trpm	iglur	ploop	0.5361	0.67008	0.44599	8.213E+00	0.000
nmda	trpml	iglur	ploop	0.63103	0.68346	0.58544	1.910E+00	0.034
nmda	trpn	iglur	ploop	0.63432	0.68669	0.58891	1.246E+00	0.051
nmda	trpp	iglur	ploop	0.63445	0.65926	0.61122	2.551E-01	0.164
nmda	trpv	iglur	ploop	0.67614	0.68737	0.66528	5.718E+00	0.000
nmda	tweety	iglur	tweety	0.23639	0.60791	0.14688	6.349E+00	0.000
nmda	vdac	iglur	porin	0.15534	0.29674	0.10591		
nmda	viroporin	iglur	viroporin	0.41733	0.54725	0.33629		
nmda	zac	iglur	cysloop	0.2155	0.47935	0.13948	9.818E+00	0.000
orai	osca_tmem63	orai	tmem16_like	0.21155	0.35402	0.15242	3.037E+00	0.000
orai	otop	orai	otopetrin	0.26246	0.38089	0.20166	9.022E+00	0.000
orai	p2x	orai	p2x	0.18668	0.31238	0.1343		
orai	p2x_nonmetazoan	orai	p2x	0.22637	0.29621	0.18404		
orai	pacc	orai	pac	0.28089	0.33312	0.24364		
orai	pannexin	orai	innexin_like	0.35883	0.38216	0.33826		
orai	piezo	orai	piezo	0.10222	0.38507	0.06006	6.840E+00	0.000
orai	plgic_invertebrate	orai	cysloop	0.27758	0.3784	0.22046	2.069E+00	0.010
orai	plgic_prok	orai	cysloop	0.29744	0.3721	0.24875	4.705E+00	0.000
orai	tmc	orai	tmem16_like	0.2077	0.38208	0.14399		
orai	tmco1	orai	tmco1	0.34454	0.41981	0.29205	9.605E-01	0.016
orai	tmem109	orai	tmem109	0.3102	0.38984	0.25792	9.517E+00	0.000
orai	tmem175	orai	tmem175	0.29768	0.41896	0.23177	6.526E+00	0.000
orai	tmem87	orai	tmem87	0.34831	0.48758	0.27145	2.875E+00	0.010
orai	tpc	orai	ploop	0.28764	0.40502	0.22222	7.678E+00	0.000
orai	tric	orai	tric	0.31272	0.33967	0.28992	1.755E+00	0.007
orai	trpa	orai	ploop	0.3231	0.42941	0.25884		
orai	trpc	orai	ploop	0.35486	0.47363	0.28377	5.853E+00	0.000
orai	trpm	orai	ploop	0.3159	0.38797	0.267	7.597E+00	0.000
orai	trpml	orai	ploop	0.27594	0.40419	0.21033		
orai	trpn	orai	ploop	0.34216	0.50194	0.25959		
orai	trpp	orai	ploop	0.30694	0.47266	0.2269		
orai	trpv	orai	ploop	0.33438	0.52414	0.24462		
orai	tweety	orai	tweety	0.33306	0.46874	0.25945	3.388E+00	0.000
orai	vdac	orai	porin	0.16577	0.19704	0.14322		
orai	viroporin	orai	viroporin	0.28292	0.66852	0.17833	5.543E+00	0.009
orai	zac	orai	cysloop	0.30551	0.37637	0.25781	6.890E+00	0.000
osca_tmem63	otop	tmem16_like	otopetrin	0.23693	0.26107	0.21708	3.894E-01	0.020
osca_tmem63	p2x	tmem16_like	p2x	0.19079	0.19148	0.19011	6.875E+00	0.000
osca_tmem63	p2x_nonmetazoan	tmem16_like	p2x	0.22294	0.26444	0.19322		
osca_tmem63	pacc	tmem16_like	pac	0.22805	0.29812	0.18574	7.837E+00	0.000
osca_tmem63	pannexin	tmem16_like	innexin_like	0.21715	0.32979	0.16287		
osca_tmem63	piezo	tmem16_like	piezo	0.13479	0.23599	0.0957		
osca_tmem63	plgic_invertebrate	tmem16_like	cysloop	0.20801	0.24117	0.18322	4.238E+00	0.007
osca_tmem63	plgic_prok	tmem16_like	cysloop	0.21163	0.26293	0.17786	7.182E+00	0.000
osca_tmem63	tmc	tmem16_like	tmem16_like	0.46402	0.48976	0.4409	1.084E-02	0.900
osca_tmem63	tmco1	tmem16_like	tmco1	0.22818	0.50484	0.14844	5.958E+00	0.000
osca_tmem63	tmem109	tmem16_like	tmem109	0.16689	0.37031	0.10842	9.183E+00	0.000
osca_tmem63	tmem175	tmem16_like	tmem175	0.23002	0.25607	0.2089	1.176E+00	0.007
osca_tmem63	tmem87	tmem16_like	tmem87	0.22354	0.25825	0.19762	1.285E+00	0.014
osca_tmem63	tpc	tmem16_like	ploop	0.157	0.45391	0.09597	3.552E+00	0.000
osca_tmem63	tric	tmem16_like	tric	0.2146	0.31621	0.16342	1.676E+00	0.000
osca_tmem63	trpa	tmem16_like	ploop	0.1832	0.45231	0.11608		
osca_tmem63	trpc	tmem16_like	ploop	0.1939	0.46847	0.12337	5.769E+00	0.000
osca_tmem63	trpm	tmem16_like	ploop	0.18745	0.40906	0.12282	7.837E+00	0.000
osca_tmem63	trpml	tmem16_like	ploop	0.15834	0.45552	0.09634	5.769E+00	0.000
osca_tmem63	trpn	tmem16_like	ploop	0.18604	0.54964	0.11249		
osca_tmem63	trpp	tmem16_like	ploop	0.15249	0.4575	0.09264	7.503E+00	0.000
osca_tmem63	trpv	tmem16_like	ploop	0.18036	0.59144	0.10664		
osca_tmem63	tweety	tmem16_like	tweety	0.26458	0.29456	0.24038	2.006E-01	0.029
osca_tmem63	vdac	tmem16_like	porin	0.21021	0.27403	0.17138		
osca_tmem63	viroporin	tmem16_like	viroporin	0.10302	0.65783	0.05585		
osca_tmem63	zac	tmem16_like	cysloop	0.22808	0.28957	0.18885		
otop	p2x	otopetrin	p2x	0.1906	0.21144	0.17368	9.586E+00	0.000
otop	p2x_nonmetazoan	otopetrin	p2x	0.17639	0.1882	0.16605	6.368E+00	0.007
otop	pacc	otopetrin	pac	0.17271	0.1993	0.15276		
otop	pannexin	otopetrin	innexin_like	0.28452	0.37892	0.22874	6.055E+00	0.000
otop	piezo	otopetrin	piezo	0.16164	0.34321	0.10717	3.349E+00	0.000
otop	plgic_invertebrate	otopetrin	cysloop	0.23097	0.24344	0.2198		
otop	plgic_prok	otopetrin	cysloop	0.23544	0.26297	0.21345	6.315E+00	0.000
otop	tmc	otopetrin	tmem16_like	0.2372	0.27507	0.20893	3.849E-01	0.011
otop	tmco1	otopetrin	tmco1	0.23222	0.44082	0.15899	9.586E+00	0.000
otop	tmem109	otopetrin	tmem109	0.2383	0.44399	0.16383		
otop	tmem175	otopetrin	tmem175	0.29711	0.29875	0.29553	1.952E-01	0.040
otop	tmem87	otopetrin	tmem87	0.32286	0.34015	0.30734	1.850E+00	0.008
otop	tpc	otopetrin	ploop	0.23551	0.514	0.15378	5.805E+00	0.000
otop	tric	otopetrin	tric	0.32086	0.40376	0.26713	3.494E+00	0.000
otop	trpa	otopetrin	ploop	0.2454	0.51304	0.16288	8.121E+00	0.000
otop	trpc	otopetrin	ploop	0.24629	0.49617	0.16549	5.805E+00	0.000
otop	trpm	otopetrin	ploop	0.24893	0.44491	0.17434	8.121E+00	0.000
otop	trpml	otopetrin	ploop	0.23205	0.5228	0.1505		
otop	trpn	otopetrin	ploop	0.21551	0.4821	0.13948		
otop	trpp	otopetrin	ploop	0.2252	0.5075	0.14495	5.565E+00	0.000
otop	trpv	otopetrin	ploop	0.18469	0.4695	0.11625		
otop	tweety	otopetrin	tweety	0.29833	0.30149	0.29524	9.488E-02	0.051
otop	vdac	otopetrin	porin	0.20587	0.23875	0.18113		
otop	viroporin	otopetrin	viroporin	0.16518	0.74741	0.09359		
otop	zac	otopetrin	cysloop	0.23086	0.26663	0.20381	8.999E+00	0.000
p2x	p2x_nonmetazoan	p2x	p2x	0.56511	0.70257	0.47315	1.345E-19	1.000
p2x	pacc	p2x	pac	0.28728	0.37941	0.23191	2.499E-04	0.233
p2x	pannexin	p2x	innexin_like	0.18164	0.26643	0.13903		
p2x	piezo	p2x	piezo	0.17274	0.30399	0.12223	1.296E+00	0.000
p2x	plgic_invertebrate	p2x	cysloop	0.22023	0.25882	0.19197	1.064E-01	0.011
p2x	plgic_prok	p2x	cysloop	0.20793	0.26256	0.17253	3.932E+00	0.000
p2x	tmc	p2x	tmem16_like	0.16536	0.17306	0.15834	8.982E+00	0.000
p2x	tmco1	p2x	tmco1	0.16508	0.33609	0.11113	6.835E+00	0.000
p2x	tmem109	p2x	tmem109	0.16091	0.34999	0.10588		
p2x	tmem175	p2x	tmem175	0.19505	0.21651	0.17761		
p2x	tmem87	p2x	tmem87	0.1985	0.23087	0.17458		
p2x	tpc	p2x	ploop	0.13175	0.36694	0.08122		
p2x	tric	p2x	tric	0.17808	0.25454	0.13791		
p2x	trpa	p2x	ploop	0.1433	0.3502	0.09039		
p2x	trpc	p2x	ploop	0.16036	0.3985	0.10108		
p2x	trpm	p2x	ploop	0.15669	0.35846	0.10172		
p2x	trpml	p2x	ploop	0.13488	0.33165	0.08571		
p2x	trpn	p2x	ploop	0.13616	0.39623	0.08316		
p2x	trpp	p2x	ploop	0.12805	0.3819	0.07828		
p2x	trpv	p2x	ploop	0.14372	0.47498	0.08601		
p2x	tweety	p2x	tweety	0.19741	0.2211	0.1786	7.627E+00	0.000
p2x	vdac	p2x	porin	0.1421	0.1863	0.11545		
p2x	viroporin	p2x	viroporin	0.10879	0.62437	0.06041		
p2x	zac	p2x	cysloop	0.15781	0.20089	0.13048	3.150E+00	0.000
p2x_nonmetazoan	pacc	p2x	pac	0.35775	0.38807	0.3321	3.591E-05	0.795
p2x_nonmetazoan	pannexin	p2x	innexin_like	0.2026	0.24257	0.17434		
p2x_nonmetazoan	piezo	p2x	piezo	0.1216	0.27151	0.07999	7.664E-02	0.020
p2x_nonmetazoan	plgic_invertebrate	p2x	cysloop	0.23472	0.23876	0.23081	6.006E+00	0.000
p2x_nonmetazoan	plgic_prok	p2x	cysloop	0.24503	0.25421	0.23648	2.796E+00	0.000
p2x_nonmetazoan	tmc	p2x	tmem16_like	0.17435	0.21974	0.14518		
p2x_nonmetazoan	tmco1	p2x	tmco1	0.19857	0.32	0.14516		
p2x_nonmetazoan	tmem109	p2x	tmem109	0.17631	0.30509	0.12529		
p2x_nonmetazoan	tmem175	p2x	tmem175	0.24029	0.25542	0.22699		
p2x_nonmetazoan	tmem87	p2x	tmem87	0.23114	0.23549	0.22693	2.965E+00	0.000
p2x_nonmetazoan	tpc	p2x	ploop	0.18311	0.37148	0.12146	6.368E+00	0.000
p2x_nonmetazoan	tric	p2x	tric	0.24583	0.28796	0.21482		
p2x_nonmetazoan	trpa	p2x	ploop	0.19749	0.34509	0.1393		
p2x_nonmetazoan	trpc	p2x	ploop	0.21759	0.42424	0.14679		
p2x_nonmetazoan	trpm	p2x	ploop	0.20893	0.35933	0.14807		
p2x_nonmetazoan	trpml	p2x	ploop	0.15886	0.30045	0.10891		
p2x_nonmetazoan	trpn	p2x	ploop	0.2386	0.50146	0.15691		
p2x_nonmetazoan	trpp	p2x	ploop	0.18315	0.39627	0.12016		
p2x_nonmetazoan	trpv	p2x	ploop	0.19265	0.43734	0.12504		
p2x_nonmetazoan	tweety	p2x	tweety	0.24684	0.26088	0.23428	7.233E+00	0.000
p2x_nonmetazoan	vdac	p2x	porin	0.18358	0.19839	0.17102	9.775E+00	0.000
p2x_nonmetazoan	viroporin	p2x	viroporin	0.15471	0.58506	0.08981		
p2x_nonmetazoan	zac	p2x	cysloop	0.24149	0.25558	0.2289	4.478E+00	0.000
pacc	pannexin	pac	innexin_like	0.28396	0.31573	0.25818		
pacc	piezo	pac	piezo	0.11137	0.29981	0.06962	8.068E+00	0.000
pacc	plgic_invertebrate	pac	cysloop	0.29257	0.32508	0.26624		
pacc	plgic_prok	pac	cysloop	0.25654	0.26708	0.24685		
pacc	tmc	pac	tmem16_like	0.20286	0.292	0.15652	4.407E+00	0.034
pacc	tmco1	pac	tmco1	0.28687	0.44179	0.2136		
pacc	tmem109	pac	tmem109	0.20436	0.33911	0.14624		
pacc	tmem175	pac	tmem175	0.21438	0.24968	0.18811	7.233E+00	0.000
pacc	tmem87	pac	tmem87	0.20365	0.22461	0.1863	6.482E+00	0.000
pacc	tpc	pac	ploop	0.21906	0.38654	0.15202		
pacc	tric	pac	tric	0.228	0.24342	0.21459		
pacc	trpa	pac	ploop	0.23965	0.40462	0.17028		
pacc	trpc	pac	ploop	0.2268	0.34361	0.16989		
pacc	trpm	pac	ploop	0.25622	0.38315	0.19278	8.519E+00	0.000
pacc	trpml	pac	ploop	0.2172	0.36195	0.15553		
pacc	trpn	pac	ploop	0.23979	0.4535	0.16414		
pacc	trpp	pac	ploop	0.20363	0.34405	0.14476		
pacc	trpv	pac	ploop	0.22974	0.43236	0.15558		
pacc	tweety	pac	tweety	0.32952	0.3842	0.28873	7.640E+00	0.007
pacc	vdac	pac	porin	0.21433	0.21459	0.214		
pacc	viroporin	pac	viroporin	0.19922	0.69057	0.11627		
pacc	zac	pac	cysloop	0.29141	0.2979	0.28524		
pannexin	piezo	innexin_like	piezo	0.09527	0.3567	0.0553		
pannexin	plgic_invertebrate	innexin_like	cysloop	0.29314	0.36747	0.24444	3.879E+00	0.000
pannexin	plgic_prok	innexin_like	cysloop	0.27088	0.31387	0.23875	7.010E+00	0.000
pannexin	tmc	innexin_like	tmem16_like	0.22725	0.3625	0.16712		
pannexin	tmco1	innexin_like	tmco1	0.40248	0.53355	0.32347	9.636E+00	0.000
pannexin	tmem109	innexin_like	tmem109	0.29395	0.38349	0.23864		
pannexin	tmem175	innexin_like	tmem175	0.26393	0.3421	0.21524	7.799E+00	0.000
pannexin	tmem87	innexin_like	tmem87	0.23842	0.29835	0.19933	8.673E+00	0.000
pannexin	tpc	innexin_like	ploop	0.33049	0.49544	0.24776		
pannexin	tric	innexin_like	tric	0.29455	0.30029	0.28902		
pannexin	trpa	innexin_like	ploop	0.32232	0.45391	0.25002		
pannexin	trpc	innexin_like	ploop	0.34233	0.46803	0.27004		
pannexin	trpm	innexin_like	ploop	0.34664	0.4505	0.28246		
pannexin	trpml	innexin_like	ploop	0.36548	0.53788	0.27617		
pannexin	trpn	innexin_like	ploop	0.32782	0.49989	0.244	6.645E+00	0.000
pannexin	trpp	innexin_like	ploop	0.34336	0.53457	0.25189	3.879E+00	0.000
pannexin	trpv	innexin_like	ploop	0.30409	0.5132	0.21512		
pannexin	tweety	innexin_like	tweety	0.39383	0.51271	0.32079		
pannexin	vdac	innexin_like	porin	0.19292	0.21128	0.17759		
pannexin	viroporin	innexin_like	viroporin	0.27184	0.74288	0.16594		
pannexin	zac	innexin_like	cysloop	0.25881	0.29111	0.23319		
piezo	plgic_invertebrate	piezo	cysloop	0.13748	0.30669	0.09003	8.644E+00	0.000
piezo	plgic_prok	piezo	cysloop	0.13349	0.31814	0.08606		
piezo	tmc	piezo	tmem16_like	0.15189	0.25496	0.10938	3.677E+00	0.000
piezo	tmco1	piezo	tmco1	0.07453	0.41674	0.04145	3.212E+00	0.000
piezo	tmem109	piezo	tmem109	0.07438	0.3774	0.04209		
piezo	tmem175	piezo	tmem175	0.16938	0.35847	0.11255	3.677E+00	0.000
piezo	tmem87	piezo	tmem87	0.13496	0.29507	0.08917		
piezo	tpc	piezo	ploop	0.08154	0.5868	0.0443		
piezo	tric	piezo	tric	0.1073	0.32201	0.06567	8.247E+00	0.000
piezo	trpa	piezo	ploop	0.08713	0.52474	0.04804		
piezo	trpc	piezo	ploop	0.0847	0.54043	0.04645		
piezo	trpm	piezo	ploop	0.09228	0.49103	0.05168		
piezo	trpml	piezo	ploop	0.0821	0.54357	0.04476		
piezo	trpn	piezo	ploop	0.07945	0.55332	0.04336		
piezo	trpp	piezo	ploop	0.07578	0.56097	0.04118	6.309E+00	0.000
piezo	trpv	piezo	ploop	0.05632	0.53742	0.02984		
piezo	tweety	piezo	tweety	0.12902	0.2734	0.08588	8.174E-01	0.014
piezo	vdac	piezo	porin	0.0969	0.24839	0.06149		
piezo	viroporin	piezo	viroporin	0.04235	0.71046	0.02195		
piezo	zac	piezo	cysloop	0.11875	0.29457	0.07582	7.138E+00	0.000
plgic_invertebrate	plgic_prok	cysloop	cysloop	0.84019	0.90263	0.78587	8.267E-27	1.000
plgic_invertebrate	tmc	cysloop	tmem16_like	0.22397	0.27713	0.18853	8.564E+00	0.000
plgic_invertebrate	tmco1	cysloop	tmco1	0.23471	0.40986	0.16623	1.447E+00	0.008
plgic_invertebrate	tmem109	cysloop	tmem109	0.19923	0.36526	0.13847		
plgic_invertebrate	tmem175	cysloop	tmem175	0.24488	0.25614	0.23462	1.624E+00	0.029
plgic_invertebrate	tmem87	cysloop	tmem87	0.25983	0.26012	0.25955	4.099E+00	0.000
plgic_invertebrate	tpc	cysloop	ploop	0.18662	0.40572	0.12288	4.874E+00	0.000
plgic_invertebrate	tric	cysloop	tric	0.20344	0.24547	0.17415	9.147E+00	0.000
plgic_invertebrate	trpa	cysloop	ploop	0.20944	0.42183	0.13988		
plgic_invertebrate	trpc	cysloop	ploop	0.23696	0.49896	0.1561		
plgic_invertebrate	trpm	cysloop	ploop	0.19274	0.34813	0.13383		
plgic_invertebrate	trpml	cysloop	ploop	0.2097	0.42637	0.13945		
plgic_invertebrate	trpn	cysloop	ploop	0.23469	0.53264	0.15004	4.600E+00	0.000
plgic_invertebrate	trpp	cysloop	ploop	0.19001	0.46908	0.11997		
plgic_invertebrate	trpv	cysloop	ploop	0.21097	0.53057	0.13185	2.299E+00	0.007
plgic_invertebrate	tweety	cysloop	tweety	0.21756	0.22707	0.20886	4.342E+00	0.000
plgic_invertebrate	vdac	cysloop	porin	0.19026	0.20994	0.17403	5.409E-01	0.000
plgic_invertebrate	viroporin	cysloop	viroporin	0.15524	0.6951	0.08768		
plgic_invertebrate	zac	cysloop	cysloop	0.80033	0.88151	0.73296	6.593E-22	1.000
plgic_prok	tmc	cysloop	tmem16_like	0.20122	0.26477	0.16293		
plgic_prok	tmco1	cysloop	tmco1	0.26212	0.4262	0.19077	5.942E+00	0.000
plgic_prok	tmem109	cysloop	tmem109	0.20589	0.32566	0.15166	8.446E+00	0.000
plgic_prok	tmem175	cysloop	tmem175	0.26243	0.2899	0.24008	1.818E+00	0.024
plgic_prok	tmem87	cysloop	tmem87	0.26757	0.28486	0.25233	1.066E+00	0.008
plgic_prok	tpc	cysloop	ploop	0.23052	0.42842	0.15763	3.490E+00	0.000
plgic_prok	tric	cysloop	tric	0.29408	0.33025	0.26534	9.483E+00	0.000
plgic_prok	trpa	cysloop	ploop	0.22612	0.41098	0.15624	5.281E+00	0.000
plgic_prok	trpc	cysloop	ploop	0.26678	0.50275	0.18206	7.089E+00	0.000
plgic_prok	trpm	cysloop	ploop	0.23495	0.3843	0.16963	8.446E+00	0.000
plgic_prok	trpml	cysloop	ploop	0.23776	0.45696	0.16111		
plgic_prok	trpn	cysloop	ploop	0.25748	0.54676	0.16841	6.137E+00	0.000
plgic_prok	trpp	cysloop	ploop	0.19954	0.40305	0.13282		
plgic_prok	trpv	cysloop	ploop	0.24461	0.53573	0.15793	3.490E+00	0.000
plgic_prok	tweety	cysloop	tweety	0.24919	0.27511	0.22792	7.887E+00	0.000
plgic_prok	vdac	cysloop	porin	0.18509	0.19237	0.17838	3.664E-01	0.000
plgic_prok	viroporin	cysloop	viroporin	0.16586	0.65932	0.09449	8.951E+00	0.000
plgic_prok	zac	cysloop	cysloop	0.85401	0.87489	0.83409	1.870E-19	1.000
tmc	tmco1	tmem16_like	tmco1	0.20812	0.51097	0.13253	7.164E+00	0.000
tmc	tmem109	tmem16_like	tmem109	0.17316	0.42712	0.1095	4.275E+00	0.009
tmc	tmem175	tmem16_like	tmem175	0.26064	0.30815	0.22626	5.537E+00	0.000
tmc	tmem87	tmem16_like	tmem87	0.23277	0.29245	0.19385		
tmc	tpc	tmem16_like	ploop	0.14054	0.42691	0.08514		
tmc	tric	tmem16_like	tric	0.23118	0.35518	0.17289	4.645E+00	0.000
tmc	trpa	tmem16_like	ploop	0.1717	0.4589	0.10612	7.854E+00	0.000
tmc	trpc	tmem16_like	ploop	0.1926	0.55391	0.11702	8.564E+00	0.000
tmc	trpm	tmem16_like	ploop	0.18064	0.44422	0.11451	7.199E+00	0.000
tmc	trpml	tmem16_like	ploop	0.14495	0.44974	0.08774	5.072E+00	0.000
tmc	trpn	tmem16_like	ploop	0.17564	0.54732	0.10506	4.645E+00	0.000
tmc	trpp	tmem16_like	ploop	0.14068	0.47209	0.08404		
tmc	trpv	tmem16_like	ploop	0.16292	0.57158	0.0951		
tmc	tweety	tmem16_like	tweety	0.23366	0.27529	0.20343	3.295E-01	0.020
tmc	vdac	tmem16_like	porin	0.20638	0.28523	0.16266		
tmc	viroporin	tmem16_like	viroporin	0.0998	0.70399	0.05386		
tmc	zac	tmem16_like	cysloop	0.2224	0.30216	0.17667		
tmco1	tmem109	tmco1	tmem109	0.36182	0.36685	0.35692	7.315E+00	0.000
tmco1	tmem175	tmco1	tmem175	0.24069	0.44731	0.1655		
tmco1	tmem87	tmco1	tmem87	0.27554	0.49994	0.1917	8.326E+00	0.000
tmco1	tpc	tmco1	ploop	0.36341	0.40943	0.32614	8.602E+00	0.000
tmco1	tric	tmco1	tric	0.29222	0.38689	0.23584	4.496E+00	0.000
tmco1	trpa	tmco1	ploop	0.43846	0.46724	0.41287	5.180E+00	0.000
tmco1	trpc	tmco1	ploop	0.46665	0.49181	0.44384		
tmco1	trpm	tmco1	ploop	0.4191	0.42307	0.41519	9.557E+00	0.000
tmco1	trpml	tmco1	ploop	0.31168	0.34882	0.28179		
tmco1	trpn	tmco1	ploop	0.42046	0.47318	0.37874	9.138E+00	0.000
tmco1	trpp	tmco1	ploop	0.35548	0.4167	0.30992	4.258E+00	0.000
tmco1	trpv	tmco1	ploop	0.42023	0.50177	0.36108	3.212E+00	0.000
tmco1	tweety	tmco1	tweety	0.25209	0.49191	0.17121	8.597E+00	0.000
tmco1	vdac	tmco1	porin	0.17969	0.25933	0.13845		
tmco1	viroporin	tmco1	viroporin	0.44085	0.6711	0.31881		
tmco1	zac	tmco1	cysloop	0.25001	0.38383	0.18719	4.738E+00	0.000
tmem109	tmem175	tmem109	tmem175	0.2076	0.40865	0.14033	9.005E+00	0.000
tmem109	tmem87	tmem109	tmem87	0.20897	0.3758	0.14594		
tmem109	tpc	tmem109	ploop	0.29646	0.3474	0.25843	9.898E+00	0.000
tmem109	tric	tmem109	tric	0.25121	0.34462	0.19844		
tmem109	trpa	tmem109	ploop	0.32223	0.35145	0.29751		
tmem109	trpc	tmem109	ploop	0.34794	0.37383	0.32545		
tmem109	trpm	tmem109	ploop	0.31559	0.31672	0.31447		
tmem109	trpml	tmem109	ploop	0.30557	0.3506	0.27066	9.492E+00	0.000
tmem109	trpn	tmem109	ploop	0.36503	0.41899	0.32338		
tmem109	trpp	tmem109	ploop	0.27872	0.33539	0.23845		
tmem109	trpv	tmem109	ploop	0.31319	0.39645	0.25981	3.141E+00	0.000
tmem109	tweety	tmem109	tweety	0.22745	0.44998	0.15331		
tmem109	vdac	tmem109	porin	0.13096	0.18468	0.10205		
tmem109	viroporin	tmem109	viroporin	0.37995	0.69701	0.26098		
tmem109	zac	tmem109	cysloop	0.21788	0.34685	0.15907		
tmem175	tmem87	tmem175	tmem87	0.30794	0.3233	0.29406	6.665E+00	0.000
tmem175	tpc	tmem175	ploop	0.2501	0.58166	0.16076	8.629E+00	0.000
tmem175	tric	tmem175	tric	0.27328	0.34418	0.22755	1.725E+00	0.009
tmem175	trpa	tmem175	ploop	0.26045	0.56293	0.17072		
tmem175	trpc	tmem175	ploop	0.25978	0.51603	0.17541		
tmem175	trpm	tmem175	ploop	0.24961	0.46122	0.1729		
tmem175	trpml	tmem175	ploop	0.23934	0.50409	0.15818		
tmem175	trpn	tmem175	ploop	0.22845	0.58266	0.14233	7.285E+00	0.000
tmem175	trpp	tmem175	ploop	0.23732	0.59402	0.1498		
tmem175	trpv	tmem175	ploop	0.20618	0.48956	0.13173		
tmem175	tweety	tmem175	tweety	0.24469	0.24564	0.24375	1.703E-01	0.029
tmem175	vdac	tmem175	porin	0.21949	0.25534	0.19279		
tmem175	viroporin	tmem175	viroporin	0.15754	0.71459	0.08919		
tmem175	zac	tmem175	cysloop	0.26812	0.3051	0.23935	2.959E+00	0.007
tmem87	tpc	tmem87	ploop	0.19231	0.44016	0.12334	6.392E+00	0.000
tmem87	tric	tmem87	tric	0.30136	0.36449	0.25725	1.356E+00	0.011
tmem87	trpa	tmem87	ploop	0.22377	0.42613	0.15414		
tmem87	trpc	tmem87	ploop	0.25206	0.501	0.17068	4.561E+00	0.000
tmem87	trpm	tmem87	ploop	0.25085	0.42275	0.17955	6.024E+00	0.000
tmem87	trpml	tmem87	ploop	0.24074	0.48106	0.16084	8.748E+00	0.000
tmem87	trpn	tmem87	ploop	0.22248	0.51487	0.14262		
tmem87	trpp	tmem87	ploop	0.21004	0.42046	0.14001		
tmem87	trpv	tmem87	ploop	0.20034	0.49243	0.12669		
tmem87	tweety	tmem87	tweety	0.27368	0.28533	0.263	1.746E+00	0.000
tmem87	vdac	tmem87	porin	0.20355	0.22461	0.18623		
tmem87	viroporin	tmem87	viroporin	0.16177	0.67386	0.09192		
tmem87	zac	tmem87	cysloop	0.27416	0.29846	0.25368	3.369E+00	0.007
tpc	tric	ploop	tric	0.27228	0.4172	0.20344	9.388E+00	0.000
tpc	trpa	ploop	ploop	0.72845	0.77768	0.6849	2.046E-02	0.996
tpc	trpc	ploop	ploop	0.75474	0.8189	0.69974	2.705E-02	0.971
tpc	trpm	ploop	ploop	0.61276	0.71712	0.53459	2.775E+00	0.034
tpc	trpml	ploop	ploop	0.80596	0.8142	0.79789	5.996E-03	1.000
tpc	trpn	ploop	ploop	0.57727	0.58201	0.5726	1.906E-01	0.817
tpc	trpp	ploop	ploop	0.82191	0.84915	0.7963	3.837E-03	1.000
tpc	trpv	ploop	ploop	0.71631	0.76405	0.67407	2.254E-01	0.214
tpc	tweety	ploop	tweety	0.26558	0.61581	0.16925	4.844E+00	0.000
tpc	vdac	ploop	porin	0.15788	0.26271	0.11341		
tpc	viroporin	ploop	viroporin	0.36885	0.51789	0.28489		
tpc	zac	ploop	cysloop	0.24407	0.4598	0.16727	6.392E+00	0.000
tric	trpa	tric	ploop	0.27101	0.3925	0.20804	3.461E+00	0.000
tric	trpc	tric	ploop	0.27938	0.41553	0.21198		
tric	trpm	tric	ploop	0.26265	0.35111	0.21019		
tric	trpml	tric	ploop	0.28198	0.40991	0.21449	6.366E+00	0.000
tric	trpn	tric	ploop	0.25843	0.40592	0.1894	5.589E+00	0.000
tric	trpp	tric	ploop	0.25949	0.40965	0.19043	2.549E+00	0.009
tric	trpv	tric	ploop	0.23548	0.41919	0.16297	4.120E+00	0.000
tric	tweety	tric	tweety	0.27754	0.34823	0.2314	6.297E-01	0.011
tric	vdac	tric	porin	0.20411	0.21724	0.19264		
tric	viroporin	tric	viroporin	0.21573	0.65222	0.12908		
tric	zac	tric	cysloop	0.3028	0.33337	0.2776	4.304E+00	0.000
trpa	trpc	ploop	ploop	0.72509	0.73407	0.71632	2.639E-02	0.961
trpa	trpm	ploop	ploop	0.67428	0.73558	0.62231	8.571E-01	0.063
trpa	trpml	ploop	ploop	0.73101	0.77195	0.69406	3.782E-02	0.941
trpa	trpn	ploop	ploop	0.69625	0.73515	0.66115	1.416E-01	0.692
trpa	trpp	ploop	ploop	0.72811	0.80417	0.66477	4.630E-03	1.000
trpa	trpv	ploop	ploop	0.75087	0.86036	0.66529	7.319E-02	0.912
trpa	tweety	ploop	tweety	0.27862	0.60796	0.18196	8.333E+00	0.000
trpa	vdac	ploop	porin	0.16222	0.24365	0.12198		
trpa	viroporin	ploop	viroporin	0.32618	0.48802	0.24626		
trpa	zac	ploop	cysloop	0.2275	0.41023	0.15828		
trpc	trpm	ploop	ploop	0.66478	0.71508	0.62106	1.427E-01	0.505
trpc	trpml	ploop	ploop	0.75493	0.81143	0.70568	9.730E-02	0.923
trpc	trpn	ploop	ploop	0.82158	0.88579	0.76594	2.234E-04	1.000
trpc	trpp	ploop	ploop	0.73694	0.82665	0.66434	7.842E-03	1.000
trpc	trpv	ploop	ploop	0.61611	0.69768	0.55099	1.877E-01	0.912
trpc	tweety	ploop	tweety	0.30272	0.63344	0.19935		
trpc	vdac	ploop	porin	0.18324	0.2743	0.13805		
trpc	viroporin	ploop	viroporin	0.39833	0.61266	0.29217		
trpc	zac	ploop	cysloop	0.26583	0.46299	0.18634		
trpm	trpml	ploop	ploop	0.53281	0.60025	0.47811	6.024E+00	0.008
trpm	trpn	ploop	ploop	0.68019	0.79136	0.59623	2.308E-02	0.993
trpm	trpp	ploop	ploop	0.59565	0.71746	0.50817	2.657E+00	0.040
trpm	trpv	ploop	ploop	0.5118	0.61436	0.43734	6.513E-01	0.326
trpm	tweety	ploop	tweety	0.25433	0.47022	0.17597		
trpm	vdac	ploop	porin	0.17803	0.24722	0.13985		
trpm	viroporin	ploop	viroporin	0.32102	0.55955	0.223		
trpm	zac	ploop	cysloop	0.224	0.33896	0.16747		
trpml	trpn	ploop	ploop	0.69508	0.69508	0.69508	1.645E+00	0.051
trpml	trpp	ploop	ploop	0.8439	0.88256	0.80842	1.353E-03	1.000
trpml	trpv	ploop	ploop	0.47564	0.501	0.45226	3.520E-01	0.277
trpml	tweety	ploop	tweety	0.25461	0.58994	0.16261	6.632E+00	0.000
trpml	vdac	ploop	porin	0.1663	0.26904	0.12064		
trpml	viroporin	ploop	viroporin	0.38203	0.53777	0.293		
trpml	zac	ploop	cysloop	0.24821	0.46017	0.17032		
trpn	trpp	ploop	ploop	0.69036	0.71909	0.66374	3.243E-01	0.601
trpn	trpv	ploop	ploop	0.80712	0.8727	0.75052	2.153E-02	1.000
trpn	tweety	ploop	tweety	0.21438	0.53197	0.1351	6.881E+00	0.000
trpn	vdac	ploop	porin	0.17702	0.29244	0.12791		
trpn	viroporin	ploop	viroporin	0.42409	0.6275	0.31956		
trpn	zac	ploop	cysloop	0.23406	0.46704	0.15744	5.795E+00	0.000
trpp	trpv	ploop	ploop	0.60996	0.62401	0.59642	1.445E-01	0.326
trpp	tweety	ploop	tweety	0.23929	0.55631	0.15287		
trpp	vdac	ploop	porin	0.1528	0.2769	0.10595		
trpp	viroporin	ploop	viroporin	0.35403	0.48153	0.27979		
trpp	zac	ploop	cysloop	0.22204	0.4633	0.14656	8.807E+00	0.000
trpv	tweety	ploop	tweety	0.20082	0.54818	0.12291		
trpv	vdac	ploop	porin	0.155	0.26923	0.109		
trpv	viroporin	ploop	viroporin	0.42189	0.54196	0.34257		
trpv	zac	ploop	cysloop	0.27609	0.63695	0.17613	8.999E+00	0.000
tweety	vdac	tweety	porin	0.17653	0.20277	0.15658		
tweety	viroporin	tweety	viroporin	0.15868	0.75027	0.08928		
tweety	zac	tweety	cysloop	0.28177	0.32107	0.25121		
vdac	viroporin	porin	viroporin	0.12532	0.32035	0.07742		
vdac	zac	porin	cysloop	0.18434	0.18813	0.18066	1.816E+00	0.000
viroporin	zac	viroporin	cysloop	0.17456	0.68058	0.09986		
