family	superfamily	species	records	missed_by_domain_search
ampa	iglur	Aliarcobacter butzleri	0	0
ampa	iglur	Amphimedon queenslandica	0	0
ampa	iglur	Anolis carolinensis	4	0
ampa	iglur	Aplysia californica	5	0
ampa	iglur	Arabidopsis thaliana	0	0
ampa	iglur	Bacillus subtilis	0	0
ampa	iglur	Branchiostoma floridae	2	0
ampa	iglur	Caenorhabditis elegans	0	0
ampa	iglur	Callorhinchus milii	4	0
ampa	iglur	Capsaspora owczarzaki	0	0
ampa	iglur	Chlamydomonas reinhardtii	0	0
ampa	iglur	Ciona intestinalis	1	0
ampa	iglur	Danio rerio	8	0
ampa	iglur	Daphnia pulex	1	0
ampa	iglur	Dictyostelium discoideum	0	0
ampa	iglur	Drosophila melanogaster	2	0
ampa	iglur	Escherichia coli	0	0
ampa	iglur	Gallus gallus	4	0
ampa	iglur	Gloeobacter violaceus	0	0
ampa	iglur	Homo sapiens	4	0
ampa	iglur	Human immunodeficiency virus type 1	0	0
ampa	iglur	Hydra vulgaris	0	0
ampa	iglur	Influenza A virus	0	0
ampa	iglur	Latimeria chalumnae	3	0
ampa	iglur	Lottia gigantea	5	0
ampa	iglur	Lymnaea stagnalis	4	0
ampa	iglur	Methanothermobacter thermautotrophicus	0	0
ampa	iglur	Monodelphis domestica	4	0
ampa	iglur	Monosiga brevicollis	0	0
ampa	iglur	Mus musculus	4	0
ampa	iglur	Nematostella vectensis	0	0
ampa	iglur	Ornithorhynchus anatinus	3	0
ampa	iglur	Oryza sativa	0	0
ampa	iglur	Paramecium tetraurelia	0	0
ampa	iglur	Petromyzon marinus	4	0
ampa	iglur	Physcomitrium patens	0	0
ampa	iglur	Plasmodium falciparum	0	0
ampa	iglur	Rattus norvegicus	4	0
ampa	iglur	Saccharomyces cerevisiae	0	0
ampa	iglur	Schizosaccharomyces pombe	0	0
ampa	iglur	Severe acute respiratory syndrome coronavirus 2	0	0
ampa	iglur	Streptomyces lividans	0	0
ampa	iglur	Strongylocentrotus purpuratus	6	0
ampa	iglur	Synechocystis sp. PCC 6803	0	0
ampa	iglur	Takifugu rubripes	7	0
ampa	iglur	Tetrahymena thermophila	0	0
ampa	iglur	Thermus thermophilus	0	0
ampa	iglur	Trichoplax adhaerens	0	0
ampa	iglur	Trypanosoma brucei	0	0
ampa	iglur	Xenopus tropicalis	4	0
ano_channel	tmem16_like	Aliarcobacter butzleri	0	0
ano_channel	tmem16_like	Amphimedon queenslandica	0	0
ano_channel	tmem16_like	Anolis carolinensis	3	0
ano_channel	tmem16_like	Aplysia californica	0	0
ano_channel	tmem16_like	Arabidopsis thaliana	0	0
ano_channel	tmem16_like	Bacillus subtilis	0	0
ano_channel	tmem16_like	Branchiostoma floridae	1	0
ano_channel	tmem16_like	Caenorhabditis elegans	0	0
ano_channel	tmem16_like	Callorhinchus milii	2	0
ano_channel	tmem16_like	Capsaspora owczarzaki	0	0
ano_channel	tmem16_like	Chlamydomonas reinhardtii	0	0
ano_channel	tmem16_like	Ciona intestinalis	0	0
ano_channel	tmem16_like	Danio rerio	4	0
ano_channel	tmem16_like	Daphnia pulex	0	0
ano_channel	tmem16_like	Dictyostelium discoideum	0	0
ano_channel	tmem16_like	Drosophila melanogaster	0	0
ano_channel	tmem16_like	Escherichia coli	0	0
ano_channel	tmem16_like	Gallus gallus	2	0
ano_channel	tmem16_like	Gloeobacter violaceus	0	0
ano_channel	tmem16_like	Homo sapiens	2	0
ano_channel	tmem16_like	Human immunodeficiency virus type 1	0	0
ano_channel	tmem16_like	Hydra vulgaris	0	0
ano_channel	tmem16_like	Influenza A virus	0	0
ano_channel	tmem16_like	Latimeria chalumnae	2	0
ano_channel	tmem16_like	Lottia gigantea	0	0
ano_channel	tmem16_like	Lymnaea stagnalis	0	0
ano_channel	tmem16_like	Methanothermobacter thermautotrophicus	0	0
ano_channel	tmem16_like	Monodelphis domestica	2	0
ano_channel	tmem16_like	Monosiga brevicollis	0	0
ano_channel	tmem16_like	Mus musculus	2	0
ano_channel	tmem16_like	Nematostella vectensis	0	0
ano_channel	tmem16_like	Ornithorhynchus anatinus	2	0
ano_channel	tmem16_like	Oryza sativa	0	0
ano_channel	tmem16_like	Paramecium tetraurelia	0	0
ano_channel	tmem16_like	Petromyzon marinus	3	0
ano_channel	tmem16_like	Physcomitrium patens	0	0
ano_channel	tmem16_like	Plasmodium falciparum	0	0
ano_channel	tmem16_like	Rattus norvegicus	2	0
ano_channel	tmem16_like	Saccharomyces cerevisiae	0	0
ano_channel	tmem16_like	Schizosaccharomyces pombe	0	0
ano_channel	tmem16_like	Severe acute respiratory syndrome coronavirus 2	0	0
ano_channel	tmem16_like	Streptomyces lividans	0	0
ano_channel	tmem16_like	Strongylocentrotus purpuratus	0	0
ano_channel	tmem16_like	Synechocystis sp. PCC 6803	0	0
ano_channel	tmem16_like	Takifugu rubripes	4	0
ano_channel	tmem16_like	Tetrahymena thermophila	0	0
ano_channel	tmem16_like	Thermus thermophilus	0	0
ano_channel	tmem16_like	Trichoplax adhaerens	0	0
ano_channel	tmem16_like	Trypanosoma brucei	0	0
ano_channel	tmem16_like	Xenopus tropicalis	2	0
ano_scramblase	tmem16_like	Aliarcobacter butzleri	0	0
ano_scramblase	tmem16_like	Amphimedon queenslandica	2	0
ano_scramblase	tmem16_like	Anolis carolinensis	8	0
ano_scramblase	tmem16_like	Aplysia californica	6	0
ano_scramblase	tmem16_like	Arabidopsis thaliana	1	0
ano_scramblase	tmem16_like	Bacillus subtilis	0	0
ano_scramblase	tmem16_like	Branchiostoma floridae	5	0
ano_scramblase	tmem16_like	Caenorhabditis elegans	2	0
ano_scramblase	tmem16_like	Callorhinchus milii	11	0
ano_scramblase	tmem16_like	Capsaspora owczarzaki	1	0
ano_scramblase	tmem16_like	Chlamydomonas reinhardtii	0	0
ano_scramblase	tmem16_like	Ciona intestinalis	4	0
ano_scramblase	tmem16_like	Danio rerio	12	0
ano_scramblase	tmem16_like	Daphnia pulex	4	0
ano_scramblase	tmem16_like	Dictyostelium discoideum	1	0
ano_scramblase	tmem16_like	Drosophila melanogaster	5	0
ano_scramblase	tmem16_like	Escherichia coli	0	0
ano_scramblase	tmem16_like	Gallus gallus	7	0
ano_scramblase	tmem16_like	Gloeobacter violaceus	0	0
ano_scramblase	tmem16_like	Homo sapiens	8	0
ano_scramblase	tmem16_like	Human immunodeficiency virus type 1	0	0
ano_scramblase	tmem16_like	Hydra vulgaris	10	0
ano_scramblase	tmem16_like	Influenza A virus	0	0
ano_scramblase	tmem16_like	Latimeria chalumnae	12	0
ano_scramblase	tmem16_like	Lottia gigantea	6	0
ano_scramblase	tmem16_like	Lymnaea stagnalis	5	0
ano_scramblase	tmem16_like	Methanothermobacter thermautotrophicus	0	0
ano_scramblase	tmem16_like	Monodelphis domestica	7	0
ano_scramblase	tmem16_like	Monosiga brevicollis	1	0
ano_scramblase	tmem16_like	Mus musculus	8	0
ano_scramblase	tmem16_like	Nematostella vectensis	11	0
ano_scramblase	tmem16_like	Ornithorhynchus anatinus	8	0
ano_scramblase	tmem16_like	Oryza sativa	1	0
ano_scramblase	tmem16_like	Paramecium tetraurelia	37	0
ano_scramblase	tmem16_like	Petromyzon marinus	23	0
ano_scramblase	tmem16_like	Physcomitrium patens	1	0
ano_scramblase	tmem16_like	Plasmodium falciparum	0	0
ano_scramblase	tmem16_like	Rattus norvegicus	8	0
ano_scramblase	tmem16_like	Saccharomyces cerevisiae	0	0
ano_scramblase	tmem16_like	Schizosaccharomyces pombe	1	0
ano_scramblase	tmem16_like	Severe acute respiratory syndrome coronavirus 2	0	0
ano_scramblase	tmem16_like	Streptomyces lividans	0	0
ano_scramblase	tmem16_like	Strongylocentrotus purpuratus	6	0
ano_scramblase	tmem16_like	Synechocystis sp. PCC 6803	0	0
ano_scramblase	tmem16_like	Takifugu rubripes	8	0
ano_scramblase	tmem16_like	Tetrahymena thermophila	7	0
ano_scramblase	tmem16_like	Thermus thermophilus	0	0
ano_scramblase	tmem16_like	Trichoplax adhaerens	5	0
ano_scramblase	tmem16_like	Trypanosoma brucei	0	0
ano_scramblase	tmem16_like	Xenopus tropicalis	12	0
asic	deg_enac	Aliarcobacter butzleri	0	0
asic	deg_enac	Amphimedon queenslandica	20	0
asic	deg_enac	Anolis carolinensis	8	0
asic	deg_enac	Aplysia californica	4	0
asic	deg_enac	Arabidopsis thaliana	0	0
asic	deg_enac	Bacillus subtilis	0	0
asic	deg_enac	Branchiostoma floridae	27	0
asic	deg_enac	Caenorhabditis elegans	12	0
asic	deg_enac	Callorhinchus milii	11	0
asic	deg_enac	Capsaspora owczarzaki	0	0
asic	deg_enac	Chlamydomonas reinhardtii	0	0
asic	deg_enac	Ciona intestinalis	5	0
asic	deg_enac	Danio rerio	6	0
asic	deg_enac	Daphnia pulex	15	0
asic	deg_enac	Dictyostelium discoideum	0	0
asic	deg_enac	Drosophila melanogaster	21	0
asic	deg_enac	Escherichia coli	0	0
asic	deg_enac	Gallus gallus	4	0
asic	deg_enac	Gloeobacter violaceus	0	0
asic	deg_enac	Homo sapiens	6	0
asic	deg_enac	Human immunodeficiency virus type 1	0	0
asic	deg_enac	Hydra vulgaris	13	0
asic	deg_enac	Influenza A virus	0	0
asic	deg_enac	Latimeria chalumnae	11	0
asic	deg_enac	Lottia gigantea	18	0
asic	deg_enac	Lymnaea stagnalis	2	0
asic	deg_enac	Methanothermobacter thermautotrophicus	0	0
asic	deg_enac	Monodelphis domestica	5	0
asic	deg_enac	Monosiga brevicollis	0	0
asic	deg_enac	Mus musculus	5	0
asic	deg_enac	Nematostella vectensis	22	0
asic	deg_enac	Ornithorhynchus anatinus	5	0
asic	deg_enac	Oryza sativa	0	0
asic	deg_enac	Paramecium tetraurelia	0	0
asic	deg_enac	Petromyzon marinus	4	0
asic	deg_enac	Physcomitrium patens	0	0
asic	deg_enac	Plasmodium falciparum	0	0
asic	deg_enac	Rattus norvegicus	5	0
asic	deg_enac	Saccharomyces cerevisiae	0	0
asic	deg_enac	Schizosaccharomyces pombe	0	0
asic	deg_enac	Severe acute respiratory syndrome coronavirus 2	0	0
asic	deg_enac	Streptomyces lividans	0	0
asic	deg_enac	Strongylocentrotus purpuratus	19	0
asic	deg_enac	Synechocystis sp. PCC 6803	0	0
asic	deg_enac	Takifugu rubripes	5	0
asic	deg_enac	Tetrahymena thermophila	0	0
asic	deg_enac	Thermus thermophilus	0	0
asic	deg_enac	Trichoplax adhaerens	10	0
asic	deg_enac	Trypanosoma brucei	0	0
asic	deg_enac	Xenopus tropicalis	6	0
bestrophin	bestrophin	Aliarcobacter butzleri	0	0
bestrophin	bestrophin	Amphimedon queenslandica	0	0
bestrophin	bestrophin	Anolis carolinensis	4	0
bestrophin	bestrophin	Aplysia californica	1	0
bestrophin	bestrophin	Arabidopsis thaliana	0	0
bestrophin	bestrophin	Bacillus subtilis	0	0
bestrophin	bestrophin	Branchiostoma floridae	3	0
bestrophin	bestrophin	Caenorhabditis elegans	27	0
bestrophin	bestrophin	Callorhinchus milii	5	0
bestrophin	bestrophin	Capsaspora owczarzaki	0	0
bestrophin	bestrophin	Chlamydomonas reinhardtii	0	0
bestrophin	bestrophin	Ciona intestinalis	1	0
bestrophin	bestrophin	Danio rerio	3	0
bestrophin	bestrophin	Daphnia pulex	29	0
bestrophin	bestrophin	Dictyostelium discoideum	0	0
bestrophin	bestrophin	Drosophila melanogaster	4	0
bestrophin	bestrophin	Escherichia coli	1	1
bestrophin	bestrophin	Gallus gallus	3	0
bestrophin	bestrophin	Gloeobacter violaceus	0	0
bestrophin	bestrophin	Homo sapiens	4	0
bestrophin	bestrophin	Human immunodeficiency virus type 1	0	0
bestrophin	bestrophin	Hydra vulgaris	0	0
bestrophin	bestrophin	Influenza A virus	0	0
bestrophin	bestrophin	Latimeria chalumnae	4	0
bestrophin	bestrophin	Lottia gigantea	1	0
bestrophin	bestrophin	Lymnaea stagnalis	3	0
bestrophin	bestrophin	Methanothermobacter thermautotrophicus	0	0
bestrophin	bestrophin	Monodelphis domestica	3	0
bestrophin	bestrophin	Monosiga brevicollis	0	0
bestrophin	bestrophin	Mus musculus	3	0
bestrophin	bestrophin	Nematostella vectensis	0	0
bestrophin	bestrophin	Ornithorhynchus anatinus	4	0
bestrophin	bestrophin	Oryza sativa	0	0
bestrophin	bestrophin	Paramecium tetraurelia	0	0
bestrophin	bestrophin	Petromyzon marinus	2	0
bestrophin	bestrophin	Physcomitrium patens	0	0
bestrophin	bestrophin	Plasmodium falciparum	0	0
bestrophin	bestrophin	Rattus norvegicus	4	0
bestrophin	bestrophin	Saccharomyces cerevisiae	0	0
bestrophin	bestrophin	Schizosaccharomyces pombe	0	0
bestrophin	bestrophin	Severe acute respiratory syndrome coronavirus 2	0	0
bestrophin	bestrophin	Streptomyces lividans	0	0
bestrophin	bestrophin	Strongylocentrotus purpuratus	1	0
bestrophin	bestrophin	Synechocystis sp. PCC 6803	1	1
bestrophin	bestrophin	Takifugu rubripes	3	0
bestrophin	bestrophin	Tetrahymena thermophila	0	0
bestrophin	bestrophin	Thermus thermophilus	0	0
bestrophin	bestrophin	Trichoplax adhaerens	0	0
bestrophin	bestrophin	Trypanosoma brucei	0	0
bestrophin	bestrophin	Xenopus tropicalis	4	0
calhm	calhm	Aliarcobacter butzleri	0	0
calhm	calhm	Amphimedon queenslandica	0	0
calhm	calhm	Anolis carolinensis	4	0
calhm	calhm	Aplysia californica	0	0
calhm	calhm	Arabidopsis thaliana	0	0
calhm	calhm	Bacillus subtilis	0	0
calhm	calhm	Branchiostoma floridae	0	0
calhm	calhm	Caenorhabditis elegans	1	0
calhm	calhm	Callorhinchus milii	5	0
calhm	calhm	Capsaspora owczarzaki	0	0
calhm	calhm	Chlamydomonas reinhardtii	0	0
calhm	calhm	Ciona intestinalis	3	0
calhm	calhm	Danio rerio	9	0
calhm	calhm	Daphnia pulex	0	0
calhm	calhm	Dictyostelium discoideum	0	0
calhm	calhm	Drosophila melanogaster	0	0
calhm	calhm	Escherichia coli	0	0
calhm	calhm	Gallus gallus	6	0
calhm	calhm	Gloeobacter violaceus	0	0
calhm	calhm	Homo sapiens	6	0
calhm	calhm	Human immunodeficiency virus type 1	0	0
calhm	calhm	Hydra vulgaris	0	0
calhm	calhm	Influenza A virus	0	0
calhm	calhm	Latimeria chalumnae	5	0
calhm	calhm	Lottia gigantea	0	0
calhm	calhm	Lymnaea stagnalis	0	0
calhm	calhm	Methanothermobacter thermautotrophicus	0	0
calhm	calhm	Monodelphis domestica	7	0
calhm	calhm	Monosiga brevicollis	0	0
calhm	calhm	Mus musculus	6	0
calhm	calhm	Nematostella vectensis	8	0
calhm	calhm	Ornithorhynchus anatinus	6	0
calhm	calhm	Oryza sativa	0	0
calhm	calhm	Paramecium tetraurelia	0	0
calhm	calhm	Petromyzon marinus	8	0
calhm	calhm	Physcomitrium patens	0	0
calhm	calhm	Plasmodium falciparum	0	0
calhm	calhm	Rattus norvegicus	6	0
calhm	calhm	Saccharomyces cerevisiae	0	0
calhm	calhm	Schizosaccharomyces pombe	0	0
calhm	calhm	Severe acute respiratory syndrome coronavirus 2	0	0
calhm	calhm	Streptomyces lividans	0	0
calhm	calhm	Strongylocentrotus purpuratus	0	0
calhm	calhm	Synechocystis sp. PCC 6803	0	0
calhm	calhm	Takifugu rubripes	7	0
calhm	calhm	Tetrahymena thermophila	0	0
calhm	calhm	Thermus thermophilus	0	0
calhm	calhm	Trichoplax adhaerens	0	0
calhm	calhm	Trypanosoma brucei	0	0
calhm	calhm	Xenopus tropicalis	6	0
catsper	ploop	Aliarcobacter butzleri	0	0
catsper	ploop	Amphimedon queenslandica	4	0
catsper	ploop	Anolis carolinensis	4	0
catsper	ploop	Aplysia californica	0	0
catsper	ploop	Arabidopsis thaliana	0	0
catsper	ploop	Bacillus subtilis	0	0
catsper	ploop	Branchiostoma floridae	4	0
catsper	ploop	Caenorhabditis elegans	0	0
catsper	ploop	Callorhinchus milii	2	0
catsper	ploop	Capsaspora owczarzaki	0	0
catsper	ploop	Chlamydomonas reinhardtii	0	0
catsper	ploop	Ciona intestinalis	3	0
catsper	ploop	Danio rerio	0	0
catsper	ploop	Daphnia pulex	0	0
catsper	ploop	Dictyostelium discoideum	0	0
catsper	ploop	Drosophila melanogaster	0	0
catsper	ploop	Escherichia coli	0	0
catsper	ploop	Gallus gallus	0	0
catsper	ploop	Gloeobacter violaceus	0	0
catsper	ploop	Homo sapiens	4	0
catsper	ploop	Human immunodeficiency virus type 1	0	0
catsper	ploop	Hydra vulgaris	0	0
catsper	ploop	Influenza A virus	0	0
catsper	ploop	Latimeria chalumnae	4	0
catsper	ploop	Lottia gigantea	0	0
catsper	ploop	Lymnaea stagnalis	0	0
catsper	ploop	Methanothermobacter thermautotrophicus	0	0
catsper	ploop	Monodelphis domestica	3	0
catsper	ploop	Monosiga brevicollis	0	0
catsper	ploop	Mus musculus	4	0
catsper	ploop	Nematostella vectensis	4	0
catsper	ploop	Ornithorhynchus anatinus	5	0
catsper	ploop	Oryza sativa	0	0
catsper	ploop	Paramecium tetraurelia	0	0
catsper	ploop	Petromyzon marinus	0	0
catsper	ploop	Physcomitrium patens	0	0
catsper	ploop	Plasmodium falciparum	0	0
catsper	ploop	Rattus norvegicus	4	0
catsper	ploop	Saccharomyces cerevisiae	0	0
catsper	ploop	Schizosaccharomyces pombe	0	0
catsper	ploop	Severe acute respiratory syndrome coronavirus 2	0	0
catsper	ploop	Streptomyces lividans	0	0
catsper	ploop	Strongylocentrotus purpuratus	4	0
catsper	ploop	Synechocystis sp. PCC 6803	0	0
catsper	ploop	Takifugu rubripes	0	0
catsper	ploop	Tetrahymena thermophila	2	0
catsper	ploop	Thermus thermophilus	0	0
catsper	ploop	Trichoplax adhaerens	0	0
catsper	ploop	Trypanosoma brucei	0	0
catsper	ploop	Xenopus tropicalis	0	0
cav	ploop	Aliarcobacter butzleri	0	0
cav	ploop	Amphimedon queenslandica	1	0
cav	ploop	Anolis carolinensis	10	0
cav	ploop	Aplysia californica	3	0
cav	ploop	Arabidopsis thaliana	0	0
cav	ploop	Bacillus subtilis	0	0
cav	ploop	Branchiostoma floridae	3	0
cav	ploop	Caenorhabditis elegans	3	0
cav	ploop	Callorhinchus milii	7	0
cav	ploop	Capsaspora owczarzaki	0	0
cav	ploop	Chlamydomonas reinhardtii	9	0
cav	ploop	Ciona intestinalis	3	0
cav	ploop	Danio rerio	18	0
cav	ploop	Daphnia pulex	4	0
cav	ploop	Dictyostelium discoideum	0	0
cav	ploop	Drosophila melanogaster	3	0
cav	ploop	Escherichia coli	0	0
cav	ploop	Gallus gallus	9	0
cav	ploop	Gloeobacter violaceus	0	0
cav	ploop	Homo sapiens	10	0
cav	ploop	Human immunodeficiency virus type 1	0	0
cav	ploop	Hydra vulgaris	16	0
cav	ploop	Influenza A virus	0	0
cav	ploop	Latimeria chalumnae	9	0
cav	ploop	Lottia gigantea	2	0
cav	ploop	Lymnaea stagnalis	3	0
cav	ploop	Methanothermobacter thermautotrophicus	0	0
cav	ploop	Monodelphis domestica	7	0
cav	ploop	Monosiga brevicollis	0	0
cav	ploop	Mus musculus	10	0
cav	ploop	Nematostella vectensis	3	0
cav	ploop	Ornithorhynchus anatinus	9	0
cav	ploop	Oryza sativa	0	0
cav	ploop	Paramecium tetraurelia	47	0
cav	ploop	Petromyzon marinus	11	0
cav	ploop	Physcomitrium patens	0	0
cav	ploop	Plasmodium falciparum	0	0
cav	ploop	Rattus norvegicus	10	0
cav	ploop	Saccharomyces cerevisiae	1	0
cav	ploop	Schizosaccharomyces pombe	1	0
cav	ploop	Severe acute respiratory syndrome coronavirus 2	0	0
cav	ploop	Streptomyces lividans	0	0
cav	ploop	Strongylocentrotus purpuratus	4	0
cav	ploop	Synechocystis sp. PCC 6803	0	0
cav	ploop	Takifugu rubripes	12	0
cav	ploop	Tetrahymena thermophila	13	0
cav	ploop	Thermus thermophilus	0	0
cav	ploop	Trichoplax adhaerens	3	0
cav	ploop	Trypanosoma brucei	1	0
cav	ploop	Xenopus tropicalis	9	0
cftr	abc_channel	Aliarcobacter butzleri	0	0
cftr	abc_channel	Amphimedon queenslandica	0	0
cftr	abc_channel	Anolis carolinensis	1	0
cftr	abc_channel	Aplysia californica	0	0
cftr	abc_channel	Arabidopsis thaliana	0	0
cftr	abc_channel	Bacillus subtilis	0	0
cftr	abc_channel	Branchiostoma floridae	0	0
cftr	abc_channel	Caenorhabditis elegans	0	0
cftr	abc_channel	Callorhinchus milii	1	0
cftr	abc_channel	Capsaspora owczarzaki	0	0
cftr	abc_channel	Chlamydomonas reinhardtii	0	0
cftr	abc_channel	Ciona intestinalis	0	0
cftr	abc_channel	Danio rerio	1	0
cftr	abc_channel	Daphnia pulex	0	0
cftr	abc_channel	Dictyostelium discoideum	0	0
cftr	abc_channel	Drosophila melanogaster	0	0
cftr	abc_channel	Escherichia coli	0	0
cftr	abc_channel	Gallus gallus	1	0
cftr	abc_channel	Gloeobacter violaceus	0	0
cftr	abc_channel	Homo sapiens	1	0
cftr	abc_channel	Human immunodeficiency virus type 1	0	0
cftr	abc_channel	Hydra vulgaris	0	0
cftr	abc_channel	Influenza A virus	0	0
cftr	abc_channel	Latimeria chalumnae	1	0
cftr	abc_channel	Lottia gigantea	0	0
cftr	abc_channel	Lymnaea stagnalis	0	0
cftr	abc_channel	Methanothermobacter thermautotrophicus	0	0
cftr	abc_channel	Monodelphis domestica	1	0
cftr	abc_channel	Monosiga brevicollis	0	0
cftr	abc_channel	Mus musculus	1	0
cftr	abc_channel	Nematostella vectensis	0	0
cftr	abc_channel	Ornithorhynchus anatinus	1	0
cftr	abc_channel	Oryza sativa	0	0
cftr	abc_channel	Paramecium tetraurelia	0	0
cftr	abc_channel	Petromyzon marinus	1	0
cftr	abc_channel	Physcomitrium patens	0	0
cftr	abc_channel	Plasmodium falciparum	0	0
cftr	abc_channel	Rattus norvegicus	1	0
cftr	abc_channel	Saccharomyces cerevisiae	0	0
cftr	abc_channel	Schizosaccharomyces pombe	0	0
cftr	abc_channel	Severe acute respiratory syndrome coronavirus 2	0	0
cftr	abc_channel	Streptomyces lividans	0	0
cftr	abc_channel	Strongylocentrotus purpuratus	0	0
cftr	abc_channel	Synechocystis sp. PCC 6803	0	0
cftr	abc_channel	Takifugu rubripes	1	0
cftr	abc_channel	Tetrahymena thermophila	0	0
cftr	abc_channel	Thermus thermophilus	0	0
cftr	abc_channel	Trichoplax adhaerens	0	0
cftr	abc_channel	Trypanosoma brucei	0	0
cftr	abc_channel	Xenopus tropicalis	1	0
clc_channel	clc	Aliarcobacter butzleri	0	0
clc_channel	clc	Amphimedon queenslandica	1	0
clc_channel	clc	Anolis carolinensis	4	0
clc_channel	clc	Aplysia californica	1	0
clc_channel	clc	Arabidopsis thaliana	0	0
clc_channel	clc	Bacillus subtilis	0	0
clc_channel	clc	Branchiostoma floridae	1	0
clc_channel	clc	Caenorhabditis elegans	4	0
clc_channel	clc	Callorhinchus milii	2	0
clc_channel	clc	Capsaspora owczarzaki	2	0
clc_channel	clc	Chlamydomonas reinhardtii	0	0
clc_channel	clc	Ciona intestinalis	1	0
clc_channel	clc	Danio rerio	6	0
clc_channel	clc	Daphnia pulex	4	0
clc_channel	clc	Dictyostelium discoideum	2	0
clc_channel	clc	Drosophila melanogaster	1	0
clc_channel	clc	Escherichia coli	0	0
clc_channel	clc	Gallus gallus	3	0
clc_channel	clc	Gloeobacter violaceus	0	0
clc_channel	clc	Homo sapiens	4	0
clc_channel	clc	Human immunodeficiency virus type 1	0	0
clc_channel	clc	Hydra vulgaris	0	0
clc_channel	clc	Influenza A virus	0	0
clc_channel	clc	Latimeria chalumnae	4	0
clc_channel	clc	Lottia gigantea	1	0
clc_channel	clc	Lymnaea stagnalis	1	0
clc_channel	clc	Methanothermobacter thermautotrophicus	0	0
clc_channel	clc	Monodelphis domestica	3	0
clc_channel	clc	Monosiga brevicollis	2	0
clc_channel	clc	Mus musculus	4	0
clc_channel	clc	Nematostella vectensis	1	0
clc_channel	clc	Ornithorhynchus anatinus	3	0
clc_channel	clc	Oryza sativa	0	0
clc_channel	clc	Paramecium tetraurelia	0	0
clc_channel	clc	Petromyzon marinus	3	0
clc_channel	clc	Physcomitrium patens	0	0
clc_channel	clc	Plasmodium falciparum	0	0
clc_channel	clc	Rattus norvegicus	4	0
clc_channel	clc	Saccharomyces cerevisiae	0	0
clc_channel	clc	Schizosaccharomyces pombe	0	0
clc_channel	clc	Severe acute respiratory syndrome coronavirus 2	0	0
clc_channel	clc	Streptomyces lividans	0	0
clc_channel	clc	Strongylocentrotus purpuratus	1	0
clc_channel	clc	Synechocystis sp. PCC 6803	0	0
clc_channel	clc	Takifugu rubripes	4	0
clc_channel	clc	Tetrahymena thermophila	0	0
clc_channel	clc	Thermus thermophilus	0	0
clc_channel	clc	Trichoplax adhaerens	1	0
clc_channel	clc	Trypanosoma brucei	0	0
clc_channel	clc	Xenopus tropicalis	4	0
clcc1	mclc	Aliarcobacter butzleri	0	0
clcc1	mclc	Amphimedon queenslandica	0	0
clcc1	mclc	Anolis carolinensis	1	0
clcc1	mclc	Aplysia californica	2	0
clcc1	mclc	Arabidopsis thaliana	0	0
clcc1	mclc	Bacillus subtilis	0	0
clcc1	mclc	Branchiostoma floridae	2	0
clcc1	mclc	Caenorhabditis elegans	0	0
clcc1	mclc	Callorhinchus milii	1	0
clcc1	mclc	Capsaspora owczarzaki	0	0
clcc1	mclc	Chlamydomonas reinhardtii	0	0
clcc1	mclc	Ciona intestinalis	0	0
clcc1	mclc	Danio rerio	1	0
clcc1	mclc	Daphnia pulex	0	0
clcc1	mclc	Dictyostelium discoideum	0	0
clcc1	mclc	Drosophila melanogaster	0	0
clcc1	mclc	Escherichia coli	0	0
clcc1	mclc	Gallus gallus	1	0
clcc1	mclc	Gloeobacter violaceus	0	0
clcc1	mclc	Homo sapiens	1	0
clcc1	mclc	Human immunodeficiency virus type 1	0	0
clcc1	mclc	Hydra vulgaris	1	0
clcc1	mclc	Influenza A virus	0	0
clcc1	mclc	Latimeria chalumnae	1	0
clcc1	mclc	Lottia gigantea	2	0
clcc1	mclc	Lymnaea stagnalis	3	0
clcc1	mclc	Methanothermobacter thermautotrophicus	0	0
clcc1	mclc	Monodelphis domestica	1	0
clcc1	mclc	Monosiga brevicollis	0	0
clcc1	mclc	Mus musculus	1	0
clcc1	mclc	Nematostella vectensis	1	0
clcc1	mclc	Ornithorhynchus anatinus	1	0
clcc1	mclc	Oryza sativa	0	0
clcc1	mclc	Paramecium tetraurelia	0	0
clcc1	mclc	Petromyzon marinus	1	0
clcc1	mclc	Physcomitrium patens	0	0
clcc1	mclc	Plasmodium falciparum	0	0
clcc1	mclc	Rattus norvegicus	1	0
clcc1	mclc	Saccharomyces cerevisiae	0	0
clcc1	mclc	Schizosaccharomyces pombe	0	0
clcc1	mclc	Severe acute respiratory syndrome coronavirus 2	0	0
clcc1	mclc	Streptomyces lividans	0	0
clcc1	mclc	Strongylocentrotus purpuratus	2	0
clcc1	mclc	Synechocystis sp. PCC 6803	0	0
clcc1	mclc	Takifugu rubripes	1	0
clcc1	mclc	Tetrahymena thermophila	0	0
clcc1	mclc	Thermus thermophilus	0	0
clcc1	mclc	Trichoplax adhaerens	0	0
clcc1	mclc	Trypanosoma brucei	0	0
clcc1	mclc	Xenopus tropicalis	3	0
clic	clic	Aliarcobacter butzleri	0	0
clic	clic	Amphimedon queenslandica	1	1
clic	clic	Anolis carolinensis	5	0
clic	clic	Aplysia californica	4	3
clic	clic	Arabidopsis thaliana	4	4
clic	clic	Bacillus subtilis	0	0
clic	clic	Branchiostoma floridae	1	0
clic	clic	Caenorhabditis elegans	2	1
clic	clic	Callorhinchus milii	5	0
clic	clic	Capsaspora owczarzaki	0	0
clic	clic	Chlamydomonas reinhardtii	1	1
clic	clic	Ciona intestinalis	2	1
clic	clic	Danio rerio	8	0
clic	clic	Daphnia pulex	2	0
clic	clic	Dictyostelium discoideum	0	0
clic	clic	Drosophila melanogaster	1	0
clic	clic	Escherichia coli	0	0
clic	clic	Gallus gallus	5	1
clic	clic	Gloeobacter violaceus	0	0
clic	clic	Homo sapiens	6	0
clic	clic	Human immunodeficiency virus type 1	0	0
clic	clic	Hydra vulgaris	2	0
clic	clic	Influenza A virus	0	0
clic	clic	Latimeria chalumnae	6	0
clic	clic	Lottia gigantea	3	1
clic	clic	Lymnaea stagnalis	3	1
clic	clic	Methanothermobacter thermautotrophicus	0	0
clic	clic	Monodelphis domestica	6	0
clic	clic	Monosiga brevicollis	1	1
clic	clic	Mus musculus	6	1
clic	clic	Nematostella vectensis	4	3
clic	clic	Ornithorhynchus anatinus	7	0
clic	clic	Oryza sativa	2	2
clic	clic	Paramecium tetraurelia	4	4
clic	clic	Petromyzon marinus	4	0
clic	clic	Physcomitrium patens	3	3
clic	clic	Plasmodium falciparum	0	0
clic	clic	Rattus norvegicus	7	1
clic	clic	Saccharomyces cerevisiae	0	0
clic	clic	Schizosaccharomyces pombe	0	0
clic	clic	Severe acute respiratory syndrome coronavirus 2	0	0
clic	clic	Streptomyces lividans	0	0
clic	clic	Strongylocentrotus purpuratus	3	1
clic	clic	Synechocystis sp. PCC 6803	0	0
clic	clic	Takifugu rubripes	8	0
clic	clic	Tetrahymena thermophila	0	0
clic	clic	Thermus thermophilus	0	0
clic	clic	Trichoplax adhaerens	2	2
clic	clic	Trypanosoma brucei	0	0
clic	clic	Xenopus tropicalis	5	0
cng	ploop	Aliarcobacter butzleri	0	0
cng	ploop	Amphimedon queenslandica	2	0
cng	ploop	Anolis carolinensis	5	0
cng	ploop	Aplysia californica	4	0
cng	ploop	Arabidopsis thaliana	6	0
cng	ploop	Bacillus subtilis	0	0
cng	ploop	Branchiostoma floridae	7	0
cng	ploop	Caenorhabditis elegans	6	0
cng	ploop	Callorhinchus milii	4	1
cng	ploop	Capsaspora owczarzaki	0	0
cng	ploop	Chlamydomonas reinhardtii	8	0
cng	ploop	Ciona intestinalis	2	0
cng	ploop	Danio rerio	12	0
cng	ploop	Daphnia pulex	4	0
cng	ploop	Dictyostelium discoideum	0	0
cng	ploop	Drosophila melanogaster	4	0
cng	ploop	Escherichia coli	0	0
cng	ploop	Gallus gallus	7	0
cng	ploop	Gloeobacter violaceus	0	0
cng	ploop	Homo sapiens	6	0
cng	ploop	Human immunodeficiency virus type 1	0	0
cng	ploop	Hydra vulgaris	1	0
cng	ploop	Influenza A virus	0	0
cng	ploop	Latimeria chalumnae	7	0
cng	ploop	Lottia gigantea	7	0
cng	ploop	Lymnaea stagnalis	5	0
cng	ploop	Methanothermobacter thermautotrophicus	0	0
cng	ploop	Monodelphis domestica	6	0
cng	ploop	Monosiga brevicollis	2	0
cng	ploop	Mus musculus	6	0
cng	ploop	Nematostella vectensis	7	0
cng	ploop	Ornithorhynchus anatinus	6	0
cng	ploop	Oryza sativa	4	0
cng	ploop	Paramecium tetraurelia	170	2
cng	ploop	Petromyzon marinus	6	0
cng	ploop	Physcomitrium patens	1	1
cng	ploop	Plasmodium falciparum	0	0
cng	ploop	Rattus norvegicus	6	0
cng	ploop	Saccharomyces cerevisiae	0	0
cng	ploop	Schizosaccharomyces pombe	0	0
cng	ploop	Severe acute respiratory syndrome coronavirus 2	0	0
cng	ploop	Streptomyces lividans	0	0
cng	ploop	Strongylocentrotus purpuratus	8	0
cng	ploop	Synechocystis sp. PCC 6803	0	0
cng	ploop	Takifugu rubripes	9	0
cng	ploop	Tetrahymena thermophila	215	18
cng	ploop	Thermus thermophilus	0	0
cng	ploop	Trichoplax adhaerens	1	0
cng	ploop	Trypanosoma brucei	0	0
cng	ploop	Xenopus tropicalis	6	0
connexin	connexin	Aliarcobacter butzleri	0	0
connexin	connexin	Amphimedon queenslandica	0	0
connexin	connexin	Anolis carolinensis	21	0
connexin	connexin	Aplysia californica	0	0
connexin	connexin	Arabidopsis thaliana	0	0
connexin	connexin	Bacillus subtilis	0	0
connexin	connexin	Branchiostoma floridae	0	0
connexin	connexin	Caenorhabditis elegans	0	0
connexin	connexin	Callorhinchus milii	25	0
connexin	connexin	Capsaspora owczarzaki	0	0
connexin	connexin	Chlamydomonas reinhardtii	0	0
connexin	connexin	Ciona intestinalis	18	0
connexin	connexin	Danio rerio	42	0
connexin	connexin	Daphnia pulex	0	0
connexin	connexin	Dictyostelium discoideum	0	0
connexin	connexin	Drosophila melanogaster	0	0
connexin	connexin	Escherichia coli	0	0
connexin	connexin	Gallus gallus	22	0
connexin	connexin	Gloeobacter violaceus	0	0
connexin	connexin	Homo sapiens	21	0
connexin	connexin	Human immunodeficiency virus type 1	0	0
connexin	connexin	Hydra vulgaris	0	0
connexin	connexin	Influenza A virus	0	0
connexin	connexin	Latimeria chalumnae	27	0
connexin	connexin	Lottia gigantea	0	0
connexin	connexin	Lymnaea stagnalis	0	0
connexin	connexin	Methanothermobacter thermautotrophicus	0	0
connexin	connexin	Monodelphis domestica	21	0
connexin	connexin	Monosiga brevicollis	0	0
connexin	connexin	Mus musculus	20	0
connexin	connexin	Nematostella vectensis	0	0
connexin	connexin	Ornithorhynchus anatinus	18	0
connexin	connexin	Oryza sativa	0	0
connexin	connexin	Paramecium tetraurelia	0	0
connexin	connexin	Petromyzon marinus	75	0
connexin	connexin	Physcomitrium patens	0	0
connexin	connexin	Plasmodium falciparum	0	0
connexin	connexin	Rattus norvegicus	20	0
connexin	connexin	Saccharomyces cerevisiae	0	0
connexin	connexin	Schizosaccharomyces pombe	0	0
connexin	connexin	Severe acute respiratory syndrome coronavirus 2	0	0
connexin	connexin	Streptomyces lividans	0	0
connexin	connexin	Strongylocentrotus purpuratus	0	0
connexin	connexin	Synechocystis sp. PCC 6803	0	0
connexin	connexin	Takifugu rubripes	45	0
connexin	connexin	Tetrahymena thermophila	0	0
connexin	connexin	Thermus thermophilus	0	0
connexin	connexin	Trichoplax adhaerens	0	0
connexin	connexin	Trypanosoma brucei	0	0
connexin	connexin	Xenopus tropicalis	26	0
deg_invertebrate	deg_enac	Aliarcobacter butzleri	0	0
deg_invertebrate	deg_enac	Amphimedon queenslandica	0	0
deg_invertebrate	deg_enac	Anolis carolinensis	0	0
deg_invertebrate	deg_enac	Aplysia californica	1	0
deg_invertebrate	deg_enac	Arabidopsis thaliana	0	0
deg_invertebrate	deg_enac	Bacillus subtilis	0	0
deg_invertebrate	deg_enac	Branchiostoma floridae	0	0
deg_invertebrate	deg_enac	Caenorhabditis elegans	7	0
deg_invertebrate	deg_enac	Callorhinchus milii	0	0
deg_invertebrate	deg_enac	Capsaspora owczarzaki	0	0
deg_invertebrate	deg_enac	Chlamydomonas reinhardtii	0	0
deg_invertebrate	deg_enac	Ciona intestinalis	0	0
deg_invertebrate	deg_enac	Danio rerio	0	0
deg_invertebrate	deg_enac	Daphnia pulex	0	0
deg_invertebrate	deg_enac	Dictyostelium discoideum	0	0
deg_invertebrate	deg_enac	Drosophila melanogaster	0	0
deg_invertebrate	deg_enac	Escherichia coli	0	0
deg_invertebrate	deg_enac	Gallus gallus	0	0
deg_invertebrate	deg_enac	Gloeobacter violaceus	0	0
deg_invertebrate	deg_enac	Homo sapiens	0	0
deg_invertebrate	deg_enac	Human immunodeficiency virus type 1	0	0
deg_invertebrate	deg_enac	Hydra vulgaris	0	0
deg_invertebrate	deg_enac	Influenza A virus	0	0
deg_invertebrate	deg_enac	Latimeria chalumnae	0	0
deg_invertebrate	deg_enac	Lottia gigantea	2	0
deg_invertebrate	deg_enac	Lymnaea stagnalis	1	0
deg_invertebrate	deg_enac	Methanothermobacter thermautotrophicus	0	0
deg_invertebrate	deg_enac	Monodelphis domestica	0	0
deg_invertebrate	deg_enac	Monosiga brevicollis	0	0
deg_invertebrate	deg_enac	Mus musculus	0	0
deg_invertebrate	deg_enac	Nematostella vectensis	0	0
deg_invertebrate	deg_enac	Ornithorhynchus anatinus	0	0
deg_invertebrate	deg_enac	Oryza sativa	0	0
deg_invertebrate	deg_enac	Paramecium tetraurelia	0	0
deg_invertebrate	deg_enac	Petromyzon marinus	0	0
deg_invertebrate	deg_enac	Physcomitrium patens	0	0
deg_invertebrate	deg_enac	Plasmodium falciparum	0	0
deg_invertebrate	deg_enac	Rattus norvegicus	0	0
deg_invertebrate	deg_enac	Saccharomyces cerevisiae	0	0
deg_invertebrate	deg_enac	Schizosaccharomyces pombe	0	0
deg_invertebrate	deg_enac	Severe acute respiratory syndrome coronavirus 2	0	0
deg_invertebrate	deg_enac	Streptomyces lividans	0	0
deg_invertebrate	deg_enac	Strongylocentrotus purpuratus	0	0
deg_invertebrate	deg_enac	Synechocystis sp. PCC 6803	0	0
deg_invertebrate	deg_enac	Takifugu rubripes	0	0
deg_invertebrate	deg_enac	Tetrahymena thermophila	0	0
deg_invertebrate	deg_enac	Thermus thermophilus	0	0
deg_invertebrate	deg_enac	Trichoplax adhaerens	0	0
deg_invertebrate	deg_enac	Trypanosoma brucei	0	0
deg_invertebrate	deg_enac	Xenopus tropicalis	0	0
delta_glur	iglur	Aliarcobacter butzleri	0	0
delta_glur	iglur	Amphimedon queenslandica	0	0
delta_glur	iglur	Anolis carolinensis	2	0
delta_glur	iglur	Aplysia californica	2	0
delta_glur	iglur	Arabidopsis thaliana	0	0
delta_glur	iglur	Bacillus subtilis	0	0
delta_glur	iglur	Branchiostoma floridae	8	0
delta_glur	iglur	Caenorhabditis elegans	0	0
delta_glur	iglur	Callorhinchus milii	3	0
delta_glur	iglur	Capsaspora owczarzaki	0	0
delta_glur	iglur	Chlamydomonas reinhardtii	0	0
delta_glur	iglur	Ciona intestinalis	1	0
delta_glur	iglur	Danio rerio	3	0
delta_glur	iglur	Daphnia pulex	26	0
delta_glur	iglur	Dictyostelium discoideum	0	0
delta_glur	iglur	Drosophila melanogaster	2	0
delta_glur	iglur	Escherichia coli	0	0
delta_glur	iglur	Gallus gallus	2	0
delta_glur	iglur	Gloeobacter violaceus	0	0
delta_glur	iglur	Homo sapiens	2	0
delta_glur	iglur	Human immunodeficiency virus type 1	0	0
delta_glur	iglur	Hydra vulgaris	0	0
delta_glur	iglur	Influenza A virus	0	0
delta_glur	iglur	Latimeria chalumnae	2	0
delta_glur	iglur	Lottia gigantea	1	0
delta_glur	iglur	Lymnaea stagnalis	0	0
delta_glur	iglur	Methanothermobacter thermautotrophicus	0	0
delta_glur	iglur	Monodelphis domestica	2	0
delta_glur	iglur	Monosiga brevicollis	0	0
delta_glur	iglur	Mus musculus	2	0
delta_glur	iglur	Nematostella vectensis	0	0
delta_glur	iglur	Ornithorhynchus anatinus	2	0
delta_glur	iglur	Oryza sativa	0	0
delta_glur	iglur	Paramecium tetraurelia	0	0
delta_glur	iglur	Petromyzon marinus	3	0
delta_glur	iglur	Physcomitrium patens	0	0
delta_glur	iglur	Plasmodium falciparum	0	0
delta_glur	iglur	Rattus norvegicus	2	0
delta_glur	iglur	Saccharomyces cerevisiae	0	0
delta_glur	iglur	Schizosaccharomyces pombe	0	0
delta_glur	iglur	Severe acute respiratory syndrome coronavirus 2	0	0
delta_glur	iglur	Streptomyces lividans	0	0
delta_glur	iglur	Strongylocentrotus purpuratus	0	0
delta_glur	iglur	Synechocystis sp. PCC 6803	0	0
delta_glur	iglur	Takifugu rubripes	3	0
delta_glur	iglur	Tetrahymena thermophila	0	0
delta_glur	iglur	Thermus thermophilus	0	0
delta_glur	iglur	Trichoplax adhaerens	0	0
delta_glur	iglur	Trypanosoma brucei	0	0
delta_glur	iglur	Xenopus tropicalis	2	0
enac	deg_enac	Aliarcobacter butzleri	0	0
enac	deg_enac	Amphimedon queenslandica	0	0
enac	deg_enac	Anolis carolinensis	5	0
enac	deg_enac	Aplysia californica	6	0
enac	deg_enac	Arabidopsis thaliana	0	0
enac	deg_enac	Bacillus subtilis	0	0
enac	deg_enac	Branchiostoma floridae	9	0
enac	deg_enac	Caenorhabditis elegans	3	0
enac	deg_enac	Callorhinchus milii	2	0
enac	deg_enac	Capsaspora owczarzaki	0	0
enac	deg_enac	Chlamydomonas reinhardtii	0	0
enac	deg_enac	Ciona intestinalis	0	0
enac	deg_enac	Danio rerio	0	0
enac	deg_enac	Daphnia pulex	0	0
enac	deg_enac	Dictyostelium discoideum	0	0
enac	deg_enac	Drosophila melanogaster	0	0
enac	deg_enac	Escherichia coli	0	0
enac	deg_enac	Gallus gallus	5	0
enac	deg_enac	Gloeobacter violaceus	0	0
enac	deg_enac	Homo sapiens	4	0
enac	deg_enac	Human immunodeficiency virus type 1	0	0
enac	deg_enac	Hydra vulgaris	1	0
enac	deg_enac	Influenza A virus	0	0
enac	deg_enac	Latimeria chalumnae	4	0
enac	deg_enac	Lottia gigantea	7	0
enac	deg_enac	Lymnaea stagnalis	9	0
enac	deg_enac	Methanothermobacter thermautotrophicus	0	0
enac	deg_enac	Monodelphis domestica	5	0
enac	deg_enac	Monosiga brevicollis	0	0
enac	deg_enac	Mus musculus	3	0
enac	deg_enac	Nematostella vectensis	6	0
enac	deg_enac	Ornithorhynchus anatinus	4	0
enac	deg_enac	Oryza sativa	0	0
enac	deg_enac	Paramecium tetraurelia	0	0
enac	deg_enac	Petromyzon marinus	3	0
enac	deg_enac	Physcomitrium patens	0	0
enac	deg_enac	Plasmodium falciparum	0	0
enac	deg_enac	Rattus norvegicus	3	0
enac	deg_enac	Saccharomyces cerevisiae	0	0
enac	deg_enac	Schizosaccharomyces pombe	0	0
enac	deg_enac	Severe acute respiratory syndrome coronavirus 2	0	0
enac	deg_enac	Streptomyces lividans	0	0
enac	deg_enac	Strongylocentrotus purpuratus	12	0
enac	deg_enac	Synechocystis sp. PCC 6803	0	0
enac	deg_enac	Takifugu rubripes	0	0
enac	deg_enac	Tetrahymena thermophila	0	0
enac	deg_enac	Thermus thermophilus	0	0
enac	deg_enac	Trichoplax adhaerens	1	0
enac	deg_enac	Trypanosoma brucei	0	0
enac	deg_enac	Xenopus tropicalis	7	0
gabaa	cysloop	Aliarcobacter butzleri	0	0
gabaa	cysloop	Amphimedon queenslandica	0	0
gabaa	cysloop	Anolis carolinensis	19	0
gabaa	cysloop	Aplysia californica	4	0
gabaa	cysloop	Arabidopsis thaliana	0	0
gabaa	cysloop	Bacillus subtilis	0	0
gabaa	cysloop	Branchiostoma floridae	32	0
gabaa	cysloop	Caenorhabditis elegans	26	0
gabaa	cysloop	Callorhinchus milii	15	0
gabaa	cysloop	Capsaspora owczarzaki	0	0
gabaa	cysloop	Chlamydomonas reinhardtii	0	0
gabaa	cysloop	Ciona intestinalis	6	0
gabaa	cysloop	Danio rerio	27	0
gabaa	cysloop	Daphnia pulex	5	0
gabaa	cysloop	Dictyostelium discoideum	0	0
gabaa	cysloop	Drosophila melanogaster	6	0
gabaa	cysloop	Escherichia coli	0	0
gabaa	cysloop	Gallus gallus	20	0
gabaa	cysloop	Gloeobacter violaceus	0	0
gabaa	cysloop	Homo sapiens	19	0
gabaa	cysloop	Human immunodeficiency virus type 1	0	0
gabaa	cysloop	Hydra vulgaris	13	0
gabaa	cysloop	Influenza A virus	0	0
gabaa	cysloop	Latimeria chalumnae	18	0
gabaa	cysloop	Lottia gigantea	4	0
gabaa	cysloop	Lymnaea stagnalis	4	0
gabaa	cysloop	Methanothermobacter thermautotrophicus	0	0
gabaa	cysloop	Monodelphis domestica	19	0
gabaa	cysloop	Monosiga brevicollis	0	0
gabaa	cysloop	Mus musculus	19	0
gabaa	cysloop	Nematostella vectensis	40	0
gabaa	cysloop	Ornithorhynchus anatinus	18	0
gabaa	cysloop	Oryza sativa	0	0
gabaa	cysloop	Paramecium tetraurelia	0	0
gabaa	cysloop	Petromyzon marinus	16	0
gabaa	cysloop	Physcomitrium patens	0	0
gabaa	cysloop	Plasmodium falciparum	0	0
gabaa	cysloop	Rattus norvegicus	19	0
gabaa	cysloop	Saccharomyces cerevisiae	0	0
gabaa	cysloop	Schizosaccharomyces pombe	0	0
gabaa	cysloop	Severe acute respiratory syndrome coronavirus 2	0	0
gabaa	cysloop	Streptomyces lividans	0	0
gabaa	cysloop	Strongylocentrotus purpuratus	6	0
gabaa	cysloop	Synechocystis sp. PCC 6803	0	0
gabaa	cysloop	Takifugu rubripes	24	0
gabaa	cysloop	Tetrahymena thermophila	0	0
gabaa	cysloop	Thermus thermophilus	0	0
gabaa	cysloop	Trichoplax adhaerens	0	0
gabaa	cysloop	Trypanosoma brucei	0	0
gabaa	cysloop	Xenopus tropicalis	19	0
glyr	cysloop	Aliarcobacter butzleri	0	0
glyr	cysloop	Amphimedon queenslandica	0	0
glyr	cysloop	Anolis carolinensis	5	0
glyr	cysloop	Aplysia californica	0	0
glyr	cysloop	Arabidopsis thaliana	0	0
glyr	cysloop	Bacillus subtilis	0	0
glyr	cysloop	Branchiostoma floridae	5	0
glyr	cysloop	Caenorhabditis elegans	0	0
glyr	cysloop	Callorhinchus milii	4	0
glyr	cysloop	Capsaspora owczarzaki	0	0
glyr	cysloop	Chlamydomonas reinhardtii	0	0
glyr	cysloop	Ciona intestinalis	1	0
glyr	cysloop	Danio rerio	8	0
glyr	cysloop	Daphnia pulex	0	0
glyr	cysloop	Dictyostelium discoideum	0	0
glyr	cysloop	Drosophila melanogaster	0	0
glyr	cysloop	Escherichia coli	0	0
glyr	cysloop	Gallus gallus	5	0
glyr	cysloop	Gloeobacter violaceus	0	0
glyr	cysloop	Homo sapiens	4	0
glyr	cysloop	Human immunodeficiency virus type 1	0	0
glyr	cysloop	Hydra vulgaris	0	0
glyr	cysloop	Influenza A virus	0	0
glyr	cysloop	Latimeria chalumnae	4	0
glyr	cysloop	Lottia gigantea	0	0
glyr	cysloop	Lymnaea stagnalis	0	0
glyr	cysloop	Methanothermobacter thermautotrophicus	0	0
glyr	cysloop	Monodelphis domestica	5	0
glyr	cysloop	Monosiga brevicollis	0	0
glyr	cysloop	Mus musculus	5	0
glyr	cysloop	Nematostella vectensis	0	0
glyr	cysloop	Ornithorhynchus anatinus	5	0
glyr	cysloop	Oryza sativa	0	0
glyr	cysloop	Paramecium tetraurelia	0	0
glyr	cysloop	Petromyzon marinus	18	0
glyr	cysloop	Physcomitrium patens	0	0
glyr	cysloop	Plasmodium falciparum	0	0
glyr	cysloop	Rattus norvegicus	5	0
glyr	cysloop	Saccharomyces cerevisiae	0	0
glyr	cysloop	Schizosaccharomyces pombe	0	0
glyr	cysloop	Severe acute respiratory syndrome coronavirus 2	0	0
glyr	cysloop	Streptomyces lividans	0	0
glyr	cysloop	Strongylocentrotus purpuratus	0	0
glyr	cysloop	Synechocystis sp. PCC 6803	0	0
glyr	cysloop	Takifugu rubripes	5	0
glyr	cysloop	Tetrahymena thermophila	0	0
glyr	cysloop	Thermus thermophilus	0	0
glyr	cysloop	Trichoplax adhaerens	0	0
glyr	cysloop	Trypanosoma brucei	0	0
glyr	cysloop	Xenopus tropicalis	4	0
gphr	gphr	Aliarcobacter butzleri	0	0
gphr	gphr	Amphimedon queenslandica	2	0
gphr	gphr	Anolis carolinensis	1	0
gphr	gphr	Aplysia californica	1	0
gphr	gphr	Arabidopsis thaliana	2	0
gphr	gphr	Bacillus subtilis	0	0
gphr	gphr	Branchiostoma floridae	1	0
gphr	gphr	Caenorhabditis elegans	2	0
gphr	gphr	Callorhinchus milii	1	0
gphr	gphr	Capsaspora owczarzaki	1	0
gphr	gphr	Chlamydomonas reinhardtii	1	0
gphr	gphr	Ciona intestinalis	0	0
gphr	gphr	Danio rerio	1	0
gphr	gphr	Daphnia pulex	0	0
gphr	gphr	Dictyostelium discoideum	1	0
gphr	gphr	Drosophila melanogaster	1	0
gphr	gphr	Escherichia coli	0	0
gphr	gphr	Gallus gallus	1	0
gphr	gphr	Gloeobacter violaceus	0	0
gphr	gphr	Homo sapiens	2	0
gphr	gphr	Human immunodeficiency virus type 1	0	0
gphr	gphr	Hydra vulgaris	1	0
gphr	gphr	Influenza A virus	0	0
gphr	gphr	Latimeria chalumnae	1	0
gphr	gphr	Lottia gigantea	1	0
gphr	gphr	Lymnaea stagnalis	1	0
gphr	gphr	Methanothermobacter thermautotrophicus	0	0
gphr	gphr	Monodelphis domestica	1	0
gphr	gphr	Monosiga brevicollis	1	0
gphr	gphr	Mus musculus	1	0
gphr	gphr	Nematostella vectensis	1	0
gphr	gphr	Ornithorhynchus anatinus	1	0
gphr	gphr	Oryza sativa	1	0
gphr	gphr	Paramecium tetraurelia	1	0
gphr	gphr	Petromyzon marinus	1	0
gphr	gphr	Physcomitrium patens	0	0
gphr	gphr	Plasmodium falciparum	2	0
gphr	gphr	Rattus norvegicus	1	0
gphr	gphr	Saccharomyces cerevisiae	1	0
gphr	gphr	Schizosaccharomyces pombe	0	0
gphr	gphr	Severe acute respiratory syndrome coronavirus 2	0	0
gphr	gphr	Streptomyces lividans	0	0
gphr	gphr	Strongylocentrotus purpuratus	1	0
gphr	gphr	Synechocystis sp. PCC 6803	0	0
gphr	gphr	Takifugu rubripes	1	0
gphr	gphr	Tetrahymena thermophila	1	0
gphr	gphr	Thermus thermophilus	0	0
gphr	gphr	Trichoplax adhaerens	1	0
gphr	gphr	Trypanosoma brucei	1	0
gphr	gphr	Xenopus tropicalis	1	0
hcn	ploop	Aliarcobacter butzleri	0	0
hcn	ploop	Amphimedon queenslandica	0	0
hcn	ploop	Anolis carolinensis	2	0
hcn	ploop	Aplysia californica	1	0
hcn	ploop	Arabidopsis thaliana	0	0
hcn	ploop	Bacillus subtilis	0	0
hcn	ploop	Branchiostoma floridae	1	0
hcn	ploop	Caenorhabditis elegans	0	0
hcn	ploop	Callorhinchus milii	5	1
hcn	ploop	Capsaspora owczarzaki	0	0
hcn	ploop	Chlamydomonas reinhardtii	2	1
hcn	ploop	Ciona intestinalis	2	0
hcn	ploop	Danio rerio	8	0
hcn	ploop	Daphnia pulex	0	0
hcn	ploop	Dictyostelium discoideum	0	0
hcn	ploop	Drosophila melanogaster	1	0
hcn	ploop	Escherichia coli	0	0
hcn	ploop	Gallus gallus	4	0
hcn	ploop	Gloeobacter violaceus	0	0
hcn	ploop	Homo sapiens	4	0
hcn	ploop	Human immunodeficiency virus type 1	0	0
hcn	ploop	Hydra vulgaris	2	0
hcn	ploop	Influenza A virus	0	0
hcn	ploop	Latimeria chalumnae	5	0
hcn	ploop	Lottia gigantea	1	0
hcn	ploop	Lymnaea stagnalis	1	0
hcn	ploop	Methanothermobacter thermautotrophicus	0	0
hcn	ploop	Monodelphis domestica	4	0
hcn	ploop	Monosiga brevicollis	0	0
hcn	ploop	Mus musculus	4	0
hcn	ploop	Nematostella vectensis	2	0
hcn	ploop	Ornithorhynchus anatinus	3	0
hcn	ploop	Oryza sativa	0	0
hcn	ploop	Paramecium tetraurelia	5	0
hcn	ploop	Petromyzon marinus	4	0
hcn	ploop	Physcomitrium patens	0	0
hcn	ploop	Plasmodium falciparum	0	0
hcn	ploop	Rattus norvegicus	4	0
hcn	ploop	Saccharomyces cerevisiae	0	0
hcn	ploop	Schizosaccharomyces pombe	0	0
hcn	ploop	Severe acute respiratory syndrome coronavirus 2	0	0
hcn	ploop	Streptomyces lividans	0	0
hcn	ploop	Strongylocentrotus purpuratus	2	0
hcn	ploop	Synechocystis sp. PCC 6803	0	0
hcn	ploop	Takifugu rubripes	8	0
hcn	ploop	Tetrahymena thermophila	0	0
hcn	ploop	Thermus thermophilus	0	0
hcn	ploop	Trichoplax adhaerens	0	0
hcn	ploop	Trypanosoma brucei	0	0
hcn	ploop	Xenopus tropicalis	4	0
ht3	cysloop	Aliarcobacter butzleri	0	0
ht3	cysloop	Amphimedon queenslandica	0	0
ht3	cysloop	Anolis carolinensis	2	0
ht3	cysloop	Aplysia californica	0	0
ht3	cysloop	Arabidopsis thaliana	0	0
ht3	cysloop	Bacillus subtilis	0	0
ht3	cysloop	Branchiostoma floridae	0	0
ht3	cysloop	Caenorhabditis elegans	0	0
ht3	cysloop	Callorhinchus milii	3	0
ht3	cysloop	Capsaspora owczarzaki	0	0
ht3	cysloop	Chlamydomonas reinhardtii	0	0
ht3	cysloop	Ciona intestinalis	0	0
ht3	cysloop	Danio rerio	16	0
ht3	cysloop	Daphnia pulex	0	0
ht3	cysloop	Dictyostelium discoideum	0	0
ht3	cysloop	Drosophila melanogaster	0	0
ht3	cysloop	Escherichia coli	0	0
ht3	cysloop	Gallus gallus	2	0
ht3	cysloop	Gloeobacter violaceus	0	0
ht3	cysloop	Homo sapiens	5	0
ht3	cysloop	Human immunodeficiency virus type 1	0	0
ht3	cysloop	Hydra vulgaris	0	0
ht3	cysloop	Influenza A virus	0	0
ht3	cysloop	Latimeria chalumnae	9	0
ht3	cysloop	Lottia gigantea	0	0
ht3	cysloop	Lymnaea stagnalis	0	0
ht3	cysloop	Methanothermobacter thermautotrophicus	0	0
ht3	cysloop	Monodelphis domestica	5	0
ht3	cysloop	Monosiga brevicollis	0	0
ht3	cysloop	Mus musculus	2	0
ht3	cysloop	Nematostella vectensis	0	0
ht3	cysloop	Ornithorhynchus anatinus	2	0
ht3	cysloop	Oryza sativa	0	0
ht3	cysloop	Paramecium tetraurelia	0	0
ht3	cysloop	Petromyzon marinus	1	0
ht3	cysloop	Physcomitrium patens	0	0
ht3	cysloop	Plasmodium falciparum	0	0
ht3	cysloop	Rattus norvegicus	2	0
ht3	cysloop	Saccharomyces cerevisiae	0	0
ht3	cysloop	Schizosaccharomyces pombe	0	0
ht3	cysloop	Severe acute respiratory syndrome coronavirus 2	0	0
ht3	cysloop	Streptomyces lividans	0	0
ht3	cysloop	Strongylocentrotus purpuratus	0	0
ht3	cysloop	Synechocystis sp. PCC 6803	0	0
ht3	cysloop	Takifugu rubripes	15	1
ht3	cysloop	Tetrahymena thermophila	0	0
ht3	cysloop	Thermus thermophilus	0	0
ht3	cysloop	Trichoplax adhaerens	0	0
ht3	cysloop	Trypanosoma brucei	0	0
ht3	cysloop	Xenopus tropicalis	6	0
hv1	hv	Aliarcobacter butzleri	0	0
hv1	hv	Amphimedon queenslandica	0	0
hv1	hv	Anolis carolinensis	1	0
hv1	hv	Aplysia californica	3	3
hv1	hv	Arabidopsis thaliana	0	0
hv1	hv	Bacillus subtilis	0	0
hv1	hv	Branchiostoma floridae	1	1
hv1	hv	Caenorhabditis elegans	0	0
hv1	hv	Callorhinchus milii	1	1
hv1	hv	Capsaspora owczarzaki	0	0
hv1	hv	Chlamydomonas reinhardtii	0	0
hv1	hv	Ciona intestinalis	0	0
hv1	hv	Danio rerio	1	1
hv1	hv	Daphnia pulex	0	0
hv1	hv	Dictyostelium discoideum	0	0
hv1	hv	Drosophila melanogaster	0	0
hv1	hv	Escherichia coli	0	0
hv1	hv	Gallus gallus	3	1
hv1	hv	Gloeobacter violaceus	0	0
hv1	hv	Homo sapiens	1	0
hv1	hv	Human immunodeficiency virus type 1	0	0
hv1	hv	Hydra vulgaris	0	0
hv1	hv	Influenza A virus	0	0
hv1	hv	Latimeria chalumnae	1	1
hv1	hv	Lottia gigantea	5	5
hv1	hv	Lymnaea stagnalis	4	4
hv1	hv	Methanothermobacter thermautotrophicus	0	0
hv1	hv	Monodelphis domestica	1	0
hv1	hv	Monosiga brevicollis	0	0
hv1	hv	Mus musculus	1	0
hv1	hv	Nematostella vectensis	1	1
hv1	hv	Ornithorhynchus anatinus	1	0
hv1	hv	Oryza sativa	0	0
hv1	hv	Paramecium tetraurelia	0	0
hv1	hv	Petromyzon marinus	0	0
hv1	hv	Physcomitrium patens	3	3
hv1	hv	Plasmodium falciparum	0	0
hv1	hv	Rattus norvegicus	1	0
hv1	hv	Saccharomyces cerevisiae	0	0
hv1	hv	Schizosaccharomyces pombe	0	0
hv1	hv	Severe acute respiratory syndrome coronavirus 2	0	0
hv1	hv	Streptomyces lividans	0	0
hv1	hv	Strongylocentrotus purpuratus	1	1
hv1	hv	Synechocystis sp. PCC 6803	0	0
hv1	hv	Takifugu rubripes	2	2
hv1	hv	Tetrahymena thermophila	0	0
hv1	hv	Thermus thermophilus	0	0
hv1	hv	Trichoplax adhaerens	1	1
hv1	hv	Trypanosoma brucei	0	0
hv1	hv	Xenopus tropicalis	0	0
iglur_nonvertebrate	iglur	Aliarcobacter butzleri	0	0
iglur_nonvertebrate	iglur	Amphimedon queenslandica	0	0
iglur_nonvertebrate	iglur	Anolis carolinensis	0	0
iglur_nonvertebrate	iglur	Aplysia californica	1	0
iglur_nonvertebrate	iglur	Arabidopsis thaliana	20	0
iglur_nonvertebrate	iglur	Bacillus subtilis	0	0
iglur_nonvertebrate	iglur	Branchiostoma floridae	0	0
iglur_nonvertebrate	iglur	Caenorhabditis elegans	1	0
iglur_nonvertebrate	iglur	Callorhinchus milii	0	0
iglur_nonvertebrate	iglur	Capsaspora owczarzaki	0	0
iglur_nonvertebrate	iglur	Chlamydomonas reinhardtii	0	0
iglur_nonvertebrate	iglur	Ciona intestinalis	0	0
iglur_nonvertebrate	iglur	Danio rerio	0	0
iglur_nonvertebrate	iglur	Daphnia pulex	1	0
iglur_nonvertebrate	iglur	Dictyostelium discoideum	0	0
iglur_nonvertebrate	iglur	Drosophila melanogaster	2	0
iglur_nonvertebrate	iglur	Escherichia coli	0	0
iglur_nonvertebrate	iglur	Gallus gallus	0	0
iglur_nonvertebrate	iglur	Gloeobacter violaceus	0	0
iglur_nonvertebrate	iglur	Homo sapiens	0	0
iglur_nonvertebrate	iglur	Human immunodeficiency virus type 1	0	0
iglur_nonvertebrate	iglur	Hydra vulgaris	0	0
iglur_nonvertebrate	iglur	Influenza A virus	0	0
iglur_nonvertebrate	iglur	Latimeria chalumnae	0	0
iglur_nonvertebrate	iglur	Lottia gigantea	2	0
iglur_nonvertebrate	iglur	Lymnaea stagnalis	2	0
iglur_nonvertebrate	iglur	Methanothermobacter thermautotrophicus	0	0
iglur_nonvertebrate	iglur	Monodelphis domestica	0	0
iglur_nonvertebrate	iglur	Monosiga brevicollis	0	0
iglur_nonvertebrate	iglur	Mus musculus	0	0
iglur_nonvertebrate	iglur	Nematostella vectensis	0	0
iglur_nonvertebrate	iglur	Ornithorhynchus anatinus	0	0
iglur_nonvertebrate	iglur	Oryza sativa	20	2
iglur_nonvertebrate	iglur	Paramecium tetraurelia	0	0
iglur_nonvertebrate	iglur	Petromyzon marinus	0	0
iglur_nonvertebrate	iglur	Physcomitrium patens	2	0
iglur_nonvertebrate	iglur	Plasmodium falciparum	0	0
iglur_nonvertebrate	iglur	Rattus norvegicus	0	0
iglur_nonvertebrate	iglur	Saccharomyces cerevisiae	0	0
iglur_nonvertebrate	iglur	Schizosaccharomyces pombe	0	0
iglur_nonvertebrate	iglur	Severe acute respiratory syndrome coronavirus 2	0	0
iglur_nonvertebrate	iglur	Streptomyces lividans	0	0
iglur_nonvertebrate	iglur	Strongylocentrotus purpuratus	0	0
iglur_nonvertebrate	iglur	Synechocystis sp. PCC 6803	0	0
iglur_nonvertebrate	iglur	Takifugu rubripes	0	0
iglur_nonvertebrate	iglur	Tetrahymena thermophila	0	0
iglur_nonvertebrate	iglur	Thermus thermophilus	0	0
iglur_nonvertebrate	iglur	Trichoplax adhaerens	0	0
iglur_nonvertebrate	iglur	Trypanosoma brucei	0	0
iglur_nonvertebrate	iglur	Xenopus tropicalis	0	0
iglur_prok	iglur	Aliarcobacter butzleri	0	0
iglur_prok	iglur	Amphimedon queenslandica	0	0
iglur_prok	iglur	Anolis carolinensis	0	0
iglur_prok	iglur	Aplysia californica	0	0
iglur_prok	iglur	Arabidopsis thaliana	0	0
iglur_prok	iglur	Bacillus subtilis	0	0
iglur_prok	iglur	Branchiostoma floridae	0	0
iglur_prok	iglur	Caenorhabditis elegans	0	0
iglur_prok	iglur	Callorhinchus milii	0	0
iglur_prok	iglur	Capsaspora owczarzaki	0	0
iglur_prok	iglur	Chlamydomonas reinhardtii	0	0
iglur_prok	iglur	Ciona intestinalis	0	0
iglur_prok	iglur	Danio rerio	0	0
iglur_prok	iglur	Daphnia pulex	0	0
iglur_prok	iglur	Dictyostelium discoideum	0	0
iglur_prok	iglur	Drosophila melanogaster	0	0
iglur_prok	iglur	Escherichia coli	0	0
iglur_prok	iglur	Gallus gallus	0	0
iglur_prok	iglur	Gloeobacter violaceus	0	0
iglur_prok	iglur	Homo sapiens	0	0
iglur_prok	iglur	Human immunodeficiency virus type 1	0	0
iglur_prok	iglur	Hydra vulgaris	0	0
iglur_prok	iglur	Influenza A virus	0	0
iglur_prok	iglur	Latimeria chalumnae	0	0
iglur_prok	iglur	Lottia gigantea	0	0
iglur_prok	iglur	Lymnaea stagnalis	0	0
iglur_prok	iglur	Methanothermobacter thermautotrophicus	0	0
iglur_prok	iglur	Monodelphis domestica	0	0
iglur_prok	iglur	Monosiga brevicollis	0	0
iglur_prok	iglur	Mus musculus	0	0
iglur_prok	iglur	Nematostella vectensis	0	0
iglur_prok	iglur	Ornithorhynchus anatinus	0	0
iglur_prok	iglur	Oryza sativa	0	0
iglur_prok	iglur	Paramecium tetraurelia	0	0
iglur_prok	iglur	Petromyzon marinus	0	0
iglur_prok	iglur	Physcomitrium patens	0	0
iglur_prok	iglur	Plasmodium falciparum	0	0
iglur_prok	iglur	Rattus norvegicus	0	0
iglur_prok	iglur	Saccharomyces cerevisiae	0	0
iglur_prok	iglur	Schizosaccharomyces pombe	0	0
iglur_prok	iglur	Severe acute respiratory syndrome coronavirus 2	0	0
iglur_prok	iglur	Streptomyces lividans	0	0
iglur_prok	iglur	Strongylocentrotus purpuratus	0	0
iglur_prok	iglur	Synechocystis sp. PCC 6803	1	0
iglur_prok	iglur	Takifugu rubripes	0	0
iglur_prok	iglur	Tetrahymena thermophila	0	0
iglur_prok	iglur	Thermus thermophilus	0	0
iglur_prok	iglur	Trichoplax adhaerens	0	0
iglur_prok	iglur	Trypanosoma brucei	0	0
iglur_prok	iglur	Xenopus tropicalis	0	0
innexin	innexin_like	Aliarcobacter butzleri	0	0
innexin	innexin_like	Amphimedon queenslandica	0	0
innexin	innexin_like	Anolis carolinensis	0	0
innexin	innexin_like	Aplysia californica	11	0
innexin	innexin_like	Arabidopsis thaliana	0	0
innexin	innexin_like	Bacillus subtilis	0	0
innexin	innexin_like	Branchiostoma floridae	0	0
innexin	innexin_like	Caenorhabditis elegans	25	0
innexin	innexin_like	Callorhinchus milii	0	0
innexin	innexin_like	Capsaspora owczarzaki	0	0
innexin	innexin_like	Chlamydomonas reinhardtii	0	0
innexin	innexin_like	Ciona intestinalis	0	0
innexin	innexin_like	Danio rerio	0	0
innexin	innexin_like	Daphnia pulex	10	0
innexin	innexin_like	Dictyostelium discoideum	0	0
innexin	innexin_like	Drosophila melanogaster	8	0
innexin	innexin_like	Escherichia coli	0	0
innexin	innexin_like	Gallus gallus	0	0
innexin	innexin_like	Gloeobacter violaceus	0	0
innexin	innexin_like	Homo sapiens	0	0
innexin	innexin_like	Human immunodeficiency virus type 1	0	0
innexin	innexin_like	Hydra vulgaris	1	0
innexin	innexin_like	Influenza A virus	0	0
innexin	innexin_like	Latimeria chalumnae	0	0
innexin	innexin_like	Lottia gigantea	10	0
innexin	innexin_like	Lymnaea stagnalis	11	0
innexin	innexin_like	Methanothermobacter thermautotrophicus	0	0
innexin	innexin_like	Monodelphis domestica	0	0
innexin	innexin_like	Monosiga brevicollis	0	0
innexin	innexin_like	Mus musculus	0	0
innexin	innexin_like	Nematostella vectensis	0	0
innexin	innexin_like	Ornithorhynchus anatinus	0	0
innexin	innexin_like	Oryza sativa	0	0
innexin	innexin_like	Paramecium tetraurelia	0	0
innexin	innexin_like	Petromyzon marinus	0	0
innexin	innexin_like	Physcomitrium patens	0	0
innexin	innexin_like	Plasmodium falciparum	0	0
innexin	innexin_like	Rattus norvegicus	0	0
innexin	innexin_like	Saccharomyces cerevisiae	0	0
innexin	innexin_like	Schizosaccharomyces pombe	0	0
innexin	innexin_like	Severe acute respiratory syndrome coronavirus 2	0	0
innexin	innexin_like	Streptomyces lividans	0	0
innexin	innexin_like	Strongylocentrotus purpuratus	0	0
innexin	innexin_like	Synechocystis sp. PCC 6803	0	0
innexin	innexin_like	Takifugu rubripes	0	0
innexin	innexin_like	Tetrahymena thermophila	0	0
innexin	innexin_like	Thermus thermophilus	0	0
innexin	innexin_like	Trichoplax adhaerens	0	0
innexin	innexin_like	Trypanosoma brucei	0	0
innexin	innexin_like	Xenopus tropicalis	0	0
itpr	ca_release	Aliarcobacter butzleri	0	0
itpr	ca_release	Amphimedon queenslandica	8	0
itpr	ca_release	Anolis carolinensis	3	0
itpr	ca_release	Aplysia californica	4	0
itpr	ca_release	Arabidopsis thaliana	0	0
itpr	ca_release	Bacillus subtilis	0	0
itpr	ca_release	Branchiostoma floridae	2	0
itpr	ca_release	Caenorhabditis elegans	1	0
itpr	ca_release	Callorhinchus milii	3	0
itpr	ca_release	Capsaspora owczarzaki	2	0
itpr	ca_release	Chlamydomonas reinhardtii	1	0
itpr	ca_release	Ciona intestinalis	1	0
itpr	ca_release	Danio rerio	4	0
itpr	ca_release	Daphnia pulex	1	0
itpr	ca_release	Dictyostelium discoideum	0	0
itpr	ca_release	Drosophila melanogaster	1	0
itpr	ca_release	Escherichia coli	0	0
itpr	ca_release	Gallus gallus	3	0
itpr	ca_release	Gloeobacter violaceus	0	0
itpr	ca_release	Homo sapiens	3	0
itpr	ca_release	Human immunodeficiency virus type 1	0	0
itpr	ca_release	Hydra vulgaris	1	0
itpr	ca_release	Influenza A virus	0	0
itpr	ca_release	Latimeria chalumnae	3	0
itpr	ca_release	Lottia gigantea	2	0
itpr	ca_release	Lymnaea stagnalis	2	0
itpr	ca_release	Methanothermobacter thermautotrophicus	0	0
itpr	ca_release	Monodelphis domestica	3	0
itpr	ca_release	Monosiga brevicollis	3	0
itpr	ca_release	Mus musculus	3	0
itpr	ca_release	Nematostella vectensis	1	0
itpr	ca_release	Ornithorhynchus anatinus	3	0
itpr	ca_release	Oryza sativa	0	0
itpr	ca_release	Paramecium tetraurelia	14	0
itpr	ca_release	Petromyzon marinus	3	0
itpr	ca_release	Physcomitrium patens	0	0
itpr	ca_release	Plasmodium falciparum	0	0
itpr	ca_release	Rattus norvegicus	3	0
itpr	ca_release	Saccharomyces cerevisiae	0	0
itpr	ca_release	Schizosaccharomyces pombe	0	0
itpr	ca_release	Severe acute respiratory syndrome coronavirus 2	0	0
itpr	ca_release	Streptomyces lividans	0	0
itpr	ca_release	Strongylocentrotus purpuratus	1	0
itpr	ca_release	Synechocystis sp. PCC 6803	0	0
itpr	ca_release	Takifugu rubripes	3	0
itpr	ca_release	Tetrahymena thermophila	14	0
itpr	ca_release	Thermus thermophilus	0	0
itpr	ca_release	Trichoplax adhaerens	3	0
itpr	ca_release	Trypanosoma brucei	0	0
itpr	ca_release	Xenopus tropicalis	3	0
k2p	ploop	Aliarcobacter butzleri	0	0
k2p	ploop	Amphimedon queenslandica	1	0
k2p	ploop	Anolis carolinensis	14	0
k2p	ploop	Aplysia californica	11	0
k2p	ploop	Arabidopsis thaliana	6	0
k2p	ploop	Bacillus subtilis	0	0
k2p	ploop	Branchiostoma floridae	24	0
k2p	ploop	Caenorhabditis elegans	48	1
k2p	ploop	Callorhinchus milii	13	0
k2p	ploop	Capsaspora owczarzaki	0	0
k2p	ploop	Chlamydomonas reinhardtii	0	0
k2p	ploop	Ciona intestinalis	4	0
k2p	ploop	Danio rerio	22	0
k2p	ploop	Daphnia pulex	12	0
k2p	ploop	Dictyostelium discoideum	0	0
k2p	ploop	Drosophila melanogaster	11	0
k2p	ploop	Escherichia coli	0	0
k2p	ploop	Gallus gallus	13	0
k2p	ploop	Gloeobacter violaceus	0	0
k2p	ploop	Homo sapiens	15	0
k2p	ploop	Human immunodeficiency virus type 1	0	0
k2p	ploop	Hydra vulgaris	6	1
k2p	ploop	Influenza A virus	0	0
k2p	ploop	Latimeria chalumnae	17	0
k2p	ploop	Lottia gigantea	10	0
k2p	ploop	Lymnaea stagnalis	10	0
k2p	ploop	Methanothermobacter thermautotrophicus	0	0
k2p	ploop	Monodelphis domestica	14	0
k2p	ploop	Monosiga brevicollis	3	0
k2p	ploop	Mus musculus	14	0
k2p	ploop	Nematostella vectensis	33	0
k2p	ploop	Ornithorhynchus anatinus	14	0
k2p	ploop	Oryza sativa	4	0
k2p	ploop	Paramecium tetraurelia	0	0
k2p	ploop	Petromyzon marinus	15	0
k2p	ploop	Physcomitrium patens	3	0
k2p	ploop	Plasmodium falciparum	0	0
k2p	ploop	Rattus norvegicus	14	0
k2p	ploop	Saccharomyces cerevisiae	1	0
k2p	ploop	Schizosaccharomyces pombe	0	0
k2p	ploop	Severe acute respiratory syndrome coronavirus 2	0	0
k2p	ploop	Streptomyces lividans	0	0
k2p	ploop	Strongylocentrotus purpuratus	21	0
k2p	ploop	Synechocystis sp. PCC 6803	0	0
k2p	ploop	Takifugu rubripes	18	0
k2p	ploop	Tetrahymena thermophila	0	0
k2p	ploop	Thermus thermophilus	0	0
k2p	ploop	Trichoplax adhaerens	1	0
k2p	ploop	Trypanosoma brucei	0	0
k2p	ploop	Xenopus tropicalis	16	0
kainate	iglur	Aliarcobacter butzleri	0	0
kainate	iglur	Amphimedon queenslandica	0	0
kainate	iglur	Anolis carolinensis	6	0
kainate	iglur	Aplysia californica	9	1
kainate	iglur	Arabidopsis thaliana	0	0
kainate	iglur	Bacillus subtilis	0	0
kainate	iglur	Branchiostoma floridae	21	0
kainate	iglur	Caenorhabditis elegans	4	0
kainate	iglur	Callorhinchus milii	5	0
kainate	iglur	Capsaspora owczarzaki	0	0
kainate	iglur	Chlamydomonas reinhardtii	0	0
kainate	iglur	Ciona intestinalis	1	0
kainate	iglur	Danio rerio	10	0
kainate	iglur	Daphnia pulex	7	0
kainate	iglur	Dictyostelium discoideum	0	0
kainate	iglur	Drosophila melanogaster	12	0
kainate	iglur	Escherichia coli	0	0
kainate	iglur	Gallus gallus	6	0
kainate	iglur	Gloeobacter violaceus	0	0
kainate	iglur	Homo sapiens	5	0
kainate	iglur	Human immunodeficiency virus type 1	0	0
kainate	iglur	Hydra vulgaris	0	0
kainate	iglur	Influenza A virus	0	0
kainate	iglur	Latimeria chalumnae	6	0
kainate	iglur	Lottia gigantea	15	1
kainate	iglur	Lymnaea stagnalis	7	0
kainate	iglur	Methanothermobacter thermautotrophicus	0	0
kainate	iglur	Monodelphis domestica	4	0
kainate	iglur	Monosiga brevicollis	0	0
kainate	iglur	Mus musculus	5	0
kainate	iglur	Nematostella vectensis	2	0
kainate	iglur	Ornithorhynchus anatinus	5	0
kainate	iglur	Oryza sativa	0	0
kainate	iglur	Paramecium tetraurelia	0	0
kainate	iglur	Petromyzon marinus	5	0
kainate	iglur	Physcomitrium patens	0	0
kainate	iglur	Plasmodium falciparum	0	0
kainate	iglur	Rattus norvegicus	5	0
kainate	iglur	Saccharomyces cerevisiae	0	0
kainate	iglur	Schizosaccharomyces pombe	0	0
kainate	iglur	Severe acute respiratory syndrome coronavirus 2	0	0
kainate	iglur	Streptomyces lividans	0	0
kainate	iglur	Strongylocentrotus purpuratus	3	0
kainate	iglur	Synechocystis sp. PCC 6803	0	0
kainate	iglur	Takifugu rubripes	11	0
kainate	iglur	Tetrahymena thermophila	0	0
kainate	iglur	Thermus thermophilus	0	0
kainate	iglur	Trichoplax adhaerens	8	0
kainate	iglur	Trypanosoma brucei	0	0
kainate	iglur	Xenopus tropicalis	6	0
kca_sk	ploop	Aliarcobacter butzleri	0	0
kca_sk	ploop	Amphimedon queenslandica	0	0
kca_sk	ploop	Anolis carolinensis	2	0
kca_sk	ploop	Aplysia californica	4	0
kca_sk	ploop	Arabidopsis thaliana	0	0
kca_sk	ploop	Bacillus subtilis	0	0
kca_sk	ploop	Branchiostoma floridae	2	0
kca_sk	ploop	Caenorhabditis elegans	4	0
kca_sk	ploop	Callorhinchus milii	2	0
kca_sk	ploop	Capsaspora owczarzaki	0	0
kca_sk	ploop	Chlamydomonas reinhardtii	0	0
kca_sk	ploop	Ciona intestinalis	1	0
kca_sk	ploop	Danio rerio	5	0
kca_sk	ploop	Daphnia pulex	3	0
kca_sk	ploop	Dictyostelium discoideum	0	0
kca_sk	ploop	Drosophila melanogaster	1	0
kca_sk	ploop	Escherichia coli	0	0
kca_sk	ploop	Gallus gallus	3	0
kca_sk	ploop	Gloeobacter violaceus	0	0
kca_sk	ploop	Homo sapiens	4	0
kca_sk	ploop	Human immunodeficiency virus type 1	0	0
kca_sk	ploop	Hydra vulgaris	0	0
kca_sk	ploop	Influenza A virus	0	0
kca_sk	ploop	Latimeria chalumnae	4	0
kca_sk	ploop	Lottia gigantea	5	0
kca_sk	ploop	Lymnaea stagnalis	3	0
kca_sk	ploop	Methanothermobacter thermautotrophicus	0	0
kca_sk	ploop	Monodelphis domestica	3	0
kca_sk	ploop	Monosiga brevicollis	0	0
kca_sk	ploop	Mus musculus	4	0
kca_sk	ploop	Nematostella vectensis	0	0
kca_sk	ploop	Ornithorhynchus anatinus	4	0
kca_sk	ploop	Oryza sativa	0	0
kca_sk	ploop	Paramecium tetraurelia	14	0
kca_sk	ploop	Petromyzon marinus	3	0
kca_sk	ploop	Physcomitrium patens	0	0
kca_sk	ploop	Plasmodium falciparum	0	0
kca_sk	ploop	Rattus norvegicus	4	0
kca_sk	ploop	Saccharomyces cerevisiae	0	0
kca_sk	ploop	Schizosaccharomyces pombe	0	0
kca_sk	ploop	Severe acute respiratory syndrome coronavirus 2	0	0
kca_sk	ploop	Streptomyces lividans	0	0
kca_sk	ploop	Strongylocentrotus purpuratus	1	0
kca_sk	ploop	Synechocystis sp. PCC 6803	0	0
kca_sk	ploop	Takifugu rubripes	6	0
kca_sk	ploop	Tetrahymena thermophila	4	0
kca_sk	ploop	Thermus thermophilus	0	0
kca_sk	ploop	Trichoplax adhaerens	0	0
kca_sk	ploop	Trypanosoma brucei	0	0
kca_sk	ploop	Xenopus tropicalis	5	0
kca_slo	ploop	Aliarcobacter butzleri	0	0
kca_slo	ploop	Amphimedon queenslandica	2	0
kca_slo	ploop	Anolis carolinensis	3	0
kca_slo	ploop	Aplysia californica	3	0
kca_slo	ploop	Arabidopsis thaliana	0	0
kca_slo	ploop	Bacillus subtilis	0	0
kca_slo	ploop	Branchiostoma floridae	2	0
kca_slo	ploop	Caenorhabditis elegans	2	0
kca_slo	ploop	Callorhinchus milii	4	0
kca_slo	ploop	Capsaspora owczarzaki	1	0
kca_slo	ploop	Chlamydomonas reinhardtii	2	0
kca_slo	ploop	Ciona intestinalis	2	0
kca_slo	ploop	Danio rerio	6	0
kca_slo	ploop	Daphnia pulex	2	0
kca_slo	ploop	Dictyostelium discoideum	3	0
kca_slo	ploop	Drosophila melanogaster	2	0
kca_slo	ploop	Escherichia coli	0	0
kca_slo	ploop	Gallus gallus	6	0
kca_slo	ploop	Gloeobacter violaceus	0	0
kca_slo	ploop	Homo sapiens	4	0
kca_slo	ploop	Human immunodeficiency virus type 1	0	0
kca_slo	ploop	Hydra vulgaris	4	0
kca_slo	ploop	Influenza A virus	0	0
kca_slo	ploop	Latimeria chalumnae	4	0
kca_slo	ploop	Lottia gigantea	4	0
kca_slo	ploop	Lymnaea stagnalis	6	0
kca_slo	ploop	Methanothermobacter thermautotrophicus	0	0
kca_slo	ploop	Monodelphis domestica	4	0
kca_slo	ploop	Monosiga brevicollis	1	0
kca_slo	ploop	Mus musculus	4	0
kca_slo	ploop	Nematostella vectensis	1	0
kca_slo	ploop	Ornithorhynchus anatinus	4	0
kca_slo	ploop	Oryza sativa	0	0
kca_slo	ploop	Paramecium tetraurelia	7	0
kca_slo	ploop	Petromyzon marinus	5	0
kca_slo	ploop	Physcomitrium patens	3	0
kca_slo	ploop	Plasmodium falciparum	1	0
kca_slo	ploop	Rattus norvegicus	4	0
kca_slo	ploop	Saccharomyces cerevisiae	0	0
kca_slo	ploop	Schizosaccharomyces pombe	0	0
kca_slo	ploop	Severe acute respiratory syndrome coronavirus 2	0	0
kca_slo	ploop	Streptomyces lividans	0	0
kca_slo	ploop	Strongylocentrotus purpuratus	2	0
kca_slo	ploop	Synechocystis sp. PCC 6803	0	0
kca_slo	ploop	Takifugu rubripes	4	0
kca_slo	ploop	Tetrahymena thermophila	6	0
kca_slo	ploop	Thermus thermophilus	0	0
kca_slo	ploop	Trichoplax adhaerens	1	0
kca_slo	ploop	Trypanosoma brucei	2	0
kca_slo	ploop	Xenopus tropicalis	4	0
kcsa_prok	ploop	Aliarcobacter butzleri	1	1
kcsa_prok	ploop	Amphimedon queenslandica	0	0
kcsa_prok	ploop	Anolis carolinensis	0	0
kcsa_prok	ploop	Aplysia californica	0	0
kcsa_prok	ploop	Arabidopsis thaliana	0	0
kcsa_prok	ploop	Bacillus subtilis	0	0
kcsa_prok	ploop	Branchiostoma floridae	0	0
kcsa_prok	ploop	Caenorhabditis elegans	0	0
kcsa_prok	ploop	Callorhinchus milii	0	0
kcsa_prok	ploop	Capsaspora owczarzaki	0	0
kcsa_prok	ploop	Chlamydomonas reinhardtii	0	0
kcsa_prok	ploop	Ciona intestinalis	0	0
kcsa_prok	ploop	Danio rerio	0	0
kcsa_prok	ploop	Daphnia pulex	0	0
kcsa_prok	ploop	Dictyostelium discoideum	0	0
kcsa_prok	ploop	Drosophila melanogaster	0	0
kcsa_prok	ploop	Escherichia coli	0	0
kcsa_prok	ploop	Gallus gallus	0	0
kcsa_prok	ploop	Gloeobacter violaceus	1	0
kcsa_prok	ploop	Homo sapiens	0	0
kcsa_prok	ploop	Human immunodeficiency virus type 1	0	0
kcsa_prok	ploop	Hydra vulgaris	0	0
kcsa_prok	ploop	Influenza A virus	0	0
kcsa_prok	ploop	Latimeria chalumnae	0	0
kcsa_prok	ploop	Lottia gigantea	0	0
kcsa_prok	ploop	Lymnaea stagnalis	0	0
kcsa_prok	ploop	Methanothermobacter thermautotrophicus	2	0
kcsa_prok	ploop	Monodelphis domestica	0	0
kcsa_prok	ploop	Monosiga brevicollis	0	0
kcsa_prok	ploop	Mus musculus	0	0
kcsa_prok	ploop	Nematostella vectensis	0	0
kcsa_prok	ploop	Ornithorhynchus anatinus	0	0
kcsa_prok	ploop	Oryza sativa	0	0
kcsa_prok	ploop	Paramecium tetraurelia	0	0
kcsa_prok	ploop	Petromyzon marinus	0	0
kcsa_prok	ploop	Physcomitrium patens	0	0
kcsa_prok	ploop	Plasmodium falciparum	0	0
kcsa_prok	ploop	Rattus norvegicus	0	0
kcsa_prok	ploop	Saccharomyces cerevisiae	0	0
kcsa_prok	ploop	Schizosaccharomyces pombe	0	0
kcsa_prok	ploop	Severe acute respiratory syndrome coronavirus 2	0	0
kcsa_prok	ploop	Streptomyces lividans	3	0
kcsa_prok	ploop	Strongylocentrotus purpuratus	0	0
kcsa_prok	ploop	Synechocystis sp. PCC 6803	1	1
kcsa_prok	ploop	Takifugu rubripes	0	0
kcsa_prok	ploop	Tetrahymena thermophila	0	0
kcsa_prok	ploop	Thermus thermophilus	0	0
kcsa_prok	ploop	Trichoplax adhaerens	0	0
kcsa_prok	ploop	Trypanosoma brucei	0	0
kcsa_prok	ploop	Xenopus tropicalis	0	0
kir	ploop	Aliarcobacter butzleri	0	0
kir	ploop	Amphimedon queenslandica	2	0
kir	ploop	Anolis carolinensis	15	0
kir	ploop	Aplysia californica	4	0
kir	ploop	Arabidopsis thaliana	0	0
kir	ploop	Bacillus subtilis	0	0
kir	ploop	Branchiostoma floridae	3	0
kir	ploop	Caenorhabditis elegans	3	0
kir	ploop	Callorhinchus milii	18	0
kir	ploop	Capsaspora owczarzaki	0	0
kir	ploop	Chlamydomonas reinhardtii	3	0
kir	ploop	Ciona intestinalis	4	0
kir	ploop	Danio rerio	29	0
kir	ploop	Daphnia pulex	2	0
kir	ploop	Dictyostelium discoideum	0	0
kir	ploop	Drosophila melanogaster	3	0
kir	ploop	Escherichia coli	0	0
kir	ploop	Gallus gallus	16	0
kir	ploop	Gloeobacter violaceus	0	0
kir	ploop	Homo sapiens	16	0
kir	ploop	Human immunodeficiency virus type 1	0	0
kir	ploop	Hydra vulgaris	1	0
kir	ploop	Influenza A virus	0	0
kir	ploop	Latimeria chalumnae	21	0
kir	ploop	Lottia gigantea	5	0
kir	ploop	Lymnaea stagnalis	4	0
kir	ploop	Methanothermobacter thermautotrophicus	0	0
kir	ploop	Monodelphis domestica	14	0
kir	ploop	Monosiga brevicollis	3	0
kir	ploop	Mus musculus	15	0
kir	ploop	Nematostella vectensis	4	0
kir	ploop	Ornithorhynchus anatinus	15	0
kir	ploop	Oryza sativa	0	0
kir	ploop	Paramecium tetraurelia	0	0
kir	ploop	Petromyzon marinus	19	0
kir	ploop	Physcomitrium patens	3	0
kir	ploop	Plasmodium falciparum	0	0
kir	ploop	Rattus norvegicus	15	0
kir	ploop	Saccharomyces cerevisiae	0	0
kir	ploop	Schizosaccharomyces pombe	0	0
kir	ploop	Severe acute respiratory syndrome coronavirus 2	0	0
kir	ploop	Streptomyces lividans	0	0
kir	ploop	Strongylocentrotus purpuratus	4	0
kir	ploop	Synechocystis sp. PCC 6803	1	0
kir	ploop	Takifugu rubripes	24	0
kir	ploop	Tetrahymena thermophila	0	0
kir	ploop	Thermus thermophilus	0	0
kir	ploop	Trichoplax adhaerens	8	3
kir	ploop	Trypanosoma brucei	0	0
kir	ploop	Xenopus tropicalis	18	0
kv_eag	ploop	Aliarcobacter butzleri	0	0
kv_eag	ploop	Amphimedon queenslandica	0	0
kv_eag	ploop	Anolis carolinensis	8	0
kv_eag	ploop	Aplysia californica	3	0
kv_eag	ploop	Arabidopsis thaliana	5	0
kv_eag	ploop	Bacillus subtilis	0	0
kv_eag	ploop	Branchiostoma floridae	3	0
kv_eag	ploop	Caenorhabditis elegans	2	0
kv_eag	ploop	Callorhinchus milii	5	0
kv_eag	ploop	Capsaspora owczarzaki	0	0
kv_eag	ploop	Chlamydomonas reinhardtii	6	0
kv_eag	ploop	Ciona intestinalis	1	0
kv_eag	ploop	Danio rerio	14	0
kv_eag	ploop	Daphnia pulex	2	0
kv_eag	ploop	Dictyostelium discoideum	0	0
kv_eag	ploop	Drosophila melanogaster	3	0
kv_eag	ploop	Escherichia coli	0	0
kv_eag	ploop	Gallus gallus	8	0
kv_eag	ploop	Gloeobacter violaceus	0	0
kv_eag	ploop	Homo sapiens	8	0
kv_eag	ploop	Human immunodeficiency virus type 1	0	0
kv_eag	ploop	Hydra vulgaris	9	0
kv_eag	ploop	Influenza A virus	0	0
kv_eag	ploop	Latimeria chalumnae	7	0
kv_eag	ploop	Lottia gigantea	4	0
kv_eag	ploop	Lymnaea stagnalis	4	0
kv_eag	ploop	Methanothermobacter thermautotrophicus	0	0
kv_eag	ploop	Monodelphis domestica	7	0
kv_eag	ploop	Monosiga brevicollis	0	0
kv_eag	ploop	Mus musculus	8	0
kv_eag	ploop	Nematostella vectensis	7	0
kv_eag	ploop	Ornithorhynchus anatinus	7	0
kv_eag	ploop	Oryza sativa	3	0
kv_eag	ploop	Paramecium tetraurelia	31	0
kv_eag	ploop	Petromyzon marinus	9	0
kv_eag	ploop	Physcomitrium patens	1	0
kv_eag	ploop	Plasmodium falciparum	0	0
kv_eag	ploop	Rattus norvegicus	8	0
kv_eag	ploop	Saccharomyces cerevisiae	0	0
kv_eag	ploop	Schizosaccharomyces pombe	0	0
kv_eag	ploop	Severe acute respiratory syndrome coronavirus 2	0	0
kv_eag	ploop	Streptomyces lividans	0	0
kv_eag	ploop	Strongylocentrotus purpuratus	5	0
kv_eag	ploop	Synechocystis sp. PCC 6803	0	0
kv_eag	ploop	Takifugu rubripes	13	0
kv_eag	ploop	Tetrahymena thermophila	39	2
kv_eag	ploop	Thermus thermophilus	0	0
kv_eag	ploop	Trichoplax adhaerens	4	0
kv_eag	ploop	Trypanosoma brucei	0	0
kv_eag	ploop	Xenopus tropicalis	9	0
kv_kcnq	ploop	Aliarcobacter butzleri	0	0
kv_kcnq	ploop	Amphimedon queenslandica	0	0
kv_kcnq	ploop	Anolis carolinensis	6	0
kv_kcnq	ploop	Aplysia californica	2	0
kv_kcnq	ploop	Arabidopsis thaliana	0	0
kv_kcnq	ploop	Bacillus subtilis	0	0
kv_kcnq	ploop	Branchiostoma floridae	2	0
kv_kcnq	ploop	Caenorhabditis elegans	3	0
kv_kcnq	ploop	Callorhinchus milii	5	0
kv_kcnq	ploop	Capsaspora owczarzaki	0	0
kv_kcnq	ploop	Chlamydomonas reinhardtii	0	0
kv_kcnq	ploop	Ciona intestinalis	2	0
kv_kcnq	ploop	Danio rerio	8	0
kv_kcnq	ploop	Daphnia pulex	2	0
kv_kcnq	ploop	Dictyostelium discoideum	0	0
kv_kcnq	ploop	Drosophila melanogaster	1	0
kv_kcnq	ploop	Escherichia coli	0	0
kv_kcnq	ploop	Gallus gallus	5	0
kv_kcnq	ploop	Gloeobacter violaceus	0	0
kv_kcnq	ploop	Homo sapiens	5	0
kv_kcnq	ploop	Human immunodeficiency virus type 1	0	0
kv_kcnq	ploop	Hydra vulgaris	6	0
kv_kcnq	ploop	Influenza A virus	0	0
kv_kcnq	ploop	Latimeria chalumnae	5	0
kv_kcnq	ploop	Lottia gigantea	6	0
kv_kcnq	ploop	Lymnaea stagnalis	5	0
kv_kcnq	ploop	Methanothermobacter thermautotrophicus	0	0
kv_kcnq	ploop	Monodelphis domestica	4	0
kv_kcnq	ploop	Monosiga brevicollis	0	0
kv_kcnq	ploop	Mus musculus	5	0
kv_kcnq	ploop	Nematostella vectensis	1	0
kv_kcnq	ploop	Ornithorhynchus anatinus	5	0
kv_kcnq	ploop	Oryza sativa	0	0
kv_kcnq	ploop	Paramecium tetraurelia	0	0
kv_kcnq	ploop	Petromyzon marinus	6	0
kv_kcnq	ploop	Physcomitrium patens	0	0
kv_kcnq	ploop	Plasmodium falciparum	0	0
kv_kcnq	ploop	Rattus norvegicus	5	0
kv_kcnq	ploop	Saccharomyces cerevisiae	0	0
kv_kcnq	ploop	Schizosaccharomyces pombe	0	0
kv_kcnq	ploop	Severe acute respiratory syndrome coronavirus 2	0	0
kv_kcnq	ploop	Streptomyces lividans	0	0
kv_kcnq	ploop	Strongylocentrotus purpuratus	3	0
kv_kcnq	ploop	Synechocystis sp. PCC 6803	0	0
kv_kcnq	ploop	Takifugu rubripes	7	0
kv_kcnq	ploop	Tetrahymena thermophila	0	0
kv_kcnq	ploop	Thermus thermophilus	0	0
kv_kcnq	ploop	Trichoplax adhaerens	0	0
kv_kcnq	ploop	Trypanosoma brucei	0	0
kv_kcnq	ploop	Xenopus tropicalis	6	0
kv_modifier	ploop	Aliarcobacter butzleri	0	0
kv_modifier	ploop	Amphimedon queenslandica	0	0
kv_modifier	ploop	Anolis carolinensis	9	0
kv_modifier	ploop	Aplysia californica	0	0
kv_modifier	ploop	Arabidopsis thaliana	0	0
kv_modifier	ploop	Bacillus subtilis	0	0
kv_modifier	ploop	Branchiostoma floridae	0	0
kv_modifier	ploop	Caenorhabditis elegans	0	0
kv_modifier	ploop	Callorhinchus milii	12	0
kv_modifier	ploop	Capsaspora owczarzaki	0	0
kv_modifier	ploop	Chlamydomonas reinhardtii	0	0
kv_modifier	ploop	Ciona intestinalis	0	0
kv_modifier	ploop	Danio rerio	15	0
kv_modifier	ploop	Daphnia pulex	0	0
kv_modifier	ploop	Dictyostelium discoideum	0	0
kv_modifier	ploop	Drosophila melanogaster	0	0
kv_modifier	ploop	Escherichia coli	0	0
kv_modifier	ploop	Gallus gallus	11	0
kv_modifier	ploop	Gloeobacter violaceus	0	0
kv_modifier	ploop	Homo sapiens	10	0
kv_modifier	ploop	Human immunodeficiency virus type 1	0	0
kv_modifier	ploop	Hydra vulgaris	0	0
kv_modifier	ploop	Influenza A virus	0	0
kv_modifier	ploop	Latimeria chalumnae	12	0
kv_modifier	ploop	Lottia gigantea	0	0
kv_modifier	ploop	Lymnaea stagnalis	0	0
kv_modifier	ploop	Methanothermobacter thermautotrophicus	0	0
kv_modifier	ploop	Monodelphis domestica	9	0
kv_modifier	ploop	Monosiga brevicollis	0	0
kv_modifier	ploop	Mus musculus	10	0
kv_modifier	ploop	Nematostella vectensis	0	0
kv_modifier	ploop	Ornithorhynchus anatinus	10	0
kv_modifier	ploop	Oryza sativa	0	0
kv_modifier	ploop	Paramecium tetraurelia	0	0
kv_modifier	ploop	Petromyzon marinus	14	0
kv_modifier	ploop	Physcomitrium patens	0	0
kv_modifier	ploop	Plasmodium falciparum	0	0
kv_modifier	ploop	Rattus norvegicus	10	0
kv_modifier	ploop	Saccharomyces cerevisiae	0	0
kv_modifier	ploop	Schizosaccharomyces pombe	0	0
kv_modifier	ploop	Severe acute respiratory syndrome coronavirus 2	0	0
kv_modifier	ploop	Streptomyces lividans	0	0
kv_modifier	ploop	Strongylocentrotus purpuratus	0	0
kv_modifier	ploop	Synechocystis sp. PCC 6803	0	0
kv_modifier	ploop	Takifugu rubripes	15	0
kv_modifier	ploop	Tetrahymena thermophila	0	0
kv_modifier	ploop	Thermus thermophilus	0	0
kv_modifier	ploop	Trichoplax adhaerens	0	0
kv_modifier	ploop	Trypanosoma brucei	0	0
kv_modifier	ploop	Xenopus tropicalis	11	0
kv_shaker	ploop	Aliarcobacter butzleri	0	0
kv_shaker	ploop	Amphimedon queenslandica	0	0
kv_shaker	ploop	Anolis carolinensis	17	0
kv_shaker	ploop	Aplysia californica	14	0
kv_shaker	ploop	Arabidopsis thaliana	0	0
kv_shaker	ploop	Bacillus subtilis	0	0
kv_shaker	ploop	Branchiostoma floridae	41	0
kv_shaker	ploop	Caenorhabditis elegans	5	0
kv_shaker	ploop	Callorhinchus milii	16	0
kv_shaker	ploop	Capsaspora owczarzaki	2	0
kv_shaker	ploop	Chlamydomonas reinhardtii	2	0
kv_shaker	ploop	Ciona intestinalis	4	0
kv_shaker	ploop	Danio rerio	26	0
kv_shaker	ploop	Daphnia pulex	5	0
kv_shaker	ploop	Dictyostelium discoideum	0	0
kv_shaker	ploop	Drosophila melanogaster	5	0
kv_shaker	ploop	Escherichia coli	0	0
kv_shaker	ploop	Gallus gallus	13	0
kv_shaker	ploop	Gloeobacter violaceus	0	0
kv_shaker	ploop	Homo sapiens	17	0
kv_shaker	ploop	Human immunodeficiency virus type 1	0	0
kv_shaker	ploop	Hydra vulgaris	34	0
kv_shaker	ploop	Influenza A virus	0	0
kv_shaker	ploop	Latimeria chalumnae	16	0
kv_shaker	ploop	Lottia gigantea	17	0
kv_shaker	ploop	Lymnaea stagnalis	14	0
kv_shaker	ploop	Methanothermobacter thermautotrophicus	0	0
kv_shaker	ploop	Monodelphis domestica	15	0
kv_shaker	ploop	Monosiga brevicollis	1	0
kv_shaker	ploop	Mus musculus	17	0
kv_shaker	ploop	Nematostella vectensis	42	0
kv_shaker	ploop	Ornithorhynchus anatinus	15	0
kv_shaker	ploop	Oryza sativa	0	0
kv_shaker	ploop	Paramecium tetraurelia	8	0
kv_shaker	ploop	Petromyzon marinus	32	0
kv_shaker	ploop	Physcomitrium patens	0	0
kv_shaker	ploop	Plasmodium falciparum	0	0
kv_shaker	ploop	Rattus norvegicus	17	0
kv_shaker	ploop	Saccharomyces cerevisiae	0	0
kv_shaker	ploop	Schizosaccharomyces pombe	0	0
kv_shaker	ploop	Severe acute respiratory syndrome coronavirus 2	0	0
kv_shaker	ploop	Streptomyces lividans	0	0
kv_shaker	ploop	Strongylocentrotus purpuratus	3	0
kv_shaker	ploop	Synechocystis sp. PCC 6803	0	0
kv_shaker	ploop	Takifugu rubripes	26	0
kv_shaker	ploop	Tetrahymena thermophila	1	0
kv_shaker	ploop	Thermus thermophilus	0	0
kv_shaker	ploop	Trichoplax adhaerens	2	0
kv_shaker	ploop	Trypanosoma brucei	0	0
kv_shaker	ploop	Xenopus tropicalis	17	0
lrrc8	innexin_like	Aliarcobacter butzleri	0	0
lrrc8	innexin_like	Amphimedon queenslandica	0	0
lrrc8	innexin_like	Anolis carolinensis	7	1
lrrc8	innexin_like	Aplysia californica	2	2
lrrc8	innexin_like	Arabidopsis thaliana	7	7
lrrc8	innexin_like	Bacillus subtilis	0	0
lrrc8	innexin_like	Branchiostoma floridae	2	1
lrrc8	innexin_like	Caenorhabditis elegans	0	0
lrrc8	innexin_like	Callorhinchus milii	10	1
lrrc8	innexin_like	Capsaspora owczarzaki	0	0
lrrc8	innexin_like	Chlamydomonas reinhardtii	0	0
lrrc8	innexin_like	Ciona intestinalis	1	0
lrrc8	innexin_like	Danio rerio	7	0
lrrc8	innexin_like	Daphnia pulex	0	0
lrrc8	innexin_like	Dictyostelium discoideum	0	0
lrrc8	innexin_like	Drosophila melanogaster	0	0
lrrc8	innexin_like	Escherichia coli	0	0
lrrc8	innexin_like	Gallus gallus	5	1
lrrc8	innexin_like	Gloeobacter violaceus	0	0
lrrc8	innexin_like	Homo sapiens	5	0
lrrc8	innexin_like	Human immunodeficiency virus type 1	0	0
lrrc8	innexin_like	Hydra vulgaris	0	0
lrrc8	innexin_like	Influenza A virus	0	0
lrrc8	innexin_like	Latimeria chalumnae	8	0
lrrc8	innexin_like	Lottia gigantea	0	0
lrrc8	innexin_like	Lymnaea stagnalis	1	1
lrrc8	innexin_like	Methanothermobacter thermautotrophicus	0	0
lrrc8	innexin_like	Monodelphis domestica	6	0
lrrc8	innexin_like	Monosiga brevicollis	0	0
lrrc8	innexin_like	Mus musculus	5	0
lrrc8	innexin_like	Nematostella vectensis	5	0
lrrc8	innexin_like	Ornithorhynchus anatinus	5	0
lrrc8	innexin_like	Oryza sativa	3	3
lrrc8	innexin_like	Paramecium tetraurelia	0	0
lrrc8	innexin_like	Petromyzon marinus	26	0
lrrc8	innexin_like	Physcomitrium patens	3	3
lrrc8	innexin_like	Plasmodium falciparum	0	0
lrrc8	innexin_like	Rattus norvegicus	5	0
lrrc8	innexin_like	Saccharomyces cerevisiae	0	0
lrrc8	innexin_like	Schizosaccharomyces pombe	0	0
lrrc8	innexin_like	Severe acute respiratory syndrome coronavirus 2	0	0
lrrc8	innexin_like	Streptomyces lividans	0	0
lrrc8	innexin_like	Strongylocentrotus purpuratus	0	0
lrrc8	innexin_like	Synechocystis sp. PCC 6803	0	0
lrrc8	innexin_like	Takifugu rubripes	6	0
lrrc8	innexin_like	Tetrahymena thermophila	0	0
lrrc8	innexin_like	Thermus thermophilus	0	0
lrrc8	innexin_like	Trichoplax adhaerens	0	0
lrrc8	innexin_like	Trypanosoma brucei	0	0
lrrc8	innexin_like	Xenopus tropicalis	9	0
mcu	mcu	Aliarcobacter butzleri	0	0
mcu	mcu	Amphimedon queenslandica	1	0
mcu	mcu	Anolis carolinensis	2	0
mcu	mcu	Aplysia californica	1	0
mcu	mcu	Arabidopsis thaliana	6	0
mcu	mcu	Bacillus subtilis	0	0
mcu	mcu	Branchiostoma floridae	1	0
mcu	mcu	Caenorhabditis elegans	1	0
mcu	mcu	Callorhinchus milii	2	0
mcu	mcu	Capsaspora owczarzaki	1	0
mcu	mcu	Chlamydomonas reinhardtii	1	0
mcu	mcu	Ciona intestinalis	1	0
mcu	mcu	Danio rerio	1	0
mcu	mcu	Daphnia pulex	4	0
mcu	mcu	Dictyostelium discoideum	1	0
mcu	mcu	Drosophila melanogaster	1	0
mcu	mcu	Escherichia coli	0	0
mcu	mcu	Gallus gallus	2	0
mcu	mcu	Gloeobacter violaceus	0	0
mcu	mcu	Homo sapiens	2	0
mcu	mcu	Human immunodeficiency virus type 1	0	0
mcu	mcu	Hydra vulgaris	1	0
mcu	mcu	Influenza A virus	0	0
mcu	mcu	Latimeria chalumnae	2	0
mcu	mcu	Lottia gigantea	2	0
mcu	mcu	Lymnaea stagnalis	1	0
mcu	mcu	Methanothermobacter thermautotrophicus	0	0
mcu	mcu	Monodelphis domestica	2	0
mcu	mcu	Monosiga brevicollis	1	0
mcu	mcu	Mus musculus	2	0
mcu	mcu	Nematostella vectensis	1	0
mcu	mcu	Ornithorhynchus anatinus	2	0
mcu	mcu	Oryza sativa	5	0
mcu	mcu	Paramecium tetraurelia	6	0
mcu	mcu	Petromyzon marinus	1	0
mcu	mcu	Physcomitrium patens	3	0
mcu	mcu	Plasmodium falciparum	0	0
mcu	mcu	Rattus norvegicus	2	0
mcu	mcu	Saccharomyces cerevisiae	0	0
mcu	mcu	Schizosaccharomyces pombe	0	0
mcu	mcu	Severe acute respiratory syndrome coronavirus 2	0	0
mcu	mcu	Streptomyces lividans	0	0
mcu	mcu	Strongylocentrotus purpuratus	1	0
mcu	mcu	Synechocystis sp. PCC 6803	0	0
mcu	mcu	Takifugu rubripes	2	0
mcu	mcu	Tetrahymena thermophila	5	0
mcu	mcu	Thermus thermophilus	0	0
mcu	mcu	Trichoplax adhaerens	0	0
mcu	mcu	Trypanosoma brucei	4	0
mcu	mcu	Xenopus tropicalis	2	0
mitok	mitok	Aliarcobacter butzleri	0	0
mitok	mitok	Amphimedon queenslandica	0	0
mitok	mitok	Anolis carolinensis	1	1
mitok	mitok	Aplysia californica	3	3
mitok	mitok	Arabidopsis thaliana	0	0
mitok	mitok	Bacillus subtilis	0	0
mitok	mitok	Branchiostoma floridae	1	1
mitok	mitok	Caenorhabditis elegans	1	1
mitok	mitok	Callorhinchus milii	1	1
mitok	mitok	Capsaspora owczarzaki	0	0
mitok	mitok	Chlamydomonas reinhardtii	0	0
mitok	mitok	Ciona intestinalis	1	1
mitok	mitok	Danio rerio	1	1
mitok	mitok	Daphnia pulex	1	1
mitok	mitok	Dictyostelium discoideum	0	0
mitok	mitok	Drosophila melanogaster	0	0
mitok	mitok	Escherichia coli	0	0
mitok	mitok	Gallus gallus	1	1
mitok	mitok	Gloeobacter violaceus	0	0
mitok	mitok	Homo sapiens	1	1
mitok	mitok	Human immunodeficiency virus type 1	0	0
mitok	mitok	Hydra vulgaris	1	1
mitok	mitok	Influenza A virus	0	0
mitok	mitok	Latimeria chalumnae	1	1
mitok	mitok	Lottia gigantea	0	0
mitok	mitok	Lymnaea stagnalis	1	1
mitok	mitok	Methanothermobacter thermautotrophicus	0	0
mitok	mitok	Monodelphis domestica	1	1
mitok	mitok	Monosiga brevicollis	0	0
mitok	mitok	Mus musculus	1	1
mitok	mitok	Nematostella vectensis	1	1
mitok	mitok	Ornithorhynchus anatinus	1	1
mitok	mitok	Oryza sativa	0	0
mitok	mitok	Paramecium tetraurelia	0	0
mitok	mitok	Petromyzon marinus	1	1
mitok	mitok	Physcomitrium patens	0	0
mitok	mitok	Plasmodium falciparum	0	0
mitok	mitok	Rattus norvegicus	1	1
mitok	mitok	Saccharomyces cerevisiae	0	0
mitok	mitok	Schizosaccharomyces pombe	0	0
mitok	mitok	Severe acute respiratory syndrome coronavirus 2	0	0
mitok	mitok	Streptomyces lividans	0	0
mitok	mitok	Strongylocentrotus purpuratus	1	1
mitok	mitok	Synechocystis sp. PCC 6803	0	0
mitok	mitok	Takifugu rubripes	1	1
mitok	mitok	Tetrahymena thermophila	0	0
mitok	mitok	Thermus thermophilus	0	0
mitok	mitok	Trichoplax adhaerens	0	0
mitok	mitok	Trypanosoma brucei	0	0
mitok	mitok	Xenopus tropicalis	0	0
mscl	msc	Aliarcobacter butzleri	0	0
mscl	msc	Amphimedon queenslandica	0	0
mscl	msc	Anolis carolinensis	0	0
mscl	msc	Aplysia californica	0	0
mscl	msc	Arabidopsis thaliana	0	0
mscl	msc	Bacillus subtilis	1	0
mscl	msc	Branchiostoma floridae	0	0
mscl	msc	Caenorhabditis elegans	0	0
mscl	msc	Callorhinchus milii	0	0
mscl	msc	Capsaspora owczarzaki	0	0
mscl	msc	Chlamydomonas reinhardtii	0	0
mscl	msc	Ciona intestinalis	0	0
mscl	msc	Danio rerio	0	0
mscl	msc	Daphnia pulex	0	0
mscl	msc	Dictyostelium discoideum	0	0
mscl	msc	Drosophila melanogaster	0	0
mscl	msc	Escherichia coli	1	0
mscl	msc	Gallus gallus	0	0
mscl	msc	Gloeobacter violaceus	1	0
mscl	msc	Homo sapiens	0	0
mscl	msc	Human immunodeficiency virus type 1	0	0
mscl	msc	Hydra vulgaris	0	0
mscl	msc	Influenza A virus	0	0
mscl	msc	Latimeria chalumnae	0	0
mscl	msc	Lottia gigantea	0	0
mscl	msc	Lymnaea stagnalis	0	0
mscl	msc	Methanothermobacter thermautotrophicus	0	0
mscl	msc	Monodelphis domestica	0	0
mscl	msc	Monosiga brevicollis	0	0
mscl	msc	Mus musculus	0	0
mscl	msc	Nematostella vectensis	0	0
mscl	msc	Ornithorhynchus anatinus	0	0
mscl	msc	Oryza sativa	0	0
mscl	msc	Paramecium tetraurelia	0	0
mscl	msc	Petromyzon marinus	0	0
mscl	msc	Physcomitrium patens	0	0
mscl	msc	Plasmodium falciparum	0	0
mscl	msc	Rattus norvegicus	0	0
mscl	msc	Saccharomyces cerevisiae	0	0
mscl	msc	Schizosaccharomyces pombe	0	0
mscl	msc	Severe acute respiratory syndrome coronavirus 2	0	0
mscl	msc	Streptomyces lividans	1	0
mscl	msc	Strongylocentrotus purpuratus	0	0
mscl	msc	Synechocystis sp. PCC 6803	1	0
mscl	msc	Takifugu rubripes	0	0
mscl	msc	Tetrahymena thermophila	0	0
mscl	msc	Thermus thermophilus	1	0
mscl	msc	Trichoplax adhaerens	0	0
mscl	msc	Trypanosoma brucei	0	0
mscl	msc	Xenopus tropicalis	0	0
mscs	msc	Aliarcobacter butzleri	1	0
mscs	msc	Amphimedon queenslandica	0	0
mscs	msc	Anolis carolinensis	0	0
mscs	msc	Aplysia californica	0	0
mscs	msc	Arabidopsis thaliana	10	0
mscs	msc	Bacillus subtilis	3	0
mscs	msc	Branchiostoma floridae	0	0
mscs	msc	Caenorhabditis elegans	0	0
mscs	msc	Callorhinchus milii	0	0
mscs	msc	Capsaspora owczarzaki	1	0
mscs	msc	Chlamydomonas reinhardtii	8	0
mscs	msc	Ciona intestinalis	0	0
mscs	msc	Danio rerio	0	0
mscs	msc	Daphnia pulex	0	0
mscs	msc	Dictyostelium discoideum	1	0
mscs	msc	Drosophila melanogaster	0	0
mscs	msc	Escherichia coli	6	0
mscs	msc	Gallus gallus	0	0
mscs	msc	Gloeobacter violaceus	5	0
mscs	msc	Homo sapiens	0	0
mscs	msc	Human immunodeficiency virus type 1	0	0
mscs	msc	Hydra vulgaris	0	0
mscs	msc	Influenza A virus	0	0
mscs	msc	Latimeria chalumnae	0	0
mscs	msc	Lottia gigantea	0	0
mscs	msc	Lymnaea stagnalis	0	0
mscs	msc	Methanothermobacter thermautotrophicus	1	0
mscs	msc	Monodelphis domestica	0	0
mscs	msc	Monosiga brevicollis	2	0
mscs	msc	Mus musculus	0	0
mscs	msc	Nematostella vectensis	0	0
mscs	msc	Ornithorhynchus anatinus	0	0
mscs	msc	Oryza sativa	4	0
mscs	msc	Paramecium tetraurelia	0	0
mscs	msc	Petromyzon marinus	0	0
mscs	msc	Physcomitrium patens	15	0
mscs	msc	Plasmodium falciparum	1	0
mscs	msc	Rattus norvegicus	0	0
mscs	msc	Saccharomyces cerevisiae	0	0
mscs	msc	Schizosaccharomyces pombe	2	0
mscs	msc	Severe acute respiratory syndrome coronavirus 2	0	0
mscs	msc	Streptomyces lividans	4	0
mscs	msc	Strongylocentrotus purpuratus	0	0
mscs	msc	Synechocystis sp. PCC 6803	8	0
mscs	msc	Takifugu rubripes	0	0
mscs	msc	Tetrahymena thermophila	0	0
mscs	msc	Thermus thermophilus	1	0
mscs	msc	Trichoplax adhaerens	1	0
mscs	msc	Trypanosoma brucei	1	0
mscs	msc	Xenopus tropicalis	0	0
nachr	cysloop	Aliarcobacter butzleri	0	0
nachr	cysloop	Amphimedon queenslandica	0	0
nachr	cysloop	Anolis carolinensis	13	0
nachr	cysloop	Aplysia californica	83	1
nachr	cysloop	Arabidopsis thaliana	0	0
nachr	cysloop	Bacillus subtilis	0	0
nachr	cysloop	Branchiostoma floridae	141	1
nachr	cysloop	Caenorhabditis elegans	60	0
nachr	cysloop	Callorhinchus milii	13	0
nachr	cysloop	Capsaspora owczarzaki	0	0
nachr	cysloop	Chlamydomonas reinhardtii	1	0
nachr	cysloop	Ciona intestinalis	10	0
nachr	cysloop	Danio rerio	29	0
nachr	cysloop	Daphnia pulex	15	0
nachr	cysloop	Dictyostelium discoideum	0	0
nachr	cysloop	Drosophila melanogaster	11	0
nachr	cysloop	Escherichia coli	0	0
nachr	cysloop	Gallus gallus	27	0
nachr	cysloop	Gloeobacter violaceus	0	0
nachr	cysloop	Homo sapiens	17	0
nachr	cysloop	Human immunodeficiency virus type 1	0	0
nachr	cysloop	Hydra vulgaris	14	0
nachr	cysloop	Influenza A virus	0	0
nachr	cysloop	Latimeria chalumnae	15	0
nachr	cysloop	Lottia gigantea	66	0
nachr	cysloop	Lymnaea stagnalis	66	0
nachr	cysloop	Methanothermobacter thermautotrophicus	0	0
nachr	cysloop	Monodelphis domestica	16	0
nachr	cysloop	Monosiga brevicollis	0	0
nachr	cysloop	Mus musculus	16	0
nachr	cysloop	Nematostella vectensis	48	0
nachr	cysloop	Ornithorhynchus anatinus	15	0
nachr	cysloop	Oryza sativa	0	0
nachr	cysloop	Paramecium tetraurelia	0	0
nachr	cysloop	Petromyzon marinus	15	0
nachr	cysloop	Physcomitrium patens	0	0
nachr	cysloop	Plasmodium falciparum	0	0
nachr	cysloop	Rattus norvegicus	16	0
nachr	cysloop	Saccharomyces cerevisiae	0	0
nachr	cysloop	Schizosaccharomyces pombe	0	0
nachr	cysloop	Severe acute respiratory syndrome coronavirus 2	0	0
nachr	cysloop	Streptomyces lividans	0	0
nachr	cysloop	Strongylocentrotus purpuratus	63	0
nachr	cysloop	Synechocystis sp. PCC 6803	0	0
nachr	cysloop	Takifugu rubripes	37	0
nachr	cysloop	Tetrahymena thermophila	0	0
nachr	cysloop	Thermus thermophilus	0	0
nachr	cysloop	Trichoplax adhaerens	0	0
nachr	cysloop	Trypanosoma brucei	0	0
nachr	cysloop	Xenopus tropicalis	18	0
nalcn	ploop	Aliarcobacter butzleri	0	0
nalcn	ploop	Amphimedon queenslandica	0	0
nalcn	ploop	Anolis carolinensis	1	0
nalcn	ploop	Aplysia californica	1	0
nalcn	ploop	Arabidopsis thaliana	0	0
nalcn	ploop	Bacillus subtilis	0	0
nalcn	ploop	Branchiostoma floridae	0	0
nalcn	ploop	Caenorhabditis elegans	2	0
nalcn	ploop	Callorhinchus milii	1	0
nalcn	ploop	Capsaspora owczarzaki	0	0
nalcn	ploop	Chlamydomonas reinhardtii	0	0
nalcn	ploop	Ciona intestinalis	0	0
nalcn	ploop	Danio rerio	1	0
nalcn	ploop	Daphnia pulex	1	0
nalcn	ploop	Dictyostelium discoideum	0	0
nalcn	ploop	Drosophila melanogaster	1	0
nalcn	ploop	Escherichia coli	0	0
nalcn	ploop	Gallus gallus	1	0
nalcn	ploop	Gloeobacter violaceus	0	0
nalcn	ploop	Homo sapiens	1	0
nalcn	ploop	Human immunodeficiency virus type 1	0	0
nalcn	ploop	Hydra vulgaris	0	0
nalcn	ploop	Influenza A virus	0	0
nalcn	ploop	Latimeria chalumnae	0	0
nalcn	ploop	Lottia gigantea	1	0
nalcn	ploop	Lymnaea stagnalis	0	0
nalcn	ploop	Methanothermobacter thermautotrophicus	0	0
nalcn	ploop	Monodelphis domestica	1	0
nalcn	ploop	Monosiga brevicollis	0	0
nalcn	ploop	Mus musculus	1	0
nalcn	ploop	Nematostella vectensis	1	0
nalcn	ploop	Ornithorhynchus anatinus	1	0
nalcn	ploop	Oryza sativa	0	0
nalcn	ploop	Paramecium tetraurelia	0	0
nalcn	ploop	Petromyzon marinus	1	0
nalcn	ploop	Physcomitrium patens	0	0
nalcn	ploop	Plasmodium falciparum	0	0
nalcn	ploop	Rattus norvegicus	1	0
nalcn	ploop	Saccharomyces cerevisiae	0	0
nalcn	ploop	Schizosaccharomyces pombe	0	0
nalcn	ploop	Severe acute respiratory syndrome coronavirus 2	0	0
nalcn	ploop	Streptomyces lividans	0	0
nalcn	ploop	Strongylocentrotus purpuratus	1	0
nalcn	ploop	Synechocystis sp. PCC 6803	0	0
nalcn	ploop	Takifugu rubripes	1	0
nalcn	ploop	Tetrahymena thermophila	0	0
nalcn	ploop	Thermus thermophilus	0	0
nalcn	ploop	Trichoplax adhaerens	1	0
nalcn	ploop	Trypanosoma brucei	0	0
nalcn	ploop	Xenopus tropicalis	1	0
nav	ploop	Aliarcobacter butzleri	0	0
nav	ploop	Amphimedon queenslandica	0	0
nav	ploop	Anolis carolinensis	8	0
nav	ploop	Aplysia californica	2	0
nav	ploop	Arabidopsis thaliana	0	0
nav	ploop	Bacillus subtilis	0	0
nav	ploop	Branchiostoma floridae	5	0
nav	ploop	Caenorhabditis elegans	0	0
nav	ploop	Callorhinchus milii	5	0
nav	ploop	Capsaspora owczarzaki	0	0
nav	ploop	Chlamydomonas reinhardtii	0	0
nav	ploop	Ciona intestinalis	3	0
nav	ploop	Danio rerio	8	0
nav	ploop	Daphnia pulex	2	0
nav	ploop	Dictyostelium discoideum	0	0
nav	ploop	Drosophila melanogaster	2	0
nav	ploop	Escherichia coli	0	0
nav	ploop	Gallus gallus	9	0
nav	ploop	Gloeobacter violaceus	0	0
nav	ploop	Homo sapiens	10	0
nav	ploop	Human immunodeficiency virus type 1	0	0
nav	ploop	Hydra vulgaris	3	0
nav	ploop	Influenza A virus	0	0
nav	ploop	Latimeria chalumnae	6	0
nav	ploop	Lottia gigantea	2	0
nav	ploop	Lymnaea stagnalis	2	0
nav	ploop	Methanothermobacter thermautotrophicus	0	0
nav	ploop	Monodelphis domestica	10	0
nav	ploop	Monosiga brevicollis	1	0
nav	ploop	Mus musculus	10	0
nav	ploop	Nematostella vectensis	2	0
nav	ploop	Ornithorhynchus anatinus	9	0
nav	ploop	Oryza sativa	0	0
nav	ploop	Paramecium tetraurelia	0	0
nav	ploop	Petromyzon marinus	6	0
nav	ploop	Physcomitrium patens	0	0
nav	ploop	Plasmodium falciparum	0	0
nav	ploop	Rattus norvegicus	10	0
nav	ploop	Saccharomyces cerevisiae	0	0
nav	ploop	Schizosaccharomyces pombe	0	0
nav	ploop	Severe acute respiratory syndrome coronavirus 2	0	0
nav	ploop	Streptomyces lividans	0	0
nav	ploop	Strongylocentrotus purpuratus	1	0
nav	ploop	Synechocystis sp. PCC 6803	0	0
nav	ploop	Takifugu rubripes	11	0
nav	ploop	Tetrahymena thermophila	0	0
nav	ploop	Thermus thermophilus	0	0
nav	ploop	Trichoplax adhaerens	3	0
nav	ploop	Trypanosoma brucei	0	0
nav	ploop	Xenopus tropicalis	6	0
nmda	iglur	Aliarcobacter butzleri	0	0
nmda	iglur	Amphimedon queenslandica	0	0
nmda	iglur	Anolis carolinensis	7	0
nmda	iglur	Aplysia californica	4	0
nmda	iglur	Arabidopsis thaliana	0	0
nmda	iglur	Bacillus subtilis	0	0
nmda	iglur	Branchiostoma floridae	7	0
nmda	iglur	Caenorhabditis elegans	2	0
nmda	iglur	Callorhinchus milii	6	0
nmda	iglur	Capsaspora owczarzaki	0	0
nmda	iglur	Chlamydomonas reinhardtii	1	0
nmda	iglur	Ciona intestinalis	0	0
nmda	iglur	Danio rerio	13	0
nmda	iglur	Daphnia pulex	3	0
nmda	iglur	Dictyostelium discoideum	0	0
nmda	iglur	Drosophila melanogaster	2	0
nmda	iglur	Escherichia coli	0	0
nmda	iglur	Gallus gallus	6	0
nmda	iglur	Gloeobacter violaceus	0	0
nmda	iglur	Homo sapiens	7	0
nmda	iglur	Human immunodeficiency virus type 1	0	0
nmda	iglur	Hydra vulgaris	3	0
nmda	iglur	Influenza A virus	0	0
nmda	iglur	Latimeria chalumnae	6	0
nmda	iglur	Lottia gigantea	5	0
nmda	iglur	Lymnaea stagnalis	3	0
nmda	iglur	Methanothermobacter thermautotrophicus	0	0
nmda	iglur	Monodelphis domestica	6	0
nmda	iglur	Monosiga brevicollis	0	0
nmda	iglur	Mus musculus	7	0
nmda	iglur	Nematostella vectensis	6	0
nmda	iglur	Ornithorhynchus anatinus	7	0
nmda	iglur	Oryza sativa	0	0
nmda	iglur	Paramecium tetraurelia	0	0
nmda	iglur	Petromyzon marinus	6	0
nmda	iglur	Physcomitrium patens	0	0
nmda	iglur	Plasmodium falciparum	0	0
nmda	iglur	Rattus norvegicus	7	0
nmda	iglur	Saccharomyces cerevisiae	0	0
nmda	iglur	Schizosaccharomyces pombe	0	0
nmda	iglur	Severe acute respiratory syndrome coronavirus 2	0	0
nmda	iglur	Streptomyces lividans	0	0
nmda	iglur	Strongylocentrotus purpuratus	0	0
nmda	iglur	Synechocystis sp. PCC 6803	0	0
nmda	iglur	Takifugu rubripes	11	0
nmda	iglur	Tetrahymena thermophila	0	0
nmda	iglur	Thermus thermophilus	0	0
nmda	iglur	Trichoplax adhaerens	0	0
nmda	iglur	Trypanosoma brucei	0	0
nmda	iglur	Xenopus tropicalis	7	0
orai	orai	Aliarcobacter butzleri	0	0
orai	orai	Amphimedon queenslandica	1	0
orai	orai	Anolis carolinensis	2	0
orai	orai	Aplysia californica	1	0
orai	orai	Arabidopsis thaliana	0	0
orai	orai	Bacillus subtilis	0	0
orai	orai	Branchiostoma floridae	1	0
orai	orai	Caenorhabditis elegans	1	0
orai	orai	Callorhinchus milii	2	0
orai	orai	Capsaspora owczarzaki	2	0
orai	orai	Chlamydomonas reinhardtii	2	0
orai	orai	Ciona intestinalis	1	0
orai	orai	Danio rerio	3	0
orai	orai	Daphnia pulex	1	0
orai	orai	Dictyostelium discoideum	0	0
orai	orai	Drosophila melanogaster	1	0
orai	orai	Escherichia coli	0	0
orai	orai	Gallus gallus	4	0
orai	orai	Gloeobacter violaceus	0	0
orai	orai	Homo sapiens	3	0
orai	orai	Human immunodeficiency virus type 1	0	0
orai	orai	Hydra vulgaris	1	0
orai	orai	Influenza A virus	0	0
orai	orai	Latimeria chalumnae	3	0
orai	orai	Lottia gigantea	2	0
orai	orai	Lymnaea stagnalis	1	0
orai	orai	Methanothermobacter thermautotrophicus	0	0
orai	orai	Monodelphis domestica	3	0
orai	orai	Monosiga brevicollis	1	0
orai	orai	Mus musculus	3	0
orai	orai	Nematostella vectensis	1	0
orai	orai	Ornithorhynchus anatinus	3	0
orai	orai	Oryza sativa	0	0
orai	orai	Paramecium tetraurelia	0	0
orai	orai	Petromyzon marinus	3	0
orai	orai	Physcomitrium patens	3	0
orai	orai	Plasmodium falciparum	0	0
orai	orai	Rattus norvegicus	3	0
orai	orai	Saccharomyces cerevisiae	0	0
orai	orai	Schizosaccharomyces pombe	0	0
orai	orai	Severe acute respiratory syndrome coronavirus 2	0	0
orai	orai	Streptomyces lividans	0	0
orai	orai	Strongylocentrotus purpuratus	1	0
orai	orai	Synechocystis sp. PCC 6803	0	0
orai	orai	Takifugu rubripes	3	0
orai	orai	Tetrahymena thermophila	0	0
orai	orai	Thermus thermophilus	0	0
orai	orai	Trichoplax adhaerens	1	0
orai	orai	Trypanosoma brucei	0	0
orai	orai	Xenopus tropicalis	2	0
osca_tmem63	tmem16_like	Aliarcobacter butzleri	0	0
osca_tmem63	tmem16_like	Amphimedon queenslandica	1	0
osca_tmem63	tmem16_like	Anolis carolinensis	3	0
osca_tmem63	tmem16_like	Aplysia californica	1	0
osca_tmem63	tmem16_like	Arabidopsis thaliana	15	0
osca_tmem63	tmem16_like	Bacillus subtilis	0	0
osca_tmem63	tmem16_like	Branchiostoma floridae	1	0
osca_tmem63	tmem16_like	Caenorhabditis elegans	0	0
osca_tmem63	tmem16_like	Callorhinchus milii	3	0
osca_tmem63	tmem16_like	Capsaspora owczarzaki	3	0
osca_tmem63	tmem16_like	Chlamydomonas reinhardtii	11	0
osca_tmem63	tmem16_like	Ciona intestinalis	0	0
osca_tmem63	tmem16_like	Danio rerio	4	0
osca_tmem63	tmem16_like	Daphnia pulex	5	1
osca_tmem63	tmem16_like	Dictyostelium discoideum	3	0
osca_tmem63	tmem16_like	Drosophila melanogaster	1	0
osca_tmem63	tmem16_like	Escherichia coli	0	0
osca_tmem63	tmem16_like	Gallus gallus	3	0
osca_tmem63	tmem16_like	Gloeobacter violaceus	0	0
osca_tmem63	tmem16_like	Homo sapiens	3	0
osca_tmem63	tmem16_like	Human immunodeficiency virus type 1	0	0
osca_tmem63	tmem16_like	Hydra vulgaris	1	0
osca_tmem63	tmem16_like	Influenza A virus	0	0
osca_tmem63	tmem16_like	Latimeria chalumnae	3	0
osca_tmem63	tmem16_like	Lottia gigantea	1	0
osca_tmem63	tmem16_like	Lymnaea stagnalis	1	0
osca_tmem63	tmem16_like	Methanothermobacter thermautotrophicus	0	0
osca_tmem63	tmem16_like	Monodelphis domestica	3	0
osca_tmem63	tmem16_like	Monosiga brevicollis	2	0
osca_tmem63	tmem16_like	Mus musculus	3	0
osca_tmem63	tmem16_like	Nematostella vectensis	4	0
osca_tmem63	tmem16_like	Ornithorhynchus anatinus	3	0
osca_tmem63	tmem16_like	Oryza sativa	10	0
osca_tmem63	tmem16_like	Paramecium tetraurelia	14	1
osca_tmem63	tmem16_like	Petromyzon marinus	3	0
osca_tmem63	tmem16_like	Physcomitrium patens	16	0
osca_tmem63	tmem16_like	Plasmodium falciparum	1	0
osca_tmem63	tmem16_like	Rattus norvegicus	3	0
osca_tmem63	tmem16_like	Saccharomyces cerevisiae	4	0
osca_tmem63	tmem16_like	Schizosaccharomyces pombe	3	0
osca_tmem63	tmem16_like	Severe acute respiratory syndrome coronavirus 2	0	0
osca_tmem63	tmem16_like	Streptomyces lividans	0	0
osca_tmem63	tmem16_like	Strongylocentrotus purpuratus	1	0
osca_tmem63	tmem16_like	Synechocystis sp. PCC 6803	0	0
osca_tmem63	tmem16_like	Takifugu rubripes	4	0
osca_tmem63	tmem16_like	Tetrahymena thermophila	18	2
osca_tmem63	tmem16_like	Thermus thermophilus	0	0
osca_tmem63	tmem16_like	Trichoplax adhaerens	1	0
osca_tmem63	tmem16_like	Trypanosoma brucei	1	0
osca_tmem63	tmem16_like	Xenopus tropicalis	3	0
otop	otopetrin	Aliarcobacter butzleri	0	0
otop	otopetrin	Amphimedon queenslandica	0	0
otop	otopetrin	Anolis carolinensis	4	0
otop	otopetrin	Aplysia californica	3	0
otop	otopetrin	Arabidopsis thaliana	0	0
otop	otopetrin	Bacillus subtilis	0	0
otop	otopetrin	Branchiostoma floridae	6	0
otop	otopetrin	Caenorhabditis elegans	8	0
otop	otopetrin	Callorhinchus milii	3	0
otop	otopetrin	Capsaspora owczarzaki	0	0
otop	otopetrin	Chlamydomonas reinhardtii	0	0
otop	otopetrin	Ciona intestinalis	1	0
otop	otopetrin	Danio rerio	2	0
otop	otopetrin	Daphnia pulex	11	0
otop	otopetrin	Dictyostelium discoideum	0	0
otop	otopetrin	Drosophila melanogaster	3	0
otop	otopetrin	Escherichia coli	0	0
otop	otopetrin	Gallus gallus	3	0
otop	otopetrin	Gloeobacter violaceus	0	0
otop	otopetrin	Homo sapiens	3	0
otop	otopetrin	Human immunodeficiency virus type 1	0	0
otop	otopetrin	Hydra vulgaris	2	0
otop	otopetrin	Influenza A virus	0	0
otop	otopetrin	Latimeria chalumnae	4	0
otop	otopetrin	Lottia gigantea	6	0
otop	otopetrin	Lymnaea stagnalis	3	0
otop	otopetrin	Methanothermobacter thermautotrophicus	0	0
otop	otopetrin	Monodelphis domestica	2	0
otop	otopetrin	Monosiga brevicollis	0	0
otop	otopetrin	Mus musculus	3	0
otop	otopetrin	Nematostella vectensis	2	0
otop	otopetrin	Ornithorhynchus anatinus	3	0
otop	otopetrin	Oryza sativa	0	0
otop	otopetrin	Paramecium tetraurelia	0	0
otop	otopetrin	Petromyzon marinus	1	0
otop	otopetrin	Physcomitrium patens	0	0
otop	otopetrin	Plasmodium falciparum	0	0
otop	otopetrin	Rattus norvegicus	3	0
otop	otopetrin	Saccharomyces cerevisiae	0	0
otop	otopetrin	Schizosaccharomyces pombe	0	0
otop	otopetrin	Severe acute respiratory syndrome coronavirus 2	0	0
otop	otopetrin	Streptomyces lividans	0	0
otop	otopetrin	Strongylocentrotus purpuratus	1	0
otop	otopetrin	Synechocystis sp. PCC 6803	0	0
otop	otopetrin	Takifugu rubripes	4	0
otop	otopetrin	Tetrahymena thermophila	0	0
otop	otopetrin	Thermus thermophilus	0	0
otop	otopetrin	Trichoplax adhaerens	0	0
otop	otopetrin	Trypanosoma brucei	0	0
otop	otopetrin	Xenopus tropicalis	8	0
p2x	p2x	Aliarcobacter butzleri	0	0
p2x	p2x	Amphimedon queenslandica	1	0
p2x	p2x	Anolis carolinensis	4	0
p2x	p2x	Aplysia californica	1	0
p2x	p2x	Arabidopsis thaliana	0	0
p2x	p2x	Bacillus subtilis	0	0
p2x	p2x	Branchiostoma floridae	1	0
p2x	p2x	Caenorhabditis elegans	0	0
p2x	p2x	Callorhinchus milii	3	0
p2x	p2x	Capsaspora owczarzaki	1	0
p2x	p2x	Chlamydomonas reinhardtii	0	0
p2x	p2x	Ciona intestinalis	0	0
p2x	p2x	Danio rerio	9	0
p2x	p2x	Daphnia pulex	2	0
p2x	p2x	Dictyostelium discoideum	0	0
p2x	p2x	Drosophila melanogaster	0	0
p2x	p2x	Escherichia coli	0	0
p2x	p2x	Gallus gallus	7	0
p2x	p2x	Gloeobacter violaceus	0	0
p2x	p2x	Homo sapiens	7	0
p2x	p2x	Human immunodeficiency virus type 1	0	0
p2x	p2x	Hydra vulgaris	1	0
p2x	p2x	Influenza A virus	0	0
p2x	p2x	Latimeria chalumnae	6	0
p2x	p2x	Lottia gigantea	1	0
p2x	p2x	Lymnaea stagnalis	1	0
p2x	p2x	Methanothermobacter thermautotrophicus	0	0
p2x	p2x	Monodelphis domestica	8	0
p2x	p2x	Monosiga brevicollis	1	0
p2x	p2x	Mus musculus	7	0
p2x	p2x	Nematostella vectensis	1	0
p2x	p2x	Ornithorhynchus anatinus	7	0
p2x	p2x	Oryza sativa	0	0
p2x	p2x	Paramecium tetraurelia	0	0
p2x	p2x	Petromyzon marinus	17	0
p2x	p2x	Physcomitrium patens	0	0
p2x	p2x	Plasmodium falciparum	0	0
p2x	p2x	Rattus norvegicus	7	0
p2x	p2x	Saccharomyces cerevisiae	0	0
p2x	p2x	Schizosaccharomyces pombe	0	0
p2x	p2x	Severe acute respiratory syndrome coronavirus 2	0	0
p2x	p2x	Streptomyces lividans	0	0
p2x	p2x	Strongylocentrotus purpuratus	3	0
p2x	p2x	Synechocystis sp. PCC 6803	0	0
p2x	p2x	Takifugu rubripes	7	0
p2x	p2x	Tetrahymena thermophila	0	0
p2x	p2x	Thermus thermophilus	0	0
p2x	p2x	Trichoplax adhaerens	2	0
p2x	p2x	Trypanosoma brucei	0	0
p2x	p2x	Xenopus tropicalis	7	0
p2x_nonmetazoan	p2x	Aliarcobacter butzleri	0	0
p2x_nonmetazoan	p2x	Amphimedon queenslandica	1	0
p2x_nonmetazoan	p2x	Anolis carolinensis	0	0
p2x_nonmetazoan	p2x	Aplysia californica	0	0
p2x_nonmetazoan	p2x	Arabidopsis thaliana	0	0
p2x_nonmetazoan	p2x	Bacillus subtilis	0	0
p2x_nonmetazoan	p2x	Branchiostoma floridae	0	0
p2x_nonmetazoan	p2x	Caenorhabditis elegans	0	0
p2x_nonmetazoan	p2x	Callorhinchus milii	0	0
p2x_nonmetazoan	p2x	Capsaspora owczarzaki	1	0
p2x_nonmetazoan	p2x	Chlamydomonas reinhardtii	0	0
p2x_nonmetazoan	p2x	Ciona intestinalis	0	0
p2x_nonmetazoan	p2x	Danio rerio	0	0
p2x_nonmetazoan	p2x	Daphnia pulex	0	0
p2x_nonmetazoan	p2x	Dictyostelium discoideum	5	0
p2x_nonmetazoan	p2x	Drosophila melanogaster	0	0
p2x_nonmetazoan	p2x	Escherichia coli	0	0
p2x_nonmetazoan	p2x	Gallus gallus	0	0
p2x_nonmetazoan	p2x	Gloeobacter violaceus	0	0
p2x_nonmetazoan	p2x	Homo sapiens	0	0
p2x_nonmetazoan	p2x	Human immunodeficiency virus type 1	0	0
p2x_nonmetazoan	p2x	Hydra vulgaris	1	0
p2x_nonmetazoan	p2x	Influenza A virus	0	0
p2x_nonmetazoan	p2x	Latimeria chalumnae	0	0
p2x_nonmetazoan	p2x	Lottia gigantea	0	0
p2x_nonmetazoan	p2x	Lymnaea stagnalis	0	0
p2x_nonmetazoan	p2x	Methanothermobacter thermautotrophicus	0	0
p2x_nonmetazoan	p2x	Monodelphis domestica	0	0
p2x_nonmetazoan	p2x	Monosiga brevicollis	0	0
p2x_nonmetazoan	p2x	Mus musculus	0	0
p2x_nonmetazoan	p2x	Nematostella vectensis	1	0
p2x_nonmetazoan	p2x	Ornithorhynchus anatinus	0	0
p2x_nonmetazoan	p2x	Oryza sativa	0	0
p2x_nonmetazoan	p2x	Paramecium tetraurelia	0	0
p2x_nonmetazoan	p2x	Petromyzon marinus	0	0
p2x_nonmetazoan	p2x	Physcomitrium patens	0	0
p2x_nonmetazoan	p2x	Plasmodium falciparum	0	0
p2x_nonmetazoan	p2x	Rattus norvegicus	0	0
p2x_nonmetazoan	p2x	Saccharomyces cerevisiae	0	0
p2x_nonmetazoan	p2x	Schizosaccharomyces pombe	0	0
p2x_nonmetazoan	p2x	Severe acute respiratory syndrome coronavirus 2	0	0
p2x_nonmetazoan	p2x	Streptomyces lividans	0	0
p2x_nonmetazoan	p2x	Strongylocentrotus purpuratus	0	0
p2x_nonmetazoan	p2x	Synechocystis sp. PCC 6803	0	0
p2x_nonmetazoan	p2x	Takifugu rubripes	0	0
p2x_nonmetazoan	p2x	Tetrahymena thermophila	0	0
p2x_nonmetazoan	p2x	Thermus thermophilus	0	0
p2x_nonmetazoan	p2x	Trichoplax adhaerens	0	0
p2x_nonmetazoan	p2x	Trypanosoma brucei	0	0
p2x_nonmetazoan	p2x	Xenopus tropicalis	0	0
pacc	pac	Aliarcobacter butzleri	0	0
pacc	pac	Amphimedon queenslandica	1	0
pacc	pac	Anolis carolinensis	1	0
pacc	pac	Aplysia californica	0	0
pacc	pac	Arabidopsis thaliana	0	0
pacc	pac	Bacillus subtilis	0	0
pacc	pac	Branchiostoma floridae	0	0
pacc	pac	Caenorhabditis elegans	0	0
pacc	pac	Callorhinchus milii	1	0
pacc	pac	Capsaspora owczarzaki	0	0
pacc	pac	Chlamydomonas reinhardtii	0	0
pacc	pac	Ciona intestinalis	0	0
pacc	pac	Danio rerio	1	0
pacc	pac	Daphnia pulex	0	0
pacc	pac	Dictyostelium discoideum	0	0
pacc	pac	Drosophila melanogaster	0	0
pacc	pac	Escherichia coli	0	0
pacc	pac	Gallus gallus	1	0
pacc	pac	Gloeobacter violaceus	0	0
pacc	pac	Homo sapiens	1	0
pacc	pac	Human immunodeficiency virus type 1	0	0
pacc	pac	Hydra vulgaris	0	0
pacc	pac	Influenza A virus	0	0
pacc	pac	Latimeria chalumnae	1	0
pacc	pac	Lottia gigantea	0	0
pacc	pac	Lymnaea stagnalis	0	0
pacc	pac	Methanothermobacter thermautotrophicus	0	0
pacc	pac	Monodelphis domestica	1	0
pacc	pac	Monosiga brevicollis	0	0
pacc	pac	Mus musculus	1	0
pacc	pac	Nematostella vectensis	0	0
pacc	pac	Ornithorhynchus anatinus	1	0
pacc	pac	Oryza sativa	0	0
pacc	pac	Paramecium tetraurelia	0	0
pacc	pac	Petromyzon marinus	1	0
pacc	pac	Physcomitrium patens	0	0
pacc	pac	Plasmodium falciparum	0	0
pacc	pac	Rattus norvegicus	1	0
pacc	pac	Saccharomyces cerevisiae	0	0
pacc	pac	Schizosaccharomyces pombe	0	0
pacc	pac	Severe acute respiratory syndrome coronavirus 2	0	0
pacc	pac	Streptomyces lividans	0	0
pacc	pac	Strongylocentrotus purpuratus	0	0
pacc	pac	Synechocystis sp. PCC 6803	0	0
pacc	pac	Takifugu rubripes	0	0
pacc	pac	Tetrahymena thermophila	0	0
pacc	pac	Thermus thermophilus	0	0
pacc	pac	Trichoplax adhaerens	0	0
pacc	pac	Trypanosoma brucei	0	0
pacc	pac	Xenopus tropicalis	1	0
pannexin	innexin_like	Aliarcobacter butzleri	0	0
pannexin	innexin_like	Amphimedon queenslandica	0	0
pannexin	innexin_like	Anolis carolinensis	3	1
pannexin	innexin_like	Aplysia californica	0	0
pannexin	innexin_like	Arabidopsis thaliana	0	0
pannexin	innexin_like	Bacillus subtilis	0	0
pannexin	innexin_like	Branchiostoma floridae	4	3
pannexin	innexin_like	Caenorhabditis elegans	0	0
pannexin	innexin_like	Callorhinchus milii	3	1
pannexin	innexin_like	Capsaspora owczarzaki	0	0
pannexin	innexin_like	Chlamydomonas reinhardtii	0	0
pannexin	innexin_like	Ciona intestinalis	0	0
pannexin	innexin_like	Danio rerio	4	1
pannexin	innexin_like	Daphnia pulex	0	0
pannexin	innexin_like	Dictyostelium discoideum	0	0
pannexin	innexin_like	Drosophila melanogaster	0	0
pannexin	innexin_like	Escherichia coli	0	0
pannexin	innexin_like	Gallus gallus	3	0
pannexin	innexin_like	Gloeobacter violaceus	0	0
pannexin	innexin_like	Homo sapiens	3	0
pannexin	innexin_like	Human immunodeficiency virus type 1	0	0
pannexin	innexin_like	Hydra vulgaris	0	0
pannexin	innexin_like	Influenza A virus	0	0
pannexin	innexin_like	Latimeria chalumnae	3	0
pannexin	innexin_like	Lottia gigantea	0	0
pannexin	innexin_like	Lymnaea stagnalis	0	0
pannexin	innexin_like	Methanothermobacter thermautotrophicus	0	0
pannexin	innexin_like	Monodelphis domestica	3	0
pannexin	innexin_like	Monosiga brevicollis	0	0
pannexin	innexin_like	Mus musculus	3	0
pannexin	innexin_like	Nematostella vectensis	0	0
pannexin	innexin_like	Ornithorhynchus anatinus	3	0
pannexin	innexin_like	Oryza sativa	0	0
pannexin	innexin_like	Paramecium tetraurelia	0	0
pannexin	innexin_like	Petromyzon marinus	1	1
pannexin	innexin_like	Physcomitrium patens	0	0
pannexin	innexin_like	Plasmodium falciparum	0	0
pannexin	innexin_like	Rattus norvegicus	3	0
pannexin	innexin_like	Saccharomyces cerevisiae	0	0
pannexin	innexin_like	Schizosaccharomyces pombe	0	0
pannexin	innexin_like	Severe acute respiratory syndrome coronavirus 2	0	0
pannexin	innexin_like	Streptomyces lividans	0	0
pannexin	innexin_like	Strongylocentrotus purpuratus	0	0
pannexin	innexin_like	Synechocystis sp. PCC 6803	0	0
pannexin	innexin_like	Takifugu rubripes	4	0
pannexin	innexin_like	Tetrahymena thermophila	0	0
pannexin	innexin_like	Thermus thermophilus	0	0
pannexin	innexin_like	Trichoplax adhaerens	0	0
pannexin	innexin_like	Trypanosoma brucei	0	0
pannexin	innexin_like	Xenopus tropicalis	3	1
piezo	piezo	Aliarcobacter butzleri	0	0
piezo	piezo	Amphimedon queenslandica	1	0
piezo	piezo	Anolis carolinensis	3	0
piezo	piezo	Aplysia californica	1	0
piezo	piezo	Arabidopsis thaliana	1	0
piezo	piezo	Bacillus subtilis	0	0
piezo	piezo	Branchiostoma floridae	1	0
piezo	piezo	Caenorhabditis elegans	1	0
piezo	piezo	Callorhinchus milii	3	0
piezo	piezo	Capsaspora owczarzaki	1	0
piezo	piezo	Chlamydomonas reinhardtii	0	0
piezo	piezo	Ciona intestinalis	0	0
piezo	piezo	Danio rerio	4	0
piezo	piezo	Daphnia pulex	0	0
piezo	piezo	Dictyostelium discoideum	1	0
piezo	piezo	Drosophila melanogaster	2	0
piezo	piezo	Escherichia coli	0	0
piezo	piezo	Gallus gallus	2	0
piezo	piezo	Gloeobacter violaceus	0	0
piezo	piezo	Homo sapiens	2	0
piezo	piezo	Human immunodeficiency virus type 1	0	0
piezo	piezo	Hydra vulgaris	1	0
piezo	piezo	Influenza A virus	0	0
piezo	piezo	Latimeria chalumnae	3	0
piezo	piezo	Lottia gigantea	1	0
piezo	piezo	Lymnaea stagnalis	1	0
piezo	piezo	Methanothermobacter thermautotrophicus	0	0
piezo	piezo	Monodelphis domestica	2	0
piezo	piezo	Monosiga brevicollis	0	0
piezo	piezo	Mus musculus	2	0
piezo	piezo	Nematostella vectensis	0	0
piezo	piezo	Ornithorhynchus anatinus	3	0
piezo	piezo	Oryza sativa	0	0
piezo	piezo	Paramecium tetraurelia	4	0
piezo	piezo	Petromyzon marinus	1	0
piezo	piezo	Physcomitrium patens	2	0
piezo	piezo	Plasmodium falciparum	0	0
piezo	piezo	Rattus norvegicus	2	0
piezo	piezo	Saccharomyces cerevisiae	0	0
piezo	piezo	Schizosaccharomyces pombe	0	0
piezo	piezo	Severe acute respiratory syndrome coronavirus 2	0	0
piezo	piezo	Streptomyces lividans	0	0
piezo	piezo	Strongylocentrotus purpuratus	1	0
piezo	piezo	Synechocystis sp. PCC 6803	0	0
piezo	piezo	Takifugu rubripes	3	0
piezo	piezo	Tetrahymena thermophila	0	0
piezo	piezo	Thermus thermophilus	0	0
piezo	piezo	Trichoplax adhaerens	1	0
piezo	piezo	Trypanosoma brucei	0	0
piezo	piezo	Xenopus tropicalis	3	0
plgic_invertebrate	cysloop	Aliarcobacter butzleri	0	0
plgic_invertebrate	cysloop	Amphimedon queenslandica	0	0
plgic_invertebrate	cysloop	Anolis carolinensis	0	0
plgic_invertebrate	cysloop	Aplysia californica	0	0
plgic_invertebrate	cysloop	Arabidopsis thaliana	0	0
plgic_invertebrate	cysloop	Bacillus subtilis	0	0
plgic_invertebrate	cysloop	Branchiostoma floridae	0	0
plgic_invertebrate	cysloop	Caenorhabditis elegans	6	0
plgic_invertebrate	cysloop	Callorhinchus milii	0	0
plgic_invertebrate	cysloop	Capsaspora owczarzaki	0	0
plgic_invertebrate	cysloop	Chlamydomonas reinhardtii	0	0
plgic_invertebrate	cysloop	Ciona intestinalis	0	0
plgic_invertebrate	cysloop	Danio rerio	0	0
plgic_invertebrate	cysloop	Daphnia pulex	3	0
plgic_invertebrate	cysloop	Dictyostelium discoideum	0	0
plgic_invertebrate	cysloop	Drosophila melanogaster	1	0
plgic_invertebrate	cysloop	Escherichia coli	0	0
plgic_invertebrate	cysloop	Gallus gallus	0	0
plgic_invertebrate	cysloop	Gloeobacter violaceus	0	0
plgic_invertebrate	cysloop	Homo sapiens	0	0
plgic_invertebrate	cysloop	Human immunodeficiency virus type 1	0	0
plgic_invertebrate	cysloop	Hydra vulgaris	0	0
plgic_invertebrate	cysloop	Influenza A virus	0	0
plgic_invertebrate	cysloop	Latimeria chalumnae	0	0
plgic_invertebrate	cysloop	Lottia gigantea	0	0
plgic_invertebrate	cysloop	Lymnaea stagnalis	0	0
plgic_invertebrate	cysloop	Methanothermobacter thermautotrophicus	0	0
plgic_invertebrate	cysloop	Monodelphis domestica	0	0
plgic_invertebrate	cysloop	Monosiga brevicollis	0	0
plgic_invertebrate	cysloop	Mus musculus	0	0
plgic_invertebrate	cysloop	Nematostella vectensis	0	0
plgic_invertebrate	cysloop	Ornithorhynchus anatinus	0	0
plgic_invertebrate	cysloop	Oryza sativa	0	0
plgic_invertebrate	cysloop	Paramecium tetraurelia	0	0
plgic_invertebrate	cysloop	Petromyzon marinus	0	0
plgic_invertebrate	cysloop	Physcomitrium patens	0	0
plgic_invertebrate	cysloop	Plasmodium falciparum	0	0
plgic_invertebrate	cysloop	Rattus norvegicus	0	0
plgic_invertebrate	cysloop	Saccharomyces cerevisiae	0	0
plgic_invertebrate	cysloop	Schizosaccharomyces pombe	0	0
plgic_invertebrate	cysloop	Severe acute respiratory syndrome coronavirus 2	0	0
plgic_invertebrate	cysloop	Streptomyces lividans	0	0
plgic_invertebrate	cysloop	Strongylocentrotus purpuratus	0	0
plgic_invertebrate	cysloop	Synechocystis sp. PCC 6803	0	0
plgic_invertebrate	cysloop	Takifugu rubripes	0	0
plgic_invertebrate	cysloop	Tetrahymena thermophila	0	0
plgic_invertebrate	cysloop	Thermus thermophilus	0	0
plgic_invertebrate	cysloop	Trichoplax adhaerens	0	0
plgic_invertebrate	cysloop	Trypanosoma brucei	0	0
plgic_invertebrate	cysloop	Xenopus tropicalis	0	0
plgic_prok	cysloop	Aliarcobacter butzleri	0	0
plgic_prok	cysloop	Amphimedon queenslandica	0	0
plgic_prok	cysloop	Anolis carolinensis	0	0
plgic_prok	cysloop	Aplysia californica	4	2
plgic_prok	cysloop	Arabidopsis thaliana	0	0
plgic_prok	cysloop	Bacillus subtilis	0	0
plgic_prok	cysloop	Branchiostoma floridae	2	0
plgic_prok	cysloop	Caenorhabditis elegans	0	0
plgic_prok	cysloop	Callorhinchus milii	0	0
plgic_prok	cysloop	Capsaspora owczarzaki	0	0
plgic_prok	cysloop	Chlamydomonas reinhardtii	3	0
plgic_prok	cysloop	Ciona intestinalis	0	0
plgic_prok	cysloop	Danio rerio	0	0
plgic_prok	cysloop	Daphnia pulex	0	0
plgic_prok	cysloop	Dictyostelium discoideum	0	0
plgic_prok	cysloop	Drosophila melanogaster	0	0
plgic_prok	cysloop	Escherichia coli	0	0
plgic_prok	cysloop	Gallus gallus	0	0
plgic_prok	cysloop	Gloeobacter violaceus	1	0
plgic_prok	cysloop	Homo sapiens	0	0
plgic_prok	cysloop	Human immunodeficiency virus type 1	0	0
plgic_prok	cysloop	Hydra vulgaris	2	1
plgic_prok	cysloop	Influenza A virus	0	0
plgic_prok	cysloop	Latimeria chalumnae	0	0
plgic_prok	cysloop	Lottia gigantea	4	0
plgic_prok	cysloop	Lymnaea stagnalis	1	1
plgic_prok	cysloop	Methanothermobacter thermautotrophicus	0	0
plgic_prok	cysloop	Monodelphis domestica	0	0
plgic_prok	cysloop	Monosiga brevicollis	1	0
plgic_prok	cysloop	Mus musculus	0	0
plgic_prok	cysloop	Nematostella vectensis	2	2
plgic_prok	cysloop	Ornithorhynchus anatinus	0	0
plgic_prok	cysloop	Oryza sativa	0	0
plgic_prok	cysloop	Paramecium tetraurelia	0	0
plgic_prok	cysloop	Petromyzon marinus	0	0
plgic_prok	cysloop	Physcomitrium patens	0	0
plgic_prok	cysloop	Plasmodium falciparum	0	0
plgic_prok	cysloop	Rattus norvegicus	0	0
plgic_prok	cysloop	Saccharomyces cerevisiae	0	0
plgic_prok	cysloop	Schizosaccharomyces pombe	0	0
plgic_prok	cysloop	Severe acute respiratory syndrome coronavirus 2	0	0
plgic_prok	cysloop	Streptomyces lividans	0	0
plgic_prok	cysloop	Strongylocentrotus purpuratus	0	0
plgic_prok	cysloop	Synechocystis sp. PCC 6803	0	0
plgic_prok	cysloop	Takifugu rubripes	0	0
plgic_prok	cysloop	Tetrahymena thermophila	0	0
plgic_prok	cysloop	Thermus thermophilus	0	0
plgic_prok	cysloop	Trichoplax adhaerens	0	0
plgic_prok	cysloop	Trypanosoma brucei	0	0
plgic_prok	cysloop	Xenopus tropicalis	0	0
ryr	ca_release	Aliarcobacter butzleri	0	0
ryr	ca_release	Amphimedon queenslandica	1	0
ryr	ca_release	Anolis carolinensis	3	0
ryr	ca_release	Aplysia californica	1	0
ryr	ca_release	Arabidopsis thaliana	0	0
ryr	ca_release	Bacillus subtilis	0	0
ryr	ca_release	Branchiostoma floridae	1	0
ryr	ca_release	Caenorhabditis elegans	1	0
ryr	ca_release	Callorhinchus milii	3	0
ryr	ca_release	Capsaspora owczarzaki	1	0
ryr	ca_release	Chlamydomonas reinhardtii	0	0
ryr	ca_release	Ciona intestinalis	1	0
ryr	ca_release	Danio rerio	6	0
ryr	ca_release	Daphnia pulex	1	0
ryr	ca_release	Dictyostelium discoideum	0	0
ryr	ca_release	Drosophila melanogaster	1	0
ryr	ca_release	Escherichia coli	0	0
ryr	ca_release	Gallus gallus	3	0
ryr	ca_release	Gloeobacter violaceus	0	0
ryr	ca_release	Homo sapiens	3	0
ryr	ca_release	Human immunodeficiency virus type 1	0	0
ryr	ca_release	Hydra vulgaris	0	0
ryr	ca_release	Influenza A virus	0	0
ryr	ca_release	Latimeria chalumnae	5	0
ryr	ca_release	Lottia gigantea	1	0
ryr	ca_release	Lymnaea stagnalis	1	0
ryr	ca_release	Methanothermobacter thermautotrophicus	0	0
ryr	ca_release	Monodelphis domestica	3	0
ryr	ca_release	Monosiga brevicollis	0	0
ryr	ca_release	Mus musculus	3	0
ryr	ca_release	Nematostella vectensis	0	0
ryr	ca_release	Ornithorhynchus anatinus	3	0
ryr	ca_release	Oryza sativa	0	0
ryr	ca_release	Paramecium tetraurelia	0	0
ryr	ca_release	Petromyzon marinus	2	0
ryr	ca_release	Physcomitrium patens	0	0
ryr	ca_release	Plasmodium falciparum	0	0
ryr	ca_release	Rattus norvegicus	3	0
ryr	ca_release	Saccharomyces cerevisiae	0	0
ryr	ca_release	Schizosaccharomyces pombe	0	0
ryr	ca_release	Severe acute respiratory syndrome coronavirus 2	0	0
ryr	ca_release	Streptomyces lividans	0	0
ryr	ca_release	Strongylocentrotus purpuratus	1	0
ryr	ca_release	Synechocystis sp. PCC 6803	0	0
ryr	ca_release	Takifugu rubripes	0	0
ryr	ca_release	Tetrahymena thermophila	0	0
ryr	ca_release	Thermus thermophilus	0	0
ryr	ca_release	Trichoplax adhaerens	1	0
ryr	ca_release	Trypanosoma brucei	0	0
ryr	ca_release	Xenopus tropicalis	2	0
tmc	tmem16_like	Aliarcobacter butzleri	0	0
tmc	tmem16_like	Amphimedon queenslandica	2	0
tmc	tmem16_like	Anolis carolinensis	9	0
tmc	tmem16_like	Aplysia californica	5	1
tmc	tmem16_like	Arabidopsis thaliana	0	0
tmc	tmem16_like	Bacillus subtilis	0	0
tmc	tmem16_like	Branchiostoma floridae	6	0
tmc	tmem16_like	Caenorhabditis elegans	2	0
tmc	tmem16_like	Callorhinchus milii	7	0
tmc	tmem16_like	Capsaspora owczarzaki	1	0
tmc	tmem16_like	Chlamydomonas reinhardtii	0	0
tmc	tmem16_like	Ciona intestinalis	3	0
tmc	tmem16_like	Danio rerio	10	0
tmc	tmem16_like	Daphnia pulex	3	0
tmc	tmem16_like	Dictyostelium discoideum	0	0
tmc	tmem16_like	Drosophila melanogaster	1	0
tmc	tmem16_like	Escherichia coli	0	0
tmc	tmem16_like	Gallus gallus	8	0
tmc	tmem16_like	Gloeobacter violaceus	0	0
tmc	tmem16_like	Homo sapiens	8	0
tmc	tmem16_like	Human immunodeficiency virus type 1	0	0
tmc	tmem16_like	Hydra vulgaris	2	0
tmc	tmem16_like	Influenza A virus	0	0
tmc	tmem16_like	Latimeria chalumnae	8	0
tmc	tmem16_like	Lottia gigantea	6	2
tmc	tmem16_like	Lymnaea stagnalis	5	0
tmc	tmem16_like	Methanothermobacter thermautotrophicus	0	0
tmc	tmem16_like	Monodelphis domestica	8	0
tmc	tmem16_like	Monosiga brevicollis	3	2
tmc	tmem16_like	Mus musculus	8	0
tmc	tmem16_like	Nematostella vectensis	4	1
tmc	tmem16_like	Ornithorhynchus anatinus	8	0
tmc	tmem16_like	Oryza sativa	0	0
tmc	tmem16_like	Paramecium tetraurelia	0	0
tmc	tmem16_like	Petromyzon marinus	7	0
tmc	tmem16_like	Physcomitrium patens	0	0
tmc	tmem16_like	Plasmodium falciparum	0	0
tmc	tmem16_like	Rattus norvegicus	8	0
tmc	tmem16_like	Saccharomyces cerevisiae	0	0
tmc	tmem16_like	Schizosaccharomyces pombe	0	0
tmc	tmem16_like	Severe acute respiratory syndrome coronavirus 2	0	0
tmc	tmem16_like	Streptomyces lividans	0	0
tmc	tmem16_like	Strongylocentrotus purpuratus	2	0
tmc	tmem16_like	Synechocystis sp. PCC 6803	0	0
tmc	tmem16_like	Takifugu rubripes	7	0
tmc	tmem16_like	Tetrahymena thermophila	0	0
tmc	tmem16_like	Thermus thermophilus	0	0
tmc	tmem16_like	Trichoplax adhaerens	5	0
tmc	tmem16_like	Trypanosoma brucei	0	0
tmc	tmem16_like	Xenopus tropicalis	9	0
tmco1	tmco1	Aliarcobacter butzleri	0	0
tmco1	tmco1	Amphimedon queenslandica	1	0
tmco1	tmco1	Anolis carolinensis	1	0
tmco1	tmco1	Aplysia californica	1	0
tmco1	tmco1	Arabidopsis thaliana	2	0
tmco1	tmco1	Bacillus subtilis	0	0
tmco1	tmco1	Branchiostoma floridae	1	0
tmco1	tmco1	Caenorhabditis elegans	1	0
tmco1	tmco1	Callorhinchus milii	1	0
tmco1	tmco1	Capsaspora owczarzaki	1	0
tmco1	tmco1	Chlamydomonas reinhardtii	1	0
tmco1	tmco1	Ciona intestinalis	1	0
tmco1	tmco1	Danio rerio	1	0
tmco1	tmco1	Daphnia pulex	1	0
tmco1	tmco1	Dictyostelium discoideum	1	0
tmco1	tmco1	Drosophila melanogaster	1	0
tmco1	tmco1	Escherichia coli	0	0
tmco1	tmco1	Gallus gallus	1	0
tmco1	tmco1	Gloeobacter violaceus	0	0
tmco1	tmco1	Homo sapiens	1	0
tmco1	tmco1	Human immunodeficiency virus type 1	0	0
tmco1	tmco1	Hydra vulgaris	1	0
tmco1	tmco1	Influenza A virus	0	0
tmco1	tmco1	Latimeria chalumnae	1	0
tmco1	tmco1	Lottia gigantea	1	0
tmco1	tmco1	Lymnaea stagnalis	1	0
tmco1	tmco1	Methanothermobacter thermautotrophicus	0	0
tmco1	tmco1	Monodelphis domestica	1	0
tmco1	tmco1	Monosiga brevicollis	0	0
tmco1	tmco1	Mus musculus	1	0
tmco1	tmco1	Nematostella vectensis	1	0
tmco1	tmco1	Ornithorhynchus anatinus	1	0
tmco1	tmco1	Oryza sativa	1	0
tmco1	tmco1	Paramecium tetraurelia	2	0
tmco1	tmco1	Petromyzon marinus	1	0
tmco1	tmco1	Physcomitrium patens	1	0
tmco1	tmco1	Plasmodium falciparum	1	0
tmco1	tmco1	Rattus norvegicus	1	0
tmco1	tmco1	Saccharomyces cerevisiae	0	0
tmco1	tmco1	Schizosaccharomyces pombe	0	0
tmco1	tmco1	Severe acute respiratory syndrome coronavirus 2	0	0
tmco1	tmco1	Streptomyces lividans	0	0
tmco1	tmco1	Strongylocentrotus purpuratus	1	0
tmco1	tmco1	Synechocystis sp. PCC 6803	0	0
tmco1	tmco1	Takifugu rubripes	1	0
tmco1	tmco1	Tetrahymena thermophila	1	0
tmco1	tmco1	Thermus thermophilus	0	0
tmco1	tmco1	Trichoplax adhaerens	1	0
tmco1	tmco1	Trypanosoma brucei	0	0
tmco1	tmco1	Xenopus tropicalis	1	0
tmem109	tmem109	Aliarcobacter butzleri	0	0
tmem109	tmem109	Amphimedon queenslandica	0	0
tmem109	tmem109	Anolis carolinensis	1	0
tmem109	tmem109	Aplysia californica	0	0
tmem109	tmem109	Arabidopsis thaliana	0	0
tmem109	tmem109	Bacillus subtilis	0	0
tmem109	tmem109	Branchiostoma floridae	0	0
tmem109	tmem109	Caenorhabditis elegans	0	0
tmem109	tmem109	Callorhinchus milii	0	0
tmem109	tmem109	Capsaspora owczarzaki	0	0
tmem109	tmem109	Chlamydomonas reinhardtii	0	0
tmem109	tmem109	Ciona intestinalis	0	0
tmem109	tmem109	Danio rerio	2	0
tmem109	tmem109	Daphnia pulex	0	0
tmem109	tmem109	Dictyostelium discoideum	0	0
tmem109	tmem109	Drosophila melanogaster	0	0
tmem109	tmem109	Escherichia coli	0	0
tmem109	tmem109	Gallus gallus	1	0
tmem109	tmem109	Gloeobacter violaceus	0	0
tmem109	tmem109	Homo sapiens	1	0
tmem109	tmem109	Human immunodeficiency virus type 1	0	0
tmem109	tmem109	Hydra vulgaris	0	0
tmem109	tmem109	Influenza A virus	0	0
tmem109	tmem109	Latimeria chalumnae	1	0
tmem109	tmem109	Lottia gigantea	0	0
tmem109	tmem109	Lymnaea stagnalis	0	0
tmem109	tmem109	Methanothermobacter thermautotrophicus	0	0
tmem109	tmem109	Monodelphis domestica	1	0
tmem109	tmem109	Monosiga brevicollis	0	0
tmem109	tmem109	Mus musculus	1	0
tmem109	tmem109	Nematostella vectensis	0	0
tmem109	tmem109	Ornithorhynchus anatinus	1	0
tmem109	tmem109	Oryza sativa	0	0
tmem109	tmem109	Paramecium tetraurelia	0	0
tmem109	tmem109	Petromyzon marinus	0	0
tmem109	tmem109	Physcomitrium patens	0	0
tmem109	tmem109	Plasmodium falciparum	0	0
tmem109	tmem109	Rattus norvegicus	1	0
tmem109	tmem109	Saccharomyces cerevisiae	0	0
tmem109	tmem109	Schizosaccharomyces pombe	0	0
tmem109	tmem109	Severe acute respiratory syndrome coronavirus 2	0	0
tmem109	tmem109	Streptomyces lividans	0	0
tmem109	tmem109	Strongylocentrotus purpuratus	0	0
tmem109	tmem109	Synechocystis sp. PCC 6803	0	0
tmem109	tmem109	Takifugu rubripes	2	0
tmem109	tmem109	Tetrahymena thermophila	0	0
tmem109	tmem109	Thermus thermophilus	0	0
tmem109	tmem109	Trichoplax adhaerens	0	0
tmem109	tmem109	Trypanosoma brucei	0	0
tmem109	tmem109	Xenopus tropicalis	0	0
tmem175	tmem175	Aliarcobacter butzleri	0	0
tmem175	tmem175	Amphimedon queenslandica	1	0
tmem175	tmem175	Anolis carolinensis	1	0
tmem175	tmem175	Aplysia californica	0	0
tmem175	tmem175	Arabidopsis thaliana	0	0
tmem175	tmem175	Bacillus subtilis	0	0
tmem175	tmem175	Branchiostoma floridae	6	0
tmem175	tmem175	Caenorhabditis elegans	0	0
tmem175	tmem175	Callorhinchus milii	1	0
tmem175	tmem175	Capsaspora owczarzaki	1	0
tmem175	tmem175	Chlamydomonas reinhardtii	0	0
tmem175	tmem175	Ciona intestinalis	1	0
tmem175	tmem175	Danio rerio	1	0
tmem175	tmem175	Daphnia pulex	0	0
tmem175	tmem175	Dictyostelium discoideum	0	0
tmem175	tmem175	Drosophila melanogaster	0	0
tmem175	tmem175	Escherichia coli	0	0
tmem175	tmem175	Gallus gallus	2	0
tmem175	tmem175	Gloeobacter violaceus	0	0
tmem175	tmem175	Homo sapiens	1	0
tmem175	tmem175	Human immunodeficiency virus type 1	0	0
tmem175	tmem175	Hydra vulgaris	23	0
tmem175	tmem175	Influenza A virus	0	0
tmem175	tmem175	Latimeria chalumnae	1	0
tmem175	tmem175	Lottia gigantea	0	0
tmem175	tmem175	Lymnaea stagnalis	0	0
tmem175	tmem175	Methanothermobacter thermautotrophicus	1	0
tmem175	tmem175	Monodelphis domestica	1	0
tmem175	tmem175	Monosiga brevicollis	1	0
tmem175	tmem175	Mus musculus	1	0
tmem175	tmem175	Nematostella vectensis	2	0
tmem175	tmem175	Ornithorhynchus anatinus	1	0
tmem175	tmem175	Oryza sativa	0	0
tmem175	tmem175	Paramecium tetraurelia	0	0
tmem175	tmem175	Petromyzon marinus	0	0
tmem175	tmem175	Physcomitrium patens	0	0
tmem175	tmem175	Plasmodium falciparum	0	0
tmem175	tmem175	Rattus norvegicus	1	0
tmem175	tmem175	Saccharomyces cerevisiae	0	0
tmem175	tmem175	Schizosaccharomyces pombe	0	0
tmem175	tmem175	Severe acute respiratory syndrome coronavirus 2	0	0
tmem175	tmem175	Streptomyces lividans	0	0
tmem175	tmem175	Strongylocentrotus purpuratus	1	0
tmem175	tmem175	Synechocystis sp. PCC 6803	0	0
tmem175	tmem175	Takifugu rubripes	0	0
tmem175	tmem175	Tetrahymena thermophila	0	0
tmem175	tmem175	Thermus thermophilus	0	0
tmem175	tmem175	Trichoplax adhaerens	0	0
tmem175	tmem175	Trypanosoma brucei	0	0
tmem175	tmem175	Xenopus tropicalis	0	0
tmem87	tmem87	Aliarcobacter butzleri	0	0
tmem87	tmem87	Amphimedon queenslandica	1	0
tmem87	tmem87	Anolis carolinensis	1	0
tmem87	tmem87	Aplysia californica	0	0
tmem87	tmem87	Arabidopsis thaliana	0	0
tmem87	tmem87	Bacillus subtilis	0	0
tmem87	tmem87	Branchiostoma floridae	0	0
tmem87	tmem87	Caenorhabditis elegans	0	0
tmem87	tmem87	Callorhinchus milii	0	0
tmem87	tmem87	Capsaspora owczarzaki	0	0
tmem87	tmem87	Chlamydomonas reinhardtii	0	0
tmem87	tmem87	Ciona intestinalis	0	0
tmem87	tmem87	Danio rerio	0	0
tmem87	tmem87	Daphnia pulex	0	0
tmem87	tmem87	Dictyostelium discoideum	1	0
tmem87	tmem87	Drosophila melanogaster	0	0
tmem87	tmem87	Escherichia coli	0	0
tmem87	tmem87	Gallus gallus	1	0
tmem87	tmem87	Gloeobacter violaceus	0	0
tmem87	tmem87	Homo sapiens	1	0
tmem87	tmem87	Human immunodeficiency virus type 1	0	0
tmem87	tmem87	Hydra vulgaris	0	0
tmem87	tmem87	Influenza A virus	0	0
tmem87	tmem87	Latimeria chalumnae	1	0
tmem87	tmem87	Lottia gigantea	0	0
tmem87	tmem87	Lymnaea stagnalis	0	0
tmem87	tmem87	Methanothermobacter thermautotrophicus	0	0
tmem87	tmem87	Monodelphis domestica	1	0
tmem87	tmem87	Monosiga brevicollis	0	0
tmem87	tmem87	Mus musculus	1	0
tmem87	tmem87	Nematostella vectensis	0	0
tmem87	tmem87	Ornithorhynchus anatinus	1	0
tmem87	tmem87	Oryza sativa	1	0
tmem87	tmem87	Paramecium tetraurelia	0	0
tmem87	tmem87	Petromyzon marinus	0	0
tmem87	tmem87	Physcomitrium patens	0	0
tmem87	tmem87	Plasmodium falciparum	0	0
tmem87	tmem87	Rattus norvegicus	1	0
tmem87	tmem87	Saccharomyces cerevisiae	0	0
tmem87	tmem87	Schizosaccharomyces pombe	0	0
tmem87	tmem87	Severe acute respiratory syndrome coronavirus 2	0	0
tmem87	tmem87	Streptomyces lividans	0	0
tmem87	tmem87	Strongylocentrotus purpuratus	0	0
tmem87	tmem87	Synechocystis sp. PCC 6803	0	0
tmem87	tmem87	Takifugu rubripes	2	0
tmem87	tmem87	Tetrahymena thermophila	0	0
tmem87	tmem87	Thermus thermophilus	0	0
tmem87	tmem87	Trichoplax adhaerens	0	0
tmem87	tmem87	Trypanosoma brucei	0	0
tmem87	tmem87	Xenopus tropicalis	0	0
tpc	ploop	Aliarcobacter butzleri	0	0
tpc	ploop	Amphimedon queenslandica	7	0
tpc	ploop	Anolis carolinensis	3	0
tpc	ploop	Aplysia californica	3	0
tpc	ploop	Arabidopsis thaliana	1	0
tpc	ploop	Bacillus subtilis	0	0
tpc	ploop	Branchiostoma floridae	6	0
tpc	ploop	Caenorhabditis elegans	0	0
tpc	ploop	Callorhinchus milii	3	0
tpc	ploop	Capsaspora owczarzaki	1	0
tpc	ploop	Chlamydomonas reinhardtii	0	0
tpc	ploop	Ciona intestinalis	2	0
tpc	ploop	Danio rerio	3	0
tpc	ploop	Daphnia pulex	1	0
tpc	ploop	Dictyostelium discoideum	1	0
tpc	ploop	Drosophila melanogaster	0	0
tpc	ploop	Escherichia coli	0	0
tpc	ploop	Gallus gallus	3	0
tpc	ploop	Gloeobacter violaceus	0	0
tpc	ploop	Homo sapiens	2	0
tpc	ploop	Human immunodeficiency virus type 1	0	0
tpc	ploop	Hydra vulgaris	2	0
tpc	ploop	Influenza A virus	0	0
tpc	ploop	Latimeria chalumnae	3	0
tpc	ploop	Lottia gigantea	3	0
tpc	ploop	Lymnaea stagnalis	3	0
tpc	ploop	Methanothermobacter thermautotrophicus	0	0
tpc	ploop	Monodelphis domestica	2	0
tpc	ploop	Monosiga brevicollis	4	0
tpc	ploop	Mus musculus	2	0
tpc	ploop	Nematostella vectensis	3	0
tpc	ploop	Ornithorhynchus anatinus	3	0
tpc	ploop	Oryza sativa	1	0
tpc	ploop	Paramecium tetraurelia	9	0
tpc	ploop	Petromyzon marinus	3	0
tpc	ploop	Physcomitrium patens	9	0
tpc	ploop	Plasmodium falciparum	0	0
tpc	ploop	Rattus norvegicus	2	0
tpc	ploop	Saccharomyces cerevisiae	0	0
tpc	ploop	Schizosaccharomyces pombe	0	0
tpc	ploop	Severe acute respiratory syndrome coronavirus 2	0	0
tpc	ploop	Streptomyces lividans	0	0
tpc	ploop	Strongylocentrotus purpuratus	6	0
tpc	ploop	Synechocystis sp. PCC 6803	0	0
tpc	ploop	Takifugu rubripes	4	0
tpc	ploop	Tetrahymena thermophila	4	0
tpc	ploop	Thermus thermophilus	0	0
tpc	ploop	Trichoplax adhaerens	3	0
tpc	ploop	Trypanosoma brucei	0	0
tpc	ploop	Xenopus tropicalis	3	0
tric	tric	Aliarcobacter butzleri	0	0
tric	tric	Amphimedon queenslandica	1	0
tric	tric	Anolis carolinensis	1	0
tric	tric	Aplysia californica	2	0
tric	tric	Arabidopsis thaliana	0	0
tric	tric	Bacillus subtilis	0	0
tric	tric	Branchiostoma floridae	2	0
tric	tric	Caenorhabditis elegans	2	0
tric	tric	Callorhinchus milii	2	0
tric	tric	Capsaspora owczarzaki	1	0
tric	tric	Chlamydomonas reinhardtii	1	0
tric	tric	Ciona intestinalis	2	0
tric	tric	Danio rerio	2	0
tric	tric	Daphnia pulex	1	0
tric	tric	Dictyostelium discoideum	0	0
tric	tric	Drosophila melanogaster	2	0
tric	tric	Escherichia coli	0	0
tric	tric	Gallus gallus	3	0
tric	tric	Gloeobacter violaceus	0	0
tric	tric	Homo sapiens	2	0
tric	tric	Human immunodeficiency virus type 1	0	0
tric	tric	Hydra vulgaris	1	0
tric	tric	Influenza A virus	0	0
tric	tric	Latimeria chalumnae	2	0
tric	tric	Lottia gigantea	1	0
tric	tric	Lymnaea stagnalis	2	0
tric	tric	Methanothermobacter thermautotrophicus	0	0
tric	tric	Monodelphis domestica	2	0
tric	tric	Monosiga brevicollis	0	0
tric	tric	Mus musculus	2	0
tric	tric	Nematostella vectensis	1	0
tric	tric	Ornithorhynchus anatinus	2	0
tric	tric	Oryza sativa	0	0
tric	tric	Paramecium tetraurelia	0	0
tric	tric	Petromyzon marinus	1	0
tric	tric	Physcomitrium patens	0	0
tric	tric	Plasmodium falciparum	0	0
tric	tric	Rattus norvegicus	2	0
tric	tric	Saccharomyces cerevisiae	0	0
tric	tric	Schizosaccharomyces pombe	0	0
tric	tric	Severe acute respiratory syndrome coronavirus 2	0	0
tric	tric	Streptomyces lividans	0	0
tric	tric	Strongylocentrotus purpuratus	1	0
tric	tric	Synechocystis sp. PCC 6803	0	0
tric	tric	Takifugu rubripes	2	0
tric	tric	Tetrahymena thermophila	0	0
tric	tric	Thermus thermophilus	0	0
tric	tric	Trichoplax adhaerens	1	0
tric	tric	Trypanosoma brucei	0	0
tric	tric	Xenopus tropicalis	2	0
trpa	ploop	Aliarcobacter butzleri	0	0
trpa	ploop	Amphimedon queenslandica	10	1
trpa	ploop	Anolis carolinensis	1	0
trpa	ploop	Aplysia californica	3	1
trpa	ploop	Arabidopsis thaliana	0	0
trpa	ploop	Bacillus subtilis	0	0
trpa	ploop	Branchiostoma floridae	5	1
trpa	ploop	Caenorhabditis elegans	1	0
trpa	ploop	Callorhinchus milii	1	0
trpa	ploop	Capsaspora owczarzaki	0	0
trpa	ploop	Chlamydomonas reinhardtii	0	0
trpa	ploop	Ciona intestinalis	1	0
trpa	ploop	Danio rerio	2	0
trpa	ploop	Daphnia pulex	2	0
trpa	ploop	Dictyostelium discoideum	0	0
trpa	ploop	Drosophila melanogaster	3	0
trpa	ploop	Escherichia coli	0	0
trpa	ploop	Gallus gallus	1	0
trpa	ploop	Gloeobacter violaceus	0	0
trpa	ploop	Homo sapiens	1	0
trpa	ploop	Human immunodeficiency virus type 1	0	0
trpa	ploop	Hydra vulgaris	11	0
trpa	ploop	Influenza A virus	0	0
trpa	ploop	Latimeria chalumnae	1	0
trpa	ploop	Lottia gigantea	0	0
trpa	ploop	Lymnaea stagnalis	2	1
trpa	ploop	Methanothermobacter thermautotrophicus	0	0
trpa	ploop	Monodelphis domestica	1	0
trpa	ploop	Monosiga brevicollis	0	0
trpa	ploop	Mus musculus	1	0
trpa	ploop	Nematostella vectensis	3	2
trpa	ploop	Ornithorhynchus anatinus	1	0
trpa	ploop	Oryza sativa	0	0
trpa	ploop	Paramecium tetraurelia	0	0
trpa	ploop	Petromyzon marinus	2	1
trpa	ploop	Physcomitrium patens	0	0
trpa	ploop	Plasmodium falciparum	0	0
trpa	ploop	Rattus norvegicus	1	0
trpa	ploop	Saccharomyces cerevisiae	0	0
trpa	ploop	Schizosaccharomyces pombe	0	0
trpa	ploop	Severe acute respiratory syndrome coronavirus 2	0	0
trpa	ploop	Streptomyces lividans	0	0
trpa	ploop	Strongylocentrotus purpuratus	20	2
trpa	ploop	Synechocystis sp. PCC 6803	0	0
trpa	ploop	Takifugu rubripes	1	0
trpa	ploop	Tetrahymena thermophila	0	0
trpa	ploop	Thermus thermophilus	0	0
trpa	ploop	Trichoplax adhaerens	3	1
trpa	ploop	Trypanosoma brucei	0	0
trpa	ploop	Xenopus tropicalis	1	0
trpc	ploop	Aliarcobacter butzleri	0	0
trpc	ploop	Amphimedon queenslandica	0	0
trpc	ploop	Anolis carolinensis	6	0
trpc	ploop	Aplysia californica	7	0
trpc	ploop	Arabidopsis thaliana	0	0
trpc	ploop	Bacillus subtilis	0	0
trpc	ploop	Branchiostoma floridae	27	1
trpc	ploop	Caenorhabditis elegans	3	1
trpc	ploop	Callorhinchus milii	7	0
trpc	ploop	Capsaspora owczarzaki	0	0
trpc	ploop	Chlamydomonas reinhardtii	1	0
trpc	ploop	Ciona intestinalis	6	0
trpc	ploop	Danio rerio	12	0
trpc	ploop	Daphnia pulex	3	0
trpc	ploop	Dictyostelium discoideum	0	0
trpc	ploop	Drosophila melanogaster	3	0
trpc	ploop	Escherichia coli	0	0
trpc	ploop	Gallus gallus	6	0
trpc	ploop	Gloeobacter violaceus	0	0
trpc	ploop	Homo sapiens	6	0
trpc	ploop	Human immunodeficiency virus type 1	0	0
trpc	ploop	Hydra vulgaris	1	0
trpc	ploop	Influenza A virus	0	0
trpc	ploop	Latimeria chalumnae	7	0
trpc	ploop	Lottia gigantea	5	0
trpc	ploop	Lymnaea stagnalis	6	0
trpc	ploop	Methanothermobacter thermautotrophicus	0	0
trpc	ploop	Monodelphis domestica	7	0
trpc	ploop	Monosiga brevicollis	1	0
trpc	ploop	Mus musculus	7	0
trpc	ploop	Nematostella vectensis	5	0
trpc	ploop	Ornithorhynchus anatinus	7	0
trpc	ploop	Oryza sativa	0	0
trpc	ploop	Paramecium tetraurelia	0	0
trpc	ploop	Petromyzon marinus	6	0
trpc	ploop	Physcomitrium patens	0	0
trpc	ploop	Plasmodium falciparum	0	0
trpc	ploop	Rattus norvegicus	7	0
trpc	ploop	Saccharomyces cerevisiae	0	0
trpc	ploop	Schizosaccharomyces pombe	0	0
trpc	ploop	Severe acute respiratory syndrome coronavirus 2	0	0
trpc	ploop	Streptomyces lividans	0	0
trpc	ploop	Strongylocentrotus purpuratus	17	1
trpc	ploop	Synechocystis sp. PCC 6803	0	0
trpc	ploop	Takifugu rubripes	9	0
trpc	ploop	Tetrahymena thermophila	0	0
trpc	ploop	Thermus thermophilus	0	0
trpc	ploop	Trichoplax adhaerens	0	0
trpc	ploop	Trypanosoma brucei	0	0
trpc	ploop	Xenopus tropicalis	6	0
trpm	ploop	Aliarcobacter butzleri	0	0
trpm	ploop	Amphimedon queenslandica	0	0
trpm	ploop	Anolis carolinensis	8	0
trpm	ploop	Aplysia californica	8	0
trpm	ploop	Arabidopsis thaliana	0	0
trpm	ploop	Bacillus subtilis	0	0
trpm	ploop	Branchiostoma floridae	8	0
trpm	ploop	Caenorhabditis elegans	3	0
trpm	ploop	Callorhinchus milii	6	0
trpm	ploop	Capsaspora owczarzaki	0	0
trpm	ploop	Chlamydomonas reinhardtii	0	0
trpm	ploop	Ciona intestinalis	1	0
trpm	ploop	Danio rerio	11	0
trpm	ploop	Daphnia pulex	2	0
trpm	ploop	Dictyostelium discoideum	0	0
trpm	ploop	Drosophila melanogaster	1	0
trpm	ploop	Escherichia coli	0	0
trpm	ploop	Gallus gallus	7	0
trpm	ploop	Gloeobacter violaceus	0	0
trpm	ploop	Homo sapiens	8	0
trpm	ploop	Human immunodeficiency virus type 1	0	0
trpm	ploop	Hydra vulgaris	5	0
trpm	ploop	Influenza A virus	0	0
trpm	ploop	Latimeria chalumnae	8	0
trpm	ploop	Lottia gigantea	4	0
trpm	ploop	Lymnaea stagnalis	9	0
trpm	ploop	Methanothermobacter thermautotrophicus	0	0
trpm	ploop	Monodelphis domestica	6	0
trpm	ploop	Monosiga brevicollis	4	0
trpm	ploop	Mus musculus	8	0
trpm	ploop	Nematostella vectensis	2	0
trpm	ploop	Ornithorhynchus anatinus	8	0
trpm	ploop	Oryza sativa	0	0
trpm	ploop	Paramecium tetraurelia	0	0
trpm	ploop	Petromyzon marinus	4	0
trpm	ploop	Physcomitrium patens	0	0
trpm	ploop	Plasmodium falciparum	0	0
trpm	ploop	Rattus norvegicus	8	0
trpm	ploop	Saccharomyces cerevisiae	0	0
trpm	ploop	Schizosaccharomyces pombe	0	0
trpm	ploop	Severe acute respiratory syndrome coronavirus 2	0	0
trpm	ploop	Streptomyces lividans	0	0
trpm	ploop	Strongylocentrotus purpuratus	8	0
trpm	ploop	Synechocystis sp. PCC 6803	0	0
trpm	ploop	Takifugu rubripes	8	0
trpm	ploop	Tetrahymena thermophila	0	0
trpm	ploop	Thermus thermophilus	0	0
trpm	ploop	Trichoplax adhaerens	5	0
trpm	ploop	Trypanosoma brucei	0	0
trpm	ploop	Xenopus tropicalis	10	0
trpml	ploop	Aliarcobacter butzleri	0	0
trpml	ploop	Amphimedon queenslandica	3	1
trpml	ploop	Anolis carolinensis	3	0
trpml	ploop	Aplysia californica	1	0
trpml	ploop	Arabidopsis thaliana	0	0
trpml	ploop	Bacillus subtilis	0	0
trpml	ploop	Branchiostoma floridae	1	0
trpml	ploop	Caenorhabditis elegans	1	0
trpml	ploop	Callorhinchus milii	3	0
trpml	ploop	Capsaspora owczarzaki	1	1
trpml	ploop	Chlamydomonas reinhardtii	0	0
trpml	ploop	Ciona intestinalis	1	0
trpml	ploop	Danio rerio	5	0
trpml	ploop	Daphnia pulex	1	0
trpml	ploop	Dictyostelium discoideum	1	1
trpml	ploop	Drosophila melanogaster	1	0
trpml	ploop	Escherichia coli	0	0
trpml	ploop	Gallus gallus	3	0
trpml	ploop	Gloeobacter violaceus	0	0
trpml	ploop	Homo sapiens	3	0
trpml	ploop	Human immunodeficiency virus type 1	0	0
trpml	ploop	Hydra vulgaris	3	0
trpml	ploop	Influenza A virus	0	0
trpml	ploop	Latimeria chalumnae	3	0
trpml	ploop	Lottia gigantea	1	0
trpml	ploop	Lymnaea stagnalis	2	1
trpml	ploop	Methanothermobacter thermautotrophicus	0	0
trpml	ploop	Monodelphis domestica	3	0
trpml	ploop	Monosiga brevicollis	1	1
trpml	ploop	Mus musculus	3	0
trpml	ploop	Nematostella vectensis	3	0
trpml	ploop	Ornithorhynchus anatinus	3	0
trpml	ploop	Oryza sativa	0	0
trpml	ploop	Paramecium tetraurelia	1	1
trpml	ploop	Petromyzon marinus	1	0
trpml	ploop	Physcomitrium patens	0	0
trpml	ploop	Plasmodium falciparum	0	0
trpml	ploop	Rattus norvegicus	3	0
trpml	ploop	Saccharomyces cerevisiae	0	0
trpml	ploop	Schizosaccharomyces pombe	0	0
trpml	ploop	Severe acute respiratory syndrome coronavirus 2	0	0
trpml	ploop	Streptomyces lividans	0	0
trpml	ploop	Strongylocentrotus purpuratus	1	0
trpml	ploop	Synechocystis sp. PCC 6803	0	0
trpml	ploop	Takifugu rubripes	3	0
trpml	ploop	Tetrahymena thermophila	3	2
trpml	ploop	Thermus thermophilus	0	0
trpml	ploop	Trichoplax adhaerens	1	0
trpml	ploop	Trypanosoma brucei	0	0
trpml	ploop	Xenopus tropicalis	3	0
trpn	ploop	Aliarcobacter butzleri	0	0
trpn	ploop	Amphimedon queenslandica	6	6
trpn	ploop	Anolis carolinensis	0	0
trpn	ploop	Aplysia californica	1	1
trpn	ploop	Arabidopsis thaliana	1	1
trpn	ploop	Bacillus subtilis	0	0
trpn	ploop	Branchiostoma floridae	3	1
trpn	ploop	Caenorhabditis elegans	1	0
trpn	ploop	Callorhinchus milii	2	1
trpn	ploop	Capsaspora owczarzaki	0	0
trpn	ploop	Chlamydomonas reinhardtii	1	1
trpn	ploop	Ciona intestinalis	0	0
trpn	ploop	Danio rerio	1	0
trpn	ploop	Daphnia pulex	0	0
trpn	ploop	Dictyostelium discoideum	0	0
trpn	ploop	Drosophila melanogaster	3	2
trpn	ploop	Escherichia coli	0	0
trpn	ploop	Gallus gallus	1	1
trpn	ploop	Gloeobacter violaceus	0	0
trpn	ploop	Homo sapiens	2	2
trpn	ploop	Human immunodeficiency virus type 1	0	0
trpn	ploop	Hydra vulgaris	4	1
trpn	ploop	Influenza A virus	0	0
trpn	ploop	Latimeria chalumnae	1	0
trpn	ploop	Lottia gigantea	0	0
trpn	ploop	Lymnaea stagnalis	5	5
trpn	ploop	Methanothermobacter thermautotrophicus	0	0
trpn	ploop	Monodelphis domestica	0	0
trpn	ploop	Monosiga brevicollis	1	1
trpn	ploop	Mus musculus	4	4
trpn	ploop	Nematostella vectensis	0	0
trpn	ploop	Ornithorhynchus anatinus	3	3
trpn	ploop	Oryza sativa	0	0
trpn	ploop	Paramecium tetraurelia	1	1
trpn	ploop	Petromyzon marinus	3	1
trpn	ploop	Physcomitrium patens	0	0
trpn	ploop	Plasmodium falciparum	0	0
trpn	ploop	Rattus norvegicus	1	1
trpn	ploop	Saccharomyces cerevisiae	0	0
trpn	ploop	Schizosaccharomyces pombe	0	0
trpn	ploop	Severe acute respiratory syndrome coronavirus 2	0	0
trpn	ploop	Streptomyces lividans	0	0
trpn	ploop	Strongylocentrotus purpuratus	3	2
trpn	ploop	Synechocystis sp. PCC 6803	0	0
trpn	ploop	Takifugu rubripes	1	1
trpn	ploop	Tetrahymena thermophila	1	1
trpn	ploop	Thermus thermophilus	0	0
trpn	ploop	Trichoplax adhaerens	0	0
trpn	ploop	Trypanosoma brucei	0	0
trpn	ploop	Xenopus tropicalis	2	1
trpp	ploop	Aliarcobacter butzleri	0	0
trpp	ploop	Amphimedon queenslandica	0	0
trpp	ploop	Anolis carolinensis	3	0
trpp	ploop	Aplysia californica	4	0
trpp	ploop	Arabidopsis thaliana	0	0
trpp	ploop	Bacillus subtilis	0	0
trpp	ploop	Branchiostoma floridae	35	5
trpp	ploop	Caenorhabditis elegans	1	0
trpp	ploop	Callorhinchus milii	3	0
trpp	ploop	Capsaspora owczarzaki	0	0
trpp	ploop	Chlamydomonas reinhardtii	1	1
trpp	ploop	Ciona intestinalis	1	0
trpp	ploop	Danio rerio	2	0
trpp	ploop	Daphnia pulex	0	0
trpp	ploop	Dictyostelium discoideum	1	0
trpp	ploop	Drosophila melanogaster	2	0
trpp	ploop	Escherichia coli	0	0
trpp	ploop	Gallus gallus	3	0
trpp	ploop	Gloeobacter violaceus	0	0
trpp	ploop	Homo sapiens	3	0
trpp	ploop	Human immunodeficiency virus type 1	0	0
trpp	ploop	Hydra vulgaris	6	0
trpp	ploop	Influenza A virus	0	0
trpp	ploop	Latimeria chalumnae	3	0
trpp	ploop	Lottia gigantea	4	0
trpp	ploop	Lymnaea stagnalis	2	0
trpp	ploop	Methanothermobacter thermautotrophicus	0	0
trpp	ploop	Monodelphis domestica	3	0
trpp	ploop	Monosiga brevicollis	0	0
trpp	ploop	Mus musculus	3	0
trpp	ploop	Nematostella vectensis	12	2
trpp	ploop	Ornithorhynchus anatinus	3	0
trpp	ploop	Oryza sativa	0	0
trpp	ploop	Paramecium tetraurelia	1	0
trpp	ploop	Petromyzon marinus	3	0
trpp	ploop	Physcomitrium patens	0	0
trpp	ploop	Plasmodium falciparum	0	0
trpp	ploop	Rattus norvegicus	2	0
trpp	ploop	Saccharomyces cerevisiae	0	0
trpp	ploop	Schizosaccharomyces pombe	0	0
trpp	ploop	Severe acute respiratory syndrome coronavirus 2	0	0
trpp	ploop	Streptomyces lividans	0	0
trpp	ploop	Strongylocentrotus purpuratus	1	0
trpp	ploop	Synechocystis sp. PCC 6803	0	0
trpp	ploop	Takifugu rubripes	1	0
trpp	ploop	Tetrahymena thermophila	2	1
trpp	ploop	Thermus thermophilus	0	0
trpp	ploop	Trichoplax adhaerens	1	0
trpp	ploop	Trypanosoma brucei	0	0
trpp	ploop	Xenopus tropicalis	2	0
trpv	ploop	Aliarcobacter butzleri	0	0
trpv	ploop	Amphimedon queenslandica	0	0
trpv	ploop	Anolis carolinensis	4	1
trpv	ploop	Aplysia californica	4	1
trpv	ploop	Arabidopsis thaliana	0	0
trpv	ploop	Bacillus subtilis	0	0
trpv	ploop	Branchiostoma floridae	3	0
trpv	ploop	Caenorhabditis elegans	5	0
trpv	ploop	Callorhinchus milii	7	1
trpv	ploop	Capsaspora owczarzaki	1	0
trpv	ploop	Chlamydomonas reinhardtii	5	0
trpv	ploop	Ciona intestinalis	1	0
trpv	ploop	Danio rerio	3	0
trpv	ploop	Daphnia pulex	2	0
trpv	ploop	Dictyostelium discoideum	0	0
trpv	ploop	Drosophila melanogaster	2	0
trpv	ploop	Escherichia coli	0	0
trpv	ploop	Gallus gallus	6	0
trpv	ploop	Gloeobacter violaceus	0	0
trpv	ploop	Homo sapiens	6	0
trpv	ploop	Human immunodeficiency virus type 1	0	0
trpv	ploop	Hydra vulgaris	0	0
trpv	ploop	Influenza A virus	0	0
trpv	ploop	Latimeria chalumnae	8	2
trpv	ploop	Lottia gigantea	3	0
trpv	ploop	Lymnaea stagnalis	3	0
trpv	ploop	Methanothermobacter thermautotrophicus	0	0
trpv	ploop	Monodelphis domestica	5	1
trpv	ploop	Monosiga brevicollis	0	0
trpv	ploop	Mus musculus	6	0
trpv	ploop	Nematostella vectensis	3	0
trpv	ploop	Ornithorhynchus anatinus	9	1
trpv	ploop	Oryza sativa	0	0
trpv	ploop	Paramecium tetraurelia	1	1
trpv	ploop	Petromyzon marinus	7	3
trpv	ploop	Physcomitrium patens	0	0
trpv	ploop	Plasmodium falciparum	0	0
trpv	ploop	Rattus norvegicus	6	0
trpv	ploop	Saccharomyces cerevisiae	0	0
trpv	ploop	Schizosaccharomyces pombe	0	0
trpv	ploop	Severe acute respiratory syndrome coronavirus 2	0	0
trpv	ploop	Streptomyces lividans	0	0
trpv	ploop	Strongylocentrotus purpuratus	4	0
trpv	ploop	Synechocystis sp. PCC 6803	0	0
trpv	ploop	Takifugu rubripes	4	0
trpv	ploop	Tetrahymena thermophila	0	0
trpv	ploop	Thermus thermophilus	0	0
trpv	ploop	Trichoplax adhaerens	2	1
trpv	ploop	Trypanosoma brucei	0	0
trpv	ploop	Xenopus tropicalis	15	1
tweety	tweety	Aliarcobacter butzleri	0	0
tweety	tweety	Amphimedon queenslandica	1	0
tweety	tweety	Anolis carolinensis	4	0
tweety	tweety	Aplysia californica	1	0
tweety	tweety	Arabidopsis thaliana	0	0
tweety	tweety	Bacillus subtilis	0	0
tweety	tweety	Branchiostoma floridae	1	0
tweety	tweety	Caenorhabditis elegans	1	0
tweety	tweety	Callorhinchus milii	2	0
tweety	tweety	Capsaspora owczarzaki	0	0
tweety	tweety	Chlamydomonas reinhardtii	0	0
tweety	tweety	Ciona intestinalis	1	0
tweety	tweety	Danio rerio	5	0
tweety	tweety	Daphnia pulex	1	0
tweety	tweety	Dictyostelium discoideum	2	1
tweety	tweety	Drosophila melanogaster	2	0
tweety	tweety	Escherichia coli	0	0
tweety	tweety	Gallus gallus	2	0
tweety	tweety	Gloeobacter violaceus	0	0
tweety	tweety	Homo sapiens	3	0
tweety	tweety	Human immunodeficiency virus type 1	0	0
tweety	tweety	Hydra vulgaris	1	0
tweety	tweety	Influenza A virus	0	0
tweety	tweety	Latimeria chalumnae	3	0
tweety	tweety	Lottia gigantea	0	0
tweety	tweety	Lymnaea stagnalis	1	0
tweety	tweety	Methanothermobacter thermautotrophicus	0	0
tweety	tweety	Monodelphis domestica	3	0
tweety	tweety	Monosiga brevicollis	3	0
tweety	tweety	Mus musculus	3	0
tweety	tweety	Nematostella vectensis	1	0
tweety	tweety	Ornithorhynchus anatinus	3	0
tweety	tweety	Oryza sativa	0	0
tweety	tweety	Paramecium tetraurelia	0	0
tweety	tweety	Petromyzon marinus	4	0
tweety	tweety	Physcomitrium patens	1	1
tweety	tweety	Plasmodium falciparum	0	0
tweety	tweety	Rattus norvegicus	3	0
tweety	tweety	Saccharomyces cerevisiae	0	0
tweety	tweety	Schizosaccharomyces pombe	0	0
tweety	tweety	Severe acute respiratory syndrome coronavirus 2	0	0
tweety	tweety	Streptomyces lividans	0	0
tweety	tweety	Strongylocentrotus purpuratus	1	0
tweety	tweety	Synechocystis sp. PCC 6803	0	0
tweety	tweety	Takifugu rubripes	5	0
tweety	tweety	Tetrahymena thermophila	0	0
tweety	tweety	Thermus thermophilus	0	0
tweety	tweety	Trichoplax adhaerens	0	0
tweety	tweety	Trypanosoma brucei	0	0
tweety	tweety	Xenopus tropicalis	3	0
vdac	porin	Aliarcobacter butzleri	0	0
vdac	porin	Amphimedon queenslandica	4	0
vdac	porin	Anolis carolinensis	4	0
vdac	porin	Aplysia californica	3	0
vdac	porin	Arabidopsis thaliana	8	0
vdac	porin	Bacillus subtilis	0	0
vdac	porin	Branchiostoma floridae	2	0
vdac	porin	Caenorhabditis elegans	2	0
vdac	porin	Callorhinchus milii	4	0
vdac	porin	Capsaspora owczarzaki	2	0
vdac	porin	Chlamydomonas reinhardtii	3	0
vdac	porin	Ciona intestinalis	2	0
vdac	porin	Danio rerio	8	0
vdac	porin	Daphnia pulex	2	0
vdac	porin	Dictyostelium discoideum	2	0
vdac	porin	Drosophila melanogaster	7	0
vdac	porin	Escherichia coli	0	0
vdac	porin	Gallus gallus	7	0
vdac	porin	Gloeobacter violaceus	0	0
vdac	porin	Homo sapiens	5	0
vdac	porin	Human immunodeficiency virus type 1	0	0
vdac	porin	Hydra vulgaris	2	0
vdac	porin	Influenza A virus	0	0
vdac	porin	Latimeria chalumnae	5	0
vdac	porin	Lottia gigantea	2	0
vdac	porin	Lymnaea stagnalis	2	0
vdac	porin	Methanothermobacter thermautotrophicus	0	0
vdac	porin	Monodelphis domestica	7	0
vdac	porin	Monosiga brevicollis	2	0
vdac	porin	Mus musculus	5	0
vdac	porin	Nematostella vectensis	2	0
vdac	porin	Ornithorhynchus anatinus	5	0
vdac	porin	Oryza sativa	8	0
vdac	porin	Paramecium tetraurelia	5	0
vdac	porin	Petromyzon marinus	5	0
vdac	porin	Physcomitrium patens	7	0
vdac	porin	Plasmodium falciparum	2	0
vdac	porin	Rattus norvegicus	6	0
vdac	porin	Saccharomyces cerevisiae	3	0
vdac	porin	Schizosaccharomyces pombe	2	0
vdac	porin	Severe acute respiratory syndrome coronavirus 2	0	0
vdac	porin	Streptomyces lividans	0	0
vdac	porin	Strongylocentrotus purpuratus	2	0
vdac	porin	Synechocystis sp. PCC 6803	0	0
vdac	porin	Takifugu rubripes	8	0
vdac	porin	Tetrahymena thermophila	3	0
vdac	porin	Thermus thermophilus	0	0
vdac	porin	Trichoplax adhaerens	2	0
vdac	porin	Trypanosoma brucei	1	1
vdac	porin	Xenopus tropicalis	5	0
viroporin	viroporin	Aliarcobacter butzleri	0	0
viroporin	viroporin	Amphimedon queenslandica	0	0
viroporin	viroporin	Anolis carolinensis	0	0
viroporin	viroporin	Aplysia californica	0	0
viroporin	viroporin	Arabidopsis thaliana	0	0
viroporin	viroporin	Bacillus subtilis	0	0
viroporin	viroporin	Branchiostoma floridae	0	0
viroporin	viroporin	Caenorhabditis elegans	0	0
viroporin	viroporin	Callorhinchus milii	0	0
viroporin	viroporin	Capsaspora owczarzaki	0	0
viroporin	viroporin	Chlamydomonas reinhardtii	0	0
viroporin	viroporin	Ciona intestinalis	0	0
viroporin	viroporin	Danio rerio	0	0
viroporin	viroporin	Daphnia pulex	0	0
viroporin	viroporin	Dictyostelium discoideum	0	0
viroporin	viroporin	Drosophila melanogaster	0	0
viroporin	viroporin	Escherichia coli	0	0
viroporin	viroporin	Gallus gallus	0	0
viroporin	viroporin	Gloeobacter violaceus	0	0
viroporin	viroporin	Homo sapiens	0	0
viroporin	viroporin	Human immunodeficiency virus type 1	1	0
viroporin	viroporin	Hydra vulgaris	0	0
viroporin	viroporin	Influenza A virus	1	0
viroporin	viroporin	Latimeria chalumnae	0	0
viroporin	viroporin	Lottia gigantea	0	0
viroporin	viroporin	Lymnaea stagnalis	0	0
viroporin	viroporin	Methanothermobacter thermautotrophicus	0	0
viroporin	viroporin	Monodelphis domestica	0	0
viroporin	viroporin	Monosiga brevicollis	0	0
viroporin	viroporin	Mus musculus	0	0
viroporin	viroporin	Nematostella vectensis	0	0
viroporin	viroporin	Ornithorhynchus anatinus	0	0
viroporin	viroporin	Oryza sativa	0	0
viroporin	viroporin	Paramecium tetraurelia	0	0
viroporin	viroporin	Petromyzon marinus	0	0
viroporin	viroporin	Physcomitrium patens	0	0
viroporin	viroporin	Plasmodium falciparum	0	0
viroporin	viroporin	Rattus norvegicus	0	0
viroporin	viroporin	Saccharomyces cerevisiae	0	0
viroporin	viroporin	Schizosaccharomyces pombe	0	0
viroporin	viroporin	Severe acute respiratory syndrome coronavirus 2	1	0
viroporin	viroporin	Streptomyces lividans	0	0
viroporin	viroporin	Strongylocentrotus purpuratus	0	0
viroporin	viroporin	Synechocystis sp. PCC 6803	0	0
viroporin	viroporin	Takifugu rubripes	0	0
viroporin	viroporin	Tetrahymena thermophila	0	0
viroporin	viroporin	Thermus thermophilus	0	0
viroporin	viroporin	Trichoplax adhaerens	0	0
viroporin	viroporin	Trypanosoma brucei	0	0
viroporin	viroporin	Xenopus tropicalis	0	0
zac	cysloop	Aliarcobacter butzleri	0	0
zac	cysloop	Amphimedon queenslandica	0	0
zac	cysloop	Anolis carolinensis	0	0
zac	cysloop	Aplysia californica	0	0
zac	cysloop	Arabidopsis thaliana	0	0
zac	cysloop	Bacillus subtilis	0	0
zac	cysloop	Branchiostoma floridae	0	0
zac	cysloop	Caenorhabditis elegans	0	0
zac	cysloop	Callorhinchus milii	0	0
zac	cysloop	Capsaspora owczarzaki	0	0
zac	cysloop	Chlamydomonas reinhardtii	0	0
zac	cysloop	Ciona intestinalis	0	0
zac	cysloop	Danio rerio	0	0
zac	cysloop	Daphnia pulex	0	0
zac	cysloop	Dictyostelium discoideum	0	0
zac	cysloop	Drosophila melanogaster	0	0
zac	cysloop	Escherichia coli	0	0
zac	cysloop	Gallus gallus	0	0
zac	cysloop	Gloeobacter violaceus	0	0
zac	cysloop	Homo sapiens	1	0
zac	cysloop	Human immunodeficiency virus type 1	0	0
zac	cysloop	Hydra vulgaris	0	0
zac	cysloop	Influenza A virus	0	0
zac	cysloop	Latimeria chalumnae	0	0
zac	cysloop	Lottia gigantea	0	0
zac	cysloop	Lymnaea stagnalis	0	0
zac	cysloop	Methanothermobacter thermautotrophicus	0	0
zac	cysloop	Monodelphis domestica	1	0
zac	cysloop	Monosiga brevicollis	0	0
zac	cysloop	Mus musculus	0	0
zac	cysloop	Nematostella vectensis	0	0
zac	cysloop	Ornithorhynchus anatinus	0	0
zac	cysloop	Oryza sativa	0	0
zac	cysloop	Paramecium tetraurelia	0	0
zac	cysloop	Petromyzon marinus	0	0
zac	cysloop	Physcomitrium patens	0	0
zac	cysloop	Plasmodium falciparum	0	0
zac	cysloop	Rattus norvegicus	0	0
zac	cysloop	Saccharomyces cerevisiae	0	0
zac	cysloop	Schizosaccharomyces pombe	0	0
zac	cysloop	Severe acute respiratory syndrome coronavirus 2	0	0
zac	cysloop	Streptomyces lividans	0	0
zac	cysloop	Strongylocentrotus purpuratus	0	0
zac	cysloop	Synechocystis sp. PCC 6803	0	0
zac	cysloop	Takifugu rubripes	0	0
zac	cysloop	Tetrahymena thermophila	0	0
zac	cysloop	Thermus thermophilus	0	0
zac	cysloop	Trichoplax adhaerens	0	0
zac	cysloop	Trypanosoma brucei	0	0
zac	cysloop	Xenopus tropicalis	0	0
