target	species	group	length	v3_family	p_confidence	win_score	win_coverage	runner	rel_margin
sp|A0A075B734|AQP7B_HUMAN	Homo sapiens	vertebrate	346	outofscope_aquaporin	high	310.5	0.9395		1.0
sp|A0A0A6YXX9|CTSEL_MOUSE	Mus musculus	vertebrate	775	assoc_catsper_aux	high	281.3	0.6767		1.0
sp|A0A140LI88|ANR31_MOUSE	Mus musculus	vertebrate	1857	trpn	medium	86.1	0.356	trpa	0.3635
sp|A0A5K1K8H0|CDPK5_PLAF7	Plasmodium falciparum	apicomplexa	568	nonchannel_ncs	high	40.6	0.5648	assoc_kchip	0.4015
sp|A0A8I6A2H6|MICU3_RAT	Rattus norvegicus	vertebrate	523	assoc_mcu_reg	high	630.0	0.9775		1.0
sp|A0FKN5|S26A5_CHICK	Gallus gallus	vertebrate	742	transporter_slc26	high	939.7	0.9681		1.0
sp|A0JM41|MYP0_XENTR	Xenopus tropicalis	vertebrate	243	assoc_nav_beta	high	97.7	0.7634		1.0
sp|A0PJX0|CIB4_HUMAN	Homo sapiens	vertebrate	185	nonchannel_ncs	high	43.5	0.9171	assoc_kchip	0.3356
sp|A1KZ92|PXDNL_HUMAN	Homo sapiens	vertebrate	1463	assoc_k_beta	high	59.1	0.5302	lrrc8	0.3452
sp|A2AQ92|DUOX1_MOUSE	Mus musculus	vertebrate	1551	nonchannel_ncs	high	60.6	0.5855	assoc_kchip	0.5099
sp|A2ASZ8|SCMC2_MOUSE	Mus musculus	vertebrate	469	nonchannel_ncs	high	31.0	0.5907		1.0
sp|A2CEQ0|SCM2B_DANRE	Danio rerio	vertebrate	469	nonchannel_ncs	high	30.5	0.5907		1.0
sp|A2RTF1|CTSRB_MOUSE	Mus musculus	vertebrate	1109	assoc_catsper_aux	high	600.9	0.9786		1.0
sp|A2VDH3|LRC38_MOUSE	Mus musculus	vertebrate	298	assoc_k_beta	high	288.2	0.874	lrrc8	0.9039
sp|A2VEI2|MICU1_DROME	Drosophila melanogaster	invertebrate	525	assoc_mcu_reg	high	368.9	0.8378	nonchannel_ncs	0.887
sp|A2ZVI7|CDPK1_ORYSJ	Oryza sativa	plant	518	nonchannel_ncs	high	42.9	0.5803		1.0
sp|A3KGB4|TBC8B_MOUSE	Mus musculus	vertebrate	1114	nonchannel_ncs	medium	30.0	0.342		1.0
sp|A3KNN3|LRC3B_DANRE	Danio rerio	vertebrate	258	assoc_k_beta	medium	53.0	0.3412	lrrc8	0.5453
sp|A4IG32|MICU1_DANRE	Danio rerio	vertebrate	489	assoc_mcu_reg	high	524.4	0.9347		1.0
sp|A4IGL7|PXDN_XENTR	Xenopus tropicalis	vertebrate	1457	assoc_k_beta	medium	59.4	0.5801	lrrc8	0.2121
sp|A4IIF2|S26A9_XENTR	Xenopus tropicalis	vertebrate	794	transporter_slc26	high	847.4	0.9695		1.0
sp|A4IIV4|GSG1L_XENTR	Xenopus tropicalis	vertebrate	322	assoc_iglur_aux	high	84.4	0.5995		1.0
sp|A4IIW9|LIGO1_XENTR	Xenopus tropicalis	vertebrate	606	assoc_k_beta	medium	81.0	0.4462	lrrc8	0.2642
sp|A6NL88|SHSA7_HUMAN	Homo sapiens	vertebrate	538	assoc_iglur_aux	high	406.5	0.9894		1.0
sp|A6NLU5|VTM2B_HUMAN	Homo sapiens	vertebrate	285	assoc_nav_beta	high	36.8	0.6116		1.0
sp|A6NM10|AQ12B_HUMAN	Homo sapiens	vertebrate	295	outofscope_aquaporin	high	215.3	0.9573		1.0
sp|A7MC48|SHSA9_XENTR	Xenopus tropicalis	vertebrate	390	assoc_iglur_aux	high	305.4	0.8064		1.0
sp|A7VL23|KCMB3_RAT	Rattus norvegicus	vertebrate	239	assoc_k_beta	high	114.1	0.6194		1.0
sp|A8K7I4|CLCA1_HUMAN	Homo sapiens	vertebrate	914	assoc_clc_aux	high	1735.1	0.9859		1.0
sp|A8MUP6|GS1L2_HUMAN	Homo sapiens	vertebrate	293	assoc_iglur_aux	medium	39.1	0.3793		1.0
sp|A8WHP9|LRRC3_DANRE	Danio rerio	vertebrate	266	assoc_k_beta	medium	60.7	0.336	lrrc8	0.5091
sp|A9JTH1|NCLDA_DANRE	Danio rerio	vertebrate	193	nonchannel_ncs	high	334.5	0.9896	assoc_kchip	0.4332
sp|B0R0W9|TBC8B_DANRE	Danio rerio	vertebrate	1108	nonchannel_ncs	high	39.7	0.5699	assoc_kchip	0.3098
sp|B1H134|FLRT3_XENTR	Xenopus tropicalis	vertebrate	648	assoc_k_beta	medium	68.8	0.5617	lrrc8	0.2733
sp|B1H234|FLRT3_RAT	Rattus norvegicus	vertebrate	649	assoc_k_beta	medium	72.0	0.4961	lrrc8	0.3375
sp|B1H2N3|MICU1_XENTR	Xenopus tropicalis	vertebrate	473	assoc_mcu_reg	high	567.7	0.9617	nonchannel_ncs	0.9341
sp|B2GUP8|MITOS_XENTR	Xenopus tropicalis	vertebrate	688	nonchannel_abc_transporter	medium	372.3	0.4371	assoc_sur	0.5804
sp|B2RX12|MRP3_MOUSE	Mus musculus	vertebrate	1523	nonchannel_abc_transporter	high	1798.2	0.9862	assoc_sur	0.5315
sp|B3DHW5|SHA9B_DANRE	Danio rerio	vertebrate	393	assoc_iglur_aux	high	266.0	0.8859		1.0
sp|B3DLU1|NCALD_XENTR	Xenopus tropicalis	vertebrate	193	nonchannel_ncs	high	337.2	0.9896	assoc_kchip	0.4395
sp|B4DS77|SHSA9_HUMAN	Homo sapiens	vertebrate	424	assoc_iglur_aux	high	426.4	0.9947		1.0
sp|B4F7C5|LRRT4_RAT	Rattus norvegicus	vertebrate	590	assoc_k_beta	high	89.3	0.5118		1.0
sp|B5DFM7|CTSRD_RAT	Rattus norvegicus	vertebrate	803	assoc_catsper_aux	high	380.1	0.7039		1.0
sp|B5X0E4|ABCB5_MOUSE	Mus musculus	vertebrate	1255	nonchannel_abc_transporter	medium	662.7	0.4218	assoc_sur	0.6169
sp|B8ZZ34|SHSA8_HUMAN	Homo sapiens	vertebrate	397	assoc_iglur_aux	high	279.5	0.8966		1.0
sp|B9FKW9|CDPKE_ORYSJ	Oryza sativa	plant	522	nonchannel_ncs	high	46.6	0.7513	assoc_kchip	0.324
sp|C6K2K4|NETO2_RAT	Rattus norvegicus	vertebrate	525	assoc_iglur_aux	high	384.2	0.9576		1.0
sp|C6KI89|CTSG2_MOUSE	Mus musculus	vertebrate	1145	assoc_catsper_aux	high	504.2	0.9621		1.0
sp|D3Z7H4|GSG1L_MOUSE	Mus musculus	vertebrate	322	assoc_iglur_aux	high	218.2	0.8806		1.0
sp|D3ZK93|GSG1L_RAT	Rattus norvegicus	vertebrate	322	assoc_iglur_aux	high	217.8	0.8806		1.0
sp|D3ZTV3|FLRT2_RAT	Rattus norvegicus	vertebrate	660	assoc_k_beta	high	91.5	0.5092	lrrc8	0.4372
sp|D4A055|CACB4_RAT	Rattus norvegicus	vertebrate	519	assoc_cav_aux	high	468.0	0.7421		1.0
sp|D4A6L0|MGLYR_RAT	Rattus norvegicus	vertebrate	1202	nonchannel_class_c_gpcr	medium	74.0	0.3311		1.0
sp|E7F6F7|ABCB7_DANRE	Danio rerio	vertebrate	743	nonchannel_abc_transporter	medium	343.4	0.4264	assoc_sur	0.6133
sp|E7FBY6|AGRA2_DANRE	Danio rerio	vertebrate	1367	assoc_k_beta	medium	56.8	0.3071	lrrc8	0.5229
sp|E9PY61|GP179_MOUSE	Mus musculus	vertebrate	2293	nonchannel_class_c_gpcr	medium	74.2	0.322		1.0
sp|E9Q0S6|TENS1_MOUSE	Mus musculus	vertebrate	1888	nonchannel_vsp	high	126.6	0.5453		1.0
sp|E9Q236|MRP4_MOUSE	Mus musculus	vertebrate	1325	nonchannel_abc_transporter	high	1690.8	0.9655	cftr	0.4335
sp|E9Q355|CTSG1_MOUSE	Mus musculus	vertebrate	1151	assoc_catsper_aux	high	514.8	0.9553		1.0
sp|E9Q6I0|V2116_MOUSE	Mus musculus	vertebrate	856	nonchannel_class_c_gpcr	high	450.6	0.8701		1.0
sp|E9Q7T7|CHADL_MOUSE	Mus musculus	vertebrate	748	assoc_k_beta	medium	199.4	0.5354	lrrc8	0.2798
sp|E9Q9F6|CTSRD_MOUSE	Mus musculus	vertebrate	805	assoc_catsper_aux	high	352.8	0.699		1.0
sp|F1LX07|S2512_RAT	Rattus norvegicus	vertebrate	676	assoc_mcu_reg	high	54.2	0.5248		1.0
sp|F1LZW6|S2513_RAT	Rattus norvegicus	vertebrate	676	assoc_mcu_reg	high	50.3	0.5946		1.0
sp|F1M3J4|MRP4_RAT	Rattus norvegicus	vertebrate	1325	nonchannel_abc_transporter	high	1681.9	0.9655	cftr	0.4345
sp|F1NUK7|FLRT3_CHICK	Gallus gallus	vertebrate	647	assoc_k_beta	medium	65.1	0.4987	lrrc8	0.2197
sp|F1Q8R9|POMT2_DANRE	Danio rerio	vertebrate	756	nonchannel_pomt	high	958.0	0.9175		1.0
sp|F1QF89|POMT1_DANRE	Danio rerio	vertebrate	720	nonchannel_pomt	high	1005.9	0.9384		1.0
sp|F4HTV4|RLP14_ARATH	Arabidopsis thaliana	plant	976	lrrc8	medium	135.0	0.3113		1.0
sp|F4K4T3|RLP56_ARATH	Arabidopsis thaliana	plant	947	lrrc8	medium	137.6	0.3051		1.0
sp|F8VPZ3|UBP32_MOUSE	Mus musculus	vertebrate	1604	nonchannel_ncs	medium	83.9	0.544	assoc_kchip	0.2825
sp|G5ECB2|GABR2_CAEEL	Caenorhabditis elegans	invertebrate	842	nonchannel_class_c_gpcr	high	326.0	0.6452		1.0
sp|G5EDN6|CANB_CAEEL	Caenorhabditis elegans	invertebrate	171	nonchannel_ncs	high	71.8	0.7979	assoc_kchip	0.3398
sp|G5EE01|PTEN_CAEEL	Caenorhabditis elegans	invertebrate	962	nonchannel_vsp	medium	138.6	0.3641		1.0
sp|G5EE72|MRP5_CAEEL	Caenorhabditis elegans	invertebrate	1427	nonchannel_abc_transporter	high	1189.1	0.9701	assoc_sur	0.4983
sp|G5EF60|STIM1_CAEEL	Caenorhabditis elegans	invertebrate	530	assoc_stim	medium	192.7	0.4087		1.0
sp|G5EFD4|HMT1_CAEEL	Caenorhabditis elegans	invertebrate	801	nonchannel_abc_transporter	medium	367.6	0.4417	assoc_sur	0.5702
sp|G5EFX6|SLIT1_CAEEL	Caenorhabditis elegans	invertebrate	1410	assoc_k_beta	medium	213.6	0.4908		1.0
sp|G5EG61|PGP14_CAEEL	Caenorhabditis elegans	invertebrate	1327	nonchannel_abc_transporter	medium	686.9	0.4778	assoc_sur	0.6189
sp|G5EG78|PXDN2_CAEEL	Caenorhabditis elegans	invertebrate	1328	assoc_k_beta	medium	58.3	0.4934	lrrc8	0.4374
sp|H2L045|TENSH_CAEEL	Caenorhabditis elegans	invertebrate	1354	nonchannel_vsp	medium	48.6	0.3134		1.0
sp|H2L0Q3|GABR1_CAEEL	Caenorhabditis elegans	invertebrate	899	nonchannel_class_c_gpcr	high	370.1	0.826	nmda	0.9365
sp|J3QNX5|SHSA8_MOUSE	Mus musculus	vertebrate	399	assoc_iglur_aux	high	236.8	0.9178		1.0
sp|M9PD06|UBP32_DROME	Drosophila melanogaster	invertebrate	1779	nonchannel_ncs	medium	61.6	0.3938	assoc_kchip	0.151
sp|O00206|TLR4_HUMAN	Homo sapiens	vertebrate	839	assoc_k_beta	high	58.2	0.6693		1.0
sp|O00222|GRM8_HUMAN	Homo sapiens	vertebrate	908	nonchannel_class_c_gpcr	high	1312.3	0.9876		1.0
sp|O00305|CACB4_HUMAN	Homo sapiens	vertebrate	520	assoc_cav_aux	high	470.5	0.7435		1.0
sp|O01305|CAVP_BRAFL	Branchiostoma floridae	deuterostome	162	nonchannel_ncs	medium	36.2	0.3575		1.0
sp|O02367|CALM_CIOIN	Ciona intestinalis	deuterostome	149	nonchannel_ncs	high	58.4	0.5648		1.0
sp|O04289|SUT32_ARATH	Arabidopsis thaliana	plant	646	transporter_slc26	high	385.0	0.8155		1.0
sp|O04722|SUT21_ARATH	Arabidopsis thaliana	plant	677	transporter_slc26	high	369.1	0.8377		1.0
sp|O06967|BMRA_BACSU	Bacillus subtilis	prokaryote	589	nonchannel_abc_transporter	medium	366.7	0.4248	assoc_sur	0.6613
sp|O06984|YVDB_BACSU	Bacillus subtilis	prokaryote	530	transporter_slc26	high	191.9	0.6144		1.0
sp|O07549|BMRD_BACSU	Bacillus subtilis	prokaryote	673	nonchannel_abc_transporter	medium	418.2	0.3995	assoc_sur	0.5117
sp|O07550|BMRC_BACSU	Bacillus subtilis	prokaryote	585	nonchannel_abc_transporter	medium	339.9	0.4333	assoc_sur	0.6137
sp|O08532|CA2D1_MOUSE	Mus musculus	vertebrate	1103	assoc_cav_aux	high	761.8	0.9726		1.0
sp|O08586|PTEN_MOUSE	Mus musculus	vertebrate	403	nonchannel_vsp	high	251.0	0.5453		1.0
sp|O09131|GSTO1_MOUSE	Mus musculus	vertebrate	240	clic	medium	30.1	0.4216		1.0
sp|O13898|PMT1_SCHPO	Schizosaccharomyces pombe	fungi	893	nonchannel_pomt	high	313.3	0.9175		1.0
sp|O14286|ATM1_SCHPO	Schizosaccharomyces pombe	fungi	693	nonchannel_abc_transporter	medium	361.7	0.4632	assoc_sur	0.6713
sp|O14498|ISLR_HUMAN	Homo sapiens	vertebrate	428	assoc_k_beta	medium	59.0	0.5984	lrrc8	0.2068
sp|O14520|AQP7_HUMAN	Homo sapiens	vertebrate	342	outofscope_aquaporin	high	345.5	0.9858		1.0
sp|O15182|CETN3_HUMAN	Homo sapiens	vertebrate	167	nonchannel_ncs	medium	40.2	0.456		1.0
sp|O15303|GRM6_HUMAN	Homo sapiens	vertebrate	877	nonchannel_class_c_gpcr	high	1242.2	0.9593	nmda	0.9778
sp|O15335|CHAD_HUMAN	Homo sapiens	vertebrate	359	assoc_k_beta	medium	85.7	0.4068	lrrc8	0.1634
sp|O15438|MRP3_HUMAN	Homo sapiens	vertebrate	1527	nonchannel_abc_transporter	high	1879.7	0.9969	assoc_sur	0.5666
sp|O15439|MRP4_HUMAN	Homo sapiens	vertebrate	1325	nonchannel_abc_transporter	high	1766.4	0.9663	cftr	0.4605
sp|O15440|MRP5_HUMAN	Homo sapiens	vertebrate	1437	nonchannel_abc_transporter	high	1850.9	0.9977	assoc_sur	0.6035
sp|O15455|TLR3_HUMAN	Homo sapiens	vertebrate	904	assoc_k_beta	medium	89.6	0.3832		1.0
sp|O16305|CALM_CAEEL	Caenorhabditis elegans	invertebrate	149	nonchannel_ncs	high	57.8	0.5648		1.0
sp|O22588|TIP32_ARATH	Arabidopsis thaliana	plant	267	outofscope_aquaporin	high	199.0	0.8826		1.0
sp|O22845|CML5_ARATH	Arabidopsis thaliana	plant	215	nonchannel_ncs	high	44.5	0.5751		1.0
sp|O23016|KCAB_ARATH	Arabidopsis thaliana	plant	328	assoc_k_beta	high	55.7	0.8163		1.0
sp|O23184|CML19_ARATH	Arabidopsis thaliana	plant	167	nonchannel_ncs	high	44.0	0.5959		1.0
sp|O23320|CML8_ARATH	Arabidopsis thaliana	plant	151	nonchannel_ncs	high	55.3	0.5492		1.0
sp|O26206|AQPM_METTH	Methanothermobacter thermautotrophicus	prokaryote	246	outofscope_aquaporin	high	151.3	0.8149		1.0
sp|O31707|YKNU_BACSU	Bacillus subtilis	prokaryote	585	nonchannel_abc_transporter	medium	391.3	0.4271	assoc_sur	0.5599
sp|O31708|YKNV_BACSU	Bacillus subtilis	prokaryote	604	nonchannel_abc_transporter	medium	417.5	0.4463	assoc_sur	0.5665
sp|O35379|MRP1_MOUSE	Mus musculus	vertebrate	1528	nonchannel_abc_transporter	high	1877.5	0.9969	assoc_sur	0.532
sp|O35648|CETN3_MOUSE	Mus musculus	vertebrate	167	nonchannel_ncs	medium	40.4	0.456		1.0
sp|O42933|PMT4_SCHPO	Schizosaccharomyces pombe	fungi	778	nonchannel_pomt	high	448.3	0.9323		1.0
sp|O43155|FLRT2_HUMAN	Homo sapiens	vertebrate	660	assoc_k_beta	high	90.2	0.5092	lrrc8	0.4612
sp|O43315|AQP9_HUMAN	Homo sapiens	vertebrate	295	outofscope_aquaporin	high	355.5	0.9431		1.0
sp|O43448|KCAB3_HUMAN	Homo sapiens	vertebrate	404	assoc_k_beta	high	276.1	0.8924		1.0
sp|O43511|S26A4_HUMAN	Homo sapiens	vertebrate	780	transporter_slc26	high	1019.5	0.9709		1.0
sp|O43745|CHP2_HUMAN	Homo sapiens	vertebrate	196	nonchannel_ncs	medium	44.6	0.399	assoc_kchip	0.2982
sp|O45405|EXL1_CAEEL	Caenorhabditis elegans	invertebrate	238	clic	high	107.6	0.8014		1.0
sp|O49717|CDPKF_ARATH	Arabidopsis thaliana	plant	554	nonchannel_ncs	high	37.6	0.5751		1.0
sp|O54794|AQP7_MOUSE	Mus musculus	vertebrate	303	outofscope_aquaporin	high	308.1	0.9253		1.0
sp|O54857|PTEN_RAT	Rattus norvegicus	vertebrate	403	nonchannel_vsp	high	251.7	0.5453		1.0
sp|O55226|CHAD_MOUSE	Mus musculus	vertebrate	358	assoc_k_beta	medium	83.2	0.4094	lrrc8	0.1406
sp|O59782|SULH3_SCHPO	Schizosaccharomyces pombe	fungi	667	transporter_slc26	high	230.1	0.7989		1.0
sp|O60359|CCG3_HUMAN	Homo sapiens	vertebrate	315	assoc_cav_aux	high	270.6	0.5748		1.0
sp|O60443|GSDME_HUMAN	Homo sapiens	vertebrate	496	nonchannel_gasdermin	high	545.9	0.9958		1.0
sp|O60487|MPZL2_HUMAN	Homo sapiens	vertebrate	215	assoc_nav_beta	high	91.6	0.8527		1.0
sp|O60602|TLR5_HUMAN	Homo sapiens	vertebrate	858	assoc_k_beta	high	60.7	0.5564		1.0
sp|O60603|TLR2_HUMAN	Homo sapiens	vertebrate	784	assoc_k_beta	medium	54.3	0.3858		1.0
sp|O60706|ABCC9_HUMAN	Homo sapiens	vertebrate	1549	assoc_sur	high	3394.6	1.0	nonchannel_abc_transporter	0.6613
sp|O60939|SCN2B_HUMAN	Homo sapiens	vertebrate	215	assoc_nav_beta	high	316.4	1.0		1.0
sp|O62179|GCY20_CAEEL	Caenorhabditis elegans	invertebrate	1108	nonchannel_class_c_gpcr	medium	35.9	0.4441		1.0
sp|O70127|ABCBB_RAT	Rattus norvegicus	vertebrate	1321	nonchannel_abc_transporter	medium	675.9	0.4118	assoc_sur	0.6159
sp|O70210|CHAD_RAT	Rattus norvegicus	vertebrate	358	assoc_k_beta	medium	83.0	0.4042	lrrc8	0.141
sp|O70255|MPZL2_MOUSE	Mus musculus	vertebrate	215	assoc_nav_beta	high	104.2	0.9062		1.0
sp|O70410|V2R1_MOUSE	Mus musculus	vertebrate	912	nonchannel_class_c_gpcr	high	677.6	0.9062		1.0
sp|O70531|S26A2_RAT	Rattus norvegicus	vertebrate	739	transporter_slc26	high	878.6	0.9404		1.0
sp|O70578|CCG1_MOUSE	Mus musculus	vertebrate	223	assoc_cav_aux	medium	110.4	0.4294		1.0
sp|O70595|ABCB6_RAT	Rattus norvegicus	vertebrate	836	nonchannel_abc_transporter	medium	353.9	0.3926	assoc_sur	0.6327
sp|O74377|SULH1_SCHPO	Schizosaccharomyces pombe	fungi	877	transporter_slc26	high	345.0	0.8585		1.0
sp|O74435|CDC31_SCHPO	Schizosaccharomyces pombe	fungi	176	nonchannel_ncs	medium	36.6	0.4611		1.0
sp|O75027|ABCB7_HUMAN	Homo sapiens	vertebrate	752	nonchannel_abc_transporter	medium	344.7	0.4172	cftr	0.6472
sp|O75061|AUXI_HUMAN	Homo sapiens	vertebrate	913	nonchannel_vsp	high	97.0	0.558		1.0
sp|O75093|SLIT1_HUMAN	Homo sapiens	vertebrate	1534	assoc_k_beta	high	284.0	0.5039	lrrc8	0.5106
sp|O75094|SLIT3_HUMAN	Homo sapiens	vertebrate	1523	assoc_k_beta	high	259.5	0.5512	lrrc8	0.499
sp|O75325|LRRN2_HUMAN	Homo sapiens	vertebrate	713	assoc_k_beta	medium	102.2	0.4961	lrrc8	0.5088
sp|O75746|S2512_HUMAN	Homo sapiens	vertebrate	678	assoc_mcu_reg	high	54.8	0.5428		1.0
sp|O75899|GABR2_HUMAN	Homo sapiens	vertebrate	941	nonchannel_class_c_gpcr	high	706.8	0.9311		1.0
sp|O80725|AB4B_ARATH	Arabidopsis thaliana	plant	1286	nonchannel_abc_transporter	medium	696.7	0.4594	assoc_sur	0.599
sp|O81445|CNBL1_ARATH	Arabidopsis thaliana	plant	213	nonchannel_ncs	high	83.4	0.8808	assoc_kchip	0.3393
sp|O82316|TIP41_ARATH	Arabidopsis thaliana	plant	249	outofscope_aquaporin	high	190.8	0.8505		1.0
sp|O82598|TIP13_ARATH	Arabidopsis thaliana	plant	252	outofscope_aquaporin	high	172.7	0.8221		1.0
sp|O82659|CML20_ARATH	Arabidopsis thaliana	plant	169	nonchannel_ncs	high	43.3	0.5855		1.0
sp|O88269|MRP6_RAT	Rattus norvegicus	vertebrate	1502	nonchannel_abc_transporter	high	1601.2	0.9862	assoc_sur	0.605
sp|O88279|SLIT1_RAT	Rattus norvegicus	vertebrate	1531	assoc_k_beta	high	287.9	0.5039	lrrc8	0.5186
sp|O88280|SLIT3_RAT	Rattus norvegicus	vertebrate	1523	assoc_k_beta	high	266.0	0.5564	lrrc8	0.4925
sp|O88563|MRP3_RAT	Rattus norvegicus	vertebrate	1522	nonchannel_abc_transporter	high	1740.8	0.9954	assoc_sur	0.5144
sp|O88602|CCG2_MOUSE	Mus musculus	vertebrate	323	assoc_cav_aux	high	286.8	0.5761		1.0
sp|O88673|DGKA_MOUSE	Mus musculus	vertebrate	730	nonchannel_ncs	high	38.3	0.5803		1.0
sp|O88792|JAM1_MOUSE	Mus musculus	vertebrate	300	assoc_nav_beta	high	32.5	0.6116		1.0
sp|O88871|GABR2_RAT	Rattus norvegicus	vertebrate	940	nonchannel_class_c_gpcr	high	695.3	0.9311	kainate	0.9581
sp|O94526|PTEN_SCHPO	Schizosaccharomyces pombe	fungi	348	nonchannel_vsp	medium	104.6	0.3116		1.0
sp|O94778|AQP8_HUMAN	Homo sapiens	vertebrate	261	outofscope_aquaporin	high	266.3	0.8754		1.0
sp|O94813|SLIT2_HUMAN	Homo sapiens	vertebrate	1529	assoc_k_beta	high	274.1	0.5276	lrrc8	0.5148
sp|O95255|MRP6_HUMAN	Homo sapiens	vertebrate	1503	nonchannel_abc_transporter	high	1771.2	0.9969	assoc_sur	0.6146
sp|O95297|MPZL1_HUMAN	Homo sapiens	vertebrate	269	assoc_nav_beta	high	87.9	0.8214		1.0
sp|O95342|ABCBB_HUMAN	Homo sapiens	vertebrate	1321	nonchannel_abc_transporter	medium	679.2	0.4118	assoc_sur	0.6019
sp|O95843|GUC1C_HUMAN	Homo sapiens	vertebrate	209	nonchannel_ncs	high	241.4	0.9067	assoc_kchip	0.6036
sp|O95970|LGI1_HUMAN	Homo sapiens	vertebrate	557	assoc_k_beta	medium	64.8	0.4934		1.0
sp|P02585|TNNC2_HUMAN	Homo sapiens	vertebrate	160	nonchannel_ncs	high	54.5	0.5596	assoc_kchip	0.4
sp|P02588|TNNC2_CHICK	Gallus gallus	vertebrate	163	nonchannel_ncs	high	52.1	0.5596	assoc_kchip	0.4568
sp|P02597|CALMS_CHICK	Gallus gallus	vertebrate	149	nonchannel_ncs	high	61.2	0.5544		1.0
sp|P02599|CALM_DICDI	Dictyostelium discoideum	amoebozoa	152	nonchannel_ncs	high	58.9	0.5596		1.0
sp|P02931|OMPF_ECOLI	Escherichia coli	prokaryote	362	outofscope_bacterial_porin	high	834.6	1.0		1.0
sp|P02932|PHOE_ECOLI	Escherichia coli	prokaryote	351	outofscope_bacterial_porin	high	459.6	0.9972		1.0
sp|P04109|SPE1A_STRPU	Strongylocentrotus purpuratus	deuterostome	152	nonchannel_ncs	high	39.5	0.7876		1.0
sp|P04110|SPE2A_STRPU	Strongylocentrotus purpuratus	deuterostome	150	nonchannel_ncs	high	41.5	0.5596		1.0
sp|P04354|CALB1_CHICK	Gallus gallus	vertebrate	262	nonchannel_ncs	medium	52.5	0.3731		1.0
sp|P04630|CALL_CAEEL	Caenorhabditis elegans	invertebrate	161	nonchannel_ncs	high	52.8	0.5699		1.0
sp|P05419|CALN_CHICK	Gallus gallus	vertebrate	131	nonchannel_ncs	high	53.9	0.544		1.0
sp|P05933|CALM_SCHPO	Schizosaccharomyces pombe	fungi	150	nonchannel_ncs	medium	54.0	0.5596	assoc_kchip	0.2833
sp|P06787|CALM_YEAST	Saccharomyces cerevisiae	fungi	147	nonchannel_ncs	medium	46.1	0.342		1.0
sp|P06795|MDR1B_MOUSE	Mus musculus	vertebrate	1276	nonchannel_abc_transporter	medium	696.9	0.4617	assoc_sur	0.6209
sp|P06907|MYP0_RAT	Rattus norvegicus	vertebrate	248	assoc_nav_beta	high	90.3	0.8438		1.0
sp|P06996|OMPC_ECOLI	Escherichia coli	prokaryote	367	outofscope_bacterial_porin	high	432.3	0.9972		1.0
sp|P07463|CALM_PARTE	Paramecium tetraurelia	ciliate	149	nonchannel_ncs	high	57.4	0.5648		1.0
sp|P08183|MDR1_HUMAN	Homo sapiens	vertebrate	1280	nonchannel_abc_transporter	medium	700.6	0.4701	assoc_sur	0.6326
sp|P09011|MIP_RAT	Rattus norvegicus	vertebrate	263	outofscope_aquaporin	high	280.6	0.911		1.0
sp|P09860|TNNC1_CHICK	Gallus gallus	vertebrate	161	nonchannel_ncs	high	46.0	0.8187		1.0
sp|P0AAG5|MDLB_ECOLI	Escherichia coli	prokaryote	593	nonchannel_abc_transporter	medium	392.0	0.4233	assoc_sur	0.5
sp|P0AER0|GLPF_ECOLI	Escherichia coli	prokaryote	281	outofscope_aquaporin	high	199.9	0.8399		1.0
sp|P0AFR2|DAUA_ECOLI	Escherichia coli	prokaryote	559	transporter_slc26	high	162.1	0.6949		1.0
sp|P0C192|LRC4B_MOUSE	Mus musculus	vertebrate	709	assoc_k_beta	medium	107.6	0.5092	lrrc8	0.2853
sp|P0C1Q3|PCAT2_RAT	Rattus norvegicus	vertebrate	544	nonchannel_ncs	medium	53.6	0.3264	assoc_kchip	0.222
sp|P0C673|IGS11_MOUSE	Mus musculus	vertebrate	428	assoc_nav_beta	high	63.5	0.558		1.0
sp|P0C6S8|LIGO3_HUMAN	Homo sapiens	vertebrate	592	assoc_k_beta	medium	105.7	0.4934	lrrc8	0.3718
sp|P0C7U0|ELFN1_HUMAN	Homo sapiens	vertebrate	828	assoc_k_beta	medium	36.1	0.3832		1.0
sp|P0CC10|LRC4B_RAT	Rattus norvegicus	vertebrate	709	assoc_k_beta	medium	107.6	0.5066	lrrc8	0.2853
sp|P0CD91|AQY1_YEAST	Saccharomyces cerevisiae	fungi	305	outofscope_aquaporin	high	123.7	0.8612		1.0
sp|P0CD98|YLL53_YEAST	Saccharomyces cerevisiae	fungi	152	outofscope_aquaporin	medium	78.4	0.3772		1.0
sp|P0CE68|NFT1_YEAST	Saccharomyces cerevisiae	fungi	1218	nonchannel_abc_transporter	high	581.0	0.7132	assoc_sur	0.4083
sp|P0DH95|CALM1_ARATH	Arabidopsis thaliana	plant	149	nonchannel_ncs	high	57.9	0.5648		1.0
sp|P0DH96|CALM4_ARATH	Arabidopsis thaliana	plant	149	nonchannel_ncs	high	57.9	0.5648		1.0
sp|P0DH97|CALM2_ARATH	Arabidopsis thaliana	plant	149	nonchannel_ncs	high	58.5	0.5648		1.0
sp|P0DH98|CALM3_ARATH	Arabidopsis thaliana	plant	149	nonchannel_ncs	high	58.5	0.5648		1.0
sp|P0DKB5|TPBGL_HUMAN	Homo sapiens	vertebrate	382	assoc_k_beta	medium	30.4	0.4934		1.0
sp|P0DP23|CALM1_HUMAN	Homo sapiens	vertebrate	149	nonchannel_ncs	high	60.4	0.5648		1.0
sp|P0DP24|CALM2_HUMAN	Homo sapiens	vertebrate	149	nonchannel_ncs	high	60.4	0.5648		1.0
sp|P0DP25|CALM3_HUMAN	Homo sapiens	vertebrate	149	nonchannel_ncs	high	60.4	0.5648		1.0
sp|P0DP26|CALM1_MOUSE	Mus musculus	vertebrate	149	nonchannel_ncs	high	60.4	0.5648		1.0
sp|P0DP27|CALM2_MOUSE	Mus musculus	vertebrate	149	nonchannel_ncs	high	60.4	0.5648		1.0
sp|P0DP28|CALM3_MOUSE	Mus musculus	vertebrate	149	nonchannel_ncs	high	60.4	0.5648		1.0
sp|P0DP29|CALM1_RAT	Rattus norvegicus	vertebrate	149	nonchannel_ncs	high	60.4	0.5648		1.0
sp|P0DP30|CALM2_RAT	Rattus norvegicus	vertebrate	149	nonchannel_ncs	high	60.4	0.5648		1.0
sp|P0DP31|CALM3_RAT	Rattus norvegicus	vertebrate	149	nonchannel_ncs	high	60.4	0.5648		1.0
sp|P0DP43|CTSRE_MOUSE	Mus musculus	vertebrate	985	assoc_catsper_aux	high	493.1	0.8699		1.0
sp|P0DPA2|VSIG8_HUMAN	Homo sapiens	vertebrate	414	assoc_nav_beta	high	45.9	0.5268		1.0
sp|P12866|STE6_YEAST	Saccharomyces cerevisiae	fungi	1290	nonchannel_abc_transporter	medium	527.1	0.4371	assoc_sur	0.6044
sp|P13833|MLR_DICDI	Dictyostelium discoideum	amoebozoa	161	nonchannel_ncs	medium	36.3	0.3316		1.0
sp|P14740|DPP4_RAT	Rattus norvegicus	vertebrate	767	assoc_k_beta	high	46.7	0.5512		1.0
sp|P14772|BPT1_YEAST	Saccharomyces cerevisiae	fungi	1559	nonchannel_abc_transporter	high	1207.8	0.9509	assoc_sur	0.4218
sp|P15382|KCNE1_HUMAN	Homo sapiens	vertebrate	129	assoc_kcne	high	145.3	0.9606		1.0
sp|P15383|KCNE1_RAT	Rattus norvegicus	vertebrate	130	assoc_kcne	high	111.6	0.9291		1.0
sp|P18156|GLPF_BACSU	Bacillus subtilis	prokaryote	274	outofscope_aquaporin	high	155.2	0.8149		1.0
sp|P19123|TNNC1_MOUSE	Mus musculus	vertebrate	161	nonchannel_ncs	high	45.4	0.8187		1.0
sp|P20395|FSHR_RAT	Rattus norvegicus	vertebrate	692	assoc_k_beta	medium	37.1	0.4462		1.0
sp|P20801|TNNC2_MOUSE	Mus musculus	vertebrate	160	nonchannel_ncs	high	54.2	0.5544	assoc_kchip	0.3967
sp|P21420|NMPC_ECOLI	Escherichia coli	prokaryote	365	outofscope_bacterial_porin	high	423.9	0.9807		1.0
sp|P21439|MDR3_HUMAN	Homo sapiens	vertebrate	1286	nonchannel_abc_transporter	medium	672.3	0.4279	assoc_sur	0.6295
sp|P21440|MDR3_MOUSE	Mus musculus	vertebrate	1276	nonchannel_abc_transporter	medium	679.1	0.441	assoc_sur	0.6202
sp|P21447|MDR1A_MOUSE	Mus musculus	vertebrate	1276	nonchannel_abc_transporter	medium	701.6	0.4517	assoc_sur	0.6304
sp|P21958|TAP1_MOUSE	Mus musculus	vertebrate	724	nonchannel_abc_transporter	medium	315.9	0.4248	assoc_sur	0.6464
sp|P22040|Y415_SYNY3	Synechocystis sp. PCC 6803	prokaryote	354	nonchannel_abc_transporter	high	42.4	0.6396	cftr	0.4269
sp|P22676|CALB2_HUMAN	Homo sapiens	vertebrate	271	nonchannel_ncs	medium	57.0	0.399		1.0
sp|P22728|VISI_CHICK	Gallus gallus	vertebrate	192	nonchannel_ncs	high	225.7	0.9741	assoc_kchip	0.4214
sp|P22792|CPN2_HUMAN	Homo sapiens	vertebrate	545	assoc_k_beta	medium	130.9	0.5118	lrrc8	0.1925
sp|P23299|KCNE1_MOUSE	Mus musculus	vertebrate	129	assoc_kcne	high	114.6	0.9134		1.0
sp|P23385|GRM1_RAT	Rattus norvegicus	vertebrate	1199	nonchannel_class_c_gpcr	high	1161.0	0.9876	nmda	0.968
sp|P23645|BIB_DROME	Drosophila melanogaster	invertebrate	696	outofscope_aquaporin	high	188.7	0.9217		1.0
sp|P23743|DGKA_HUMAN	Homo sapiens	vertebrate	735	nonchannel_ncs	high	32.4	0.5389		1.0
sp|P23886|CYDC_ECOLI	Escherichia coli	prokaryote	573	nonchannel_abc_transporter	medium	289.0	0.4241	cftr	0.5848
sp|P23900|FPS1_YEAST	Saccharomyces cerevisiae	fungi	669	outofscope_aquaporin	high	157.0	0.7544		1.0
sp|P24014|SLIT_DROME	Drosophila melanogaster	invertebrate	1504	assoc_k_beta	high	252.4	0.6325	lrrc8	0.4465
sp|P25070|CML24_ARATH	Arabidopsis thaliana	plant	161	nonchannel_ncs	high	55.3	0.6373		1.0
sp|P25071|CML12_ARATH	Arabidopsis thaliana	plant	324	nonchannel_ncs	high	67.1	0.6062		1.0
sp|P25189|MYP0_HUMAN	Homo sapiens	vertebrate	248	assoc_nav_beta	high	85.4	0.8125		1.0
sp|P25296|CANB_YEAST	Saccharomyces cerevisiae	fungi	175	nonchannel_ncs	medium	81.6	0.8601	assoc_kchip	0.1998
sp|P25818|TIP11_ARATH	Arabidopsis thaliana	plant	251	outofscope_aquaporin	high	174.1	0.8434		1.0
sp|P26587|TIP31_ARATH	Arabidopsis thaliana	plant	268	outofscope_aquaporin	high	187.5	0.8612		1.0
sp|P27482|CALL3_HUMAN	Homo sapiens	vertebrate	149	nonchannel_ncs	high	57.0	0.544		1.0
sp|P27487|DPP4_HUMAN	Homo sapiens	vertebrate	766	assoc_k_beta	medium	37.4	0.4436		1.0
sp|P27573|MYP0_MOUSE	Mus musculus	vertebrate	248	assoc_nav_beta	high	88.4	0.8393		1.0
sp|P28238|MIP_CHICK	Gallus gallus	vertebrate	262	outofscope_aquaporin	high	267.0	0.9075		1.0
sp|P28470|CANB2_RAT	Rattus norvegicus	vertebrate	176	nonchannel_ncs	medium	74.4	0.8238	assoc_kchip	0.2917
sp|P28843|DPP4_MOUSE	Mus musculus	vertebrate	760	assoc_k_beta	medium	43.5	0.4987		1.0
sp|P29018|CYDD_ECOLI	Escherichia coli	prokaryote	588	nonchannel_abc_transporter	medium	213.1	0.4187	cftr	0.596
sp|P29972|AQP1_HUMAN	Homo sapiens	vertebrate	269	outofscope_aquaporin	high	314.4	0.9609		1.0
sp|P29975|AQP1_RAT	Rattus norvegicus	vertebrate	269	outofscope_aquaporin	high	304.6	0.9609		1.0
sp|P30187|CML10_ARATH	Arabidopsis thaliana	plant	191	nonchannel_ncs	high	48.4	0.5389		1.0
sp|P30301|MIP_HUMAN	Homo sapiens	vertebrate	263	outofscope_aquaporin	high	276.3	0.911		1.0
sp|P30302|PIP23_ARATH	Arabidopsis thaliana	plant	285	outofscope_aquaporin	high	201.6	0.8434		1.0
sp|P31382|PMT2_YEAST	Saccharomyces cerevisiae	fungi	759	nonchannel_pomt	high	485.4	0.9273		1.0
sp|P31421|GRM2_RAT	Rattus norvegicus	vertebrate	872	nonchannel_class_c_gpcr	high	1165.0	0.9763	nmda	0.9779
sp|P31422|GRM3_RAT	Rattus norvegicus	vertebrate	879	nonchannel_class_c_gpcr	high	1198.4	0.9944		1.0
sp|P31423|GRM4_RAT	Rattus norvegicus	vertebrate	912	nonchannel_class_c_gpcr	high	1303.9	0.9887	nmda	0.9728
sp|P31424|GRM5_RAT	Rattus norvegicus	vertebrate	1203	nonchannel_class_c_gpcr	high	1174.3	0.9525	nmda	0.9677
sp|P31826|YDDA_ECOLI	Escherichia coli	prokaryote	561	nonchannel_abc_transporter	medium	84.0	0.3321	cftr	0.5964
sp|P32386|YBT1_YEAST	Saccharomyces cerevisiae	fungi	1661	nonchannel_abc_transporter	high	1128.8	0.9594	assoc_sur	0.4117
sp|P33310|MDL1_YEAST	Saccharomyces cerevisiae	fungi	695	nonchannel_abc_transporter	medium	312.4	0.4463	assoc_sur	0.5973
sp|P33311|MDL2_YEAST	Saccharomyces cerevisiae	fungi	773	nonchannel_abc_transporter	medium	337.4	0.3934	assoc_sur	0.5655
sp|P33527|MRP1_HUMAN	Homo sapiens	vertebrate	1531	nonchannel_abc_transporter	high	1954.7	0.9969	assoc_sur	0.5567
sp|P33775|PMT1_YEAST	Saccharomyces cerevisiae	fungi	817	nonchannel_pomt	high	380.2	0.9261		1.0
sp|P33941|YOJI_ECOLI	Escherichia coli	prokaryote	547	nonchannel_abc_transporter	medium	116.0	0.4049	cftr	0.7776
sp|P34057|RECO_MOUSE	Mus musculus	vertebrate	202	nonchannel_ncs	high	273.8	0.9896	assoc_kchip	0.4755
sp|P34080|AQP2_RAT	Rattus norvegicus	vertebrate	271	outofscope_aquaporin	high	317.9	0.9502		1.0
sp|P34352|YK86_CAEEL	Caenorhabditis elegans	invertebrate	988	nonchannel_class_c_gpcr	high	107.9	0.5379		1.0
sp|P34368|YLJ5_CAEEL	Caenorhabditis elegans	invertebrate	189	nonchannel_ncs	high	44.3	0.6218		1.0
sp|P34374|UNC36_CAEEL	Caenorhabditis elegans	invertebrate	1249	assoc_cav_aux	medium	87.4	0.4499		1.0
sp|P34712|PGP1_CAEEL	Caenorhabditis elegans	invertebrate	1321	nonchannel_abc_transporter	medium	703.4	0.4778	assoc_sur	0.6024
sp|P34713|PGP3_CAEEL	Caenorhabditis elegans	invertebrate	1268	nonchannel_abc_transporter	medium	699.2	0.4778	assoc_sur	0.6264
sp|P35243|RECO_HUMAN	Homo sapiens	vertebrate	200	nonchannel_ncs	high	284.7	0.9948	assoc_kchip	0.4995
sp|P35332|HPCL4_RAT	Rattus norvegicus	vertebrate	191	nonchannel_ncs	high	312.8	0.9793	assoc_kchip	0.3993
sp|P35349|GRM6_RAT	Rattus norvegicus	vertebrate	871	nonchannel_class_c_gpcr	high	1229.6	0.948		1.0
sp|P35400|GRM7_RAT	Rattus norvegicus	vertebrate	915	nonchannel_class_c_gpcr	high	1293.4	0.9898		1.0
sp|P35859|ALS_RAT	Rattus norvegicus	vertebrate	603	assoc_k_beta	medium	158.1	0.4751	lrrc8	0.1157
sp|P36370|TAP1_RAT	Rattus norvegicus	vertebrate	725	nonchannel_abc_transporter	medium	314.4	0.4233	assoc_sur	0.6476
sp|P36371|TAP2_MOUSE	Mus musculus	vertebrate	702	nonchannel_abc_transporter	medium	345.5	0.385	assoc_sur	0.5467
sp|P36372|TAP2_RAT	Rattus norvegicus	vertebrate	703	nonchannel_abc_transporter	medium	351.9	0.3888	assoc_sur	0.5561
sp|P36608|NCS1_CAEEL	Caenorhabditis elegans	invertebrate	191	nonchannel_ncs	medium	274.6	0.9689	assoc_kchip	0.2626
sp|P36609|NCS2_CAEEL	Caenorhabditis elegans	invertebrate	190	nonchannel_ncs	high	222.3	0.9741	assoc_kchip	0.314
sp|P36619|PMD1_SCHPO	Schizosaccharomyces pombe	fungi	1362	nonchannel_abc_transporter	medium	635.4	0.464	assoc_sur	0.6317
sp|P37235|HPCL1_HUMAN	Homo sapiens	vertebrate	193	nonchannel_ncs	high	342.1	0.9948	assoc_kchip	0.4344
sp|P37236|FRQ1_DROME	Drosophila melanogaster	invertebrate	187	nonchannel_ncs	medium	259.9	0.9534	assoc_kchip	0.2447
sp|P37301|MYP0_CHICK	Gallus gallus	vertebrate	249	assoc_nav_beta	high	72.3	0.7768		1.0
sp|P38359|SUL1_YEAST	Saccharomyces cerevisiae	fungi	859	transporter_slc26	high	320.5	0.6657		1.0
sp|P38735|VMR1_YEAST	Saccharomyces cerevisiae	fungi	1592	nonchannel_abc_transporter	high	1120.4	0.9624	assoc_sur	0.4141
sp|P39109|YCFI_YEAST	Saccharomyces cerevisiae	fungi	1515	nonchannel_abc_transporter	high	1418.6	0.9709	assoc_sur	0.4586
sp|P40416|ATM1_YEAST	Saccharomyces cerevisiae	fungi	690	nonchannel_abc_transporter	medium	349.9	0.4624	assoc_sur	0.6293
sp|P40879|S26A3_HUMAN	Homo sapiens	vertebrate	764	transporter_slc26	high	1019.8	0.9903		1.0
sp|P41044|CAB32_DROME	Drosophila melanogaster	invertebrate	310	nonchannel_ncs	high	52.5	0.5285		1.0
sp|P41180|CASR_HUMAN	Homo sapiens	vertebrate	1078	nonchannel_class_c_gpcr	high	1101.7	0.9808		1.0
sp|P41181|AQP2_HUMAN	Homo sapiens	vertebrate	271	outofscope_aquaporin	high	323.3	0.9502		1.0
sp|P41209|CETN1_MOUSE	Mus musculus	vertebrate	172	nonchannel_ncs	medium	39.4	0.456		1.0
sp|P41594|GRM5_HUMAN	Homo sapiens	vertebrate	1212	nonchannel_class_c_gpcr	high	1178.4	0.9774	nmda	0.9665
sp|P42324|HPCL1_CHICK	Gallus gallus	vertebrate	193	nonchannel_ncs	high	340.9	0.9948	assoc_kchip	0.4336
sp|P42325|NCAH_DROME	Drosophila melanogaster	invertebrate	190	nonchannel_ncs	high	336.5	0.9793	assoc_kchip	0.4125
sp|P42529|CBPA_DICDI	Dictyostelium discoideum	amoebozoa	156	nonchannel_ncs	high	38.1	0.6269		1.0
sp|P42658|DPP6_HUMAN	Homo sapiens	vertebrate	865	assoc_k_beta	high	384.0	0.9764		1.0
sp|P42934|PMT6_YEAST	Saccharomyces cerevisiae	fungi	759	nonchannel_pomt	high	413.8	0.915		1.0
sp|P43080|GUC1A_HUMAN	Homo sapiens	vertebrate	201	nonchannel_ncs	high	263.2	0.9275	assoc_kchip	0.5821
sp|P43081|GUC1A_MOUSE	Mus musculus	vertebrate	202	nonchannel_ncs	high	254.3	0.9223	assoc_kchip	0.5757
sp|P43245|MDR1_RAT	Rattus norvegicus	vertebrate	1277	nonchannel_abc_transporter	medium	687.6	0.4663	assoc_sur	0.6239
sp|P43286|PIP21_ARATH	Arabidopsis thaliana	plant	287	outofscope_aquaporin	high	199.5	0.8399		1.0
sp|P43287|PIP22_ARATH	Arabidopsis thaliana	plant	285	outofscope_aquaporin	high	197.9	0.8434		1.0
sp|P43549|AQY3_YEAST	Saccharomyces cerevisiae	fungi	646	outofscope_aquaporin	high	197.6	0.8363		1.0
sp|P45380|S26A1_RAT	Rattus norvegicus	vertebrate	703	transporter_slc26	high	821.5	0.9528		1.0
sp|P45861|YWJA_BACSU	Bacillus subtilis	prokaryote	575	nonchannel_abc_transporter	medium	390.2	0.3942	assoc_sur	0.6092
sp|P46101|DPP6_RAT	Rattus norvegicus	vertebrate	859	assoc_k_beta	high	350.4	0.9764		1.0
sp|P46971|PMT4_YEAST	Saccharomyces cerevisiae	fungi	762	nonchannel_pomt	high	426.8	0.9113		1.0
sp|P47190|PMT3_YEAST	Saccharomyces cerevisiae	fungi	753	nonchannel_pomt	high	467.7	0.9273		1.0
sp|P47728|CALB2_RAT	Rattus norvegicus	vertebrate	271	nonchannel_ncs	medium	61.0	0.399		1.0
sp|P47743|GRM8_MOUSE	Mus musculus	vertebrate	908	nonchannel_class_c_gpcr	high	1306.3	0.9876		1.0
sp|P47862|AQP3_RAT	Rattus norvegicus	vertebrate	292	outofscope_aquaporin	high	343.2	0.9431		1.0
sp|P47863|AQP4_RAT	Rattus norvegicus	vertebrate	323	outofscope_aquaporin	high	327.5	0.9858		1.0
sp|P47864|AQP5_RAT	Rattus norvegicus	vertebrate	265	outofscope_aquaporin	high	309.2	0.9431		1.0
sp|P47948|TNNC2_DROME	Drosophila melanogaster	invertebrate	155	nonchannel_ncs	high	38.3	0.5544		1.0
sp|P47949|TNNC3_DROME	Drosophila melanogaster	invertebrate	155	nonchannel_ncs	high	37.7	0.5699		1.0
sp|P48442|CASR_RAT	Rattus norvegicus	vertebrate	1079	nonchannel_class_c_gpcr	high	1087.4	0.9684		1.0
sp|P48451|CANB1_DROME	Drosophila melanogaster	invertebrate	170	nonchannel_ncs	medium	71.1	0.7824	assoc_kchip	0.2391
sp|P49258|CALL_DROME	Drosophila melanogaster	invertebrate	148	nonchannel_ncs	high	40.0	0.7668		1.0
sp|P49619|DGKG_HUMAN	Homo sapiens	vertebrate	791	nonchannel_ncs	high	40.7	0.5544	assoc_kchip	0.3292
sp|P49620|DGKG_RAT	Rattus norvegicus	vertebrate	788	nonchannel_ncs	high	40.7	0.5648	assoc_kchip	0.3636
sp|P49621|DGKB_RAT	Rattus norvegicus	vertebrate	801	nonchannel_ncs	high	51.5	0.5596	assoc_kchip	0.4136
sp|P50156|TIP11_ORYSJ	Oryza sativa	plant	250	outofscope_aquaporin	high	174.4	0.8648		1.0
sp|P50443|S26A2_HUMAN	Homo sapiens	vertebrate	739	transporter_slc26	high	931.1	0.9584		1.0
sp|P51180|MIP_MOUSE	Mus musculus	vertebrate	263	outofscope_aquaporin	high	278.5	0.911		1.0
sp|P51556|DGKA_RAT	Rattus norvegicus	vertebrate	727	nonchannel_ncs	high	36.3	0.7513		1.0
sp|P52867|PMT5_YEAST	Saccharomyces cerevisiae	fungi	743	nonchannel_pomt	high	319.3	0.915		1.0
sp|P53049|YOR1_YEAST	Saccharomyces cerevisiae	fungi	1477	nonchannel_abc_transporter	high	1134.5	0.967	assoc_sur	0.5122
sp|P53258|GYP2_YEAST	Saccharomyces cerevisiae	fungi	950	nonchannel_ncs	high	33.9	0.5596		1.0
sp|P53394|SULX_YEAST	Saccharomyces cerevisiae	fungi	754	transporter_slc26	high	262.5	0.7143		1.0
sp|P53683|CDPKJ_ORYSJ	Oryza sativa	plant	533	nonchannel_ncs	high	40.1	0.772		1.0
sp|P54283|CACB1_RAT	Rattus norvegicus	vertebrate	597	assoc_cav_aux	high	500.3	0.8683		1.0
sp|P54284|CACB3_HUMAN	Homo sapiens	vertebrate	484	assoc_cav_aux	high	426.6	0.7353		1.0
sp|P54285|CACB3_MOUSE	Mus musculus	vertebrate	484	assoc_cav_aux	high	426.1	0.7353		1.0
sp|P54287|CACB3_RAT	Rattus norvegicus	vertebrate	484	assoc_cav_aux	high	425.6	0.7353		1.0
sp|P54289|CA2D1_HUMAN	Homo sapiens	vertebrate	1103	assoc_cav_aux	high	783.3	0.9726		1.0
sp|P54290|CA2D1_RAT	Rattus norvegicus	vertebrate	1091	assoc_cav_aux	high	715.4	0.9726		1.0
sp|P54670|CAF1_DICDI	Dictyostelium discoideum	amoebozoa	169	nonchannel_ncs	high	47.1	0.5803		1.0
sp|P54683|TAGB_DICDI	Dictyostelium discoideum	amoebozoa	1906	nonchannel_abc_transporter	medium	290.2	0.4164	assoc_sur	0.6189
sp|P54718|YFIB_BACSU	Bacillus subtilis	prokaryote	573	nonchannel_abc_transporter	medium	343.2	0.4241	cftr	0.63
sp|P54719|YFIC_BACSU	Bacillus subtilis	prokaryote	604	nonchannel_abc_transporter	medium	426.0	0.441	assoc_sur	0.5833
sp|P54900|SCN2B_RAT	Rattus norvegicus	vertebrate	215	assoc_nav_beta	high	296.8	1.0		1.0
sp|P55064|AQP5_HUMAN	Homo sapiens	vertebrate	265	outofscope_aquaporin	high	323.5	0.9573		1.0
sp|P55087|AQP4_HUMAN	Homo sapiens	vertebrate	323	outofscope_aquaporin	high	335.2	0.9893		1.0
sp|P55088|AQP4_MOUSE	Mus musculus	vertebrate	323	outofscope_aquaporin	high	328.6	0.9858		1.0
sp|P55189|YBAR_BACSU	Bacillus subtilis	prokaryote	478	transporter_slc26	medium	131.3	0.4161		1.0
sp|P56402|AQP2_MOUSE	Mus musculus	vertebrate	271	outofscope_aquaporin	high	319.7	0.9502		1.0
sp|P56403|AQP7_RAT	Rattus norvegicus	vertebrate	269	outofscope_aquaporin	high	293.0	0.847		1.0
sp|P56404|AQP8_MOUSE	Mus musculus	vertebrate	261	outofscope_aquaporin	high	230.1	0.847		1.0
sp|P56405|AQP8_RAT	Rattus norvegicus	vertebrate	263	outofscope_aquaporin	high	233.3	0.8399		1.0
sp|P56627|AQP9_RAT	Rattus norvegicus	vertebrate	295	outofscope_aquaporin	high	310.5	0.9146		1.0
sp|P57764|GSDMD_HUMAN	Homo sapiens	vertebrate	484	nonchannel_gasdermin	high	621.0	1.0		1.0
sp|P58682|TLR8_MOUSE	Mus musculus	vertebrate	1032	assoc_k_beta	medium	67.0	0.3832		1.0
sp|P58735|S26A1_MOUSE	Mus musculus	vertebrate	704	transporter_slc26	high	830.0	0.957		1.0
sp|P58743|S26A5_HUMAN	Homo sapiens	vertebrate	744	transporter_slc26	high	1010.3	0.9875		1.0
sp|P59220|CALM7_ARATH	Arabidopsis thaliana	plant	149	nonchannel_ncs	high	58.7	0.5648		1.0
sp|P59383|LRRN4_MOUSE	Mus musculus	vertebrate	733	assoc_k_beta	medium	37.5	0.3176	lrrc8	0.192
sp|P60484|PTEN_HUMAN	Homo sapiens	vertebrate	403	nonchannel_vsp	high	251.0	0.5453		1.0
sp|P60752|MSBA_ECOLI	Escherichia coli	prokaryote	582	nonchannel_abc_transporter	medium	627.7	0.4394	assoc_sur	0.7327
sp|P60844|AQPZ_ECOLI	Escherichia coli	prokaryote	231	outofscope_aquaporin	high	159.6	0.8149		1.0
sp|P61022|CHP1_MOUSE	Mus musculus	vertebrate	195	nonchannel_ncs	medium	49.1	0.3938		1.0
sp|P61023|CHP1_RAT	Rattus norvegicus	vertebrate	195	nonchannel_ncs	medium	49.1	0.3938		1.0
sp|P61601|NCALD_HUMAN	Homo sapiens	vertebrate	193	nonchannel_ncs	high	336.2	0.9896	assoc_kchip	0.4372
sp|P61837|PIP11_ARATH	Arabidopsis thaliana	plant	286	outofscope_aquaporin	high	183.5	0.8256		1.0
sp|P62145|CALM_APLCA	Aplysia californica	invertebrate	149	nonchannel_ncs	high	58.1	0.5648		1.0
sp|P62147|CALM1_BRAFL	Branchiostoma floridae	deuterostome	149	nonchannel_ncs	high	58.1	0.5648		1.0
sp|P62149|CALM_CHICK	Gallus gallus	vertebrate	149	nonchannel_ncs	high	60.4	0.5648		1.0
sp|P62152|CALM_DROME	Drosophila melanogaster	invertebrate	149	nonchannel_ncs	high	58.1	0.5648		1.0
sp|P62166|NCS1_HUMAN	Homo sapiens	vertebrate	190	nonchannel_ncs	medium	300.2	0.9637	assoc_kchip	0.2841
sp|P62167|NCS1_CHICK	Gallus gallus	vertebrate	190	nonchannel_ncs	medium	300.2	0.9637	assoc_kchip	0.2841
sp|P62168|NCS1_RAT	Rattus norvegicus	vertebrate	190	nonchannel_ncs	medium	300.2	0.9637	assoc_kchip	0.2841
sp|P62203|CALM_PLAF7	Plasmodium falciparum	apicomplexa	149	nonchannel_ncs	high	59.0	0.5648	assoc_kchip	0.3627
sp|P62344|CDPK1_PLAF7	Plasmodium falciparum	apicomplexa	524	nonchannel_ncs	medium	49.5	0.3368		1.0
sp|P62482|KCAB2_MOUSE	Mus musculus	vertebrate	367	assoc_k_beta	high	284.4	0.8976		1.0
sp|P62483|KCAB2_RAT	Rattus norvegicus	vertebrate	367	assoc_k_beta	high	284.4	0.8976		1.0
sp|P62748|HPCL1_MOUSE	Mus musculus	vertebrate	193	nonchannel_ncs	high	340.2	0.9948	assoc_kchip	0.4306
sp|P62749|HPCL1_RAT	Rattus norvegicus	vertebrate	193	nonchannel_ncs	high	340.2	0.9948	assoc_kchip	0.4306
sp|P62758|NCALD_CHICK	Gallus gallus	vertebrate	193	nonchannel_ncs	high	336.4	0.9896	assoc_kchip	0.4367
sp|P62760|VISL1_HUMAN	Homo sapiens	vertebrate	191	nonchannel_ncs	high	319.6	0.9793	assoc_kchip	0.4024
sp|P62761|VISL1_MOUSE	Mus musculus	vertebrate	191	nonchannel_ncs	high	319.6	0.9793	assoc_kchip	0.4024
sp|P62762|VISL1_RAT	Rattus norvegicus	vertebrate	191	nonchannel_ncs	high	319.6	0.9793	assoc_kchip	0.4024
sp|P62764|VISL1_CHICK	Gallus gallus	vertebrate	191	nonchannel_ncs	high	319.6	0.9793	assoc_kchip	0.4024
sp|P62955|CCG7_HUMAN	Homo sapiens	vertebrate	275	assoc_cav_aux	high	203.4	0.5158		1.0
sp|P62956|CCG7_MOUSE	Mus musculus	vertebrate	275	assoc_cav_aux	high	203.4	0.5158		1.0
sp|P62957|CCG7_RAT	Rattus norvegicus	vertebrate	275	assoc_cav_aux	high	203.4	0.5158		1.0
sp|P63098|CANB1_HUMAN	Homo sapiens	vertebrate	170	nonchannel_ncs	medium	75.9	0.7824	assoc_kchip	0.2596
sp|P63100|CANB1_RAT	Rattus norvegicus	vertebrate	170	nonchannel_ncs	medium	75.9	0.7824	assoc_kchip	0.2596
sp|P63143|KCAB1_MOUSE	Mus musculus	vertebrate	401	assoc_k_beta	high	281.3	0.8373		1.0
sp|P63144|KCAB1_RAT	Rattus norvegicus	vertebrate	401	assoc_k_beta	high	281.3	0.8373		1.0
sp|P63161|KCNE2_RAT	Rattus norvegicus	vertebrate	123	assoc_kcne	high	108.4	0.8661		1.0
sp|P63316|TNNC1_HUMAN	Homo sapiens	vertebrate	161	nonchannel_ncs	high	45.0	0.8187		1.0
sp|P68579|SUNT_BACSU	Bacillus subtilis	prokaryote	705	nonchannel_abc_transporter	high	650.2	0.5383	cftr	0.8783
sp|P70170|ABCC9_MOUSE	Mus musculus	vertebrate	1546	assoc_sur	high	3303.9	1.0	nonchannel_abc_transporter	0.6525
sp|P70302|STIM1_MOUSE	Mus musculus	vertebrate	685	assoc_stim	high	1410.4	0.8452		1.0
sp|P70579|GRM8_RAT	Rattus norvegicus	vertebrate	908	nonchannel_class_c_gpcr	high	1302.4	0.9876		1.0
sp|P71082|YGAD_BACSU	Bacillus subtilis	prokaryote	580	nonchannel_abc_transporter	medium	427.3	0.434	assoc_sur	0.6216
sp|P72926|Y1024_SYNY3	Synechocystis sp. PCC 6803	prokaryote	307	bestrophin	high	43.6	0.575		1.0
sp|P73809|AQPZ_SYNY3	Synechocystis sp. PCC 6803	prokaryote	247	outofscope_aquaporin	high	167.1	0.8399		1.0
sp|P76146|YNEE_ECOLI	Escherichia coli	prokaryote	304	bestrophin	high	123.9	0.6243		1.0
sp|P76335|YEDS_ECOLI	Escherichia coli	prokaryote	161	outofscope_bacterial_porin	medium	219.3	0.4613		1.0
sp|P77265|MDLA_ECOLI	Escherichia coli	prokaryote	590	nonchannel_abc_transporter	medium	317.3	0.4225	assoc_sur	0.5421
sp|P77747|OMPN_ECOLI	Escherichia coli	prokaryote	377	outofscope_bacterial_porin	high	419.8	0.9972		1.0
sp|P78310|CXAR_HUMAN	Homo sapiens	vertebrate	365	assoc_nav_beta	high	55.3	0.6116		1.0
sp|P78966|MAM1_SCHPO	Schizosaccharomyces pombe	fungi	1336	nonchannel_abc_transporter	medium	500.3	0.4624	assoc_sur	0.6958
sp|P79880|GUC1A_CHICK	Gallus gallus	vertebrate	199	nonchannel_ncs	high	249.2	0.9223	assoc_kchip	0.5554
sp|P79881|GUC1B_CHICK	Gallus gallus	vertebrate	198	nonchannel_ncs	high	251.3	0.8964	assoc_kchip	0.5074
sp|P83093|STIM2_MOUSE	Mus musculus	vertebrate	746	assoc_stim	high	1486.6	0.9226		1.0
sp|P83094|STIM_DROME	Drosophila melanogaster	invertebrate	570	assoc_stim	high	408.3	0.555		1.0
sp|P83503|NYX_MOUSE	Mus musculus	vertebrate	476	assoc_k_beta	high	77.6	0.5223		1.0
sp|P84074|HPCA_HUMAN	Homo sapiens	vertebrate	193	nonchannel_ncs	high	335.7	0.9948	assoc_kchip	0.415
sp|P84075|HPCA_MOUSE	Mus musculus	vertebrate	193	nonchannel_ncs	high	335.7	0.9948	assoc_kchip	0.415
sp|P84076|HPCA_RAT	Rattus norvegicus	vertebrate	193	nonchannel_ncs	high	335.7	0.9948	assoc_kchip	0.415
sp|P84903|STIM1_RAT	Rattus norvegicus	vertebrate	685	assoc_stim	high	1414.8	0.8452		1.0
sp|P85967|GSDMC_RAT	Rattus norvegicus	vertebrate	474	nonchannel_gasdermin	high	333.8	0.9936		1.0
sp|P91660|L259_DROME	Drosophila melanogaster	invertebrate	1374	nonchannel_abc_transporter	high	1245.0	0.9624	cftr	0.3875
sp|P91685|GRM_DROME	Drosophila melanogaster	invertebrate	976	nonchannel_class_c_gpcr	high	994.9	0.9367	nmda	0.9598
sp|P92946|SUT22_ARATH	Arabidopsis thaliana	plant	677	transporter_slc26	high	377.1	0.835		1.0
sp|P93004|PIP27_ARATH	Arabidopsis thaliana	plant	280	outofscope_aquaporin	high	186.6	0.8363		1.0
sp|P93759|CDPKE_ARATH	Arabidopsis thaliana	plant	530	nonchannel_ncs	high	40.4	0.5699		1.0
sp|P94366|CYDC_BACSU	Bacillus subtilis	prokaryote	567	nonchannel_abc_transporter	medium	256.7	0.4325	cftr	0.5201
sp|P94367|CYDD_BACSU	Bacillus subtilis	prokaryote	575	nonchannel_abc_transporter	medium	252.7	0.4241	cftr	0.5896
sp|P97382|KCAB3_MOUSE	Mus musculus	vertebrate	249	assoc_k_beta	high	178.8	0.6352		1.0
sp|P97678|KCMB1_RAT	Rattus norvegicus	vertebrate	191	assoc_k_beta	high	102.0	0.7927		1.0
sp|P97707|CCG1_RAT	Rattus norvegicus	vertebrate	223	assoc_cav_aux	medium	109.0	0.4294		1.0
sp|P97772|GRM1_MOUSE	Mus musculus	vertebrate	1199	nonchannel_class_c_gpcr	high	1160.1	0.9876	nmda	0.9684
sp|P97792|CXAR_MOUSE	Mus musculus	vertebrate	365	assoc_nav_beta	high	45.4	0.5446		1.0
sp|P97952|SCN1B_MOUSE	Mus musculus	vertebrate	218	assoc_nav_beta	high	294.3	0.9152		1.0
sp|Q00449|MDR49_DROME	Drosophila melanogaster	invertebrate	1302	nonchannel_abc_transporter	high	667.9	0.5123	assoc_sur	0.6184
sp|Q00748|MDR65_DROME	Drosophila melanogaster	invertebrate	1302	nonchannel_abc_transporter	medium	647.3	0.4463	assoc_sur	0.5591
sp|Q00954|SCN1B_RAT	Rattus norvegicus	vertebrate	218	assoc_nav_beta	high	294.5	0.9152		1.0
sp|Q01583|DGK1_DROME	Drosophila melanogaster	invertebrate	1211	nonchannel_ncs	high	44.6	0.544		1.0
sp|Q01819|CONN_DROME	Drosophila melanogaster	invertebrate	691	assoc_k_beta	medium	39.1	0.3333		1.0
sp|Q02013|AQP1_MOUSE	Mus musculus	vertebrate	269	outofscope_aquaporin	high	303.9	0.9609		1.0
sp|Q02592|HMT1_SCHPO	Schizosaccharomyces pombe	fungi	830	nonchannel_abc_transporter	medium	363.9	0.4356	assoc_sur	0.6158
sp|Q02641|CACB1_HUMAN	Homo sapiens	vertebrate	598	assoc_cav_aux	high	515.5	0.8711		1.0
sp|Q03509|CALM6_ARATH	Arabidopsis thaliana	plant	149	nonchannel_ncs	high	58.6	0.5648		1.0
sp|Q03518|TAP1_HUMAN	Homo sapiens	vertebrate	748	nonchannel_abc_transporter	medium	322.1	0.4241	assoc_sur	0.7181
sp|Q03519|TAP2_HUMAN	Homo sapiens	vertebrate	686	nonchannel_abc_transporter	medium	337.1	0.3689	assoc_sur	0.5527
sp|Q03603|DGK3_CAEEL	Caenorhabditis elegans	invertebrate	795	nonchannel_ncs	high	48.2	0.5751		1.0
sp|Q04205|TENS1_CHICK	Gallus gallus	vertebrate	1744	nonchannel_vsp	high	118.9	0.5326		1.0
sp|Q06389|NCS1_YEAST	Saccharomyces cerevisiae	fungi	190	nonchannel_ncs	medium	228.7	0.9585	assoc_kchip	0.1749
sp|Q06432|CCG1_HUMAN	Homo sapiens	vertebrate	222	assoc_cav_aux	medium	143.7	0.4266		1.0
sp|Q06611|PIP12_ARATH	Arabidopsis thaliana	plant	286	outofscope_aquaporin	high	184.7	0.8292		1.0
sp|Q06644|PMT7_YEAST	Saccharomyces cerevisiae	fungi	662	nonchannel_pomt	medium	60.3	0.3005		1.0
sp|Q06850|CDPK1_ARATH	Arabidopsis thaliana	plant	610	nonchannel_ncs	high	43.1	0.5492		1.0
sp|Q07699|SCN1B_HUMAN	Homo sapiens	vertebrate	218	assoc_nav_beta	high	300.4	0.9152		1.0
sp|Q08201|MDR3_RAT	Rattus norvegicus	vertebrate	1278	nonchannel_abc_transporter	medium	677.3	0.4302	assoc_sur	0.6191
sp|Q08289|CACB2_HUMAN	Homo sapiens	vertebrate	660	assoc_cav_aux	high	573.0	0.8724		1.0
sp|Q08331|CALB2_MOUSE	Mus musculus	vertebrate	271	nonchannel_ncs	medium	61.0	0.399		1.0
sp|Q08733|PIP13_ARATH	Arabidopsis thaliana	plant	286	outofscope_aquaporin	high	182.5	0.8256		1.0
sp|Q08D64|ABCB6_XENTR	Xenopus tropicalis	vertebrate	849	nonchannel_abc_transporter	medium	375.0	0.4333	assoc_sur	0.6315
sp|Q09428|ABCC8_HUMAN	Homo sapiens	vertebrate	1581	assoc_sur	high	3496.2	1.0	nonchannel_abc_transporter	0.672
sp|Q09429|ABCC8_RAT	Rattus norvegicus	vertebrate	1582	assoc_sur	high	3394.9	1.0	nonchannel_abc_transporter	0.6628
sp|Q09630|GRM1_CAEEL	Caenorhabditis elegans	invertebrate	999	nonchannel_class_c_gpcr	high	818.2	0.9503		1.0
sp|Q09665|TNNC2_CAEEL	Caenorhabditis elegans	invertebrate	160	nonchannel_ncs	high	50.8	0.5544	assoc_kchip	0.378
sp|Q09711|NCS1_SCHPO	Schizosaccharomyces pombe	fungi	190	nonchannel_ncs	medium	277.1	0.9637	assoc_kchip	0.2735
sp|Q0D715|CDPKI_ORYSJ	Oryza sativa	plant	512	nonchannel_ncs	medium	45.1	0.4197		1.0
sp|Q0DK16|NIP13_ORYSJ	Oryza sativa	plant	286	outofscope_aquaporin	high	163.7	0.8719		1.0
sp|Q0DYK7|CDPK5_ORYSJ	Oryza sativa	plant	549	nonchannel_ncs	high	48.9	0.5596		1.0
sp|Q0IIM8|TBC8B_HUMAN	Homo sapiens	vertebrate	1120	nonchannel_ncs	medium	31.9	0.3472		1.0
sp|Q0IJ12|VTM2B_XENTR	Xenopus tropicalis	vertebrate	251	assoc_nav_beta	high	41.5	0.6027		1.0
sp|Q0IQB6|CML3_ORYSJ	Oryza sativa	plant	183	nonchannel_ncs	medium	50.1	0.4611	assoc_kchip	0.2255
sp|Q0IUU4|CML2_ORYSJ	Oryza sativa	plant	183	nonchannel_ncs	medium	50.0	0.3161	assoc_kchip	0.23
sp|Q0IWF3|NIP31_ORYSJ	Oryza sativa	plant	311	outofscope_aquaporin	high	156.2	0.8149		1.0
sp|Q0JNL7|CALM3_ORYSJ	Oryza sativa	plant	149	nonchannel_ncs	high	57.7	0.5648		1.0
sp|Q0JNS6|CALM1_ORYSJ	Oryza sativa	plant	149	nonchannel_ncs	high	58.6	0.5648		1.0
sp|Q0JPT5|NIP12_ORYSJ	Oryza sativa	plant	303	outofscope_aquaporin	high	148.7	0.8043		1.0
sp|Q0P4J6|MCUR1_XENTR	Xenopus tropicalis	vertebrate	262	assoc_mcu_reg	medium	115.1	0.4032		1.0
sp|Q0P523|CIB3_MOUSE	Mus musculus	vertebrate	160	nonchannel_ncs	high	35.0	0.6528		1.0
sp|Q0WML0|AB27B_ARATH	Arabidopsis thaliana	plant	644	nonchannel_abc_transporter	medium	387.2	0.4026	assoc_sur	0.6162
sp|Q0ZLH2|PJVK_MOUSE	Mus musculus	vertebrate	352	nonchannel_gasdermin	high	350.0	0.7203		1.0
sp|Q0ZLH3|PJVK_HUMAN	Homo sapiens	vertebrate	352	nonchannel_gasdermin	high	356.6	0.7203		1.0
sp|Q10185|ABC2_SCHPO	Schizosaccharomyces pombe	fungi	1478	nonchannel_abc_transporter	high	1349.9	0.9586	assoc_sur	0.4597
sp|Q10937|YWS1_CAEEL	Caenorhabditis elegans	invertebrate	292	k2p	medium	38.8	0.3483		1.0
sp|Q10M80|SIP21_ORYSJ	Oryza sativa	plant	250	outofscope_aquaporin	high	43.9	0.7295		1.0
sp|Q10RX7|AB13C_ORYSJ	Oryza sativa	plant	1505	nonchannel_abc_transporter	high	1300.1	0.9563	assoc_sur	0.4227
sp|Q11083|YT67_CAEEL	Caenorhabditis elegans	invertebrate	229	nonchannel_ncs	medium	42.9	0.7668	assoc_kchip	0.2751
sp|Q12259|YL108_YEAST	Saccharomyces cerevisiae	fungi	485	nonchannel_kctd	high	69.0	0.5962		1.0
sp|Q12325|SUL2_YEAST	Saccharomyces cerevisiae	fungi	893	transporter_slc26	high	319.4	0.6824		1.0
sp|Q12798|CETN1_HUMAN	Homo sapiens	vertebrate	172	nonchannel_ncs	medium	40.5	0.456		1.0
sp|Q12884|SEPR_HUMAN	Homo sapiens	vertebrate	760	assoc_k_beta	high	33.2	0.5144		1.0
sp|Q13255|GRM1_HUMAN	Homo sapiens	vertebrate	1194	nonchannel_class_c_gpcr	high	1167.0	0.9876	nmda	0.9689
sp|Q13303|KCAB2_HUMAN	Homo sapiens	vertebrate	367	assoc_k_beta	high	283.2	0.8976		1.0
sp|Q13520|AQP6_HUMAN	Homo sapiens	vertebrate	282	outofscope_aquaporin	high	315.0	0.9751		1.0
sp|Q13586|STIM1_HUMAN	Homo sapiens	vertebrate	685	assoc_stim	high	1453.9	0.8452		1.0
sp|Q13641|TPBG_HUMAN	Homo sapiens	vertebrate	420	assoc_k_beta	high	87.3	0.5276		1.0
sp|Q13938|CAYP1_HUMAN	Homo sapiens	vertebrate	275	nonchannel_ncs	high	34.3	0.6788		1.0
sp|Q14416|GRM2_HUMAN	Homo sapiens	vertebrate	872	nonchannel_class_c_gpcr	high	1167.7	0.9808		1.0
sp|Q14722|KCAB1_HUMAN	Homo sapiens	vertebrate	419	assoc_k_beta	high	290.1	0.9003		1.0
sp|Q14831|GRM7_HUMAN	Homo sapiens	vertebrate	915	nonchannel_class_c_gpcr	high	1295.4	0.991		1.0
sp|Q14832|GRM3_HUMAN	Homo sapiens	vertebrate	879	nonchannel_class_c_gpcr	high	1211.6	0.9944		1.0
sp|Q14833|GRM4_HUMAN	Homo sapiens	vertebrate	912	nonchannel_class_c_gpcr	high	1305.0	0.9887	nmda	0.9705
sp|Q149C3|LIGO4_MOUSE	Mus musculus	vertebrate	593	assoc_k_beta	medium	99.4	0.4829	lrrc8	0.4235
sp|Q14BI2|GRM2_MOUSE	Mus musculus	vertebrate	872	nonchannel_class_c_gpcr	high	1163.5	0.9751	nmda	0.9783
sp|Q14CN2|CLCA4_HUMAN	Homo sapiens	vertebrate	919	assoc_clc_aux	high	1755.2	0.9957		1.0
sp|Q16558|KCMB1_HUMAN	Homo sapiens	vertebrate	191	assoc_k_beta	high	124.8	0.7953		1.0
sp|Q16981|NCS1_APLCA	Aplysia californica	invertebrate	191	nonchannel_ncs	medium	266.7	0.9585	assoc_kchip	0.2343
sp|Q16982|NECX_APLCA	Aplysia californica	invertebrate	193	nonchannel_ncs	high	325.2	0.9896	assoc_kchip	0.3942
sp|Q19187|GCY12_CAEEL	Caenorhabditis elegans	invertebrate	1679	nonchannel_class_c_gpcr	medium	69.0	0.4497		1.0
sp|Q1ENI8|PXDN1_CAEEL	Caenorhabditis elegans	invertebrate	1285	assoc_k_beta	high	60.0	0.5984	lrrc8	0.3667
sp|Q1HAQ0|PCAT1_RAT	Rattus norvegicus	vertebrate	534	nonchannel_ncs	medium	38.8	0.3523		1.0
sp|Q1LWG4|PCAT1_DANRE	Danio rerio	vertebrate	517	nonchannel_ncs	high	32.1	0.658		1.0
sp|Q1LWZ0|CLXN_DANRE	Danio rerio	vertebrate	210	nonchannel_ncs	medium	81.8	0.7202	assoc_kchip	0.1222
sp|Q1PE17|CDPKI_ARATH	Arabidopsis thaliana	plant	534	nonchannel_ncs	medium	43.8	0.4301		1.0
sp|Q1PFH8|CDPKJ_ARATH	Arabidopsis thaliana	plant	551	nonchannel_ncs	high	38.3	0.5751		1.0
sp|Q1ZXQ7|GRLK_DICDI	Dictyostelium discoideum	amoebozoa	704	nonchannel_class_c_gpcr	medium	123.0	0.3446		1.0
sp|Q23868|TAGC_DICDI	Dictyostelium discoideum	amoebozoa	1741	nonchannel_abc_transporter	medium	304.2	0.4202	assoc_sur	0.644
sp|Q24214|CANB2_DROME	Drosophila melanogaster	invertebrate	170	nonchannel_ncs	medium	70.1	0.7927	assoc_kchip	0.2668
sp|Q26627|SUREJ_STRPU	Strongylocentrotus purpuratus	deuterostome	1450	assoc_polycystin1	medium	178.3	0.3491		1.0
sp|Q28IM6|HPCL1_XENTR	Xenopus tropicalis	vertebrate	193	nonchannel_ncs	high	341.0	0.9948	assoc_kchip	0.4328
sp|Q2I0M4|LRC26_HUMAN	Homo sapiens	vertebrate	334	assoc_k_beta	high	313.4	0.9685	lrrc8	0.8813
sp|Q2KHK6|GSDC2_MOUSE	Mus musculus	vertebrate	480	nonchannel_gasdermin	high	308.0	0.9915		1.0
sp|Q2KHT4|GSG1_HUMAN	Homo sapiens	vertebrate	349	assoc_iglur_aux	medium	31.9	0.3714		1.0
sp|Q2M3G0|ABCB5_HUMAN	Homo sapiens	vertebrate	1257	nonchannel_abc_transporter	medium	654.6	0.4655	assoc_sur	0.6176
sp|Q2QVG8|CDPKT_ORYSJ	Oryza sativa	plant	563	nonchannel_ncs	high	37.2	0.5492		1.0
sp|Q2QVI1|CML28_ORYSJ	Oryza sativa	plant	172	nonchannel_ncs	medium	48.0	0.3472		1.0
sp|Q2QY37|CDPKQ_ORYSJ	Oryza sativa	plant	541	nonchannel_ncs	medium	49.0	0.3057	assoc_kchip	0.351
sp|Q2R1Z5|CML6_ORYSJ	Oryza sativa	plant	170	nonchannel_ncs	high	59.7	0.6114		1.0
sp|Q2RAV0|CDPKP_ORYSJ	Oryza sativa	plant	541	nonchannel_ncs	medium	49.0	0.3057	assoc_kchip	0.351
sp|Q2TJA6|NKD1_DANRE	Danio rerio	vertebrate	440	nonchannel_ncs	medium	30.2	0.3057		1.0
sp|Q32M21|GSDA2_MOUSE	Mus musculus	vertebrate	443	nonchannel_gasdermin	high	463.2	0.9958		1.0
sp|Q32Q07|LRRN1_RAT	Rattus norvegicus	vertebrate	716	assoc_k_beta	high	58.0	0.6535		1.0
sp|Q338P8|CML8_ORYSJ	Oryza sativa	plant	191	nonchannel_ncs	high	47.0	0.5699		1.0
sp|Q38868|CDPK9_ARATH	Arabidopsis thaliana	plant	541	nonchannel_ncs	high	38.5	0.5751		1.0
sp|Q38869|CDPK4_ARATH	Arabidopsis thaliana	plant	501	nonchannel_ncs	high	39.3	0.5596		1.0
sp|Q38870|CDPK2_ARATH	Arabidopsis thaliana	plant	646	nonchannel_ncs	high	43.5	0.5492		1.0
sp|Q38871|CDPK5_ARATH	Arabidopsis thaliana	plant	556	nonchannel_ncs	high	46.0	0.5648		1.0
sp|Q38872|CDPK6_ARATH	Arabidopsis thaliana	plant	544	nonchannel_ncs	high	45.7	0.5648		1.0
sp|Q38873|CDPK7_ARATH	Arabidopsis thaliana	plant	535	nonchannel_ncs	medium	45.8	0.5699	assoc_kchip	0.2424
sp|Q39016|CDPKB_ARATH	Arabidopsis thaliana	plant	495	nonchannel_ncs	high	38.1	0.5648		1.0
sp|Q39196|PIP14_ARATH	Arabidopsis thaliana	plant	287	outofscope_aquaporin	high	181.7	0.8256		1.0
sp|Q3E9C0|CDPKY_ARATH	Arabidopsis thaliana	plant	523	nonchannel_ncs	high	48.6	0.7617		1.0
sp|Q3HRN7|CNBLA_ORYSJ	Oryza sativa	plant	266	nonchannel_ncs	high	72.7	0.8497	assoc_kchip	0.326
sp|Q3HRN8|CNBL9_ORYSJ	Oryza sativa	plant	290	nonchannel_ncs	high	82.7	0.7513	assoc_kchip	0.3204
sp|Q3HRN9|CNBL8_ORYSJ	Oryza sativa	plant	213	nonchannel_ncs	medium	86.5	0.8756	assoc_kchip	0.2902
sp|Q3HRP0|CNBL7_ORYSJ	Oryza sativa	plant	213	nonchannel_ncs	medium	91.2	0.8756	assoc_kchip	0.2982
sp|Q3HRP1|CNBL6_ORYSJ	Oryza sativa	plant	226	nonchannel_ncs	medium	81.6	0.8808	assoc_kchip	0.201
sp|Q3HRP2|CNBL5_ORYSJ	Oryza sativa	plant	218	nonchannel_ncs	high	81.8	0.9378	assoc_kchip	0.335
sp|Q3HRP5|CNBL2_ORYSJ	Oryza sativa	plant	225	nonchannel_ncs	medium	80.5	0.886	assoc_kchip	0.2634
sp|Q3TEW6|MPZL1_MOUSE	Mus musculus	vertebrate	270	assoc_nav_beta	high	91.6	0.8393		1.0
sp|Q3TFD2|PCAT1_MOUSE	Mus musculus	vertebrate	534	nonchannel_ncs	high	39.0	0.5492		1.0
sp|Q3TR54|GSDC4_MOUSE	Mus musculus	vertebrate	480	nonchannel_gasdermin	high	294.0	0.9915		1.0
sp|Q3UH99|SHSA6_MOUSE	Mus musculus	vertebrate	525	assoc_iglur_aux	high	406.1	0.992		1.0
sp|Q3UQ28|PXDN_MOUSE	Mus musculus	vertebrate	1475	assoc_k_beta	medium	57.5	0.5381	lrrc8	0.1948
sp|Q3URE9|LIGO2_MOUSE	Mus musculus	vertebrate	606	assoc_k_beta	medium	101.2	0.4856	lrrc8	0.419
sp|Q3URS9|MITOK_MOUSE	Mus musculus	vertebrate	406	mitok	high	754.8	1.0		1.0
sp|Q3UVX5|GRM5_MOUSE	Mus musculus	vertebrate	1203	nonchannel_class_c_gpcr	high	1174.8	0.9774	nmda	0.9677
sp|Q3UY51|LRC55_MOUSE	Mus musculus	vertebrate	298	assoc_k_beta	high	307.4	0.8714		1.0
sp|Q3UYK3|TBCD9_MOUSE	Mus musculus	vertebrate	1264	nonchannel_ncs	medium	30.8	0.342		1.0
sp|Q3V1M1|IGS10_MOUSE	Mus musculus	vertebrate	2594	assoc_k_beta	high	74.8	0.5039	lrrc8	0.5401
sp|Q3V3F6|MPZL3_MOUSE	Mus musculus	vertebrate	237	assoc_nav_beta	high	79.1	0.8214		1.0
sp|Q40648|KCAB_ORYSJ	Oryza sativa	plant	328	assoc_k_beta	high	59.7	0.8215		1.0
sp|Q40746|NIP11_ORYSJ	Oryza sativa	plant	284	outofscope_aquaporin	high	164.1	0.847		1.0
sp|Q41951|TIP21_ARATH	Arabidopsis thaliana	plant	250	outofscope_aquaporin	high	187.1	0.8221		1.0
sp|Q41963|TIP12_ARATH	Arabidopsis thaliana	plant	253	outofscope_aquaporin	high	179.2	0.8505		1.0
sp|Q41975|TIP22_ARATH	Arabidopsis thaliana	plant	250	outofscope_aquaporin	high	191.4	0.8577		1.0
sp|Q42093|AB2C_ARATH	Arabidopsis thaliana	plant	1623	nonchannel_abc_transporter	high	1360.7	0.9601	assoc_sur	0.4405
sp|Q42396|CDPKC_ARATH	Arabidopsis thaliana	plant	490	nonchannel_ncs	high	39.5	0.5751		1.0
sp|Q42438|CDPK8_ARATH	Arabidopsis thaliana	plant	533	nonchannel_ncs	high	37.2	0.7979		1.0
sp|Q42479|CDPK3_ARATH	Arabidopsis thaliana	plant	529	nonchannel_ncs	high	49.1	0.5803		1.0
sp|Q45R42|LRRC4_RAT	Rattus norvegicus	vertebrate	652	assoc_k_beta	high	119.1	0.5118	lrrc8	0.5281
sp|Q460M5|LRFN2_RAT	Rattus norvegicus	vertebrate	788	assoc_k_beta	medium	41.9	0.4829		1.0
sp|Q496Z2|TRIL_RAT	Rattus norvegicus	vertebrate	811	assoc_k_beta	medium	108.1	0.5249	lrrc8	0.2821
sp|Q4KLL3|LRC55_RAT	Rattus norvegicus	vertebrate	298	assoc_k_beta	high	305.5	0.8714	lrrc8	0.8668
sp|Q4KLY3|VSIG1_RAT	Rattus norvegicus	vertebrate	404	assoc_nav_beta	high	41.1	0.567		1.0
sp|Q4V897|CC90B_RAT	Rattus norvegicus	vertebrate	256	assoc_mcu_reg	medium	64.7	0.3829		1.0
sp|Q4V8A1|PCT2B_RAT	Rattus norvegicus	vertebrate	517	nonchannel_ncs	medium	59.0	0.3523	assoc_kchip	0.3305
sp|Q4V922|GSG1L_DANRE	Danio rerio	vertebrate	304	assoc_iglur_aux	medium	137.6	0.3793		1.0
sp|Q502J0|PCAT2_DANRE	Danio rerio	vertebrate	529	nonchannel_ncs	high	61.3	0.7927	assoc_kchip	0.367
sp|Q50LG9|LRC24_HUMAN	Homo sapiens	vertebrate	513	assoc_k_beta	high	90.5	0.5591	lrrc8	0.6807
sp|Q52K82|CML21_ARATH	Arabidopsis thaliana	plant	231	nonchannel_ncs	high	36.4	0.6891		1.0
sp|Q54BT3|ABCB2_DICDI	Dictyostelium discoideum	amoebozoa	1397	nonchannel_abc_transporter	medium	662.6	0.4586	assoc_sur	0.5862
sp|Q54BU4|ABCB1_DICDI	Dictyostelium discoideum	amoebozoa	909	nonchannel_abc_transporter	medium	412.0	0.4571	assoc_sur	0.5993
sp|Q54EK2|ABCC7_DICDI	Dictyostelium discoideum	amoebozoa	1328	nonchannel_abc_transporter	high	1073.4	0.9724	assoc_sur	0.4082
sp|Q54ET0|GRLE_DICDI	Dictyostelium discoideum	amoebozoa	816	nonchannel_class_c_gpcr	high	253.5	0.5028		1.0
sp|Q54F44|NOXC_DICDI	Dictyostelium discoideum	amoebozoa	1142	nonchannel_ncs	medium	46.2	0.4456		1.0
sp|Q54JL7|CNRN_DICDI	Dictyostelium discoideum	amoebozoa	639	nonchannel_vsp	medium	151.3	0.3315		1.0
sp|Q54JR2|ABCC3_DICDI	Dictyostelium discoideum	amoebozoa	1412	nonchannel_abc_transporter	high	1383.0	0.9578	assoc_sur	0.4535
sp|Q54K09|GRLQ_DICDI	Dictyostelium discoideum	amoebozoa	1187	nonchannel_class_c_gpcr	medium	50.3	0.3164		1.0
sp|Q54K24|ABCCE_DICDI	Dictyostelium discoideum	amoebozoa	1317	nonchannel_abc_transporter	high	1008.3	0.8903	assoc_sur	0.4014
sp|Q54L53|GRLD_DICDI	Dictyostelium discoideum	amoebozoa	791	nonchannel_class_c_gpcr	medium	118.9	0.3333		1.0
sp|Q54LE6|ABCC5_DICDI	Dictyostelium discoideum	amoebozoa	1460	nonchannel_abc_transporter	high	1198.2	0.9563	assoc_sur	0.4563
sp|Q54LG8|GRLM_DICDI	Dictyostelium discoideum	amoebozoa	749	nonchannel_class_c_gpcr	medium	129.8	0.3503		1.0
sp|Q54LX0|CBPM_DICDI	Dictyostelium discoideum	amoebozoa	183	nonchannel_ncs	high	100.0	0.9482	assoc_kchip	0.411
sp|Q54MF3|CANB2_DICDI	Dictyostelium discoideum	amoebozoa	183	nonchannel_ncs	medium	68.8	0.8964	assoc_kchip	0.2485
sp|Q54NL1|ABCC9_DICDI	Dictyostelium discoideum	amoebozoa	1345	nonchannel_abc_transporter	high	1102.2	0.9609	assoc_sur	0.447
sp|Q54P13|ABCC8_DICDI	Dictyostelium discoideum	amoebozoa	1593	nonchannel_abc_transporter	high	1502.4	0.9601	assoc_sur	0.4244
sp|Q54QG7|GRLN_DICDI	Dictyostelium discoideum	amoebozoa	891	nonchannel_class_c_gpcr	medium	101.5	0.322		1.0
sp|Q54QY9|ABCH4_DICDI	Dictyostelium discoideum	amoebozoa	882	nonchannel_abc_transporter	medium	123.8	0.3834	cftr	0.5404
sp|Q54RB9|CMC_DICDI	Dictyostelium discoideum	amoebozoa	772	assoc_mcu_reg	high	67.0	0.6577	nonchannel_ncs	0.3746
sp|Q54RU1|ABCB6_DICDI	Dictyostelium discoideum	amoebozoa	678	nonchannel_abc_transporter	medium	318.5	0.4118	assoc_sur	0.6308
sp|Q54SH7|GRLC_DICDI	Dictyostelium discoideum	amoebozoa	800	nonchannel_class_c_gpcr	medium	103.8	0.3492		1.0
sp|Q54SH8|GRLH_DICDI	Dictyostelium discoideum	amoebozoa	764	nonchannel_class_c_gpcr	medium	117.6	0.3537		1.0
sp|Q54SW3|GRLF_DICDI	Dictyostelium discoideum	amoebozoa	770	nonchannel_class_c_gpcr	medium	136.1	0.3412		1.0
sp|Q54U44|ABCCC_DICDI	Dictyostelium discoideum	amoebozoa	1323	nonchannel_abc_transporter	high	1354.9	0.9586	assoc_sur	0.4487
sp|Q54V53|AQPC_DICDI	Dictyostelium discoideum	amoebozoa	274	outofscope_aquaporin	high	149.2	0.8363		1.0
sp|Q54V86|ABCCD_DICDI	Dictyostelium discoideum	amoebozoa	1350	nonchannel_abc_transporter	high	1150.5	0.9594	assoc_sur	0.3957
sp|Q54VC1|ABCCF_DICDI	Dictyostelium discoideum	amoebozoa	1436	nonchannel_abc_transporter	high	1026.2	0.9601	assoc_sur	0.4278
sp|Q54VJ0|ABCC2_DICDI	Dictyostelium discoideum	amoebozoa	1384	nonchannel_abc_transporter	high	1147.2	0.9609	assoc_sur	0.3894
sp|Q54W24|ABCB4_DICDI	Dictyostelium discoideum	amoebozoa	767	nonchannel_abc_transporter	medium	393.2	0.4502	assoc_sur	0.6213
sp|Q54WT8|AQPB_DICDI	Dictyostelium discoideum	amoebozoa	294	outofscope_aquaporin	high	154.3	0.8221		1.0
sp|Q55415|BICA_SYNY3	Synechocystis sp. PCC 6803	prokaryote	564	transporter_slc26	high	122.3	0.6588		1.0
sp|Q555Z5|ABCA4_DICDI	Dictyostelium discoideum	amoebozoa	1615	nonchannel_abc_transporter	medium	108.8	0.3213		1.0
sp|Q55774|Y182_SYNY3	Synechocystis sp. PCC 6803	prokaryote	661	nonchannel_abc_transporter	medium	98.2	0.3957	cftr	0.6701
sp|Q55AP1|GRLA_DICDI	Dictyostelium discoideum	amoebozoa	798	nonchannel_class_c_gpcr	medium	128.2	0.3537		1.0
sp|Q55AP3|GRLO_DICDI	Dictyostelium discoideum	amoebozoa	819	nonchannel_class_c_gpcr	medium	116.4	0.339		1.0
sp|Q55C62|CBPJ_DICDI	Dictyostelium discoideum	amoebozoa	194	nonchannel_ncs	high	56.1	0.9741	assoc_kchip	0.3387
sp|Q55DA7|ABCB7_DICDI	Dictyostelium discoideum	amoebozoa	824	nonchannel_abc_transporter	medium	199.3	0.3865	cftr	0.8108
sp|Q55G87|CANB1_DICDI	Dictyostelium discoideum	amoebozoa	180	nonchannel_ncs	high	96.1	0.9482	assoc_kchip	0.4485
sp|Q56A07|SCN2B_MOUSE	Mus musculus	vertebrate	215	assoc_nav_beta	high	290.1	1.0		1.0
sp|Q56A55|MITOS_DANRE	Danio rerio	vertebrate	714	nonchannel_abc_transporter	medium	378.5	0.441	assoc_sur	0.6005
sp|Q58A48|TSK_DANRE	Danio rerio	vertebrate	347	assoc_k_beta	medium	65.9	0.3648	lrrc8	0.4279
sp|Q5BLC7|SHA9A_DANRE	Danio rerio	vertebrate	382	assoc_iglur_aux	high	213.6	0.8674		1.0
sp|Q5DX21|IGS11_HUMAN	Homo sapiens	vertebrate	431	assoc_nav_beta	high	60.0	0.5402		1.0
sp|Q5EBI0|S2610_MOUSE	Mus musculus	vertebrate	676	transporter_slc26	high	614.1	0.8336		1.0
sp|Q5F364|MRP1_CHICK	Gallus gallus	vertebrate	1525	nonchannel_abc_transporter	high	1857.8	0.9969	assoc_sur	0.5238
sp|Q5FWR8|NECT4_XENTR	Xenopus tropicalis	vertebrate	532	assoc_nav_beta	high	37.0	0.5312		1.0
sp|Q5M8M9|LRC52_MOUSE	Mus musculus	vertebrate	314	assoc_k_beta	high	241.2	0.7507		1.0
sp|Q5NCH9|GRM6_MOUSE	Mus musculus	vertebrate	871	nonchannel_class_c_gpcr	high	1229.0	0.9492		1.0
sp|Q5PPN7|MITOK_RAT	Rattus norvegicus	vertebrate	410	mitok	high	771.2	1.0		1.0
sp|Q5PQN0|NCALD_RAT	Rattus norvegicus	vertebrate	193	nonchannel_ncs	high	336.2	0.9896	assoc_kchip	0.4372
sp|Q5PQV5|TPBG_RAT	Rattus norvegicus	vertebrate	426	assoc_k_beta	high	92.6	0.6142		1.0
sp|Q5R3F8|PPR29_HUMAN	Homo sapiens	vertebrate	820	assoc_k_beta	high	49.4	0.5407	lrrc8	0.3077
sp|Q5RJF7|CA2D4_MOUSE	Mus musculus	vertebrate	1116	assoc_cav_aux	high	740.1	0.9767		1.0
sp|Q5RKI8|MITOS_RAT	Rattus norvegicus	vertebrate	714	nonchannel_abc_transporter	medium	379.3	0.4425	assoc_sur	0.6417
sp|Q5RKR3|ISLR2_MOUSE	Mus musculus	vertebrate	745	assoc_k_beta	medium	56.7	0.4829	lrrc8	0.2469
sp|Q5SSZ5|TENS3_MOUSE	Mus musculus	vertebrate	1440	nonchannel_vsp	high	132.1	0.5616		1.0
sp|Q5SY80|CTSRE_HUMAN	Homo sapiens	vertebrate	951	assoc_catsper_aux	high	1157.7	0.9476		1.0
sp|Q5T3U5|MRP7_HUMAN	Homo sapiens	vertebrate	1492	nonchannel_abc_transporter	high	1601.6	0.9793	assoc_sur	0.5819
sp|Q5T6X5|GPC6A_HUMAN	Homo sapiens	vertebrate	926	nonchannel_class_c_gpcr	high	660.4	0.9616	nmda	0.9591
sp|Q5T848|MGLYR_HUMAN	Homo sapiens	vertebrate	1215	nonchannel_class_c_gpcr	medium	75.2	0.3333		1.0
sp|Q5U206|CALL3_RAT	Rattus norvegicus	vertebrate	149	nonchannel_ncs	high	60.6	0.5544		1.0
sp|Q5U2P2|IGS11_RAT	Rattus norvegicus	vertebrate	428	assoc_nav_beta	high	63.1	0.5714		1.0
sp|Q5U9X3|GPC6A_DANRE	Danio rerio	vertebrate	867	nonchannel_class_c_gpcr	high	655.8	0.9322	nmda	0.9625
sp|Q5VQQ5|CDPK2_ORYSJ	Oryza sativa	plant	515	nonchannel_ncs	high	48.9	0.7565	assoc_kchip	0.3681
sp|Q5VR89|SIP11_ORYSJ	Oryza sativa	plant	246	outofscope_aquaporin	high	84.9	0.8505		1.0
sp|Q5VT99|LRC38_HUMAN	Homo sapiens	vertebrate	294	assoc_k_beta	high	320.8	0.874	lrrc8	0.9037
sp|Q5XH95|SCMC2_XENTR	Xenopus tropicalis	vertebrate	513	nonchannel_ncs	high	32.9	0.5233		1.0
sp|Q5Y4Y6|GSDA3_MOUSE	Mus musculus	vertebrate	464	nonchannel_gasdermin	high	463.2	0.9958		1.0
sp|Q5Z6F0|TIP22_ORYSJ	Oryza sativa	plant	248	outofscope_aquaporin	high	182.4	0.8327		1.0
sp|Q5Z9E2|NIP14_ORYSJ	Oryza sativa	plant	273	outofscope_aquaporin	high	137.7	0.8149		1.0
sp|Q5ZCK5|CML16_ORYSJ	Oryza sativa	plant	181	nonchannel_ncs	high	52.3	0.5803		1.0
sp|Q5ZLC8|ANR52_CHICK	Gallus gallus	vertebrate	1073	trpn	medium	426.6	0.3362	trpa	0.3744
sp|Q5ZM44|CHP1_CHICK	Gallus gallus	vertebrate	195	nonchannel_ncs	medium	47.8	0.3938		1.0
sp|Q61102|ABCB7_MOUSE	Mus musculus	vertebrate	752	nonchannel_abc_transporter	medium	337.3	0.4172	assoc_sur	0.6336
sp|Q61809|LRRN1_MOUSE	Mus musculus	vertebrate	716	assoc_k_beta	high	59.0	0.6457		1.0
sp|Q62192|CD180_MOUSE	Mus musculus	vertebrate	661	assoc_k_beta	medium	54.2	0.3386		1.0
sp|Q62230|SN_MOUSE	Mus musculus	vertebrate	1695	assoc_nav_beta	high	51.9	0.5134		1.0
sp|Q62273|S26A2_MOUSE	Mus musculus	vertebrate	739	transporter_slc26	high	872.9	0.9404		1.0
sp|Q62786|FPRP_RAT	Rattus norvegicus	vertebrate	879	assoc_nav_beta	high	67.3	0.5179		1.0
sp|Q63120|MRP2_RAT	Rattus norvegicus	vertebrate	1541	nonchannel_abc_transporter	high	1727.2	0.9908	assoc_sur	0.5226
sp|Q63494|KCAB3_RAT	Rattus norvegicus	vertebrate	404	assoc_k_beta	high	257.2	0.8898		1.0
sp|Q63563|ABCC9_RAT	Rattus norvegicus	vertebrate	1545	assoc_sur	high	3307.8	1.0	nonchannel_abc_transporter	0.6517
sp|Q63810|CANB1_MOUSE	Mus musculus	vertebrate	170	nonchannel_ncs	medium	75.9	0.7824	assoc_kchip	0.2596
sp|Q63811|CANB2_MOUSE	Mus musculus	vertebrate	179	nonchannel_ncs	high	73.9	0.829	assoc_kchip	0.3058
sp|Q63HR2|TENS2_HUMAN	Homo sapiens	vertebrate	1409	nonchannel_vsp	high	100.3	0.558		1.0
sp|Q651D5|PIP27_ORYSJ	Oryza sativa	plant	290	outofscope_aquaporin	high	197.4	0.8292		1.0
sp|Q65XA0|DHAR1_ORYSJ	Oryza sativa	plant	213	clic	high	99.4	0.7944		1.0
sp|Q66HV9|LIG1B_DANRE	Danio rerio	vertebrate	622	assoc_k_beta	medium	79.5	0.4252	lrrc8	0.3346
sp|Q67UK9|DHAR2_ORYSJ	Oryza sativa	plant	272	clic	high	99.1	0.7909		1.0
sp|Q67WJ8|NIP22_ORYSJ	Oryza sativa	plant	298	outofscope_aquaporin	high	161.4	0.8399		1.0
sp|Q682T9|CALM5_ARATH	Arabidopsis thaliana	plant	149	nonchannel_ncs	high	58.5	0.5648		1.0
sp|Q68CZ2|TENS3_HUMAN	Homo sapiens	vertebrate	1445	nonchannel_vsp	high	126.4	0.5616		1.0
sp|Q68ED2|GRM7_MOUSE	Mus musculus	vertebrate	915	nonchannel_class_c_gpcr	high	1292.5	0.9898		1.0
sp|Q68EF4|GRM4_MOUSE	Mus musculus	vertebrate	912	nonchannel_class_c_gpcr	high	1304.2	0.9898	nmda	0.9702
sp|Q68FM6|PPR29_MOUSE	Mus musculus	vertebrate	823	assoc_k_beta	high	50.6	0.5407	lrrc8	0.332
sp|Q69IM9|CDPKM_ORYSJ	Oryza sativa	plant	577	nonchannel_ncs	high	50.0	0.5596		1.0
sp|Q6AVI8|CDPK9_ORYSJ	Oryza sativa	plant	574	nonchannel_ncs	high	53.2	0.5648		1.0
sp|Q6AVM3|CCAMK_ORYSJ	Oryza sativa	plant	516	nonchannel_ncs	high	84.1	0.9171	assoc_kchip	0.4281
sp|Q6AXL3|LRC33_DANRE	Danio rerio	vertebrate	685	assoc_k_beta	medium	42.2	0.4882		1.0
sp|Q6AXL4|NCLDB_DANRE	Danio rerio	vertebrate	192	nonchannel_ncs	high	329.1	0.9845	assoc_kchip	0.4278
sp|Q6AYL2|GSG1_RAT	Rattus norvegicus	vertebrate	325	assoc_iglur_aux	high	34.0	0.5782		1.0
sp|Q6AYT8|MPZL1_RAT	Rattus norvegicus	vertebrate	270	assoc_nav_beta	high	93.3	0.8393		1.0
sp|Q6DF55|VASN_XENTR	Xenopus tropicalis	vertebrate	661	assoc_k_beta	medium	106.5	0.4829	lrrc8	0.3343
sp|Q6DJ87|CC90B_XENTR	Xenopus tropicalis	vertebrate	267	assoc_mcu_reg	medium	70.0	0.3784		1.0
sp|Q6DN52|CBPL_DICDI	Dictyostelium discoideum	amoebozoa	191	nonchannel_ncs	high	91.8	0.9689	assoc_kchip	0.329
sp|Q6EMK4|VASN_HUMAN	Homo sapiens	vertebrate	673	assoc_k_beta	high	101.0	0.5328	lrrc8	0.3376
sp|Q6EU94|PIP11_ORYSJ	Oryza sativa	plant	289	outofscope_aquaporin	high	183.3	0.8292		1.0
sp|Q6F332|CALM2_ORYSJ	Oryza sativa	plant	149	nonchannel_ncs	high	58.4	0.5648		1.0
sp|Q6GQU6|LIGO3_MOUSE	Mus musculus	vertebrate	589	assoc_k_beta	medium	99.0	0.4646	lrrc8	0.3152
sp|Q6GU68|ISLR_MOUSE	Mus musculus	vertebrate	428	assoc_k_beta	medium	56.4	0.601	lrrc8	0.2163
sp|Q6I587|CDPKF_ORYSJ	Oryza sativa	plant	542	nonchannel_ncs	high	39.4	0.5699		1.0
sp|Q6I5I8|CDPKG_ORYSJ	Oryza sativa	plant	547	nonchannel_ncs	high	51.7	0.5959		1.0
sp|Q6K215|PIP22_ORYSJ	Oryza sativa	plant	288	outofscope_aquaporin	high	191.2	0.8399		1.0
sp|Q6K968|CDPK6_ORYSJ	Oryza sativa	plant	545	nonchannel_ncs	high	42.8	0.5596		1.0
sp|Q6KCM7|SCMC2_HUMAN	Homo sapiens	vertebrate	469	nonchannel_ncs	high	30.9	0.5907		1.0
sp|Q6L4D4|CML15_ORYSJ	Oryza sativa	plant	201	nonchannel_ncs	medium	50.6	0.342		1.0
sp|Q6L5F4|CML14_ORYSJ	Oryza sativa	plant	173	nonchannel_ncs	high	41.2	0.544		1.0
sp|Q6NLC1|AB2D_ARATH	Arabidopsis thaliana	plant	706	nonchannel_abc_transporter	medium	85.8	0.319		1.0
sp|Q6NLQ6|CDPKW_ARATH	Arabidopsis thaliana	plant	538	nonchannel_ncs	high	43.1	0.6995		1.0
sp|Q6NS52|DGKB_MOUSE	Mus musculus	vertebrate	802	nonchannel_ncs	high	51.9	0.5596	assoc_kchip	0.4123
sp|Q6NUI6|CHADL_HUMAN	Homo sapiens	vertebrate	762	assoc_k_beta	high	199.5	0.5066	lrrc8	0.414
sp|Q6NUK1|SCMC1_HUMAN	Homo sapiens	vertebrate	477	nonchannel_ncs	medium	39.2	0.3212		1.0
sp|Q6NXK7|DPP10_MOUSE	Mus musculus	vertebrate	797	assoc_k_beta	high	333.7	0.9659		1.0
sp|Q6P3A4|VSIG8_MOUSE	Mus musculus	vertebrate	417	assoc_nav_beta	high	43.9	0.5446		1.0
sp|Q6P6Q9|MICU1_RAT	Rattus norvegicus	vertebrate	477	assoc_mcu_reg	high	629.8	0.964		1.0
sp|Q6P7C4|LRC26_RAT	Rattus norvegicus	vertebrate	334	assoc_k_beta	high	192.3	0.7769	lrrc8	0.8601
sp|Q6P8Y1|CAPSL_MOUSE	Mus musculus	vertebrate	208	nonchannel_ncs	high	48.7	0.5544	assoc_kchip	0.4353
sp|Q6PCP7|GP156_MOUSE	Mus musculus	vertebrate	798	nonchannel_class_c_gpcr	medium	88.7	0.3096		1.0
sp|Q6PGX3|LRFN1_DANRE	Danio rerio	vertebrate	584	assoc_k_beta	medium	54.4	0.4803	lrrc8	0.1765
sp|Q6PHS9|CA2D2_MOUSE	Mus musculus	vertebrate	1154	assoc_cav_aux	high	754.7	0.9739		1.0
sp|Q6PHZ8|KCIP4_MOUSE	Mus musculus	vertebrate	250	assoc_kchip	high	494.8	0.9841	nonchannel_ncs	0.6136
sp|Q6PI52|CALM_DANRE	Danio rerio	vertebrate	149	nonchannel_ncs	high	60.4	0.5648		1.0
sp|Q6PIL6|KCIP4_HUMAN	Homo sapiens	vertebrate	250	assoc_kchip	high	495.7	0.9841	nonchannel_ncs	0.6143
sp|Q6PRD1|GP179_HUMAN	Homo sapiens	vertebrate	2367	nonchannel_class_c_gpcr	medium	66.6	0.3345		1.0
sp|Q6Q473|CLA4A_MOUSE	Mus musculus	vertebrate	924	assoc_clc_aux	high	1404.8	0.9892		1.0
sp|Q6Q629|DPP10_RAT	Rattus norvegicus	vertebrate	796	assoc_k_beta	high	334.1	0.9606		1.0
sp|Q6QNU9|TLR12_MOUSE	Mus musculus	vertebrate	906	assoc_k_beta	medium	33.0	0.3701		1.0
sp|Q6R6I6|RXFP1_RAT	Rattus norvegicus	vertebrate	758	assoc_k_beta	medium	64.4	0.4173		1.0
sp|Q6R6I7|RXFP1_MOUSE	Mus musculus	vertebrate	758	assoc_k_beta	medium	61.4	0.3727		1.0
sp|Q6RKD8|FLRT1_MOUSE	Mus musculus	vertebrate	674	assoc_k_beta	medium	65.8	0.5118	lrrc8	0.2492
sp|Q6TAC4|V2R26_MOUSE	Mus musculus	vertebrate	855	nonchannel_class_c_gpcr	high	502.8	0.9164		1.0
sp|Q6UWV2|MPZL3_HUMAN	Homo sapiens	vertebrate	235	assoc_nav_beta	high	84.4	0.8839		1.0
sp|Q6UXK2|ISLR2_HUMAN	Homo sapiens	vertebrate	745	assoc_k_beta	medium	64.4	0.4829	lrrc8	0.25
sp|Q6UXK5|LRRN1_HUMAN	Homo sapiens	vertebrate	716	assoc_k_beta	high	57.4	0.5013		1.0
sp|Q6UXU4|GSG1L_HUMAN	Homo sapiens	vertebrate	331	assoc_iglur_aux	high	277.8	0.8806		1.0
sp|Q6UY18|LIGO4_HUMAN	Homo sapiens	vertebrate	593	assoc_k_beta	medium	92.7	0.4672	lrrc8	0.3646
sp|Q6WRH9|IGS10_RAT	Rattus norvegicus	vertebrate	2597	assoc_k_beta	high	77.0	0.5092	lrrc8	0.5792
sp|Q6WRI0|IGS10_HUMAN	Homo sapiens	vertebrate	2623	assoc_k_beta	high	73.6	0.643	lrrc8	0.4891
sp|Q6Y306|MRP9_RAT	Rattus norvegicus	vertebrate	1366	nonchannel_abc_transporter	high	1741.2	0.9747	assoc_sur	0.6014
sp|Q6YUU5|MDR_ORYSJ	Oryza sativa	plant	1245	nonchannel_abc_transporter	medium	706.1	0.4041	assoc_sur	0.6129
sp|Q6Z2J1|CML20_ORYSJ	Oryza sativa	plant	174	nonchannel_ncs	high	42.3	0.5751		1.0
sp|Q6Z2M9|CDPK4_ORYSJ	Oryza sativa	plant	522	nonchannel_ncs	medium	43.0	0.4456		1.0
sp|Q6Z2T3|NIP21_ORYSJ	Oryza sativa	plant	298	outofscope_aquaporin	high	168.0	0.9181		1.0
sp|Q6ZCX3|FH6_ORYSJ	Oryza sativa	plant	1364	nonchannel_vsp	medium	40.3	0.4239		1.0
sp|Q6ZRH7|CTSRG_HUMAN	Homo sapiens	vertebrate	1159	assoc_catsper_aux	high	1173.1	0.999		1.0
sp|Q6ZSA7|LRC55_HUMAN	Homo sapiens	vertebrate	298	assoc_k_beta	high	326.9	0.8924	lrrc8	0.8935
sp|Q6ZSJ9|SHSA6_HUMAN	Homo sapiens	vertebrate	500	assoc_iglur_aux	high	456.3	1.0		1.0
sp|Q6ZT07|TBCD9_HUMAN	Homo sapiens	vertebrate	1266	nonchannel_ncs	medium	31.2	0.342		1.0
sp|Q704E8|ABCB7_RAT	Rattus norvegicus	vertebrate	752	nonchannel_abc_transporter	medium	336.5	0.4172	assoc_sur	0.6389
sp|Q70VB1|GPC6A_RAT	Rattus norvegicus	vertebrate	928	nonchannel_class_c_gpcr	high	669.6	0.9525	iglur_nonvertebrate	0.9603
sp|Q71RJ2|CCG2_RAT	Rattus norvegicus	vertebrate	323	assoc_cav_aux	high	286.8	0.5761		1.0
sp|Q75GA5|TIP41_ORYSJ	Oryza sativa	plant	251	outofscope_aquaporin	high	156.3	0.8399		1.0
sp|Q75GE8|CDPK8_ORYSJ	Oryza sativa	plant	538	nonchannel_ncs	high	39.3	0.5492		1.0
sp|Q75JP4|GRLG_DICDI	Dictyostelium discoideum	amoebozoa	772	nonchannel_class_c_gpcr	medium	120.2	0.3446		1.0
sp|Q75JT4|GRLJ_DICDI	Dictyostelium discoideum	amoebozoa	783	nonchannel_class_c_gpcr	medium	141.4	0.3514		1.0
sp|Q75K28|NCSA_DICDI	Dictyostelium discoideum	amoebozoa	186	nonchannel_ncs	medium	173.0	0.9534	assoc_kchip	0.1925
sp|Q75KU4|CNBL4_ORYSJ	Oryza sativa	plant	210	nonchannel_ncs	medium	81.1	0.8135	assoc_kchip	0.2454
sp|Q75LU8|CNBL3_ORYSJ	Oryza sativa	plant	225	nonchannel_ncs	medium	81.3	0.886	assoc_kchip	0.2681
sp|Q7DM58|AB4C_ARATH	Arabidopsis thaliana	plant	1516	nonchannel_abc_transporter	high	1252.7	0.9555	assoc_sur	0.449
sp|Q7EYH7|NIP32_ORYSJ	Oryza sativa	plant	305	outofscope_aquaporin	high	135.7	0.8114		1.0
sp|Q7FB56|AB15C_ARATH	Arabidopsis thaliana	plant	1053	nonchannel_abc_transporter	high	1106.4	0.8198	assoc_sur	0.3988
sp|Q7FRS8|CNBLA_ARATH	Arabidopsis thaliana	plant	256	nonchannel_ncs	medium	82.2	0.8912	assoc_kchip	0.2397
sp|Q7FZF1|CNBL5_ARATH	Arabidopsis thaliana	plant	203	nonchannel_ncs	medium	58.2	0.8705	assoc_kchip	0.1753
sp|Q7G6K7|FH3_ORYSJ	Oryza sativa	plant	1234	nonchannel_vsp	medium	41.0	0.4112		1.0
sp|Q7GB25|AB5C_ARATH	Arabidopsis thaliana	plant	1514	nonchannel_abc_transporter	high	1268.9	0.9663	assoc_sur	0.4248
sp|Q7JQ32|GC76C_DROME	Drosophila melanogaster	invertebrate	1525	nonchannel_class_c_gpcr	medium	80.2	0.4757		1.0
sp|Q7K6A5|MDR_PLAF7	Plasmodium falciparum	apicomplexa	1419	nonchannel_abc_transporter	high	555.8	0.5054	assoc_sur	0.6657
sp|Q7KYR7|BT2A1_HUMAN	Homo sapiens	vertebrate	527	assoc_nav_beta	high	32.2	0.558		1.0
sp|Q7L0X0|TRIL_HUMAN	Homo sapiens	vertebrate	811	assoc_k_beta	medium	118.3	0.5459	lrrc8	0.2722
sp|Q7L5N7|PCAT2_HUMAN	Homo sapiens	vertebrate	544	nonchannel_ncs	medium	55.2	0.4508	assoc_kchip	0.2246
sp|Q7L985|LIGO2_HUMAN	Homo sapiens	vertebrate	606	assoc_k_beta	medium	103.1	0.4908	lrrc8	0.4306
sp|Q7LBE3|S26A9_HUMAN	Homo sapiens	vertebrate	791	transporter_slc26	high	967.7	0.9736		1.0
sp|Q7M6Z0|R4RL2_MOUSE	Mus musculus	vertebrate	420	assoc_k_beta	high	110.2	0.6115	lrrc8	0.5762
sp|Q7M729|SCN4B_MOUSE	Mus musculus	vertebrate	228	assoc_nav_beta	high	247.4	0.9821		1.0
sp|Q7M730|SCN4B_RAT	Rattus norvegicus	vertebrate	228	assoc_nav_beta	high	249.1	0.9821		1.0
sp|Q7NNP3|AQPZ_GLOVI	Gloeobacter violaceus	prokaryote	248	outofscope_aquaporin	high	174.2	0.8434		1.0
sp|Q7RTX0|TS1R3_HUMAN	Homo sapiens	vertebrate	852	nonchannel_class_c_gpcr	high	939.7	0.9582	iglur_nonvertebrate	0.9701
sp|Q7RTX1|TS1R1_HUMAN	Homo sapiens	vertebrate	841	nonchannel_class_c_gpcr	high	950.0	0.9593	nmda	0.9687
sp|Q7T2C4|S26A5_DANRE	Danio rerio	vertebrate	739	transporter_slc26	high	873.4	0.9556		1.0
sp|Q7TQ62|PODN_MOUSE	Mus musculus	vertebrate	611	assoc_k_beta	medium	116.7	0.3832	lrrc8	0.1225
sp|Q7TT36|AGRA3_MOUSE	Mus musculus	vertebrate	1310	assoc_k_beta	medium	53.1	0.3202		1.0
sp|Q7XA61|TIP21_ORYSJ	Oryza sativa	plant	248	outofscope_aquaporin	high	183.4	0.8221		1.0
sp|Q7XC27|CNBL1_ORYSJ	Oryza sativa	plant	213	nonchannel_ncs	high	84.3	0.8653	assoc_kchip	0.4199
sp|Q7XIM0|CDPKH_ORYSJ	Oryza sativa	plant	568	nonchannel_ncs	high	42.3	0.5699		1.0
sp|Q7XJR9|CDPKG_ARATH	Arabidopsis thaliana	plant	571	nonchannel_ncs	high	48.4	0.5285		1.0
sp|Q7XKI5|TIP32_ORYSJ	Oryza sativa	plant	265	outofscope_aquaporin	high	180.4	0.879		1.0
sp|Q7XLR1|PIP26_ORYSJ	Oryza sativa	plant	282	outofscope_aquaporin	high	185.9	0.8221		1.0
sp|Q7XSQ5|CDPKC_ORYSJ	Oryza sativa	plant	533	nonchannel_ncs	high	48.1	0.5751		1.0
sp|Q7XSQ9|PIP12_ORYSJ	Oryza sativa	plant	288	outofscope_aquaporin	high	182.0	0.8292		1.0
sp|Q7XU31|TIP51_ORYSJ	Oryza sativa	plant	269	outofscope_aquaporin	high	154.1	0.9004		1.0
sp|Q7XUA6|PIP23_ORYSJ	Oryza sativa	plant	290	outofscope_aquaporin	high	191.8	0.8434		1.0
sp|Q7Y1E6|PIP28_ORYSJ	Oryza sativa	plant	280	outofscope_aquaporin	high	181.1	0.8256		1.0
sp|Q7Z2Q7|LRR70_HUMAN	Homo sapiens	vertebrate	622	assoc_k_beta	high	124.7	0.5249	lrrc8	0.3272
sp|Q7Z3S7|CA2D4_HUMAN	Homo sapiens	vertebrate	1137	assoc_cav_aux	high	825.0	0.9931		1.0
sp|Q7Z443|PK1L3_HUMAN	Homo sapiens	vertebrate	1732	assoc_polycystin1	high	2408.3	0.7196	trpp	0.9676
sp|Q7Z5Y7|KCD20_HUMAN	Homo sapiens	vertebrate	419	nonchannel_kctd	high	167.4	0.9748	kv_shaker	0.8411
sp|Q80T41|GABR2_MOUSE	Mus musculus	vertebrate	940	nonchannel_class_c_gpcr	high	695.2	0.9299	kainate	0.9584
sp|Q80TG9|LRFN2_MOUSE	Mus musculus	vertebrate	788	assoc_k_beta	medium	42.0	0.4829		1.0
sp|Q80TR4|SLIT1_MOUSE	Mus musculus	vertebrate	1531	assoc_k_beta	high	283.2	0.5039	lrrc8	0.5191
sp|Q80TZ3|AUXI_MOUSE	Mus musculus	vertebrate	938	nonchannel_vsp	medium	93.8	0.4638		1.0
sp|Q80UL9|JAML_MOUSE	Mus musculus	vertebrate	379	assoc_nav_beta	high	79.9	0.5446		1.0
sp|Q80WD0|R4RL1_RAT	Rattus norvegicus	vertebrate	445	assoc_k_beta	medium	68.9	0.3806	lrrc8	0.389
sp|Q80WD1|R4RL2_RAT	Rattus norvegicus	vertebrate	420	assoc_k_beta	high	108.1	0.6115	lrrc8	0.5671
sp|Q80WJ6|MRP9_MOUSE	Mus musculus	vertebrate	1366	nonchannel_abc_transporter	high	1762.5	0.9747	assoc_sur	0.6031
sp|Q80X66|BTBDA_MOUSE	Mus musculus	vertebrate	475	nonchannel_kctd	high	102.4	0.8454	kv_shaker	0.7168
sp|Q80XG9|LRRT4_MOUSE	Mus musculus	vertebrate	590	assoc_k_beta	high	89.3	0.5118		1.0
sp|Q80ZD3|S2611_MOUSE	Mus musculus	vertebrate	593	transporter_slc26	high	538.4	0.8322		1.0
sp|Q80ZD5|AMGO3_RAT	Rattus norvegicus	vertebrate	508	assoc_k_beta	medium	43.7	0.3885		1.0
sp|Q80ZD8|AMGO1_MOUSE	Mus musculus	vertebrate	492	assoc_k_beta	medium	57.3	0.4961	lrrc8	0.1344
sp|Q810D1|CHP2_RAT	Rattus norvegicus	vertebrate	196	nonchannel_ncs	medium	43.1	0.399	assoc_kchip	0.3619
sp|Q811Q0|KCMB2_RAT	Rattus norvegicus	vertebrate	235	assoc_k_beta	high	152.4	0.853		1.0
sp|Q84MN0|CML4_ORYSJ	Oryza sativa	plant	154	nonchannel_ncs	high	56.8	0.5751		1.0
sp|Q84S07|NIP33_ORYSJ	Oryza sativa	plant	278	outofscope_aquaporin	high	134.1	0.8114		1.0
sp|Q84SL0|CDPKK_ORYSJ	Oryza sativa	plant	550	nonchannel_ncs	high	37.0	0.5855		1.0
sp|Q852N6|CDPKB_ORYSJ	Oryza sativa	plant	576	nonchannel_ncs	high	51.3	0.5907		1.0
sp|Q86A72|Y4781_DICDI	Dictyostelium discoideum	amoebozoa	225	nonchannel_ncs	high	107.5	0.9534	assoc_kchip	0.3721
sp|Q86HH3|GRLB_DICDI	Dictyostelium discoideum	amoebozoa	755	nonchannel_class_c_gpcr	medium	137.8	0.3571		1.0
sp|Q86IV7|CBPK_DICDI	Dictyostelium discoideum	amoebozoa	192	nonchannel_ncs	high	66.1	0.9689	assoc_kchip	0.3086
sp|Q86IV8|CBPKL_DICDI	Dictyostelium discoideum	amoebozoa	185	nonchannel_ncs	high	67.5	0.9896	assoc_kchip	0.3659
sp|Q86JE1|Y2130_DICDI	Dictyostelium discoideum	amoebozoa	205	nonchannel_ncs	medium	70.7	0.886	assoc_kchip	0.2306
sp|Q86UN2|R4RL1_HUMAN	Homo sapiens	vertebrate	441	assoc_k_beta	medium	84.2	0.4987	lrrc8	0.5083
sp|Q86UN3|R4RL2_HUMAN	Homo sapiens	vertebrate	420	assoc_k_beta	high	112.2	0.6325		1.0
sp|Q86VH4|LRRT4_HUMAN	Homo sapiens	vertebrate	590	assoc_k_beta	medium	94.5	0.4882		1.0
sp|Q86W47|KCMB4_HUMAN	Homo sapiens	vertebrate	210	assoc_k_beta	high	149.2	0.5328		1.0
sp|Q86WA9|S2611_HUMAN	Homo sapiens	vertebrate	606	transporter_slc26	high	597.7	0.8585		1.0
sp|Q86WK6|AMGO1_HUMAN	Homo sapiens	vertebrate	493	assoc_k_beta	medium	55.0	0.4173	lrrc8	0.1364
sp|Q86WK7|AMGO3_HUMAN	Homo sapiens	vertebrate	504	assoc_k_beta	medium	47.6	0.3911	lrrc8	0.2227
sp|Q86XE3|MICU3_HUMAN	Homo sapiens	vertebrate	530	assoc_mcu_reg	high	693.9	0.9775		1.0
sp|Q86XK7|VSIG1_HUMAN	Homo sapiens	vertebrate	387	assoc_nav_beta	high	47.2	0.5804		1.0
sp|Q86XM0|CTSRD_HUMAN	Homo sapiens	vertebrate	798	assoc_catsper_aux	high	895.8	0.8845		1.0
sp|Q86YT9|JAML_HUMAN	Homo sapiens	vertebrate	394	assoc_nav_beta	high	81.5	0.7277		1.0
sp|Q8BG22|CLCA2_MOUSE	Mus musculus	vertebrate	942	assoc_clc_aux	high	1344.6	0.9957		1.0
sp|Q8BGQ4|POMT2_MOUSE	Mus musculus	vertebrate	820	nonchannel_pomt	high	1344.4	0.9938		1.0
sp|Q8BGT1|FLRT3_MOUSE	Mus musculus	vertebrate	649	assoc_k_beta	medium	71.7	0.4987	lrrc8	0.3431
sp|Q8BGX3|LRTM2_MOUSE	Mus musculus	vertebrate	370	assoc_k_beta	high	92.2	0.6168	lrrc8	0.3341
sp|Q8BGZ1|HPCL4_MOUSE	Mus musculus	vertebrate	191	nonchannel_ncs	high	316.9	0.9793	assoc_kchip	0.4071
sp|Q8BH59|S2512_MOUSE	Mus musculus	vertebrate	677	assoc_mcu_reg	high	54.8	0.527		1.0
sp|Q8BHA1|LRC24_MOUSE	Mus musculus	vertebrate	521	assoc_k_beta	high	84.2	0.5564		1.0
sp|Q8BHH1|AQP11_MOUSE	Mus musculus	vertebrate	271	outofscope_aquaporin	high	227.3	0.8861		1.0
sp|Q8BHK2|SCN3B_MOUSE	Mus musculus	vertebrate	215	assoc_nav_beta	high	286.3	0.9286		1.0
sp|Q8BLU0|FLRT2_MOUSE	Mus musculus	vertebrate	660	assoc_k_beta	high	93.6	0.5538	lrrc8	0.4284
sp|Q8BMD8|SCMC1_MOUSE	Mus musculus	vertebrate	475	nonchannel_ncs	medium	40.4	0.3161		1.0
sp|Q8BNJ6|NETO2_MOUSE	Mus musculus	vertebrate	525	assoc_iglur_aux	high	385.7	0.9576		1.0
sp|Q8BNY6|NCS1_MOUSE	Mus musculus	vertebrate	190	nonchannel_ncs	medium	300.2	0.9637	assoc_kchip	0.2841
sp|Q8BTI7|ANR52_MOUSE	Mus musculus	vertebrate	1076	trpn	medium	408.0	0.3235	trpa	0.3725
sp|Q8BU91|S26A9_MOUSE	Mus musculus	vertebrate	790	transporter_slc26	high	936.9	0.9709		1.0
sp|Q8BXQ3|LRTM1_MOUSE	Mus musculus	vertebrate	356	assoc_k_beta	high	75.8	0.6745	lrrc8	0.5937
sp|Q8BYI6|PCAT2_MOUSE	Mus musculus	vertebrate	544	nonchannel_ncs	medium	55.0	0.342	assoc_kchip	0.2145
sp|Q8BZT5|LRC19_MOUSE	Mus musculus	vertebrate	364	assoc_k_beta	high	36.5	0.5118		1.0
sp|Q8C013|TPBGL_MOUSE	Mus musculus	vertebrate	384	assoc_k_beta	medium	31.6	0.4514		1.0
sp|Q8C031|LRC4C_MOUSE	Mus musculus	vertebrate	640	assoc_k_beta	high	100.1	0.5302	lrrc8	0.3916
sp|Q8C2S7|AMGO3_MOUSE	Mus musculus	vertebrate	508	assoc_k_beta	high	49.0	0.5039		1.0
sp|Q8C3Q5|SHSA7_MOUSE	Mus musculus	vertebrate	558	assoc_iglur_aux	high	374.7	0.9788		1.0
sp|Q8C3X2|CC90B_MOUSE	Mus musculus	vertebrate	256	assoc_mcu_reg	medium	67.7	0.3784		1.0
sp|Q8C419|MGLYR_MOUSE	Mus musculus	vertebrate	1200	nonchannel_class_c_gpcr	medium	74.0	0.3299		1.0
sp|Q8C4A0|AQP6_MOUSE	Mus musculus	vertebrate	293	outofscope_aquaporin	high	279.5	0.9324		1.0
sp|Q8C8T7|ELFN1_MOUSE	Mus musculus	vertebrate	828	assoc_k_beta	medium	36.1	0.4829	lrrc8	0.2105
sp|Q8CAE3|KCMB1_MOUSE	Mus musculus	vertebrate	191	assoc_k_beta	high	98.8	0.7927		1.0
sp|Q8CB12|GSDC3_MOUSE	Mus musculus	vertebrate	480	nonchannel_gasdermin	high	301.5	0.9915		1.0
sp|Q8CBC6|LRRN3_MOUSE	Mus musculus	vertebrate	707	assoc_k_beta	medium	71.2	0.5092	lrrc8	0.2949
sp|Q8CC27|CACB2_MOUSE	Mus musculus	vertebrate	655	assoc_cav_aux	high	526.5	0.8711		1.0
sp|Q8CD10|MICU2_MOUSE	Mus musculus	vertebrate	432	assoc_mcu_reg	high	536.3	0.955		1.0
sp|Q8CDD8|KCD20_MOUSE	Mus musculus	vertebrate	419	nonchannel_kctd	high	164.4	0.9779	kv_shaker	0.8382
sp|Q8CFG5|CA2D3_RAT	Rattus norvegicus	vertebrate	1085	assoc_cav_aux	high	814.6	0.9739		1.0
sp|Q8CFG6|CA2D2_RAT	Rattus norvegicus	vertebrate	1157	assoc_cav_aux	high	739.9	0.9739		1.0
sp|Q8CG09|MRP1_RAT	Rattus norvegicus	vertebrate	1532	nonchannel_abc_transporter	high	1869.4	0.9969	assoc_sur	0.5324
sp|Q8CGB6|TENS2_MOUSE	Mus musculus	vertebrate	1400	nonchannel_vsp	high	101.3	0.5217		1.0
sp|Q8CHJ2|AQP12_MOUSE	Mus musculus	vertebrate	290	outofscope_aquaporin	high	160.6	0.7616		1.0
sp|Q8CHM1|AQP11_RAT	Rattus norvegicus	vertebrate	271	outofscope_aquaporin	high	225.3	0.8861		1.0
sp|Q8CIW6|S26A6_MOUSE	Mus musculus	vertebrate	758	transporter_slc26	high	930.1	0.9584		1.0
sp|Q8CIY2|DUOX1_RAT	Rattus norvegicus	vertebrate	1551	nonchannel_ncs	high	60.3	0.5855	assoc_kchip	0.4826
sp|Q8GRI8|PIP25_ORYSJ	Oryza sativa	plant	283	outofscope_aquaporin	high	185.5	0.8256		1.0
sp|Q8GRT8|PIP24_ORYSJ	Oryza sativa	plant	286	outofscope_aquaporin	high	185.4	0.8256		1.0
sp|Q8GYH8|SUT42_ARATH	Arabidopsis thaliana	plant	677	transporter_slc26	high	434.0	0.8169		1.0
sp|Q8H106|PTN2B_ARATH	Arabidopsis thaliana	plant	632	nonchannel_vsp	high	215.1	0.596		1.0
sp|Q8H5N9|PIP21_ORYSJ	Oryza sativa	plant	290	outofscope_aquaporin	high	187.1	0.8292		1.0
sp|Q8IBS5|CDPK4_PLAF7	Plasmodium falciparum	apicomplexa	528	nonchannel_ncs	high	54.3	0.5907		1.0
sp|Q8ICR0|CDPK2_PLAF7	Plasmodium falciparum	apicomplexa	513	nonchannel_ncs	high	36.7	0.5544		1.0
sp|Q8IDH9|ATM1_PLAF7	Plasmodium falciparum	apicomplexa	1049	nonchannel_abc_transporter	medium	290.9	0.4762	assoc_sur	0.6463
sp|Q8II36|AQP1_PLAF7	Plasmodium falciparum	apicomplexa	258	outofscope_aquaporin	high	164.2	0.8434		1.0
sp|Q8IW00|VSTM4_HUMAN	Homo sapiens	vertebrate	320	assoc_nav_beta	high	34.7	0.8438		1.0
sp|Q8IWK6|AGRA3_HUMAN	Homo sapiens	vertebrate	1321	assoc_k_beta	medium	54.8	0.3202		1.0
sp|Q8IWT1|SCN4B_HUMAN	Homo sapiens	vertebrate	228	assoc_nav_beta	high	317.1	1.0		1.0
sp|Q8IXF9|AQ12A_HUMAN	Homo sapiens	vertebrate	295	outofscope_aquaporin	high	216.3	0.9573		1.0
sp|Q8IYU8|MICU2_HUMAN	Homo sapiens	vertebrate	434	assoc_mcu_reg	high	626.4	0.9977		1.0
sp|Q8IZS8|CA2D3_HUMAN	Homo sapiens	vertebrate	1091	assoc_cav_aux	high	834.9	0.9822		1.0
sp|Q8K0S5|R4RL1_MOUSE	Mus musculus	vertebrate	445	assoc_k_beta	medium	72.2	0.4908	lrrc8	0.4127
sp|Q8K1G0|CLMP_RAT	Rattus norvegicus	vertebrate	372	assoc_nav_beta	medium	53.0	0.4643		1.0
sp|Q8K1S1|LGI4_MOUSE	Mus musculus	vertebrate	537	assoc_k_beta	medium	31.7	0.3018		1.0
sp|Q8K3P6|SCMC2_RAT	Rattus norvegicus	vertebrate	469	nonchannel_ncs	high	30.9	0.5907		1.0
sp|Q8K406|LGI3_MOUSE	Mus musculus	vertebrate	548	assoc_k_beta	medium	38.9	0.3491		1.0
sp|Q8K451|GP156_RAT	Rattus norvegicus	vertebrate	792	nonchannel_class_c_gpcr	medium	94.2	0.3446		1.0
sp|Q8K4K1|CETN4_MOUSE	Mus musculus	vertebrate	168	nonchannel_ncs	high	42.3	0.5751		1.0
sp|Q8K4Z6|GPC6A_MOUSE	Mus musculus	vertebrate	928	nonchannel_class_c_gpcr	high	679.3	0.9514	iglur_nonvertebrate	0.9641
sp|Q8LAA6|PIP15_ARATH	Arabidopsis thaliana	plant	287	outofscope_aquaporin	high	185.8	0.8292		1.0
sp|Q8LAI1|NIP71_ARATH	Arabidopsis thaliana	plant	275	outofscope_aquaporin	high	150.7	0.8114		1.0
sp|Q8LAS7|CNBL2_ARATH	Arabidopsis thaliana	plant	226	nonchannel_ncs	medium	79.7	0.8808	assoc_kchip	0.2585
sp|Q8LE52|DHAR3_ARATH	Arabidopsis thaliana	plant	258	clic	high	104.3	0.7979		1.0
sp|Q8LEM7|CNBL3_ARATH	Arabidopsis thaliana	plant	226	nonchannel_ncs	medium	79.2	0.8808	assoc_kchip	0.2803
sp|Q8LFP7|NIP12_ARATH	Arabidopsis thaliana	plant	294	outofscope_aquaporin	high	165.0	0.8327		1.0
sp|Q8LGU1|AB8C_ARATH	Arabidopsis thaliana	plant	1464	nonchannel_abc_transporter	high	1214.2	0.9647	assoc_sur	0.4475
sp|Q8LPK2|AB2B_ARATH	Arabidopsis thaliana	plant	1273	nonchannel_abc_transporter	medium	632.2	0.4034	assoc_sur	0.5903
sp|Q8LPQ6|AB28B_ARATH	Arabidopsis thaliana	plant	714	nonchannel_abc_transporter	medium	322.7	0.3865	assoc_sur	0.6514
sp|Q8LPT1|AB6B_ARATH	Arabidopsis thaliana	plant	1407	nonchannel_abc_transporter	medium	547.0	0.4179	assoc_sur	0.6108
sp|Q8LPZ7|CDPK3_ORYSJ	Oryza sativa	plant	551	nonchannel_ncs	high	51.0	0.5959		1.0
sp|Q8N0V4|LGI2_HUMAN	Homo sapiens	vertebrate	545	assoc_k_beta	medium	37.9	0.4803	lrrc8	0.2612
sp|Q8N145|LGI3_HUMAN	Homo sapiens	vertebrate	548	assoc_k_beta	medium	40.6	0.3491		1.0
sp|Q8N608|DPP10_HUMAN	Homo sapiens	vertebrate	796	assoc_k_beta	high	376.5	0.9606		1.0
sp|Q8N6Y2|LRC17_HUMAN	Homo sapiens	vertebrate	441	assoc_k_beta	medium	61.6	0.3491		1.0
sp|Q8N7C0|LRC52_HUMAN	Homo sapiens	vertebrate	313	assoc_k_beta	high	334.2	0.9396	lrrc8	0.9111
sp|Q8N967|LRTM2_HUMAN	Homo sapiens	vertebrate	370	assoc_k_beta	high	90.0	0.6194	lrrc8	0.43
sp|Q8NB46|ANR52_HUMAN	Homo sapiens	vertebrate	1076	trpn	medium	409.5	0.3372	trpa	0.3844
sp|Q8NBQ7|AQP11_HUMAN	Homo sapiens	vertebrate	271	outofscope_aquaporin	high	246.3	0.879		1.0
sp|Q8NC67|NETO2_HUMAN	Homo sapiens	vertebrate	525	assoc_iglur_aux	high	388.0	0.9576		1.0
sp|Q8NF37|PCAT1_HUMAN	Homo sapiens	vertebrate	534	nonchannel_ncs	high	33.7	0.5699		1.0
sp|Q8NFA0|UBP32_HUMAN	Homo sapiens	vertebrate	1604	nonchannel_ncs	medium	81.3	0.544	assoc_kchip	0.2854
sp|Q8NFN8|GP156_HUMAN	Homo sapiens	vertebrate	814	nonchannel_class_c_gpcr	medium	84.8	0.3469		1.0
sp|Q8NG04|S2610_HUMAN	Homo sapiens	vertebrate	563	transporter_slc26	high	459.4	0.6546		1.0
sp|Q8R0C3|S26A8_MOUSE	Mus musculus	vertebrate	999	transporter_slc26	high	760.4	0.9847		1.0
sp|Q8R0S4|CACB4_MOUSE	Mus musculus	vertebrate	519	assoc_cav_aux	high	467.9	0.7421		1.0
sp|Q8R1W2|GSG1_MOUSE	Mus musculus	vertebrate	324	assoc_iglur_aux	high	35.8	0.5782		1.0
sp|Q8R2N1|AQP3_MOUSE	Mus musculus	vertebrate	292	outofscope_aquaporin	high	343.7	0.9431		1.0
sp|Q8R2R1|POMT1_MOUSE	Mus musculus	vertebrate	746	nonchannel_pomt	high	1256.3	0.9397		1.0
sp|Q8R2Z3|S26A7_MOUSE	Mus musculus	vertebrate	656	transporter_slc26	high	802.9	0.9473		1.0
sp|Q8R373|CLMP_MOUSE	Mus musculus	vertebrate	373	assoc_nav_beta	high	53.4	0.5223		1.0
sp|Q8R3Z5|CACB1_MOUSE	Mus musculus	vertebrate	597	assoc_cav_aux	high	504.8	0.8477		1.0
sp|Q8R426|KCIP1_RAT	Rattus norvegicus	vertebrate	227	assoc_kchip	high	452.5	0.9522	nonchannel_ncs	0.5642
sp|Q8R4I7|NETO1_MOUSE	Mus musculus	vertebrate	533	assoc_iglur_aux	high	366.6	0.9894		1.0
sp|Q8R4P9|MRP7_MOUSE	Mus musculus	vertebrate	1501	nonchannel_abc_transporter	high	1508.2	0.9816	assoc_sur	0.5653
sp|Q8RWL2|CDPKT_ARATH	Arabidopsis thaliana	plant	534	nonchannel_ncs	high	44.1	0.8135		1.0
sp|Q8RY46|AB26B_ARATH	Arabidopsis thaliana	plant	700	nonchannel_abc_transporter	medium	354.3	0.4279	assoc_sur	0.5927
sp|Q8RZB5|CML10_ORYSJ	Oryza sativa	plant	185	nonchannel_ncs	high	60.8	0.5337		1.0
sp|Q8S1Y9|CML1_ORYSJ	Oryza sativa	plant	187	nonchannel_ncs	high	54.8	0.5803		1.0
sp|Q8S8S2|LPCT2_ARATH	Arabidopsis thaliana	plant	539	nonchannel_ncs	high	31.6	0.8497		1.0
sp|Q8ST87|ABCCA_DICDI	Dictyostelium discoideum	amoebozoa	1334	nonchannel_abc_transporter	high	1354.9	0.9578	assoc_sur	0.4519
sp|Q8T6H3|ABCC6_DICDI	Dictyostelium discoideum	amoebozoa	1351	nonchannel_abc_transporter	high	1069.3	0.9632	assoc_sur	0.3833
sp|Q8T6H8|ABCC1_DICDI	Dictyostelium discoideum	amoebozoa	1359	nonchannel_abc_transporter	high	1125.5	0.9617	assoc_sur	0.4199
sp|Q8T6J5|ABCA2_DICDI	Dictyostelium discoideum	amoebozoa	1621	nonchannel_abc_transporter	medium	95.9	0.3236	cftr	0.2805
sp|Q8T9S7|PTEN_DICDI	Dictyostelium discoideum	amoebozoa	533	nonchannel_vsp	high	240.5	0.5616		1.0
sp|Q8T9W1|TAGD_DICDI	Dictyostelium discoideum	amoebozoa	1825	nonchannel_abc_transporter	medium	304.7	0.4195	assoc_sur	0.6085
sp|Q8T9W2|ABCB5_DICDI	Dictyostelium discoideum	amoebozoa	697	nonchannel_abc_transporter	medium	365.9	0.4931	assoc_sur	0.6335
sp|Q8T9W4|ABCB3_DICDI	Dictyostelium discoideum	amoebozoa	1432	nonchannel_abc_transporter	medium	650.2	0.4824	assoc_sur	0.647
sp|Q8TAX9|GSDMB_HUMAN	Homo sapiens	vertebrate	416	nonchannel_gasdermin	high	472.9	0.9449		1.0
sp|Q8TDF5|NETO1_HUMAN	Homo sapiens	vertebrate	533	assoc_iglur_aux	high	389.3	0.992		1.0
sp|Q8TE23|TS1R2_HUMAN	Homo sapiens	vertebrate	839	nonchannel_class_c_gpcr	high	945.1	0.9514		1.0
sp|Q8TE54|S26A7_HUMAN	Homo sapiens	vertebrate	656	transporter_slc26	high	847.4	0.9459		1.0
sp|Q8TF66|LRC15_HUMAN	Homo sapiens	vertebrate	581	assoc_k_beta	medium	132.9	0.5381	lrrc8	0.1159
sp|Q8VBV8|GUC1B_MOUSE	Mus musculus	vertebrate	201	nonchannel_ncs	high	256.8	0.9689	assoc_kchip	0.5382
sp|Q8VBX0|ASB13_MOUSE	Mus musculus	vertebrate	278	trpn	medium	113.4	0.3114	trpa	0.5547
sp|Q8VCH9|LRC3B_MOUSE	Mus musculus	vertebrate	259	assoc_k_beta	medium	50.5	0.3333	lrrc8	0.4455
sp|Q8VCX5|MICU1_MOUSE	Mus musculus	vertebrate	477	assoc_mcu_reg	high	627.1	0.964		1.0
sp|Q8VGC3|CACB2_RAT	Rattus norvegicus	vertebrate	655	assoc_cav_aux	high	528.1	0.8711		1.0
sp|Q8VHW2|CCG8_MOUSE	Mus musculus	vertebrate	423	assoc_cav_aux	high	266.6	0.6406		1.0
sp|Q8VHW3|CCG6_MOUSE	Mus musculus	vertebrate	260	assoc_cav_aux	medium	128.4	0.4321		1.0
sp|Q8VHW4|CCG5_MOUSE	Mus musculus	vertebrate	275	assoc_cav_aux	high	210.3	0.5158		1.0
sp|Q8VHW5|CCG8_RAT	Rattus norvegicus	vertebrate	421	assoc_cav_aux	high	266.1	0.6406		1.0
sp|Q8VHW7|CCG6_RAT	Rattus norvegicus	vertebrate	260	assoc_cav_aux	medium	129.2	0.4321		1.0
sp|Q8VHW8|CCG5_RAT	Rattus norvegicus	vertebrate	275	assoc_cav_aux	high	210.7	0.5158		1.0
sp|Q8VHW9|CCG4_RAT	Rattus norvegicus	vertebrate	327	assoc_cav_aux	high	273.6	0.583		1.0
sp|Q8VHX0|CCG3_RAT	Rattus norvegicus	vertebrate	315	assoc_cav_aux	high	266.9	0.5748		1.0
sp|Q8VI47|MRP2_MOUSE	Mus musculus	vertebrate	1543	nonchannel_abc_transporter	high	1734.0	0.9908	assoc_sur	0.5276
sp|Q8VZW1|NIP11_ARATH	Arabidopsis thaliana	plant	296	outofscope_aquaporin	high	168.1	0.8327		1.0
sp|Q8VZZ4|AB6C_ARATH	Arabidopsis thaliana	plant	1466	nonchannel_abc_transporter	high	1213.4	0.9655	assoc_sur	0.4328
sp|Q8W036|NIP42_ARATH	Arabidopsis thaliana	plant	283	outofscope_aquaporin	high	162.2	0.8399		1.0
sp|Q8W037|NIP21_ARATH	Arabidopsis thaliana	plant	288	outofscope_aquaporin	high	160.6	0.8719		1.0
sp|Q8W4I7|CDPKD_ARATH	Arabidopsis thaliana	plant	528	nonchannel_ncs	high	51.7	0.6062		1.0
sp|Q8WT44|UBPH_CAEEL	Caenorhabditis elegans	invertebrate	1178	nonchannel_ncs	high	43.7	0.5596	assoc_kchip	0.3021
sp|Q8WUT4|LRRN4_HUMAN	Homo sapiens	vertebrate	740	assoc_k_beta	medium	40.8	0.3123	lrrc8	0.1275
sp|Q8WVV5|BT2A2_HUMAN	Homo sapiens	vertebrate	523	assoc_nav_beta	high	38.7	0.5491		1.0
sp|Q8WWF8|CAPSL_HUMAN	Homo sapiens	vertebrate	208	nonchannel_ncs	high	47.6	0.5544	assoc_kchip	0.4202
sp|Q8WWG9|KCNE4_HUMAN	Homo sapiens	vertebrate	221	assoc_kcne	high	138.5	0.9685		1.0
sp|Q8WXD0|RXFP2_HUMAN	Homo sapiens	vertebrate	754	assoc_k_beta	medium	70.1	0.4409		1.0
sp|Q8WXS5|CCG8_HUMAN	Homo sapiens	vertebrate	425	assoc_cav_aux	high	281.3	0.6406		1.0
sp|Q90Y50|CXAR_DANRE	Danio rerio	vertebrate	372	assoc_nav_beta	high	46.3	0.5134		1.0
sp|Q91W20|LRC26_MOUSE	Mus musculus	vertebrate	331	assoc_k_beta	high	202.1	0.7323	lrrc8	0.8283
sp|Q91WG7|DGKG_MOUSE	Mus musculus	vertebrate	788	nonchannel_ncs	high	45.1	0.5596	assoc_kchip	0.3481
sp|Q91X97|NCALD_MOUSE	Mus musculus	vertebrate	193	nonchannel_ncs	high	336.2	0.9896	assoc_kchip	0.4372
sp|Q91ZZ5|RXFP2_MOUSE	Mus musculus	vertebrate	737	assoc_k_beta	medium	68.7	0.4357		1.0
sp|Q92337|ABC1_SCHPO	Schizosaccharomyces pombe	fungi	1427	nonchannel_abc_transporter	high	921.0	0.964	assoc_sur	0.4376
sp|Q923K1|TS1R3_RAT	Rattus norvegicus	vertebrate	858	nonchannel_class_c_gpcr	high	837.5	0.9435	nmda	0.9565
sp|Q92482|AQP3_HUMAN	Homo sapiens	vertebrate	292	outofscope_aquaporin	high	350.2	0.9431		1.0
sp|Q924C9|S26A3_RAT	Rattus norvegicus	vertebrate	757	transporter_slc26	high	959.1	0.9875		1.0
sp|Q925D8|TS1R3_MOUSE	Mus musculus	vertebrate	858	nonchannel_class_c_gpcr	high	820.8	0.948	nmda	0.955
sp|Q925I4|TS1R2_MOUSE	Mus musculus	vertebrate	843	nonchannel_class_c_gpcr	high	830.1	0.9254		1.0
sp|Q92626|PXDN_HUMAN	Homo sapiens	vertebrate	1479	assoc_k_beta	medium	59.9	0.5512	lrrc8	0.2304
sp|Q92887|MRP2_HUMAN	Homo sapiens	vertebrate	1545	nonchannel_abc_transporter	high	1867.4	0.9969	assoc_sur	0.5654
sp|Q94225|SULP3_CAEEL	Caenorhabditis elegans	invertebrate	782	transporter_slc26	high	503.5	0.9293		1.0
sp|Q94CS9|TIP12_ORYSJ	Oryza sativa	plant	252	outofscope_aquaporin	high	187.3	0.847		1.0
sp|Q94FB9|AB1D_ARATH	Arabidopsis thaliana	plant	1337	nonchannel_abc_transporter	medium	112.8	0.3505	cftr	0.6534
sp|Q94LW6|SUT35_ARATH	Arabidopsis thaliana	plant	634	transporter_slc26	high	364.9	0.8114		1.0
sp|Q95PZ2|MICU1_CAEEL	Caenorhabditis elegans	invertebrate	534	assoc_mcu_reg	high	318.5	0.8176	nonchannel_ncs	0.8662
sp|Q96AQ8|MCUR1_HUMAN	Homo sapiens	vertebrate	359	assoc_mcu_reg	high	281.8	0.8581		1.0
sp|Q96BR9|ZBT8A_HUMAN	Homo sapiens	vertebrate	441	nonchannel_kctd	high	33.6	0.6404		1.0
sp|Q96ER9|MITOK_HUMAN	Homo sapiens	vertebrate	411	mitok	high	970.4	1.0		1.0
sp|Q96FE5|LIGO1_HUMAN	Homo sapiens	vertebrate	620	assoc_k_beta	medium	77.9	0.4462	lrrc8	0.1977
sp|Q96IQ7|VSIG2_HUMAN	Homo sapiens	vertebrate	327	assoc_nav_beta	high	43.6	0.6071		1.0
sp|Q96J65|MRP9_HUMAN	Homo sapiens	vertebrate	1359	nonchannel_abc_transporter	high	1821.0	0.9747	assoc_sur	0.6487
sp|Q96J66|MRP8_HUMAN	Homo sapiens	vertebrate	1382	nonchannel_abc_transporter	high	1798.8	0.9969	assoc_sur	0.6579
sp|Q96KV6|BT2A3_HUMAN	Homo sapiens	vertebrate	586	assoc_nav_beta	high	43.3	0.5402		1.0
sp|Q96LZ3|CANB2_HUMAN	Homo sapiens	vertebrate	170	nonchannel_ncs	high	77.9	0.5751	assoc_kchip	0.3209
sp|Q96NY8|NECT4_HUMAN	Homo sapiens	vertebrate	510	assoc_nav_beta	high	55.1	0.8438		1.0
sp|Q96PB8|LRC3B_HUMAN	Homo sapiens	vertebrate	259	assoc_k_beta	medium	50.8	0.3281	lrrc8	0.4488
sp|Q96PE1|AGRA2_HUMAN	Homo sapiens	vertebrate	1338	assoc_k_beta	medium	44.1	0.3176		1.0
sp|Q96PH1|NOX5_HUMAN	Homo sapiens	vertebrate	765	nonchannel_ncs	medium	39.3	0.3731		1.0
sp|Q96PS8|AQP10_HUMAN	Homo sapiens	vertebrate	301	outofscope_aquaporin	high	322.2	0.9253		1.0
sp|Q96Q77|CIB3_HUMAN	Homo sapiens	vertebrate	187	nonchannel_ncs	high	35.7	0.9482		1.0
sp|Q96QA5|GSDMA_HUMAN	Homo sapiens	vertebrate	445	nonchannel_gasdermin	high	574.8	0.9958		1.0
sp|Q96RN1|S26A8_HUMAN	Homo sapiens	vertebrate	970	transporter_slc26	high	885.8	0.9847		1.0
sp|Q99645|EPYC_HUMAN	Homo sapiens	vertebrate	322	assoc_k_beta	medium	37.3	0.3963	lrrc8	0.2413
sp|Q99653|CHP1_HUMAN	Homo sapiens	vertebrate	195	nonchannel_ncs	medium	48.2	0.3938		1.0
sp|Q99795|GPA33_HUMAN	Homo sapiens	vertebrate	319	assoc_nav_beta	high	37.8	0.5268		1.0
sp|Q99828|CIB1_HUMAN	Homo sapiens	vertebrate	191	nonchannel_ncs	high	52.8	0.9171	assoc_kchip	0.4053
sp|Q99MB1|TLR3_MOUSE	Mus musculus	vertebrate	905	assoc_k_beta	medium	118.3	0.3858		1.0
sp|Q99MG9|KCIP4_RAT	Rattus norvegicus	vertebrate	250	assoc_kchip	high	494.8	0.9841	nonchannel_ncs	0.6136
sp|Q99MQ4|ASPN_MOUSE	Mus musculus	vertebrate	373	assoc_k_beta	medium	84.1	0.3465	lrrc8	0.3424
sp|Q99NB5|GSDMC_MOUSE	Mus musculus	vertebrate	468	nonchannel_gasdermin	high	311.8	0.9915		1.0
sp|Q99NH7|S26A5_MOUSE	Mus musculus	vertebrate	744	transporter_slc26	high	997.7	0.9834		1.0
sp|Q99P63|MICU2_RAT	Rattus norvegicus	vertebrate	432	assoc_mcu_reg	high	529.1	0.955		1.0
sp|Q99PG6|TS1R1_MOUSE	Mus musculus	vertebrate	842	nonchannel_class_c_gpcr	high	839.0	0.9525	nmda	0.9594
sp|Q99PH1|LRRC4_MOUSE	Mus musculus	vertebrate	652	assoc_k_beta	high	121.4	0.5092	lrrc8	0.5329
sp|Q99PR0|POMT1_RAT	Rattus norvegicus	vertebrate	747	nonchannel_pomt	high	1257.0	0.9409		1.0
sp|Q9ASI1|NIP41_ORYSJ	Oryza sativa	plant	286	outofscope_aquaporin	high	96.2	0.7972		1.0
sp|Q9AWK2|CML11_ORYSJ	Oryza sativa	plant	211	nonchannel_ncs	high	46.0	0.5699		1.0
sp|Q9BPX6|MICU1_HUMAN	Homo sapiens	vertebrate	476	assoc_mcu_reg	high	663.8	0.964		1.0
sp|Q9BSF8|BTBDA_HUMAN	Homo sapiens	vertebrate	475	nonchannel_kctd	high	102.3	0.8517	kv_shaker	0.7165
sp|Q9BXN1|ASPN_HUMAN	Homo sapiens	vertebrate	380	assoc_k_beta	medium	75.1	0.3412	lrrc8	0.2983
sp|Q9BXS9|S26A6_HUMAN	Homo sapiens	vertebrate	759	transporter_slc26	high	1005.7	0.9639		1.0
sp|Q9BXT2|CCG6_HUMAN	Homo sapiens	vertebrate	260	assoc_cav_aux	medium	144.7	0.4856		1.0
sp|Q9BYG8|GSDMC_HUMAN	Homo sapiens	vertebrate	508	nonchannel_gasdermin	high	618.4	0.9958		1.0
sp|Q9BZR6|RTN4R_HUMAN	Homo sapiens	vertebrate	473	assoc_k_beta	high	91.1	0.6115	lrrc8	0.3897
sp|Q9BZZ2|SN_HUMAN	Homo sapiens	vertebrate	1709	assoc_nav_beta	high	52.6	0.5938		1.0
sp|Q9C100|PMT2_SCHPO	Schizosaccharomyces pombe	fungi	739	nonchannel_pomt	high	451.5	0.9163		1.0
sp|Q9C5P6|CNBL6_ARATH	Arabidopsis thaliana	plant	226	nonchannel_ncs	medium	81.5	0.8964	assoc_kchip	0.2663
sp|Q9C6P3|CDPKX_ARATH	Arabidopsis thaliana	plant	521	nonchannel_ncs	high	39.3	0.5751		1.0
sp|Q9C6S1|FH14_ARATH	Arabidopsis thaliana	plant	1230	nonchannel_vsp	medium	37.6	0.4149		1.0
sp|Q9C6T0|NIP31_ARATH	Arabidopsis thaliana	plant	323	outofscope_aquaporin	high	168.3	0.8327		1.0
sp|Q9C7F2|AB14B_ARATH	Arabidopsis thaliana	plant	1247	nonchannel_abc_transporter	high	689.1	0.5038	cftr	0.6095
sp|Q9C7F8|AB13B_ARATH	Arabidopsis thaliana	plant	1245	nonchannel_abc_transporter	high	695.5	0.513	cftr	0.6226
sp|Q9C7T7|CEPR2_ARATH	Arabidopsis thaliana	plant	977	lrrc8	medium	123.2	0.3176		1.0
sp|Q9C8G9|AB1C_ARATH	Arabidopsis thaliana	plant	1622	nonchannel_abc_transporter	high	1369.2	0.9601	assoc_sur	0.4431
sp|Q9C8H0|AB12C_ARATH	Arabidopsis thaliana	plant	1495	nonchannel_abc_transporter	high	1345.9	0.9586	assoc_sur	0.4532
sp|Q9C8H1|AB11C_ARATH	Arabidopsis thaliana	plant	1495	nonchannel_abc_transporter	high	1334.6	0.9586	assoc_sur	0.4489
sp|Q9C8Y1|CML23_ARATH	Arabidopsis thaliana	plant	157	nonchannel_ncs	high	58.8	0.5544	assoc_kchip	0.3827
sp|Q9CQ76|NEPN_MOUSE	Mus musculus	vertebrate	512	assoc_k_beta	high	82.3	0.5066		1.0
sp|Q9CTY5|MICU3_MOUSE	Mus musculus	vertebrate	523	assoc_mcu_reg	high	631.7	0.9775		1.0
sp|Q9CXD6|MCUR1_MOUSE	Mus musculus	vertebrate	340	assoc_mcu_reg	medium	155.7	0.4099		1.0
sp|Q9CXD9|LRC17_MOUSE	Mus musculus	vertebrate	443	assoc_k_beta	high	66.9	0.5144		1.0
sp|Q9CXJ4|MITOS_MOUSE	Mus musculus	vertebrate	717	nonchannel_abc_transporter	medium	384.5	0.444	assoc_sur	0.6661
sp|Q9CZM9|KCMB2_MOUSE	Mus musculus	vertebrate	235	assoc_k_beta	high	153.3	0.853		1.0
sp|Q9CZN4|SHSA9_MOUSE	Mus musculus	vertebrate	424	assoc_iglur_aux	high	413.2	0.9947		1.0
sp|Q9CZT5|VASN_MOUSE	Mus musculus	vertebrate	673	assoc_k_beta	medium	100.8	0.5276	lrrc8	0.2897
sp|Q9D1T0|LIGO1_MOUSE	Mus musculus	vertebrate	614	assoc_k_beta	medium	78.3	0.4462	lrrc8	0.212
sp|Q9D2J4|VSIG1_MOUSE	Mus musculus	vertebrate	407	assoc_nav_beta	high	41.2	0.5536		1.0
sp|Q9D3N2|CLXN_MOUSE	Mus musculus	vertebrate	212	nonchannel_ncs	medium	84.3	0.7254	assoc_kchip	0.153
sp|Q9D504|ANKR7_MOUSE	Mus musculus	vertebrate	279	trpn	medium	73.3	0.426	trpa	0.2319
sp|Q9D5U0|PCT2B_MOUSE	Mus musculus	vertebrate	516	nonchannel_ncs	high	59.7	0.5233	assoc_kchip	0.3752
sp|Q9D659|VISTA_MOUSE	Mus musculus	vertebrate	308	assoc_nav_beta	medium	31.0	0.4196		1.0
sp|Q9D6P8|CALL3_MOUSE	Mus musculus	vertebrate	149	nonchannel_ncs	high	59.3	0.5544		1.0
sp|Q9D7Z6|CLCA1_MOUSE	Mus musculus	vertebrate	913	assoc_clc_aux	high	1467.7	0.9826		1.0
sp|Q9D808|KCNE2_MOUSE	Mus musculus	vertebrate	123	assoc_kcne	high	108.2	0.8425		1.0
sp|Q9D869|CHP2_MOUSE	Mus musculus	vertebrate	196	nonchannel_ncs	medium	44.5	0.399	assoc_kchip	0.3461
sp|Q9D8T2|GSDMD_MOUSE	Mus musculus	vertebrate	487	nonchannel_gasdermin	high	404.3	0.9979		1.0
sp|Q9D9N5|CIB4_MOUSE	Mus musculus	vertebrate	185	nonchannel_ncs	high	47.5	0.9171	assoc_kchip	0.3705
sp|Q9DBB9|CPN2_MOUSE	Mus musculus	vertebrate	547	assoc_k_beta	medium	128.0	0.5118	lrrc8	0.1648
sp|Q9DBY4|TRIL_MOUSE	Mus musculus	vertebrate	809	assoc_k_beta	medium	106.4	0.5249	lrrc8	0.2669
sp|Q9DC29|ABCB6_MOUSE	Mus musculus	vertebrate	842	nonchannel_abc_transporter	medium	357.1	0.4164	assoc_sur	0.6318
sp|Q9DD78|TLR21_CHICK	Gallus gallus	vertebrate	793	assoc_k_beta	medium	49.4	0.3255		1.0
sp|Q9EPH0|S26A5_RAT	Rattus norvegicus	vertebrate	744	transporter_slc26	high	992.9	0.982		1.0
sp|Q9EPW9|TLR6_MOUSE	Mus musculus	vertebrate	795	assoc_k_beta	medium	58.5	0.315	lrrc8	0.106
sp|Q9ES45|DUOX2_RAT	Rattus norvegicus	vertebrate	1517	nonchannel_ncs	high	59.1	0.5751	assoc_kchip	0.3959
sp|Q9ESK8|KCMB4_RAT	Rattus norvegicus	vertebrate	210	assoc_k_beta	high	137.5	0.5354		1.0
sp|Q9EST1|GSDMA_MOUSE	Mus musculus	vertebrate	446	nonchannel_gasdermin	high	529.2	0.9958		1.0
sp|Q9ESY6|LRRN3_RAT	Rattus norvegicus	vertebrate	707	assoc_k_beta	medium	67.3	0.4383	lrrc8	0.321
sp|Q9FEP7|SUT13_ARATH	Arabidopsis thaliana	plant	656	transporter_slc26	high	396.8	0.8266		1.0
sp|Q9FF53|PIP24_ARATH	Arabidopsis thaliana	plant	291	outofscope_aquaporin	high	191.0	0.8434		1.0
sp|Q9FG59|DHAR4_ARATH	Arabidopsis thaliana	plant	217	clic	high	81.4	0.7875		1.0
sp|Q9FGL2|TIP23_ARATH	Arabidopsis thaliana	plant	250	outofscope_aquaporin	high	184.7	0.8221		1.0
sp|Q9FHF1|AB7B_ARATH	Arabidopsis thaliana	plant	1248	nonchannel_abc_transporter	medium	693.4	0.4425	assoc_sur	0.6018
sp|Q9FIZ9|NIP41_ARATH	Arabidopsis thaliana	plant	283	outofscope_aquaporin	high	150.6	0.8327		1.0
sp|Q9FK43|SIP12_ARATH	Arabidopsis thaliana	plant	243	outofscope_aquaporin	high	63.2	0.8256		1.0
sp|Q9FKW4|CDPKS_ARATH	Arabidopsis thaliana	plant	523	nonchannel_ncs	medium	43.2	0.4249		1.0
sp|Q9FLZ5|PTEN1_ARATH	Arabidopsis thaliana	plant	412	nonchannel_vsp	medium	188.3	0.3533		1.0
sp|Q9FMP5|CDPKH_ARATH	Arabidopsis thaliana	plant	528	nonchannel_ncs	high	47.5	0.7668		1.0
sp|Q9FNU2|AB25B_ORYSJ	Oryza sativa	plant	641	nonchannel_abc_transporter	medium	388.5	0.3995	assoc_sur	0.5838
sp|Q9FRL8|DHAR2_ARATH	Arabidopsis thaliana	plant	213	clic	high	89.7	0.7422		1.0
sp|Q9FUQ7|CNBL8_ARATH	Arabidopsis thaliana	plant	214	nonchannel_ncs	medium	70.9	0.7513	assoc_kchip	0.2398
sp|Q9FUT3|AB23B_ARATH	Arabidopsis thaliana	plant	678	nonchannel_abc_transporter	medium	360.8	0.4502	cftr	0.6483
sp|Q9FWR4|DHAR1_ARATH	Arabidopsis thaliana	plant	213	clic	high	95.9	0.7909		1.0
sp|Q9FWV6|TIP31_ORYSJ	Oryza sativa	plant	264	outofscope_aquaporin	high	178.7	0.8292		1.0
sp|Q9FWX7|AB11B_ARATH	Arabidopsis thaliana	plant	1278	nonchannel_abc_transporter	medium	681.5	0.4594	assoc_sur	0.6084
sp|Q9FWX8|AB12B_ARATH	Arabidopsis thaliana	plant	1273	nonchannel_abc_transporter	medium	665.8	0.4348	assoc_sur	0.6036
sp|Q9FXQ3|CDPKD_ORYSJ	Oryza sativa	plant	551	nonchannel_ncs	high	46.3	0.5544		1.0
sp|Q9FY46|SUT41_ARATH	Arabidopsis thaliana	plant	685	transporter_slc26	high	443.4	0.8169		1.0
sp|Q9FY48|KEG_ARATH	Arabidopsis thaliana	plant	1625	trpn	medium	104.0	0.3453	trpa	0.4904
sp|Q9FYK2|CML25_ARATH	Arabidopsis thaliana	plant	186	nonchannel_ncs	medium	60.5	0.3212		1.0
sp|Q9FZ75|CML15_ARATH	Arabidopsis thaliana	plant	157	nonchannel_ncs	high	36.3	0.5648		1.0
sp|Q9GTN7|TAGA_DICDI	Dictyostelium discoideum	amoebozoa	1752	nonchannel_abc_transporter	medium	382.1	0.4724	assoc_sur	0.6265
sp|Q9GZT6|CC90B_HUMAN	Homo sapiens	vertebrate	254	assoc_mcu_reg	medium	78.5	0.3784		1.0
sp|Q9GZU5|NYX_HUMAN	Homo sapiens	vertebrate	476	assoc_k_beta	medium	73.0	0.4278	lrrc8	0.3137
sp|Q9H2B4|S26A1_HUMAN	Homo sapiens	vertebrate	701	transporter_slc26	high	885.9	0.9736		1.0
sp|Q9H3W5|LRRN3_HUMAN	Homo sapiens	vertebrate	708	assoc_k_beta	medium	61.3	0.3858	lrrc8	0.367
sp|Q9H6B4|CLMP_HUMAN	Homo sapiens	vertebrate	373	assoc_nav_beta	high	55.0	0.5357		1.0
sp|Q9H7T0|CTSRB_HUMAN	Homo sapiens	vertebrate	1116	assoc_catsper_aux	high	1236.3	1.0		1.0
sp|Q9HAE3|CLXN_HUMAN	Homo sapiens	vertebrate	211	nonchannel_ncs	medium	83.3	0.715	assoc_kchip	0.2029
sp|Q9HBL0|TENS1_HUMAN	Homo sapiens	vertebrate	1839	nonchannel_vsp	high	128.0	0.5471		1.0
sp|Q9HBL6|LRTM1_HUMAN	Homo sapiens	vertebrate	345	assoc_k_beta	high	89.6	0.5249	lrrc8	0.567
sp|Q9HBW1|LRRC4_HUMAN	Homo sapiens	vertebrate	653	assoc_k_beta	high	121.5	0.5118	lrrc8	0.5333
sp|Q9HBX9|RXFP1_HUMAN	Homo sapiens	vertebrate	757	assoc_k_beta	medium	61.8	0.3412		1.0
sp|Q9HCJ2|LRC4C_HUMAN	Homo sapiens	vertebrate	640	assoc_k_beta	high	100.5	0.5302	lrrc8	0.394
sp|Q9JHY1|JAM1_RAT	Rattus norvegicus	vertebrate	300	assoc_nav_beta	high	31.1	0.5223		1.0
sp|Q9JI39|ABCBA_MOUSE	Mus musculus	vertebrate	715	nonchannel_abc_transporter	medium	394.8	0.4202	assoc_sur	0.5955
sp|Q9JIN6|KCMB4_MOUSE	Mus musculus	vertebrate	210	assoc_k_beta	high	137.4	0.5354		1.0
sp|Q9JJ57|KCIP1_MOUSE	Mus musculus	vertebrate	227	assoc_kchip	high	454.3	0.9522	nonchannel_ncs	0.5659
sp|Q9JJ59|ABCB9_MOUSE	Mus musculus	vertebrate	762	nonchannel_abc_transporter	medium	386.2	0.4271	assoc_sur	0.6649
sp|Q9JJ69|KCIP2_MOUSE	Mus musculus	vertebrate	270	assoc_kchip	high	480.9	0.996	nonchannel_ncs	0.5779
sp|Q9JJJ3|AQP9_MOUSE	Mus musculus	vertebrate	295	outofscope_aquaporin	high	317.3	0.9217		1.0
sp|Q9JJV4|CCG4_MOUSE	Mus musculus	vertebrate	327	assoc_cav_aux	high	273.7	0.583		1.0
sp|Q9JJV5|CCG3_MOUSE	Mus musculus	vertebrate	315	assoc_cav_aux	high	266.9	0.5748		1.0
sp|Q9JJV7|KCNE3_RAT	Rattus norvegicus	vertebrate	107	assoc_kcne	high	129.5	0.7638		1.0
sp|Q9JK00|SCN3B_RAT	Rattus norvegicus	vertebrate	215	assoc_nav_beta	high	286.9	0.9286		1.0
sp|Q9JKA5|GPA33_MOUSE	Mus musculus	vertebrate	319	assoc_nav_beta	high	37.6	0.5312		1.0
sp|Q9JKE2|TREM1_MOUSE	Mus musculus	vertebrate	230	assoc_nav_beta	high	30.5	0.6071		1.0
sp|Q9JLB9|NECT3_MOUSE	Mus musculus	vertebrate	549	assoc_nav_beta	high	39.0	0.558		1.0
sp|Q9JM47|CSEN_RAT	Rattus norvegicus	vertebrate	256	assoc_kchip	high	478.8	1.0	nonchannel_ncs	0.6136
sp|Q9JM59|KCIP2_RAT	Rattus norvegicus	vertebrate	270	assoc_kchip	high	479.4	0.992	nonchannel_ncs	0.578
sp|Q9JME9|VTM2B_MOUSE	Mus musculus	vertebrate	285	assoc_nav_beta	high	36.8	0.6161		1.0
sp|Q9LE22|CML27_ARATH	Arabidopsis thaliana	plant	170	nonchannel_ncs	high	41.1	0.5596		1.0
sp|Q9LF55|CML32_ARATH	Arabidopsis thaliana	plant	146	nonchannel_ncs	high	59.6	0.5855		1.0
sp|Q9LHD1|AB15B_ARATH	Arabidopsis thaliana	plant	1240	nonchannel_abc_transporter	medium	674.8	0.4026	assoc_sur	0.6017
sp|Q9LHK4|AB8B_ARATH	Arabidopsis thaliana	plant	1241	nonchannel_abc_transporter	medium	624.4	0.4172	assoc_sur	0.6678
sp|Q9LI84|CML16_ARATH	Arabidopsis thaliana	plant	161	nonchannel_ncs	high	40.8	0.5544		1.0
sp|Q9LIK5|CML11_ARATH	Arabidopsis thaliana	plant	173	nonchannel_ncs	high	53.1	0.5751		1.0
sp|Q9LJX0|AB19B_ARATH	Arabidopsis thaliana	plant	1252	nonchannel_abc_transporter	medium	654.3	0.4509	assoc_sur	0.6414
sp|Q9LK62|AB7C_ARATH	Arabidopsis thaliana	plant	1493	nonchannel_abc_transporter	high	1215.0	0.9609	assoc_sur	0.4344
sp|Q9LK64|AB3C_ARATH	Arabidopsis thaliana	plant	1514	nonchannel_abc_transporter	high	1246.1	0.9586	assoc_sur	0.4572
sp|Q9LNE7|CML7_ARATH	Arabidopsis thaliana	plant	150	nonchannel_ncs	medium	46.4	0.4456		1.0
sp|Q9LQN4|CML17_ARATH	Arabidopsis thaliana	plant	166	nonchannel_ncs	medium	44.4	0.4249		1.0
sp|Q9LRN6|CML22_ARATH	Arabidopsis thaliana	plant	229	nonchannel_ncs	high	37.0	0.6891		1.0
sp|Q9LSJ2|AB22B_ARATH	Arabidopsis thaliana	plant	1229	nonchannel_abc_transporter	medium	686.1	0.4057	assoc_sur	0.6038
sp|Q9LSJ5|AB18B_ARATH	Arabidopsis thaliana	plant	1225	nonchannel_abc_transporter	medium	687.3	0.4011	assoc_sur	0.6123
sp|Q9LSJ6|AB17B_ARATH	Arabidopsis thaliana	plant	1240	nonchannel_abc_transporter	medium	712.7	0.4225	assoc_sur	0.6297
sp|Q9LSJ8|AB16B_ARATH	Arabidopsis thaliana	plant	1228	nonchannel_abc_transporter	medium	674.8	0.4018	assoc_sur	0.6181
sp|Q9LT75|PTN2A_ARATH	Arabidopsis thaliana	plant	611	nonchannel_vsp	medium	213.8	0.3732		1.0
sp|Q9LTB8|CNBL9_ARATH	Arabidopsis thaliana	plant	213	nonchannel_ncs	high	82.0	0.8808	assoc_kchip	0.3927
sp|Q9LVM1|AB25B_ARATH	Arabidopsis thaliana	plant	728	nonchannel_abc_transporter	medium	349.5	0.421	cftr	0.6398
sp|Q9LVN1|FH13_ARATH	Arabidopsis thaliana	plant	1266	nonchannel_vsp	medium	37.0	0.4167		1.0
sp|Q9LW86|SUT34_ARATH	Arabidopsis thaliana	plant	653	transporter_slc26	high	381.4	0.8225		1.0
sp|Q9LWR0|TIP42_ORYSJ	Oryza sativa	plant	256	outofscope_aquaporin	high	177.2	0.8399		1.0
sp|Q9LWR2|TIP43_ORYSJ	Oryza sativa	plant	251	outofscope_aquaporin	high	182.9	0.8292		1.0
sp|Q9LX27|CML4_ARATH	Arabidopsis thaliana	plant	195	nonchannel_ncs	high	51.0	0.5648		1.0
sp|Q9LYS2|AB10C_ARATH	Arabidopsis thaliana	plant	1453	nonchannel_abc_transporter	high	1197.7	0.954	assoc_sur	0.4262
sp|Q9LZB8|AB29B_ARATH	Arabidopsis thaliana	plant	634	nonchannel_abc_transporter	medium	353.2	0.3934	assoc_sur	0.5999
sp|Q9LZJ5|AB14C_ARATH	Arabidopsis thaliana	plant	1539	nonchannel_abc_transporter	high	1270.8	0.9601	assoc_sur	0.4523
sp|Q9M0G9|AB24B_ARATH	Arabidopsis thaliana	plant	680	nonchannel_abc_transporter	medium	358.8	0.431	cftr	0.648
sp|Q9M0M2|AB9B_ARATH	Arabidopsis thaliana	plant	1236	nonchannel_abc_transporter	medium	673.4	0.477	assoc_sur	0.5898
sp|Q9M101|CDPKN_ARATH	Arabidopsis thaliana	plant	520	nonchannel_ncs	high	43.6	0.5648		1.0
sp|Q9M1C7|AB9C_ARATH	Arabidopsis thaliana	plant	1506	nonchannel_abc_transporter	high	1273.6	0.9594	assoc_sur	0.4334
sp|Q9M1K3|SIP21_ARATH	Arabidopsis thaliana	plant	237	outofscope_aquaporin	high	40.5	0.6406		1.0
sp|Q9M1Q9|AB21B_ARATH	Arabidopsis thaliana	plant	1296	nonchannel_abc_transporter	medium	711.5	0.4732	assoc_sur	0.6022
sp|Q9M3B9|AB20B_ARATH	Arabidopsis thaliana	plant	1408	nonchannel_abc_transporter	medium	552.7	0.4233	assoc_sur	0.6246
sp|Q9M8W5|SIP11_ARATH	Arabidopsis thaliana	plant	240	outofscope_aquaporin	high	67.1	0.8505		1.0
sp|Q9MAX3|SUT12_ARATH	Arabidopsis thaliana	plant	653	transporter_slc26	high	387.2	0.8197		1.0
sp|Q9NJU9|CDPK3_PLAF7	Plasmodium falciparum	apicomplexa	562	nonchannel_ncs	high	48.0	0.544		1.0
sp|Q9NP58|ABCB6_HUMAN	Homo sapiens	vertebrate	842	nonchannel_abc_transporter	medium	351.8	0.3995	assoc_sur	0.6308
sp|Q9NP78|ABCB9_HUMAN	Homo sapiens	vertebrate	766	nonchannel_abc_transporter	medium	382.7	0.4271	assoc_sur	0.6634
sp|Q9NPA1|KCMB3_HUMAN	Homo sapiens	vertebrate	279	assoc_k_beta	high	193.1	0.9055		1.0
sp|Q9NQS3|NECT3_HUMAN	Homo sapiens	vertebrate	549	assoc_nav_beta	high	39.8	0.5536		1.0
sp|Q9NR99|MXRA5_HUMAN	Homo sapiens	vertebrate	2828	assoc_k_beta	medium	62.2	0.4908	lrrc8	0.4662
sp|Q9NRD8|DUOX2_HUMAN	Homo sapiens	vertebrate	1548	nonchannel_ncs	high	56.0	0.5907	assoc_kchip	0.4304
sp|Q9NRD9|DUOX1_HUMAN	Homo sapiens	vertebrate	1551	nonchannel_ncs	high	61.0	0.6114	assoc_kchip	0.5148
sp|Q9NRK6|ABCBA_HUMAN	Homo sapiens	vertebrate	738	nonchannel_abc_transporter	medium	399.0	0.4233	assoc_sur	0.5972
sp|Q9NS61|KCIP2_HUMAN	Homo sapiens	vertebrate	270	assoc_kchip	high	488.3	0.996	nonchannel_ncs	0.5824
sp|Q9NT99|LRC4B_HUMAN	Homo sapiens	vertebrate	713	assoc_k_beta	medium	106.2	0.5092	lrrc8	0.2674
sp|Q9NUT2|MITOS_HUMAN	Homo sapiens	vertebrate	735	nonchannel_abc_transporter	medium	370.8	0.4387	assoc_sur	0.6286
sp|Q9NY47|CA2D2_HUMAN	Homo sapiens	vertebrate	1150	assoc_cav_aux	high	762.8	0.9918		1.0
sp|Q9NY72|SCN3B_HUMAN	Homo sapiens	vertebrate	215	assoc_nav_beta	high	293.5	0.9286		1.0
sp|Q9NYK1|TLR7_HUMAN	Homo sapiens	vertebrate	1049	assoc_k_beta	medium	87.9	0.3543		1.0
sp|Q9NZH0|GPC5B_HUMAN	Homo sapiens	vertebrate	403	nonchannel_class_c_gpcr	medium	44.2	0.3006		1.0
sp|Q9NZI2|KCIP1_HUMAN	Homo sapiens	vertebrate	227	assoc_kchip	high	454.6	0.9522	nonchannel_ncs	0.5671
sp|Q9NZT1|CALL5_HUMAN	Homo sapiens	vertebrate	146	nonchannel_ncs	high	50.4	0.5596		1.0
sp|Q9NZU0|FLRT3_HUMAN	Homo sapiens	vertebrate	649	assoc_k_beta	medium	70.2	0.5171	lrrc8	0.265
sp|Q9NZU1|FLRT1_HUMAN	Homo sapiens	vertebrate	674	assoc_k_beta	medium	66.6	0.5118	lrrc8	0.2447
sp|Q9P246|STIM2_HUMAN	Homo sapiens	vertebrate	746	assoc_stim	high	1577.6	0.9226		1.0
sp|Q9P2B2|FPRP_HUMAN	Homo sapiens	vertebrate	879	assoc_nav_beta	high	59.0	0.5179		1.0
sp|Q9P5N0|ABC3_SCHPO	Schizosaccharomyces pombe	fungi	1465	nonchannel_abc_transporter	high	1287.3	0.9594	assoc_sur	0.4714
sp|Q9P7T9|YI7H_SCHPO	Schizosaccharomyces pombe	fungi	598	outofscope_aquaporin	high	193.8	0.9181		1.0
sp|Q9P7V2|ABC4_SCHPO	Schizosaccharomyces pombe	fungi	1469	nonchannel_abc_transporter	high	935.5	0.964	assoc_sur	0.4506
sp|Q9PWR1|KCAB1_CHICK	Gallus gallus	vertebrate	401	assoc_k_beta	high	275.3	0.8373		1.0
sp|Q9PWR4|VSIG1_CHICK	Gallus gallus	vertebrate	335	assoc_nav_beta	high	62.0	0.5893		1.0
sp|Q9QUK6|TLR4_MOUSE	Mus musculus	vertebrate	835	assoc_k_beta	medium	50.6	0.3228		1.0
sp|Q9QUN7|TLR2_MOUSE	Mus musculus	vertebrate	784	assoc_k_beta	medium	39.5	0.4042		1.0
sp|Q9QX05|TLR4_RAT	Rattus norvegicus	vertebrate	835	assoc_k_beta	medium	51.8	0.3255		1.0
sp|Q9QX15|CA3A1_MOUSE	Mus musculus	vertebrate	902	assoc_clc_aux	high	1201.6	0.9295		1.0
sp|Q9QXT8|CSEN_MOUSE	Mus musculus	vertebrate	256	assoc_kchip	high	476.1	1.0	nonchannel_ncs	0.6093
sp|Q9QXX4|S2513_MOUSE	Mus musculus	vertebrate	676	assoc_mcu_reg	medium	50.9	0.4302		1.0
sp|Q9QY30|ABCBB_MOUSE	Mus musculus	vertebrate	1321	nonchannel_abc_transporter	medium	678.3	0.4156	assoc_sur	0.607
sp|Q9QY96|CASR_MOUSE	Mus musculus	vertebrate	1079	nonchannel_class_c_gpcr	high	1084.9	0.9785		1.0
sp|Q9QYJ4|ABCB9_RAT	Rattus norvegicus	vertebrate	762	nonchannel_abc_transporter	medium	386.5	0.4271	assoc_sur	0.6688
sp|Q9QYM0|MRP5_RAT	Rattus norvegicus	vertebrate	1436	nonchannel_abc_transporter	high	1828.0	0.9977	assoc_sur	0.5971
sp|Q9QYS2|GRM3_MOUSE	Mus musculus	vertebrate	879	nonchannel_class_c_gpcr	high	1196.6	0.9944		1.0
sp|Q9QZ26|KCNE5_MOUSE	Mus musculus	vertebrate	143	assoc_kcne	high	113.0	0.8976		1.0
sp|Q9R010|CIB1_RAT	Rattus norvegicus	vertebrate	191	nonchannel_ncs	high	52.4	0.9171	assoc_kchip	0.4008
sp|Q9R066|CXAR_RAT	Rattus norvegicus	vertebrate	365	assoc_nav_beta	high	46.2	0.5268		1.0
sp|Q9R154|S26A4_RAT	Rattus norvegicus	vertebrate	780	transporter_slc26	high	987.3	0.9709		1.0
sp|Q9R155|S26A4_MOUSE	Mus musculus	vertebrate	780	transporter_slc26	high	991.9	0.9709		1.0
sp|Q9R1B9|SLIT2_MOUSE	Mus musculus	vertebrate	1521	assoc_k_beta	high	276.9	0.5249	lrrc8	0.5085
sp|Q9R1K9|CETN2_MOUSE	Mus musculus	vertebrate	172	nonchannel_ncs	medium	36.9	0.456		1.0
sp|Q9R1S7|MRP6_MOUSE	Mus musculus	vertebrate	1498	nonchannel_abc_transporter	high	1602.9	0.9969	assoc_sur	0.5982
sp|Q9R1X5|MRP5_MOUSE	Mus musculus	vertebrate	1436	nonchannel_abc_transporter	high	1822.1	0.9977	assoc_sur	0.5957
sp|Q9S744|CML9_ARATH	Arabidopsis thaliana	plant	151	nonchannel_ncs	high	39.8	0.7876		1.0
sp|Q9S9V0|CDPKV_ARATH	Arabidopsis thaliana	plant	484	nonchannel_ncs	high	43.8	0.7358		1.0
sp|Q9SAI4|NIP61_ARATH	Arabidopsis thaliana	plant	305	outofscope_aquaporin	high	145.0	0.8399		1.0
sp|Q9SAY1|SUT11_ARATH	Arabidopsis thaliana	plant	649	transporter_slc26	high	407.2	0.8141		1.0
sp|Q9SGY1|AB10B_ARATH	Arabidopsis thaliana	plant	1227	nonchannel_abc_transporter	medium	623.5	0.4087	assoc_sur	0.5774
sp|Q9SIQ7|CDPKO_ARATH	Arabidopsis thaliana	plant	582	nonchannel_ncs	medium	39.4	0.5648	assoc_kchip	0.1624
sp|Q9SJN6|CML31_ARATH	Arabidopsis thaliana	plant	144	nonchannel_ncs	high	53.6	0.601		1.0
sp|Q9SKX0|AB13C_ARATH	Arabidopsis thaliana	plant	1410	nonchannel_abc_transporter	high	1143.7	0.9555	assoc_sur	0.4311
sp|Q9SN89|CML47_ARATH	Arabidopsis thaliana	plant	183	nonchannel_ncs	medium	31.3	0.3368		1.0
sp|Q9SRP4|CML33_ARATH	Arabidopsis thaliana	plant	137	nonchannel_ncs	medium	51.7	0.3109	assoc_kchip	0.3017
sp|Q9SRR7|CML3_ARATH	Arabidopsis thaliana	plant	153	nonchannel_ncs	medium	44.8	0.4456		1.0
sp|Q9SS31|CML36_ARATH	Arabidopsis thaliana	plant	209	nonchannel_ncs	medium	35.1	0.4249		1.0
sp|Q9SSD1|TMM_ARATH	Arabidopsis thaliana	plant	496	lrrc8	medium	75.4	0.3126		1.0
sp|Q9SSF8|CDPKU_ARATH	Arabidopsis thaliana	plant	541	nonchannel_ncs	high	41.2	0.5544		1.0
sp|Q9STX9|TIP51_ARATH	Arabidopsis thaliana	plant	256	outofscope_aquaporin	high	148.1	0.8505		1.0
sp|Q9SU00|CML2_ARATH	Arabidopsis thaliana	plant	152	nonchannel_ncs	high	50.1	0.6736		1.0
sp|Q9SUA6|CNBL7_ARATH	Arabidopsis thaliana	plant	214	nonchannel_ncs	high	68.3	0.7668	assoc_kchip	0.3851
sp|Q9SV13|SUT31_ARATH	Arabidopsis thaliana	plant	658	transporter_slc26	high	403.9	0.8239		1.0
sp|Q9SV31|PIP25_ARATH	Arabidopsis thaliana	plant	286	outofscope_aquaporin	high	188.8	0.8327		1.0
sp|Q9SV84|NIP51_ARATH	Arabidopsis thaliana	plant	304	outofscope_aquaporin	high	142.7	0.8149		1.0
sp|Q9SXF8|PIP13_ORYSJ	Oryza sativa	plant	288	outofscope_aquaporin	high	179.6	0.8434		1.0
sp|Q9SXS2|SUT33_ARATH	Arabidopsis thaliana	plant	631	transporter_slc26	high	406.6	0.8141		1.0
sp|Q9SYI2|AB3B_ARATH	Arabidopsis thaliana	plant	1229	nonchannel_abc_transporter	medium	658.8	0.4156	assoc_sur	0.5927
sp|Q9SYI3|AB5B_ARATH	Arabidopsis thaliana	plant	1230	nonchannel_abc_transporter	medium	656.5	0.434	assoc_sur	0.5845
sp|Q9SZ45|MICU_ARATH	Arabidopsis thaliana	plant	498	assoc_mcu_reg	high	185.8	0.7365	nonchannel_ncs	0.6792
sp|Q9SZ67|WRK19_ARATH	Arabidopsis thaliana	plant	1895	lrrc8	medium	35.8	0.3387		1.0
sp|Q9U2G5|MRP7_CAEEL	Caenorhabditis elegans	invertebrate	1525	nonchannel_abc_transporter	high	1442.7	0.9617	assoc_sur	0.4664
sp|Q9U8P7|AQPA_DICDI	Dictyostelium discoideum	amoebozoa	279	outofscope_aquaporin	high	177.7	0.8327		1.0
sp|Q9UBN1|CCG4_HUMAN	Homo sapiens	vertebrate	327	assoc_cav_aux	high	271.0	0.583		1.0
sp|Q9UBS5|GABR1_HUMAN	Homo sapiens	vertebrate	961	nonchannel_class_c_gpcr	high	709.9	0.9243		1.0
sp|Q9UF02|CCG5_HUMAN	Homo sapiens	vertebrate	275	assoc_cav_aux	high	210.5	0.5158		1.0
sp|Q9UIR0|BTNL2_HUMAN	Homo sapiens	vertebrate	482	assoc_nav_beta	medium	32.1	0.4018		1.0
sp|Q9UJ90|KCNE5_HUMAN	Homo sapiens	vertebrate	142	assoc_kcne	high	145.1	0.9921		1.0
sp|Q9UJS0|S2513_HUMAN	Homo sapiens	vertebrate	675	assoc_mcu_reg	high	50.8	0.5946		1.0
sp|Q9UKY4|POMT2_HUMAN	Homo sapiens	vertebrate	750	nonchannel_pomt	high	1453.7	0.9938		1.0
sp|Q9UM19|HPCL4_HUMAN	Homo sapiens	vertebrate	191	nonchannel_ncs	high	316.9	0.9793	assoc_kchip	0.4064
sp|Q9UMX6|GUC1B_HUMAN	Homo sapiens	vertebrate	200	nonchannel_ncs	high	265.2	0.9948	assoc_kchip	0.5554
sp|Q9UQC9|CLCA2_HUMAN	Homo sapiens	vertebrate	943	assoc_clc_aux	high	1652.6	0.9967		1.0
sp|Q9URY8|SULH2_SCHPO	Schizosaccharomyces pombe	fungi	840	transporter_slc26	high	346.1	0.8571		1.0
sp|Q9UU93|CANB_SCHPO	Schizosaccharomyces pombe	fungi	174	nonchannel_ncs	medium	88.0	0.8912	assoc_kchip	0.2227
sp|Q9V5Z7|AQP_DROME	Drosophila melanogaster	invertebrate	245	outofscope_aquaporin	high	218.0	0.8363		1.0
sp|Q9VA73|CMC_DROME	Drosophila melanogaster	invertebrate	695	assoc_mcu_reg	high	43.9	0.5631		1.0
sp|Q9VKA4|Y1760_DROME	Drosophila melanogaster	invertebrate	1093	nonchannel_class_c_gpcr	medium	75.2	0.3548		1.0
sp|Q9VL32|SUR_DROME	Drosophila melanogaster	invertebrate	2223	nonchannel_abc_transporter	medium	992.7	0.862	assoc_sur	0.1578
sp|Q9VQH2|DUOX_DROME	Drosophila melanogaster	invertebrate	1537	nonchannel_ncs	high	67.7	0.5959	assoc_kchip	0.4417
sp|Q9VTK2|POMT1_DROME	Drosophila melanogaster	invertebrate	886	nonchannel_pomt	high	667.1	0.9618		1.0
sp|Q9VWX8|FRQ2_DROME	Drosophila melanogaster	invertebrate	187	nonchannel_ncs	medium	260.2	0.9534	assoc_kchip	0.2583
sp|Q9VZZ4|PXDN_DROME	Drosophila melanogaster	invertebrate	1527	assoc_k_beta	high	62.1	0.6378	lrrc8	0.4219
sp|Q9W2Q5|CIB2_DROME	Drosophila melanogaster	invertebrate	189	nonchannel_ncs	medium	51.6	0.6736	assoc_kchip	0.281
sp|Q9W5D4|POMT2_DROME	Drosophila melanogaster	invertebrate	765	nonchannel_pomt	high	710.3	0.9384		1.0
sp|Q9WTW2|KCNE3_MOUSE	Mus musculus	vertebrate	103	assoc_kcne	high	133.6	0.7638		1.0
sp|Q9WTW3|KCNE4_MOUSE	Mus musculus	vertebrate	170	assoc_kcne	high	108.2	0.7953		1.0
sp|Q9WTY0|AQP6_RAT	Rattus norvegicus	vertebrate	276	outofscope_aquaporin	high	283.3	0.9324		1.0
sp|Q9WTY4|AQP5_MOUSE	Mus musculus	vertebrate	265	outofscope_aquaporin	high	311.1	0.9431		1.0
sp|Q9WV18|GABR1_MOUSE	Mus musculus	vertebrate	960	nonchannel_class_c_gpcr	high	708.5	0.9232		1.0
sp|Q9WV91|FPRP_MOUSE	Mus musculus	vertebrate	879	assoc_nav_beta	high	62.9	0.5938		1.0
sp|Q9WVB4|SLIT3_MOUSE	Mus musculus	vertebrate	1523	assoc_k_beta	high	261.7	0.5354	lrrc8	0.4757
sp|Q9WVC1|SLIT2_RAT	Rattus norvegicus	vertebrate	766	assoc_k_beta	high	230.8	0.5302	lrrc8	0.5277
sp|Q9WVC8|S26A3_MOUSE	Mus musculus	vertebrate	757	transporter_slc26	high	958.5	0.9875		1.0
sp|Q9XZP2|CALM2_BRAFL	Branchiostoma floridae	deuterostome	149	nonchannel_ncs	high	60.1	0.5648		1.0
sp|Q9Y2W7|CSEN_HUMAN	Homo sapiens	vertebrate	256	assoc_kchip	high	491.3	1.0	nonchannel_ncs	0.6169
sp|Q9Y691|KCMB2_HUMAN	Homo sapiens	vertebrate	235	assoc_k_beta	high	160.4	0.853		1.0
sp|Q9Y698|CCG2_HUMAN	Homo sapiens	vertebrate	323	assoc_cav_aux	high	289.1	0.5775		1.0
sp|Q9Y6A1|POMT1_HUMAN	Homo sapiens	vertebrate	747	nonchannel_pomt	high	1510.4	0.9433		1.0
sp|Q9Y6H5|SNCAP_HUMAN	Homo sapiens	vertebrate	919	trpn	medium	35.3	0.4234	trpa	0.221
sp|Q9Y6H6|KCNE3_HUMAN	Homo sapiens	vertebrate	103	assoc_kcne	high	141.0	0.7638		1.0
sp|Q9Y6J6|KCNE2_HUMAN	Homo sapiens	vertebrate	123	assoc_kcne	high	120.7	0.9449		1.0
sp|Q9Y6T7|DGKB_HUMAN	Homo sapiens	vertebrate	804	nonchannel_ncs	high	52.7	0.5596	assoc_kchip	0.4213
sp|Q9Y7M7|MDL1_SCHPO	Schizosaccharomyces pombe	fungi	726	nonchannel_abc_transporter	medium	317.6	0.4517	assoc_sur	0.6071
sp|Q9Z0F4|CIB1_MOUSE	Mus musculus	vertebrate	191	nonchannel_ncs	high	53.6	0.9171	assoc_kchip	0.3993
sp|Q9Z0L0|TPBG_MOUSE	Mus musculus	vertebrate	426	assoc_k_beta	high	92.5	0.6063		1.0
sp|Q9Z0R7|TS1R2_RAT	Rattus norvegicus	vertebrate	843	nonchannel_class_c_gpcr	high	831.4	0.9356	nmda	0.9661
sp|Q9Z0R8|TS1R1_RAT	Rattus norvegicus	vertebrate	840	nonchannel_class_c_gpcr	high	859.1	0.9537	nmda	0.9522
sp|Q9Z0U4|GABR1_RAT	Rattus norvegicus	vertebrate	960	nonchannel_class_c_gpcr	high	708.7	0.9243		1.0
sp|Q9Z109|VSIG2_MOUSE	Mus musculus	vertebrate	328	assoc_nav_beta	high	42.9	0.625		1.0
sp|Q9Z1L5|CA2D3_MOUSE	Mus musculus	vertebrate	1091	assoc_cav_aux	high	819.5	0.9739		1.0
sp|Q9Z218|DPP6_MOUSE	Mus musculus	vertebrate	804	assoc_k_beta	high	346.4	0.9528		1.0
sp|Q9Z2D3|GSDME_MOUSE	Mus musculus	vertebrate	512	nonchannel_gasdermin	high	374.9	0.9936		1.0
sp|Q9Z339|GSTO1_RAT	Rattus norvegicus	vertebrate	241	clic	medium	35.2	0.4286		1.0
sp|Q9ZQE6|CML30_ARATH	Arabidopsis thaliana	plant	187	nonchannel_ncs	high	49.1	0.601		1.0
sp|Q9ZR72|AB1B_ARATH	Arabidopsis thaliana	plant	1286	nonchannel_abc_transporter	medium	655.6	0.4233	assoc_sur	0.6089
sp|Q9ZSA2|CDPKL_ARATH	Arabidopsis thaliana	plant	531	nonchannel_ncs	high	40.5	0.7202		1.0
sp|Q9ZSA3|CDPKM_ARATH	Arabidopsis thaliana	plant	498	nonchannel_ncs	high	44.6	0.5648		1.0
sp|Q9ZSA4|CDPKR_ARATH	Arabidopsis thaliana	plant	485	nonchannel_ncs	high	40.6	0.7254		1.0
sp|Q9ZV07|PIP26_ARATH	Arabidopsis thaliana	plant	289	outofscope_aquaporin	high	192.2	0.847		1.0
sp|Q9ZV15|CDPKK_ARATH	Arabidopsis thaliana	plant	583	nonchannel_ncs	high	51.6	0.5389		1.0
sp|Q9ZVX8|PIP28_ARATH	Arabidopsis thaliana	plant	278	outofscope_aquaporin	high	194.5	0.8256		1.0
sp|S4X0Q8|AGRA3_DANRE	Danio rerio	vertebrate	1346	assoc_k_beta	medium	47.3	0.3438		1.0
sp|T1NXB5|VSTM4_MOUSE	Mus musculus	vertebrate	319	assoc_nav_beta	high	37.1	0.8304		1.0
tr|A0A0B4K855|A0A0B4K855_DROME	Drosophila melanogaster	invertebrate	270	outofscope_aquaporin	high	218.9	0.9146		1.0
tr|A0A0B4K866|A0A0B4K866_DROME	Drosophila melanogaster	invertebrate	1271	assoc_cav_aux	high	244.0	0.9191		1.0
tr|A0A0B4KF15|A0A0B4KF15_DROME	Drosophila melanogaster	invertebrate	1472	nonchannel_class_c_gpcr	high	1003.9	0.9243		1.0
tr|A0A0B4KFZ1|A0A0B4KFZ1_DROME	Drosophila melanogaster	invertebrate	297	outofscope_aquaporin	high	172.8	0.8292		1.0
tr|A0A0B4KGI0|A0A0B4KGI0_DROME	Drosophila melanogaster	invertebrate	1408	nonchannel_abc_transporter	high	1309.6	0.9617	cftr	0.3576
tr|A0A0B4KHF1|A0A0B4KHF1_DROME	Drosophila melanogaster	invertebrate	524	assoc_mcu_reg	high	364.6	0.7117		1.0
tr|A0A0B4KHL5|A0A0B4KHL5_DROME	Drosophila melanogaster	invertebrate	843	assoc_k_beta	medium	44.4	0.4803		1.0
tr|A0A0B4LFY1|A0A0B4LFY1_DROME	Drosophila melanogaster	invertebrate	830	assoc_k_beta	medium	91.4	0.5066	lrrc8	0.256
tr|A0A0B4LHR4|A0A0B4LHR4_DROME	Drosophila melanogaster	invertebrate	1224	nonchannel_class_c_gpcr	high	343.2	0.7525		1.0
tr|A0A0B8KQ03|A0A0B8KQ03_DROME	Drosophila melanogaster	invertebrate	189	nonchannel_ncs	medium	34.3	0.3575		1.0
tr|A0A0C4DHF9|A0A0C4DHF9_DROME	Drosophila melanogaster	invertebrate	290	outofscope_aquaporin	high	186.8	0.8541		1.0
tr|A0A0D2TZJ6|A0A0D2TZJ6_CAPO3	Capsaspora owczarzaki	holozoa	670	assoc_k_beta	medium	85.5	0.4252	lrrc8	0.2936
tr|A0A0D2U039|A0A0D2U039_CAPO3	Capsaspora owczarzaki	holozoa	1374	nonchannel_abc_transporter	medium	700.5	0.4034	assoc_sur	0.6126
tr|A0A0D2U171|A0A0D2U171_CAPO3	Capsaspora owczarzaki	holozoa	1280	assoc_k_beta	medium	58.6	0.4199	lrrc8	0.3003
tr|A0A0D2U2W2|A0A0D2U2W2_CAPO3	Capsaspora owczarzaki	holozoa	761	nonchannel_class_c_gpcr	medium	109.1	0.3243		1.0
tr|A0A0D2U3H4|A0A0D2U3H4_CAPO3	Capsaspora owczarzaki	holozoa	1897	nonchannel_class_c_gpcr	medium	37.2	0.3266		1.0
tr|A0A0D2U6J4|A0A0D2U6J4_CAPO3	Capsaspora owczarzaki	holozoa	648	assoc_k_beta	medium	113.1	0.4698	lrrc8	0.1477
tr|A0A0D2U6Y8|A0A0D2U6Y8_CAPO3	Capsaspora owczarzaki	holozoa	1465	nonchannel_class_c_gpcr	medium	158.1	0.3401		1.0
tr|A0A0D2U8U4|A0A0D2U8U4_CAPO3	Capsaspora owczarzaki	holozoa	178	nonchannel_ncs	medium	63.5	0.9119	assoc_kchip	0.2142
tr|A0A0D2UA05|A0A0D2UA05_CAPO3	Capsaspora owczarzaki	holozoa	1299	nonchannel_abc_transporter	medium	674.8	0.4502	assoc_sur	0.6497
tr|A0A0D2UAW6|A0A0D2UAW6_CAPO3	Capsaspora owczarzaki	holozoa	769	assoc_k_beta	medium	182.1	0.5066	lrrc8	0.1131
tr|A0A0D2UCA1|A0A0D2UCA1_CAPO3	Capsaspora owczarzaki	holozoa	977	assoc_k_beta	medium	124.9	0.3727	lrrc8	0.1097
tr|A0A0D2UGX7|A0A0D2UGX7_CAPO3	Capsaspora owczarzaki	holozoa	190	nonchannel_ncs	medium	287.9	0.9637	assoc_kchip	0.2563
tr|A0A0D2UHJ2|A0A0D2UHJ2_CAPO3	Capsaspora owczarzaki	holozoa	1707	nonchannel_abc_transporter	high	1353.5	0.9624	cftr	0.3878
tr|A0A0D2UJH5|A0A0D2UJH5_CAPO3	Capsaspora owczarzaki	holozoa	787	assoc_k_beta	medium	81.8	0.4619	lrrc8	0.2653
tr|A0A0D2UJN3|A0A0D2UJN3_CAPO3	Capsaspora owczarzaki	holozoa	789	assoc_k_beta	medium	108.7	0.4646	lrrc8	0.1178
tr|A0A0D2UL52|A0A0D2UL52_CAPO3	Capsaspora owczarzaki	holozoa	380	assoc_k_beta	medium	56.3	0.3806	lrrc8	0.3464
tr|A0A0D2ULI5|A0A0D2ULI5_CAPO3	Capsaspora owczarzaki	holozoa	697	nonchannel_class_c_gpcr	medium	107.4	0.3311		1.0
tr|A0A0D2UNY4|A0A0D2UNY4_CAPO3	Capsaspora owczarzaki	holozoa	929	assoc_k_beta	medium	79.6	0.399	lrrc8	0.1445
tr|A0A0D2UQI4|A0A0D2UQI4_CAPO3	Capsaspora owczarzaki	holozoa	1014	assoc_k_beta	medium	113.8	0.4672	lrrc8	0.1459
tr|A0A0D2UQQ7|A0A0D2UQQ7_CAPO3	Capsaspora owczarzaki	holozoa	1400	assoc_k_beta	high	88.4	0.5171	lrrc8	0.6063
tr|A0A0D2URP3|A0A0D2URP3_CAPO3	Capsaspora owczarzaki	holozoa	1637	nonchannel_abc_transporter	high	1171.3	0.9555	assoc_sur	0.524
tr|A0A0D2USZ6|A0A0D2USZ6_CAPO3	Capsaspora owczarzaki	holozoa	1492	nonchannel_abc_transporter	high	1587.9	0.9724	assoc_sur	0.4539
tr|A0A0D2UTE5|A0A0D2UTE5_CAPO3	Capsaspora owczarzaki	holozoa	817	assoc_k_beta	medium	81.8	0.4436	lrrc8	0.176
tr|A0A0D2VF92|A0A0D2VF92_CAPO3	Capsaspora owczarzaki	holozoa	1633	nonchannel_abc_transporter	high	1071.7	0.8021	cftr	0.599
tr|A0A0D2VFF0|A0A0D2VFF0_CAPO3	Capsaspora owczarzaki	holozoa	1032	trpml	medium	91.8	0.4203		1.0
tr|A0A0D2VFH3|A0A0D2VFH3_CAPO3	Capsaspora owczarzaki	holozoa	705	assoc_mcu_reg	medium	44.1	0.4955		1.0
tr|A0A0D2VFV1|A0A0D2VFV1_CAPO3	Capsaspora owczarzaki	holozoa	708	nonchannel_abc_transporter	medium	412.6	0.4287	assoc_sur	0.6076
tr|A0A0D2VHU9|A0A0D2VHU9_CAPO3	Capsaspora owczarzaki	holozoa	758	nonchannel_class_c_gpcr	medium	107.5	0.3232		1.0
tr|A0A0D2VI69|A0A0D2VI69_CAPO3	Capsaspora owczarzaki	holozoa	740	nonchannel_ncs	medium	78.4	0.9689	assoc_kchip	0.2615
tr|A0A0D2VJA7|A0A0D2VJA7_CAPO3	Capsaspora owczarzaki	holozoa	350	nonchannel_vsp	high	228.9	0.5326		1.0
tr|A0A0D2VKY1|A0A0D2VKY1_CAPO3	Capsaspora owczarzaki	holozoa	813	transporter_slc26	high	382.5	0.8197		1.0
tr|A0A0D2VLV9|A0A0D2VLV9_CAPO3	Capsaspora owczarzaki	holozoa	655	assoc_k_beta	medium	58.3	0.4698	lrrc8	0.2024
tr|A0A0D2VNB1|A0A0D2VNB1_CAPO3	Capsaspora owczarzaki	holozoa	310	outofscope_aquaporin	high	141.5	0.8327		1.0
tr|A0A0D2VP71|A0A0D2VP71_CAPO3	Capsaspora owczarzaki	holozoa	1404	nonchannel_abc_transporter	medium	676.9	0.4831	assoc_sur	0.648
tr|A0A0D2VQ30|A0A0D2VQ30_CAPO3	Capsaspora owczarzaki	holozoa	1522	assoc_k_beta	medium	235.8	0.5092	lrrc8	0.1853
tr|A0A0D2VQK6|A0A0D2VQK6_CAPO3	Capsaspora owczarzaki	holozoa	767	nonchannel_pomt	medium	149.8	0.4323		1.0
tr|A0A0D2VQM3|A0A0D2VQM3_CAPO3	Capsaspora owczarzaki	holozoa	1174	assoc_k_beta	medium	93.4	0.4094	lrrc8	0.3704
tr|A0A0D2VQN7|A0A0D2VQN7_CAPO3	Capsaspora owczarzaki	holozoa	730	nonchannel_abc_transporter	medium	344.6	0.4325	assoc_sur	0.6222
tr|A0A0D2VRV1|A0A0D2VRV1_CAPO3	Capsaspora owczarzaki	holozoa	753	nonchannel_class_c_gpcr	medium	117.2	0.3356		1.0
tr|A0A0D2VS27|A0A0D2VS27_CAPO3	Capsaspora owczarzaki	holozoa	1113	assoc_k_beta	medium	167.4	0.4199	lrrc8	0.1553
tr|A0A0D2VS75|A0A0D2VS75_CAPO3	Capsaspora owczarzaki	holozoa	738	assoc_k_beta	medium	133.6	0.4016	lrrc8	0.2208
tr|A0A0D2VTF1|A0A0D2VTF1_CAPO3	Capsaspora owczarzaki	holozoa	1198	assoc_k_beta	medium	119.4	0.4934	lrrc8	0.299
tr|A0A0D2VVL7|A0A0D2VVL7_CAPO3	Capsaspora owczarzaki	holozoa	1009	nonchannel_class_c_gpcr	medium	145.2	0.3492		1.0
tr|A0A0D2VXV0|A0A0D2VXV0_CAPO3	Capsaspora owczarzaki	holozoa	727	assoc_k_beta	medium	76.4	0.4199	lrrc8	0.1021
tr|A0A0D2VYV8|A0A0D2VYV8_CAPO3	Capsaspora owczarzaki	holozoa	721	assoc_k_beta	medium	108.8	0.4751	lrrc8	0.182
tr|A0A0D2VZ99|A0A0D2VZ99_CAPO3	Capsaspora owczarzaki	holozoa	755	assoc_k_beta	medium	132.0	0.4567	lrrc8	0.3705
tr|A0A0D2VZE3|A0A0D2VZE3_CAPO3	Capsaspora owczarzaki	holozoa	362	assoc_k_beta	high	73.0	0.8058		1.0
tr|A0A0D2VZT6|A0A0D2VZT6_CAPO3	Capsaspora owczarzaki	holozoa	692	assoc_k_beta	medium	130.4	0.4226	lrrc8	0.1281
tr|A0A0D2W059|A0A0D2W059_CAPO3	Capsaspora owczarzaki	holozoa	392	outofscope_aquaporin	high	197.5	0.8185		1.0
tr|A0A0D2W1G6|A0A0D2W1G6_CAPO3	Capsaspora owczarzaki	holozoa	703	assoc_k_beta	medium	104.3	0.4698	lrrc8	0.2915
tr|A0A0D2W1N9|A0A0D2W1N9_CAPO3	Capsaspora owczarzaki	holozoa	279	assoc_k_beta	medium	78.4	0.3753		1.0
tr|A0A0D2WGM3|A0A0D2WGM3_CAPO3	Capsaspora owczarzaki	holozoa	1022	nonchannel_class_c_gpcr	medium	134.8	0.3435		1.0
tr|A0A0D2WGN6|A0A0D2WGN6_CAPO3	Capsaspora owczarzaki	holozoa	815	assoc_k_beta	medium	90.6	0.399	lrrc8	0.34
tr|A0A0D2WGW1|A0A0D2WGW1_CAPO3	Capsaspora owczarzaki	holozoa	165	nonchannel_ncs	medium	66.7	0.5648	assoc_kchip	0.1634
tr|A0A0D2WIQ2|A0A0D2WIQ2_CAPO3	Capsaspora owczarzaki	holozoa	857	nonchannel_abc_transporter	medium	371.6	0.4256	assoc_sur	0.6405
tr|A0A0D2WIU4|A0A0D2WIU4_CAPO3	Capsaspora owczarzaki	holozoa	834	assoc_k_beta	medium	154.2	0.4698	lrrc8	0.3119
tr|A0A0D2WJ31|A0A0D2WJ31_CAPO3	Capsaspora owczarzaki	holozoa	347	nonchannel_class_c_gpcr	medium	114.4	0.3311		1.0
tr|A0A0D2WJD7|A0A0D2WJD7_CAPO3	Capsaspora owczarzaki	holozoa	2460	nonchannel_abc_transporter	medium	1098.8	0.8696	assoc_sur	0.2257
tr|A0A0D2WJF4|A0A0D2WJF4_CAPO3	Capsaspora owczarzaki	holozoa	679	nonchannel_class_c_gpcr	medium	99.5	0.3345		1.0
tr|A0A0D2WJH6|A0A0D2WJH6_CAPO3	Capsaspora owczarzaki	holozoa	759	nonchannel_class_c_gpcr	medium	108.6	0.3209		1.0
tr|A0A0D2WK09|A0A0D2WK09_CAPO3	Capsaspora owczarzaki	holozoa	424	nonchannel_class_c_gpcr	medium	94.9	0.3684		1.0
tr|A0A0D2WK25|A0A0D2WK25_CAPO3	Capsaspora owczarzaki	holozoa	2254	assoc_k_beta	medium	49.7	0.3255		1.0
tr|A0A0D2WL55|A0A0D2WL55_CAPO3	Capsaspora owczarzaki	holozoa	176	nonchannel_ncs	high	61.9	0.8964	assoc_kchip	0.5929
tr|A0A0D2WLL8|A0A0D2WLL8_CAPO3	Capsaspora owczarzaki	holozoa	664	assoc_k_beta	medium	83.6	0.399	lrrc8	0.1878
tr|A0A0D2WLZ4|A0A0D2WLZ4_CAPO3	Capsaspora owczarzaki	holozoa	903	assoc_k_beta	medium	96.6	0.4199	lrrc8	0.4255
tr|A0A0D2WM22|A0A0D2WM22_CAPO3	Capsaspora owczarzaki	holozoa	741	assoc_k_beta	medium	121.5	0.4016	lrrc8	0.2313
tr|A0A0D2WM45|A0A0D2WM45_CAPO3	Capsaspora owczarzaki	holozoa	835	nonchannel_pomt	high	684.6	0.947		1.0
tr|A0A0D2WMA0|A0A0D2WMA0_CAPO3	Capsaspora owczarzaki	holozoa	1175	nonchannel_class_c_gpcr	medium	109.1	0.3006		1.0
tr|A0A0D2WME4|A0A0D2WME4_CAPO3	Capsaspora owczarzaki	holozoa	474	assoc_k_beta	medium	35.8	0.3045		1.0
tr|A0A0D2WME8|A0A0D2WME8_CAPO3	Capsaspora owczarzaki	holozoa	797	nonchannel_abc_transporter	medium	351.7	0.4133	assoc_sur	0.6224
tr|A0A0D2WN79|A0A0D2WN79_CAPO3	Capsaspora owczarzaki	holozoa	1029	assoc_k_beta	medium	71.9	0.399	lrrc8	0.3672
tr|A0A0D2WNJ5|A0A0D2WNJ5_CAPO3	Capsaspora owczarzaki	holozoa	944	nonchannel_ncs	high	48.2	0.6632	assoc_kchip	0.3361
tr|A0A0D2WNL9|A0A0D2WNL9_CAPO3	Capsaspora owczarzaki	holozoa	991	assoc_k_beta	medium	52.0	0.4777	lrrc8	0.1154
tr|A0A0D2WPK7|A0A0D2WPK7_CAPO3	Capsaspora owczarzaki	holozoa	168	nonchannel_ncs	medium	43.8	0.3264		1.0
tr|A0A0D2WPR2|A0A0D2WPR2_CAPO3	Capsaspora owczarzaki	holozoa	682	nonchannel_abc_transporter	medium	47.1	0.3857		1.0
tr|A0A0D2WPV6|A0A0D2WPV6_CAPO3	Capsaspora owczarzaki	holozoa	1017	assoc_k_beta	high	63.3	0.5144	lrrc8	0.3681
tr|A0A0D2WQ02|A0A0D2WQ02_CAPO3	Capsaspora owczarzaki	holozoa	620	assoc_k_beta	medium	112.9	0.4147	lrrc8	0.1231
tr|A0A0D2WQD6|A0A0D2WQD6_CAPO3	Capsaspora owczarzaki	holozoa	932	nonchannel_pomt	high	480.8	0.9138		1.0
tr|A0A0D2WQL9|A0A0D2WQL9_CAPO3	Capsaspora owczarzaki	holozoa	740	transporter_slc26	high	66.4	0.5867		1.0
tr|A0A0D2WQR6|A0A0D2WQR6_CAPO3	Capsaspora owczarzaki	holozoa	1041	nonchannel_vsp	high	171.8	0.5652		1.0
tr|A0A0D2WQY2|A0A0D2WQY2_CAPO3	Capsaspora owczarzaki	holozoa	712	assoc_k_beta	medium	40.3	0.3333	lrrc8	0.3102
tr|A0A0D2WR83|A0A0D2WR83_CAPO3	Capsaspora owczarzaki	holozoa	1075	assoc_k_beta	medium	89.7	0.5066	lrrc8	0.1048
tr|A0A0D2WRC7|A0A0D2WRC7_CAPO3	Capsaspora owczarzaki	holozoa	1586	nonchannel_class_c_gpcr	medium	117.0	0.3322		1.0
tr|A0A0D2WRD3|A0A0D2WRD3_CAPO3	Capsaspora owczarzaki	holozoa	810	assoc_k_beta	medium	58.8	0.3858	lrrc8	0.5782
tr|A0A0D2WRH8|A0A0D2WRH8_CAPO3	Capsaspora owczarzaki	holozoa	803	assoc_k_beta	medium	79.2	0.3911	lrrc8	0.1073
tr|A0A0D2WRZ4|A0A0D2WRZ4_CAPO3	Capsaspora owczarzaki	holozoa	763	nonchannel_class_c_gpcr	medium	129.1	0.3096		1.0
tr|A0A0D2WS81|A0A0D2WS81_CAPO3	Capsaspora owczarzaki	holozoa	595	assoc_k_beta	medium	85.0	0.3675	lrrc8	0.2388
tr|A0A0D2WSN5|A0A0D2WSN5_CAPO3	Capsaspora owczarzaki	holozoa	1740	nonchannel_abc_transporter	high	1207.7	0.964	assoc_sur	0.3819
tr|A0A0D2WSN9|A0A0D2WSN9_CAPO3	Capsaspora owczarzaki	holozoa	998	assoc_k_beta	medium	117.1	0.4094	lrrc8	0.1973
tr|A0A0D2WSR6|A0A0D2WSR6_CAPO3	Capsaspora owczarzaki	holozoa	801	assoc_k_beta	medium	74.3	0.357	lrrc8	0.2234
tr|A0A0D2WTP5|A0A0D2WTP5_CAPO3	Capsaspora owczarzaki	holozoa	1682	assoc_k_beta	medium	60.1	0.4383	lrrc8	0.3095
tr|A0A0D2WTS4|A0A0D2WTS4_CAPO3	Capsaspora owczarzaki	holozoa	759	nonchannel_class_c_gpcr	medium	105.6	0.3288		1.0
tr|A0A0D2WUB0|A0A0D2WUB0_CAPO3	Capsaspora owczarzaki	holozoa	954	assoc_k_beta	medium	88.7	0.4541	lrrc8	0.3348
tr|A0A0D2WUC3|A0A0D2WUC3_CAPO3	Capsaspora owczarzaki	holozoa	665	assoc_k_beta	medium	71.6	0.4304	lrrc8	0.236
tr|A0A0D2WUS4|A0A0D2WUS4_CAPO3	Capsaspora owczarzaki	holozoa	479	assoc_k_beta	medium	70.0	0.4619	lrrc8	0.3486
tr|A0A0D2WV42|A0A0D2WV42_CAPO3	Capsaspora owczarzaki	holozoa	869	assoc_k_beta	medium	82.1	0.399	lrrc8	0.313
tr|A0A0D2WVA3|A0A0D2WVA3_CAPO3	Capsaspora owczarzaki	holozoa	744	nonchannel_class_c_gpcr	medium	99.0	0.339		1.0
tr|A0A0D2WVZ0|A0A0D2WVZ0_CAPO3	Capsaspora owczarzaki	holozoa	643	assoc_k_beta	medium	55.6	0.3255	lrrc8	0.3849
tr|A0A0D2WW06|A0A0D2WW06_CAPO3	Capsaspora owczarzaki	holozoa	1279	nonchannel_class_c_gpcr	high	249.1	0.6904	nmda	0.878
tr|A0A0D2WWM3|A0A0D2WWM3_CAPO3	Capsaspora owczarzaki	holozoa	805	assoc_k_beta	medium	122.7	0.4199	lrrc8	0.1385
tr|A0A0D2WWM5|A0A0D2WWM5_CAPO3	Capsaspora owczarzaki	holozoa	776	assoc_k_beta	medium	142.4	0.3753	lrrc8	0.2121
tr|A0A0D2WX35|A0A0D2WX35_CAPO3	Capsaspora owczarzaki	holozoa	1024	assoc_k_beta	medium	90.0	0.4672	lrrc8	0.3533
tr|A0A0D2WX86|A0A0D2WX86_CAPO3	Capsaspora owczarzaki	holozoa	1887	nonchannel_class_c_gpcr	medium	156.3	0.4881		1.0
tr|A0A0D2WXD9|A0A0D2WXD9_CAPO3	Capsaspora owczarzaki	holozoa	1073	nonchannel_ncs	medium	114.6	0.5803	assoc_kchip	0.2827
tr|A0A0D2WXV5|A0A0D2WXV5_CAPO3	Capsaspora owczarzaki	holozoa	921	assoc_k_beta	medium	90.1	0.4672	lrrc8	0.3452
tr|A0A0D2WXW7|A0A0D2WXW7_CAPO3	Capsaspora owczarzaki	holozoa	510	assoc_k_beta	medium	41.6	0.3806	lrrc8	0.1659
tr|A0A0D2WY68|A0A0D2WY68_CAPO3	Capsaspora owczarzaki	holozoa	389	outofscope_aquaporin	high	197.6	0.8185		1.0
tr|A0A0D2WY78|A0A0D2WY78_CAPO3	Capsaspora owczarzaki	holozoa	1280	assoc_k_beta	medium	72.8	0.3885	lrrc8	0.1868
tr|A0A0D2WYU3|A0A0D2WYU3_CAPO3	Capsaspora owczarzaki	holozoa	592	assoc_k_beta	medium	43.8	0.3045		1.0
tr|A0A0D2WYU6|A0A0D2WYU6_CAPO3	Capsaspora owczarzaki	holozoa	656	nonchannel_class_c_gpcr	medium	133.6	0.3266		1.0
tr|A0A0D2X057|A0A0D2X057_CAPO3	Capsaspora owczarzaki	holozoa	563	assoc_stim	medium	206.5	0.4667		1.0
tr|A0A0D2X0B4|A0A0D2X0B4_CAPO3	Capsaspora owczarzaki	holozoa	1447	nonchannel_vsp	high	144.5	0.5598		1.0
tr|A0A0D2X0R5|A0A0D2X0R5_CAPO3	Capsaspora owczarzaki	holozoa	772	nonchannel_class_c_gpcr	medium	107.7	0.3198		1.0
tr|A0A0D2X0V7|A0A0D2X0V7_CAPO3	Capsaspora owczarzaki	holozoa	1476	assoc_k_beta	medium	75.8	0.3281	lrrc8	0.3865
tr|A0A0D2X0X9|A0A0D2X0X9_CAPO3	Capsaspora owczarzaki	holozoa	897	assoc_k_beta	medium	112.1	0.4462	lrrc8	0.1757
tr|A0A0D2X112|A0A0D2X112_CAPO3	Capsaspora owczarzaki	holozoa	774	nonchannel_class_c_gpcr	medium	127.6	0.3548		1.0
tr|A0A0D2X184|A0A0D2X184_CAPO3	Capsaspora owczarzaki	holozoa	476	assoc_mcu_reg	high	322.3	0.8851	nonchannel_ncs	0.8591
tr|A0A0D2X1X5|A0A0D2X1X5_CAPO3	Capsaspora owczarzaki	holozoa	149	nonchannel_ncs	high	59.0	0.5596		1.0
tr|A0A0D2X222|A0A0D2X222_CAPO3	Capsaspora owczarzaki	holozoa	1060	nonchannel_class_c_gpcr	high	199.2	0.6079	nmda	0.7761
tr|A0A0D2X2N7|A0A0D2X2N7_CAPO3	Capsaspora owczarzaki	holozoa	838	nonchannel_pomt	high	574.6	0.9286		1.0
tr|A0A0D2X3R3|A0A0D2X3R3_CAPO3	Capsaspora owczarzaki	holozoa	2173	nonchannel_class_c_gpcr	medium	121.9	0.3153		1.0
tr|A0A0D2X420|A0A0D2X420_CAPO3	Capsaspora owczarzaki	holozoa	1021	assoc_k_beta	medium	69.7	0.4593	lrrc8	0.2869
tr|A0A0D2X424|A0A0D2X424_CAPO3	Capsaspora owczarzaki	holozoa	808	assoc_k_beta	medium	108.5	0.4698	lrrc8	0.1631
tr|A0A0D2X474|A0A0D2X474_CAPO3	Capsaspora owczarzaki	holozoa	1402	assoc_k_beta	medium	196.4	0.4829	lrrc8	0.1268
tr|A0A0D2X4D7|A0A0D2X4D7_CAPO3	Capsaspora owczarzaki	holozoa	1018	assoc_k_beta	medium	84.8	0.4619	lrrc8	0.1757
tr|A0A0D2X4Q1|A0A0D2X4Q1_CAPO3	Capsaspora owczarzaki	holozoa	732	assoc_k_beta	medium	139.2	0.4541	lrrc8	0.107
tr|A0A0D2X4R2|A0A0D2X4R2_CAPO3	Capsaspora owczarzaki	holozoa	231	assoc_k_beta	medium	93.5	0.4147	lrrc8	0.4278
tr|A0A0D2X4Z6|A0A0D2X4Z6_CAPO3	Capsaspora owczarzaki	holozoa	2127	nonchannel_ncs	high	85.6	0.6684	assoc_kchip	0.4287
tr|A0A0D2X501|A0A0D2X501_CAPO3	Capsaspora owczarzaki	holozoa	645	assoc_k_beta	medium	95.6	0.399	lrrc8	0.2699
tr|A0A0D2X590|A0A0D2X590_CAPO3	Capsaspora owczarzaki	holozoa	599	assoc_k_beta	medium	73.7	0.4803	lrrc8	0.2144
tr|A0A0D2X5A3|A0A0D2X5A3_CAPO3	Capsaspora owczarzaki	holozoa	973	nonchannel_ncs	high	68.4	0.5751	assoc_kchip	0.4006
tr|A0A0D2X5D3|A0A0D2X5D3_CAPO3	Capsaspora owczarzaki	holozoa	751	nonchannel_abc_transporter	medium	355.2	0.4617	assoc_sur	0.5901
tr|A0A0D2X5E1|A0A0D2X5E1_CAPO3	Capsaspora owczarzaki	holozoa	1501	assoc_k_beta	medium	130.5	0.399	lrrc8	0.1808
tr|A0A0G2JSU2|A0A0G2JSU2_RAT	Rattus norvegicus	vertebrate	1307	assoc_k_beta	medium	52.1	0.3202		1.0
tr|A0A0G2JVH8|A0A0G2JVH8_RAT	Rattus norvegicus	vertebrate	849	nonchannel_class_c_gpcr	high	443.2	0.8678		1.0
tr|A0A0G2JVY7|A0A0G2JVY7_RAT	Rattus norvegicus	vertebrate	849	nonchannel_class_c_gpcr	high	435.3	0.9186		1.0
tr|A0A0G2JWB6|A0A0G2JWB6_RAT	Rattus norvegicus	vertebrate	1475	assoc_k_beta	medium	55.8	0.5381	lrrc8	0.1398
tr|A0A0G2JWJ6|A0A0G2JWJ6_RAT	Rattus norvegicus	vertebrate	512	assoc_nav_beta	high	33.2	0.625		1.0
tr|A0A0G2JWX9|A0A0G2JWX9_RAT	Rattus norvegicus	vertebrate	910	assoc_clc_aux	high	1431.7	0.9848		1.0
tr|A0A0G2JYA5|A0A0G2JYA5_RAT	Rattus norvegicus	vertebrate	849	nonchannel_class_c_gpcr	high	431.4	0.8712		1.0
tr|A0A0G2JYG8|A0A0G2JYG8_RAT	Rattus norvegicus	vertebrate	853	nonchannel_class_c_gpcr	high	411.1	0.8655		1.0
tr|A0A0G2K072|A0A0G2K072_RAT	Rattus norvegicus	vertebrate	903	assoc_clc_aux	high	1173.8	0.949		1.0
tr|A0A0G2K1H1|A0A0G2K1H1_RAT	Rattus norvegicus	vertebrate	667	nonchannel_class_c_gpcr	high	397.8	0.7435		1.0
tr|A0A0G2K320|A0A0G2K320_RAT	Rattus norvegicus	vertebrate	1700	assoc_nav_beta	high	60.7	0.5268		1.0
tr|A0A0G2K5B5|A0A0G2K5B5_RAT	Rattus norvegicus	vertebrate	810	nonchannel_class_c_gpcr	high	331.5	0.8362		1.0
tr|A0A0G2K5S0|A0A0G2K5S0_RAT	Rattus norvegicus	vertebrate	1202	assoc_catsper_aux	high	450.8	0.9592		1.0
tr|A0A0G2K7V2|A0A0G2K7V2_RAT	Rattus norvegicus	vertebrate	472	nonchannel_gasdermin	high	317.8	0.8729		1.0
tr|A0A0G2K8E2|A0A0G2K8E2_RAT	Rattus norvegicus	vertebrate	857	nonchannel_class_c_gpcr	high	437.6	0.8712		1.0
tr|A0A0G2KAL5|A0A0G2KAL5_RAT	Rattus norvegicus	vertebrate	857	nonchannel_class_c_gpcr	high	449.5	0.8667		1.0
tr|A0A0G2L574|A0A0G2L574_DANRE	Danio rerio	vertebrate	452	assoc_nav_beta	high	47.3	0.6295		1.0
tr|A0A0G2L866|A0A0G2L866_DANRE	Danio rerio	vertebrate	793	assoc_k_beta	high	127.6	0.9501		1.0
tr|A0A0K3AQN5|A0A0K3AQN5_CAEEL	Caenorhabditis elegans	invertebrate	1296	nonchannel_abc_transporter	medium	702.3	0.4479	assoc_sur	0.5982
tr|A0A0N7KF42|A0A0N7KF42_ORYSJ	Oryza sativa	plant	1286	nonchannel_abc_transporter	high	1216.6	0.9586	assoc_sur	0.4599
tr|A0A0N7KLK4|A0A0N7KLK4_ORYSJ	Oryza sativa	plant	1483	nonchannel_abc_transporter	high	1230.1	0.9601	assoc_sur	0.4502
tr|A0A0N7KLN3|A0A0N7KLN3_ORYSJ	Oryza sativa	plant	353	nonchannel_vsp	medium	31.4	0.413		1.0
tr|A0A0N7KPJ9|A0A0N7KPJ9_ORYSJ	Oryza sativa	plant	768	lrrc8	medium	125.9	0.3188		1.0
tr|A0A0P0V3N1|A0A0P0V3N1_ORYSJ	Oryza sativa	plant	1106	nonchannel_abc_transporter	medium	620.4	0.4003	cftr	0.554
tr|A0A0P0V6W6|A0A0P0V6W6_ORYSJ	Oryza sativa	plant	1267	nonchannel_abc_transporter	medium	656.6	0.4348	assoc_sur	0.6162
tr|A0A0P0VBQ7|A0A0P0VBQ7_ORYSJ	Oryza sativa	plant	1031	nonchannel_abc_transporter	high	902.8	0.786	assoc_sur	0.4812
tr|A0A0P0VHR5|A0A0P0VHR5_ORYSJ	Oryza sativa	plant	1194	nonchannel_abc_transporter	high	1083.6	0.8957	assoc_sur	0.4882
tr|A0A0P0VJ08|A0A0P0VJ08_ORYSJ	Oryza sativa	plant	136	nonchannel_ncs	high	61.1	0.6062	assoc_kchip	0.3306
tr|A0A0P0VTN1|A0A0P0VTN1_ORYSJ	Oryza sativa	plant	675	transporter_slc26	high	413.5	0.8252		1.0
tr|A0A0P0VTT5|A0A0P0VTT5_ORYSJ	Oryza sativa	plant	965	nonchannel_abc_transporter	medium	548.5	0.4118	assoc_sur	0.557
tr|A0A0P0WA26|A0A0P0WA26_ORYSJ	Oryza sativa	plant	638	nonchannel_abc_transporter	medium	201.8	0.3298	assoc_sur	0.6001
tr|A0A0P0WBD9|A0A0P0WBD9_ORYSJ	Oryza sativa	plant	1259	nonchannel_abc_transporter	medium	639.9	0.4018	assoc_sur	0.6217
tr|A0A0P0WDK9|A0A0P0WDK9_ORYSJ	Oryza sativa	plant	142	outofscope_aquaporin	medium	86.5	0.3594		1.0
tr|A0A0P0WI02|A0A0P0WI02_ORYSJ	Oryza sativa	plant	249	nonchannel_ncs	medium	37.1	0.3523		1.0
tr|A0A0P0WJ46|A0A0P0WJ46_ORYSJ	Oryza sativa	plant	216	outofscope_aquaporin	high	95.1	0.6014		1.0
tr|A0A0P0WJ59|A0A0P0WJ59_ORYSJ	Oryza sativa	plant	1486	nonchannel_abc_transporter	high	1188.5	0.9578	assoc_sur	0.4439
tr|A0A0P0WQF3|A0A0P0WQF3_ORYSJ	Oryza sativa	plant	1260	nonchannel_abc_transporter	medium	668.0	0.4532	assoc_sur	0.6171
tr|A0A0P0WRU4|A0A0P0WRU4_ORYSJ	Oryza sativa	plant	733	nonchannel_abc_transporter	medium	345.6	0.3865	assoc_sur	0.6348
tr|A0A0P0WTD2|A0A0P0WTD2_ORYSJ	Oryza sativa	plant	481	iglur_nonvertebrate	medium	112.0	0.3836	nonchannel_class_c_gpcr	0.5821
tr|A0A0P0WTX5|A0A0P0WTX5_ORYSJ	Oryza sativa	plant	629	nonchannel_abc_transporter	medium	320.6	0.3436	cftr	0.4623
tr|A0A0P0X5C6|A0A0P0X5C6_ORYSJ	Oryza sativa	plant	277	outofscope_aquaporin	high	166.6	0.7011		1.0
tr|A0A0P0XC49|A0A0P0XC49_ORYSJ	Oryza sativa	plant	528	nonchannel_abc_transporter	medium	315.2	0.3643	assoc_sur	0.5955
tr|A0A0P0XCB9|A0A0P0XCB9_ORYSJ	Oryza sativa	plant	215	outofscope_aquaporin	high	78.2	0.5445		1.0
tr|A0A0P0XNT9|A0A0P0XNT9_ORYSJ	Oryza sativa	plant	541	iglur_nonvertebrate	medium	142.6	0.3545	nonchannel_class_c_gpcr	0.2784
tr|A0A0P0Y820|A0A0P0Y820_ORYSJ	Oryza sativa	plant	291	outofscope_aquaporin	high	139.8	0.8078		1.0
tr|A0A0P0YBE6|A0A0P0YBE6_ORYSJ	Oryza sativa	plant	994	nonchannel_abc_transporter	high	805.5	0.7722	assoc_sur	0.4957
tr|A0A0R4I9L6|A0A0R4I9L6_DANRE	Danio rerio	vertebrate	837	nonchannel_class_c_gpcr	high	675.9	0.9299		1.0
tr|A0A0R4IC00|A0A0R4IC00_DANRE	Danio rerio	vertebrate	853	nonchannel_class_c_gpcr	high	747.4	0.9175	iglur_nonvertebrate	0.9506
tr|A0A0R4IDZ4|A0A0R4IDZ4_DANRE	Danio rerio	vertebrate	835	nonchannel_class_c_gpcr	high	721.4	0.9209	iglur_nonvertebrate	0.966
tr|A0A0R4IHA3|A0A0R4IHA3_DANRE	Danio rerio	vertebrate	857	nonchannel_class_c_gpcr	high	720.1	0.9107		1.0
tr|A0A0R4IIL3|A0A0R4IIL3_DANRE	Danio rerio	vertebrate	275	outofscope_aquaporin	high	113.0	0.8007		1.0
tr|A0A0R4IJ62|A0A0R4IJ62_DANRE	Danio rerio	vertebrate	840	nonchannel_class_c_gpcr	high	698.3	0.9209		1.0
tr|A0A0R4IJP4|A0A0R4IJP4_DANRE	Danio rerio	vertebrate	833	nonchannel_class_c_gpcr	high	671.9	0.9141	iglur_nonvertebrate	0.9606
tr|A0A0R4INZ4|A0A0R4INZ4_DANRE	Danio rerio	vertebrate	321	assoc_cav_aux	high	246.5	0.5693		1.0
tr|A0A0R4IPL6|A0A0R4IPL6_DANRE	Danio rerio	vertebrate	188	nonchannel_ncs	medium	43.1	0.5596	assoc_kchip	0.1972
tr|A0A0R4IRB9|A0A0R4IRB9_DANRE	Danio rerio	vertebrate	290	assoc_k_beta	high	61.6	0.5197		1.0
tr|A0A0R4IS27|A0A0R4IS27_DANRE	Danio rerio	vertebrate	837	nonchannel_class_c_gpcr	high	689.6	0.9186		1.0
tr|A0A0R4ITC7|A0A0R4ITC7_DANRE	Danio rerio	vertebrate	835	nonchannel_class_c_gpcr	high	704.6	0.913		1.0
tr|A0A0R4ITS3|A0A0R4ITS3_DANRE	Danio rerio	vertebrate	372	assoc_k_beta	high	98.5	0.6089	lrrc8	0.5442
tr|A0A0R4IU63|A0A0R4IU63_DANRE	Danio rerio	vertebrate	1158	nonchannel_class_c_gpcr	high	1136.0	0.9718	nmda	0.9719
tr|A0A0R4IV20|A0A0R4IV20_DANRE	Danio rerio	vertebrate	844	nonchannel_class_c_gpcr	high	792.1	0.9175	nmda	0.9687
tr|A0A0R4IVN1|A0A0R4IVN1_DANRE	Danio rerio	vertebrate	172	nonchannel_ncs	medium	41.1	0.456		1.0
tr|A0A0R4IW17|A0A0R4IW17_DANRE	Danio rerio	vertebrate	856	nonchannel_class_c_gpcr	high	765.0	0.9153		1.0
tr|A0A0U1RRY2|A0A0U1RRY2_RAT	Rattus norvegicus	vertebrate	418	nonchannel_kctd	high	159.2	0.9748	kv_shaker	0.843
tr|A0A0U1RS37|A0A0U1RS37_RAT	Rattus norvegicus	vertebrate	1006	transporter_slc26	high	752.1	0.975		1.0
tr|A0A140LGU2|A0A140LGU2_DANRE	Danio rerio	vertebrate	1502	nonchannel_abc_transporter	high	1634.4	0.9831	assoc_sur	0.526
tr|A0A140T8U3|A0A140T8U3_MOUSE	Mus musculus	vertebrate	855	nonchannel_class_c_gpcr	high	424.2	0.8678		1.0
tr|A0A1B8Y3C0|A0A1B8Y3C0_XENTR	Xenopus tropicalis	vertebrate	202	nonchannel_ncs	high	258.5	0.9948	assoc_kchip	0.4797
tr|A0A1D5P1L7|A0A1D5P1L7_CHICK	Gallus gallus	vertebrate	936	nonchannel_class_c_gpcr	high	660.1	0.9266		1.0
tr|A0A1D5P760|A0A1D5P760_CHICK	Gallus gallus	vertebrate	232	assoc_kchip	high	442.4	0.8446	nonchannel_ncs	0.5538
tr|A0A1D5P9U9|A0A1D5P9U9_CHICK	Gallus gallus	vertebrate	265	outofscope_aquaporin	high	303.9	0.9573		1.0
tr|A0A1D5PEC4|A0A1D5PEC4_CHICK	Gallus gallus	vertebrate	511	assoc_mcu_reg	high	530.8	0.8694		1.0
tr|A0A1D5PEK7|A0A1D5PEK7_CHICK	Gallus gallus	vertebrate	287	outofscope_aquaporin	high	308.1	0.9181		1.0
tr|A0A1D5PHR1|A0A1D5PHR1_CHICK	Gallus gallus	vertebrate	730	nonchannel_abc_transporter	high	52.5	0.615	cftr	0.379
tr|A0A1D5PJA5|A0A1D5PJA5_CHICK	Gallus gallus	vertebrate	760	assoc_k_beta	medium	38.1	0.4987		1.0
tr|A0A1D5PLX8|A0A1D5PLX8_CHICK	Gallus gallus	vertebrate	814	nonchannel_ncs	high	60.0	0.5803	assoc_kchip	0.4417
tr|A0A1D5PQZ6|A0A1D5PQZ6_CHICK	Gallus gallus	vertebrate	103	assoc_kcne	high	81.6	0.7717		1.0
tr|A0A1D5PTF2|A0A1D5PTF2_CHICK	Gallus gallus	vertebrate	315	assoc_cav_aux	high	261.6	0.5748		1.0
tr|A0A1D5PY88|A0A1D5PY88_CHICK	Gallus gallus	vertebrate	412	nonchannel_kctd	high	144.1	0.9085	kv_shaker	0.796
tr|A0A1L1RQ93|A0A1L1RQ93_CHICK	Gallus gallus	vertebrate	605	assoc_k_beta	medium	90.2	0.4147		1.0
tr|A0A1L1RWA6|A0A1L1RWA6_CHICK	Gallus gallus	vertebrate	359	assoc_iglur_aux	high	190.2	0.5093		1.0
tr|A0A1W2Q625|A0A1W2Q625_RAT	Rattus norvegicus	vertebrate	656	transporter_slc26	high	792.9	0.9404		1.0
tr|A0A1W2Q6A1|A0A1W2Q6A1_RAT	Rattus norvegicus	vertebrate	385	assoc_k_beta	medium	83.5	0.3622	lrrc8	0.3353
tr|A0A1W5BGX7|A0A1W5BGX7_CIOIN	Ciona intestinalis	deuterostome	410	mitok	medium	126.5	0.4258		1.0
tr|A0A1W5BHV7|A0A1W5BHV7_CIOIN	Ciona intestinalis	deuterostome	264	outofscope_aquaporin	high	164.0	0.8719		1.0
tr|A0A1X7TFK8|A0A1X7TFK8_AMPQE	Amphimedon queenslandica	basal_metazoan	207	nonchannel_ncs	high	42.1	0.6995		1.0
tr|A0A1X7TRF8|A0A1X7TRF8_AMPQE	Amphimedon queenslandica	basal_metazoan	743	nonchannel_ncs	medium	70.5	0.6891	assoc_kchip	0.2128
tr|A0A1X7TU28|A0A1X7TU28_AMPQE	Amphimedon queenslandica	basal_metazoan	1140	assoc_k_beta	medium	43.8	0.3885	lrrc8	0.2192
tr|A0A1X7TVK8|A0A1X7TVK8_AMPQE	Amphimedon queenslandica	basal_metazoan	1276	nonchannel_abc_transporter	high	1134.7	0.9517	cftr	0.422
tr|A0A1X7TY48|A0A1X7TY48_AMPQE	Amphimedon queenslandica	basal_metazoan	809	nonchannel_abc_transporter	medium	395.9	0.4448	assoc_sur	0.5777
tr|A0A1X7U2U9|A0A1X7U2U9_AMPQE	Amphimedon queenslandica	basal_metazoan	1287	nonchannel_abc_transporter	high	1142.0	0.9525	cftr	0.4377
tr|A0A1X7U319|A0A1X7U319_AMPQE	Amphimedon queenslandica	basal_metazoan	956	nonchannel_abc_transporter	medium	220.9	0.4356	cftr	0.6478
tr|A0A1X7U6B7|A0A1X7U6B7_AMPQE	Amphimedon queenslandica	basal_metazoan	861	nonchannel_class_c_gpcr	high	272.2	0.7887		1.0
tr|A0A1X7U881|A0A1X7U881_AMPQE	Amphimedon queenslandica	basal_metazoan	419	assoc_mcu_reg	high	275.8	0.7432		1.0
tr|A0A1X7U9W6|A0A1X7U9W6_AMPQE	Amphimedon queenslandica	basal_metazoan	742	trpml	high	296.8	0.7443	catsper	0.8757
tr|A0A1X7UE44|A0A1X7UE44_AMPQE	Amphimedon queenslandica	basal_metazoan	652	nonchannel_abc_transporter	medium	58.5	0.3413		1.0
tr|A0A1X7UE70|A0A1X7UE70_AMPQE	Amphimedon queenslandica	basal_metazoan	171	nonchannel_ncs	high	40.0	0.5751		1.0
tr|A0A1X7UG59|A0A1X7UG59_AMPQE	Amphimedon queenslandica	basal_metazoan	832	nonchannel_class_c_gpcr	high	224.0	0.7955		1.0
tr|A0A1X7UGT2|A0A1X7UGT2_AMPQE	Amphimedon queenslandica	basal_metazoan	665	transporter_slc26	high	345.5	0.6477		1.0
tr|A0A1X7UH63|A0A1X7UH63_AMPQE	Amphimedon queenslandica	basal_metazoan	903	nonchannel_class_c_gpcr	high	715.3	0.9119	nmda	0.9361
tr|A0A1X7UJC3|A0A1X7UJC3_AMPQE	Amphimedon queenslandica	basal_metazoan	805	nonchannel_class_c_gpcr	high	270.6	0.7864	nmda	0.9024
tr|A0A1X7UKM5|A0A1X7UKM5_AMPQE	Amphimedon queenslandica	basal_metazoan	878	nonchannel_abc_transporter	medium	365.4	0.4179	assoc_sur	0.6084
tr|A0A1X7UMV8|A0A1X7UMV8_AMPQE	Amphimedon queenslandica	basal_metazoan	171	nonchannel_ncs	medium	78.8	0.5699	assoc_kchip	0.2437
tr|A0A1X7UQI2|A0A1X7UQI2_AMPQE	Amphimedon queenslandica	basal_metazoan	558	assoc_k_beta	medium	38.7	0.4593	lrrc8	0.3514
tr|A0A1X7UR56|A0A1X7UR56_AMPQE	Amphimedon queenslandica	basal_metazoan	1407	nonchannel_abc_transporter	high	1095.2	0.8359	assoc_sur	0.495
tr|A0A1X7UTV4|A0A1X7UTV4_AMPQE	Amphimedon queenslandica	basal_metazoan	890	nonchannel_class_c_gpcr	high	611.2	0.9062		1.0
tr|A0A1X7UV93|A0A1X7UV93_AMPQE	Amphimedon queenslandica	basal_metazoan	195	nonchannel_ncs	high	317.9	0.9793	assoc_kchip	0.3712
tr|A0A1X7UW95|A0A1X7UW95_AMPQE	Amphimedon queenslandica	basal_metazoan	314	nonchannel_kctd	high	99.6	0.8265	kv_shaker	0.7199
tr|A0A1X7UWA0|A0A1X7UWA0_AMPQE	Amphimedon queenslandica	basal_metazoan	292	outofscope_aquaporin	high	125.6	0.8149		1.0
tr|A0A1X7V0E8|A0A1X7V0E8_AMPQE	Amphimedon queenslandica	basal_metazoan	664	nonchannel_abc_transporter	medium	338.8	0.421	assoc_sur	0.5924
tr|A0A1X7V0I6|A0A1X7V0I6_AMPQE	Amphimedon queenslandica	basal_metazoan	220	clic	high	121.7	0.784		1.0
tr|A0A1X7V219|A0A1X7V219_AMPQE	Amphimedon queenslandica	basal_metazoan	907	nonchannel_class_c_gpcr	high	597.8	0.9073		1.0
tr|A0A1X7V3B3|A0A1X7V3B3_AMPQE	Amphimedon queenslandica	basal_metazoan	748	nonchannel_class_c_gpcr	high	107.9	0.5751		1.0
tr|A0A1X7V3K3|A0A1X7V3K3_AMPQE	Amphimedon queenslandica	basal_metazoan	1822	trpn	medium	195.4	0.318	trpa	0.478
tr|A0A1X7V3W0|A0A1X7V3W0_AMPQE	Amphimedon queenslandica	basal_metazoan	1435	nonchannel_abc_transporter	medium	728.6	0.467	assoc_sur	0.6352
tr|A0A1X7V4G9|A0A1X7V4G9_AMPQE	Amphimedon queenslandica	basal_metazoan	695	nonchannel_abc_transporter	medium	377.5	0.4302	assoc_sur	0.6456
tr|A0A1X7V4J6|A0A1X7V4J6_AMPQE	Amphimedon queenslandica	basal_metazoan	833	nonchannel_class_c_gpcr	high	113.7	0.6226		1.0
tr|A0A1X7V6Z0|A0A1X7V6Z0_AMPQE	Amphimedon queenslandica	basal_metazoan	194	nonchannel_ncs	high	38.3	0.9378	assoc_kchip	0.3055
tr|A0A1X7V8H3|A0A1X7V8H3_AMPQE	Amphimedon queenslandica	basal_metazoan	926	nonchannel_ncs	medium	70.4	0.8238	assoc_kchip	0.2514
tr|A0A1X7V8X6|A0A1X7V8X6_AMPQE	Amphimedon queenslandica	basal_metazoan	864	nonchannel_ncs	medium	54.4	0.6166	assoc_kchip	0.1654
tr|A0A1X7VA47|A0A1X7VA47_AMPQE	Amphimedon queenslandica	basal_metazoan	1363	nonchannel_abc_transporter	high	1210.6	0.9532	cftr	0.4179
tr|A0A1X7VAZ0|A0A1X7VAZ0_AMPQE	Amphimedon queenslandica	basal_metazoan	1167	trpa	high	364.3	0.8856	trpn	0.5674
tr|A0A1X7VBC2|A0A1X7VBC2_AMPQE	Amphimedon queenslandica	basal_metazoan	860	nonchannel_pomt	high	579.6	0.9261		1.0
tr|A0A1X7VFQ3|A0A1X7VFQ3_AMPQE	Amphimedon queenslandica	basal_metazoan	793	nonchannel_class_c_gpcr	high	171.5	0.5989		1.0
tr|A0A1X7VGR5|A0A1X7VGR5_AMPQE	Amphimedon queenslandica	basal_metazoan	929	nonchannel_class_c_gpcr	high	203.7	0.6814		1.0
tr|A0A1X7VHA4|A0A1X7VHA4_AMPQE	Amphimedon queenslandica	basal_metazoan	1286	nonchannel_vsp	high	222.2	0.6014		1.0
tr|A0A1X7VHU9|A0A1X7VHU9_AMPQE	Amphimedon queenslandica	basal_metazoan	1665	nonchannel_ncs	high	56.5	0.6788	assoc_kchip	0.4195
tr|A0A1X7VMH7|A0A1X7VMH7_AMPQE	Amphimedon queenslandica	basal_metazoan	254	nonchannel_ncs	medium	32.0	0.3938		1.0
tr|A0A1X7VPT7|A0A1X7VPT7_AMPQE	Amphimedon queenslandica	basal_metazoan	310	outofscope_aquaporin	high	244.0	0.8648		1.0
tr|A0A1X7VQ25|A0A1X7VQ25_AMPQE	Amphimedon queenslandica	basal_metazoan	340	outofscope_aquaporin	high	128.1	0.8256		1.0
tr|A0A1X7VTV1|A0A1X7VTV1_AMPQE	Amphimedon queenslandica	basal_metazoan	457	nonchannel_vsp	high	235.2	0.5344		1.0
tr|A0A1X7VUI2|A0A1X7VUI2_AMPQE	Amphimedon queenslandica	basal_metazoan	166	assoc_kchip	medium	31.8	0.4064		1.0
tr|A0A1X7VUK2|A0A1X7VUK2_AMPQE	Amphimedon queenslandica	basal_metazoan	150	nonchannel_ncs	high	42.3	0.5492		1.0
tr|A0A1X7VVJ8|A0A1X7VVJ8_AMPQE	Amphimedon queenslandica	basal_metazoan	976	nonchannel_class_c_gpcr	high	127.2	0.5164		1.0
tr|A0A1X7VVK7|A0A1X7VVK7_AMPQE	Amphimedon queenslandica	basal_metazoan	916	nonchannel_class_c_gpcr	high	126.4	0.7096		1.0
tr|A0A286Y8J8|A0A286Y8J8_DANRE	Danio rerio	vertebrate	410	assoc_iglur_aux	high	163.0	0.626		1.0
tr|A0A2K1IG09|A0A2K1IG09_PHYPA	Physcomitrium patens	plant	901	nonchannel_abc_transporter	medium	362.7	0.4647	assoc_sur	0.584
tr|A0A2K1IJK1|A0A2K1IJK1_PHYPA	Physcomitrium patens	plant	250	outofscope_aquaporin	high	201.3	0.8292		1.0
tr|A0A2K1IMZ0|A0A2K1IMZ0_PHYPA	Physcomitrium patens	plant	1351	nonchannel_abc_transporter	high	1224.1	0.9693	assoc_sur	0.4763
tr|A0A2K1IN17|A0A2K1IN17_PHYPA	Physcomitrium patens	plant	658	nonchannel_vsp	high	200.3	0.5652		1.0
tr|A0A2K1IN55|A0A2K1IN55_PHYPA	Physcomitrium patens	plant	1157	nonchannel_abc_transporter	medium	434.1	0.444	assoc_sur	0.6181
tr|A0A2K1INJ1|A0A2K1INJ1_PHYPA	Physcomitrium patens	plant	902	nonchannel_vsp	medium	137.0	0.3768		1.0
tr|A0A2K1IQ72|A0A2K1IQ72_PHYPA	Physcomitrium patens	plant	769	nonchannel_abc_transporter	medium	344.8	0.4271	assoc_sur	0.5728
tr|A0A2K1ISG5|A0A2K1ISG5_PHYPA	Physcomitrium patens	plant	1069	nonchannel_abc_transporter	medium	445.5	0.3903	assoc_sur	0.5062
tr|A0A2K1ISM9|A0A2K1ISM9_PHYPA	Physcomitrium patens	plant	1349	nonchannel_abc_transporter	high	904.2	0.8719	assoc_sur	0.494
tr|A0A2K1ITZ0|A0A2K1ITZ0_PHYPA	Physcomitrium patens	plant	593	nonchannel_ncs	high	35.1	0.5803		1.0
tr|A0A2K1IV96|A0A2K1IV96_PHYPA	Physcomitrium patens	plant	250	outofscope_aquaporin	high	200.5	0.8185		1.0
tr|A0A2K1IW03|A0A2K1IW03_PHYPA	Physcomitrium patens	plant	347	nonchannel_ncs	high	50.8	0.5648		1.0
tr|A0A2K1IYW2|A0A2K1IYW2_PHYPA	Physcomitrium patens	plant	662	nonchannel_vsp	high	204.7	0.567		1.0
tr|A0A2K1J3F4|A0A2K1J3F4_PHYPA	Physcomitrium patens	plant	1331	nonchannel_abc_transporter	high	1244.1	0.9548	assoc_sur	0.4258
tr|A0A2K1J463|A0A2K1J463_PHYPA	Physcomitrium patens	plant	1154	nonchannel_abc_transporter	medium	633.3	0.3995	assoc_sur	0.5749
tr|A0A2K1J4F9|A0A2K1J4F9_PHYPA	Physcomitrium patens	plant	163	nonchannel_ncs	high	73.1	0.6788	assoc_kchip	0.3584
tr|A0A2K1J7J2|A0A2K1J7J2_PHYPA	Physcomitrium patens	plant	741	nonchannel_abc_transporter	medium	336.4	0.3888	assoc_sur	0.6287
tr|A0A2K1J7S9|A0A2K1J7S9_PHYPA	Physcomitrium patens	plant	1455	nonchannel_abc_transporter	high	1196.6	0.9502	assoc_sur	0.4387
tr|A0A2K1J8I3|A0A2K1J8I3_PHYPA	Physcomitrium patens	plant	1509	nonchannel_abc_transporter	high	52.1	0.6135		1.0
tr|A0A2K1JBR6|A0A2K1JBR6_PHYPA	Physcomitrium patens	plant	611	nonchannel_ncs	medium	45.5	0.4197		1.0
tr|A0A2K1JCZ4|A0A2K1JCZ4_PHYPA	Physcomitrium patens	plant	301	outofscope_aquaporin	high	132.4	0.8149		1.0
tr|A0A2K1JDS7|A0A2K1JDS7_PHYPA	Physcomitrium patens	plant	1632	nonchannel_abc_transporter	high	1358.4	0.9663	assoc_sur	0.4472
tr|A0A2K1JDZ1|A0A2K1JDZ1_PHYPA	Physcomitrium patens	plant	294	clic	high	103.5	0.7944		1.0
tr|A0A2K1JKG3|A0A2K1JKG3_PHYPA	Physcomitrium patens	plant	185	nonchannel_ncs	medium	40.1	0.3264		1.0
tr|A0A2K1JLH9|A0A2K1JLH9_PHYPA	Physcomitrium patens	plant	519	nonchannel_ncs	high	72.1	0.6321	assoc_kchip	0.4535
tr|A0A2K1JMC1|A0A2K1JMC1_PHYPA	Physcomitrium patens	plant	1313	nonchannel_abc_transporter	high	1207.3	0.9617	assoc_sur	0.4513
tr|A0A2K1JML0|A0A2K1JML0_PHYPA	Physcomitrium patens	plant	1533	nonchannel_abc_transporter	high	1236.7	0.9647	assoc_sur	0.4651
tr|A0A2K1JN19|A0A2K1JN19_PHYPA	Physcomitrium patens	plant	290	outofscope_aquaporin	high	183.0	0.8256		1.0
tr|A0A2K1JPH5|A0A2K1JPH5_PHYPA	Physcomitrium patens	plant	1166	nonchannel_vsp	medium	30.8	0.4203		1.0
tr|A0A2K1JQ78|A0A2K1JQ78_PHYPA	Physcomitrium patens	plant	295	outofscope_aquaporin	high	192.5	0.8363		1.0
tr|A0A2K1JQC9|A0A2K1JQC9_PHYPA	Physcomitrium patens	plant	1284	nonchannel_abc_transporter	medium	718.0	0.4594	assoc_sur	0.5786
tr|A0A2K1JQH6|A0A2K1JQH6_PHYPA	Physcomitrium patens	plant	1632	nonchannel_abc_transporter	high	1359.3	0.9601	assoc_sur	0.4518
tr|A0A2K1JQT1|A0A2K1JQT1_PHYPA	Physcomitrium patens	plant	538	nonchannel_ncs	high	31.1	0.6995		1.0
tr|A0A2K1JTJ8|A0A2K1JTJ8_PHYPA	Physcomitrium patens	plant	523	nonchannel_ncs	medium	43.0	0.5699	assoc_kchip	0.2302
tr|A0A2K1JU09|A0A2K1JU09_PHYPA	Physcomitrium patens	plant	176	nonchannel_ncs	medium	43.6	0.3005		1.0
tr|A0A2K1JWF8|A0A2K1JWF8_PHYPA	Physcomitrium patens	plant	681	nonchannel_abc_transporter	medium	345.3	0.4241	assoc_sur	0.62
tr|A0A2K1JY03|A0A2K1JY03_PHYPA	Physcomitrium patens	plant	1492	nonchannel_abc_transporter	high	1226.7	0.9525	assoc_sur	0.4466
tr|A0A2K1JY40|A0A2K1JY40_PHYPA	Physcomitrium patens	plant	498	assoc_mcu_reg	high	168.9	0.8694	nonchannel_ncs	0.6702
tr|A0A2K1JZY4|A0A2K1JZY4_PHYPA	Physcomitrium patens	plant	466	outofscope_aquaporin	high	100.4	0.8541		1.0
tr|A0A2K1K007|A0A2K1K007_PHYPA	Physcomitrium patens	plant	1237	lrrc8	medium	53.6	0.3649		1.0
tr|A0A2K1K1P9|A0A2K1K1P9_PHYPA	Physcomitrium patens	plant	723	cng	medium	93.3	0.3465	kv_eag	0.179
tr|A0A2K1K211|A0A2K1K211_PHYPA	Physcomitrium patens	plant	590	nonchannel_ncs	medium	46.9	0.4197		1.0
tr|A0A2K1K5L6|A0A2K1K5L6_PHYPA	Physcomitrium patens	plant	534	nonchannel_ncs	high	47.0	0.5699		1.0
tr|A0A2K1K6B8|A0A2K1K6B8_PHYPA	Physcomitrium patens	plant	900	nonchannel_abc_transporter	medium	358.9	0.444	assoc_sur	0.5748
tr|A0A2K1K7W2|A0A2K1K7W2_PHYPA	Physcomitrium patens	plant	274	outofscope_aquaporin	medium	79.2	0.3416		1.0
tr|A0A2K1K7W8|A0A2K1K7W8_PHYPA	Physcomitrium patens	plant	1533	nonchannel_abc_transporter	high	1261.8	0.954	assoc_sur	0.4637
tr|A0A2K1KA18|A0A2K1KA18_PHYPA	Physcomitrium patens	plant	1539	nonchannel_abc_transporter	high	1120.8	0.954	assoc_sur	0.4532
tr|A0A2K1KBY6|A0A2K1KBY6_PHYPA	Physcomitrium patens	plant	200	nonchannel_ncs	high	43.1	0.5699		1.0
tr|A0A2K1KC74|A0A2K1KC74_PHYPA	Physcomitrium patens	plant	568	nonchannel_ncs	high	30.1	0.6062		1.0
tr|A0A2K1KD71|A0A2K1KD71_PHYPA	Physcomitrium patens	plant	148	hv1	medium	50.8	0.4902		1.0
tr|A0A2K1KGE5|A0A2K1KGE5_PHYPA	Physcomitrium patens	plant	717	nonchannel_abc_transporter	medium	357.0	0.4041	assoc_sur	0.6384
tr|A0A2K1KGW5|A0A2K1KGW5_PHYPA	Physcomitrium patens	plant	251	nonchannel_ncs	high	40.8	0.5544		1.0
tr|A0A2K1KH23|A0A2K1KH23_PHYPA	Physcomitrium patens	plant	706	transporter_slc26	high	448.0	0.8044		1.0
tr|A0A2K1KJ83|A0A2K1KJ83_PHYPA	Physcomitrium patens	plant	258	nonchannel_ncs	high	46.0	0.6477		1.0
tr|A0A2K1KJC1|A0A2K1KJC1_PHYPA	Physcomitrium patens	plant	244	nonchannel_ncs	medium	50.9	0.4249		1.0
tr|A0A2K1KMA0|A0A2K1KMA0_PHYPA	Physcomitrium patens	plant	1313	nonchannel_abc_transporter	medium	704.3	0.4762	assoc_sur	0.578
tr|A0A2K1KMW6|A0A2K1KMW6_PHYPA	Physcomitrium patens	plant	1632	nonchannel_abc_transporter	high	1346.1	0.9609	assoc_sur	0.445
tr|A0A2K1KNH2|A0A2K1KNH2_PHYPA	Physcomitrium patens	plant	295	outofscope_aquaporin	high	176.8	0.8434		1.0
tr|A0A2K1KQL9|A0A2K1KQL9_PHYPA	Physcomitrium patens	plant	521	nonchannel_ncs	high	58.5	0.6218	assoc_kchip	0.4496
tr|A0A2K1KTG5|A0A2K1KTG5_PHYPA	Physcomitrium patens	plant	1335	nonchannel_abc_transporter	medium	637.9	0.4448	assoc_sur	0.5955
tr|A0A2K1KTG6|A0A2K1KTG6_PHYPA	Physcomitrium patens	plant	170	nonchannel_ncs	medium	43.6	0.3161		1.0
tr|A0A2K1KXT9|A0A2K1KXT9_PHYPA	Physcomitrium patens	plant	1267	lrrc8	medium	152.1	0.3026		1.0
tr|A0A2K1L0L1|A0A2K1L0L1_PHYPA	Physcomitrium patens	plant	497	assoc_mcu_reg	high	155.0	0.759	nonchannel_ncs	0.6561
tr|A0A2K1L1F9|A0A2K1L1F9_PHYPA	Physcomitrium patens	plant	1408	nonchannel_abc_transporter	medium	558.3	0.4778	assoc_sur	0.6088
tr|A0A2K1L3E6|A0A2K1L3E6_PHYPA	Physcomitrium patens	plant	285	hv1	medium	52.0	0.4549		1.0
tr|A0A2K1L3M7|A0A2K1L3M7_PHYPA	Physcomitrium patens	plant	656	transporter_slc26	high	398.3	0.8072		1.0
tr|A0A2K1L479|A0A2K1L479_PHYPA	Physcomitrium patens	plant	393	outofscope_aquaporin	high	150.0	0.8648		1.0
tr|A0A2K1L4G7|A0A2K1L4G7_PHYPA	Physcomitrium patens	plant	642	nonchannel_abc_transporter	medium	389.2	0.4271	assoc_sur	0.6136
tr|A0A2K1L8W8|A0A2K1L8W8_PHYPA	Physcomitrium patens	plant	1500	nonchannel_abc_transporter	high	1250.9	0.9578	assoc_sur	0.4584
tr|A0A2K1L9Z0|A0A2K1L9Z0_PHYPA	Physcomitrium patens	plant	1523	nonchannel_abc_transporter	high	1183.5	0.9609	assoc_sur	0.4416
tr|A0A2K1LAH6|A0A2K1LAH6_PHYPA	Physcomitrium patens	plant	1291	nonchannel_abc_transporter	medium	656.4	0.4371	assoc_sur	0.5859
tr|A0A2K1LAJ9|A0A2K1LAJ9_PHYPA	Physcomitrium patens	plant	765	nonchannel_abc_transporter	medium	344.5	0.4279	cftr	0.6604
tr|A0A2K1LAZ2|A0A2K1LAZ2_PHYPA	Physcomitrium patens	plant	1321	nonchannel_abc_transporter	medium	630.5	0.4417	assoc_sur	0.6013
tr|A0A2K3CND8|A0A2K3CND8_CHLRE	Chlamydomonas reinhardtii	algae	541	nonchannel_ncs	high	40.2	0.601		1.0
tr|A0A2K3CPK8|A0A2K3CPK8_CHLRE	Chlamydomonas reinhardtii	algae	292	outofscope_aquaporin	high	66.4	0.5979		1.0
tr|A0A2K3CPX6|A0A2K3CPX6_CHLRE	Chlamydomonas reinhardtii	algae	1644	trpp	medium	89.5	0.3742	assoc_polycystin1	0.4391
tr|A0A2K3CQF7|A0A2K3CQF7_CHLRE	Chlamydomonas reinhardtii	algae	764	transporter_slc26	high	468.2	0.8211		1.0
tr|A0A2K3CQJ6|A0A2K3CQJ6_CHLRE	Chlamydomonas reinhardtii	algae	1432	nonchannel_abc_transporter	medium	632.4	0.4371	assoc_sur	0.6333
tr|A0A2K3CQM8|A0A2K3CQM8_CHLRE	Chlamydomonas reinhardtii	algae	1419	nonchannel_abc_transporter	medium	638.8	0.4509	assoc_sur	0.634
tr|A0A2K3CQU1|A0A2K3CQU1_CHLRE	Chlamydomonas reinhardtii	algae	890	nonchannel_abc_transporter	medium	307.9	0.3873	assoc_sur	0.6492
tr|A0A2K3CSH8|A0A2K3CSH8_CHLRE	Chlamydomonas reinhardtii	algae	855	nonchannel_abc_transporter	medium	313.7	0.4233	assoc_sur	0.6799
tr|A0A2K3CXU8|A0A2K3CXU8_CHLRE	Chlamydomonas reinhardtii	algae	2663	nonchannel_abc_transporter	high	678.3	0.7048	assoc_sur	0.501
tr|A0A2K3CZ64|A0A2K3CZ64_CHLRE	Chlamydomonas reinhardtii	algae	1562	nonchannel_abc_transporter	high	1199.7	0.9532	assoc_sur	0.4144
tr|A0A2K3D1B2|A0A2K3D1B2_CHLRE	Chlamydomonas reinhardtii	algae	966	nonchannel_abc_transporter	medium	280.8	0.3926	assoc_sur	0.6852
tr|A0A2K3D6A8|A0A2K3D6A8_CHLRE	Chlamydomonas reinhardtii	algae	300	outofscope_aquaporin	high	125.0	0.8149		1.0
tr|A0A2K3DAM5|A0A2K3DAM5_CHLRE	Chlamydomonas reinhardtii	algae	1543	nonchannel_abc_transporter	medium	331.2	0.3873	assoc_sur	0.6175
tr|A0A2K3DBM3|A0A2K3DBM3_CHLRE	Chlamydomonas reinhardtii	algae	702	transporter_slc26	high	479.3	0.8239		1.0
tr|A0A2K3DF23|A0A2K3DF23_CHLRE	Chlamydomonas reinhardtii	algae	1162	transporter_slc26	medium	140.5	0.448		1.0
tr|A0A2K3DGP8|A0A2K3DGP8_CHLRE	Chlamydomonas reinhardtii	algae	125	nonchannel_ncs	high	61.5	0.5959	assoc_kchip	0.4488
tr|A0A2K3DH39|A0A2K3DH39_CHLRE	Chlamydomonas reinhardtii	algae	1562	nonchannel_abc_transporter	high	779.3	0.7109	assoc_sur	0.4351
tr|A0A2K3DH80|A0A2K3DH80_CHLRE	Chlamydomonas reinhardtii	algae	1809	nonchannel_abc_transporter	high	911.2	0.9095	assoc_sur	0.4411
tr|A0A2K3DI58|A0A2K3DI58_CHLRE	Chlamydomonas reinhardtii	algae	686	nonchannel_ncs	medium	36.7	0.342		1.0
tr|A0A2K3DJI3|A0A2K3DJI3_CHLRE	Chlamydomonas reinhardtii	algae	1169	nonchannel_abc_transporter	high	537.1	0.6112	assoc_sur	0.5217
tr|A0A2K3DS08|A0A2K3DS08_CHLRE	Chlamydomonas reinhardtii	algae	438	trpn	medium	144.7	0.3362	trpa	0.3241
tr|A0A2K3DUU4|A0A2K3DUU4_CHLRE	Chlamydomonas reinhardtii	algae	1982	nonchannel_abc_transporter	high	1121.2	0.9586	assoc_sur	0.4549
tr|A0A2K3DW41|A0A2K3DW41_CHLRE	Chlamydomonas reinhardtii	algae	1743	hcn	medium	56.7	0.782	kv_eag	0.134
tr|A0A2K3DX98|A0A2K3DX98_CHLRE	Chlamydomonas reinhardtii	algae	1497	nonchannel_abc_transporter	high	1313.5	0.9594	assoc_sur	0.4254
tr|A0A2K3DXK0|A0A2K3DXK0_CHLRE	Chlamydomonas reinhardtii	algae	157	nonchannel_ncs	high	58.0	0.5648		1.0
tr|A0A2K3DZB3|A0A2K3DZB3_CHLRE	Chlamydomonas reinhardtii	algae	357	nonchannel_ncs	medium	57.4	0.399		1.0
tr|A0A2K3E0P2|A0A2K3E0P2_CHLRE	Chlamydomonas reinhardtii	algae	951	nonchannel_abc_transporter	medium	384.5	0.4225	assoc_sur	0.6302
tr|A0A2K3E204|A0A2K3E204_CHLRE	Chlamydomonas reinhardtii	algae	623	nonchannel_abc_transporter	high	55.2	0.6403	assoc_sur	0.4909
tr|A0A2K3E226|A0A2K3E226_CHLRE	Chlamydomonas reinhardtii	algae	1325	nonchannel_abc_transporter	high	957.4	0.9479	assoc_sur	0.4859
tr|A0A2K3E2F8|A0A2K3E2F8_CHLRE	Chlamydomonas reinhardtii	algae	1872	nonchannel_abc_transporter	high	1040.4	0.9179	assoc_sur	0.3826
tr|A0A2K3E3A7|A0A2K3E3A7_CHLRE	Chlamydomonas reinhardtii	algae	1041	nonchannel_ncs	high	44.2	0.7461		1.0
tr|A0A2K3E5B6|A0A2K3E5B6_CHLRE	Chlamydomonas reinhardtii	algae	764	nonchannel_ncs	high	55.6	0.5492		1.0
tr|A0A2K3E790|A0A2K3E790_CHLRE	Chlamydomonas reinhardtii	algae	294	outofscope_aquaporin	high	57.6	0.8897		1.0
tr|A0A2R8PWT4|A0A2R8PWT4_DANRE	Danio rerio	vertebrate	297	assoc_iglur_aux	medium	55.4	0.3581		1.0
tr|A0A2R8PZ71|A0A2R8PZ71_DANRE	Danio rerio	vertebrate	383	assoc_k_beta	medium	43.0	0.6247	lrrc8	0.2651
tr|A0A2R8Q356|A0A2R8Q356_DANRE	Danio rerio	vertebrate	389	assoc_nav_beta	medium	54.7	0.4911		1.0
tr|A0A2R8Q6M2|A0A2R8Q6M2_DANRE	Danio rerio	vertebrate	852	nonchannel_class_c_gpcr	high	735.9	0.9198	iglur_nonvertebrate	0.9552
tr|A0A2R8Q6S0|A0A2R8Q6S0_DANRE	Danio rerio	vertebrate	766	nonchannel_ncs	high	36.0	0.5337		1.0
tr|A0A2R8Q9M5|A0A2R8Q9M5_DANRE	Danio rerio	vertebrate	1015	assoc_k_beta	medium	71.5	0.4514		1.0
tr|A0A2R8QHT6|A0A2R8QHT6_DANRE	Danio rerio	vertebrate	858	nonchannel_class_c_gpcr	high	734.9	0.9119		1.0
tr|A0A2R8QN30|A0A2R8QN30_DANRE	Danio rerio	vertebrate	228	assoc_nav_beta	high	82.7	0.7723		1.0
tr|A0A2R8RZ78|A0A2R8RZ78_DANRE	Danio rerio	vertebrate	275	assoc_iglur_aux	high	159.2	0.5623		1.0
tr|A0A2R9YJL7|A0A2R9YJL7_DANRE	Danio rerio	vertebrate	1153	nonchannel_class_c_gpcr	high	1118.2	0.9729	nmda	0.9704
tr|A0A338P6T0|A0A338P6T0_MOUSE	Mus musculus	vertebrate	845	nonchannel_class_c_gpcr	high	476.0	0.9153		1.0
tr|A0A3B2W422|A0A3B2W422_MOUSE	Mus musculus	vertebrate	878	nonchannel_class_c_gpcr	high	601.6	0.9198		1.0
tr|A0A3B2W4A7|A0A3B2W4A7_MOUSE	Mus musculus	vertebrate	878	nonchannel_class_c_gpcr	high	596.4	0.9254		1.0
tr|A0A3B2W842|A0A3B2W842_MOUSE	Mus musculus	vertebrate	858	nonchannel_class_c_gpcr	high	424.7	0.8768		1.0
tr|A0A3B2WB67|A0A3B2WB67_MOUSE	Mus musculus	vertebrate	871	nonchannel_class_c_gpcr	high	494.9	0.9367		1.0
tr|A0A3B2WBA1|A0A3B2WBA1_MOUSE	Mus musculus	vertebrate	865	nonchannel_class_c_gpcr	high	601.8	0.913		1.0
tr|A0A3B2WBC8|A0A3B2WBC8_MOUSE	Mus musculus	vertebrate	853	nonchannel_class_c_gpcr	high	517.6	0.9107		1.0
tr|A0A3B2WCB0|A0A3B2WCB0_MOUSE	Mus musculus	vertebrate	850	nonchannel_class_c_gpcr	high	431.5	0.8689		1.0
tr|A0A3B2WCY4|A0A3B2WCY4_MOUSE	Mus musculus	vertebrate	897	nonchannel_class_c_gpcr	high	422.2	0.8678		1.0
tr|A0A3B5JUA7|A0A3B5JUA7_TAKRU	Takifugu rubripes	vertebrate	486	assoc_nav_beta	high	43.3	0.6027		1.0
tr|A0A3B5JX86|A0A3B5JX86_TAKRU	Takifugu rubripes	vertebrate	230	assoc_nav_beta	high	155.3	0.9286		1.0
tr|A0A3B5JY18|A0A3B5JY18_TAKRU	Takifugu rubripes	vertebrate	584	assoc_nav_beta	high	31.1	0.6205		1.0
tr|A0A3B5JY98|A0A3B5JY98_TAKRU	Takifugu rubripes	vertebrate	205	nonchannel_ncs	high	319.0	0.9793	assoc_kchip	0.4169
tr|A0A3B5K142|A0A3B5K142_TAKRU	Takifugu rubripes	vertebrate	975	trpn	medium	56.4	0.4594	trpa	0.2624
tr|A0A3B5K1A5|A0A3B5K1A5_TAKRU	Takifugu rubripes	vertebrate	595	assoc_nav_beta	high	35.4	0.558		1.0
tr|A0A3B5K1E2|A0A3B5K1E2_TAKRU	Takifugu rubripes	vertebrate	708	assoc_k_beta	high	106.9	0.5197	lrrc8	0.4462
tr|A0A3B5K201|A0A3B5K201_TAKRU	Takifugu rubripes	vertebrate	168	nonchannel_ncs	high	143.0	0.7565	assoc_kchip	0.4657
tr|A0A3B5K270|A0A3B5K270_TAKRU	Takifugu rubripes	vertebrate	392	assoc_k_beta	high	82.1	0.5302	lrrc8	0.6224
tr|A0A3B5K370|A0A3B5K370_TAKRU	Takifugu rubripes	vertebrate	408	ht3	high	174.2	0.7726	nachr	0.6814
tr|A0A3B5K3F2|A0A3B5K3F2_TAKRU	Takifugu rubripes	vertebrate	675	assoc_k_beta	medium	71.5	0.4961	lrrc8	0.4
tr|A0A3B5K424|A0A3B5K424_TAKRU	Takifugu rubripes	vertebrate	474	nonchannel_gasdermin	high	172.8	0.8559		1.0
tr|A0A3B5K484|A0A3B5K484_TAKRU	Takifugu rubripes	vertebrate	797	nonchannel_class_c_gpcr	high	667.0	0.8701		1.0
tr|A0A3B5K4W7|A0A3B5K4W7_TAKRU	Takifugu rubripes	vertebrate	192	nonchannel_ncs	high	329.7	0.9845	assoc_kchip	0.4295
tr|A0A3B5K4Y4|A0A3B5K4Y4_TAKRU	Takifugu rubripes	vertebrate	612	assoc_nav_beta	high	55.3	0.5312		1.0
tr|A0A3B5K691|A0A3B5K691_TAKRU	Takifugu rubripes	vertebrate	559	nonchannel_kctd	high	96.6	0.8454		1.0
tr|A0A3B5K6I6|A0A3B5K6I6_TAKRU	Takifugu rubripes	vertebrate	367	nonchannel_ncs	high	50.4	0.5492		1.0
tr|A0A3B5K6V5|A0A3B5K6V5_TAKRU	Takifugu rubripes	vertebrate	609	assoc_k_beta	medium	155.2	0.6719	lrrc8	0.174
tr|A0A3B5K715|A0A3B5K715_TAKRU	Takifugu rubripes	vertebrate	489	assoc_k_beta	medium	32.8	0.4016	lrrc8	0.1159
tr|A0A3B5K976|A0A3B5K976_TAKRU	Takifugu rubripes	vertebrate	612	assoc_k_beta	medium	83.3	0.4278	lrrc8	0.5354
tr|A0A3B5K9F5|A0A3B5K9F5_TAKRU	Takifugu rubripes	vertebrate	759	assoc_stim	high	879.9	0.7158		1.0
tr|A0A3B5K9J7|A0A3B5K9J7_TAKRU	Takifugu rubripes	vertebrate	219	assoc_nav_beta	high	130.0	0.7991		1.0
tr|A0A3B5K9X2|A0A3B5K9X2_TAKRU	Takifugu rubripes	vertebrate	867	assoc_k_beta	medium	93.7	0.5118	lrrc8	0.1697
tr|A0A3B5KB46|A0A3B5KB46_TAKRU	Takifugu rubripes	vertebrate	607	assoc_k_beta	medium	82.9	0.4068	lrrc8	0.3679
tr|A0A3B5KC75|A0A3B5KC75_TAKRU	Takifugu rubripes	vertebrate	147	assoc_nav_beta	high	33.9	0.5402		1.0
tr|A0A3B5KCT4|A0A3B5KCT4_TAKRU	Takifugu rubripes	vertebrate	523	nonchannel_kctd	medium	31.7	0.3533		1.0
tr|A0A3B5KCU0|A0A3B5KCU0_TAKRU	Takifugu rubripes	vertebrate	176	assoc_k_beta	medium	42.5	0.3307		1.0
tr|A0A3B5KCV9|A0A3B5KCV9_TAKRU	Takifugu rubripes	vertebrate	698	assoc_iglur_aux	high	168.1	0.6658		1.0
tr|A0A3B5KD78|A0A3B5KD78_TAKRU	Takifugu rubripes	vertebrate	806	nonchannel_class_c_gpcr	medium	109.6	0.3537		1.0
tr|A0A3B5KDK9|A0A3B5KDK9_TAKRU	Takifugu rubripes	vertebrate	257	outofscope_aquaporin	high	85.3	0.6762		1.0
tr|A0A3B5KDR5|A0A3B5KDR5_TAKRU	Takifugu rubripes	vertebrate	440	assoc_iglur_aux	high	63.1	0.5995		1.0
tr|A0A3B5KDU9|A0A3B5KDU9_TAKRU	Takifugu rubripes	vertebrate	149	nonchannel_ncs	high	60.4	0.5648		1.0
tr|A0A3B5KEJ2|A0A3B5KEJ2_TAKRU	Takifugu rubripes	vertebrate	740	nonchannel_abc_transporter	medium	397.2	0.421	assoc_sur	0.5524
tr|A0A3B5KF13|A0A3B5KF13_TAKRU	Takifugu rubripes	vertebrate	454	assoc_nav_beta	high	41.0	0.5893		1.0
tr|A0A3B5KFP7|A0A3B5KFP7_TAKRU	Takifugu rubripes	vertebrate	469	assoc_iglur_aux	high	168.1	0.7745		1.0
tr|A0A3B5KGE8|A0A3B5KGE8_TAKRU	Takifugu rubripes	vertebrate	350	assoc_k_beta	high	39.3	0.5066		1.0
tr|A0A3B5KGK2|A0A3B5KGK2_TAKRU	Takifugu rubripes	vertebrate	409	assoc_k_beta	high	242.1	0.8714		1.0
tr|A0A3B5KL15|A0A3B5KL15_TAKRU	Takifugu rubripes	vertebrate	455	assoc_k_beta	high	71.7	0.5171	lrrc8	0.3668
tr|A0A3B5KM38|A0A3B5KM38_TAKRU	Takifugu rubripes	vertebrate	276	outofscope_aquaporin	high	194.5	0.879		1.0
tr|A0A3B5KMG5|A0A3B5KMG5_TAKRU	Takifugu rubripes	vertebrate	356	assoc_k_beta	medium	62.4	0.4068	lrrc8	0.1282
tr|A0A3B5KMK1|A0A3B5KMK1_TAKRU	Takifugu rubripes	vertebrate	785	nonchannel_class_c_gpcr	high	578.2	0.8418		1.0
tr|A0A3B5KPA6|A0A3B5KPA6_TAKRU	Takifugu rubripes	vertebrate	1479	assoc_k_beta	medium	60.9	0.5932	lrrc8	0.2791
tr|A0A3B5KPD5|A0A3B5KPD5_TAKRU	Takifugu rubripes	vertebrate	604	assoc_k_beta	medium	83.2	0.4488	lrrc8	0.1743
tr|A0A3Q2TRW9|A0A3Q2TRW9_CHICK	Gallus gallus	vertebrate	262	assoc_nav_beta	high	33.9	0.683		1.0
tr|A0A3Q2TTG3|A0A3Q2TTG3_CHICK	Gallus gallus	vertebrate	475	nonchannel_ncs	medium	38.2	0.3109		1.0
tr|A0A3Q2TVT0|A0A3Q2TVT0_CHICK	Gallus gallus	vertebrate	1090	assoc_cav_aux	high	619.3	0.9657		1.0
tr|A0A3Q2TVY9|A0A3Q2TVY9_CHICK	Gallus gallus	vertebrate	520	assoc_iglur_aux	high	349.1	0.9257		1.0
tr|A0A3Q2U2R7|A0A3Q2U2R7_CHICK	Gallus gallus	vertebrate	541	assoc_iglur_aux	high	335.5	0.9443		1.0
tr|A0A3Q2U9T0|A0A3Q2U9T0_CHICK	Gallus gallus	vertebrate	367	assoc_k_beta	high	280.0	0.8976		1.0
tr|A0A3Q4EIC8|A0A3Q4EIC8_MOUSE	Mus musculus	vertebrate	850	nonchannel_class_c_gpcr	high	444.7	0.8701		1.0
tr|A0A494BAW1|A0A494BAW1_MOUSE	Mus musculus	vertebrate	1545	nonchannel_ncs	high	60.5	0.5751	assoc_kchip	0.4529
tr|A0A4V0IK35|A0A4V0IK35_CAEEL	Caenorhabditis elegans	invertebrate	239	assoc_kchip	medium	171.9	0.8048	nonchannel_ncs	0.2821
tr|A0A4W3GAR2|A0A4W3GAR2_CALMI	Callorhinchus milii	vertebrate	825	nonchannel_class_c_gpcr	high	708.0	0.913		1.0
tr|A0A4W3GB35|A0A4W3GB35_CALMI	Callorhinchus milii	vertebrate	356	assoc_k_beta	medium	51.1	0.4147	lrrc8	0.2074
tr|A0A4W3GBC1|A0A4W3GBC1_CALMI	Callorhinchus milii	vertebrate	557	assoc_nav_beta	high	33.7	0.6071		1.0
tr|A0A4W3GC09|A0A4W3GC09_CALMI	Callorhinchus milii	vertebrate	357	assoc_k_beta	medium	84.1	0.5144	lrrc8	0.2045
tr|A0A4W3GC59|A0A4W3GC59_CALMI	Callorhinchus milii	vertebrate	257	assoc_nav_beta	high	82.7	0.7009		1.0
tr|A0A4W3GCB9|A0A4W3GCB9_CALMI	Callorhinchus milii	vertebrate	420	nonchannel_class_c_gpcr	medium	311.5	0.4362		1.0
tr|A0A4W3GCH5|A0A4W3GCH5_CALMI	Callorhinchus milii	vertebrate	457	nonchannel_kctd	high	93.6	0.8675		1.0
tr|A0A4W3GCT6|A0A4W3GCT6_CALMI	Callorhinchus milii	vertebrate	203	assoc_iglur_aux	medium	163.1	0.3979		1.0
tr|A0A4W3GCW9|A0A4W3GCW9_CALMI	Callorhinchus milii	vertebrate	231	assoc_nav_beta	high	32.4	0.6339		1.0
tr|A0A4W3GD64|A0A4W3GD64_CALMI	Callorhinchus milii	vertebrate	939	nonchannel_class_c_gpcr	high	761.7	0.9345	iglur_nonvertebrate	0.9622
tr|A0A4W3GD75|A0A4W3GD75_CALMI	Callorhinchus milii	vertebrate	695	assoc_k_beta	high	46.4	0.5066		1.0
tr|A0A4W3GD88|A0A4W3GD88_CALMI	Callorhinchus milii	vertebrate	922	nonchannel_class_c_gpcr	high	697.6	0.8723		1.0
tr|A0A4W3GDF7|A0A4W3GDF7_CALMI	Callorhinchus milii	vertebrate	146	outofscope_aquaporin	medium	96.0	0.3879		1.0
tr|A0A4W3GDT7|A0A4W3GDT7_CALMI	Callorhinchus milii	vertebrate	352	assoc_k_beta	high	179.6	0.7717		1.0
tr|A0A4W3GE10|A0A4W3GE10_CALMI	Callorhinchus milii	vertebrate	1070	assoc_cav_aux	high	519.0	0.9643		1.0
tr|A0A4W3GEH2|A0A4W3GEH2_CALMI	Callorhinchus milii	vertebrate	933	nonchannel_class_c_gpcr	high	1235.5	0.9695	nmda	0.9777
tr|A0A4W3GFW1|A0A4W3GFW1_CALMI	Callorhinchus milii	vertebrate	924	nonchannel_class_c_gpcr	high	783.2	0.9096		1.0
tr|A0A4W3GG47|A0A4W3GG47_CALMI	Callorhinchus milii	vertebrate	193	nonchannel_ncs	high	329.1	0.9896	assoc_kchip	0.3962
tr|A0A4W3GHB6|A0A4W3GHB6_CALMI	Callorhinchus milii	vertebrate	857	nonchannel_class_c_gpcr	high	753.1	0.9107		1.0
tr|A0A4W3GHD4|A0A4W3GHD4_CALMI	Callorhinchus milii	vertebrate	717	nonchannel_class_c_gpcr	high	572.2	0.774		1.0
tr|A0A4W3GHP2|A0A4W3GHP2_CALMI	Callorhinchus milii	vertebrate	387	assoc_nav_beta	high	39.1	0.5268		1.0
tr|A0A4W3GI47|A0A4W3GI47_CALMI	Callorhinchus milii	vertebrate	671	transporter_slc26	high	836.8	0.9459		1.0
tr|A0A4W3GI90|A0A4W3GI90_CALMI	Callorhinchus milii	vertebrate	871	nonchannel_class_c_gpcr	high	771.8	0.9164		1.0
tr|A0A4W3GIH7|A0A4W3GIH7_CALMI	Callorhinchus milii	vertebrate	855	nonchannel_class_c_gpcr	high	739.9	0.9186		1.0
tr|A0A4W3GIU2|A0A4W3GIU2_CALMI	Callorhinchus milii	vertebrate	790	transporter_slc26	high	861.7	0.9736		1.0
tr|A0A4W3GIX7|A0A4W3GIX7_CALMI	Callorhinchus milii	vertebrate	777	assoc_k_beta	medium	58.8	0.3937	lrrc8	0.1497
tr|A0A4W3GIZ9|A0A4W3GIZ9_CALMI	Callorhinchus milii	vertebrate	201	assoc_k_beta	medium	46.7	0.4226	lrrc8	0.3769
tr|A0A4W3GJU0|A0A4W3GJU0_CALMI	Callorhinchus milii	vertebrate	643	trpv	high	553.2	0.8064	trpn	0.9273
tr|A0A4W3GK37|A0A4W3GK37_CALMI	Callorhinchus milii	vertebrate	120	assoc_nav_beta	medium	59.7	0.317		1.0
tr|A0A4W3GKV3|A0A4W3GKV3_CALMI	Callorhinchus milii	vertebrate	557	nonchannel_abc_transporter	medium	364.4	0.3903	assoc_sur	0.6306
tr|A0A4W3GLF1|A0A4W3GLF1_CALMI	Callorhinchus milii	vertebrate	859	nonchannel_class_c_gpcr	high	783.8	0.9085	iglur_nonvertebrate	0.9699
tr|A0A4W3GLQ6|A0A4W3GLQ6_CALMI	Callorhinchus milii	vertebrate	302	assoc_k_beta	high	89.5	0.6142		1.0
tr|A0A4W3GNS5|A0A4W3GNS5_CALMI	Callorhinchus milii	vertebrate	415	hcn	medium	167.8	0.3539		1.0
tr|A0A4W3GPH5|A0A4W3GPH5_CALMI	Callorhinchus milii	vertebrate	285	assoc_nav_beta	medium	33.7	0.4955		1.0
tr|A0A4W3GPW1|A0A4W3GPW1_CALMI	Callorhinchus milii	vertebrate	1361	nonchannel_class_c_gpcr	medium	68.0	0.3299		1.0
tr|A0A4W3GQ18|A0A4W3GQ18_CALMI	Callorhinchus milii	vertebrate	908	nonchannel_class_c_gpcr	high	668.9	0.8746		1.0
tr|A0A4W3GQX3|A0A4W3GQX3_CALMI	Callorhinchus milii	vertebrate	557	assoc_k_beta	high	86.7	0.6247	lrrc8	0.5732
tr|A0A4W3GR80|A0A4W3GR80_CALMI	Callorhinchus milii	vertebrate	591	assoc_k_beta	medium	99.4	0.4829		1.0
tr|A0A4W3GRK7|A0A4W3GRK7_CALMI	Callorhinchus milii	vertebrate	1183	assoc_catsper_aux	high	163.0	0.701		1.0
tr|A0A4W3GS94|A0A4W3GS94_CALMI	Callorhinchus milii	vertebrate	167	outofscope_aquaporin	medium	133.4	0.4377		1.0
tr|A0A4W3GSI0|A0A4W3GSI0_CALMI	Callorhinchus milii	vertebrate	814	nonchannel_class_c_gpcr	high	650.3	0.8734		1.0
tr|A0A4W3GTJ6|A0A4W3GTJ6_CALMI	Callorhinchus milii	vertebrate	725	assoc_catsper_aux	high	114.0	0.5117		1.0
tr|A0A4W3GTZ8|A0A4W3GTZ8_CALMI	Callorhinchus milii	vertebrate	202	nonchannel_ncs	high	257.2	0.9896	assoc_kchip	0.4498
tr|A0A4W3GU47|A0A4W3GU47_CALMI	Callorhinchus milii	vertebrate	500	nonchannel_kctd	high	105.4	0.8517	kv_shaker	0.7495
tr|A0A4W3GU61|A0A4W3GU61_CALMI	Callorhinchus milii	vertebrate	887	nonchannel_class_c_gpcr	high	1052.0	0.8859	nmda	0.962
tr|A0A4W3GUC4|A0A4W3GUC4_CALMI	Callorhinchus milii	vertebrate	320	outofscope_aquaporin	high	305.1	0.9573		1.0
tr|A0A4W3GUS5|A0A4W3GUS5_CALMI	Callorhinchus milii	vertebrate	900	nonchannel_class_c_gpcr	high	765.6	0.9085	nmda	0.96
tr|A0A4W3GV17|A0A4W3GV17_CALMI	Callorhinchus milii	vertebrate	1031	nonchannel_class_c_gpcr	high	1027.3	0.948	nmda	0.9756
tr|A0A4W3GVL2|A0A4W3GVL2_CALMI	Callorhinchus milii	vertebrate	556	nonchannel_class_c_gpcr	high	439.2	0.6169		1.0
tr|A0A4W3GVP6|A0A4W3GVP6_CALMI	Callorhinchus milii	vertebrate	875	nonchannel_class_c_gpcr	high	1135.3	0.9864	nmda	0.9746
tr|A0A4W3GVR6|A0A4W3GVR6_CALMI	Callorhinchus milii	vertebrate	156	outofscope_aquaporin	medium	118.6	0.3772		1.0
tr|A0A4W3GXW6|A0A4W3GXW6_CALMI	Callorhinchus milii	vertebrate	370	assoc_k_beta	high	76.1	0.5144	lrrc8	0.4021
tr|A0A4W3GXZ4|A0A4W3GXZ4_CALMI	Callorhinchus milii	vertebrate	787	nonchannel_class_c_gpcr	high	663.1	0.8712		1.0
tr|A0A4W3GYN5|A0A4W3GYN5_CALMI	Callorhinchus milii	vertebrate	885	nonchannel_class_c_gpcr	high	792.9	0.9107		1.0
tr|A0A4W3GZ51|A0A4W3GZ51_CALMI	Callorhinchus milii	vertebrate	193	nonchannel_ncs	medium	52.5	0.3316		1.0
tr|A0A4W3GZS2|A0A4W3GZS2_CALMI	Callorhinchus milii	vertebrate	345	assoc_k_beta	high	86.3	0.6194	lrrc8	0.4635
tr|A0A4W3GZZ5|A0A4W3GZZ5_CALMI	Callorhinchus milii	vertebrate	351	assoc_k_beta	high	40.0	0.5249		1.0
tr|A0A4W3H076|A0A4W3H076_CALMI	Callorhinchus milii	vertebrate	790	nonchannel_class_c_gpcr	high	698.7	0.8746		1.0
tr|A0A4W3H0B3|A0A4W3H0B3_CALMI	Callorhinchus milii	vertebrate	518	nonchannel_class_c_gpcr	medium	316.9	0.4384		1.0
tr|A0A4W3H0C4|A0A4W3H0C4_CALMI	Callorhinchus milii	vertebrate	513	assoc_nav_beta	high	38.8	0.567		1.0
tr|A0A4W3H188|A0A4W3H188_CALMI	Callorhinchus milii	vertebrate	188	nonchannel_ncs	high	240.0	0.8964	assoc_kchip	0.5433
tr|A0A4W3H1U6|A0A4W3H1U6_CALMI	Callorhinchus milii	vertebrate	735	assoc_k_beta	medium	133.2	0.4987	lrrc8	0.1366
tr|A0A4W3H2G9|A0A4W3H2G9_CALMI	Callorhinchus milii	vertebrate	1347	nonchannel_abc_transporter	high	1563.6	0.9617	assoc_sur	0.5625
tr|A0A4W3H3X3|A0A4W3H3X3_CALMI	Callorhinchus milii	vertebrate	321	assoc_nav_beta	high	35.1	0.5893		1.0
tr|A0A4W3H4P8|A0A4W3H4P8_CALMI	Callorhinchus milii	vertebrate	190	nonchannel_ncs	high	224.4	0.9067	assoc_kchip	0.4626
tr|A0A4W3H4R4|A0A4W3H4R4_CALMI	Callorhinchus milii	vertebrate	196	nonchannel_ncs	high	247.6	0.8964	assoc_kchip	0.5065
tr|A0A4W3H5E9|A0A4W3H5E9_CALMI	Callorhinchus milii	vertebrate	431	assoc_nav_beta	high	61.6	0.5491		1.0
tr|A0A4W3H5J0|A0A4W3H5J0_CALMI	Callorhinchus milii	vertebrate	488	assoc_mcu_reg	high	513.5	0.9347	nonchannel_ncs	0.9254
tr|A0A4W3H6A1|A0A4W3H6A1_CALMI	Callorhinchus milii	vertebrate	366	assoc_k_beta	high	82.6	0.5381	lrrc8	0.3571
tr|A0A4W3H857|A0A4W3H857_CALMI	Callorhinchus milii	vertebrate	297	assoc_nav_beta	high	36.5	0.8304		1.0
tr|A0A4W3H861|A0A4W3H861_CALMI	Callorhinchus milii	vertebrate	216	assoc_nav_beta	high	168.3	0.8705		1.0
tr|A0A4W3H9E1|A0A4W3H9E1_CALMI	Callorhinchus milii	vertebrate	305	assoc_iglur_aux	medium	84.0	0.3767		1.0
tr|A0A4W3HA57|A0A4W3HA57_CALMI	Callorhinchus milii	vertebrate	200	assoc_nav_beta	high	120.3	0.7679		1.0
tr|A0A4W3HAL0|A0A4W3HAL0_CALMI	Callorhinchus milii	vertebrate	911	nonchannel_class_c_gpcr	high	681.1	0.9299	nmda	0.9542
tr|A0A4W3HAX9|A0A4W3HAX9_CALMI	Callorhinchus milii	vertebrate	222	assoc_k_beta	medium	111.4	0.3281		1.0
tr|A0A4W3HAY9|A0A4W3HAY9_CALMI	Callorhinchus milii	vertebrate	391	assoc_nav_beta	high	62.3	0.5223		1.0
tr|A0A4W3HCS6|A0A4W3HCS6_CALMI	Callorhinchus milii	vertebrate	559	assoc_iglur_aux	high	295.9	0.8806		1.0
tr|A0A4W3HCV2|A0A4W3HCV2_CALMI	Callorhinchus milii	vertebrate	857	nonchannel_class_c_gpcr	high	692.2	0.9186		1.0
tr|A0A4W3HCW7|A0A4W3HCW7_CALMI	Callorhinchus milii	vertebrate	787	nonchannel_ncs	high	54.6	0.5855	assoc_kchip	0.5147
tr|A0A4W3HEE4|A0A4W3HEE4_CALMI	Callorhinchus milii	vertebrate	643	assoc_k_beta	medium	105.5	0.5801	lrrc8	0.2853
tr|A0A4W3HEL8|A0A4W3HEL8_CALMI	Callorhinchus milii	vertebrate	778	assoc_k_beta	medium	40.0	0.5459	lrrc8	0.1675
tr|A0A4W3HEP1|A0A4W3HEP1_CALMI	Callorhinchus milii	vertebrate	1094	assoc_k_beta	medium	106.1	0.5564	lrrc8	0.1065
tr|A0A4W3HFP2|A0A4W3HFP2_CALMI	Callorhinchus milii	vertebrate	504	nonchannel_gasdermin	high	274.1	0.964		1.0
tr|A0A4W3HFS5|A0A4W3HFS5_CALMI	Callorhinchus milii	vertebrate	1069	assoc_cav_aux	high	657.2	0.93		1.0
tr|A0A4W3HG12|A0A4W3HG12_CALMI	Callorhinchus milii	vertebrate	289	nonchannel_class_c_gpcr	medium	227.7	0.322		1.0
tr|A0A4W3HG62|A0A4W3HG62_CALMI	Callorhinchus milii	vertebrate	845	nonchannel_class_c_gpcr	high	693.2	0.9164		1.0
tr|A0A4W3HG85|A0A4W3HG85_CALMI	Callorhinchus milii	vertebrate	848	nonchannel_abc_transporter	medium	356.8	0.4241	assoc_sur	0.6101
tr|A0A4W3HH74|A0A4W3HH74_CALMI	Callorhinchus milii	vertebrate	2684	assoc_k_beta	high	72.7	0.6404	lrrc8	0.4966
tr|A0A4W3HHG5|A0A4W3HHG5_CALMI	Callorhinchus milii	vertebrate	853	nonchannel_class_c_gpcr	high	750.6	0.9356	nmda	0.9631
tr|A0A4W3HI49|A0A4W3HI49_CALMI	Callorhinchus milii	vertebrate	669	assoc_k_beta	high	55.6	0.6273		1.0
tr|A0A4W3HI59|A0A4W3HI59_CALMI	Callorhinchus milii	vertebrate	839	nonchannel_class_c_gpcr	high	691.0	0.8791	iglur_nonvertebrate	0.9602
tr|A0A4W3HIA4|A0A4W3HIA4_CALMI	Callorhinchus milii	vertebrate	207	nonchannel_ncs	high	292.3	0.8601	assoc_kchip	0.4109
tr|A0A4W3HIC9|A0A4W3HIC9_CALMI	Callorhinchus milii	vertebrate	524	hv1	high	85.2	0.6784	cav	0.7277
tr|A0A4W3HIG9|A0A4W3HIG9_CALMI	Callorhinchus milii	vertebrate	611	assoc_cav_aux	high	457.3	0.7833		1.0
tr|A0A4W3HIP9|A0A4W3HIP9_CALMI	Callorhinchus milii	vertebrate	589	assoc_k_beta	medium	41.4	0.4882	lrrc8	0.1135
tr|A0A4W3HIT5|A0A4W3HIT5_CALMI	Callorhinchus milii	vertebrate	617	assoc_k_beta	medium	141.9	0.4751	lrrc8	0.1607
tr|A0A4W3HJ69|A0A4W3HJ69_CALMI	Callorhinchus milii	vertebrate	788	nonchannel_abc_transporter	medium	409.4	0.4287	assoc_sur	0.6175
tr|A0A4W3HJ78|A0A4W3HJ78_CALMI	Callorhinchus milii	vertebrate	871	nonchannel_class_c_gpcr	high	771.3	0.913		1.0
tr|A0A4W3HJE1|A0A4W3HJE1_CALMI	Callorhinchus milii	vertebrate	860	nonchannel_class_c_gpcr	high	731.9	0.9175		1.0
tr|A0A4W3HJH5|A0A4W3HJH5_CALMI	Callorhinchus milii	vertebrate	865	nonchannel_class_c_gpcr	high	762.4	0.9198		1.0
tr|A0A4W3HJK6|A0A4W3HJK6_CALMI	Callorhinchus milii	vertebrate	934	assoc_clc_aux	high	1018.1	0.9653		1.0
tr|A0A4W3HKM1|A0A4W3HKM1_CALMI	Callorhinchus milii	vertebrate	382	assoc_k_beta	high	257.5	0.8451		1.0
tr|A0A4W3HMC4|A0A4W3HMC4_CALMI	Callorhinchus milii	vertebrate	774	assoc_k_beta	high	230.6	0.9633		1.0
tr|A0A4W3HMH2|A0A4W3HMH2_CALMI	Callorhinchus milii	vertebrate	914	nonchannel_class_c_gpcr	high	719.1	0.9412	iglur_nonvertebrate	0.9672
tr|A0A4W3HMV8|A0A4W3HMV8_CALMI	Callorhinchus milii	vertebrate	333	nonchannel_class_c_gpcr	medium	245.6	0.3424		1.0
tr|A0A4W3HQM5|A0A4W3HQM5_CALMI	Callorhinchus milii	vertebrate	1349	nonchannel_abc_transporter	medium	662.4	0.4663	assoc_sur	0.6098
tr|A0A4W3HS41|A0A4W3HS41_CALMI	Callorhinchus milii	vertebrate	656	assoc_k_beta	high	93.9	0.5302	lrrc8	0.3184
tr|A0A4W3HU29|A0A4W3HU29_CALMI	Callorhinchus milii	vertebrate	208	nonchannel_ncs	high	44.6	0.7979		1.0
tr|A0A4W3HVA7|A0A4W3HVA7_CALMI	Callorhinchus milii	vertebrate	182	assoc_nav_beta	high	37.0	0.7455		1.0
tr|A0A4W3HVZ6|A0A4W3HVZ6_CALMI	Callorhinchus milii	vertebrate	188	nonchannel_ncs	high	39.9	0.7047		1.0
tr|A0A4W3HW09|A0A4W3HW09_CALMI	Callorhinchus milii	vertebrate	191	nonchannel_ncs	high	319.2	0.9793	assoc_kchip	0.4038
tr|A0A4W3HWG4|A0A4W3HWG4_CALMI	Callorhinchus milii	vertebrate	816	nonchannel_class_c_gpcr	high	708.3	0.9412	iglur_nonvertebrate	0.9622
tr|A0A4W3HWJ4|A0A4W3HWJ4_CALMI	Callorhinchus milii	vertebrate	780	assoc_k_beta	medium	44.1	0.3202		1.0
tr|A0A4W3HWV5|A0A4W3HWV5_CALMI	Callorhinchus milii	vertebrate	388	assoc_iglur_aux	high	266.4	0.8143		1.0
tr|A0A4W3HXE9|A0A4W3HXE9_CALMI	Callorhinchus milii	vertebrate	554	cng	high	453.2	0.669	kv_eag	0.8778
tr|A0A4W3HY13|A0A4W3HY13_CALMI	Callorhinchus milii	vertebrate	505	assoc_k_beta	high	93.7	0.5249	lrrc8	0.4109
tr|A0A4W3HY14|A0A4W3HY14_CALMI	Callorhinchus milii	vertebrate	194	nonchannel_ncs	high	60.3	0.9482	assoc_kchip	0.3748
tr|A0A4W3HY15|A0A4W3HY15_CALMI	Callorhinchus milii	vertebrate	927	nonchannel_class_c_gpcr	high	732.9	0.8734		1.0
tr|A0A4W3HYA1|A0A4W3HYA1_CALMI	Callorhinchus milii	vertebrate	161	nonchannel_ncs	high	45.1	0.8187		1.0
tr|A0A4W3HYM4|A0A4W3HYM4_CALMI	Callorhinchus milii	vertebrate	354	assoc_k_beta	medium	63.1	0.3622	lrrc8	0.1315
tr|A0A4W3HZC2|A0A4W3HZC2_CALMI	Callorhinchus milii	vertebrate	876	nonchannel_class_c_gpcr	high	764.6	0.9119		1.0
tr|A0A4W3HZI7|A0A4W3HZI7_CALMI	Callorhinchus milii	vertebrate	435	nonchannel_class_c_gpcr	medium	320.1	0.4452		1.0
tr|A0A4W3I088|A0A4W3I088_CALMI	Callorhinchus milii	vertebrate	681	assoc_catsper_aux	medium	164.5	0.4718		1.0
tr|A0A4W3I0B2|A0A4W3I0B2_CALMI	Callorhinchus milii	vertebrate	1524	assoc_k_beta	high	229.7	0.5249	lrrc8	0.4506
tr|A0A4W3I0K8|A0A4W3I0K8_CALMI	Callorhinchus milii	vertebrate	852	nonchannel_class_c_gpcr	high	644.1	0.922	iglur_nonvertebrate	0.9565
tr|A0A4W3I0R5|A0A4W3I0R5_CALMI	Callorhinchus milii	vertebrate	292	outofscope_aquaporin	high	226.9	0.9288		1.0
tr|A0A4W3I194|A0A4W3I194_CALMI	Callorhinchus milii	vertebrate	464	assoc_cav_aux	high	404.3	0.6804		1.0
tr|A0A4W3I1F1|A0A4W3I1F1_CALMI	Callorhinchus milii	vertebrate	1340	assoc_k_beta	medium	39.2	0.357		1.0
tr|A0A4W3I202|A0A4W3I202_CALMI	Callorhinchus milii	vertebrate	534	assoc_mcu_reg	medium	44.4	0.473		1.0
tr|A0A4W3I204|A0A4W3I204_CALMI	Callorhinchus milii	vertebrate	897	nonchannel_class_c_gpcr	high	764.2	0.9073		1.0
tr|A0A4W3I290|A0A4W3I290_CALMI	Callorhinchus milii	vertebrate	356	assoc_k_beta	medium	59.3	0.5144	lrrc8	0.113
tr|A0A4W3I2I4|A0A4W3I2I4_CALMI	Callorhinchus milii	vertebrate	145	nonchannel_ncs	medium	53.6	0.3316		1.0
tr|A0A4W3I3D1|A0A4W3I3D1_CALMI	Callorhinchus milii	vertebrate	890	nonchannel_class_c_gpcr	high	742.0	0.8847		1.0
tr|A0A4W3I3Q3|A0A4W3I3Q3_CALMI	Callorhinchus milii	vertebrate	872	nonchannel_class_c_gpcr	high	772.9	0.9119		1.0
tr|A0A4W3I3Q9|A0A4W3I3Q9_CALMI	Callorhinchus milii	vertebrate	233	assoc_kchip	high	442.6	0.8486	nonchannel_ncs	0.5759
tr|A0A4W3I3V9|A0A4W3I3V9_CALMI	Callorhinchus milii	vertebrate	865	nonchannel_class_c_gpcr	high	739.3	0.9243		1.0
tr|A0A4W3I427|A0A4W3I427_CALMI	Callorhinchus milii	vertebrate	593	nonchannel_class_c_gpcr	high	432.8	0.6215		1.0
tr|A0A4W3I432|A0A4W3I432_CALMI	Callorhinchus milii	vertebrate	863	nonchannel_class_c_gpcr	high	770.2	0.9153	iglur_nonvertebrate	0.9682
tr|A0A4W3I464|A0A4W3I464_CALMI	Callorhinchus milii	vertebrate	799	assoc_k_beta	medium	42.5	0.3491		1.0
tr|A0A4W3I4I8|A0A4W3I4I8_CALMI	Callorhinchus milii	vertebrate	832	nonchannel_class_c_gpcr	high	695.0	0.8746		1.0
tr|A0A4W3I6Q5|A0A4W3I6Q5_CALMI	Callorhinchus milii	vertebrate	1518	nonchannel_ncs	high	56.7	0.6788	assoc_kchip	0.4815
tr|A0A4W3I736|A0A4W3I736_CALMI	Callorhinchus milii	vertebrate	280	assoc_nav_beta	high	36.0	0.5357		1.0
tr|A0A4W3I787|A0A4W3I787_CALMI	Callorhinchus milii	vertebrate	613	assoc_k_beta	medium	78.5	0.4304	lrrc8	0.2815
tr|A0A4W3I7E9|A0A4W3I7E9_CALMI	Callorhinchus milii	vertebrate	230	assoc_kchip	high	404.8	0.7928	nonchannel_ncs	0.523
tr|A0A4W3I7X0|A0A4W3I7X0_CALMI	Callorhinchus milii	vertebrate	1315	nonchannel_abc_transporter	high	1496.9	0.9555	cftr	0.364
tr|A0A4W3I8A2|A0A4W3I8A2_CALMI	Callorhinchus milii	vertebrate	356	assoc_k_beta	medium	58.7	0.3806	lrrc8	0.1295
tr|A0A4W3I8D7|A0A4W3I8D7_CALMI	Callorhinchus milii	vertebrate	749	nonchannel_ncs	medium	43.2	0.3005	assoc_kchip	0.3125
tr|A0A4W3I8I7|A0A4W3I8I7_CALMI	Callorhinchus milii	vertebrate	294	outofscope_aquaporin	high	307.1	0.9075		1.0
tr|A0A4W3I8S9|A0A4W3I8S9_CALMI	Callorhinchus milii	vertebrate	467	assoc_k_beta	medium	47.1	0.5066	lrrc8	0.2357
tr|A0A4W3I989|A0A4W3I989_CALMI	Callorhinchus milii	vertebrate	508	assoc_iglur_aux	high	275.6	0.8011		1.0
tr|A0A4W3I9A0|A0A4W3I9A0_CALMI	Callorhinchus milii	vertebrate	684	nonchannel_abc_transporter	medium	391.7	0.4256	assoc_sur	0.5931
tr|A0A4W3I9G5|A0A4W3I9G5_CALMI	Callorhinchus milii	vertebrate	866	nonchannel_class_c_gpcr	high	792.0	0.9119		1.0
tr|A0A4W3I9H9|A0A4W3I9H9_CALMI	Callorhinchus milii	vertebrate	1424	nonchannel_abc_transporter	high	1196.5	0.7853	assoc_sur	0.5556
tr|A0A4W3I9Y2|A0A4W3I9Y2_CALMI	Callorhinchus milii	vertebrate	415	nonchannel_class_c_gpcr	medium	53.6	0.3062		1.0
tr|A0A4W3IAK7|A0A4W3IAK7_CALMI	Callorhinchus milii	vertebrate	763	transporter_slc26	high	883.8	0.9764		1.0
tr|A0A4W3IAM7|A0A4W3IAM7_CALMI	Callorhinchus milii	vertebrate	2661	assoc_k_beta	medium	53.8	0.4856	lrrc8	0.3755
tr|A0A4W3IB58|A0A4W3IB58_CALMI	Callorhinchus milii	vertebrate	1522	nonchannel_ncs	high	55.5	0.5907	assoc_kchip	0.409
tr|A0A4W3ICY2|A0A4W3ICY2_CALMI	Callorhinchus milii	vertebrate	721	assoc_stim	high	951.1	0.8222		1.0
tr|A0A4W3ID43|A0A4W3ID43_CALMI	Callorhinchus milii	vertebrate	470	assoc_k_beta	medium	80.3	0.4304	lrrc8	0.1432
tr|A0A4W3IEE6|A0A4W3IEE6_CALMI	Callorhinchus milii	vertebrate	809	transporter_slc26	high	843.5	0.9598		1.0
tr|A0A4W3IET7|A0A4W3IET7_CALMI	Callorhinchus milii	vertebrate	687	assoc_mcu_reg	high	54.0	0.5315		1.0
tr|A0A4W3IEW7|A0A4W3IEW7_CALMI	Callorhinchus milii	vertebrate	1178	nonchannel_class_c_gpcr	high	1119.2	0.9718	nmda	0.9713
tr|A0A4W3IHA9|A0A4W3IHA9_CALMI	Callorhinchus milii	vertebrate	789	assoc_k_beta	medium	35.7	0.5538	lrrc8	0.1036
tr|A0A4W3IHK9|A0A4W3IHK9_CALMI	Callorhinchus milii	vertebrate	253	assoc_cav_aux	medium	145.3	0.4033		1.0
tr|A0A4W3IIS1|A0A4W3IIS1_CALMI	Callorhinchus milii	vertebrate	370	assoc_k_beta	high	79.3	0.6168	lrrc8	0.4779
tr|A0A4W3IIX8|A0A4W3IIX8_CALMI	Callorhinchus milii	vertebrate	1590	nonchannel_vsp	high	129.3	0.5362		1.0
tr|A0A4W3IJ80|A0A4W3IJ80_CALMI	Callorhinchus milii	vertebrate	147	outofscope_aquaporin	medium	143.7	0.4342		1.0
tr|A0A4W3IK09|A0A4W3IK09_CALMI	Callorhinchus milii	vertebrate	318	assoc_cav_aux	medium	179.6	0.4047		1.0
tr|A0A4W3IK18|A0A4W3IK18_CALMI	Callorhinchus milii	vertebrate	716	nonchannel_kctd	medium	99.4	0.3281		1.0
tr|A0A4W3IKJ5|A0A4W3IKJ5_CALMI	Callorhinchus milii	vertebrate	1664	nonchannel_abc_transporter	high	1741.0	0.9762	assoc_sur	0.5234
tr|A0A4W3IL55|A0A4W3IL55_CALMI	Callorhinchus milii	vertebrate	487	assoc_k_beta	medium	59.6	0.3727		1.0
tr|A0A4W3ILJ6|A0A4W3ILJ6_CALMI	Callorhinchus milii	vertebrate	584	transporter_slc26	high	622.7	0.7892		1.0
tr|A0A4W3ILW5|A0A4W3ILW5_CALMI	Callorhinchus milii	vertebrate	420	pannexin	high	300.5	0.733		1.0
tr|A0A4W3IM36|A0A4W3IM36_CALMI	Callorhinchus milii	vertebrate	491	nonchannel_class_c_gpcr	high	416.4	0.5401		1.0
tr|A0A4W3IM42|A0A4W3IM42_CALMI	Callorhinchus milii	vertebrate	428	assoc_nav_beta	high	31.2	0.5134		1.0
tr|A0A4W3IMB7|A0A4W3IMB7_CALMI	Callorhinchus milii	vertebrate	1041	assoc_k_beta	medium	72.1	0.315		1.0
tr|A0A4W3IME5|A0A4W3IME5_CALMI	Callorhinchus milii	vertebrate	1533	assoc_sur	high	2803.3	0.9722	nonchannel_abc_transporter	0.5873
tr|A0A4W3IMG7|A0A4W3IMG7_CALMI	Callorhinchus milii	vertebrate	374	assoc_mcu_reg	high	396.6	0.7635	nonchannel_ncs	0.8792
tr|A0A4W3IMM6|A0A4W3IMM6_CALMI	Callorhinchus milii	vertebrate	883	nonchannel_class_c_gpcr	high	1190.1	0.9706		1.0
tr|A0A4W3IMT9|A0A4W3IMT9_CALMI	Callorhinchus milii	vertebrate	525	nonchannel_class_c_gpcr	medium	333.0	0.4102	iglur_nonvertebrate	0.9225
tr|A0A4W3INI6|A0A4W3INI6_CALMI	Callorhinchus milii	vertebrate	500	assoc_mcu_reg	high	506.5	0.9122		1.0
tr|A0A4W3IP96|A0A4W3IP96_CALMI	Callorhinchus milii	vertebrate	710	assoc_k_beta	high	56.5	0.6562		1.0
tr|A0A4W3IPY3|A0A4W3IPY3_CALMI	Callorhinchus milii	vertebrate	320	outofscope_aquaporin	high	135.0	0.9359		1.0
tr|A0A4W3IQ46|A0A4W3IQ46_CALMI	Callorhinchus milii	vertebrate	193	nonchannel_ncs	high	339.5	0.9948	assoc_kchip	0.4253
tr|A0A4W3IQ89|A0A4W3IQ89_CALMI	Callorhinchus milii	vertebrate	720	transporter_slc26	high	823.9	0.9515		1.0
tr|A0A4W3IQN9|A0A4W3IQN9_CALMI	Callorhinchus milii	vertebrate	746	transporter_slc26	high	871.1	0.914		1.0
tr|A0A4W3IRC0|A0A4W3IRC0_CALMI	Callorhinchus milii	vertebrate	523	nonchannel_class_c_gpcr	medium	79.4	0.3876		1.0
tr|A0A4W3IS58|A0A4W3IS58_CALMI	Callorhinchus milii	vertebrate	347	nonchannel_gasdermin	high	274.9	0.589		1.0
tr|A0A4W3ISE2|A0A4W3ISE2_CALMI	Callorhinchus milii	vertebrate	193	nonchannel_ncs	high	338.5	0.9948	assoc_kchip	0.4381
tr|A0A4W3IT10|A0A4W3IT10_CALMI	Callorhinchus milii	vertebrate	294	outofscope_aquaporin	high	265.9	0.9004		1.0
tr|A0A4W3ITL0|A0A4W3ITL0_CALMI	Callorhinchus milii	vertebrate	190	nonchannel_ncs	medium	299.6	0.9637	assoc_kchip	0.282
tr|A0A4W3IU96|A0A4W3IU96_CALMI	Callorhinchus milii	vertebrate	673	assoc_k_beta	medium	41.2	0.3911		1.0
tr|A0A4W3IUI2|A0A4W3IUI2_CALMI	Callorhinchus milii	vertebrate	253	assoc_mcu_reg	medium	93.7	0.3176		1.0
tr|A0A4W3IUT8|A0A4W3IUT8_CALMI	Callorhinchus milii	vertebrate	962	assoc_catsper_aux	high	120.0	0.8262		1.0
tr|A0A4W3IVD8|A0A4W3IVD8_CALMI	Callorhinchus milii	vertebrate	176	nonchannel_ncs	high	51.4	0.5181	assoc_kchip	0.4591
tr|A0A4W3IW33|A0A4W3IW33_CALMI	Callorhinchus milii	vertebrate	192	assoc_k_beta	medium	34.6	0.3386		1.0
tr|A0A4W3IW35|A0A4W3IW35_CALMI	Callorhinchus milii	vertebrate	776	nonchannel_abc_transporter	medium	369.1	0.385	assoc_sur	0.6521
tr|A0A4W3IW44|A0A4W3IW44_CALMI	Callorhinchus milii	vertebrate	764	nonchannel_abc_transporter	medium	378.4	0.4555	assoc_sur	0.6332
tr|A0A4W3IWE1|A0A4W3IWE1_CALMI	Callorhinchus milii	vertebrate	903	assoc_k_beta	medium	86.6	0.3806		1.0
tr|A0A4W3IWH0|A0A4W3IWH0_CALMI	Callorhinchus milii	vertebrate	720	assoc_k_beta	medium	66.9	0.3806	lrrc8	0.1345
tr|A0A4W3IXT1|A0A4W3IXT1_CALMI	Callorhinchus milii	vertebrate	901	nonchannel_ncs	high	50.0	0.5544	assoc_kchip	0.478
tr|A0A4W3IXX6|A0A4W3IXX6_CALMI	Callorhinchus milii	vertebrate	221	assoc_kchip	high	347.9	0.7769	nonchannel_ncs	0.5473
tr|A0A4W3IY80|A0A4W3IY80_CALMI	Callorhinchus milii	vertebrate	650	assoc_k_beta	high	82.0	0.5354	lrrc8	0.3451
tr|A0A4W3IZA9|A0A4W3IZA9_CALMI	Callorhinchus milii	vertebrate	306	assoc_iglur_aux	high	134.4	0.5995		1.0
tr|A0A4W3IZJ7|A0A4W3IZJ7_CALMI	Callorhinchus milii	vertebrate	661	assoc_nav_beta	high	55.9	0.5402		1.0
tr|A0A4W3J016|A0A4W3J016_CALMI	Callorhinchus milii	vertebrate	278	assoc_nav_beta	medium	41.6	0.4866		1.0
tr|A0A4W3J2S9|A0A4W3J2S9_CALMI	Callorhinchus milii	vertebrate	604	assoc_k_beta	medium	70.4	0.4803	lrrc8	0.2997
tr|A0A4W3J3J0|A0A4W3J3J0_CALMI	Callorhinchus milii	vertebrate	943	nonchannel_vsp	high	103.4	0.5072		1.0
tr|A0A4W3J3Z0|A0A4W3J3Z0_CALMI	Callorhinchus milii	vertebrate	688	lrrc8	medium	84.6	0.3176	assoc_k_beta	0.2979
tr|A0A4W3J4H3|A0A4W3J4H3_CALMI	Callorhinchus milii	vertebrate	638	assoc_k_beta	high	106.3	0.5328	lrrc8	0.3133
tr|A0A4W3J4N4|A0A4W3J4N4_CALMI	Callorhinchus milii	vertebrate	716	assoc_k_beta	medium	74.5	0.4541	lrrc8	0.3893
tr|A0A4W3J6K1|A0A4W3J6K1_CALMI	Callorhinchus milii	vertebrate	545	assoc_nav_beta	high	41.9	0.5714		1.0
tr|A0A4W3J6N4|A0A4W3J6N4_CALMI	Callorhinchus milii	vertebrate	129	assoc_kcne	high	47.1	0.6614		1.0
tr|A0A4W3J777|A0A4W3J777_CALMI	Callorhinchus milii	vertebrate	747	nonchannel_abc_transporter	medium	331.3	0.4264	assoc_sur	0.5943
tr|A0A4W3J7L2|A0A4W3J7L2_CALMI	Callorhinchus milii	vertebrate	155	nonchannel_ncs	medium	30.5	0.4041		1.0
tr|A0A4W3J7Y9|A0A4W3J7Y9_CALMI	Callorhinchus milii	vertebrate	505	assoc_iglur_aux	high	318.7	0.9045		1.0
tr|A0A4W3J870|A0A4W3J870_CALMI	Callorhinchus milii	vertebrate	882	nonchannel_class_c_gpcr	high	624.3	0.9096		1.0
tr|A0A4W3J8A8|A0A4W3J8A8_CALMI	Callorhinchus milii	vertebrate	659	nonchannel_pomt	high	882.9	0.8534		1.0
tr|A0A4W3J915|A0A4W3J915_CALMI	Callorhinchus milii	vertebrate	153	nonchannel_ncs	medium	53.6	0.3316		1.0
tr|A0A4W3J957|A0A4W3J957_CALMI	Callorhinchus milii	vertebrate	260	assoc_mcu_reg	medium	75.7	0.4302		1.0
tr|A0A4W3JAD3|A0A4W3JAD3_CALMI	Callorhinchus milii	vertebrate	517	assoc_k_beta	high	54.8	0.5512		1.0
tr|A0A4W3JAY2|A0A4W3JAY2_CALMI	Callorhinchus milii	vertebrate	1561	assoc_sur	high	2992.3	0.9994	nonchannel_abc_transporter	0.6283
tr|A0A4W3JBA2|A0A4W3JBA2_CALMI	Callorhinchus milii	vertebrate	369	assoc_k_beta	medium	94.2	0.4331		1.0
tr|A0A4W3JBM4|A0A4W3JBM4_CALMI	Callorhinchus milii	vertebrate	1486	nonchannel_abc_transporter	high	1732.2	0.9755	assoc_sur	0.5211
tr|A0A4W3JBW3|A0A4W3JBW3_CALMI	Callorhinchus milii	vertebrate	119	assoc_kcne	high	68.5	0.7323		1.0
tr|A0A4W3JC94|A0A4W3JC94_CALMI	Callorhinchus milii	vertebrate	307	assoc_nav_beta	high	31.7	0.5402		1.0
tr|A0A4W3JD05|A0A4W3JD05_CALMI	Callorhinchus milii	vertebrate	569	assoc_k_beta	medium	47.2	0.3465	lrrc8	0.303
tr|A0A4W3JDR6|A0A4W3JDR6_CALMI	Callorhinchus milii	vertebrate	1459	assoc_k_beta	medium	62.7	0.6299	lrrc8	0.2568
tr|A0A4W3JE68|A0A4W3JE68_CALMI	Callorhinchus milii	vertebrate	300	nonchannel_gost	medium	154.8	0.4099		1.0
tr|A0A4W3JEE3|A0A4W3JEE3_CALMI	Callorhinchus milii	vertebrate	766	transporter_slc26	high	898.8	0.9681		1.0
tr|A0A4W3JEE5|A0A4W3JEE5_CALMI	Callorhinchus milii	vertebrate	259	assoc_k_beta	medium	60.9	0.3045	lrrc8	0.5698
tr|A0A4W3JEI6|A0A4W3JEI6_CALMI	Callorhinchus milii	vertebrate	627	assoc_k_beta	high	93.1	0.5249	lrrc8	0.4436
tr|A0A4W3JEP4|A0A4W3JEP4_CALMI	Callorhinchus milii	vertebrate	179	nonchannel_ncs	high	49.8	0.5544		1.0
tr|A0A4W3JF26|A0A4W3JF26_CALMI	Callorhinchus milii	vertebrate	342	assoc_k_beta	medium	71.7	0.3727	lrrc8	0.3696
tr|A0A4W3JF52|A0A4W3JF52_CALMI	Callorhinchus milii	vertebrate	253	assoc_nav_beta	high	35.7	0.808		1.0
tr|A0A4W3JFQ1|A0A4W3JFQ1_CALMI	Callorhinchus milii	vertebrate	835	nonchannel_class_c_gpcr	high	679.3	0.9311	kainate	0.9614
tr|A0A4W3JHD8|A0A4W3JHD8_CALMI	Callorhinchus milii	vertebrate	1283	nonchannel_abc_transporter	medium	668.3	0.4601	assoc_sur	0.625
tr|A0A4W3JI11|A0A4W3JI11_CALMI	Callorhinchus milii	vertebrate	1513	nonchannel_abc_transporter	high	1398.0	0.9394	assoc_sur	0.5233
tr|A0A4W3JIR4|A0A4W3JIR4_CALMI	Callorhinchus milii	vertebrate	735	transporter_slc26	high	478.2	0.9182		1.0
tr|A0A4W3JJM2|A0A4W3JJM2_CALMI	Callorhinchus milii	vertebrate	409	mitok	high	386.4	0.927		1.0
tr|A0A4W3JJQ9|A0A4W3JJQ9_CALMI	Callorhinchus milii	vertebrate	109	assoc_kcne	high	51.6	0.6929		1.0
tr|A0A4W3JK87|A0A4W3JK87_CALMI	Callorhinchus milii	vertebrate	1174	nonchannel_class_c_gpcr	high	1126.4	0.9424		1.0
tr|A0A4W3JKL2|A0A4W3JKL2_CALMI	Callorhinchus milii	vertebrate	141	assoc_kcne	medium	65.2	0.4724		1.0
tr|A0A4W3JKZ5|A0A4W3JKZ5_CALMI	Callorhinchus milii	vertebrate	195	nonchannel_ncs	medium	36.1	0.399		1.0
tr|A0A4W3JL02|A0A4W3JL02_CALMI	Callorhinchus milii	vertebrate	3672	assoc_polycystin1	high	943.9	0.6209		1.0
tr|A0A4W3JLC0|A0A4W3JLC0_CALMI	Callorhinchus milii	vertebrate	827	assoc_k_beta	medium	39.3	0.4436		1.0
tr|A0A4W3JLL8|A0A4W3JLL8_CALMI	Callorhinchus milii	vertebrate	1274	nonchannel_abc_transporter	medium	676.0	0.4294	assoc_sur	0.6038
tr|A0A4W3JNS8|A0A4W3JNS8_CALMI	Callorhinchus milii	vertebrate	1645	nonchannel_vsp	high	145.7	0.5652		1.0
tr|A0A4W3JQJ6|A0A4W3JQJ6_CALMI	Callorhinchus milii	vertebrate	1415	nonchannel_abc_transporter	high	1651.9	0.9747	assoc_sur	0.5754
tr|A0A4W3JRI1|A0A4W3JRI1_CALMI	Callorhinchus milii	vertebrate	428	assoc_k_beta	medium	82.1	0.4829		1.0
tr|A0A4W3JRL5|A0A4W3JRL5_CALMI	Callorhinchus milii	vertebrate	271	assoc_k_beta	high	174.3	0.7795	lrrc8	0.7837
tr|A0A4W3JS13|A0A4W3JS13_CALMI	Callorhinchus milii	vertebrate	592	assoc_cav_aux	high	426.7	0.6104		1.0
tr|A0A4W3JUP5|A0A4W3JUP5_CALMI	Callorhinchus milii	vertebrate	392	assoc_k_beta	medium	77.2	0.3648		1.0
tr|A0A4W3JUT3|A0A4W3JUT3_CALMI	Callorhinchus milii	vertebrate	406	nonchannel_vsp	high	248.0	0.5435		1.0
tr|A0A4W3JV03|A0A4W3JV03_CALMI	Callorhinchus milii	vertebrate	940	nonchannel_class_c_gpcr	high	583.3	0.9288	kainate	0.951
tr|A0A4W3JVE8|A0A4W3JVE8_CALMI	Callorhinchus milii	vertebrate	424	nonchannel_class_c_gpcr	medium	284.4	0.3955		1.0
tr|A0A4W3JVT7|A0A4W3JVT7_CALMI	Callorhinchus milii	vertebrate	545	assoc_k_beta	high	48.6	0.5381		1.0
tr|A0A4W3JWB6|A0A4W3JWB6_CALMI	Callorhinchus milii	vertebrate	485	trpn	medium	107.1	0.4615	trpa	0.4762
tr|A0A4W3JWF4|A0A4W3JWF4_CALMI	Callorhinchus milii	vertebrate	608	assoc_k_beta	medium	82.8	0.4252	lrrc8	0.1256
tr|A0A4W3JWR7|A0A4W3JWR7_CALMI	Callorhinchus milii	vertebrate	193	nonchannel_ncs	high	222.0	0.886	assoc_kchip	0.5086
tr|A0A4W3JX12|A0A4W3JX12_CALMI	Callorhinchus milii	vertebrate	187	nonchannel_ncs	medium	32.1	0.6632	assoc_kchip	0.1838
tr|A0A4W3JXN4|A0A4W3JXN4_CALMI	Callorhinchus milii	vertebrate	459	assoc_nav_beta	high	33.5	0.6295		1.0
tr|A0A4W3JXW1|A0A4W3JXW1_CALMI	Callorhinchus milii	vertebrate	1146	nonchannel_class_c_gpcr	medium	73.5	0.3243		1.0
tr|A0A4W3JXY1|A0A4W3JXY1_CALMI	Callorhinchus milii	vertebrate	623	transporter_slc26	high	440.3	0.6893		1.0
tr|A0A4W3JYB6|A0A4W3JYB6_CALMI	Callorhinchus milii	vertebrate	206	assoc_k_beta	medium	103.9	0.4856		1.0
tr|A0A4W3JYL7|A0A4W3JYL7_CALMI	Callorhinchus milii	vertebrate	1015	assoc_nav_beta	high	30.6	0.5625		1.0
tr|A0A4W3JYN4|A0A4W3JYN4_CALMI	Callorhinchus milii	vertebrate	896	nonchannel_class_c_gpcr	high	1243.3	0.9797		1.0
tr|A0A4W3JYW0|A0A4W3JYW0_CALMI	Callorhinchus milii	vertebrate	1620	nonchannel_ncs	medium	84.9	0.544	assoc_kchip	0.2956
tr|A0A4W3JZ22|A0A4W3JZ22_CALMI	Callorhinchus milii	vertebrate	1024	assoc_cav_aux	high	501.5	0.8491		1.0
tr|A0A4W3JZK9|A0A4W3JZK9_CALMI	Callorhinchus milii	vertebrate	294	assoc_cav_aux	high	178.3	0.5117		1.0
tr|A0A4W3K1N8|A0A4W3K1N8_CALMI	Callorhinchus milii	vertebrate	542	assoc_k_beta	medium	37.4	0.4646	lrrc8	0.2941
tr|A0A4W3K202|A0A4W3K202_CALMI	Callorhinchus milii	vertebrate	839	nonchannel_class_c_gpcr	high	677.6	0.9311	nmda	0.9653
tr|A0A4W3K2Y4|A0A4W3K2Y4_CALMI	Callorhinchus milii	vertebrate	323	assoc_k_beta	high	104.0	0.7297	lrrc8	0.7375
tr|A0A4W3K3H6|A0A4W3K3H6_CALMI	Callorhinchus milii	vertebrate	1444	assoc_k_beta	medium	57.0	0.5984	lrrc8	0.2386
tr|A0A4W3K452|A0A4W3K452_CALMI	Callorhinchus milii	vertebrate	504	assoc_k_beta	medium	67.4	0.5092	lrrc8	0.1929
tr|A0A4W3K4K0|A0A4W3K4K0_CALMI	Callorhinchus milii	vertebrate	732	nonchannel_pomt	high	1068.8	0.9384		1.0
tr|A0A4W3K4V0|A0A4W3K4V0_CALMI	Callorhinchus milii	vertebrate	458	assoc_k_beta	medium	67.8	0.6325	lrrc8	0.2802
tr|A0A4W3K5J8|A0A4W3K5J8_CALMI	Callorhinchus milii	vertebrate	555	nonchannel_ncs	high	44.4	0.5492		1.0
tr|A0A4W3K6J9|A0A4W3K6J9_CALMI	Callorhinchus milii	vertebrate	409	nonchannel_ncs	medium	84.9	0.7254	assoc_kchip	0.192
tr|A0A4W3K6L8|A0A4W3K6L8_CALMI	Callorhinchus milii	vertebrate	1479	assoc_k_beta	high	202.9	0.5276	lrrc8	0.4662
tr|A0A4W3K757|A0A4W3K757_CALMI	Callorhinchus milii	vertebrate	452	nonchannel_gasdermin	medium	124.3	0.4725		1.0
tr|A0A4W3K762|A0A4W3K762_CALMI	Callorhinchus milii	vertebrate	263	assoc_k_beta	medium	49.7	0.3255		1.0
tr|A0A4W3K7J9|A0A4W3K7J9_CALMI	Callorhinchus milii	vertebrate	196	nonchannel_ncs	medium	38.5	0.456		1.0
tr|A0A4W3K7K4|A0A4W3K7K4_CALMI	Callorhinchus milii	vertebrate	370	assoc_nav_beta	high	47.9	0.5893		1.0
tr|A0A4W3K7M3|A0A4W3K7M3_CALMI	Callorhinchus milii	vertebrate	595	assoc_k_beta	medium	104.4	0.4278	lrrc8	0.1245
tr|A0A4W3K7Y2|A0A4W3K7Y2_CALMI	Callorhinchus milii	vertebrate	1005	assoc_cav_aux	high	578.7	0.845		1.0
tr|A0A4W3K8M8|A0A4W3K8M8_CALMI	Callorhinchus milii	vertebrate	1245	nonchannel_ncs	medium	31.3	0.3368		1.0
tr|A0A4W3K8N2|A0A4W3K8N2_CALMI	Callorhinchus milii	vertebrate	202	nonchannel_ncs	high	224.2	0.9016	assoc_kchip	0.4946
tr|A0A4W3K8Y5|A0A4W3K8Y5_CALMI	Callorhinchus milii	vertebrate	416	assoc_k_beta	medium	80.1	0.3675	lrrc8	0.4894
tr|A0A4W3K9K4|A0A4W3K9K4_CALMI	Callorhinchus milii	vertebrate	187	nonchannel_ncs	medium	75.1	0.7876	assoc_kchip	0.261
tr|A0A4W3KAJ1|A0A4W3KAJ1_CALMI	Callorhinchus milii	vertebrate	295	outofscope_aquaporin	high	270.7	0.879		1.0
tr|A0A4W3KAM6|A0A4W3KAM6_CALMI	Callorhinchus milii	vertebrate	256	assoc_cav_aux	medium	165.9	0.3992		1.0
tr|A0A4W3KAX6|A0A4W3KAX6_CALMI	Callorhinchus milii	vertebrate	661	assoc_k_beta	medium	80.4	0.4934	lrrc8	0.4204
tr|A0A4W3KCV4|A0A4W3KCV4_CALMI	Callorhinchus milii	vertebrate	149	nonchannel_ncs	medium	40.8	0.6114	assoc_kchip	0.125
tr|A0A4W3KJB0|A0A4W3KJB0_CALMI	Callorhinchus milii	vertebrate	915	assoc_k_beta	medium	64.1	0.3753		1.0
tr|A0A4W3KJZ3|A0A4W3KJZ3_CALMI	Callorhinchus milii	vertebrate	216	assoc_kchip	high	417.5	0.8127	nonchannel_ncs	0.5317
tr|A0A5F8G423|A0A5F8G423_MONDO	Monodelphis domestica	vertebrate	1787	nonchannel_vsp	medium	120.9	0.3859		1.0
tr|A0A5F8G4K2|A0A5F8G4K2_MONDO	Monodelphis domestica	vertebrate	599	assoc_cav_aux	high	487.3	0.8381		1.0
tr|A0A5F8G5J3|A0A5F8G5J3_MONDO	Monodelphis domestica	vertebrate	1135	assoc_catsper_aux	high	430.0	0.9456		1.0
tr|A0A5F8G5J4|A0A5F8G5J4_MONDO	Monodelphis domestica	vertebrate	691	nonchannel_class_c_gpcr	high	520.0	0.774		1.0
tr|A0A5F8G5W6|A0A5F8G5W6_MONDO	Monodelphis domestica	vertebrate	163	nonchannel_ncs	medium	41.6	0.4456		1.0
tr|A0A5F8G5Y0|A0A5F8G5Y0_MONDO	Monodelphis domestica	vertebrate	862	nonchannel_class_c_gpcr	high	556.9	0.913		1.0
tr|A0A5F8G663|A0A5F8G663_MONDO	Monodelphis domestica	vertebrate	918	assoc_clc_aux	high	1189.2	0.9501		1.0
tr|A0A5F8G687|A0A5F8G687_MONDO	Monodelphis domestica	vertebrate	1552	assoc_sur	high	3279.0	0.9994	nonchannel_abc_transporter	0.6457
tr|A0A5F8G6V3|A0A5F8G6V3_MONDO	Monodelphis domestica	vertebrate	922	nonchannel_vsp	medium	100.8	0.3714		1.0
tr|A0A5F8G718|A0A5F8G718_MONDO	Monodelphis domestica	vertebrate	771	nonchannel_class_c_gpcr	high	574.7	0.8621		1.0
tr|A0A5F8G747|A0A5F8G747_MONDO	Monodelphis domestica	vertebrate	695	nonchannel_class_c_gpcr	high	513.4	0.7763		1.0
tr|A0A5F8G7Y1|A0A5F8G7Y1_MONDO	Monodelphis domestica	vertebrate	872	nonchannel_class_c_gpcr	high	565.5	0.9232		1.0
tr|A0A5F8G923|A0A5F8G923_MONDO	Monodelphis domestica	vertebrate	771	nonchannel_class_c_gpcr	high	557.1	0.8633		1.0
tr|A0A5F8G937|A0A5F8G937_MONDO	Monodelphis domestica	vertebrate	645	assoc_k_beta	medium	68.2	0.4147	lrrc8	0.2111
tr|A0A5F8G9J8|A0A5F8G9J8_MONDO	Monodelphis domestica	vertebrate	502	trpv	medium	492.6	0.4846	trpn	0.9492
tr|A0A5F8G9T5|A0A5F8G9T5_MONDO	Monodelphis domestica	vertebrate	752	nonchannel_class_c_gpcr	high	529.0	0.8249		1.0
tr|A0A5F8GA41|A0A5F8GA41_MONDO	Monodelphis domestica	vertebrate	771	nonchannel_class_c_gpcr	high	504.5	0.8124		1.0
tr|A0A5F8GAV4|A0A5F8GAV4_MONDO	Monodelphis domestica	vertebrate	1007	transporter_slc26	high	707.5	0.9626		1.0
tr|A0A5F8GBK7|A0A5F8GBK7_MONDO	Monodelphis domestica	vertebrate	825	nonchannel_class_c_gpcr	high	561.5	0.8881		1.0
tr|A0A5F8GBM7|A0A5F8GBM7_MONDO	Monodelphis domestica	vertebrate	387	nonchannel_class_c_gpcr	medium	50.3	0.304		1.0
tr|A0A5F8GC10|A0A5F8GC10_MONDO	Monodelphis domestica	vertebrate	2885	assoc_k_beta	medium	58.7	0.4856		1.0
tr|A0A5F8GCI7|A0A5F8GCI7_MONDO	Monodelphis domestica	vertebrate	405	assoc_nav_beta	high	45.9	0.6429		1.0
tr|A0A5F8GCZ3|A0A5F8GCZ3_MONDO	Monodelphis domestica	vertebrate	777	nonchannel_class_c_gpcr	high	547.1	0.8655		1.0
tr|A0A5F8GF46|A0A5F8GF46_MONDO	Monodelphis domestica	vertebrate	1281	nonchannel_abc_transporter	medium	696.4	0.4663	assoc_sur	0.6307
tr|A0A5F8GFQ3|A0A5F8GFQ3_MONDO	Monodelphis domestica	vertebrate	1667	assoc_nav_beta	high	68.7	0.5134		1.0
tr|A0A5F8GGC3|A0A5F8GGC3_MONDO	Monodelphis domestica	vertebrate	1324	assoc_k_beta	medium	40.8	0.3071		1.0
tr|A0A5F8GGQ7|A0A5F8GGQ7_MONDO	Monodelphis domestica	vertebrate	667	nonchannel_gasdermin	high	339.9	0.9958		1.0
tr|A0A5F8GGV1|A0A5F8GGV1_MONDO	Monodelphis domestica	vertebrate	220	assoc_kchip	high	441.6	0.8048	nonchannel_ncs	0.5365
tr|A0A5F8GH37|A0A5F8GH37_MONDO	Monodelphis domestica	vertebrate	862	nonchannel_class_c_gpcr	high	560.4	0.9107		1.0
tr|A0A5F8GHF9|A0A5F8GHF9_MONDO	Monodelphis domestica	vertebrate	776	assoc_stim	high	1192.5	0.8501		1.0
tr|A0A5F8GIQ3|A0A5F8GIQ3_MONDO	Monodelphis domestica	vertebrate	865	nonchannel_class_c_gpcr	high	593.6	0.9153		1.0
tr|A0A5F8GJ90|A0A5F8GJ90_MONDO	Monodelphis domestica	vertebrate	770	nonchannel_class_c_gpcr	high	577.7	0.8621		1.0
tr|A0A5F8GJM1|A0A5F8GJM1_MONDO	Monodelphis domestica	vertebrate	187	nonchannel_ncs	medium	39.4	0.943	assoc_kchip	0.2437
tr|A0A5F8GK67|A0A5F8GK67_MONDO	Monodelphis domestica	vertebrate	152	nonchannel_ncs	high	62.0	0.5648		1.0
tr|A0A5F8GLK7|A0A5F8GLK7_MONDO	Monodelphis domestica	vertebrate	392	assoc_mcu_reg	high	133.2	0.6509		1.0
tr|A0A5F8GLQ7|A0A5F8GLQ7_MONDO	Monodelphis domestica	vertebrate	791	nonchannel_class_c_gpcr	high	546.2	0.8746		1.0
tr|A0A5F8GLV5|A0A5F8GLV5_MONDO	Monodelphis domestica	vertebrate	1532	assoc_k_beta	high	266.0	0.5433	lrrc8	0.506
tr|A0A5F8GMF8|A0A5F8GMF8_MONDO	Monodelphis domestica	vertebrate	722	nonchannel_class_c_gpcr	high	529.2	0.8		1.0
tr|A0A5F8GML8|A0A5F8GML8_MONDO	Monodelphis domestica	vertebrate	190	nonchannel_ncs	medium	300.1	0.9637	assoc_kchip	0.2832
tr|A0A5F8GN55|A0A5F8GN55_MONDO	Monodelphis domestica	vertebrate	750	nonchannel_class_c_gpcr	high	529.5	0.8463		1.0
tr|A0A5F8GN68|A0A5F8GN68_MONDO	Monodelphis domestica	vertebrate	203	assoc_k_beta	high	84.4	0.7953		1.0
tr|A0A5F8GN76|A0A5F8GN76_MONDO	Monodelphis domestica	vertebrate	704	nonchannel_class_c_gpcr	high	495.6	0.7797		1.0
tr|A0A5F8GNB1|A0A5F8GNB1_MONDO	Monodelphis domestica	vertebrate	772	nonchannel_class_c_gpcr	high	579.3	0.8633		1.0
tr|A0A5F8GP97|A0A5F8GP97_MONDO	Monodelphis domestica	vertebrate	328	assoc_cav_aux	high	264.0	0.5844		1.0
tr|A0A5F8GPF1|A0A5F8GPF1_MONDO	Monodelphis domestica	vertebrate	772	nonchannel_class_c_gpcr	high	576.0	0.8644		1.0
tr|A0A5F8GPK3|A0A5F8GPK3_MONDO	Monodelphis domestica	vertebrate	567	nonchannel_abc_transporter	medium	366.2	0.3942	assoc_sur	0.5456
tr|A0A5F8GQ07|A0A5F8GQ07_MONDO	Monodelphis domestica	vertebrate	612	assoc_cav_aux	high	479.3	0.7833		1.0
tr|A0A5F8GQ16|A0A5F8GQ16_MONDO	Monodelphis domestica	vertebrate	814	nonchannel_class_c_gpcr	high	568.8	0.8972		1.0
tr|A0A5F8GQR7|A0A5F8GQR7_MONDO	Monodelphis domestica	vertebrate	771	nonchannel_class_c_gpcr	high	546.0	0.8644		1.0
tr|A0A5F8GQV1|A0A5F8GQV1_MONDO	Monodelphis domestica	vertebrate	694	nonchannel_class_c_gpcr	high	482.9	0.7751		1.0
tr|A0A5F8GR15|A0A5F8GR15_MONDO	Monodelphis domestica	vertebrate	831	nonchannel_class_c_gpcr	high	560.6	0.9096		1.0
tr|A0A5F8GRN0|A0A5F8GRN0_MONDO	Monodelphis domestica	vertebrate	771	nonchannel_class_c_gpcr	high	560.1	0.8633		1.0
tr|A0A5F8GSC8|A0A5F8GSC8_MONDO	Monodelphis domestica	vertebrate	475	assoc_k_beta	medium	83.5	0.4882	lrrc8	0.1892
tr|A0A5F8GSQ7|A0A5F8GSQ7_MONDO	Monodelphis domestica	vertebrate	666	nonchannel_class_c_gpcr	high	957.9	0.7333		1.0
tr|A0A5F8GTA9|A0A5F8GTA9_MONDO	Monodelphis domestica	vertebrate	779	nonchannel_class_c_gpcr	high	558.9	0.8701		1.0
tr|A0A5F8GUQ2|A0A5F8GUQ2_MONDO	Monodelphis domestica	vertebrate	567	transporter_slc26	high	494.2	0.7462		1.0
tr|A0A5F8GVM3|A0A5F8GVM3_MONDO	Monodelphis domestica	vertebrate	546	assoc_mcu_reg	high	467.2	0.8243		1.0
tr|A0A5F8GVT6|A0A5F8GVT6_MONDO	Monodelphis domestica	vertebrate	455	assoc_mcu_reg	high	492.4	0.7613		1.0
tr|A0A5F8GWJ8|A0A5F8GWJ8_MONDO	Monodelphis domestica	vertebrate	932	assoc_clc_aux	high	1322.1	0.9913		1.0
tr|A0A5F8GWP0|A0A5F8GWP0_MONDO	Monodelphis domestica	vertebrate	261	nonchannel_gasdermin	high	205.1	0.5064		1.0
tr|A0A5F8GWZ4|A0A5F8GWZ4_MONDO	Monodelphis domestica	vertebrate	704	nonchannel_class_c_gpcr	high	490.2	0.7785		1.0
tr|A0A5F8GX00|A0A5F8GX00_MONDO	Monodelphis domestica	vertebrate	191	nonchannel_ncs	high	44.9	0.8238		1.0
tr|A0A5F8GXC9|A0A5F8GXC9_MONDO	Monodelphis domestica	vertebrate	1568	nonchannel_vsp	high	138.4	0.5634		1.0
tr|A0A5F8GXF1|A0A5F8GXF1_MONDO	Monodelphis domestica	vertebrate	381	nonchannel_kctd	high	135.1	0.9653	kv_shaker	0.8231
tr|A0A5F8GXK4|A0A5F8GXK4_MONDO	Monodelphis domestica	vertebrate	997	assoc_cav_aux	high	749.2	0.9136		1.0
tr|A0A5F8GY97|A0A5F8GY97_MONDO	Monodelphis domestica	vertebrate	870	nonchannel_class_c_gpcr	high	558.0	0.9153		1.0
tr|A0A5F8GZ98|A0A5F8GZ98_MONDO	Monodelphis domestica	vertebrate	309	assoc_nav_beta	high	33.3	0.5357		1.0
tr|A0A5F8GZI3|A0A5F8GZI3_MONDO	Monodelphis domestica	vertebrate	673	assoc_k_beta	medium	114.0	0.4882	lrrc8	0.436
tr|A0A5F8GZM3|A0A5F8GZM3_MONDO	Monodelphis domestica	vertebrate	259	outofscope_aquaporin	high	138.3	0.7972		1.0
tr|A0A5F8GZY7|A0A5F8GZY7_MONDO	Monodelphis domestica	vertebrate	1533	assoc_k_beta	high	281.0	0.5223	lrrc8	0.5281
tr|A0A5F8H0G5|A0A5F8H0G5_MONDO	Monodelphis domestica	vertebrate	775	nonchannel_class_c_gpcr	high	568.5	0.8633		1.0
tr|A0A5F8H0K8|A0A5F8H0K8_MONDO	Monodelphis domestica	vertebrate	862	nonchannel_class_c_gpcr	high	563.3	0.9107		1.0
tr|A0A5F8H0Z8|A0A5F8H0Z8_MONDO	Monodelphis domestica	vertebrate	222	nonchannel_gasdermin	medium	159.8	0.3941		1.0
tr|A0A5F8H1F3|A0A5F8H1F3_MONDO	Monodelphis domestica	vertebrate	1586	nonchannel_ncs	medium	80.2	0.544	assoc_kchip	0.2481
tr|A0A5F8H1Y9|A0A5F8H1Y9_MONDO	Monodelphis domestica	vertebrate	879	nonchannel_class_c_gpcr	high	1201.1	0.9503	nmda	0.9748
tr|A0A5F8H261|A0A5F8H261_MONDO	Monodelphis domestica	vertebrate	862	nonchannel_class_c_gpcr	high	570.6	0.9141		1.0
tr|A0A5F8H2C9|A0A5F8H2C9_MONDO	Monodelphis domestica	vertebrate	296	nonchannel_ncs	medium	72.3	0.5648	assoc_kchip	0.2268
tr|A0A5F8H3K9|A0A5F8H3K9_MONDO	Monodelphis domestica	vertebrate	296	nonchannel_class_c_gpcr	medium	269.1	0.3333		1.0
tr|A0A5F8H4F0|A0A5F8H4F0_MONDO	Monodelphis domestica	vertebrate	160	nonchannel_ncs	high	56.3	0.5596	assoc_kchip	0.4014
tr|A0A5F8H4Z1|A0A5F8H4Z1_MONDO	Monodelphis domestica	vertebrate	230	assoc_kchip	high	436.0	0.7968	nonchannel_ncs	0.5507
tr|A0A5F8H5L4|A0A5F8H5L4_MONDO	Monodelphis domestica	vertebrate	854	nonchannel_class_c_gpcr	high	547.9	0.9379		1.0
tr|A0A5F8H5S5|A0A5F8H5S5_MONDO	Monodelphis domestica	vertebrate	420	mitok	high	569.6	0.9976		1.0
tr|A0A5F8H6H0|A0A5F8H6H0_MONDO	Monodelphis domestica	vertebrate	567	assoc_k_beta	medium	101.9	0.5171	lrrc8	0.2002
tr|A0A5F8H6H3|A0A5F8H6H3_MONDO	Monodelphis domestica	vertebrate	779	nonchannel_class_c_gpcr	high	569.2	0.8689		1.0
tr|A0A5F8H812|A0A5F8H812_MONDO	Monodelphis domestica	vertebrate	390	assoc_iglur_aux	high	179.2	0.8647		1.0
tr|A0A5F8H813|A0A5F8H813_MONDO	Monodelphis domestica	vertebrate	855	nonchannel_class_c_gpcr	high	569.8	0.9153		1.0
tr|A0A5F8H8C2|A0A5F8H8C2_MONDO	Monodelphis domestica	vertebrate	271	assoc_iglur_aux	medium	108.1	0.3395		1.0
tr|A0A5F8H8L1|A0A5F8H8L1_MONDO	Monodelphis domestica	vertebrate	332	nonchannel_class_c_gpcr	medium	371.2	0.3232	nmda	0.92
tr|A0A5F8H8P6|A0A5F8H8P6_MONDO	Monodelphis domestica	vertebrate	776	nonchannel_class_c_gpcr	high	560.1	0.8734		1.0
tr|A0A5F8H8T7|A0A5F8H8T7_MONDO	Monodelphis domestica	vertebrate	869	nonchannel_class_c_gpcr	high	578.0	0.9153		1.0
tr|A0A5F8H9S7|A0A5F8H9S7_MONDO	Monodelphis domestica	vertebrate	274	assoc_nav_beta	high	57.3	0.558		1.0
tr|A0A5F8H9U1|A0A5F8H9U1_MONDO	Monodelphis domestica	vertebrate	774	nonchannel_class_c_gpcr	high	565.8	0.8621		1.0
tr|A0A5F8HA99|A0A5F8HA99_MONDO	Monodelphis domestica	vertebrate	897	assoc_clc_aux	high	1077.1	0.9848		1.0
tr|A0A5F8HAF0|A0A5F8HAF0_MONDO	Monodelphis domestica	vertebrate	854	nonchannel_class_c_gpcr	high	541.4	0.939		1.0
tr|A0A5F8HBF2|A0A5F8HBF2_MONDO	Monodelphis domestica	vertebrate	557	assoc_k_beta	medium	40.5	0.4567	lrrc8	0.163
tr|A0A5F8HBS8|A0A5F8HBS8_MONDO	Monodelphis domestica	vertebrate	235	assoc_nav_beta	high	74.0	0.8929		1.0
tr|A0A5F8HCP0|A0A5F8HCP0_MONDO	Monodelphis domestica	vertebrate	725	transporter_slc26	high	877.2	0.9542		1.0
tr|A0A5F8HCR1|A0A5F8HCR1_MONDO	Monodelphis domestica	vertebrate	720	assoc_k_beta	high	288.7	0.8924		1.0
tr|A0A5F8HDX5|A0A5F8HDX5_MONDO	Monodelphis domestica	vertebrate	475	nonchannel_kctd	high	102.4	0.8549	kv_shaker	0.7275
tr|A0A5F8HDY2|A0A5F8HDY2_MONDO	Monodelphis domestica	vertebrate	196	nonchannel_ncs	high	225.8	0.7047	assoc_kchip	0.3698
tr|A0A5F8HEG4|A0A5F8HEG4_MONDO	Monodelphis domestica	vertebrate	756	transporter_slc26	high	904.9	0.9653		1.0
tr|A0A5F8HF35|A0A5F8HF35_MONDO	Monodelphis domestica	vertebrate	634	assoc_k_beta	medium	111.2	0.3806	lrrc8	0.2221
tr|A0A5F8HH19|A0A5F8HH19_MONDO	Monodelphis domestica	vertebrate	771	nonchannel_class_c_gpcr	high	579.1	0.8644		1.0
tr|A0A5F8HIB4|A0A5F8HIB4_MONDO	Monodelphis domestica	vertebrate	862	nonchannel_class_c_gpcr	high	562.7	0.9119		1.0
tr|A0A5F8HIV3|A0A5F8HIV3_MONDO	Monodelphis domestica	vertebrate	502	assoc_cav_aux	high	465.5	0.7394		1.0
tr|A0A5F8HJP8|A0A5F8HJP8_MONDO	Monodelphis domestica	vertebrate	172	nonchannel_ncs	medium	37.0	0.456		1.0
tr|A0A5F8HJQ2|A0A5F8HJQ2_MONDO	Monodelphis domestica	vertebrate	585	nonchannel_class_c_gpcr	high	569.5	0.6463		1.0
tr|A0A5F8HJR3|A0A5F8HJR3_MONDO	Monodelphis domestica	vertebrate	779	nonchannel_class_c_gpcr	high	572.1	0.8701		1.0
tr|A0A5F8HJZ0|A0A5F8HJZ0_MONDO	Monodelphis domestica	vertebrate	771	nonchannel_class_c_gpcr	high	544.6	0.8644		1.0
tr|A0A5F8HK00|A0A5F8HK00_MONDO	Monodelphis domestica	vertebrate	296	assoc_kchip	high	387.1	0.7968	nonchannel_ncs	0.6115
tr|A0A5F8HLZ1|A0A5F8HLZ1_MONDO	Monodelphis domestica	vertebrate	800	nonchannel_class_c_gpcr	high	568.3	0.8768		1.0
tr|A0A5K1K993|A0A5K1K993_PLAF7	Plasmodium falciparum	apicomplexa	925	nonchannel_abc_transporter	medium	178.6	0.3827	cftr	0.6137
tr|A0A5S6RBL3|A0A5S6RBL3_ORYSJ	Oryza sativa	plant	175	nonchannel_ncs	high	40.4	0.886		1.0
tr|A0A674M979|A0A674M979_TAKRU	Takifugu rubripes	vertebrate	321	assoc_iglur_aux	high	136.1	0.5995		1.0
tr|A0A674M9M8|A0A674M9M8_TAKRU	Takifugu rubripes	vertebrate	133	assoc_kcne	medium	63.9	0.4961		1.0
tr|A0A674M9N8|A0A674M9N8_TAKRU	Takifugu rubripes	vertebrate	370	outofscope_aquaporin	high	221.3	0.8007		1.0
tr|A0A674MA95|A0A674MA95_TAKRU	Takifugu rubripes	vertebrate	1097	assoc_cav_aux	high	708.2	0.9712		1.0
tr|A0A674MAG0|A0A674MAG0_TAKRU	Takifugu rubripes	vertebrate	810	assoc_k_beta	medium	90.4	0.4987	lrrc8	0.3772
tr|A0A674MAW0|A0A674MAW0_TAKRU	Takifugu rubripes	vertebrate	277	assoc_cav_aux	high	175.7	0.5117		1.0
tr|A0A674MBD2|A0A674MBD2_TAKRU	Takifugu rubripes	vertebrate	622	assoc_k_beta	high	88.6	0.6352	lrrc8	0.3262
tr|A0A674MBV8|A0A674MBV8_TAKRU	Takifugu rubripes	vertebrate	260	assoc_kchip	high	359.6	0.757	nonchannel_ncs	0.5804
tr|A0A674MC96|A0A674MC96_TAKRU	Takifugu rubripes	vertebrate	192	nonchannel_ncs	high	187.7	0.8964	assoc_kchip	0.4193
tr|A0A674MCW3|A0A674MCW3_TAKRU	Takifugu rubripes	vertebrate	1332	nonchannel_class_c_gpcr	medium	69.1	0.322		1.0
tr|A0A674MDB2|A0A674MDB2_TAKRU	Takifugu rubripes	vertebrate	187	nonchannel_ncs	high	186.8	0.8238	assoc_kchip	0.4722
tr|A0A674MDR4|A0A674MDR4_TAKRU	Takifugu rubripes	vertebrate	529	nonchannel_ncs	high	64.4	0.7824	assoc_kchip	0.441
tr|A0A674MEX6|A0A674MEX6_TAKRU	Takifugu rubripes	vertebrate	300	outofscope_aquaporin	high	219.1	0.8434		1.0
tr|A0A674MFJ6|A0A674MFJ6_TAKRU	Takifugu rubripes	vertebrate	963	nonchannel_class_c_gpcr	high	1109.1	0.9808	nmda	0.976
tr|A0A674MFY3|A0A674MFY3_TAKRU	Takifugu rubripes	vertebrate	1170	nonchannel_class_c_gpcr	high	1112.9	0.948	nmda	0.9668
tr|A0A674MI13|A0A674MI13_TAKRU	Takifugu rubripes	vertebrate	765	nonchannel_pomt	high	963.5	0.9224		1.0
tr|A0A674MIE7|A0A674MIE7_TAKRU	Takifugu rubripes	vertebrate	187	nonchannel_ncs	high	196.8	0.9275	assoc_kchip	0.4644
tr|A0A674MIF9|A0A674MIF9_TAKRU	Takifugu rubripes	vertebrate	628	nonchannel_class_c_gpcr	high	341.0	0.6011		1.0
tr|A0A674MJE2|A0A674MJE2_TAKRU	Takifugu rubripes	vertebrate	385	mitok	high	320.3	0.5888		1.0
tr|A0A674MJK1|A0A674MJK1_TAKRU	Takifugu rubripes	vertebrate	243	assoc_nav_beta	high	40.9	0.558		1.0
tr|A0A674MK73|A0A674MK73_TAKRU	Takifugu rubripes	vertebrate	479	assoc_nav_beta	high	50.0	0.5357		1.0
tr|A0A674MKK0|A0A674MKK0_TAKRU	Takifugu rubripes	vertebrate	302	assoc_iglur_aux	medium	56.7	0.4801		1.0
tr|A0A674MLP6|A0A674MLP6_TAKRU	Takifugu rubripes	vertebrate	1357	nonchannel_abc_transporter	medium	660.0	0.3988	assoc_sur	0.6015
tr|A0A674MMF4|A0A674MMF4_TAKRU	Takifugu rubripes	vertebrate	811	transporter_slc26	high	851.0	0.9806		1.0
tr|A0A674MNK0|A0A674MNK0_TAKRU	Takifugu rubripes	vertebrate	1549	nonchannel_abc_transporter	high	1390.5	0.964	assoc_sur	0.503
tr|A0A674MP01|A0A674MP01_TAKRU	Takifugu rubripes	vertebrate	893	nonchannel_class_c_gpcr	high	1107.6	0.9763	nmda	0.9768
tr|A0A674MP33|A0A674MP33_TAKRU	Takifugu rubripes	vertebrate	720	assoc_cav_aux	high	405.8	0.775		1.0
tr|A0A674MP34|A0A674MP34_TAKRU	Takifugu rubripes	vertebrate	1229	nonchannel_class_c_gpcr	high	1137.3	0.9684	nmda	0.9625
tr|A0A674MPE8|A0A674MPE8_TAKRU	Takifugu rubripes	vertebrate	346	assoc_k_beta	high	49.9	0.6877		1.0
tr|A0A674MQC2|A0A674MQC2_TAKRU	Takifugu rubripes	vertebrate	657	assoc_k_beta	high	91.6	0.5407	lrrc8	0.3701
tr|A0A674MRA4|A0A674MRA4_TAKRU	Takifugu rubripes	vertebrate	2657	assoc_k_beta	medium	70.8	0.4593	lrrc8	0.4816
tr|A0A674MSR0|A0A674MSR0_TAKRU	Takifugu rubripes	vertebrate	867	nonchannel_class_c_gpcr	high	713.1	0.913		1.0
tr|A0A674MSU3|A0A674MSU3_TAKRU	Takifugu rubripes	vertebrate	613	assoc_iglur_aux	high	270.3	0.8647		1.0
tr|A0A674MT04|A0A674MT04_TAKRU	Takifugu rubripes	vertebrate	829	nonchannel_class_c_gpcr	high	695.5	0.8949	iglur_nonvertebrate	0.9602
tr|A0A674MT17|A0A674MT17_TAKRU	Takifugu rubripes	vertebrate	1553	nonchannel_vsp	high	101.5	0.5634		1.0
tr|A0A674MU61|A0A674MU61_TAKRU	Takifugu rubripes	vertebrate	719	assoc_k_beta	medium	37.1	0.3832		1.0
tr|A0A674MX28|A0A674MX28_TAKRU	Takifugu rubripes	vertebrate	666	assoc_iglur_aux	high	174.6	0.8355		1.0
tr|A0A674MXH9|A0A674MXH9_TAKRU	Takifugu rubripes	vertebrate	855	nonchannel_class_c_gpcr	high	666.1	0.9175		1.0
tr|A0A674MXN5|A0A674MXN5_TAKRU	Takifugu rubripes	vertebrate	569	assoc_cav_aux	medium	314.6	0.4211		1.0
tr|A0A674MYN3|A0A674MYN3_TAKRU	Takifugu rubripes	vertebrate	1388	nonchannel_abc_transporter	high	1564.2	0.9747	assoc_sur	0.5526
tr|A0A674MYZ9|A0A674MYZ9_TAKRU	Takifugu rubripes	vertebrate	1600	nonchannel_ncs	high	87.8	0.5492	assoc_kchip	0.3531
tr|A0A674MZU5|A0A674MZU5_TAKRU	Takifugu rubripes	vertebrate	191	nonchannel_ncs	high	308.7	0.9793	assoc_kchip	0.3959
tr|A0A674MZW1|A0A674MZW1_TAKRU	Takifugu rubripes	vertebrate	566	assoc_iglur_aux	high	252.8	0.9257		1.0
tr|A0A674N0H3|A0A674N0H3_TAKRU	Takifugu rubripes	vertebrate	367	assoc_cav_aux	medium	163.2	0.4143		1.0
tr|A0A674N183|A0A674N183_TAKRU	Takifugu rubripes	vertebrate	566	assoc_iglur_aux	high	219.3	0.7851		1.0
tr|A0A674N1D6|A0A674N1D6_TAKRU	Takifugu rubripes	vertebrate	783	assoc_k_beta	medium	67.0	0.5617	lrrc8	0.1552
tr|A0A674N1V7|A0A674N1V7_TAKRU	Takifugu rubripes	vertebrate	609	assoc_k_beta	high	87.5	0.7349		1.0
tr|A0A674N2J6|A0A674N2J6_TAKRU	Takifugu rubripes	vertebrate	858	nonchannel_class_c_gpcr	high	788.1	0.9322	iglur_nonvertebrate	0.9541
tr|A0A674N505|A0A674N505_TAKRU	Takifugu rubripes	vertebrate	564	assoc_k_beta	medium	92.9	0.4462		1.0
tr|A0A674N5M6|A0A674N5M6_TAKRU	Takifugu rubripes	vertebrate	754	transporter_slc26	high	810.5	0.9639		1.0
tr|A0A674N602|A0A674N602_TAKRU	Takifugu rubripes	vertebrate	1155	assoc_cav_aux	high	509.1	0.9259		1.0
tr|A0A674N653|A0A674N653_TAKRU	Takifugu rubripes	vertebrate	816	nonchannel_class_c_gpcr	high	598.7	0.939	nmda	0.9586
tr|A0A674N6C5|A0A674N6C5_TAKRU	Takifugu rubripes	vertebrate	721	nonchannel_abc_transporter	medium	327.0	0.4187	assoc_sur	0.6067
tr|A0A674N6D1|A0A674N6D1_TAKRU	Takifugu rubripes	vertebrate	439	assoc_nav_beta	high	43.4	0.5982		1.0
tr|A0A674N6T9|A0A674N6T9_TAKRU	Takifugu rubripes	vertebrate	233	assoc_kchip	high	433.9	0.7968	nonchannel_ncs	0.5508
tr|A0A674N785|A0A674N785_TAKRU	Takifugu rubripes	vertebrate	570	assoc_k_beta	medium	39.2	0.3465	lrrc8	0.3367
tr|A0A674N7T9|A0A674N7T9_TAKRU	Takifugu rubripes	vertebrate	158	nonchannel_ncs	high	47.9	0.5181		1.0
tr|A0A674N7Y4|A0A674N7Y4_TAKRU	Takifugu rubripes	vertebrate	622	assoc_k_beta	high	88.6	0.6352	lrrc8	0.3262
tr|A0A674N953|A0A674N953_TAKRU	Takifugu rubripes	vertebrate	419	assoc_k_beta	high	261.6	0.8294		1.0
tr|A0A674N961|A0A674N961_TAKRU	Takifugu rubripes	vertebrate	225	assoc_kchip	high	399.5	0.8088	nonchannel_ncs	0.5304
tr|A0A674NB99|A0A674NB99_TAKRU	Takifugu rubripes	vertebrate	814	nonchannel_class_c_gpcr	high	699.5	0.8723		1.0
tr|A0A674NBA5|A0A674NBA5_TAKRU	Takifugu rubripes	vertebrate	217	assoc_nav_beta	high	184.0	0.9107		1.0
tr|A0A674NBQ3|A0A674NBQ3_TAKRU	Takifugu rubripes	vertebrate	501	assoc_iglur_aux	high	159.5	0.8435		1.0
tr|A0A674NC31|A0A674NC31_TAKRU	Takifugu rubripes	vertebrate	1324	nonchannel_abc_transporter	high	1571.6	0.9624	cftr	0.3785
tr|A0A674NCZ5|A0A674NCZ5_TAKRU	Takifugu rubripes	vertebrate	438	assoc_k_beta	medium	37.2	0.4619		1.0
tr|A0A674NDT7|A0A674NDT7_TAKRU	Takifugu rubripes	vertebrate	617	assoc_cav_aux	high	279.6	0.7188		1.0
tr|A0A674NEG0|A0A674NEG0_TAKRU	Takifugu rubripes	vertebrate	676	assoc_mcu_reg	high	48.4	0.5113		1.0
tr|A0A674NFZ9|A0A674NFZ9_TAKRU	Takifugu rubripes	vertebrate	609	assoc_k_beta	high	88.7	0.7349		1.0
tr|A0A674NG88|A0A674NG88_TAKRU	Takifugu rubripes	vertebrate	913	nonchannel_class_c_gpcr	high	1269.1	0.9797		1.0
tr|A0A674NGF0|A0A674NGF0_TAKRU	Takifugu rubripes	vertebrate	909	nonchannel_class_c_gpcr	high	1231.9	0.9661	nmda	0.9674
tr|A0A674NGH4|A0A674NGH4_TAKRU	Takifugu rubripes	vertebrate	796	assoc_k_beta	high	255.4	0.9606		1.0
tr|A0A674NGW1|A0A674NGW1_TAKRU	Takifugu rubripes	vertebrate	633	assoc_k_beta	medium	73.8	0.4409	lrrc8	0.1789
tr|A0A674NH06|A0A674NH06_TAKRU	Takifugu rubripes	vertebrate	907	nonchannel_class_c_gpcr	high	1241.4	0.9616		1.0
tr|A0A674NHJ3|A0A674NHJ3_TAKRU	Takifugu rubripes	vertebrate	325	assoc_nav_beta	high	44.5	0.5268		1.0
tr|A0A674NI37|A0A674NI37_TAKRU	Takifugu rubripes	vertebrate	911	nonchannel_class_c_gpcr	high	720.5	0.9254	iglur_nonvertebrate	0.9573
tr|A0A674NIQ7|A0A674NIQ7_TAKRU	Takifugu rubripes	vertebrate	1274	nonchannel_class_c_gpcr	medium	57.2	0.3209		1.0
tr|A0A674NIU6|A0A674NIU6_TAKRU	Takifugu rubripes	vertebrate	339	assoc_k_beta	medium	50.2	0.3465		1.0
tr|A0A674NJ84|A0A674NJ84_TAKRU	Takifugu rubripes	vertebrate	812	assoc_k_beta	medium	70.0	0.4829	lrrc8	0.1971
tr|A0A674NJP3|A0A674NJP3_TAKRU	Takifugu rubripes	vertebrate	490	assoc_k_beta	medium	68.4	0.4987	lrrc8	0.4006
tr|A0A674NKB0|A0A674NKB0_TAKRU	Takifugu rubripes	vertebrate	225	assoc_kchip	high	412.9	0.8088	nonchannel_ncs	0.5389
tr|A0A674NL13|A0A674NL13_TAKRU	Takifugu rubripes	vertebrate	253	assoc_kchip	high	455.2	0.9761	nonchannel_ncs	0.5745
tr|A0A674NLP9|A0A674NLP9_TAKRU	Takifugu rubripes	vertebrate	1365	nonchannel_abc_transporter	high	1577.4	0.9755	assoc_sur	0.5405
tr|A0A674NLZ1|A0A674NLZ1_TAKRU	Takifugu rubripes	vertebrate	552	assoc_k_beta	high	58.4	0.5486	lrrc8	0.5342
tr|A0A674NM61|A0A674NM61_TAKRU	Takifugu rubripes	vertebrate	846	nonchannel_class_c_gpcr	high	745.2	0.9186	iglur_nonvertebrate	0.9541
tr|A0A674NMB0|A0A674NMB0_TAKRU	Takifugu rubripes	vertebrate	1381	assoc_k_beta	medium	37.2	0.3097		1.0
tr|A0A674NML0|A0A674NML0_TAKRU	Takifugu rubripes	vertebrate	611	assoc_cav_aux	high	379.0	0.5802		1.0
tr|A0A674NMQ2|A0A674NMQ2_TAKRU	Takifugu rubripes	vertebrate	692	assoc_stim	high	890.1	0.786		1.0
tr|A0A674NNP1|A0A674NNP1_TAKRU	Takifugu rubripes	vertebrate	253	assoc_iglur_aux	medium	160.3	0.4589		1.0
tr|A0A674NPY5|A0A674NPY5_TAKRU	Takifugu rubripes	vertebrate	996	nonchannel_class_c_gpcr	high	607.1	0.8949		1.0
tr|A0A674NQ04|A0A674NQ04_TAKRU	Takifugu rubripes	vertebrate	820	nonchannel_class_c_gpcr	high	717.3	0.9311	iglur_nonvertebrate	0.9541
tr|A0A674NQU9|A0A674NQU9_TAKRU	Takifugu rubripes	vertebrate	759	nonchannel_abc_transporter	medium	337.7	0.4256	assoc_sur	0.6106
tr|A0A674NQX7|A0A674NQX7_TAKRU	Takifugu rubripes	vertebrate	563	assoc_k_beta	medium	47.3	0.336	lrrc8	0.4101
tr|A0A674NS55|A0A674NS55_TAKRU	Takifugu rubripes	vertebrate	751	transporter_slc26	high	888.0	0.9736		1.0
tr|A0A674NSL3|A0A674NSL3_TAKRU	Takifugu rubripes	vertebrate	789	assoc_k_beta	medium	61.4	0.3858		1.0
tr|A0A674NTF3|A0A674NTF3_TAKRU	Takifugu rubripes	vertebrate	622	assoc_k_beta	medium	107.5	0.4882	lrrc8	0.4744
tr|A0A674NUL4|A0A674NUL4_TAKRU	Takifugu rubripes	vertebrate	256	nonchannel_ncs	medium	252.4	0.8446	assoc_kchip	0.2389
tr|A0A674NUL8|A0A674NUL8_TAKRU	Takifugu rubripes	vertebrate	857	nonchannel_class_c_gpcr	high	683.3	0.913	nmda	0.9583
tr|A0A674NUT9|A0A674NUT9_TAKRU	Takifugu rubripes	vertebrate	890	nonchannel_ncs	high	50.6	0.5492	assoc_kchip	0.4289
tr|A0A674NW43|A0A674NW43_TAKRU	Takifugu rubripes	vertebrate	519	assoc_cav_aux	high	418.2	0.7339		1.0
tr|A0A674NXM6|A0A674NXM6_TAKRU	Takifugu rubripes	vertebrate	374	assoc_nav_beta	high	50.1	0.5089		1.0
tr|A0A674NXU7|A0A674NXU7_TAKRU	Takifugu rubripes	vertebrate	317	nonchannel_ncs	high	55.5	0.5648		1.0
tr|A0A674NXY8|A0A674NXY8_TAKRU	Takifugu rubripes	vertebrate	198	nonchannel_ncs	high	30.7	0.658		1.0
tr|A0A674NYW2|A0A674NYW2_TAKRU	Takifugu rubripes	vertebrate	545	nonchannel_ncs	medium	41.5	0.3731		1.0
tr|A0A674NZM6|A0A674NZM6_TAKRU	Takifugu rubripes	vertebrate	271	assoc_k_beta	medium	48.3	0.4934		1.0
tr|A0A674NZY3|A0A674NZY3_TAKRU	Takifugu rubripes	vertebrate	357	assoc_k_beta	high	91.6	0.5906	lrrc8	0.3177
tr|A0A674P189|A0A674P189_TAKRU	Takifugu rubripes	vertebrate	576	transporter_slc26	high	424.6	0.6782		1.0
tr|A0A674P254|A0A674P254_TAKRU	Takifugu rubripes	vertebrate	614	assoc_k_beta	medium	35.0	0.3675		1.0
tr|A0A674P3S3|A0A674P3S3_TAKRU	Takifugu rubripes	vertebrate	917	nonchannel_class_c_gpcr	high	1242.2	0.9616		1.0
tr|A0A674P3T1|A0A674P3T1_TAKRU	Takifugu rubripes	vertebrate	1166	nonchannel_class_c_gpcr	high	1116.8	0.9684	nmda	0.9705
tr|A0A674P482|A0A674P482_TAKRU	Takifugu rubripes	vertebrate	1544	nonchannel_abc_transporter	high	1768.6	0.9839	assoc_sur	0.5204
tr|A0A674P556|A0A674P556_TAKRU	Takifugu rubripes	vertebrate	710	transporter_slc26	high	808.8	0.9528		1.0
tr|A0A674P5K8|A0A674P5K8_TAKRU	Takifugu rubripes	vertebrate	1316	nonchannel_abc_transporter	high	1517.2	0.9624	cftr	0.3862
tr|A0A674P5L5|A0A674P5L5_TAKRU	Takifugu rubripes	vertebrate	291	outofscope_aquaporin	high	260.9	0.879		1.0
tr|A0A674P5N1|A0A674P5N1_TAKRU	Takifugu rubripes	vertebrate	1522	nonchannel_abc_transporter	high	1717.0	0.9762	assoc_sur	0.5349
tr|A0A674P657|A0A674P657_TAKRU	Takifugu rubripes	vertebrate	225	nonchannel_ncs	high	206.6	0.9378	assoc_kchip	0.395
tr|A0A674P6L0|A0A674P6L0_TAKRU	Takifugu rubripes	vertebrate	265	assoc_cav_aux	medium	58.6	0.3169		1.0
tr|A0A674P7K6|A0A674P7K6_TAKRU	Takifugu rubripes	vertebrate	764	assoc_k_beta	medium	141.4	0.4829	lrrc8	0.1931
tr|A0A674P7K8|A0A674P7K8_TAKRU	Takifugu rubripes	vertebrate	488	assoc_mcu_reg	high	517.1	0.9324		1.0
tr|A0A674P976|A0A674P976_TAKRU	Takifugu rubripes	vertebrate	669	nonchannel_ncs	medium	70.8	0.6943	assoc_kchip	0.2853
tr|A0A674PB53|A0A674PB53_TAKRU	Takifugu rubripes	vertebrate	862	nonchannel_class_c_gpcr	high	700.5	0.9175		1.0
tr|A0A674PBA6|A0A674PBA6_TAKRU	Takifugu rubripes	vertebrate	324	assoc_cav_aux	high	204.8	0.5734		1.0
tr|A0A674PBB2|A0A674PBB2_TAKRU	Takifugu rubripes	vertebrate	454	assoc_k_beta	high	64.3	0.5118	lrrc8	0.3142
tr|A0A674PBB6|A0A674PBB6_TAKRU	Takifugu rubripes	vertebrate	1175	assoc_cav_aux	high	507.3	0.9314		1.0
tr|A0A674PBG5|A0A674PBG5_TAKRU	Takifugu rubripes	vertebrate	697	assoc_mcu_reg	high	46.2	0.5338		1.0
tr|A0A674PDZ9|A0A674PDZ9_TAKRU	Takifugu rubripes	vertebrate	306	assoc_iglur_aux	high	51.2	0.6207		1.0
tr|A0A674PEF5|A0A674PEF5_TAKRU	Takifugu rubripes	vertebrate	395	assoc_k_beta	high	194.3	0.8268		1.0
tr|A0A674PF29|A0A674PF29_TAKRU	Takifugu rubripes	vertebrate	884	nonchannel_class_c_gpcr	high	708.1	0.9153		1.0
tr|A0A674PF43|A0A674PF43_TAKRU	Takifugu rubripes	vertebrate	396	assoc_cav_aux	high	172.8	0.5103		1.0
tr|A0A674PFZ1|A0A674PFZ1_TAKRU	Takifugu rubripes	vertebrate	537	hv1	high	86.2	0.6784	cav	0.7436
tr|A0A674PG15|A0A674PG15_TAKRU	Takifugu rubripes	vertebrate	1561	assoc_sur	high	2882.9	1.0	nonchannel_abc_transporter	0.6015
tr|A0A674PG53|A0A674PG53_TAKRU	Takifugu rubripes	vertebrate	652	nonchannel_abc_transporter	medium	309.2	0.385	assoc_sur	0.6339
tr|A0A674PGE8|A0A674PGE8_TAKRU	Takifugu rubripes	vertebrate	262	assoc_mcu_reg	medium	83.8	0.3536		1.0
tr|A0A674PH05|A0A674PH05_TAKRU	Takifugu rubripes	vertebrate	928	nonchannel_class_c_gpcr	high	656.8	0.9243	nmda	0.9624
tr|A0A674PH19|A0A674PH19_TAKRU	Takifugu rubripes	vertebrate	259	assoc_kchip	high	341.9	0.7689	nonchannel_ncs	0.5739
tr|A0A674PH21|A0A674PH21_TAKRU	Takifugu rubripes	vertebrate	727	nonchannel_class_c_gpcr	high	515.3	0.7367		1.0
tr|A0A674PMP9|A0A674PMP9_TAKRU	Takifugu rubripes	vertebrate	390	assoc_k_beta	high	241.2	0.874		1.0
tr|A0A674PNA1|A0A674PNA1_TAKRU	Takifugu rubripes	vertebrate	415	assoc_cav_aux	medium	199.5	0.4883		1.0
tr|A0A674PNP4|A0A674PNP4_TAKRU	Takifugu rubripes	vertebrate	610	assoc_k_beta	medium	84.0	0.4751	lrrc8	0.2655
tr|A0A674PPT7|A0A674PPT7_TAKRU	Takifugu rubripes	vertebrate	846	assoc_k_beta	high	259.7	0.9528		1.0
tr|A0A674PQ15|A0A674PQ15_TAKRU	Takifugu rubripes	vertebrate	356	assoc_k_beta	medium	57.1	0.4278	lrrc8	0.1646
tr|A0A674PQB6|A0A674PQB6_TAKRU	Takifugu rubripes	vertebrate	1402	nonchannel_vsp	high	123.3	0.5634		1.0
tr|A0A6D2VX27|A0A6D2VX27_TAKRU	Takifugu rubripes	vertebrate	1029	assoc_k_beta	medium	54.6	0.4488		1.0
tr|A0A6D2X0F5|A0A6D2X0F5_TAKRU	Takifugu rubripes	vertebrate	824	nonchannel_class_c_gpcr	high	580.1	0.9379		1.0
tr|A0A6D2XGU2|A0A6D2XGU2_TAKRU	Takifugu rubripes	vertebrate	716	nonchannel_ncs	high	37.8	0.658		1.0
tr|A0A6D2XPI7|A0A6D2XPI7_TAKRU	Takifugu rubripes	vertebrate	193	nonchannel_ncs	high	327.1	0.9896	assoc_kchip	0.4197
tr|A0A6D2XZQ9|A0A6D2XZQ9_TAKRU	Takifugu rubripes	vertebrate	1510	nonchannel_abc_transporter	high	1645.2	0.9762	assoc_sur	0.514
tr|A0A6I8MX71|A0A6I8MX71_ORNAN	Ornithorhynchus anatinus	vertebrate	469	nonchannel_ncs	high	32.9	0.5907		1.0
tr|A0A6I8MX90|A0A6I8MX90_ORNAN	Ornithorhynchus anatinus	vertebrate	1543	assoc_k_beta	high	276.1	0.5223	lrrc8	0.5154
tr|A0A6I8MYD1|A0A6I8MYD1_ORNAN	Ornithorhynchus anatinus	vertebrate	315	assoc_cav_aux	high	262.9	0.5748		1.0
tr|A0A6I8MZ00|A0A6I8MZ00_ORNAN	Ornithorhynchus anatinus	vertebrate	1435	nonchannel_abc_transporter	high	1802.4	0.9977	assoc_sur	0.6036
tr|A0A6I8MZD5|A0A6I8MZD5_ORNAN	Ornithorhynchus anatinus	vertebrate	325	assoc_nav_beta	high	34.7	0.5536		1.0
tr|A0A6I8MZF6|A0A6I8MZF6_ORNAN	Ornithorhynchus anatinus	vertebrate	420	assoc_nav_beta	medium	41.9	0.3259		1.0
tr|A0A6I8MZN3|A0A6I8MZN3_ORNAN	Ornithorhynchus anatinus	vertebrate	453	assoc_k_beta	high	87.4	0.6115	lrrc8	0.5835
tr|A0A6I8MZN4|A0A6I8MZN4_ORNAN	Ornithorhynchus anatinus	vertebrate	431	nonchannel_gasdermin	high	297.9	0.8475		1.0
tr|A0A6I8N007|A0A6I8N007_ORNAN	Ornithorhynchus anatinus	vertebrate	292	assoc_nav_beta	medium	30.1	0.4821		1.0
tr|A0A6I8N019|A0A6I8N019_ORNAN	Ornithorhynchus anatinus	vertebrate	735	nonchannel_abc_transporter	medium	341.0	0.4202	assoc_sur	0.6475
tr|A0A6I8N0A7|A0A6I8N0A7_ORNAN	Ornithorhynchus anatinus	vertebrate	258	assoc_cav_aux	medium	109.6	0.428		1.0
tr|A0A6I8N0X3|A0A6I8N0X3_ORNAN	Ornithorhynchus anatinus	vertebrate	823	transporter_slc26	high	934.2	0.982		1.0
tr|A0A6I8N158|A0A6I8N158_ORNAN	Ornithorhynchus anatinus	vertebrate	424	nonchannel_kctd	high	133.9	0.8549		1.0
tr|A0A6I8N1S2|A0A6I8N1S2_ORNAN	Ornithorhynchus anatinus	vertebrate	633	assoc_k_beta	high	136.4	0.6614		1.0
tr|A0A6I8N297|A0A6I8N297_ORNAN	Ornithorhynchus anatinus	vertebrate	475	assoc_k_beta	medium	60.5	0.5039	lrrc8	0.1686
tr|A0A6I8N2C6|A0A6I8N2C6_ORNAN	Ornithorhynchus anatinus	vertebrate	707	assoc_k_beta	medium	66.9	0.3937	lrrc8	0.4425
tr|A0A6I8N380|A0A6I8N380_ORNAN	Ornithorhynchus anatinus	vertebrate	1081	nonchannel_class_c_gpcr	high	1048.8	0.9605		1.0
tr|A0A6I8N3B2|A0A6I8N3B2_ORNAN	Ornithorhynchus anatinus	vertebrate	456	assoc_kchip	high	481.4	0.992	nonchannel_ncs	0.5789
tr|A0A6I8N3P3|A0A6I8N3P3_ORNAN	Ornithorhynchus anatinus	vertebrate	717	transporter_slc26	high	874.9	0.9279		1.0
tr|A0A6I8N458|A0A6I8N458_ORNAN	Ornithorhynchus anatinus	vertebrate	752	assoc_iglur_aux	high	138.8	0.5332		1.0
tr|A0A6I8N4C9|A0A6I8N4C9_ORNAN	Ornithorhynchus anatinus	vertebrate	901	nonchannel_ncs	high	52.0	0.5544	assoc_kchip	0.4615
tr|A0A6I8N4Q6|A0A6I8N4Q6_ORNAN	Ornithorhynchus anatinus	vertebrate	208	nonchannel_ncs	medium	42.8	0.5596	assoc_kchip	0.285
tr|A0A6I8N6R8|A0A6I8N6R8_ORNAN	Ornithorhynchus anatinus	vertebrate	877	nonchannel_class_c_gpcr	high	1184.8	0.9887	nmda	0.9793
tr|A0A6I8N6S9|A0A6I8N6S9_ORNAN	Ornithorhynchus anatinus	vertebrate	668	assoc_mcu_reg	high	47.8	0.5203		1.0
tr|A0A6I8N6X2|A0A6I8N6X2_ORNAN	Ornithorhynchus anatinus	vertebrate	936	transporter_slc26	high	710.6	0.9736		1.0
tr|A0A6I8N7I7|A0A6I8N7I7_ORNAN	Ornithorhynchus anatinus	vertebrate	656	transporter_slc26	high	789.1	0.9459		1.0
tr|A0A6I8N8P5|A0A6I8N8P5_ORNAN	Ornithorhynchus anatinus	vertebrate	232	assoc_kchip	high	434.8	0.8486	nonchannel_ncs	0.5559
tr|A0A6I8N9C0|A0A6I8N9C0_ORNAN	Ornithorhynchus anatinus	vertebrate	502	assoc_cav_aux	high	464.4	0.7394		1.0
tr|A0A6I8N9W2|A0A6I8N9W2_ORNAN	Ornithorhynchus anatinus	vertebrate	1076	trpn	medium	404.9	0.318	trpa	0.3784
tr|A0A6I8NA12|A0A6I8NA12_ORNAN	Ornithorhynchus anatinus	vertebrate	1360	assoc_k_beta	medium	38.5	0.3097		1.0
tr|A0A6I8NA21|A0A6I8NA21_ORNAN	Ornithorhynchus anatinus	vertebrate	159	nonchannel_ncs	high	53.7	0.5544	assoc_kchip	0.4469
tr|A0A6I8NA95|A0A6I8NA95_ORNAN	Ornithorhynchus anatinus	vertebrate	367	assoc_k_beta	high	281.7	0.8976		1.0
tr|A0A6I8NAY0|A0A6I8NAY0_ORNAN	Ornithorhynchus anatinus	vertebrate	602	assoc_cav_aux	high	483.2	0.8711		1.0
tr|A0A6I8NAZ1|A0A6I8NAZ1_ORNAN	Ornithorhynchus anatinus	vertebrate	214	nonchannel_ncs	high	240.2	0.7098	assoc_kchip	0.3876
tr|A0A6I8NB97|A0A6I8NB97_ORNAN	Ornithorhynchus anatinus	vertebrate	852	assoc_catsper_aux	high	317.8	0.6767		1.0
tr|A0A6I8NBC4|A0A6I8NBC4_ORNAN	Ornithorhynchus anatinus	vertebrate	264	nonchannel_ncs	high	138.7	0.6839	assoc_kchip	0.5119
tr|A0A6I8NBJ2|A0A6I8NBJ2_ORNAN	Ornithorhynchus anatinus	vertebrate	347	assoc_nav_beta	high	76.6	0.808		1.0
tr|A0A6I8NBM3|A0A6I8NBM3_ORNAN	Ornithorhynchus anatinus	vertebrate	281	assoc_k_beta	high	246.0	0.7454	lrrc8	0.8484
tr|A0A6I8NBN0|A0A6I8NBN0_ORNAN	Ornithorhynchus anatinus	vertebrate	191	nonchannel_ncs	medium	50.2	0.9171	assoc_kchip	0.2291
tr|A0A6I8NBQ5|A0A6I8NBQ5_ORNAN	Ornithorhynchus anatinus	vertebrate	308	assoc_nav_beta	medium	43.1	0.4955		1.0
tr|A0A6I8NCK7|A0A6I8NCK7_ORNAN	Ornithorhynchus anatinus	vertebrate	654	assoc_k_beta	high	115.4	0.5486	lrrc8	0.4965
tr|A0A6I8NF05|A0A6I8NF05_ORNAN	Ornithorhynchus anatinus	vertebrate	432	assoc_nav_beta	high	49.3	0.5893		1.0
tr|A0A6I8NG20|A0A6I8NG20_ORNAN	Ornithorhynchus anatinus	vertebrate	770	assoc_k_beta	medium	128.9	0.4908	lrrc8	0.4127
tr|A0A6I8NGD4|A0A6I8NGD4_ORNAN	Ornithorhynchus anatinus	vertebrate	758	assoc_k_beta	medium	61.4	0.4147		1.0
tr|A0A6I8NH02|A0A6I8NH02_ORNAN	Ornithorhynchus anatinus	vertebrate	149	nonchannel_ncs	high	55.3	0.5544		1.0
tr|A0A6I8NH72|A0A6I8NH72_ORNAN	Ornithorhynchus anatinus	vertebrate	701	nonchannel_class_c_gpcr	high	484.8	0.765		1.0
tr|A0A6I8NH88|A0A6I8NH88_ORNAN	Ornithorhynchus anatinus	vertebrate	307	assoc_iglur_aux	high	69.5	0.5862		1.0
tr|A0A6I8NHD1|A0A6I8NHD1_ORNAN	Ornithorhynchus anatinus	vertebrate	615	assoc_cav_aux	high	429.2	0.5761		1.0
tr|A0A6I8NHK2|A0A6I8NHK2_ORNAN	Ornithorhynchus anatinus	vertebrate	1088	assoc_cav_aux	high	632.1	0.9561		1.0
tr|A0A6I8NHL5|A0A6I8NHL5_ORNAN	Ornithorhynchus anatinus	vertebrate	545	assoc_k_beta	medium	44.8	0.3517		1.0
tr|A0A6I8NI50|A0A6I8NI50_ORNAN	Ornithorhynchus anatinus	vertebrate	218	assoc_nav_beta	high	254.2	0.9955		1.0
tr|A0A6I8NIE1|A0A6I8NIE1_ORNAN	Ornithorhynchus anatinus	vertebrate	838	nonchannel_class_c_gpcr	high	766.2	0.9503		1.0
tr|A0A6I8NIH9|A0A6I8NIH9_ORNAN	Ornithorhynchus anatinus	vertebrate	253	assoc_mcu_reg	medium	69.2	0.3784		1.0
tr|A0A6I8NJ42|A0A6I8NJ42_ORNAN	Ornithorhynchus anatinus	vertebrate	919	assoc_k_beta	medium	35.9	0.3255		1.0
tr|A0A6I8NJB0|A0A6I8NJB0_ORNAN	Ornithorhynchus anatinus	vertebrate	235	assoc_k_beta	high	154.0	0.853		1.0
tr|A0A6I8NJD4|A0A6I8NJD4_ORNAN	Ornithorhynchus anatinus	vertebrate	400	assoc_k_beta	high	269.4	0.8399		1.0
tr|A0A6I8NJX3|A0A6I8NJX3_ORNAN	Ornithorhynchus anatinus	vertebrate	242	assoc_kchip	high	481.7	0.9402	nonchannel_ncs	0.6016
tr|A0A6I8NJZ5|A0A6I8NJZ5_ORNAN	Ornithorhynchus anatinus	vertebrate	365	outofscope_aquaporin	high	121.2	0.8043		1.0
tr|A0A6I8NK36|A0A6I8NK36_ORNAN	Ornithorhynchus anatinus	vertebrate	149	nonchannel_ncs	high	61.9	0.544		1.0
tr|A0A6I8NKU3|A0A6I8NKU3_ORNAN	Ornithorhynchus anatinus	vertebrate	743	assoc_k_beta	high	107.1	0.5066	lrrc8	0.3016
tr|A0A6I8NLG0|A0A6I8NLG0_ORNAN	Ornithorhynchus anatinus	vertebrate	760	assoc_stim	high	1115.7	0.7823		1.0
tr|A0A6I8NLM8|A0A6I8NLM8_ORNAN	Ornithorhynchus anatinus	vertebrate	351	assoc_iglur_aux	high	80.3	0.6021		1.0
tr|A0A6I8NLT6|A0A6I8NLT6_ORNAN	Ornithorhynchus anatinus	vertebrate	801	assoc_k_beta	high	328.0	0.9528		1.0
tr|A0A6I8NMH4|A0A6I8NMH4_ORNAN	Ornithorhynchus anatinus	vertebrate	420	assoc_nav_beta	high	31.9	0.6384		1.0
tr|A0A6I8NNG4|A0A6I8NNG4_ORNAN	Ornithorhynchus anatinus	vertebrate	535	assoc_iglur_aux	high	358.0	0.9735		1.0
tr|A0A6I8NNN8|A0A6I8NNN8_ORNAN	Ornithorhynchus anatinus	vertebrate	531	assoc_nav_beta	high	49.3	0.5045		1.0
tr|A0A6I8NNN9|A0A6I8NNN9_ORNAN	Ornithorhynchus anatinus	vertebrate	145	nonchannel_kctd	medium	71.9	0.4038		1.0
tr|A0A6I8NNP8|A0A6I8NNP8_ORNAN	Ornithorhynchus anatinus	vertebrate	369	nonchannel_ncs	medium	72.7	0.7876	assoc_kchip	0.2779
tr|A0A6I8NNX0|A0A6I8NNX0_ORNAN	Ornithorhynchus anatinus	vertebrate	684	assoc_k_beta	high	114.8	0.5039	lrrc8	0.4443
tr|A0A6I8NQA7|A0A6I8NQA7_ORNAN	Ornithorhynchus anatinus	vertebrate	408	assoc_k_beta	high	81.5	0.6194	lrrc8	0.5951
tr|A0A6I8NRA5|A0A6I8NRA5_ORNAN	Ornithorhynchus anatinus	vertebrate	1551	nonchannel_ncs	high	63.7	0.5751	assoc_kchip	0.4835
tr|A0A6I8NSC6|A0A6I8NSC6_ORNAN	Ornithorhynchus anatinus	vertebrate	165	outofscope_aquaporin	medium	131.9	0.4235		1.0
tr|A0A6I8NSK7|A0A6I8NSK7_ORNAN	Ornithorhynchus anatinus	vertebrate	784	nonchannel_ncs	high	57.2	0.5596	assoc_kchip	0.4406
tr|A0A6I8NT15|A0A6I8NT15_ORNAN	Ornithorhynchus anatinus	vertebrate	713	assoc_k_beta	high	69.9	0.6299	lrrc8	0.4835
tr|A0A6I8NT25|A0A6I8NT25_ORNAN	Ornithorhynchus anatinus	vertebrate	269	nonchannel_ncs	high	56.3	0.5648		1.0
tr|A0A6I8NTE7|A0A6I8NTE7_ORNAN	Ornithorhynchus anatinus	vertebrate	759	transporter_slc26	high	951.4	0.9556		1.0
tr|A0A6I8NU16|A0A6I8NU16_ORNAN	Ornithorhynchus anatinus	vertebrate	1192	nonchannel_class_c_gpcr	medium	75.4	0.3367		1.0
tr|A0A6I8NU64|A0A6I8NU64_ORNAN	Ornithorhynchus anatinus	vertebrate	279	assoc_nav_beta	high	77.7	0.8839		1.0
tr|A0A6I8NUI6|A0A6I8NUI6_ORNAN	Ornithorhynchus anatinus	vertebrate	367	outofscope_aquaporin	high	303.6	0.8754		1.0
tr|A0A6I8NV48|A0A6I8NV48_ORNAN	Ornithorhynchus anatinus	vertebrate	997	assoc_cav_aux	high	749.0	0.9095		1.0
tr|A0A6I8NV60|A0A6I8NV60_ORNAN	Ornithorhynchus anatinus	vertebrate	317	assoc_mcu_reg	medium	170.1	0.4009		1.0
tr|A0A6I8NVN9|A0A6I8NVN9_ORNAN	Ornithorhynchus anatinus	vertebrate	193	nonchannel_ncs	high	340.6	0.9948	assoc_kchip	0.4322
tr|A0A6I8NW84|A0A6I8NW84_ORNAN	Ornithorhynchus anatinus	vertebrate	489	nonchannel_ncs	medium	53.9	0.3368	assoc_kchip	0.2746
tr|A0A6I8NWS3|A0A6I8NWS3_ORNAN	Ornithorhynchus anatinus	vertebrate	813	assoc_k_beta	high	267.6	0.9528		1.0
tr|A0A6I8NX02|A0A6I8NX02_ORNAN	Ornithorhynchus anatinus	vertebrate	1084	assoc_k_beta	medium	69.9	0.3596		1.0
tr|A0A6I8NXQ0|A0A6I8NXQ0_ORNAN	Ornithorhynchus anatinus	vertebrate	1151	nonchannel_class_c_gpcr	high	1065.9	0.9412		1.0
tr|A0A6I8NXS5|A0A6I8NXS5_ORNAN	Ornithorhynchus anatinus	vertebrate	725	transporter_slc26	high	890.3	0.9709		1.0
tr|A0A6I8NZ47|A0A6I8NZ47_ORNAN	Ornithorhynchus anatinus	vertebrate	1526	nonchannel_abc_transporter	high	1745.7	0.9969	assoc_sur	0.517
tr|A0A6I8NZL9|A0A6I8NZL9_ORNAN	Ornithorhynchus anatinus	vertebrate	1401	nonchannel_abc_transporter	high	1511.4	0.9663	assoc_sur	0.4508
tr|A0A6I8NZQ5|A0A6I8NZQ5_ORNAN	Ornithorhynchus anatinus	vertebrate	172	nonchannel_ncs	medium	39.4	0.456		1.0
tr|A0A6I8P1N9|A0A6I8P1N9_ORNAN	Ornithorhynchus anatinus	vertebrate	758	assoc_iglur_aux	high	318.8	1.0		1.0
tr|A0A6I8P1S7|A0A6I8P1S7_ORNAN	Ornithorhynchus anatinus	vertebrate	735	nonchannel_ncs	high	32.4	0.5181		1.0
tr|A0A6I8P1X0|A0A6I8P1X0_ORNAN	Ornithorhynchus anatinus	vertebrate	578	assoc_iglur_aux	high	248.9	0.6207		1.0
tr|A0A6I8P2D6|A0A6I8P2D6_ORNAN	Ornithorhynchus anatinus	vertebrate	284	assoc_nav_beta	high	37.8	0.6071		1.0
tr|A0A6I8P2G8|A0A6I8P2G8_ORNAN	Ornithorhynchus anatinus	vertebrate	1798	assoc_k_beta	high	279.1	0.5118	lrrc8	0.5163
tr|A0A6I8P436|A0A6I8P436_ORNAN	Ornithorhynchus anatinus	vertebrate	572	assoc_k_beta	medium	164.4	0.4829	lrrc8	0.2032
tr|A0A6I8P4Q7|A0A6I8P4Q7_ORNAN	Ornithorhynchus anatinus	vertebrate	1367	nonchannel_class_c_gpcr	medium	44.4	0.322		1.0
tr|A0A6I8P547|A0A6I8P547_ORNAN	Ornithorhynchus anatinus	vertebrate	271	outofscope_aquaporin	high	298.9	0.9573		1.0
tr|A0A6I8P5V9|A0A6I8P5V9_ORNAN	Ornithorhynchus anatinus	vertebrate	1548	assoc_sur	high	3181.6	0.9994	nonchannel_abc_transporter	0.63
tr|A0A6I8P5Z0|A0A6I8P5Z0_ORNAN	Ornithorhynchus anatinus	vertebrate	269	outofscope_aquaporin	high	311.4	0.9502		1.0
tr|A0A6I8P7G8|A0A6I8P7G8_ORNAN	Ornithorhynchus anatinus	vertebrate	1658	nonchannel_vsp	high	137.7	0.5634		1.0
tr|A0A6I8P7R3|A0A6I8P7R3_ORNAN	Ornithorhynchus anatinus	vertebrate	193	nonchannel_ncs	high	336.4	0.9896	assoc_kchip	0.4367
tr|A0A6I8P8K3|A0A6I8P8K3_ORNAN	Ornithorhynchus anatinus	vertebrate	707	transporter_slc26	high	834.2	0.9417		1.0
tr|A0A6I8P8L3|A0A6I8P8L3_ORNAN	Ornithorhynchus anatinus	vertebrate	628	nonchannel_kctd	high	99.4	0.8486	kv_shaker	0.7485
tr|A0A6I8P8Q4|A0A6I8P8Q4_ORNAN	Ornithorhynchus anatinus	vertebrate	857	assoc_k_beta	medium	41.3	0.3648	lrrc8	0.1283
tr|A0A6I8P8U0|A0A6I8P8U0_ORNAN	Ornithorhynchus anatinus	vertebrate	536	assoc_k_beta	medium	41.1	0.3465		1.0
tr|A0A6I8P9B8|A0A6I8P9B8_ORNAN	Ornithorhynchus anatinus	vertebrate	332	outofscope_aquaporin	high	325.8	0.9146		1.0
tr|A0A6I8P9Y7|A0A6I8P9Y7_ORNAN	Ornithorhynchus anatinus	vertebrate	382	assoc_mcu_reg	high	499.6	0.7162		1.0
tr|A0A6I8PAB5|A0A6I8PAB5_ORNAN	Ornithorhynchus anatinus	vertebrate	414	mitok	high	602.3	0.9976		1.0
tr|A0A6I8PAG5|A0A6I8PAG5_ORNAN	Ornithorhynchus anatinus	vertebrate	1618	nonchannel_abc_transporter	high	1886.9	0.9969	assoc_sur	0.5479
tr|A0A6I8PBE8|A0A6I8PBE8_ORNAN	Ornithorhynchus anatinus	vertebrate	697	assoc_k_beta	medium	68.9	0.5171	lrrc8	0.238
tr|A0A6I8PBF7|A0A6I8PBF7_ORNAN	Ornithorhynchus anatinus	vertebrate	918	assoc_clc_aux	high	1271.1	0.9946		1.0
tr|A0A6I8PBN0|A0A6I8PBN0_ORNAN	Ornithorhynchus anatinus	vertebrate	541	assoc_k_beta	high	57.0	0.5171	lrrc8	0.5316
tr|A0A6I8PBY8|A0A6I8PBY8_ORNAN	Ornithorhynchus anatinus	vertebrate	909	assoc_clc_aux	high	1224.4	0.9577		1.0
tr|A0A6I8PCI3|A0A6I8PCI3_ORNAN	Ornithorhynchus anatinus	vertebrate	843	nonchannel_class_c_gpcr	high	630.3	0.9085	iglur_nonvertebrate	0.9529
tr|A0A6I8PCZ1|A0A6I8PCZ1_ORNAN	Ornithorhynchus anatinus	vertebrate	657	assoc_k_beta	high	99.0	0.5512	lrrc8	0.3111
tr|A0A6I8PDQ6|A0A6I8PDQ6_ORNAN	Ornithorhynchus anatinus	vertebrate	390	trpn	medium	38.9	0.3418		1.0
tr|A0A6I8PDU4|A0A6I8PDU4_ORNAN	Ornithorhynchus anatinus	vertebrate	228	assoc_nav_beta	high	214.9	0.9598		1.0
tr|A0A6I8PDZ1|A0A6I8PDZ1_ORNAN	Ornithorhynchus anatinus	vertebrate	900	assoc_clc_aux	high	1258.9	0.9512		1.0
tr|A0A6I8PFA5|A0A6I8PFA5_ORNAN	Ornithorhynchus anatinus	vertebrate	187	nonchannel_ncs	high	241.2	0.9171	assoc_kchip	0.425
tr|A0A6I8PFQ1|A0A6I8PFQ1_ORNAN	Ornithorhynchus anatinus	vertebrate	581	assoc_iglur_aux	high	319.4	0.9178		1.0
tr|A0A6I8PG08|A0A6I8PG08_ORNAN	Ornithorhynchus anatinus	vertebrate	184	assoc_nav_beta	high	232.0	0.7768		1.0
tr|A0A6I8PG36|A0A6I8PG36_ORNAN	Ornithorhynchus anatinus	vertebrate	811	assoc_k_beta	high	76.5	0.5958	lrrc8	0.485
tr|A0A6I8PGD8|A0A6I8PGD8_ORNAN	Ornithorhynchus anatinus	vertebrate	857	nonchannel_class_c_gpcr	high	1071.0	0.8316		1.0
tr|A0A6I8PGU1|A0A6I8PGU1_ORNAN	Ornithorhynchus anatinus	vertebrate	1122	assoc_cav_aux	high	698.2	0.9726		1.0
tr|A0A6I8PGV7|A0A6I8PGV7_ORNAN	Ornithorhynchus anatinus	vertebrate	391	assoc_cav_aux	high	227.7	0.5926		1.0
tr|A0A6I8PHH6|A0A6I8PHH6_ORNAN	Ornithorhynchus anatinus	vertebrate	751	assoc_k_beta	medium	154.8	0.4882	lrrc8	0.2384
tr|A0A6I8PHK8|A0A6I8PHK8_ORNAN	Ornithorhynchus anatinus	vertebrate	485	assoc_mcu_reg	high	569.4	0.964	nonchannel_ncs	0.9366
tr|A0A6I8PHV7|A0A6I8PHV7_ORNAN	Ornithorhynchus anatinus	vertebrate	236	assoc_k_beta	high	137.1	0.811		1.0
tr|A0A6I8PI14|A0A6I8PI14_ORNAN	Ornithorhynchus anatinus	vertebrate	383	nonchannel_vsp	medium	172.1	0.4746		1.0
tr|A0A6I8PI81|A0A6I8PI81_ORNAN	Ornithorhynchus anatinus	vertebrate	1698	assoc_nav_beta	medium	70.5	0.4866		1.0
tr|A0A6I8PIE0|A0A6I8PIE0_ORNAN	Ornithorhynchus anatinus	vertebrate	167	assoc_kcne	high	84.9	0.6142		1.0
tr|A0A6I8PJ01|A0A6I8PJ01_ORNAN	Ornithorhynchus anatinus	vertebrate	516	assoc_k_beta	high	73.9	0.5932		1.0
tr|A0A6I8PJ53|A0A6I8PJ53_ORNAN	Ornithorhynchus anatinus	vertebrate	465	assoc_k_beta	high	84.6	0.643	lrrc8	0.4953
tr|A0A6I8PJZ7|A0A6I8PJZ7_ORNAN	Ornithorhynchus anatinus	vertebrate	387	nonchannel_class_c_gpcr	medium	57.2	0.304		1.0
tr|A0A6I8PK71|A0A6I8PK71_XENTR	Xenopus tropicalis	vertebrate	908	nonchannel_class_c_gpcr	high	743.9	0.9243	iglur_nonvertebrate	0.9671
tr|A0A6I8PK97|A0A6I8PK97_ORNAN	Ornithorhynchus anatinus	vertebrate	255	assoc_kchip	high	455.9	0.9721	nonchannel_ncs	0.5946
tr|A0A6I8PLB6|A0A6I8PLB6_ORNAN	Ornithorhynchus anatinus	vertebrate	280	assoc_k_beta	high	53.5	0.6142		1.0
tr|A0A6I8PMC8|A0A6I8PMC8_ORNAN	Ornithorhynchus anatinus	vertebrate	701	nonchannel_class_c_gpcr	high	496.6	0.7706		1.0
tr|A0A6I8PN44|A0A6I8PN44_ORNAN	Ornithorhynchus anatinus	vertebrate	191	assoc_nav_beta	high	96.9	0.7768		1.0
tr|A0A6I8PP99|A0A6I8PP99_ORNAN	Ornithorhynchus anatinus	vertebrate	132	nonchannel_kctd	medium	51.9	0.3218		1.0
tr|A0A6I8PPV1|A0A6I8PPV1_ORNAN	Ornithorhynchus anatinus	vertebrate	534	nonchannel_ncs	medium	41.8	0.3316		1.0
tr|A0A6I8PQ05|A0A6I8PQ05_ORNAN	Ornithorhynchus anatinus	vertebrate	604	assoc_k_beta	high	118.7	0.8189		1.0
tr|A0A6I8PQ84|A0A6I8PQ84_ORNAN	Ornithorhynchus anatinus	vertebrate	917	assoc_clc_aux	high	1240.6	0.987		1.0
tr|A0A6I8PQY2|A0A6I8PQY2_ORNAN	Ornithorhynchus anatinus	vertebrate	443	nonchannel_ncs	medium	86.1	0.7461	assoc_kchip	0.108
tr|A0A6I8PR19|A0A6I8PR19_XENTR	Xenopus tropicalis	vertebrate	381	assoc_iglur_aux	high	184.8	0.5491		1.0
tr|A0A6I8PRR1|A0A6I8PRR1_ORNAN	Ornithorhynchus anatinus	vertebrate	1153	assoc_catsper_aux	high	421.4	0.9262		1.0
tr|A0A6I8PSX5|A0A6I8PSX5_XENTR	Xenopus tropicalis	vertebrate	1505	nonchannel_ncs	high	63.4	0.5959	assoc_kchip	0.4274
tr|A0A6I8PSY9|A0A6I8PSY9_XENTR	Xenopus tropicalis	vertebrate	259	assoc_k_beta	medium	53.0	0.3307	lrrc8	0.4868
tr|A0A6I8PTE7|A0A6I8PTE7_XENTR	Xenopus tropicalis	vertebrate	653	assoc_k_beta	medium	102.6	0.5879	lrrc8	0.1862
tr|A0A6I8PWM0|A0A6I8PWM0_XENTR	Xenopus tropicalis	vertebrate	281	outofscope_aquaporin	high	94.8	0.8434		1.0
tr|A0A6I8PWZ4|A0A6I8PWZ4_XENTR	Xenopus tropicalis	vertebrate	886	assoc_clc_aux	high	991.9	0.9512		1.0
tr|A0A6I8PZ85|A0A6I8PZ85_XENTR	Xenopus tropicalis	vertebrate	864	nonchannel_class_c_gpcr	high	1130.8	0.9729	nmda	0.9766
tr|A0A6I8PZ96|A0A6I8PZ96_XENTR	Xenopus tropicalis	vertebrate	924	nonchannel_class_c_gpcr	high	680.3	0.9367	iglur_nonvertebrate	0.9474
tr|A0A6I8PZD7|A0A6I8PZD7_XENTR	Xenopus tropicalis	vertebrate	318	outofscope_aquaporin	high	314.8	0.9573		1.0
tr|A0A6I8Q3I1|A0A6I8Q3I1_XENTR	Xenopus tropicalis	vertebrate	1349	nonchannel_abc_transporter	medium	677.4	0.4732	assoc_sur	0.6011
tr|A0A6I8Q6I0|A0A6I8Q6I0_XENTR	Xenopus tropicalis	vertebrate	217	assoc_nav_beta	high	206.5	0.8973		1.0
tr|A0A6I8Q6R2|A0A6I8Q6R2_XENTR	Xenopus tropicalis	vertebrate	2851	assoc_k_beta	high	52.8	0.6115		1.0
tr|A0A6I8Q7N1|A0A6I8Q7N1_XENTR	Xenopus tropicalis	vertebrate	785	nonchannel_abc_transporter	medium	396.6	0.4555	assoc_sur	0.6773
tr|A0A6I8Q821|A0A6I8Q821_XENTR	Xenopus tropicalis	vertebrate	1172	nonchannel_class_c_gpcr	high	1155.7	0.9582		1.0
tr|A0A6I8QBD6|A0A6I8QBD6_XENTR	Xenopus tropicalis	vertebrate	1262	nonchannel_abc_transporter	medium	697.3	0.4762	assoc_sur	0.6068
tr|A0A6I8QBU7|A0A6I8QBU7_XENTR	Xenopus tropicalis	vertebrate	259	outofscope_aquaporin	high	189.4	0.8363		1.0
tr|A0A6I8QGI8|A0A6I8QGI8_XENTR	Xenopus tropicalis	vertebrate	598	assoc_k_beta	medium	108.7	0.4016		1.0
tr|A0A6I8QHX3|A0A6I8QHX3_XENTR	Xenopus tropicalis	vertebrate	735	transporter_slc26	high	878.0	0.9626		1.0
tr|A0A6I8QKX5|A0A6I8QKX5_XENTR	Xenopus tropicalis	vertebrate	299	assoc_iglur_aux	high	82.2	0.5995		1.0
tr|A0A6I8QLH7|A0A6I8QLH7_XENTR	Xenopus tropicalis	vertebrate	731	nonchannel_pomt	high	966.2	0.9175		1.0
tr|A0A6I8QM82|A0A6I8QM82_XENTR	Xenopus tropicalis	vertebrate	1289	nonchannel_abc_transporter	high	1550.0	0.9617	assoc_sur	0.4493
tr|A0A6I8QP08|A0A6I8QP08_XENTR	Xenopus tropicalis	vertebrate	872	assoc_k_beta	medium	113.5	0.5223	lrrc8	0.1789
tr|A0A6I8QR52|A0A6I8QR52_XENTR	Xenopus tropicalis	vertebrate	367	assoc_k_beta	high	277.8	0.8976		1.0
tr|A0A6I8QRV3|A0A6I8QRV3_XENTR	Xenopus tropicalis	vertebrate	1343	trpn	medium	119.4	0.4376	trpa	0.3384
tr|A0A6I8QS17|A0A6I8QS17_XENTR	Xenopus tropicalis	vertebrate	299	outofscope_aquaporin	high	282.6	0.9395		1.0
tr|A0A6I8QSI1|A0A6I8QSI1_XENTR	Xenopus tropicalis	vertebrate	1304	assoc_k_beta	medium	46.1	0.3832		1.0
tr|A0A6I8QSY5|A0A6I8QSY5_XENTR	Xenopus tropicalis	vertebrate	1525	nonchannel_abc_transporter	high	1835.6	0.9785	assoc_sur	0.526
tr|A0A6I8QYU0|A0A6I8QYU0_XENTR	Xenopus tropicalis	vertebrate	1546	nonchannel_class_c_gpcr	medium	84.3	0.374		1.0
tr|A0A6I8R053|A0A6I8R053_XENTR	Xenopus tropicalis	vertebrate	1284	nonchannel_abc_transporter	medium	698.3	0.4655	assoc_sur	0.6509
tr|A0A6I8R3P8|A0A6I8R3P8_XENTR	Xenopus tropicalis	vertebrate	272	nonchannel_ncs	high	53.3	0.5181		1.0
tr|A0A6I8R4I8|A0A6I8R4I8_XENTR	Xenopus tropicalis	vertebrate	986	nonchannel_vsp	medium	102.5	0.4801		1.0
tr|A0A6I8R950|A0A6I8R950_XENTR	Xenopus tropicalis	vertebrate	594	transporter_slc26	high	453.3	0.706		1.0
tr|A0A6I8RDH0|A0A6I8RDH0_XENTR	Xenopus tropicalis	vertebrate	716	nonchannel_abc_transporter	medium	353.6	0.4287	assoc_sur	0.6524
tr|A0A6I8RHG4|A0A6I8RHG4_XENTR	Xenopus tropicalis	vertebrate	1500	nonchannel_abc_transporter	high	1588.6	0.9946	assoc_sur	0.511
tr|A0A6I8RK54|A0A6I8RK54_XENTR	Xenopus tropicalis	vertebrate	1553	assoc_sur	high	3014.6	0.9994	nonchannel_abc_transporter	0.6159
tr|A0A6I8RK79|A0A6I8RK79_XENTR	Xenopus tropicalis	vertebrate	485	assoc_cav_aux	high	387.5	0.7353		1.0
tr|A0A6I8RKV3|A0A6I8RKV3_XENTR	Xenopus tropicalis	vertebrate	197	nonchannel_ncs	high	249.0	0.9171	assoc_kchip	0.5133
tr|A0A6I8RN52|A0A6I8RN52_XENTR	Xenopus tropicalis	vertebrate	205	assoc_k_beta	high	79.6	0.7927		1.0
tr|A0A6I8RPC7|A0A6I8RPC7_XENTR	Xenopus tropicalis	vertebrate	1319	nonchannel_abc_transporter	medium	715.2	0.4808	assoc_sur	0.6035
tr|A0A6I8RUY3|A0A6I8RUY3_XENTR	Xenopus tropicalis	vertebrate	668	assoc_mcu_reg	high	49.5	0.5968		1.0
tr|A0A6I8RXC4|A0A6I8RXC4_XENTR	Xenopus tropicalis	vertebrate	458	assoc_nav_beta	high	38.6	0.5625		1.0
tr|A0A6I8RZF7|A0A6I8RZF7_XENTR	Xenopus tropicalis	vertebrate	792	nonchannel_class_c_gpcr	medium	88.6	0.3299		1.0
tr|A0A6I8S0M4|A0A6I8S0M4_XENTR	Xenopus tropicalis	vertebrate	1116	assoc_cav_aux	high	633.7	0.9657		1.0
tr|A0A6I8S193|A0A6I8S193_XENTR	Xenopus tropicalis	vertebrate	311	assoc_k_beta	high	128.7	0.7244	lrrc8	0.8143
tr|A0A6I8S1J6|A0A6I8S1J6_XENTR	Xenopus tropicalis	vertebrate	613	assoc_k_beta	medium	96.6	0.6325	lrrc8	0.1843
tr|A0A6I8S1Y8|A0A6I8S1Y8_XENTR	Xenopus tropicalis	vertebrate	1552	nonchannel_abc_transporter	high	1700.9	0.9755	assoc_sur	0.5226
tr|A0A6I8S609|A0A6I8S609_XENTR	Xenopus tropicalis	vertebrate	1296	nonchannel_abc_transporter	medium	686.0	0.4509	assoc_sur	0.6324
tr|A0A6I8S6E0|A0A6I8S6E0_XENTR	Xenopus tropicalis	vertebrate	829	assoc_nav_beta	high	30.0	0.558		1.0
tr|A0A6I8SAZ8|A0A6I8SAZ8_XENTR	Xenopus tropicalis	vertebrate	235	assoc_k_beta	high	141.5	0.8504		1.0
tr|A0A6I8SB14|A0A6I8SB14_XENTR	Xenopus tropicalis	vertebrate	520	assoc_cav_aux	high	457.3	0.7435		1.0
tr|A0A6I8SE27|A0A6I8SE27_XENTR	Xenopus tropicalis	vertebrate	346	assoc_iglur_aux	high	79.4	0.5968		1.0
tr|A0A6I8SEE5|A0A6I8SEE5_XENTR	Xenopus tropicalis	vertebrate	754	transporter_slc26	high	910.3	0.9792		1.0
tr|A0A6I8SFZ9|A0A6I8SFZ9_XENTR	Xenopus tropicalis	vertebrate	732	transporter_slc26	high	867.9	0.9626		1.0
tr|A0A6I8SIC2|A0A6I8SIC2_XENTR	Xenopus tropicalis	vertebrate	509	assoc_k_beta	medium	51.3	0.5276	lrrc8	0.1969
tr|A0A6I8SII1|A0A6I8SII1_XENTR	Xenopus tropicalis	vertebrate	897	assoc_k_beta	medium	103.3	0.399		1.0
tr|A0A6I8SK19|A0A6I8SK19_XENTR	Xenopus tropicalis	vertebrate	1857	assoc_nav_beta	high	31.3	0.558		1.0
tr|A0A6I8SKU1|A0A6I8SKU1_XENTR	Xenopus tropicalis	vertebrate	556	nonchannel_ncs	high	66.8	0.7772	assoc_kchip	0.4536
tr|A0A6I8SLZ6|A0A6I8SLZ6_XENTR	Xenopus tropicalis	vertebrate	1430	nonchannel_abc_transporter	high	1540.4	0.9739	assoc_sur	0.535
tr|A0A6I8SRL1|A0A6I8SRL1_XENTR	Xenopus tropicalis	vertebrate	886	nonchannel_class_c_gpcr	high	1237.8	0.9548		1.0
tr|A0A6I8SSF1|A0A6I8SSF1_XENTR	Xenopus tropicalis	vertebrate	317	assoc_cav_aux	high	248.7	0.5748		1.0
tr|A0A6I8STF1|A0A6I8STF1_XENTR	Xenopus tropicalis	vertebrate	208	nonchannel_ncs	high	40.3	0.5544		1.0
tr|A0A6I8STI5|A0A6I8STI5_XENTR	Xenopus tropicalis	vertebrate	745	nonchannel_abc_transporter	medium	334.0	0.4256	cftr	0.6141
tr|A0A6I8SUB7|A0A6I8SUB7_XENTR	Xenopus tropicalis	vertebrate	1527	assoc_k_beta	medium	30.6	0.4436	lrrc8	0.1797
tr|A0A6I8SUW9|A0A6I8SUW9_XENTR	Xenopus tropicalis	vertebrate	1135	nonchannel_ncs	medium	32.3	0.3368		1.0
tr|A0A6I8SVR2|A0A6I8SVR2_XENTR	Xenopus tropicalis	vertebrate	359	nonchannel_gasdermin	high	285.8	0.5932		1.0
tr|A0A6I8T1U1|A0A6I8T1U1_XENTR	Xenopus tropicalis	vertebrate	771	assoc_stim	high	1005.0	0.7956		1.0
tr|A0A6I8T2B2|A0A6I8T2B2_XENTR	Xenopus tropicalis	vertebrate	529	assoc_iglur_aux	high	338.1	0.9894		1.0
tr|A0A6M3Q7U5|A0A6M3Q7U5_DROME	Drosophila melanogaster	invertebrate	789	assoc_k_beta	medium	73.8	0.4462	lrrc8	0.1463
tr|A0A6V7QYI0|A0A6V7QYI0_CAEEL	Caenorhabditis elegans	invertebrate	302	outofscope_aquaporin	high	216.2	0.879		1.0
tr|A0A7D9NJN6|A0A7D9NJN6_XENTR	Xenopus tropicalis	vertebrate	760	assoc_k_beta	medium	61.8	0.3675		1.0
tr|A0A7I3Z9V4|A0A7I3Z9V4_PHYPA	Physcomitrium patens	plant	232	nonchannel_ncs	medium	84.1	0.8705	assoc_kchip	0.2842
tr|A0A7I3ZZS4|A0A7I3ZZS4_PHYPA	Physcomitrium patens	plant	578	nonchannel_ncs	high	45.2	0.5803		1.0
tr|A0A7I4A1M5|A0A7I4A1M5_PHYPA	Physcomitrium patens	plant	205	nonchannel_ncs	high	54.6	0.5699		1.0
tr|A0A7I4A7H2|A0A7I4A7H2_PHYPA	Physcomitrium patens	plant	379	outofscope_aquaporin	high	124.6	0.8541		1.0
tr|A0A7I4A928|A0A7I4A928_PHYPA	Physcomitrium patens	plant	1430	lrrc8	medium	52.8	0.3661		1.0
tr|A0A7I4ABA6|A0A7I4ABA6_PHYPA	Physcomitrium patens	plant	569	nonchannel_ncs	high	32.0	0.6062		1.0
tr|A0A7I4AR54|A0A7I4AR54_PHYPA	Physcomitrium patens	plant	702	nonchannel_abc_transporter	medium	302.0	0.3972	cftr	0.6166
tr|A0A7I4ART7|A0A7I4ART7_PHYPA	Physcomitrium patens	plant	1368	nonchannel_abc_transporter	medium	103.1	0.362		1.0
tr|A0A7I4B2E7|A0A7I4B2E7_PHYPA	Physcomitrium patens	plant	336	nonchannel_ncs	high	32.9	0.6684		1.0
tr|A0A7I4BK15|A0A7I4BK15_PHYPA	Physcomitrium patens	plant	257	outofscope_aquaporin	high	165.5	0.8327		1.0
tr|A0A7I4BPQ6|A0A7I4BPQ6_PHYPA	Physcomitrium patens	plant	768	nonchannel_abc_transporter	medium	344.0	0.4241	assoc_sur	0.5759
tr|A0A7I4BUN6|A0A7I4BUN6_PHYPA	Physcomitrium patens	plant	213	nonchannel_ncs	medium	83.7	0.8705	assoc_kchip	0.2975
tr|A0A7I4CAF9|A0A7I4CAF9_PHYPA	Physcomitrium patens	plant	1329	nonchannel_abc_transporter	high	1234.4	0.9586	assoc_sur	0.4247
tr|A0A7I4CBD9|A0A7I4CBD9_PHYPA	Physcomitrium patens	plant	504	nonchannel_ncs	high	73.7	0.9171	assoc_kchip	0.4966
tr|A0A7I4CHQ2|A0A7I4CHQ2_PHYPA	Physcomitrium patens	plant	777	nonchannel_vsp	medium	118.7	0.4112		1.0
tr|A0A7I4CIH2|A0A7I4CIH2_PHYPA	Physcomitrium patens	plant	280	clic	high	110.9	0.7909		1.0
tr|A0A7I4D9H7|A0A7I4D9H7_PHYPA	Physcomitrium patens	plant	317	hv1	medium	51.6	0.4549		1.0
tr|A0A7I4DJS3|A0A7I4DJS3_PHYPA	Physcomitrium patens	plant	169	nonchannel_ncs	high	41.0	0.5751		1.0
tr|A0A7I4DW37|A0A7I4DW37_PHYPA	Physcomitrium patens	plant	239	nonchannel_ncs	medium	72.9	0.8705	assoc_kchip	0.2908
tr|A0A7I4E5I3|A0A7I4E5I3_PHYPA	Physcomitrium patens	plant	652	transporter_slc26	high	409.6	0.8252		1.0
tr|A0A7I4ECR2|A0A7I4ECR2_PHYPA	Physcomitrium patens	plant	249	nonchannel_ncs	high	36.8	0.6788		1.0
tr|A0A7I4EY90|A0A7I4EY90_PHYPA	Physcomitrium patens	plant	213	nonchannel_ncs	medium	81.6	0.8808	assoc_kchip	0.2365
tr|A0A7I4F218|A0A7I4F218_PHYPA	Physcomitrium patens	plant	159	nonchannel_ncs	medium	45.6	0.3212	assoc_kchip	0.2829
tr|A0A7I4FMU4|A0A7I4FMU4_PHYPA	Physcomitrium patens	plant	308	outofscope_aquaporin	high	184.3	0.8399		1.0
tr|A0A7I4FVM0|A0A7I4FVM0_PHYPA	Physcomitrium patens	plant	1448	nonchannel_abc_transporter	medium	506.8	0.4003	assoc_sur	0.57
tr|A0A7M6UC53|A0A7M6UC53_STRPU	Strongylocentrotus purpuratus	deuterostome	3581	assoc_polycystin1	high	791.6	0.7083	trpp	0.9505
tr|A0A7M6USZ5|A0A7M6USZ5_STRPU	Strongylocentrotus purpuratus	deuterostome	1577	nonchannel_abc_transporter	high	1635.2	0.9762	assoc_sur	0.5243
tr|A0A7M6UWS2|A0A7M6UWS2_STRPU	Strongylocentrotus purpuratus	deuterostome	894	assoc_k_beta	medium	77.1	0.4593		1.0
tr|A0A7M7FZQ4|A0A7M7FZQ4_STRPU	Strongylocentrotus purpuratus	deuterostome	156	nonchannel_ncs	high	57.9	0.5648		1.0
tr|A0A7M7G145|A0A7M7G145_STRPU	Strongylocentrotus purpuratus	deuterostome	288	outofscope_aquaporin	high	150.0	0.8861		1.0
tr|A0A7M7G3R6|A0A7M7G3R6_STRPU	Strongylocentrotus purpuratus	deuterostome	295	outofscope_aquaporin	high	236.3	0.8292		1.0
tr|A0A7M7GFL0|A0A7M7GFL0_STRPU	Strongylocentrotus purpuratus	deuterostome	188	nonchannel_ncs	medium	207.8	0.9534	assoc_kchip	0.1506
tr|A0A7M7GG84|A0A7M7GG84_STRPU	Strongylocentrotus purpuratus	deuterostome	282	outofscope_aquaporin	high	44.2	0.8043		1.0
tr|A0A7M7GHI3|A0A7M7GHI3_STRPU	Strongylocentrotus purpuratus	deuterostome	1596	nonchannel_abc_transporter	high	1343.4	0.944	assoc_sur	0.4828
tr|A0A7M7GHK6|A0A7M7GHK6_STRPU	Strongylocentrotus purpuratus	deuterostome	879	assoc_k_beta	medium	61.4	0.4462		1.0
tr|A0A7M7GHL6|A0A7M7GHL6_STRPU	Strongylocentrotus purpuratus	deuterostome	522	assoc_k_beta	medium	47.5	0.3832	lrrc8	0.3516
tr|A0A7M7GI02|A0A7M7GI02_STRPU	Strongylocentrotus purpuratus	deuterostome	639	assoc_k_beta	medium	85.4	0.4436	lrrc8	0.1604
tr|A0A7M7GI24|A0A7M7GI24_STRPU	Strongylocentrotus purpuratus	deuterostome	190	nonchannel_ncs	high	32.8	0.5389		1.0
tr|A0A7M7GJI7|A0A7M7GJI7_STRPU	Strongylocentrotus purpuratus	deuterostome	382	nonchannel_vsp	medium	203.1	0.4692		1.0
tr|A0A7M7GKH8|A0A7M7GKH8_STRPU	Strongylocentrotus purpuratus	deuterostome	1239	assoc_cav_aux	high	301.1	0.9698		1.0
tr|A0A7M7GL40|A0A7M7GL40_STRPU	Strongylocentrotus purpuratus	deuterostome	934	assoc_k_beta	medium	61.4	0.3596		1.0
tr|A0A7M7GLS8|A0A7M7GLS8_STRPU	Strongylocentrotus purpuratus	deuterostome	788	assoc_k_beta	medium	84.9	0.4462	lrrc8	0.1284
tr|A0A7M7GN02|A0A7M7GN02_STRPU	Strongylocentrotus purpuratus	deuterostome	658	assoc_k_beta	medium	78.4	0.4514	lrrc8	0.1441
tr|A0A7M7GQX5|A0A7M7GQX5_STRPU	Strongylocentrotus purpuratus	deuterostome	184	nonchannel_ncs	high	46.5	0.9482	assoc_kchip	0.4215
tr|A0A7M7HC30|A0A7M7HC30_STRPU	Strongylocentrotus purpuratus	deuterostome	686	assoc_mcu_reg	high	50.2	0.5518		1.0
tr|A0A7M7HCD8|A0A7M7HCD8_STRPU	Strongylocentrotus purpuratus	deuterostome	1103	assoc_k_beta	medium	84.4	0.3176		1.0
tr|A0A7M7HDT5|A0A7M7HDT5_STRPU	Strongylocentrotus purpuratus	deuterostome	765	assoc_k_beta	medium	63.0	0.336		1.0
tr|A0A7M7HEK6|A0A7M7HEK6_STRPU	Strongylocentrotus purpuratus	deuterostome	421	assoc_k_beta	medium	47.9	0.3806	lrrc8	0.1273
tr|A0A7M7HEL1|A0A7M7HEL1_STRPU	Strongylocentrotus purpuratus	deuterostome	513	assoc_k_beta	medium	54.4	0.3228	lrrc8	0.3695
tr|A0A7M7HF09|A0A7M7HF09_STRPU	Strongylocentrotus purpuratus	deuterostome	685	assoc_k_beta	medium	74.5	0.4173		1.0
tr|A0A7M7HFM1|A0A7M7HFM1_STRPU	Strongylocentrotus purpuratus	deuterostome	916	assoc_k_beta	medium	108.2	0.4646		1.0
tr|A0A7M7HH07|A0A7M7HH07_STRPU	Strongylocentrotus purpuratus	deuterostome	170	nonchannel_ncs	high	69.5	0.8031	assoc_kchip	0.3669
tr|A0A7M7HH36|A0A7M7HH36_STRPU	Strongylocentrotus purpuratus	deuterostome	676	assoc_k_beta	medium	58.2	0.3858	lrrc8	0.512
tr|A0A7M7HHC0|A0A7M7HHC0_STRPU	Strongylocentrotus purpuratus	deuterostome	1213	assoc_clc_aux	high	527.4	0.9479		1.0
tr|A0A7M7HIG5|A0A7M7HIG5_STRPU	Strongylocentrotus purpuratus	deuterostome	848	transporter_slc26	high	714.4	0.9515		1.0
tr|A0A7M7HIT0|A0A7M7HIT0_STRPU	Strongylocentrotus purpuratus	deuterostome	763	nonchannel_class_c_gpcr	high	303.2	0.7751	nmda	0.8865
tr|A0A7M7HIW0|A0A7M7HIW0_STRPU	Strongylocentrotus purpuratus	deuterostome	932	assoc_k_beta	medium	86.6	0.3097		1.0
tr|A0A7M7HJ22|A0A7M7HJ22_STRPU	Strongylocentrotus purpuratus	deuterostome	167	nonchannel_ncs	medium	54.2	0.3161		1.0
tr|A0A7M7HJ41|A0A7M7HJ41_STRPU	Strongylocentrotus purpuratus	deuterostome	1154	assoc_k_beta	medium	97.2	0.3412		1.0
tr|A0A7M7HK80|A0A7M7HK80_STRPU	Strongylocentrotus purpuratus	deuterostome	1039	nonchannel_ncs	high	40.7	0.5544		1.0
tr|A0A7M7HLF7|A0A7M7HLF7_STRPU	Strongylocentrotus purpuratus	deuterostome	1078	nonchannel_class_c_gpcr	high	274.2	0.8056		1.0
tr|A0A7M7HLS1|A0A7M7HLS1_STRPU	Strongylocentrotus purpuratus	deuterostome	774	assoc_k_beta	medium	47.4	0.4094		1.0
tr|A0A7M7HLT5|A0A7M7HLT5_STRPU	Strongylocentrotus purpuratus	deuterostome	772	assoc_k_beta	high	83.8	0.5643	lrrc8	0.3007
tr|A0A7M7HLT9|A0A7M7HLT9_STRPU	Strongylocentrotus purpuratus	deuterostome	644	assoc_k_beta	medium	74.2	0.4016	lrrc8	0.3908
tr|A0A7M7HM32|A0A7M7HM32_STRPU	Strongylocentrotus purpuratus	deuterostome	908	assoc_k_beta	medium	93.3	0.4541	lrrc8	0.2497
tr|A0A7M7HN51|A0A7M7HN51_STRPU	Strongylocentrotus purpuratus	deuterostome	149	nonchannel_ncs	high	59.1	0.5648		1.0
tr|A0A7M7HN84|A0A7M7HN84_STRPU	Strongylocentrotus purpuratus	deuterostome	908	assoc_k_beta	medium	89.7	0.4094		1.0
tr|A0A7M7HND1|A0A7M7HND1_STRPU	Strongylocentrotus purpuratus	deuterostome	945	nonchannel_class_c_gpcr	high	492.8	0.9266	nmda	0.9326
tr|A0A7M7HNJ9|A0A7M7HNJ9_STRPU	Strongylocentrotus purpuratus	deuterostome	811	assoc_k_beta	medium	57.5	0.5381	lrrc8	0.2991
tr|A0A7M7HNV9|A0A7M7HNV9_STRPU	Strongylocentrotus purpuratus	deuterostome	479	assoc_mcu_reg	high	362.2	0.9122		1.0
tr|A0A7M7HPS8|A0A7M7HPS8_STRPU	Strongylocentrotus purpuratus	deuterostome	512	assoc_k_beta	medium	70.7	0.3543	lrrc8	0.1556
tr|A0A7M7HPZ6|A0A7M7HPZ6_STRPU	Strongylocentrotus purpuratus	deuterostome	1443	nonchannel_abc_transporter	high	1348.3	0.9578	cftr	0.3421
tr|A0A7M7HQS0|A0A7M7HQS0_STRPU	Strongylocentrotus purpuratus	deuterostome	901	assoc_k_beta	medium	79.0	0.3806		1.0
tr|A0A7M7HR98|A0A7M7HR98_STRPU	Strongylocentrotus purpuratus	deuterostome	837	trpa	medium	86.6	0.3664	trpn	0.5115
tr|A0A7M7LNZ5|A0A7M7LNZ5_STRPU	Strongylocentrotus purpuratus	deuterostome	1137	assoc_k_beta	medium	129.0	0.5302	lrrc8	0.1566
tr|A0A7M7LTB5|A0A7M7LTB5_STRPU	Strongylocentrotus purpuratus	deuterostome	916	assoc_k_beta	medium	114.8	0.4777		1.0
tr|A0A7M7LTI0|A0A7M7LTI0_STRPU	Strongylocentrotus purpuratus	deuterostome	149	nonchannel_ncs	high	57.0	0.5751		1.0
tr|A0A7M7LTI9|A0A7M7LTI9_STRPU	Strongylocentrotus purpuratus	deuterostome	928	assoc_k_beta	medium	80.8	0.3438		1.0
tr|A0A7M7LTS6|A0A7M7LTS6_STRPU	Strongylocentrotus purpuratus	deuterostome	576	assoc_k_beta	medium	35.8	0.3491		1.0
tr|A0A7M7LU48|A0A7M7LU48_STRPU	Strongylocentrotus purpuratus	deuterostome	891	assoc_k_beta	medium	83.6	0.399		1.0
tr|A0A7M7LW81|A0A7M7LW81_STRPU	Strongylocentrotus purpuratus	deuterostome	1349	nonchannel_abc_transporter	medium	671.9	0.4816	assoc_sur	0.6348
tr|A0A7M7LWE2|A0A7M7LWE2_STRPU	Strongylocentrotus purpuratus	deuterostome	847	assoc_k_beta	high	68.9	0.5407		1.0
tr|A0A7M7LWQ3|A0A7M7LWQ3_STRPU	Strongylocentrotus purpuratus	deuterostome	237	outofscope_aquaporin	high	163.7	0.7189		1.0
tr|A0A7M7LWR5|A0A7M7LWR5_STRPU	Strongylocentrotus purpuratus	deuterostome	941	assoc_k_beta	medium	104.3	0.4882		1.0
tr|A0A7M7MWV3|A0A7M7MWV3_STRPU	Strongylocentrotus purpuratus	deuterostome	1309	assoc_k_beta	medium	130.8	0.4357	lrrc8	0.2187
tr|A0A7M7MXC6|A0A7M7MXC6_STRPU	Strongylocentrotus purpuratus	deuterostome	831	nonchannel_abc_transporter	medium	388.9	0.4739	assoc_sur	0.6315
tr|A0A7M7MXL0|A0A7M7MXL0_STRPU	Strongylocentrotus purpuratus	deuterostome	481	nonchannel_ncs	high	74.2	0.6166	assoc_kchip	0.3935
tr|A0A7M7MZB4|A0A7M7MZB4_STRPU	Strongylocentrotus purpuratus	deuterostome	924	nonchannel_class_c_gpcr	high	1001.6	0.9458	nmda	0.964
tr|A0A7M7MZC3|A0A7M7MZC3_STRPU	Strongylocentrotus purpuratus	deuterostome	982	assoc_clc_aux	high	621.4	0.9761		1.0
tr|A0A7M7MZC9|A0A7M7MZC9_STRPU	Strongylocentrotus purpuratus	deuterostome	167	nonchannel_ncs	medium	35.5	0.4508		1.0
tr|A0A7M7MZD9|A0A7M7MZD9_STRPU	Strongylocentrotus purpuratus	deuterostome	1111	assoc_cav_aux	high	320.3	0.9657		1.0
tr|A0A7M7MZF4|A0A7M7MZF4_STRPU	Strongylocentrotus purpuratus	deuterostome	762	transporter_slc26	high	673.5	0.9681		1.0
tr|A0A7M7MZI4|A0A7M7MZI4_STRPU	Strongylocentrotus purpuratus	deuterostome	855	nonchannel_class_c_gpcr	high	455.9	0.8463	iglur_nonvertebrate	0.9496
tr|A0A7M7N065|A0A7M7N065_STRPU	Strongylocentrotus purpuratus	deuterostome	480	nonchannel_ncs	high	73.3	0.6166	assoc_kchip	0.3861
tr|A0A7M7N0L6|A0A7M7N0L6_STRPU	Strongylocentrotus purpuratus	deuterostome	536	nonchannel_class_c_gpcr	high	346.9	0.5153		1.0
tr|A0A7M7N215|A0A7M7N215_STRPU	Strongylocentrotus purpuratus	deuterostome	835	assoc_k_beta	medium	109.7	0.4751		1.0
tr|A0A7M7N2P0|A0A7M7N2P0_STRPU	Strongylocentrotus purpuratus	deuterostome	650	assoc_cav_aux	high	317.4	0.535		1.0
tr|A0A7M7N2P6|A0A7M7N2P6_STRPU	Strongylocentrotus purpuratus	deuterostome	1848	nonchannel_vsp	high	113.6	0.567		1.0
tr|A0A7M7N2T4|A0A7M7N2T4_STRPU	Strongylocentrotus purpuratus	deuterostome	711	nonchannel_gasdermin	high	96.9	0.5678		1.0
tr|A0A7M7N2U0|A0A7M7N2U0_STRPU	Strongylocentrotus purpuratus	deuterostome	658	assoc_k_beta	medium	79.7	0.4514	lrrc8	0.1568
tr|A0A7M7N2U6|A0A7M7N2U6_STRPU	Strongylocentrotus purpuratus	deuterostome	2752	nonchannel_vsp	high	112.8	0.567		1.0
tr|A0A7M7N2V7|A0A7M7N2V7_STRPU	Strongylocentrotus purpuratus	deuterostome	891	assoc_k_beta	medium	76.5	0.399		1.0
tr|A0A7M7N2Y2|A0A7M7N2Y2_STRPU	Strongylocentrotus purpuratus	deuterostome	214	nonchannel_ncs	high	44.0	0.5544		1.0
tr|A0A7M7N3G7|A0A7M7N3G7_STRPU	Strongylocentrotus purpuratus	deuterostome	605	nonchannel_class_c_gpcr	medium	85.3	0.3785		1.0
tr|A0A7M7N3I9|A0A7M7N3I9_STRPU	Strongylocentrotus purpuratus	deuterostome	512	assoc_k_beta	medium	59.3	0.4619		1.0
tr|A0A7M7N3J5|A0A7M7N3J5_STRPU	Strongylocentrotus purpuratus	deuterostome	916	assoc_k_beta	medium	88.3	0.4619		1.0
tr|A0A7M7N3K5|A0A7M7N3K5_STRPU	Strongylocentrotus purpuratus	deuterostome	417	assoc_k_beta	medium	43.9	0.4226		1.0
tr|A0A7M7N3M1|A0A7M7N3M1_STRPU	Strongylocentrotus purpuratus	deuterostome	811	assoc_k_beta	high	55.1	0.9475		1.0
tr|A0A7M7N407|A0A7M7N407_STRPU	Strongylocentrotus purpuratus	deuterostome	502	nonchannel_gasdermin	high	115.5	0.6758		1.0
tr|A0A7M7N4A8|A0A7M7N4A8_STRPU	Strongylocentrotus purpuratus	deuterostome	1018	nonchannel_class_c_gpcr	medium	132.7	0.4147	nmda	0.8199
tr|A0A7M7N4P2|A0A7M7N4P2_STRPU	Strongylocentrotus purpuratus	deuterostome	535	nonchannel_ncs	high	36.8	0.6477		1.0
tr|A0A7M7N568|A0A7M7N568_STRPU	Strongylocentrotus purpuratus	deuterostome	590	assoc_clc_aux	high	315.6	0.5803		1.0
tr|A0A7M7N5C2|A0A7M7N5C2_STRPU	Strongylocentrotus purpuratus	deuterostome	404	assoc_k_beta	medium	46.3	0.4016		1.0
tr|A0A7M7N5I9|A0A7M7N5I9_STRPU	Strongylocentrotus purpuratus	deuterostome	1755	nonchannel_class_c_gpcr	high	637.0	0.878		1.0
tr|A0A7M7N5Y4|A0A7M7N5Y4_STRPU	Strongylocentrotus purpuratus	deuterostome	739	assoc_k_beta	medium	65.3	0.3255		1.0
tr|A0A7M7N666|A0A7M7N666_STRPU	Strongylocentrotus purpuratus	deuterostome	502	assoc_k_beta	medium	50.6	0.4383	lrrc8	0.3458
tr|A0A7M7N6B7|A0A7M7N6B7_STRPU	Strongylocentrotus purpuratus	deuterostome	105	nonchannel_ncs	medium	99.9	0.513	assoc_kchip	0.2232
tr|A0A7M7N6J7|A0A7M7N6J7_STRPU	Strongylocentrotus purpuratus	deuterostome	1532	nonchannel_abc_transporter	high	1318.5	0.9617	cftr	0.3405
tr|A0A7M7N6S5|A0A7M7N6S5_STRPU	Strongylocentrotus purpuratus	deuterostome	242	assoc_mcu_reg	medium	62.7	0.3806		1.0
tr|A0A7M7N6U8|A0A7M7N6U8_STRPU	Strongylocentrotus purpuratus	deuterostome	784	assoc_k_beta	medium	62.4	0.3255		1.0
tr|A0A7M7N6W0|A0A7M7N6W0_STRPU	Strongylocentrotus purpuratus	deuterostome	1052	nonchannel_class_c_gpcr	medium	120.8	0.3288		1.0
tr|A0A7M7N704|A0A7M7N704_STRPU	Strongylocentrotus purpuratus	deuterostome	894	assoc_clc_aux	high	344.2	0.8254		1.0
tr|A0A7M7N773|A0A7M7N773_STRPU	Strongylocentrotus purpuratus	deuterostome	603	assoc_k_beta	medium	42.0	0.4121		1.0
tr|A0A7M7N775|A0A7M7N775_STRPU	Strongylocentrotus purpuratus	deuterostome	917	assoc_clc_aux	high	340.1	0.7126		1.0
tr|A0A7M7N797|A0A7M7N797_STRPU	Strongylocentrotus purpuratus	deuterostome	982	assoc_clc_aux	high	516.9	0.9349		1.0
tr|A0A7M7N7B0|A0A7M7N7B0_STRPU	Strongylocentrotus purpuratus	deuterostome	334	assoc_clc_aux	medium	182.5	0.3286		1.0
tr|A0A7M7N7E3|A0A7M7N7E3_STRPU	Strongylocentrotus purpuratus	deuterostome	1723	nonchannel_ncs	high	63.4	0.715	assoc_kchip	0.3013
tr|A0A7M7N824|A0A7M7N824_STRPU	Strongylocentrotus purpuratus	deuterostome	743	assoc_k_beta	medium	84.0	0.4541		1.0
tr|A0A7M7N8M2|A0A7M7N8M2_STRPU	Strongylocentrotus purpuratus	deuterostome	503	assoc_k_beta	medium	49.7	0.4829	lrrc8	0.4809
tr|A0A7M7N958|A0A7M7N958_STRPU	Strongylocentrotus purpuratus	deuterostome	1578	nonchannel_ncs	high	54.5	0.5803	assoc_kchip	0.4771
tr|A0A7M7N973|A0A7M7N973_STRPU	Strongylocentrotus purpuratus	deuterostome	474	hv1	high	88.9	0.7333	nonchannel_vsp	0.7177
tr|A0A7M7N9R1|A0A7M7N9R1_STRPU	Strongylocentrotus purpuratus	deuterostome	321	outofscope_aquaporin	high	165.4	0.9217		1.0
tr|A0A7M7NA35|A0A7M7NA35_STRPU	Strongylocentrotus purpuratus	deuterostome	708	nonchannel_class_c_gpcr	medium	136.5	0.3085		1.0
tr|A0A7M7NAV5|A0A7M7NAV5_STRPU	Strongylocentrotus purpuratus	deuterostome	1396	nonchannel_vsp	high	124.7	0.5543		1.0
tr|A0A7M7NBV2|A0A7M7NBV2_STRPU	Strongylocentrotus purpuratus	deuterostome	304	outofscope_aquaporin	high	270.1	0.8826		1.0
tr|A0A7M7NBW5|A0A7M7NBW5_STRPU	Strongylocentrotus purpuratus	deuterostome	891	assoc_k_beta	medium	58.9	0.3963		1.0
tr|A0A7M7NCB1|A0A7M7NCB1_STRPU	Strongylocentrotus purpuratus	deuterostome	562	assoc_k_beta	medium	30.9	0.4593		1.0
tr|A0A7M7NCQ8|A0A7M7NCQ8_STRPU	Strongylocentrotus purpuratus	deuterostome	726	assoc_k_beta	medium	51.3	0.336		1.0
tr|A0A7M7NDB5|A0A7M7NDB5_STRPU	Strongylocentrotus purpuratus	deuterostome	611	assoc_k_beta	medium	53.4	0.3885		1.0
tr|A0A7M7NDV4|A0A7M7NDV4_STRPU	Strongylocentrotus purpuratus	deuterostome	1134	trpc	high	158.2	0.5818	assoc_k_beta	0.6631
tr|A0A7M7NE72|A0A7M7NE72_STRPU	Strongylocentrotus purpuratus	deuterostome	2307	nonchannel_class_c_gpcr	high	1019.5	0.8588	nmda	0.9232
tr|A0A7M7NE78|A0A7M7NE78_STRPU	Strongylocentrotus purpuratus	deuterostome	417	nonchannel_vsp	high	242.2	0.5236		1.0
tr|A0A7M7NER7|A0A7M7NER7_STRPU	Strongylocentrotus purpuratus	deuterostome	400	nonchannel_vsp	high	227.4	0.5453		1.0
tr|A0A7M7NFN3|A0A7M7NFN3_STRPU	Strongylocentrotus purpuratus	deuterostome	653	assoc_k_beta	medium	44.3	0.3517		1.0
tr|A0A7M7NFZ6|A0A7M7NFZ6_STRPU	Strongylocentrotus purpuratus	deuterostome	574	assoc_k_beta	medium	33.6	0.3465		1.0
tr|A0A7M7NG18|A0A7M7NG18_STRPU	Strongylocentrotus purpuratus	deuterostome	710	assoc_k_beta	medium	59.9	0.3438		1.0
tr|A0A7M7NGV1|A0A7M7NGV1_STRPU	Strongylocentrotus purpuratus	deuterostome	326	assoc_mcu_reg	high	294.5	0.6036	nonchannel_ncs	0.8377
tr|A0A7M7NH37|A0A7M7NH37_STRPU	Strongylocentrotus purpuratus	deuterostome	895	assoc_stim	medium	512.1	0.4982		1.0
tr|A0A7M7NHJ6|A0A7M7NHJ6_STRPU	Strongylocentrotus purpuratus	deuterostome	150	nonchannel_ncs	high	39.4	0.5544		1.0
tr|A0A7M7NHW1|A0A7M7NHW1_STRPU	Strongylocentrotus purpuratus	deuterostome	689	nonchannel_class_c_gpcr	high	296.5	0.6384	nmda	0.9103
tr|A0A7M7NI00|A0A7M7NI00_STRPU	Strongylocentrotus purpuratus	deuterostome	171	nonchannel_ncs	medium	39.0	0.4611		1.0
tr|A0A7M7NI45|A0A7M7NI45_STRPU	Strongylocentrotus purpuratus	deuterostome	962	nonchannel_class_c_gpcr	high	294.5	0.6859	nmda	0.9138
tr|A0A7M7NI84|A0A7M7NI84_STRPU	Strongylocentrotus purpuratus	deuterostome	1161	nonchannel_class_c_gpcr	high	299.4	0.7198	nmda	0.9158
tr|A0A7M7NJ04|A0A7M7NJ04_STRPU	Strongylocentrotus purpuratus	deuterostome	801	assoc_k_beta	medium	103.9	0.4094	lrrc8	0.3821
tr|A0A7M7NJA8|A0A7M7NJA8_STRPU	Strongylocentrotus purpuratus	deuterostome	1590	nonchannel_abc_transporter	high	1443.8	0.9578	assoc_sur	0.515
tr|A0A7M7NJD8|A0A7M7NJD8_STRPU	Strongylocentrotus purpuratus	deuterostome	786	assoc_k_beta	medium	86.8	0.4094	lrrc8	0.2984
tr|A0A7M7NJL1|A0A7M7NJL1_STRPU	Strongylocentrotus purpuratus	deuterostome	1477	nonchannel_abc_transporter	high	1461.2	0.9747	assoc_sur	0.5196
tr|A0A7M7NJN6|A0A7M7NJN6_STRPU	Strongylocentrotus purpuratus	deuterostome	338	assoc_k_beta	medium	59.5	0.3832	lrrc8	0.1412
tr|A0A7M7NJQ7|A0A7M7NJQ7_STRPU	Strongylocentrotus purpuratus	deuterostome	1375	nonchannel_abc_transporter	high	1428.7	0.9801	assoc_sur	0.4978
tr|A0A7M7NJU0|A0A7M7NJU0_STRPU	Strongylocentrotus purpuratus	deuterostome	206	assoc_k_beta	medium	41.7	0.3701	lrrc8	0.3765
tr|A0A7M7NK53|A0A7M7NK53_STRPU	Strongylocentrotus purpuratus	deuterostome	1454	nonchannel_abc_transporter	high	1428.3	0.9739	assoc_sur	0.5205
tr|A0A7M7NKG5|A0A7M7NKG5_STRPU	Strongylocentrotus purpuratus	deuterostome	1448	nonchannel_abc_transporter	high	1438.8	0.9739	assoc_sur	0.5086
tr|A0A7M7NKP0|A0A7M7NKP0_STRPU	Strongylocentrotus purpuratus	deuterostome	1200	nonchannel_abc_transporter	high	1323.3	0.8512	assoc_sur	0.4582
tr|A0A7M7NKR0|A0A7M7NKR0_STRPU	Strongylocentrotus purpuratus	deuterostome	522	assoc_k_beta	high	52.7	0.5354		1.0
tr|A0A7M7NKS0|A0A7M7NKS0_STRPU	Strongylocentrotus purpuratus	deuterostome	1465	nonchannel_abc_transporter	high	1444.2	0.9732	assoc_sur	0.5051
tr|A0A7M7NKZ1|A0A7M7NKZ1_STRPU	Strongylocentrotus purpuratus	deuterostome	758	assoc_k_beta	medium	47.8	0.3701		1.0
tr|A0A7M7NL71|A0A7M7NL71_STRPU	Strongylocentrotus purpuratus	deuterostome	758	assoc_k_beta	medium	47.8	0.3228		1.0
tr|A0A7M7NL84|A0A7M7NL84_STRPU	Strongylocentrotus purpuratus	deuterostome	736	nonchannel_abc_transporter	high	691.8	0.5192	assoc_sur	0.4342
tr|A0A7M7NLH3|A0A7M7NLH3_STRPU	Strongylocentrotus purpuratus	deuterostome	1470	nonchannel_abc_transporter	high	1298.2	0.9678	assoc_sur	0.4961
tr|A0A7M7NLI1|A0A7M7NLI1_STRPU	Strongylocentrotus purpuratus	deuterostome	1409	nonchannel_abc_transporter	high	1270.9	0.8704	assoc_sur	0.52
tr|A0A7M7NLQ1|A0A7M7NLQ1_STRPU	Strongylocentrotus purpuratus	deuterostome	555	assoc_k_beta	medium	44.7	0.3701	lrrc8	0.1275
tr|A0A7M7NMA6|A0A7M7NMA6_STRPU	Strongylocentrotus purpuratus	deuterostome	689	assoc_k_beta	medium	81.8	0.4173		1.0
tr|A0A7M7NML1|A0A7M7NML1_STRPU	Strongylocentrotus purpuratus	deuterostome	194	nonchannel_ncs	high	332.9	0.9845	assoc_kchip	0.4305
tr|A0A7M7NMR3|A0A7M7NMR3_STRPU	Strongylocentrotus purpuratus	deuterostome	1187	nonchannel_abc_transporter	high	1127.0	0.7738	cftr	0.4052
tr|A0A7M7NMT5|A0A7M7NMT5_STRPU	Strongylocentrotus purpuratus	deuterostome	1194	nonchannel_class_c_gpcr	high	655.7	0.939		1.0
tr|A0A7M7NN68|A0A7M7NN68_STRPU	Strongylocentrotus purpuratus	deuterostome	1419	nonchannel_abc_transporter	high	1327.0	0.9601	cftr	0.3521
tr|A0A7M7NN96|A0A7M7NN96_STRPU	Strongylocentrotus purpuratus	deuterostome	758	assoc_k_beta	medium	49.6	0.3491		1.0
tr|A0A7M7NNJ6|A0A7M7NNJ6_STRPU	Strongylocentrotus purpuratus	deuterostome	897	assoc_k_beta	medium	34.9	0.3806		1.0
tr|A0A7M7NNJ8|A0A7M7NNJ8_STRPU	Strongylocentrotus purpuratus	deuterostome	515	nonchannel_class_c_gpcr	medium	183.0	0.4497		1.0
tr|A0A7M7NNR5|A0A7M7NNR5_STRPU	Strongylocentrotus purpuratus	deuterostome	765	assoc_k_beta	medium	85.0	0.4068		1.0
tr|A0A7M7NNS5|A0A7M7NNS5_STRPU	Strongylocentrotus purpuratus	deuterostome	460	assoc_k_beta	medium	46.1	0.3622		1.0
tr|A0A7M7NP29|A0A7M7NP29_STRPU	Strongylocentrotus purpuratus	deuterostome	447	assoc_k_beta	medium	41.5	0.4121		1.0
tr|A0A7M7NPJ1|A0A7M7NPJ1_STRPU	Strongylocentrotus purpuratus	deuterostome	342	assoc_k_beta	medium	60.9	0.4751	lrrc8	0.1461
tr|A0A7M7NPK2|A0A7M7NPK2_STRPU	Strongylocentrotus purpuratus	deuterostome	617	transporter_slc26	high	398.6	0.8308		1.0
tr|A0A7M7NPX8|A0A7M7NPX8_STRPU	Strongylocentrotus purpuratus	deuterostome	1427	nonchannel_abc_transporter	high	1217.5	0.9517	assoc_sur	0.5042
tr|A0A7M7NQX2|A0A7M7NQX2_STRPU	Strongylocentrotus purpuratus	deuterostome	1425	nonchannel_abc_transporter	high	1225.8	0.9525	assoc_sur	0.5089
tr|A0A7M7NR50|A0A7M7NR50_STRPU	Strongylocentrotus purpuratus	deuterostome	484	assoc_k_beta	medium	42.6	0.3675		1.0
tr|A0A7M7NRR7|A0A7M7NRR7_STRPU	Strongylocentrotus purpuratus	deuterostome	379	assoc_k_beta	medium	50.6	0.3832	lrrc8	0.4328
tr|A0A7M7NRT7|A0A7M7NRT7_STRPU	Strongylocentrotus purpuratus	deuterostome	1367	assoc_k_beta	medium	61.3	0.4961	lrrc8	0.4111
tr|A0A7M7NS23|A0A7M7NS23_STRPU	Strongylocentrotus purpuratus	deuterostome	800	assoc_k_beta	medium	88.3	0.3228		1.0
tr|A0A7M7NS43|A0A7M7NS43_STRPU	Strongylocentrotus purpuratus	deuterostome	931	assoc_clc_aux	high	467.1	0.8568		1.0
tr|A0A7M7NSA1|A0A7M7NSA1_STRPU	Strongylocentrotus purpuratus	deuterostome	776	assoc_k_beta	medium	91.5	0.4147		1.0
tr|A0A7M7NSF3|A0A7M7NSF3_STRPU	Strongylocentrotus purpuratus	deuterostome	1158	assoc_clc_aux	high	421.9	0.7885		1.0
tr|A0A7M7NSG0|A0A7M7NSG0_STRPU	Strongylocentrotus purpuratus	deuterostome	183	nonchannel_ncs	high	312.9	0.9275	assoc_kchip	0.4161
tr|A0A7M7NSM8|A0A7M7NSM8_STRPU	Strongylocentrotus purpuratus	deuterostome	938	assoc_k_beta	medium	95.8	0.4068		1.0
tr|A0A7M7NSN8|A0A7M7NSN8_STRPU	Strongylocentrotus purpuratus	deuterostome	514	assoc_k_beta	medium	31.0	0.4173		1.0
tr|A0A7M7NT37|A0A7M7NT37_STRPU	Strongylocentrotus purpuratus	deuterostome	695	transporter_slc26	high	397.5	0.7573		1.0
tr|A0A7M7NTZ0|A0A7M7NTZ0_STRPU	Strongylocentrotus purpuratus	deuterostome	188	assoc_kchip	high	326.8	0.745	nonchannel_ncs	0.3975
tr|A0A7M7NUD2|A0A7M7NUD2_STRPU	Strongylocentrotus purpuratus	deuterostome	802	assoc_k_beta	medium	83.1	0.4226		1.0
tr|A0A7M7NUU0|A0A7M7NUU0_STRPU	Strongylocentrotus purpuratus	deuterostome	192	assoc_k_beta	medium	35.7	0.3045		1.0
tr|A0A7M7NUV7|A0A7M7NUV7_STRPU	Strongylocentrotus purpuratus	deuterostome	1273	assoc_k_beta	high	201.1	0.5039	lrrc8	0.4465
tr|A0A7M7NV58|A0A7M7NV58_STRPU	Strongylocentrotus purpuratus	deuterostome	131	assoc_k_beta	medium	55.3	0.3097		1.0
tr|A0A7M7NVI7|A0A7M7NVI7_STRPU	Strongylocentrotus purpuratus	deuterostome	404	assoc_k_beta	medium	31.9	0.3911		1.0
tr|A0A7M7NWH1|A0A7M7NWH1_STRPU	Strongylocentrotus purpuratus	deuterostome	154	nonchannel_ncs	medium	53.8	0.3161		1.0
tr|A0A7M7NWN2|A0A7M7NWN2_STRPU	Strongylocentrotus purpuratus	deuterostome	644	assoc_k_beta	medium	74.3	0.3937	lrrc8	0.3917
tr|A0A7M7NWV5|A0A7M7NWV5_STRPU	Strongylocentrotus purpuratus	deuterostome	948	nonchannel_abc_transporter	medium	633.2	0.4732	assoc_sur	0.5423
tr|A0A7M7NXH5|A0A7M7NXH5_STRPU	Strongylocentrotus purpuratus	deuterostome	1346	nonchannel_abc_transporter	medium	724.1	0.4778	assoc_sur	0.6085
tr|A0A7M7NXJ0|A0A7M7NXJ0_STRPU	Strongylocentrotus purpuratus	deuterostome	1307	nonchannel_abc_transporter	medium	720.8	0.4839	assoc_sur	0.605
tr|A0A7M7NXM3|A0A7M7NXM3_STRPU	Strongylocentrotus purpuratus	deuterostome	891	nonchannel_class_c_gpcr	high	787.1	0.939		1.0
tr|A0A7M7NXV5|A0A7M7NXV5_STRPU	Strongylocentrotus purpuratus	deuterostome	1393	nonchannel_abc_transporter	medium	734.8	0.454	assoc_sur	0.6187
tr|A0A7M7NYJ7|A0A7M7NYJ7_STRPU	Strongylocentrotus purpuratus	deuterostome	1221	nonchannel_abc_transporter	high	719.5	0.5015	assoc_sur	0.6032
tr|A0A7M7NZN4|A0A7M7NZN4_STRPU	Strongylocentrotus purpuratus	deuterostome	1393	nonchannel_abc_transporter	medium	734.5	0.454	assoc_sur	0.6215
tr|A0A7M7NZX2|A0A7M7NZX2_STRPU	Strongylocentrotus purpuratus	deuterostome	890	assoc_k_beta	medium	57.6	0.3386		1.0
tr|A0A7M7P0Q6|A0A7M7P0Q6_STRPU	Strongylocentrotus purpuratus	deuterostome	865	assoc_clc_aux	high	346.8	0.8308		1.0
tr|A0A7M7P115|A0A7M7P115_STRPU	Strongylocentrotus purpuratus	deuterostome	474	nonchannel_kctd	high	80.5	0.8738		1.0
tr|A0A7M7P140|A0A7M7P140_STRPU	Strongylocentrotus purpuratus	deuterostome	474	nonchannel_kctd	high	80.5	0.8738		1.0
tr|A0A7M7P1C8|A0A7M7P1C8_STRPU	Strongylocentrotus purpuratus	deuterostome	892	assoc_k_beta	medium	60.5	0.378		1.0
tr|A0A7M7P1L4|A0A7M7P1L4_STRPU	Strongylocentrotus purpuratus	deuterostome	872	assoc_k_beta	medium	34.3	0.3727		1.0
tr|A0A7M7P2G2|A0A7M7P2G2_STRPU	Strongylocentrotus purpuratus	deuterostome	948	nonchannel_abc_transporter	medium	630.2	0.4739	assoc_sur	0.5424
tr|A0A7M7P2Z3|A0A7M7P2Z3_STRPU	Strongylocentrotus purpuratus	deuterostome	1482	assoc_polycystin1	medium	180.0	0.3534		1.0
tr|A0A7M7P303|A0A7M7P303_STRPU	Strongylocentrotus purpuratus	deuterostome	932	assoc_k_beta	high	111.8	0.5433		1.0
tr|A0A7M7P451|A0A7M7P451_STRPU	Strongylocentrotus purpuratus	deuterostome	267	outofscope_aquaporin	high	40.3	0.6477		1.0
tr|A0A7M7P4R2|A0A7M7P4R2_STRPU	Strongylocentrotus purpuratus	deuterostome	898	assoc_k_beta	medium	78.3	0.4987		1.0
tr|A0A7M7P4S9|A0A7M7P4S9_STRPU	Strongylocentrotus purpuratus	deuterostome	930	assoc_k_beta	medium	90.2	0.4094		1.0
tr|A0A7M7P5A3|A0A7M7P5A3_STRPU	Strongylocentrotus purpuratus	deuterostome	856	nonchannel_ncs	medium	67.0	0.6632	assoc_kchip	0.294
tr|A0A7M7P5H9|A0A7M7P5H9_STRPU	Strongylocentrotus purpuratus	deuterostome	211	nonchannel_ncs	medium	78.3	0.7358	assoc_kchip	0.1149
tr|A0A7M7P5Z2|A0A7M7P5Z2_STRPU	Strongylocentrotus purpuratus	deuterostome	733	nonchannel_ncs	medium	67.4	0.6477	assoc_kchip	0.2685
tr|A0A7M7P652|A0A7M7P652_STRPU	Strongylocentrotus purpuratus	deuterostome	875	assoc_k_beta	medium	66.6	0.3806		1.0
tr|A0A7M7P6G9|A0A7M7P6G9_STRPU	Strongylocentrotus purpuratus	deuterostome	950	assoc_k_beta	medium	66.1	0.315		1.0
tr|A0A7M7P6U4|A0A7M7P6U4_STRPU	Strongylocentrotus purpuratus	deuterostome	904	assoc_k_beta	medium	77.5	0.3045		1.0
tr|A0A7M7P7A6|A0A7M7P7A6_STRPU	Strongylocentrotus purpuratus	deuterostome	595	assoc_k_beta	medium	63.4	0.3596	lrrc8	0.2981
tr|A0A7M7P7H1|A0A7M7P7H1_STRPU	Strongylocentrotus purpuratus	deuterostome	916	assoc_k_beta	medium	86.2	0.4304		1.0
tr|A0A7M7P820|A0A7M7P820_STRPU	Strongylocentrotus purpuratus	deuterostome	502	assoc_k_beta	medium	50.1	0.4383	lrrc8	0.3333
tr|A0A7M7P885|A0A7M7P885_STRPU	Strongylocentrotus purpuratus	deuterostome	797	nonchannel_abc_transporter	medium	407.4	0.4279	assoc_sur	0.5835
tr|A0A7M7P9M5|A0A7M7P9M5_STRPU	Strongylocentrotus purpuratus	deuterostome	917	assoc_k_beta	medium	107.0	0.4724		1.0
tr|A0A7M7PA94|A0A7M7PA94_STRPU	Strongylocentrotus purpuratus	deuterostome	797	nonchannel_abc_transporter	medium	405.4	0.4279	assoc_sur	0.5831
tr|A0A7M7PAE7|A0A7M7PAE7_STRPU	Strongylocentrotus purpuratus	deuterostome	655	nonchannel_abc_transporter	high	32.5	0.6227		1.0
tr|A0A7M7PAH6|A0A7M7PAH6_STRPU	Strongylocentrotus purpuratus	deuterostome	654	assoc_k_beta	medium	77.3	0.4199		1.0
tr|A0A7M7PB87|A0A7M7PB87_STRPU	Strongylocentrotus purpuratus	deuterostome	1587	nonchannel_abc_transporter	high	1279.0	0.9486	assoc_sur	0.4654
tr|A0A7M7PBU9|A0A7M7PBU9_STRPU	Strongylocentrotus purpuratus	deuterostome	1755	nonchannel_class_c_gpcr	high	634.5	0.8768		1.0
tr|A0A7M7PBV2|A0A7M7PBV2_STRPU	Strongylocentrotus purpuratus	deuterostome	164	trpn	medium	40.4	0.4366	trpa	0.2896
tr|A0A7M7PC23|A0A7M7PC23_STRPU	Strongylocentrotus purpuratus	deuterostome	950	nonchannel_class_c_gpcr	high	379.5	0.5887		1.0
tr|A0A7M7PC47|A0A7M7PC47_STRPU	Strongylocentrotus purpuratus	deuterostome	1740	nonchannel_ncs	high	82.3	0.7876	assoc_kchip	0.4386
tr|A0A7M7PCC2|A0A7M7PCC2_STRPU	Strongylocentrotus purpuratus	deuterostome	473	assoc_k_beta	medium	40.9	0.3307	lrrc8	0.1711
tr|A0A7M7PCR8|A0A7M7PCR8_STRPU	Strongylocentrotus purpuratus	deuterostome	469	assoc_k_beta	medium	45.1	0.4567		1.0
tr|A0A7M7PCU9|A0A7M7PCU9_STRPU	Strongylocentrotus purpuratus	deuterostome	2027	trpn	medium	825.0	0.3205	trpa	0.3316
tr|A0A7M7PCW6|A0A7M7PCW6_STRPU	Strongylocentrotus purpuratus	deuterostome	527	assoc_k_beta	medium	59.8	0.3911		1.0
tr|A0A7M7PDI1|A0A7M7PDI1_STRPU	Strongylocentrotus purpuratus	deuterostome	736	nonchannel_abc_transporter	medium	370.4	0.4233	assoc_sur	0.5956
tr|A0A7M7PDM4|A0A7M7PDM4_STRPU	Strongylocentrotus purpuratus	deuterostome	327	nonchannel_class_c_gpcr	medium	272.8	0.3175	nmda	0.8886
tr|A0A7M7PDX2|A0A7M7PDX2_STRPU	Strongylocentrotus purpuratus	deuterostome	894	assoc_k_beta	medium	71.3	0.4698		1.0
tr|A0A7M7PE97|A0A7M7PE97_STRPU	Strongylocentrotus purpuratus	deuterostome	718	assoc_k_beta	medium	45.1	0.3753		1.0
tr|A0A7M7PED7|A0A7M7PED7_STRPU	Strongylocentrotus purpuratus	deuterostome	884	assoc_clc_aux	high	431.5	0.8926		1.0
tr|A0A7M7PF99|A0A7M7PF99_STRPU	Strongylocentrotus purpuratus	deuterostome	929	assoc_clc_aux	high	421.4	0.8557		1.0
tr|A0A7M7PFK2|A0A7M7PFK2_STRPU	Strongylocentrotus purpuratus	deuterostome	644	nonchannel_class_c_gpcr	high	320.5	0.5254		1.0
tr|A0A7M7PFQ5|A0A7M7PFQ5_STRPU	Strongylocentrotus purpuratus	deuterostome	978	assoc_k_beta	medium	79.6	0.3727		1.0
tr|A0A7M7PFZ7|A0A7M7PFZ7_STRPU	Strongylocentrotus purpuratus	deuterostome	909	assoc_k_beta	medium	60.6	0.4882		1.0
tr|A0A7M7PG03|A0A7M7PG03_STRPU	Strongylocentrotus purpuratus	deuterostome	893	assoc_k_beta	medium	50.9	0.3753		1.0
tr|A0A7M7PG63|A0A7M7PG63_STRPU	Strongylocentrotus purpuratus	deuterostome	366	assoc_k_beta	medium	50.5	0.4777		1.0
tr|A0A7M7PG73|A0A7M7PG73_STRPU	Strongylocentrotus purpuratus	deuterostome	859	assoc_clc_aux	high	360.9	0.795		1.0
tr|A0A7M7PGE7|A0A7M7PGE7_STRPU	Strongylocentrotus purpuratus	deuterostome	799	nonchannel_class_c_gpcr	high	494.3	0.8893	iglur_nonvertebrate	0.9533
tr|A0A7M7PGJ3|A0A7M7PGJ3_STRPU	Strongylocentrotus purpuratus	deuterostome	710	assoc_k_beta	high	65.5	0.5092		1.0
tr|A0A7M7PH43|A0A7M7PH43_STRPU	Strongylocentrotus purpuratus	deuterostome	841	assoc_clc_aux	high	363.5	0.8069		1.0
tr|A0A7M7PHB6|A0A7M7PHB6_STRPU	Strongylocentrotus purpuratus	deuterostome	860	assoc_k_beta	medium	66.5	0.3727		1.0
tr|A0A7M7PHX9|A0A7M7PHX9_STRPU	Strongylocentrotus purpuratus	deuterostome	648	assoc_k_beta	medium	49.2	0.378		1.0
tr|A0A7M7PI76|A0A7M7PI76_STRPU	Strongylocentrotus purpuratus	deuterostome	663	nonchannel_abc_transporter	medium	78.5	0.3367	cftr	0.5822
tr|A0A7M7PIC0|A0A7M7PIC0_STRPU	Strongylocentrotus purpuratus	deuterostome	828	nonchannel_class_c_gpcr	high	266.7	0.5616		1.0
tr|A0A7M7PIF0|A0A7M7PIF0_STRPU	Strongylocentrotus purpuratus	deuterostome	2865	assoc_k_beta	medium	30.0	0.3753		1.0
tr|A0A7M7PIN7|A0A7M7PIN7_STRPU	Strongylocentrotus purpuratus	deuterostome	731	nonchannel_abc_transporter	medium	338.6	0.4271	assoc_sur	0.619
tr|A0A7M7PIT3|A0A7M7PIT3_STRPU	Strongylocentrotus purpuratus	deuterostome	764	nonchannel_class_c_gpcr	high	697.0	0.7469		1.0
tr|A0A7M7PJ12|A0A7M7PJ12_STRPU	Strongylocentrotus purpuratus	deuterostome	1395	nonchannel_vsp	high	124.7	0.5543		1.0
tr|A0A7M7PJ88|A0A7M7PJ88_STRPU	Strongylocentrotus purpuratus	deuterostome	613	assoc_clc_aux	high	254.9	0.5889		1.0
tr|A0A7M7PK40|A0A7M7PK40_STRPU	Strongylocentrotus purpuratus	deuterostome	914	nonchannel_class_c_gpcr	high	701.6	0.9288	nmda	0.9494
tr|A0A7M7PM60|A0A7M7PM60_STRPU	Strongylocentrotus purpuratus	deuterostome	209	nonchannel_ncs	high	39.9	0.5544		1.0
tr|A0A7M7PMA9|A0A7M7PMA9_STRPU	Strongylocentrotus purpuratus	deuterostome	1427	nonchannel_abc_transporter	high	1217.7	0.9517	assoc_sur	0.5052
tr|A0A7M7PML6|A0A7M7PML6_STRPU	Strongylocentrotus purpuratus	deuterostome	829	nonchannel_class_c_gpcr	high	257.2	0.5864	kainate	0.8977
tr|A0A7M7PMS1|A0A7M7PMS1_STRPU	Strongylocentrotus purpuratus	deuterostome	758	nonchannel_class_c_gpcr	high	214.8	0.5017		1.0
tr|A0A7M7PNW9|A0A7M7PNW9_STRPU	Strongylocentrotus purpuratus	deuterostome	762	transporter_slc26	high	673.4	0.9681		1.0
tr|A0A7M7PP12|A0A7M7PP12_STRPU	Strongylocentrotus purpuratus	deuterostome	1532	nonchannel_abc_transporter	high	1320.1	0.9617	cftr	0.3441
tr|A0A7M7PP62|A0A7M7PP62_STRPU	Strongylocentrotus purpuratus	deuterostome	1015	nonchannel_ncs	high	63.9	0.7461	assoc_kchip	0.313
tr|A0A7M7PP79|A0A7M7PP79_STRPU	Strongylocentrotus purpuratus	deuterostome	752	nonchannel_class_c_gpcr	high	228.2	0.6011		1.0
tr|A0A7M7PPC0|A0A7M7PPC0_STRPU	Strongylocentrotus purpuratus	deuterostome	686	transporter_slc26	high	394.0	0.7573		1.0
tr|A0A7M7PPI6|A0A7M7PPI6_STRPU	Strongylocentrotus purpuratus	deuterostome	935	assoc_k_beta	medium	80.5	0.3543		1.0
tr|A0A7M7PQ20|A0A7M7PQ20_STRPU	Strongylocentrotus purpuratus	deuterostome	193	nonchannel_ncs	medium	268.7	0.9689	assoc_kchip	0.2382
tr|A0A7M7PQ91|A0A7M7PQ91_STRPU	Strongylocentrotus purpuratus	deuterostome	703	nonchannel_class_c_gpcr	medium	199.1	0.4621	nmda	0.8548
tr|A0A7M7PQR0|A0A7M7PQR0_STRPU	Strongylocentrotus purpuratus	deuterostome	149	nonchannel_ncs	high	57.2	0.5699		1.0
tr|A0A7M7PR08|A0A7M7PR08_STRPU	Strongylocentrotus purpuratus	deuterostome	158	nonchannel_ncs	medium	51.1	0.4922		1.0
tr|A0A7M7PR19|A0A7M7PR19_STRPU	Strongylocentrotus purpuratus	deuterostome	1002	nonchannel_ncs	medium	55.3	0.6632	assoc_kchip	0.1646
tr|A0A7M7PRP2|A0A7M7PRP2_STRPU	Strongylocentrotus purpuratus	deuterostome	214	nonchannel_ncs	medium	258.3	0.9637	assoc_kchip	0.2702
tr|A0A7M7PRZ0|A0A7M7PRZ0_STRPU	Strongylocentrotus purpuratus	deuterostome	150	nonchannel_ncs	high	55.0	0.5648		1.0
tr|A0A7M7PSD1|A0A7M7PSD1_STRPU	Strongylocentrotus purpuratus	deuterostome	213	nonchannel_ncs	high	58.4	0.5648		1.0
tr|A0A7M7PSJ0|A0A7M7PSJ0_STRPU	Strongylocentrotus purpuratus	deuterostome	101	nonchannel_ncs	high	38.4	0.5233		1.0
tr|A0A7M7PSL7|A0A7M7PSL7_STRPU	Strongylocentrotus purpuratus	deuterostome	894	transporter_slc26	high	681.6	0.957		1.0
tr|A0A7M7PSU7|A0A7M7PSU7_STRPU	Strongylocentrotus purpuratus	deuterostome	596	nonchannel_class_c_gpcr	medium	231.5	0.4791		1.0
tr|A0A7M7PSX2|A0A7M7PSX2_STRPU	Strongylocentrotus purpuratus	deuterostome	936	transporter_slc26	high	660.8	0.957		1.0
tr|A0A7M7PTB1|A0A7M7PTB1_STRPU	Strongylocentrotus purpuratus	deuterostome	677	assoc_mcu_reg	high	50.2	0.5518		1.0
tr|A0A7M7PV04|A0A7M7PV04_STRPU	Strongylocentrotus purpuratus	deuterostome	272	outofscope_aquaporin	high	153.7	0.8505		1.0
tr|A0A7M7PV48|A0A7M7PV48_STRPU	Strongylocentrotus purpuratus	deuterostome	712	nonchannel_abc_transporter	medium	407.6	0.4302	assoc_sur	0.578
tr|A0A7M7PX97|A0A7M7PX97_STRPU	Strongylocentrotus purpuratus	deuterostome	691	nonchannel_class_c_gpcr	high	694.1	0.7277		1.0
tr|A0A7M7R9C9|A0A7M7R9C9_STRPU	Strongylocentrotus purpuratus	deuterostome	914	nonchannel_class_c_gpcr	high	700.6	0.9288	nmda	0.9493
tr|A0A7M7RBE6|A0A7M7RBE6_STRPU	Strongylocentrotus purpuratus	deuterostome	267	outofscope_aquaporin	high	41.1	0.6477		1.0
tr|A0A7M7RCS7|A0A7M7RCS7_STRPU	Strongylocentrotus purpuratus	deuterostome	149	nonchannel_ncs	high	60.6	0.5648		1.0
tr|A0A7M7RCT8|A0A7M7RCT8_STRPU	Strongylocentrotus purpuratus	deuterostome	149	nonchannel_ncs	high	59.0	0.5648		1.0
tr|A0A7M7RCX2|A0A7M7RCX2_STRPU	Strongylocentrotus purpuratus	deuterostome	294	outofscope_aquaporin	high	228.0	0.8897		1.0
tr|A0A7M7RDA0|A0A7M7RDA0_STRPU	Strongylocentrotus purpuratus	deuterostome	229	clic	medium	35.1	0.4425		1.0
tr|A0A7M7RDX7|A0A7M7RDX7_STRPU	Strongylocentrotus purpuratus	deuterostome	368	outofscope_aquaporin	high	158.1	0.9039		1.0
tr|A0A7M7RE16|A0A7M7RE16_STRPU	Strongylocentrotus purpuratus	deuterostome	147	nonchannel_ncs	high	46.8	0.5544		1.0
tr|A0A7M7RE92|A0A7M7RE92_STRPU	Strongylocentrotus purpuratus	deuterostome	1365	nonchannel_abc_transporter	high	1222.1	0.9525	assoc_sur	0.5096
tr|A0A7M7REB7|A0A7M7REB7_STRPU	Strongylocentrotus purpuratus	deuterostome	762	nonchannel_pomt	high	782.2	0.9606		1.0
tr|A0A7M7REZ5|A0A7M7REZ5_STRPU	Strongylocentrotus purpuratus	deuterostome	935	assoc_k_beta	high	97.1	0.5223		1.0
tr|A0A7M7RF82|A0A7M7RF82_STRPU	Strongylocentrotus purpuratus	deuterostome	205	nonchannel_ncs	high	59.3	0.5855		1.0
tr|A0A7M7RFM5|A0A7M7RFM5_STRPU	Strongylocentrotus purpuratus	deuterostome	269	outofscope_aquaporin	high	236.3	0.8577		1.0
tr|A0A7M7RGD6|A0A7M7RGD6_STRPU	Strongylocentrotus purpuratus	deuterostome	1118	assoc_clc_aux	high	348.7	0.7505		1.0
tr|A0A7M7RGF9|A0A7M7RGF9_STRPU	Strongylocentrotus purpuratus	deuterostome	758	assoc_k_beta	medium	45.2	0.3491		1.0
tr|A0A7M7RGN3|A0A7M7RGN3_STRPU	Strongylocentrotus purpuratus	deuterostome	771	nonchannel_pomt	high	834.6	0.9421		1.0
tr|A0A7M7RH77|A0A7M7RH77_STRPU	Strongylocentrotus purpuratus	deuterostome	263	outofscope_aquaporin	high	157.0	0.8434		1.0
tr|A0A7M7RHN5|A0A7M7RHN5_STRPU	Strongylocentrotus purpuratus	deuterostome	332	mitok	medium	170.1	0.4039		1.0
tr|A0A7M7RI21|A0A7M7RI21_STRPU	Strongylocentrotus purpuratus	deuterostome	149	nonchannel_ncs	medium	47.8	0.4197		1.0
tr|A0A7M7RIG5|A0A7M7RIG5_STRPU	Strongylocentrotus purpuratus	deuterostome	162	nonchannel_ncs	high	39.6	0.6062		1.0
tr|A0A7M7SSI6|A0A7M7SSI6_STRPU	Strongylocentrotus purpuratus	deuterostome	809	nonchannel_abc_transporter	medium	393.4	0.4785	assoc_sur	0.6431
tr|A0A7M7SSY8|A0A7M7SSY8_STRPU	Strongylocentrotus purpuratus	deuterostome	795	transporter_slc26	high	684.6	0.9709		1.0
tr|A0A7M7STI9|A0A7M7STI9_STRPU	Strongylocentrotus purpuratus	deuterostome	271	nonchannel_gasdermin	high	98.9	0.5106		1.0
tr|A0A7M7STX1|A0A7M7STX1_STRPU	Strongylocentrotus purpuratus	deuterostome	728	nonchannel_class_c_gpcr	high	321.8	0.7062		1.0
tr|A0A7M7SU21|A0A7M7SU21_STRPU	Strongylocentrotus purpuratus	deuterostome	715	assoc_clc_aux	high	275.5	0.6985		1.0
tr|A0A7M7SVV2|A0A7M7SVV2_STRPU	Strongylocentrotus purpuratus	deuterostome	967	assoc_clc_aux	high	460.2	0.9479		1.0
tr|A0A7M7SX21|A0A7M7SX21_STRPU	Strongylocentrotus purpuratus	deuterostome	1477	nonchannel_abc_transporter	high	1462.0	0.9747	assoc_sur	0.5187
tr|A0A7M7SYL9|A0A7M7SYL9_STRPU	Strongylocentrotus purpuratus	deuterostome	458	assoc_k_beta	medium	48.8	0.3701	lrrc8	0.457
tr|A0A7M7SYM3|A0A7M7SYM3_STRPU	Strongylocentrotus purpuratus	deuterostome	1223	trpa	high	333.5	0.9062	trpn	0.3718
tr|A0A7M7SZC4|A0A7M7SZC4_STRPU	Strongylocentrotus purpuratus	deuterostome	1341	nonchannel_abc_transporter	medium	724.9	0.4778	assoc_sur	0.6088
tr|A0A7M7T123|A0A7M7T123_STRPU	Strongylocentrotus purpuratus	deuterostome	879	assoc_k_beta	medium	52.5	0.3465		1.0
tr|A0A7M7T156|A0A7M7T156_STRPU	Strongylocentrotus purpuratus	deuterostome	831	nonchannel_abc_transporter	medium	369.4	0.3896	assoc_sur	0.5977
tr|A0A7M7T1I1|A0A7M7T1I1_STRPU	Strongylocentrotus purpuratus	deuterostome	197	assoc_k_beta	medium	68.9	0.3228	lrrc8	0.1335
tr|A0A7M7T2K8|A0A7M7T2K8_STRPU	Strongylocentrotus purpuratus	deuterostome	892	assoc_k_beta	medium	83.4	0.4619		1.0
tr|A0A7M7T2L2|A0A7M7T2L2_STRPU	Strongylocentrotus purpuratus	deuterostome	914	assoc_k_beta	medium	92.1	0.3963		1.0
tr|A0A7M7T2X5|A0A7M7T2X5_STRPU	Strongylocentrotus purpuratus	deuterostome	362	assoc_k_beta	medium	42.8	0.378		1.0
tr|A0A7M7T310|A0A7M7T310_STRPU	Strongylocentrotus purpuratus	deuterostome	763	assoc_k_beta	medium	42.6	0.3753		1.0
tr|A0A7M7T322|A0A7M7T322_STRPU	Strongylocentrotus purpuratus	deuterostome	856	nonchannel_class_c_gpcr	high	452.3	0.8452	iglur_nonvertebrate	0.9494
tr|A0A7M7T327|A0A7M7T327_STRPU	Strongylocentrotus purpuratus	deuterostome	933	assoc_clc_aux	high	416.8	0.9154		1.0
tr|A0A7M7T351|A0A7M7T351_STRPU	Strongylocentrotus purpuratus	deuterostome	839	assoc_k_beta	medium	59.9	0.3491		1.0
tr|A0A7M7T4F4|A0A7M7T4F4_STRPU	Strongylocentrotus purpuratus	deuterostome	935	assoc_k_beta	medium	83.0	0.4068		1.0
tr|A0A7M7T5Q8|A0A7M7T5Q8_STRPU	Strongylocentrotus purpuratus	deuterostome	826	nonchannel_ncs	high	68.2	0.6788	assoc_kchip	0.434
tr|A0A7M7T5Q9|A0A7M7T5Q9_STRPU	Strongylocentrotus purpuratus	deuterostome	977	nonchannel_abc_transporter	medium	949.4	0.6894	assoc_sur	0.1439
tr|A0A7M7TG59|A0A7M7TG59_STRPU	Strongylocentrotus purpuratus	deuterostome	190	nonchannel_ncs	high	56.8	0.9119	assoc_kchip	0.463
tr|A0A7M7THD9|A0A7M7THD9_STRPU	Strongylocentrotus purpuratus	deuterostome	146	nonchannel_ncs	medium	58.7	0.3627		1.0
tr|A0A803J4J2|A0A803J4J2_XENTR	Xenopus tropicalis	vertebrate	300	nonchannel_class_c_gpcr	medium	241.2	0.3367		1.0
tr|A0A803J544|A0A803J544_XENTR	Xenopus tropicalis	vertebrate	287	assoc_k_beta	high	213.7	0.811	lrrc8	0.8311
tr|A0A803J9E2|A0A803J9E2_XENTR	Xenopus tropicalis	vertebrate	99	assoc_kcne	high	79.6	0.6929		1.0
tr|A0A803JE58|A0A803JE58_XENTR	Xenopus tropicalis	vertebrate	353	assoc_k_beta	medium	82.7	0.6877	lrrc8	0.2044
tr|A0A803JEK2|A0A803JEK2_XENTR	Xenopus tropicalis	vertebrate	467	assoc_nav_beta	high	31.3	0.5		1.0
tr|A0A803JF33|A0A803JF33_XENTR	Xenopus tropicalis	vertebrate	279	assoc_cav_aux	high	199.3	0.5158		1.0
tr|A0A803JFI7|A0A803JFI7_XENTR	Xenopus tropicalis	vertebrate	504	assoc_iglur_aux	high	272.8	0.8355		1.0
tr|A0A803JFZ7|A0A803JFZ7_XENTR	Xenopus tropicalis	vertebrate	1580	assoc_sur	high	3070.7	1.0	nonchannel_abc_transporter	0.6267
tr|A0A803JH32|A0A803JH32_XENTR	Xenopus tropicalis	vertebrate	328	assoc_cav_aux	high	271.6	0.5734		1.0
tr|A0A803JIB2|A0A803JIB2_XENTR	Xenopus tropicalis	vertebrate	518	assoc_k_beta	high	52.5	0.5827		1.0
tr|A0A803JIX3|A0A803JIX3_XENTR	Xenopus tropicalis	vertebrate	780	assoc_k_beta	medium	65.5	0.4409		1.0
tr|A0A803JKW4|A0A803JKW4_XENTR	Xenopus tropicalis	vertebrate	878	nonchannel_class_c_gpcr	high	1162.2	0.9898		1.0
tr|A0A803JN07|A0A803JN07_XENTR	Xenopus tropicalis	vertebrate	372	assoc_k_beta	high	77.0	0.5354		1.0
tr|A0A803JPS8|A0A803JPS8_XENTR	Xenopus tropicalis	vertebrate	468	assoc_nav_beta	medium	31.4	0.3795		1.0
tr|A0A803JSE3|A0A803JSE3_XENTR	Xenopus tropicalis	vertebrate	119	assoc_kcne	high	70.9	0.8425		1.0
tr|A0A803JSY1|A0A803JSY1_XENTR	Xenopus tropicalis	vertebrate	304	assoc_k_beta	high	96.6	0.7375	lrrc8	0.4803
tr|A0A803JUJ1|A0A803JUJ1_XENTR	Xenopus tropicalis	vertebrate	404	assoc_k_beta	high	72.1	0.6115		1.0
tr|A0A803JWX4|A0A803JWX4_XENTR	Xenopus tropicalis	vertebrate	4375	assoc_polycystin1	high	1031.6	0.8475		1.0
tr|A0A803JXP1|A0A803JXP1_XENTR	Xenopus tropicalis	vertebrate	390	nonchannel_class_c_gpcr	medium	44.4	0.3017		1.0
tr|A0A803JYJ5|A0A803JYJ5_XENTR	Xenopus tropicalis	vertebrate	511	assoc_nav_beta	high	30.0	0.6652		1.0
tr|A0A803K0E0|A0A803K0E0_XENTR	Xenopus tropicalis	vertebrate	460	assoc_nav_beta	high	32.1	0.5402		1.0
tr|A0A803K0H9|A0A803K0H9_XENTR	Xenopus tropicalis	vertebrate	710	nonchannel_abc_transporter	medium	391.8	0.4248	assoc_sur	0.56
tr|A0A803K1S5|A0A803K1S5_XENTR	Xenopus tropicalis	vertebrate	588	assoc_k_beta	medium	111.6	0.5249	lrrc8	0.1129
tr|A0A803K290|A0A803K290_XENTR	Xenopus tropicalis	vertebrate	748	assoc_stim	high	1131.7	0.8416		1.0
tr|A0A803K4M1|A0A803K4M1_XENTR	Xenopus tropicalis	vertebrate	944	assoc_k_beta	medium	89.8	0.4199		1.0
tr|A0A803K5I2|A0A803K5I2_XENTR	Xenopus tropicalis	vertebrate	711	transporter_slc26	high	853.4	0.9445		1.0
tr|A0A803KA76|A0A803KA76_XENTR	Xenopus tropicalis	vertebrate	724	transporter_slc26	high	835.9	0.9681		1.0
tr|A0A803KA90|A0A803KA90_XENTR	Xenopus tropicalis	vertebrate	260	assoc_k_beta	medium	46.1	0.3202	lrrc8	0.4469
tr|A0A803KBT3|A0A803KBT3_XENTR	Xenopus tropicalis	vertebrate	233	assoc_kchip	high	428.8	0.8446	nonchannel_ncs	0.5564
tr|A0A803KDV3|A0A803KDV3_XENTR	Xenopus tropicalis	vertebrate	591	assoc_k_beta	high	96.9	0.5486		1.0
tr|A0A803KDX5|A0A803KDX5_XENTR	Xenopus tropicalis	vertebrate	252	assoc_kchip	high	473.0	0.9761	nonchannel_ncs	0.5772
tr|A0A803KEE0|A0A803KEE0_XENTR	Xenopus tropicalis	vertebrate	913	nonchannel_class_c_gpcr	high	1292.1	0.9797		1.0
tr|A0A803KIV5|A0A803KIV5_XENTR	Xenopus tropicalis	vertebrate	508	assoc_k_beta	medium	50.6	0.4987	lrrc8	0.2273
tr|A0A803SKJ9|A0A803SKJ9_ANOCA	Anolis carolinensis	vertebrate	1516	nonchannel_abc_transporter	high	1523.3	0.9225	assoc_sur	0.4881
tr|A0A803SKV8|A0A803SKV8_ANOCA	Anolis carolinensis	vertebrate	323	assoc_cav_aux	high	275.2	0.5748		1.0
tr|A0A803SKZ0|A0A803SKZ0_ANOCA	Anolis carolinensis	vertebrate	188	nonchannel_ncs	high	218.9	0.886	assoc_kchip	0.5011
tr|A0A803SL19|A0A803SL19_ANOCA	Anolis carolinensis	vertebrate	1435	assoc_k_beta	high	236.5	0.5223	lrrc8	0.5869
tr|A0A803SL42|A0A803SL42_ANOCA	Anolis carolinensis	vertebrate	1166	nonchannel_class_c_gpcr	medium	78.7	0.3311		1.0
tr|A0A803SLC4|A0A803SLC4_ANOCA	Anolis carolinensis	vertebrate	1459	nonchannel_abc_transporter	high	1583.5	0.9747	assoc_sur	0.5392
tr|A0A803SLP5|A0A803SLP5_ANOCA	Anolis carolinensis	vertebrate	369	assoc_k_beta	high	42.8	0.5774	lrrc8	0.4509
tr|A0A803SM81|A0A803SM81_ANOCA	Anolis carolinensis	vertebrate	266	outofscope_aquaporin	high	257.1	0.9431		1.0
tr|A0A803SMK3|A0A803SMK3_ANOCA	Anolis carolinensis	vertebrate	184	assoc_nav_beta	high	63.8	0.5491		1.0
tr|A0A803SMQ7|A0A803SMQ7_ANOCA	Anolis carolinensis	vertebrate	795	assoc_catsper_aux	high	212.9	0.6291		1.0
tr|A0A803SMV8|A0A803SMV8_ANOCA	Anolis carolinensis	vertebrate	2642	nonchannel_class_c_gpcr	medium	78.6	0.322		1.0
tr|A0A803SNQ9|A0A803SNQ9_ANOCA	Anolis carolinensis	vertebrate	346	assoc_clc_aux	medium	408.6	0.3341		1.0
tr|A0A803SNW2|A0A803SNW2_ANOCA	Anolis carolinensis	vertebrate	733	assoc_stim	high	1257.8	0.867		1.0
tr|A0A803SP15|A0A803SP15_ANOCA	Anolis carolinensis	vertebrate	198	nonchannel_ncs	high	243.4	0.9067	assoc_kchip	0.5082
tr|A0A803SP78|A0A803SP78_ANOCA	Anolis carolinensis	vertebrate	1115	nonchannel_abc_transporter	medium	656.1	0.4256	assoc_sur	0.5833
tr|A0A803SPU4|A0A803SPU4_ANOCA	Anolis carolinensis	vertebrate	134	nonchannel_ncs	high	30.6	0.5026		1.0
tr|A0A803SPZ3|A0A803SPZ3_ANOCA	Anolis carolinensis	vertebrate	292	outofscope_aquaporin	high	329.6	0.9253		1.0
tr|A0A803SQA8|A0A803SQA8_ANOCA	Anolis carolinensis	vertebrate	813	nonchannel_abc_transporter	medium	289.5	0.3942	assoc_sur	0.6739
tr|A0A803SQJ6|A0A803SQJ6_ANOCA	Anolis carolinensis	vertebrate	150	nonchannel_ncs	high	179.7	0.5907	assoc_kchip	0.5242
tr|A0A803SSZ1|A0A803SSZ1_ANOCA	Anolis carolinensis	vertebrate	814	nonchannel_class_c_gpcr	high	1044.7	0.8113	kainate	0.9737
tr|A0A803STK0|A0A803STK0_ANOCA	Anolis carolinensis	vertebrate	211	assoc_nav_beta	high	220.8	0.9062		1.0
tr|A0A803STP7|A0A803STP7_ANOCA	Anolis carolinensis	vertebrate	877	nonchannel_class_c_gpcr	high	394.3	0.7571		1.0
tr|A0A803STZ4|A0A803STZ4_ANOCA	Anolis carolinensis	vertebrate	313	assoc_k_beta	high	176.1	0.5984		1.0
tr|A0A803SU11|A0A803SU11_ANOCA	Anolis carolinensis	vertebrate	170	nonchannel_ncs	medium	75.9	0.7824	assoc_kchip	0.2596
tr|A0A803SV22|A0A803SV22_ANOCA	Anolis carolinensis	vertebrate	850	nonchannel_class_c_gpcr	high	465.3	0.8814		1.0
tr|A0A803SV24|A0A803SV24_ANOCA	Anolis carolinensis	vertebrate	202	nonchannel_ncs	high	162.7	0.8964	assoc_kchip	0.5071
tr|A0A803SVJ6|A0A803SVJ6_ANOCA	Anolis carolinensis	vertebrate	314	assoc_nav_beta	high	34.0	0.8839		1.0
tr|A0A803SW03|A0A803SW03_ANOCA	Anolis carolinensis	vertebrate	332	assoc_k_beta	high	211.5	0.7218		1.0
tr|A0A803SWE5|A0A803SWE5_ANOCA	Anolis carolinensis	vertebrate	319	nonchannel_class_c_gpcr	medium	245.7	0.3356		1.0
tr|A0A803SWG2|A0A803SWG2_ANOCA	Anolis carolinensis	vertebrate	157	assoc_kcne	medium	51.9	0.4803		1.0
tr|A0A803SXC1|A0A803SXC1_ANOCA	Anolis carolinensis	vertebrate	290	assoc_cav_aux	medium	102.9	0.4102		1.0
tr|A0A803SXI2|A0A803SXI2_ANOCA	Anolis carolinensis	vertebrate	1000	assoc_cav_aux	high	540.4	0.9547		1.0
tr|A0A803SXS6|A0A803SXS6_ANOCA	Anolis carolinensis	vertebrate	376	nonchannel_gasdermin	medium	107.5	0.4725		1.0
tr|A0A803SXW8|A0A803SXW8_ANOCA	Anolis carolinensis	vertebrate	173	nonchannel_ncs	high	35.1	0.6062		1.0
tr|A0A803SXX4|A0A803SXX4_ANOCA	Anolis carolinensis	vertebrate	162	assoc_kcne	high	84.0	0.8031		1.0
tr|A0A803SY46|A0A803SY46_ANOCA	Anolis carolinensis	vertebrate	126	nonchannel_ncs	medium	31.0	0.3627		1.0
tr|A0A803SY94|A0A803SY94_ANOCA	Anolis carolinensis	vertebrate	456	nonchannel_class_c_gpcr	medium	187.3	0.3887		1.0
tr|A0A803SZ96|A0A803SZ96_ANOCA	Anolis carolinensis	vertebrate	607	assoc_cav_aux	high	465.7	0.7805		1.0
tr|A0A803SZD9|A0A803SZD9_ANOCA	Anolis carolinensis	vertebrate	188	nonchannel_ncs	medium	52.9	0.5337	assoc_kchip	0.2457
tr|A0A803SZE8|A0A803SZE8_ANOCA	Anolis carolinensis	vertebrate	828	assoc_k_beta	medium	48.2	0.3543		1.0
tr|A0A803SZQ6|A0A803SZQ6_ANOCA	Anolis carolinensis	vertebrate	663	assoc_k_beta	high	73.9	0.5092	lrrc8	0.3058
tr|A0A803T3E1|A0A803T3E1_ANOCA	Anolis carolinensis	vertebrate	217	assoc_nav_beta	high	71.7	0.5714		1.0
tr|A0A803T3G1|A0A803T3G1_ANOCA	Anolis carolinensis	vertebrate	841	assoc_k_beta	high	55.5	0.5591		1.0
tr|A0A803T3G9|A0A803T3G9_ANOCA	Anolis carolinensis	vertebrate	876	nonchannel_class_c_gpcr	high	551.7	0.9198		1.0
tr|A0A803T437|A0A803T437_ANOCA	Anolis carolinensis	vertebrate	637	assoc_iglur_aux	high	139.3	0.5995		1.0
tr|A0A803T466|A0A803T466_ANOCA	Anolis carolinensis	vertebrate	256	outofscope_aquaporin	medium	52.9	0.4484		1.0
tr|A0A803T4K0|A0A803T4K0_ANOCA	Anolis carolinensis	vertebrate	298	assoc_k_beta	high	142.7	0.7192	lrrc8	0.8339
tr|A0A803T4R7|A0A803T4R7_ANOCA	Anolis carolinensis	vertebrate	1195	nonchannel_class_c_gpcr	high	1130.1	0.9819		1.0
tr|A0A803T6S2|A0A803T6S2_ANOCA	Anolis carolinensis	vertebrate	886	assoc_clc_aux	high	947.7	0.8785		1.0
tr|A0A803T797|A0A803T797_ANOCA	Anolis carolinensis	vertebrate	786	nonchannel_class_c_gpcr	high	549.8	0.8712		1.0
tr|A0A803T7A3|A0A803T7A3_ANOCA	Anolis carolinensis	vertebrate	756	nonchannel_class_c_gpcr	high	511.8	0.7989		1.0
tr|A0A803T7Y6|A0A803T7Y6_ANOCA	Anolis carolinensis	vertebrate	1314	nonchannel_abc_transporter	high	1504.2	0.9486	cftr	0.4285
tr|A0A803T9L3|A0A803T9L3_ANOCA	Anolis carolinensis	vertebrate	1436	nonchannel_abc_transporter	high	1759.4	0.9962	assoc_sur	0.5922
tr|A0A803TBI7|A0A803TBI7_ANOCA	Anolis carolinensis	vertebrate	305	assoc_k_beta	medium	60.8	0.4698	lrrc8	0.2829
tr|A0A803TBX2|A0A803TBX2_ANOCA	Anolis carolinensis	vertebrate	1919	nonchannel_vsp	high	129.9	0.5471		1.0
tr|A0A803TC66|A0A803TC66_ANOCA	Anolis carolinensis	vertebrate	270	assoc_kchip	high	382.3	0.7331	nonchannel_ncs	0.5472
tr|A0A803TCK5|A0A803TCK5_ANOCA	Anolis carolinensis	vertebrate	761	nonchannel_class_c_gpcr	high	439.7	0.8746		1.0
tr|A0A803TCP1|A0A803TCP1_ANOCA	Anolis carolinensis	vertebrate	244	assoc_mcu_reg	medium	79.8	0.4054		1.0
tr|A0A803TCR3|A0A803TCR3_ANOCA	Anolis carolinensis	vertebrate	318	nonchannel_class_c_gpcr	medium	250.5	0.3401		1.0
tr|A0A803TES1|A0A803TES1_ANOCA	Anolis carolinensis	vertebrate	198	assoc_kcne	high	87.6	0.7008		1.0
tr|A0A803TFG3|A0A803TFG3_ANOCA	Anolis carolinensis	vertebrate	818	nonchannel_class_c_gpcr	high	494.9	0.8621		1.0
tr|A0A803TFI3|A0A803TFI3_ANOCA	Anolis carolinensis	vertebrate	780	nonchannel_class_c_gpcr	high	499.8	0.8599		1.0
tr|A0A803TG05|A0A803TG05_ANOCA	Anolis carolinensis	vertebrate	749	nonchannel_class_c_gpcr	high	401.5	0.7785		1.0
tr|A0A803TG68|A0A803TG68_ANOCA	Anolis carolinensis	vertebrate	826	transporter_slc26	high	860.4	0.9778		1.0
tr|A0A803TG87|A0A803TG87_ANOCA	Anolis carolinensis	vertebrate	227	assoc_nav_beta	high	119.5	0.7946		1.0
tr|A0A803TGI1|A0A803TGI1_ANOCA	Anolis carolinensis	vertebrate	171	nonchannel_ncs	medium	42.3	0.4508		1.0
tr|A0A803TGL1|A0A803TGL1_ANOCA	Anolis carolinensis	vertebrate	497	trpv	medium	624.8	0.4994		1.0
tr|A0A803TGM7|A0A803TGM7_ANOCA	Anolis carolinensis	vertebrate	263	assoc_k_beta	medium	65.9	0.4042	lrrc8	0.2747
tr|A0A803TGQ0|A0A803TGQ0_ANOCA	Anolis carolinensis	vertebrate	262	assoc_kchip	high	393.9	0.9323	nonchannel_ncs	0.5539
tr|A0A803TH12|A0A803TH12_ANOCA	Anolis carolinensis	vertebrate	665	assoc_cav_aux	high	449.4	0.8656		1.0
tr|A0A803THK0|A0A803THK0_ANOCA	Anolis carolinensis	vertebrate	583	assoc_iglur_aux	high	336.5	0.9284		1.0
tr|A0A803TI75|A0A803TI75_ANOCA	Anolis carolinensis	vertebrate	349	assoc_nav_beta	high	57.3	0.567		1.0
tr|A0A803TI84|A0A803TI84_ANOCA	Anolis carolinensis	vertebrate	776	nonchannel_class_c_gpcr	high	448.8	0.8723		1.0
tr|A0A803TIW9|A0A803TIW9_ANOCA	Anolis carolinensis	vertebrate	404	mitok	high	479.8	0.927		1.0
tr|A0A803TK11|A0A803TK11_ANOCA	Anolis carolinensis	vertebrate	800	nonchannel_class_c_gpcr	high	436.5	0.8192		1.0
tr|A0A803TK14|A0A803TK14_ANOCA	Anolis carolinensis	vertebrate	791	nonchannel_class_c_gpcr	high	606.7	0.8814	nmda	0.9403
tr|A0A803TKN7|A0A803TKN7_ANOCA	Anolis carolinensis	vertebrate	794	nonchannel_class_c_gpcr	high	507.6	0.8		1.0
tr|A0A803TM64|A0A803TM64_ANOCA	Anolis carolinensis	vertebrate	732	nonchannel_class_c_gpcr	high	408.0	0.8113		1.0
tr|A0A803TMZ1|A0A803TMZ1_ANOCA	Anolis carolinensis	vertebrate	1098	assoc_cav_aux	high	787.3	0.9739		1.0
tr|A0A803TN29|A0A803TN29_ANOCA	Anolis carolinensis	vertebrate	404	assoc_iglur_aux	high	191.7	0.8594		1.0
tr|A0A803TNG4|A0A803TNG4_ANOCA	Anolis carolinensis	vertebrate	394	assoc_k_beta	high	89.0	0.643	lrrc8	0.6
tr|A0A803TNL8|A0A803TNL8_ANOCA	Anolis carolinensis	vertebrate	539	assoc_k_beta	medium	60.7	0.6693	lrrc8	0.1104
tr|A0A803TPY6|A0A803TPY6_ANOCA	Anolis carolinensis	vertebrate	830	nonchannel_class_c_gpcr	high	423.1	0.8011		1.0
tr|A0A803TQA0|A0A803TQA0_ANOCA	Anolis carolinensis	vertebrate	208	nonchannel_ncs	high	41.2	0.5544		1.0
tr|A0A803TQA3|A0A803TQA3_ANOCA	Anolis carolinensis	vertebrate	193	nonchannel_ncs	high	336.2	0.9896	assoc_kchip	0.4372
tr|A0A803TQG3|A0A803TQG3_ANOCA	Anolis carolinensis	vertebrate	282	assoc_iglur_aux	medium	66.3	0.374		1.0
tr|A0A803TQL5|A0A803TQL5_ANOCA	Anolis carolinensis	vertebrate	785	nonchannel_class_c_gpcr	high	511.5	0.8712		1.0
tr|A0A803TR47|A0A803TR47_ANOCA	Anolis carolinensis	vertebrate	745	transporter_slc26	high	773.1	0.9417		1.0
tr|A0A803TS34|A0A803TS34_ANOCA	Anolis carolinensis	vertebrate	534	nonchannel_class_c_gpcr	high	342.3	0.5944		1.0
tr|A0A803TSG2|A0A803TSG2_ANOCA	Anolis carolinensis	vertebrate	368	assoc_cav_aux	high	265.7	0.5981		1.0
tr|A0A803TSI5|A0A803TSI5_ANOCA	Anolis carolinensis	vertebrate	704	nonchannel_abc_transporter	medium	366.1	0.4394	assoc_sur	0.5799
tr|A0A803TSL7|A0A803TSL7_ANOCA	Anolis carolinensis	vertebrate	370	assoc_iglur_aux	high	192.5	0.7719		1.0
tr|A0A803TSR8|A0A803TSR8_ANOCA	Anolis carolinensis	vertebrate	172	nonchannel_ncs	medium	36.4	0.456		1.0
tr|A0A803TV43|A0A803TV43_ANOCA	Anolis carolinensis	vertebrate	828	assoc_k_beta	high	307.1	0.9501		1.0
tr|A0A803TWQ1|A0A803TWQ1_ANOCA	Anolis carolinensis	vertebrate	940	nonchannel_class_c_gpcr	high	507.5	0.8588		1.0
tr|A0A803TY80|A0A803TY80_ANOCA	Anolis carolinensis	vertebrate	917	nonchannel_vsp	high	124.4	0.5598		1.0
tr|A0A803U0E5|A0A803U0E5_ANOCA	Anolis carolinensis	vertebrate	783	nonchannel_abc_transporter	medium	395.3	0.4271	assoc_sur	0.6595
tr|A0A803U0T9|A0A803U0T9_ANOCA	Anolis carolinensis	vertebrate	404	assoc_nav_beta	high	45.3	0.5045		1.0
tr|A0A803U1J7|A0A803U1J7_ANOCA	Anolis carolinensis	vertebrate	926	nonchannel_class_c_gpcr	high	738.2	0.9198		1.0
tr|A0A803U1X7|A0A803U1X7_ANOCA	Anolis carolinensis	vertebrate	1380	assoc_k_beta	high	179.6	0.5197	lrrc8	0.5891
tr|A0A8I5XWP3|A0A8I5XWP3_RAT	Rattus norvegicus	vertebrate	127	assoc_nav_beta	high	35.2	0.5804		1.0
tr|A0A8I5Y009|A0A8I5Y009_RAT	Rattus norvegicus	vertebrate	851	nonchannel_class_c_gpcr	high	410.1	0.8723		1.0
tr|A0A8I5Y7W0|A0A8I5Y7W0_RAT	Rattus norvegicus	vertebrate	854	nonchannel_class_c_gpcr	high	512.4	0.9107		1.0
tr|A0A8I5ZPI2|A0A8I5ZPI2_RAT	Rattus norvegicus	vertebrate	614	assoc_k_beta	medium	78.3	0.4462	lrrc8	0.212
tr|A0A8I5ZRS2|A0A8I5ZRS2_RAT	Rattus norvegicus	vertebrate	403	nonchannel_kctd	high	92.8	0.795	kv_shaker	0.6853
tr|A0A8I5ZWC0|A0A8I5ZWC0_RAT	Rattus norvegicus	vertebrate	861	nonchannel_class_c_gpcr	high	480.8	0.9164		1.0
tr|A0A8I5ZXC9|A0A8I5ZXC9_RAT	Rattus norvegicus	vertebrate	857	nonchannel_class_c_gpcr	high	504.5	0.9209		1.0
tr|A0A8I5ZYD1|A0A8I5ZYD1_RAT	Rattus norvegicus	vertebrate	168	nonchannel_ncs	high	40.7	0.5803		1.0
tr|A0A8I6A2N8|A0A8I6A2N8_RAT	Rattus norvegicus	vertebrate	355	assoc_k_beta	high	86.0	0.6142	lrrc8	0.6326
tr|A0A8I6A502|A0A8I6A502_RAT	Rattus norvegicus	vertebrate	1595	nonchannel_vsp	high	131.0	0.5634		1.0
tr|A0A8I6A656|A0A8I6A656_RAT	Rattus norvegicus	vertebrate	1916	nonchannel_vsp	high	123.5	0.5435		1.0
tr|A0A8I6A6P4|A0A8I6A6P4_RAT	Rattus norvegicus	vertebrate	912	nonchannel_vsp	high	96.2	0.5453		1.0
tr|A0A8I6A7W7|A0A8I6A7W7_RAT	Rattus norvegicus	vertebrate	290	outofscope_aquaporin	high	303.5	0.8968		1.0
tr|A0A8I6AAV5|A0A8I6AAV5_RAT	Rattus norvegicus	vertebrate	911	nonchannel_class_c_gpcr	high	664.1	0.9209		1.0
tr|A0A8I6ABS9|A0A8I6ABS9_RAT	Rattus norvegicus	vertebrate	864	nonchannel_class_c_gpcr	high	489.3	0.9288		1.0
tr|A0A8I6ACW8|A0A8I6ACW8_RAT	Rattus norvegicus	vertebrate	465	assoc_iglur_aux	high	415.4	0.9947		1.0
tr|A0A8I6AE80|A0A8I6AE80_RAT	Rattus norvegicus	vertebrate	287	assoc_iglur_aux	medium	48.5	0.3793		1.0
tr|A0A8I6AEE6|A0A8I6AEE6_RAT	Rattus norvegicus	vertebrate	553	assoc_iglur_aux	high	396.4	0.9894		1.0
tr|A0A8I6AGG5|A0A8I6AGG5_RAT	Rattus norvegicus	vertebrate	861	nonchannel_class_c_gpcr	high	484.8	0.8757		1.0
tr|A0A8I6AI64|A0A8I6AI64_RAT	Rattus norvegicus	vertebrate	227	nonchannel_ncs	medium	46.5	0.399		1.0
tr|A0A8I6AK91|A0A8I6AK91_RAT	Rattus norvegicus	vertebrate	646	nonchannel_class_c_gpcr	high	386.8	0.7243		1.0
tr|A0A8I6AKY7|A0A8I6AKY7_RAT	Rattus norvegicus	vertebrate	555	assoc_nav_beta	high	33.6	0.5982		1.0
tr|A0A8I6AMC2|A0A8I6AMC2_RAT	Rattus norvegicus	vertebrate	502	assoc_k_beta	medium	40.0	0.4908	lrrc8	0.37
tr|A0A8I6ANL3|A0A8I6ANL3_RAT	Rattus norvegicus	vertebrate	541	assoc_iglur_aux	high	379.2	0.9788		1.0
tr|A0A8I6AQ81|A0A8I6AQ81_RAT	Rattus norvegicus	vertebrate	1454	nonchannel_vsp	medium	100.4	0.3007		1.0
tr|A0A8I6AWH2|A0A8I6AWH2_RAT	Rattus norvegicus	vertebrate	1110	assoc_catsper_aux	high	606.1	0.9806		1.0
tr|A0A8I6B168|A0A8I6B168_RAT	Rattus norvegicus	vertebrate	542	assoc_k_beta	medium	36.1	0.3622	lrrc8	0.2299
tr|A0A8I6B2B6|A0A8I6B2B6_RAT	Rattus norvegicus	vertebrate	472	nonchannel_gasdermin	high	372.8	0.9407		1.0
tr|A0A8I6G9B5|A0A8I6G9B5_RAT	Rattus norvegicus	vertebrate	912	nonchannel_class_c_gpcr	high	666.4	0.9051		1.0
tr|A0A8I6GGP0|A0A8I6GGP0_RAT	Rattus norvegicus	vertebrate	854	nonchannel_class_c_gpcr	high	504.9	0.913		1.0
tr|A0A8I6GHR4|A0A8I6GHR4_RAT	Rattus norvegicus	vertebrate	1068	assoc_k_beta	high	97.8	0.5223		1.0
tr|A0A8I6GHT1|A0A8I6GHT1_RAT	Rattus norvegicus	vertebrate	208	nonchannel_ncs	high	48.4	0.5544		1.0
tr|A0A8I6GK53|A0A8I6GK53_RAT	Rattus norvegicus	vertebrate	864	nonchannel_class_c_gpcr	high	601.2	0.9164		1.0
tr|A0A8I6GKI6|A0A8I6GKI6_RAT	Rattus norvegicus	vertebrate	849	nonchannel_class_c_gpcr	high	407.7	0.8667		1.0
tr|A0A8I6GKT6|A0A8I6GKT6_RAT	Rattus norvegicus	vertebrate	847	nonchannel_class_c_gpcr	high	400.8	0.8701		1.0
tr|A0A8I6GM81|A0A8I6GM81_RAT	Rattus norvegicus	vertebrate	433	assoc_nav_beta	high	40.9	0.8839		1.0
tr|A0A8J0PCU5|A0A8J0PCU5_XENTR	Xenopus tropicalis	vertebrate	161	nonchannel_ncs	high	49.4	0.8187		1.0
tr|A0A8J0PCX9|A0A8J0PCX9_XENTR	Xenopus tropicalis	vertebrate	193	nonchannel_ncs	high	48.0	0.9016	assoc_kchip	0.375
tr|A0A8J0PEB4|A0A8J0PEB4_XENTR	Xenopus tropicalis	vertebrate	274	outofscope_aquaporin	high	288.3	0.9217		1.0
tr|A0A8J0PF04|A0A8J0PF04_XENTR	Xenopus tropicalis	vertebrate	149	nonchannel_ncs	high	60.4	0.5648		1.0
tr|A0A8J0PF72|A0A8J0PF72_XENTR	Xenopus tropicalis	vertebrate	226	assoc_cav_aux	medium	90.3	0.4198		1.0
tr|A0A8J0PFR9|A0A8J0PFR9_XENTR	Xenopus tropicalis	vertebrate	207	nonchannel_ncs	medium	39.8	0.9378	assoc_kchip	0.1734
tr|A0A8J0PFW7|A0A8J0PFW7_XENTR	Xenopus tropicalis	vertebrate	237	assoc_nav_beta	high	156.6	0.933		1.0
tr|A0A8J0PFZ0|A0A8J0PFZ0_XENTR	Xenopus tropicalis	vertebrate	190	nonchannel_ncs	high	58.4	0.9378	assoc_kchip	0.4452
tr|A0A8J0PG60|A0A8J0PG60_XENTR	Xenopus tropicalis	vertebrate	289	assoc_nav_beta	high	32.9	0.7411		1.0
tr|A0A8J0PGB4|A0A8J0PGB4_XENTR	Xenopus tropicalis	vertebrate	273	outofscope_aquaporin	high	304.2	0.9537		1.0
tr|A0A8J0PGV5|A0A8J0PGV5_XENTR	Xenopus tropicalis	vertebrate	299	outofscope_aquaporin	high	296.8	0.9039		1.0
tr|A0A8J0PHH9|A0A8J0PHH9_XENTR	Xenopus tropicalis	vertebrate	167	nonchannel_ncs	medium	43.3	0.456		1.0
tr|A0A8J0PHT0|A0A8J0PHT0_XENTR	Xenopus tropicalis	vertebrate	206	assoc_nav_beta	high	103.7	0.7366		1.0
tr|A0A8J0PHV2|A0A8J0PHV2_XENTR	Xenopus tropicalis	vertebrate	751	assoc_k_beta	high	55.7	0.7349		1.0
tr|A0A8J0PIK4|A0A8J0PIK4_XENTR	Xenopus tropicalis	vertebrate	294	outofscope_aquaporin	high	316.1	0.9039		1.0
tr|A0A8J0PIY8|A0A8J0PIY8_XENTR	Xenopus tropicalis	vertebrate	208	nonchannel_ncs	medium	84.5	0.7202	assoc_kchip	0.1456
tr|A0A8J0PJS2|A0A8J0PJS2_XENTR	Xenopus tropicalis	vertebrate	210	assoc_k_beta	high	123.3	0.5381		1.0
tr|A0A8J0PKC7|A0A8J0PKC7_XENTR	Xenopus tropicalis	vertebrate	193	nonchannel_ncs	high	340.2	0.9948	assoc_kchip	0.4106
tr|A0A8J0PKV7|A0A8J0PKV7_XENTR	Xenopus tropicalis	vertebrate	578	assoc_k_beta	high	46.5	0.6903		1.0
tr|A0A8J0PLF1|A0A8J0PLF1_XENTR	Xenopus tropicalis	vertebrate	547	assoc_k_beta	medium	46.9	0.4593	lrrc8	0.4776
tr|A0A8J0PLI4|A0A8J0PLI4_XENTR	Xenopus tropicalis	vertebrate	353	assoc_cav_aux	high	265.4	0.6022		1.0
tr|A0A8J0PLN6|A0A8J0PLN6_XENTR	Xenopus tropicalis	vertebrate	401	assoc_k_beta	high	244.5	0.874		1.0
tr|A0A8J0PLP8|A0A8J0PLP8_XENTR	Xenopus tropicalis	vertebrate	188	nonchannel_ncs	high	245.3	0.9016	assoc_kchip	0.5104
tr|A0A8J0PM17|A0A8J0PM17_XENTR	Xenopus tropicalis	vertebrate	706	assoc_k_beta	medium	69.8	0.4042	lrrc8	0.5043
tr|A0A8J0PM40|A0A8J0PM40_XENTR	Xenopus tropicalis	vertebrate	369	assoc_k_beta	medium	80.9	0.4462	lrrc8	0.2756
tr|A0A8J0PM44|A0A8J0PM44_XENTR	Xenopus tropicalis	vertebrate	455	assoc_k_beta	high	71.8	0.622	lrrc8	0.39
tr|A0A8J0PMC9|A0A8J0PMC9_XENTR	Xenopus tropicalis	vertebrate	187	nonchannel_ncs	medium	34.3	0.6373	assoc_kchip	0.1108
tr|A0A8J0PML2|A0A8J0PML2_XENTR	Xenopus tropicalis	vertebrate	1519	assoc_k_beta	high	259.4	0.5223	lrrc8	0.4927
tr|A0A8J0PMM6|A0A8J0PMM6_XENTR	Xenopus tropicalis	vertebrate	191	nonchannel_ncs	high	312.9	0.9793	assoc_kchip	0.4113
tr|A0A8J0PMU6|A0A8J0PMU6_XENTR	Xenopus tropicalis	vertebrate	525	assoc_iglur_aux	high	353.4	0.878		1.0
tr|A0A8J0Q6C3|A0A8J0Q6C3_XENTR	Xenopus tropicalis	vertebrate	1076	assoc_cav_aux	high	639.0	0.9726		1.0
tr|A0A8J0Q6H9|A0A8J0Q6H9_XENTR	Xenopus tropicalis	vertebrate	264	outofscope_aquaporin	high	284.8	0.9217		1.0
tr|A0A8J0Q6K7|A0A8J0Q6K7_XENTR	Xenopus tropicalis	vertebrate	1529	assoc_k_beta	high	277.8	0.5039	lrrc8	0.5101
tr|A0A8J0Q6K9|A0A8J0Q6K9_XENTR	Xenopus tropicalis	vertebrate	321	assoc_cav_aux	high	274.5	0.5748		1.0
tr|A0A8J0Q7G5|A0A8J0Q7G5_XENTR	Xenopus tropicalis	vertebrate	909	nonchannel_class_c_gpcr	high	1248.9	0.9842	kainate	0.9704
tr|A0A8J0Q7S9|A0A8J0Q7S9_XENTR	Xenopus tropicalis	vertebrate	538	assoc_k_beta	medium	35.3	0.3806	lrrc8	0.1983
tr|A0A8J0Q8B1|A0A8J0Q8B1_XENTR	Xenopus tropicalis	vertebrate	641	assoc_k_beta	high	112.4	0.5564	lrrc8	0.3087
tr|A0A8J0Q8F5|A0A8J0Q8F5_XENTR	Xenopus tropicalis	vertebrate	1119	nonchannel_ncs	medium	30.3	0.3472		1.0
tr|A0A8J0Q8N8|A0A8J0Q8N8_XENTR	Xenopus tropicalis	vertebrate	211	nonchannel_ncs	high	196.4	0.8549	assoc_kchip	0.391
tr|A0A8J0Q8P6|A0A8J0Q8P6_XENTR	Xenopus tropicalis	vertebrate	738	assoc_k_beta	medium	77.8	0.5013	lrrc8	0.2943
tr|A0A8J0Q8Q9|A0A8J0Q8Q9_XENTR	Xenopus tropicalis	vertebrate	846	assoc_k_beta	high	278.0	0.9528		1.0
tr|A0A8J0Q932|A0A8J0Q932_XENTR	Xenopus tropicalis	vertebrate	778	transporter_slc26	high	921.5	0.957		1.0
tr|A0A8J0Q933|A0A8J0Q933_XENTR	Xenopus tropicalis	vertebrate	402	nonchannel_vsp	high	242.8	0.5435		1.0
tr|A0A8J0Q954|A0A8J0Q954_XENTR	Xenopus tropicalis	vertebrate	252	assoc_cav_aux	medium	84.3	0.4252		1.0
tr|A0A8J0Q9C8|A0A8J0Q9C8_XENTR	Xenopus tropicalis	vertebrate	796	assoc_k_beta	high	277.7	0.9606		1.0
tr|A0A8J0Q9P9|A0A8J0Q9P9_XENTR	Xenopus tropicalis	vertebrate	269	outofscope_aquaporin	high	227.2	0.8719		1.0
tr|A0A8J0Q9V3|A0A8J0Q9V3_XENTR	Xenopus tropicalis	vertebrate	1531	nonchannel_abc_transporter	high	1780.4	0.9762	assoc_sur	0.5162
tr|A0A8J0Q9V7|A0A8J0Q9V7_XENTR	Xenopus tropicalis	vertebrate	1259	nonchannel_ncs	medium	33.9	0.3368		1.0
tr|A0A8J0QAM1|A0A8J0QAM1_XENTR	Xenopus tropicalis	vertebrate	1054	assoc_k_beta	medium	66.2	0.3885		1.0
tr|A0A8J0QAW9|A0A8J0QAW9_XENTR	Xenopus tropicalis	vertebrate	220	assoc_nav_beta	high	205.4	0.9107		1.0
tr|A0A8J0QBI2|A0A8J0QBI2_XENTR	Xenopus tropicalis	vertebrate	229	assoc_nav_beta	high	76.4	0.8036		1.0
tr|A0A8J0QCC9|A0A8J0QCC9_XENTR	Xenopus tropicalis	vertebrate	438	assoc_nav_beta	high	62.7	0.5714		1.0
tr|A0A8J0QD20|A0A8J0QD20_XENTR	Xenopus tropicalis	vertebrate	806	assoc_k_beta	high	44.2	0.5459		1.0
tr|A0A8J0QDG2|A0A8J0QDG2_XENTR	Xenopus tropicalis	vertebrate	321	assoc_nav_beta	high	37.2	0.5536		1.0
tr|A0A8J0QDL1|A0A8J0QDL1_XENTR	Xenopus tropicalis	vertebrate	583	assoc_cav_aux	high	439.2	0.6475		1.0
tr|A0A8J0QDM1|A0A8J0QDM1_XENTR	Xenopus tropicalis	vertebrate	268	outofscope_aquaporin	high	234.2	0.9324		1.0
tr|A0A8J0QDN4|A0A8J0QDN4_XENTR	Xenopus tropicalis	vertebrate	1501	nonchannel_abc_transporter	high	1381.1	0.9663	assoc_sur	0.5167
tr|A0A8J0QE59|A0A8J0QE59_XENTR	Xenopus tropicalis	vertebrate	1232	nonchannel_ncs	medium	30.5	0.342		1.0
tr|A0A8J0QGK5|A0A8J0QGK5_XENTR	Xenopus tropicalis	vertebrate	933	assoc_clc_aux	high	1117.1	0.987		1.0
tr|A0A8J0QHF9|A0A8J0QHF9_XENTR	Xenopus tropicalis	vertebrate	289	outofscope_aquaporin	high	300.5	0.9217		1.0
tr|A0A8J0QIX3|A0A8J0QIX3_XENTR	Xenopus tropicalis	vertebrate	190	nonchannel_ncs	medium	300.1	0.9637	assoc_kchip	0.2832
tr|A0A8J0QJX8|A0A8J0QJX8_XENTR	Xenopus tropicalis	vertebrate	332	assoc_nav_beta	high	42.9	0.5625		1.0
tr|A0A8J0QJY4|A0A8J0QJY4_XENTR	Xenopus tropicalis	vertebrate	859	nonchannel_class_c_gpcr	high	749.4	0.9141		1.0
tr|A0A8J0QKB9|A0A8J0QKB9_XENTR	Xenopus tropicalis	vertebrate	170	nonchannel_ncs	medium	75.9	0.7824	assoc_kchip	0.2596
tr|A0A8J0QKI1|A0A8J0QKI1_XENTR	Xenopus tropicalis	vertebrate	505	outofscope_aquaporin	high	134.9	0.911		1.0
tr|A0A8J0QL21|A0A8J0QL21_XENTR	Xenopus tropicalis	vertebrate	919	assoc_clc_aux	high	1090.4	0.9805		1.0
tr|A0A8J0QNX0|A0A8J0QNX0_XENTR	Xenopus tropicalis	vertebrate	1597	nonchannel_ncs	medium	83.6	0.5492	assoc_kchip	0.2835
tr|A0A8J0QQU5|A0A8J0QQU5_XENTR	Xenopus tropicalis	vertebrate	1324	nonchannel_abc_transporter	high	1602.4	0.9624	cftr	0.4163
tr|A0A8J0QRR6|A0A8J0QRR6_XENTR	Xenopus tropicalis	vertebrate	524	assoc_nav_beta	high	45.8	0.6027		1.0
tr|A0A8J0QU04|A0A8J0QU04_XENTR	Xenopus tropicalis	vertebrate	644	nonchannel_class_c_gpcr	high	498.9	0.6893		1.0
tr|A0A8J0QUM2|A0A8J0QUM2_XENTR	Xenopus tropicalis	vertebrate	848	nonchannel_class_c_gpcr	high	690.4	0.9085		1.0
tr|A0A8J0QV53|A0A8J0QV53_XENTR	Xenopus tropicalis	vertebrate	641	assoc_k_beta	high	116.5	0.5696	lrrc8	0.5236
tr|A0A8J0QVT3|A0A8J0QVT3_XENTR	Xenopus tropicalis	vertebrate	542	assoc_mcu_reg	high	524.0	0.9077		1.0
tr|A0A8J0QW21|A0A8J0QW21_XENTR	Xenopus tropicalis	vertebrate	883	nonchannel_class_c_gpcr	high	542.2	0.8712		1.0
tr|A0A8J0QWV3|A0A8J0QWV3_XENTR	Xenopus tropicalis	vertebrate	188	nonchannel_ncs	high	226.6	0.8964	assoc_kchip	0.5459
tr|A0A8J0QXK0|A0A8J0QXK0_XENTR	Xenopus tropicalis	vertebrate	431	assoc_mcu_reg	high	453.7	0.7523	nonchannel_ncs	0.9116
tr|A0A8J0QYA8|A0A8J0QYA8_XENTR	Xenopus tropicalis	vertebrate	793	nonchannel_class_c_gpcr	high	579.8	0.8712	iglur_nonvertebrate	0.9591
tr|A0A8J0QYQ9|A0A8J0QYQ9_XENTR	Xenopus tropicalis	vertebrate	728	nonchannel_abc_transporter	medium	355.6	0.4348	assoc_sur	0.6265
tr|A0A8J0QYT3|A0A8J0QYT3_XENTR	Xenopus tropicalis	vertebrate	802	nonchannel_class_c_gpcr	high	616.8	0.8599	iglur_nonvertebrate	0.9616
tr|A0A8J0QZ56|A0A8J0QZ56_XENTR	Xenopus tropicalis	vertebrate	272	assoc_nav_beta	high	90.2	0.8482		1.0
tr|A0A8J0R1Z5|A0A8J0R1Z5_XENTR	Xenopus tropicalis	vertebrate	327	nonchannel_class_c_gpcr	medium	259.2	0.3446		1.0
tr|A0A8J0R271|A0A8J0R271_XENTR	Xenopus tropicalis	vertebrate	884	nonchannel_class_c_gpcr	high	704.1	0.913		1.0
tr|A0A8J0R2L0|A0A8J0R2L0_XENTR	Xenopus tropicalis	vertebrate	233	nonchannel_ncs	high	221.9	0.9223	assoc_kchip	0.5079
tr|A0A8J0R2Y9|A0A8J0R2Y9_XENTR	Xenopus tropicalis	vertebrate	859	nonchannel_class_c_gpcr	high	729.7	0.9119	iglur_nonvertebrate	0.9567
tr|A0A8J0S6Q8|A0A8J0S6Q8_XENTR	Xenopus tropicalis	vertebrate	301	nonchannel_class_c_gpcr	medium	258.3	0.3367		1.0
tr|A0A8J0S6T4|A0A8J0S6T4_XENTR	Xenopus tropicalis	vertebrate	873	nonchannel_class_c_gpcr	high	580.1	0.9119		1.0
tr|A0A8J0S6T7|A0A8J0S6T7_XENTR	Xenopus tropicalis	vertebrate	878	nonchannel_class_c_gpcr	high	525.9	0.9164		1.0
tr|A0A8J0SAL8|A0A8J0SAL8_XENTR	Xenopus tropicalis	vertebrate	739	nonchannel_class_c_gpcr	high	487.0	0.7638		1.0
tr|A0A8J0SAN4|A0A8J0SAN4_XENTR	Xenopus tropicalis	vertebrate	888	nonchannel_class_c_gpcr	high	683.1	0.913		1.0
tr|A0A8J0SAN7|A0A8J0SAN7_XENTR	Xenopus tropicalis	vertebrate	807	nonchannel_class_c_gpcr	high	619.1	0.8339		1.0
tr|A0A8J0SAP0|A0A8J0SAP0_XENTR	Xenopus tropicalis	vertebrate	878	nonchannel_class_c_gpcr	high	713.6	0.9141		1.0
tr|A0A8J0SB85|A0A8J0SB85_XENTR	Xenopus tropicalis	vertebrate	592	nonchannel_class_c_gpcr	high	359.1	0.6621		1.0
tr|A0A8J0SB96|A0A8J0SB96_XENTR	Xenopus tropicalis	vertebrate	662	nonchannel_class_c_gpcr	high	420.6	0.6531		1.0
tr|A0A8J0SBW8|A0A8J0SBW8_XENTR	Xenopus tropicalis	vertebrate	668	nonchannel_class_c_gpcr	high	530.7	0.7175		1.0
tr|A0A8J0SC57|A0A8J0SC57_XENTR	Xenopus tropicalis	vertebrate	774	nonchannel_class_c_gpcr	high	618.2	0.8689		1.0
tr|A0A8J0SCN5|A0A8J0SCN5_XENTR	Xenopus tropicalis	vertebrate	693	nonchannel_class_c_gpcr	high	435.0	0.7379		1.0
tr|A0A8J0SCS3|A0A8J0SCS3_XENTR	Xenopus tropicalis	vertebrate	236	assoc_nav_beta	medium	31.5	0.4643		1.0
tr|A0A8J0SD75|A0A8J0SD75_XENTR	Xenopus tropicalis	vertebrate	863	nonchannel_class_c_gpcr	high	550.5	0.9096		1.0
tr|A0A8J0SD80|A0A8J0SD80_XENTR	Xenopus tropicalis	vertebrate	892	nonchannel_class_c_gpcr	high	541.3	0.9062		1.0
tr|A0A8J0SDZ9|A0A8J0SDZ9_XENTR	Xenopus tropicalis	vertebrate	839	nonchannel_class_c_gpcr	high	552.5	0.9096		1.0
tr|A0A8J0SE04|A0A8J0SE04_XENTR	Xenopus tropicalis	vertebrate	867	nonchannel_class_c_gpcr	high	522.4	0.9107		1.0
tr|A0A8J0SE11|A0A8J0SE11_XENTR	Xenopus tropicalis	vertebrate	872	nonchannel_class_c_gpcr	high	518.4	0.9107		1.0
tr|A0A8J0SFE7|A0A8J0SFE7_XENTR	Xenopus tropicalis	vertebrate	366	assoc_nav_beta	high	41.2	0.5134		1.0
tr|A0A8J0SH57|A0A8J0SH57_XENTR	Xenopus tropicalis	vertebrate	825	nonchannel_class_c_gpcr	high	655.8	0.8734		1.0
tr|A0A8J0SH68|A0A8J0SH68_XENTR	Xenopus tropicalis	vertebrate	824	nonchannel_class_c_gpcr	high	638.4	0.8441		1.0
tr|A0A8J0SHA0|A0A8J0SHA0_XENTR	Xenopus tropicalis	vertebrate	723	assoc_k_beta	medium	60.3	0.3937		1.0
tr|A0A8J0SIS2|A0A8J0SIS2_XENTR	Xenopus tropicalis	vertebrate	660	nonchannel_class_c_gpcr	high	506.4	0.6373		1.0
tr|A0A8J0SIS7|A0A8J0SIS7_XENTR	Xenopus tropicalis	vertebrate	846	nonchannel_class_c_gpcr	high	685.9	0.8791		1.0
tr|A0A8J0SK03|A0A8J0SK03_XENTR	Xenopus tropicalis	vertebrate	804	nonchannel_class_c_gpcr	high	655.3	0.8746	kainate	0.9643
tr|A0A8J0SK08|A0A8J0SK08_XENTR	Xenopus tropicalis	vertebrate	864	nonchannel_class_c_gpcr	high	668.2	0.9107		1.0
tr|A0A8J0SK12|A0A8J0SK12_XENTR	Xenopus tropicalis	vertebrate	770	nonchannel_class_c_gpcr	high	604.8	0.7503		1.0
tr|A0A8J0SK26|A0A8J0SK26_XENTR	Xenopus tropicalis	vertebrate	841	nonchannel_class_c_gpcr	high	705.3	0.9073		1.0
tr|A0A8J0SK31|A0A8J0SK31_XENTR	Xenopus tropicalis	vertebrate	833	nonchannel_class_c_gpcr	high	649.9	0.8621		1.0
tr|A0A8J0SLI5|A0A8J0SLI5_XENTR	Xenopus tropicalis	vertebrate	364	nonchannel_class_c_gpcr	medium	308.5	0.3876		1.0
tr|A0A8J0SLJ0|A0A8J0SLJ0_XENTR	Xenopus tropicalis	vertebrate	777	nonchannel_class_c_gpcr	high	562.9	0.8689		1.0
tr|A0A8J0SLL7|A0A8J0SLL7_XENTR	Xenopus tropicalis	vertebrate	963	assoc_clc_aux	high	1076.8	0.9555		1.0
tr|A0A8J0SMW4|A0A8J0SMW4_XENTR	Xenopus tropicalis	vertebrate	905	assoc_clc_aux	high	1085.9	0.9729		1.0
tr|A0A8J0SN35|A0A8J0SN35_XENTR	Xenopus tropicalis	vertebrate	673	trpv	high	535.8	0.7891	trpn	0.9337
tr|A0A8J0SQE3|A0A8J0SQE3_XENTR	Xenopus tropicalis	vertebrate	281	assoc_nav_beta	high	33.2	0.5982		1.0
tr|A0A8J0SQG7|A0A8J0SQG7_XENTR	Xenopus tropicalis	vertebrate	863	nonchannel_class_c_gpcr	high	547.4	0.9107		1.0
tr|A0A8J0SQJ7|A0A8J0SQJ7_XENTR	Xenopus tropicalis	vertebrate	469	nonchannel_class_c_gpcr	medium	364.2	0.4723		1.0
tr|A0A8J0SRI2|A0A8J0SRI2_XENTR	Xenopus tropicalis	vertebrate	655	transporter_slc26	high	645.8	0.9071		1.0
tr|A0A8J0SRP9|A0A8J0SRP9_XENTR	Xenopus tropicalis	vertebrate	335	assoc_k_beta	high	71.9	0.5223		1.0
tr|A0A8J0SSL6|A0A8J0SSL6_XENTR	Xenopus tropicalis	vertebrate	792	nonchannel_class_c_gpcr	high	668.6	0.8712		1.0
tr|A0A8J0SSP0|A0A8J0SSP0_XENTR	Xenopus tropicalis	vertebrate	298	nonchannel_class_c_gpcr	medium	224.5	0.3119		1.0
tr|A0A8J0STN4|A0A8J0STN4_XENTR	Xenopus tropicalis	vertebrate	784	nonchannel_class_c_gpcr	high	642.6	0.8633	nmda	0.9631
tr|A0A8J0STN9|A0A8J0STN9_XENTR	Xenopus tropicalis	vertebrate	781	nonchannel_class_c_gpcr	high	679.0	0.8644	nmda	0.9644
tr|A0A8J0SVD5|A0A8J0SVD5_XENTR	Xenopus tropicalis	vertebrate	863	nonchannel_class_c_gpcr	high	574.9	0.8994		1.0
tr|A0A8J0SVE0|A0A8J0SVE0_XENTR	Xenopus tropicalis	vertebrate	789	nonchannel_class_c_gpcr	high	634.6	0.8655		1.0
tr|A0A8J0SVE6|A0A8J0SVE6_XENTR	Xenopus tropicalis	vertebrate	776	nonchannel_class_c_gpcr	high	555.2	0.7672		1.0
tr|A0A8J0SW38|A0A8J0SW38_XENTR	Xenopus tropicalis	vertebrate	786	nonchannel_class_c_gpcr	high	630.7	0.8588		1.0
tr|A0A8J0SW49|A0A8J0SW49_XENTR	Xenopus tropicalis	vertebrate	790	nonchannel_class_c_gpcr	high	635.0	0.8655		1.0
tr|A0A8J0SWP6|A0A8J0SWP6_XENTR	Xenopus tropicalis	vertebrate	895	nonchannel_class_c_gpcr	high	542.1	0.9254		1.0
tr|A0A8J0SWQ2|A0A8J0SWQ2_XENTR	Xenopus tropicalis	vertebrate	717	nonchannel_class_c_gpcr	high	431.1	0.7842		1.0
tr|A0A8J0SWZ7|A0A8J0SWZ7_XENTR	Xenopus tropicalis	vertebrate	790	nonchannel_class_c_gpcr	high	635.4	0.8655		1.0
tr|A0A8J0SXJ8|A0A8J0SXJ8_XENTR	Xenopus tropicalis	vertebrate	864	nonchannel_class_c_gpcr	high	558.1	0.9107		1.0
tr|A0A8J0SXK8|A0A8J0SXK8_XENTR	Xenopus tropicalis	vertebrate	668	nonchannel_class_c_gpcr	high	472.2	0.7379		1.0
tr|A0A8J0SZ58|A0A8J0SZ58_XENTR	Xenopus tropicalis	vertebrate	621	nonchannel_class_c_gpcr	high	418.7	0.6836		1.0
tr|A0A8J0SZJ4|A0A8J0SZJ4_XENTR	Xenopus tropicalis	vertebrate	774	nonchannel_ncs	high	64.6	0.7409	assoc_kchip	0.3467
tr|A0A8J0SZP5|A0A8J0SZP5_XENTR	Xenopus tropicalis	vertebrate	795	nonchannel_class_c_gpcr	high	696.7	0.8825		1.0
tr|A0A8J0SZV7|A0A8J0SZV7_XENTR	Xenopus tropicalis	vertebrate	272	assoc_nav_beta	high	37.8	0.5982		1.0
tr|A0A8J0SZZ6|A0A8J0SZZ6_XENTR	Xenopus tropicalis	vertebrate	360	nonchannel_class_c_gpcr	medium	215.2	0.3898		1.0
tr|A0A8J0T021|A0A8J0T021_XENTR	Xenopus tropicalis	vertebrate	782	assoc_k_beta	medium	53.1	0.4042		1.0
tr|A0A8J0T0F7|A0A8J0T0F7_XENTR	Xenopus tropicalis	vertebrate	417	nonchannel_class_c_gpcr	medium	338.8	0.4599		1.0
tr|A0A8J0T0J9|A0A8J0T0J9_XENTR	Xenopus tropicalis	vertebrate	614	nonchannel_class_c_gpcr	high	397.6	0.6893		1.0
tr|A0A8J0T0P9|A0A8J0T0P9_XENTR	Xenopus tropicalis	vertebrate	848	nonchannel_class_c_gpcr	high	545.2	0.9107		1.0
tr|A0A8J0T0Q4|A0A8J0T0Q4_XENTR	Xenopus tropicalis	vertebrate	693	nonchannel_class_c_gpcr	high	547.0	0.7424		1.0
tr|A0A8J0T0Q9|A0A8J0T0Q9_XENTR	Xenopus tropicalis	vertebrate	441	nonchannel_class_c_gpcr	medium	362.7	0.4565		1.0
tr|A0A8J0T0T8|A0A8J0T0T8_XENTR	Xenopus tropicalis	vertebrate	2151	assoc_nav_beta	high	33.2	0.558		1.0
tr|A0A8J0T1N4|A0A8J0T1N4_XENTR	Xenopus tropicalis	vertebrate	834	nonchannel_class_c_gpcr	high	647.6	0.9096		1.0
tr|A0A8J0T252|A0A8J0T252_XENTR	Xenopus tropicalis	vertebrate	290	nonchannel_class_c_gpcr	medium	251.5	0.3277		1.0
tr|A0A8J0T2E4|A0A8J0T2E4_XENTR	Xenopus tropicalis	vertebrate	764	nonchannel_class_c_gpcr	high	620.1	0.8678		1.0
tr|A0A8J0T2J5|A0A8J0T2J5_XENTR	Xenopus tropicalis	vertebrate	1035	assoc_k_beta	medium	58.4	0.4357		1.0
tr|A0A8J0T2X7|A0A8J0T2X7_XENTR	Xenopus tropicalis	vertebrate	628	nonchannel_class_c_gpcr	high	541.5	0.7028		1.0
tr|A0A8J0T327|A0A8J0T327_XENTR	Xenopus tropicalis	vertebrate	602	nonchannel_class_c_gpcr	high	443.5	0.6305		1.0
tr|A0A8J0T447|A0A8J0T447_XENTR	Xenopus tropicalis	vertebrate	1381	nonchannel_abc_transporter	medium	702.6	0.411	assoc_sur	0.6089
tr|A0A8J0T4H9|A0A8J0T4H9_XENTR	Xenopus tropicalis	vertebrate	771	nonchannel_class_c_gpcr	high	639.7	0.8667		1.0
tr|A0A8J0T4P4|A0A8J0T4P4_XENTR	Xenopus tropicalis	vertebrate	433	nonchannel_class_c_gpcr	medium	383.3	0.4712		1.0
tr|A0A8J0T4P6|A0A8J0T4P6_XENTR	Xenopus tropicalis	vertebrate	396	assoc_k_beta	medium	74.8	0.4829	lrrc8	0.3636
tr|A0A8J0T4T6|A0A8J0T4T6_XENTR	Xenopus tropicalis	vertebrate	780	nonchannel_class_c_gpcr	high	629.7	0.8599		1.0
tr|A0A8J0T573|A0A8J0T573_XENTR	Xenopus tropicalis	vertebrate	531	nonchannel_class_c_gpcr	high	405.6	0.5695		1.0
tr|A0A8J0T5F9|A0A8J0T5F9_XENTR	Xenopus tropicalis	vertebrate	791	nonchannel_class_c_gpcr	high	634.7	0.8655		1.0
tr|A0A8J0T5L0|A0A8J0T5L0_XENTR	Xenopus tropicalis	vertebrate	775	nonchannel_class_c_gpcr	high	628.8	0.8678		1.0
tr|A0A8J0T5S8|A0A8J0T5S8_XENTR	Xenopus tropicalis	vertebrate	1305	assoc_k_beta	medium	41.2	0.3045	lrrc8	0.1845
tr|A0A8J0T686|A0A8J0T686_XENTR	Xenopus tropicalis	vertebrate	865	nonchannel_class_c_gpcr	high	563.2	0.9119		1.0
tr|A0A8J1IMM7|A0A8J1IMM7_XENTR	Xenopus tropicalis	vertebrate	353	nonchannel_class_c_gpcr	medium	327.0	0.3853		1.0
tr|A0A8J1IPP3|A0A8J1IPP3_XENTR	Xenopus tropicalis	vertebrate	495	nonchannel_class_c_gpcr	high	382.9	0.5593		1.0
tr|A0A8J1IPP6|A0A8J1IPP6_XENTR	Xenopus tropicalis	vertebrate	560	nonchannel_class_c_gpcr	high	400.6	0.5311		1.0
tr|A0A8J1IPQ1|A0A8J1IPQ1_XENTR	Xenopus tropicalis	vertebrate	299	nonchannel_class_c_gpcr	medium	251.2	0.3401		1.0
tr|A0A8J1IPQ8|A0A8J1IPQ8_XENTR	Xenopus tropicalis	vertebrate	902	nonchannel_class_c_gpcr	high	540.0	0.8983		1.0
tr|A0A8J1IPS5|A0A8J1IPS5_XENTR	Xenopus tropicalis	vertebrate	756	nonchannel_class_c_gpcr	high	507.2	0.7842		1.0
tr|A0A8J1IPS6|A0A8J1IPS6_XENTR	Xenopus tropicalis	vertebrate	864	nonchannel_class_c_gpcr	high	554.1	0.9107		1.0
tr|A0A8J1IPS7|A0A8J1IPS7_XENTR	Xenopus tropicalis	vertebrate	734	nonchannel_class_c_gpcr	high	472.5	0.7593		1.0
tr|A0A8J1IPS9|A0A8J1IPS9_XENTR	Xenopus tropicalis	vertebrate	800	nonchannel_class_c_gpcr	high	505.7	0.7616		1.0
tr|A0A8J1IPT1|A0A8J1IPT1_XENTR	Xenopus tropicalis	vertebrate	781	nonchannel_class_c_gpcr	high	568.6	0.8633		1.0
tr|A0A8J1IPT4|A0A8J1IPT4_XENTR	Xenopus tropicalis	vertebrate	721	nonchannel_class_c_gpcr	high	418.9	0.7424		1.0
tr|A0A8J1IPU1|A0A8J1IPU1_XENTR	Xenopus tropicalis	vertebrate	762	nonchannel_class_c_gpcr	high	608.4	0.8124		1.0
tr|A0A8J1IPU3|A0A8J1IPU3_XENTR	Xenopus tropicalis	vertebrate	647	nonchannel_class_c_gpcr	high	413.2	0.7537		1.0
tr|A0A8J1IPU5|A0A8J1IPU5_XENTR	Xenopus tropicalis	vertebrate	323	nonchannel_class_c_gpcr	medium	252.5	0.339		1.0
tr|A0A8J1IPU6|A0A8J1IPU6_XENTR	Xenopus tropicalis	vertebrate	324	nonchannel_class_c_gpcr	medium	255.3	0.3424		1.0
tr|A0A8J1IPU7|A0A8J1IPU7_XENTR	Xenopus tropicalis	vertebrate	819	nonchannel_class_c_gpcr	high	598.4	0.8655		1.0
tr|A0A8J1IPV0|A0A8J1IPV0_XENTR	Xenopus tropicalis	vertebrate	354	nonchannel_class_c_gpcr	medium	312.3	0.3876		1.0
tr|A0A8J1IPV1|A0A8J1IPV1_XENTR	Xenopus tropicalis	vertebrate	831	nonchannel_class_c_gpcr	high	641.6	0.887		1.0
tr|A0A8J1IPV5|A0A8J1IPV5_XENTR	Xenopus tropicalis	vertebrate	790	nonchannel_class_c_gpcr	high	629.3	0.8655		1.0
tr|A0A8J1IPV6|A0A8J1IPV6_XENTR	Xenopus tropicalis	vertebrate	763	nonchannel_class_c_gpcr	high	587.6	0.7684		1.0
tr|A0A8J1IPV7|A0A8J1IPV7_XENTR	Xenopus tropicalis	vertebrate	378	nonchannel_class_c_gpcr	medium	312.9	0.3864		1.0
tr|A0A8J1IPW0|A0A8J1IPW0_XENTR	Xenopus tropicalis	vertebrate	761	nonchannel_class_c_gpcr	high	537.1	0.861		1.0
tr|A0A8J1IPW1|A0A8J1IPW1_XENTR	Xenopus tropicalis	vertebrate	620	nonchannel_class_c_gpcr	high	485.3	0.6678		1.0
tr|A0A8J1IPW2|A0A8J1IPW2_XENTR	Xenopus tropicalis	vertebrate	633	nonchannel_class_c_gpcr	high	496.1	0.6712		1.0
tr|A0A8J1IPW5|A0A8J1IPW5_XENTR	Xenopus tropicalis	vertebrate	537	nonchannel_class_c_gpcr	high	414.8	0.5876		1.0
tr|A0A8J1IPW6|A0A8J1IPW6_XENTR	Xenopus tropicalis	vertebrate	927	nonchannel_class_c_gpcr	high	557.7	0.8893		1.0
tr|A0A8J1IPW7|A0A8J1IPW7_XENTR	Xenopus tropicalis	vertebrate	585	nonchannel_class_c_gpcr	high	471.6	0.6192		1.0
tr|A0A8J1IPX1|A0A8J1IPX1_XENTR	Xenopus tropicalis	vertebrate	462	nonchannel_class_c_gpcr	medium	377.7	0.4633		1.0
tr|A0A8J1IPX2|A0A8J1IPX2_XENTR	Xenopus tropicalis	vertebrate	445	nonchannel_class_c_gpcr	medium	304.6	0.3808		1.0
tr|A0A8J1IPX7|A0A8J1IPX7_XENTR	Xenopus tropicalis	vertebrate	519	nonchannel_class_c_gpcr	high	410.2	0.5706		1.0
tr|A0A8J1IPY3|A0A8J1IPY3_XENTR	Xenopus tropicalis	vertebrate	289	nonchannel_class_c_gpcr	medium	220.7	0.3209		1.0
tr|A0A8J1IPY6|A0A8J1IPY6_XENTR	Xenopus tropicalis	vertebrate	966	nonchannel_class_c_gpcr	high	634.2	0.8734		1.0
tr|A0A8J1IPZ2|A0A8J1IPZ2_XENTR	Xenopus tropicalis	vertebrate	496	nonchannel_class_c_gpcr	high	382.3	0.5164		1.0
tr|A0A8J1IQ15|A0A8J1IQ15_XENTR	Xenopus tropicalis	vertebrate	514	assoc_nav_beta	high	46.4	0.5982		1.0
tr|A0A8J1IQ34|A0A8J1IQ34_XENTR	Xenopus tropicalis	vertebrate	882	nonchannel_class_c_gpcr	high	600.7	0.8734	nmda	0.9582
tr|A0A8J1IQJ1|A0A8J1IQJ1_XENTR	Xenopus tropicalis	vertebrate	790	nonchannel_class_c_gpcr	high	628.8	0.8655		1.0
tr|A0A8J1IQN8|A0A8J1IQN8_XENTR	Xenopus tropicalis	vertebrate	299	assoc_nav_beta	high	33.2	0.6027		1.0
tr|A0A8J1IRM3|A0A8J1IRM3_XENTR	Xenopus tropicalis	vertebrate	384	nonchannel_class_c_gpcr	medium	337.6	0.4181		1.0
tr|A0A8J1IRP0|A0A8J1IRP0_XENTR	Xenopus tropicalis	vertebrate	468	nonchannel_class_c_gpcr	medium	276.1	0.4486		1.0
tr|A0A8J1IS07|A0A8J1IS07_XENTR	Xenopus tropicalis	vertebrate	711	nonchannel_abc_transporter	medium	357.8	0.4402	assoc_sur	0.6325
tr|A0A8J1IS49|A0A8J1IS49_XENTR	Xenopus tropicalis	vertebrate	550	nonchannel_class_c_gpcr	high	368.6	0.5198		1.0
tr|A0A8J1IS58|A0A8J1IS58_XENTR	Xenopus tropicalis	vertebrate	895	nonchannel_class_c_gpcr	high	550.1	0.9243		1.0
tr|A0A8J1IS73|A0A8J1IS73_XENTR	Xenopus tropicalis	vertebrate	631	nonchannel_class_c_gpcr	high	441.1	0.7096		1.0
tr|A0A8J1IS76|A0A8J1IS76_XENTR	Xenopus tropicalis	vertebrate	877	nonchannel_class_c_gpcr	high	555.5	0.9085		1.0
tr|A0A8J1IS81|A0A8J1IS81_XENTR	Xenopus tropicalis	vertebrate	629	nonchannel_class_c_gpcr	high	451.5	0.7017		1.0
tr|A0A8J1IS92|A0A8J1IS92_XENTR	Xenopus tropicalis	vertebrate	788	nonchannel_class_c_gpcr	high	470.8	0.7446		1.0
tr|A0A8J1IS97|A0A8J1IS97_XENTR	Xenopus tropicalis	vertebrate	720	nonchannel_class_c_gpcr	high	602.1	0.7853	nmda	0.9598
tr|A0A8J1ISA1|A0A8J1ISA1_XENTR	Xenopus tropicalis	vertebrate	333	nonchannel_class_c_gpcr	medium	258.8	0.3424		1.0
tr|A0A8J1ISA6|A0A8J1ISA6_XENTR	Xenopus tropicalis	vertebrate	804	nonchannel_class_c_gpcr	high	601.7	0.8045		1.0
tr|A0A8J1ISB0|A0A8J1ISB0_XENTR	Xenopus tropicalis	vertebrate	726	nonchannel_class_c_gpcr	high	578.6	0.765		1.0
tr|A0A8J1ISC0|A0A8J1ISC0_XENTR	Xenopus tropicalis	vertebrate	585	nonchannel_class_c_gpcr	high	501.5	0.6316		1.0
tr|A0A8J1ISW3|A0A8J1ISW3_XENTR	Xenopus tropicalis	vertebrate	658	nonchannel_class_c_gpcr	high	433.3	0.6463		1.0
tr|A0A8J1ISY3|A0A8J1ISY3_XENTR	Xenopus tropicalis	vertebrate	770	nonchannel_class_c_gpcr	high	508.6	0.7684		1.0
tr|A0A8J1ISY4|A0A8J1ISY4_XENTR	Xenopus tropicalis	vertebrate	852	assoc_nav_beta	high	31.1	0.5759		1.0
tr|A0A8J1ISY7|A0A8J1ISY7_XENTR	Xenopus tropicalis	vertebrate	650	assoc_nav_beta	high	41.7	0.5759		1.0
tr|A0A8J1ISY8|A0A8J1ISY8_XENTR	Xenopus tropicalis	vertebrate	373	nonchannel_class_c_gpcr	medium	311.0	0.3842		1.0
tr|A0A8J1ISZ3|A0A8J1ISZ3_XENTR	Xenopus tropicalis	vertebrate	783	nonchannel_class_c_gpcr	high	555.7	0.8215		1.0
tr|A0A8J1ISZ8|A0A8J1ISZ8_XENTR	Xenopus tropicalis	vertebrate	351	nonchannel_class_c_gpcr	medium	171.8	0.3718		1.0
tr|A0A8J1IT03|A0A8J1IT03_XENTR	Xenopus tropicalis	vertebrate	786	nonchannel_class_c_gpcr	high	495.9	0.8147	kainate	0.9514
tr|A0A8J1IT08|A0A8J1IT08_XENTR	Xenopus tropicalis	vertebrate	312	nonchannel_class_c_gpcr	medium	255.9	0.3401		1.0
tr|A0A8J1IT13|A0A8J1IT13_XENTR	Xenopus tropicalis	vertebrate	316	nonchannel_class_c_gpcr	medium	207.0	0.3232		1.0
tr|A0A8J1IT16|A0A8J1IT16_XENTR	Xenopus tropicalis	vertebrate	790	nonchannel_class_c_gpcr	high	636.2	0.8655		1.0
tr|A0A8J1IT20|A0A8J1IT20_XENTR	Xenopus tropicalis	vertebrate	1000	nonchannel_class_c_gpcr	high	703.4	0.9107		1.0
tr|A0A8J1IT25|A0A8J1IT25_XENTR	Xenopus tropicalis	vertebrate	350	nonchannel_class_c_gpcr	medium	301.5	0.3864		1.0
tr|A0A8J1IT30|A0A8J1IT30_XENTR	Xenopus tropicalis	vertebrate	549	nonchannel_class_c_gpcr	high	397.2	0.5774		1.0
tr|A0A8J1IU65|A0A8J1IU65_XENTR	Xenopus tropicalis	vertebrate	934	assoc_iglur_aux	medium	32.0	0.382		1.0
tr|A0A8J1IUS2|A0A8J1IUS2_XENTR	Xenopus tropicalis	vertebrate	129	assoc_nav_beta	high	38.9	0.5982		1.0
tr|A0A8J1IVI0|A0A8J1IVI0_XENTR	Xenopus tropicalis	vertebrate	615	assoc_nav_beta	high	33.0	0.5982		1.0
tr|A0A8J1IVK8|A0A8J1IVK8_XENTR	Xenopus tropicalis	vertebrate	1866	nonchannel_vsp	high	129.3	0.5453		1.0
tr|A0A8J1IZC0|A0A8J1IZC0_XENTR	Xenopus tropicalis	vertebrate	273	nonchannel_class_c_gpcr	medium	232.6	0.3141		1.0
tr|A0A8J1IZE7|A0A8J1IZE7_XENTR	Xenopus tropicalis	vertebrate	864	nonchannel_class_c_gpcr	high	563.0	0.9119		1.0
tr|A0A8J1IZH2|A0A8J1IZH2_XENTR	Xenopus tropicalis	vertebrate	437	nonchannel_class_c_gpcr	medium	237.5	0.3333		1.0
tr|A0A8J1IZH7|A0A8J1IZH7_XENTR	Xenopus tropicalis	vertebrate	868	nonchannel_class_c_gpcr	high	538.4	0.9085		1.0
tr|A0A8J1IZI2|A0A8J1IZI2_XENTR	Xenopus tropicalis	vertebrate	290	nonchannel_class_c_gpcr	medium	252.7	0.3277		1.0
tr|A0A8J1IZI6|A0A8J1IZI6_XENTR	Xenopus tropicalis	vertebrate	795	nonchannel_class_c_gpcr	high	489.1	0.8169		1.0
tr|A0A8J1IZI8|A0A8J1IZI8_XENTR	Xenopus tropicalis	vertebrate	868	nonchannel_class_c_gpcr	high	529.6	0.9141		1.0
tr|A0A8J1IZJ1|A0A8J1IZJ1_XENTR	Xenopus tropicalis	vertebrate	866	nonchannel_class_c_gpcr	high	527.6	0.9153		1.0
tr|A0A8J1IZJ2|A0A8J1IZJ2_XENTR	Xenopus tropicalis	vertebrate	858	nonchannel_class_c_gpcr	high	556.4	0.9096		1.0
tr|A0A8J1IZJ3|A0A8J1IZJ3_XENTR	Xenopus tropicalis	vertebrate	848	nonchannel_class_c_gpcr	high	491.6	0.8215	iglur_nonvertebrate	0.9489
tr|A0A8J1IZJ6|A0A8J1IZJ6_XENTR	Xenopus tropicalis	vertebrate	865	nonchannel_class_c_gpcr	high	541.1	0.913		1.0
tr|A0A8J1IZK1|A0A8J1IZK1_XENTR	Xenopus tropicalis	vertebrate	865	nonchannel_class_c_gpcr	high	532.4	0.922		1.0
tr|A0A8J1IZK8|A0A8J1IZK8_XENTR	Xenopus tropicalis	vertebrate	909	nonchannel_class_c_gpcr	high	538.9	0.9073		1.0
tr|A0A8J1IZL7|A0A8J1IZL7_XENTR	Xenopus tropicalis	vertebrate	902	nonchannel_class_c_gpcr	high	564.8	0.913		1.0
tr|A0A8J1IZL8|A0A8J1IZL8_XENTR	Xenopus tropicalis	vertebrate	301	nonchannel_class_c_gpcr	medium	266.3	0.3367		1.0
tr|A0A8J1IZM1|A0A8J1IZM1_XENTR	Xenopus tropicalis	vertebrate	308	nonchannel_class_c_gpcr	medium	255.4	0.3322		1.0
tr|A0A8J1IZM5|A0A8J1IZM5_XENTR	Xenopus tropicalis	vertebrate	881	nonchannel_class_c_gpcr	high	530.2	0.9062		1.0
tr|A0A8J1IZN2|A0A8J1IZN2_XENTR	Xenopus tropicalis	vertebrate	859	nonchannel_class_c_gpcr	high	521.3	0.9085		1.0
tr|A0A8J1IZN7|A0A8J1IZN7_XENTR	Xenopus tropicalis	vertebrate	532	nonchannel_class_c_gpcr	high	378.5	0.5864		1.0
tr|A0A8J1IZP2|A0A8J1IZP2_XENTR	Xenopus tropicalis	vertebrate	1008	nonchannel_class_c_gpcr	high	571.6	0.9096		1.0
tr|A0A8J1J006|A0A8J1J006_XENTR	Xenopus tropicalis	vertebrate	587	assoc_iglur_aux	high	274.5	0.9867		1.0
tr|A0A8J1J1P0|A0A8J1J1P0_XENTR	Xenopus tropicalis	vertebrate	301	nonchannel_class_c_gpcr	medium	261.3	0.3367		1.0
tr|A0A8J1J1S8|A0A8J1J1S8_XENTR	Xenopus tropicalis	vertebrate	860	nonchannel_class_c_gpcr	high	564.1	0.9073		1.0
tr|A0A8J1J1Y1|A0A8J1J1Y1_XENTR	Xenopus tropicalis	vertebrate	866	nonchannel_class_c_gpcr	high	531.6	0.9175		1.0
tr|A0A8J1J1Y4|A0A8J1J1Y4_XENTR	Xenopus tropicalis	vertebrate	802	nonchannel_class_c_gpcr	high	486.7	0.8136	iglur_nonvertebrate	0.9517
tr|A0A8J1J1Y9|A0A8J1J1Y9_XENTR	Xenopus tropicalis	vertebrate	800	nonchannel_class_c_gpcr	high	495.6	0.8203		1.0
tr|A0A8J1J1Z8|A0A8J1J1Z8_XENTR	Xenopus tropicalis	vertebrate	872	nonchannel_class_c_gpcr	high	541.0	0.9085		1.0
tr|A0A8J1J203|A0A8J1J203_XENTR	Xenopus tropicalis	vertebrate	368	nonchannel_class_c_gpcr	medium	316.8	0.3921		1.0
tr|A0A8J1J208|A0A8J1J208_XENTR	Xenopus tropicalis	vertebrate	478	nonchannel_class_c_gpcr	medium	339.0	0.4701		1.0
tr|A0A8J1J2E9|A0A8J1J2E9_XENTR	Xenopus tropicalis	vertebrate	1534	assoc_k_beta	high	275.4	0.5197	lrrc8	0.5283
tr|A0A8J1J2L0|A0A8J1J2L0_XENTR	Xenopus tropicalis	vertebrate	228	outofscope_aquaporin	high	168.2	0.7616		1.0
tr|A0A8J1J2P6|A0A8J1J2P6_XENTR	Xenopus tropicalis	vertebrate	658	nonchannel_class_c_gpcr	high	451.5	0.6621		1.0
tr|A0A8J1J2Q1|A0A8J1J2Q1_XENTR	Xenopus tropicalis	vertebrate	352	nonchannel_class_c_gpcr	medium	298.0	0.3842		1.0
tr|A0A8J1J2Q3|A0A8J1J2Q3_XENTR	Xenopus tropicalis	vertebrate	774	nonchannel_class_c_gpcr	high	540.4	0.8701	kainate	0.9495
tr|A0A8J1J2Q8|A0A8J1J2Q8_XENTR	Xenopus tropicalis	vertebrate	426	nonchannel_class_c_gpcr	medium	367.1	0.4576		1.0
tr|A0A8J1J2W1|A0A8J1J2W1_XENTR	Xenopus tropicalis	vertebrate	1164	nonchannel_class_c_gpcr	high	558.8	0.913		1.0
tr|A0A8J1J2W6|A0A8J1J2W6_XENTR	Xenopus tropicalis	vertebrate	717	nonchannel_class_c_gpcr	high	446.4	0.7605		1.0
tr|A0A8J1J2X1|A0A8J1J2X1_XENTR	Xenopus tropicalis	vertebrate	308	nonchannel_class_c_gpcr	medium	271.1	0.3435		1.0
tr|A0A8J1J4B6|A0A8J1J4B6_XENTR	Xenopus tropicalis	vertebrate	914	nonchannel_class_c_gpcr	high	1223.2	0.9729	nmda	0.971
tr|A0A8J1J539|A0A8J1J539_XENTR	Xenopus tropicalis	vertebrate	768	nonchannel_class_c_gpcr	high	538.6	0.8712	kainate	0.9495
tr|A0A8J1J543|A0A8J1J543_XENTR	Xenopus tropicalis	vertebrate	753	nonchannel_class_c_gpcr	high	493.2	0.7638		1.0
tr|A0A8J1J5X3|A0A8J1J5X3_XENTR	Xenopus tropicalis	vertebrate	652	nonchannel_class_c_gpcr	high	420.0	0.6949		1.0
tr|A0A8J1J5X6|A0A8J1J5X6_XENTR	Xenopus tropicalis	vertebrate	342	nonchannel_class_c_gpcr	medium	136.8	0.3006		1.0
tr|A0A8J1J5X9|A0A8J1J5X9_XENTR	Xenopus tropicalis	vertebrate	117	assoc_kcne	high	75.2	0.5276		1.0
tr|A0A8J1J645|A0A8J1J645_XENTR	Xenopus tropicalis	vertebrate	300	nonchannel_class_c_gpcr	medium	245.2	0.3367		1.0
tr|A0A8J1J650|A0A8J1J650_XENTR	Xenopus tropicalis	vertebrate	539	nonchannel_class_c_gpcr	high	409.4	0.5774		1.0
tr|A0A8J1J6N2|A0A8J1J6N2_XENTR	Xenopus tropicalis	vertebrate	397	assoc_nav_beta	high	36.0	0.5179		1.0
tr|A0A8J1J7P4|A0A8J1J7P4_XENTR	Xenopus tropicalis	vertebrate	693	transporter_slc26	high	729.2	0.9528		1.0
tr|A0A8J1J8C7|A0A8J1J8C7_XENTR	Xenopus tropicalis	vertebrate	866	nonchannel_class_c_gpcr	high	683.5	0.9254		1.0
tr|A0A8J1J8D2|A0A8J1J8D2_XENTR	Xenopus tropicalis	vertebrate	421	nonchannel_class_c_gpcr	medium	344.8	0.4588		1.0
tr|A0A8J1J8D3|A0A8J1J8D3_XENTR	Xenopus tropicalis	vertebrate	789	nonchannel_class_c_gpcr	high	535.2	0.7458		1.0
tr|A0A8J1J8D7|A0A8J1J8D7_XENTR	Xenopus tropicalis	vertebrate	842	nonchannel_class_c_gpcr	high	674.3	0.913		1.0
tr|A0A8J1J8D8|A0A8J1J8D8_XENTR	Xenopus tropicalis	vertebrate	808	nonchannel_class_c_gpcr	high	629.8	0.9017		1.0
tr|A0A8J1J8D9|A0A8J1J8D9_XENTR	Xenopus tropicalis	vertebrate	834	nonchannel_class_c_gpcr	high	691.8	0.9062		1.0
tr|A0A8J1J8E2|A0A8J1J8E2_XENTR	Xenopus tropicalis	vertebrate	519	nonchannel_class_c_gpcr	high	420.4	0.5718		1.0
tr|A0A8J1J8E3|A0A8J1J8E3_XENTR	Xenopus tropicalis	vertebrate	870	nonchannel_class_c_gpcr	high	673.2	0.9096		1.0
tr|A0A8J1J8E4|A0A8J1J8E4_XENTR	Xenopus tropicalis	vertebrate	781	nonchannel_class_c_gpcr	high	639.6	0.8655		1.0
tr|A0A8J1J8E6|A0A8J1J8E6_XENTR	Xenopus tropicalis	vertebrate	1018	nonchannel_class_c_gpcr	high	819.3	0.8056		1.0
tr|A0A8J1J8E8|A0A8J1J8E8_XENTR	Xenopus tropicalis	vertebrate	660	nonchannel_class_c_gpcr	high	523.5	0.722		1.0
tr|A0A8J1J8E9|A0A8J1J8E9_XENTR	Xenopus tropicalis	vertebrate	558	nonchannel_class_c_gpcr	high	358.4	0.5593		1.0
tr|A0A8J1J8F0|A0A8J1J8F0_XENTR	Xenopus tropicalis	vertebrate	764	nonchannel_class_c_gpcr	high	608.5	0.8339		1.0
tr|A0A8J1J8F2|A0A8J1J8F2_XENTR	Xenopus tropicalis	vertebrate	758	nonchannel_class_c_gpcr	high	577.0	0.8192		1.0
tr|A0A8J1J8F4|A0A8J1J8F4_XENTR	Xenopus tropicalis	vertebrate	797	nonchannel_class_c_gpcr	high	649.3	0.8814		1.0
tr|A0A8J1J8F5|A0A8J1J8F5_XENTR	Xenopus tropicalis	vertebrate	790	nonchannel_class_c_gpcr	high	631.4	0.8621		1.0
tr|A0A8J1J8F7|A0A8J1J8F7_XENTR	Xenopus tropicalis	vertebrate	815	nonchannel_class_c_gpcr	high	638.4	0.8395		1.0
tr|A0A8J1J8F8|A0A8J1J8F8_XENTR	Xenopus tropicalis	vertebrate	849	nonchannel_class_c_gpcr	high	702.9	0.9141		1.0
tr|A0A8J1J8G1|A0A8J1J8G1_XENTR	Xenopus tropicalis	vertebrate	897	nonchannel_class_c_gpcr	high	732.5	0.9119	iglur_nonvertebrate	0.9573
tr|A0A8J1J8G2|A0A8J1J8G2_XENTR	Xenopus tropicalis	vertebrate	664	nonchannel_class_c_gpcr	high	509.1	0.6734		1.0
tr|A0A8J1J8G3|A0A8J1J8G3_XENTR	Xenopus tropicalis	vertebrate	737	nonchannel_class_c_gpcr	high	587.3	0.8203		1.0
tr|A0A8J1J8G6|A0A8J1J8G6_XENTR	Xenopus tropicalis	vertebrate	802	nonchannel_class_c_gpcr	high	646.6	0.852		1.0
tr|A0A8J1J8G7|A0A8J1J8G7_XENTR	Xenopus tropicalis	vertebrate	885	nonchannel_class_c_gpcr	high	697.4	0.9119		1.0
tr|A0A8J1J8G8|A0A8J1J8G8_XENTR	Xenopus tropicalis	vertebrate	846	nonchannel_class_c_gpcr	high	689.8	0.791		1.0
tr|A0A8J1J8H1|A0A8J1J8H1_XENTR	Xenopus tropicalis	vertebrate	1018	nonchannel_class_c_gpcr	high	758.6	0.8192		1.0
tr|A0A8J1J8H2|A0A8J1J8H2_XENTR	Xenopus tropicalis	vertebrate	696	nonchannel_class_c_gpcr	high	516.1	0.7446		1.0
tr|A0A8J1J8H3|A0A8J1J8H3_XENTR	Xenopus tropicalis	vertebrate	751	nonchannel_class_c_gpcr	high	664.2	0.8655		1.0
tr|A0A8J1J8H7|A0A8J1J8H7_XENTR	Xenopus tropicalis	vertebrate	784	nonchannel_class_c_gpcr	high	695.4	0.8678		1.0
tr|A0A8J1J8H8|A0A8J1J8H8_XENTR	Xenopus tropicalis	vertebrate	741	nonchannel_class_c_gpcr	high	641.8	0.8328		1.0
tr|A0A8J1J8I2|A0A8J1J8I2_XENTR	Xenopus tropicalis	vertebrate	587	nonchannel_class_c_gpcr	high	441.5	0.609		1.0
tr|A0A8J1J8I3|A0A8J1J8I3_XENTR	Xenopus tropicalis	vertebrate	856	nonchannel_class_c_gpcr	high	667.1	0.9119		1.0
tr|A0A8J1J9B0|A0A8J1J9B0_XENTR	Xenopus tropicalis	vertebrate	354	assoc_k_beta	medium	42.7	0.6667	lrrc8	0.2763
tr|A0A8J1J9C0|A0A8J1J9C0_XENTR	Xenopus tropicalis	vertebrate	1121	assoc_cav_aux	high	690.6	0.9575		1.0
tr|A0A8J1J9I1|A0A8J1J9I1_XENTR	Xenopus tropicalis	vertebrate	418	assoc_nav_beta	high	33.2	0.5223		1.0
tr|A0A8J1JAS7|A0A8J1JAS7_XENTR	Xenopus tropicalis	vertebrate	814	nonchannel_class_c_gpcr	high	683.9	0.8768		1.0
tr|A0A8J1JAU0|A0A8J1JAU0_XENTR	Xenopus tropicalis	vertebrate	642	nonchannel_class_c_gpcr	high	556.4	0.7096		1.0
tr|A0A8J1JAV4|A0A8J1JAV4_XENTR	Xenopus tropicalis	vertebrate	778	nonchannel_class_c_gpcr	high	708.8	0.8678		1.0
tr|A0A8J1JAV9|A0A8J1JAV9_XENTR	Xenopus tropicalis	vertebrate	845	nonchannel_class_c_gpcr	high	699.6	0.9107		1.0
tr|A0A8J1JAW3|A0A8J1JAW3_XENTR	Xenopus tropicalis	vertebrate	880	nonchannel_class_c_gpcr	high	697.5	0.9288		1.0
tr|A0A8J1JAW8|A0A8J1JAW8_XENTR	Xenopus tropicalis	vertebrate	641	nonchannel_class_c_gpcr	high	520.2	0.7062		1.0
tr|A0A8J1JBV1|A0A8J1JBV1_XENTR	Xenopus tropicalis	vertebrate	417	nonchannel_class_c_gpcr	medium	272.1	0.4068	iglur_nonvertebrate	0.903
tr|A0A8J1JBV5|A0A8J1JBV5_XENTR	Xenopus tropicalis	vertebrate	1074	nonchannel_class_c_gpcr	high	721.4	0.9288		1.0
tr|A0A8J1JBV9|A0A8J1JBV9_XENTR	Xenopus tropicalis	vertebrate	716	nonchannel_class_c_gpcr	high	591.9	0.7955		1.0
tr|A0A8J1JBW9|A0A8J1JBW9_XENTR	Xenopus tropicalis	vertebrate	479	nonchannel_class_c_gpcr	high	394.7	0.5073		1.0
tr|A0A8J1JBX4|A0A8J1JBX4_XENTR	Xenopus tropicalis	vertebrate	279	nonchannel_class_c_gpcr	medium	220.6	0.3119		1.0
tr|A0A8J1JBX9|A0A8J1JBX9_XENTR	Xenopus tropicalis	vertebrate	492	nonchannel_class_c_gpcr	high	393.3	0.5379		1.0
tr|A0A8J1JBY4|A0A8J1JBY4_XENTR	Xenopus tropicalis	vertebrate	842	nonchannel_class_c_gpcr	high	711.0	0.9096		1.0
tr|A0A8J1JBY8|A0A8J1JBY8_XENTR	Xenopus tropicalis	vertebrate	878	nonchannel_class_c_gpcr	high	651.7	0.8847		1.0
tr|A0A8J1JBZ3|A0A8J1JBZ3_XENTR	Xenopus tropicalis	vertebrate	818	nonchannel_class_c_gpcr	high	578.8	0.8723		1.0
tr|A0A8J1JCZ6|A0A8J1JCZ6_XENTR	Xenopus tropicalis	vertebrate	389	transporter_slc26	medium	362.6	0.4549		1.0
tr|A0A8J1JDB3|A0A8J1JDB3_XENTR	Xenopus tropicalis	vertebrate	308	assoc_nav_beta	high	35.1	0.5357		1.0
tr|A0A8J1JEY0|A0A8J1JEY0_XENTR	Xenopus tropicalis	vertebrate	364	nonchannel_class_c_gpcr	medium	329.3	0.3989		1.0
tr|A0A8J1JH55|A0A8J1JH55_XENTR	Xenopus tropicalis	vertebrate	303	assoc_nav_beta	high	48.6	0.5402		1.0
tr|A0A8J1JH59|A0A8J1JH59_XENTR	Xenopus tropicalis	vertebrate	539	nonchannel_class_c_gpcr	high	366.2	0.5333		1.0
tr|A0A8J1JIF2|A0A8J1JIF2_XENTR	Xenopus tropicalis	vertebrate	191	nonchannel_ncs	high	319.2	0.9793	assoc_kchip	0.401
tr|A0A8J1JJH3|A0A8J1JJH3_XENTR	Xenopus tropicalis	vertebrate	358	assoc_k_beta	high	137.7	0.8346		1.0
tr|A0A8J1JKF0|A0A8J1JKF0_XENTR	Xenopus tropicalis	vertebrate	1094	assoc_cav_aux	high	760.2	0.9739		1.0
tr|A0A8J1JKP3|A0A8J1JKP3_XENTR	Xenopus tropicalis	vertebrate	143	assoc_nav_beta	high	32.7	0.6071		1.0
tr|A0A8J1JKP8|A0A8J1JKP8_XENTR	Xenopus tropicalis	vertebrate	311	nonchannel_class_c_gpcr	medium	252.8	0.3412		1.0
tr|A0A8J1JL14|A0A8J1JL14_XENTR	Xenopus tropicalis	vertebrate	930	nonchannel_class_c_gpcr	high	648.2	0.9254		1.0
tr|A0A8J1JL43|A0A8J1JL43_XENTR	Xenopus tropicalis	vertebrate	121	assoc_kcne	medium	40.1	0.4252		1.0
tr|A0A8J1JL70|A0A8J1JL70_XENTR	Xenopus tropicalis	vertebrate	535	nonchannel_class_c_gpcr	medium	297.9	0.3831		1.0
tr|A0A8J1JL72|A0A8J1JL72_XENTR	Xenopus tropicalis	vertebrate	458	nonchannel_class_c_gpcr	medium	308.2	0.3853		1.0
tr|A0A8J1JL75|A0A8J1JL75_XENTR	Xenopus tropicalis	vertebrate	303	nonchannel_class_c_gpcr	medium	248.6	0.339		1.0
tr|A0A8J1JL76|A0A8J1JL76_XENTR	Xenopus tropicalis	vertebrate	314	nonchannel_class_c_gpcr	medium	267.4	0.3537		1.0
tr|A0A8J1JL77|A0A8J1JL77_XENTR	Xenopus tropicalis	vertebrate	286	nonchannel_class_c_gpcr	medium	238.8	0.3232		1.0
tr|A0A8J1JL80|A0A8J1JL80_XENTR	Xenopus tropicalis	vertebrate	450	nonchannel_class_c_gpcr	medium	344.6	0.4655		1.0
tr|A0A8J1JL81|A0A8J1JL81_XENTR	Xenopus tropicalis	vertebrate	453	nonchannel_class_c_gpcr	medium	342.9	0.478		1.0
tr|A0A8J1JL82|A0A8J1JL82_XENTR	Xenopus tropicalis	vertebrate	450	nonchannel_class_c_gpcr	medium	347.0	0.4949		1.0
tr|A0A8J1JL86|A0A8J1JL86_XENTR	Xenopus tropicalis	vertebrate	462	nonchannel_class_c_gpcr	medium	359.7	0.478		1.0
tr|A0A8J1JL87|A0A8J1JL87_XENTR	Xenopus tropicalis	vertebrate	394	nonchannel_class_c_gpcr	medium	295.7	0.3831		1.0
tr|A0A8J1JL89|A0A8J1JL89_XENTR	Xenopus tropicalis	vertebrate	697	nonchannel_class_c_gpcr	high	481.1	0.765		1.0
tr|A0A8J1JL90|A0A8J1JL90_XENTR	Xenopus tropicalis	vertebrate	629	nonchannel_class_c_gpcr	high	416.3	0.6023		1.0
tr|A0A8J1JL92|A0A8J1JL92_XENTR	Xenopus tropicalis	vertebrate	552	nonchannel_class_c_gpcr	high	402.3	0.5853		1.0
tr|A0A8J1JL97|A0A8J1JL97_XENTR	Xenopus tropicalis	vertebrate	519	nonchannel_class_c_gpcr	medium	298.6	0.4023		1.0
tr|A0A8J1JLA0|A0A8J1JLA0_XENTR	Xenopus tropicalis	vertebrate	856	nonchannel_class_c_gpcr	high	586.1	0.9073		1.0
tr|A0A8J1JLA1|A0A8J1JLA1_XENTR	Xenopus tropicalis	vertebrate	490	nonchannel_class_c_gpcr	high	356.8	0.5582		1.0
tr|A0A8J1JLA2|A0A8J1JLA2_XENTR	Xenopus tropicalis	vertebrate	341	nonchannel_class_c_gpcr	medium	294.3	0.3842		1.0
tr|A0A8J1JLA4|A0A8J1JLA4_XENTR	Xenopus tropicalis	vertebrate	458	nonchannel_class_c_gpcr	medium	320.3	0.3853		1.0
tr|A0A8J1JLA5|A0A8J1JLA5_XENTR	Xenopus tropicalis	vertebrate	726	nonchannel_class_c_gpcr	high	520.2	0.7299		1.0
tr|A0A8J1JLA6|A0A8J1JLA6_XENTR	Xenopus tropicalis	vertebrate	853	nonchannel_class_c_gpcr	high	575.6	0.9096		1.0
tr|A0A8J1JLB7|A0A8J1JLB7_XENTR	Xenopus tropicalis	vertebrate	370	nonchannel_class_c_gpcr	medium	305.6	0.4		1.0
tr|A0A8J1JLB8|A0A8J1JLB8_XENTR	Xenopus tropicalis	vertebrate	429	nonchannel_class_c_gpcr	medium	315.8	0.3831		1.0
tr|A0A8J1JLC9|A0A8J1JLC9_XENTR	Xenopus tropicalis	vertebrate	875	nonchannel_class_c_gpcr	high	595.9	0.9288		1.0
tr|A0A8J1JLD3|A0A8J1JLD3_XENTR	Xenopus tropicalis	vertebrate	1078	nonchannel_class_c_gpcr	high	657.4	0.9266	iglur_nonvertebrate	0.9583
tr|A0A8J1JLD4|A0A8J1JLD4_XENTR	Xenopus tropicalis	vertebrate	850	nonchannel_class_c_gpcr	high	630.7	0.9153	iglur_nonvertebrate	0.952
tr|A0A8J1JLD8|A0A8J1JLD8_XENTR	Xenopus tropicalis	vertebrate	766	nonchannel_class_c_gpcr	high	485.7	0.7751		1.0
tr|A0A8J1JLT8|A0A8J1JLT8_XENTR	Xenopus tropicalis	vertebrate	891	nonchannel_class_c_gpcr	high	664.2	0.9198		1.0
tr|A0A8J1JMB0|A0A8J1JMB0_XENTR	Xenopus tropicalis	vertebrate	407	nonchannel_class_c_gpcr	medium	341.6	0.4554		1.0
tr|A0A8J1JNM3|A0A8J1JNM3_XENTR	Xenopus tropicalis	vertebrate	717	nonchannel_class_c_gpcr	high	480.9	0.7638		1.0
tr|A0A8J1JNM8|A0A8J1JNM8_XENTR	Xenopus tropicalis	vertebrate	552	nonchannel_class_c_gpcr	high	365.6	0.5638		1.0
tr|A0A8J1JNN3|A0A8J1JNN3_XENTR	Xenopus tropicalis	vertebrate	511	nonchannel_class_c_gpcr	medium	335.2	0.4542		1.0
tr|A0A8J1JNP4|A0A8J1JNP4_XENTR	Xenopus tropicalis	vertebrate	287	nonchannel_class_c_gpcr	medium	242.8	0.3243		1.0
tr|A0A8J1JNP9|A0A8J1JNP9_XENTR	Xenopus tropicalis	vertebrate	548	nonchannel_class_c_gpcr	high	385.2	0.6023		1.0
tr|A0A8J1JNQ4|A0A8J1JNQ4_XENTR	Xenopus tropicalis	vertebrate	398	nonchannel_class_c_gpcr	medium	344.4	0.4407		1.0
tr|A0A8J1JNQ8|A0A8J1JNQ8_XENTR	Xenopus tropicalis	vertebrate	445	nonchannel_class_c_gpcr	medium	322.7	0.4847		1.0
tr|A0A8J1JNR3|A0A8J1JNR3_XENTR	Xenopus tropicalis	vertebrate	546	nonchannel_class_c_gpcr	medium	340.1	0.4847		1.0
tr|A0A8J1JPI1|A0A8J1JPI1_XENTR	Xenopus tropicalis	vertebrate	647	assoc_cav_aux	high	494.9	0.8683		1.0
tr|A0A8J1JPM7|A0A8J1JPM7_XENTR	Xenopus tropicalis	vertebrate	897	nonchannel_class_c_gpcr	high	594.7	0.8588	iglur_nonvertebrate	0.9553
tr|A0A8J1JPT8|A0A8J1JPT8_XENTR	Xenopus tropicalis	vertebrate	277	nonchannel_class_c_gpcr	medium	239.3	0.3107		1.0
tr|A0A8J1JPT9|A0A8J1JPT9_XENTR	Xenopus tropicalis	vertebrate	856	nonchannel_class_c_gpcr	high	588.6	0.9096		1.0
tr|A0A8J1JPU3|A0A8J1JPU3_XENTR	Xenopus tropicalis	vertebrate	406	nonchannel_class_c_gpcr	medium	258.4	0.3401		1.0
tr|A0A8J1JPU8|A0A8J1JPU8_XENTR	Xenopus tropicalis	vertebrate	300	nonchannel_class_c_gpcr	medium	242.2	0.3401		1.0
tr|A0A8J1JPV3|A0A8J1JPV3_XENTR	Xenopus tropicalis	vertebrate	490	nonchannel_class_c_gpcr	high	345.6	0.5277		1.0
tr|A0A8J1JPW3|A0A8J1JPW3_XENTR	Xenopus tropicalis	vertebrate	455	nonchannel_class_c_gpcr	medium	331.6	0.461		1.0
tr|A0A8J1JPX3|A0A8J1JPX3_XENTR	Xenopus tropicalis	vertebrate	524	nonchannel_class_c_gpcr	high	411.0	0.565		1.0
tr|A0A8J1JPX8|A0A8J1JPX8_XENTR	Xenopus tropicalis	vertebrate	410	nonchannel_class_c_gpcr	medium	339.7	0.4576		1.0
tr|A0A8J1JPZ6|A0A8J1JPZ6_XENTR	Xenopus tropicalis	vertebrate	698	nonchannel_class_c_gpcr	high	574.5	0.7672		1.0
tr|A0A8J1JPZ7|A0A8J1JPZ7_XENTR	Xenopus tropicalis	vertebrate	865	nonchannel_class_c_gpcr	high	569.9	0.9085		1.0
tr|A0A8J1JQB6|A0A8J1JQB6_XENTR	Xenopus tropicalis	vertebrate	866	nonchannel_class_c_gpcr	high	534.6	0.9062		1.0
tr|A0A8J1JQZ2|A0A8J1JQZ2_XENTR	Xenopus tropicalis	vertebrate	1408	nonchannel_vsp	high	120.9	0.5272		1.0
tr|A0A8J1JRF8|A0A8J1JRF8_XENTR	Xenopus tropicalis	vertebrate	568	assoc_stim	high	855.1	0.6481		1.0
tr|A0A8J1JSH8|A0A8J1JSH8_XENTR	Xenopus tropicalis	vertebrate	501	nonchannel_gasdermin	high	250.7	0.9343		1.0
tr|A0A8J1JTK8|A0A8J1JTK8_XENTR	Xenopus tropicalis	vertebrate	277	nonchannel_class_c_gpcr	medium	243.2	0.3107		1.0
tr|A0A8J1JWW1|A0A8J1JWW1_XENTR	Xenopus tropicalis	vertebrate	425	nonchannel_class_c_gpcr	medium	375.1	0.4678		1.0
tr|A0A8J1JWW2|A0A8J1JWW2_XENTR	Xenopus tropicalis	vertebrate	779	nonchannel_class_c_gpcr	high	578.2	0.8701		1.0
tr|A0A8J1JWW4|A0A8J1JWW4_XENTR	Xenopus tropicalis	vertebrate	441	nonchannel_class_c_gpcr	medium	360.5	0.4621		1.0
tr|A0A8J1JWW6|A0A8J1JWW6_XENTR	Xenopus tropicalis	vertebrate	761	nonchannel_class_c_gpcr	high	605.8	0.8576		1.0
tr|A0A8J1JWW7|A0A8J1JWW7_XENTR	Xenopus tropicalis	vertebrate	788	nonchannel_class_c_gpcr	high	605.5	0.8667		1.0
tr|A0A8J1JWX0|A0A8J1JWX0_XENTR	Xenopus tropicalis	vertebrate	854	nonchannel_class_c_gpcr	high	657.6	0.9107		1.0
tr|A0A8J1JWX1|A0A8J1JWX1_XENTR	Xenopus tropicalis	vertebrate	488	nonchannel_class_c_gpcr	medium	338.9	0.4452		1.0
tr|A0A8J1JZ29|A0A8J1JZ29_XENTR	Xenopus tropicalis	vertebrate	651	assoc_nav_beta	high	44.8	0.5312		1.0
tr|A0A8J1JZF8|A0A8J1JZF8_XENTR	Xenopus tropicalis	vertebrate	288	nonchannel_class_c_gpcr	medium	245.4	0.3266		1.0
tr|A0A8J1JZG3|A0A8J1JZG3_XENTR	Xenopus tropicalis	vertebrate	371	nonchannel_class_c_gpcr	medium	329.3	0.3921		1.0
tr|A0A8J1K120|A0A8J1K120_XENTR	Xenopus tropicalis	vertebrate	462	nonchannel_class_c_gpcr	medium	289.3	0.4689		1.0
tr|A0A8J8YT05|A0A8J8YT05_RAT	Rattus norvegicus	vertebrate	862	nonchannel_class_c_gpcr	high	503.3	0.9186		1.0
tr|A0A8M1N0C8|A0A8M1N0C8_DANRE	Danio rerio	vertebrate	293	outofscope_aquaporin	high	252.8	0.9502		1.0
tr|A0A8M1N1I2|A0A8M1N1I2_DANRE	Danio rerio	vertebrate	263	outofscope_aquaporin	high	280.3	0.9146		1.0
tr|A0A8M1N2B0|A0A8M1N2B0_DANRE	Danio rerio	vertebrate	260	outofscope_aquaporin	high	192.6	0.8221		1.0
tr|A0A8M1N2Y9|A0A8M1N2Y9_DANRE	Danio rerio	vertebrate	1331	nonchannel_abc_transporter	high	1587.4	0.9693	cftr	0.3924
tr|A0A8M1N368|A0A8M1N368_DANRE	Danio rerio	vertebrate	191	nonchannel_ncs	high	319.4	0.9793	assoc_kchip	0.4167
tr|A0A8M1N3Y4|A0A8M1N3Y4_DANRE	Danio rerio	vertebrate	185	nonchannel_ncs	high	193.3	0.886	assoc_kchip	0.5168
tr|A0A8M1N472|A0A8M1N472_DANRE	Danio rerio	vertebrate	187	nonchannel_ncs	high	189.6	0.9016	assoc_kchip	0.4684
tr|A0A8M1N4E3|A0A8M1N4E3_DANRE	Danio rerio	vertebrate	903	assoc_k_beta	high	72.4	0.5407		1.0
tr|A0A8M1N4H0|A0A8M1N4H0_DANRE	Danio rerio	vertebrate	292	assoc_k_beta	medium	32.7	0.4199		1.0
tr|A0A8M1N4Q8|A0A8M1N4Q8_DANRE	Danio rerio	vertebrate	232	assoc_k_beta	high	79.2	0.6457		1.0
tr|A0A8M1N530|A0A8M1N530_DANRE	Danio rerio	vertebrate	188	nonchannel_ncs	high	49.4	0.9378	assoc_kchip	0.4413
tr|A0A8M1N594|A0A8M1N594_DANRE	Danio rerio	vertebrate	209	nonchannel_ncs	high	42.5	0.544	assoc_kchip	0.36
tr|A0A8M1N5X2|A0A8M1N5X2_DANRE	Danio rerio	vertebrate	866	nonchannel_class_c_gpcr	high	785.4	0.9119	iglur_nonvertebrate	0.9619
tr|A0A8M1N5X5|A0A8M1N5X5_DANRE	Danio rerio	vertebrate	167	nonchannel_ncs	medium	35.7	0.456		1.0
tr|A0A8M1N604|A0A8M1N604_DANRE	Danio rerio	vertebrate	263	outofscope_aquaporin	high	275.2	0.9324		1.0
tr|A0A8M1N7J8|A0A8M1N7J8_DANRE	Danio rerio	vertebrate	294	outofscope_aquaporin	high	286.0	0.9075		1.0
tr|A0A8M1N7M7|A0A8M1N7M7_DANRE	Danio rerio	vertebrate	203	nonchannel_ncs	high	240.4	0.9689	assoc_kchip	0.4534
tr|A0A8M1N7T9|A0A8M1N7T9_DANRE	Danio rerio	vertebrate	322	nonchannel_ncs	high	36.5	0.6684		1.0
tr|A0A8M1N7V9|A0A8M1N7V9_DANRE	Danio rerio	vertebrate	1532	assoc_k_beta	high	267.5	0.5118	lrrc8	0.5219
tr|A0A8M1N8B8|A0A8M1N8B8_DANRE	Danio rerio	vertebrate	821	nonchannel_class_c_gpcr	high	669.4	0.9243		1.0
tr|A0A8M1N8D9|A0A8M1N8D9_DANRE	Danio rerio	vertebrate	545	assoc_k_beta	medium	42.0	0.3517		1.0
tr|A0A8M1N8E4|A0A8M1N8E4_DANRE	Danio rerio	vertebrate	536	assoc_k_beta	high	50.3	0.5197	lrrc8	0.4871
tr|A0A8M1N8F9|A0A8M1N8F9_DANRE	Danio rerio	vertebrate	825	nonchannel_class_c_gpcr	high	637.7	0.9254		1.0
tr|A0A8M1N8L1|A0A8M1N8L1_DANRE	Danio rerio	vertebrate	850	nonchannel_class_c_gpcr	high	634.2	0.9153		1.0
tr|A0A8M1NAF7|A0A8M1NAF7_DANRE	Danio rerio	vertebrate	232	assoc_nav_beta	high	156.6	0.9375		1.0
tr|A0A8M1NBZ5|A0A8M1NBZ5_DANRE	Danio rerio	vertebrate	232	assoc_nav_beta	high	134.4	0.9152		1.0
tr|A0A8M1NCH9|A0A8M1NCH9_DANRE	Danio rerio	vertebrate	329	assoc_nav_beta	high	31.2	0.8884		1.0
tr|A0A8M1NCK2|A0A8M1NCK2_DANRE	Danio rerio	vertebrate	305	assoc_nav_beta	medium	38.7	0.308		1.0
tr|A0A8M1NCL0|A0A8M1NCL0_DANRE	Danio rerio	vertebrate	909	nonchannel_class_c_gpcr	high	1216.2	0.9706		1.0
tr|A0A8M1NCP0|A0A8M1NCP0_DANRE	Danio rerio	vertebrate	334	assoc_nav_beta	high	50.3	0.7321		1.0
tr|A0A8M1NDK4|A0A8M1NDK4_DANRE	Danio rerio	vertebrate	298	assoc_nav_beta	high	47.1	0.5893		1.0
tr|A0A8M1NDZ5|A0A8M1NDZ5_DANRE	Danio rerio	vertebrate	823	nonchannel_class_c_gpcr	high	642.5	0.9254		1.0
tr|A0A8M1NE02|A0A8M1NE02_DANRE	Danio rerio	vertebrate	644	assoc_k_beta	high	107.0	0.5853	lrrc8	0.4346
tr|A0A8M1NET3|A0A8M1NET3_DANRE	Danio rerio	vertebrate	668	assoc_k_beta	medium	85.5	0.4987	lrrc8	0.3942
tr|A0A8M1NFA3|A0A8M1NFA3_DANRE	Danio rerio	vertebrate	662	assoc_k_beta	high	81.6	0.5197	lrrc8	0.4326
tr|A0A8M1NFP4|A0A8M1NFP4_DANRE	Danio rerio	vertebrate	519	assoc_cav_aux	high	428.2	0.7407		1.0
tr|A0A8M1NFX9|A0A8M1NFX9_DANRE	Danio rerio	vertebrate	254	outofscope_aquaporin	high	168.9	0.8505		1.0
tr|A0A8M1NGH6|A0A8M1NGH6_DANRE	Danio rerio	vertebrate	428	assoc_nav_beta	medium	45.2	0.4777		1.0
tr|A0A8M1NGN4|A0A8M1NGN4_DANRE	Danio rerio	vertebrate	220	assoc_nav_beta	high	141.3	0.8304		1.0
tr|A0A8M1NH72|A0A8M1NH72_DANRE	Danio rerio	vertebrate	222	assoc_nav_beta	high	174.5	0.9152		1.0
tr|A0A8M1NHA0|A0A8M1NHA0_DANRE	Danio rerio	vertebrate	808	transporter_slc26	high	850.3	0.9598		1.0
tr|A0A8M1NHU9|A0A8M1NHU9_DANRE	Danio rerio	vertebrate	884	nonchannel_class_c_gpcr	high	1127.9	0.9684		1.0
tr|A0A8M1NHZ0|A0A8M1NHZ0_DANRE	Danio rerio	vertebrate	868	assoc_k_beta	high	250.4	0.9738		1.0
tr|A0A8M1NHZ6|A0A8M1NHZ6_DANRE	Danio rerio	vertebrate	260	assoc_nav_beta	high	30.9	0.6027		1.0
tr|A0A8M1NUC1|A0A8M1NUC1_DANRE	Danio rerio	vertebrate	291	outofscope_aquaporin	high	295.4	0.8968		1.0
tr|A0A8M1NZP0|A0A8M1NZP0_DANRE	Danio rerio	vertebrate	313	assoc_k_beta	medium	43.7	0.5066	lrrc8	0.1922
tr|A0A8M1P0C5|A0A8M1P0C5_DANRE	Danio rerio	vertebrate	907	nonchannel_class_c_gpcr	high	1242.0	0.965		1.0
tr|A0A8M1P0Z2|A0A8M1P0Z2_DANRE	Danio rerio	vertebrate	909	nonchannel_class_c_gpcr	high	1239.7	0.9842		1.0
tr|A0A8M1P112|A0A8M1P112_DANRE	Danio rerio	vertebrate	874	nonchannel_class_c_gpcr	high	1081.4	0.9605	nmda	0.9761
tr|A0A8M1P1K6|A0A8M1P1K6_DANRE	Danio rerio	vertebrate	912	nonchannel_class_c_gpcr	high	1257.3	0.9864	nmda	0.9804
tr|A0A8M1P473|A0A8M1P473_DANRE	Danio rerio	vertebrate	382	assoc_k_beta	medium	58.1	0.3071	lrrc8	0.5456
tr|A0A8M1P4E9|A0A8M1P4E9_DANRE	Danio rerio	vertebrate	946	nonchannel_class_c_gpcr	high	994.4	0.9469		1.0
tr|A0A8M1P5N0|A0A8M1P5N0_DANRE	Danio rerio	vertebrate	321	assoc_k_beta	medium	33.5	0.4331	lrrc8	0.209
tr|A0A8M1P6J9|A0A8M1P6J9_DANRE	Danio rerio	vertebrate	908	nonchannel_class_c_gpcr	high	1245.5	0.974		1.0
tr|A0A8M1P8E1|A0A8M1P8E1_DANRE	Danio rerio	vertebrate	160	nonchannel_ncs	high	54.0	0.5648	assoc_kchip	0.3574
tr|A0A8M1P8P0|A0A8M1P8P0_DANRE	Danio rerio	vertebrate	432	assoc_cav_aux	medium	200.4	0.4897		1.0
tr|A0A8M1P8V8|A0A8M1P8V8_DANRE	Danio rerio	vertebrate	188	nonchannel_ncs	high	186.7	0.8964	assoc_kchip	0.5233
tr|A0A8M1P9G6|A0A8M1P9G6_DANRE	Danio rerio	vertebrate	197	nonchannel_ncs	high	240.3	0.9171	assoc_kchip	0.5331
tr|A0A8M1PC57|A0A8M1PC57_DANRE	Danio rerio	vertebrate	363	assoc_k_beta	medium	85.4	0.5328	lrrc8	0.2763
tr|A0A8M1PCR5|A0A8M1PCR5_DANRE	Danio rerio	vertebrate	479	assoc_k_beta	medium	71.6	0.5118	lrrc8	0.1355
tr|A0A8M1PDR9|A0A8M1PDR9_DANRE	Danio rerio	vertebrate	193	nonchannel_ncs	high	231.2	0.9793	assoc_kchip	0.4135
tr|A0A8M1PEN1|A0A8M1PEN1_DANRE	Danio rerio	vertebrate	457	assoc_k_beta	high	75.6	0.5669	lrrc8	0.4497
tr|A0A8M1PEP0|A0A8M1PEP0_DANRE	Danio rerio	vertebrate	1567	nonchannel_abc_transporter	high	1668.3	0.9854	assoc_sur	0.4963
tr|A0A8M1PF29|A0A8M1PF29_DANRE	Danio rerio	vertebrate	260	outofscope_aquaporin	high	262.5	0.8754		1.0
tr|A0A8M1PF95|A0A8M1PF95_DANRE	Danio rerio	vertebrate	296	outofscope_aquaporin	high	291.1	0.911		1.0
tr|A0A8M1PFL0|A0A8M1PFL0_DANRE	Danio rerio	vertebrate	537	assoc_k_beta	medium	44.8	0.399		1.0
tr|A0A8M1PFV2|A0A8M1PFV2_DANRE	Danio rerio	vertebrate	572	transporter_slc26	high	436.6	0.663		1.0
tr|A0A8M1PFZ0|A0A8M1PFZ0_DANRE	Danio rerio	vertebrate	195	nonchannel_ncs	medium	47.5	0.399	assoc_kchip	0.4084
tr|A0A8M1PG01|A0A8M1PG01_DANRE	Danio rerio	vertebrate	417	pannexin	high	436.1	0.9276		1.0
tr|A0A8M1PG84|A0A8M1PG84_DANRE	Danio rerio	vertebrate	478	assoc_k_beta	high	73.3	0.6457	lrrc8	0.352
tr|A0A8M1PHN1|A0A8M1PHN1_DANRE	Danio rerio	vertebrate	454	nonchannel_vsp	high	242.8	0.5344		1.0
tr|A0A8M1PI84|A0A8M1PI84_DANRE	Danio rerio	vertebrate	199	assoc_nav_beta	high	86.3	0.8304		1.0
tr|A0A8M1PM42|A0A8M1PM42_DANRE	Danio rerio	vertebrate	682	assoc_mcu_reg	medium	44.9	0.3784		1.0
tr|A0A8M1PS22|A0A8M1PS22_DANRE	Danio rerio	vertebrate	866	nonchannel_class_c_gpcr	high	730.8	0.9175		1.0
tr|A0A8M1PU52|A0A8M1PU52_DANRE	Danio rerio	vertebrate	868	nonchannel_class_c_gpcr	high	752.8	0.9164		1.0
tr|A0A8M1Q146|A0A8M1Q146_DANRE	Danio rerio	vertebrate	829	nonchannel_class_c_gpcr	high	742.6	0.9051		1.0
tr|A0A8M1Q166|A0A8M1Q166_DANRE	Danio rerio	vertebrate	860	nonchannel_class_c_gpcr	high	751.4	0.9107		1.0
tr|A0A8M1Q1C5|A0A8M1Q1C5_DANRE	Danio rerio	vertebrate	856	nonchannel_class_c_gpcr	high	711.7	0.9198		1.0
tr|A0A8M1QHS1|A0A8M1QHS1_DANRE	Danio rerio	vertebrate	1338	nonchannel_abc_transporter	medium	723.9	0.4655	assoc_sur	0.6349
tr|A0A8M1QHZ7|A0A8M1QHZ7_DANRE	Danio rerio	vertebrate	491	assoc_k_beta	high	35.4	0.5276		1.0
tr|A0A8M1QK92|A0A8M1QK92_DANRE	Danio rerio	vertebrate	2516	assoc_k_beta	high	71.1	0.6247		1.0
tr|A0A8M1QQZ8|A0A8M1QQZ8_DANRE	Danio rerio	vertebrate	690	transporter_slc26	high	780.1	0.9584		1.0
tr|A0A8M1RFX4|A0A8M1RFX4_DANRE	Danio rerio	vertebrate	726	assoc_k_beta	medium	102.3	0.4961	lrrc8	0.347
tr|A0A8M1RHU5|A0A8M1RHU5_DANRE	Danio rerio	vertebrate	868	nonchannel_class_c_gpcr	high	750.1	0.9299		1.0
tr|A0A8M1RNN7|A0A8M1RNN7_DANRE	Danio rerio	vertebrate	1348	nonchannel_abc_transporter	medium	660.8	0.4018	assoc_sur	0.6161
tr|A0A8M1RRU8|A0A8M1RRU8_DANRE	Danio rerio	vertebrate	192	nonchannel_ncs	high	218.2	0.9016	assoc_kchip	0.4468
tr|A0A8M1RT66|A0A8M1RT66_DANRE	Danio rerio	vertebrate	537	assoc_iglur_aux	high	213.0	0.7241		1.0
tr|A0A8M1RTI3|A0A8M1RTI3_DANRE	Danio rerio	vertebrate	253	assoc_kchip	high	387.0	0.9681	nonchannel_ncs	0.5375
tr|A0A8M2B6I1|A0A8M2B6I1_DANRE	Danio rerio	vertebrate	632	assoc_iglur_aux	high	183.3	0.8302		1.0
tr|A0A8M2B8R9|A0A8M2B8R9_DANRE	Danio rerio	vertebrate	486	assoc_k_beta	medium	46.2	0.4357	lrrc8	0.1991
tr|A0A8M2B8T1|A0A8M2B8T1_DANRE	Danio rerio	vertebrate	555	assoc_cav_aux	high	385.5	0.6091		1.0
tr|A0A8M2BAC2|A0A8M2BAC2_DANRE	Danio rerio	vertebrate	472	nonchannel_kctd	high	102.2	0.8486		1.0
tr|A0A8M2BBA6|A0A8M2BBA6_DANRE	Danio rerio	vertebrate	642	assoc_cav_aux	high	445.2	0.8697		1.0
tr|A0A8M2BBL4|A0A8M2BBL4_DANRE	Danio rerio	vertebrate	889	assoc_k_beta	medium	43.2	0.4619	lrrc8	0.2269
tr|A0A8M2BCN3|A0A8M2BCN3_DANRE	Danio rerio	vertebrate	542	assoc_nav_beta	high	67.0	0.5402		1.0
tr|A0A8M2BDP3|A0A8M2BDP3_DANRE	Danio rerio	vertebrate	894	nonchannel_class_c_gpcr	high	1119.5	0.9819		1.0
tr|A0A8M2BF06|A0A8M2BF06_DANRE	Danio rerio	vertebrate	648	nonchannel_abc_transporter	medium	379.5	0.4302	assoc_sur	0.6235
tr|A0A8M2BGD4|A0A8M2BGD4_DANRE	Danio rerio	vertebrate	259	assoc_kchip	high	440.3	0.9084	nonchannel_ncs	0.5678
tr|A0A8M2BHH0|A0A8M2BHH0_DANRE	Danio rerio	vertebrate	994	nonchannel_class_c_gpcr	high	620.9	0.904		1.0
tr|A0A8M2BJW7|A0A8M2BJW7_DANRE	Danio rerio	vertebrate	402	assoc_nav_beta	high	42.8	0.692		1.0
tr|A0A8M2BKP3|A0A8M2BKP3_DANRE	Danio rerio	vertebrate	808	assoc_stim	high	880.5	0.7763		1.0
tr|A0A8M2BLD5|A0A8M2BLD5_DANRE	Danio rerio	vertebrate	277	outofscope_aquaporin	high	193.7	0.9075		1.0
tr|A0A8M3AP34|A0A8M3AP34_DANRE	Danio rerio	vertebrate	810	assoc_k_beta	high	271.1	0.9528		1.0
tr|A0A8M3APN3|A0A8M3APN3_DANRE	Danio rerio	vertebrate	902	assoc_clc_aux	high	834.9	0.9393		1.0
tr|A0A8M3AQ72|A0A8M3AQ72_DANRE	Danio rerio	vertebrate	269	outofscope_aquaporin	high	274.8	0.9573		1.0
tr|A0A8M3AQN2|A0A8M3AQN2_DANRE	Danio rerio	vertebrate	1070	nonchannel_class_c_gpcr	medium	41.7	0.3017		1.0
tr|A0A8M3AR64|A0A8M3AR64_DANRE	Danio rerio	vertebrate	706	assoc_k_beta	high	71.0	0.6299	lrrc8	0.3606
tr|A0A8M3ARM5|A0A8M3ARM5_DANRE	Danio rerio	vertebrate	1092	assoc_cav_aux	high	492.2	0.9657		1.0
tr|A0A8M3AT89|A0A8M3AT89_DANRE	Danio rerio	vertebrate	356	assoc_iglur_aux	high	58.2	0.5995		1.0
tr|A0A8M3ATV7|A0A8M3ATV7_DANRE	Danio rerio	vertebrate	711	transporter_slc26	high	800.7	0.9431		1.0
tr|A0A8M3AUK1|A0A8M3AUK1_DANRE	Danio rerio	vertebrate	1090	assoc_cav_aux	high	545.2	0.9698		1.0
tr|A0A8M3AUZ8|A0A8M3AUZ8_DANRE	Danio rerio	vertebrate	859	nonchannel_class_c_gpcr	high	754.0	0.9379		1.0
tr|A0A8M3AV03|A0A8M3AV03_DANRE	Danio rerio	vertebrate	856	nonchannel_class_c_gpcr	high	713.2	0.9186		1.0
tr|A0A8M3AW17|A0A8M3AW17_DANRE	Danio rerio	vertebrate	372	assoc_nav_beta	high	38.5	0.5446		1.0
tr|A0A8M3AXY3|A0A8M3AXY3_DANRE	Danio rerio	vertebrate	1540	nonchannel_abc_transporter	high	1736.8	0.9954	assoc_sur	0.5104
tr|A0A8M3B0J4|A0A8M3B0J4_DANRE	Danio rerio	vertebrate	692	assoc_k_beta	high	75.3	0.6142	lrrc8	0.5299
tr|A0A8M3B2Z8|A0A8M3B2Z8_DANRE	Danio rerio	vertebrate	832	nonchannel_class_c_gpcr	high	700.4	0.9311	iglur_nonvertebrate	0.9547
tr|A0A8M3B9J6|A0A8M3B9J6_DANRE	Danio rerio	vertebrate	570	assoc_nav_beta	medium	69.8	0.4955		1.0
tr|A0A8M3BC64|A0A8M3BC64_DANRE	Danio rerio	vertebrate	1080	assoc_cav_aux	high	690.4	0.963		1.0
tr|A0A8M3BEF6|A0A8M3BEF6_DANRE	Danio rerio	vertebrate	175	nonchannel_ncs	medium	72.2	0.7824	assoc_kchip	0.2341
tr|A0A8M6YT75|A0A8M6YT75_DANRE	Danio rerio	vertebrate	904	assoc_clc_aux	high	806.0	0.936		1.0
tr|A0A8M6YV52|A0A8M6YV52_DANRE	Danio rerio	vertebrate	933	assoc_k_beta	medium	40.7	0.4593	lrrc8	0.2039
tr|A0A8M6YWR9|A0A8M6YWR9_DANRE	Danio rerio	vertebrate	775	nonchannel_ncs	high	58.0	0.7409	assoc_kchip	0.3017
tr|A0A8M6Z0U5|A0A8M6Z0U5_DANRE	Danio rerio	vertebrate	450	assoc_k_beta	high	78.3	0.6168	lrrc8	0.4074
tr|A0A8M6Z5Y9|A0A8M6Z5Y9_DANRE	Danio rerio	vertebrate	779	transporter_slc26	high	884.1	0.9681		1.0
tr|A0A8M9P4H9|A0A8M9P4H9_DANRE	Danio rerio	vertebrate	332	nonchannel_kctd	high	107.9	0.858	kv_shaker	0.7516
tr|A0A8M9PAH3|A0A8M9PAH3_DANRE	Danio rerio	vertebrate	849	nonchannel_class_c_gpcr	high	718.6	0.9288		1.0
tr|A0A8M9PCY9|A0A8M9PCY9_DANRE	Danio rerio	vertebrate	472	nonchannel_gasdermin	high	184.3	0.9873		1.0
tr|A0A8M9PD42|A0A8M9PD42_DANRE	Danio rerio	vertebrate	867	nonchannel_class_c_gpcr	high	769.0	0.9141		1.0
tr|A0A8M9PEX1|A0A8M9PEX1_DANRE	Danio rerio	vertebrate	729	assoc_k_beta	medium	100.3	0.5354	lrrc8	0.2313
tr|A0A8M9PFV7|A0A8M9PFV7_DANRE	Danio rerio	vertebrate	839	nonchannel_class_c_gpcr	high	688.6	0.9243		1.0
tr|A0A8M9PGC0|A0A8M9PGC0_DANRE	Danio rerio	vertebrate	548	assoc_iglur_aux	high	287.6	0.939		1.0
tr|A0A8M9PGX9|A0A8M9PGX9_DANRE	Danio rerio	vertebrate	545	hv1	high	92.8	0.6784	cav	0.7597
tr|A0A8M9PHT1|A0A8M9PHT1_DANRE	Danio rerio	vertebrate	2562	assoc_k_beta	medium	43.9	0.5144	lrrc8	0.2802
tr|A0A8M9PJY6|A0A8M9PJY6_DANRE	Danio rerio	vertebrate	679	assoc_iglur_aux	high	196.6	0.8143		1.0
tr|A0A8M9PK08|A0A8M9PK08_DANRE	Danio rerio	vertebrate	838	assoc_k_beta	medium	52.6	0.5249	lrrc8	0.1578
tr|A0A8M9PK42|A0A8M9PK42_DANRE	Danio rerio	vertebrate	903	nonchannel_class_c_gpcr	high	370.4	0.7955	kainate	0.9355
tr|A0A8M9PKB3|A0A8M9PKB3_DANRE	Danio rerio	vertebrate	191	assoc_nav_beta	medium	30.8	0.3929		1.0
tr|A0A8M9PKG9|A0A8M9PKG9_DANRE	Danio rerio	vertebrate	1445	nonchannel_vsp	high	107.0	0.5598		1.0
tr|A0A8M9PL00|A0A8M9PL00_DANRE	Danio rerio	vertebrate	1616	nonchannel_vsp	high	117.0	0.5707		1.0
tr|A0A8M9PL84|A0A8M9PL84_DANRE	Danio rerio	vertebrate	389	assoc_cav_aux	medium	352.3	0.4993		1.0
tr|A0A8M9PLL4|A0A8M9PLL4_DANRE	Danio rerio	vertebrate	692	assoc_k_beta	high	92.9	0.6352	lrrc8	0.4187
tr|A0A8M9PMA6|A0A8M9PMA6_DANRE	Danio rerio	vertebrate	399	assoc_nav_beta	high	30.9	0.7857		1.0
tr|A0A8M9PPM0|A0A8M9PPM0_DANRE	Danio rerio	vertebrate	837	nonchannel_class_c_gpcr	high	706.0	0.9153	iglur_nonvertebrate	0.9547
tr|A0A8M9PPM5|A0A8M9PPM5_DANRE	Danio rerio	vertebrate	571	nonchannel_class_c_gpcr	high	364.4	0.5333		1.0
tr|A0A8M9PQX2|A0A8M9PQX2_DANRE	Danio rerio	vertebrate	593	assoc_k_beta	medium	114.8	0.4016	lrrc8	0.3066
tr|A0A8M9PRF1|A0A8M9PRF1_DANRE	Danio rerio	vertebrate	399	assoc_k_beta	high	259.0	0.8451		1.0
tr|A0A8M9PT37|A0A8M9PT37_DANRE	Danio rerio	vertebrate	1830	nonchannel_vsp	high	125.3	0.5453		1.0
tr|A0A8M9Q2U8|A0A8M9Q2U8_DANRE	Danio rerio	vertebrate	868	nonchannel_class_c_gpcr	high	746.2	0.9085		1.0
tr|A0A8M9Q2V5|A0A8M9Q2V5_DANRE	Danio rerio	vertebrate	863	nonchannel_class_c_gpcr	high	741.0	0.9333		1.0
tr|A0A8M9Q3V9|A0A8M9Q3V9_DANRE	Danio rerio	vertebrate	431	assoc_iglur_aux	high	162.8	0.8117		1.0
tr|A0A8M9Q431|A0A8M9Q431_DANRE	Danio rerio	vertebrate	236	assoc_kchip	high	344.7	0.7849	nonchannel_ncs	0.4723
tr|A0A8M9Q5H7|A0A8M9Q5H7_DANRE	Danio rerio	vertebrate	451	assoc_nav_beta	high	43.8	0.5714		1.0
tr|A0A8M9Q6C3|A0A8M9Q6C3_DANRE	Danio rerio	vertebrate	371	assoc_k_beta	high	76.8	0.6667	lrrc8	0.4349
tr|A0A8M9Q6X2|A0A8M9Q6X2_DANRE	Danio rerio	vertebrate	979	nonchannel_vsp	high	101.5	0.5362		1.0
tr|A0A8M9Q7I2|A0A8M9Q7I2_DANRE	Danio rerio	vertebrate	234	assoc_k_beta	high	79.2	0.6562		1.0
tr|A0A8M9Q7P8|A0A8M9Q7P8_DANRE	Danio rerio	vertebrate	722	assoc_k_beta	medium	81.0	0.378	lrrc8	0.4222
tr|A0A8M9Q7U4|A0A8M9Q7U4_DANRE	Danio rerio	vertebrate	161	nonchannel_ncs	high	53.3	0.5648	assoc_kchip	0.3921
tr|A0A8M9Q8D1|A0A8M9Q8D1_DANRE	Danio rerio	vertebrate	691	assoc_k_beta	medium	71.8	0.4514		1.0
tr|A0A8M9Q8Q6|A0A8M9Q8Q6_DANRE	Danio rerio	vertebrate	319	assoc_nav_beta	high	36.9	0.8929		1.0
tr|A0A8M9Q8U8|A0A8M9Q8U8_DANRE	Danio rerio	vertebrate	557	assoc_iglur_aux	high	277.6	0.8674		1.0
tr|A0A8M9QAQ7|A0A8M9QAQ7_DANRE	Danio rerio	vertebrate	370	nonchannel_gasdermin	high	272.6	0.5742		1.0
tr|A0A8M9QBE4|A0A8M9QBE4_DANRE	Danio rerio	vertebrate	2252	assoc_k_beta	high	68.3	0.5066	lrrc8	0.5095
tr|A0A8M9QD64|A0A8M9QD64_DANRE	Danio rerio	vertebrate	1547	assoc_k_beta	high	263.5	0.5092	lrrc8	0.512
tr|A0A8M9QDU0|A0A8M9QDU0_DANRE	Danio rerio	vertebrate	908	nonchannel_class_c_gpcr	high	1237.9	0.9706	kainate	0.969
tr|A0A8M9QF71|A0A8M9QF71_DANRE	Danio rerio	vertebrate	225	assoc_cav_aux	medium	74.0	0.4211		1.0
tr|A0A8M9QGL8|A0A8M9QGL8_DANRE	Danio rerio	vertebrate	225	assoc_kchip	high	404.2	0.8048	nonchannel_ncs	0.551
tr|A0A8M9QHP8|A0A8M9QHP8_DANRE	Danio rerio	vertebrate	729	nonchannel_ncs	medium	39.6	0.3057		1.0
tr|A0A8M9QI22|A0A8M9QI22_DANRE	Danio rerio	vertebrate	1083	assoc_polycystin1	medium	556.1	0.3144		1.0
tr|A0A8M9QLV8|A0A8M9QLV8_DANRE	Danio rerio	vertebrate	1548	nonchannel_abc_transporter	high	1412.3	0.9647	assoc_sur	0.5013
tr|A0A8M9QMQ7|A0A8M9QMQ7_DANRE	Danio rerio	vertebrate	355	assoc_k_beta	high	72.3	0.5013	lrrc8	0.3223
tr|A0A8N1TQ94|A0A8N1TQ94_DANRE	Danio rerio	vertebrate	257	outofscope_aquaporin	high	188.0	0.8399		1.0
tr|A0A8N7T5D2|A0A8N7T5D2_DANRE	Danio rerio	vertebrate	868	nonchannel_class_c_gpcr	high	753.1	0.9277		1.0
tr|A0A8N7T6G6|A0A8N7T6G6_DANRE	Danio rerio	vertebrate	869	nonchannel_class_c_gpcr	high	765.5	0.9254		1.0
tr|A0A8N7T6Z6|A0A8N7T6Z6_DANRE	Danio rerio	vertebrate	868	nonchannel_class_c_gpcr	high	763.9	0.9119		1.0
tr|A0A8N7TDV0|A0A8N7TDV0_DANRE	Danio rerio	vertebrate	870	nonchannel_class_c_gpcr	high	699.5	0.9198		1.0
tr|A0A8N7UUY1|A0A8N7UUY1_DANRE	Danio rerio	vertebrate	863	nonchannel_class_c_gpcr	high	755.2	0.9175		1.0
tr|A0A8N7UVF8|A0A8N7UVF8_DANRE	Danio rerio	vertebrate	988	nonchannel_class_c_gpcr	high	616.3	0.9062		1.0
tr|A0A8N7UVL1|A0A8N7UVL1_DANRE	Danio rerio	vertebrate	894	nonchannel_class_c_gpcr	high	770.4	0.9107		1.0
tr|A0A8N7UYK8|A0A8N7UYK8_DANRE	Danio rerio	vertebrate	448	assoc_nav_beta	medium	41.1	0.3884		1.0
tr|A0A8N7UZP3|A0A8N7UZP3_DANRE	Danio rerio	vertebrate	189	nonchannel_ncs	high	241.4	0.8964	assoc_kchip	0.5294
tr|A0A8S5I9P8|A0A8S5I9P8_CAEEL	Caenorhabditis elegans	invertebrate	856	transporter_slc26	high	535.6	0.9362		1.0
tr|A0A8V0X339|A0A8V0X339_CHICK	Gallus gallus	vertebrate	614	assoc_k_beta	high	77.2	0.5906	lrrc8	0.3614
tr|A0A8V0X4C5|A0A8V0X4C5_CHICK	Gallus gallus	vertebrate	281	nonchannel_ncs	high	42.4	0.6528	assoc_kchip	0.3208
tr|A0A8V0X4X6|A0A8V0X4X6_CHICK	Gallus gallus	vertebrate	708	assoc_k_beta	medium	69.3	0.378	lrrc8	0.355
tr|A0A8V0X6C7|A0A8V0X6C7_CHICK	Gallus gallus	vertebrate	417	assoc_nav_beta	high	31.4	0.7946		1.0
tr|A0A8V0X6G1|A0A8V0X6G1_CHICK	Gallus gallus	vertebrate	373	assoc_nav_beta	high	30.6	0.7857		1.0
tr|A0A8V0X765|A0A8V0X765_CHICK	Gallus gallus	vertebrate	508	assoc_k_beta	medium	55.2	0.643	lrrc8	0.1558
tr|A0A8V0X829|A0A8V0X829_CHICK	Gallus gallus	vertebrate	217	assoc_nav_beta	high	138.9	0.7634		1.0
tr|A0A8V0X873|A0A8V0X873_CHICK	Gallus gallus	vertebrate	1339	nonchannel_abc_transporter	medium	717.1	0.4762	assoc_sur	0.6408
tr|A0A8V0X8Z8|A0A8V0X8Z8_CHICK	Gallus gallus	vertebrate	159	nonchannel_kctd	medium	68.1	0.4069		1.0
tr|A0A8V0X9B4|A0A8V0X9B4_CHICK	Gallus gallus	vertebrate	2487	assoc_k_beta	medium	45.4	0.3911	lrrc8	0.348
tr|A0A8V0X9Q1|A0A8V0X9Q1_CHICK	Gallus gallus	vertebrate	757	assoc_k_beta	medium	120.6	0.5486	lrrc8	0.1658
tr|A0A8V0XA18|A0A8V0XA18_CHICK	Gallus gallus	vertebrate	475	assoc_k_beta	medium	83.6	0.5276	lrrc8	0.11
tr|A0A8V0XA35|A0A8V0XA35_CHICK	Gallus gallus	vertebrate	908	nonchannel_class_c_gpcr	high	1295.7	0.9808		1.0
tr|A0A8V0XA82|A0A8V0XA82_CHICK	Gallus gallus	vertebrate	225	assoc_kcne	high	84.3	0.7165		1.0
tr|A0A8V0XBP9|A0A8V0XBP9_CHICK	Gallus gallus	vertebrate	2911	assoc_k_beta	high	62.3	0.5932		1.0
tr|A0A8V0XCL6|A0A8V0XCL6_CHICK	Gallus gallus	vertebrate	771	nonchannel_abc_transporter	medium	306.7	0.3765	assoc_sur	0.6619
tr|A0A8V0XCW6|A0A8V0XCW6_CHICK	Gallus gallus	vertebrate	781	assoc_stim	high	1082.9	0.7896		1.0
tr|A0A8V0XDJ1|A0A8V0XDJ1_CHICK	Gallus gallus	vertebrate	1611	assoc_k_beta	medium	56.0	0.5354	lrrc8	0.1768
tr|A0A8V0XDV1|A0A8V0XDV1_CHICK	Gallus gallus	vertebrate	1051	assoc_k_beta	medium	97.0	0.4672		1.0
tr|A0A8V0XEI9|A0A8V0XEI9_CHICK	Gallus gallus	vertebrate	260	outofscope_aquaporin	high	124.1	0.8826		1.0
tr|A0A8V0XEJ2|A0A8V0XEJ2_CHICK	Gallus gallus	vertebrate	272	nonchannel_ncs	medium	90.9	0.6218	assoc_kchip	0.22
tr|A0A8V0XEM1|A0A8V0XEM1_CHICK	Gallus gallus	vertebrate	190	nonchannel_ncs	high	233.0	0.9067	assoc_kchip	0.5433
tr|A0A8V0XFB5|A0A8V0XFB5_CHICK	Gallus gallus	vertebrate	505	nonchannel_gasdermin	high	285.3	0.9873		1.0
tr|A0A8V0XH05|A0A8V0XH05_CHICK	Gallus gallus	vertebrate	675	assoc_mcu_reg	high	49.5	0.5968		1.0
tr|A0A8V0XHG6|A0A8V0XHG6_CHICK	Gallus gallus	vertebrate	431	assoc_nav_beta	high	37.3	0.8348		1.0
tr|A0A8V0XI55|A0A8V0XI55_CHICK	Gallus gallus	vertebrate	195	assoc_k_beta	medium	38.2	0.336		1.0
tr|A0A8V0XJ75|A0A8V0XJ75_CHICK	Gallus gallus	vertebrate	510	assoc_nav_beta	high	51.8	0.5		1.0
tr|A0A8V0XJP5|A0A8V0XJP5_CHICK	Gallus gallus	vertebrate	1302	nonchannel_abc_transporter	medium	707.4	0.4417	assoc_sur	0.6547
tr|A0A8V0XJZ0|A0A8V0XJZ0_CHICK	Gallus gallus	vertebrate	733	nonchannel_pomt	high	1103.5	0.9261		1.0
tr|A0A8V0XKW5|A0A8V0XKW5_CHICK	Gallus gallus	vertebrate	361	assoc_k_beta	high	52.7	0.5958		1.0
tr|A0A8V0XLR0|A0A8V0XLR0_CHICK	Gallus gallus	vertebrate	1374	nonchannel_abc_transporter	medium	710.7	0.4808	assoc_sur	0.6371
tr|A0A8V0XM05|A0A8V0XM05_CHICK	Gallus gallus	vertebrate	606	assoc_k_beta	medium	92.9	0.4987	lrrc8	0.2508
tr|A0A8V0XM69|A0A8V0XM69_CHICK	Gallus gallus	vertebrate	222	nonchannel_ncs	high	59.7	0.5596		1.0
tr|A0A8V0XMA5|A0A8V0XMA5_CHICK	Gallus gallus	vertebrate	417	outofscope_aquaporin	high	316.7	0.9573		1.0
tr|A0A8V0XNJ4|A0A8V0XNJ4_CHICK	Gallus gallus	vertebrate	1349	nonchannel_abc_transporter	high	1624.0	0.9617	cftr	0.4134
tr|A0A8V0XP22|A0A8V0XP22_CHICK	Gallus gallus	vertebrate	1175	nonchannel_class_c_gpcr	medium	86.8	0.3345		1.0
tr|A0A8V0XQR6|A0A8V0XQR6_CHICK	Gallus gallus	vertebrate	403	assoc_k_beta	high	61.2	0.6037		1.0
tr|A0A8V0XS91|A0A8V0XS91_CHICK	Gallus gallus	vertebrate	735	transporter_slc26	high	794.9	0.9445		1.0
tr|A0A8V0XU65|A0A8V0XU65_CHICK	Gallus gallus	vertebrate	363	assoc_nav_beta	high	51.7	0.5938		1.0
tr|A0A8V0XUJ8|A0A8V0XUJ8_CHICK	Gallus gallus	vertebrate	768	assoc_k_beta	medium	61.5	0.4094		1.0
tr|A0A8V0XUS6|A0A8V0XUS6_CHICK	Gallus gallus	vertebrate	188	nonchannel_ncs	high	243.6	0.9016	assoc_kchip	0.507
tr|A0A8V0XVQ9|A0A8V0XVQ9_CHICK	Gallus gallus	vertebrate	1287	nonchannel_abc_transporter	high	1477.2	0.9601	assoc_sur	0.4435
tr|A0A8V0XVY6|A0A8V0XVY6_CHICK	Gallus gallus	vertebrate	273	assoc_mcu_reg	medium	139.0	0.3874		1.0
tr|A0A8V0XW56|A0A8V0XW56_CHICK	Gallus gallus	vertebrate	282	assoc_nav_beta	high	90.1	0.8304		1.0
tr|A0A8V0XXC7|A0A8V0XXC7_CHICK	Gallus gallus	vertebrate	247	assoc_mcu_reg	medium	81.5	0.3559		1.0
tr|A0A8V0XY06|A0A8V0XY06_CHICK	Gallus gallus	vertebrate	705	nonchannel_abc_transporter	medium	384.3	0.4218	assoc_sur	0.5592
tr|A0A8V0XY23|A0A8V0XY23_CHICK	Gallus gallus	vertebrate	526	nonchannel_ncs	high	49.6	0.5751		1.0
tr|A0A8V0XYU4|A0A8V0XYU4_CHICK	Gallus gallus	vertebrate	316	assoc_nav_beta	high	48.1	0.5179		1.0
tr|A0A8V0Y076|A0A8V0Y076_CHICK	Gallus gallus	vertebrate	269	assoc_kchip	high	480.6	0.9522	nonchannel_ncs	0.598
tr|A0A8V0Y0A2|A0A8V0Y0A2_CHICK	Gallus gallus	vertebrate	610	nonchannel_kctd	high	66.3	0.6025		1.0
tr|A0A8V0Y1C2|A0A8V0Y1C2_CHICK	Gallus gallus	vertebrate	1539	nonchannel_abc_transporter	high	1448.7	0.9647	assoc_sur	0.5336
tr|A0A8V0Y2M4|A0A8V0Y2M4_CHICK	Gallus gallus	vertebrate	1322	assoc_k_beta	medium	41.0	0.3176		1.0
tr|A0A8V0Y2S7|A0A8V0Y2S7_CHICK	Gallus gallus	vertebrate	1587	nonchannel_vsp	high	141.0	0.5688		1.0
tr|A0A8V0Y4G8|A0A8V0Y4G8_CHICK	Gallus gallus	vertebrate	676	assoc_k_beta	medium	46.1	0.3963	lrrc8	0.243
tr|A0A8V0Y5N6|A0A8V0Y5N6_CHICK	Gallus gallus	vertebrate	886	assoc_nav_beta	medium	50.0	0.4911		1.0
tr|A0A8V0Y5X7|A0A8V0Y5X7_CHICK	Gallus gallus	vertebrate	541	assoc_k_beta	medium	33.2	0.3622	lrrc8	0.1566
tr|A0A8V0Y6N7|A0A8V0Y6N7_CHICK	Gallus gallus	vertebrate	437	assoc_k_beta	medium	61.6	0.4908		1.0
tr|A0A8V0Y6V4|A0A8V0Y6V4_CHICK	Gallus gallus	vertebrate	1533	assoc_k_beta	high	272.2	0.5223	lrrc8	0.5195
tr|A0A8V0Y720|A0A8V0Y720_CHICK	Gallus gallus	vertebrate	812	transporter_slc26	high	939.6	0.9681		1.0
tr|A0A8V0Y731|A0A8V0Y731_CHICK	Gallus gallus	vertebrate	1551	assoc_k_beta	high	267.4	0.5066	lrrc8	0.5127
tr|A0A8V0Y7L9|A0A8V0Y7L9_CHICK	Gallus gallus	vertebrate	201	assoc_k_beta	high	79.7	0.5118		1.0
tr|A0A8V0Y8E0|A0A8V0Y8E0_CHICK	Gallus gallus	vertebrate	655	transporter_slc26	high	755.7	0.9445		1.0
tr|A0A8V0Y8I4|A0A8V0Y8I4_CHICK	Gallus gallus	vertebrate	502	assoc_cav_aux	high	466.6	0.7421		1.0
tr|A0A8V0Y9J3|A0A8V0Y9J3_CHICK	Gallus gallus	vertebrate	645	transporter_slc26	high	775.2	0.8044		1.0
tr|A0A8V0Y9J6|A0A8V0Y9J6_CHICK	Gallus gallus	vertebrate	297	outofscope_aquaporin	high	324.2	0.9253		1.0
tr|A0A8V0Y9S4|A0A8V0Y9S4_CHICK	Gallus gallus	vertebrate	1260	nonchannel_ncs	medium	30.7	0.342		1.0
tr|A0A8V0Y9S9|A0A8V0Y9S9_CHICK	Gallus gallus	vertebrate	754	transporter_slc26	high	914.7	0.975		1.0
tr|A0A8V0YAK6|A0A8V0YAK6_CHICK	Gallus gallus	vertebrate	626	assoc_k_beta	medium	45.0	0.5118	lrrc8	0.1889
tr|A0A8V0YAS1|A0A8V0YAS1_CHICK	Gallus gallus	vertebrate	125	assoc_kcne	high	90.5	0.7874		1.0
tr|A0A8V0YAW3|A0A8V0YAW3_CHICK	Gallus gallus	vertebrate	126	assoc_kcne	high	65.3	0.748		1.0
tr|A0A8V0YB62|A0A8V0YB62_CHICK	Gallus gallus	vertebrate	211	assoc_k_beta	high	94.6	0.5276		1.0
tr|A0A8V0YC29|A0A8V0YC29_CHICK	Gallus gallus	vertebrate	642	assoc_k_beta	medium	107.9	0.5013	lrrc8	0.2243
tr|A0A8V0YDK5|A0A8V0YDK5_CHICK	Gallus gallus	vertebrate	364	outofscope_aquaporin	high	267.3	0.8826		1.0
tr|A0A8V0YEC0|A0A8V0YEC0_CHICK	Gallus gallus	vertebrate	350	assoc_k_beta	high	151.8	0.8136		1.0
tr|A0A8V0YEH4|A0A8V0YEH4_CHICK	Gallus gallus	vertebrate	740	assoc_stim	high	1317.8	0.8984		1.0
tr|A0A8V0YFS3|A0A8V0YFS3_CHICK	Gallus gallus	vertebrate	223	nonchannel_ncs	high	45.2	0.5544		1.0
tr|A0A8V0YG24|A0A8V0YG24_CHICK	Gallus gallus	vertebrate	733	assoc_k_beta	medium	175.2	0.4961	lrrc8	0.149
tr|A0A8V0YGC9|A0A8V0YGC9_CHICK	Gallus gallus	vertebrate	336	assoc_iglur_aux	high	86.3	0.7215		1.0
tr|A0A8V0YGG9|A0A8V0YGG9_CHICK	Gallus gallus	vertebrate	302	assoc_nav_beta	high	35.0	0.5402		1.0
tr|A0A8V0YHU1|A0A8V0YHU1_CHICK	Gallus gallus	vertebrate	1558	assoc_sur	high	3171.3	0.9994	nonchannel_abc_transporter	0.6365
tr|A0A8V0YJY3|A0A8V0YJY3_CHICK	Gallus gallus	vertebrate	294	clic	high	248.2	0.5331		1.0
tr|A0A8V0YKA4|A0A8V0YKA4_CHICK	Gallus gallus	vertebrate	180	assoc_nav_beta	high	30.1	0.5804		1.0
tr|A0A8V0YKK9|A0A8V0YKK9_CHICK	Gallus gallus	vertebrate	785	transporter_slc26	high	834.4	0.9431		1.0
tr|A0A8V0YMA3|A0A8V0YMA3_CHICK	Gallus gallus	vertebrate	1136	assoc_cav_aux	high	645.2	0.8985		1.0
tr|A0A8V0YPP0|A0A8V0YPP0_CHICK	Gallus gallus	vertebrate	642	lrrc8	medium	122.6	0.3076	assoc_k_beta	0.1403
tr|A0A8V0YPS3|A0A8V0YPS3_CHICK	Gallus gallus	vertebrate	563	assoc_k_beta	medium	141.6	0.5039	lrrc8	0.2394
tr|A0A8V0YPT2|A0A8V0YPT2_CHICK	Gallus gallus	vertebrate	627	assoc_k_beta	medium	136.6	0.5459	lrrc8	0.2013
tr|A0A8V0YQ77|A0A8V0YQ77_CHICK	Gallus gallus	vertebrate	314	assoc_cav_aux	high	278.0	0.5624		1.0
tr|A0A8V0YQ88|A0A8V0YQ88_CHICK	Gallus gallus	vertebrate	735	assoc_k_beta	high	118.6	0.5249	lrrc8	0.5472
tr|A0A8V0YR16|A0A8V0YR16_CHICK	Gallus gallus	vertebrate	927	nonchannel_class_c_gpcr	high	670.1	0.9503		1.0
tr|A0A8V0YSL3|A0A8V0YSL3_CHICK	Gallus gallus	vertebrate	742	nonchannel_abc_transporter	medium	337.0	0.4195	assoc_sur	0.6368
tr|A0A8V0YTC0|A0A8V0YTC0_CHICK	Gallus gallus	vertebrate	285	nonchannel_ncs	medium	35.2	0.456		1.0
tr|A0A8V0YUW0|A0A8V0YUW0_CHICK	Gallus gallus	vertebrate	496	assoc_k_beta	high	94.4	0.7349	lrrc8	0.6038
tr|A0A8V0YV78|A0A8V0YV78_CHICK	Gallus gallus	vertebrate	371	assoc_nav_beta	medium	49.8	0.3259		1.0
tr|A0A8V0YVD1|A0A8V0YVD1_CHICK	Gallus gallus	vertebrate	760	nonchannel_ncs	medium	58.1	0.6788	assoc_kchip	0.296
tr|A0A8V0YWB4|A0A8V0YWB4_CHICK	Gallus gallus	vertebrate	308	nonchannel_ncs	high	304.3	0.9741	assoc_kchip	0.3891
tr|A0A8V0YZA4|A0A8V0YZA4_CHICK	Gallus gallus	vertebrate	278	assoc_k_beta	high	147.6	0.853		1.0
tr|A0A8V0YZH6|A0A8V0YZH6_CHICK	Gallus gallus	vertebrate	389	assoc_nav_beta	medium	30.3	0.4777		1.0
tr|A0A8V0Z225|A0A8V0Z225_CHICK	Gallus gallus	vertebrate	179	nonchannel_ncs	high	52.0	0.513		1.0
tr|A0A8V0Z3I3|A0A8V0Z3I3_CHICK	Gallus gallus	vertebrate	167	nonchannel_ncs	medium	69.0	0.7876	assoc_kchip	0.2884
tr|A0A8V0Z481|A0A8V0Z481_CHICK	Gallus gallus	vertebrate	786	nonchannel_class_c_gpcr	high	677.7	0.8802		1.0
tr|A0A8V0Z5L8|A0A8V0Z5L8_CHICK	Gallus gallus	vertebrate	1436	nonchannel_abc_transporter	high	1807.0	0.9977	assoc_sur	0.595
tr|A0A8V0Z6E4|A0A8V0Z6E4_CHICK	Gallus gallus	vertebrate	632	assoc_k_beta	medium	155.3	0.6089	lrrc8	0.1017
tr|A0A8V0Z718|A0A8V0Z718_CHICK	Gallus gallus	vertebrate	234	assoc_kchip	medium	30.0	0.3745		1.0
tr|A0A8V0Z7B8|A0A8V0Z7B8_CHICK	Gallus gallus	vertebrate	459	assoc_iglur_aux	high	319.7	0.8276		1.0
tr|A0A8V0Z7W0|A0A8V0Z7W0_CHICK	Gallus gallus	vertebrate	716	assoc_k_beta	high	67.0	0.5696		1.0
tr|A0A8V0Z8S7|A0A8V0Z8S7_CHICK	Gallus gallus	vertebrate	826	nonchannel_class_c_gpcr	high	685.4	0.9243	iglur_nonvertebrate	0.9632
tr|A0A8V0Z8V4|A0A8V0Z8V4_CHICK	Gallus gallus	vertebrate	1544	assoc_k_beta	high	280.9	0.5144	lrrc8	0.5208
tr|A0A8V0Z9P7|A0A8V0Z9P7_CHICK	Gallus gallus	vertebrate	973	nonchannel_class_c_gpcr	high	1277.4	0.9864		1.0
tr|A0A8V0Z9Q8|A0A8V0Z9Q8_CHICK	Gallus gallus	vertebrate	292	assoc_kchip	high	465.2	0.9203	nonchannel_ncs	0.575
tr|A0A8V0ZA37|A0A8V0ZA37_CHICK	Gallus gallus	vertebrate	1806	nonchannel_vsp	high	118.9	0.5326		1.0
tr|A0A8V0ZAD9|A0A8V0ZAD9_CHICK	Gallus gallus	vertebrate	267	assoc_kchip	high	376.7	0.7928	nonchannel_ncs	0.4985
tr|A0A8V0ZAQ2|A0A8V0ZAQ2_CHICK	Gallus gallus	vertebrate	801	assoc_k_beta	high	44.9	0.5748	lrrc8	0.3051
tr|A0A8V0ZCS9|A0A8V0ZCS9_CHICK	Gallus gallus	vertebrate	294	outofscope_aquaporin	high	196.6	0.847		1.0
tr|A0A8V0ZD29|A0A8V0ZD29_CHICK	Gallus gallus	vertebrate	801	assoc_k_beta	high	322.8	0.9528		1.0
tr|A0A8V0ZEP4|A0A8V0ZEP4_CHICK	Gallus gallus	vertebrate	1512	nonchannel_abc_transporter	high	1631.6	0.9969	assoc_sur	0.5534
tr|A0A8V0ZF15|A0A8V0ZF15_CHICK	Gallus gallus	vertebrate	726	nonchannel_abc_transporter	high	35.6	0.6043		1.0
tr|A0A8V0ZGZ7|A0A8V0ZGZ7_CHICK	Gallus gallus	vertebrate	270	assoc_k_beta	high	233.9	0.7454	lrrc8	0.8264
tr|A0A8V0ZHD6|A0A8V0ZHD6_CHICK	Gallus gallus	vertebrate	437	assoc_k_beta	medium	53.7	0.5039	lrrc8	0.2123
tr|A0A8V0ZHW0|A0A8V0ZHW0_CHICK	Gallus gallus	vertebrate	1533	nonchannel_ncs	high	64.7	0.6269	assoc_kchip	0.3879
tr|A0A8V0ZII4|A0A8V0ZII4_CHICK	Gallus gallus	vertebrate	241	nonchannel_ncs	high	57.1	0.5648		1.0
tr|A0A8V0ZIP2|A0A8V0ZIP2_CHICK	Gallus gallus	vertebrate	736	assoc_k_beta	high	61.6	0.5801		1.0
tr|A0A8V0ZJ28|A0A8V0ZJ28_CHICK	Gallus gallus	vertebrate	403	nonchannel_vsp	high	249.9	0.5362		1.0
tr|A0A8V0ZJG3|A0A8V0ZJG3_CHICK	Gallus gallus	vertebrate	419	mitok	high	482.1	0.9294		1.0
tr|A0A8V0ZJM7|A0A8V0ZJM7_CHICK	Gallus gallus	vertebrate	484	nonchannel_kctd	high	101.8	0.8454	kv_shaker	0.725
tr|A0A8V0ZK39|A0A8V0ZK39_CHICK	Gallus gallus	vertebrate	482	assoc_mcu_reg	high	543.7	0.9482		1.0
tr|A0A8V0ZL29|A0A8V0ZL29_CHICK	Gallus gallus	vertebrate	952	assoc_clc_aux	high	1131.7	0.9338		1.0
tr|A0A8V0ZLL3|A0A8V0ZLL3_CHICK	Gallus gallus	vertebrate	743	assoc_cav_aux	high	436.3	0.6214		1.0
tr|A0A8V0ZLX1|A0A8V0ZLX1_CHICK	Gallus gallus	vertebrate	1540	nonchannel_abc_transporter	high	1857.3	0.9969	assoc_sur	0.5252
tr|A0A8V0ZLX2|A0A8V0ZLX2_CHICK	Gallus gallus	vertebrate	1059	nonchannel_class_c_gpcr	high	1069.4	0.9627		1.0
tr|A0A8V0ZMB9|A0A8V0ZMB9_CHICK	Gallus gallus	vertebrate	1550	nonchannel_abc_transporter	high	1701.2	0.9785	assoc_sur	0.5112
tr|A0A8V0ZN76|A0A8V0ZN76_CHICK	Gallus gallus	vertebrate	357	nonchannel_gasdermin	high	288.9	0.5784		1.0
tr|A0A8V0ZPU4|A0A8V0ZPU4_CHICK	Gallus gallus	vertebrate	676	assoc_mcu_reg	high	54.6	0.5518		1.0
tr|A0A8V0ZQQ4|A0A8V0ZQQ4_CHICK	Gallus gallus	vertebrate	907	nonchannel_abc_transporter	medium	382.0	0.4256	assoc_sur	0.661
tr|A0A8V0ZQR2|A0A8V0ZQR2_CHICK	Gallus gallus	vertebrate	211	nonchannel_ncs	medium	33.4	0.3938		1.0
tr|A0A8V0ZQW8|A0A8V0ZQW8_CHICK	Gallus gallus	vertebrate	981	nonchannel_vsp	high	106.4	0.5417		1.0
tr|A0A8V0ZRR2|A0A8V0ZRR2_CHICK	Gallus gallus	vertebrate	510	assoc_cav_aux	high	381.8	0.5871		1.0
tr|A0A8V0ZRU4|A0A8V0ZRU4_CHICK	Gallus gallus	vertebrate	308	assoc_nav_beta	high	40.2	0.5179		1.0
tr|A0A8V0ZUB8|A0A8V0ZUB8_CHICK	Gallus gallus	vertebrate	299	outofscope_aquaporin	high	140.3	0.9039		1.0
tr|A0A8V0ZVQ0|A0A8V0ZVQ0_CHICK	Gallus gallus	vertebrate	1469	assoc_sur	high	2882.1	0.9298	nonchannel_abc_transporter	0.5961
tr|A0A8V0ZVS6|A0A8V0ZVS6_CHICK	Gallus gallus	vertebrate	242	assoc_nav_beta	high	184.1	0.9196		1.0
tr|A0A8V0ZWR7|A0A8V0ZWR7_CHICK	Gallus gallus	vertebrate	956	nonchannel_ncs	high	52.9	0.5544	assoc_kchip	0.4934
tr|A0A8V0ZWU3|A0A8V0ZWU3_CHICK	Gallus gallus	vertebrate	258	assoc_nav_beta	high	34.3	0.6161		1.0
tr|A0A8V0ZXL0|A0A8V0ZXL0_CHICK	Gallus gallus	vertebrate	1494	nonchannel_class_c_gpcr	medium	81.8	0.322		1.0
tr|A0A8V0ZXL9|A0A8V0ZXL9_CHICK	Gallus gallus	vertebrate	912	nonchannel_class_c_gpcr	high	1286.5	0.9797	nmda	0.9719
tr|A0A8V0ZYA1|A0A8V0ZYA1_CHICK	Gallus gallus	vertebrate	366	assoc_nav_beta	high	47.9	0.5268		1.0
tr|A0A8V0ZYJ3|A0A8V0ZYJ3_CHICK	Gallus gallus	vertebrate	258	assoc_k_beta	medium	38.1	0.3386		1.0
tr|A0A8V0ZZL0|A0A8V0ZZL0_CHICK	Gallus gallus	vertebrate	769	nonchannel_ncs	high	43.4	0.7513		1.0
tr|A0A8V0ZZQ7|A0A8V0ZZQ7_CHICK	Gallus gallus	vertebrate	1406	assoc_k_beta	high	66.9	0.6142	lrrc8	0.4036
tr|A0A8V1A1B4|A0A8V1A1B4_CHICK	Gallus gallus	vertebrate	219	assoc_nav_beta	high	147.8	0.6607		1.0
tr|A0A8V1A1E9|A0A8V1A1E9_CHICK	Gallus gallus	vertebrate	289	assoc_nav_beta	high	41.7	0.625		1.0
tr|A0A8V1A1K3|A0A8V1A1K3_CHICK	Gallus gallus	vertebrate	212	assoc_nav_beta	high	82.4	0.7857		1.0
tr|A0A8V1A2M7|A0A8V1A2M7_CHICK	Gallus gallus	vertebrate	107	assoc_kcne	high	59.0	0.5354		1.0
tr|A0A8V1A342|A0A8V1A342_CHICK	Gallus gallus	vertebrate	545	nonchannel_gasdermin	high	209.0	0.8602		1.0
tr|A0A8V1A3B2|A0A8V1A3B2_CHICK	Gallus gallus	vertebrate	794	nonchannel_abc_transporter	medium	397.0	0.4287	assoc_sur	0.667
tr|A0A8V1A3E0|A0A8V1A3E0_CHICK	Gallus gallus	vertebrate	536	hv1	high	63.3	0.6706		1.0
tr|A0A8V1A3N3|A0A8V1A3N3_CHICK	Gallus gallus	vertebrate	1306	nonchannel_abc_transporter	medium	670.9	0.4118	assoc_sur	0.5931
tr|A0A8V1A4A6|A0A8V1A4A6_CHICK	Gallus gallus	vertebrate	822	assoc_k_beta	high	322.8	0.9633		1.0
tr|A0A8V1A4G0|A0A8V1A4G0_CHICK	Gallus gallus	vertebrate	249	assoc_nav_beta	high	72.8	0.7723		1.0
tr|A0A8V1A568|A0A8V1A568_CHICK	Gallus gallus	vertebrate	650	nonchannel_kctd	medium	45.7	0.3186		1.0
tr|A0A8V1A579|A0A8V1A579_CHICK	Gallus gallus	vertebrate	214	assoc_nav_beta	high	237.8	0.8527		1.0
tr|A0A8V1A5A3|A0A8V1A5A3_CHICK	Gallus gallus	vertebrate	381	assoc_k_beta	medium	62.3	0.3045	lrrc8	0.1124
tr|A0A8V1A5U5|A0A8V1A5U5_CHICK	Gallus gallus	vertebrate	262	outofscope_aquaporin	high	137.4	0.8505		1.0
tr|A0A8V1A5V8|A0A8V1A5V8_CHICK	Gallus gallus	vertebrate	1090	assoc_cav_aux	high	799.6	0.9739		1.0
tr|A0A8V1A5X6|A0A8V1A5X6_CHICK	Gallus gallus	vertebrate	276	outofscope_aquaporin	high	318.0	0.9573		1.0
tr|A0A8V1A5Z6|A0A8V1A5Z6_CHICK	Gallus gallus	vertebrate	631	assoc_k_beta	medium	115.4	0.4016		1.0
tr|A0A8V1A6E4|A0A8V1A6E4_CHICK	Gallus gallus	vertebrate	187	nonchannel_ncs	medium	40.7	0.658	assoc_kchip	0.2236
tr|A0A8V1A8T7|A0A8V1A8T7_CHICK	Gallus gallus	vertebrate	482	assoc_nav_beta	high	52.9	0.5714		1.0
tr|A0A8V1A8Y6|A0A8V1A8Y6_CHICK	Gallus gallus	vertebrate	763	nonchannel_class_c_gpcr	medium	90.2	0.3458		1.0
tr|A0A8V1A955|A0A8V1A955_CHICK	Gallus gallus	vertebrate	189	assoc_kcne	high	95.1	0.7874		1.0
tr|A0A8V1AAP5|A0A8V1AAP5_CHICK	Gallus gallus	vertebrate	696	assoc_k_beta	medium	104.6	0.4436		1.0
tr|A0A8V1AAU2|A0A8V1AAU2_CHICK	Gallus gallus	vertebrate	335	outofscope_aquaporin	high	196.7	0.7153		1.0
tr|A0A8V1AB07|A0A8V1AB07_CHICK	Gallus gallus	vertebrate	415	assoc_k_beta	medium	85.3	0.4882	lrrc8	0.5182
tr|A0A8V1ABD7|A0A8V1ABD7_CHICK	Gallus gallus	vertebrate	322	outofscope_aquaporin	high	299.2	0.9786		1.0
tr|A0A8V1AC26|A0A8V1AC26_CHICK	Gallus gallus	vertebrate	626	transporter_slc26	high	448.2	0.7545		1.0
tr|A0A8V1AC75|A0A8V1AC75_CHICK	Gallus gallus	vertebrate	931	transporter_slc26	high	647.2	0.9709		1.0
tr|A0A8V1ACR7|A0A8V1ACR7_CHICK	Gallus gallus	vertebrate	449	assoc_k_beta	medium	70.8	0.3806	lrrc8	0.4294
tr|A0A8V1ACU9|A0A8V1ACU9_CHICK	Gallus gallus	vertebrate	762	assoc_k_beta	medium	63.9	0.3071	lrrc8	0.1502
tr|A0A8V1ADF3|A0A8V1ADF3_CHICK	Gallus gallus	vertebrate	295	assoc_k_beta	high	246.2	0.7874	lrrc8	0.8704
tr|A0A8V1AEI2|A0A8V1AEI2_CHICK	Gallus gallus	vertebrate	883	nonchannel_class_c_gpcr	high	1157.3	0.974	nmda	0.9742
tr|A0A8V1AF39|A0A8V1AF39_CHICK	Gallus gallus	vertebrate	730	nonchannel_abc_transporter	medium	361.0	0.4433	assoc_sur	0.651
tr|A0A8V1AG07|A0A8V1AG07_CHICK	Gallus gallus	vertebrate	565	nonchannel_kctd	medium	31.9	0.3123		1.0
tr|A0A8V1AG44|A0A8V1AG44_CHICK	Gallus gallus	vertebrate	345	assoc_k_beta	high	75.1	0.5223	lrrc8	0.5646
tr|A0A8V1AGD6|A0A8V1AGD6_CHICK	Gallus gallus	vertebrate	1625	nonchannel_ncs	high	83.7	0.5492	assoc_kchip	0.3178
tr|A0A8V1AHM4|A0A8V1AHM4_CHICK	Gallus gallus	vertebrate	1126	assoc_cav_aux	high	669.6	0.9822		1.0
tr|A0A8V1AI19|A0A8V1AI19_CHICK	Gallus gallus	vertebrate	494	assoc_k_beta	medium	51.4	0.5249	lrrc8	0.1265
tr|A0A8V1AIU8|A0A8V1AIU8_CHICK	Gallus gallus	vertebrate	625	assoc_nav_beta	medium	51.8	0.4732		1.0
tr|A0A8V1AJ21|A0A8V1AJ21_CHICK	Gallus gallus	vertebrate	320	assoc_k_beta	high	107.1	0.7664	lrrc8	0.761
tr|A0A8V1AJP8|A0A8V1AJP8_CHICK	Gallus gallus	vertebrate	397	assoc_nav_beta	high	45.5	0.5491		1.0
tr|A0A8V1AMG9|A0A8V1AMG9_CHICK	Gallus gallus	vertebrate	304	assoc_iglur_aux	medium	73.1	0.382		1.0
tr|A0A8V1AMJ8|A0A8V1AMJ8_CHICK	Gallus gallus	vertebrate	304	assoc_cav_aux	medium	221.9	0.487		1.0
tr|A0A8V1AQ31|A0A8V1AQ31_CHICK	Gallus gallus	vertebrate	528	assoc_iglur_aux	high	328.2	0.9841		1.0
tr|A0A8V5L1A2|A0A8V5L1A2_MOUSE	Mus musculus	vertebrate	845	nonchannel_class_c_gpcr	high	603.1	0.9119		1.0
tr|A0A9J7HER5|A0A9J7HER5_BRAFL	Branchiostoma floridae	deuterostome	1039	assoc_k_beta	medium	142.6	0.4829	lrrc8	0.1367
tr|A0A9J7HFC2|A0A9J7HFC2_BRAFL	Branchiostoma floridae	deuterostome	1621	assoc_polycystin1	medium	331.7	0.3276		1.0
tr|A0A9J7HGM3|A0A9J7HGM3_BRAFL	Branchiostoma floridae	deuterostome	687	assoc_mcu_reg	high	46.6	0.6261		1.0
tr|A0A9J7HGP7|A0A9J7HGP7_BRAFL	Branchiostoma floridae	deuterostome	1474	nonchannel_abc_transporter	high	1404.3	0.9724	assoc_sur	0.5021
tr|A0A9J7HGS2|A0A9J7HGS2_BRAFL	Branchiostoma floridae	deuterostome	715	assoc_nav_beta	high	46.4	0.5402		1.0
tr|A0A9J7HGZ8|A0A9J7HGZ8_BRAFL	Branchiostoma floridae	deuterostome	1245	nonchannel_abc_transporter	high	1130.3	0.8451	assoc_sur	0.5135
tr|A0A9J7HH82|A0A9J7HH82_BRAFL	Branchiostoma floridae	deuterostome	1358	nonchannel_abc_transporter	high	1442.1	0.9617	cftr	0.3779
tr|A0A9J7HHW3|A0A9J7HHW3_BRAFL	Branchiostoma floridae	deuterostome	900	nonchannel_ncs	high	44.8	0.5855		1.0
tr|A0A9J7HI11|A0A9J7HI11_BRAFL	Branchiostoma floridae	deuterostome	244	nonchannel_ncs	high	164.3	0.9119	assoc_kchip	0.3341
tr|A0A9J7HIF6|A0A9J7HIF6_BRAFL	Branchiostoma floridae	deuterostome	361	nonchannel_kctd	medium	32.1	0.3091		1.0
tr|A0A9J7HJ13|A0A9J7HJ13_BRAFL	Branchiostoma floridae	deuterostome	381	pannexin	high	57.9	0.5543		1.0
tr|A0A9J7HJC0|A0A9J7HJC0_BRAFL	Branchiostoma floridae	deuterostome	1483	nonchannel_abc_transporter	high	1437.8	0.9747	assoc_sur	0.4936
tr|A0A9J7HJU4|A0A9J7HJU4_BRAFL	Branchiostoma floridae	deuterostome	564	assoc_k_beta	high	63.0	0.6299	lrrc8	0.3524
tr|A0A9J7HK01|A0A9J7HK01_BRAFL	Branchiostoma floridae	deuterostome	431	assoc_k_beta	medium	92.5	0.3727	lrrc8	0.2054
tr|A0A9J7HKI1|A0A9J7HKI1_BRAFL	Branchiostoma floridae	deuterostome	906	nonchannel_class_c_gpcr	high	415.0	0.8972	nmda	0.934
tr|A0A9J7HKW2|A0A9J7HKW2_BRAFL	Branchiostoma floridae	deuterostome	2194	assoc_polycystin1	high	637.5	0.5183	trpp	0.9318
tr|A0A9J7HKW4|A0A9J7HKW4_BRAFL	Branchiostoma floridae	deuterostome	285	assoc_k_beta	high	52.6	0.5197		1.0
tr|A0A9J7HL90|A0A9J7HL90_BRAFL	Branchiostoma floridae	deuterostome	644	assoc_k_beta	medium	69.9	0.4619		1.0
tr|A0A9J7HLK4|A0A9J7HLK4_BRAFL	Branchiostoma floridae	deuterostome	677	assoc_k_beta	medium	58.2	0.399	lrrc8	0.2131
tr|A0A9J7HLS2|A0A9J7HLS2_BRAFL	Branchiostoma floridae	deuterostome	345	assoc_k_beta	medium	70.9	0.3622	lrrc8	0.3272
tr|A0A9J7HLW6|A0A9J7HLW6_BRAFL	Branchiostoma floridae	deuterostome	792	assoc_k_beta	medium	142.1	0.4514	lrrc8	0.1576
tr|A0A9J7HM03|A0A9J7HM03_BRAFL	Branchiostoma floridae	deuterostome	181	nonchannel_ncs	medium	34.0	0.3523		1.0
tr|A0A9J7HMF1|A0A9J7HMF1_BRAFL	Branchiostoma floridae	deuterostome	635	assoc_k_beta	medium	46.4	0.4541	lrrc8	0.3017
tr|A0A9J7HMN4|A0A9J7HMN4_BRAFL	Branchiostoma floridae	deuterostome	759	assoc_k_beta	medium	131.1	0.5039	lrrc8	0.2525
tr|A0A9J7HMP9|A0A9J7HMP9_BRAFL	Branchiostoma floridae	deuterostome	642	assoc_k_beta	medium	102.2	0.3517	lrrc8	0.1389
tr|A0A9J7HNK8|A0A9J7HNK8_BRAFL	Branchiostoma floridae	deuterostome	628	assoc_k_beta	high	113.6	0.6089	lrrc8	0.515
tr|A0A9J7HNQ2|A0A9J7HNQ2_BRAFL	Branchiostoma floridae	deuterostome	825	assoc_k_beta	high	104.9	0.9475		1.0
tr|A0A9J7HNS2|A0A9J7HNS2_BRAFL	Branchiostoma floridae	deuterostome	219	assoc_nav_beta	high	30.0	0.7679		1.0
tr|A0A9J7HNW4|A0A9J7HNW4_BRAFL	Branchiostoma floridae	deuterostome	547	assoc_sur	medium	301.1	0.323	nonchannel_abc_transporter	0.4673
tr|A0A9J7HP54|A0A9J7HP54_BRAFL	Branchiostoma floridae	deuterostome	1084	assoc_k_beta	medium	178.5	0.4803	lrrc8	0.3132
tr|A0A9J7HPB9|A0A9J7HPB9_BRAFL	Branchiostoma floridae	deuterostome	1246	assoc_k_beta	medium	165.8	0.4829	lrrc8	0.3293
tr|A0A9J7HPI4|A0A9J7HPI4_BRAFL	Branchiostoma floridae	deuterostome	620	assoc_k_beta	medium	94.9	0.4488	lrrc8	0.1433
tr|A0A9J7HPV7|A0A9J7HPV7_BRAFL	Branchiostoma floridae	deuterostome	772	nonchannel_class_c_gpcr	medium	67.7	0.3277		1.0
tr|A0A9J7HQE2|A0A9J7HQE2_BRAFL	Branchiostoma floridae	deuterostome	283	assoc_k_beta	medium	41.2	0.3438		1.0
tr|A0A9J7HR76|A0A9J7HR76_BRAFL	Branchiostoma floridae	deuterostome	1209	assoc_k_beta	medium	126.2	0.4934	lrrc8	0.2781
tr|A0A9J7HRT7|A0A9J7HRT7_BRAFL	Branchiostoma floridae	deuterostome	1066	assoc_k_beta	medium	159.0	0.5276	lrrc8	0.2912
tr|A0A9J7HRU0|A0A9J7HRU0_BRAFL	Branchiostoma floridae	deuterostome	820	assoc_k_beta	medium	113.6	0.6614	lrrc8	0.2298
tr|A0A9J7HRU3|A0A9J7HRU3_BRAFL	Branchiostoma floridae	deuterostome	943	assoc_k_beta	medium	99.3	0.4541	lrrc8	0.1662
tr|A0A9J7HS14|A0A9J7HS14_BRAFL	Branchiostoma floridae	deuterostome	1171	assoc_k_beta	medium	78.1	0.4803	lrrc8	0.3124
tr|A0A9J7HS18|A0A9J7HS18_BRAFL	Branchiostoma floridae	deuterostome	810	assoc_k_beta	medium	87.0	0.4698	lrrc8	0.2195
tr|A0A9J7HSC9|A0A9J7HSC9_BRAFL	Branchiostoma floridae	deuterostome	694	assoc_k_beta	medium	108.4	0.5538	lrrc8	0.167
tr|A0A9J7HSJ1|A0A9J7HSJ1_BRAFL	Branchiostoma floridae	deuterostome	436	assoc_k_beta	medium	81.9	0.4042		1.0
tr|A0A9J7HST9|A0A9J7HST9_BRAFL	Branchiostoma floridae	deuterostome	879	assoc_clc_aux	high	466.1	0.8471		1.0
tr|A0A9J7HSV4|A0A9J7HSV4_BRAFL	Branchiostoma floridae	deuterostome	799	nonchannel_abc_transporter	medium	422.7	0.4479	assoc_sur	0.6099
tr|A0A9J7HSZ1|A0A9J7HSZ1_BRAFL	Branchiostoma floridae	deuterostome	463	assoc_k_beta	medium	47.7	0.4882	lrrc8	0.2327
tr|A0A9J7HT94|A0A9J7HT94_BRAFL	Branchiostoma floridae	deuterostome	437	assoc_k_beta	medium	84.2	0.5039	lrrc8	0.1164
tr|A0A9J7HTV8|A0A9J7HTV8_BRAFL	Branchiostoma floridae	deuterostome	213	nonchannel_ncs	high	157.0	0.8964	assoc_kchip	0.3293
tr|A0A9J7HU43|A0A9J7HU43_BRAFL	Branchiostoma floridae	deuterostome	573	assoc_k_beta	medium	112.5	0.4121	lrrc8	0.2196
tr|A0A9J7HUB5|A0A9J7HUB5_BRAFL	Branchiostoma floridae	deuterostome	957	assoc_clc_aux	high	528.7	0.9165		1.0
tr|A0A9J7HV39|A0A9J7HV39_BRAFL	Branchiostoma floridae	deuterostome	829	assoc_k_beta	medium	121.1	0.5827	lrrc8	0.1957
tr|A0A9J7HV72|A0A9J7HV72_BRAFL	Branchiostoma floridae	deuterostome	393	assoc_k_beta	medium	50.5	0.336	lrrc8	0.1327
tr|A0A9J7HVJ0|A0A9J7HVJ0_BRAFL	Branchiostoma floridae	deuterostome	849	assoc_k_beta	high	92.6	0.6168		1.0
tr|A0A9J7HVM0|A0A9J7HVM0_BRAFL	Branchiostoma floridae	deuterostome	745	assoc_k_beta	medium	58.8	0.4829	lrrc8	0.3861
tr|A0A9J7HW26|A0A9J7HW26_BRAFL	Branchiostoma floridae	deuterostome	731	nonchannel_pomt	high	825.1	0.9249		1.0
tr|A0A9J7HWT2|A0A9J7HWT2_BRAFL	Branchiostoma floridae	deuterostome	435	assoc_k_beta	medium	73.3	0.5932	lrrc8	0.2101
tr|A0A9J7HWY9|A0A9J7HWY9_BRAFL	Branchiostoma floridae	deuterostome	189	nonchannel_ncs	high	43.3	0.9482		1.0
tr|A0A9J7HX09|A0A9J7HX09_BRAFL	Branchiostoma floridae	deuterostome	188	nonchannel_ncs	high	45.8	0.5233		1.0
tr|A0A9J7K9A7|A0A9J7K9A7_BRAFL	Branchiostoma floridae	deuterostome	2519	nonchannel_vsp	high	176.6	0.5743		1.0
tr|A0A9J7KAP0|A0A9J7KAP0_BRAFL	Branchiostoma floridae	deuterostome	812	assoc_k_beta	medium	31.5	0.315		1.0
tr|A0A9J7KBA3|A0A9J7KBA3_BRAFL	Branchiostoma floridae	deuterostome	239	assoc_k_beta	medium	58.9	0.399	lrrc8	0.4601
tr|A0A9J7KBA7|A0A9J7KBA7_BRAFL	Branchiostoma floridae	deuterostome	229	assoc_k_beta	medium	54.7	0.4646	lrrc8	0.3419
tr|A0A9J7KBB2|A0A9J7KBB2_BRAFL	Branchiostoma floridae	deuterostome	298	assoc_k_beta	medium	68.0	0.4987	lrrc8	0.4368
tr|A0A9J7KGL0|A0A9J7KGL0_BRAFL	Branchiostoma floridae	deuterostome	747	assoc_k_beta	medium	86.3	0.4882	lrrc8	0.1553
tr|A0A9J7KGS5|A0A9J7KGS5_BRAFL	Branchiostoma floridae	deuterostome	384	assoc_k_beta	medium	85.2	0.5039	lrrc8	0.1362
tr|A0A9J7KHI9|A0A9J7KHI9_BRAFL	Branchiostoma floridae	deuterostome	469	assoc_k_beta	medium	42.0	0.4646	lrrc8	0.3929
tr|A0A9J7KI03|A0A9J7KI03_BRAFL	Branchiostoma floridae	deuterostome	1568	nonchannel_ncs	high	71.2	0.6321	assoc_kchip	0.4719
tr|A0A9J7KII0|A0A9J7KII0_BRAFL	Branchiostoma floridae	deuterostome	851	assoc_k_beta	medium	105.7	0.5197	lrrc8	0.1192
tr|A0A9J7KIT9|A0A9J7KIT9_BRAFL	Branchiostoma floridae	deuterostome	608	assoc_cav_aux	high	323.2	0.535		1.0
tr|A0A9J7KJ34|A0A9J7KJ34_BRAFL	Branchiostoma floridae	deuterostome	401	pannexin	high	34.0	0.6538		1.0
tr|A0A9J7KJB5|A0A9J7KJB5_BRAFL	Branchiostoma floridae	deuterostome	414	nonchannel_kctd	high	93.2	0.9054	kv_shaker	0.6717
tr|A0A9J7KJF0|A0A9J7KJF0_BRAFL	Branchiostoma floridae	deuterostome	1646	assoc_sur	medium	1446.1	0.9867	nonchannel_abc_transporter	0.1797
tr|A0A9J7KJL9|A0A9J7KJL9_BRAFL	Branchiostoma floridae	deuterostome	173	nonchannel_ncs	medium	41.2	0.4352		1.0
tr|A0A9J7KK08|A0A9J7KK08_BRAFL	Branchiostoma floridae	deuterostome	602	assoc_k_beta	medium	89.2	0.4147	lrrc8	0.3643
tr|A0A9J7KKK8|A0A9J7KKK8_BRAFL	Branchiostoma floridae	deuterostome	268	nonchannel_ncs	medium	224.4	0.9275	assoc_kchip	0.2888
tr|A0A9J7KL58|A0A9J7KL58_BRAFL	Branchiostoma floridae	deuterostome	561	assoc_clc_aux	high	217.7	0.5336		1.0
tr|A0A9J7KND6|A0A9J7KND6_BRAFL	Branchiostoma floridae	deuterostome	449	assoc_k_beta	high	103.2	0.5932	lrrc8	0.5174
tr|A0A9J7KNM6|A0A9J7KNM6_BRAFL	Branchiostoma floridae	deuterostome	194	nonchannel_ncs	high	336.5	0.9741	assoc_kchip	0.3979
tr|A0A9J7KNU5|A0A9J7KNU5_BRAFL	Branchiostoma floridae	deuterostome	1624	nonchannel_ncs	high	61.0	0.7306	assoc_kchip	0.3623
tr|A0A9J7KNU8|A0A9J7KNU8_BRAFL	Branchiostoma floridae	deuterostome	499	hv1	high	91.2	0.7176		1.0
tr|A0A9J7KNX1|A0A9J7KNX1_BRAFL	Branchiostoma floridae	deuterostome	452	assoc_k_beta	high	129.0	0.5144	lrrc8	0.4271
tr|A0A9J7KQB2|A0A9J7KQB2_BRAFL	Branchiostoma floridae	deuterostome	347	assoc_k_beta	medium	80.4	0.4042	lrrc8	0.357
tr|A0A9J7KR70|A0A9J7KR70_BRAFL	Branchiostoma floridae	deuterostome	179	nonchannel_ncs	medium	108.1	0.6114	assoc_kchip	0.1258
tr|A0A9J7KRE0|A0A9J7KRE0_BRAFL	Branchiostoma floridae	deuterostome	1797	assoc_polycystin1	medium	204.8	0.3027	trpp	0.5186
tr|A0A9J7KRM1|A0A9J7KRM1_BRAFL	Branchiostoma floridae	deuterostome	356	outofscope_aquaporin	high	281.6	0.8826		1.0
tr|A0A9J7KRX2|A0A9J7KRX2_BRAFL	Branchiostoma floridae	deuterostome	432	nonchannel_vsp	high	243.5	0.5543		1.0
tr|A0A9J7KS62|A0A9J7KS62_BRAFL	Branchiostoma floridae	deuterostome	828	assoc_k_beta	high	56.4	0.5433		1.0
tr|A0A9J7KS89|A0A9J7KS89_BRAFL	Branchiostoma floridae	deuterostome	761	assoc_nav_beta	high	42.5	0.5357		1.0
tr|A0A9J7KSK5|A0A9J7KSK5_BRAFL	Branchiostoma floridae	deuterostome	387	trpp	medium	82.4	0.3507	assoc_polycystin1	0.3422
tr|A0A9J7KSL4|A0A9J7KSL4_BRAFL	Branchiostoma floridae	deuterostome	1492	nonchannel_abc_transporter	high	1510.7	0.9755	assoc_sur	0.4967
tr|A0A9J7KTH9|A0A9J7KTH9_BRAFL	Branchiostoma floridae	deuterostome	1184	assoc_polycystin1	medium	473.3	0.3073		1.0
tr|A0A9J7KTU8|A0A9J7KTU8_BRAFL	Branchiostoma floridae	deuterostome	1294	assoc_polycystin1	medium	244.9	0.3112	trpp	0.5708
tr|A0A9J7KTW7|A0A9J7KTW7_BRAFL	Branchiostoma floridae	deuterostome	1868	assoc_polycystin1	medium	264.4	0.3015	trpp	0.5915
tr|A0A9J7KTX3|A0A9J7KTX3_BRAFL	Branchiostoma floridae	deuterostome	364	assoc_k_beta	medium	76.5	0.4488	lrrc8	0.2745
tr|A0A9J7KU97|A0A9J7KU97_BRAFL	Branchiostoma floridae	deuterostome	185	nonchannel_ncs	medium	60.5	0.3368		1.0
tr|A0A9J7KUH6|A0A9J7KUH6_BRAFL	Branchiostoma floridae	deuterostome	894	assoc_k_beta	medium	56.6	0.4199	lrrc8	0.3622
tr|A0A9J7KUS2|A0A9J7KUS2_BRAFL	Branchiostoma floridae	deuterostome	423	assoc_k_beta	medium	100.0	0.3963	lrrc8	0.334
tr|A0A9J7KUU6|A0A9J7KUU6_BRAFL	Branchiostoma floridae	deuterostome	725	assoc_k_beta	medium	67.5	0.3858		1.0
tr|A0A9J7KVI6|A0A9J7KVI6_BRAFL	Branchiostoma floridae	deuterostome	491	assoc_mcu_reg	high	359.8	0.7635	nonchannel_ncs	0.871
tr|A0A9J7KVS4|A0A9J7KVS4_BRAFL	Branchiostoma floridae	deuterostome	1614	assoc_k_beta	medium	69.1	0.378	lrrc8	0.6136
tr|A0A9J7KX90|A0A9J7KX90_BRAFL	Branchiostoma floridae	deuterostome	175	nonchannel_ncs	high	35.8	0.5285		1.0
tr|A0A9J7KXL1|A0A9J7KXL1_BRAFL	Branchiostoma floridae	deuterostome	455	assoc_k_beta	medium	105.7	0.4567	lrrc8	0.1779
tr|A0A9J7KXY9|A0A9J7KXY9_BRAFL	Branchiostoma floridae	deuterostome	809	assoc_k_beta	medium	149.3	0.6168	lrrc8	0.2659
tr|A0A9J7KYP1|A0A9J7KYP1_BRAFL	Branchiostoma floridae	deuterostome	459	assoc_mcu_reg	high	291.3	0.8108	nonchannel_ncs	0.8589
tr|A0A9J7KZ72|A0A9J7KZ72_BRAFL	Branchiostoma floridae	deuterostome	1186	assoc_k_beta	medium	54.9	0.4252	lrrc8	0.1257
tr|A0A9J7KZE3|A0A9J7KZE3_BRAFL	Branchiostoma floridae	deuterostome	991	assoc_k_beta	medium	56.2	0.357	lrrc8	0.121
tr|A0A9J7KZS8|A0A9J7KZS8_BRAFL	Branchiostoma floridae	deuterostome	435	assoc_k_beta	high	48.4	0.5092		1.0
tr|A0A9J7L002|A0A9J7L002_BRAFL	Branchiostoma floridae	deuterostome	1326	nonchannel_abc_transporter	high	1390.3	0.9609	cftr	0.3696
tr|A0A9J7L032|A0A9J7L032_BRAFL	Branchiostoma floridae	deuterostome	700	assoc_k_beta	medium	36.7	0.5092	lrrc8	0.1526
tr|A0A9J7L0F1|A0A9J7L0F1_BRAFL	Branchiostoma floridae	deuterostome	2656	assoc_polycystin1	medium	260.2	0.4134		1.0
tr|A0A9J7L0L1|A0A9J7L0L1_BRAFL	Branchiostoma floridae	deuterostome	1924	assoc_polycystin1	medium	440.5	0.3089	trpp	0.901
tr|A0A9J7L1R9|A0A9J7L1R9_BRAFL	Branchiostoma floridae	deuterostome	630	assoc_k_beta	medium	78.0	0.4593	lrrc8	0.2269
tr|A0A9J7L2C1|A0A9J7L2C1_BRAFL	Branchiostoma floridae	deuterostome	254	assoc_kchip	high	346.1	0.9522	nonchannel_ncs	0.4034
tr|A0A9J7L2D5|A0A9J7L2D5_BRAFL	Branchiostoma floridae	deuterostome	1364	nonchannel_abc_transporter	high	1406.1	0.9586	cftr	0.3794
tr|A0A9J7L2I0|A0A9J7L2I0_BRAFL	Branchiostoma floridae	deuterostome	776	assoc_k_beta	medium	133.2	0.5512	lrrc8	0.1471
tr|A0A9J7L3B5|A0A9J7L3B5_BRAFL	Branchiostoma floridae	deuterostome	476	assoc_k_beta	medium	64.2	0.3753	lrrc8	0.1293
tr|A0A9J7L488|A0A9J7L488_BRAFL	Branchiostoma floridae	deuterostome	927	assoc_k_beta	high	136.0	0.6115		1.0
tr|A0A9J7L4A8|A0A9J7L4A8_BRAFL	Branchiostoma floridae	deuterostome	692	assoc_k_beta	medium	99.6	0.4409	lrrc8	0.4719
tr|A0A9J7L4L3|A0A9J7L4L3_BRAFL	Branchiostoma floridae	deuterostome	640	assoc_k_beta	medium	89.3	0.4488	lrrc8	0.3113
tr|A0A9J7L4M3|A0A9J7L4M3_BRAFL	Branchiostoma floridae	deuterostome	841	assoc_k_beta	medium	191.5	0.5932	lrrc8	0.2914
tr|A0A9J7L5C6|A0A9J7L5C6_BRAFL	Branchiostoma floridae	deuterostome	395	assoc_k_beta	medium	35.6	0.4567		1.0
tr|A0A9J7L5T4|A0A9J7L5T4_BRAFL	Branchiostoma floridae	deuterostome	3253	assoc_k_beta	high	562.2	0.6247	lrrc8	0.4301
tr|A0A9J7L662|A0A9J7L662_BRAFL	Branchiostoma floridae	deuterostome	1384	assoc_clc_aux	high	521.1	0.9653		1.0
tr|A0A9J7L6L4|A0A9J7L6L4_BRAFL	Branchiostoma floridae	deuterostome	668	assoc_k_beta	medium	93.6	0.4646	lrrc8	0.1571
tr|A0A9J7L6V7|A0A9J7L6V7_BRAFL	Branchiostoma floridae	deuterostome	174	assoc_k_beta	medium	35.5	0.3727		1.0
tr|A0A9J7L786|A0A9J7L786_BRAFL	Branchiostoma floridae	deuterostome	786	assoc_k_beta	medium	123.5	0.4987	lrrc8	0.4955
tr|A0A9J7L793|A0A9J7L793_BRAFL	Branchiostoma floridae	deuterostome	172	assoc_k_beta	medium	36.2	0.3675	lrrc8	0.3343
tr|A0A9J7L7C2|A0A9J7L7C2_BRAFL	Branchiostoma floridae	deuterostome	761	transporter_slc26	high	802.3	0.9362		1.0
tr|A0A9J7L7C8|A0A9J7L7C8_BRAFL	Branchiostoma floridae	deuterostome	723	assoc_k_beta	medium	124.6	0.5171	lrrc8	0.2913
tr|A0A9J7L7Q0|A0A9J7L7Q0_BRAFL	Branchiostoma floridae	deuterostome	758	transporter_slc26	high	812.5	0.9473		1.0
tr|A0A9J7L7V5|A0A9J7L7V5_BRAFL	Branchiostoma floridae	deuterostome	879	assoc_cav_aux	high	256.8	0.6845		1.0
tr|A0A9J7L7V7|A0A9J7L7V7_BRAFL	Branchiostoma floridae	deuterostome	1773	assoc_k_beta	high	352.9	0.5118	lrrc8	0.3528
tr|A0A9J7L7X3|A0A9J7L7X3_BRAFL	Branchiostoma floridae	deuterostome	1089	assoc_cav_aux	high	136.9	0.8025		1.0
tr|A0A9J7L835|A0A9J7L835_BRAFL	Branchiostoma floridae	deuterostome	404	assoc_kchip	medium	56.1	0.4741	nonchannel_ncs	0.2032
tr|A0A9J7L843|A0A9J7L843_BRAFL	Branchiostoma floridae	deuterostome	613	assoc_k_beta	medium	111.9	0.4987	lrrc8	0.4477
tr|A0A9J7L855|A0A9J7L855_BRAFL	Branchiostoma floridae	deuterostome	142	trpn	medium	36.7	0.4062	trpa	0.3188
tr|A0A9J7L858|A0A9J7L858_BRAFL	Branchiostoma floridae	deuterostome	484	assoc_k_beta	medium	64.0	0.3307	lrrc8	0.1906
tr|A0A9J7L882|A0A9J7L882_BRAFL	Branchiostoma floridae	deuterostome	254	assoc_k_beta	medium	76.2	0.4278	lrrc8	0.357
tr|A0A9J7L8U3|A0A9J7L8U3_BRAFL	Branchiostoma floridae	deuterostome	1026	nonchannel_class_c_gpcr	high	1006.5	0.9299		1.0
tr|A0A9J7L8Y7|A0A9J7L8Y7_BRAFL	Branchiostoma floridae	deuterostome	611	assoc_k_beta	high	81.0	0.5092	lrrc8	0.5099
tr|A0A9J7L935|A0A9J7L935_BRAFL	Branchiostoma floridae	deuterostome	1022	assoc_k_beta	medium	110.1	0.5276	lrrc8	0.2679
tr|A0A9J7L976|A0A9J7L976_BRAFL	Branchiostoma floridae	deuterostome	517	assoc_k_beta	medium	45.5	0.4908	lrrc8	0.3956
tr|A0A9J7L9A6|A0A9J7L9A6_BRAFL	Branchiostoma floridae	deuterostome	498	assoc_k_beta	high	79.9	0.5328		1.0
tr|A0A9J7L9H8|A0A9J7L9H8_BRAFL	Branchiostoma floridae	deuterostome	1568	nonchannel_abc_transporter	high	1400.0	0.9571	assoc_sur	0.4705
tr|A0A9J7LA27|A0A9J7LA27_BRAFL	Branchiostoma floridae	deuterostome	202	assoc_k_beta	medium	49.4	0.3517	lrrc8	0.4089
tr|A0A9J7LA28|A0A9J7LA28_BRAFL	Branchiostoma floridae	deuterostome	535	nonchannel_ncs	high	58.3	0.6269	assoc_kchip	0.3911
tr|A0A9J7LAT3|A0A9J7LAT3_BRAFL	Branchiostoma floridae	deuterostome	893	trpa	medium	199.2	0.4638	trpn	0.3941
tr|A0A9J7LAX8|A0A9J7LAX8_BRAFL	Branchiostoma floridae	deuterostome	310	nonchannel_ncs	medium	50.4	0.4197		1.0
tr|A0A9J7LBD6|A0A9J7LBD6_BRAFL	Branchiostoma floridae	deuterostome	253	assoc_mcu_reg	medium	49.3	0.3378		1.0
tr|A0A9J7LBN3|A0A9J7LBN3_BRAFL	Branchiostoma floridae	deuterostome	279	outofscope_aquaporin	high	275.0	0.879		1.0
tr|A0A9J7LC74|A0A9J7LC74_BRAFL	Branchiostoma floridae	deuterostome	150	nonchannel_ncs	high	47.6	0.5596		1.0
tr|A0A9J7LCB9|A0A9J7LCB9_BRAFL	Branchiostoma floridae	deuterostome	575	assoc_iglur_aux	medium	45.3	0.4695		1.0
tr|A0A9J7LCU1|A0A9J7LCU1_BRAFL	Branchiostoma floridae	deuterostome	491	assoc_k_beta	medium	114.0	0.4777	lrrc8	0.3342
tr|A0A9J7LDJ6|A0A9J7LDJ6_BRAFL	Branchiostoma floridae	deuterostome	726	assoc_k_beta	medium	113.5	0.4934	lrrc8	0.3568
tr|A0A9J7LDL6|A0A9J7LDL6_BRAFL	Branchiostoma floridae	deuterostome	752	nonchannel_class_c_gpcr	medium	127.2	0.3266		1.0
tr|A0A9J7LDY8|A0A9J7LDY8_BRAFL	Branchiostoma floridae	deuterostome	193	nonchannel_ncs	high	221.7	0.9637	assoc_kchip	0.3297
tr|A0A9J7LE14|A0A9J7LE14_BRAFL	Branchiostoma floridae	deuterostome	266	nachr	medium	58.7	0.4596		1.0
tr|A0A9J7LE21|A0A9J7LE21_BRAFL	Branchiostoma floridae	deuterostome	213	nonchannel_ncs	high	50.5	0.5492		1.0
tr|A0A9J7LE92|A0A9J7LE92_BRAFL	Branchiostoma floridae	deuterostome	715	assoc_stim	high	547.8	0.52		1.0
tr|A0A9J7LEN0|A0A9J7LEN0_BRAFL	Branchiostoma floridae	deuterostome	407	assoc_k_beta	medium	84.2	0.4541	lrrc8	0.2981
tr|A0A9J7LER3|A0A9J7LER3_BRAFL	Branchiostoma floridae	deuterostome	405	assoc_k_beta	medium	63.4	0.4541	lrrc8	0.3659
tr|A0A9J7LF97|A0A9J7LF97_BRAFL	Branchiostoma floridae	deuterostome	546	assoc_k_beta	medium	73.6	0.3963	lrrc8	0.4185
tr|A0A9J7LFK4|A0A9J7LFK4_BRAFL	Branchiostoma floridae	deuterostome	715	assoc_k_beta	high	74.8	0.6142	lrrc8	0.5508
tr|A0A9J7LG04|A0A9J7LG04_BRAFL	Branchiostoma floridae	deuterostome	868	assoc_k_beta	medium	103.0	0.3885	lrrc8	0.3767
tr|A0A9J7LG07|A0A9J7LG07_BRAFL	Branchiostoma floridae	deuterostome	868	assoc_k_beta	high	130.9	0.6115		1.0
tr|A0A9J7LG78|A0A9J7LG78_BRAFL	Branchiostoma floridae	deuterostome	605	assoc_k_beta	medium	100.5	0.4777	lrrc8	0.4866
tr|A0A9J7LGE8|A0A9J7LGE8_BRAFL	Branchiostoma floridae	deuterostome	492	assoc_mcu_reg	high	380.0	0.7477		1.0
tr|A0A9J7LGM1|A0A9J7LGM1_BRAFL	Branchiostoma floridae	deuterostome	171	nonchannel_ncs	medium	40.8	0.456		1.0
tr|A0A9J7LGN8|A0A9J7LGN8_BRAFL	Branchiostoma floridae	deuterostome	341	assoc_nav_beta	high	39.9	0.5982		1.0
tr|A0A9J7LGY2|A0A9J7LGY2_BRAFL	Branchiostoma floridae	deuterostome	607	assoc_k_beta	medium	127.0	0.4908	lrrc8	0.2465
tr|A0A9J7LH18|A0A9J7LH18_BRAFL	Branchiostoma floridae	deuterostome	698	assoc_k_beta	medium	63.5	0.3307	lrrc8	0.1764
tr|A0A9J7LH65|A0A9J7LH65_BRAFL	Branchiostoma floridae	deuterostome	528	assoc_k_beta	medium	95.0	0.4514		1.0
tr|A0A9J7LHF2|A0A9J7LHF2_BRAFL	Branchiostoma floridae	deuterostome	876	assoc_k_beta	medium	107.4	0.5748	lrrc8	0.1797
tr|A0A9J7LHX1|A0A9J7LHX1_BRAFL	Branchiostoma floridae	deuterostome	1009	nonchannel_class_c_gpcr	high	303.1	0.6181	nmda	0.9129
tr|A0A9J7LIB5|A0A9J7LIB5_BRAFL	Branchiostoma floridae	deuterostome	1230	assoc_k_beta	medium	180.7	0.5092	lrrc8	0.2308
tr|A0A9J7LII4|A0A9J7LII4_BRAFL	Branchiostoma floridae	deuterostome	606	assoc_k_beta	medium	60.1	0.3176	lrrc8	0.2246
tr|A0A9J7LJ74|A0A9J7LJ74_BRAFL	Branchiostoma floridae	deuterostome	742	nonchannel_abc_transporter	medium	402.9	0.4279	assoc_sur	0.5699
tr|A0A9J7LJH9|A0A9J7LJH9_BRAFL	Branchiostoma floridae	deuterostome	198	nonchannel_ncs	medium	257.5	0.9741	assoc_kchip	0.2377
tr|A0A9J7LJT9|A0A9J7LJT9_BRAFL	Branchiostoma floridae	deuterostome	343	assoc_k_beta	medium	88.3	0.399	lrrc8	0.2627
tr|A0A9J7LKL5|A0A9J7LKL5_BRAFL	Branchiostoma floridae	deuterostome	525	nonchannel_ncs	high	38.4	0.5596		1.0
tr|A0A9J7LKT9|A0A9J7LKT9_BRAFL	Branchiostoma floridae	deuterostome	611	assoc_k_beta	medium	70.6	0.5276	lrrc8	0.2677
tr|A0A9J7LL37|A0A9J7LL37_BRAFL	Branchiostoma floridae	deuterostome	890	nonchannel_class_c_gpcr	high	441.8	0.8847		1.0
tr|A0A9J7LLB7|A0A9J7LLB7_BRAFL	Branchiostoma floridae	deuterostome	969	assoc_k_beta	medium	129.2	0.4619		1.0
tr|A0A9J7LLK3|A0A9J7LLK3_BRAFL	Branchiostoma floridae	deuterostome	634	assoc_k_beta	high	83.9	0.5223	lrrc8	0.3874
tr|A0A9J7LLL9|A0A9J7LLL9_BRAFL	Branchiostoma floridae	deuterostome	158	nonchannel_ncs	medium	107.9	0.7098	assoc_kchip	0.2141
tr|A0A9J7LMA3|A0A9J7LMA3_BRAFL	Branchiostoma floridae	deuterostome	601	nonchannel_class_c_gpcr	high	436.4	0.6215	nmda	0.8971
tr|A0A9J7LMA5|A0A9J7LMA5_BRAFL	Branchiostoma floridae	deuterostome	478	assoc_catsper_aux	medium	56.1	0.3058		1.0
tr|A0A9J7LMC7|A0A9J7LMC7_BRAFL	Branchiostoma floridae	deuterostome	441	assoc_k_beta	medium	67.6	0.4856	lrrc8	0.2604
tr|A0A9J7LMD8|A0A9J7LMD8_BRAFL	Branchiostoma floridae	deuterostome	617	assoc_k_beta	high	96.3	0.5407	lrrc8	0.4673
tr|A0A9J7LMI7|A0A9J7LMI7_BRAFL	Branchiostoma floridae	deuterostome	621	assoc_k_beta	high	98.7	0.601	lrrc8	0.4255
tr|A0A9J7LNL3|A0A9J7LNL3_BRAFL	Branchiostoma floridae	deuterostome	91	nonchannel_ncs	medium	113.9	0.4301	assoc_kchip	0.3047
tr|A0A9J7LNM8|A0A9J7LNM8_BRAFL	Branchiostoma floridae	deuterostome	179	nonchannel_ncs	high	56.2	0.5855		1.0
tr|A0A9J7LNP9|A0A9J7LNP9_BRAFL	Branchiostoma floridae	deuterostome	769	nonchannel_abc_transporter	medium	339.1	0.3919	assoc_sur	0.6001
tr|A0A9J7LNX8|A0A9J7LNX8_BRAFL	Branchiostoma floridae	deuterostome	1283	nonchannel_class_c_gpcr	high	1004.3	0.9695	nmda	0.9686
tr|A0A9J7LP19|A0A9J7LP19_BRAFL	Branchiostoma floridae	deuterostome	1191	nonchannel_class_c_gpcr	high	779.6	0.9638		1.0
tr|A0A9J7LPH2|A0A9J7LPH2_BRAFL	Branchiostoma floridae	deuterostome	927	nonchannel_class_c_gpcr	high	595.0	0.8915	kainate	0.9329
tr|A0A9J7LQ48|A0A9J7LQ48_BRAFL	Branchiostoma floridae	deuterostome	986	nonchannel_class_c_gpcr	high	643.3	0.8881	nmda	0.9459
tr|A0A9J7LQ93|A0A9J7LQ93_BRAFL	Branchiostoma floridae	deuterostome	726	assoc_nav_beta	high	44.6	0.5714		1.0
tr|A0A9J7LQW2|A0A9J7LQW2_BRAFL	Branchiostoma floridae	deuterostome	550	assoc_k_beta	medium	56.3	0.4199	lrrc8	0.3108
tr|A0A9J7LR15|A0A9J7LR15_BRAFL	Branchiostoma floridae	deuterostome	419	assoc_k_beta	medium	53.8	0.4829	lrrc8	0.4461
tr|A0A9J7LS17|A0A9J7LS17_BRAFL	Branchiostoma floridae	deuterostome	1397	nonchannel_abc_transporter	medium	689.1	0.4816	assoc_sur	0.6173
tr|A0A9J7LSG6|A0A9J7LSG6_BRAFL	Branchiostoma floridae	deuterostome	550	pannexin	high	102.5	0.7805		1.0
tr|A0A9J7LSJ9|A0A9J7LSJ9_BRAFL	Branchiostoma floridae	deuterostome	157	nonchannel_ncs	high	57.9	0.5855	assoc_kchip	0.3748
tr|A0A9J7LSL6|A0A9J7LSL6_BRAFL	Branchiostoma floridae	deuterostome	619	assoc_k_beta	medium	85.6	0.4961		1.0
tr|A0A9J7LSR3|A0A9J7LSR3_BRAFL	Branchiostoma floridae	deuterostome	382	assoc_k_beta	medium	65.9	0.4961	lrrc8	0.3961
tr|A0A9J7LT21|A0A9J7LT21_BRAFL	Branchiostoma floridae	deuterostome	695	assoc_k_beta	medium	127.5	0.5459	lrrc8	0.2486
tr|A0A9J7LTU3|A0A9J7LTU3_BRAFL	Branchiostoma floridae	deuterostome	169	nonchannel_ncs	medium	74.7	0.7927	assoc_kchip	0.249
tr|A0A9J7LTV9|A0A9J7LTV9_BRAFL	Branchiostoma floridae	deuterostome	124	nonchannel_ncs	medium	30.0	0.3938		1.0
tr|A0A9J7LU18|A0A9J7LU18_BRAFL	Branchiostoma floridae	deuterostome	625	assoc_k_beta	medium	79.5	0.3727	lrrc8	0.5912
tr|A0A9J7LU40|A0A9J7LU40_BRAFL	Branchiostoma floridae	deuterostome	1489	assoc_clc_aux	high	438.5	0.9273		1.0
tr|A0A9J7LUX2|A0A9J7LUX2_BRAFL	Branchiostoma floridae	deuterostome	840	nonchannel_abc_transporter	medium	372.1	0.3903	assoc_sur	0.6095
tr|A0A9J7LV61|A0A9J7LV61_BRAFL	Branchiostoma floridae	deuterostome	328	trpp	medium	142.6	0.3804	assoc_polycystin1	0.3478
tr|A0A9J7LVD4|A0A9J7LVD4_BRAFL	Branchiostoma floridae	deuterostome	773	assoc_k_beta	medium	106.8	0.5538	lrrc8	0.1292
tr|A0A9J7LVK5|A0A9J7LVK5_BRAFL	Branchiostoma floridae	deuterostome	547	assoc_k_beta	medium	63.1	0.5302	lrrc8	0.2995
tr|A0A9J7LVT2|A0A9J7LVT2_BRAFL	Branchiostoma floridae	deuterostome	515	assoc_k_beta	medium	104.3	0.4934	lrrc8	0.1687
tr|A0A9J7LVU2|A0A9J7LVU2_BRAFL	Branchiostoma floridae	deuterostome	1131	assoc_clc_aux	high	234.2	0.6312		1.0
tr|A0A9J7LW75|A0A9J7LW75_BRAFL	Branchiostoma floridae	deuterostome	556	assoc_k_beta	medium	146.5	0.5643	lrrc8	0.2922
tr|A0A9J7LWZ0|A0A9J7LWZ0_BRAFL	Branchiostoma floridae	deuterostome	594	assoc_k_beta	medium	61.8	0.5144	lrrc8	0.199
tr|A0A9J7LWZ4|A0A9J7LWZ4_BRAFL	Branchiostoma floridae	deuterostome	606	assoc_k_beta	medium	66.6	0.4304	lrrc8	0.3108
tr|A0A9J7LX03|A0A9J7LX03_BRAFL	Branchiostoma floridae	deuterostome	756	assoc_k_beta	medium	78.9	0.399	lrrc8	0.3447
tr|A0A9J7LX63|A0A9J7LX63_BRAFL	Branchiostoma floridae	deuterostome	635	nonchannel_abc_transporter	medium	81.8	0.4241	cftr	0.6088
tr|A0A9J7LX80|A0A9J7LX80_BRAFL	Branchiostoma floridae	deuterostome	779	nonchannel_abc_transporter	medium	387.4	0.4555	assoc_sur	0.6489
tr|A0A9J7LXE5|A0A9J7LXE5_BRAFL	Branchiostoma floridae	deuterostome	571	assoc_k_beta	medium	48.9	0.3517	lrrc8	0.1472
tr|A0A9J7LXF5|A0A9J7LXF5_BRAFL	Branchiostoma floridae	deuterostome	539	assoc_k_beta	medium	43.3	0.5564	lrrc8	0.2887
tr|A0A9J7LY19|A0A9J7LY19_BRAFL	Branchiostoma floridae	deuterostome	793	nonchannel_abc_transporter	medium	419.1	0.4655	assoc_sur	0.6249
tr|A0A9J7LY55|A0A9J7LY55_BRAFL	Branchiostoma floridae	deuterostome	814	nonchannel_abc_transporter	medium	413.9	0.4571	assoc_sur	0.6183
tr|A0A9J7LY75|A0A9J7LY75_BRAFL	Branchiostoma floridae	deuterostome	1429	nonchannel_abc_transporter	medium	678.0	0.4425	assoc_sur	0.6174
tr|A0A9J7LYM6|A0A9J7LYM6_BRAFL	Branchiostoma floridae	deuterostome	498	nonchannel_class_c_gpcr	high	368.7	0.504	nmda	0.9213
tr|A0A9J7LYS1|A0A9J7LYS1_BRAFL	Branchiostoma floridae	deuterostome	1575	assoc_sur	medium	1623.3	0.9893	nonchannel_abc_transporter	0.2744
tr|A0A9J7LYU1|A0A9J7LYU1_BRAFL	Branchiostoma floridae	deuterostome	674	assoc_k_beta	medium	115.8	0.4698	lrrc8	0.456
tr|A0A9J7LZ01|A0A9J7LZ01_BRAFL	Branchiostoma floridae	deuterostome	506	assoc_k_beta	medium	60.8	0.4488	lrrc8	0.2763
tr|A0A9J7LZE7|A0A9J7LZE7_BRAFL	Branchiostoma floridae	deuterostome	139	nonchannel_ncs	medium	115.3	0.5751	assoc_kchip	0.2567
tr|A0A9J7LZS3|A0A9J7LZS3_BRAFL	Branchiostoma floridae	deuterostome	364	nonchannel_class_c_gpcr	medium	222.5	0.3763		1.0
tr|A0A9J7LZT6|A0A9J7LZT6_BRAFL	Branchiostoma floridae	deuterostome	627	assoc_k_beta	medium	97.4	0.4173	lrrc8	0.1971
tr|A0A9J7LZX9|A0A9J7LZX9_BRAFL	Branchiostoma floridae	deuterostome	666	assoc_k_beta	medium	103.7	0.4751	lrrc8	0.2073
tr|A0A9J7M0P6|A0A9J7M0P6_BRAFL	Branchiostoma floridae	deuterostome	399	assoc_k_beta	medium	80.1	0.4409	lrrc8	0.1111
tr|A0A9J7M0V2|A0A9J7M0V2_BRAFL	Branchiostoma floridae	deuterostome	779	assoc_k_beta	high	110.7	0.6194		1.0
tr|A0A9J7M0V7|A0A9J7M0V7_BRAFL	Branchiostoma floridae	deuterostome	1507	nonchannel_abc_transporter	high	1516.9	0.9939	assoc_sur	0.5331
tr|A0A9J7M190|A0A9J7M190_BRAFL	Branchiostoma floridae	deuterostome	772	assoc_k_beta	high	96.3	0.5827	lrrc8	0.3946
tr|A0A9J7M1A1|A0A9J7M1A1_BRAFL	Branchiostoma floridae	deuterostome	620	assoc_k_beta	medium	76.0	0.378	lrrc8	0.25
tr|A0A9J7M1A6|A0A9J7M1A6_BRAFL	Branchiostoma floridae	deuterostome	1442	nonchannel_abc_transporter	high	1567.9	0.9724	assoc_sur	0.5419
tr|A0A9J7M1C3|A0A9J7M1C3_BRAFL	Branchiostoma floridae	deuterostome	1110	nonchannel_abc_transporter	high	1313.6	0.7508	assoc_sur	0.5091
tr|A0A9J7M1H9|A0A9J7M1H9_BRAFL	Branchiostoma floridae	deuterostome	1350	nonchannel_abc_transporter	high	1432.2	0.9456	cftr	0.3511
tr|A0A9J7M1I2|A0A9J7M1I2_BRAFL	Branchiostoma floridae	deuterostome	731	nonchannel_abc_transporter	medium	371.6	0.4433	assoc_sur	0.6604
tr|A0A9J7M1M9|A0A9J7M1M9_BRAFL	Branchiostoma floridae	deuterostome	1407	nonchannel_abc_transporter	high	1558.8	0.9739	assoc_sur	0.5199
tr|A0A9J7M1Q3|A0A9J7M1Q3_BRAFL	Branchiostoma floridae	deuterostome	946	assoc_clc_aux	high	567.8	0.9328		1.0
tr|A0A9J7M1W7|A0A9J7M1W7_BRAFL	Branchiostoma floridae	deuterostome	211	nonchannel_ncs	medium	54.6	0.3005		1.0
tr|A0A9J7M258|A0A9J7M258_BRAFL	Branchiostoma floridae	deuterostome	927	assoc_nav_beta	medium	36.4	0.3795		1.0
tr|A0A9J7M2G9|A0A9J7M2G9_BRAFL	Branchiostoma floridae	deuterostome	148	nonchannel_ncs	high	46.4	0.5751		1.0
tr|A0A9J7M2Q7|A0A9J7M2Q7_BRAFL	Branchiostoma floridae	deuterostome	157	nonchannel_ncs	medium	42.2	0.3316		1.0
tr|A0A9J7M2Z1|A0A9J7M2Z1_BRAFL	Branchiostoma floridae	deuterostome	149	nonchannel_ncs	high	45.8	0.5492		1.0
tr|A0A9J7M342|A0A9J7M342_BRAFL	Branchiostoma floridae	deuterostome	149	nonchannel_ncs	high	32.8	0.5855		1.0
tr|A0A9J7M390|A0A9J7M390_BRAFL	Branchiostoma floridae	deuterostome	919	assoc_clc_aux	high	455.6	0.8785		1.0
tr|A0A9J7M3G5|A0A9J7M3G5_BRAFL	Branchiostoma floridae	deuterostome	570	assoc_k_beta	high	98.3	0.6037	lrrc8	0.3896
tr|A0A9J7M3I4|A0A9J7M3I4_BRAFL	Branchiostoma floridae	deuterostome	1347	nonchannel_abc_transporter	high	1408.0	0.9624	cftr	0.3911
tr|A0A9J7M3K5|A0A9J7M3K5_BRAFL	Branchiostoma floridae	deuterostome	144	nonchannel_ncs	high	49.6	0.5648		1.0
tr|A0A9J7M3Q1|A0A9J7M3Q1_BRAFL	Branchiostoma floridae	deuterostome	149	nonchannel_ncs	high	57.2	0.5596		1.0
tr|A0A9J7M3R0|A0A9J7M3R0_BRAFL	Branchiostoma floridae	deuterostome	225	nonchannel_ncs	high	58.0	0.5648		1.0
tr|A0A9J7M4K7|A0A9J7M4K7_BRAFL	Branchiostoma floridae	deuterostome	148	nonchannel_ncs	high	42.8	0.5699		1.0
tr|A0A9J7M4M1|A0A9J7M4M1_BRAFL	Branchiostoma floridae	deuterostome	959	assoc_clc_aux	high	550.9	0.9197		1.0
tr|A0A9J7M4Q1|A0A9J7M4Q1_BRAFL	Branchiostoma floridae	deuterostome	146	nonchannel_ncs	high	40.4	0.5751		1.0
tr|A0A9J7M4T8|A0A9J7M4T8_BRAFL	Branchiostoma floridae	deuterostome	664	transporter_slc26	high	427.5	0.7864		1.0
tr|A0A9J7M599|A0A9J7M599_BRAFL	Branchiostoma floridae	deuterostome	260	outofscope_aquaporin	high	192.1	0.8292		1.0
tr|A0A9J7M5R8|A0A9J7M5R8_BRAFL	Branchiostoma floridae	deuterostome	1596	nonchannel_abc_transporter	high	1717.6	0.9916	assoc_sur	0.5172
tr|A0A9J7M648|A0A9J7M648_BRAFL	Branchiostoma floridae	deuterostome	196	nonchannel_ncs	high	38.2	0.6788		1.0
tr|A0A9J7M660|A0A9J7M660_BRAFL	Branchiostoma floridae	deuterostome	609	transporter_slc26	high	433.7	0.6768		1.0
tr|A0A9J7M6F6|A0A9J7M6F6_BRAFL	Branchiostoma floridae	deuterostome	178	nonchannel_ncs	medium	144.9	0.8135	assoc_kchip	0.2733
tr|A0A9J7M6V0|A0A9J7M6V0_BRAFL	Branchiostoma floridae	deuterostome	1626	assoc_sur	medium	1407.1	0.9893	nonchannel_abc_transporter	0.1237
tr|A0A9J7M765|A0A9J7M765_BRAFL	Branchiostoma floridae	deuterostome	661	transporter_slc26	high	411.5	0.7448		1.0
tr|A0A9J7M7N5|A0A9J7M7N5_BRAFL	Branchiostoma floridae	deuterostome	1681	assoc_k_beta	medium	376.7	0.5564	lrrc8	0.1747
tr|A0A9J7M7N7|A0A9J7M7N7_BRAFL	Branchiostoma floridae	deuterostome	333	assoc_cav_aux	medium	77.5	0.4444		1.0
tr|A0A9J7M7R9|A0A9J7M7R9_BRAFL	Branchiostoma floridae	deuterostome	454	assoc_cav_aux	medium	52.6	0.476		1.0
tr|A0A9J7M7T4|A0A9J7M7T4_BRAFL	Branchiostoma floridae	deuterostome	141	nonchannel_ncs	medium	44.0	0.4663		1.0
tr|A0A9J7M7Y6|A0A9J7M7Y6_BRAFL	Branchiostoma floridae	deuterostome	537	assoc_nav_beta	medium	51.1	0.4107		1.0
tr|A0A9J7M814|A0A9J7M814_BRAFL	Branchiostoma floridae	deuterostome	510	assoc_nav_beta	medium	39.9	0.3661		1.0
tr|A0A9J7M8G8|A0A9J7M8G8_BRAFL	Branchiostoma floridae	deuterostome	146	nonchannel_ncs	medium	130.6	0.6062	assoc_kchip	0.2779
tr|A0A9J7M8I2|A0A9J7M8I2_BRAFL	Branchiostoma floridae	deuterostome	1307	nonchannel_class_c_gpcr	high	647.3	0.9232	nmda	0.9367
tr|A0A9J7MA50|A0A9J7MA50_BRAFL	Branchiostoma floridae	deuterostome	261	assoc_k_beta	high	85.7	0.5144	lrrc8	0.4959
tr|A0A9J7MA58|A0A9J7MA58_BRAFL	Branchiostoma floridae	deuterostome	1338	nonchannel_abc_transporter	high	1196.9	0.9594	cftr	0.4025
tr|A0A9J7MAV0|A0A9J7MAV0_BRAFL	Branchiostoma floridae	deuterostome	209	nonchannel_ncs	high	46.3	0.7927		1.0
tr|A0A9J7MAZ5|A0A9J7MAZ5_BRAFL	Branchiostoma floridae	deuterostome	366	nonchannel_gasdermin	high	138.2	0.5106		1.0
tr|A0A9J7MB58|A0A9J7MB58_BRAFL	Branchiostoma floridae	deuterostome	405	assoc_k_beta	high	106.6	0.5276	lrrc8	0.4615
tr|A0A9J7MB82|A0A9J7MB82_BRAFL	Branchiostoma floridae	deuterostome	340	assoc_k_beta	high	206.2	0.8215		1.0
tr|A0A9J7MBF5|A0A9J7MBF5_BRAFL	Branchiostoma floridae	deuterostome	518	assoc_nav_beta	medium	31.2	0.4062		1.0
tr|A0A9J7MCQ2|A0A9J7MCQ2_BRAFL	Branchiostoma floridae	deuterostome	166	nonchannel_ncs	medium	37.8	0.3161		1.0
tr|A0A9J7MCR1|A0A9J7MCR1_BRAFL	Branchiostoma floridae	deuterostome	1166	nonchannel_class_c_gpcr	high	877.8	0.9356		1.0
tr|A0A9J7MD10|A0A9J7MD10_BRAFL	Branchiostoma floridae	deuterostome	618	assoc_k_beta	medium	59.3	0.399	lrrc8	0.1113
tr|A0A9J7ME31|A0A9J7ME31_BRAFL	Branchiostoma floridae	deuterostome	206	nonchannel_ncs	high	40.7	0.5544	assoc_kchip	0.3489
tr|A0A9J7MEB3|A0A9J7MEB3_BRAFL	Branchiostoma floridae	deuterostome	167	nonchannel_ncs	high	42.8	0.5544		1.0
tr|A0A9J7MEI7|A0A9J7MEI7_BRAFL	Branchiostoma floridae	deuterostome	532	assoc_k_beta	medium	125.3	0.4042	lrrc8	0.2099
tr|A0A9J7MES2|A0A9J7MES2_BRAFL	Branchiostoma floridae	deuterostome	1026	assoc_clc_aux	high	538.8	0.9328		1.0
tr|A0A9J7MEY7|A0A9J7MEY7_BRAFL	Branchiostoma floridae	deuterostome	1350	nonchannel_vsp	medium	116.1	0.3696		1.0
tr|A0A9J7MF38|A0A9J7MF38_BRAFL	Branchiostoma floridae	deuterostome	522	assoc_nav_beta	medium	42.9	0.3438		1.0
tr|A0A9J7MF66|A0A9J7MF66_BRAFL	Branchiostoma floridae	deuterostome	1126	assoc_k_beta	medium	122.2	0.4856	lrrc8	0.3249
tr|A0A9J7MFD7|A0A9J7MFD7_BRAFL	Branchiostoma floridae	deuterostome	638	assoc_k_beta	medium	109.6	0.5276	lrrc8	0.2728
tr|A0A9J7MGB6|A0A9J7MGB6_BRAFL	Branchiostoma floridae	deuterostome	755	assoc_k_beta	medium	50.3	0.4567	lrrc8	0.2664
tr|A0A9J7MGY8|A0A9J7MGY8_BRAFL	Branchiostoma floridae	deuterostome	1017	nonchannel_ncs	high	54.4	0.8083	assoc_kchip	0.3419
tr|A0A9J7MH62|A0A9J7MH62_BRAFL	Branchiostoma floridae	deuterostome	410	assoc_k_beta	high	106.8	0.5354	lrrc8	0.4204
tr|A0A9J7MH78|A0A9J7MH78_BRAFL	Branchiostoma floridae	deuterostome	507	assoc_k_beta	high	115.9	0.5092	lrrc8	0.5798
tr|A0A9J7MHS1|A0A9J7MHS1_BRAFL	Branchiostoma floridae	deuterostome	285	assoc_k_beta	medium	72.0	0.4514	lrrc8	0.4417
tr|A0A9J7MI75|A0A9J7MI75_BRAFL	Branchiostoma floridae	deuterostome	1595	nonchannel_ncs	medium	62.2	0.6736	assoc_kchip	0.2476
tr|A0A9J7MIE5|A0A9J7MIE5_BRAFL	Branchiostoma floridae	deuterostome	127	nonchannel_ncs	medium	34.5	0.4197		1.0
tr|A0A9J7MJB5|A0A9J7MJB5_BRAFL	Branchiostoma floridae	deuterostome	213	nonchannel_ncs	high	55.8	0.5648		1.0
tr|A0A9J7MK04|A0A9J7MK04_BRAFL	Branchiostoma floridae	deuterostome	233	assoc_nav_beta	medium	33.0	0.3884		1.0
tr|A0A9J7MLB9|A0A9J7MLB9_BRAFL	Branchiostoma floridae	deuterostome	431	assoc_k_beta	high	72.8	0.6982	lrrc8	0.456
tr|A0A9J7MLF7|A0A9J7MLF7_BRAFL	Branchiostoma floridae	deuterostome	812	assoc_k_beta	medium	75.4	0.3701	lrrc8	0.1366
tr|A0A9J7MLH4|A0A9J7MLH4_BRAFL	Branchiostoma floridae	deuterostome	280	trpp	medium	115.9	0.3061	assoc_polycystin1	0.516
tr|A0A9J7MLI3|A0A9J7MLI3_BRAFL	Branchiostoma floridae	deuterostome	723	assoc_k_beta	medium	96.9	0.4646	lrrc8	0.2559
tr|A0A9J7MM20|A0A9J7MM20_BRAFL	Branchiostoma floridae	deuterostome	788	assoc_k_beta	medium	110.9	0.4593	lrrc8	0.4193
tr|A0A9J7MM31|A0A9J7MM31_BRAFL	Branchiostoma floridae	deuterostome	1005	assoc_catsper_aux	medium	149.9	0.3301		1.0
tr|A0A9J7MN16|A0A9J7MN16_BRAFL	Branchiostoma floridae	deuterostome	1341	nonchannel_class_c_gpcr	medium	35.0	0.3085		1.0
tr|A0A9J7MPI0|A0A9J7MPI0_BRAFL	Branchiostoma floridae	deuterostome	310	trpc	medium	65.0	0.3003		1.0
tr|A0A9J7MPN6|A0A9J7MPN6_BRAFL	Branchiostoma floridae	deuterostome	874	nonchannel_class_c_gpcr	high	355.8	0.7808		1.0
tr|A0A9J7MPV9|A0A9J7MPV9_BRAFL	Branchiostoma floridae	deuterostome	223	nonchannel_ncs	high	36.3	0.544		1.0
tr|A0A9J7MPW3|A0A9J7MPW3_BRAFL	Branchiostoma floridae	deuterostome	1539	assoc_k_beta	high	269.8	0.5066	lrrc8	0.4915
tr|A0A9J7MPZ7|A0A9J7MPZ7_BRAFL	Branchiostoma floridae	deuterostome	606	assoc_k_beta	high	126.5	0.5118	lrrc8	0.3621
tr|A0A9J7MQ33|A0A9J7MQ33_BRAFL	Branchiostoma floridae	deuterostome	1935	assoc_k_beta	high	334.6	0.622	lrrc8	0.436
tr|A0A9J7MQ38|A0A9J7MQ38_BRAFL	Branchiostoma floridae	deuterostome	165	nonchannel_ncs	medium	52.2	0.8083	assoc_mcu_reg	0.295
tr|A0A9J7MQA4|A0A9J7MQA4_BRAFL	Branchiostoma floridae	deuterostome	1103	assoc_cav_aux	high	408.1	0.9671		1.0
tr|A0A9J7MQA8|A0A9J7MQA8_BRAFL	Branchiostoma floridae	deuterostome	576	assoc_k_beta	medium	42.2	0.3753	lrrc8	0.2986
tr|A0A9J7MQS7|A0A9J7MQS7_BRAFL	Branchiostoma floridae	deuterostome	2913	assoc_k_beta	high	553.5	0.664	lrrc8	0.4688
tr|A0A9J7MQU9|A0A9J7MQU9_BRAFL	Branchiostoma floridae	deuterostome	454	assoc_k_beta	high	74.4	0.5092		1.0
tr|A0A9J7MQX6|A0A9J7MQX6_BRAFL	Branchiostoma floridae	deuterostome	1397	nonchannel_class_c_gpcr	high	990.7	0.9571		1.0
tr|A0A9J7MR73|A0A9J7MR73_BRAFL	Branchiostoma floridae	deuterostome	1154	assoc_k_beta	medium	149.1	0.5932	lrrc8	0.106
tr|A0A9J7MRG5|A0A9J7MRG5_BRAFL	Branchiostoma floridae	deuterostome	630	assoc_k_beta	high	130.3	0.5118	lrrc8	0.3975
tr|A0A9J7MRQ5|A0A9J7MRQ5_BRAFL	Branchiostoma floridae	deuterostome	462	assoc_k_beta	medium	101.3	0.3963		1.0
tr|A0A9J7MS09|A0A9J7MS09_BRAFL	Branchiostoma floridae	deuterostome	352	mitok	high	197.7	0.8443		1.0
tr|A0A9J7MSN5|A0A9J7MSN5_BRAFL	Branchiostoma floridae	deuterostome	912	assoc_polycystin1	medium	235.3	0.3225	trpp	0.5053
tr|A0A9J7MSQ1|A0A9J7MSQ1_BRAFL	Branchiostoma floridae	deuterostome	859	assoc_k_beta	medium	89.2	0.4646	lrrc8	0.1054
tr|A0A9J7MT25|A0A9J7MT25_BRAFL	Branchiostoma floridae	deuterostome	1587	nonchannel_abc_transporter	high	1401.7	0.9632	assoc_sur	0.5141
tr|A0A9J7MT96|A0A9J7MT96_BRAFL	Branchiostoma floridae	deuterostome	739	nonchannel_class_c_gpcr	high	800.2	0.7548		1.0
tr|A0A9J7MTP3|A0A9J7MTP3_BRAFL	Branchiostoma floridae	deuterostome	989	assoc_k_beta	medium	132.0	0.6063	lrrc8	0.1523
tr|A0A9J7MUJ7|A0A9J7MUJ7_BRAFL	Branchiostoma floridae	deuterostome	738	assoc_k_beta	medium	99.9	0.4567	lrrc8	0.4655
tr|A0A9J7MW20|A0A9J7MW20_BRAFL	Branchiostoma floridae	deuterostome	594	assoc_k_beta	medium	85.4	0.4856	lrrc8	0.2951
tr|A0A9J7MW92|A0A9J7MW92_BRAFL	Branchiostoma floridae	deuterostome	540	assoc_k_beta	medium	48.4	0.4593	lrrc8	0.1426
tr|A0A9J7MWR5|A0A9J7MWR5_BRAFL	Branchiostoma floridae	deuterostome	187	nonchannel_ncs	medium	39.9	0.4767		1.0
tr|A0A9J7MWX4|A0A9J7MWX4_BRAFL	Branchiostoma floridae	deuterostome	617	assoc_k_beta	high	80.9	0.5092	lrrc8	0.4586
tr|A0A9J7MX50|A0A9J7MX50_BRAFL	Branchiostoma floridae	deuterostome	744	assoc_k_beta	high	124.7	0.5669	lrrc8	0.324
tr|A0A9J7MY41|A0A9J7MY41_BRAFL	Branchiostoma floridae	deuterostome	978	assoc_k_beta	medium	124.5	0.5328	lrrc8	0.159
tr|A0A9J7MZ20|A0A9J7MZ20_BRAFL	Branchiostoma floridae	deuterostome	633	assoc_k_beta	medium	150.9	0.4961	lrrc8	0.175
tr|A0A9J7MZ78|A0A9J7MZ78_BRAFL	Branchiostoma floridae	deuterostome	549	assoc_k_beta	high	53.1	0.5381		1.0
tr|A0A9J7MZ80|A0A9J7MZ80_BRAFL	Branchiostoma floridae	deuterostome	379	outofscope_aquaporin	high	201.5	0.8292		1.0
tr|A0A9J7MZ86|A0A9J7MZ86_BRAFL	Branchiostoma floridae	deuterostome	186	nonchannel_ncs	high	60.4	0.5596		1.0
tr|A0A9J7MZA0|A0A9J7MZA0_BRAFL	Branchiostoma floridae	deuterostome	230	assoc_k_beta	medium	42.2	0.3307		1.0
tr|A0A9J7MZP4|A0A9J7MZP4_BRAFL	Branchiostoma floridae	deuterostome	748	nonchannel_pomt	high	752.6	0.8596		1.0
tr|A0A9J7MZW8|A0A9J7MZW8_BRAFL	Branchiostoma floridae	deuterostome	157	nonchannel_ncs	medium	57.8	0.3212	assoc_kchip	0.3841
tr|A0A9J7N016|A0A9J7N016_BRAFL	Branchiostoma floridae	deuterostome	1270	assoc_k_beta	medium	174.0	0.4934	lrrc8	0.3529
tr|A0A9J7N0F1|A0A9J7N0F1_BRAFL	Branchiostoma floridae	deuterostome	870	assoc_polycystin1	medium	323.1	0.3038		1.0
tr|A0A9J7N0H0|A0A9J7N0H0_BRAFL	Branchiostoma floridae	deuterostome	122	nonchannel_ncs	medium	57.2	0.3368	assoc_kchip	0.2797
tr|A0A9J7N0K9|A0A9J7N0K9_BRAFL	Branchiostoma floridae	deuterostome	734	assoc_k_beta	high	108.1	0.5144	lrrc8	0.4255
tr|A0A9J7N0Z3|A0A9J7N0Z3_BRAFL	Branchiostoma floridae	deuterostome	570	nonchannel_abc_transporter	medium	361.4	0.4041	assoc_sur	0.5902
tr|A0A9J7N1R3|A0A9J7N1R3_BRAFL	Branchiostoma floridae	deuterostome	1234	assoc_k_beta	medium	30.7	0.336		1.0
tr|A0A9J7N1S5|A0A9J7N1S5_BRAFL	Branchiostoma floridae	deuterostome	898	assoc_k_beta	medium	182.3	0.5066	lrrc8	0.2759
tr|A0A9J7N200|A0A9J7N200_BRAFL	Branchiostoma floridae	deuterostome	476	assoc_k_beta	medium	45.2	0.3648	lrrc8	0.2301
tr|A0A9J7N2T8|A0A9J7N2T8_BRAFL	Branchiostoma floridae	deuterostome	678	assoc_nav_beta	medium	39.1	0.3884		1.0
tr|A0A9J7N3P1|A0A9J7N3P1_BRAFL	Branchiostoma floridae	deuterostome	510	assoc_k_beta	high	74.6	0.5171	lrrc8	0.3204
tr|A0A9J7N3P9|A0A9J7N3P9_BRAFL	Branchiostoma floridae	deuterostome	385	assoc_k_beta	medium	67.9	0.4488	lrrc8	0.2135
tr|A0A9J7N3V5|A0A9J7N3V5_BRAFL	Branchiostoma floridae	deuterostome	986	assoc_k_beta	medium	103.2	0.4042	lrrc8	0.3091
tr|A0A9J7N4F1|A0A9J7N4F1_BRAFL	Branchiostoma floridae	deuterostome	1245	nonchannel_class_c_gpcr	high	525.7	0.8429		1.0
tr|A0A9J7N4R0|A0A9J7N4R0_BRAFL	Branchiostoma floridae	deuterostome	1282	lrrc8	medium	120.7	0.3039	assoc_k_beta	0.1806
tr|A0A9J7N4S1|A0A9J7N4S1_BRAFL	Branchiostoma floridae	deuterostome	700	trpp	medium	134.0	0.3742	assoc_polycystin1	0.1739
tr|A0A9J7N4S7|A0A9J7N4S7_BRAFL	Branchiostoma floridae	deuterostome	141	nonchannel_ncs	medium	43.3	0.4456		1.0
tr|A0A9J7N4Z2|A0A9J7N4Z2_BRAFL	Branchiostoma floridae	deuterostome	149	nonchannel_ncs	high	59.9	0.5648		1.0
tr|A0A9J7N537|A0A9J7N537_BRAFL	Branchiostoma floridae	deuterostome	767	assoc_k_beta	medium	57.5	0.3202		1.0
tr|A0A9J7N5K5|A0A9J7N5K5_BRAFL	Branchiostoma floridae	deuterostome	1807	nonchannel_ncs	high	87.4	0.7824	assoc_kchip	0.3478
tr|A0A9J7N5M9|A0A9J7N5M9_BRAFL	Branchiostoma floridae	deuterostome	149	nonchannel_ncs	high	47.2	0.5803	assoc_mcu_reg	0.447
tr|A0A9J7N6I7|A0A9J7N6I7_BRAFL	Branchiostoma floridae	deuterostome	1860	nonchannel_class_c_gpcr	high	1082.5	0.8712	nmda	0.918
tr|A0A9J7N6U6|A0A9J7N6U6_BRAFL	Branchiostoma floridae	deuterostome	358	assoc_k_beta	high	64.7	0.6877	lrrc8	0.3354
tr|A0A9J7N794|A0A9J7N794_BRAFL	Branchiostoma floridae	deuterostome	1014	assoc_clc_aux	high	611.4	0.9555		1.0
tr|A0A9J7N7U2|A0A9J7N7U2_BRAFL	Branchiostoma floridae	deuterostome	669	assoc_k_beta	high	58.2	0.5144		1.0
tr|A0A9J7N7W5|A0A9J7N7W5_BRAFL	Branchiostoma floridae	deuterostome	517	assoc_nav_beta	medium	36.0	0.4107		1.0
tr|A0A9J7N883|A0A9J7N883_BRAFL	Branchiostoma floridae	deuterostome	165	nonchannel_ncs	high	38.4	0.5337		1.0
tr|A0A9J7N8D7|A0A9J7N8D7_BRAFL	Branchiostoma floridae	deuterostome	157	nonchannel_ncs	high	64.8	0.5596		1.0
tr|A0A9J7N8E3|A0A9J7N8E3_BRAFL	Branchiostoma floridae	deuterostome	315	nonchannel_ncs	high	100.7	0.5699		1.0
tr|A0A9J7N8X8|A0A9J7N8X8_BRAFL	Branchiostoma floridae	deuterostome	142	nonchannel_ncs	high	35.1	0.5544		1.0
tr|A0A9J7N8Y3|A0A9J7N8Y3_BRAFL	Branchiostoma floridae	deuterostome	1580	nonchannel_abc_transporter	high	1679.9	0.9762	assoc_sur	0.5075
tr|A0A9J7N971|A0A9J7N971_BRAFL	Branchiostoma floridae	deuterostome	1538	nonchannel_abc_transporter	high	1515.8	0.9762	assoc_sur	0.4852
tr|A0A9J7N989|A0A9J7N989_BRAFL	Branchiostoma floridae	deuterostome	1454	assoc_sur	medium	1197.9	0.8224	nonchannel_abc_transporter	0.1721
tr|A0A9J7N9B1|A0A9J7N9B1_BRAFL	Branchiostoma floridae	deuterostome	150	nonchannel_ncs	high	58.9	0.5751		1.0
tr|A0A9J7N9M5|A0A9J7N9M5_BRAFL	Branchiostoma floridae	deuterostome	743	assoc_k_beta	medium	54.3	0.5722	lrrc8	0.1786
tr|A0A9J7N9X0|A0A9J7N9X0_BRAFL	Branchiostoma floridae	deuterostome	627	transporter_slc26	high	414.6	0.7975		1.0
tr|A0A9J7NA79|A0A9J7NA79_BRAFL	Branchiostoma floridae	deuterostome	602	assoc_k_beta	medium	122.5	0.4908	lrrc8	0.3584
tr|A0A9J7NA82|A0A9J7NA82_BRAFL	Branchiostoma floridae	deuterostome	1375	assoc_polycystin1	medium	351.4	0.3155		1.0
tr|A0A9J7NA87|A0A9J7NA87_BRAFL	Branchiostoma floridae	deuterostome	690	assoc_k_beta	medium	116.2	0.5223	lrrc8	0.1454
tr|A0A9J7NAG6|A0A9J7NAG6_BRAFL	Branchiostoma floridae	deuterostome	1523	assoc_polycystin1	medium	187.1	0.3147		1.0
tr|A0A9J7NAV6|A0A9J7NAV6_BRAFL	Branchiostoma floridae	deuterostome	698	assoc_k_beta	medium	107.2	0.5276	lrrc8	0.2584
tr|A0A9J7NB07|A0A9J7NB07_BRAFL	Branchiostoma floridae	deuterostome	1631	assoc_k_beta	medium	53.8	0.3412	lrrc8	0.5316
tr|A0A9J7NBE5|A0A9J7NBE5_BRAFL	Branchiostoma floridae	deuterostome	925	nonchannel_class_c_gpcr	high	877.4	0.9198	nmda	0.9505
tr|A0A9J7NBF2|A0A9J7NBF2_BRAFL	Branchiostoma floridae	deuterostome	517	assoc_nav_beta	medium	41.7	0.3929		1.0
tr|A0A9J7NBH8|A0A9J7NBH8_BRAFL	Branchiostoma floridae	deuterostome	453	assoc_k_beta	medium	126.3	0.4646	lrrc8	0.1599
tr|A0A9J7NBN2|A0A9J7NBN2_BRAFL	Branchiostoma floridae	deuterostome	508	assoc_nav_beta	medium	33.5	0.4062		1.0
tr|A0A9J7NBT5|A0A9J7NBT5_BRAFL	Branchiostoma floridae	deuterostome	233	nonchannel_ncs	medium	160.3	0.9067	assoc_kchip	0.2445
tr|A0A9J7NC34|A0A9J7NC34_BRAFL	Branchiostoma floridae	deuterostome	222	nonchannel_ncs	high	40.8	0.6995	assoc_kchip	0.3775
tr|A0A9J7NC79|A0A9J7NC79_BRAFL	Branchiostoma floridae	deuterostome	608	assoc_k_beta	high	92.9	0.5459	lrrc8	0.4952
tr|A0A9J7NCF0|A0A9J7NCF0_BRAFL	Branchiostoma floridae	deuterostome	289	trpp	medium	117.9	0.3271	assoc_polycystin1	0.4003
tr|A0A9J7NCF6|A0A9J7NCF6_BRAFL	Branchiostoma floridae	deuterostome	780	assoc_k_beta	medium	102.4	0.4331	lrrc8	0.1836
tr|A0A9Y3E3B4|A0A9Y3E3B4_DANRE	Danio rerio	vertebrate	161	nonchannel_ncs	high	47.9	0.8187		1.0
tr|A0AA55KXG2|A0AA55KXG2_XENTR	Xenopus tropicalis	vertebrate	987	nonchannel_class_c_gpcr	high	613.4	0.9119		1.0
tr|A0AAJ7SJ49|A0AAJ7SJ49_PETMA	Petromyzon marinus	vertebrate	736	assoc_k_beta	medium	92.8	0.3727	lrrc8	0.4429
tr|A0AAJ7SL65|A0AAJ7SL65_PETMA	Petromyzon marinus	vertebrate	364	assoc_k_beta	high	76.5	0.6745	lrrc8	0.3072
tr|A0AAJ7SL87|A0AAJ7SL87_PETMA	Petromyzon marinus	vertebrate	543	assoc_k_beta	medium	63.5	0.4094	lrrc8	0.3291
tr|A0AAJ7SM08|A0AAJ7SM08_PETMA	Petromyzon marinus	vertebrate	709	nonchannel_abc_transporter	medium	378.7	0.4517	assoc_sur	0.6102
tr|A0AAJ7SNV6|A0AAJ7SNV6_PETMA	Petromyzon marinus	vertebrate	863	assoc_k_beta	high	172.1	0.9501		1.0
tr|A0AAJ7SP68|A0AAJ7SP68_PETMA	Petromyzon marinus	vertebrate	669	assoc_k_beta	medium	121.8	0.4409	lrrc8	0.2274
tr|A0AAJ7SP86|A0AAJ7SP86_PETMA	Petromyzon marinus	vertebrate	856	nonchannel_abc_transporter	medium	377.7	0.4325	assoc_sur	0.6185
tr|A0AAJ7SR56|A0AAJ7SR56_PETMA	Petromyzon marinus	vertebrate	722	assoc_k_beta	medium	63.4	0.3753	lrrc8	0.1845
tr|A0AAJ7SRG5|A0AAJ7SRG5_PETMA	Petromyzon marinus	vertebrate	192	nonchannel_ncs	high	48.4	0.8964		1.0
tr|A0AAJ7SSE3|A0AAJ7SSE3_PETMA	Petromyzon marinus	vertebrate	902	nonchannel_ncs	high	54.8	0.7358	assoc_kchip	0.396
tr|A0AAJ7SSM0|A0AAJ7SSM0_PETMA	Petromyzon marinus	vertebrate	675	assoc_k_beta	medium	68.5	0.3202	lrrc8	0.2117
tr|A0AAJ7STB2|A0AAJ7STB2_PETMA	Petromyzon marinus	vertebrate	754	nonchannel_abc_transporter	medium	374.3	0.4241	assoc_sur	0.5888
tr|A0AAJ7SVC6|A0AAJ7SVC6_PETMA	Petromyzon marinus	vertebrate	192	nonchannel_ncs	high	169.9	0.8601	assoc_kchip	0.379
tr|A0AAJ7SW43|A0AAJ7SW43_PETMA	Petromyzon marinus	vertebrate	1559	assoc_k_beta	high	276.7	0.5223	lrrc8	0.494
tr|A0AAJ7SW59|A0AAJ7SW59_PETMA	Petromyzon marinus	vertebrate	493	assoc_mcu_reg	high	489.4	0.9144		1.0
tr|A0AAJ7SW60|A0AAJ7SW60_PETMA	Petromyzon marinus	vertebrate	1566	assoc_k_beta	medium	46.1	0.3596		1.0
tr|A0AAJ7SXL9|A0AAJ7SXL9_PETMA	Petromyzon marinus	vertebrate	910	nonchannel_ncs	high	46.8	0.5389		1.0
tr|A0AAJ7SXM5|A0AAJ7SXM5_PETMA	Petromyzon marinus	vertebrate	757	transporter_slc26	high	829.5	0.9362		1.0
tr|A0AAJ7SXX7|A0AAJ7SXX7_PETMA	Petromyzon marinus	vertebrate	961	nonchannel_class_c_gpcr	high	580.1	0.8712		1.0
tr|A0AAJ7SXZ8|A0AAJ7SXZ8_PETMA	Petromyzon marinus	vertebrate	1720	nonchannel_vsp	high	123.6	0.5598		1.0
tr|A0AAJ7SZD9|A0AAJ7SZD9_PETMA	Petromyzon marinus	vertebrate	252	assoc_kchip	high	401.7	0.8884	nonchannel_ncs	0.5168
tr|A0AAJ7T0Q9|A0AAJ7T0Q9_PETMA	Petromyzon marinus	vertebrate	270	assoc_kchip	high	382.3	0.8048	nonchannel_ncs	0.5064
tr|A0AAJ7T1L4|A0AAJ7T1L4_PETMA	Petromyzon marinus	vertebrate	557	nonchannel_class_c_gpcr	medium	38.9	0.313		1.0
tr|A0AAJ7T241|A0AAJ7T241_PETMA	Petromyzon marinus	vertebrate	1473	assoc_k_beta	high	68.8	0.6457	lrrc8	0.3648
tr|A0AAJ7T2C9|A0AAJ7T2C9_PETMA	Petromyzon marinus	vertebrate	773	assoc_k_beta	medium	93.4	0.3832	lrrc8	0.5343
tr|A0AAJ7T2T5|A0AAJ7T2T5_PETMA	Petromyzon marinus	vertebrate	961	nonchannel_class_c_gpcr	high	1213.8	0.9842		1.0
tr|A0AAJ7T2Y3|A0AAJ7T2Y3_PETMA	Petromyzon marinus	vertebrate	162	nonchannel_ncs	high	52.5	0.5751	assoc_kchip	0.4419
tr|A0AAJ7T4F6|A0AAJ7T4F6_PETMA	Petromyzon marinus	vertebrate	838	assoc_k_beta	medium	83.3	0.4173	lrrc8	0.2917
tr|A0AAJ7T5V0|A0AAJ7T5V0_PETMA	Petromyzon marinus	vertebrate	299	outofscope_aquaporin	high	287.7	0.9004		1.0
tr|A0AAJ7T606|A0AAJ7T606_PETMA	Petromyzon marinus	vertebrate	1499	assoc_k_beta	high	68.7	0.6457	lrrc8	0.4032
tr|A0AAJ7T7E9|A0AAJ7T7E9_PETMA	Petromyzon marinus	vertebrate	153	nonchannel_ncs	high	60.4	0.5648		1.0
tr|A0AAJ7T7P8|A0AAJ7T7P8_PETMA	Petromyzon marinus	vertebrate	806	assoc_k_beta	high	63.1	0.6142	lrrc8	0.309
tr|A0AAJ7T7Z1|A0AAJ7T7Z1_PETMA	Petromyzon marinus	vertebrate	857	nonchannel_abc_transporter	medium	381.9	0.431	assoc_sur	0.6062
tr|A0AAJ7T8D2|A0AAJ7T8D2_PETMA	Petromyzon marinus	vertebrate	172	nonchannel_ncs	high	39.2	0.5751		1.0
tr|A0AAJ7T8P2|A0AAJ7T8P2_PETMA	Petromyzon marinus	vertebrate	1598	nonchannel_abc_transporter	high	1328.5	0.9202	assoc_sur	0.5043
tr|A0AAJ7T958|A0AAJ7T958_PETMA	Petromyzon marinus	vertebrate	268	nonchannel_ncs	high	53.2	0.6736		1.0
tr|A0AAJ7TBB5|A0AAJ7TBB5_PETMA	Petromyzon marinus	vertebrate	307	assoc_mcu_reg	medium	114.7	0.3964		1.0
tr|A0AAJ7TBE2|A0AAJ7TBE2_PETMA	Petromyzon marinus	vertebrate	304	assoc_k_beta	medium	43.2	0.4436	lrrc8	0.2037
tr|A0AAJ7TBF4|A0AAJ7TBF4_PETMA	Petromyzon marinus	vertebrate	992	nonchannel_class_c_gpcr	high	542.8	0.8972		1.0
tr|A0AAJ7TBJ3|A0AAJ7TBJ3_PETMA	Petromyzon marinus	vertebrate	942	assoc_clc_aux	high	777.4	0.9328		1.0
tr|A0AAJ7TBX8|A0AAJ7TBX8_PETMA	Petromyzon marinus	vertebrate	193	nonchannel_ncs	high	331.7	0.9896	assoc_kchip	0.4121
tr|A0AAJ7TD18|A0AAJ7TD18_PETMA	Petromyzon marinus	vertebrate	466	assoc_k_beta	medium	62.3	0.3543		1.0
tr|A0AAJ7TDA0|A0AAJ7TDA0_PETMA	Petromyzon marinus	vertebrate	552	nonchannel_ncs	high	40.3	0.5285		1.0
tr|A0AAJ7TFI9|A0AAJ7TFI9_PETMA	Petromyzon marinus	vertebrate	285	assoc_k_beta	medium	41.9	0.3386		1.0
tr|A0AAJ7TFS0|A0AAJ7TFS0_PETMA	Petromyzon marinus	vertebrate	452	assoc_cav_aux	medium	142.8	0.476		1.0
tr|A0AAJ7TFZ1|A0AAJ7TFZ1_PETMA	Petromyzon marinus	vertebrate	445	assoc_iglur_aux	medium	112.8	0.4668		1.0
tr|A0AAJ7TGE5|A0AAJ7TGE5_PETMA	Petromyzon marinus	vertebrate	193	nonchannel_ncs	high	339.9	0.9948	assoc_kchip	0.4395
tr|A0AAJ7TH23|A0AAJ7TH23_PETMA	Petromyzon marinus	vertebrate	1481	assoc_k_beta	medium	62.7	0.5564	lrrc8	0.2504
tr|A0AAJ7TH39|A0AAJ7TH39_PETMA	Petromyzon marinus	vertebrate	702	assoc_iglur_aux	high	194.4	0.8647		1.0
tr|A0AAJ7THA1|A0AAJ7THA1_PETMA	Petromyzon marinus	vertebrate	318	assoc_iglur_aux	high	105.6	0.5836		1.0
tr|A0AAJ7THX3|A0AAJ7THX3_PETMA	Petromyzon marinus	vertebrate	398	assoc_k_beta	medium	126.1	0.4987	lrrc8	0.4901
tr|A0AAJ7TIC1|A0AAJ7TIC1_PETMA	Petromyzon marinus	vertebrate	1558	nonchannel_abc_transporter	high	1674.6	0.9647	assoc_sur	0.4962
tr|A0AAJ7TIE9|A0AAJ7TIE9_PETMA	Petromyzon marinus	vertebrate	1540	nonchannel_abc_transporter	high	1578.5	0.9762	assoc_sur	0.5092
tr|A0AAJ7TJ90|A0AAJ7TJ90_PETMA	Petromyzon marinus	vertebrate	706	assoc_k_beta	medium	90.7	0.4934	lrrc8	0.4344
tr|A0AAJ7TJG2|A0AAJ7TJG2_PETMA	Petromyzon marinus	vertebrate	567	assoc_k_beta	high	46.6	0.5302		1.0
tr|A0AAJ7TK27|A0AAJ7TK27_PETMA	Petromyzon marinus	vertebrate	1344	nonchannel_abc_transporter	medium	679.3	0.4371	assoc_sur	0.6192
tr|A0AAJ7TK29|A0AAJ7TK29_PETMA	Petromyzon marinus	vertebrate	823	assoc_k_beta	medium	60.5	0.4121		1.0
tr|A0AAJ7TKJ6|A0AAJ7TKJ6_PETMA	Petromyzon marinus	vertebrate	368	assoc_k_beta	high	118.5	0.5144	lrrc8	0.319
tr|A0AAJ7TLQ7|A0AAJ7TLQ7_PETMA	Petromyzon marinus	vertebrate	1115	nonchannel_abc_transporter	medium	624.5	0.4425	assoc_sur	0.5702
tr|A0AAJ7TLR5|A0AAJ7TLR5_PETMA	Petromyzon marinus	vertebrate	1014	nonchannel_class_c_gpcr	high	575.9	0.8859	iglur_nonvertebrate	0.9555
tr|A0AAJ7TM94|A0AAJ7TM94_PETMA	Petromyzon marinus	vertebrate	658	assoc_k_beta	high	83.8	0.5171	lrrc8	0.3699
tr|A0AAJ7TMC3|A0AAJ7TMC3_PETMA	Petromyzon marinus	vertebrate	232	assoc_nav_beta	high	121.5	0.9152		1.0
tr|A0AAJ7TMI3|A0AAJ7TMI3_PETMA	Petromyzon marinus	vertebrate	486	assoc_nav_beta	high	45.5	0.5982		1.0
tr|A0AAJ7TN15|A0AAJ7TN15_PETMA	Petromyzon marinus	vertebrate	677	assoc_mcu_reg	high	44.1	0.6171		1.0
tr|A0AAJ7TP25|A0AAJ7TP25_PETMA	Petromyzon marinus	vertebrate	1353	nonchannel_abc_transporter	medium	662.6	0.477	assoc_sur	0.6378
tr|A0AAJ7TP27|A0AAJ7TP27_PETMA	Petromyzon marinus	vertebrate	236	assoc_nav_beta	high	114.7	0.9241		1.0
tr|A0AAJ7TQ36|A0AAJ7TQ36_PETMA	Petromyzon marinus	vertebrate	561	assoc_nav_beta	high	60.3	0.5491		1.0
tr|A0AAJ7TQX4|A0AAJ7TQX4_PETMA	Petromyzon marinus	vertebrate	170	nonchannel_ncs	medium	75.2	0.7927	assoc_kchip	0.2527
tr|A0AAJ7TQY3|A0AAJ7TQY3_PETMA	Petromyzon marinus	vertebrate	826	assoc_k_beta	medium	43.9	0.5223	lrrc8	0.1845
tr|A0AAJ7TR57|A0AAJ7TR57_PETMA	Petromyzon marinus	vertebrate	3218	nonchannel_class_c_gpcr	medium	67.1	0.3209		1.0
tr|A0AAJ7TST2|A0AAJ7TST2_PETMA	Petromyzon marinus	vertebrate	754	assoc_k_beta	medium	78.8	0.4436	lrrc8	0.4023
tr|A0AAJ7TSZ4|A0AAJ7TSZ4_PETMA	Petromyzon marinus	vertebrate	1104	assoc_cav_aux	high	627.7	0.963		1.0
tr|A0AAJ7TT00|A0AAJ7TT00_PETMA	Petromyzon marinus	vertebrate	1808	nonchannel_ncs	high	87.8	0.5544	assoc_kchip	0.3667
tr|A0AAJ7TT30|A0AAJ7TT30_PETMA	Petromyzon marinus	vertebrate	1142	assoc_cav_aux	high	539.9	0.9698		1.0
tr|A0AAJ7TTA1|A0AAJ7TTA1_PETMA	Petromyzon marinus	vertebrate	214	nonchannel_ncs	medium	95.2	0.8964	assoc_kchip	0.1502
tr|A0AAJ7TTE6|A0AAJ7TTE6_PETMA	Petromyzon marinus	vertebrate	1701	nonchannel_vsp	high	137.6	0.5598		1.0
tr|A0AAJ7TU19|A0AAJ7TU19_PETMA	Petromyzon marinus	vertebrate	447	assoc_k_beta	high	257.7	0.8556		1.0
tr|A0AAJ7TV29|A0AAJ7TV29_PETMA	Petromyzon marinus	vertebrate	607	transporter_slc26	high	425.1	0.6768		1.0
tr|A0AAJ7TX64|A0AAJ7TX64_PETMA	Petromyzon marinus	vertebrate	799	transporter_slc26	high	862.0	0.9501		1.0
tr|A0AAJ7TXE1|A0AAJ7TXE1_PETMA	Petromyzon marinus	vertebrate	373	outofscope_aquaporin	high	304.5	0.8968		1.0
tr|A0AAJ7TXL8|A0AAJ7TXL8_PETMA	Petromyzon marinus	vertebrate	343	assoc_cav_aux	medium	112.0	0.4979		1.0
tr|A0AAJ7TXQ5|A0AAJ7TXQ5_PETMA	Petromyzon marinus	vertebrate	337	assoc_cav_aux	medium	149.0	0.4705		1.0
tr|A0AAJ7TY03|A0AAJ7TY03_PETMA	Petromyzon marinus	vertebrate	967	assoc_k_beta	medium	61.1	0.3648		1.0
tr|A0AAJ7TY44|A0AAJ7TY44_PETMA	Petromyzon marinus	vertebrate	488	assoc_iglur_aux	high	94.5	0.8302		1.0
tr|A0AAJ7TYB8|A0AAJ7TYB8_PETMA	Petromyzon marinus	vertebrate	495	assoc_iglur_aux	medium	109.7	0.3369		1.0
tr|A0AAJ7TYS4|A0AAJ7TYS4_PETMA	Petromyzon marinus	vertebrate	943	nonchannel_class_c_gpcr	high	1255.0	0.9797	nmda	0.9777
tr|A0AAJ7TYX4|A0AAJ7TYX4_PETMA	Petromyzon marinus	vertebrate	448	assoc_k_beta	high	88.8	0.6535	lrrc8	0.6149
tr|A0AAJ7TZ81|A0AAJ7TZ81_PETMA	Petromyzon marinus	vertebrate	833	assoc_iglur_aux	high	201.7	0.6366		1.0
tr|A0AAJ7U1A2|A0AAJ7U1A2_PETMA	Petromyzon marinus	vertebrate	277	outofscope_aquaporin	high	66.2	0.8007		1.0
tr|A0AAJ7U1A7|A0AAJ7U1A7_PETMA	Petromyzon marinus	vertebrate	785	assoc_k_beta	medium	101.8	0.4856		1.0
tr|A0AAJ7U237|A0AAJ7U237_PETMA	Petromyzon marinus	vertebrate	473	assoc_k_beta	medium	50.5	0.3202	lrrc8	0.1604
tr|A0AAJ7U355|A0AAJ7U355_PETMA	Petromyzon marinus	vertebrate	495	assoc_k_beta	medium	87.3	0.4777	lrrc8	0.1294
tr|A0AAJ7U361|A0AAJ7U361_PETMA	Petromyzon marinus	vertebrate	735	assoc_k_beta	medium	92.8	0.3753	lrrc8	0.3006
tr|A0AAJ7U3D1|A0AAJ7U3D1_PETMA	Petromyzon marinus	vertebrate	412	assoc_mcu_reg	high	343.2	0.7365		1.0
tr|A0AAJ7U5V6|A0AAJ7U5V6_PETMA	Petromyzon marinus	vertebrate	167	nonchannel_ncs	high	56.0	0.5544	assoc_kchip	0.4768
tr|A0AAJ7U8Q8|A0AAJ7U8Q8_PETMA	Petromyzon marinus	vertebrate	489	assoc_iglur_aux	high	167.0	0.7692		1.0
tr|A0AAJ7U9J5|A0AAJ7U9J5_PETMA	Petromyzon marinus	vertebrate	1060	nonchannel_class_c_gpcr	high	589.7	0.913		1.0
tr|A0AAJ7UAT8|A0AAJ7UAT8_PETMA	Petromyzon marinus	vertebrate	422	assoc_nav_beta	high	36.2	0.5134		1.0
tr|A0AAJ7UC41|A0AAJ7UC41_PETMA	Petromyzon marinus	vertebrate	362	assoc_cav_aux	medium	173.6	0.4829		1.0
tr|A0AAJ7UCA8|A0AAJ7UCA8_PETMA	Petromyzon marinus	vertebrate	353	assoc_cav_aux	medium	54.8	0.4252		1.0
tr|A0AAJ7UCE4|A0AAJ7UCE4_PETMA	Petromyzon marinus	vertebrate	1398	nonchannel_class_c_gpcr	high	1047.4	0.9525	nmda	0.9509
tr|A0AAJ7UCG9|A0AAJ7UCG9_PETMA	Petromyzon marinus	vertebrate	453	pannexin	high	420.0	0.8665		1.0
tr|A0AAJ7UDP0|A0AAJ7UDP0_PETMA	Petromyzon marinus	vertebrate	963	assoc_k_beta	high	91.4	0.5512	lrrc8	0.442
tr|A0AAJ7UF31|A0AAJ7UF31_PETMA	Petromyzon marinus	vertebrate	300	assoc_cav_aux	medium	59.8	0.4143		1.0
tr|A0AAJ7UFQ2|A0AAJ7UFQ2_PETMA	Petromyzon marinus	vertebrate	227	assoc_nav_beta	medium	38.4	0.4554		1.0
tr|A0AAJ7UFX6|A0AAJ7UFX6_PETMA	Petromyzon marinus	vertebrate	220	assoc_nav_beta	high	32.7	0.6116		1.0
tr|A0AAJ7UHK5|A0AAJ7UHK5_PETMA	Petromyzon marinus	vertebrate	392	outofscope_aquaporin	high	245.8	0.8897		1.0
tr|A0AAJ7UJ12|A0AAJ7UJ12_PETMA	Petromyzon marinus	vertebrate	255	assoc_nav_beta	high	42.6	0.8438		1.0
tr|A0AAJ7UJ70|A0AAJ7UJ70_PETMA	Petromyzon marinus	vertebrate	375	assoc_nav_beta	high	52.6	0.5446		1.0
tr|A0AAJ7WL72|A0AAJ7WL72_PETMA	Petromyzon marinus	vertebrate	1481	nonchannel_class_c_gpcr	medium	40.6	0.3209		1.0
tr|A0AAJ7WMY9|A0AAJ7WMY9_PETMA	Petromyzon marinus	vertebrate	820	assoc_k_beta	medium	39.0	0.4199		1.0
tr|A0AAJ7WN17|A0AAJ7WN17_PETMA	Petromyzon marinus	vertebrate	337	assoc_nav_beta	high	86.7	0.8482		1.0
tr|A0AAJ7WN67|A0AAJ7WN67_PETMA	Petromyzon marinus	vertebrate	651	assoc_k_beta	medium	75.4	0.5328	lrrc8	0.2958
tr|A0AAJ7WNP9|A0AAJ7WNP9_PETMA	Petromyzon marinus	vertebrate	170	nonchannel_ncs	medium	77.8	0.7927	assoc_kchip	0.2802
tr|A0AAJ7WP40|A0AAJ7WP40_PETMA	Petromyzon marinus	vertebrate	539	nonchannel_kctd	high	96.3	0.8423		1.0
tr|A0AAJ7WP60|A0AAJ7WP60_PETMA	Petromyzon marinus	vertebrate	673	assoc_k_beta	high	104.4	0.5669	lrrc8	0.4148
tr|A0AAJ7WPL0|A0AAJ7WPL0_PETMA	Petromyzon marinus	vertebrate	888	assoc_k_beta	medium	128.4	0.5302	lrrc8	0.2928
tr|A0AAJ7WQI0|A0AAJ7WQI0_PETMA	Petromyzon marinus	vertebrate	257	assoc_kchip	high	412.1	0.9721	nonchannel_ncs	0.5399
tr|A0AAJ7WRJ1|A0AAJ7WRJ1_PETMA	Petromyzon marinus	vertebrate	901	nonchannel_class_c_gpcr	high	700.2	0.9119	iglur_nonvertebrate	0.9597
tr|A0AAJ7WRV4|A0AAJ7WRV4_PETMA	Petromyzon marinus	vertebrate	195	nonchannel_ncs	high	36.9	0.9171	assoc_kchip	0.3117
tr|A0AAJ7WRW0|A0AAJ7WRW0_PETMA	Petromyzon marinus	vertebrate	679	assoc_mcu_reg	high	47.6	0.5946		1.0
tr|A0AAJ7WRW5|A0AAJ7WRW5_PETMA	Petromyzon marinus	vertebrate	307	outofscope_aquaporin	high	292.3	0.9395		1.0
tr|A0AAJ7WS67|A0AAJ7WS67_PETMA	Petromyzon marinus	vertebrate	536	assoc_k_beta	high	52.5	0.6404		1.0
tr|A0AAJ7WSB7|A0AAJ7WSB7_PETMA	Petromyzon marinus	vertebrate	1565	assoc_k_beta	high	262.5	0.5066	lrrc8	0.4366
tr|A0AAJ7WTY8|A0AAJ7WTY8_PETMA	Petromyzon marinus	vertebrate	884	nonchannel_class_c_gpcr	high	1061.0	0.9412	nmda	0.9636
tr|A0AAJ7WTZ3|A0AAJ7WTZ3_PETMA	Petromyzon marinus	vertebrate	1144	assoc_cav_aux	high	493.1	0.963		1.0
tr|A0AAJ7WU38|A0AAJ7WU38_PETMA	Petromyzon marinus	vertebrate	573	assoc_k_beta	medium	47.4	0.5853	lrrc8	0.2089
tr|A0AAJ7WU78|A0AAJ7WU78_PETMA	Petromyzon marinus	vertebrate	469	assoc_k_beta	medium	65.8	0.3018		1.0
tr|A0AAJ7WVL3|A0AAJ7WVL3_PETMA	Petromyzon marinus	vertebrate	772	nonchannel_pomt	high	842.0	0.9754		1.0
tr|A0AAJ7WVR0|A0AAJ7WVR0_PETMA	Petromyzon marinus	vertebrate	375	assoc_k_beta	high	106.6	0.5144	lrrc8	0.3593
tr|A0AAJ7WVU9|A0AAJ7WVU9_PETMA	Petromyzon marinus	vertebrate	831	nonchannel_abc_transporter	medium	423.7	0.4317	assoc_sur	0.591
tr|A0AAJ7WWR4|A0AAJ7WWR4_PETMA	Petromyzon marinus	vertebrate	746	assoc_cav_aux	high	410.1	0.6612		1.0
tr|A0AAJ7WXW3|A0AAJ7WXW3_PETMA	Petromyzon marinus	vertebrate	481	mitok	high	270.2	0.5182		1.0
tr|A0AAJ7WYP4|A0AAJ7WYP4_PETMA	Petromyzon marinus	vertebrate	1008	assoc_clc_aux	high	873.5	0.9544		1.0
tr|A0AAJ7WZG9|A0AAJ7WZG9_PETMA	Petromyzon marinus	vertebrate	1604	assoc_sur	high	2894.5	1.0	nonchannel_abc_transporter	0.6036
tr|A0AAJ7WZQ1|A0AAJ7WZQ1_PETMA	Petromyzon marinus	vertebrate	201	nonchannel_ncs	high	232.7	0.886	assoc_kchip	0.5092
tr|A0AAJ7X072|A0AAJ7X072_PETMA	Petromyzon marinus	vertebrate	583	assoc_k_beta	high	69.0	0.6378	lrrc8	0.5014
tr|A0AAJ7X0I5|A0AAJ7X0I5_PETMA	Petromyzon marinus	vertebrate	310	outofscope_aquaporin	high	248.4	0.9359		1.0
tr|A0AAJ7X0U9|A0AAJ7X0U9_PETMA	Petromyzon marinus	vertebrate	195	nonchannel_ncs	high	229.8	0.9741	assoc_kchip	0.4395
tr|A0AAJ7X2D6|A0AAJ7X2D6_PETMA	Petromyzon marinus	vertebrate	149	nonchannel_ncs	high	60.1	0.5648		1.0
tr|A0AAJ7X3E8|A0AAJ7X3E8_PETMA	Petromyzon marinus	vertebrate	904	assoc_k_beta	medium	76.8	0.3622		1.0
tr|A0AAJ7X3X8|A0AAJ7X3X8_PETMA	Petromyzon marinus	vertebrate	273	assoc_nav_beta	high	69.2	0.7902		1.0
tr|A0AAJ7X430|A0AAJ7X430_PETMA	Petromyzon marinus	vertebrate	249	assoc_nav_beta	high	117.2	0.875		1.0
tr|A0AAJ7X431|A0AAJ7X431_PETMA	Petromyzon marinus	vertebrate	823	assoc_k_beta	medium	88.5	0.5512	lrrc8	0.2576
tr|A0AAJ7X4M0|A0AAJ7X4M0_PETMA	Petromyzon marinus	vertebrate	264	outofscope_aquaporin	high	270.0	0.9181		1.0
tr|A0AAJ7X4V4|A0AAJ7X4V4_PETMA	Petromyzon marinus	vertebrate	373	outofscope_aquaporin	high	164.1	0.8648		1.0
tr|A0AAJ7X521|A0AAJ7X521_PETMA	Petromyzon marinus	vertebrate	800	assoc_k_beta	high	159.8	0.9528		1.0
tr|A0AAJ7X5N8|A0AAJ7X5N8_PETMA	Petromyzon marinus	vertebrate	346	assoc_k_beta	high	79.4	0.6247	lrrc8	0.6486
tr|A0AAJ7X5R4|A0AAJ7X5R4_PETMA	Petromyzon marinus	vertebrate	188	nonchannel_ncs	high	52.6	0.8342	assoc_kchip	0.3916
tr|A0AAJ7X651|A0AAJ7X651_PETMA	Petromyzon marinus	vertebrate	289	assoc_nav_beta	high	30.6	0.6295		1.0
tr|A0AAJ7X687|A0AAJ7X687_PETMA	Petromyzon marinus	vertebrate	474	assoc_iglur_aux	high	84.5	0.5942		1.0
tr|A0AAJ7X689|A0AAJ7X689_PETMA	Petromyzon marinus	vertebrate	971	nonchannel_class_c_gpcr	high	1147.4	0.9763		1.0
tr|A0AAJ7X6A2|A0AAJ7X6A2_PETMA	Petromyzon marinus	vertebrate	901	assoc_k_beta	medium	64.4	0.4619		1.0
tr|A0AAJ7X7G7|A0AAJ7X7G7_PETMA	Petromyzon marinus	vertebrate	464	assoc_cav_aux	high	185.6	0.5583		1.0
tr|A0AAJ7X7N0|A0AAJ7X7N0_PETMA	Petromyzon marinus	vertebrate	765	trpv	high	561.3	0.8163		1.0
tr|A0AAJ7X8W7|A0AAJ7X8W7_PETMA	Petromyzon marinus	vertebrate	810	assoc_k_beta	medium	34.6	0.3176		1.0
tr|A0AAJ7X966|A0AAJ7X966_PETMA	Petromyzon marinus	vertebrate	803	assoc_k_beta	high	228.9	0.9554		1.0
tr|A0AAJ7X9A3|A0AAJ7X9A3_PETMA	Petromyzon marinus	vertebrate	1535	nonchannel_abc_transporter	high	1736.0	0.9969	assoc_sur	0.515
tr|A0AAJ7X9F2|A0AAJ7X9F2_PETMA	Petromyzon marinus	vertebrate	295	outofscope_aquaporin	high	206.8	0.8541		1.0
tr|A0AAJ7XAK8|A0AAJ7XAK8_PETMA	Petromyzon marinus	vertebrate	645	assoc_k_beta	medium	35.6	0.4934	lrrc8	0.2584
tr|A0AAJ7XBN6|A0AAJ7XBN6_PETMA	Petromyzon marinus	vertebrate	1043	nonchannel_class_c_gpcr	high	870.7	0.974		1.0
tr|A0AAJ7XC23|A0AAJ7XC23_PETMA	Petromyzon marinus	vertebrate	725	nonchannel_pomt	high	811.5	0.9335		1.0
tr|A0AAJ7XCL2|A0AAJ7XCL2_PETMA	Petromyzon marinus	vertebrate	193	nonchannel_ncs	high	248.1	0.9689	assoc_kchip	0.4526
tr|A0AAJ7XDL4|A0AAJ7XDL4_PETMA	Petromyzon marinus	vertebrate	170	nonchannel_ncs	high	74.8	0.6891	assoc_kchip	0.3168
tr|A0AAJ7XDV8|A0AAJ7XDV8_PETMA	Petromyzon marinus	vertebrate	157	nonchannel_ncs	medium	43.1	0.456		1.0
tr|A0AAJ7XE06|A0AAJ7XE06_PETMA	Petromyzon marinus	vertebrate	1447	nonchannel_abc_transporter	high	1656.9	0.9732	assoc_sur	0.567
tr|A0AAJ7XEE3|A0AAJ7XEE3_PETMA	Petromyzon marinus	vertebrate	1036	assoc_k_beta	medium	40.5	0.3937		1.0
tr|A0AAJ7XEH4|A0AAJ7XEH4_PETMA	Petromyzon marinus	vertebrate	1370	nonchannel_abc_transporter	medium	715.2	0.4739	assoc_sur	0.6317
tr|A0AAJ7XFH1|A0AAJ7XFH1_PETMA	Petromyzon marinus	vertebrate	528	nonchannel_ncs	medium	32.4	0.3679		1.0
tr|A0AAJ7XG27|A0AAJ7XG27_PETMA	Petromyzon marinus	vertebrate	478	assoc_nav_beta	high	30.2	0.5089		1.0
tr|A0AAJ7XG88|A0AAJ7XG88_PETMA	Petromyzon marinus	vertebrate	425	assoc_mcu_reg	high	287.6	0.732		1.0
tr|A0AAJ7XGM7|A0AAJ7XGM7_PETMA	Petromyzon marinus	vertebrate	189	nonchannel_ncs	high	226.2	0.9067	assoc_kchip	0.4872
tr|A0AAJ7XIW3|A0AAJ7XIW3_PETMA	Petromyzon marinus	vertebrate	387	assoc_nav_beta	high	77.7	0.6875		1.0
tr|A0AAJ7XL10|A0AAJ7XL10_PETMA	Petromyzon marinus	vertebrate	208	assoc_nav_beta	high	59.2	0.7768		1.0
tr|A0AAN0ID33|A0AAN0ID33_AMPQE	Amphimedon queenslandica	basal_metazoan	186	nonchannel_ncs	high	45.7	0.9585		1.0
tr|A0AAN0IF10|A0AAN0IF10_AMPQE	Amphimedon queenslandica	basal_metazoan	919	nonchannel_class_c_gpcr	high	605.9	0.9096	nmda	0.9523
tr|A0AAN0IFK3|A0AAN0IFK3_AMPQE	Amphimedon queenslandica	basal_metazoan	834	nonchannel_class_c_gpcr	high	236.7	0.7977		1.0
tr|A0AAN0IJ35|A0AAN0IJ35_AMPQE	Amphimedon queenslandica	basal_metazoan	272	nonchannel_ncs	medium	55.7	0.6943	assoc_kchip	0.2855
tr|A0AAN0IJK0|A0AAN0IJK0_AMPQE	Amphimedon queenslandica	basal_metazoan	530	nonchannel_abc_transporter	medium	508.0	0.3942	assoc_sur	0.2884
tr|A0AAN0IJK5|A0AAN0IJK5_AMPQE	Amphimedon queenslandica	basal_metazoan	365	nonchannel_class_c_gpcr	medium	257.6	0.348	nmda	0.901
tr|A0AAN0IL63|A0AAN0IL63_AMPQE	Amphimedon queenslandica	basal_metazoan	939	nonchannel_class_c_gpcr	high	654.5	0.9266		1.0
tr|A0AAN0IMB0|A0AAN0IMB0_AMPQE	Amphimedon queenslandica	basal_metazoan	1076	nonchannel_abc_transporter	medium	378.7	0.4824	assoc_sur	0.6744
tr|A0AAN0INU6|A0AAN0INU6_AMPQE	Amphimedon queenslandica	basal_metazoan	451	nonchannel_class_c_gpcr	medium	97.7	0.3559	kainate	0.6745
tr|A0AAN0IPR6|A0AAN0IPR6_AMPQE	Amphimedon queenslandica	basal_metazoan	301	trpn	medium	94.3	0.4615	trpa	0.5302
tr|A0AAN0IQY3|A0AAN0IQY3_AMPQE	Amphimedon queenslandica	basal_metazoan	417	assoc_k_beta	medium	37.4	0.4252		1.0
tr|A0AAN0ISV3|A0AAN0ISV3_AMPQE	Amphimedon queenslandica	basal_metazoan	567	trpn	medium	79.0	0.4376	trpa	0.3608
tr|A0AAN0ISV5|A0AAN0ISV5_AMPQE	Amphimedon queenslandica	basal_metazoan	373	nonchannel_class_c_gpcr	medium	81.6	0.322		1.0
tr|A0AAN0ISY0|A0AAN0ISY0_AMPQE	Amphimedon queenslandica	basal_metazoan	289	nonchannel_class_c_gpcr	medium	81.7	0.313		1.0
tr|A0AAN0ISZ9|A0AAN0ISZ9_AMPQE	Amphimedon queenslandica	basal_metazoan	941	nonchannel_abc_transporter	high	1045.4	0.7147	assoc_sur	0.4839
tr|A0AAN0ITR4|A0AAN0ITR4_AMPQE	Amphimedon queenslandica	basal_metazoan	314	assoc_k_beta	medium	71.0	0.4357	lrrc8	0.1451
tr|A0AAN0IV30|A0AAN0IV30_AMPQE	Amphimedon queenslandica	basal_metazoan	646	nonchannel_class_c_gpcr	medium	167.9	0.4192		1.0
tr|A0AAN0IW18|A0AAN0IW18_AMPQE	Amphimedon queenslandica	basal_metazoan	1647	nonchannel_ncs	medium	50.7	0.5855	assoc_kchip	0.1755
tr|A0AAN0IW54|A0AAN0IW54_AMPQE	Amphimedon queenslandica	basal_metazoan	960	nonchannel_class_c_gpcr	high	245.2	0.7503		1.0
tr|A0AAN0IWY6|A0AAN0IWY6_AMPQE	Amphimedon queenslandica	basal_metazoan	782	nonchannel_class_c_gpcr	high	234.7	0.591		1.0
tr|A0AAN0IX91|A0AAN0IX91_AMPQE	Amphimedon queenslandica	basal_metazoan	783	nonchannel_class_c_gpcr	high	240.5	0.5605		1.0
tr|A0AAN0IXN2|A0AAN0IXN2_AMPQE	Amphimedon queenslandica	basal_metazoan	822	nonchannel_class_c_gpcr	high	234.6	0.7661		1.0
tr|A0AAN0IZJ1|A0AAN0IZJ1_AMPQE	Amphimedon queenslandica	basal_metazoan	454	nonchannel_ncs	high	137.7	0.5907		1.0
tr|A0AAN0J0T5|A0AAN0J0T5_AMPQE	Amphimedon queenslandica	basal_metazoan	700	nonchannel_class_c_gpcr	high	109.2	0.5718		1.0
tr|A0AAN0J168|A0AAN0J168_AMPQE	Amphimedon queenslandica	basal_metazoan	960	assoc_k_beta	medium	64.9	0.4672	lrrc8	0.3867
tr|A0AAN0J1A7|A0AAN0J1A7_AMPQE	Amphimedon queenslandica	basal_metazoan	700	assoc_catsper_aux	medium	114.9	0.3515		1.0
tr|A0AAN0J1G4|A0AAN0J1G4_AMPQE	Amphimedon queenslandica	basal_metazoan	779	nonchannel_class_c_gpcr	high	130.4	0.7616		1.0
tr|A0AAN0J1S3|A0AAN0J1S3_AMPQE	Amphimedon queenslandica	basal_metazoan	885	nonchannel_class_c_gpcr	high	632.8	0.9073		1.0
tr|A0AAN0J2B9|A0AAN0J2B9_AMPQE	Amphimedon queenslandica	basal_metazoan	413	nonchannel_class_c_gpcr	medium	74.4	0.4203		1.0
tr|A0AAN0J2H5|A0AAN0J2H5_AMPQE	Amphimedon queenslandica	basal_metazoan	864	nonchannel_abc_transporter	high	913.1	0.6465	cftr	0.4116
tr|A0AAN0J2K1|A0AAN0J2K1_AMPQE	Amphimedon queenslandica	basal_metazoan	1060	nonchannel_class_c_gpcr	high	643.2	0.7085		1.0
tr|A0AAN0J2K4|A0AAN0J2K4_AMPQE	Amphimedon queenslandica	basal_metazoan	888	nonchannel_class_c_gpcr	medium	614.5	0.4938		1.0
tr|A0AAN0J2R8|A0AAN0J2R8_AMPQE	Amphimedon queenslandica	basal_metazoan	1001	nonchannel_abc_transporter	high	881.2	0.7239	cftr	0.4378
tr|A0AAN0J2Z7|A0AAN0J2Z7_AMPQE	Amphimedon queenslandica	basal_metazoan	806	transporter_slc26	high	529.5	0.9085		1.0
tr|A0AAN0J3M5|A0AAN0J3M5_AMPQE	Amphimedon queenslandica	basal_metazoan	817	nonchannel_class_c_gpcr	high	171.5	0.8		1.0
tr|A0AAN0J4K6|A0AAN0J4K6_AMPQE	Amphimedon queenslandica	basal_metazoan	382	assoc_mcu_reg	high	203.7	0.5383		1.0
tr|A0AAN0J4X8|A0AAN0J4X8_AMPQE	Amphimedon queenslandica	basal_metazoan	370	outofscope_aquaporin	high	115.2	0.7509		1.0
tr|A0AAN0J590|A0AAN0J590_AMPQE	Amphimedon queenslandica	basal_metazoan	749	nonchannel_class_c_gpcr	high	181.7	0.5379		1.0
tr|A0AAN0J7I3|A0AAN0J7I3_AMPQE	Amphimedon queenslandica	basal_metazoan	633	nonchannel_abc_transporter	medium	559.8	0.4509	cftr	0.3625
tr|A0AAN0J7L6|A0AAN0J7L6_AMPQE	Amphimedon queenslandica	basal_metazoan	900	nonchannel_abc_transporter	high	644.2	0.6672	cftr	0.3415
tr|A0AAN0J817|A0AAN0J817_AMPQE	Amphimedon queenslandica	basal_metazoan	2664	trpn	medium	593.6	0.3103	trpa	0.5192
tr|A0AAN0J833|A0AAN0J833_AMPQE	Amphimedon queenslandica	basal_metazoan	1283	nonchannel_vsp	high	87.2	0.5598		1.0
tr|A0AAN0J871|A0AAN0J871_AMPQE	Amphimedon queenslandica	basal_metazoan	1098	nonchannel_abc_transporter	high	853.3	0.5782	assoc_sur	0.4249
tr|A0AAN0J9F6|A0AAN0J9F6_AMPQE	Amphimedon queenslandica	basal_metazoan	1317	nonchannel_abc_transporter	high	1199.0	0.7669	assoc_sur	0.5545
tr|A0AAN0J9Z1|A0AAN0J9Z1_AMPQE	Amphimedon queenslandica	basal_metazoan	650	assoc_stim	medium	191.1	0.4268		1.0
tr|A0AAN0JA33|A0AAN0JA33_AMPQE	Amphimedon queenslandica	basal_metazoan	191	nonchannel_ncs	medium	44.3	0.886	assoc_kchip	0.2889
tr|A0AAN0JAX7|A0AAN0JAX7_AMPQE	Amphimedon queenslandica	basal_metazoan	809	nonchannel_class_c_gpcr	high	258.2	0.8045		1.0
tr|A0AAN0JB54|A0AAN0JB54_AMPQE	Amphimedon queenslandica	basal_metazoan	482	nonchannel_class_c_gpcr	medium	156.1	0.3514		1.0
tr|A0AAN0JB73|A0AAN0JB73_AMPQE	Amphimedon queenslandica	basal_metazoan	803	nonchannel_class_c_gpcr	high	257.6	0.7548	kainate	0.887
tr|A0AAN0JB78|A0AAN0JB78_AMPQE	Amphimedon queenslandica	basal_metazoan	803	nonchannel_class_c_gpcr	high	249.3	0.8	kainate	0.8668
tr|A0AAN0JC59|A0AAN0JC59_AMPQE	Amphimedon queenslandica	basal_metazoan	664	nonchannel_abc_transporter	medium	786.2	0.4762	assoc_sur	0.3906
tr|A0AAN0JCE2|A0AAN0JCE2_AMPQE	Amphimedon queenslandica	basal_metazoan	1428	nonchannel_abc_transporter	medium	666.8	0.4034	assoc_sur	0.6198
tr|A0AAN0JCG5|A0AAN0JCG5_AMPQE	Amphimedon queenslandica	basal_metazoan	227	trpn	medium	98.3	0.3362	trpa	0.1679
tr|A0AAN0JD73|A0AAN0JD73_AMPQE	Amphimedon queenslandica	basal_metazoan	1489	nonchannel_abc_transporter	high	1459.7	0.9601	assoc_sur	0.5013
tr|A0AAN0JDB8|A0AAN0JDB8_AMPQE	Amphimedon queenslandica	basal_metazoan	1377	nonchannel_abc_transporter	high	1479.0	0.9624	assoc_sur	0.4768
tr|A0AAN0JDL1|A0AAN0JDL1_AMPQE	Amphimedon queenslandica	basal_metazoan	397	trpn	medium	172.7	0.4508	trpa	0.4256
tr|A0AAN0JE21|A0AAN0JE21_AMPQE	Amphimedon queenslandica	basal_metazoan	733	nonchannel_class_c_gpcr	high	183.8	0.5028		1.0
tr|A0AAN0JE34|A0AAN0JE34_AMPQE	Amphimedon queenslandica	basal_metazoan	767	nonchannel_abc_transporter	medium	294.9	0.3689	assoc_sur	0.6273
tr|A0AAN0JET8|A0AAN0JET8_AMPQE	Amphimedon queenslandica	basal_metazoan	808	nonchannel_class_c_gpcr	high	134.0	0.6576		1.0
tr|A0AAN0JEV3|A0AAN0JEV3_AMPQE	Amphimedon queenslandica	basal_metazoan	1259	nonchannel_abc_transporter	high	1110.1	0.9156	cftr	0.4619
tr|A0AAN0JGD3|A0AAN0JGD3_AMPQE	Amphimedon queenslandica	basal_metazoan	851	assoc_k_beta	medium	118.2	0.5092	lrrc8	0.28
tr|A0AAN0JGE4|A0AAN0JGE4_AMPQE	Amphimedon queenslandica	basal_metazoan	1476	nonchannel_abc_transporter	high	1572.9	0.9609	assoc_sur	0.517
tr|A0AAN0JGK2|A0AAN0JGK2_AMPQE	Amphimedon queenslandica	basal_metazoan	853	nonchannel_class_c_gpcr	medium	82.3	0.3017		1.0
tr|A0AAN0JGM2|A0AAN0JGM2_AMPQE	Amphimedon queenslandica	basal_metazoan	884	nonchannel_class_c_gpcr	high	125.6	0.5288		1.0
tr|A0AAN0JH72|A0AAN0JH72_AMPQE	Amphimedon queenslandica	basal_metazoan	823	nonchannel_class_c_gpcr	high	206.6	0.652		1.0
tr|A0AAN0JI06|A0AAN0JI06_AMPQE	Amphimedon queenslandica	basal_metazoan	785	nonchannel_ncs	high	62.1	0.7047	assoc_kchip	0.3285
tr|A0AAN0JI69|A0AAN0JI69_AMPQE	Amphimedon queenslandica	basal_metazoan	1432	nonchannel_abc_transporter	high	1246.0	0.9601	cftr	0.4156
tr|A0AAN0JJ17|A0AAN0JJ17_AMPQE	Amphimedon queenslandica	basal_metazoan	520	nonchannel_class_c_gpcr	high	330.0	0.5107	nmda	0.9164
tr|A0AAN0JN11|A0AAN0JN11_AMPQE	Amphimedon queenslandica	basal_metazoan	1014	nonchannel_abc_transporter	high	783.2	0.6334	assoc_sur	0.5881
tr|A0AAN0JR53|A0AAN0JR53_AMPQE	Amphimedon queenslandica	basal_metazoan	292	nonchannel_class_c_gpcr	medium	121.7	0.3141		1.0
tr|A0AAN0JT67|A0AAN0JT67_AMPQE	Amphimedon queenslandica	basal_metazoan	824	nonchannel_class_c_gpcr	high	200.4	0.7695		1.0
tr|A0AAN0JU06|A0AAN0JU06_AMPQE	Amphimedon queenslandica	basal_metazoan	1178	nonchannel_abc_transporter	high	868.5	0.8305	cftr	0.4563
tr|A0AAN0JU13|A0AAN0JU13_AMPQE	Amphimedon queenslandica	basal_metazoan	487	nonchannel_abc_transporter	medium	354.5	0.3321	cftr	0.2843
tr|A0AAN0JYW2|A0AAN0JYW2_AMPQE	Amphimedon queenslandica	basal_metazoan	160	assoc_mcu_reg	medium	96.2	0.3018		1.0
tr|A0AAN0K4D2|A0AAN0K4D2_AMPQE	Amphimedon queenslandica	basal_metazoan	760	transporter_slc26	high	576.5	0.8308		1.0
tr|A0AAN0K4Z9|A0AAN0K4Z9_AMPQE	Amphimedon queenslandica	basal_metazoan	765	nonchannel_pomt	high	684.3	0.9187		1.0
tr|A0AAV2GXZ5|A0AAV2GXZ5_LYMST	Lymnaea stagnalis	invertebrate	979	assoc_clc_aux	high	474.6	0.9121		1.0
tr|A0AAV2GY73|A0AAV2GY73_LYMST	Lymnaea stagnalis	invertebrate	207	assoc_kchip	high	326.2	0.7809	nonchannel_ncs	0.3774
tr|A0AAV2GYF8|A0AAV2GYF8_LYMST	Lymnaea stagnalis	invertebrate	1310	nonchannel_abc_transporter	medium	677.8	0.4187	assoc_sur	0.6201
tr|A0AAV2GYH1|A0AAV2GYH1_LYMST	Lymnaea stagnalis	invertebrate	720	nonchannel_class_c_gpcr	medium	108.9	0.3322		1.0
tr|A0AAV2GZ44|A0AAV2GZ44_LYMST	Lymnaea stagnalis	invertebrate	1614	nonchannel_ncs	high	53.5	0.6062	assoc_kchip	0.4972
tr|A0AAV2GZ89|A0AAV2GZ89_LYMST	Lymnaea stagnalis	invertebrate	854	nonchannel_pomt	high	705.5	0.92		1.0
tr|A0AAV2GZF0|A0AAV2GZF0_LYMST	Lymnaea stagnalis	invertebrate	711	assoc_k_beta	medium	72.6	0.3386	lrrc8	0.3113
tr|A0AAV2GZP9|A0AAV2GZP9_LYMST	Lymnaea stagnalis	invertebrate	614	nonchannel_abc_transporter	medium	64.8	0.4141		1.0
tr|A0AAV2GZQ3|A0AAV2GZQ3_LYMST	Lymnaea stagnalis	invertebrate	687	nonchannel_class_c_gpcr	high	118.5	0.6056		1.0
tr|A0AAV2GZW4|A0AAV2GZW4_LYMST	Lymnaea stagnalis	invertebrate	501	hv1	high	76.6	0.5137		1.0
tr|A0AAV2H046|A0AAV2H046_LYMST	Lymnaea stagnalis	invertebrate	1080	nonchannel_abc_transporter	high	926.8	0.6664	cftr	0.3704
tr|A0AAV2H0U8|A0AAV2H0U8_LYMST	Lymnaea stagnalis	invertebrate	517	assoc_k_beta	high	46.0	0.5066		1.0
tr|A0AAV2H1P0|A0AAV2H1P0_LYMST	Lymnaea stagnalis	invertebrate	783	assoc_k_beta	medium	88.2	0.4331	lrrc8	0.4036
tr|A0AAV2H1Q1|A0AAV2H1Q1_LYMST	Lymnaea stagnalis	invertebrate	1615	nonchannel_abc_transporter	high	1463.6	0.9716	assoc_sur	0.4617
tr|A0AAV2H1Z2|A0AAV2H1Z2_LYMST	Lymnaea stagnalis	invertebrate	836	assoc_k_beta	high	69.6	0.9475		1.0
tr|A0AAV2H2C2|A0AAV2H2C2_LYMST	Lymnaea stagnalis	invertebrate	809	nonchannel_class_c_gpcr	high	487.1	0.8791		1.0
tr|A0AAV2H2I5|A0AAV2H2I5_LYMST	Lymnaea stagnalis	invertebrate	150	assoc_k_beta	medium	45.6	0.315	lrrc8	0.386
tr|A0AAV2H2P2|A0AAV2H2P2_LYMST	Lymnaea stagnalis	invertebrate	418	assoc_k_beta	medium	32.8	0.3806		1.0
tr|A0AAV2H2P4|A0AAV2H2P4_LYMST	Lymnaea stagnalis	invertebrate	418	assoc_k_beta	medium	35.2	0.4016		1.0
tr|A0AAV2H2T0|A0AAV2H2T0_LYMST	Lymnaea stagnalis	invertebrate	442	assoc_k_beta	medium	37.8	0.3097		1.0
tr|A0AAV2H2Z4|A0AAV2H2Z4_LYMST	Lymnaea stagnalis	invertebrate	491	nonchannel_abc_transporter	medium	335.3	0.3474	assoc_sur	0.5634
tr|A0AAV2H2Z8|A0AAV2H2Z8_LYMST	Lymnaea stagnalis	invertebrate	1587	nonchannel_abc_transporter	high	1308.7	0.9716	assoc_sur	0.4804
tr|A0AAV2H3H1|A0AAV2H3H1_LYMST	Lymnaea stagnalis	invertebrate	1113	assoc_k_beta	medium	48.0	0.3963	lrrc8	0.1875
tr|A0AAV2H403|A0AAV2H403_LYMST	Lymnaea stagnalis	invertebrate	1345	nonchannel_abc_transporter	medium	679.5	0.4456	assoc_sur	0.5816
tr|A0AAV2H406|A0AAV2H406_LYMST	Lymnaea stagnalis	invertebrate	1587	nonchannel_abc_transporter	high	1362.5	0.9563	assoc_sur	0.5018
tr|A0AAV2H408|A0AAV2H408_LYMST	Lymnaea stagnalis	invertebrate	706	nonchannel_abc_transporter	medium	655.7	0.4778	assoc_sur	0.483
tr|A0AAV2H4C2|A0AAV2H4C2_LYMST	Lymnaea stagnalis	invertebrate	776	assoc_k_beta	medium	60.2	0.5564	lrrc8	0.299
tr|A0AAV2H4J5|A0AAV2H4J5_LYMST	Lymnaea stagnalis	invertebrate	569	nonchannel_abc_transporter	medium	399.7	0.4241	assoc_sur	0.5522
tr|A0AAV2H4Z0|A0AAV2H4Z0_LYMST	Lymnaea stagnalis	invertebrate	673	nonchannel_class_c_gpcr	high	413.3	0.7458		1.0
tr|A0AAV2H543|A0AAV2H543_LYMST	Lymnaea stagnalis	invertebrate	263	outofscope_aquaporin	high	213.1	0.8683		1.0
tr|A0AAV2H555|A0AAV2H555_LYMST	Lymnaea stagnalis	invertebrate	238	plgic_prok	medium	66.1	0.6388	nachr	0.2905
tr|A0AAV2H622|A0AAV2H622_LYMST	Lymnaea stagnalis	invertebrate	752	assoc_k_beta	medium	38.1	0.399		1.0
tr|A0AAV2H636|A0AAV2H636_LYMST	Lymnaea stagnalis	invertebrate	905	assoc_k_beta	medium	53.1	0.4961	lrrc8	0.194
tr|A0AAV2H6G7|A0AAV2H6G7_LYMST	Lymnaea stagnalis	invertebrate	1479	nonchannel_abc_transporter	high	1266.4	0.9747	assoc_sur	0.5029
tr|A0AAV2H752|A0AAV2H752_LYMST	Lymnaea stagnalis	invertebrate	255	outofscope_aquaporin	high	110.1	0.6406		1.0
tr|A0AAV2H7A8|A0AAV2H7A8_LYMST	Lymnaea stagnalis	invertebrate	893	assoc_k_beta	high	113.1	0.5276	lrrc8	0.3298
tr|A0AAV2H7T8|A0AAV2H7T8_LYMST	Lymnaea stagnalis	invertebrate	1338	nonchannel_vsp	medium	107.9	0.3424		1.0
tr|A0AAV2H7W7|A0AAV2H7W7_LYMST	Lymnaea stagnalis	invertebrate	612	assoc_k_beta	medium	39.7	0.3596		1.0
tr|A0AAV2H7Y1|A0AAV2H7Y1_LYMST	Lymnaea stagnalis	invertebrate	193	nonchannel_ncs	high	332.2	0.9896	assoc_kchip	0.3859
tr|A0AAV2H894|A0AAV2H894_LYMST	Lymnaea stagnalis	invertebrate	477	outofscope_aquaporin	high	184.7	0.8434		1.0
tr|A0AAV2H8A1|A0AAV2H8A1_LYMST	Lymnaea stagnalis	invertebrate	295	outofscope_aquaporin	high	51.7	0.8256		1.0
tr|A0AAV2H8E3|A0AAV2H8E3_LYMST	Lymnaea stagnalis	invertebrate	189	nonchannel_ncs	high	61.0	0.9067		1.0
tr|A0AAV2H937|A0AAV2H937_LYMST	Lymnaea stagnalis	invertebrate	838	nonchannel_abc_transporter	medium	347.5	0.4202	assoc_sur	0.6078
tr|A0AAV2H938|A0AAV2H938_LYMST	Lymnaea stagnalis	invertebrate	170	nonchannel_ncs	medium	74.0	0.7824	assoc_kchip	0.2581
tr|A0AAV2H967|A0AAV2H967_LYMST	Lymnaea stagnalis	invertebrate	210	nonchannel_ncs	high	34.3	0.7513		1.0
tr|A0AAV2H9G8|A0AAV2H9G8_LYMST	Lymnaea stagnalis	invertebrate	311	clic	medium	30.0	0.4321		1.0
tr|A0AAV2H9I5|A0AAV2H9I5_LYMST	Lymnaea stagnalis	invertebrate	192	nonchannel_ncs	medium	223.6	0.9637	assoc_kchip	0.2504
tr|A0AAV2HAB3|A0AAV2HAB3_LYMST	Lymnaea stagnalis	invertebrate	1564	nonchannel_abc_transporter	high	1622.8	0.9617	assoc_sur	0.4673
tr|A0AAV2HAC5|A0AAV2HAC5_LYMST	Lymnaea stagnalis	invertebrate	958	assoc_k_beta	medium	47.9	0.4016	lrrc8	0.1023
tr|A0AAV2HAT5|A0AAV2HAT5_LYMST	Lymnaea stagnalis	invertebrate	141	nonchannel_ncs	high	38.6	0.6891		1.0
tr|A0AAV2HB24|A0AAV2HB24_LYMST	Lymnaea stagnalis	invertebrate	141	nonchannel_ncs	high	41.1	0.7617		1.0
tr|A0AAV2HBP3|A0AAV2HBP3_LYMST	Lymnaea stagnalis	invertebrate	208	nonchannel_ncs	high	39.0	0.5699		1.0
tr|A0AAV2HBQ8|A0AAV2HBQ8_LYMST	Lymnaea stagnalis	invertebrate	2401	trpn	medium	441.8	0.3585	trpa	0.4966
tr|A0AAV2HBW5|A0AAV2HBW5_LYMST	Lymnaea stagnalis	invertebrate	673	transporter_slc26	high	425.7	0.7822		1.0
tr|A0AAV2HC78|A0AAV2HC78_LYMST	Lymnaea stagnalis	invertebrate	1396	assoc_k_beta	high	107.1	0.5407		1.0
tr|A0AAV2HCF8|A0AAV2HCF8_LYMST	Lymnaea stagnalis	invertebrate	690	nonchannel_class_c_gpcr	high	416.6	0.7458		1.0
tr|A0AAV2HCU6|A0AAV2HCU6_LYMST	Lymnaea stagnalis	invertebrate	272	assoc_cav_aux	medium	81.9	0.4733		1.0
tr|A0AAV2HD02|A0AAV2HD02_LYMST	Lymnaea stagnalis	invertebrate	447	assoc_k_beta	medium	32.9	0.4016		1.0
tr|A0AAV2HD70|A0AAV2HD70_LYMST	Lymnaea stagnalis	invertebrate	943	trpn	medium	35.1	0.3732		1.0
tr|A0AAV2HDU9|A0AAV2HDU9_LYMST	Lymnaea stagnalis	invertebrate	982	assoc_clc_aux	high	500.6	0.9273		1.0
tr|A0AAV2HEB6|A0AAV2HEB6_LYMST	Lymnaea stagnalis	invertebrate	683	assoc_k_beta	medium	91.0	0.4856	lrrc8	0.2308
tr|A0AAV2HEJ6|A0AAV2HEJ6_LYMST	Lymnaea stagnalis	invertebrate	1412	nonchannel_abc_transporter	high	821.4	0.9463	cftr	0.3717
tr|A0AAV2HEK1|A0AAV2HEK1_LYMST	Lymnaea stagnalis	invertebrate	515	assoc_mcu_reg	high	370.0	0.786		1.0
tr|A0AAV2HES7|A0AAV2HES7_LYMST	Lymnaea stagnalis	invertebrate	687	transporter_slc26	high	429.7	0.6533		1.0
tr|A0AAV2HFQ4|A0AAV2HFQ4_LYMST	Lymnaea stagnalis	invertebrate	183	nonchannel_ncs	high	50.2	0.943	assoc_kchip	0.4163
tr|A0AAV2HFV0|A0AAV2HFV0_LYMST	Lymnaea stagnalis	invertebrate	139	nonchannel_ncs	medium	49.0	0.4041		1.0
tr|A0AAV2HFV1|A0AAV2HFV1_LYMST	Lymnaea stagnalis	invertebrate	141	nonchannel_ncs	high	43.4	0.7772		1.0
tr|A0AAV2HG54|A0AAV2HG54_LYMST	Lymnaea stagnalis	invertebrate	1438	nonchannel_abc_transporter	high	1267.6	0.9594	assoc_sur	0.4774
tr|A0AAV2HGL6|A0AAV2HGL6_LYMST	Lymnaea stagnalis	invertebrate	872	nonchannel_class_c_gpcr	high	555.7	0.9288	kainate	0.9527
tr|A0AAV2HGS8|A0AAV2HGS8_LYMST	Lymnaea stagnalis	invertebrate	1585	nonchannel_abc_transporter	high	1524.8	0.9747	assoc_sur	0.4553
tr|A0AAV2HH02|A0AAV2HH02_LYMST	Lymnaea stagnalis	invertebrate	1548	nonchannel_abc_transporter	high	1525.6	0.9755	assoc_sur	0.4518
tr|A0AAV2HH76|A0AAV2HH76_LYMST	Lymnaea stagnalis	invertebrate	357	assoc_mcu_reg	medium	44.7	0.3311		1.0
tr|A0AAV2HHH6|A0AAV2HHH6_LYMST	Lymnaea stagnalis	invertebrate	1358	assoc_k_beta	medium	68.5	0.4199	lrrc8	0.2204
tr|A0AAV2HHI1|A0AAV2HHI1_LYMST	Lymnaea stagnalis	invertebrate	568	assoc_cav_aux	high	318.7	0.6173		1.0
tr|A0AAV2HI43|A0AAV2HI43_LYMST	Lymnaea stagnalis	invertebrate	687	nonchannel_class_c_gpcr	high	743.7	0.7729		1.0
tr|A0AAV2HI64|A0AAV2HI64_LYMST	Lymnaea stagnalis	invertebrate	1505	nonchannel_abc_transporter	high	1416.4	0.9479	assoc_sur	0.4606
tr|A0AAV2HIF7|A0AAV2HIF7_LYMST	Lymnaea stagnalis	invertebrate	2879	nonchannel_class_c_gpcr	high	1052.2	0.9367	nmda	0.9629
tr|A0AAV2HIV4|A0AAV2HIV4_LYMST	Lymnaea stagnalis	invertebrate	178	outofscope_aquaporin	high	146.1	0.5765		1.0
tr|A0AAV2HIW8|A0AAV2HIW8_LYMST	Lymnaea stagnalis	invertebrate	1597	nonchannel_abc_transporter	high	1336.1	0.9655	assoc_sur	0.4381
tr|A0AAV2HJX2|A0AAV2HJX2_LYMST	Lymnaea stagnalis	invertebrate	249	hv1	high	153.8	0.7255	cav	0.8557
tr|A0AAV2HKF6|A0AAV2HKF6_LYMST	Lymnaea stagnalis	invertebrate	405	outofscope_aquaporin	high	255.9	0.8719		1.0
tr|A0AAV2HKW4|A0AAV2HKW4_LYMST	Lymnaea stagnalis	invertebrate	464	assoc_mcu_reg	high	384.6	0.7387		1.0
tr|A0AAV2HLB9|A0AAV2HLB9_LYMST	Lymnaea stagnalis	invertebrate	1609	nonchannel_class_c_gpcr	high	869.7	0.9525		1.0
tr|A0AAV2HLC8|A0AAV2HLC8_LYMST	Lymnaea stagnalis	invertebrate	246	outofscope_aquaporin	high	206.4	0.7651		1.0
tr|A0AAV2HM02|A0AAV2HM02_LYMST	Lymnaea stagnalis	invertebrate	170	nonchannel_ncs	medium	45.1	0.456		1.0
tr|A0AAV2HM70|A0AAV2HM70_LYMST	Lymnaea stagnalis	invertebrate	102	nonchannel_ncs	medium	158.2	0.5233	assoc_kchip	0.1435
tr|A0AAV2HMR2|A0AAV2HMR2_LYMST	Lymnaea stagnalis	invertebrate	1463	nonchannel_abc_transporter	high	1350.7	0.9233	assoc_sur	0.4738
tr|A0AAV2HMR3|A0AAV2HMR3_LYMST	Lymnaea stagnalis	invertebrate	588	assoc_k_beta	medium	93.6	0.3885	lrrc8	0.1111
tr|A0AAV2HMV3|A0AAV2HMV3_LYMST	Lymnaea stagnalis	invertebrate	695	trpn	medium	367.1	0.3474	trpa	0.4993
tr|A0AAV2HNY5|A0AAV2HNY5_LYMST	Lymnaea stagnalis	invertebrate	544	nonchannel_class_c_gpcr	medium	217.2	0.4689		1.0
tr|A0AAV2HNY8|A0AAV2HNY8_LYMST	Lymnaea stagnalis	invertebrate	872	transporter_slc26	high	628.2	0.9626		1.0
tr|A0AAV2HP70|A0AAV2HP70_LYMST	Lymnaea stagnalis	invertebrate	803	assoc_kchip	high	37.8	0.6056		1.0
tr|A0AAV2HP88|A0AAV2HP88_LYMST	Lymnaea stagnalis	invertebrate	330	nonchannel_class_c_gpcr	medium	368.9	0.3797		1.0
tr|A0AAV2HPI5|A0AAV2HPI5_LYMST	Lymnaea stagnalis	invertebrate	733	nonchannel_abc_transporter	medium	391.3	0.4471	assoc_sur	0.5755
tr|A0AAV2HPQ8|A0AAV2HPQ8_LYMST	Lymnaea stagnalis	invertebrate	1025	nonchannel_abc_transporter	medium	574.4	0.3827	assoc_sur	0.5698
tr|A0AAV2HPR1|A0AAV2HPR1_LYMST	Lymnaea stagnalis	invertebrate	513	nonchannel_abc_transporter	medium	312.6	0.3919	assoc_sur	0.5509
tr|A0AAV2HPV1|A0AAV2HPV1_LYMST	Lymnaea stagnalis	invertebrate	365	nonchannel_ncs	high	32.0	0.7202		1.0
tr|A0AAV2HPV5|A0AAV2HPV5_LYMST	Lymnaea stagnalis	invertebrate	433	trpa	medium	218.9	0.3172	trpn	0.3563
tr|A0AAV2HPZ6|A0AAV2HPZ6_LYMST	Lymnaea stagnalis	invertebrate	876	nonchannel_abc_transporter	medium	404.8	0.4256	assoc_sur	0.5635
tr|A0AAV2HRL5|A0AAV2HRL5_LYMST	Lymnaea stagnalis	invertebrate	212	nonchannel_ncs	high	39.6	0.6114		1.0
tr|A0AAV2HRZ0|A0AAV2HRZ0_LYMST	Lymnaea stagnalis	invertebrate	738	assoc_k_beta	medium	73.3	0.4698	lrrc8	0.3274
tr|A0AAV2HS17|A0AAV2HS17_LYMST	Lymnaea stagnalis	invertebrate	760	assoc_k_beta	medium	46.4	0.3885	lrrc8	0.3815
tr|A0AAV2HSC9|A0AAV2HSC9_LYMST	Lymnaea stagnalis	invertebrate	600	hv1	high	80.2	0.5059		1.0
tr|A0AAV2HSG1|A0AAV2HSG1_LYMST	Lymnaea stagnalis	invertebrate	891	assoc_k_beta	medium	63.8	0.4724	lrrc8	0.4013
tr|A0AAV2HT50|A0AAV2HT50_LYMST	Lymnaea stagnalis	invertebrate	989	nonchannel_abc_transporter	medium	588.2	0.4179	assoc_sur	0.5743
tr|A0AAV2HUG6|A0AAV2HUG6_LYMST	Lymnaea stagnalis	invertebrate	1000	nonchannel_ncs	high	43.4	0.5803		1.0
tr|A0AAV2HUX2|A0AAV2HUX2_LYMST	Lymnaea stagnalis	invertebrate	650	assoc_stim	medium	253.3	0.3543		1.0
tr|A0AAV2HV48|A0AAV2HV48_LYMST	Lymnaea stagnalis	invertebrate	1513	nonchannel_ncs	medium	65.9	0.7306	assoc_kchip	0.2504
tr|A0AAV2HV50|A0AAV2HV50_LYMST	Lymnaea stagnalis	invertebrate	159	nonchannel_ncs	high	40.3	0.7668		1.0
tr|A0AAV2HVC3|A0AAV2HVC3_LYMST	Lymnaea stagnalis	invertebrate	1035	trpn	medium	139.9	0.3134	trpa	0.3159
tr|A0AAV2HVN5|A0AAV2HVN5_LYMST	Lymnaea stagnalis	invertebrate	721	transporter_slc26	high	578.7	0.9404		1.0
tr|A0AAV2HWM7|A0AAV2HWM7_LYMST	Lymnaea stagnalis	invertebrate	192	nonchannel_ncs	medium	250.0	0.9689	assoc_kchip	0.2724
tr|A0AAV2HWQ4|A0AAV2HWQ4_LYMST	Lymnaea stagnalis	invertebrate	190	outofscope_aquaporin	high	196.1	0.694		1.0
tr|A0AAV2HWQ9|A0AAV2HWQ9_LYMST	Lymnaea stagnalis	invertebrate	1416	nonchannel_abc_transporter	high	1446.3	0.9601	assoc_sur	0.4568
tr|A0AAV2HWY1|A0AAV2HWY1_LYMST	Lymnaea stagnalis	invertebrate	999	assoc_k_beta	medium	68.8	0.4619	lrrc8	0.4041
tr|A0AAV2HX57|A0AAV2HX57_LYMST	Lymnaea stagnalis	invertebrate	825	transporter_slc26	high	657.7	0.9334		1.0
tr|A0AAV2HX58|A0AAV2HX58_LYMST	Lymnaea stagnalis	invertebrate	243	nonchannel_ncs	high	47.2	0.6218	assoc_kchip	0.3008
tr|A0AAV2HXC3|A0AAV2HXC3_LYMST	Lymnaea stagnalis	invertebrate	1001	assoc_k_beta	medium	51.8	0.3491	lrrc8	0.11
tr|A0AAV2HXQ4|A0AAV2HXQ4_LYMST	Lymnaea stagnalis	invertebrate	758	assoc_k_beta	medium	59.6	0.4698	lrrc8	0.3406
tr|A0AAV2HXX8|A0AAV2HXX8_LYMST	Lymnaea stagnalis	invertebrate	1496	nonchannel_abc_transporter	high	1427.9	0.9034	assoc_sur	0.4835
tr|A0AAV2HY38|A0AAV2HY38_LYMST	Lymnaea stagnalis	invertebrate	841	transporter_slc26	high	763.1	0.9639		1.0
tr|A0AAV2HYW2|A0AAV2HYW2_LYMST	Lymnaea stagnalis	invertebrate	1333	nonchannel_abc_transporter	medium	719.7	0.4808	assoc_sur	0.6144
tr|A0AAV2HZT1|A0AAV2HZT1_LYMST	Lymnaea stagnalis	invertebrate	123	nonchannel_ncs	medium	52.6	0.4663		1.0
tr|A0AAV2I0N1|A0AAV2I0N1_LYMST	Lymnaea stagnalis	invertebrate	527	nonchannel_ncs	high	66.8	0.6477	assoc_kchip	0.4237
tr|A0AAV2I191|A0AAV2I191_LYMST	Lymnaea stagnalis	invertebrate	1501	nonchannel_abc_transporter	high	1672.3	0.9785	assoc_sur	0.4959
tr|A0AAV2I1V7|A0AAV2I1V7_LYMST	Lymnaea stagnalis	invertebrate	713	transporter_slc26	high	344.3	0.7712		1.0
tr|A0AAV2I1W5|A0AAV2I1W5_LYMST	Lymnaea stagnalis	invertebrate	564	transporter_slc26	high	382.1	0.6006		1.0
tr|A0AAV2I206|A0AAV2I206_LYMST	Lymnaea stagnalis	invertebrate	270	outofscope_aquaporin	high	191.8	0.7865		1.0
tr|A0AAV2I211|A0AAV2I211_LYMST	Lymnaea stagnalis	invertebrate	718	hv1	medium	63.6	0.4784		1.0
tr|A0AAV2I3F4|A0AAV2I3F4_LYMST	Lymnaea stagnalis	invertebrate	462	nonchannel_abc_transporter	medium	556.8	0.3359	assoc_sur	0.4574
tr|A0AAV2I3H8|A0AAV2I3H8_LYMST	Lymnaea stagnalis	invertebrate	1393	nonchannel_abc_transporter	high	1251.7	0.9387	assoc_sur	0.4927
tr|A0AAV2I3P8|A0AAV2I3P8_LYMST	Lymnaea stagnalis	invertebrate	328	outofscope_aquaporin	high	202.9	0.9359		1.0
tr|A0AAV2I4X0|A0AAV2I4X0_LYMST	Lymnaea stagnalis	invertebrate	782	nonchannel_abc_transporter	medium	684.3	0.3972	cftr	0.3326
tr|A0AAV2I519|A0AAV2I519_LYMST	Lymnaea stagnalis	invertebrate	1077	assoc_cav_aux	high	242.6	0.8505		1.0
tr|A0AAV2I5X8|A0AAV2I5X8_LYMST	Lymnaea stagnalis	invertebrate	1596	nonchannel_abc_transporter	high	1391.9	0.9755	assoc_sur	0.4617
tr|A0AAV2I625|A0AAV2I625_LYMST	Lymnaea stagnalis	invertebrate	146	nonchannel_ncs	medium	30.3	0.3731		1.0
tr|A0AAV2I645|A0AAV2I645_LYMST	Lymnaea stagnalis	invertebrate	150	nonchannel_ncs	high	59.2	0.5699		1.0
tr|A0AAV2I6B3|A0AAV2I6B3_LYMST	Lymnaea stagnalis	invertebrate	147	nonchannel_ncs	medium	39.8	0.3731		1.0
tr|A0AAV2I6H4|A0AAV2I6H4_LYMST	Lymnaea stagnalis	invertebrate	153	nonchannel_ncs	high	57.6	0.5648		1.0
tr|A0AAV2I773|A0AAV2I773_LYMST	Lymnaea stagnalis	invertebrate	1441	assoc_k_beta	medium	37.6	0.4672	lrrc8	0.2527
tr|A0AAV2I7A6|A0AAV2I7A6_LYMST	Lymnaea stagnalis	invertebrate	714	nonchannel_abc_transporter	high	764.6	0.5146	assoc_sur	0.3501
tr|A0AAV2I7J5|A0AAV2I7J5_LYMST	Lymnaea stagnalis	invertebrate	415	mitok	high	136.6	0.7883		1.0
tr|A0AAV2I7M1|A0AAV2I7M1_LYMST	Lymnaea stagnalis	invertebrate	471	assoc_k_beta	medium	31.1	0.3123		1.0
tr|A0AAV2I8F2|A0AAV2I8F2_LYMST	Lymnaea stagnalis	invertebrate	553	nonchannel_class_c_gpcr	high	244.9	0.635		1.0
tr|A0AAV2I8G2|A0AAV2I8G2_LYMST	Lymnaea stagnalis	invertebrate	564	nonchannel_class_c_gpcr	high	228.4	0.6384		1.0
tr|A0AAV2I906|A0AAV2I906_LYMST	Lymnaea stagnalis	invertebrate	357	outofscope_aquaporin	high	246.4	0.8363		1.0
tr|A0AAV2I971|A0AAV2I971_LYMST	Lymnaea stagnalis	invertebrate	1585	nonchannel_abc_transporter	high	1407.8	0.9701	assoc_sur	0.468
tr|A0AAV2I9F9|A0AAV2I9F9_LYMST	Lymnaea stagnalis	invertebrate	476	nonchannel_class_c_gpcr	high	167.4	0.5525		1.0
tr|A0AAV2I9K7|A0AAV2I9K7_LYMST	Lymnaea stagnalis	invertebrate	168	nonchannel_ncs	high	54.0	0.5751	assoc_kchip	0.4093
tr|A0AAV2I9N8|A0AAV2I9N8_LYMST	Lymnaea stagnalis	invertebrate	2777	nonchannel_class_c_gpcr	high	816.6	0.7627		1.0
tr|A0AAV2I9X8|A0AAV2I9X8_LYMST	Lymnaea stagnalis	invertebrate	637	nonchannel_class_c_gpcr	high	275.0	0.7367		1.0
tr|A0AAV2I9Y9|A0AAV2I9Y9_LYMST	Lymnaea stagnalis	invertebrate	359	nonchannel_ncs	high	35.6	0.7461		1.0
tr|A0AAV2IA39|A0AAV2IA39_LYMST	Lymnaea stagnalis	invertebrate	560	nonchannel_class_c_gpcr	high	201.9	0.6339	kainate	0.8782
tr|A0AAV2IB32|A0AAV2IB32_LYMST	Lymnaea stagnalis	invertebrate	209	nonchannel_ncs	medium	46.0	0.3472		1.0
tr|A0AAV2IB91|A0AAV2IB91_LYMST	Lymnaea stagnalis	invertebrate	715	assoc_mcu_reg	medium	41.9	0.3671		1.0
tr|A0AAV2IBB5|A0AAV2IBB5_LYMST	Lymnaea stagnalis	invertebrate	515	nonchannel_class_c_gpcr	high	209.0	0.5853		1.0
tr|A0AAV2IBC7|A0AAV2IBC7_LYMST	Lymnaea stagnalis	invertebrate	1213	lrrc8	medium	103.1	0.3474	assoc_k_beta	0.1426
tr|A0AAV2IBT2|A0AAV2IBT2_LYMST	Lymnaea stagnalis	invertebrate	574	nonchannel_class_c_gpcr	high	219.4	0.6384		1.0
tr|A0AAV2IC03|A0AAV2IC03_LYMST	Lymnaea stagnalis	invertebrate	1040	assoc_k_beta	high	37.0	0.5144		1.0
tr|A0AAV2ICG4|A0AAV2ICG4_LYMST	Lymnaea stagnalis	invertebrate	982	nonchannel_class_c_gpcr	high	118.9	0.652		1.0
tr|A0AAV2ICL6|A0AAV2ICL6_LYMST	Lymnaea stagnalis	invertebrate	856	assoc_k_beta	medium	44.6	0.3937		1.0
tr|A0AAV2ICN2|A0AAV2ICN2_LYMST	Lymnaea stagnalis	invertebrate	488	transporter_slc26	high	285.5	0.5451		1.0
tr|A0AAV2ICY1|A0AAV2ICY1_LYMST	Lymnaea stagnalis	invertebrate	1120	trpn	medium	454.4	0.3043	trpa	0.498
tr|A0AAV2IDH1|A0AAV2IDH1_LYMST	Lymnaea stagnalis	invertebrate	1405	nonchannel_class_c_gpcr	medium	165.7	0.4316		1.0
tr|A0AAV2IDK4|A0AAV2IDK4_LYMST	Lymnaea stagnalis	invertebrate	1529	nonchannel_class_c_gpcr	high	393.7	0.5356		1.0
tr|A0AAV2IDY3|A0AAV2IDY3_LYMST	Lymnaea stagnalis	invertebrate	1743	nonchannel_class_c_gpcr	high	322.4	0.5412		1.0
tr|A0AAV2IDY9|A0AAV2IDY9_LYMST	Lymnaea stagnalis	invertebrate	705	nonchannel_class_c_gpcr	high	216.9	0.7198		1.0
tr|A0AAV2IE64|A0AAV2IE64_LYMST	Lymnaea stagnalis	invertebrate	499	nonchannel_vsp	high	243.1	0.587		1.0
tr|A0AAV2IEQ1|A0AAV2IEQ1_LYMST	Lymnaea stagnalis	invertebrate	637	nonchannel_class_c_gpcr	high	200.0	0.7356		1.0
tr|A0AAV2IF99|A0AAV2IF99_LYMST	Lymnaea stagnalis	invertebrate	326	trpml	high	320.8	0.5166	catsper	0.9152
tr|A0AAV2IFV5|A0AAV2IFV5_LYMST	Lymnaea stagnalis	invertebrate	1523	nonchannel_abc_transporter	high	1399.3	0.9747	assoc_sur	0.505
tr|A0AAV2IG08|A0AAV2IG08_LYMST	Lymnaea stagnalis	invertebrate	212	nonchannel_ncs	high	39.1	0.5389		1.0
tr|A0AAV2IG22|A0AAV2IG22_LYMST	Lymnaea stagnalis	invertebrate	407	nonchannel_class_c_gpcr	medium	313.2	0.4588		1.0
tr|A0AAV2IHR5|A0AAV2IHR5_LYMST	Lymnaea stagnalis	invertebrate	786	nonchannel_abc_transporter	high	956.3	0.6173	assoc_sur	0.4087
tr|A0AAV2II21|A0AAV2II21_LYMST	Lymnaea stagnalis	invertebrate	288	outofscope_aquaporin	high	220.1	0.9039		1.0
tr|A0AAV2IJZ7|A0AAV2IJZ7_LYMST	Lymnaea stagnalis	invertebrate	163	nonchannel_ncs	high	57.7	0.5648		1.0
tr|A0AAV2IK38|A0AAV2IK38_LYMST	Lymnaea stagnalis	invertebrate	445	nonchannel_kctd	high	79.1	0.8612	kv_shaker	0.6726
tr|A0AAV2IKB3|A0AAV2IKB3_LYMST	Lymnaea stagnalis	invertebrate	813	transporter_slc26	high	709.0	0.9598		1.0
tr|A0AAV2IL27|A0AAV2IL27_LYMST	Lymnaea stagnalis	invertebrate	1916	nonchannel_vsp	high	137.4	0.6033		1.0
tr|A0AAV2IL95|A0AAV2IL95_LYMST	Lymnaea stagnalis	invertebrate	440	outofscope_aquaporin	high	201.4	0.8683		1.0
tr|A0AAV2ILA5|A0AAV2ILA5_LYMST	Lymnaea stagnalis	invertebrate	1564	nonchannel_ncs	medium	56.1	0.4611	assoc_kchip	0.41
tr|A0AAV2IM90|A0AAV2IM90_LYMST	Lymnaea stagnalis	invertebrate	377	assoc_k_beta	high	166.5	0.8031		1.0
tr|A0AAV2IMP6|A0AAV2IMP6_LYMST	Lymnaea stagnalis	invertebrate	148	nonchannel_ncs	high	61.6	0.5596		1.0
tr|A0AAV2IMV6|A0AAV2IMV6_LYMST	Lymnaea stagnalis	invertebrate	743	nonchannel_abc_transporter	medium	353.4	0.4287	cftr	0.6387
tr|A0AAV2IN38|A0AAV2IN38_LYMST	Lymnaea stagnalis	invertebrate	813	assoc_k_beta	medium	48.2	0.4173		1.0
tr|A0AAV2INT7|A0AAV2INT7_LYMST	Lymnaea stagnalis	invertebrate	151	nonchannel_ncs	high	49.2	0.5803		1.0
tr|A0AAV2INY6|A0AAV2INY6_LYMST	Lymnaea stagnalis	invertebrate	502	nonchannel_abc_transporter	medium	553.2	0.3459	assoc_sur	0.4722
tr|A0AAV2IP73|A0AAV2IP73_LYMST	Lymnaea stagnalis	invertebrate	1546	nonchannel_abc_transporter	high	1563.6	0.9609	assoc_sur	0.4448
tr|A0AAV2IPD3|A0AAV2IPD3_LYMST	Lymnaea stagnalis	invertebrate	785	assoc_k_beta	medium	37.8	0.3045		1.0
tr|A0AAV2IPQ5|A0AAV2IPQ5_LYMST	Lymnaea stagnalis	invertebrate	203	nonchannel_ncs	high	57.6	0.5803		1.0
tr|A0AAV2IPU4|A0AAV2IPU4_LYMST	Lymnaea stagnalis	invertebrate	773	nonchannel_pomt	high	764.7	0.936		1.0
tr|A0AAV2IPW7|A0AAV2IPW7_LYMST	Lymnaea stagnalis	invertebrate	128	nonchannel_ncs	medium	33.7	0.3938		1.0
tr|A0AAV2IQI5|A0AAV2IQI5_LYMST	Lymnaea stagnalis	invertebrate	186	nonchannel_ncs	high	39.4	0.9482		1.0
tr|A0AAV2IQJ1|A0AAV2IQJ1_LYMST	Lymnaea stagnalis	invertebrate	151	nonchannel_ncs	high	61.7	0.5803		1.0
tr|A0AAV2IR39|A0AAV2IR39_LYMST	Lymnaea stagnalis	invertebrate	938	nonchannel_class_c_gpcr	high	459.5	0.8881	nmda	0.9434
tr|A0AAV2IR98|A0AAV2IR98_LYMST	Lymnaea stagnalis	invertebrate	733	assoc_k_beta	medium	47.0	0.4147		1.0
tr|A0AAV2IRE0|A0AAV2IRE0_LYMST	Lymnaea stagnalis	invertebrate	178	nonchannel_ncs	medium	37.0	0.3161		1.0
tr|A0AAV2IRH6|A0AAV2IRH6_LYMST	Lymnaea stagnalis	invertebrate	1102	assoc_k_beta	medium	58.9	0.3622		1.0
tr|A0AB13A3N4|A0AB13A3N4_DANRE	Danio rerio	vertebrate	611	assoc_nav_beta	high	38.6	0.5402		1.0
tr|A0AB13A3N9|A0AB13A3N9_DANRE	Danio rerio	vertebrate	727	nonchannel_ncs	high	42.4	0.5699	assoc_kchip	0.3962
tr|A0AB13A3P1|A0AB13A3P1_DANRE	Danio rerio	vertebrate	851	nonchannel_class_c_gpcr	high	696.4	0.9141	iglur_nonvertebrate	0.9667
tr|A0AB13A8N8|A0AB13A8N8_DANRE	Danio rerio	vertebrate	1182	nonchannel_vsp	high	114.2	0.5688		1.0
tr|A0AB13A8Z8|A0AB13A8Z8_DANRE	Danio rerio	vertebrate	346	outofscope_aquaporin	high	302.7	0.911		1.0
tr|A0AB13A9H5|A0AB13A9H5_DANRE	Danio rerio	vertebrate	422	nonchannel_vsp	high	234.3	0.5417		1.0
tr|A0AB13AB95|A0AB13AB95_DANRE	Danio rerio	vertebrate	562	transporter_slc26	high	560.5	0.7698		1.0
tr|A0AB13ABH3|A0AB13ABH3_DANRE	Danio rerio	vertebrate	610	assoc_cav_aux	high	287.4	0.7394		1.0
tr|A0AB32T148|A0AB32T148_DANRE	Danio rerio	vertebrate	974	assoc_clc_aux	high	822.6	0.9479		1.0
tr|A0AB32T416|A0AB32T416_DANRE	Danio rerio	vertebrate	224	assoc_nav_beta	high	35.5	0.6339		1.0
tr|A0AB32T6G3|A0AB32T6G3_DANRE	Danio rerio	vertebrate	840	nonchannel_class_c_gpcr	high	739.5	0.9153	iglur_nonvertebrate	0.9651
tr|A0AB32T6S2|A0AB32T6S2_DANRE	Danio rerio	vertebrate	854	nonchannel_class_c_gpcr	high	754.3	0.9186		1.0
tr|A0AB32T950|A0AB32T950_DANRE	Danio rerio	vertebrate	1599	nonchannel_ncs	high	89.0	0.5492	assoc_kchip	0.3101
tr|A0AB32T9K8|A0AB32T9K8_DANRE	Danio rerio	vertebrate	201	assoc_nav_beta	high	32.3	0.7545		1.0
tr|A0AB32TA04|A0AB32TA04_DANRE	Danio rerio	vertebrate	325	assoc_k_beta	high	164.8	0.7375	lrrc8	0.807
tr|A0AB32TAR5|A0AB32TAR5_DANRE	Danio rerio	vertebrate	763	nonchannel_class_c_gpcr	high	691.3	0.8667	iglur_nonvertebrate	0.9647
tr|A0AB32TCB3|A0AB32TCB3_DANRE	Danio rerio	vertebrate	888	nonchannel_class_c_gpcr	high	755.1	0.9186		1.0
tr|A0AB32TDE3|A0AB32TDE3_DANRE	Danio rerio	vertebrate	319	assoc_nav_beta	medium	66.6	0.4643		1.0
tr|A0AB32TDX1|A0AB32TDX1_DANRE	Danio rerio	vertebrate	1608	assoc_sur	high	2708.7	0.9994	nonchannel_abc_transporter	0.5877
tr|A0AB32TF29|A0AB32TF29_DANRE	Danio rerio	vertebrate	355	assoc_k_beta	medium	70.8	0.4672		1.0
tr|A0AB32TI51|A0AB32TI51_DANRE	Danio rerio	vertebrate	699	assoc_nav_beta	medium	50.2	0.4911		1.0
tr|A0AB32TJ33|A0AB32TJ33_DANRE	Danio rerio	vertebrate	407	assoc_cav_aux	high	191.2	0.5734		1.0
tr|A0AB32TKI2|A0AB32TKI2_DANRE	Danio rerio	vertebrate	1532	nonchannel_abc_transporter	high	1795.4	0.9939	assoc_sur	0.5159
tr|A0AB32TSX2|A0AB32TSX2_DANRE	Danio rerio	vertebrate	253	assoc_kchip	high	445.5	0.9522	nonchannel_ncs	0.5614
tr|A0AB32TTY9|A0AB32TTY9_DANRE	Danio rerio	vertebrate	401	assoc_nav_beta	high	36.4	0.6339		1.0
tr|A0AB32TUG0|A0AB32TUG0_DANRE	Danio rerio	vertebrate	636	assoc_cav_aux	high	388.2	0.7229		1.0
tr|A0AB32TUS8|A0AB32TUS8_DANRE	Danio rerio	vertebrate	493	assoc_mcu_reg	high	482.1	0.7995		1.0
tr|A0AB32TWM0|A0AB32TWM0_DANRE	Danio rerio	vertebrate	755	assoc_k_beta	medium	87.1	0.3963		1.0
tr|A0AB32TYH7|A0AB32TYH7_DANRE	Danio rerio	vertebrate	504	assoc_nav_beta	high	33.9	0.5045		1.0
tr|A0AB32TZ03|A0AB32TZ03_DANRE	Danio rerio	vertebrate	530	assoc_nav_beta	high	31.7	0.5938		1.0
tr|A0AB40E7N5|A0AB40E7N5_DANRE	Danio rerio	vertebrate	1109	assoc_cav_aux	high	562.4	0.9671		1.0
tr|A0AB40EDA6|A0AB40EDA6_DANRE	Danio rerio	vertebrate	523	assoc_iglur_aux	high	233.2	0.8647		1.0
tr|A0ABK0KXK8|A0ABK0KXK8_RAT	Rattus norvegicus	vertebrate	482	assoc_k_beta	medium	73.9	0.4777		1.0
tr|A0ABK0KYW5|A0ABK0KYW5_RAT	Rattus norvegicus	vertebrate	218	nonchannel_ncs	medium	82.7	0.9067	assoc_kchip	0.1306
tr|A0ABK0L2B4|A0ABK0L2B4_RAT	Rattus norvegicus	vertebrate	646	nonchannel_class_c_gpcr	high	386.4	0.7243		1.0
tr|A0ABK0L5H3|A0ABK0L5H3_RAT	Rattus norvegicus	vertebrate	310	assoc_nav_beta	high	34.8	0.8661		1.0
tr|A0ABK0L5Q9|A0ABK0L5Q9_RAT	Rattus norvegicus	vertebrate	857	nonchannel_class_c_gpcr	high	432.8	0.8734		1.0
tr|A0ABK0L6C7|A0ABK0L6C7_RAT	Rattus norvegicus	vertebrate	837	nonchannel_class_c_gpcr	high	678.9	0.8825		1.0
tr|A0ABK0L7I6|A0ABK0L7I6_RAT	Rattus norvegicus	vertebrate	129	assoc_nav_beta	high	32.4	0.5848		1.0
tr|A0ABK0L8Q3|A0ABK0L8Q3_RAT	Rattus norvegicus	vertebrate	844	nonchannel_class_c_gpcr	high	423.1	0.8678		1.0
tr|A0ABK0L9B0|A0ABK0L9B0_RAT	Rattus norvegicus	vertebrate	128	assoc_nav_beta	high	35.0	0.5804		1.0
tr|A0ABK0L9D5|A0ABK0L9D5_RAT	Rattus norvegicus	vertebrate	542	assoc_k_beta	medium	124.0	0.5092	lrrc8	0.1177
tr|A0ABK0LA10|A0ABK0LA10_RAT	Rattus norvegicus	vertebrate	861	nonchannel_class_c_gpcr	high	488.4	0.9141		1.0
tr|A0ABK0LA51|A0ABK0LA51_RAT	Rattus norvegicus	vertebrate	645	nonchannel_class_c_gpcr	high	386.3	0.7243		1.0
tr|A0ABK0LAC8|A0ABK0LAC8_RAT	Rattus norvegicus	vertebrate	855	nonchannel_class_c_gpcr	high	518.2	0.9175		1.0
tr|A0ABK0LAY5|A0ABK0LAY5_RAT	Rattus norvegicus	vertebrate	842	nonchannel_class_c_gpcr	high	424.7	0.8633		1.0
tr|A0ABK0LBW9|A0ABK0LBW9_RAT	Rattus norvegicus	vertebrate	646	nonchannel_class_c_gpcr	high	366.6	0.7254		1.0
tr|A0ABK0LFG4|A0ABK0LFG4_RAT	Rattus norvegicus	vertebrate	1029	assoc_k_beta	medium	53.1	0.3727		1.0
tr|A0ABK0LGB6|A0ABK0LGB6_RAT	Rattus norvegicus	vertebrate	290	assoc_k_beta	medium	48.7	0.3018		1.0
tr|A0ABK0LGD9|A0ABK0LGD9_RAT	Rattus norvegicus	vertebrate	384	assoc_k_beta	medium	34.6	0.4541		1.0
tr|A0ABK0LHY7|A0ABK0LHY7_RAT	Rattus norvegicus	vertebrate	147	nonchannel_ncs	medium	53.7	0.4041	assoc_kchip	0.1601
tr|A0ABK0LJQ7|A0ABK0LJQ7_RAT	Rattus norvegicus	vertebrate	244	assoc_nav_beta	high	81.2	0.8795		1.0
tr|A0ABK0LJZ9|A0ABK0LJZ9_RAT	Rattus norvegicus	vertebrate	957	assoc_catsper_aux	high	480.1	0.8757		1.0
tr|A0ABK0LKD9|A0ABK0LKD9_RAT	Rattus norvegicus	vertebrate	846	nonchannel_class_c_gpcr	high	379.8	0.8678		1.0
tr|A0ABK0LKW1|A0ABK0LKW1_RAT	Rattus norvegicus	vertebrate	646	nonchannel_class_c_gpcr	high	358.0	0.7254		1.0
tr|A0ABK0LKX1|A0ABK0LKX1_RAT	Rattus norvegicus	vertebrate	841	nonchannel_class_c_gpcr	high	419.0	0.8644		1.0
tr|A0ABK0LM92|A0ABK0LM92_RAT	Rattus norvegicus	vertebrate	848	nonchannel_class_c_gpcr	high	430.9	0.8712		1.0
tr|A0ABK0LNG0|A0ABK0LNG0_RAT	Rattus norvegicus	vertebrate	122	assoc_nav_beta	high	30.8	0.5446		1.0
tr|A0ABK0LNP5|A0ABK0LNP5_RAT	Rattus norvegicus	vertebrate	1144	assoc_cav_aux	high	747.0	0.9726		1.0
tr|A0ABK0LQ18|A0ABK0LQ18_RAT	Rattus norvegicus	vertebrate	2309	nonchannel_class_c_gpcr	medium	72.6	0.3209		1.0
tr|A0ABK0LS41|A0ABK0LS41_RAT	Rattus norvegicus	vertebrate	122	assoc_nav_beta	high	30.9	0.5402		1.0
tr|A0ABK0LU82|A0ABK0LU82_RAT	Rattus norvegicus	vertebrate	172	nonchannel_ncs	medium	39.6	0.456		1.0
tr|A0ABK0LVL2|A0ABK0LVL2_RAT	Rattus norvegicus	vertebrate	860	nonchannel_class_c_gpcr	high	488.4	0.913		1.0
tr|A0ABK0LXJ2|A0ABK0LXJ2_RAT	Rattus norvegicus	vertebrate	1675	nonchannel_ncs	medium	83.0	0.544	assoc_kchip	0.2759
tr|A0ABK0M2I0|A0ABK0M2I0_RAT	Rattus norvegicus	vertebrate	855	nonchannel_class_c_gpcr	high	523.5	0.9175		1.0
tr|A0ABK0M379|A0ABK0M379_RAT	Rattus norvegicus	vertebrate	841	nonchannel_class_c_gpcr	high	409.0	0.8667		1.0
tr|A0ABK0M4X1|A0ABK0M4X1_RAT	Rattus norvegicus	vertebrate	589	assoc_k_beta	medium	98.6	0.4724	lrrc8	0.3367
tr|A0ABK0M878|A0ABK0M878_RAT	Rattus norvegicus	vertebrate	843	nonchannel_class_c_gpcr	high	423.4	0.8644		1.0
tr|A0ABK0M9Y2|A0ABK0M9Y2_RAT	Rattus norvegicus	vertebrate	429	assoc_mcu_reg	high	155.4	0.6149		1.0
tr|A0ABM0JA57|A0ABM0JA57_APLCA	Aplysia californica	invertebrate	746	transporter_slc26	high	536.3	0.9098		1.0
tr|A0ABM0JAE8|A0ABM0JAE8_APLCA	Aplysia californica	invertebrate	170	nonchannel_ncs	medium	73.3	0.5699	assoc_kchip	0.2442
tr|A0ABM0JAH1|A0ABM0JAH1_APLCA	Aplysia californica	invertebrate	1594	nonchannel_ncs	high	77.4	0.8342	assoc_kchip	0.3734
tr|A0ABM0JAR5|A0ABM0JAR5_APLCA	Aplysia californica	invertebrate	983	nonchannel_class_c_gpcr	high	135.9	0.6667		1.0
tr|A0ABM0JBS0|A0ABM0JBS0_APLCA	Aplysia californica	invertebrate	1561	nonchannel_abc_transporter	high	1560.6	0.9755	assoc_sur	0.4578
tr|A0ABM0JBZ7|A0ABM0JBZ7_APLCA	Aplysia californica	invertebrate	142	nonchannel_ncs	high	30.8	0.7565		1.0
tr|A0ABM0JC66|A0ABM0JC66_APLCA	Aplysia californica	invertebrate	663	assoc_k_beta	medium	38.8	0.5433	lrrc8	0.1804
tr|A0ABM0JCF0|A0ABM0JCF0_APLCA	Aplysia californica	invertebrate	284	outofscope_aquaporin	high	47.1	0.6406		1.0
tr|A0ABM0JD10|A0ABM0JD10_APLCA	Aplysia californica	invertebrate	1098	assoc_k_beta	medium	55.5	0.4173	lrrc8	0.3712
tr|A0ABM0JDV8|A0ABM0JDV8_APLCA	Aplysia californica	invertebrate	868	nonchannel_pomt	high	711.0	0.9249		1.0
tr|A0ABM0JE76|A0ABM0JE76_APLCA	Aplysia californica	invertebrate	1052	assoc_k_beta	medium	52.1	0.3071		1.0
tr|A0ABM0JE87|A0ABM0JE87_APLCA	Aplysia californica	invertebrate	275	nonchannel_ncs	high	32.4	0.6425		1.0
tr|A0ABM0JEK4|A0ABM0JEK4_APLCA	Aplysia californica	invertebrate	1559	nonchannel_abc_transporter	high	1429.9	0.9609	assoc_sur	0.4487
tr|A0ABM0JEL4|A0ABM0JEL4_APLCA	Aplysia californica	invertebrate	682	transporter_slc26	high	405.1	0.6436		1.0
tr|A0ABM0JF16|A0ABM0JF16_APLCA	Aplysia californica	invertebrate	147	nonchannel_ncs	high	32.6	0.7617		1.0
tr|A0ABM0JF76|A0ABM0JF76_APLCA	Aplysia californica	invertebrate	295	assoc_cav_aux	medium	38.8	0.4636		1.0
tr|A0ABM0JFN1|A0ABM0JFN1_APLCA	Aplysia californica	invertebrate	776	nonchannel_pomt	high	750.2	0.9273		1.0
tr|A0ABM0JFV5|A0ABM0JFV5_APLCA	Aplysia californica	invertebrate	291	plgic_prok	medium	33.8	0.4879		1.0
tr|A0ABM0JFY5|A0ABM0JFY5_APLCA	Aplysia californica	invertebrate	908	nonchannel_class_c_gpcr	high	477.4	0.8847	nmda	0.9439
tr|A0ABM0JG81|A0ABM0JG81_APLCA	Aplysia californica	invertebrate	536	assoc_mcu_reg	high	369.3	0.786		1.0
tr|A0ABM0JIQ8|A0ABM0JIQ8_APLCA	Aplysia californica	invertebrate	167	nonchannel_ncs	medium	39.0	0.4508		1.0
tr|A0ABM0JJ98|A0ABM0JJ98_APLCA	Aplysia californica	invertebrate	1343	nonchannel_abc_transporter	high	871.5	0.9494	assoc_sur	0.4282
tr|A0ABM0JJZ9|A0ABM0JJZ9_APLCA	Aplysia californica	invertebrate	1126	nonchannel_abc_transporter	medium	636.7	0.4663	assoc_sur	0.6006
tr|A0ABM0JKD9|A0ABM0JKD9_APLCA	Aplysia californica	invertebrate	711	assoc_mcu_reg	medium	43.1	0.3716		1.0
tr|A0ABM0JKP8|A0ABM0JKP8_APLCA	Aplysia californica	invertebrate	189	nonchannel_ncs	high	59.2	0.9067		1.0
tr|A0ABM0JL63|A0ABM0JL63_APLCA	Aplysia californica	invertebrate	1554	nonchannel_abc_transporter	high	1570.6	0.9594	assoc_sur	0.4659
tr|A0ABM0JLB8|A0ABM0JLB8_APLCA	Aplysia californica	invertebrate	1046	lrrc8	medium	77.6	0.33		1.0
tr|A0ABM0JMD2|A0ABM0JMD2_APLCA	Aplysia californica	invertebrate	318	nonchannel_vsp	medium	124.0	0.4022		1.0
tr|A0ABM0JN59|A0ABM0JN59_APLCA	Aplysia californica	invertebrate	1255	nonchannel_abc_transporter	high	1388.4	0.9118	assoc_sur	0.4316
tr|A0ABM0JN66|A0ABM0JN66_APLCA	Aplysia californica	invertebrate	1668	nonchannel_class_c_gpcr	high	414.6	0.5367		1.0
tr|A0ABM0JN70|A0ABM0JN70_APLCA	Aplysia californica	invertebrate	192	nonchannel_ncs	medium	206.4	0.9793	assoc_kchip	0.2737
tr|A0ABM0JNR6|A0ABM0JNR6_APLCA	Aplysia californica	invertebrate	235	clic	high	34.9	0.7596		1.0
tr|A0ABM0JP91|A0ABM0JP91_APLCA	Aplysia californica	invertebrate	1034	assoc_k_beta	medium	50.4	0.399		1.0
tr|A0ABM0JQH3|A0ABM0JQH3_APLCA	Aplysia californica	invertebrate	590	assoc_cav_aux	high	319.5	0.62		1.0
tr|A0ABM0JQI8|A0ABM0JQI8_APLCA	Aplysia californica	invertebrate	1185	nonchannel_abc_transporter	high	1101.4	0.7262	cftr	0.4086
tr|A0ABM0JR99|A0ABM0JR99_APLCA	Aplysia californica	invertebrate	113	nonchannel_ncs	high	46.1	0.5648		1.0
tr|A0ABM0JUI8|A0ABM0JUI8_APLCA	Aplysia californica	invertebrate	183	nonchannel_ncs	high	57.6	0.943	assoc_kchip	0.3906
tr|A0ABM0JUL2|A0ABM0JUL2_APLCA	Aplysia californica	invertebrate	1444	assoc_k_beta	medium	137.5	0.4646		1.0
tr|A0ABM0JV01|A0ABM0JV01_APLCA	Aplysia californica	invertebrate	358	nonchannel_class_c_gpcr	medium	39.1	0.3028		1.0
tr|A0ABM0JVC5|A0ABM0JVC5_APLCA	Aplysia californica	invertebrate	163	nonchannel_ncs	medium	33.1	0.6891	assoc_kchip	0.142
tr|A0ABM0JVY5|A0ABM0JVY5_APLCA	Aplysia californica	invertebrate	717	nonchannel_abc_transporter	medium	418.5	0.4594	assoc_sur	0.5599
tr|A0ABM0JXE0|A0ABM0JXE0_APLCA	Aplysia californica	invertebrate	537	nonchannel_ncs	high	60.0	0.6425	assoc_kchip	0.4217
tr|A0ABM0JXP3|A0ABM0JXP3_APLCA	Aplysia californica	invertebrate	1260	nonchannel_class_c_gpcr	high	603.3	0.8678		1.0
tr|A0ABM0JXR7|A0ABM0JXR7_APLCA	Aplysia californica	invertebrate	735	transporter_slc26	high	570.0	0.8793		1.0
tr|A0ABM0JY84|A0ABM0JY84_APLCA	Aplysia californica	invertebrate	1601	nonchannel_abc_transporter	high	1363.7	0.9586	assoc_sur	0.4474
tr|A0ABM0JYH0|A0ABM0JYH0_APLCA	Aplysia californica	invertebrate	1854	assoc_k_beta	medium	46.2	0.3675	lrrc8	0.4329
tr|A0ABM0JZV1|A0ABM0JZV1_APLCA	Aplysia californica	invertebrate	961	assoc_k_beta	medium	48.6	0.3281		1.0
tr|A0ABM0JZY8|A0ABM0JZY8_APLCA	Aplysia californica	invertebrate	1660	nonchannel_class_c_gpcr	high	315.8	0.5435	nmda	0.9202
tr|A0ABM0K014|A0ABM0K014_APLCA	Aplysia californica	invertebrate	1587	nonchannel_abc_transporter	high	1172.4	0.9762	assoc_sur	0.5015
tr|A0ABM0K0A1|A0ABM0K0A1_APLCA	Aplysia californica	invertebrate	1188	trpv	high	219.9	0.7164		1.0
tr|A0ABM0K0S6|A0ABM0K0S6_APLCA	Aplysia californica	invertebrate	1043	assoc_k_beta	medium	49.4	0.3386		1.0
tr|A0ABM0K131|A0ABM0K131_APLCA	Aplysia californica	invertebrate	812	transporter_slc26	high	695.3	0.9584		1.0
tr|A0ABM0K153|A0ABM0K153_APLCA	Aplysia californica	invertebrate	239	nonchannel_ncs	medium	41.9	0.6321	assoc_kchip	0.1838
tr|A0ABM0K2D3|A0ABM0K2D3_APLCA	Aplysia californica	invertebrate	192	outofscope_aquaporin	medium	70.9	0.3132		1.0
tr|A0ABM0K339|A0ABM0K339_APLCA	Aplysia californica	invertebrate	468	nonchannel_class_c_gpcr	medium	493.5	0.4734	nmda	0.9283
tr|A0ABM0K3X1|A0ABM0K3X1_APLCA	Aplysia californica	invertebrate	756	nonchannel_abc_transporter	medium	369.4	0.4548	assoc_sur	0.6004
tr|A0ABM0K3X6|A0ABM0K3X6_APLCA	Aplysia californica	invertebrate	1162	assoc_cav_aux	high	58.7	0.583		1.0
tr|A0ABM0K4R3|A0ABM0K4R3_APLCA	Aplysia californica	invertebrate	1034	assoc_k_beta	medium	57.4	0.3701		1.0
tr|A0ABM0K5L7|A0ABM0K5L7_APLCA	Aplysia californica	invertebrate	437	nonchannel_kctd	high	76.3	0.8517		1.0
tr|A0ABM0K5U5|A0ABM0K5U5_APLCA	Aplysia californica	invertebrate	417	mitok	medium	132.9	0.3844		1.0
tr|A0ABM0K642|A0ABM0K642_APLCA	Aplysia californica	invertebrate	160	nonchannel_ncs	high	46.1	0.7876		1.0
tr|A0ABM0K754|A0ABM0K754_APLCA	Aplysia californica	invertebrate	886	assoc_k_beta	medium	53.5	0.3386	lrrc8	0.3925
tr|A0ABM0K7B2|A0ABM0K7B2_APLCA	Aplysia californica	invertebrate	208	nonchannel_ncs	high	37.8	0.7098		1.0
tr|A0ABM0K7L6|A0ABM0K7L6_APLCA	Aplysia californica	invertebrate	1626	nonchannel_abc_transporter	high	859.0	0.898	assoc_sur	0.4579
tr|A0ABM0K845|A0ABM0K845_APLCA	Aplysia californica	invertebrate	1402	nonchannel_abc_transporter	high	906.3	0.9463	assoc_sur	0.4672
tr|A0ABM0K850|A0ABM0K850_APLCA	Aplysia californica	invertebrate	294	outofscope_aquaporin	high	236.6	0.8434		1.0
tr|A0ABM0K8B7|A0ABM0K8B7_APLCA	Aplysia californica	invertebrate	990	nonchannel_class_c_gpcr	high	335.2	0.7695		1.0
tr|A0ABM0K8C4|A0ABM0K8C4_APLCA	Aplysia californica	invertebrate	390	lrrc8	medium	75.2	0.3474	assoc_k_beta	0.4335
tr|A0ABM0K8D5|A0ABM0K8D5_APLCA	Aplysia californica	invertebrate	308	assoc_mcu_reg	medium	42.2	0.3221		1.0
tr|A0ABM0K8G9|A0ABM0K8G9_APLCA	Aplysia californica	invertebrate	512	nonchannel_class_c_gpcr	medium	243.8	0.3797		1.0
tr|A0ABM0K8M1|A0ABM0K8M1_APLCA	Aplysia californica	invertebrate	137	nonchannel_ncs	medium	40.5	0.3264		1.0
tr|A0ABM0K8S2|A0ABM0K8S2_APLCA	Aplysia californica	invertebrate	995	assoc_k_beta	medium	62.0	0.4672	lrrc8	0.3242
tr|A0ABM0K8T1|A0ABM0K8T1_APLCA	Aplysia californica	invertebrate	405	trpn	medium	83.7	0.3621	trpa	0.5352
tr|A0ABM0K962|A0ABM0K962_APLCA	Aplysia californica	invertebrate	647	nonchannel_vsp	high	140.1	0.6051		1.0
tr|A0ABM0K9D9|A0ABM0K9D9_APLCA	Aplysia californica	invertebrate	982	nonchannel_class_c_gpcr	high	549.7	0.9198	kainate	0.919
tr|A0ABM0K9I4|A0ABM0K9I4_APLCA	Aplysia californica	invertebrate	170	nonchannel_ncs	medium	43.7	0.456		1.0
tr|A0ABM0KAA5|A0ABM0KAA5_APLCA	Aplysia californica	invertebrate	384	assoc_k_beta	medium	41.4	0.3097		1.0
tr|A0ABM0KAK7|A0ABM0KAK7_APLCA	Aplysia californica	invertebrate	143	nonchannel_ncs	high	45.4	0.601		1.0
tr|A0ABM0KB43|A0ABM0KB43_APLCA	Aplysia californica	invertebrate	476	nonchannel_class_c_gpcr	medium	45.7	0.3051		1.0
tr|A0ABM0KBB8|A0ABM0KBB8_APLCA	Aplysia californica	invertebrate	416	mitok	medium	136.2	0.382		1.0
tr|A0ABM0KBE2|A0ABM0KBE2_APLCA	Aplysia californica	invertebrate	416	nonchannel_class_c_gpcr	medium	150.4	0.3706		1.0
tr|A0ABM0KBE6|A0ABM0KBE6_APLCA	Aplysia californica	invertebrate	517	nonchannel_vsp	high	241.3	0.5888		1.0
tr|A0ABM0KBK1|A0ABM0KBK1_APLCA	Aplysia californica	invertebrate	320	mitok	medium	99.8	0.3333		1.0
tr|A0ABM0ZUF3|A0ABM0ZUF3_APLCA	Aplysia californica	invertebrate	748	nonchannel_abc_transporter	medium	361.8	0.4302	assoc_sur	0.6465
tr|A0ABM0ZUG8|A0ABM0ZUG8_APLCA	Aplysia californica	invertebrate	233	nonchannel_vsp	medium	217.0	0.3315		1.0
tr|A0ABM0ZUW4|A0ABM0ZUW4_APLCA	Aplysia californica	invertebrate	2703	nonchannel_abc_transporter	high	2157.6	0.977	assoc_sur	0.4915
tr|A0ABM0ZVR6|A0ABM0ZVR6_APLCA	Aplysia californica	invertebrate	671	hv1	high	79.5	0.8157		1.0
tr|A0ABM0ZVW0|A0ABM0ZVW0_APLCA	Aplysia californica	invertebrate	266	outofscope_aquaporin	high	183.6	0.8327		1.0
tr|A0ABM0ZW39|A0ABM0ZW39_APLCA	Aplysia californica	invertebrate	1022	transporter_slc26	high	790.4	0.9723		1.0
tr|A0ABM0ZW48|A0ABM0ZW48_APLCA	Aplysia californica	invertebrate	717	assoc_k_beta	medium	33.2	0.4304	lrrc8	0.2681
tr|A0ABM0ZW76|A0ABM0ZW76_APLCA	Aplysia californica	invertebrate	1580	nonchannel_abc_transporter	high	1200.0	0.9601	cftr	0.3651
tr|A0ABM0ZWT2|A0ABM0ZWT2_APLCA	Aplysia californica	invertebrate	1625	nonchannel_abc_transporter	high	1292.0	0.9747	assoc_sur	0.4985
tr|A0ABM0ZX05|A0ABM0ZX05_APLCA	Aplysia californica	invertebrate	557	assoc_k_beta	medium	60.3	0.6273	lrrc8	0.2222
tr|A0ABM0ZX52|A0ABM0ZX52_APLCA	Aplysia californica	invertebrate	2244	nonchannel_abc_transporter	medium	959.1	0.4709	assoc_sur	0.6137
tr|A0ABM0ZX54|A0ABM0ZX54_APLCA	Aplysia californica	invertebrate	1355	nonchannel_abc_transporter	medium	681.9	0.4678	assoc_sur	0.6326
tr|A0ABM0ZXJ7|A0ABM0ZXJ7_APLCA	Aplysia californica	invertebrate	664	assoc_cav_aux	medium	115.7	0.3237		1.0
tr|A0ABM0ZXT4|A0ABM0ZXT4_APLCA	Aplysia californica	invertebrate	1087	assoc_k_beta	medium	65.4	0.3097		1.0
tr|A0ABM0ZXZ8|A0ABM0ZXZ8_APLCA	Aplysia californica	invertebrate	314	kainate	medium	184.6	0.3227	ampa	0.4854
tr|A0ABM0ZYI2|A0ABM0ZYI2_APLCA	Aplysia californica	invertebrate	811	assoc_kchip	medium	34.0	0.5458	nonchannel_ncs	0.2088
tr|A0ABM0ZYJ9|A0ABM0ZYJ9_APLCA	Aplysia californica	invertebrate	1410	nonchannel_class_c_gpcr	high	152.9	0.513		1.0
tr|A0ABM0ZYU0|A0ABM0ZYU0_APLCA	Aplysia californica	invertebrate	1546	nonchannel_abc_transporter	high	1650.4	0.9778	assoc_sur	0.492
tr|A0ABM0ZZ03|A0ABM0ZZ03_APLCA	Aplysia californica	invertebrate	586	assoc_stim	high	432.2	0.5272		1.0
tr|A0ABM0ZZ62|A0ABM0ZZ62_APLCA	Aplysia californica	invertebrate	192	nonchannel_ncs	medium	199.7	0.9793	assoc_kchip	0.2709
tr|A0ABM0ZZE6|A0ABM0ZZE6_APLCA	Aplysia californica	invertebrate	144	nonchannel_ncs	high	50.1	0.5751		1.0
tr|A0ABM0ZZP4|A0ABM0ZZP4_APLCA	Aplysia californica	invertebrate	1490	assoc_k_beta	high	267.8	0.5407	lrrc8	0.4309
tr|A0ABM0ZZQ8|A0ABM0ZZQ8_APLCA	Aplysia californica	invertebrate	774	transporter_slc26	high	584.2	0.9528		1.0
tr|A0ABM0ZZY8|A0ABM0ZZY8_APLCA	Aplysia californica	invertebrate	887	assoc_k_beta	medium	40.6	0.3963		1.0
tr|A0ABM1A098|A0ABM1A098_APLCA	Aplysia californica	invertebrate	262	outofscope_aquaporin	high	164.2	0.8505		1.0
tr|A0ABM1A0B6|A0ABM1A0B6_APLCA	Aplysia californica	invertebrate	851	nonchannel_abc_transporter	medium	343.7	0.4294	assoc_sur	0.5868
tr|A0ABM1A0E2|A0ABM1A0E2_APLCA	Aplysia californica	invertebrate	609	assoc_k_beta	medium	32.4	0.3071		1.0
tr|A0ABM1A0E3|A0ABM1A0E3_APLCA	Aplysia californica	invertebrate	287	assoc_k_beta	medium	34.2	0.3202		1.0
tr|A0ABM1A0V2|A0ABM1A0V2_APLCA	Aplysia californica	invertebrate	1448	nonchannel_abc_transporter	high	1374.8	0.9739	assoc_sur	0.5047
tr|A0ABM1A145|A0ABM1A145_APLCA	Aplysia californica	invertebrate	149	nonchannel_ncs	high	57.6	0.5699		1.0
tr|A0ABM1A147|A0ABM1A147_APLCA	Aplysia californica	invertebrate	166	nonchannel_ncs	high	53.4	0.5751	assoc_kchip	0.4139
tr|A0ABM1A187|A0ABM1A187_APLCA	Aplysia californica	invertebrate	166	nonchannel_ncs	high	43.4	0.5699		1.0
tr|A0ABM1A194|A0ABM1A194_APLCA	Aplysia californica	invertebrate	203	nonchannel_ncs	high	58.7	0.5855		1.0
tr|A0ABM1A1A3|A0ABM1A1A3_APLCA	Aplysia californica	invertebrate	978	assoc_clc_aux	high	455.3	0.9892		1.0
tr|A0ABM1A221|A0ABM1A221_APLCA	Aplysia californica	invertebrate	1421	nonchannel_abc_transporter	high	1389.3	0.9854	assoc_sur	0.5052
tr|A0ABM1A278|A0ABM1A278_APLCA	Aplysia californica	invertebrate	970	assoc_k_beta	medium	67.5	0.3911	lrrc8	0.403
tr|A0ABM1A2B3|A0ABM1A2B3_APLCA	Aplysia californica	invertebrate	111	nonchannel_ncs	high	41.9	0.5544		1.0
tr|A0ABM1A2F9|A0ABM1A2F9_APLCA	Aplysia californica	invertebrate	377	assoc_k_beta	medium	49.8	0.3675	lrrc8	0.4157
tr|A0ABM1A3B7|A0ABM1A3B7_APLCA	Aplysia californica	invertebrate	788	nonchannel_class_c_gpcr	high	432.6	0.7141		1.0
tr|A0ABM1A3X3|A0ABM1A3X3_APLCA	Aplysia californica	invertebrate	2801	nonchannel_class_c_gpcr	high	841.1	0.8633		1.0
tr|A0ABM1A4P5|A0ABM1A4P5_APLCA	Aplysia californica	invertebrate	153	nonchannel_ncs	high	53.7	0.5648		1.0
tr|A0ABM1A4Q5|A0ABM1A4Q5_APLCA	Aplysia californica	invertebrate	645	nonchannel_abc_transporter	medium	345.8	0.4126	cftr	0.585
tr|A0ABM1A4R4|A0ABM1A4R4_APLCA	Aplysia californica	invertebrate	404	nonchannel_abc_transporter	medium	517.8	0.3067	assoc_sur	0.3752
tr|A0ABM1A5L6|A0ABM1A5L6_APLCA	Aplysia californica	invertebrate	2895	nonchannel_class_c_gpcr	high	1034.8	0.9537	nmda	0.9565
tr|A0ABM1A665|A0ABM1A665_APLCA	Aplysia californica	invertebrate	1186	nonchannel_abc_transporter	high	872.0	0.6702	assoc_sur	0.5741
tr|A0ABM1A6J7|A0ABM1A6J7_APLCA	Aplysia californica	invertebrate	1299	assoc_k_beta	medium	59.4	0.3596		1.0
tr|A0ABM1A6J9|A0ABM1A6J9_APLCA	Aplysia californica	invertebrate	825	transporter_slc26	high	627.3	0.9487		1.0
tr|A0ABM1A6K5|A0ABM1A6K5_APLCA	Aplysia californica	invertebrate	523	hv1	high	80.1	0.5059		1.0
tr|A0ABM1A6Z7|A0ABM1A6Z7_APLCA	Aplysia californica	invertebrate	303	outofscope_aquaporin	high	225.2	0.8399		1.0
tr|A0ABM1A709|A0ABM1A709_APLCA	Aplysia californica	invertebrate	1364	nonchannel_abc_transporter	medium	720.9	0.4778	assoc_sur	0.6055
tr|A0ABM1A712|A0ABM1A712_APLCA	Aplysia californica	invertebrate	375	assoc_k_beta	high	166.6	0.8084		1.0
tr|A0ABM1A7C6|A0ABM1A7C6_APLCA	Aplysia californica	invertebrate	180	nachr	medium	32.2	0.3395		1.0
tr|A0ABM1A7D6|A0ABM1A7D6_APLCA	Aplysia californica	invertebrate	329	clic	high	151.8	0.9024		1.0
tr|A0ABM1A7N1|A0ABM1A7N1_APLCA	Aplysia californica	invertebrate	1575	nonchannel_abc_transporter	high	1392.8	0.9739	assoc_sur	0.495
tr|A0ABM1A7T2|A0ABM1A7T2_APLCA	Aplysia californica	invertebrate	1577	nonchannel_abc_transporter	high	1440.2	0.9755	assoc_sur	0.4738
tr|A0ABM1A7V0|A0ABM1A7V0_APLCA	Aplysia californica	invertebrate	1496	assoc_k_beta	medium	127.9	0.5302	lrrc8	0.2619
tr|A0ABM1A7W0|A0ABM1A7W0_APLCA	Aplysia californica	invertebrate	1575	nonchannel_ncs	high	44.5	0.5907		1.0
tr|A0ABM1A8Q9|A0ABM1A8Q9_APLCA	Aplysia californica	invertebrate	235	outofscope_aquaporin	high	192.7	0.7758		1.0
tr|A0ABM1A8R1|A0ABM1A8R1_APLCA	Aplysia californica	invertebrate	736	nonchannel_class_c_gpcr	medium	112.9	0.3514		1.0
tr|A0ABM1A8V5|A0ABM1A8V5_APLCA	Aplysia californica	invertebrate	1500	nonchannel_ncs	medium	59.4	0.4663	assoc_kchip	0.3704
tr|A0ABM1A9Z3|A0ABM1A9Z3_APLCA	Aplysia californica	invertebrate	192	nonchannel_ncs	medium	221.3	0.9637	assoc_kchip	0.2535
tr|A0ABM1AAG8|A0ABM1AAG8_APLCA	Aplysia californica	invertebrate	177	outofscope_aquaporin	medium	73.2	0.3772		1.0
tr|A0ABM1AAJ3|A0ABM1AAJ3_APLCA	Aplysia californica	invertebrate	1264	plgic_prok	high	58.3	0.7439	gabaa	0.4014
tr|A0ABM1AAM8|A0ABM1AAM8_APLCA	Aplysia californica	invertebrate	1570	nonchannel_abc_transporter	high	1617.6	0.9655	assoc_sur	0.4854
tr|A0ABM1AB06|A0ABM1AB06_APLCA	Aplysia californica	invertebrate	377	outofscope_aquaporin	high	195.2	0.8505		1.0
tr|A0ABM1AB38|A0ABM1AB38_APLCA	Aplysia californica	invertebrate	967	assoc_stim	high	431.7	0.7304		1.0
tr|A0ABM1ABM9|A0ABM1ABM9_APLCA	Aplysia californica	invertebrate	1350	nonchannel_vsp	medium	99.2	0.3043		1.0
tr|A0ABM1ABP6|A0ABM1ABP6_APLCA	Aplysia californica	invertebrate	620	nonchannel_abc_transporter	medium	62.1	0.3942		1.0
tr|A0ABM1ABY6|A0ABM1ABY6_APLCA	Aplysia californica	invertebrate	1115	assoc_k_beta	medium	54.3	0.3727	lrrc8	0.2284
tr|A0ABM1AC29|A0ABM1AC29_APLCA	Aplysia californica	invertebrate	549	nonchannel_abc_transporter	medium	554.4	0.352	assoc_sur	0.5256
tr|A0ABM1ACC1|A0ABM1ACC1_APLCA	Aplysia californica	invertebrate	149	nonchannel_ncs	medium	48.6	0.3575		1.0
tr|A0ABM1ACW6|A0ABM1ACW6_APLCA	Aplysia californica	invertebrate	227	clic	high	106.8	0.7979		1.0
tr|A0ABM1AD94|A0ABM1AD94_APLCA	Aplysia californica	invertebrate	918	assoc_k_beta	medium	55.1	0.3753	lrrc8	0.2214
tr|A0ABM1ADK3|A0ABM1ADK3_APLCA	Aplysia californica	invertebrate	292	outofscope_aquaporin	high	268.8	0.8399		1.0
tr|A0ABM1ADT4|A0ABM1ADT4_APLCA	Aplysia californica	invertebrate	711	assoc_k_beta	medium	103.5	0.5197	lrrc8	0.1092
tr|A0ABM1ADZ5|A0ABM1ADZ5_APLCA	Aplysia californica	invertebrate	1056	hv1	high	112.4	0.6353		1.0
tr|A0ABM1AEI8|A0ABM1AEI8_APLCA	Aplysia californica	invertebrate	149	nonchannel_ncs	high	55.9	0.5492		1.0
tr|A0ABM1AEQ5|A0ABM1AEQ5_APLCA	Aplysia californica	invertebrate	440	nonchannel_abc_transporter	medium	552.0	0.3244	assoc_sur	0.373
tr|A0ABM1AFH8|A0ABM1AFH8_APLCA	Aplysia californica	invertebrate	1578	nonchannel_abc_transporter	high	1493.0	0.9762	assoc_sur	0.4612
tr|A0ABM1AFP9|A0ABM1AFP9_APLCA	Aplysia californica	invertebrate	196	assoc_k_beta	medium	35.2	0.3255	lrrc8	0.3011
tr|A0ABM1AFV0|A0ABM1AFV0_APLCA	Aplysia californica	invertebrate	963	nonchannel_abc_transporter	medium	622.0	0.4103	assoc_sur	0.5981
tr|A0ABM1AG16|A0ABM1AG16_APLCA	Aplysia californica	invertebrate	1322	assoc_k_beta	medium	103.7	0.4856		1.0
tr|A0ABM1VPB5|A0ABM1VPB5_APLCA	Aplysia californica	invertebrate	1508	nonchannel_abc_transporter	high	1318.6	0.967	assoc_sur	0.4735
tr|A0ABM1VPC0|A0ABM1VPC0_APLCA	Aplysia californica	invertebrate	1201	nonchannel_abc_transporter	high	1112.4	0.7538	assoc_sur	0.487
tr|A0ABM1VQL7|A0ABM1VQL7_APLCA	Aplysia californica	invertebrate	318	nonchannel_ncs	high	55.6	0.6269		1.0
tr|A0ABM1VQP5|A0ABM1VQP5_APLCA	Aplysia californica	invertebrate	205	nonchannel_ncs	high	31.5	0.5544		1.0
tr|A0ABM1VRM1|A0ABM1VRM1_APLCA	Aplysia californica	invertebrate	931	nonchannel_abc_transporter	high	988.5	0.6756	assoc_sur	0.4737
tr|A0ABM1VRT0|A0ABM1VRT0_APLCA	Aplysia californica	invertebrate	1111	nonchannel_abc_transporter	medium	607.9	0.4034	assoc_sur	0.5881
tr|A0ABM1VRT3|A0ABM1VRT3_APLCA	Aplysia californica	invertebrate	983	nonchannel_abc_transporter	medium	377.9	0.3804	assoc_sur	0.6475
tr|A0ABM1VRW8|A0ABM1VRW8_APLCA	Aplysia californica	invertebrate	943	assoc_k_beta	medium	51.6	0.3071	lrrc8	0.3062
tr|A0ABM1VSG4|A0ABM1VSG4_APLCA	Aplysia californica	invertebrate	770	transporter_slc26	high	664.2	0.9376		1.0
tr|A0ABM1VTA9|A0ABM1VTA9_APLCA	Aplysia californica	invertebrate	1962	nonchannel_class_c_gpcr	high	862.7	0.9446	nmda	0.9578
tr|A0ABM1VTF7|A0ABM1VTF7_APLCA	Aplysia californica	invertebrate	207	assoc_kchip	high	328.6	0.7809	nonchannel_ncs	0.3865
tr|A0ABM1VTZ8|A0ABM1VTZ8_APLCA	Aplysia californica	invertebrate	703	nonchannel_class_c_gpcr	high	532.9	0.6045		1.0
tr|A0ABM1VU04|A0ABM1VU04_APLCA	Aplysia californica	invertebrate	477	assoc_clc_aux	medium	130.1	0.3959		1.0
tr|A0ABM1VUA4|A0ABM1VUA4_APLCA	Aplysia californica	invertebrate	1497	nonchannel_abc_transporter	high	1265.2	0.9624	assoc_sur	0.4714
tr|A0ABM1VUA5|A0ABM1VUA5_APLCA	Aplysia californica	invertebrate	218	nonchannel_ncs	medium	66.9	0.487		1.0
tr|A0ABM1VUA6|A0ABM1VUA6_APLCA	Aplysia californica	invertebrate	541	nonchannel_ncs	high	144.4	0.5699		1.0
tr|A0ABM1VUG5|A0ABM1VUG5_APLCA	Aplysia californica	invertebrate	450	tmc	high	346.7	0.5153		1.0
tr|A0ABM1VUI9|A0ABM1VUI9_APLCA	Aplysia californica	invertebrate	746	nonchannel_class_c_gpcr	high	97.4	0.5571		1.0
tr|A0ABM1VUV7|A0ABM1VUV7_APLCA	Aplysia californica	invertebrate	1081	assoc_cav_aux	high	261.8	0.9684		1.0
tr|A0ABM1VUX4|A0ABM1VUX4_APLCA	Aplysia californica	invertebrate	903	nonchannel_abc_transporter	high	1093.6	0.6633	assoc_sur	0.4184
tr|A0ABM1VV42|A0ABM1VV42_APLCA	Aplysia californica	invertebrate	156	assoc_k_beta	medium	53.5	0.4016	lrrc8	0.4187
tr|A0ABM1VVH9|A0ABM1VVH9_APLCA	Aplysia californica	invertebrate	1264	trpa	high	741.7	0.9142	trpn	0.7123
tr|A0ABM1VVR1|A0ABM1VVR1_APLCA	Aplysia californica	invertebrate	1570	nonchannel_abc_transporter	high	1405.8	0.9739	assoc_sur	0.4927
tr|A0ABM1VVW3|A0ABM1VVW3_APLCA	Aplysia californica	invertebrate	760	nonchannel_ncs	medium	36.0	0.4197	assoc_kchip	0.2056
tr|A0ABM1VX62|A0ABM1VX62_APLCA	Aplysia californica	invertebrate	797	nonchannel_class_c_gpcr	high	367.9	0.652	kainate	0.9315
tr|A0ABM1VYM6|A0ABM1VYM6_APLCA	Aplysia californica	invertebrate	934	transporter_slc26	high	669.4	0.9001		1.0
tr|A0ABM1VZD9|A0ABM1VZD9_APLCA	Aplysia californica	invertebrate	818	nonchannel_class_c_gpcr	high	675.7	0.7085		1.0
tr|A0ABM1VZP8|A0ABM1VZP8_APLCA	Aplysia californica	invertebrate	1523	nonchannel_abc_transporter	high	1246.9	0.9578	assoc_sur	0.4984
tr|A0ABM1W0A0|A0ABM1W0A0_APLCA	Aplysia californica	invertebrate	248	nonchannel_ncs	medium	46.7	0.3212		1.0
tr|A0ABM1W0D3|A0ABM1W0D3_APLCA	Aplysia californica	invertebrate	2062	nonchannel_class_c_gpcr	high	324.4	0.6972		1.0
tr|A0ABM1W0F2|A0ABM1W0F2_APLCA	Aplysia californica	invertebrate	1071	nonchannel_ncs	high	42.3	0.5803		1.0
tr|A0ABM1W0V1|A0ABM1W0V1_APLCA	Aplysia californica	invertebrate	817	assoc_k_beta	high	51.6	0.8425		1.0
tr|A0ABM1W0V3|A0ABM1W0V3_APLCA	Aplysia californica	invertebrate	484	assoc_mcu_reg	high	368.4	0.7297		1.0
tr|A0ABM1W123|A0ABM1W123_APLCA	Aplysia californica	invertebrate	1475	nonchannel_abc_transporter	high	1371.8	0.9747	assoc_sur	0.5134
tr|A0ABM1W1P5|A0ABM1W1P5_APLCA	Aplysia californica	invertebrate	671	nonchannel_class_c_gpcr	medium	185.4	0.3864		1.0
tr|A0ABM1W2R1|A0ABM1W2R1_APLCA	Aplysia californica	invertebrate	898	nonchannel_abc_transporter	high	978.3	0.6196	assoc_sur	0.4142
tr|A0ABM1W2Z6|A0ABM1W2Z6_APLCA	Aplysia californica	invertebrate	463	nonchannel_class_c_gpcr	medium	308.4	0.478	nmda	0.9011
tr|A0ABM1W355|A0ABM1W355_APLCA	Aplysia californica	invertebrate	1357	nonchannel_abc_transporter	medium	685.6	0.4747	assoc_sur	0.6378
tr|A0ABM1W3T4|A0ABM1W3T4_APLCA	Aplysia californica	invertebrate	1000	nonchannel_abc_transporter	high	763.6	0.5851	assoc_sur	0.4532
tr|A0ABM1W3U2|A0ABM1W3U2_APLCA	Aplysia californica	invertebrate	881	nonchannel_abc_transporter	medium	410.1	0.421	assoc_sur	0.5455
tr|A0ABM1W4B8|A0ABM1W4B8_APLCA	Aplysia californica	invertebrate	130	nonchannel_ncs	medium	47.6	0.4145	assoc_kchip	0.3634
tr|A0ABM1W4P3|A0ABM1W4P3_APLCA	Aplysia californica	invertebrate	1485	nonchannel_abc_transporter	high	1274.7	0.9624	assoc_sur	0.4648
tr|A0ABM1W4R2|A0ABM1W4R2_APLCA	Aplysia californica	invertebrate	949	nonchannel_class_c_gpcr	high	505.1	0.8859	nmda	0.901
tr|A0ABM1W5D4|A0ABM1W5D4_APLCA	Aplysia californica	invertebrate	917	nonchannel_abc_transporter	high	1118.2	0.6472	assoc_sur	0.411
tr|A0ABM1W5D6|A0ABM1W5D6_APLCA	Aplysia californica	invertebrate	1572	nonchannel_abc_transporter	high	1467.1	0.9578	assoc_sur	0.4721
tr|A0ABM4B119|A0ABM4B119_HYDVU	Hydra vulgaris	cnidarian	574	nonchannel_class_c_gpcr	high	104.4	0.5537		1.0
tr|A0ABM4B157|A0ABM4B157_HYDVU	Hydra vulgaris	cnidarian	1053	nonchannel_class_c_gpcr	high	246.8	0.9277		1.0
tr|A0ABM4B3Z1|A0ABM4B3Z1_HYDVU	Hydra vulgaris	cnidarian	844	nonchannel_class_c_gpcr	high	320.3	0.9175		1.0
tr|A0ABM4B493|A0ABM4B493_HYDVU	Hydra vulgaris	cnidarian	316	nonchannel_ncs	high	217.6	0.9585	assoc_kchip	0.3125
tr|A0ABM4B4G7|A0ABM4B4G7_HYDVU	Hydra vulgaris	cnidarian	909	nonchannel_class_c_gpcr	high	139.0	0.8554		1.0
tr|A0ABM4B4I8|A0ABM4B4I8_HYDVU	Hydra vulgaris	cnidarian	636	assoc_k_beta	medium	32.5	0.3438		1.0
tr|A0ABM4B4T6|A0ABM4B4T6_HYDVU	Hydra vulgaris	cnidarian	1472	nonchannel_abc_transporter	high	1428.6	0.9655	assoc_sur	0.503
tr|A0ABM4B4T7|A0ABM4B4T7_HYDVU	Hydra vulgaris	cnidarian	1455	nonchannel_abc_transporter	high	1521.6	0.9655	assoc_sur	0.474
tr|A0ABM4B4T8|A0ABM4B4T8_HYDVU	Hydra vulgaris	cnidarian	1450	nonchannel_abc_transporter	high	1496.0	0.9655	assoc_sur	0.4791
tr|A0ABM4B4V2|A0ABM4B4V2_HYDVU	Hydra vulgaris	cnidarian	1475	nonchannel_abc_transporter	high	1440.0	0.9678	assoc_sur	0.4801
tr|A0ABM4B6Q8|A0ABM4B6Q8_HYDVU	Hydra vulgaris	cnidarian	185	nonchannel_ncs	medium	213.6	0.9637	assoc_kchip	0.2996
tr|A0ABM4B6U0|A0ABM4B6U0_HYDVU	Hydra vulgaris	cnidarian	481	nonchannel_ncs	high	76.6	0.6425	assoc_kchip	0.3211
tr|A0ABM4B885|A0ABM4B885_HYDVU	Hydra vulgaris	cnidarian	818	nonchannel_class_c_gpcr	high	592.9	0.9266	nmda	0.9491
tr|A0ABM4BBH1|A0ABM4BBH1_HYDVU	Hydra vulgaris	cnidarian	799	nonchannel_class_c_gpcr	high	197.3	0.7153		1.0
tr|A0ABM4BBT8|A0ABM4BBT8_HYDVU	Hydra vulgaris	cnidarian	844	nonchannel_class_c_gpcr	high	318.3	0.9175		1.0
tr|A0ABM4BC09|A0ABM4BC09_HYDVU	Hydra vulgaris	cnidarian	623	transporter_slc26	high	307.4	0.6505		1.0
tr|A0ABM4BC11|A0ABM4BC11_HYDVU	Hydra vulgaris	cnidarian	623	transporter_slc26	high	309.6	0.6505		1.0
tr|A0ABM4BCG8|A0ABM4BCG8_HYDVU	Hydra vulgaris	cnidarian	197	nonchannel_ncs	medium	270.7	0.9741	assoc_kchip	0.2394
tr|A0ABM4BCN6|A0ABM4BCN6_HYDVU	Hydra vulgaris	cnidarian	920	nonchannel_class_c_gpcr	high	359.2	0.9062	nmda	0.924
tr|A0ABM4BCT0|A0ABM4BCT0_HYDVU	Hydra vulgaris	cnidarian	149	nonchannel_ncs	high	57.6	0.5648		1.0
tr|A0ABM4BDJ3|A0ABM4BDJ3_HYDVU	Hydra vulgaris	cnidarian	764	nonchannel_pomt	high	678.6	0.9224		1.0
tr|A0ABM4BHH4|A0ABM4BHH4_HYDVU	Hydra vulgaris	cnidarian	197	nonchannel_ncs	medium	128.0	0.9378	assoc_kchip	0.1445
tr|A0ABM4BHK9|A0ABM4BHK9_HYDVU	Hydra vulgaris	cnidarian	683	nonchannel_abc_transporter	medium	377.8	0.4294	assoc_sur	0.6188
tr|A0ABM4BIG8|A0ABM4BIG8_HYDVU	Hydra vulgaris	cnidarian	185	nonchannel_ncs	high	43.4	0.943		1.0
tr|A0ABM4BIJ5|A0ABM4BIJ5_HYDVU	Hydra vulgaris	cnidarian	149	nonchannel_ncs	high	59.4	0.5648		1.0
tr|A0ABM4BIJ6|A0ABM4BIJ6_HYDVU	Hydra vulgaris	cnidarian	149	nonchannel_ncs	high	57.6	0.5648		1.0
tr|A0ABM4BIM8|A0ABM4BIM8_HYDVU	Hydra vulgaris	cnidarian	867	nonchannel_class_c_gpcr	high	515.3	0.9288	nmda	0.9426
tr|A0ABM4BL74|A0ABM4BL74_HYDVU	Hydra vulgaris	cnidarian	1040	assoc_k_beta	medium	50.2	0.4961		1.0
tr|A0ABM4BLM3|A0ABM4BLM3_HYDVU	Hydra vulgaris	cnidarian	852	nonchannel_class_c_gpcr	high	494.4	0.9356	nmda	0.9055
tr|A0ABM4BLM6|A0ABM4BLM6_HYDVU	Hydra vulgaris	cnidarian	847	nonchannel_class_c_gpcr	high	406.6	0.9085	nmda	0.9338
tr|A0ABM4BLM7|A0ABM4BLM7_HYDVU	Hydra vulgaris	cnidarian	837	nonchannel_class_c_gpcr	high	487.0	0.9175	nmda	0.9031
tr|A0ABM4BLN4|A0ABM4BLN4_HYDVU	Hydra vulgaris	cnidarian	857	nonchannel_class_c_gpcr	high	442.7	0.9119	nmda	0.9327
tr|A0ABM4BLP3|A0ABM4BLP3_HYDVU	Hydra vulgaris	cnidarian	855	nonchannel_class_c_gpcr	high	455.6	0.9277	nmda	0.9271
tr|A0ABM4BP21|A0ABM4BP21_HYDVU	Hydra vulgaris	cnidarian	155	nonchannel_ncs	high	30.4	0.601		1.0
tr|A0ABM4BP75|A0ABM4BP75_HYDVU	Hydra vulgaris	cnidarian	440	nonchannel_class_c_gpcr	medium	254.8	0.478		1.0
tr|A0ABM4BPD2|A0ABM4BPD2_HYDVU	Hydra vulgaris	cnidarian	142	nonchannel_ncs	medium	38.3	0.4145		1.0
tr|A0ABM4BPZ0|A0ABM4BPZ0_HYDVU	Hydra vulgaris	cnidarian	863	nonchannel_class_c_gpcr	high	305.6	0.8994	nmda	0.912
tr|A0ABM4BQ09|A0ABM4BQ09_HYDVU	Hydra vulgaris	cnidarian	854	nonchannel_class_c_gpcr	high	308.6	0.8847	nmda	0.8921
tr|A0ABM4BQA7|A0ABM4BQA7_HYDVU	Hydra vulgaris	cnidarian	803	nonchannel_class_c_gpcr	high	359.1	0.852	nmda	0.8872
tr|A0ABM4BQY7|A0ABM4BQY7_HYDVU	Hydra vulgaris	cnidarian	1078	assoc_cav_aux	high	154.9	0.7243		1.0
tr|A0ABM4BQZ6|A0ABM4BQZ6_HYDVU	Hydra vulgaris	cnidarian	1101	assoc_cav_aux	high	108.9	0.9465		1.0
tr|A0ABM4BRB3|A0ABM4BRB3_HYDVU	Hydra vulgaris	cnidarian	452	nonchannel_class_c_gpcr	high	260.9	0.5107		1.0
tr|A0ABM4BRD5|A0ABM4BRD5_HYDVU	Hydra vulgaris	cnidarian	371	nonchannel_class_c_gpcr	medium	228.0	0.3062	nmda	0.8974
tr|A0ABM4BRH8|A0ABM4BRH8_HYDVU	Hydra vulgaris	cnidarian	839	nonchannel_class_c_gpcr	high	500.4	0.9322		1.0
tr|A0ABM4BRI4|A0ABM4BRI4_HYDVU	Hydra vulgaris	cnidarian	852	nonchannel_class_c_gpcr	high	473.9	0.9175		1.0
tr|A0ABM4BS08|A0ABM4BS08_HYDVU	Hydra vulgaris	cnidarian	1088	assoc_cav_aux	medium	109.1	0.4156		1.0
tr|A0ABM4BSP5|A0ABM4BSP5_HYDVU	Hydra vulgaris	cnidarian	893	nonchannel_class_c_gpcr	high	363.2	0.9062	nmda	0.9097
tr|A0ABM4BTA0|A0ABM4BTA0_HYDVU	Hydra vulgaris	cnidarian	913	nonchannel_class_c_gpcr	high	395.2	0.9062	nmda	0.9122
tr|A0ABM4BTA2|A0ABM4BTA2_HYDVU	Hydra vulgaris	cnidarian	860	nonchannel_class_c_gpcr	high	302.2	0.8791	nmda	0.905
tr|A0ABM4BTG5|A0ABM4BTG5_HYDVU	Hydra vulgaris	cnidarian	280	outofscope_aquaporin	high	161.8	0.8434		1.0
tr|A0ABM4BVP9|A0ABM4BVP9_HYDVU	Hydra vulgaris	cnidarian	653	nonchannel_abc_transporter	medium	346.4	0.4294	assoc_sur	0.5765
tr|A0ABM4BVR8|A0ABM4BVR8_HYDVU	Hydra vulgaris	cnidarian	331	assoc_kchip	medium	160.2	0.8964	nonchannel_ncs	0.1055
tr|A0ABM4BXC2|A0ABM4BXC2_HYDVU	Hydra vulgaris	cnidarian	291	outofscope_aquaporin	high	215.8	0.8826		1.0
tr|A0ABM4BXG7|A0ABM4BXG7_HYDVU	Hydra vulgaris	cnidarian	507	nonchannel_vsp	high	208.7	0.5851		1.0
tr|A0ABM4BXH2|A0ABM4BXH2_HYDVU	Hydra vulgaris	cnidarian	618	nonchannel_vsp	high	203.1	0.5833		1.0
tr|A0ABM4BXU4|A0ABM4BXU4_HYDVU	Hydra vulgaris	cnidarian	1295	nonchannel_abc_transporter	medium	733.2	0.477	assoc_sur	0.6277
tr|A0ABM4BY71|A0ABM4BY71_HYDVU	Hydra vulgaris	cnidarian	853	nonchannel_class_c_gpcr	high	214.6	0.7729	kainate	0.8597
tr|A0ABM4BYF0|A0ABM4BYF0_HYDVU	Hydra vulgaris	cnidarian	498	assoc_mcu_reg	high	299.7	0.7748	nonchannel_ncs	0.8448
tr|A0ABM4BYQ5|A0ABM4BYQ5_HYDVU	Hydra vulgaris	cnidarian	551	nonchannel_vsp	high	187.8	0.5833		1.0
tr|A0ABM4C0Q0|A0ABM4C0Q0_HYDVU	Hydra vulgaris	cnidarian	1304	nonchannel_abc_transporter	medium	715.3	0.4847	assoc_sur	0.6351
tr|A0ABM4C0R6|A0ABM4C0R6_HYDVU	Hydra vulgaris	cnidarian	299	nonchannel_ncs	medium	74.6	0.4715		1.0
tr|A0ABM4C0Z4|A0ABM4C0Z4_HYDVU	Hydra vulgaris	cnidarian	146	nonchannel_ncs	high	47.1	0.5751		1.0
tr|A0ABM4C124|A0ABM4C124_HYDVU	Hydra vulgaris	cnidarian	564	assoc_cav_aux	medium	215.0	0.4184		1.0
tr|A0ABM4C1X1|A0ABM4C1X1_HYDVU	Hydra vulgaris	cnidarian	1504	nonchannel_vsp	high	118.5	0.558		1.0
tr|A0ABM4C216|A0ABM4C216_HYDVU	Hydra vulgaris	cnidarian	243	nonchannel_ncs	high	56.4	0.5751		1.0
tr|A0ABM4C2Q6|A0ABM4C2Q6_HYDVU	Hydra vulgaris	cnidarian	665	transporter_slc26	high	320.9	0.6505		1.0
tr|A0ABM4C2R2|A0ABM4C2R2_HYDVU	Hydra vulgaris	cnidarian	633	transporter_slc26	high	323.1	0.6338		1.0
tr|A0ABM4C377|A0ABM4C377_HYDVU	Hydra vulgaris	cnidarian	374	mitok	medium	90.2	0.4307		1.0
tr|A0ABM4C3F7|A0ABM4C3F7_HYDVU	Hydra vulgaris	cnidarian	642	transporter_slc26	high	326.8	0.5825		1.0
tr|A0ABM4C4M1|A0ABM4C4M1_HYDVU	Hydra vulgaris	cnidarian	147	nonchannel_ncs	medium	46.6	0.3005	assoc_kchip	0.2468
tr|A0ABM4C5V9|A0ABM4C5V9_HYDVU	Hydra vulgaris	cnidarian	286	outofscope_aquaporin	high	218.8	0.8932		1.0
tr|A0ABM4C5W1|A0ABM4C5W1_HYDVU	Hydra vulgaris	cnidarian	281	outofscope_aquaporin	high	196.9	0.8327		1.0
tr|A0ABM4C5W3|A0ABM4C5W3_HYDVU	Hydra vulgaris	cnidarian	285	outofscope_aquaporin	high	202.7	0.8612		1.0
tr|A0ABM4C5Y8|A0ABM4C5Y8_HYDVU	Hydra vulgaris	cnidarian	299	outofscope_aquaporin	high	211.3	0.8612		1.0
tr|A0ABM4C609|A0ABM4C609_HYDVU	Hydra vulgaris	cnidarian	845	nonchannel_class_c_gpcr	high	485.0	0.9333	nmda	0.9359
tr|A0ABM4C612|A0ABM4C612_HYDVU	Hydra vulgaris	cnidarian	833	nonchannel_class_c_gpcr	high	432.9	0.9379		1.0
tr|A0ABM4C615|A0ABM4C615_HYDVU	Hydra vulgaris	cnidarian	846	nonchannel_class_c_gpcr	high	462.7	0.9322	nmda	0.9319
tr|A0ABM4C621|A0ABM4C621_HYDVU	Hydra vulgaris	cnidarian	483	nonchannel_class_c_gpcr	medium	231.8	0.4486		1.0
tr|A0ABM4C647|A0ABM4C647_HYDVU	Hydra vulgaris	cnidarian	834	nonchannel_class_c_gpcr	high	448.9	0.9537		1.0
tr|A0ABM4C649|A0ABM4C649_HYDVU	Hydra vulgaris	cnidarian	833	nonchannel_class_c_gpcr	high	460.1	0.9345		1.0
tr|A0ABM4C657|A0ABM4C657_HYDVU	Hydra vulgaris	cnidarian	956	nonchannel_class_c_gpcr	high	466.9	0.9107	nmda	0.9366
tr|A0ABM4C667|A0ABM4C667_HYDVU	Hydra vulgaris	cnidarian	833	nonchannel_class_c_gpcr	high	471.7	0.9356	nmda	0.9432
tr|A0ABM4C6N6|A0ABM4C6N6_HYDVU	Hydra vulgaris	cnidarian	629	transporter_slc26	high	314.8	0.5936		1.0
tr|A0ABM4C6P2|A0ABM4C6P2_HYDVU	Hydra vulgaris	cnidarian	633	transporter_slc26	high	302.4	0.6491		1.0
tr|A0ABM4C6R6|A0ABM4C6R6_HYDVU	Hydra vulgaris	cnidarian	1010	nonchannel_class_c_gpcr	high	454.3	0.9379		1.0
tr|A0ABM4C6U2|A0ABM4C6U2_HYDVU	Hydra vulgaris	cnidarian	264	nonchannel_ncs	high	59.7	0.5699		1.0
tr|A0ABM4C7K5|A0ABM4C7K5_HYDVU	Hydra vulgaris	cnidarian	464	plgic_prok	medium	60.7	0.7898	gabaa	0.1532
tr|A0ABM4C837|A0ABM4C837_HYDVU	Hydra vulgaris	cnidarian	715	transporter_slc26	high	635.9	0.9612		1.0
tr|A0ABM4C878|A0ABM4C878_HYDVU	Hydra vulgaris	cnidarian	208	nonchannel_ncs	high	36.9	0.5544		1.0
tr|A0ABM4C8U7|A0ABM4C8U7_HYDVU	Hydra vulgaris	cnidarian	322	nonchannel_class_c_gpcr	medium	184.6	0.3322	kainate	0.8164
tr|A0ABM4C9N2|A0ABM4C9N2_HYDVU	Hydra vulgaris	cnidarian	844	nonchannel_class_c_gpcr	high	387.0	0.9085		1.0
tr|A0ABM4CAC6|A0ABM4CAC6_HYDVU	Hydra vulgaris	cnidarian	618	nonchannel_class_c_gpcr	medium	147.1	0.4		1.0
tr|A0ABM4CAD1|A0ABM4CAD1_HYDVU	Hydra vulgaris	cnidarian	653	nonchannel_class_c_gpcr	medium	141.2	0.3672		1.0
tr|A0ABM4CBC5|A0ABM4CBC5_HYDVU	Hydra vulgaris	cnidarian	835	nonchannel_class_c_gpcr	high	285.6	0.9356		1.0
tr|A0ABM4CBC9|A0ABM4CBC9_HYDVU	Hydra vulgaris	cnidarian	858	nonchannel_class_c_gpcr	high	301.8	0.9288		1.0
tr|A0ABM4CBG1|A0ABM4CBG1_HYDVU	Hydra vulgaris	cnidarian	841	nonchannel_class_c_gpcr	high	345.6	0.9299		1.0
tr|A0ABM4CBG2|A0ABM4CBG2_HYDVU	Hydra vulgaris	cnidarian	971	nonchannel_class_c_gpcr	high	328.1	0.9141	nmda	0.8878
tr|A0ABM4CCL0|A0ABM4CCL0_HYDVU	Hydra vulgaris	cnidarian	833	nonchannel_class_c_gpcr	high	226.3	0.9198		1.0
tr|A0ABM4CD19|A0ABM4CD19_HYDVU	Hydra vulgaris	cnidarian	1238	nonchannel_class_c_gpcr	medium	77.4	0.4712		1.0
tr|A0ABM4CD38|A0ABM4CD38_HYDVU	Hydra vulgaris	cnidarian	842	nonchannel_class_c_gpcr	high	400.1	0.8768		1.0
tr|A0ABM4CDI9|A0ABM4CDI9_HYDVU	Hydra vulgaris	cnidarian	3215	assoc_polycystin1	high	454.9	0.736		1.0
tr|A0ABM4CE35|A0ABM4CE35_HYDVU	Hydra vulgaris	cnidarian	1311	nonchannel_class_c_gpcr	medium	102.9	0.4588		1.0
tr|A0ABM4CEJ8|A0ABM4CEJ8_HYDVU	Hydra vulgaris	cnidarian	855	nonchannel_class_c_gpcr	high	286.6	0.9254		1.0
tr|A0ABM4CEP8|A0ABM4CEP8_HYDVU	Hydra vulgaris	cnidarian	885	nonchannel_class_c_gpcr	high	324.3	0.9401	nmda	0.8958
tr|A0ABM4CF05|A0ABM4CF05_HYDVU	Hydra vulgaris	cnidarian	825	nonchannel_class_c_gpcr	high	319.9	0.9424	nmda	0.9025
tr|A0ABM4CF65|A0ABM4CF65_HYDVU	Hydra vulgaris	cnidarian	895	nonchannel_class_c_gpcr	high	343.5	0.8915	nmda	0.8897
tr|A0ABM4CFT2|A0ABM4CFT2_HYDVU	Hydra vulgaris	cnidarian	770	nonchannel_pomt	high	710.3	0.9261		1.0
tr|A0ABM4CGA7|A0ABM4CGA7_HYDVU	Hydra vulgaris	cnidarian	165	nonchannel_ncs	medium	44.0	0.456		1.0
tr|A0ABM4CGX7|A0ABM4CGX7_HYDVU	Hydra vulgaris	cnidarian	459	assoc_k_beta	medium	56.2	0.4304		1.0
tr|A0ABM4CH68|A0ABM4CH68_HYDVU	Hydra vulgaris	cnidarian	655	nonchannel_abc_transporter	medium	367.0	0.4225	assoc_sur	0.5463
tr|A0ABM4CH73|A0ABM4CH73_HYDVU	Hydra vulgaris	cnidarian	468	nonchannel_gasdermin	medium	85.9	0.4831		1.0
tr|A0ABM4CHE9|A0ABM4CHE9_HYDVU	Hydra vulgaris	cnidarian	486	assoc_k_beta	medium	82.9	0.4173	lrrc8	0.3016
tr|A0ABM4CJN5|A0ABM4CJN5_HYDVU	Hydra vulgaris	cnidarian	170	nonchannel_ncs	medium	67.9	0.7824	assoc_kchip	0.2121
tr|A0ABM4CKL2|A0ABM4CKL2_HYDVU	Hydra vulgaris	cnidarian	1438	nonchannel_abc_transporter	high	1228.0	0.944	assoc_sur	0.4839
tr|A0ABM4CMW8|A0ABM4CMW8_HYDVU	Hydra vulgaris	cnidarian	148	nonchannel_ncs	high	59.7	0.5699	assoc_kchip	0.3568
tr|A0ABM4CN63|A0ABM4CN63_HYDVU	Hydra vulgaris	cnidarian	242	nonchannel_ncs	medium	48.7	0.3212		1.0
tr|A0ABM4CPK7|A0ABM4CPK7_HYDVU	Hydra vulgaris	cnidarian	835	nonchannel_class_c_gpcr	high	370.8	0.8983		1.0
tr|A0ABM4CPP8|A0ABM4CPP8_HYDVU	Hydra vulgaris	cnidarian	770	nonchannel_abc_transporter	medium	416.7	0.4225	assoc_sur	0.5988
tr|A0ABM4CPS6|A0ABM4CPS6_HYDVU	Hydra vulgaris	cnidarian	773	nonchannel_abc_transporter	medium	395.0	0.4356	assoc_sur	0.6332
tr|A0ABM4CQM4|A0ABM4CQM4_HYDVU	Hydra vulgaris	cnidarian	1489	nonchannel_ncs	medium	60.0	0.8135	assoc_kchip	0.195
tr|A0ABM4CT08|A0ABM4CT08_HYDVU	Hydra vulgaris	cnidarian	683	assoc_mcu_reg	medium	39.9	0.3784		1.0
tr|A0ABM4CVX4|A0ABM4CVX4_HYDVU	Hydra vulgaris	cnidarian	203	nonchannel_ncs	medium	82.8	0.8964	assoc_kchip	0.1159
tr|A0ABM4CWG4|A0ABM4CWG4_HYDVU	Hydra vulgaris	cnidarian	844	nonchannel_ncs	high	48.6	0.5699		1.0
tr|A0ABM4CY18|A0ABM4CY18_HYDVU	Hydra vulgaris	cnidarian	834	nonchannel_class_c_gpcr	high	303.3	0.9006		1.0
tr|A0ABM4CZ76|A0ABM4CZ76_HYDVU	Hydra vulgaris	cnidarian	755	nonchannel_abc_transporter	medium	391.0	0.4701	assoc_sur	0.6754
tr|A0ABM4CZZ2|A0ABM4CZZ2_HYDVU	Hydra vulgaris	cnidarian	910	assoc_stim	medium	458.9	0.4583		1.0
tr|A0ABM4D098|A0ABM4D098_HYDVU	Hydra vulgaris	cnidarian	826	nonchannel_class_c_gpcr	high	305.2	0.9254		1.0
tr|A0ABM4D0C0|A0ABM4D0C0_HYDVU	Hydra vulgaris	cnidarian	847	nonchannel_class_c_gpcr	high	307.2	0.8949	iglur_nonvertebrate	0.8952
tr|A0ABM4D1V9|A0ABM4D1V9_HYDVU	Hydra vulgaris	cnidarian	582	nonchannel_abc_transporter	medium	66.8	0.3589		1.0
tr|A0ABM4D268|A0ABM4D268_HYDVU	Hydra vulgaris	cnidarian	1603	trpn	high	1163.5	0.8068	trpa	0.8071
tr|A0ABM4D2Z1|A0ABM4D2Z1_HYDVU	Hydra vulgaris	cnidarian	170	nonchannel_ncs	high	38.3	0.5751		1.0
tr|A0ABM4D304|A0ABM4D304_HYDVU	Hydra vulgaris	cnidarian	188	nonchannel_ncs	medium	224.0	0.9637	assoc_kchip	0.2647
tr|A0ABM4D3N9|A0ABM4D3N9_HYDVU	Hydra vulgaris	cnidarian	182	nonchannel_ncs	high	49.1	0.5959		1.0
tr|A0ABM4D3P6|A0ABM4D3P6_HYDVU	Hydra vulgaris	cnidarian	851	nonchannel_class_c_gpcr	high	367.9	0.9051		1.0
tr|A0ABM4D414|A0ABM4D414_HYDVU	Hydra vulgaris	cnidarian	833	nonchannel_class_c_gpcr	high	338.1	0.9254		1.0
tr|A0ABM4D482|A0ABM4D482_HYDVU	Hydra vulgaris	cnidarian	398	nonchannel_kctd	high	81.7	0.5773	kv_shaker	0.5655
tr|A0ABM4D4I3|A0ABM4D4I3_HYDVU	Hydra vulgaris	cnidarian	1123	assoc_cav_aux	high	123.4	0.9328		1.0
tr|A0ABM4D4J1|A0ABM4D4J1_HYDVU	Hydra vulgaris	cnidarian	431	assoc_mcu_reg	high	272.0	0.7703		1.0
tr|A0ABM4D4R1|A0ABM4D4R1_HYDVU	Hydra vulgaris	cnidarian	846	nonchannel_abc_transporter	medium	353.8	0.3873	assoc_sur	0.6193
tr|A0ABM4D6C1|A0ABM4D6C1_HYDVU	Hydra vulgaris	cnidarian	335	k2p	high	72.3	0.51		1.0
tr|A0ABM4D749|A0ABM4D749_HYDVU	Hydra vulgaris	cnidarian	816	nonchannel_class_c_gpcr	high	107.2	0.6881		1.0
tr|A0ABM4D7T5|A0ABM4D7T5_HYDVU	Hydra vulgaris	cnidarian	857	nonchannel_ncs	medium	48.9	0.6269	assoc_kchip	0.2311
tr|A0ABM4D8G7|A0ABM4D8G7_HYDVU	Hydra vulgaris	cnidarian	191	nonchannel_ncs	high	320.7	0.9689	assoc_kchip	0.3736
tr|A0ABM4D8H3|A0ABM4D8H3_HYDVU	Hydra vulgaris	cnidarian	183	nonchannel_ncs	medium	236.6	0.9534	assoc_kchip	0.2578
tr|A0ABM4D9J0|A0ABM4D9J0_HYDVU	Hydra vulgaris	cnidarian	1095	assoc_cav_aux	high	134.4	0.9053		1.0
tr|A0ABM4D9N7|A0ABM4D9N7_HYDVU	Hydra vulgaris	cnidarian	635	transporter_slc26	high	300.8	0.6352		1.0
tr|A0ABM4DE20|A0ABM4DE20_HYDVU	Hydra vulgaris	cnidarian	1076	nonchannel_class_c_gpcr	medium	91.5	0.4554		1.0
tr|A0ABM4DE98|A0ABM4DE98_HYDVU	Hydra vulgaris	cnidarian	618	transporter_slc26	high	301.8	0.6352		1.0
tr|A0ABM4DEG1|A0ABM4DEG1_HYDVU	Hydra vulgaris	cnidarian	644	transporter_slc26	high	309.7	0.6366		1.0
tr|A0ABM4DFP6|A0ABM4DFP6_HYDVU	Hydra vulgaris	cnidarian	1206	nonchannel_vsp	medium	95.1	0.413		1.0
tr|A0ABM4DFQ2|A0ABM4DFQ2_HYDVU	Hydra vulgaris	cnidarian	854	nonchannel_class_c_gpcr	high	407.9	0.9096		1.0
tr|A0ABM4DJ74|A0ABM4DJ74_HYDVU	Hydra vulgaris	cnidarian	184	nonchannel_ncs	high	34.3	0.6684		1.0
tr|A0ABM4DK54|A0ABM4DK54_HYDVU	Hydra vulgaris	cnidarian	894	nonchannel_class_c_gpcr	high	426.7	0.9141		1.0
tr|A0ABM4DN63|A0ABM4DN63_HYDVU	Hydra vulgaris	cnidarian	773	nonchannel_class_c_gpcr	high	319.2	0.8237		1.0
tr|A0ABM5QVG4|A0ABM5QVG4_STRLI	Streptomyces lividans	prokaryote	626	nonchannel_abc_transporter	medium	354.5	0.4279	assoc_sur	0.5929
tr|A0ABM5QW28|A0ABM5QW28_STRLI	Streptomyces lividans	prokaryote	615	nonchannel_abc_transporter	medium	167.7	0.3267	assoc_sur	0.5319
tr|A0ABM5QWW2|A0ABM5QWW2_STRLI	Streptomyces lividans	prokaryote	638	nonchannel_abc_transporter	medium	301.2	0.365	assoc_sur	0.5843
tr|A0ABM5QZ83|A0ABM5QZ83_STRLI	Streptomyces lividans	prokaryote	583	nonchannel_abc_transporter	medium	261.0	0.4241	assoc_sur	0.6065
tr|A0ABM5QZQ1|A0ABM5QZQ1_STRLI	Streptomyces lividans	prokaryote	627	nonchannel_abc_transporter	medium	338.7	0.4256	assoc_sur	0.5937
tr|A0ABM5R3F4|A0ABM5R3F4_STRLI	Streptomyces lividans	prokaryote	1172	nonchannel_abc_transporter	medium	426.2	0.431	assoc_sur	0.5563
tr|A0ABM5R4B8|A0ABM5R4B8_STRLI	Streptomyces lividans	prokaryote	499	transporter_slc26	high	98.4	0.5257		1.0
tr|A0ABM5R5S3|A0ABM5R5S3_STRLI	Streptomyces lividans	prokaryote	1243	nonchannel_abc_transporter	medium	675.8	0.421	assoc_sur	0.6302
tr|A0ABM5R6I9|A0ABM5R6I9_STRLI	Streptomyces lividans	prokaryote	642	nonchannel_abc_transporter	medium	416.0	0.3903	assoc_sur	0.5397
tr|A0ABM5R8X5|A0ABM5R8X5_STRLI	Streptomyces lividans	prokaryote	264	outofscope_aquaporin	high	129.5	0.8007		1.0
tr|A0ABM5R9T7|A0ABM5R9T7_STRLI	Streptomyces lividans	prokaryote	625	nonchannel_abc_transporter	medium	132.2	0.309	assoc_sur	0.5318
tr|A0ABM5RBC5|A0ABM5RBC5_STRLI	Streptomyces lividans	prokaryote	589	nonchannel_abc_transporter	medium	310.2	0.4133	assoc_sur	0.5783
tr|A0ABM5RBH6|A0ABM5RBH6_STRLI	Streptomyces lividans	prokaryote	584	nonchannel_abc_transporter	medium	294.5	0.4417	assoc_sur	0.6448
tr|A0ABM5RBJ5|A0ABM5RBJ5_STRLI	Streptomyces lividans	prokaryote	940	nonchannel_abc_transporter	medium	262.9	0.3926	assoc_sur	0.6345
tr|A0ABM5RBU1|A0ABM5RBU1_STRLI	Streptomyces lividans	prokaryote	601	nonchannel_abc_transporter	medium	228.0	0.4233	assoc_sur	0.5851
tr|A0ABM5RBU8|A0ABM5RBU8_STRLI	Streptomyces lividans	prokaryote	566	nonchannel_abc_transporter	high	163.6	0.5959	assoc_sur	0.4853
tr|A0ABM5RCL9|A0ABM5RCL9_STRLI	Streptomyces lividans	prokaryote	183	nonchannel_ncs	high	40.2	0.5544		1.0
tr|A0ABN4DLF7|A0ABN4DLF7_STRLI	Streptomyces lividans	prokaryote	179	nonchannel_ncs	medium	30.3	0.3938		1.0
tr|A0ABN4DMU2|A0ABN4DMU2_STRLI	Streptomyces lividans	prokaryote	496	transporter_slc26	high	82.2	0.509		1.0
tr|A0ABN4DPH5|A0ABN4DPH5_STRLI	Streptomyces lividans	prokaryote	664	nonchannel_abc_transporter	medium	286.1	0.4187	assoc_sur	0.5952
tr|A0ABN4DQT5|A0ABN4DQT5_STRLI	Streptomyces lividans	prokaryote	603	nonchannel_abc_transporter	medium	101.0	0.3259	assoc_sur	0.598
tr|A0ABN4DU63|A0ABN4DU63_STRLI	Streptomyces lividans	prokaryote	278	outofscope_aquaporin	high	210.4	0.8043		1.0
tr|A0ABN4DV50|A0ABN4DV50_STRLI	Streptomyces lividans	prokaryote	615	nonchannel_abc_transporter	medium	304.8	0.4218	assoc_sur	0.5581
tr|A0ABN4DX72|A0ABN4DX72_STRLI	Streptomyces lividans	prokaryote	577	nonchannel_abc_transporter	medium	308.1	0.4172	assoc_sur	0.4258
tr|A0ABN4DYL5|A0ABN4DYL5_STRLI	Streptomyces lividans	prokaryote	828	transporter_slc26	medium	66.5	0.4591		1.0
tr|A0ABN4E106|A0ABN4E106_STRLI	Streptomyces lividans	prokaryote	593	nonchannel_abc_transporter	medium	262.9	0.4279	assoc_sur	0.6048
tr|A0ABN4E1N2|A0ABN4E1N2_STRLI	Streptomyces lividans	prokaryote	600	nonchannel_abc_transporter	medium	376.0	0.4256	assoc_sur	0.6056
tr|A0ABN4E233|A0ABN4E233_STRLI	Streptomyces lividans	prokaryote	721	nonchannel_abc_transporter	medium	310.9	0.4218	assoc_sur	0.5507
tr|A0ABN4E361|A0ABN4E361_STRLI	Streptomyces lividans	prokaryote	628	nonchannel_abc_transporter	medium	194.4	0.3374	cftr	0.5813
tr|A0AC36JWC5|A0AC36JWC5_DANRE	Danio rerio	vertebrate	727	assoc_stim	high	902.3	0.8102		1.0
tr|A0AC58G2D4|A0AC58G2D4_DANRE	Danio rerio	vertebrate	506	assoc_nav_beta	high	35.7	0.5223		1.0
tr|A0AC58G627|A0AC58G627_DANRE	Danio rerio	vertebrate	428	assoc_k_beta	high	87.3	0.5171	lrrc8	0.551
tr|A0AC58G760|A0AC58G760_DANRE	Danio rerio	vertebrate	190	nonchannel_ncs	medium	298.0	0.9637	assoc_kchip	0.2859
tr|A0AC58G855|A0AC58G855_DANRE	Danio rerio	vertebrate	567	assoc_k_beta	medium	49.6	0.336	lrrc8	0.4395
tr|A0AC58GG50|A0AC58GG50_DANRE	Danio rerio	vertebrate	893	nonchannel_ncs	high	51.7	0.5492	assoc_kchip	0.3985
tr|A0AC58GI59|A0AC58GI59_DANRE	Danio rerio	vertebrate	792	assoc_k_beta	high	125.6	0.9501		1.0
tr|A0AC58GI91|A0AC58GI91_DANRE	Danio rerio	vertebrate	1019	assoc_k_beta	medium	41.8	0.3202		1.0
tr|A0AC58GIC8|A0AC58GIC8_DANRE	Danio rerio	vertebrate	796	assoc_k_beta	high	250.2	0.9633		1.0
tr|A0AC58GKG8|A0AC58GKG8_DANRE	Danio rerio	vertebrate	1253	nonchannel_class_c_gpcr	high	1096.3	0.9571	nmda	0.9648
tr|A0AC58GS66|A0AC58GS66_DANRE	Danio rerio	vertebrate	1792	nonchannel_class_c_gpcr	medium	56.3	0.304		1.0
tr|A0AC58GT59|A0AC58GT59_DANRE	Danio rerio	vertebrate	291	assoc_k_beta	high	193.5	0.7297	lrrc8	0.8455
tr|A0AC58GTN5|A0AC58GTN5_DANRE	Danio rerio	vertebrate	1082	assoc_cav_aux	high	702.0	0.9726		1.0
tr|A0AC58GU13|A0AC58GU13_DANRE	Danio rerio	vertebrate	446	assoc_k_beta	high	263.2	0.8661		1.0
tr|A0AC58GXH5|A0AC58GXH5_DANRE	Danio rerio	vertebrate	496	assoc_k_beta	medium	89.2	0.5381	lrrc8	0.1222
tr|A0AC58H141|A0AC58H141_DANRE	Danio rerio	vertebrate	1524	assoc_k_beta	high	277.3	0.5118	lrrc8	0.4508
tr|A0AC58H490|A0AC58H490_DANRE	Danio rerio	vertebrate	694	assoc_nav_beta	medium	42.2	0.4643		1.0
tr|A0AC58H752|A0AC58H752_DANRE	Danio rerio	vertebrate	1526	assoc_k_beta	high	265.0	0.5197	lrrc8	0.5294
tr|A0AC58H7F7|A0AC58H7F7_DANRE	Danio rerio	vertebrate	1177	nonchannel_vsp	high	137.3	0.5652		1.0
tr|A0AC58H7G5|A0AC58H7G5_DANRE	Danio rerio	vertebrate	1393	nonchannel_abc_transporter	high	1594.3	0.9739	assoc_sur	0.5695
tr|A0AC58H8M3|A0AC58H8M3_DANRE	Danio rerio	vertebrate	715	assoc_k_beta	high	92.5	0.5932	lrrc8	0.3741
tr|A0AC58H994|A0AC58H994_DANRE	Danio rerio	vertebrate	247	assoc_kchip	high	417.6	0.8247	nonchannel_ncs	0.5299
tr|A0AC58H9F7|A0AC58H9F7_DANRE	Danio rerio	vertebrate	312	assoc_k_beta	high	162.5	0.8084	lrrc8	0.8092
tr|A0AC58H9W5|A0AC58H9W5_DANRE	Danio rerio	vertebrate	1195	nonchannel_class_c_gpcr	high	1145.3	0.9774	nmda	0.9579
tr|A0AC58HAJ2|A0AC58HAJ2_DANRE	Danio rerio	vertebrate	238	assoc_nav_beta	high	78.6	0.7188		1.0
tr|A0AC58HB91|A0AC58HB91_DANRE	Danio rerio	vertebrate	241	assoc_nav_beta	high	169.8	0.875		1.0
tr|A0AC58HDC1|A0AC58HDC1_DANRE	Danio rerio	vertebrate	787	nonchannel_ncs	high	48.9	0.513	assoc_kchip	0.407
tr|A0AC58HE74|A0AC58HE74_DANRE	Danio rerio	vertebrate	199	assoc_nav_beta	high	72.2	0.7188		1.0
tr|A0AC58HEB1|A0AC58HEB1_DANRE	Danio rerio	vertebrate	516	assoc_nav_beta	high	30.8	0.6027		1.0
tr|A0AC58HEU3|A0AC58HEU3_DANRE	Danio rerio	vertebrate	307	assoc_nav_beta	high	35.4	0.5045		1.0
tr|A0AC58HIK4|A0AC58HIK4_DANRE	Danio rerio	vertebrate	528	nonchannel_ncs	high	57.0	0.6321	assoc_kchip	0.4158
tr|A0AC58HJA9|A0AC58HJA9_DANRE	Danio rerio	vertebrate	348	assoc_cav_aux	high	169.1	0.5144		1.0
tr|A0AC58HP46|A0AC58HP46_DANRE	Danio rerio	vertebrate	1468	assoc_k_beta	high	66.1	0.601	lrrc8	0.3601
tr|A0AC58HT61|A0AC58HT61_DANRE	Danio rerio	vertebrate	423	assoc_k_beta	high	238.5	0.7848		1.0
tr|A0AC58HV04|A0AC58HV04_DANRE	Danio rerio	vertebrate	385	assoc_nav_beta	high	55.2	0.5045		1.0
tr|A0AC58HV58|A0AC58HV58_DANRE	Danio rerio	vertebrate	860	nonchannel_class_c_gpcr	high	753.9	0.9186		1.0
tr|A0AC58HV65|A0AC58HV65_DANRE	Danio rerio	vertebrate	842	nonchannel_class_c_gpcr	high	688.2	0.913	iglur_nonvertebrate	0.9523
tr|A0AC58HV69|A0AC58HV69_DANRE	Danio rerio	vertebrate	834	nonchannel_class_c_gpcr	high	692.9	0.9198		1.0
tr|A0AC58HV91|A0AC58HV91_DANRE	Danio rerio	vertebrate	866	nonchannel_class_c_gpcr	high	750.3	0.9107		1.0
tr|A0AC58HVB8|A0AC58HVB8_DANRE	Danio rerio	vertebrate	849	nonchannel_class_c_gpcr	high	751.2	0.913	nmda	0.9622
tr|A0AC58HVC9|A0AC58HVC9_DANRE	Danio rerio	vertebrate	375	nonchannel_class_c_gpcr	medium	363.0	0.4136		1.0
tr|A0AC58HVF3|A0AC58HVF3_DANRE	Danio rerio	vertebrate	1188	nonchannel_class_c_gpcr	high	732.3	0.9006		1.0
tr|A0AC58HVY6|A0AC58HVY6_DANRE	Danio rerio	vertebrate	321	assoc_nav_beta	medium	38.7	0.3214		1.0
tr|A0AC58HWD9|A0AC58HWD9_DANRE	Danio rerio	vertebrate	917	assoc_k_beta	medium	81.5	0.5512	lrrc8	0.1693
tr|A0AC58HWM7|A0AC58HWM7_DANRE	Danio rerio	vertebrate	1103	assoc_cav_aux	high	612.2	0.9684		1.0
tr|A0AC58HWP5|A0AC58HWP5_DANRE	Danio rerio	vertebrate	451	nonchannel_class_c_gpcr	medium	357.1	0.4599		1.0
tr|A0AC58HWQ1|A0AC58HWQ1_DANRE	Danio rerio	vertebrate	276	nonchannel_class_c_gpcr	medium	222.4	0.3051	nmda	0.8647
tr|A0AC58HWQ9|A0AC58HWQ9_DANRE	Danio rerio	vertebrate	335	nonchannel_class_c_gpcr	medium	323.1	0.3797		1.0
tr|A0AC58HX17|A0AC58HX17_DANRE	Danio rerio	vertebrate	277	assoc_cav_aux	medium	55.5	0.3224		1.0
tr|A0AC58HYX8|A0AC58HYX8_DANRE	Danio rerio	vertebrate	369	assoc_iglur_aux	high	59.8	0.5889		1.0
tr|A0AC58I1A9|A0AC58I1A9_DANRE	Danio rerio	vertebrate	667	assoc_mcu_reg	high	46.5	0.5901		1.0
tr|A0AC58I7Q6|A0AC58I7Q6_DANRE	Danio rerio	vertebrate	753	assoc_stim	high	782.6	0.5526		1.0
tr|A0AC58I859|A0AC58I859_DANRE	Danio rerio	vertebrate	354	outofscope_aquaporin	high	261.1	0.7865		1.0
tr|A0AC58I9N7|A0AC58I9N7_DANRE	Danio rerio	vertebrate	346	assoc_k_beta	medium	44.8	0.3202		1.0
tr|A0AC58IDY5|A0AC58IDY5_DANRE	Danio rerio	vertebrate	226	nonchannel_ncs	high	212.6	0.9067	assoc_kchip	0.5019
tr|A0AC58IMX7|A0AC58IMX7_DANRE	Danio rerio	vertebrate	372	assoc_nav_beta	medium	49.1	0.4554		1.0
tr|A0AC58IRF5|A0AC58IRF5_DANRE	Danio rerio	vertebrate	1025	nonchannel_abc_transporter	high	549.5	0.7078	assoc_sur	0.4686
tr|A0AC58IY70|A0AC58IY70_DANRE	Danio rerio	vertebrate	1140	assoc_cav_aux	high	596.6	0.9643		1.0
tr|A0AC58IYT3|A0AC58IYT3_DANRE	Danio rerio	vertebrate	1537	nonchannel_ncs	medium	40.1	0.4922	assoc_kchip	0.1596
tr|A0AC58IZW1|A0AC58IZW1_DANRE	Danio rerio	vertebrate	266	assoc_nav_beta	medium	54.9	0.4643		1.0
tr|A0AC58IZW9|A0AC58IZW9_DANRE	Danio rerio	vertebrate	394	assoc_iglur_aux	medium	41.8	0.3501		1.0
tr|A0AC58J0N1|A0AC58J0N1_DANRE	Danio rerio	vertebrate	671	assoc_nav_beta	medium	35.6	0.4062		1.0
tr|A0AC58J160|A0AC58J160_DANRE	Danio rerio	vertebrate	565	assoc_iglur_aux	high	206.0	0.8011		1.0
tr|A0AC58J166|A0AC58J166_DANRE	Danio rerio	vertebrate	1571	assoc_nav_beta	high	129.8	0.5938		1.0
tr|A0AC58J171|A0AC58J171_DANRE	Danio rerio	vertebrate	677	assoc_nav_beta	medium	48.4	0.3929		1.0
tr|A0AC58J174|A0AC58J174_DANRE	Danio rerio	vertebrate	1036	assoc_nav_beta	high	97.4	0.5402		1.0
tr|A0AC58J186|A0AC58J186_DANRE	Danio rerio	vertebrate	654	assoc_nav_beta	medium	54.6	0.4107		1.0
tr|A0AC58J187|A0AC58J187_DANRE	Danio rerio	vertebrate	625	assoc_nav_beta	medium	53.0	0.4107		1.0
tr|A0AC58J189|A0AC58J189_DANRE	Danio rerio	vertebrate	645	assoc_nav_beta	high	59.6	0.5536		1.0
tr|A0AC58J190|A0AC58J190_DANRE	Danio rerio	vertebrate	644	assoc_nav_beta	high	57.7	0.5804		1.0
tr|A0AC58J307|A0AC58J307_DANRE	Danio rerio	vertebrate	1507	nonchannel_abc_transporter	high	1645.8	0.977	assoc_sur	0.5183
tr|A0AC58J7B1|A0AC58J7B1_DANRE	Danio rerio	vertebrate	1558	assoc_sur	high	2929.5	0.9994	nonchannel_abc_transporter	0.6051
tr|A0AC58J9X0|A0AC58J9X0_DANRE	Danio rerio	vertebrate	1105	assoc_cav_aux	high	608.8	0.9575		1.0
tr|A0AC58JG61|A0AC58JG61_DANRE	Danio rerio	vertebrate	814	assoc_k_beta	medium	40.2	0.4724		1.0
tr|A0AC58JMQ5|A0AC58JMQ5_DANRE	Danio rerio	vertebrate	425	assoc_k_beta	high	244.0	0.8451		1.0
tr|A0AC58JQS8|A0AC58JQS8_DANRE	Danio rerio	vertebrate	187	assoc_nav_beta	high	31.4	0.5625		1.0
tr|A0AC58JSK9|A0AC58JSK9_DANRE	Danio rerio	vertebrate	564	assoc_k_beta	medium	101.6	0.6142	lrrc8	0.1398
tr|A0AC58JUA0|A0AC58JUA0_DANRE	Danio rerio	vertebrate	1688	nonchannel_vsp	high	121.5	0.5543		1.0
tr|A0ACD6B5B2|A0ACD6B5B2_DANRE	Danio rerio	vertebrate	454	nonchannel_kctd	medium	31.2	0.4984		1.0
tr|A0ACD6B5L7|A0ACD6B5L7_DANRE	Danio rerio	vertebrate	505	assoc_nav_beta	high	36.1	0.567		1.0
tr|A0ACD6B5P2|A0ACD6B5P2_DANRE	Danio rerio	vertebrate	629	assoc_nav_beta	medium	32.6	0.4643		1.0
tr|A0ACD6B5U6|A0ACD6B5U6_DANRE	Danio rerio	vertebrate	992	assoc_stim	high	775.3	0.5635		1.0
tr|A0ACD6B5U7|A0ACD6B5U7_DANRE	Danio rerio	vertebrate	484	assoc_mcu_reg	high	469.8	0.7342		1.0
tr|A0ACD6B622|A0ACD6B622_DANRE	Danio rerio	vertebrate	290	assoc_k_beta	high	186.6	0.7297	lrrc8	0.8173
tr|A0ACD6B6N9|A0ACD6B6N9_DANRE	Danio rerio	vertebrate	750	assoc_k_beta	high	30.0	0.5302		1.0
tr|A0ACD6B6W8|A0ACD6B6W8_DANRE	Danio rerio	vertebrate	275	assoc_cav_aux	high	189.3	0.5144		1.0
tr|A0ACD6B753|A0ACD6B753_DANRE	Danio rerio	vertebrate	408	assoc_k_beta	high	72.5	0.6509	lrrc8	0.349
tr|A0ACD6B7X1|A0ACD6B7X1_DANRE	Danio rerio	vertebrate	327	assoc_cav_aux	high	199.3	0.5734		1.0
tr|A0ACM0VP68|A0ACM0VP68_PETMA	Petromyzon marinus	vertebrate	636	assoc_k_beta	medium	83.6	0.4593	lrrc8	0.122
tr|A0ACM0WUD9|A0ACM0WUD9_PETMA	Petromyzon marinus	vertebrate	518	assoc_k_beta	medium	96.0	0.4934	lrrc8	0.4937
tr|A0ACM8A821|A0ACM8A821_PETMA	Petromyzon marinus	vertebrate	2173	assoc_polycystin1	medium	249.5	0.4914		1.0
tr|A0ACM8A874|A0ACM8A874_PETMA	Petromyzon marinus	vertebrate	1014	assoc_k_beta	medium	74.7	0.4882	lrrc8	0.4016
tr|A0ACM8A8B3|A0ACM8A8B3_PETMA	Petromyzon marinus	vertebrate	911	assoc_k_beta	high	58.3	0.6063	lrrc8	0.3122
tr|A0ACM8A9S8|A0ACM8A9S8_PETMA	Petromyzon marinus	vertebrate	1568	nonchannel_vsp	high	108.0	0.5217		1.0
tr|A0ACM8AAQ2|A0ACM8AAQ2_PETMA	Petromyzon marinus	vertebrate	1686	nonchannel_abc_transporter	high	1585.6	0.9762	assoc_sur	0.495
tr|A0ACM8AAS3|A0ACM8AAS3_PETMA	Petromyzon marinus	vertebrate	777	assoc_k_beta	high	66.2	0.622	lrrc8	0.6163
tr|A0ACM8AAX9|A0ACM8AAX9_PETMA	Petromyzon marinus	vertebrate	368	assoc_cav_aux	high	179.8	0.5734		1.0
tr|A0ACM8AB67|A0ACM8AB67_PETMA	Petromyzon marinus	vertebrate	713	assoc_stim	medium	608.9	0.497		1.0
tr|A0ACM8ACK9|A0ACM8ACK9_PETMA	Petromyzon marinus	vertebrate	1068	assoc_k_beta	medium	84.7	0.3307		1.0
tr|A0ACM8AE80|A0ACM8AE80_PETMA	Petromyzon marinus	vertebrate	915	assoc_k_beta	high	70.1	0.5328	lrrc8	0.4679
tr|A0ACM8AEI9|A0ACM8AEI9_PETMA	Petromyzon marinus	vertebrate	1338	nonchannel_abc_transporter	high	1457.5	0.9609	cftr	0.3586
tr|A0ACM8AEJ4|A0ACM8AEJ4_PETMA	Petromyzon marinus	vertebrate	778	transporter_slc26	high	635.7	0.7975		1.0
tr|A0ACM8AFC5|A0ACM8AFC5_PETMA	Petromyzon marinus	vertebrate	1672	nonchannel_abc_transporter	high	1597.5	0.9762	assoc_sur	0.5072
tr|A0ACM8AGQ9|A0ACM8AGQ9_PETMA	Petromyzon marinus	vertebrate	665	nonchannel_vsp	high	236.4	0.5308		1.0
tr|A0ACM8AHC6|A0ACM8AHC6_PETMA	Petromyzon marinus	vertebrate	296	outofscope_aquaporin	high	253.6	0.9217		1.0
tr|A0ACM8AJE5|A0ACM8AJE5_PETMA	Petromyzon marinus	vertebrate	432	assoc_nav_beta	high	102.8	0.558		1.0
tr|A0ACM8AJE6|A0ACM8AJE6_PETMA	Petromyzon marinus	vertebrate	302	assoc_nav_beta	high	64.2	0.5179		1.0
tr|A0ACM8AJE9|A0ACM8AJE9_PETMA	Petromyzon marinus	vertebrate	478	assoc_nav_beta	high	99.1	0.5893		1.0
tr|A0ACM8AJF0|A0ACM8AJF0_PETMA	Petromyzon marinus	vertebrate	498	assoc_nav_beta	high	100.0	0.5536		1.0
tr|A0ACM8AJF1|A0ACM8AJF1_PETMA	Petromyzon marinus	vertebrate	493	assoc_nav_beta	high	104.5	0.5848		1.0
tr|A0ACM8AJG7|A0ACM8AJG7_PETMA	Petromyzon marinus	vertebrate	430	assoc_nav_beta	high	85.0	0.6161		1.0
tr|A0ACM8AJH8|A0ACM8AJH8_PETMA	Petromyzon marinus	vertebrate	610	assoc_nav_beta	medium	33.3	0.4955		1.0
tr|A0ACM8AJS7|A0ACM8AJS7_PETMA	Petromyzon marinus	vertebrate	215	assoc_nav_beta	medium	39.0	0.4955		1.0
tr|A0ACM8AKA0|A0ACM8AKA0_PETMA	Petromyzon marinus	vertebrate	809	nonchannel_ncs	high	37.5	0.5699		1.0
tr|A0ACM8AKA2|A0ACM8AKA2_PETMA	Petromyzon marinus	vertebrate	548	assoc_nav_beta	high	103.9	0.5848		1.0
tr|A0ACM8AKG0|A0ACM8AKG0_PETMA	Petromyzon marinus	vertebrate	440	assoc_k_beta	high	39.6	0.5328	lrrc8	0.3535
tr|A0ACM8ALB9|A0ACM8ALB9_PETMA	Petromyzon marinus	vertebrate	425	assoc_nav_beta	high	35.0	0.7455		1.0
tr|A0ACM8ALG2|A0ACM8ALG2_PETMA	Petromyzon marinus	vertebrate	494	assoc_stim	medium	518.8	0.4595		1.0
tr|A0ACM8ALK1|A0ACM8ALK1_PETMA	Petromyzon marinus	vertebrate	419	assoc_mcu_reg	high	293.0	0.6059	nonchannel_ncs	0.8666
tr|A0ACM8AM61|A0ACM8AM61_PETMA	Petromyzon marinus	vertebrate	427	assoc_nav_beta	high	34.3	0.7009		1.0
tr|A0ACM8AM81|A0ACM8AM81_PETMA	Petromyzon marinus	vertebrate	197	assoc_nav_beta	high	37.2	0.5312		1.0
tr|A0ACM8AN65|A0ACM8AN65_PETMA	Petromyzon marinus	vertebrate	298	assoc_nav_beta	medium	75.0	0.4688		1.0
tr|A0ACM8AN88|A0ACM8AN88_PETMA	Petromyzon marinus	vertebrate	367	assoc_nav_beta	medium	66.7	0.4821		1.0
tr|A0ACM8AQ52|A0ACM8AQ52_PETMA	Petromyzon marinus	vertebrate	385	assoc_k_beta	medium	61.4	0.4068	lrrc8	0.259
tr|A0ACM8AQK8|A0ACM8AQK8_PETMA	Petromyzon marinus	vertebrate	2843	assoc_k_beta	medium	33.0	0.3937		1.0
tr|A0ACM8AR20|A0ACM8AR20_PETMA	Petromyzon marinus	vertebrate	497	assoc_nav_beta	high	46.7	0.5848		1.0
tr|A0ACM8AS98|A0ACM8AS98_PETMA	Petromyzon marinus	vertebrate	406	nonchannel_kctd	medium	51.2	0.3281		1.0
tr|A0ACM8ASF7|A0ACM8ASF7_PETMA	Petromyzon marinus	vertebrate	577	assoc_k_beta	medium	86.6	0.4987	lrrc8	0.6721
tr|A0ACM8ASF9|A0ACM8ASF9_PETMA	Petromyzon marinus	vertebrate	775	trpv	high	694.2	0.6165		1.0
tr|A0ACM8AUM0|A0ACM8AUM0_PETMA	Petromyzon marinus	vertebrate	230	assoc_nav_beta	high	30.2	0.5938		1.0
tr|A0ACM8AUR4|A0ACM8AUR4_PETMA	Petromyzon marinus	vertebrate	342	assoc_nav_beta	high	35.2	0.5134		1.0
tr|A0ACM8AUX0|A0ACM8AUX0_PETMA	Petromyzon marinus	vertebrate	295	assoc_nav_beta	high	36.8	0.5446		1.0
tr|A0ACM8AVC1|A0ACM8AVC1_PETMA	Petromyzon marinus	vertebrate	398	assoc_nav_beta	high	30.6	0.5312		1.0
tr|A0ACM8AVF5|A0ACM8AVF5_PETMA	Petromyzon marinus	vertebrate	150	assoc_nav_beta	high	31.6	0.5402		1.0
tr|A0ACM8AVR7|A0ACM8AVR7_PETMA	Petromyzon marinus	vertebrate	693	assoc_mcu_reg	high	47.6	0.5608		1.0
tr|A0ACM8AWI4|A0ACM8AWI4_PETMA	Petromyzon marinus	vertebrate	298	assoc_nav_beta	high	31.0	0.5312		1.0
tr|A0ACM8AWX2|A0ACM8AWX2_PETMA	Petromyzon marinus	vertebrate	819	assoc_cav_aux	high	411.8	0.727		1.0
tr|A0ACM8AX54|A0ACM8AX54_PETMA	Petromyzon marinus	vertebrate	349	assoc_nav_beta	high	35.3	0.5312		1.0
tr|A0ACM8AYA6|A0ACM8AYA6_PETMA	Petromyzon marinus	vertebrate	349	assoc_nav_beta	high	31.2	0.5312		1.0
tr|A0ACM8AYV7|A0ACM8AYV7_PETMA	Petromyzon marinus	vertebrate	349	assoc_nav_beta	high	35.1	0.5357		1.0
tr|A0ACM8AZH4|A0ACM8AZH4_PETMA	Petromyzon marinus	vertebrate	299	assoc_nav_beta	high	34.8	0.5312		1.0
tr|A0ACM8B0S4|A0ACM8B0S4_PETMA	Petromyzon marinus	vertebrate	299	assoc_nav_beta	high	37.3	0.5312		1.0
tr|A0ACM8B1T6|A0ACM8B1T6_PETMA	Petromyzon marinus	vertebrate	349	assoc_nav_beta	high	31.2	0.5312		1.0
tr|A0ACM8B3Y2|A0ACM8B3Y2_PETMA	Petromyzon marinus	vertebrate	431	assoc_nav_beta	high	30.1	0.5312		1.0
tr|A0ACM8B6J2|A0ACM8B6J2_PETMA	Petromyzon marinus	vertebrate	572	assoc_k_beta	medium	85.5	0.4908	lrrc8	0.6667
tr|A0ACM8B9H6|A0ACM8B9H6_PETMA	Petromyzon marinus	vertebrate	607	transporter_slc26	high	424.7	0.7157		1.0
tr|A0ACM8BAT8|A0ACM8BAT8_PETMA	Petromyzon marinus	vertebrate	376	assoc_k_beta	high	116.2	0.5302	lrrc8	0.3494
tr|A0ACM8BBI9|A0ACM8BBI9_PETMA	Petromyzon marinus	vertebrate	1563	assoc_sur	high	2432.4	1.0	nonchannel_abc_transporter	0.537
tr|A0ACM8BC35|A0ACM8BC35_PETMA	Petromyzon marinus	vertebrate	636	trpa	medium	82.2	0.3056	trpn	0.1557
tr|A0ACM8BCZ7|A0ACM8BCZ7_PETMA	Petromyzon marinus	vertebrate	1351	trpn	medium	305.1	0.3646	trpa	0.3441
tr|A0ACM8BET2|A0ACM8BET2_PETMA	Petromyzon marinus	vertebrate	227	nonchannel_ncs	high	335.1	0.9948	assoc_kchip	0.4169
tr|A0ACM8BEV5|A0ACM8BEV5_PETMA	Petromyzon marinus	vertebrate	191	nonchannel_ncs	high	315.6	0.9793	assoc_kchip	0.4008
tr|A0ACM8BEW6|A0ACM8BEW6_PETMA	Petromyzon marinus	vertebrate	1523	nonchannel_ncs	medium	34.9	0.4197	assoc_kchip	0.1175
tr|A0ACM8BFL3|A0ACM8BFL3_PETMA	Petromyzon marinus	vertebrate	199	nonchannel_ncs	high	38.5	0.6321	assoc_kchip	0.3351
tr|A0ACM8BHZ1|A0ACM8BHZ1_PETMA	Petromyzon marinus	vertebrate	1767	nonchannel_ncs	medium	30.1	0.399	assoc_kchip	0.1728
tr|A0ACM8BII9|A0ACM8BII9_PETMA	Petromyzon marinus	vertebrate	300	outofscope_aquaporin	high	277.3	0.8719		1.0
tr|A0ACM8BJL1|A0ACM8BJL1_PETMA	Petromyzon marinus	vertebrate	409	nonchannel_gasdermin	high	206.7	0.5085		1.0
tr|A0ACM8BJM5|A0ACM8BJM5_PETMA	Petromyzon marinus	vertebrate	1730	nonchannel_vsp	medium	77.5	0.4565		1.0
tr|A0ACM8BKK8|A0ACM8BKK8_PETMA	Petromyzon marinus	vertebrate	1400	assoc_k_beta	medium	104.9	0.4961	lrrc8	0.4881
tr|A0ACM8BL24|A0ACM8BL24_PETMA	Petromyzon marinus	vertebrate	215	assoc_k_beta	medium	53.6	0.378	lrrc8	0.1157
tr|A0ACM8BLA6|A0ACM8BLA6_PETMA	Petromyzon marinus	vertebrate	909	assoc_clc_aux	high	905.7	0.9501		1.0
tr|A0ACM8BLQ5|A0ACM8BLQ5_PETMA	Petromyzon marinus	vertebrate	971	assoc_clc_aux	high	647.7	0.7744		1.0
tr|A0ACM8BLQ7|A0ACM8BLQ7_PETMA	Petromyzon marinus	vertebrate	1009	assoc_clc_aux	high	880.4	0.9414		1.0
tr|A0ACM8BNP8|A0ACM8BNP8_PETMA	Petromyzon marinus	vertebrate	167	nonchannel_ncs	high	54.3	0.5544		1.0
tr|A0ACM8BQI2|A0ACM8BQI2_PETMA	Petromyzon marinus	vertebrate	317	assoc_k_beta	high	37.5	0.5276		1.0
tr|A0ACM8BQI6|A0ACM8BQI6_PETMA	Petromyzon marinus	vertebrate	435	assoc_k_beta	high	244.4	0.8924		1.0
tr|A0ACM8BQY1|A0ACM8BQY1_PETMA	Petromyzon marinus	vertebrate	717	trpv	high	621.9	0.8705		1.0
tr|A0ACM8BTT6|A0ACM8BTT6_PETMA	Petromyzon marinus	vertebrate	267	assoc_nav_beta	high	78.0	0.8438		1.0
tr|A0ACM8BVD8|A0ACM8BVD8_PETMA	Petromyzon marinus	vertebrate	557	assoc_nav_beta	medium	34.2	0.4152		1.0
tr|A0ACM8BVK3|A0ACM8BVK3_PETMA	Petromyzon marinus	vertebrate	861	assoc_k_beta	medium	53.6	0.4593	lrrc8	0.1922
tr|A0ACM8BVM7|A0ACM8BVM7_PETMA	Petromyzon marinus	vertebrate	594	transporter_slc26	high	495.8	0.7171		1.0
tr|A0ACM8BVV1|A0ACM8BVV1_PETMA	Petromyzon marinus	vertebrate	989	nonchannel_class_c_gpcr	high	1131.9	0.9842		1.0
tr|A0ACM8BW43|A0ACM8BW43_PETMA	Petromyzon marinus	vertebrate	645	assoc_k_beta	high	192.0	0.5092	lrrc8	0.4323
tr|A0ACM8BW46|A0ACM8BW46_PETMA	Petromyzon marinus	vertebrate	947	transporter_slc26	high	828.7	0.9223		1.0
tr|A0ACM8BWX7|A0ACM8BWX7_PETMA	Petromyzon marinus	vertebrate	1028	assoc_iglur_aux	high	153.1	0.8117		1.0
tr|A0ACM8BZR5|A0ACM8BZR5_PETMA	Petromyzon marinus	vertebrate	1089	nonchannel_class_c_gpcr	high	858.9	0.9356		1.0
tr|A0ACM8BZS5|A0ACM8BZS5_PETMA	Petromyzon marinus	vertebrate	1123	assoc_cav_aux	high	534.8	0.9684		1.0
tr|A0ACM8C030|A0ACM8C030_PETMA	Petromyzon marinus	vertebrate	771	assoc_k_beta	medium	77.2	0.5459	lrrc8	0.2073
tr|A0ACM8C0C6|A0ACM8C0C6_PETMA	Petromyzon marinus	vertebrate	362	assoc_iglur_aux	high	76.1	0.5942		1.0
tr|A0ACM8C0P3|A0ACM8C0P3_PETMA	Petromyzon marinus	vertebrate	737	assoc_k_beta	medium	76.9	0.5118	lrrc8	0.2393
tr|A0ACM8C1F8|A0ACM8C1F8_PETMA	Petromyzon marinus	vertebrate	421	outofscope_aquaporin	high	239.8	0.8861		1.0
tr|A0ACM8C2B2|A0ACM8C2B2_PETMA	Petromyzon marinus	vertebrate	624	assoc_stim	medium	470.2	0.4837		1.0
tr|A0ACM8C2I8|A0ACM8C2I8_PETMA	Petromyzon marinus	vertebrate	1055	assoc_cav_aux	high	500.0	0.8916		1.0
tr|A0ACM8C318|A0ACM8C318_PETMA	Petromyzon marinus	vertebrate	409	assoc_k_beta	medium	36.5	0.3465		1.0
tr|A0ACM8C447|A0ACM8C447_PETMA	Petromyzon marinus	vertebrate	1676	nonchannel_class_c_gpcr	high	1075.8	0.9559	nmda	0.9607
tr|A0ACM8PYU9|A0ACM8PYU9_DROME	Drosophila melanogaster	invertebrate	217	nonchannel_ncs	high	32.8	0.9171		1.0
tr|A0ACM8PZY9|A0ACM8PZY9_DANRE	Danio rerio	vertebrate	190	nonchannel_ncs	medium	294.9	0.9637	assoc_kchip	0.2713
tr|A0ACM8Q0E8|A0ACM8Q0E8_DANRE	Danio rerio	vertebrate	194	nonchannel_ncs	high	44.4	0.8964		1.0
tr|A0ACM8Q0I9|A0ACM8Q0I9_DANRE	Danio rerio	vertebrate	193	nonchannel_ncs	high	329.8	0.9948	assoc_kchip	0.423
tr|A0ACM8Q206|A0ACM8Q206_RAT	Rattus norvegicus	vertebrate	866	nonchannel_class_c_gpcr	high	435.8	0.8701		1.0
tr|A0ACM8Q331|A0ACM8Q331_DANRE	Danio rerio	vertebrate	324	assoc_cav_aux	high	250.9	0.572		1.0
tr|A0ACM8Q361|A0ACM8Q361_DANRE	Danio rerio	vertebrate	271	nonchannel_ncs	high	52.0	0.544		1.0
tr|A0ACM8Q368|A0ACM8Q368_DANRE	Danio rerio	vertebrate	193	nonchannel_ncs	high	339.9	0.9948	assoc_kchip	0.4154
tr|A0ACM8Q388|A0ACM8Q388_DANRE	Danio rerio	vertebrate	259	assoc_kchip	high	434.9	0.9323	nonchannel_ncs	0.5643
tr|A0ACM8Q3U3|A0ACM8Q3U3_DANRE	Danio rerio	vertebrate	218	nonchannel_ncs	high	31.0	0.9378		1.0
tr|A0ACM8Q483|A0ACM8Q483_DANRE	Danio rerio	vertebrate	161	nonchannel_ncs	high	50.4	0.8083		1.0
tr|A0ACM8Q5H9|A0ACM8Q5H9_DANRE	Danio rerio	vertebrate	170	nonchannel_ncs	medium	75.9	0.7824	assoc_kchip	0.2596
tr|A0ACM8Q7C3|A0ACM8Q7C3_DANRE	Danio rerio	vertebrate	169	assoc_kchip	medium	32.2	0.4024		1.0
tr|A0ACM8Q7F7|A0ACM8Q7F7_DANRE	Danio rerio	vertebrate	647	assoc_k_beta	high	101.2	0.5827	lrrc8	0.3962
tr|A0ACM8Q7G0|A0ACM8Q7G0_DANRE	Danio rerio	vertebrate	325	assoc_nav_beta	high	58.5	0.5223		1.0
tr|A0ACM8Q819|A0ACM8Q819_RAT	Rattus norvegicus	vertebrate	161	nonchannel_ncs	high	45.4	0.8187		1.0
tr|A0ACM8Q9V7|A0ACM8Q9V7_DANRE	Danio rerio	vertebrate	762	transporter_slc26	high	888.1	0.9667		1.0
tr|A0ACM8QA80|A0ACM8QA80_DANRE	Danio rerio	vertebrate	322	assoc_k_beta	medium	34.5	0.3596		1.0
tr|A0ACM8QAQ6|A0ACM8QAQ6_DANRE	Danio rerio	vertebrate	276	outofscope_aquaporin	high	107.9	0.8577		1.0
tr|A0ACM8QB20|A0ACM8QB20_DANRE	Danio rerio	vertebrate	230	assoc_nav_beta	high	183.6	0.9732		1.0
tr|A0ACM8QB21|A0ACM8QB21_DANRE	Danio rerio	vertebrate	221	assoc_nav_beta	high	178.9	0.8929		1.0
tr|A0ACM8QEQ4|A0ACM8QEQ4_DANRE	Danio rerio	vertebrate	717	assoc_k_beta	medium	61.6	0.6273	lrrc8	0.1299
tr|A0ACM8QF57|A0ACM8QF57_DANRE	Danio rerio	vertebrate	523	assoc_cav_aux	high	396.7	0.6241		1.0
tr|A0ACM8QHP2|A0ACM8QHP2_DANRE	Danio rerio	vertebrate	745	transporter_slc26	high	873.8	0.9626		1.0
tr|A0ACM8QK41|A0ACM8QK41_DANRE	Danio rerio	vertebrate	299	outofscope_aquaporin	high	287.1	0.9004		1.0
tr|A0ACM8R383|A0ACM8R383_DANRE	Danio rerio	vertebrate	1275	nonchannel_abc_transporter	medium	691.0	0.4747	assoc_sur	0.6295
tr|A0ACM8RFQ9|A0ACM8RFQ9_DANRE	Danio rerio	vertebrate	203	nonchannel_ncs	high	232.9	0.9741	assoc_kchip	0.3791
tr|A0BC98|A0BC98_PARTE	Paramecium tetraurelia	ciliate	500	nonchannel_vsp	high	157.8	0.5851		1.0
tr|A0BCL1|A0BCL1_PARTE	Paramecium tetraurelia	ciliate	383	nonchannel_ncs	medium	31.5	0.4249		1.0
tr|A0BCN5|A0BCN5_PARTE	Paramecium tetraurelia	ciliate	517	nonchannel_ncs	high	73.6	0.5907	assoc_kchip	0.4375
tr|A0BCT6|A0BCT6_PARTE	Paramecium tetraurelia	ciliate	579	nonchannel_ncs	high	44.8	0.5959		1.0
tr|A0BD66|A0BD66_PARTE	Paramecium tetraurelia	ciliate	834	osca_tmem63	medium	42.4	0.3836		1.0
tr|A0BDG2|A0BDG2_PARTE	Paramecium tetraurelia	ciliate	699	nonchannel_ncs	medium	32.2	0.3575		1.0
tr|A0BDK2|A0BDK2_PARTE	Paramecium tetraurelia	ciliate	463	nonchannel_ncs	high	50.8	0.6114		1.0
tr|A0BDQ0|A0BDQ0_PARTE	Paramecium tetraurelia	ciliate	419	nonchannel_ncs	high	68.2	0.772	assoc_kchip	0.3944
tr|A0BEM1|A0BEM1_PARTE	Paramecium tetraurelia	ciliate	239	clic	high	37.0	0.5505		1.0
tr|A0BES6|A0BES6_PARTE	Paramecium tetraurelia	ciliate	1272	nonchannel_abc_transporter	high	1047.6	0.9548	assoc_sur	0.4391
tr|A0BF13|A0BF13_PARTE	Paramecium tetraurelia	ciliate	1262	nonchannel_abc_transporter	high	545.5	0.941	cftr	0.4964
tr|A0BF73|A0BF73_PARTE	Paramecium tetraurelia	ciliate	1463	nonchannel_abc_transporter	high	687.3	0.931	cftr	0.4285
tr|A0BFB7|A0BFB7_PARTE	Paramecium tetraurelia	ciliate	631	nonchannel_ncs	medium	54.5	0.3782		1.0
tr|A0BFP0|A0BFP0_PARTE	Paramecium tetraurelia	ciliate	806	outofscope_aquaporin	high	30.7	0.669		1.0
tr|A0BFW2|A0BFW2_PARTE	Paramecium tetraurelia	ciliate	452	nonchannel_vsp	high	168.8	0.5525		1.0
tr|A0BG21|A0BG21_PARTE	Paramecium tetraurelia	ciliate	569	nonchannel_ncs	high	51.0	0.5389		1.0
tr|A0BGQ2|A0BGQ2_PARTE	Paramecium tetraurelia	ciliate	1162	nonchannel_abc_transporter	high	646.9	0.8988	assoc_sur	0.5931
tr|A0BHF5|A0BHF5_PARTE	Paramecium tetraurelia	ciliate	623	nonchannel_ncs	medium	47.2	0.3057		1.0
tr|A0BHS0|A0BHS0_PARTE	Paramecium tetraurelia	ciliate	651	nonchannel_ncs	high	32.3	0.6114		1.0
tr|A0BIS4|A0BIS4_PARTE	Paramecium tetraurelia	ciliate	547	nonchannel_ncs	high	62.3	0.5803		1.0
tr|A0BIS8|A0BIS8_PARTE	Paramecium tetraurelia	ciliate	549	nonchannel_ncs	high	46.1	0.5907		1.0
tr|A0BIX5|A0BIX5_PARTE	Paramecium tetraurelia	ciliate	476	nonchannel_ncs	high	61.7	0.7668	assoc_kchip	0.4425
tr|A0BJ43|A0BJ43_PARTE	Paramecium tetraurelia	ciliate	490	nonchannel_ncs	medium	63.9	0.3886		1.0
tr|A0BJD5|A0BJD5_PARTE	Paramecium tetraurelia	ciliate	205	nonchannel_ncs	medium	34.3	0.487		1.0
tr|A0BJR0|A0BJR0_PARTE	Paramecium tetraurelia	ciliate	594	nonchannel_ncs	medium	46.5	0.4715		1.0
tr|A0BJW5|A0BJW5_PARTE	Paramecium tetraurelia	ciliate	922	nonchannel_abc_transporter	high	736.2	0.6817	assoc_sur	0.4231
tr|A0BLK5|A0BLK5_PARTE	Paramecium tetraurelia	ciliate	1318	nonchannel_abc_transporter	high	1065.9	0.9678	assoc_sur	0.4272
tr|A0BMJ2|A0BMJ2_PARTE	Paramecium tetraurelia	ciliate	475	nonchannel_ncs	medium	52.7	0.4093		1.0
tr|A0BN19|A0BN19_PARTE	Paramecium tetraurelia	ciliate	546	nonchannel_ncs	high	58.7	0.5751	assoc_kchip	0.414
tr|A0BN52|A0BN52_PARTE	Paramecium tetraurelia	ciliate	501	nonchannel_ncs	medium	31.5	0.4922	assoc_kchip	0.1111
tr|A0BN98|A0BN98_PARTE	Paramecium tetraurelia	ciliate	373	nonchannel_vsp	high	233.8	0.5797		1.0
tr|A0BNG4|A0BNG4_PARTE	Paramecium tetraurelia	ciliate	412	nonchannel_vsp	high	196.7	0.5815		1.0
tr|A0BQ11|A0BQ11_PARTE	Paramecium tetraurelia	ciliate	95	nonchannel_ncs	medium	30.8	0.4508		1.0
tr|A0BQ39|A0BQ39_PARTE	Paramecium tetraurelia	ciliate	1256	nonchannel_abc_transporter	high	742.3	0.9479	cftr	0.47
tr|A0BQG0|A0BQG0_PARTE	Paramecium tetraurelia	ciliate	513	nonchannel_ncs	high	39.1	0.5078		1.0
tr|A0BQR3|A0BQR3_PARTE	Paramecium tetraurelia	ciliate	442	nonchannel_vsp	medium	160.1	0.3406		1.0
tr|A0BQX2|A0BQX2_PARTE	Paramecium tetraurelia	ciliate	564	nonchannel_ncs	high	48.4	0.5959		1.0
tr|A0BRD0|A0BRD0_PARTE	Paramecium tetraurelia	ciliate	587	nonchannel_abc_transporter	medium	355.1	0.4095	assoc_sur	0.4542
tr|A0BRD1|A0BRD1_PARTE	Paramecium tetraurelia	ciliate	700	nonchannel_abc_transporter	high	582.6	0.5337	assoc_sur	0.4143
tr|A0BRM7|A0BRM7_PARTE	Paramecium tetraurelia	ciliate	1297	nonchannel_abc_transporter	high	697.3	0.8742	cftr	0.489
tr|A0BRM8|A0BRM8_PARTE	Paramecium tetraurelia	ciliate	463	nonchannel_ncs	high	44.8	0.6269		1.0
tr|A0BT49|A0BT49_PARTE	Paramecium tetraurelia	ciliate	557	nonchannel_ncs	high	47.6	0.544		1.0
tr|A0BTC0|A0BTC0_PARTE	Paramecium tetraurelia	ciliate	1029	nonchannel_abc_transporter	high	637.1	0.7454	cftr	0.4073
tr|A0BTN4|A0BTN4_PARTE	Paramecium tetraurelia	ciliate	1348	nonchannel_abc_transporter	high	1102.1	0.9586	assoc_sur	0.4373
tr|A0BU47|A0BU47_PARTE	Paramecium tetraurelia	ciliate	412	nonchannel_ncs	high	56.7	0.8238		1.0
tr|A0BU82|A0BU82_PARTE	Paramecium tetraurelia	ciliate	771	nonchannel_ncs	high	58.9	0.8705	assoc_kchip	0.3039
tr|A0BUI0|A0BUI0_PARTE	Paramecium tetraurelia	ciliate	512	nonchannel_ncs	medium	49.3	0.3523		1.0
tr|A0BUK7|A0BUK7_PARTE	Paramecium tetraurelia	ciliate	431	nonchannel_ncs	high	74.2	0.8601	assoc_kchip	0.4865
tr|A0BUS3|A0BUS3_PARTE	Paramecium tetraurelia	ciliate	642	nonchannel_ncs	medium	61.1	0.4456		1.0
tr|A0BUV9|A0BUV9_PARTE	Paramecium tetraurelia	ciliate	710	assoc_kchip	medium	56.5	0.6454	nonchannel_ncs	0.1221
tr|A0BVC5|A0BVC5_PARTE	Paramecium tetraurelia	ciliate	513	nonchannel_ncs	high	40.6	0.6166		1.0
tr|A0BVD9|A0BVD9_PARTE	Paramecium tetraurelia	ciliate	536	nonchannel_ncs	medium	66.8	0.3627		1.0
tr|A0BW23|A0BW23_PARTE	Paramecium tetraurelia	ciliate	562	nonchannel_ncs	high	44.8	0.6477		1.0
tr|A0BWB8|A0BWB8_PARTE	Paramecium tetraurelia	ciliate	259	outofscope_aquaporin	high	33.0	0.5836		1.0
tr|A0BWG9|A0BWG9_PARTE	Paramecium tetraurelia	ciliate	1004	cng	high	78.8	0.5728		1.0
tr|A0BWL4|A0BWL4_PARTE	Paramecium tetraurelia	ciliate	470	nonchannel_ncs	high	49.0	0.6218		1.0
tr|A0BWP1|A0BWP1_PARTE	Paramecium tetraurelia	ciliate	695	nonchannel_ncs	medium	30.6	0.3368	assoc_kchip	0.134
tr|A0BX05|A0BX05_PARTE	Paramecium tetraurelia	ciliate	1312	nonchannel_abc_transporter	medium	648.7	0.4908	assoc_sur	0.6097
tr|A0BXT0|A0BXT0_PARTE	Paramecium tetraurelia	ciliate	1547	nonchannel_abc_transporter	high	804.1	0.9379	cftr	0.4838
tr|A0BXV0|A0BXV0_PARTE	Paramecium tetraurelia	ciliate	1528	nonchannel_abc_transporter	high	799.7	0.9448	cftr	0.4874
tr|A0BYH8|A0BYH8_PARTE	Paramecium tetraurelia	ciliate	136	nonchannel_ncs	medium	30.0	0.3627		1.0
tr|A0BZC3|A0BZC3_PARTE	Paramecium tetraurelia	ciliate	566	nonchannel_ncs	high	47.2	0.544		1.0
tr|A0BZZ1|A0BZZ1_PARTE	Paramecium tetraurelia	ciliate	565	nonchannel_ncs	medium	45.7	0.3938		1.0
tr|A0C0Q1|A0C0Q1_PARTE	Paramecium tetraurelia	ciliate	552	nonchannel_ncs	high	44.3	0.9378		1.0
tr|A0C0Z8|A0C0Z8_PARTE	Paramecium tetraurelia	ciliate	1346	nonchannel_abc_transporter	high	676.8	0.8597	assoc_sur	0.4034
tr|A0C134|A0C134_PARTE	Paramecium tetraurelia	ciliate	1162	nonchannel_abc_transporter	high	667.2	0.8428	assoc_sur	0.4511
tr|A0C1D2|A0C1D2_PARTE	Paramecium tetraurelia	ciliate	534	nonchannel_ncs	medium	31.4	0.4456		1.0
tr|A0C1X6|A0C1X6_PARTE	Paramecium tetraurelia	ciliate	489	nonchannel_ncs	high	58.9	0.6114		1.0
tr|A0C216|A0C216_PARTE	Paramecium tetraurelia	ciliate	1341	nonchannel_abc_transporter	medium	638.0	0.4663	assoc_sur	0.6064
tr|A0C3C4|A0C3C4_PARTE	Paramecium tetraurelia	ciliate	498	nonchannel_ncs	high	51.3	0.6321		1.0
tr|A0C3Q6|A0C3Q6_PARTE	Paramecium tetraurelia	ciliate	499	nonchannel_ncs	high	41.0	0.544		1.0
tr|A0C454|A0C454_PARTE	Paramecium tetraurelia	ciliate	645	nonchannel_ncs	medium	55.0	0.3575		1.0
tr|A0C5A2|A0C5A2_PARTE	Paramecium tetraurelia	ciliate	576	nonchannel_ncs	medium	51.8	0.3627		1.0
tr|A0C5M5|A0C5M5_PARTE	Paramecium tetraurelia	ciliate	697	nonchannel_ncs	medium	32.6	0.3368		1.0
tr|A0C6T6|A0C6T6_PARTE	Paramecium tetraurelia	ciliate	585	nonchannel_ncs	medium	44.0	0.4663		1.0
tr|A0C8F1|A0C8F1_PARTE	Paramecium tetraurelia	ciliate	1124	nonchannel_abc_transporter	high	790.9	0.8221	assoc_sur	0.4791
tr|A0C9A8|A0C9A8_PARTE	Paramecium tetraurelia	ciliate	581	nonchannel_ncs	high	46.4	0.5751		1.0
tr|A0C9C9|A0C9C9_PARTE	Paramecium tetraurelia	ciliate	505	nonchannel_ncs	medium	42.9	0.7461	assoc_kchip	0.2844
tr|A0C9G2|A0C9G2_PARTE	Paramecium tetraurelia	ciliate	510	nonchannel_ncs	medium	68.8	0.3938		1.0
tr|A0CA67|A0CA67_PARTE	Paramecium tetraurelia	ciliate	568	nonchannel_abc_transporter	medium	236.4	0.375	cftr	0.5783
tr|A0CAA1|A0CAA1_PARTE	Paramecium tetraurelia	ciliate	1333	nonchannel_abc_transporter	high	823.4	0.9486	cftr	0.4769
tr|A0CB50|A0CB50_PARTE	Paramecium tetraurelia	ciliate	470	nonchannel_ncs	high	51.4	0.6218		1.0
tr|A0CC00|A0CC00_PARTE	Paramecium tetraurelia	ciliate	2733	nonchannel_ncs	high	31.7	0.5648		1.0
tr|A0CC67|A0CC67_PARTE	Paramecium tetraurelia	ciliate	454	nonchannel_ncs	medium	48.4	0.4974		1.0
tr|A0CDD7|A0CDD7_PARTE	Paramecium tetraurelia	ciliate	543	nonchannel_ncs	high	45.4	0.5803		1.0
tr|A0CDT9|A0CDT9_PARTE	Paramecium tetraurelia	ciliate	489	nonchannel_ncs	medium	33.4	0.3731		1.0
tr|A0CET6|A0CET6_PARTE	Paramecium tetraurelia	ciliate	1373	nonchannel_abc_transporter	high	813.1	0.9279	assoc_sur	0.4713
tr|A0CFT2|A0CFT2_PARTE	Paramecium tetraurelia	ciliate	482	nonchannel_ncs	high	63.0	0.8083	assoc_kchip	0.5381
tr|A0CG37|A0CG37_PARTE	Paramecium tetraurelia	ciliate	500	nonchannel_ncs	high	38.9	0.513		1.0
tr|A0CG42|A0CG42_PARTE	Paramecium tetraurelia	ciliate	531	nonchannel_ncs	medium	31.6	0.3886		1.0
tr|A0CGZ9|A0CGZ9_PARTE	Paramecium tetraurelia	ciliate	487	nonchannel_ncs	high	46.4	0.8705		1.0
tr|A0CH03|A0CH03_PARTE	Paramecium tetraurelia	ciliate	1289	nonchannel_abc_transporter	high	607.4	0.5046	assoc_sur	0.6222
tr|A0CH81|A0CH81_PARTE	Paramecium tetraurelia	ciliate	592	transporter_slc26	high	52.8	0.5381		1.0
tr|A0CHB0|A0CHB0_PARTE	Paramecium tetraurelia	ciliate	132	nonchannel_ncs	medium	44.1	0.5699	assoc_kchip	0.2653
tr|A0CIZ1|A0CIZ1_PARTE	Paramecium tetraurelia	ciliate	874	nonchannel_ncs	medium	34.2	0.3886		1.0
tr|A0CJC0|A0CJC0_PARTE	Paramecium tetraurelia	ciliate	165	nonchannel_ncs	medium	49.3	0.3575		1.0
tr|A0CJH7|A0CJH7_PARTE	Paramecium tetraurelia	ciliate	680	nonchannel_ncs	high	70.2	0.8756	assoc_kchip	0.3704
tr|A0CJN5|A0CJN5_PARTE	Paramecium tetraurelia	ciliate	770	nonchannel_ncs	high	54.7	0.8601	assoc_kchip	0.3144
tr|A0CJR4|A0CJR4_PARTE	Paramecium tetraurelia	ciliate	412	nonchannel_ncs	high	53.4	0.7824		1.0
tr|A0CJY8|A0CJY8_PARTE	Paramecium tetraurelia	ciliate	719	nonchannel_ncs	medium	36.8	0.3212	assoc_kchip	0.2283
tr|A0CK02|A0CK02_PARTE	Paramecium tetraurelia	ciliate	254	outofscope_aquaporin	high	77.7	0.7011		1.0
tr|A0CKF8|A0CKF8_PARTE	Paramecium tetraurelia	ciliate	1367	nonchannel_abc_transporter	high	871.3	0.9448	assoc_sur	0.4566
tr|A0CKN0|A0CKN0_PARTE	Paramecium tetraurelia	ciliate	606	trpv	medium	33.3	0.36	trpa	0.1832
tr|A0CKX5|A0CKX5_PARTE	Paramecium tetraurelia	ciliate	540	nonchannel_ncs	medium	58.5	0.3679		1.0
tr|A0CLC6|A0CLC6_PARTE	Paramecium tetraurelia	ciliate	361	nonchannel_vsp	high	191.7	0.587		1.0
tr|A0CLM7|A0CLM7_PARTE	Paramecium tetraurelia	ciliate	512	nonchannel_ncs	high	45.1	0.5389		1.0
tr|A0CM35|A0CM35_PARTE	Paramecium tetraurelia	ciliate	538	nonchannel_ncs	medium	40.1	0.3782		1.0
tr|A0CM45|A0CM45_PARTE	Paramecium tetraurelia	ciliate	495	nonchannel_ncs	high	41.2	0.7617		1.0
tr|A0CMB2|A0CMB2_PARTE	Paramecium tetraurelia	ciliate	489	nonchannel_ncs	high	48.0	0.6321		1.0
tr|A0CMM1|A0CMM1_PARTE	Paramecium tetraurelia	ciliate	2312	nonchannel_ncs	high	65.7	0.6321	assoc_kchip	0.4962
tr|A0CMN3|A0CMN3_PARTE	Paramecium tetraurelia	ciliate	1271	nonchannel_abc_transporter	high	745.5	0.9578	cftr	0.4715
tr|A0CMN7|A0CMN7_PARTE	Paramecium tetraurelia	ciliate	1312	nonchannel_abc_transporter	medium	648.8	0.4755	assoc_sur	0.6013
tr|A0CN31|A0CN31_PARTE	Paramecium tetraurelia	ciliate	703	nonchannel_ncs	medium	40.6	0.3264	assoc_kchip	0.234
tr|A0CN45|A0CN45_PARTE	Paramecium tetraurelia	ciliate	242	outofscope_aquaporin	high	74.0	0.7331		1.0
tr|A0CNC3|A0CNC3_PARTE	Paramecium tetraurelia	ciliate	1340	nonchannel_abc_transporter	high	764.7	0.9479	assoc_sur	0.4484
tr|A0CNJ9|A0CNJ9_PARTE	Paramecium tetraurelia	ciliate	1365	nonchannel_abc_transporter	high	863.2	0.9287	assoc_sur	0.4411
tr|A0CP82|A0CP82_PARTE	Paramecium tetraurelia	ciliate	1294	nonchannel_abc_transporter	high	697.5	0.941	cftr	0.4566
tr|A0CP83|A0CP83_PARTE	Paramecium tetraurelia	ciliate	1258	nonchannel_abc_transporter	high	693.2	0.9394	cftr	0.4883
tr|A0CPJ3|A0CPJ3_PARTE	Paramecium tetraurelia	ciliate	482	nonchannel_ncs	high	57.5	0.7876		1.0
tr|A0CPP6|A0CPP6_PARTE	Paramecium tetraurelia	ciliate	458	nonchannel_ncs	high	48.8	0.6425		1.0
tr|A0CPY1|A0CPY1_PARTE	Paramecium tetraurelia	ciliate	2290	nonchannel_ncs	high	74.9	0.6218	assoc_kchip	0.5434
tr|A0CQA7|A0CQA7_PARTE	Paramecium tetraurelia	ciliate	283	outofscope_aquaporin	high	72.3	0.8114		1.0
tr|A0CQH8|A0CQH8_PARTE	Paramecium tetraurelia	ciliate	591	nonchannel_ncs	high	31.3	0.6218		1.0
tr|A0CS83|A0CS83_PARTE	Paramecium tetraurelia	ciliate	516	nonchannel_vsp	high	63.1	0.5888		1.0
tr|A0CTD7|A0CTD7_PARTE	Paramecium tetraurelia	ciliate	106	nonchannel_ncs	medium	36.9	0.3575		1.0
tr|A0CTJ6|A0CTJ6_PARTE	Paramecium tetraurelia	ciliate	578	transporter_slc26	medium	33.8	0.4938		1.0
tr|A0CTM8|A0CTM8_PARTE	Paramecium tetraurelia	ciliate	553	nonchannel_ncs	medium	38.5	0.3212		1.0
tr|A0CTT3|A0CTT3_PARTE	Paramecium tetraurelia	ciliate	516	nonchannel_ncs	high	53.7	0.5648	assoc_kchip	0.3203
tr|A0CU99|A0CU99_PARTE	Paramecium tetraurelia	ciliate	815	nonchannel_ncs	medium	53.7	0.9482	assoc_kchip	0.2924
tr|A0CUE9|A0CUE9_PARTE	Paramecium tetraurelia	ciliate	494	nonchannel_ncs	high	67.2	0.7358		1.0
tr|A0CUG9|A0CUG9_PARTE	Paramecium tetraurelia	ciliate	441	nonchannel_vsp	high	203.9	0.5888		1.0
tr|A0CW38|A0CW38_PARTE	Paramecium tetraurelia	ciliate	490	nonchannel_ncs	medium	63.5	0.3316		1.0
tr|A0CW86|A0CW86_PARTE	Paramecium tetraurelia	ciliate	472	nonchannel_ncs	high	59.0	0.601		1.0
tr|A0CWE1|A0CWE1_PARTE	Paramecium tetraurelia	ciliate	547	nonchannel_ncs	high	61.6	0.5803	assoc_kchip	0.4399
tr|A0CWQ7|A0CWQ7_PARTE	Paramecium tetraurelia	ciliate	498	nonchannel_ncs	high	57.1	0.6062		1.0
tr|A0CWT4|A0CWT4_PARTE	Paramecium tetraurelia	ciliate	285	outofscope_aquaporin	high	71.6	0.6406		1.0
tr|A0CXS8|A0CXS8_PARTE	Paramecium tetraurelia	ciliate	493	nonchannel_ncs	medium	56.4	0.3523		1.0
tr|A0CY41|A0CY41_PARTE	Paramecium tetraurelia	ciliate	581	nonchannel_ncs	high	54.5	0.6114		1.0
tr|A0CYG9|A0CYG9_PARTE	Paramecium tetraurelia	ciliate	570	nonchannel_ncs	high	56.0	0.5751		1.0
tr|A0CYQ4|A0CYQ4_PARTE	Paramecium tetraurelia	ciliate	456	nonchannel_ncs	high	58.3	0.5544		1.0
tr|A0CZ67|A0CZ67_PARTE	Paramecium tetraurelia	ciliate	401	nonchannel_ncs	high	69.2	0.772	assoc_kchip	0.5506
tr|A0CZC4|A0CZC4_PARTE	Paramecium tetraurelia	ciliate	499	nonchannel_ncs	high	55.5	0.6218		1.0
tr|A0CZX7|A0CZX7_PARTE	Paramecium tetraurelia	ciliate	506	nonchannel_ncs	medium	32.5	0.4249		1.0
tr|A0D095|A0D095_PARTE	Paramecium tetraurelia	ciliate	1173	nonchannel_abc_transporter	high	662.9	0.8673	cftr	0.5156
tr|A0D0G2|A0D0G2_PARTE	Paramecium tetraurelia	ciliate	258	outofscope_aquaporin	high	70.0	0.637		1.0
tr|A0D1J9|A0D1J9_PARTE	Paramecium tetraurelia	ciliate	494	nonchannel_ncs	high	58.1	0.7513		1.0
tr|A0D1M6|A0D1M6_PARTE	Paramecium tetraurelia	ciliate	470	nonchannel_vsp	high	205.8	0.5888		1.0
tr|A0D1V5|A0D1V5_PARTE	Paramecium tetraurelia	ciliate	412	nonchannel_vsp	high	150.2	0.558		1.0
tr|A0D293|A0D293_PARTE	Paramecium tetraurelia	ciliate	510	nonchannel_ncs	high	49.1	0.5285		1.0
tr|A0D306|A0D306_PARTE	Paramecium tetraurelia	ciliate	1220	nonchannel_ncs	high	87.3	0.6321	assoc_kchip	0.4502
tr|A0D368|A0D368_PARTE	Paramecium tetraurelia	ciliate	1282	nonchannel_abc_transporter	high	469.8	0.5069	assoc_sur	0.6564
tr|A0D3A3|A0D3A3_PARTE	Paramecium tetraurelia	ciliate	489	nonchannel_ncs	high	48.7	0.6321		1.0
tr|A0D3I0|A0D3I0_PARTE	Paramecium tetraurelia	ciliate	544	nonchannel_ncs	medium	38.8	0.3368		1.0
tr|A0D3N7|A0D3N7_PARTE	Paramecium tetraurelia	ciliate	638	nonchannel_abc_transporter	medium	57.3	0.3029		1.0
tr|A0D3T6|A0D3T6_PARTE	Paramecium tetraurelia	ciliate	1021	nonchannel_abc_transporter	high	575.6	0.7807	assoc_sur	0.426
tr|A0D4N8|A0D4N8_PARTE	Paramecium tetraurelia	ciliate	1259	nonchannel_abc_transporter	high	1027.5	0.9594	assoc_sur	0.4673
tr|A0D4Z1|A0D4Z1_PARTE	Paramecium tetraurelia	ciliate	262	outofscope_aquaporin	high	70.6	0.6584		1.0
tr|A0D518|A0D518_PARTE	Paramecium tetraurelia	ciliate	229	outofscope_aquaporin	high	75.7	0.7936		1.0
tr|A0D641|A0D641_PARTE	Paramecium tetraurelia	ciliate	1557	nonchannel_abc_transporter	high	800.7	0.9333	cftr	0.4896
tr|A0D6V1|A0D6V1_PARTE	Paramecium tetraurelia	ciliate	1091	nonchannel_abc_transporter	high	424.5	0.7339	assoc_sur	0.522
tr|A0D745|A0D745_PARTE	Paramecium tetraurelia	ciliate	195	nonchannel_ncs	high	32.1	0.5544		1.0
tr|A0D753|A0D753_PARTE	Paramecium tetraurelia	ciliate	489	nonchannel_ncs	medium	65.4	0.456	assoc_kchip	0.318
tr|A0D7V5|A0D7V5_PARTE	Paramecium tetraurelia	ciliate	239	clic	high	36.3	0.554		1.0
tr|A0D814|A0D814_PARTE	Paramecium tetraurelia	ciliate	1261	nonchannel_abc_transporter	high	1053.8	0.9548	assoc_sur	0.4538
tr|A0D862|A0D862_PARTE	Paramecium tetraurelia	ciliate	456	nonchannel_ncs	high	57.6	0.7979		1.0
tr|A0D9U7|A0D9U7_PARTE	Paramecium tetraurelia	ciliate	573	nonchannel_ncs	medium	43.5	0.3834		1.0
tr|A0DA67|A0DA67_PARTE	Paramecium tetraurelia	ciliate	481	nonchannel_ncs	high	50.2	0.6166		1.0
tr|A0DAC1|A0DAC1_PARTE	Paramecium tetraurelia	ciliate	482	nonchannel_ncs	high	59.7	0.8083	assoc_kchip	0.4774
tr|A0DAE0|A0DAE0_PARTE	Paramecium tetraurelia	ciliate	1289	nonchannel_abc_transporter	high	577.5	0.5084	assoc_sur	0.6151
tr|A0DAE4|A0DAE4_PARTE	Paramecium tetraurelia	ciliate	495	nonchannel_ncs	high	50.7	0.8653		1.0
tr|A0DAT1|A0DAT1_PARTE	Paramecium tetraurelia	ciliate	486	nonchannel_ncs	medium	67.2	0.4093	assoc_kchip	0.4955
tr|A0DB24|A0DB24_PARTE	Paramecium tetraurelia	ciliate	593	transporter_slc26	high	52.6	0.5381		1.0
tr|A0DB99|A0DB99_PARTE	Paramecium tetraurelia	ciliate	486	nonchannel_ncs	high	51.2	0.8705		1.0
tr|A0DBN0|A0DBN0_PARTE	Paramecium tetraurelia	ciliate	454	nonchannel_ncs	medium	58.7	0.4404	assoc_kchip	0.414
tr|A0DDA5|A0DDA5_PARTE	Paramecium tetraurelia	ciliate	486	nonchannel_ncs	high	47.7	0.6891		1.0
tr|A0DDB4|A0DDB4_PARTE	Paramecium tetraurelia	ciliate	537	nonchannel_ncs	medium	49.5	0.3523		1.0
tr|A0DE09|A0DE09_PARTE	Paramecium tetraurelia	ciliate	475	nonchannel_ncs	medium	57.6	0.3834		1.0
tr|A0DE47|A0DE47_PARTE	Paramecium tetraurelia	ciliate	1352	nonchannel_abc_transporter	medium	640.3	0.4686	assoc_sur	0.5983
tr|A0DE93|A0DE93_PARTE	Paramecium tetraurelia	ciliate	408	nonchannel_ncs	medium	42.5	0.3679		1.0
tr|A0DED6|A0DED6_PARTE	Paramecium tetraurelia	ciliate	409	nonchannel_vsp	high	147.9	0.558		1.0
tr|A0DEF2|A0DEF2_PARTE	Paramecium tetraurelia	ciliate	670	nonchannel_ncs	high	55.5	0.7409		1.0
tr|A0DEN6|A0DEN6_PARTE	Paramecium tetraurelia	ciliate	501	nonchannel_ncs	high	61.4	0.7254		1.0
tr|A0DF62|A0DF62_PARTE	Paramecium tetraurelia	ciliate	508	nonchannel_ncs	high	41.6	0.7047	assoc_kchip	0.3846
tr|A0DF69|A0DF69_PARTE	Paramecium tetraurelia	ciliate	489	nonchannel_ncs	medium	30.9	0.3575		1.0
tr|A0DFM5|A0DFM5_PARTE	Paramecium tetraurelia	ciliate	543	nonchannel_ncs	high	45.2	0.5596		1.0
tr|A0DGC5|A0DGC5_PARTE	Paramecium tetraurelia	ciliate	582	nonchannel_ncs	high	48.4	0.601		1.0
tr|A0DGE5|A0DGE5_PARTE	Paramecium tetraurelia	ciliate	505	nonchannel_ncs	high	51.6	0.7461	assoc_kchip	0.343
tr|A0DGI8|A0DGI8_PARTE	Paramecium tetraurelia	ciliate	400	nonchannel_ncs	medium	70.5	0.3575		1.0
tr|A0DHD3|A0DHD3_PARTE	Paramecium tetraurelia	ciliate	262	outofscope_aquaporin	high	70.3	0.6584		1.0
tr|A0DHG8|A0DHG8_PARTE	Paramecium tetraurelia	ciliate	229	outofscope_aquaporin	high	76.1	0.7936		1.0
tr|A0DI75|A0DI75_PARTE	Paramecium tetraurelia	ciliate	2211	nonchannel_ncs	high	64.9	0.6218	assoc_kchip	0.5763
tr|A0DIR9|A0DIR9_PARTE	Paramecium tetraurelia	ciliate	97	nonchannel_ncs	medium	31.5	0.3575		1.0
tr|A0DJ81|A0DJ81_PARTE	Paramecium tetraurelia	ciliate	480	nonchannel_ncs	medium	54.1	0.5699	assoc_kchip	0.2181
tr|A0DJR9|A0DJR9_PARTE	Paramecium tetraurelia	ciliate	481	nonchannel_ncs	high	66.6	0.5181	assoc_kchip	0.3123
tr|A0DK47|A0DK47_PARTE	Paramecium tetraurelia	ciliate	769	nonchannel_abc_transporter	medium	399.8	0.4555	assoc_sur	0.6126
tr|A0DKC5|A0DKC5_PARTE	Paramecium tetraurelia	ciliate	1530	nonchannel_abc_transporter	high	805.9	0.9264	cftr	0.5037
tr|A0DL98|A0DL98_PARTE	Paramecium tetraurelia	ciliate	657	nonchannel_ncs	medium	44.4	0.3057		1.0
tr|A0DMD5|A0DMD5_PARTE	Paramecium tetraurelia	ciliate	1257	nonchannel_abc_transporter	high	824.6	0.9179	assoc_sur	0.4579
tr|A0DMF3|A0DMF3_PARTE	Paramecium tetraurelia	ciliate	526	nonchannel_ncs	medium	33.0	0.4352		1.0
tr|A0DMX8|A0DMX8_PARTE	Paramecium tetraurelia	ciliate	516	nonchannel_ncs	high	67.6	0.6114		1.0
tr|A0DN21|A0DN21_PARTE	Paramecium tetraurelia	ciliate	1364	nonchannel_abc_transporter	high	877.8	0.9302	assoc_sur	0.4442
tr|A0DN99|A0DN99_PARTE	Paramecium tetraurelia	ciliate	506	nonchannel_ncs	high	36.6	0.6269		1.0
tr|A0DNS4|A0DNS4_PARTE	Paramecium tetraurelia	ciliate	416	cng	medium	34.0	0.4272		1.0
tr|A0DP15|A0DP15_PARTE	Paramecium tetraurelia	ciliate	553	nonchannel_ncs	high	54.4	0.5803		1.0
tr|A0DPB5|A0DPB5_PARTE	Paramecium tetraurelia	ciliate	366	nonchannel_ncs	medium	30.1	0.4301		1.0
tr|A0DPE0|A0DPE0_PARTE	Paramecium tetraurelia	ciliate	509	nonchannel_ncs	high	73.5	0.6269	assoc_kchip	0.4122
tr|A0DPJ8|A0DPJ8_PARTE	Paramecium tetraurelia	ciliate	594	nonchannel_ncs	high	42.8	0.5959		1.0
tr|A0DPK6|A0DPK6_PARTE	Paramecium tetraurelia	ciliate	574	trpml	medium	58.8	0.3503		1.0
tr|A0DQA1|A0DQA1_PARTE	Paramecium tetraurelia	ciliate	497	nonchannel_ncs	high	60.4	0.6062		1.0
tr|A0DQQ9|A0DQQ9_PARTE	Paramecium tetraurelia	ciliate	472	nonchannel_ncs	high	59.6	0.601		1.0
tr|A0DR88|A0DR88_PARTE	Paramecium tetraurelia	ciliate	496	nonchannel_ncs	medium	52.8	0.5699	assoc_kchip	0.2481
tr|A0DRM8|A0DRM8_PARTE	Paramecium tetraurelia	ciliate	97	nonchannel_ncs	medium	30.7	0.3575		1.0
tr|A0DS60|A0DS60_PARTE	Paramecium tetraurelia	ciliate	441	nonchannel_vsp	high	202.9	0.5888		1.0
tr|A0DSC8|A0DSC8_PARTE	Paramecium tetraurelia	ciliate	813	nonchannel_ncs	high	50.9	0.943	assoc_kchip	0.3124
tr|A0DSV5|A0DSV5_PARTE	Paramecium tetraurelia	ciliate	280	outofscope_aquaporin	high	72.3	0.8114		1.0
tr|A0DTG5|A0DTG5_PARTE	Paramecium tetraurelia	ciliate	286	nonchannel_ncs	medium	33.5	0.4715		1.0
tr|A0DTL1|A0DTL1_PARTE	Paramecium tetraurelia	ciliate	195	nonchannel_ncs	high	30.8	0.5544		1.0
tr|A0DU48|A0DU48_PARTE	Paramecium tetraurelia	ciliate	242	outofscope_aquaporin	high	39.8	0.6726		1.0
tr|A0DUC8|A0DUC8_PARTE	Paramecium tetraurelia	ciliate	557	nonchannel_ncs	medium	46.6	0.4767		1.0
tr|A0DVL8|A0DVL8_PARTE	Paramecium tetraurelia	ciliate	474	nonchannel_ncs	high	55.0	0.5544		1.0
tr|A0DVR8|A0DVR8_PARTE	Paramecium tetraurelia	ciliate	114	nonchannel_ncs	medium	30.2	0.399		1.0
tr|A0DWM0|A0DWM0_PARTE	Paramecium tetraurelia	ciliate	561	nonchannel_ncs	medium	38.2	0.4663		1.0
tr|A0DWZ2|A0DWZ2_PARTE	Paramecium tetraurelia	ciliate	1366	nonchannel_abc_transporter	high	829.9	0.9502	assoc_sur	0.4769
tr|A0DX53|A0DX53_PARTE	Paramecium tetraurelia	ciliate	500	nonchannel_ncs	high	39.5	0.513		1.0
tr|A0DX59|A0DX59_PARTE	Paramecium tetraurelia	ciliate	531	nonchannel_ncs	high	31.8	0.5285		1.0
tr|A0DX72|A0DX72_PARTE	Paramecium tetraurelia	ciliate	510	nonchannel_ncs	medium	31.9	0.399		1.0
tr|A0DYJ2|A0DYJ2_PARTE	Paramecium tetraurelia	ciliate	472	nonchannel_ncs	high	59.3	0.6062		1.0
tr|A0DYP7|A0DYP7_PARTE	Paramecium tetraurelia	ciliate	556	nonchannel_ncs	high	63.4	0.5855	assoc_kchip	0.4259
tr|A0DYQ3|A0DYQ3_PARTE	Paramecium tetraurelia	ciliate	547	nonchannel_ncs	high	50.6	0.5907		1.0
tr|A0DYQ6|A0DYQ6_PARTE	Paramecium tetraurelia	ciliate	588	nonchannel_ncs	high	31.3	0.5803		1.0
tr|A0DYV6|A0DYV6_PARTE	Paramecium tetraurelia	ciliate	476	nonchannel_ncs	high	63.4	0.6269	assoc_kchip	0.4196
tr|A0DYX0|A0DYX0_PARTE	Paramecium tetraurelia	ciliate	2367	trpn	medium	162.2	0.4123	trpa	0.2953
tr|A0DZ23|A0DZ23_PARTE	Paramecium tetraurelia	ciliate	490	nonchannel_ncs	medium	63.9	0.3886		1.0
tr|A0DZ43|A0DZ43_PARTE	Paramecium tetraurelia	ciliate	475	nonchannel_ncs	high	50.9	0.6373		1.0
tr|A0DZD2|A0DZD2_PARTE	Paramecium tetraurelia	ciliate	205	nonchannel_ncs	medium	36.1	0.487		1.0
tr|A0DZH6|A0DZH6_PARTE	Paramecium tetraurelia	ciliate	184	nonchannel_ncs	medium	34.4	0.5699	assoc_kchip	0.2878
tr|A0DZJ0|A0DZJ0_PARTE	Paramecium tetraurelia	ciliate	368	nonchannel_vsp	high	226.8	0.587		1.0
tr|A0DZS4|A0DZS4_PARTE	Paramecium tetraurelia	ciliate	496	nonchannel_ncs	high	51.4	0.6269		1.0
tr|A0DZT4|A0DZT4_PARTE	Paramecium tetraurelia	ciliate	447	nonchannel_vsp	medium	204.5	0.3641		1.0
tr|A0E004|A0E004_PARTE	Paramecium tetraurelia	ciliate	599	nonchannel_ncs	medium	36.1	0.3161		1.0
tr|A0E0F9|A0E0F9_PARTE	Paramecium tetraurelia	ciliate	458	nonchannel_ncs	high	46.8	0.5544		1.0
tr|A0E0M9|A0E0M9_PARTE	Paramecium tetraurelia	ciliate	771	nonchannel_abc_transporter	medium	405.1	0.4548	assoc_sur	0.6127
tr|A0E0U3|A0E0U3_PARTE	Paramecium tetraurelia	ciliate	1540	nonchannel_abc_transporter	high	785.2	0.9195	cftr	0.4768
tr|A0E1B2|A0E1B2_PARTE	Paramecium tetraurelia	ciliate	286	nonchannel_ncs	medium	33.4	0.4715		1.0
tr|A0E1G4|A0E1G4_PARTE	Paramecium tetraurelia	ciliate	195	nonchannel_ncs	high	30.7	0.5544		1.0
tr|A0E3E2|A0E3E2_PARTE	Paramecium tetraurelia	ciliate	562	nonchannel_ncs	medium	35.5	0.4715		1.0
tr|A0E3X2|A0E3X2_PARTE	Paramecium tetraurelia	ciliate	4908	nonchannel_ncs	medium	30.6	0.3782		1.0
tr|A0E453|A0E453_PARTE	Paramecium tetraurelia	ciliate	243	outofscope_aquaporin	high	86.6	0.7865		1.0
tr|A0E457|A0E457_PARTE	Paramecium tetraurelia	ciliate	505	nonchannel_ncs	high	71.7	0.8964	assoc_kchip	0.5077
tr|A0E4A2|A0E4A2_PARTE	Paramecium tetraurelia	ciliate	131	nonchannel_ncs	medium	32.6	0.3109		1.0
tr|A0E4B7|A0E4B7_PARTE	Paramecium tetraurelia	ciliate	1086	nonchannel_abc_transporter	high	577.7	0.8113	assoc_sur	0.503
tr|A0E4J9|A0E4J9_PARTE	Paramecium tetraurelia	ciliate	496	nonchannel_ncs	high	51.3	0.6839		1.0
tr|A0E4K6|A0E4K6_PARTE	Paramecium tetraurelia	ciliate	403	nonchannel_vsp	high	214.4	0.5743		1.0
tr|A0E4T2|A0E4T2_PARTE	Paramecium tetraurelia	ciliate	602	nonchannel_abc_transporter	medium	388.6	0.4417	assoc_sur	0.5991
tr|A0E4T9|A0E4T9_PARTE	Paramecium tetraurelia	ciliate	242	outofscope_aquaporin	high	42.7	0.694		1.0
tr|A0E6L2|A0E6L2_PARTE	Paramecium tetraurelia	ciliate	1274	nonchannel_abc_transporter	high	1036.0	0.9647	assoc_sur	0.4843
tr|A0E7F1|A0E7F1_PARTE	Paramecium tetraurelia	ciliate	250	outofscope_aquaporin	high	85.7	0.79		1.0
tr|A0E7F5|A0E7F5_PARTE	Paramecium tetraurelia	ciliate	504	nonchannel_ncs	high	70.4	0.6114	assoc_kchip	0.4531
tr|A0E7S4|A0E7S4_PARTE	Paramecium tetraurelia	ciliate	455	nonchannel_ncs	high	41.9	0.5544		1.0
tr|A0E7Y2|A0E7Y2_PARTE	Paramecium tetraurelia	ciliate	434	nonchannel_ncs	high	75.0	0.8653	assoc_kchip	0.4907
tr|A0E864|A0E864_PARTE	Paramecium tetraurelia	ciliate	659	nonchannel_ncs	medium	58.7	0.4404		1.0
tr|A0E8K6|A0E8K6_PARTE	Paramecium tetraurelia	ciliate	503	nonchannel_ncs	medium	50.5	0.4404		1.0
tr|A0E916|A0E916_PARTE	Paramecium tetraurelia	ciliate	553	nonchannel_ncs	high	60.4	0.5855		1.0
tr|A0E9C0|A0E9C0_PARTE	Paramecium tetraurelia	ciliate	557	nonchannel_ncs	medium	50.9	0.3472		1.0
tr|A0E9J3|A0E9J3_PARTE	Paramecium tetraurelia	ciliate	548	nonchannel_ncs	high	56.1	0.5751	assoc_kchip	0.4225
tr|A0E9T7|A0E9T7_PARTE	Paramecium tetraurelia	ciliate	1250	nonchannel_abc_transporter	high	1045.5	0.9479	assoc_sur	0.4802
tr|A0EAJ5|A0EAJ5_PARTE	Paramecium tetraurelia	ciliate	415	nonchannel_vsp	high	184.7	0.5906		1.0
tr|A0EAN2|A0EAN2_PARTE	Paramecium tetraurelia	ciliate	586	nonchannel_abc_transporter	medium	532.2	0.4456	assoc_sur	0.3452
tr|A0EAN3|A0EAN3_PARTE	Paramecium tetraurelia	ciliate	679	nonchannel_abc_transporter	medium	493.0	0.467	cftr	0.5385
tr|A0EAW6|A0EAW6_PARTE	Paramecium tetraurelia	ciliate	389	nonchannel_ncs	high	72.7	0.7772	assoc_kchip	0.4952
tr|A0EBN4|A0EBN4_PARTE	Paramecium tetraurelia	ciliate	240	clic	high	35.9	0.554		1.0
tr|A0EBQ4|A0EBQ4_PARTE	Paramecium tetraurelia	ciliate	1268	nonchannel_abc_transporter	high	1058.4	0.9555	assoc_sur	0.4566
tr|A0ECC0|A0ECC0_PARTE	Paramecium tetraurelia	ciliate	481	nonchannel_ncs	high	60.1	0.5751		1.0
tr|A0ECP3|A0ECP3_PARTE	Paramecium tetraurelia	ciliate	519	nonchannel_vsp	high	60.0	0.5851		1.0
tr|A0ED36|A0ED36_PARTE	Paramecium tetraurelia	ciliate	603	transporter_slc26	medium	40.8	0.4244		1.0
tr|A0EDH4|A0EDH4_PARTE	Paramecium tetraurelia	ciliate	584	nonchannel_ncs	high	58.0	0.5803		1.0
tr|A0EDJ8|A0EDJ8_PARTE	Paramecium tetraurelia	ciliate	243	outofscope_aquaporin	high	84.4	0.7865		1.0
tr|A0EF30|A0EF30_PARTE	Paramecium tetraurelia	ciliate	239	clic	high	31.6	0.6481		1.0
tr|A0EF81|A0EF81_PARTE	Paramecium tetraurelia	ciliate	411	nonchannel_vsp	high	207.0	0.5906		1.0
tr|A0EFL6|A0EFL6_PARTE	Paramecium tetraurelia	ciliate	514	nonchannel_ncs	medium	32.6	0.4974	assoc_kchip	0.138
tr|A0EFQ7|A0EFQ7_PARTE	Paramecium tetraurelia	ciliate	514	nonchannel_ncs	high	65.0	0.6425		1.0
tr|A0EFU8|A0EFU8_PARTE	Paramecium tetraurelia	ciliate	463	nonchannel_ncs	medium	40.3	0.487		1.0
tr|A0EG44|A0EG44_PARTE	Paramecium tetraurelia	ciliate	512	nonchannel_ncs	high	60.5	0.6166		1.0
tr|A0EG49|A0EG49_PARTE	Paramecium tetraurelia	ciliate	250	outofscope_aquaporin	high	83.6	0.7936		1.0
tr|A0EGK5|A0EGK5_PARTE	Paramecium tetraurelia	ciliate	508	nonchannel_ncs	high	52.9	0.6218		1.0
tr|A0EGU9|A0EGU9_PARTE	Paramecium tetraurelia	ciliate	1155	nonchannel_abc_transporter	high	639.9	0.8658	assoc_sur	0.5887
tr|A0EHG9|A0EHG9_PARTE	Paramecium tetraurelia	ciliate	539	nonchannel_ncs	medium	49.5	0.4197		1.0
tr|A0EHL3|A0EHL3_PARTE	Paramecium tetraurelia	ciliate	321	nonchannel_vsp	high	182.4	0.5471		1.0
tr|A0EID1|A0EID1_PARTE	Paramecium tetraurelia	ciliate	508	nonchannel_ncs	high	64.5	0.6166		1.0
tr|A0T300|A0T300_DANRE	Danio rerio	vertebrate	848	nonchannel_class_c_gpcr	high	744.5	0.9232		1.0
tr|A0T301|A0T301_DANRE	Danio rerio	vertebrate	868	nonchannel_class_c_gpcr	high	738.7	0.9198		1.0
tr|A1IMB8|A1IMB8_CAEEL	Caenorhabditis elegans	invertebrate	1008	nonchannel_class_c_gpcr	high	743.0	0.9356		1.0
tr|A1Z776|A1Z776_DROME	Drosophila melanogaster	invertebrate	148	nonchannel_ncs	high	45.1	0.5596	assoc_mcu_reg	0.4169
tr|A1Z999|A1Z999_DROME	Drosophila melanogaster	invertebrate	276	outofscope_aquaporin	high	33.7	0.6157		1.0
tr|A1Z9N3|A1Z9N3_DROME	Drosophila melanogaster	invertebrate	1313	nonchannel_abc_transporter	high	682.4	0.5031	assoc_sur	0.6123
tr|A1Z9N6|A1Z9N6_DROME	Drosophila melanogaster	invertebrate	1092	assoc_k_beta	medium	139.2	0.4462		1.0
tr|A1ZAB1|A1ZAB1_DROME	Drosophila melanogaster	invertebrate	1252	assoc_k_beta	high	83.3	0.5066		1.0
tr|A1ZAZ1|A1ZAZ1_DROME	Drosophila melanogaster	invertebrate	595	transporter_slc26	high	337.4	0.6408		1.0
tr|A2BE32|A2BE32_MOUSE	Mus musculus	vertebrate	847	nonchannel_class_c_gpcr	high	424.5	0.8701		1.0
tr|A2ZPJ3|A2ZPJ3_ORYSJ	Oryza sativa	plant	1022	lrrc8	medium	132.2	0.411		1.0
tr|A3KGZ4|A3KGZ4_DANRE	Danio rerio	vertebrate	789	nonchannel_abc_transporter	medium	394.2	0.4548	assoc_sur	0.6687
tr|A3KPW8|A3KPW8_DANRE	Danio rerio	vertebrate	191	nonchannel_ncs	high	309.7	0.9793	assoc_kchip	0.3978
tr|A3KQI0|A3KQI0_DANRE	Danio rerio	vertebrate	832	nonchannel_class_c_gpcr	high	739.1	0.9119		1.0
tr|A4V243|A4V243_DROME	Drosophila melanogaster	invertebrate	1525	nonchannel_class_c_gpcr	medium	80.2	0.4757		1.0
tr|A4V3K8|A4V3K8_DROME	Drosophila melanogaster	invertebrate	1374	nonchannel_abc_transporter	high	1239.4	0.9586	cftr	0.4075
tr|A4VD54|A4VD54_TETTS	Tetrahymena thermophila	ciliate	1317	nonchannel_abc_transporter	medium	633.5	0.4923	assoc_sur	0.5981
tr|A4VDW8|A4VDW8_TETTS	Tetrahymena thermophila	ciliate	618	nonchannel_ncs	medium	45.3	0.3834		1.0
tr|A4VE58|A4VE58_TETTS	Tetrahymena thermophila	ciliate	1302	nonchannel_abc_transporter	medium	626.1	0.4831	assoc_sur	0.6481
tr|A4VEL1|A4VEL1_TETTS	Tetrahymena thermophila	ciliate	1265	nonchannel_abc_transporter	high	862.7	0.7638	cftr	0.4401
tr|A4VF03|A4VF03_TETTS	Tetrahymena thermophila	ciliate	1840	nonchannel_ncs	high	53.9	0.886		1.0
tr|A5HKJ1|A5HKJ1_RAT	Rattus norvegicus	vertebrate	143	assoc_kcne	high	112.2	0.8583		1.0
tr|A5HUM0|A5HUM0_CHICK	Gallus gallus	vertebrate	583	nonchannel_abc_transporter	medium	280.1	0.3796	assoc_sur	0.684
tr|A7RFK3|A7RFK3_NEMVE	Nematostella vectensis	cnidarian	1118	nonchannel_abc_transporter	medium	677.7	0.4103	assoc_sur	0.6065
tr|A7RFS3|A7RFS3_NEMVE	Nematostella vectensis	cnidarian	195	nonchannel_ncs	high	206.2	0.9585	assoc_kchip	0.3138
tr|A7RFY6|A7RFY6_NEMVE	Nematostella vectensis	cnidarian	383	assoc_stim	medium	414.9	0.4643		1.0
tr|A7RG03|A7RG03_NEMVE	Nematostella vectensis	cnidarian	726	transporter_slc26	high	636.9	0.9445		1.0
tr|A7RGF9|A7RGF9_NEMVE	Nematostella vectensis	cnidarian	3390	assoc_polycystin1	high	651.6	0.734	trpp	0.9377
tr|A7RGG2|A7RGG2_NEMVE	Nematostella vectensis	cnidarian	816	assoc_k_beta	medium	42.1	0.4514		1.0
tr|A7RHA4|A7RHA4_NEMVE	Nematostella vectensis	cnidarian	615	assoc_nav_beta	high	40.2	0.6607		1.0
tr|A7RHG7|A7RHG7_NEMVE	Nematostella vectensis	cnidarian	850	nonchannel_abc_transporter	medium	554.7	0.477	assoc_sur	0.5738
tr|A7RHX2|A7RHX2_NEMVE	Nematostella vectensis	cnidarian	719	nonchannel_class_c_gpcr	high	347.8	0.774	kainate	0.9301
tr|A7RIA2|A7RIA2_NEMVE	Nematostella vectensis	cnidarian	921	nonchannel_class_c_gpcr	high	745.6	0.9107		1.0
tr|A7RIK6|A7RIK6_NEMVE	Nematostella vectensis	cnidarian	1247	nonchannel_abc_transporter	high	1053.6	0.9532	cftr	0.4335
tr|A7RJ55|A7RJ55_NEMVE	Nematostella vectensis	cnidarian	124	nonchannel_ncs	medium	43.0	0.3472		1.0
tr|A7RJ82|A7RJ82_NEMVE	Nematostella vectensis	cnidarian	170	nonchannel_ncs	medium	74.0	0.7927	assoc_kchip	0.2986
tr|A7RJJ6|A7RJJ6_NEMVE	Nematostella vectensis	cnidarian	574	transporter_slc26	high	416.5	0.6477		1.0
tr|A7RK28|A7RK28_NEMVE	Nematostella vectensis	cnidarian	1208	nonchannel_abc_transporter	high	1047.8	0.9548	cftr	0.4574
tr|A7RKQ4|A7RKQ4_NEMVE	Nematostella vectensis	cnidarian	780	trpp	medium	108.4	0.3346	assoc_polycystin1	0.5729
tr|A7RLL8|A7RLL8_NEMVE	Nematostella vectensis	cnidarian	933	nonchannel_class_c_gpcr	high	706.5	0.9277		1.0
tr|A7RM01|A7RM01_NEMVE	Nematostella vectensis	cnidarian	184	nonchannel_ncs	high	65.2	0.943	assoc_kchip	0.3758
tr|A7RM77|A7RM77_NEMVE	Nematostella vectensis	cnidarian	649	nonchannel_class_c_gpcr	high	328.0	0.7186		1.0
tr|A7RMB4|A7RMB4_NEMVE	Nematostella vectensis	cnidarian	194	nonchannel_ncs	high	338.3	0.9793	assoc_kchip	0.4227
tr|A7RMB5|A7RMB5_NEMVE	Nematostella vectensis	cnidarian	190	nonchannel_ncs	high	330.4	0.9793	assoc_kchip	0.4216
tr|A7RMB6|A7RMB6_NEMVE	Nematostella vectensis	cnidarian	191	nonchannel_ncs	high	325.0	0.9793	assoc_kchip	0.4022
tr|A7RMU2|A7RMU2_NEMVE	Nematostella vectensis	cnidarian	1210	nonchannel_abc_transporter	high	956.6	0.9348	cftr	0.3534
tr|A7RMV4|A7RMV4_NEMVE	Nematostella vectensis	cnidarian	804	nonchannel_class_c_gpcr	high	585.7	0.8994	iglur_nonvertebrate	0.9589
tr|A7RN05|A7RN05_NEMVE	Nematostella vectensis	cnidarian	190	nonchannel_ncs	medium	293.9	0.9637	assoc_kchip	0.2916
tr|A7RN45|A7RN45_NEMVE	Nematostella vectensis	cnidarian	357	nonchannel_vsp	high	501.4	0.6431		1.0
tr|A7RNB0|A7RNB0_NEMVE	Nematostella vectensis	cnidarian	570	assoc_k_beta	medium	77.7	0.4751	lrrc8	0.1338
tr|A7RNB3|A7RNB3_NEMVE	Nematostella vectensis	cnidarian	688	nonchannel_class_c_gpcr	high	362.4	0.7898	kainate	0.9227
tr|A7RNH2|A7RNH2_NEMVE	Nematostella vectensis	cnidarian	680	assoc_cav_aux	high	61.0	0.6022		1.0
tr|A7RNV9|A7RNV9_NEMVE	Nematostella vectensis	cnidarian	1121	nonchannel_abc_transporter	high	1062.4	0.7837	cftr	0.4218
tr|A7RP39|A7RP39_NEMVE	Nematostella vectensis	cnidarian	1346	nonchannel_abc_transporter	high	1381.0	0.9555	assoc_sur	0.455
tr|A7RP72|A7RP72_NEMVE	Nematostella vectensis	cnidarian	1194	assoc_k_beta	medium	55.1	0.4698	lrrc8	0.1434
tr|A7RP76|A7RP76_NEMVE	Nematostella vectensis	cnidarian	764	nonchannel_class_c_gpcr	high	625.2	0.8689	nmda	0.944
tr|A7RPI8|A7RPI8_NEMVE	Nematostella vectensis	cnidarian	149	nonchannel_ncs	high	58.4	0.5699		1.0
tr|A7RPN8|A7RPN8_NEMVE	Nematostella vectensis	cnidarian	140	nonchannel_ncs	high	57.9	0.5699		1.0
tr|A7RPP0|A7RPP0_NEMVE	Nematostella vectensis	cnidarian	148	nonchannel_ncs	high	39.8	0.5596		1.0
tr|A7RPP5|A7RPP5_NEMVE	Nematostella vectensis	cnidarian	893	nonchannel_class_c_gpcr	high	305.5	0.6893	nmda	0.8746
tr|A7RPR4|A7RPR4_NEMVE	Nematostella vectensis	cnidarian	408	assoc_mcu_reg	high	344.9	0.7815	nonchannel_ncs	0.8652
tr|A7RR63|A7RR63_NEMVE	Nematostella vectensis	cnidarian	160	nonchannel_ncs	medium	81.8	0.5803	assoc_kchip	0.1601
tr|A7RR89|A7RR89_NEMVE	Nematostella vectensis	cnidarian	791	nonchannel_class_c_gpcr	high	564.3	0.9006	iglur_nonvertebrate	0.9419
tr|A7RR90|A7RR90_NEMVE	Nematostella vectensis	cnidarian	881	nonchannel_class_c_gpcr	high	587.7	0.9424		1.0
tr|A7RRD5|A7RRD5_NEMVE	Nematostella vectensis	cnidarian	571	nonchannel_abc_transporter	medium	390.6	0.4271	assoc_sur	0.6295
tr|A7RRE8|A7RRE8_NEMVE	Nematostella vectensis	cnidarian	154	nonchannel_ncs	high	64.5	0.5596	assoc_kchip	0.3488
tr|A7RRH1|A7RRH1_NEMVE	Nematostella vectensis	cnidarian	807	nonchannel_abc_transporter	high	692.6	0.5959	cftr	0.3097
tr|A7RRJ7|A7RRJ7_NEMVE	Nematostella vectensis	cnidarian	268	nonchannel_ncs	high	46.3	0.5492		1.0
tr|A7RRM0|A7RRM0_NEMVE	Nematostella vectensis	cnidarian	317	nonchannel_vsp	high	197.0	0.5707		1.0
tr|A7RRR9|A7RRR9_NEMVE	Nematostella vectensis	cnidarian	1083	nonchannel_class_c_gpcr	high	597.6	0.9424	nmda	0.9319
tr|A7RSA2|A7RSA2_NEMVE	Nematostella vectensis	cnidarian	855	nonchannel_class_c_gpcr	high	584.0	0.9164		1.0
tr|A7RT78|A7RT78_NEMVE	Nematostella vectensis	cnidarian	843	nonchannel_abc_transporter	high	875.2	0.661	cftr	0.4024
tr|A7RU39|A7RU39_NEMVE	Nematostella vectensis	cnidarian	168	nonchannel_ncs	medium	41.4	0.456		1.0
tr|A7RU63|A7RU63_NEMVE	Nematostella vectensis	cnidarian	274	outofscope_aquaporin	high	246.6	0.8577		1.0
tr|A7RU64|A7RU64_NEMVE	Nematostella vectensis	cnidarian	319	outofscope_aquaporin	high	256.2	0.8826		1.0
tr|A7RUF2|A7RUF2_NEMVE	Nematostella vectensis	cnidarian	161	nonchannel_ncs	medium	67.4	0.6062	assoc_kchip	0.2849
tr|A7RUF3|A7RUF3_NEMVE	Nematostella vectensis	cnidarian	158	nonchannel_ncs	high	48.7	0.5544		1.0
tr|A7RUM0|A7RUM0_NEMVE	Nematostella vectensis	cnidarian	138	assoc_k_beta	medium	36.6	0.3202		1.0
tr|A7RV93|A7RV93_NEMVE	Nematostella vectensis	cnidarian	1118	assoc_cav_aux	medium	71.9	0.4252		1.0
tr|A7RVD2|A7RVD2_NEMVE	Nematostella vectensis	cnidarian	1254	nonchannel_abc_transporter	high	1114.4	0.9494	cftr	0.4602
tr|A7RX43|A7RX43_NEMVE	Nematostella vectensis	cnidarian	898	nonchannel_class_c_gpcr	high	543.3	0.9209	nmda	0.9256
tr|A7RX98|A7RX98_NEMVE	Nematostella vectensis	cnidarian	762	nonchannel_vsp	high	112.5	0.529		1.0
tr|A7RXK8|A7RXK8_NEMVE	Nematostella vectensis	cnidarian	642	clic	high	61.7	0.7909		1.0
tr|A7RXR3|A7RXR3_NEMVE	Nematostella vectensis	cnidarian	139	mitok	medium	123.4	0.3187		1.0
tr|A7RYB6|A7RYB6_NEMVE	Nematostella vectensis	cnidarian	405	nonchannel_abc_transporter	medium	573.6	0.3067	assoc_sur	0.3293
tr|A7RZI9|A7RZI9_NEMVE	Nematostella vectensis	cnidarian	847	nonchannel_class_c_gpcr	high	621.7	0.9288		1.0
tr|A7RZY4|A7RZY4_NEMVE	Nematostella vectensis	cnidarian	565	nonchannel_pomt	high	605.7	0.7611		1.0
tr|A7S028|A7S028_NEMVE	Nematostella vectensis	cnidarian	676	nonchannel_abc_transporter	medium	331.0	0.4018	assoc_sur	0.5864
tr|A7S0D2|A7S0D2_NEMVE	Nematostella vectensis	cnidarian	701	nonchannel_class_c_gpcr	high	475.6	0.7932	nmda	0.9289
tr|A7S0D3|A7S0D3_NEMVE	Nematostella vectensis	cnidarian	864	nonchannel_class_c_gpcr	high	712.2	0.9085	nmda	0.9357
tr|A7S0D4|A7S0D4_NEMVE	Nematostella vectensis	cnidarian	452	nonchannel_class_c_gpcr	high	272.9	0.5107		1.0
tr|A7S0J8|A7S0J8_NEMVE	Nematostella vectensis	cnidarian	807	nonchannel_class_c_gpcr	high	681.6	0.9006	nmda	0.9343
tr|A7S0J9|A7S0J9_NEMVE	Nematostella vectensis	cnidarian	236	assoc_kchip	medium	254.7	0.7251	nonchannel_ncs	0.2399
tr|A7S0L2|A7S0L2_NEMVE	Nematostella vectensis	cnidarian	849	nonchannel_class_c_gpcr	high	599.7	0.9209		1.0
tr|A7S0L3|A7S0L3_NEMVE	Nematostella vectensis	cnidarian	370	nonchannel_class_c_gpcr	medium	226.0	0.3774		1.0
tr|A7S0R6|A7S0R6_NEMVE	Nematostella vectensis	cnidarian	1730	assoc_k_beta	medium	47.9	0.4436		1.0
tr|A7S1H8|A7S1H8_NEMVE	Nematostella vectensis	cnidarian	723	nonchannel_ncs	medium	38.6	0.4922		1.0
tr|A7S1I1|A7S1I1_NEMVE	Nematostella vectensis	cnidarian	694	assoc_mcu_reg	medium	43.8	0.4865	nonchannel_ncs	0.4224
tr|A7S1X6|A7S1X6_NEMVE	Nematostella vectensis	cnidarian	850	nonchannel_class_c_gpcr	high	598.7	0.9175		1.0
tr|A7S348|A7S348_NEMVE	Nematostella vectensis	cnidarian	833	nonchannel_abc_transporter	medium	384.9	0.4294	assoc_sur	0.5991
tr|A7S379|A7S379_NEMVE	Nematostella vectensis	cnidarian	1272	nonchannel_class_c_gpcr	high	232.3	0.7379		1.0
tr|A7S4N3|A7S4N3_NEMVE	Nematostella vectensis	cnidarian	801	nonchannel_class_c_gpcr	high	781.2	0.913	kainate	0.9542
tr|A7S4U1|A7S4U1_NEMVE	Nematostella vectensis	cnidarian	1287	nonchannel_abc_transporter	high	1316.4	0.9479	cftr	0.4063
tr|A7S514|A7S514_NEMVE	Nematostella vectensis	cnidarian	248	outofscope_aquaporin	high	231.8	0.8505		1.0
tr|A7S515|A7S515_NEMVE	Nematostella vectensis	cnidarian	282	outofscope_aquaporin	high	193.0	0.9039		1.0
tr|A7S565|A7S565_NEMVE	Nematostella vectensis	cnidarian	208	outofscope_aquaporin	high	192.4	0.7758		1.0
tr|A7S5L0|A7S5L0_NEMVE	Nematostella vectensis	cnidarian	147	outofscope_aquaporin	medium	128.9	0.427		1.0
tr|A7S601|A7S601_NEMVE	Nematostella vectensis	cnidarian	449	nonchannel_class_c_gpcr	medium	299.0	0.4136		1.0
tr|A7S690|A7S690_NEMVE	Nematostella vectensis	cnidarian	162	nonchannel_ncs	high	42.4	0.5751		1.0
tr|A7S693|A7S693_NEMVE	Nematostella vectensis	cnidarian	1259	nonchannel_abc_transporter	high	1183.5	0.9586	cftr	0.3587
tr|A7S6K8|A7S6K8_NEMVE	Nematostella vectensis	cnidarian	591	hv1	medium	41.2	0.4		1.0
tr|A7S6R9|A7S6R9_NEMVE	Nematostella vectensis	cnidarian	1493	nonchannel_class_c_gpcr	high	193.7	0.7672		1.0
tr|A7S7U9|A7S7U9_NEMVE	Nematostella vectensis	cnidarian	193	nonchannel_ncs	medium	45.0	0.8964	assoc_kchip	0.1533
tr|A7S8M9|A7S8M9_NEMVE	Nematostella vectensis	cnidarian	202	nonchannel_ncs	high	218.3	0.9845	assoc_kchip	0.3413
tr|A7S8P2|A7S8P2_NEMVE	Nematostella vectensis	cnidarian	1526	nonchannel_ncs	medium	68.7	0.6425	assoc_kchip	0.1266
tr|A7S9A9|A7S9A9_NEMVE	Nematostella vectensis	cnidarian	395	nonchannel_kctd	high	87.7	0.8328		1.0
tr|A7S9T9|A7S9T9_NEMVE	Nematostella vectensis	cnidarian	602	nonchannel_abc_transporter	medium	81.8	0.3972	cftr	0.5147
tr|A7SAY5|A7SAY5_NEMVE	Nematostella vectensis	cnidarian	698	nonchannel_abc_transporter	medium	397.0	0.444	assoc_sur	0.569
tr|A7SB40|A7SB40_NEMVE	Nematostella vectensis	cnidarian	655	trpa	medium	83.9	0.3226	trpn	0.4029
tr|A7SBB5|A7SBB5_NEMVE	Nematostella vectensis	cnidarian	276	trpp	medium	161.1	0.311	assoc_polycystin1	0.473
tr|A7SBD0|A7SBD0_NEMVE	Nematostella vectensis	cnidarian	1015	nonchannel_class_c_gpcr	high	369.2	0.7062	nmda	0.912
tr|A7SC18|A7SC18_NEMVE	Nematostella vectensis	cnidarian	560	nonchannel_class_c_gpcr	high	177.0	0.6226		1.0
tr|A7SC76|A7SC76_NEMVE	Nematostella vectensis	cnidarian	216	clic	high	69.1	0.7875		1.0
tr|A7SC94|A7SC94_NEMVE	Nematostella vectensis	cnidarian	1236	nonchannel_abc_transporter	high	885.1	0.9563	cftr	0.3521
tr|A7SCT6|A7SCT6_NEMVE	Nematostella vectensis	cnidarian	113	nonchannel_ncs	high	39.6	0.5648		1.0
tr|A7SD34|A7SD34_NEMVE	Nematostella vectensis	cnidarian	1248	nonchannel_abc_transporter	high	1029.7	0.9479	cftr	0.356
tr|A7SD35|A7SD35_NEMVE	Nematostella vectensis	cnidarian	1282	nonchannel_abc_transporter	high	1300.9	0.9486	cftr	0.3893
tr|A7SD73|A7SD73_NEMVE	Nematostella vectensis	cnidarian	805	nonchannel_class_c_gpcr	high	565.2	0.904		1.0
tr|A7SD79|A7SD79_NEMVE	Nematostella vectensis	cnidarian	746	nonchannel_class_c_gpcr	high	219.8	0.5842		1.0
tr|A7SDA2|A7SDA2_NEMVE	Nematostella vectensis	cnidarian	615	nonchannel_class_c_gpcr	high	256.5	0.7164		1.0
tr|A7SDG9|A7SDG9_NEMVE	Nematostella vectensis	cnidarian	1022	nonchannel_class_c_gpcr	high	511.0	0.9424	iglur_nonvertebrate	0.9528
tr|A7SE58|A7SE58_NEMVE	Nematostella vectensis	cnidarian	331	assoc_mcu_reg	high	242.6	0.6419		1.0
tr|A7SEC3|A7SEC3_NEMVE	Nematostella vectensis	cnidarian	199	nonchannel_ncs	high	227.3	0.9637	assoc_kchip	0.3154
tr|A7SEN5|A7SEN5_NEMVE	Nematostella vectensis	cnidarian	1281	nonchannel_abc_transporter	high	1170.9	0.9624	cftr	0.3844
tr|A7SFS4|A7SFS4_NEMVE	Nematostella vectensis	cnidarian	1237	nonchannel_abc_transporter	high	1099.8	0.9072	cftr	0.4402
tr|A7SFS6|A7SFS6_NEMVE	Nematostella vectensis	cnidarian	1237	nonchannel_abc_transporter	high	1105.5	0.9594	cftr	0.4392
tr|A7SGY8|A7SGY8_NEMVE	Nematostella vectensis	cnidarian	1230	nonchannel_abc_transporter	high	1136.4	0.9571	cftr	0.3431
tr|A7SHW4|A7SHW4_NEMVE	Nematostella vectensis	cnidarian	182	nonchannel_ncs	high	30.7	0.9223		1.0
tr|A7SII0|A7SII0_NEMVE	Nematostella vectensis	cnidarian	1222	nonchannel_abc_transporter	high	1514.4	0.908	assoc_sur	0.4343
tr|A7SKN0|A7SKN0_NEMVE	Nematostella vectensis	cnidarian	294	outofscope_aquaporin	high	36.3	0.6584		1.0
tr|A7SLJ8|A7SLJ8_NEMVE	Nematostella vectensis	cnidarian	276	assoc_k_beta	medium	91.4	0.4121	lrrc8	0.3742
tr|A7SM18|A7SM18_NEMVE	Nematostella vectensis	cnidarian	753	nonchannel_abc_transporter	high	812.3	0.5544	assoc_sur	0.3654
tr|A7SM20|A7SM20_NEMVE	Nematostella vectensis	cnidarian	495	nonchannel_abc_transporter	medium	421.1	0.3834	cftr	0.3025
tr|A7SM25|A7SM25_NEMVE	Nematostella vectensis	cnidarian	797	nonchannel_class_c_gpcr	high	813.8	0.9006		1.0
tr|A7SMA2|A7SMA2_NEMVE	Nematostella vectensis	cnidarian	457	nonchannel_class_c_gpcr	medium	165.0	0.4531		1.0
tr|A7SMJ8|A7SMJ8_NEMVE	Nematostella vectensis	cnidarian	1041	nonchannel_abc_transporter	high	1142.7	0.763	assoc_sur	0.4454
tr|A7SND4|A7SND4_NEMVE	Nematostella vectensis	cnidarian	966	nonchannel_abc_transporter	high	892.8	0.7669	cftr	0.417
tr|A7SPM7|A7SPM7_NEMVE	Nematostella vectensis	cnidarian	219	nonchannel_ncs	medium	87.3	0.9016	assoc_kchip	0.1512
tr|A7SQS0|A7SQS0_NEMVE	Nematostella vectensis	cnidarian	332	assoc_cav_aux	medium	201.5	0.4348		1.0
tr|A7SRM1|A7SRM1_NEMVE	Nematostella vectensis	cnidarian	1143	nonchannel_class_c_gpcr	medium	140.7	0.3469	nmda	0.6503
tr|A7SRM9|A7SRM9_NEMVE	Nematostella vectensis	cnidarian	933	nonchannel_abc_transporter	medium	713.0	0.4946	assoc_sur	0.5534
tr|A7SRU7|A7SRU7_NEMVE	Nematostella vectensis	cnidarian	153	nonchannel_ncs	high	57.7	0.5596		1.0
tr|A7SRY4|A7SRY4_NEMVE	Nematostella vectensis	cnidarian	1082	nonchannel_class_c_gpcr	high	534.1	0.9186		1.0
tr|A7SRZ3|A7SRZ3_NEMVE	Nematostella vectensis	cnidarian	613	nonchannel_abc_transporter	medium	343.0	0.3949	assoc_sur	0.6257
tr|A7SS07|A7SS07_NEMVE	Nematostella vectensis	cnidarian	470	nonchannel_class_c_gpcr	high	367.6	0.5186	nmda	0.8942
tr|A7SSK8|A7SSK8_NEMVE	Nematostella vectensis	cnidarian	1191	nonchannel_abc_transporter	high	998.4	0.9279	cftr	0.4203
tr|A7STK4|A7STK4_NEMVE	Nematostella vectensis	cnidarian	209	nonchannel_ncs	medium	38.7	0.6684	assoc_kchip	0.1783
tr|A7STK5|A7STK5_NEMVE	Nematostella vectensis	cnidarian	192	nonchannel_ncs	medium	33.2	0.456		1.0
tr|A7STQ6|A7STQ6_NEMVE	Nematostella vectensis	cnidarian	338	nonchannel_vsp	high	244.2	0.5344		1.0
tr|A7SU26|A7SU26_NEMVE	Nematostella vectensis	cnidarian	403	plgic_prok	medium	48.8	0.7089	nachr	0.1086
tr|A7SU70|A7SU70_NEMVE	Nematostella vectensis	cnidarian	198	nonchannel_ncs	medium	264.8	0.9689	assoc_kchip	0.2659
tr|A7SW87|A7SW87_NEMVE	Nematostella vectensis	cnidarian	564	nonchannel_ncs	medium	41.7	0.5181	assoc_kchip	0.1007
tr|A7SWL2|A7SWL2_NEMVE	Nematostella vectensis	cnidarian	252	clic	high	99.2	0.8084		1.0
tr|A7SWZ2|A7SWZ2_NEMVE	Nematostella vectensis	cnidarian	870	nonchannel_class_c_gpcr	high	814.7	0.9401	nmda	0.9471
tr|A7SXA1|A7SXA1_NEMVE	Nematostella vectensis	cnidarian	841	assoc_k_beta	medium	55.2	0.3832	lrrc8	0.2029
tr|A7SXB5|A7SXB5_NEMVE	Nematostella vectensis	cnidarian	1332	nonchannel_abc_transporter	high	1398.6	0.9463	assoc_sur	0.4644
tr|A7SXI0|A7SXI0_NEMVE	Nematostella vectensis	cnidarian	281	nonchannel_ncs	high	90.2	0.6166		1.0
tr|A7SZG0|A7SZG0_NEMVE	Nematostella vectensis	cnidarian	233	tmc	medium	247.1	0.3138		1.0
tr|A7SZM7|A7SZM7_NEMVE	Nematostella vectensis	cnidarian	524	plgic_prok	medium	37.9	0.4798	ht3	0.3483
tr|A7SZW5|A7SZW5_NEMVE	Nematostella vectensis	cnidarian	776	nonchannel_pomt	high	736.5	0.9261		1.0
tr|A7SZY3|A7SZY3_NEMVE	Nematostella vectensis	cnidarian	1201	nonchannel_abc_transporter	high	1000.8	0.9509	cftr	0.428
tr|A7SZY4|A7SZY4_NEMVE	Nematostella vectensis	cnidarian	457	nonchannel_abc_transporter	medium	471.9	0.3535	assoc_sur	0.3715
tr|A7SZY5|A7SZY5_NEMVE	Nematostella vectensis	cnidarian	1216	nonchannel_abc_transporter	high	1029.6	0.954	cftr	0.4523
tr|A7T029|A7T029_NEMVE	Nematostella vectensis	cnidarian	1064	nonchannel_abc_transporter	high	884.2	0.8282	assoc_sur	0.4729
tr|A7T043|A7T043_NEMVE	Nematostella vectensis	cnidarian	172	nonchannel_ncs	medium	55.1	0.3264		1.0
tr|A7T044|A7T044_NEMVE	Nematostella vectensis	cnidarian	133	nonchannel_ncs	medium	47.3	0.4041		1.0
tr|A7T0G8|A7T0G8_NEMVE	Nematostella vectensis	cnidarian	245	outofscope_aquaporin	high	178.2	0.8399		1.0
tr|A7T146|A7T146_NEMVE	Nematostella vectensis	cnidarian	472	nonchannel_gasdermin	high	96.5	0.6123		1.0
tr|A7T1N1|A7T1N1_NEMVE	Nematostella vectensis	cnidarian	289	assoc_k_beta	medium	34.6	0.3963		1.0
tr|A7T239|A7T239_NEMVE	Nematostella vectensis	cnidarian	592	nonchannel_abc_transporter	medium	67.2	0.3175	cftr	0.1324
tr|A7T581|A7T581_NEMVE	Nematostella vectensis	cnidarian	104	outofscope_aquaporin	medium	116.0	0.3665		1.0
tr|A7T6P4|A7T6P4_NEMVE	Nematostella vectensis	cnidarian	221	outofscope_aquaporin	high	156.3	0.8043		1.0
tr|A7T6W7|A7T6W7_NEMVE	Nematostella vectensis	cnidarian	371	nonchannel_class_c_gpcr	medium	153.5	0.3164		1.0
tr|A7T798|A7T798_NEMVE	Nematostella vectensis	cnidarian	157	nonchannel_ncs	medium	51.8	0.3679		1.0
tr|A7T9H1|A7T9H1_NEMVE	Nematostella vectensis	cnidarian	545	trpa	medium	173.3	0.4674	trpn	0.7103
tr|A7T9K2|A7T9K2_NEMVE	Nematostella vectensis	cnidarian	128	nonchannel_ncs	high	162.0	0.5492	assoc_kchip	0.529
tr|A7T9R6|A7T9R6_NEMVE	Nematostella vectensis	cnidarian	191	assoc_k_beta	medium	50.2	0.3832	lrrc8	0.3028
tr|A7TAM3|A7TAM3_NEMVE	Nematostella vectensis	cnidarian	143	nonchannel_ncs	medium	44.1	0.3057		1.0
tr|A7TBV1|A7TBV1_NEMVE	Nematostella vectensis	cnidarian	171	nonchannel_ncs	medium	82.4	0.6373	assoc_kchip	0.2682
tr|A7TCR5|A7TCR5_NEMVE	Nematostella vectensis	cnidarian	243	assoc_nav_beta	high	39.6	0.5223		1.0
tr|A7X9K6|A7X9K6_PHYPA	Physcomitrium patens	plant	549	nonchannel_ncs	high	42.9	0.5699		1.0
tr|A7X9M2|A7X9M2_PHYPA	Physcomitrium patens	plant	545	nonchannel_ncs	high	50.4	0.6114		1.0
tr|A7X9N2|A7X9N2_PHYPA	Physcomitrium patens	plant	628	nonchannel_ncs	high	48.3	0.5699		1.0
tr|A8DVR3|A8DVR3_NEMVE	Nematostella vectensis	cnidarian	195	nonchannel_ncs	medium	195.8	0.886	assoc_kchip	0.2819
tr|A8DWJ8|A8DWJ8_DROME	Drosophila melanogaster	invertebrate	1340	nonchannel_ncs	high	64.6	0.7565	assoc_kchip	0.4783
tr|A8DY43|A8DY43_DROME	Drosophila melanogaster	invertebrate	1420	nonchannel_class_c_gpcr	medium	110.7	0.3469		1.0
tr|A8DZ86|A8DZ86_DANRE	Danio rerio	vertebrate	688	assoc_k_beta	medium	87.5	0.4121	lrrc8	0.3383
tr|A8E7K1|A8E7K1_DANRE	Danio rerio	vertebrate	929	nonchannel_class_c_gpcr	high	704.1	0.939		1.0
tr|A8ERN9|A8ERN9_ALIB4	Aliarcobacter butzleri	prokaryote	593	nonchannel_abc_transporter	medium	315.6	0.4248	assoc_sur	0.5998
tr|A8ERP0|A8ERP0_ALIB4	Aliarcobacter butzleri	prokaryote	597	nonchannel_abc_transporter	medium	323.8	0.4225	assoc_sur	0.5942
tr|A8ES20|A8ES20_ALIB4	Aliarcobacter butzleri	prokaryote	545	nonchannel_abc_transporter	medium	266.3	0.4141	assoc_sur	0.7525
tr|A8ESL6|A8ESL6_ALIB4	Aliarcobacter butzleri	prokaryote	566	nonchannel_abc_transporter	medium	239.7	0.4156	cftr	0.5628
tr|A8ET63|A8ET63_ALIB4	Aliarcobacter butzleri	prokaryote	569	nonchannel_abc_transporter	medium	382.7	0.4356	assoc_sur	0.6384
tr|A8ETQ0|A8ETQ0_ALIB4	Aliarcobacter butzleri	prokaryote	532	nonchannel_abc_transporter	medium	76.7	0.523	cftr	0.2086
tr|A8ETU2|A8ETU2_ALIB4	Aliarcobacter butzleri	prokaryote	589	nonchannel_abc_transporter	medium	312.1	0.4233	assoc_sur	0.4829
tr|A8ETV6|A8ETV6_ALIB4	Aliarcobacter butzleri	prokaryote	720	nonchannel_abc_transporter	medium	313.0	0.4271	cftr	0.6665
tr|A8EU12|A8EU12_ALIB4	Aliarcobacter butzleri	prokaryote	524	transporter_slc26	high	151.6	0.6657		1.0
tr|A8EUB9|A8EUB9_ALIB4	Aliarcobacter butzleri	prokaryote	498	transporter_slc26	medium	106.3	0.4813		1.0
tr|A8EVQ9|A8EVQ9_ALIB4	Aliarcobacter butzleri	prokaryote	375	kcsa_prok	high	33.1	0.8482		1.0
tr|A8EWW7|A8EWW7_ALIB4	Aliarcobacter butzleri	prokaryote	541	transporter_slc26	high	172.1	0.7309		1.0
tr|A8I0K9|A8I0K9_CHLRE	Chlamydomonas reinhardtii	algae	226	clic	high	58.5	0.7456		1.0
tr|A8IDP6|A8IDP6_CHLRE	Chlamydomonas reinhardtii	algae	163	nonchannel_ncs	high	61.0	0.5751		1.0
tr|A8IPQ9|A8IPQ9_CHLRE	Chlamydomonas reinhardtii	algae	613	nonchannel_ncs	medium	51.9	0.456		1.0
tr|A8J5D7|A8J5D7_CHLRE	Chlamydomonas reinhardtii	algae	198	nonchannel_ncs	medium	46.7	0.3731		1.0
tr|A8JC40|A8JC40_CHLRE	Chlamydomonas reinhardtii	algae	169	nonchannel_ncs	high	44.3	0.5751		1.0
tr|A8JGI1|A8JGI1_CHLRE	Chlamydomonas reinhardtii	algae	451	assoc_mcu_reg	high	150.6	0.9167	nonchannel_ncs	0.6952
tr|A9C3T3|A9C3T3_DANRE	Danio rerio	vertebrate	747	transporter_slc26	high	873.8	0.9736		1.0
tr|A9RCS6|A9RCS6_PHYPA	Physcomitrium patens	plant	525	nonchannel_ncs	high	34.5	0.5803		1.0
tr|A9RCU5|A9RCU5_PHYPA	Physcomitrium patens	plant	523	nonchannel_ncs	medium	38.6	0.5492	assoc_kchip	0.2358
tr|A9RDU1|A9RDU1_PHYPA	Physcomitrium patens	plant	277	outofscope_aquaporin	high	98.2	0.7616		1.0
tr|A9RIY8|A9RIY8_PHYPA	Physcomitrium patens	plant	647	transporter_slc26	high	407.9	0.8322		1.0
tr|A9RMS1|A9RMS1_PHYPA	Physcomitrium patens	plant	535	tweety	high	30.8	0.5581		1.0
tr|A9RNC0|A9RNC0_PHYPA	Physcomitrium patens	plant	149	nonchannel_ncs	high	55.4	0.5596		1.0
tr|A9RRS9|A9RRS9_PHYPA	Physcomitrium patens	plant	321	assoc_k_beta	high	63.3	0.7927		1.0
tr|A9S010|A9S010_PHYPA	Physcomitrium patens	plant	1301	nonchannel_abc_transporter	medium	671.1	0.4555	assoc_sur	0.5962
tr|A9S223|A9S223_PHYPA	Physcomitrium patens	plant	101	outofscope_aquaporin	medium	34.9	0.306		1.0
tr|A9S391|A9S391_PHYPA	Physcomitrium patens	plant	648	transporter_slc26	high	415.2	0.8308		1.0
tr|A9S9L5|A9S9L5_PHYPA	Physcomitrium patens	plant	149	nonchannel_ncs	high	57.1	0.5751		1.0
tr|A9SHH7|A9SHH7_PHYPA	Physcomitrium patens	plant	149	nonchannel_ncs	high	57.8	0.5648		1.0
tr|A9SIQ5|A9SIQ5_PHYPA	Physcomitrium patens	plant	323	assoc_k_beta	high	66.1	0.8058		1.0
tr|A9SIW9|A9SIW9_PHYPA	Physcomitrium patens	plant	589	nonchannel_ncs	medium	46.8	0.4663		1.0
tr|A9SN80|A9SN80_PHYPA	Physcomitrium patens	plant	524	nonchannel_ncs	medium	34.4	0.5699	assoc_kchip	0.125
tr|A9SPQ2|A9SPQ2_PHYPA	Physcomitrium patens	plant	251	outofscope_aquaporin	high	193.6	0.8185		1.0
tr|A9SPX3|A9SPX3_PHYPA	Physcomitrium patens	plant	289	outofscope_aquaporin	high	172.8	0.8221		1.0
tr|A9SRJ6|A9SRJ6_PHYPA	Physcomitrium patens	plant	567	nonchannel_ncs	high	35.2	0.5699		1.0
tr|A9SU06|A9SU06_PHYPA	Physcomitrium patens	plant	280	outofscope_aquaporin	high	200.2	0.8434		1.0
tr|A9T5H9|A9T5H9_PHYPA	Physcomitrium patens	plant	190	nonchannel_ncs	high	33.4	0.5492		1.0
tr|A9T8N7|A9T8N7_PHYPA	Physcomitrium patens	plant	251	outofscope_aquaporin	high	198.2	0.8399		1.0
tr|A9TJ05|A9TJ05_PHYPA	Physcomitrium patens	plant	219	clic	high	78.2	0.7944		1.0
tr|A9TJ87|A9TJ87_PHYPA	Physcomitrium patens	plant	179	nonchannel_ncs	high	32.8	0.5337		1.0
tr|A9TKP2|A9TKP2_PHYPA	Physcomitrium patens	plant	1284	nonchannel_abc_transporter	medium	688.8	0.4463	assoc_sur	0.5701
tr|A9TSE1|A9TSE1_PHYPA	Physcomitrium patens	plant	286	outofscope_aquaporin	high	179.9	0.8221		1.0
tr|A9TVR7|A9TVR7_PHYPA	Physcomitrium patens	plant	1282	nonchannel_abc_transporter	medium	647.5	0.4241	assoc_sur	0.612
tr|A9TXV1|A9TXV1_PHYPA	Physcomitrium patens	plant	527	nonchannel_ncs	high	47.8	0.5803	assoc_kchip	0.3577
tr|A9TXV3|A9TXV3_PHYPA	Physcomitrium patens	plant	528	nonchannel_ncs	high	47.8	0.5803	assoc_kchip	0.3577
tr|A9TY96|A9TY96_PHYPA	Physcomitrium patens	plant	549	nonchannel_ncs	medium	45.8	0.487		1.0
tr|A9U2A9|A9U2A9_PHYPA	Physcomitrium patens	plant	505	nonchannel_ncs	high	62.0	0.7254	assoc_kchip	0.5177
tr|A9U3Q2|A9U3Q2_PHYPA	Physcomitrium patens	plant	279	outofscope_aquaporin	high	99.0	0.8541		1.0
tr|A9UNK2|A9UNK2_MONBE	Monosiga brevicollis	holozoa	213	outofscope_aquaporin	high	159.7	0.7936		1.0
tr|A9UNK7|A9UNK7_MONBE	Monosiga brevicollis	holozoa	184	nonchannel_ncs	medium	39.6	0.9223	assoc_kchip	0.101
tr|A9UPC4|A9UPC4_MONBE	Monosiga brevicollis	holozoa	297	nonchannel_kctd	medium	80.7	0.4574	kv_shaker	0.4771
tr|A9UPH3|A9UPH3_MONBE	Monosiga brevicollis	holozoa	1124	tmc	medium	107.4	0.3724		1.0
tr|A9UPN1|A9UPN1_MONBE	Monosiga brevicollis	holozoa	1011	nonchannel_ncs	medium	35.9	0.6373	assoc_kchip	0.1337
tr|A9UQ01|A9UQ01_MONBE	Monosiga brevicollis	holozoa	786	trpml	medium	92.5	0.3152		1.0
tr|A9UQK6|A9UQK6_MONBE	Monosiga brevicollis	holozoa	202	nonchannel_ncs	high	42.6	0.5648		1.0
tr|A9URN4|A9URN4_MONBE	Monosiga brevicollis	holozoa	146	nonchannel_ncs	medium	33.3	0.3212		1.0
tr|A9US88|A9US88_MONBE	Monosiga brevicollis	holozoa	1143	nonchannel_abc_transporter	medium	620.5	0.4041	assoc_sur	0.6456
tr|A9US90|A9US90_MONBE	Monosiga brevicollis	holozoa	166	nonchannel_ncs	high	44.1	0.5751		1.0
tr|A9UV05|A9UV05_MONBE	Monosiga brevicollis	holozoa	669	nonchannel_pomt	high	403.4	0.8288		1.0
tr|A9UV08|A9UV08_MONBE	Monosiga brevicollis	holozoa	879	tmc	high	212.5	0.8227		1.0
tr|A9UV70|A9UV70_MONBE	Monosiga brevicollis	holozoa	195	nonchannel_ncs	high	40.6	0.9637		1.0
tr|A9UV88|A9UV88_MONBE	Monosiga brevicollis	holozoa	1265	nonchannel_abc_transporter	high	1103.4	0.8566	assoc_sur	0.4699
tr|A9UWP0|A9UWP0_MONBE	Monosiga brevicollis	holozoa	1291	nonchannel_abc_transporter	high	1337.3	0.9448	assoc_sur	0.4955
tr|A9UX43|A9UX43_MONBE	Monosiga brevicollis	holozoa	1269	nonchannel_abc_transporter	high	1506.0	0.9256	assoc_sur	0.453
tr|A9UX96|A9UX96_MONBE	Monosiga brevicollis	holozoa	202	nonchannel_ncs	medium	242.2	0.9845	assoc_kchip	0.2481
tr|A9UY17|A9UY17_MONBE	Monosiga brevicollis	holozoa	622	nonchannel_abc_transporter	medium	315.8	0.4287	assoc_sur	0.5811
tr|A9UY37|A9UY37_MONBE	Monosiga brevicollis	holozoa	828	nonchannel_class_c_gpcr	medium	86.6	0.3345		1.0
tr|A9UYB9|A9UYB9_MONBE	Monosiga brevicollis	holozoa	1593	nonchannel_abc_transporter	high	1258.2	0.9686	assoc_sur	0.5062
tr|A9UZF1|A9UZF1_MONBE	Monosiga brevicollis	holozoa	2039	assoc_k_beta	medium	264.3	0.3333	lrrc8	0.132
tr|A9V046|A9V046_MONBE	Monosiga brevicollis	holozoa	556	transporter_slc26	high	363.9	0.6449		1.0
tr|A9V0P9|A9V0P9_MONBE	Monosiga brevicollis	holozoa	553	assoc_mcu_reg	high	235.3	0.7095		1.0
tr|A9V1N7|A9V1N7_MONBE	Monosiga brevicollis	holozoa	148	nonchannel_ncs	medium	35.1	0.456		1.0
tr|A9V4V1|A9V4V1_MONBE	Monosiga brevicollis	holozoa	242	assoc_kchip	medium	42.5	0.3227		1.0
tr|A9V615|A9V615_MONBE	Monosiga brevicollis	holozoa	935	nonchannel_abc_transporter	high	706.3	0.6219	cftr	0.6221
tr|A9V7A8|A9V7A8_MONBE	Monosiga brevicollis	holozoa	780	nonchannel_vsp	high	223.1	0.5924		1.0
tr|A9V7D4|A9V7D4_MONBE	Monosiga brevicollis	holozoa	1627	nonchannel_ncs	medium	30.7	0.4767		1.0
tr|A9V8J8|A9V8J8_MONBE	Monosiga brevicollis	holozoa	149	nonchannel_ncs	high	59.9	0.5699		1.0
tr|A9V8Q5|A9V8Q5_MONBE	Monosiga brevicollis	holozoa	422	nonchannel_vsp	high	255.0	0.5906		1.0
tr|A9V948|A9V948_MONBE	Monosiga brevicollis	holozoa	1282	nonchannel_abc_transporter	high	981.2	0.9118	cftr	0.4584
tr|A9V9C2|A9V9C2_MONBE	Monosiga brevicollis	holozoa	524	nonchannel_ncs	high	85.3	0.8912	assoc_kchip	0.3857
tr|A9V9D2|A9V9D2_MONBE	Monosiga brevicollis	holozoa	446	nonchannel_abc_transporter	medium	271.9	0.3244	assoc_sur	0.5605
tr|A9V9V2|A9V9V2_MONBE	Monosiga brevicollis	holozoa	740	transporter_slc26	high	98.8	0.5839		1.0
tr|A9VB02|A9VB02_MONBE	Monosiga brevicollis	holozoa	513	nonchannel_pomt	high	340.7	0.5948		1.0
tr|A9VB92|A9VB92_MONBE	Monosiga brevicollis	holozoa	325	clic	high	59.3	0.6829		1.0
tr|A9VBU6|A9VBU6_MONBE	Monosiga brevicollis	holozoa	1128	nonchannel_abc_transporter	high	1113.8	0.8413	cftr	0.3793
tr|A9VCA9|A9VCA9_MONBE	Monosiga brevicollis	holozoa	292	outofscope_aquaporin	high	207.0	0.8719		1.0
tr|A9VCE9|A9VCE9_MONBE	Monosiga brevicollis	holozoa	599	nonchannel_abc_transporter	medium	373.5	0.4256	assoc_sur	0.6129
tr|A9VCV1|A9VCV1_MONBE	Monosiga brevicollis	holozoa	3678	trpn	medium	78.4	0.3002		1.0
tr|A9VD03|A9VD03_MONBE	Monosiga brevicollis	holozoa	843	nonchannel_vsp	medium	150.3	0.4982		1.0
tr|A9VDZ4|A9VDZ4_MONBE	Monosiga brevicollis	holozoa	856	transporter_slc26	high	81.6	0.5825	trpn	0.6213
tr|A9VE11|A9VE11_MONBE	Monosiga brevicollis	holozoa	376	nonchannel_ncs	medium	46.5	0.6477	assoc_kchip	0.1462
tr|B0G157|B0G157_DICDI	Dictyostelium discoideum	amoebozoa	1221	transporter_slc26	high	408.8	0.8294		1.0
tr|B0S5B5|B0S5B5_DANRE	Danio rerio	vertebrate	692	assoc_k_beta	medium	94.9	0.4042		1.0
tr|B0V0E6|B0V0E6_DANRE	Danio rerio	vertebrate	184	assoc_nav_beta	medium	34.4	0.4196		1.0
tr|B1H232|B1H232_RAT	Rattus norvegicus	vertebrate	428	assoc_k_beta	medium	49.6	0.6089	lrrc8	0.1593
tr|B2RZ54|B2RZ54_RAT	Rattus norvegicus	vertebrate	209	assoc_nav_beta	high	30.0	0.5446		1.0
tr|B3RHY7|B3RHY7_TRIAD	Trichoplax adhaerens	basal_metazoan	973	assoc_clc_aux	high	398.9	0.9252		1.0
tr|B3RIC1|B3RIC1_TRIAD	Trichoplax adhaerens	basal_metazoan	796	assoc_k_beta	medium	31.3	0.3465		1.0
tr|B3RIH8|B3RIH8_TRIAD	Trichoplax adhaerens	basal_metazoan	651	nonchannel_class_c_gpcr	high	289.6	0.7164		1.0
tr|B3RIH9|B3RIH9_TRIAD	Trichoplax adhaerens	basal_metazoan	769	nonchannel_class_c_gpcr	high	187.5	0.7277	nmda	0.8699
tr|B3RII0|B3RII0_TRIAD	Trichoplax adhaerens	basal_metazoan	820	nonchannel_class_c_gpcr	high	271.0	0.7164	nmda	0.9015
tr|B3RII5|B3RII5_TRIAD	Trichoplax adhaerens	basal_metazoan	657	nonchannel_class_c_gpcr	high	234.2	0.6215	kainate	0.8126
tr|B3RII8|B3RII8_TRIAD	Trichoplax adhaerens	basal_metazoan	796	nonchannel_class_c_gpcr	high	232.0	0.7514	nmda	0.8703
tr|B3RIT4|B3RIT4_TRIAD	Trichoplax adhaerens	basal_metazoan	1036	nonchannel_class_c_gpcr	high	239.1	0.6079		1.0
tr|B3RJ48|B3RJ48_TRIAD	Trichoplax adhaerens	basal_metazoan	466	nonchannel_ncs	high	55.8	0.6632	assoc_kchip	0.3387
tr|B3RJ55|B3RJ55_TRIAD	Trichoplax adhaerens	basal_metazoan	964	nonchannel_class_c_gpcr	high	167.9	0.5469		1.0
tr|B3RJ56|B3RJ56_TRIAD	Trichoplax adhaerens	basal_metazoan	712	nonchannel_class_c_gpcr	high	260.6	0.7311	nmda	0.9075
tr|B3RJ57|B3RJ57_TRIAD	Trichoplax adhaerens	basal_metazoan	599	nonchannel_class_c_gpcr	medium	181.7	0.4169	nmda	0.8547
tr|B3RJ58|B3RJ58_TRIAD	Trichoplax adhaerens	basal_metazoan	772	nonchannel_class_c_gpcr	high	167.1	0.7017		1.0
tr|B3RJ59|B3RJ59_TRIAD	Trichoplax adhaerens	basal_metazoan	430	nonchannel_class_c_gpcr	medium	169.6	0.4927	nmda	0.8042
tr|B3RJ61|B3RJ61_TRIAD	Trichoplax adhaerens	basal_metazoan	817	nonchannel_class_c_gpcr	high	318.2	0.8045		1.0
tr|B3RJK3|B3RJK3_TRIAD	Trichoplax adhaerens	basal_metazoan	160	nonchannel_ncs	medium	79.1	0.5907	assoc_kchip	0.2946
tr|B3RJX8|B3RJX8_TRIAD	Trichoplax adhaerens	basal_metazoan	149	nonchannel_ncs	high	58.0	0.5699		1.0
tr|B3RKB8|B3RKB8_TRIAD	Trichoplax adhaerens	basal_metazoan	175	assoc_k_beta	medium	49.9	0.3438	lrrc8	0.1102
tr|B3RKR3|B3RKR3_TRIAD	Trichoplax adhaerens	basal_metazoan	711	nonchannel_class_c_gpcr	high	270.6	0.7797		1.0
tr|B3RKU8|B3RKU8_TRIAD	Trichoplax adhaerens	basal_metazoan	807	nonchannel_class_c_gpcr	high	258.9	0.6599		1.0
tr|B3RKU9|B3RKU9_TRIAD	Trichoplax adhaerens	basal_metazoan	718	nonchannel_class_c_gpcr	high	151.9	0.5322		1.0
tr|B3RKV0|B3RKV0_TRIAD	Trichoplax adhaerens	basal_metazoan	820	nonchannel_class_c_gpcr	high	238.5	0.7458		1.0
tr|B3RKX8|B3RKX8_TRIAD	Trichoplax adhaerens	basal_metazoan	268	outofscope_aquaporin	high	229.5	0.8185		1.0
tr|B3RLC0|B3RLC0_TRIAD	Trichoplax adhaerens	basal_metazoan	499	nonchannel_class_c_gpcr	medium	148.4	0.496		1.0
tr|B3RLD7|B3RLD7_TRIAD	Trichoplax adhaerens	basal_metazoan	668	nonchannel_abc_transporter	medium	359.9	0.3888	assoc_sur	0.5577
tr|B3RLS7|B3RLS7_TRIAD	Trichoplax adhaerens	basal_metazoan	1422	nonchannel_abc_transporter	high	1289.5	0.9509	cftr	0.3607
tr|B3RLX4|B3RLX4_TRIAD	Trichoplax adhaerens	basal_metazoan	1271	nonchannel_abc_transporter	high	1182.3	0.9525	assoc_sur	0.5329
tr|B3RLZ7|B3RLZ7_TRIAD	Trichoplax adhaerens	basal_metazoan	1269	nonchannel_abc_transporter	high	1242.8	0.8911	assoc_sur	0.4689
tr|B3RM35|B3RM35_TRIAD	Trichoplax adhaerens	basal_metazoan	452	nonchannel_class_c_gpcr	medium	393.7	0.4825		1.0
tr|B3RM36|B3RM36_TRIAD	Trichoplax adhaerens	basal_metazoan	335	nonchannel_class_c_gpcr	medium	219.2	0.3831		1.0
tr|B3RM86|B3RM86_TRIAD	Trichoplax adhaerens	basal_metazoan	835	nonchannel_abc_transporter	medium	368.3	0.4509	assoc_sur	0.5737
tr|B3RMC8|B3RMC8_TRIAD	Trichoplax adhaerens	basal_metazoan	334	assoc_k_beta	medium	80.9	0.4436	lrrc8	0.1187
tr|B3RME5|B3RME5_TRIAD	Trichoplax adhaerens	basal_metazoan	425	trpa	medium	62.4	0.3396		1.0
tr|B3RMK3|B3RMK3_TRIAD	Trichoplax adhaerens	basal_metazoan	650	assoc_k_beta	medium	104.8	0.3255		1.0
tr|B3RMM6|B3RMM6_TRIAD	Trichoplax adhaerens	basal_metazoan	250	nonchannel_gasdermin	medium	57.0	0.4682		1.0
tr|B3RMZ8|B3RMZ8_TRIAD	Trichoplax adhaerens	basal_metazoan	835	nonchannel_class_c_gpcr	high	409.0	0.835		1.0
tr|B3RNF4|B3RNF4_TRIAD	Trichoplax adhaerens	basal_metazoan	190	nonchannel_ncs	medium	288.8	0.9637	assoc_kchip	0.2961
tr|B3RNF5|B3RNF5_TRIAD	Trichoplax adhaerens	basal_metazoan	198	nonchannel_ncs	medium	250.6	0.9793	assoc_kchip	0.2191
tr|B3RNY9|B3RNY9_TRIAD	Trichoplax adhaerens	basal_metazoan	533	nonchannel_pomt	medium	297.3	0.3805		1.0
tr|B3RPF6|B3RPF6_TRIAD	Trichoplax adhaerens	basal_metazoan	1298	nonchannel_abc_transporter	high	1383.3	0.9402	assoc_sur	0.4792
tr|B3RPL0|B3RPL0_TRIAD	Trichoplax adhaerens	basal_metazoan	642	assoc_mcu_reg	medium	51.5	0.4775		1.0
tr|B3RQ65|B3RQ65_TRIAD	Trichoplax adhaerens	basal_metazoan	740	assoc_k_beta	medium	76.7	0.3281		1.0
tr|B3RQ66|B3RQ66_TRIAD	Trichoplax adhaerens	basal_metazoan	743	assoc_k_beta	medium	57.2	0.378		1.0
tr|B3RQ86|B3RQ86_TRIAD	Trichoplax adhaerens	basal_metazoan	423	kir	high	41.9	0.7139		1.0
tr|B3RQ88|B3RQ88_TRIAD	Trichoplax adhaerens	basal_metazoan	303	kir	medium	41.3	0.4645		1.0
tr|B3RQ90|B3RQ90_TRIAD	Trichoplax adhaerens	basal_metazoan	420	kir	high	39.0	0.6797		1.0
tr|B3RQD8|B3RQD8_TRIAD	Trichoplax adhaerens	basal_metazoan	640	nonchannel_ncs	high	41.5	0.544		1.0
tr|B3RQF5|B3RQF5_TRIAD	Trichoplax adhaerens	basal_metazoan	2409	nonchannel_abc_transporter	high	1161.2	0.9479	cftr	0.3589
tr|B3RQF7|B3RQF7_TRIAD	Trichoplax adhaerens	basal_metazoan	1266	nonchannel_abc_transporter	high	1355.1	0.9456	cftr	0.4468
tr|B3RQF8|B3RQF8_TRIAD	Trichoplax adhaerens	basal_metazoan	1327	nonchannel_abc_transporter	high	1228.9	0.934	cftr	0.4042
tr|B3RQF9|B3RQF9_TRIAD	Trichoplax adhaerens	basal_metazoan	1296	nonchannel_abc_transporter	high	1244.7	0.9463	cftr	0.3803
tr|B3RQG0|B3RQG0_TRIAD	Trichoplax adhaerens	basal_metazoan	1263	nonchannel_abc_transporter	high	1235.9	0.9463	cftr	0.3842
tr|B3RRH4|B3RRH4_TRIAD	Trichoplax adhaerens	basal_metazoan	377	assoc_cav_aux	medium	122.4	0.4527		1.0
tr|B3RRM1|B3RRM1_TRIAD	Trichoplax adhaerens	basal_metazoan	823	nonchannel_class_c_gpcr	high	455.7	0.896	nmda	0.9254
tr|B3RRR8|B3RRR8_TRIAD	Trichoplax adhaerens	basal_metazoan	213	hv1	medium	94.0	0.4196	nonchannel_vsp	0.7468
tr|B3RRZ8|B3RRZ8_TRIAD	Trichoplax adhaerens	basal_metazoan	1253	nonchannel_abc_transporter	medium	698.7	0.467	assoc_sur	0.5952
tr|B3RRZ9|B3RRZ9_TRIAD	Trichoplax adhaerens	basal_metazoan	686	nonchannel_abc_transporter	medium	344.4	0.3995	assoc_sur	0.5627
tr|B3RS82|B3RS82_TRIAD	Trichoplax adhaerens	basal_metazoan	1038	nonchannel_vsp	high	185.2	0.5707		1.0
tr|B3RSL0|B3RSL0_TRIAD	Trichoplax adhaerens	basal_metazoan	230	nonchannel_ncs	high	37.4	0.9585		1.0
tr|B3RSQ0|B3RSQ0_TRIAD	Trichoplax adhaerens	basal_metazoan	1332	nonchannel_abc_transporter	high	1588.8	0.9778	assoc_sur	0.4483
tr|B3RTE6|B3RTE6_TRIAD	Trichoplax adhaerens	basal_metazoan	1283	nonchannel_abc_transporter	high	1224.8	0.9471	cftr	0.4211
tr|B3RTE7|B3RTE7_TRIAD	Trichoplax adhaerens	basal_metazoan	1276	nonchannel_abc_transporter	high	1227.5	0.9456	cftr	0.4212
tr|B3RTE8|B3RTE8_TRIAD	Trichoplax adhaerens	basal_metazoan	739	nonchannel_abc_transporter	high	823.7	0.5613	assoc_sur	0.4164
tr|B3RTE9|B3RTE9_TRIAD	Trichoplax adhaerens	basal_metazoan	472	nonchannel_abc_transporter	medium	336.6	0.3443	cftr	0.4171
tr|B3RTF0|B3RTF0_TRIAD	Trichoplax adhaerens	basal_metazoan	1277	nonchannel_abc_transporter	high	1226.4	0.9448	cftr	0.4186
tr|B3RTG3|B3RTG3_TRIAD	Trichoplax adhaerens	basal_metazoan	598	nonchannel_class_c_gpcr	high	172.5	0.5492	nmda	0.8539
tr|B3RTG5|B3RTG5_TRIAD	Trichoplax adhaerens	basal_metazoan	837	nonchannel_class_c_gpcr	high	295.4	0.8192		1.0
tr|B3RTK9|B3RTK9_TRIAD	Trichoplax adhaerens	basal_metazoan	593	nonchannel_class_c_gpcr	high	280.4	0.678	kainate	0.8951
tr|B3RTU5|B3RTU5_TRIAD	Trichoplax adhaerens	basal_metazoan	157	nonchannel_ncs	high	49.7	0.5855		1.0
tr|B3RUD6|B3RUD6_TRIAD	Trichoplax adhaerens	basal_metazoan	851	nonchannel_class_c_gpcr	high	596.1	0.9254		1.0
tr|B3RUD7|B3RUD7_TRIAD	Trichoplax adhaerens	basal_metazoan	881	nonchannel_class_c_gpcr	high	463.7	0.9446		1.0
tr|B3RUD8|B3RUD8_TRIAD	Trichoplax adhaerens	basal_metazoan	326	nonchannel_class_c_gpcr	medium	215.0	0.3638		1.0
tr|B3RUR6|B3RUR6_TRIAD	Trichoplax adhaerens	basal_metazoan	729	nonchannel_class_c_gpcr	high	278.2	0.7424		1.0
tr|B3RUV2|B3RUV2_TRIAD	Trichoplax adhaerens	basal_metazoan	730	nonchannel_class_c_gpcr	high	248.4	0.7096		1.0
tr|B3RUV3|B3RUV3_TRIAD	Trichoplax adhaerens	basal_metazoan	579	nonchannel_class_c_gpcr	medium	152.8	0.3887		1.0
tr|B3RUV5|B3RUV5_TRIAD	Trichoplax adhaerens	basal_metazoan	560	nonchannel_class_c_gpcr	medium	129.9	0.4294		1.0
tr|B3RV24|B3RV24_TRIAD	Trichoplax adhaerens	basal_metazoan	720	nonchannel_class_c_gpcr	high	194.1	0.7492		1.0
tr|B3RWE0|B3RWE0_TRIAD	Trichoplax adhaerens	basal_metazoan	215	clic	high	145.4	0.7944		1.0
tr|B3RWH9|B3RWH9_TRIAD	Trichoplax adhaerens	basal_metazoan	373	assoc_mcu_reg	high	179.5	0.6689		1.0
tr|B3RWS1|B3RWS1_TRIAD	Trichoplax adhaerens	basal_metazoan	806	nonchannel_class_c_gpcr	high	357.2	0.8508		1.0
tr|B3RWW7|B3RWW7_TRIAD	Trichoplax adhaerens	basal_metazoan	732	assoc_cav_aux	medium	140.2	0.4376		1.0
tr|B3RWX4|B3RWX4_TRIAD	Trichoplax adhaerens	basal_metazoan	1007	assoc_cav_aux	medium	119.1	0.417		1.0
tr|B3RWY3|B3RWY3_TRIAD	Trichoplax adhaerens	basal_metazoan	764	nonchannel_class_c_gpcr	high	534.0	0.8621	nmda	0.9296
tr|B3RWY5|B3RWY5_TRIAD	Trichoplax adhaerens	basal_metazoan	810	nonchannel_class_c_gpcr	high	494.4	0.8859	nmda	0.9351
tr|B3RWZ4|B3RWZ4_TRIAD	Trichoplax adhaerens	basal_metazoan	396	nonchannel_ncs	medium	88.8	0.5959	assoc_kchip	0.2804
tr|B3RX24|B3RX24_TRIAD	Trichoplax adhaerens	basal_metazoan	316	clic	medium	31.8	0.3206		1.0
tr|B3RXF5|B3RXF5_TRIAD	Trichoplax adhaerens	basal_metazoan	157	nonchannel_ncs	medium	43.8	0.456		1.0
tr|B3RXX5|B3RXX5_TRIAD	Trichoplax adhaerens	basal_metazoan	599	transporter_slc26	high	650.8	0.7614		1.0
tr|B3RY98|B3RY98_TRIAD	Trichoplax adhaerens	basal_metazoan	807	nonchannel_class_c_gpcr	high	724.4	0.8938		1.0
tr|B3RY99|B3RY99_TRIAD	Trichoplax adhaerens	basal_metazoan	873	nonchannel_class_c_gpcr	high	727.2	0.913		1.0
tr|B3RYE2|B3RYE2_TRIAD	Trichoplax adhaerens	basal_metazoan	683	nonchannel_abc_transporter	medium	351.9	0.4302	cftr	0.6388
tr|B3RYL4|B3RYL4_TRIAD	Trichoplax adhaerens	basal_metazoan	445	assoc_k_beta	medium	84.4	0.3675		1.0
tr|B3RYM6|B3RYM6_TRIAD	Trichoplax adhaerens	basal_metazoan	611	nonchannel_class_c_gpcr	high	175.0	0.5435		1.0
tr|B3RYM7|B3RYM7_TRIAD	Trichoplax adhaerens	basal_metazoan	667	nonchannel_class_c_gpcr	high	230.0	0.5977		1.0
tr|B3RYP5|B3RYP5_TRIAD	Trichoplax adhaerens	basal_metazoan	934	assoc_k_beta	medium	45.7	0.357		1.0
tr|B3RYW8|B3RYW8_TRIAD	Trichoplax adhaerens	basal_metazoan	1300	nonchannel_abc_transporter	high	1271.9	0.954	assoc_sur	0.5223
tr|B3RYW9|B3RYW9_TRIAD	Trichoplax adhaerens	basal_metazoan	1175	nonchannel_abc_transporter	high	1063.6	0.829	cftr	0.5583
tr|B3RZ89|B3RZ89_TRIAD	Trichoplax adhaerens	basal_metazoan	933	assoc_clc_aux	high	435.6	0.9425		1.0
tr|B3RZ90|B3RZ90_TRIAD	Trichoplax adhaerens	basal_metazoan	921	assoc_clc_aux	high	410.1	0.9447		1.0
tr|B3RZQ6|B3RZQ6_TRIAD	Trichoplax adhaerens	basal_metazoan	331	assoc_k_beta	high	138.1	0.7979		1.0
tr|B3RZT6|B3RZT6_TRIAD	Trichoplax adhaerens	basal_metazoan	1343	assoc_clc_aux	high	353.8	0.9078		1.0
tr|B3RZT7|B3RZT7_TRIAD	Trichoplax adhaerens	basal_metazoan	949	assoc_clc_aux	high	374.5	0.923		1.0
tr|B3S0I3|B3S0I3_TRIAD	Trichoplax adhaerens	basal_metazoan	556	nonchannel_abc_transporter	medium	395.1	0.3995	assoc_sur	0.5543
tr|B3S0W4|B3S0W4_TRIAD	Trichoplax adhaerens	basal_metazoan	729	nonchannel_class_c_gpcr	high	345.2	0.8147	kainate	0.9006
tr|B3S0W5|B3S0W5_TRIAD	Trichoplax adhaerens	basal_metazoan	645	nonchannel_class_c_gpcr	high	244.5	0.609		1.0
tr|B3S157|B3S157_TRIAD	Trichoplax adhaerens	basal_metazoan	827	nonchannel_class_c_gpcr	high	579.8	0.9175	nmda	0.9241
tr|B3S175|B3S175_TRIAD	Trichoplax adhaerens	basal_metazoan	631	nonchannel_class_c_gpcr	high	233.9	0.6757		1.0
tr|B3S1A7|B3S1A7_TRIAD	Trichoplax adhaerens	basal_metazoan	212	nonchannel_ncs	high	67.4	0.9275	assoc_kchip	0.3249
tr|B3S1B6|B3S1B6_TRIAD	Trichoplax adhaerens	basal_metazoan	194	nonchannel_ncs	high	332.6	0.9845	assoc_kchip	0.4017
tr|B3S1G2|B3S1G2_TRIAD	Trichoplax adhaerens	basal_metazoan	246	nonchannel_ncs	high	42.8	0.9171	assoc_kchip	0.4065
tr|B3S1P7|B3S1P7_TRIAD	Trichoplax adhaerens	basal_metazoan	1161	nonchannel_vsp	medium	88.2	0.3043		1.0
tr|B3S2J5|B3S2J5_TRIAD	Trichoplax adhaerens	basal_metazoan	858	nonchannel_class_c_gpcr	high	474.5	0.9085	nmda	0.9005
tr|B3S3J9|B3S3J9_TRIAD	Trichoplax adhaerens	basal_metazoan	1396	assoc_k_beta	high	177.5	0.6299		1.0
tr|B3S3S6|B3S3S6_TRIAD	Trichoplax adhaerens	basal_metazoan	208	nonchannel_ncs	high	42.6	0.5544		1.0
tr|B3S434|B3S434_TRIAD	Trichoplax adhaerens	basal_metazoan	683	nonchannel_class_c_gpcr	high	241.2	0.7119		1.0
tr|B3S435|B3S435_TRIAD	Trichoplax adhaerens	basal_metazoan	777	nonchannel_class_c_gpcr	high	300.4	0.8034		1.0
tr|B3S462|B3S462_TRIAD	Trichoplax adhaerens	basal_metazoan	831	nonchannel_class_c_gpcr	high	524.5	0.9051	nmda	0.9184
tr|B3S473|B3S473_TRIAD	Trichoplax adhaerens	basal_metazoan	742	nonchannel_class_c_gpcr	high	332.8	0.6328		1.0
tr|B3S4B5|B3S4B5_TRIAD	Trichoplax adhaerens	basal_metazoan	718	nonchannel_class_c_gpcr	high	246.0	0.7028		1.0
tr|B3S4B6|B3S4B6_TRIAD	Trichoplax adhaerens	basal_metazoan	746	nonchannel_class_c_gpcr	high	328.2	0.7751		1.0
tr|B3S4B7|B3S4B7_TRIAD	Trichoplax adhaerens	basal_metazoan	650	nonchannel_class_c_gpcr	high	298.1	0.7141		1.0
tr|B3S4B8|B3S4B8_TRIAD	Trichoplax adhaerens	basal_metazoan	637	nonchannel_class_c_gpcr	high	304.3	0.635		1.0
tr|B3S4N1|B3S4N1_TRIAD	Trichoplax adhaerens	basal_metazoan	351	nonchannel_vsp	high	232.5	0.5254		1.0
tr|B3S4X0|B3S4X0_TRIAD	Trichoplax adhaerens	basal_metazoan	728	nonchannel_ncs	high	58.9	0.6839	assoc_kchip	0.5008
tr|B3S517|B3S517_TRIAD	Trichoplax adhaerens	basal_metazoan	660	nonchannel_abc_transporter	medium	403.5	0.4609	assoc_sur	0.6188
tr|B3S518|B3S518_TRIAD	Trichoplax adhaerens	basal_metazoan	496	nonchannel_abc_transporter	medium	344.1	0.3781	assoc_sur	0.6094
tr|B3S545|B3S545_TRIAD	Trichoplax adhaerens	basal_metazoan	799	nonchannel_abc_transporter	medium	414.3	0.4248	assoc_sur	0.5817
tr|B3S5Y8|B3S5Y8_TRIAD	Trichoplax adhaerens	basal_metazoan	812	nonchannel_class_c_gpcr	high	337.0	0.8508		1.0
tr|B3S5Y9|B3S5Y9_TRIAD	Trichoplax adhaerens	basal_metazoan	775	nonchannel_class_c_gpcr	high	444.0	0.8644		1.0
tr|B3S5Z0|B3S5Z0_TRIAD	Trichoplax adhaerens	basal_metazoan	338	nonchannel_class_c_gpcr	medium	163.1	0.3785		1.0
tr|B3S5Z2|B3S5Z2_TRIAD	Trichoplax adhaerens	basal_metazoan	885	nonchannel_class_c_gpcr	high	424.0	0.9198		1.0
tr|B3S5Z3|B3S5Z3_TRIAD	Trichoplax adhaerens	basal_metazoan	865	nonchannel_class_c_gpcr	high	396.7	0.8463		1.0
tr|B3S5Z4|B3S5Z4_TRIAD	Trichoplax adhaerens	basal_metazoan	338	nonchannel_class_c_gpcr	medium	152.2	0.3797		1.0
tr|B3S5Z7|B3S5Z7_TRIAD	Trichoplax adhaerens	basal_metazoan	746	nonchannel_class_c_gpcr	high	415.4	0.8158		1.0
tr|B3S5Z8|B3S5Z8_TRIAD	Trichoplax adhaerens	basal_metazoan	792	nonchannel_class_c_gpcr	high	368.8	0.8531		1.0
tr|B3S5Z9|B3S5Z9_TRIAD	Trichoplax adhaerens	basal_metazoan	805	nonchannel_class_c_gpcr	high	407.1	0.8746	nmda	0.904
tr|B3S600|B3S600_TRIAD	Trichoplax adhaerens	basal_metazoan	841	nonchannel_class_c_gpcr	high	419.7	0.8768	nmda	0.9064
tr|B3S601|B3S601_TRIAD	Trichoplax adhaerens	basal_metazoan	820	nonchannel_class_c_gpcr	high	417.6	0.8644		1.0
tr|B3S602|B3S602_TRIAD	Trichoplax adhaerens	basal_metazoan	415	nonchannel_class_c_gpcr	medium	201.1	0.4554	nmda	0.8424
tr|B3S603|B3S603_TRIAD	Trichoplax adhaerens	basal_metazoan	419	nonchannel_class_c_gpcr	medium	176.9	0.4147		1.0
tr|B3S605|B3S605_TRIAD	Trichoplax adhaerens	basal_metazoan	874	nonchannel_class_c_gpcr	high	418.0	0.8768		1.0
tr|B3S607|B3S607_TRIAD	Trichoplax adhaerens	basal_metazoan	309	nonchannel_class_c_gpcr	medium	165.8	0.3164		1.0
tr|B3S608|B3S608_TRIAD	Trichoplax adhaerens	basal_metazoan	869	nonchannel_class_c_gpcr	high	471.4	0.9424		1.0
tr|B3S609|B3S609_TRIAD	Trichoplax adhaerens	basal_metazoan	819	nonchannel_class_c_gpcr	high	505.9	0.9073		1.0
tr|B3S610|B3S610_TRIAD	Trichoplax adhaerens	basal_metazoan	894	nonchannel_class_c_gpcr	high	625.3	0.9232	nmda	0.9247
tr|B3S6J8|B3S6J8_TRIAD	Trichoplax adhaerens	basal_metazoan	641	nonchannel_pomt	high	665.8	0.8276		1.0
tr|B3S736|B3S736_TRIAD	Trichoplax adhaerens	basal_metazoan	342	nonchannel_class_c_gpcr	medium	157.3	0.3028		1.0
tr|B3S760|B3S760_TRIAD	Trichoplax adhaerens	basal_metazoan	516	nonchannel_class_c_gpcr	medium	198.1	0.4339		1.0
tr|B3S761|B3S761_TRIAD	Trichoplax adhaerens	basal_metazoan	723	nonchannel_class_c_gpcr	high	269.1	0.7853		1.0
tr|B3S762|B3S762_TRIAD	Trichoplax adhaerens	basal_metazoan	461	nonchannel_class_c_gpcr	medium	154.4	0.4441		1.0
tr|B3S839|B3S839_TRIAD	Trichoplax adhaerens	basal_metazoan	1314	nonchannel_abc_transporter	high	1598.9	0.9578	assoc_sur	0.4891
tr|B3S8X3|B3S8X3_TRIAD	Trichoplax adhaerens	basal_metazoan	628	transporter_slc26	high	449.7	0.7129		1.0
tr|B3S961|B3S961_TRIAD	Trichoplax adhaerens	basal_metazoan	1171	assoc_k_beta	medium	57.6	0.4252		1.0
tr|B3S9B5|B3S9B5_TRIAD	Trichoplax adhaerens	basal_metazoan	1342	nonchannel_abc_transporter	high	1633.1	0.9624	assoc_sur	0.4621
tr|B3S9B6|B3S9B6_TRIAD	Trichoplax adhaerens	basal_metazoan	1326	nonchannel_abc_transporter	high	1584.0	0.9463	assoc_sur	0.4814
tr|B3S9C0|B3S9C0_TRIAD	Trichoplax adhaerens	basal_metazoan	1539	nonchannel_abc_transporter	high	1506.7	0.9632	assoc_sur	0.4818
tr|B3S9C1|B3S9C1_TRIAD	Trichoplax adhaerens	basal_metazoan	1323	nonchannel_abc_transporter	high	1386.5	0.9571	assoc_sur	0.4904
tr|B3S9C2|B3S9C2_TRIAD	Trichoplax adhaerens	basal_metazoan	1450	nonchannel_abc_transporter	high	1409.9	0.944	assoc_sur	0.4834
tr|B3SBZ6|B3SBZ6_TRIAD	Trichoplax adhaerens	basal_metazoan	295	nonchannel_kctd	high	75.0	0.5931		1.0
tr|B3SCC5|B3SCC5_TRIAD	Trichoplax adhaerens	basal_metazoan	699	nonchannel_class_c_gpcr	medium	149.9	0.4554		1.0
tr|B3SCI9|B3SCI9_TRIAD	Trichoplax adhaerens	basal_metazoan	1304	nonchannel_abc_transporter	high	1669.3	0.9601	assoc_sur	0.4797
tr|B3SCR0|B3SCR0_TRIAD	Trichoplax adhaerens	basal_metazoan	195	nonchannel_ncs	high	63.9	0.9067	assoc_kchip	0.3725
tr|B3SD37|B3SD37_TRIAD	Trichoplax adhaerens	basal_metazoan	272	assoc_k_beta	medium	55.4	0.3648		1.0
tr|B3SDA4|B3SDA4_TRIAD	Trichoplax adhaerens	basal_metazoan	678	trpv	high	197.5	0.5672		1.0
tr|B3SDE8|B3SDE8_TRIAD	Trichoplax adhaerens	basal_metazoan	584	nonchannel_abc_transporter	medium	67.8	0.3689	cftr	0.295
tr|B3SEQ7|B3SEQ7_TRIAD	Trichoplax adhaerens	basal_metazoan	382	nonchannel_class_c_gpcr	medium	186.4	0.3684	nmda	0.8755
tr|B7ZDB5|B7ZDB5_DANRE	Danio rerio	vertebrate	374	assoc_k_beta	medium	62.2	0.4567	lrrc8	0.2058
tr|B8A507|B8A507_DANRE	Danio rerio	vertebrate	649	assoc_k_beta	medium	71.5	0.4934	lrrc8	0.3231
tr|B9F3S3|B9F3S3_ORYSJ	Oryza sativa	plant	1243	nonchannel_abc_transporter	medium	704.6	0.4018	assoc_sur	0.6142
tr|B9FZ43|B9FZ43_ORYSJ	Oryza sativa	plant	1250	nonchannel_abc_transporter	medium	648.8	0.4417	assoc_sur	0.6039
tr|C3XPI3|C3XPI3_BRAFL	Branchiostoma floridae	deuterostome	717	assoc_k_beta	medium	109.8	0.4934	lrrc8	0.1339
tr|C3XUK4|C3XUK4_BRAFL	Branchiostoma floridae	deuterostome	503	assoc_k_beta	high	67.2	0.5092		1.0
tr|C3Y9W6|C3Y9W6_BRAFL	Branchiostoma floridae	deuterostome	207	nonchannel_ncs	high	42.5	0.544		1.0
tr|C3YCM5|C3YCM5_BRAFL	Branchiostoma floridae	deuterostome	192	nonchannel_ncs	high	319.3	0.9741	assoc_kchip	0.373
tr|C3YD91|C3YD91_BRAFL	Branchiostoma floridae	deuterostome	199	nonchannel_ncs	medium	35.5	0.342		1.0
tr|C3YGJ2|C3YGJ2_BRAFL	Branchiostoma floridae	deuterostome	194	nonchannel_ncs	medium	241.3	0.9585	assoc_kchip	0.2085
tr|C3YIR5|C3YIR5_BRAFL	Branchiostoma floridae	deuterostome	564	assoc_k_beta	medium	76.8	0.5249	lrrc8	0.2995
tr|C3YKI3|C3YKI3_BRAFL	Branchiostoma floridae	deuterostome	167	nonchannel_ncs	medium	41.7	0.4508		1.0
tr|C3YLJ0|C3YLJ0_BRAFL	Branchiostoma floridae	deuterostome	142	nonchannel_ncs	medium	31.7	0.4145		1.0
tr|C3YNV8|C3YNV8_BRAFL	Branchiostoma floridae	deuterostome	560	assoc_k_beta	high	75.2	0.5748	lrrc8	0.4641
tr|C3YNW1|C3YNW1_BRAFL	Branchiostoma floridae	deuterostome	539	assoc_k_beta	medium	64.4	0.4409		1.0
tr|C3YR57|C3YR57_BRAFL	Branchiostoma floridae	deuterostome	173	nonchannel_ncs	medium	45.5	0.3368		1.0
tr|C3YSJ7|C3YSJ7_BRAFL	Branchiostoma floridae	deuterostome	211	nonchannel_ncs	medium	84.0	0.8756	assoc_kchip	0.1214
tr|C3YSM6|C3YSM6_BRAFL	Branchiostoma floridae	deuterostome	501	assoc_k_beta	medium	83.8	0.3885	lrrc8	0.1169
tr|C3YTN5|C3YTN5_BRAFL	Branchiostoma floridae	deuterostome	473	assoc_k_beta	high	157.3	0.5039	lrrc8	0.459
tr|C3YVT6|C3YVT6_BRAFL	Branchiostoma floridae	deuterostome	237	nonchannel_ncs	medium	172.6	0.943	assoc_kchip	0.2561
tr|C3YWG8|C3YWG8_BRAFL	Branchiostoma floridae	deuterostome	293	outofscope_aquaporin	high	182.7	0.8327		1.0
tr|C3Z0J6|C3Z0J6_BRAFL	Branchiostoma floridae	deuterostome	149	nonchannel_ncs	medium	47.4	0.5596	assoc_kchip	0.23
tr|C3Z3J5|C3Z3J5_BRAFL	Branchiostoma floridae	deuterostome	192	nonchannel_ncs	high	50.0	0.9119		1.0
tr|C3Z5E4|C3Z5E4_BRAFL	Branchiostoma floridae	deuterostome	193	nonchannel_ncs	medium	110.3	0.9275	assoc_kchip	0.233
tr|C3ZD32|C3ZD32_BRAFL	Branchiostoma floridae	deuterostome	184	nonchannel_ncs	high	68.6	0.9378	assoc_kchip	0.3746
tr|C3ZF70|C3ZF70_BRAFL	Branchiostoma floridae	deuterostome	145	nonchannel_ncs	high	44.7	0.5699		1.0
tr|C3ZF72|C3ZF72_BRAFL	Branchiostoma floridae	deuterostome	149	nonchannel_ncs	high	39.7	0.5699		1.0
tr|C3ZF83|C3ZF83_BRAFL	Branchiostoma floridae	deuterostome	149	nonchannel_ncs	high	47.0	0.5544		1.0
tr|C3ZHQ5|C3ZHQ5_BRAFL	Branchiostoma floridae	deuterostome	255	outofscope_aquaporin	high	59.2	0.6477		1.0
tr|C3ZMJ0|C3ZMJ0_BRAFL	Branchiostoma floridae	deuterostome	854	assoc_k_beta	medium	86.6	0.4436	lrrc8	0.2067
tr|C3ZQ61|C3ZQ61_BRAFL	Branchiostoma floridae	deuterostome	413	assoc_k_beta	medium	53.6	0.5039	lrrc8	0.1101
tr|C3ZQ63|C3ZQ63_BRAFL	Branchiostoma floridae	deuterostome	538	assoc_k_beta	high	94.9	0.5171	lrrc8	0.3066
tr|C4PCF3|C4PCF3_CHICK	Gallus gallus	vertebrate	843	assoc_k_beta	high	66.7	0.6378		1.0
tr|C7G032|C7G032_DICDI	Dictyostelium discoideum	amoebozoa	821	nonchannel_ncs	medium	40.4	0.3938		1.0
tr|D3YUI0|D3YUI0_MOUSE	Mus musculus	vertebrate	854	nonchannel_class_c_gpcr	high	507.7	0.9164		1.0
tr|D3YUK6|D3YUK6_MOUSE	Mus musculus	vertebrate	857	nonchannel_class_c_gpcr	high	471.5	0.9164		1.0
tr|D3YWE3|D3YWE3_MOUSE	Mus musculus	vertebrate	849	nonchannel_class_c_gpcr	high	441.2	0.8689		1.0
tr|D3Z4N8|D3Z4N8_MOUSE	Mus musculus	vertebrate	856	nonchannel_class_c_gpcr	high	413.6	0.8734		1.0
tr|D3Z6L3|D3Z6L3_MOUSE	Mus musculus	vertebrate	852	nonchannel_class_c_gpcr	high	437.6	0.8723		1.0
tr|D3Z7M3|D3Z7M3_MOUSE	Mus musculus	vertebrate	851	nonchannel_class_c_gpcr	high	429.7	0.8757		1.0
tr|D3Z9I5|D3Z9I5_RAT	Rattus norvegicus	vertebrate	735	transporter_slc26	high	927.3	0.9639		1.0
tr|D3ZA32|D3ZA32_RAT	Rattus norvegicus	vertebrate	446	nonchannel_gasdermin	high	518.8	0.9936		1.0
tr|D3ZAE6|D3ZAE6_RAT	Rattus norvegicus	vertebrate	673	assoc_k_beta	medium	96.4	0.5276	lrrc8	0.25
tr|D3ZAV8|D3ZAV8_RAT	Rattus norvegicus	vertebrate	750	assoc_k_beta	medium	98.8	0.4436	lrrc8	0.4939
tr|D3ZB66|D3ZB66_RAT	Rattus norvegicus	vertebrate	851	nonchannel_class_c_gpcr	high	437.2	0.8678		1.0
tr|D3ZD88|D3ZD88_RAT	Rattus norvegicus	vertebrate	852	assoc_nav_beta	high	42.6	0.6071		1.0
tr|D3ZDW0|D3ZDW0_RAT	Rattus norvegicus	vertebrate	857	nonchannel_class_c_gpcr	high	427.8	0.8689		1.0
tr|D3ZE87|D3ZE87_RAT	Rattus norvegicus	vertebrate	848	nonchannel_class_c_gpcr	high	437.9	0.9333		1.0
tr|D3ZEQ5|D3ZEQ5_RAT	Rattus norvegicus	vertebrate	853	nonchannel_class_c_gpcr	high	427.1	0.887		1.0
tr|D3ZET1|D3ZET1_RAT	Rattus norvegicus	vertebrate	509	assoc_nav_beta	high	49.1	0.5		1.0
tr|D3ZGS1|D3ZGS1_RAT	Rattus norvegicus	vertebrate	779	nonchannel_class_c_gpcr	high	465.0	0.8667		1.0
tr|D3ZGY3|D3ZGY3_RAT	Rattus norvegicus	vertebrate	857	nonchannel_class_c_gpcr	high	484.9	0.9186		1.0
tr|D3ZH36|D3ZH36_RAT	Rattus norvegicus	vertebrate	820	assoc_k_beta	high	50.6	0.5407	lrrc8	0.33
tr|D3ZID7|D3ZID7_RAT	Rattus norvegicus	vertebrate	201	nonchannel_ncs	high	256.3	0.9793	assoc_kchip	0.5306
tr|D3ZII9|D3ZII9_RAT	Rattus norvegicus	vertebrate	202	nonchannel_ncs	high	254.3	0.9223	assoc_kchip	0.5753
tr|D3ZJ30|D3ZJ30_RAT	Rattus norvegicus	vertebrate	866	nonchannel_class_c_gpcr	high	480.8	0.9164		1.0
tr|D3ZKI4|D3ZKI4_RAT	Rattus norvegicus	vertebrate	847	nonchannel_class_c_gpcr	high	437.5	0.8712		1.0
tr|D3ZN12|D3ZN12_RAT	Rattus norvegicus	vertebrate	817	nonchannel_class_c_gpcr	high	387.1	0.7525		1.0
tr|D3ZN61|D3ZN61_RAT	Rattus norvegicus	vertebrate	548	assoc_k_beta	medium	41.3	0.3491		1.0
tr|D3ZPP7|D3ZPP7_RAT	Rattus norvegicus	vertebrate	369	assoc_k_beta	high	92.8	0.622	lrrc8	0.3211
tr|D3ZQ04|D3ZQ04_RAT	Rattus norvegicus	vertebrate	854	nonchannel_class_c_gpcr	high	419.2	0.8712		1.0
tr|D3ZQW6|D3ZQW6_RAT	Rattus norvegicus	vertebrate	788	nonchannel_class_c_gpcr	high	582.5	0.8689		1.0
tr|D3ZRJ6|D3ZRJ6_RAT	Rattus norvegicus	vertebrate	319	assoc_nav_beta	high	39.4	0.5312		1.0
tr|D3ZSE6|D3ZSE6_RAT	Rattus norvegicus	vertebrate	352	nonchannel_gasdermin	high	348.3	0.7203		1.0
tr|D3ZSN1|D3ZSN1_RAT	Rattus norvegicus	vertebrate	856	nonchannel_class_c_gpcr	high	496.6	0.9232		1.0
tr|D3ZSU0|D3ZSU0_RAT	Rattus norvegicus	vertebrate	856	nonchannel_class_c_gpcr	high	514.0	0.9175		1.0
tr|D3ZSW6|D3ZSW6_RAT	Rattus norvegicus	vertebrate	865	nonchannel_class_c_gpcr	high	520.7	0.9096	kainate	0.9395
tr|D3ZUQ5|D3ZUQ5_RAT	Rattus norvegicus	vertebrate	605	nonchannel_class_c_gpcr	high	421.0	0.6588		1.0
tr|D3ZV32|D3ZV32_RAT	Rattus norvegicus	vertebrate	790	transporter_slc26	high	941.4	0.9778		1.0
tr|D3ZVB5|D3ZVB5_RAT	Rattus norvegicus	vertebrate	853	nonchannel_class_c_gpcr	high	431.2	0.8723		1.0
tr|D3ZVT7|D3ZVT7_RAT	Rattus norvegicus	vertebrate	965	assoc_clc_aux	high	1320.9	0.9685		1.0
tr|D3ZX04|D3ZX04_RAT	Rattus norvegicus	vertebrate	1495	nonchannel_abc_transporter	high	1511.1	0.9793	assoc_sur	0.5728
tr|D3ZX64|D3ZX64_RAT	Rattus norvegicus	vertebrate	185	nonchannel_ncs	high	45.2	0.9171	assoc_kchip	0.3827
tr|D3ZXE3|D3ZXE3_RAT	Rattus norvegicus	vertebrate	1262	nonchannel_ncs	medium	30.8	0.342		1.0
tr|D3ZXL0|D3ZXL0_RAT	Rattus norvegicus	vertebrate	690	transporter_slc26	high	624.9	0.8252		1.0
tr|D3ZXT1|D3ZXT1_RAT	Rattus norvegicus	vertebrate	640	assoc_k_beta	high	100.1	0.5302	lrrc8	0.3916
tr|D3ZXT3|D3ZXT3_RAT	Rattus norvegicus	vertebrate	849	nonchannel_class_c_gpcr	high	424.0	0.8644		1.0
tr|D3ZYA6|D3ZYA6_RAT	Rattus norvegicus	vertebrate	298	assoc_k_beta	high	284.4	0.874	lrrc8	0.8928
tr|D3ZYH2|D3ZYH2_RAT	Rattus norvegicus	vertebrate	853	nonchannel_class_c_gpcr	high	442.4	0.878		1.0
tr|D3ZYJ3|D3ZYJ3_RAT	Rattus norvegicus	vertebrate	858	nonchannel_class_c_gpcr	high	491.1	0.9186		1.0
tr|D3ZYL3|D3ZYL3_RAT	Rattus norvegicus	vertebrate	859	nonchannel_class_c_gpcr	high	469.7	0.9288		1.0
tr|D3ZZ44|D3ZZ44_RAT	Rattus norvegicus	vertebrate	829	assoc_k_beta	medium	37.1	0.4856	lrrc8	0.2318
tr|D4A189|D4A189_RAT	Rattus norvegicus	vertebrate	187	nonchannel_ncs	high	42.3	0.9482	assoc_kchip	0.357
tr|D4A1C2|D4A1C2_RAT	Rattus norvegicus	vertebrate	379	assoc_nav_beta	high	96.2	0.8973		1.0
tr|D4A2G1|D4A2G1_RAT	Rattus norvegicus	vertebrate	618	assoc_k_beta	high	101.0	0.5249	lrrc8	0.4465
tr|D4A3Q0|D4A3Q0_RAT	Rattus norvegicus	vertebrate	286	assoc_nav_beta	high	36.7	0.6161		1.0
tr|D4A515|D4A515_RAT	Rattus norvegicus	vertebrate	858	nonchannel_class_c_gpcr	high	480.8	0.9141		1.0
tr|D4A5C0|D4A5C0_RAT	Rattus norvegicus	vertebrate	549	assoc_nav_beta	high	40.0	0.5625		1.0
tr|D4A5X1|D4A5X1_RAT	Rattus norvegicus	vertebrate	809	assoc_stim	high	1487.1	0.9287		1.0
tr|D4A6K7|D4A6K7_RAT	Rattus norvegicus	vertebrate	359	assoc_k_beta	high	40.8	0.5538		1.0
tr|D4A741|D4A741_RAT	Rattus norvegicus	vertebrate	858	nonchannel_class_c_gpcr	high	496.5	0.9186		1.0
tr|D4A7V8|D4A7V8_RAT	Rattus norvegicus	vertebrate	417	assoc_nav_beta	high	44.8	0.5402		1.0
tr|D4A8G4|D4A8G4_RAT	Rattus norvegicus	vertebrate	864	nonchannel_class_c_gpcr	high	499.5	0.9209		1.0
tr|D4A9I7|D4A9I7_RAT	Rattus norvegicus	vertebrate	259	assoc_k_beta	medium	50.5	0.3333	lrrc8	0.4455
tr|D4A9T6|D4A9T6_RAT	Rattus norvegicus	vertebrate	290	outofscope_aquaporin	high	166.2	0.8719		1.0
tr|D4AAD6|D4AAD6_RAT	Rattus norvegicus	vertebrate	533	assoc_iglur_aux	high	366.6	0.9894		1.0
tr|D4AAE2|D4AAE2_RAT	Rattus norvegicus	vertebrate	215	assoc_nav_beta	high	103.0	0.9107		1.0
tr|D4AB78|D4AB78_RAT	Rattus norvegicus	vertebrate	847	nonchannel_class_c_gpcr	high	417.9	0.8814		1.0
tr|D4AC39|D4AC39_RAT	Rattus norvegicus	vertebrate	674	assoc_k_beta	medium	65.4	0.5118	lrrc8	0.2446
tr|D4ACT4|D4ACT4_RAT	Rattus norvegicus	vertebrate	1082	trpn	medium	407.0	0.3114	trpa	0.387
tr|D4ADY0|D4ADY0_RAT	Rattus norvegicus	vertebrate	328	assoc_nav_beta	high	43.3	0.6116		1.0
tr|D4AEL4|D4AEL4_RAT	Rattus norvegicus	vertebrate	1255	nonchannel_abc_transporter	medium	667.6	0.4118	assoc_sur	0.6294
tr|D6ESQ8|D6ESQ8_STRLI	Streptomyces lividans	prokaryote	587	nonchannel_abc_transporter	medium	274.8	0.3926	assoc_sur	0.5695
tr|D6ESQ9|D6ESQ9_STRLI	Streptomyces lividans	prokaryote	610	nonchannel_abc_transporter	medium	246.6	0.3896	assoc_sur	0.6237
tr|E1BSG3|E1BSG3_CHICK	Gallus gallus	vertebrate	597	assoc_iglur_aux	high	142.6	0.8515		1.0
tr|E1BT99|E1BT99_CHICK	Gallus gallus	vertebrate	387	nonchannel_class_c_gpcr	medium	47.3	0.3028		1.0
tr|E1BTX9|E1BTX9_CHICK	Gallus gallus	vertebrate	632	nonchannel_ncs	medium	30.9	0.3109		1.0
tr|E1BUE5|E1BUE5_CHICK	Gallus gallus	vertebrate	889	nonchannel_class_c_gpcr	high	1197.1	0.9944		1.0
tr|E1BYY6|E1BYY6_CHICK	Gallus gallus	vertebrate	259	assoc_k_beta	medium	54.2	0.3281	lrrc8	0.4815
tr|E1BZF6|E1BZF6_CHICK	Gallus gallus	vertebrate	647	assoc_cav_aux	high	521.1	0.8724		1.0
tr|E1C179|E1C179_CHICK	Gallus gallus	vertebrate	443	assoc_mcu_reg	high	464.4	0.777		1.0
tr|E1C2B7|E1C2B7_CHICK	Gallus gallus	vertebrate	806	transporter_slc26	high	870.1	0.957		1.0
tr|E1C4A6|E1C4A6_CHICK	Gallus gallus	vertebrate	279	assoc_cav_aux	high	199.2	0.5158		1.0
tr|E1C6W5|E1C6W5_CHICK	Gallus gallus	vertebrate	662	assoc_k_beta	high	88.7	0.5171	lrrc8	0.4183
tr|E7EXE2|E7EXE2_DANRE	Danio rerio	vertebrate	289	assoc_cav_aux	high	193.4	0.5144		1.0
tr|E7EXH9|E7EXH9_DANRE	Danio rerio	vertebrate	791	assoc_k_beta	high	141.8	0.5144	lrrc8	0.3343
tr|E7EXM1|E7EXM1_DANRE	Danio rerio	vertebrate	678	assoc_k_beta	medium	78.9	0.3307	lrrc8	0.3422
tr|E7EY10|E7EY10_DANRE	Danio rerio	vertebrate	309	assoc_cav_aux	high	235.4	0.572		1.0
tr|E7EYG0|E7EYG0_DANRE	Danio rerio	vertebrate	1426	nonchannel_abc_transporter	high	1676.6	0.9739	assoc_sur	0.5653
tr|E7F118|E7F118_DANRE	Danio rerio	vertebrate	1507	nonchannel_abc_transporter	high	1652.4	0.9762	assoc_sur	0.52
tr|E7F1E4|E7F1E4_DANRE	Danio rerio	vertebrate	800	nonchannel_class_c_gpcr	medium	113.2	0.3559		1.0
tr|E7F1R5|E7F1R5_DANRE	Danio rerio	vertebrate	228	assoc_cav_aux	medium	94.9	0.4225		1.0
tr|E7F2I0|E7F2I0_DANRE	Danio rerio	vertebrate	728	nonchannel_abc_transporter	medium	368.4	0.4202	assoc_sur	0.5888
tr|E7F7H4|E7F7H4_DANRE	Danio rerio	vertebrate	225	assoc_kchip	high	342.5	0.8964	nonchannel_ncs	0.4648
tr|E7F7T2|E7F7T2_DANRE	Danio rerio	vertebrate	264	assoc_nav_beta	high	69.7	0.8929		1.0
tr|E7F8A9|E7F8A9_DANRE	Danio rerio	vertebrate	731	nonchannel_abc_transporter	medium	390.1	0.4471	assoc_sur	0.6624
tr|E7F9I7|E7F9I7_DANRE	Danio rerio	vertebrate	699	transporter_slc26	high	834.4	0.9431		1.0
tr|E7F9M5|E7F9M5_DANRE	Danio rerio	vertebrate	264	assoc_cav_aux	medium	67.6	0.321		1.0
tr|E7F9U2|E7F9U2_DANRE	Danio rerio	vertebrate	521	nonchannel_gasdermin	high	128.6	0.7013		1.0
tr|E7FDF3|E7FDF3_DANRE	Danio rerio	vertebrate	1127	nonchannel_class_c_gpcr	medium	81.8	0.4791	nmda	0.5318
tr|E7FE35|E7FE35_DANRE	Danio rerio	vertebrate	1364	nonchannel_class_c_gpcr	medium	60.8	0.322		1.0
tr|E7FGF1|E7FGF1_DANRE	Danio rerio	vertebrate	1286	nonchannel_class_c_gpcr	medium	69.1	0.3514		1.0
tr|E7FGK7|E7FGK7_DANRE	Danio rerio	vertebrate	322	assoc_cav_aux	high	239.2	0.572		1.0
tr|E9FQR7|E9FQR7_DAPPU	Daphnia pulex	invertebrate	453	assoc_k_beta	medium	41.2	0.3937		1.0
tr|E9FQY5|E9FQY5_DAPPU	Daphnia pulex	invertebrate	622	assoc_k_beta	medium	107.0	0.4226	lrrc8	0.2355
tr|E9FRZ7|E9FRZ7_DAPPU	Daphnia pulex	invertebrate	416	assoc_k_beta	medium	58.3	0.4803	lrrc8	0.4357
tr|E9FS47|E9FS47_DAPPU	Daphnia pulex	invertebrate	321	nonchannel_ncs	high	51.0	0.5337		1.0
tr|E9FTV9|E9FTV9_DAPPU	Daphnia pulex	invertebrate	999	assoc_clc_aux	high	446.5	0.9631		1.0
tr|E9FUA5|E9FUA5_DAPPU	Daphnia pulex	invertebrate	207	nonchannel_ncs	high	40.1	0.5544		1.0
tr|E9FUM5|E9FUM5_DAPPU	Daphnia pulex	invertebrate	303	outofscope_aquaporin	high	247.7	0.9181		1.0
tr|E9FUM6|E9FUM6_DAPPU	Daphnia pulex	invertebrate	270	outofscope_aquaporin	high	191.7	0.8505		1.0
tr|E9FUM8|E9FUM8_DAPPU	Daphnia pulex	invertebrate	273	outofscope_aquaporin	high	177.0	0.8577		1.0
tr|E9FV65|E9FV65_DAPPU	Daphnia pulex	invertebrate	657	transporter_slc26	high	322.8	0.5811		1.0
tr|E9FV72|E9FV72_DAPPU	Daphnia pulex	invertebrate	626	transporter_slc26	high	330.6	0.663		1.0
tr|E9FVV8|E9FVV8_DAPPU	Daphnia pulex	invertebrate	315	outofscope_aquaporin	high	228.8	0.9004		1.0
tr|E9FWT8|E9FWT8_DAPPU	Daphnia pulex	invertebrate	382	assoc_k_beta	medium	76.5	0.3202	lrrc8	0.6248
tr|E9FZM4|E9FZM4_DAPPU	Daphnia pulex	invertebrate	891	nonchannel_class_c_gpcr	high	947.5	0.9299		1.0
tr|E9FZN7|E9FZN7_DAPPU	Daphnia pulex	invertebrate	850	nonchannel_class_c_gpcr	high	906.7	0.8825		1.0
tr|E9G2I1|E9G2I1_DAPPU	Daphnia pulex	invertebrate	832	nonchannel_class_c_gpcr	high	460.2	0.8565		1.0
tr|E9G2X2|E9G2X2_DAPPU	Daphnia pulex	invertebrate	1293	nonchannel_abc_transporter	medium	678.5	0.4594	assoc_sur	0.6015
tr|E9G2Y3|E9G2Y3_DAPPU	Daphnia pulex	invertebrate	1093	assoc_k_beta	medium	97.5	0.3491		1.0
tr|E9G2Z5|E9G2Z5_DAPPU	Daphnia pulex	invertebrate	400	assoc_k_beta	medium	59.7	0.4646	lrrc8	0.3953
tr|E9G3C0|E9G3C0_DAPPU	Daphnia pulex	invertebrate	190	assoc_kchip	high	247.9	0.741	nonchannel_ncs	0.309
tr|E9G3R1|E9G3R1_DAPPU	Daphnia pulex	invertebrate	1166	assoc_clc_aux	high	186.3	0.8937		1.0
tr|E9G405|E9G405_DAPPU	Daphnia pulex	invertebrate	701	nonchannel_abc_transporter	medium	352.4	0.421	assoc_sur	0.5894
tr|E9G543|E9G543_DAPPU	Daphnia pulex	invertebrate	852	nonchannel_class_c_gpcr	high	849.3	0.9209		1.0
tr|E9G551|E9G551_DAPPU	Daphnia pulex	invertebrate	861	nonchannel_class_c_gpcr	high	836.8	0.9198		1.0
tr|E9G553|E9G553_DAPPU	Daphnia pulex	invertebrate	852	nonchannel_class_c_gpcr	high	850.4	0.9198		1.0
tr|E9G5N8|E9G5N8_DAPPU	Daphnia pulex	invertebrate	1340	nonchannel_abc_transporter	medium	663.7	0.4041	assoc_sur	0.6089
tr|E9G6D1|E9G6D1_DAPPU	Daphnia pulex	invertebrate	691	nonchannel_pomt	high	732.7	0.9249		1.0
tr|E9G6D2|E9G6D2_DAPPU	Daphnia pulex	invertebrate	693	nonchannel_pomt	high	567.0	0.9015		1.0
tr|E9G6D3|E9G6D3_DAPPU	Daphnia pulex	invertebrate	679	nonchannel_pomt	high	702.2	0.9076		1.0
tr|E9G6L5|E9G6L5_DAPPU	Daphnia pulex	invertebrate	478	nonchannel_class_c_gpcr	medium	116.5	0.3424		1.0
tr|E9G6W0|E9G6W0_DAPPU	Daphnia pulex	invertebrate	854	assoc_k_beta	medium	93.9	0.5774	lrrc8	0.2141
tr|E9G762|E9G762_DAPPU	Daphnia pulex	invertebrate	698	nonchannel_abc_transporter	medium	73.1	0.3474	cftr	0.5814
tr|E9G768|E9G768_DAPPU	Daphnia pulex	invertebrate	191	nonchannel_ncs	high	52.7	0.9534	assoc_kchip	0.4725
tr|E9G8M3|E9G8M3_DAPPU	Daphnia pulex	invertebrate	205	assoc_k_beta	medium	63.6	0.3176	lrrc8	0.1824
tr|E9G8Z3|E9G8Z3_DAPPU	Daphnia pulex	invertebrate	645	transporter_slc26	high	332.7	0.6103		1.0
tr|E9G9G7|E9G9G7_DAPPU	Daphnia pulex	invertebrate	565	transporter_slc26	high	328.5	0.6297		1.0
tr|E9GAJ6|E9GAJ6_DAPPU	Daphnia pulex	invertebrate	663	nonchannel_abc_transporter	medium	83.8	0.3512	cftr	0.6516
tr|E9GB22|E9GB22_DAPPU	Daphnia pulex	invertebrate	297	assoc_kchip	medium	190.9	0.6614	nonchannel_ncs	0.1551
tr|E9GCI3|E9GCI3_DAPPU	Daphnia pulex	invertebrate	805	outofscope_aquaporin	high	177.1	0.847		1.0
tr|E9GD97|E9GD97_DAPPU	Daphnia pulex	invertebrate	1191	nonchannel_abc_transporter	high	993.8	0.7316	assoc_sur	0.4629
tr|E9GDE5|E9GDE5_DAPPU	Daphnia pulex	invertebrate	187	nonchannel_ncs	medium	262.3	0.9585	assoc_kchip	0.2707
tr|E9GER3|E9GER3_DAPPU	Daphnia pulex	invertebrate	1102	assoc_cav_aux	high	296.5	0.9246		1.0
tr|E9GEW3|E9GEW3_DAPPU	Daphnia pulex	invertebrate	176	assoc_k_beta	medium	56.6	0.4016	lrrc8	0.1413
tr|E9GEW6|E9GEW6_DAPPU	Daphnia pulex	invertebrate	264	assoc_k_beta	medium	83.5	0.4252	lrrc8	0.2012
tr|E9GF33|E9GF33_DAPPU	Daphnia pulex	invertebrate	1266	nonchannel_class_c_gpcr	medium	61.4	0.4158		1.0
tr|E9GF34|E9GF34_DAPPU	Daphnia pulex	invertebrate	1212	nonchannel_class_c_gpcr	medium	74.6	0.461	kainate	0.5188
tr|E9GF42|E9GF42_DAPPU	Daphnia pulex	invertebrate	785	nonchannel_class_c_gpcr	high	362.2	0.8497	nmda	0.9318
tr|E9GFW2|E9GFW2_DAPPU	Daphnia pulex	invertebrate	280	nonchannel_vsp	high	220.8	0.5272		1.0
tr|E9GHP1|E9GHP1_DAPPU	Daphnia pulex	invertebrate	688	nonchannel_abc_transporter	medium	384.9	0.4509	assoc_sur	0.609
tr|E9GI88|E9GI88_DAPPU	Daphnia pulex	invertebrate	224	assoc_kchip	medium	128.0	0.745	nonchannel_ncs	0.1961
tr|E9GIS1|E9GIS1_DAPPU	Daphnia pulex	invertebrate	174	nonchannel_ncs	medium	65.2	0.6166	assoc_kchip	0.1166
tr|E9GJ98|E9GJ98_DAPPU	Daphnia pulex	invertebrate	887	assoc_k_beta	medium	55.5	0.4934	lrrc8	0.4811
tr|E9GKJ0|E9GKJ0_DAPPU	Daphnia pulex	invertebrate	388	assoc_k_beta	medium	46.4	0.4751		1.0
tr|E9GLA7|E9GLA7_DAPPU	Daphnia pulex	invertebrate	330	outofscope_aquaporin	high	214.3	0.8612		1.0
tr|E9GLU0|E9GLU0_DAPPU	Daphnia pulex	invertebrate	190	nonchannel_ncs	high	47.3	0.8964	assoc_kchip	0.4524
tr|E9GM14|E9GM14_DAPPU	Daphnia pulex	invertebrate	835	nonchannel_abc_transporter	medium	358.6	0.4225	assoc_sur	0.621
tr|E9GML1|E9GML1_DAPPU	Daphnia pulex	invertebrate	1467	assoc_k_beta	high	256.3	0.5039	lrrc8	0.5876
tr|E9GN64|E9GN64_DAPPU	Daphnia pulex	invertebrate	450	assoc_cav_aux	high	299.5	0.5103		1.0
tr|E9GN68|E9GN68_DAPPU	Daphnia pulex	invertebrate	334	nonchannel_vsp	high	87.4	0.5217		1.0
tr|E9GNT4|E9GNT4_DAPPU	Daphnia pulex	invertebrate	613	transporter_slc26	high	348.2	0.5825		1.0
tr|E9GNT5|E9GNT5_DAPPU	Daphnia pulex	invertebrate	665	transporter_slc26	high	353.8	0.6449		1.0
tr|E9GPR1|E9GPR1_DAPPU	Daphnia pulex	invertebrate	1190	assoc_clc_aux	high	168.2	0.7516		1.0
tr|E9GPR9|E9GPR9_DAPPU	Daphnia pulex	invertebrate	1555	nonchannel_ncs	medium	85.7	0.7617	assoc_kchip	0.2824
tr|E9GRA5|E9GRA5_DAPPU	Daphnia pulex	invertebrate	1494	nonchannel_ncs	high	69.6	0.5803	assoc_kchip	0.4914
tr|E9GRR5|E9GRR5_DAPPU	Daphnia pulex	invertebrate	562	assoc_k_beta	medium	58.7	0.3858	lrrc8	0.3254
tr|E9GTJ4|E9GTJ4_DAPPU	Daphnia pulex	invertebrate	631	transporter_slc26	high	329.0	0.7115		1.0
tr|E9GTJ5|E9GTJ5_DAPPU	Daphnia pulex	invertebrate	651	transporter_slc26	high	343.0	0.7046		1.0
tr|E9GTJ6|E9GTJ6_DAPPU	Daphnia pulex	invertebrate	678	transporter_slc26	high	332.3	0.6574		1.0
tr|E9GV68|E9GV68_DAPPU	Daphnia pulex	invertebrate	1214	nonchannel_vsp	high	92.2	0.5199		1.0
tr|E9GYG9|E9GYG9_DAPPU	Daphnia pulex	invertebrate	1095	nonchannel_ncs	high	44.3	0.7617		1.0
tr|E9GYH0|E9GYH0_DAPPU	Daphnia pulex	invertebrate	992	nonchannel_ncs	high	36.9	0.7306		1.0
tr|E9GYH1|E9GYH1_DAPPU	Daphnia pulex	invertebrate	1106	nonchannel_ncs	high	34.7	0.513		1.0
tr|E9GYL6|E9GYL6_DAPPU	Daphnia pulex	invertebrate	170	nonchannel_ncs	high	74.1	0.7927	assoc_kchip	0.3549
tr|E9GZJ9|E9GZJ9_DAPPU	Daphnia pulex	invertebrate	480	assoc_mcu_reg	high	349.9	0.7365	nonchannel_ncs	0.8757
tr|E9GZL8|E9GZL8_DAPPU	Daphnia pulex	invertebrate	923	assoc_clc_aux	high	381.3	0.91		1.0
tr|E9H0T3|E9H0T3_DAPPU	Daphnia pulex	invertebrate	266	outofscope_aquaporin	high	252.6	0.8932		1.0
tr|E9H1G0|E9H1G0_DAPPU	Daphnia pulex	invertebrate	970	nonchannel_class_c_gpcr	medium	233.7	0.4452		1.0
tr|E9H1I4|E9H1I4_DAPPU	Daphnia pulex	invertebrate	963	nonchannel_class_c_gpcr	high	173.5	0.5164		1.0
tr|E9H1I5|E9H1I5_DAPPU	Daphnia pulex	invertebrate	1258	nonchannel_class_c_gpcr	high	301.3	0.8384		1.0
tr|E9H214|E9H214_DAPPU	Daphnia pulex	invertebrate	1012	assoc_cav_aux	high	69.7	0.8505		1.0
tr|E9H4U2|E9H4U2_DAPPU	Daphnia pulex	invertebrate	1622	assoc_clc_aux	high	163.1	0.8221		1.0
tr|E9H5Z2|E9H5Z2_DAPPU	Daphnia pulex	invertebrate	149	nonchannel_ncs	high	58.1	0.5648		1.0
tr|E9H667|E9H667_DAPPU	Daphnia pulex	invertebrate	1547	nonchannel_abc_transporter	high	1683.9	0.9755	assoc_sur	0.5118
tr|E9H6A9|E9H6A9_DAPPU	Daphnia pulex	invertebrate	712	nonchannel_pomt	high	699.6	0.9187		1.0
tr|E9H6H0|E9H6H0_DAPPU	Daphnia pulex	invertebrate	1420	nonchannel_abc_transporter	high	1501.7	0.9739	assoc_sur	0.495
tr|E9H6H1|E9H6H1_DAPPU	Daphnia pulex	invertebrate	1406	nonchannel_abc_transporter	high	1485.6	0.9624	assoc_sur	0.4918
tr|E9H738|E9H738_DAPPU	Daphnia pulex	invertebrate	700	nonchannel_ncs	high	50.1	0.5648		1.0
tr|E9H7E8|E9H7E8_DAPPU	Daphnia pulex	invertebrate	324	mitok	medium	135.2	0.4088		1.0
tr|E9H7X9|E9H7X9_DAPPU	Daphnia pulex	invertebrate	465	assoc_stim	medium	381.4	0.4825		1.0
tr|E9H954|E9H954_DAPPU	Daphnia pulex	invertebrate	245	assoc_k_beta	medium	59.7	0.3228	lrrc8	0.1759
tr|E9H9A9|E9H9A9_DAPPU	Daphnia pulex	invertebrate	930	assoc_clc_aux	high	506.7	0.9306		1.0
tr|E9H9B0|E9H9B0_DAPPU	Daphnia pulex	invertebrate	950	assoc_clc_aux	high	454.8	0.9176		1.0
tr|E9H9B6|E9H9B6_DAPPU	Daphnia pulex	invertebrate	983	assoc_clc_aux	high	501.3	0.9664		1.0
tr|E9H9B9|E9H9B9_DAPPU	Daphnia pulex	invertebrate	1000	assoc_clc_aux	high	462.3	0.8427		1.0
tr|E9H9C2|E9H9C2_DAPPU	Daphnia pulex	invertebrate	1136	assoc_clc_aux	high	170.3	0.5781		1.0
tr|E9HAU4|E9HAU4_DAPPU	Daphnia pulex	invertebrate	1221	assoc_clc_aux	high	128.8	0.5521		1.0
tr|E9HBH3|E9HBH3_DAPPU	Daphnia pulex	invertebrate	518	assoc_mcu_reg	high	331.2	0.7838	nonchannel_ncs	0.8665
tr|E9HBL8|E9HBL8_DAPPU	Daphnia pulex	invertebrate	149	nonchannel_ncs	high	33.8	0.6995		1.0
tr|E9HBT8|E9HBT8_DAPPU	Daphnia pulex	invertebrate	151	nonchannel_ncs	high	42.1	0.5544		1.0
tr|E9HCF5|E9HCF5_DAPPU	Daphnia pulex	invertebrate	160	nonchannel_ncs	medium	36.5	0.3005		1.0
tr|E9HCI6|E9HCI6_DAPPU	Daphnia pulex	invertebrate	713	nonchannel_abc_transporter	medium	378.6	0.4049	assoc_sur	0.5856
tr|E9HCR0|E9HCR0_DAPPU	Daphnia pulex	invertebrate	725	nonchannel_abc_transporter	high	763.0	0.5184	assoc_sur	0.4055
tr|E9HFQ7|E9HFQ7_DAPPU	Daphnia pulex	invertebrate	1494	nonchannel_ncs	high	68.8	0.5803	assoc_kchip	0.4753
tr|E9HFV3|E9HFV3_DAPPU	Daphnia pulex	invertebrate	385	assoc_k_beta	high	97.8	0.8058		1.0
tr|E9HGF2|E9HGF2_DAPPU	Daphnia pulex	invertebrate	713	transporter_slc26	high	633.4	0.9695		1.0
tr|E9HII5|E9HII5_DAPPU	Daphnia pulex	invertebrate	1246	nonchannel_abc_transporter	high	1215.2	0.8581	cftr	0.4133
tr|E9HIJ9|E9HIJ9_DAPPU	Daphnia pulex	invertebrate	1584	nonchannel_abc_transporter	medium	932.0	0.9018	assoc_sur	0.128
tr|E9HJ81|E9HJ81_DAPPU	Daphnia pulex	invertebrate	785	nonchannel_class_c_gpcr	high	672.4	0.8734	kainate	0.9587
tr|E9HJV3|E9HJV3_DAPPU	Daphnia pulex	invertebrate	969	osca_tmem63	high	53.9	0.5208		1.0
tr|E9HKD9|E9HKD9_DAPPU	Daphnia pulex	invertebrate	260	outofscope_aquaporin	high	41.5	0.8719		1.0
tr|E9HKT2|E9HKT2_DAPPU	Daphnia pulex	invertebrate	772	nonchannel_ncs	high	66.3	0.5855	assoc_kchip	0.4932
tr|E9HPQ7|E9HPQ7_DAPPU	Daphnia pulex	invertebrate	892	nonchannel_class_c_gpcr	high	859.0	0.9412	nmda	0.9545
tr|E9HPY6|E9HPY6_DAPPU	Daphnia pulex	invertebrate	320	outofscope_aquaporin	high	213.3	0.8861		1.0
tr|E9HQ21|E9HQ21_DAPPU	Daphnia pulex	invertebrate	734	assoc_clc_aux	medium	130.6	0.4957		1.0
tr|E9HQN8|E9HQN8_DAPPU	Daphnia pulex	invertebrate	284	nonchannel_ncs	medium	42.2	0.4456		1.0
tr|E9HRE4|E9HRE4_DAPPU	Daphnia pulex	invertebrate	661	nonchannel_abc_transporter	medium	421.1	0.4179	assoc_sur	0.5645
tr|E9HSW0|E9HSW0_DAPPU	Daphnia pulex	invertebrate	192	nonchannel_ncs	high	335.6	0.9845	assoc_kchip	0.4279
tr|E9HSW1|E9HSW1_DAPPU	Daphnia pulex	invertebrate	188	nonchannel_ncs	high	204.2	0.9275	assoc_kchip	0.3168
tr|E9HWN6|E9HWN6_DAPPU	Daphnia pulex	invertebrate	1268	nonchannel_abc_transporter	high	1238.4	0.8681	assoc_sur	0.4828
tr|E9I2A0|E9I2A0_DAPPU	Daphnia pulex	invertebrate	445	nonchannel_abc_transporter	medium	282.2	0.3083	cftr	0.3047
tr|E9I4B6|E9I4B6_DAPPU	Daphnia pulex	invertebrate	181	nonchannel_vsp	medium	164.3	0.3043		1.0
tr|E9I4X5|E9I4X5_DAPPU	Daphnia pulex	invertebrate	396	assoc_k_beta	medium	55.2	0.4777	lrrc8	0.5797
tr|E9PSS7|E9PSS7_RAT	Rattus norvegicus	vertebrate	863	nonchannel_class_c_gpcr	high	486.4	0.9119		1.0
tr|E9PTD9|E9PTD9_RAT	Rattus norvegicus	vertebrate	784	assoc_k_beta	medium	49.1	0.399		1.0
tr|E9PUL3|E9PUL3_MOUSE	Mus musculus	vertebrate	1044	assoc_clc_aux	high	1202.1	0.9512		1.0
tr|E9PUT5|E9PUT5_MOUSE	Mus musculus	vertebrate	865	nonchannel_class_c_gpcr	high	523.7	0.9073		1.0
tr|E9PVI0|E9PVI0_MOUSE	Mus musculus	vertebrate	852	nonchannel_class_c_gpcr	high	434.0	0.8723		1.0
tr|E9PW21|E9PW21_MOUSE	Mus musculus	vertebrate	853	nonchannel_class_c_gpcr	high	413.8	0.8723		1.0
tr|E9PW61|E9PW61_MOUSE	Mus musculus	vertebrate	861	nonchannel_class_c_gpcr	high	453.9	0.8825		1.0
tr|E9PWD5|E9PWD5_MOUSE	Mus musculus	vertebrate	858	nonchannel_class_c_gpcr	high	491.9	0.9186		1.0
tr|E9PWW0|E9PWW0_MOUSE	Mus musculus	vertebrate	856	nonchannel_class_c_gpcr	high	494.6	0.9164		1.0
tr|E9PX34|E9PX34_MOUSE	Mus musculus	vertebrate	856	nonchannel_class_c_gpcr	high	511.1	0.8667		1.0
tr|E9PXI5|E9PXI5_MOUSE	Mus musculus	vertebrate	849	nonchannel_class_c_gpcr	high	512.5	0.9175		1.0
tr|E9PXJ8|E9PXJ8_MOUSE	Mus musculus	vertebrate	863	nonchannel_class_c_gpcr	high	512.6	0.9198	kainate	0.9384
tr|E9PY92|E9PY92_MOUSE	Mus musculus	vertebrate	862	nonchannel_class_c_gpcr	high	475.4	0.9311		1.0
tr|E9PYF5|E9PYF5_MOUSE	Mus musculus	vertebrate	849	nonchannel_class_c_gpcr	high	415.7	0.8723		1.0
tr|E9PYL5|E9PYL5_MOUSE	Mus musculus	vertebrate	915	nonchannel_class_c_gpcr	high	659.3	0.9051		1.0
tr|E9PYS0|E9PYS0_MOUSE	Mus musculus	vertebrate	855	nonchannel_class_c_gpcr	high	480.9	0.9277		1.0
tr|E9PZ56|E9PZ56_MOUSE	Mus musculus	vertebrate	857	nonchannel_class_c_gpcr	high	475.3	0.9412		1.0
tr|E9PZA6|E9PZA6_MOUSE	Mus musculus	vertebrate	856	nonchannel_class_c_gpcr	high	426.8	0.8678		1.0
tr|E9PZJ7|E9PZJ7_MOUSE	Mus musculus	vertebrate	861	nonchannel_class_c_gpcr	high	481.5	0.9232		1.0
tr|E9PZK8|E9PZK8_MOUSE	Mus musculus	vertebrate	818	nonchannel_class_c_gpcr	high	463.9	0.9073		1.0
tr|E9PZS9|E9PZS9_MOUSE	Mus musculus	vertebrate	857	nonchannel_class_c_gpcr	high	488.4	0.9175		1.0
tr|E9PZU5|E9PZU5_MOUSE	Mus musculus	vertebrate	856	nonchannel_class_c_gpcr	high	475.5	0.9164		1.0
tr|E9PZX4|E9PZX4_MOUSE	Mus musculus	vertebrate	848	nonchannel_class_c_gpcr	high	436.7	0.8678		1.0
tr|E9Q067|E9Q067_MOUSE	Mus musculus	vertebrate	851	nonchannel_class_c_gpcr	high	451.0	0.8791		1.0
tr|E9Q0E7|E9Q0E7_MOUSE	Mus musculus	vertebrate	857	nonchannel_class_c_gpcr	high	432.6	0.8723		1.0
tr|E9Q0G7|E9Q0G7_MOUSE	Mus musculus	vertebrate	864	nonchannel_class_c_gpcr	high	510.5	0.9379	nmda	0.9542
tr|E9Q0K5|E9Q0K5_MOUSE	Mus musculus	vertebrate	859	nonchannel_class_c_gpcr	high	499.1	0.9096		1.0
tr|E9Q1C1|E9Q1C1_MOUSE	Mus musculus	vertebrate	853	nonchannel_class_c_gpcr	high	473.3	0.8701		1.0
tr|E9Q1L0|E9Q1L0_MOUSE	Mus musculus	vertebrate	863	nonchannel_class_c_gpcr	high	471.1	0.9198		1.0
tr|E9Q281|E9Q281_MOUSE	Mus musculus	vertebrate	856	nonchannel_class_c_gpcr	high	431.5	0.8746		1.0
tr|E9Q2J5|E9Q2J5_MOUSE	Mus musculus	vertebrate	860	nonchannel_class_c_gpcr	high	475.6	0.9209		1.0
tr|E9Q2U5|E9Q2U5_MOUSE	Mus musculus	vertebrate	856	nonchannel_class_c_gpcr	high	485.0	0.9153		1.0
tr|E9Q3A5|E9Q3A5_MOUSE	Mus musculus	vertebrate	860	nonchannel_class_c_gpcr	high	495.6	0.9198		1.0
tr|E9Q3F5|E9Q3F5_MOUSE	Mus musculus	vertebrate	853	nonchannel_class_c_gpcr	high	437.2	0.8825		1.0
tr|E9Q4X4|E9Q4X4_MOUSE	Mus musculus	vertebrate	861	nonchannel_class_c_gpcr	high	440.1	0.8621		1.0
tr|E9Q5C7|E9Q5C7_MOUSE	Mus musculus	vertebrate	852	nonchannel_class_c_gpcr	high	439.4	0.8712		1.0
tr|E9Q5D8|E9Q5D8_MOUSE	Mus musculus	vertebrate	855	nonchannel_class_c_gpcr	high	440.9	0.8712		1.0
tr|E9Q759|E9Q759_MOUSE	Mus musculus	vertebrate	848	nonchannel_class_c_gpcr	high	429.4	0.8621		1.0
tr|E9Q7S8|E9Q7S8_MOUSE	Mus musculus	vertebrate	853	nonchannel_class_c_gpcr	high	497.2	0.913		1.0
tr|E9Q7U0|E9Q7U0_MOUSE	Mus musculus	vertebrate	239	assoc_k_beta	high	101.4	0.6667		1.0
tr|E9Q7U8|E9Q7U8_MOUSE	Mus musculus	vertebrate	861	nonchannel_class_c_gpcr	high	437.7	0.878		1.0
tr|E9QAZ9|E9QAZ9_MOUSE	Mus musculus	vertebrate	850	nonchannel_class_c_gpcr	high	493.6	0.9153		1.0
tr|E9QCW1|E9QCW1_DANRE	Danio rerio	vertebrate	422	assoc_cav_aux	high	202.3	0.5158		1.0
tr|E9QDQ3|E9QDQ3_DANRE	Danio rerio	vertebrate	858	assoc_k_beta	high	114.1	0.5617	lrrc8	0.5425
tr|E9QGU5|E9QGU5_DANRE	Danio rerio	vertebrate	412	assoc_k_beta	high	253.1	0.8688		1.0
tr|E9QJF8|E9QJF8_DANRE	Danio rerio	vertebrate	260	nonchannel_ncs	high	51.7	0.5544		1.0
tr|E9QJJ1|E9QJJ1_DANRE	Danio rerio	vertebrate	614	assoc_k_beta	medium	154.8	0.4829	lrrc8	0.2164
tr|F1LN63|F1LN63_RAT	Rattus norvegicus	vertebrate	905	assoc_k_beta	medium	108.4	0.4541		1.0
tr|F1LNQ1|F1LNQ1_RAT	Rattus norvegicus	vertebrate	849	nonchannel_class_c_gpcr	high	415.8	0.8689		1.0
tr|F1LRV5|F1LRV5_RAT	Rattus norvegicus	vertebrate	524	assoc_nav_beta	high	32.7	0.6071		1.0
tr|F1LVC2|F1LVC2_RAT	Rattus norvegicus	vertebrate	848	nonchannel_class_c_gpcr	high	444.3	0.9096		1.0
tr|F1LVK3|F1LVK3_RAT	Rattus norvegicus	vertebrate	737	assoc_k_beta	medium	187.9	0.5223	lrrc8	0.2805
tr|F1LVL2|F1LVL2_RAT	Rattus norvegicus	vertebrate	306	assoc_nav_beta	medium	33.5	0.4866		1.0
tr|F1LX06|F1LX06_RAT	Rattus norvegicus	vertebrate	209	nonchannel_ncs	medium	80.3	0.8394	assoc_kchip	0.1843
tr|F1LZN5|F1LZN5_RAT	Rattus norvegicus	vertebrate	857	nonchannel_class_c_gpcr	high	432.5	0.8689		1.0
tr|F1LZR6|F1LZR6_RAT	Rattus norvegicus	vertebrate	846	nonchannel_class_c_gpcr	high	378.4	0.8678		1.0
tr|F1M067|F1M067_RAT	Rattus norvegicus	vertebrate	593	transporter_slc26	high	547.6	0.8474		1.0
tr|F1M104|F1M104_RAT	Rattus norvegicus	vertebrate	843	nonchannel_class_c_gpcr	high	427.6	0.8644		1.0
tr|F1M1H4|F1M1H4_RAT	Rattus norvegicus	vertebrate	864	nonchannel_class_c_gpcr	high	487.4	0.9254		1.0
tr|F1M1S0|F1M1S0_RAT	Rattus norvegicus	vertebrate	714	nonchannel_class_c_gpcr	high	398.7	0.6271		1.0
tr|F1M7J3|F1M7J3_RAT	Rattus norvegicus	vertebrate	855	nonchannel_class_c_gpcr	high	493.5	0.9153		1.0
tr|F1MAG0|F1MAG0_RAT	Rattus norvegicus	vertebrate	513	nonchannel_gasdermin	high	384.2	0.9936		1.0
tr|F1MAL4|F1MAL4_RAT	Rattus norvegicus	vertebrate	821	nonchannel_class_c_gpcr	high	660.5	0.8678		1.0
tr|F1MAT0|F1MAT0_RAT	Rattus norvegicus	vertebrate	860	nonchannel_class_c_gpcr	high	409.9	0.7311		1.0
tr|F1NBM2|F1NBM2_CHICK	Gallus gallus	vertebrate	1152	nonchannel_class_c_gpcr	high	1142.8	0.9819	nmda	0.9705
tr|F1NC88|F1NC88_CHICK	Gallus gallus	vertebrate	226	assoc_cav_aux	medium	101.2	0.4239		1.0
tr|F1NDP3|F1NDP3_CHICK	Gallus gallus	vertebrate	759	assoc_k_beta	high	41.6	0.5223		1.0
tr|F1NE81|F1NE81_CHICK	Gallus gallus	vertebrate	808	assoc_k_beta	high	50.7	0.5459	lrrc8	0.3274
tr|F1NG90|F1NG90_CHICK	Gallus gallus	vertebrate	1303	assoc_k_beta	medium	35.9	0.3045	lrrc8	0.2618
tr|F1NJI3|F1NJI3_CHICK	Gallus gallus	vertebrate	232	assoc_nav_beta	high	69.3	0.875		1.0
tr|F1NJU0|F1NJU0_CHICK	Gallus gallus	vertebrate	193	nonchannel_ncs	high	332.3	0.9845	assoc_kchip	0.4087
tr|F1NKK8|F1NKK8_CHICK	Gallus gallus	vertebrate	559	assoc_nav_beta	high	35.2	0.5134		1.0
tr|F1NM51|F1NM51_CHICK	Gallus gallus	vertebrate	1529	nonchannel_abc_transporter	high	1773.4	0.9785	assoc_sur	0.5257
tr|F1NMM0|F1NMM0_CHICK	Gallus gallus	vertebrate	724	nonchannel_pomt	high	1160.4	0.9409		1.0
tr|F1NP47|F1NP47_CHICK	Gallus gallus	vertebrate	590	assoc_k_beta	medium	95.7	0.5249	lrrc8	0.1797
tr|F1NSN0|F1NSN0_CHICK	Gallus gallus	vertebrate	600	nonchannel_kctd	medium	30.3	0.3817		1.0
tr|F1NTY3|F1NTY3_CHICK	Gallus gallus	vertebrate	638	assoc_k_beta	high	96.9	0.5302	lrrc8	0.3395
tr|F1NWG3|F1NWG3_CHICK	Gallus gallus	vertebrate	1242	nonchannel_class_c_gpcr	high	1170.5	0.9593	nmda	0.9676
tr|F1P0S1|F1P0S1_CHICK	Gallus gallus	vertebrate	715	transporter_slc26	high	866.0	0.9417		1.0
tr|F1Q5K6|F1Q5K6_DANRE	Danio rerio	vertebrate	710	nonchannel_abc_transporter	medium	410.3	0.4394	assoc_sur	0.574
tr|F1Q729|F1Q729_DANRE	Danio rerio	vertebrate	258	assoc_mcu_reg	medium	98.1	0.4122		1.0
tr|F1Q7J9|F1Q7J9_DANRE	Danio rerio	vertebrate	1248	nonchannel_ncs	medium	36.3	0.3368		1.0
tr|F1Q881|F1Q881_DANRE	Danio rerio	vertebrate	765	assoc_k_beta	medium	137.0	0.5144	lrrc8	0.1285
tr|F1QA75|F1QA75_DANRE	Danio rerio	vertebrate	303	assoc_iglur_aux	high	80.7	0.7878		1.0
tr|F1QCK2|F1QCK2_DANRE	Danio rerio	vertebrate	851	nonchannel_abc_transporter	medium	372.9	0.4248	assoc_sur	0.605
tr|F1QCU7|F1QCU7_DANRE	Danio rerio	vertebrate	631	assoc_k_beta	high	107.9	0.5722	lrrc8	0.4022
tr|F1QGC9|F1QGC9_DANRE	Danio rerio	vertebrate	253	assoc_mcu_reg	medium	76.8	0.4437		1.0
tr|F1QHX4|F1QHX4_DANRE	Danio rerio	vertebrate	2548	assoc_k_beta	high	77.8	0.5118		1.0
tr|F1QK88|F1QK88_DANRE	Danio rerio	vertebrate	266	assoc_k_beta	medium	48.6	0.3045	lrrc8	0.4979
tr|F1QM89|F1QM89_DANRE	Danio rerio	vertebrate	300	assoc_nav_beta	high	44.8	0.5223		1.0
tr|F1QMZ9|F1QMZ9_DANRE	Danio rerio	vertebrate	1594	assoc_sur	high	2929.9	1.0	nonchannel_abc_transporter	0.6184
tr|F1QPB6|F1QPB6_DANRE	Danio rerio	vertebrate	890	nonchannel_class_c_gpcr	high	574.7	0.9299		1.0
tr|F1QRW6|F1QRW6_DANRE	Danio rerio	vertebrate	421	mitok	high	392.4	0.8491		1.0
tr|F1QS61|F1QS61_DANRE	Danio rerio	vertebrate	854	nonchannel_class_c_gpcr	high	747.1	0.9322		1.0
tr|F1QSW4|F1QSW4_DANRE	Danio rerio	vertebrate	864	nonchannel_class_c_gpcr	high	706.7	0.9085		1.0
tr|F1QSX6|F1QSX6_DANRE	Danio rerio	vertebrate	1320	nonchannel_abc_transporter	medium	661.7	0.4026	assoc_sur	0.6133
tr|F1QZV4|F1QZV4_DANRE	Danio rerio	vertebrate	309	outofscope_aquaporin	high	287.8	0.9217		1.0
tr|F1R0N0|F1R0N0_DANRE	Danio rerio	vertebrate	435	assoc_k_beta	medium	66.6	0.4436		1.0
tr|F1R4D3|F1R4D3_DANRE	Danio rerio	vertebrate	542	assoc_k_beta	high	75.3	0.5171		1.0
tr|F1R662|F1R662_DANRE	Danio rerio	vertebrate	543	assoc_k_beta	medium	40.4	0.3097	lrrc8	0.4208
tr|F1R789|F1R789_DANRE	Danio rerio	vertebrate	171	nonchannel_ncs	medium	39.4	0.456		1.0
tr|F1RDW2|F1RDW2_DANRE	Danio rerio	vertebrate	744	assoc_k_beta	high	77.7	0.5223	lrrc8	0.3179
tr|F4I270|F4I270_ARATH	Arabidopsis thaliana	plant	1400	lrrc8	medium	105.9	0.3537		1.0
tr|F4J910|F4J910_ARATH	Arabidopsis thaliana	plant	1081	lrrc8	medium	100.1	0.4159		1.0
tr|F6NW67|F6NW67_DANRE	Danio rerio	vertebrate	341	assoc_cav_aux	high	172.5	0.5144		1.0
tr|F6PGX9|F6PGX9_CIOIN	Ciona intestinalis	deuterostome	1230	nonchannel_abc_transporter	high	1601.9	0.9003	assoc_sur	0.4745
tr|F6PHX7|F6PHX7_ORNAN	Ornithorhynchus anatinus	vertebrate	678	assoc_mcu_reg	high	52.7	0.5225		1.0
tr|F6PIG5|F6PIG5_XENTR	Xenopus tropicalis	vertebrate	768	transporter_slc26	high	915.0	0.9653		1.0
tr|F6PIH3|F6PIH3_ORNAN	Ornithorhynchus anatinus	vertebrate	835	nonchannel_class_c_gpcr	high	450.8	0.8701		1.0
tr|F6PIU1|F6PIU1_ORNAN	Ornithorhynchus anatinus	vertebrate	171	nonchannel_ncs	high	42.1	0.7047		1.0
tr|F6PJ70|F6PJ70_CIOIN	Ciona intestinalis	deuterostome	1554	nonchannel_ncs	medium	81.6	0.8446	assoc_kchip	0.2647
tr|F6PJ87|F6PJ87_MONDO	Monodelphis domestica	vertebrate	725	nonchannel_pomt	high	1184.4	0.9409		1.0
tr|F6PKH4|F6PKH4_MONDO	Monodelphis domestica	vertebrate	346	assoc_k_beta	medium	92.9	0.4961	lrrc8	0.4769
tr|F6PLD1|F6PLD1_MONDO	Monodelphis domestica	vertebrate	2296	nonchannel_class_c_gpcr	medium	69.3	0.322		1.0
tr|F6PLI7|F6PLI7_ORNAN	Ornithorhynchus anatinus	vertebrate	908	nonchannel_class_c_gpcr	high	1301.8	0.9876		1.0
tr|F6PM82|F6PM82_CIOIN	Ciona intestinalis	deuterostome	194	nonchannel_ncs	high	315.3	0.9741	assoc_kchip	0.3879
tr|F6PME9|F6PME9_MONDO	Monodelphis domestica	vertebrate	521	assoc_iglur_aux	high	355.2	0.9284		1.0
tr|F6PN02|F6PN02_MONDO	Monodelphis domestica	vertebrate	771	nonchannel_abc_transporter	medium	382.3	0.4264	assoc_sur	0.6958
tr|F6PP39|F6PP39_MONDO	Monodelphis domestica	vertebrate	831	nonchannel_class_c_gpcr	high	582.4	0.9096		1.0
tr|F6PQ19|F6PQ19_ORNAN	Ornithorhynchus anatinus	vertebrate	196	assoc_nav_beta	high	258.7	0.8482		1.0
tr|F6PQ89|F6PQ89_CIOIN	Ciona intestinalis	deuterostome	150	nonchannel_ncs	medium	59.1	0.3368		1.0
tr|F6PQ98|F6PQ98_MONDO	Monodelphis domestica	vertebrate	299	assoc_k_beta	high	266.1	0.8163	lrrc8	0.8888
tr|F6PSJ4|F6PSJ4_MONDO	Monodelphis domestica	vertebrate	862	nonchannel_class_c_gpcr	high	555.3	0.9085		1.0
tr|F6PSX5|F6PSX5_ORNAN	Ornithorhynchus anatinus	vertebrate	297	nonchannel_class_c_gpcr	medium	268.7	0.3356		1.0
tr|F6PW91|F6PW91_MONDO	Monodelphis domestica	vertebrate	1069	nonchannel_class_c_gpcr	high	1079.3	0.9729		1.0
tr|F6PWH1|F6PWH1_MONDO	Monodelphis domestica	vertebrate	1193	nonchannel_class_c_gpcr	medium	78.6	0.3311		1.0
tr|F6PXP3|F6PXP3_XENTR	Xenopus tropicalis	vertebrate	428	assoc_k_beta	medium	61.7	0.3596		1.0
tr|F6Q5Y8|F6Q5Y8_CIOIN	Ciona intestinalis	deuterostome	1363	nonchannel_abc_transporter	high	1257.1	0.9379	assoc_sur	0.529
tr|F6QB79|F6QB79_CIOIN	Ciona intestinalis	deuterostome	750	transporter_slc26	high	645.9	0.9709		1.0
tr|F6QBS5|F6QBS5_MONDO	Monodelphis domestica	vertebrate	143	outofscope_aquaporin	medium	141.7	0.4342		1.0
tr|F6QCC5|F6QCC5_XENTR	Xenopus tropicalis	vertebrate	297	outofscope_aquaporin	high	291.9	0.8968		1.0
tr|F6QD98|F6QD98_ORNAN	Ornithorhynchus anatinus	vertebrate	252	nonchannel_ncs	medium	298.8	0.9637	assoc_kchip	0.2851
tr|F6QEB9|F6QEB9_MOUSE	Mus musculus	vertebrate	925	assoc_clc_aux	high	1405.0	0.9902		1.0
tr|F6QEC2|F6QEC2_XENTR	Xenopus tropicalis	vertebrate	304	outofscope_aquaporin	high	292.5	0.8826		1.0
tr|F6QES3|F6QES3_XENTR	Xenopus tropicalis	vertebrate	284	assoc_kchip	high	456.1	0.9801	nonchannel_ncs	0.5999
tr|F6QGE8|F6QGE8_MONDO	Monodelphis domestica	vertebrate	598	assoc_k_beta	medium	106.7	0.4724	lrrc8	0.4133
tr|F6QIM1|F6QIM1_CIOIN	Ciona intestinalis	deuterostome	170	nonchannel_ncs	medium	38.9	0.456		1.0
tr|F6QL53|F6QL53_XENTR	Xenopus tropicalis	vertebrate	350	assoc_nav_beta	medium	33.0	0.4821		1.0
tr|F6QLA7|F6QLA7_MONDO	Monodelphis domestica	vertebrate	846	nonchannel_class_c_gpcr	high	570.6	0.8983		1.0
tr|F6QMH9|F6QMH9_ORNAN	Ornithorhynchus anatinus	vertebrate	437	assoc_k_beta	medium	59.4	0.3543		1.0
tr|F6QRC2|F6QRC2_CIOIN	Ciona intestinalis	deuterostome	195	nonchannel_ncs	medium	261.4	0.9585	assoc_kchip	0.2575
tr|F6QSS6|F6QSS6_MOUSE	Mus musculus	vertebrate	210	nonchannel_ncs	medium	80.6	0.8964	assoc_kchip	0.1266
tr|F6QSU2|F6QSU2_MONDO	Monodelphis domestica	vertebrate	771	assoc_stim	high	1239.4	0.867		1.0
tr|F6QUZ8|F6QUZ8_MONDO	Monodelphis domestica	vertebrate	872	nonchannel_class_c_gpcr	high	573.5	0.922		1.0
tr|F6R1N8|F6R1N8_XENTR	Xenopus tropicalis	vertebrate	569	assoc_k_beta	high	87.4	0.5512	lrrc8	0.5595
tr|F6R2Y0|F6R2Y0_MONDO	Monodelphis domestica	vertebrate	466	assoc_clc_aux	medium	663.0	0.4848		1.0
tr|F6R4Z1|F6R4Z1_CIOIN	Ciona intestinalis	deuterostome	403	nonchannel_vsp	high	233.5	0.5924		1.0
tr|F6R6C7|F6R6C7_XENTR	Xenopus tropicalis	vertebrate	1437	nonchannel_abc_transporter	high	1726.2	0.9785	assoc_sur	0.5798
tr|F6R6S4|F6R6S4_ORNAN	Ornithorhynchus anatinus	vertebrate	765	nonchannel_class_c_gpcr	high	632.4	0.8339		1.0
tr|F6R6U9|F6R6U9_MONDO	Monodelphis domestica	vertebrate	261	assoc_mcu_reg	medium	61.2	0.3604		1.0
tr|F6R6X5|F6R6X5_MONDO	Monodelphis domestica	vertebrate	914	nonchannel_class_c_gpcr	high	1292.5	0.9887	nmda	0.974
tr|F6R7I1|F6R7I1_MONDO	Monodelphis domestica	vertebrate	707	transporter_slc26	high	853.1	0.9612		1.0
tr|F6RAJ1|F6RAJ1_CIOIN	Ciona intestinalis	deuterostome	254	clic	high	35.3	0.7387		1.0
tr|F6RB26|F6RB26_XENTR	Xenopus tropicalis	vertebrate	679	assoc_k_beta	medium	63.6	0.4882	lrrc8	0.2044
tr|F6RB70|F6RB70_ORNAN	Ornithorhynchus anatinus	vertebrate	525	nonchannel_gasdermin	high	322.6	0.9894		1.0
tr|F6RBL0|F6RBL0_MONDO	Monodelphis domestica	vertebrate	302	assoc_cav_aux	medium	204.9	0.4856		1.0
tr|F6RCF0|F6RCF0_ORNAN	Ornithorhynchus anatinus	vertebrate	373	assoc_nav_beta	high	53.6	0.5804		1.0
tr|F6RCS1|F6RCS1_ORNAN	Ornithorhynchus anatinus	vertebrate	680	nonchannel_class_c_gpcr	high	465.3	0.7638		1.0
tr|F6RDW4|F6RDW4_ORNAN	Ornithorhynchus anatinus	vertebrate	713	nonchannel_abc_transporter	medium	352.9	0.4379	assoc_sur	0.6356
tr|F6REB5|F6REB5_CIOIN	Ciona intestinalis	deuterostome	1003	assoc_cav_aux	high	177.1	0.8683		1.0
tr|F6REY8|F6REY8_ORNAN	Ornithorhynchus anatinus	vertebrate	1331	nonchannel_vsp	medium	112.5	0.3478		1.0
tr|F6RF88|F6RF88_MONDO	Monodelphis domestica	vertebrate	947	assoc_clc_aux	high	1248.9	0.9837		1.0
tr|F6RIP7|F6RIP7_MONDO	Monodelphis domestica	vertebrate	745	assoc_k_beta	medium	54.9	0.4173		1.0
tr|F6RIS2|F6RIS2_ORNAN	Ornithorhynchus anatinus	vertebrate	738	nonchannel_pomt	high	978.6	0.9914		1.0
tr|F6RMM9|F6RMM9_MONDO	Monodelphis domestica	vertebrate	617	assoc_k_beta	medium	78.7	0.4436	lrrc8	0.1156
tr|F6RN11|F6RN11_MONDO	Monodelphis domestica	vertebrate	564	assoc_nav_beta	medium	34.0	0.4732		1.0
tr|F6RPN1|F6RPN1_CIOIN	Ciona intestinalis	deuterostome	737	nonchannel_class_c_gpcr	high	572.7	0.8497	nmda	0.9455
tr|F6RQS9|F6RQS9_XENTR	Xenopus tropicalis	vertebrate	615	assoc_k_beta	high	103.7	0.5039		1.0
tr|F6RQZ5|F6RQZ5_CIOIN	Ciona intestinalis	deuterostome	664	nonchannel_pomt	high	224.4	0.7882		1.0
tr|F6RRE5|F6RRE5_CIOIN	Ciona intestinalis	deuterostome	150	nonchannel_ncs	high	36.2	0.7927		1.0
tr|F6RSU8|F6RSU8_CIOIN	Ciona intestinalis	deuterostome	434	transporter_slc26	high	307.4	0.5437		1.0
tr|F6RUC5|F6RUC5_MONDO	Monodelphis domestica	vertebrate	574	assoc_k_beta	medium	32.4	0.3543	lrrc8	0.1636
tr|F6RVG6|F6RVG6_XENTR	Xenopus tropicalis	vertebrate	267	outofscope_aquaporin	high	298.7	0.9146		1.0
tr|F6RWI8|F6RWI8_CIOIN	Ciona intestinalis	deuterostome	349	transporter_slc26	medium	413.5	0.4702		1.0
tr|F6RWK5|F6RWK5_CIOIN	Ciona intestinalis	deuterostome	551	transporter_slc26	high	619.6	0.7226		1.0
tr|F6RWW7|F6RWW7_ORNAN	Ornithorhynchus anatinus	vertebrate	1327	nonchannel_abc_transporter	high	1657.5	0.967	cftr	0.437
tr|F6RZC1|F6RZC1_CIOIN	Ciona intestinalis	deuterostome	1205	nonchannel_abc_transporter	medium	574.2	0.3942	assoc_sur	0.6155
tr|F6S0F1|F6S0F1_MONDO	Monodelphis domestica	vertebrate	841	assoc_clc_aux	high	1298.4	0.8915		1.0
tr|F6S2J4|F6S2J4_CIOIN	Ciona intestinalis	deuterostome	989	nonchannel_abc_transporter	medium	589.4	0.4034	assoc_sur	0.5103
tr|F6S2T0|F6S2T0_CIOIN	Ciona intestinalis	deuterostome	1319	nonchannel_abc_transporter	medium	658.3	0.4463	assoc_sur	0.544
tr|F6S3K0|F6S3K0_XENTR	Xenopus tropicalis	vertebrate	535	nonchannel_ncs	high	45.7	0.6114		1.0
tr|F6S5Z8|F6S5Z8_CIOIN	Ciona intestinalis	deuterostome	1133	nonchannel_ncs	high	56.8	0.7927	assoc_kchip	0.3732
tr|F6S7R5|F6S7R5_ORNAN	Ornithorhynchus anatinus	vertebrate	271	outofscope_aquaporin	high	308.8	0.9502		1.0
tr|F6S9K4|F6S9K4_ORNAN	Ornithorhynchus anatinus	vertebrate	1606	nonchannel_ncs	medium	80.1	0.5492	assoc_kchip	0.2709
tr|F6SDY2|F6SDY2_ORNAN	Ornithorhynchus anatinus	vertebrate	103	assoc_kcne	high	88.2	0.7638		1.0
tr|F6SEP0|F6SEP0_ORNAN	Ornithorhynchus anatinus	vertebrate	343	assoc_k_beta	high	41.2	0.5774		1.0
tr|F6SEU9|F6SEU9_MONDO	Monodelphis domestica	vertebrate	494	assoc_nav_beta	medium	33.8	0.4152		1.0
tr|F6SFW2|F6SFW2_MONDO	Monodelphis domestica	vertebrate	317	assoc_iglur_aux	high	225.7	0.6499		1.0
tr|F6SGF2|F6SGF2_CIOIN	Ciona intestinalis	deuterostome	947	assoc_k_beta	medium	48.0	0.4829		1.0
tr|F6SJC3|F6SJC3_CIOIN	Ciona intestinalis	deuterostome	192	nonchannel_ncs	high	182.1	0.9845	assoc_kchip	0.3427
tr|F6SJI7|F6SJI7_MONDO	Monodelphis domestica	vertebrate	201	nonchannel_ncs	high	255.4	0.9275	assoc_kchip	0.5705
tr|F6SJR0|F6SJR0_CIOIN	Ciona intestinalis	deuterostome	187	nonchannel_ncs	medium	42.2	0.4767		1.0
tr|F6SKB5|F6SKB5_CIOIN	Ciona intestinalis	deuterostome	411	assoc_k_beta	high	43.5	0.6063		1.0
tr|F6SKC4|F6SKC4_CIOIN	Ciona intestinalis	deuterostome	188	assoc_k_beta	medium	54.5	0.4173	lrrc8	0.4789
tr|F6SKD2|F6SKD2_MONDO	Monodelphis domestica	vertebrate	193	nonchannel_ncs	high	336.2	0.9896	assoc_kchip	0.4372
tr|F6SL62|F6SL62_MONDO	Monodelphis domestica	vertebrate	193	nonchannel_ncs	high	336.4	0.9948	assoc_kchip	0.418
tr|F6SU31|F6SU31_ORNAN	Ornithorhynchus anatinus	vertebrate	317	assoc_nav_beta	high	33.0	0.8393		1.0
tr|F6SUI5|F6SUI5_MONDO	Monodelphis domestica	vertebrate	217	nonchannel_ncs	medium	83.2	0.7202	assoc_kchip	0.149
tr|F6SV30|F6SV30_ORNAN	Ornithorhynchus anatinus	vertebrate	186	assoc_nav_beta	high	39.7	0.6071		1.0
tr|F6SW82|F6SW82_ORNAN	Ornithorhynchus anatinus	vertebrate	198	nonchannel_ncs	high	253.0	0.9119	assoc_kchip	0.5676
tr|F6SW99|F6SW99_ORNAN	Ornithorhynchus anatinus	vertebrate	199	nonchannel_ncs	high	249.4	0.9689	assoc_kchip	0.5385
tr|F6SWT2|F6SWT2_CIOIN	Ciona intestinalis	deuterostome	910	assoc_clc_aux	high	549.6	0.9414		1.0
tr|F6SXD4|F6SXD4_MONDO	Monodelphis domestica	vertebrate	438	assoc_k_beta	medium	40.4	0.3071		1.0
tr|F6SXP0|F6SXP0_CIOIN	Ciona intestinalis	deuterostome	144	outofscope_aquaporin	medium	122.7	0.4057		1.0
tr|F6T160|F6T160_MONDO	Monodelphis domestica	vertebrate	351	assoc_k_beta	high	212.2	0.8976		1.0
tr|F6T2A6|F6T2A6_CIOIN	Ciona intestinalis	deuterostome	149	nonchannel_ncs	high	59.5	0.5699		1.0
tr|F6T2C1|F6T2C1_CIOIN	Ciona intestinalis	deuterostome	149	nonchannel_ncs	high	58.3	0.5648		1.0
tr|F6T2I3|F6T2I3_ORNAN	Ornithorhynchus anatinus	vertebrate	1118	nonchannel_ncs	medium	30.4	0.3264		1.0
tr|F6T364|F6T364_XENTR	Xenopus tropicalis	vertebrate	962	nonchannel_class_c_gpcr	high	635.8	0.8927		1.0
tr|F6T8N6|F6T8N6_CIOIN	Ciona intestinalis	deuterostome	1291	nonchannel_abc_transporter	high	1337.1	0.9624	cftr	0.4204
tr|F6T901|F6T901_MONDO	Monodelphis domestica	vertebrate	768	nonchannel_class_c_gpcr	high	576.8	0.8633		1.0
tr|F6T9I3|F6T9I3_XENTR	Xenopus tropicalis	vertebrate	486	assoc_k_beta	high	86.1	0.6509		1.0
tr|F6TB84|F6TB84_CIOIN	Ciona intestinalis	deuterostome	400	assoc_stim	medium	144.3	0.3821		1.0
tr|F6TDG6|F6TDG6_XENTR	Xenopus tropicalis	vertebrate	470	nonchannel_kctd	high	105.4	0.8549	kv_shaker	0.741
tr|F6TKX6|F6TKX6_MONDO	Monodelphis domestica	vertebrate	754	transporter_slc26	high	967.9	0.9806		1.0
tr|F6TMG7|F6TMG7_CIOIN	Ciona intestinalis	deuterostome	202	nonchannel_ncs	high	263.4	0.9585	assoc_kchip	0.3276
tr|F6TNZ8|F6TNZ8_MONDO	Monodelphis domestica	vertebrate	905	assoc_k_beta	medium	82.9	0.3937		1.0
tr|F6TQL0|F6TQL0_ORNAN	Ornithorhynchus anatinus	vertebrate	671	nonchannel_class_c_gpcr	high	392.2	0.6102		1.0
tr|F6TTB1|F6TTB1_MONDO	Monodelphis domestica	vertebrate	410	assoc_nav_beta	medium	42.2	0.433		1.0
tr|F6TTB9|F6TTB9_XENTR	Xenopus tropicalis	vertebrate	275	assoc_cav_aux	high	195.3	0.5158		1.0
tr|F6TU91|F6TU91_MONDO	Monodelphis domestica	vertebrate	801	assoc_k_beta	medium	35.9	0.4567	lrrc8	0.1421
tr|F6U175|F6U175_MONDO	Monodelphis domestica	vertebrate	187	nonchannel_ncs	medium	36.4	0.658	assoc_kchip	0.261
tr|F6U1J2|F6U1J2_XENTR	Xenopus tropicalis	vertebrate	1291	nonchannel_class_c_gpcr	medium	86.9	0.3379		1.0
tr|F6U2X5|F6U2X5_ORNAN	Ornithorhynchus anatinus	vertebrate	323	assoc_cav_aux	high	285.6	0.5748		1.0
tr|F6U3N6|F6U3N6_CIOIN	Ciona intestinalis	deuterostome	1196	nonchannel_abc_transporter	medium	512.5	0.4609	assoc_sur	0.657
tr|F6U4J4|F6U4J4_CIOIN	Ciona intestinalis	deuterostome	1055	nonchannel_abc_transporter	medium	629.5	0.4034	assoc_sur	0.5936
tr|F6U510|F6U510_MONDO	Monodelphis domestica	vertebrate	737	nonchannel_abc_transporter	medium	339.2	0.4248	assoc_sur	0.7087
tr|F6U6J2|F6U6J2_CIOIN	Ciona intestinalis	deuterostome	314	assoc_k_beta	medium	37.0	0.5617	lrrc8	0.1081
tr|F6U6Z4|F6U6Z4_CIOIN	Ciona intestinalis	deuterostome	450	nonchannel_ncs	medium	31.0	0.3575		1.0
tr|F6UB43|F6UB43_MONDO	Monodelphis domestica	vertebrate	345	assoc_k_beta	medium	36.8	0.3701		1.0
tr|F6UBY5|F6UBY5_ORNAN	Ornithorhynchus anatinus	vertebrate	2636	assoc_k_beta	medium	69.7	0.4987	lrrc8	0.5323
tr|F6UEG1|F6UEG1_CIOIN	Ciona intestinalis	deuterostome	562	transporter_slc26	high	377.0	0.6727		1.0
tr|F6UF30|F6UF30_XENTR	Xenopus tropicalis	vertebrate	307	assoc_nav_beta	medium	31.7	0.4107		1.0
tr|F6UFT0|F6UFT0_MONDO	Monodelphis domestica	vertebrate	449	assoc_k_beta	medium	35.3	0.4173	lrrc8	0.1133
tr|F6UJ17|F6UJ17_CIOIN	Ciona intestinalis	deuterostome	909	nonchannel_vsp	medium	122.2	0.3134		1.0
tr|F6UL86|F6UL86_ORNAN	Ornithorhynchus anatinus	vertebrate	770	assoc_stim	high	1345.1	0.8658		1.0
tr|F6UNX1|F6UNX1_ORNAN	Ornithorhynchus anatinus	vertebrate	1213	nonchannel_class_c_gpcr	high	1149.6	0.9695	nmda	0.9728
tr|F6US32|F6US32_MONDO	Monodelphis domestica	vertebrate	546	assoc_k_beta	medium	37.3	0.3491	lrrc8	0.2413
tr|F6UVS1|F6UVS1_ORNAN	Ornithorhynchus anatinus	vertebrate	2985	assoc_k_beta	medium	58.6	0.4882	lrrc8	0.4198
tr|F6UWR8|F6UWR8_MONDO	Monodelphis domestica	vertebrate	471	assoc_nav_beta	medium	35.5	0.4152		1.0
tr|F6UY13|F6UY13_MONDO	Monodelphis domestica	vertebrate	499	assoc_k_beta	medium	48.6	0.4961		1.0
tr|F6UZG4|F6UZG4_ORNAN	Ornithorhynchus anatinus	vertebrate	416	assoc_cav_aux	medium	257.5	0.4979		1.0
tr|F6V0M7|F6V0M7_XENTR	Xenopus tropicalis	vertebrate	276	outofscope_aquaporin	high	269.3	0.9324		1.0
tr|F6V2Z5|F6V2Z5_CIOIN	Ciona intestinalis	deuterostome	1293	nonchannel_abc_transporter	high	1306.2	0.9632	assoc_sur	0.4956
tr|F6V4I7|F6V4I7_MOUSE	Mus musculus	vertebrate	408	assoc_nav_beta	high	38.1	0.5536		1.0
tr|F6V5G0|F6V5G0_MONDO	Monodelphis domestica	vertebrate	879	nonchannel_class_c_gpcr	high	1192.9	0.9944		1.0
tr|F6V6F2|F6V6F2_ORNAN	Ornithorhynchus anatinus	vertebrate	745	transporter_slc26	high	960.4	0.9806		1.0
tr|F6V8E3|F6V8E3_CIOIN	Ciona intestinalis	deuterostome	312	assoc_k_beta	medium	60.6	0.3911	lrrc8	0.297
tr|F6V8I4|F6V8I4_CIOIN	Ciona intestinalis	deuterostome	246	assoc_kchip	high	273.2	0.7809	nonchannel_ncs	0.3763
tr|F6V9B5|F6V9B5_ORNAN	Ornithorhynchus anatinus	vertebrate	1460	nonchannel_ncs	high	58.6	0.601	assoc_kchip	0.5102
tr|F6VAX6|F6VAX6_CIOIN	Ciona intestinalis	deuterostome	405	assoc_mcu_reg	high	361.2	0.7883		1.0
tr|F6VBH0|F6VBH0_MOUSE	Mus musculus	vertebrate	852	nonchannel_class_c_gpcr	high	437.9	0.8723		1.0
tr|F6VDC0|F6VDC0_MONDO	Monodelphis domestica	vertebrate	194	nonchannel_ncs	high	56.5	0.9223	assoc_kchip	0.4584
tr|F6VFW3|F6VFW3_ORNAN	Ornithorhynchus anatinus	vertebrate	910	trpn	medium	30.9	0.4118		1.0
tr|F6VIT0|F6VIT0_CIOIN	Ciona intestinalis	deuterostome	711	transporter_slc26	high	693.0	0.9598		1.0
tr|F6VJS2|F6VJS2_CIOIN	Ciona intestinalis	deuterostome	461	assoc_cav_aux	high	337.1	0.5158		1.0
tr|F6VJT4|F6VJT4_MOUSE	Mus musculus	vertebrate	1588	assoc_sur	high	3384.5	1.0	nonchannel_abc_transporter	0.6624
tr|F6VJW2|F6VJW2_MONDO	Monodelphis domestica	vertebrate	869	nonchannel_class_c_gpcr	high	589.8	0.9198		1.0
tr|F6VK35|F6VK35_XENTR	Xenopus tropicalis	vertebrate	755	transporter_slc26	high	885.5	0.9626		1.0
tr|F6VK44|F6VK44_XENTR	Xenopus tropicalis	vertebrate	757	transporter_slc26	high	895.8	0.9626		1.0
tr|F6VQN3|F6VQN3_MONDO	Monodelphis domestica	vertebrate	1515	assoc_k_beta	high	239.2	0.5984	lrrc8	0.5293
tr|F6VTX1|F6VTX1_MONDO	Monodelphis domestica	vertebrate	1466	assoc_k_beta	high	63.9	0.6037	lrrc8	0.3099
tr|F6VWS6|F6VWS6_MONDO	Monodelphis domestica	vertebrate	1270	nonchannel_ncs	medium	31.0	0.342		1.0
tr|F6VYP8|F6VYP8_ORNAN	Ornithorhynchus anatinus	vertebrate	673	nonchannel_class_c_gpcr	high	440.2	0.7379		1.0
tr|F6W043|F6W043_MOUSE	Mus musculus	vertebrate	852	nonchannel_class_c_gpcr	high	440.0	0.8712		1.0
tr|F6W0T8|F6W0T8_MONDO	Monodelphis domestica	vertebrate	1123	assoc_catsper_aux	high	406.3	0.9291		1.0
tr|F6W254|F6W254_CIOIN	Ciona intestinalis	deuterostome	909	assoc_clc_aux	high	582.7	0.9328		1.0
tr|F6W3N1|F6W3N1_MONDO	Monodelphis domestica	vertebrate	861	nonchannel_class_c_gpcr	high	565.0	0.913		1.0
tr|F6W3P6|F6W3P6_MONDO	Monodelphis domestica	vertebrate	435	assoc_k_beta	high	82.4	0.6247	lrrc8	0.6238
tr|F6W427|F6W427_MONDO	Monodelphis domestica	vertebrate	873	nonchannel_class_c_gpcr	high	573.8	0.9356		1.0
tr|F6W4P8|F6W4P8_MONDO	Monodelphis domestica	vertebrate	1488	assoc_k_beta	medium	58.7	0.5197	lrrc8	0.2317
tr|F6W5Y9|F6W5Y9_MONDO	Monodelphis domestica	vertebrate	500	nonchannel_gasdermin	high	335.5	0.9894		1.0
tr|F6W7R8|F6W7R8_ORNAN	Ornithorhynchus anatinus	vertebrate	1579	assoc_sur	high	3184.4	1.0	nonchannel_abc_transporter	0.6428
tr|F6WAD7|F6WAD7_MOUSE	Mus musculus	vertebrate	730	assoc_k_beta	high	103.0	0.5039	lrrc8	0.5087
tr|F6WAH1|F6WAH1_ORNAN	Ornithorhynchus anatinus	vertebrate	911	nonchannel_class_c_gpcr	high	703.9	0.9051		1.0
tr|F6WBF8|F6WBF8_XENTR	Xenopus tropicalis	vertebrate	775	transporter_slc26	high	922.0	0.9847		1.0
tr|F6WDX1|F6WDX1_ORNAN	Ornithorhynchus anatinus	vertebrate	1318	assoc_k_beta	medium	48.0	0.3228		1.0
tr|F6WGB2|F6WGB2_MONDO	Monodelphis domestica	vertebrate	916	nonchannel_class_c_gpcr	high	616.0	0.8113	kainate	0.9542
tr|F6WJ54|F6WJ54_XENTR	Xenopus tropicalis	vertebrate	1172	nonchannel_class_c_gpcr	high	1127.9	0.9695	nmda	0.9686
tr|F6WJL6|F6WJL6_MONDO	Monodelphis domestica	vertebrate	446	nonchannel_gasdermin	high	490.3	0.9936		1.0
tr|F6WK63|F6WK63_MONDO	Monodelphis domestica	vertebrate	236	assoc_iglur_aux	high	283.9	0.6154		1.0
tr|F6WKG4|F6WKG4_CIOIN	Ciona intestinalis	deuterostome	1552	nonchannel_ncs	medium	57.0	0.8083	assoc_kchip	0.2526
tr|F6WLC1|F6WLC1_CIOIN	Ciona intestinalis	deuterostome	259	assoc_k_beta	medium	42.8	0.4829	lrrc8	0.1308
tr|F6WLC8|F6WLC8_ORNAN	Ornithorhynchus anatinus	vertebrate	352	nonchannel_gasdermin	high	330.6	0.7097		1.0
tr|F6WN73|F6WN73_MONDO	Monodelphis domestica	vertebrate	705	nonchannel_abc_transporter	medium	365.7	0.398	assoc_sur	0.5461
tr|F6WP14|F6WP14_MONDO	Monodelphis domestica	vertebrate	1333	assoc_k_beta	medium	50.2	0.3202		1.0
tr|F6WP30|F6WP30_ORNAN	Ornithorhynchus anatinus	vertebrate	1303	nonchannel_abc_transporter	medium	668.6	0.4041	assoc_sur	0.6062
tr|F6WQ56|F6WQ56_MONDO	Monodelphis domestica	vertebrate	798	nonchannel_class_c_gpcr	high	571.2	0.8723		1.0
tr|F6WRZ9|F6WRZ9_CIOIN	Ciona intestinalis	deuterostome	184	nonchannel_ncs	medium	172.2	0.9793	assoc_kchip	0.1911
tr|F6WSL9|F6WSL9_XENTR	Xenopus tropicalis	vertebrate	171	nonchannel_ncs	medium	44.1	0.456		1.0
tr|F6WTC2|F6WTC2_MONDO	Monodelphis domestica	vertebrate	111	assoc_kcne	high	105.8	0.7638		1.0
tr|F6WVF1|F6WVF1_MONDO	Monodelphis domestica	vertebrate	1165	nonchannel_abc_transporter	high	1504.2	0.839	assoc_sur	0.565
tr|F6WVU8|F6WVU8_CIOIN	Ciona intestinalis	deuterostome	1286	nonchannel_abc_transporter	medium	636.3	0.4271	assoc_sur	0.65
tr|F6WY21|F6WY21_MONDO	Monodelphis domestica	vertebrate	1400	nonchannel_abc_transporter	high	1399.5	0.9095	assoc_sur	0.621
tr|F6WZ33|F6WZ33_MONDO	Monodelphis domestica	vertebrate	471	nonchannel_gasdermin	high	316.7	0.9958		1.0
tr|F6X173|F6X173_XENTR	Xenopus tropicalis	vertebrate	795	nonchannel_ncs	high	52.9	0.5596	assoc_kchip	0.4178
tr|F6X336|F6X336_XENTR	Xenopus tropicalis	vertebrate	601	assoc_k_beta	medium	141.3	0.5853	lrrc8	0.1861
tr|F6X4B8|F6X4B8_CIOIN	Ciona intestinalis	deuterostome	600	assoc_mcu_reg	medium	37.3	0.3536		1.0
tr|F6X5N0|F6X5N0_MONDO	Monodelphis domestica	vertebrate	218	assoc_nav_beta	high	208.3	0.9107		1.0
tr|F6X645|F6X645_MONDO	Monodelphis domestica	vertebrate	771	nonchannel_class_c_gpcr	high	497.9	0.8554		1.0
tr|F6X6U8|F6X6U8_ORNAN	Ornithorhynchus anatinus	vertebrate	315	assoc_k_beta	high	182.9	0.7428	lrrc8	0.8606
tr|F6XBM6|F6XBM6_CIOIN	Ciona intestinalis	deuterostome	1509	nonchannel_ncs	medium	44.7	0.456	assoc_kchip	0.1969
tr|F6XC80|F6XC80_ORNAN	Ornithorhynchus anatinus	vertebrate	1513	nonchannel_abc_transporter	high	1617.6	0.9755	assoc_sur	0.5722
tr|F6XCE1|F6XCE1_ORNAN	Ornithorhynchus anatinus	vertebrate	545	transporter_slc26	high	335.4	0.749		1.0
tr|F6XCE4|F6XCE4_XENTR	Xenopus tropicalis	vertebrate	193	nonchannel_ncs	high	229.4	0.9741	assoc_kchip	0.4564
tr|F6XCN0|F6XCN0_XENTR	Xenopus tropicalis	vertebrate	309	assoc_iglur_aux	high	120.3	0.5995		1.0
tr|F6XE54|F6XE54_MONDO	Monodelphis domestica	vertebrate	169	assoc_kcne	high	93.9	0.622		1.0
tr|F6XES8|F6XES8_MONDO	Monodelphis domestica	vertebrate	441	assoc_k_beta	medium	59.2	0.3491		1.0
tr|F6XGD9|F6XGD9_CIOIN	Ciona intestinalis	deuterostome	388	transporter_slc26	medium	336.6	0.4716		1.0
tr|F6XJ27|F6XJ27_CIOIN	Ciona intestinalis	deuterostome	217	assoc_k_beta	medium	39.9	0.4619	lrrc8	0.1855
tr|F6XJJ1|F6XJJ1_MONDO	Monodelphis domestica	vertebrate	798	nonchannel_class_c_gpcr	high	642.3	0.5559		1.0
tr|F6XKU0|F6XKU0_MONDO	Monodelphis domestica	vertebrate	517	nonchannel_class_c_gpcr	medium	242.6	0.3446		1.0
tr|F6XR15|F6XR15_XENTR	Xenopus tropicalis	vertebrate	1317	nonchannel_abc_transporter	medium	688.7	0.4578	assoc_sur	0.6308
tr|F6XSD8|F6XSD8_CIOIN	Ciona intestinalis	deuterostome	208	nonchannel_ncs	high	39.1	0.7098		1.0
tr|F6XSE6|F6XSE6_CIOIN	Ciona intestinalis	deuterostome	777	nonchannel_class_c_gpcr	high	589.6	0.8701		1.0
tr|F6XU21|F6XU21_CIOIN	Ciona intestinalis	deuterostome	552	assoc_k_beta	medium	73.5	0.4357	lrrc8	0.5497
tr|F6XUU8|F6XUU8_MONDO	Monodelphis domestica	vertebrate	531	assoc_k_beta	high	86.5	0.6194	lrrc8	0.4162
tr|F6XUW2|F6XUW2_MONDO	Monodelphis domestica	vertebrate	330	assoc_cav_aux	medium	226.1	0.3237		1.0
tr|F6XVA7|F6XVA7_MONDO	Monodelphis domestica	vertebrate	1580	assoc_sur	high	3251.7	1.0	nonchannel_abc_transporter	0.6526
tr|F6XVR8|F6XVR8_MONDO	Monodelphis domestica	vertebrate	596	assoc_catsper_aux	high	269.1	0.5126		1.0
tr|F6XWE1|F6XWE1_ORNAN	Ornithorhynchus anatinus	vertebrate	195	nonchannel_ncs	medium	51.3	0.3938	assoc_kchip	0.3138
tr|F6XX03|F6XX03_ORNAN	Ornithorhynchus anatinus	vertebrate	822	assoc_k_beta	medium	43.4	0.4619	lrrc8	0.2972
tr|F6XXM9|F6XXM9_MONDO	Monodelphis domestica	vertebrate	275	outofscope_aquaporin	high	250.7	0.758		1.0
tr|F6XYD4|F6XYD4_MONDO	Monodelphis domestica	vertebrate	844	nonchannel_abc_transporter	medium	350.6	0.3888	assoc_sur	0.6489
tr|F6XYF9|F6XYF9_MONDO	Monodelphis domestica	vertebrate	317	assoc_k_beta	high	167.2	0.7743	lrrc8	0.7781
tr|F6XZ41|F6XZ41_ORNAN	Ornithorhynchus anatinus	vertebrate	687	nonchannel_class_c_gpcr	high	405.1	0.765		1.0
tr|F6XZQ4|F6XZQ4_ORNAN	Ornithorhynchus anatinus	vertebrate	1494	assoc_k_beta	high	259.7	0.5039	lrrc8	0.5037
tr|F6Y0X6|F6Y0X6_MONDO	Monodelphis domestica	vertebrate	960	assoc_cav_aux	high	663.2	0.8916		1.0
tr|F6Y1E4|F6Y1E4_ORNAN	Ornithorhynchus anatinus	vertebrate	191	assoc_k_beta	high	88.2	0.79		1.0
tr|F6Y3E0|F6Y3E0_ORNAN	Ornithorhynchus anatinus	vertebrate	732	nonchannel_class_c_gpcr	high	329.3	0.7955		1.0
tr|F6Y437|F6Y437_CIOIN	Ciona intestinalis	deuterostome	423	assoc_mcu_reg	high	385.2	0.8221		1.0
tr|F6Y4H2|F6Y4H2_MONDO	Monodelphis domestica	vertebrate	714	nonchannel_class_c_gpcr	high	992.9	0.7729	kainate	0.9725
tr|F6YCN8|F6YCN8_CIOIN	Ciona intestinalis	deuterostome	164	nonchannel_ncs	high	42.9	0.5285		1.0
tr|F6YD53|F6YD53_CIOIN	Ciona intestinalis	deuterostome	332	assoc_k_beta	high	162.9	0.8084		1.0
tr|F6YEH0|F6YEH0_XENTR	Xenopus tropicalis	vertebrate	725	nonchannel_pomt	high	1049.3	0.9397		1.0
tr|F6YEQ3|F6YEQ3_MONDO	Monodelphis domestica	vertebrate	869	nonchannel_class_c_gpcr	high	586.9	0.9288		1.0
tr|F6YGN1|F6YGN1_MONDO	Monodelphis domestica	vertebrate	890	nonchannel_class_c_gpcr	high	763.2	0.6373		1.0
tr|F6YIQ8|F6YIQ8_MONDO	Monodelphis domestica	vertebrate	640	assoc_k_beta	high	98.7	0.5302	lrrc8	0.384
tr|F6YJA3|F6YJA3_MONDO	Monodelphis domestica	vertebrate	1542	nonchannel_ncs	high	61.3	0.5959	assoc_kchip	0.4731
tr|F6YR75|F6YR75_MONDO	Monodelphis domestica	vertebrate	584	nonchannel_abc_transporter	medium	364.8	0.3949	assoc_sur	0.545
tr|F6YRN5|F6YRN5_MONDO	Monodelphis domestica	vertebrate	442	assoc_k_beta	high	72.5	0.5276	lrrc8	0.4372
tr|F6YSA0|F6YSA0_CIOIN	Ciona intestinalis	deuterostome	165	nonchannel_ncs	high	47.8	0.7876		1.0
tr|F6YV00|F6YV00_MONDO	Monodelphis domestica	vertebrate	579	nonchannel_class_c_gpcr	high	357.4	0.5492		1.0
tr|F6YVW8|F6YVW8_CIOIN	Ciona intestinalis	deuterostome	289	outofscope_aquaporin	high	90.4	0.8256		1.0
tr|F6YZZ7|F6YZZ7_CIOIN	Ciona intestinalis	deuterostome	786	nonchannel_ncs	high	49.1	0.5648	assoc_kchip	0.3686
tr|F6Z127|F6Z127_MONDO	Monodelphis domestica	vertebrate	1554	nonchannel_abc_transporter	high	1705.1	0.9755	assoc_sur	0.5225
tr|F6Z4W8|F6Z4W8_XENTR	Xenopus tropicalis	vertebrate	208	nonchannel_ncs	high	45.5	0.7098		1.0
tr|F6Z9G8|F6Z9G8_MONDO	Monodelphis domestica	vertebrate	860	nonchannel_class_c_gpcr	high	574.5	0.9175		1.0
tr|F6ZFE5|F6ZFE5_MONDO	Monodelphis domestica	vertebrate	356	assoc_k_beta	medium	74.7	0.5328	lrrc8	0.2142
tr|F6ZJI3|F6ZJI3_CIOIN	Ciona intestinalis	deuterostome	924	assoc_clc_aux	high	501.1	0.9328		1.0
tr|F6ZLJ5|F6ZLJ5_MONDO	Monodelphis domestica	vertebrate	837	nonchannel_class_c_gpcr	high	545.2	0.8859		1.0
tr|F6ZLL1|F6ZLL1_MONDO	Monodelphis domestica	vertebrate	314	nonchannel_class_c_gpcr	medium	273.1	0.348		1.0
tr|F6ZMC6|F6ZMC6_XENTR	Xenopus tropicalis	vertebrate	639	assoc_k_beta	high	106.2	0.5249	lrrc8	0.3154
tr|F6ZQG6|F6ZQG6_ORNAN	Ornithorhynchus anatinus	vertebrate	150	assoc_kcne	high	90.1	0.5669		1.0
tr|F6ZQI9|F6ZQI9_ORNAN	Ornithorhynchus anatinus	vertebrate	118	assoc_kcne	high	67.1	0.7795		1.0
tr|F6ZRR2|F6ZRR2_ORNAN	Ornithorhynchus anatinus	vertebrate	333	outofscope_aquaporin	high	141.2	0.7687		1.0
tr|F6ZS82|F6ZS82_MONDO	Monodelphis domestica	vertebrate	185	nonchannel_ncs	medium	45.0	0.8964	assoc_kchip	0.2978
tr|F6ZT09|F6ZT09_MONDO	Monodelphis domestica	vertebrate	824	nonchannel_class_c_gpcr	high	668.3	0.8655		1.0
tr|F6ZT49|F6ZT49_ORNAN	Ornithorhynchus anatinus	vertebrate	1488	assoc_k_beta	medium	55.7	0.5171	lrrc8	0.1688
tr|F6ZU23|F6ZU23_ORNAN	Ornithorhynchus anatinus	vertebrate	240	outofscope_aquaporin	high	145.0	0.6157		1.0
tr|F6ZXM6|F6ZXM6_MONDO	Monodelphis domestica	vertebrate	929	nonchannel_class_c_gpcr	high	666.0	0.9367		1.0
tr|F6ZZZ1|F6ZZZ1_ORNAN	Ornithorhynchus anatinus	vertebrate	778	nonchannel_class_c_gpcr	high	559.1	0.8644		1.0
tr|F7A5K4|F7A5K4_MONDO	Monodelphis domestica	vertebrate	315	assoc_cav_aux	high	265.8	0.5748		1.0
tr|F7A5Z2|F7A5Z2_ORNAN	Ornithorhynchus anatinus	vertebrate	153	nonchannel_ncs	high	41.7	0.6373		1.0
tr|F7A727|F7A727_MONDO	Monodelphis domestica	vertebrate	877	nonchannel_class_c_gpcr	high	526.1	0.9311		1.0
tr|F7AA21|F7AA21_MONDO	Monodelphis domestica	vertebrate	329	assoc_nav_beta	high	50.9	0.6027		1.0
tr|F7AA31|F7AA31_CIOIN	Ciona intestinalis	deuterostome	906	nonchannel_class_c_gpcr	high	753.1	0.939		1.0
tr|F7ACJ6|F7ACJ6_ORNAN	Ornithorhynchus anatinus	vertebrate	761	assoc_k_beta	high	60.5	0.5853		1.0
tr|F7AEY6|F7AEY6_MONDO	Monodelphis domestica	vertebrate	861	assoc_k_beta	medium	49.8	0.336		1.0
tr|F7AFC6|F7AFC6_CIOIN	Ciona intestinalis	deuterostome	228	nonchannel_pomt	medium	183.0	0.3017		1.0
tr|F7AG00|F7AG00_CIOIN	Ciona intestinalis	deuterostome	638	transporter_slc26	high	555.5	0.8932		1.0
tr|F7AGJ6|F7AGJ6_XENTR	Xenopus tropicalis	vertebrate	364	assoc_nav_beta	high	32.1	0.6116		1.0
tr|F7AGL6|F7AGL6_MONDO	Monodelphis domestica	vertebrate	1071	assoc_catsper_aux	high	347.1	0.8515		1.0
tr|F7AGZ5|F7AGZ5_MONDO	Monodelphis domestica	vertebrate	401	assoc_k_beta	high	280.7	0.8399		1.0
tr|F7AIA9|F7AIA9_ORNAN	Ornithorhynchus anatinus	vertebrate	861	nonchannel_class_c_gpcr	high	588.4	0.9288		1.0
tr|F7AIC5|F7AIC5_ORNAN	Ornithorhynchus anatinus	vertebrate	809	nonchannel_class_c_gpcr	high	577.6	0.8768		1.0
tr|F7AIE3|F7AIE3_ORNAN	Ornithorhynchus anatinus	vertebrate	858	nonchannel_class_c_gpcr	high	519.2	0.913		1.0
tr|F7AM25|F7AM25_XENTR	Xenopus tropicalis	vertebrate	378	assoc_k_beta	medium	76.2	0.3701	lrrc8	0.2336
tr|F7AM47|F7AM47_ORNAN	Ornithorhynchus anatinus	vertebrate	525	assoc_iglur_aux	high	371.7	0.8859		1.0
tr|F7AMN8|F7AMN8_MOUSE	Mus musculus	vertebrate	865	nonchannel_class_c_gpcr	high	474.5	0.9345		1.0
tr|F7ANL5|F7ANL5_ORNAN	Ornithorhynchus anatinus	vertebrate	701	nonchannel_class_c_gpcr	high	488.7	0.765		1.0
tr|F7ANL6|F7ANL6_XENTR	Xenopus tropicalis	vertebrate	1041	nonchannel_class_c_gpcr	high	1032.2	0.9571	nmda	0.9737
tr|F7APN5|F7APN5_CIOIN	Ciona intestinalis	deuterostome	170	nonchannel_ncs	high	60.0	0.5492		1.0
tr|F7AQ62|F7AQ62_CIOIN	Ciona intestinalis	deuterostome	769	nonchannel_class_c_gpcr	high	321.0	0.8893		1.0
tr|F7ASL8|F7ASL8_CIOIN	Ciona intestinalis	deuterostome	190	nonchannel_ncs	medium	271.8	0.9637	assoc_kchip	0.2351
tr|F7ASM9|F7ASM9_CIOIN	Ciona intestinalis	deuterostome	192	nonchannel_ncs	medium	166.6	0.9637	assoc_kchip	0.1417
tr|F7ATC1|F7ATC1_MONDO	Monodelphis domestica	vertebrate	276	outofscope_aquaporin	high	217.8	0.847		1.0
tr|F7ATJ7|F7ATJ7_XENTR	Xenopus tropicalis	vertebrate	676	assoc_mcu_reg	high	43.7	0.5428		1.0
tr|F7AU19|F7AU19_ORNAN	Ornithorhynchus anatinus	vertebrate	403	assoc_k_beta	high	247.6	0.8504		1.0
tr|F7AUY8|F7AUY8_ORNAN	Ornithorhynchus anatinus	vertebrate	775	transporter_slc26	high	906.9	0.9626		1.0
tr|F7AWE8|F7AWE8_MONDO	Monodelphis domestica	vertebrate	549	assoc_k_beta	medium	42.3	0.3438		1.0
tr|F7AWF9|F7AWF9_CIOIN	Ciona intestinalis	deuterostome	1331	assoc_k_beta	high	217.6	0.5092	lrrc8	0.5951
tr|F7AWS5|F7AWS5_ORNAN	Ornithorhynchus anatinus	vertebrate	270	assoc_nav_beta	high	73.7	0.7723		1.0
tr|F7AXE7|F7AXE7_CIOIN	Ciona intestinalis	deuterostome	431	nonchannel_kctd	high	75.7	0.8612		1.0
tr|F7AXY8|F7AXY8_CIOIN	Ciona intestinalis	deuterostome	415	outofscope_aquaporin	high	171.3	0.9146		1.0
tr|F7AZ05|F7AZ05_MONDO	Monodelphis domestica	vertebrate	780	nonchannel_class_c_gpcr	high	589.1	0.8689		1.0
tr|F7AZF8|F7AZF8_MONDO	Monodelphis domestica	vertebrate	1132	assoc_catsper_aux	high	394.4	0.9544		1.0
tr|F7AZR3|F7AZR3_MOUSE	Mus musculus	vertebrate	902	assoc_clc_aux	high	1204.2	0.9328		1.0
tr|F7B363|F7B363_CIOIN	Ciona intestinalis	deuterostome	1340	nonchannel_ncs	medium	58.7	0.6114	assoc_kchip	0.2981
tr|F7B3I8|F7B3I8_MONDO	Monodelphis domestica	vertebrate	788	nonchannel_class_c_gpcr	high	756.0	0.8881	nmda	0.956
tr|F7B4P3|F7B4P3_CIOIN	Ciona intestinalis	deuterostome	488	nonchannel_ncs	medium	50.6	0.3523	assoc_kchip	0.3636
tr|F7B5F0|F7B5F0_MONDO	Monodelphis domestica	vertebrate	855	nonchannel_class_c_gpcr	high	594.2	0.9119		1.0
tr|F7B7Y5|F7B7Y5_XENTR	Xenopus tropicalis	vertebrate	215	assoc_nav_beta	high	218.0	0.9018		1.0
tr|F7B8Z6|F7B8Z6_ORNAN	Ornithorhynchus anatinus	vertebrate	305	assoc_clc_aux	medium	356.6	0.32		1.0
tr|F7B953|F7B953_ORNAN	Ornithorhynchus anatinus	vertebrate	149	nonchannel_ncs	high	60.4	0.5648		1.0
tr|F7BAF2|F7BAF2_CIOIN	Ciona intestinalis	deuterostome	766	transporter_slc26	high	770.8	0.9639		1.0
tr|F7BBL0|F7BBL0_ORNAN	Ornithorhynchus anatinus	vertebrate	885	nonchannel_class_c_gpcr	high	1228.0	0.9537		1.0
tr|F7BCV0|F7BCV0_MONDO	Monodelphis domestica	vertebrate	547	nonchannel_ncs	high	42.0	0.513	assoc_kchip	0.3548
tr|F7BER2|F7BER2_MONDO	Monodelphis domestica	vertebrate	248	assoc_nav_beta	high	84.8	0.8393		1.0
tr|F7BF76|F7BF76_CIOIN	Ciona intestinalis	deuterostome	547	assoc_k_beta	medium	77.0	0.4042	lrrc8	0.1247
tr|F7BFE1|F7BFE1_CIOIN	Ciona intestinalis	deuterostome	809	nonchannel_class_c_gpcr	high	586.4	0.9028		1.0
tr|F7BFK2|F7BFK2_MONDO	Monodelphis domestica	vertebrate	850	nonchannel_class_c_gpcr	high	527.4	0.8701		1.0
tr|F7BFX0|F7BFX0_MONDO	Monodelphis domestica	vertebrate	849	nonchannel_class_c_gpcr	high	551.3	0.8723		1.0
tr|F7BHL4|F7BHL4_XENTR	Xenopus tropicalis	vertebrate	1850	nonchannel_vsp	high	113.7	0.567		1.0
tr|F7BIY7|F7BIY7_XENTR	Xenopus tropicalis	vertebrate	230	assoc_kchip	high	429.2	0.9522	nonchannel_ncs	0.5529
tr|F7BL42|F7BL42_MONDO	Monodelphis domestica	vertebrate	261	nonchannel_ncs	medium	48.6	0.3782		1.0
tr|F7BRM9|F7BRM9_ORNAN	Ornithorhynchus anatinus	vertebrate	913	nonchannel_class_c_gpcr	high	1260.2	0.9706	nmda	0.9723
tr|F7BRX6|F7BRX6_XENTR	Xenopus tropicalis	vertebrate	718	assoc_k_beta	high	69.6	0.6509	lrrc8	0.4181
tr|F7BS98|F7BS98_MONDO	Monodelphis domestica	vertebrate	780	nonchannel_class_c_gpcr	high	587.4	0.8678		1.0
tr|F7BSU6|F7BSU6_ORNAN	Ornithorhynchus anatinus	vertebrate	788	nonchannel_class_c_gpcr	high	621.1	0.7944		1.0
tr|F7BTJ8|F7BTJ8_MONDO	Monodelphis domestica	vertebrate	432	assoc_nav_beta	high	60.7	0.5491		1.0
tr|F7BVN1|F7BVN1_MONDO	Monodelphis domestica	vertebrate	314	assoc_nav_beta	medium	35.5	0.4821		1.0
tr|F7BVS9|F7BVS9_MONDO	Monodelphis domestica	vertebrate	650	assoc_k_beta	high	119.5	0.5092	lrrc8	0.5272
tr|F7BW17|F7BW17_MOUSE	Mus musculus	vertebrate	390	assoc_nav_beta	high	104.1	0.5848		1.0
tr|F7BXS7|F7BXS7_ORNAN	Ornithorhynchus anatinus	vertebrate	1377	nonchannel_abc_transporter	high	1684.6	0.9755	assoc_sur	0.6118
tr|F7BXT9|F7BXT9_ORNAN	Ornithorhynchus anatinus	vertebrate	1299	nonchannel_abc_transporter	high	1507.8	0.9617	assoc_sur	0.6155
tr|F7BZZ9|F7BZZ9_MONDO	Monodelphis domestica	vertebrate	271	assoc_k_beta	high	156.8	0.6562	lrrc8	0.7679
tr|F7C066|F7C066_MONDO	Monodelphis domestica	vertebrate	210	assoc_k_beta	high	139.7	0.5276		1.0
tr|F7C1B7|F7C1B7_MONDO	Monodelphis domestica	vertebrate	779	nonchannel_class_c_gpcr	high	553.4	0.8701		1.0
tr|F7C3M7|F7C3M7_MONDO	Monodelphis domestica	vertebrate	230	assoc_nav_beta	high	219.5	0.9911		1.0
tr|F7C573|F7C573_MONDO	Monodelphis domestica	vertebrate	1510	nonchannel_abc_transporter	high	1870.3	0.9969	assoc_sur	0.5373
tr|F7C656|F7C656_ORNAN	Ornithorhynchus anatinus	vertebrate	316	assoc_k_beta	medium	35.7	0.3911	lrrc8	0.2633
tr|F7C745|F7C745_XENTR	Xenopus tropicalis	vertebrate	203	nonchannel_ncs	high	244.8	0.9171	assoc_kchip	0.5253
tr|F7C941|F7C941_MONDO	Monodelphis domestica	vertebrate	525	assoc_iglur_aux	high	383.4	0.9416		1.0
tr|F7C9N7|F7C9N7_MONDO	Monodelphis domestica	vertebrate	767	nonchannel_class_c_gpcr	high	556.1	0.8633		1.0
tr|F7CB65|F7CB65_XENTR	Xenopus tropicalis	vertebrate	318	assoc_k_beta	medium	34.3	0.4278	lrrc8	0.1778
tr|F7CBJ2|F7CBJ2_ORNAN	Ornithorhynchus anatinus	vertebrate	838	nonchannel_class_c_gpcr	high	774.6	0.9492	nmda	0.954
tr|F7CCS8|F7CCS8_XENTR	Xenopus tropicalis	vertebrate	400	assoc_k_beta	high	264.8	0.8399		1.0
tr|F7CFD3|F7CFD3_XENTR	Xenopus tropicalis	vertebrate	330	outofscope_aquaporin	high	282.9	0.9039		1.0
tr|F7CFK5|F7CFK5_MONDO	Monodelphis domestica	vertebrate	512	assoc_k_beta	high	86.7	0.5013		1.0
tr|F7CGH7|F7CGH7_MONDO	Monodelphis domestica	vertebrate	754	nonchannel_pomt	high	1183.0	0.9926		1.0
tr|F7CGL6|F7CGL6_XENTR	Xenopus tropicalis	vertebrate	908	assoc_nav_beta	high	33.0	0.5402		1.0
tr|F7CHX1|F7CHX1_MONDO	Monodelphis domestica	vertebrate	471	assoc_nav_beta	medium	32.3	0.4152		1.0
tr|F7CJL7|F7CJL7_ORNAN	Ornithorhynchus anatinus	vertebrate	506	trpv	high	457.4	0.603	trpn	0.9121
tr|F7CKC6|F7CKC6_ORNAN	Ornithorhynchus anatinus	vertebrate	1564	nonchannel_abc_transporter	high	1687.3	0.9762	assoc_sur	0.5268
tr|F7CKI9|F7CKI9_ORNAN	Ornithorhynchus anatinus	vertebrate	1498	assoc_k_beta	high	60.3	0.6089	lrrc8	0.3201
tr|F7CLB4|F7CLB4_MONDO	Monodelphis domestica	vertebrate	645	assoc_k_beta	high	102.8	0.5144	lrrc8	0.428
tr|F7CLG3|F7CLG3_MONDO	Monodelphis domestica	vertebrate	281	assoc_kchip	high	470.7	0.9801	nonchannel_ncs	0.604
tr|F7CLS6|F7CLS6_MONDO	Monodelphis domestica	vertebrate	224	assoc_cav_aux	medium	108.3	0.4266		1.0
tr|F7CLU2|F7CLU2_MONDO	Monodelphis domestica	vertebrate	215	assoc_nav_beta	high	271.6	1.0		1.0
tr|F7CLU5|F7CLU5_ORNAN	Ornithorhynchus anatinus	vertebrate	699	nonchannel_class_c_gpcr	high	449.8	0.765		1.0
tr|F7CNJ3|F7CNJ3_XENTR	Xenopus tropicalis	vertebrate	737	transporter_slc26	high	794.6	0.9501		1.0
tr|F7CU36|F7CU36_MONDO	Monodelphis domestica	vertebrate	303	outofscope_aquaporin	high	161.1	0.9537		1.0
tr|F7CUN0|F7CUN0_MONDO	Monodelphis domestica	vertebrate	677	assoc_mcu_reg	medium	53.8	0.3874		1.0
tr|F7CUU5|F7CUU5_ORNAN	Ornithorhynchus anatinus	vertebrate	346	assoc_cav_aux	high	266.8	0.583		1.0
tr|F7CUW1|F7CUW1_MONDO	Monodelphis domestica	vertebrate	682	nonchannel_class_c_gpcr	high	437.3	0.7729		1.0
tr|F7CV23|F7CV23_ORNAN	Ornithorhynchus anatinus	vertebrate	224	assoc_cav_aux	medium	110.5	0.4211		1.0
tr|F7CVC2|F7CVC2_ORNAN	Ornithorhynchus anatinus	vertebrate	184	nonchannel_ncs	medium	30.7	0.4819	assoc_kchip	0.1498
tr|F7CWY5|F7CWY5_ORNAN	Ornithorhynchus anatinus	vertebrate	374	assoc_k_beta	medium	82.2	0.3333	lrrc8	0.3224
tr|F7CY56|F7CY56_MONDO	Monodelphis domestica	vertebrate	149	nonchannel_ncs	high	60.4	0.5648		1.0
tr|F7CZA2|F7CZA2_XENTR	Xenopus tropicalis	vertebrate	163	nonchannel_ncs	high	52.1	0.5648	assoc_kchip	0.3916
tr|F7D0B3|F7D0B3_ORNAN	Ornithorhynchus anatinus	vertebrate	867	nonchannel_class_c_gpcr	high	559.4	0.939		1.0
tr|F7D0D5|F7D0D5_ORNAN	Ornithorhynchus anatinus	vertebrate	660	assoc_k_beta	medium	86.0	0.4829	lrrc8	0.4523
tr|F7D0P2|F7D0P2_MONDO	Monodelphis domestica	vertebrate	761	assoc_k_beta	medium	44.5	0.4987		1.0
tr|F7D2R9|F7D2R9_MONDO	Monodelphis domestica	vertebrate	661	assoc_k_beta	high	91.7	0.5407	lrrc8	0.4493
tr|F7D5Q1|F7D5Q1_MONDO	Monodelphis domestica	vertebrate	781	nonchannel_class_c_gpcr	high	587.4	0.8655		1.0
tr|F7D697|F7D697_MONDO	Monodelphis domestica	vertebrate	913	assoc_clc_aux	high	1288.8	0.9913		1.0
tr|F7D6J6|F7D6J6_MONDO	Monodelphis domestica	vertebrate	195	assoc_nav_beta	high	84.1	0.7679		1.0
tr|F7D865|F7D865_XENTR	Xenopus tropicalis	vertebrate	948	assoc_k_beta	medium	89.8	0.3018		1.0
tr|F7D910|F7D910_ORNAN	Ornithorhynchus anatinus	vertebrate	728	nonchannel_class_c_gpcr	high	471.3	0.7808		1.0
tr|F7D9M9|F7D9M9_XENTR	Xenopus tropicalis	vertebrate	408	pannexin	high	487.6	0.8575		1.0
tr|F7DBT3|F7DBT3_XENTR	Xenopus tropicalis	vertebrate	744	nonchannel_ncs	high	39.5	0.5803		1.0
tr|F7DEA3|F7DEA3_ORNAN	Ornithorhynchus anatinus	vertebrate	195	nonchannel_ncs	high	232.4	0.8964	assoc_kchip	0.5116
tr|F7DEB8|F7DEB8_XENTR	Xenopus tropicalis	vertebrate	713	assoc_k_beta	medium	77.7	0.378		1.0
tr|F7DI60|F7DI60_XENTR	Xenopus tropicalis	vertebrate	356	assoc_k_beta	high	97.8	0.6325	lrrc8	0.5654
tr|F7DJC3|F7DJC3_ORNAN	Ornithorhynchus anatinus	vertebrate	403	outofscope_aquaporin	high	339.6	0.9359		1.0
tr|F7DK16|F7DK16_MONDO	Monodelphis domestica	vertebrate	759	assoc_k_beta	high	39.0	0.5249		1.0
tr|F7DL38|F7DL38_MONDO	Monodelphis domestica	vertebrate	483	assoc_k_beta	high	83.6	0.5354	lrrc8	0.6495
tr|F7DLT8|F7DLT8_MONDO	Monodelphis domestica	vertebrate	806	nonchannel_class_c_gpcr	high	568.9	0.878		1.0
tr|F7DM83|F7DM83_ORNAN	Ornithorhynchus anatinus	vertebrate	312	nonchannel_class_c_gpcr	medium	260.1	0.3401		1.0
tr|F7DNS8|F7DNS8_ORNAN	Ornithorhynchus anatinus	vertebrate	1274	nonchannel_ncs	medium	31.0	0.342		1.0
tr|F7DPG7|F7DPG7_ORNAN	Ornithorhynchus anatinus	vertebrate	729	assoc_k_beta	medium	101.7	0.4646	lrrc8	0.4022
tr|F7DQ99|F7DQ99_MONDO	Monodelphis domestica	vertebrate	259	assoc_k_beta	medium	51.8	0.4173	lrrc8	0.4595
tr|F7DRE2|F7DRE2_MONDO	Monodelphis domestica	vertebrate	714	nonchannel_class_c_gpcr	high	508.4	0.7797		1.0
tr|F7DSK0|F7DSK0_XENTR	Xenopus tropicalis	vertebrate	803	assoc_k_beta	medium	39.8	0.4593		1.0
tr|F7DT15|F7DT15_ORNAN	Ornithorhynchus anatinus	vertebrate	264	outofscope_aquaporin	high	279.0	0.9039		1.0
tr|F7DTK8|F7DTK8_XENTR	Xenopus tropicalis	vertebrate	691	assoc_k_beta	medium	89.7	0.4908	lrrc8	0.4103
tr|F7DWN7|F7DWN7_MONDO	Monodelphis domestica	vertebrate	373	assoc_nav_beta	medium	48.9	0.4554		1.0
tr|F7DX22|F7DX22_XENTR	Xenopus tropicalis	vertebrate	362	nonchannel_class_c_gpcr	medium	40.6	0.3537		1.0
tr|F7DX36|F7DX36_XENTR	Xenopus tropicalis	vertebrate	721	assoc_k_beta	medium	146.8	0.4829	lrrc8	0.2214
tr|F7DX69|F7DX69_ORNAN	Ornithorhynchus anatinus	vertebrate	972	assoc_clc_aux	high	1208.8	0.9805		1.0
tr|F7DXL2|F7DXL2_ORNAN	Ornithorhynchus anatinus	vertebrate	884	assoc_clc_aux	high	1155.5	0.9273		1.0
tr|F7DXU6|F7DXU6_MONDO	Monodelphis domestica	vertebrate	149	nonchannel_ncs	high	55.1	0.5544		1.0
tr|F7E2D3|F7E2D3_ORNAN	Ornithorhynchus anatinus	vertebrate	905	assoc_k_beta	medium	109.3	0.3885	lrrc8	0.2031
tr|F7E501|F7E501_ORNAN	Ornithorhynchus anatinus	vertebrate	193	nonchannel_ncs	high	336.1	0.9948	assoc_kchip	0.4165
tr|F7E651|F7E651_MONDO	Monodelphis domestica	vertebrate	126	assoc_kcne	high	91.4	0.5669		1.0
tr|F7E665|F7E665_MONDO	Monodelphis domestica	vertebrate	123	assoc_kcne	high	109.1	0.8583		1.0
tr|F7E6I9|F7E6I9_ORNAN	Ornithorhynchus anatinus	vertebrate	1438	nonchannel_abc_transporter	medium	602.3	0.444	assoc_sur	0.6395
tr|F7E6S6|F7E6S6_MONDO	Monodelphis domestica	vertebrate	649	assoc_k_beta	medium	68.9	0.5092	lrrc8	0.2482
tr|F7E7W8|F7E7W8_ORNAN	Ornithorhynchus anatinus	vertebrate	606	assoc_k_beta	medium	102.3	0.4908	lrrc8	0.3431
tr|F7E9Z3|F7E9Z3_MONDO	Monodelphis domestica	vertebrate	312	nonchannel_class_c_gpcr	medium	247.2	0.3356		1.0
tr|F7EAY2|F7EAY2_MONDO	Monodelphis domestica	vertebrate	689	assoc_k_beta	medium	169.1	0.685	lrrc8	0.2147
tr|F7EB70|F7EB70_MONDO	Monodelphis domestica	vertebrate	856	nonchannel_class_c_gpcr	high	558.7	0.9186		1.0
tr|F7EBK0|F7EBK0_MONDO	Monodelphis domestica	vertebrate	778	nonchannel_class_c_gpcr	high	519.6	0.8576		1.0
tr|F7ED12|F7ED12_MONDO	Monodelphis domestica	vertebrate	839	nonchannel_ncs	high	48.2	0.5803	assoc_kchip	0.3008
tr|F7EF78|F7EF78_MONDO	Monodelphis domestica	vertebrate	354	nonchannel_gasdermin	high	333.0	0.7161		1.0
tr|F7EGE8|F7EGE8_ORNAN	Ornithorhynchus anatinus	vertebrate	725	nonchannel_pomt	high	1186.6	0.9409		1.0
tr|F7EGZ6|F7EGZ6_ORNAN	Ornithorhynchus anatinus	vertebrate	861	nonchannel_class_c_gpcr	high	592.7	0.9141		1.0
tr|F7EI26|F7EI26_XENTR	Xenopus tropicalis	vertebrate	781	transporter_slc26	high	868.9	0.9681		1.0
tr|F7EIS6|F7EIS6_ORNAN	Ornithorhynchus anatinus	vertebrate	884	nonchannel_abc_transporter	medium	304.9	0.4149	assoc_sur	0.6986
tr|F7EKE7|F7EKE7_ORNAN	Ornithorhynchus anatinus	vertebrate	430	assoc_mcu_reg	high	474.2	0.9144		1.0
tr|F7EKU4|F7EKU4_ORNAN	Ornithorhynchus anatinus	vertebrate	161	nonchannel_ncs	high	45.6	0.8187		1.0
tr|F7EKZ9|F7EKZ9_MONDO	Monodelphis domestica	vertebrate	852	nonchannel_class_c_gpcr	high	562.4	0.9107		1.0
tr|F7ELQ0|F7ELQ0_XENTR	Xenopus tropicalis	vertebrate	1517	nonchannel_ncs	high	56.2	0.658	assoc_kchip	0.3523
tr|F7EMH8|F7EMH8_RAT	Rattus norvegicus	vertebrate	737	assoc_k_beta	medium	70.8	0.4331		1.0
tr|F7ENR3|F7ENR3_RAT	Rattus norvegicus	vertebrate	482	assoc_k_beta	high	84.7	0.5564		1.0
tr|F7EQJ0|F7EQJ0_MONDO	Monodelphis domestica	vertebrate	391	nonchannel_vsp	medium	174.0	0.4674		1.0
tr|F7ETA5|F7ETA5_RAT	Rattus norvegicus	vertebrate	715	nonchannel_abc_transporter	medium	393.9	0.421	assoc_sur	0.5956
tr|F7ETR3|F7ETR3_MONDO	Monodelphis domestica	vertebrate	1322	nonchannel_abc_transporter	medium	671.0	0.411	assoc_sur	0.5996
tr|F7EVU1|F7EVU1_MONDO	Monodelphis domestica	vertebrate	119	nonchannel_ncs	high	152.5	0.6166	assoc_kchip	0.5311
tr|F7EWY6|F7EWY6_ORNAN	Ornithorhynchus anatinus	vertebrate	520	assoc_k_beta	high	151.4	0.5328	lrrc8	0.3144
tr|F7EXY7|F7EXY7_RAT	Rattus norvegicus	vertebrate	475	nonchannel_ncs	medium	39.7	0.3005		1.0
tr|F7EZ61|F7EZ61_RAT	Rattus norvegicus	vertebrate	475	nonchannel_kctd	high	102.8	0.8549	kv_shaker	0.7208
tr|F7EZN3|F7EZN3_MONDO	Monodelphis domestica	vertebrate	708	assoc_k_beta	medium	68.5	0.3307	lrrc8	0.4088
tr|F7F0N2|F7F0N2_ORNAN	Ornithorhynchus anatinus	vertebrate	782	nonchannel_abc_transporter	medium	393.1	0.4333	assoc_sur	0.6388
tr|F7F1A4|F7F1A4_ORNAN	Ornithorhynchus anatinus	vertebrate	314	assoc_k_beta	high	270.6	0.8084	lrrc8	0.8795
tr|F7F1X2|F7F1X2_RAT	Rattus norvegicus	vertebrate	849	nonchannel_class_c_gpcr	high	447.8	0.9164		1.0
tr|F7F1Y4|F7F1Y4_ORNAN	Ornithorhynchus anatinus	vertebrate	333	outofscope_aquaporin	high	221.9	0.8399		1.0
tr|F7F4L1|F7F4L1_MONDO	Monodelphis domestica	vertebrate	202	nonchannel_ncs	high	271.7	0.9948	assoc_kchip	0.4888
tr|F7F6B9|F7F6B9_ORNAN	Ornithorhynchus anatinus	vertebrate	728	nonchannel_abc_transporter	medium	353.2	0.3857	assoc_sur	0.5968
tr|F7F6U5|F7F6U5_MONDO	Monodelphis domestica	vertebrate	777	transporter_slc26	high	969.3	0.9598		1.0
tr|F7FA64|F7FA64_ORNAN	Ornithorhynchus anatinus	vertebrate	804	assoc_k_beta	high	46.0	0.5433	lrrc8	0.3783
tr|F7FB31|F7FB31_ORNAN	Ornithorhynchus anatinus	vertebrate	777	assoc_k_beta	medium	94.6	0.4409	lrrc8	0.4027
tr|F7FCA8|F7FCA8_ORNAN	Ornithorhynchus anatinus	vertebrate	345	assoc_k_beta	high	77.8	0.622	lrrc8	0.5424
tr|F7FCU5|F7FCU5_RAT	Rattus norvegicus	vertebrate	923	assoc_clc_aux	high	1406.2	0.9946		1.0
tr|F7FD57|F7FD57_MONDO	Monodelphis domestica	vertebrate	445	assoc_nav_beta	medium	34.1	0.4241		1.0
tr|F7FEU1|F7FEU1_RAT	Rattus norvegicus	vertebrate	285	assoc_nav_beta	medium	31.2	0.4955		1.0
tr|F7FFB1|F7FFB1_RAT	Rattus norvegicus	vertebrate	471	assoc_k_beta	high	247.9	0.7559	lrrc8	0.8919
tr|F7FGM5|F7FGM5_MONDO	Monodelphis domestica	vertebrate	432	assoc_mcu_reg	high	466.8	0.8986		1.0
tr|F7FHK0|F7FHK0_ORNAN	Ornithorhynchus anatinus	vertebrate	398	assoc_iglur_aux	high	175.0	0.8912		1.0
tr|F7FIN7|F7FIN7_MONDO	Monodelphis domestica	vertebrate	1120	assoc_catsper_aux	high	434.9	0.9534		1.0
tr|F7FJ02|F7FJ02_ORNAN	Ornithorhynchus anatinus	vertebrate	1048	assoc_cav_aux	high	568.0	0.8944		1.0
tr|F7FJR1|F7FJR1_MONDO	Monodelphis domestica	vertebrate	208	nonchannel_ncs	high	42.7	0.5544	assoc_kchip	0.3419
tr|F7FK66|F7FK66_MONDO	Monodelphis domestica	vertebrate	748	nonchannel_class_c_gpcr	high	553.9	0.7751		1.0
tr|F7FKX2|F7FKX2_MONDO	Monodelphis domestica	vertebrate	761	transporter_slc26	high	916.8	0.9875		1.0
tr|F7FMH2|F7FMH2_ORNAN	Ornithorhynchus anatinus	vertebrate	736	nonchannel_ncs	medium	41.2	0.3575		1.0
tr|F7FNX9|F7FNX9_MONDO	Monodelphis domestica	vertebrate	713	assoc_k_beta	medium	109.2	0.4357	lrrc8	0.5568
tr|F7FP06|F7FP06_ORNAN	Ornithorhynchus anatinus	vertebrate	731	nonchannel_abc_transporter	medium	371.6	0.4218	assoc_sur	0.5635
tr|F7FP57|F7FP57_MONDO	Monodelphis domestica	vertebrate	331	assoc_iglur_aux	high	74.3	0.6817		1.0
tr|F7FPK3|F7FPK3_MONDO	Monodelphis domestica	vertebrate	1488	nonchannel_abc_transporter	high	1487.8	0.9632	assoc_sur	0.5533
tr|F7FR06|F7FR06_MONDO	Monodelphis domestica	vertebrate	1045	nonchannel_abc_transporter	medium	379.5	0.4202	assoc_sur	0.5826
tr|F7FRA8|F7FRA8_ORNAN	Ornithorhynchus anatinus	vertebrate	192	nonchannel_ncs	high	222.2	0.9016	assoc_kchip	0.5887
tr|F7FS16|F7FS16_ORNAN	Ornithorhynchus anatinus	vertebrate	1484	nonchannel_abc_transporter	high	1435.5	0.9839	assoc_sur	0.566
tr|F7FS67|F7FS67_ORNAN	Ornithorhynchus anatinus	vertebrate	1132	assoc_catsper_aux	high	265.5	0.7252		1.0
tr|F7FSF9|F7FSF9_MONDO	Monodelphis domestica	vertebrate	312	outofscope_aquaporin	high	321.2	0.9181		1.0
tr|F7FTI1|F7FTI1_MONDO	Monodelphis domestica	vertebrate	547	assoc_nav_beta	high	41.7	0.5223		1.0
tr|F7FTT6|F7FTT6_MONDO	Monodelphis domestica	vertebrate	196	nonchannel_ncs	high	228.5	0.8964	assoc_kchip	0.5361
tr|F7FWG5|F7FWG5_ORNAN	Ornithorhynchus anatinus	vertebrate	681	nonchannel_class_c_gpcr	high	361.1	0.6814		1.0
tr|F7FWJ1|F7FWJ1_MONDO	Monodelphis domestica	vertebrate	209	nonchannel_ncs	medium	86.7	0.7254	assoc_kchip	0.2099
tr|F7FXI7|F7FXI7_MONDO	Monodelphis domestica	vertebrate	167	nonchannel_ncs	medium	40.6	0.456		1.0
tr|F7FZQ4|F7FZQ4_ORNAN	Ornithorhynchus anatinus	vertebrate	191	nonchannel_ncs	high	313.1	0.9793	assoc_kchip	0.4082
tr|F7G0A5|F7G0A5_MONDO	Monodelphis domestica	vertebrate	441	assoc_k_beta	high	212.2	0.79		1.0
tr|F7G1T5|F7G1T5_MONDO	Monodelphis domestica	vertebrate	215	assoc_nav_beta	high	278.4	0.9062		1.0
tr|F7G3H2|F7G3H2_MONDO	Monodelphis domestica	vertebrate	228	assoc_k_beta	high	155.9	0.853		1.0
tr|F7G3H8|F7G3H8_MONDO	Monodelphis domestica	vertebrate	284	assoc_k_beta	high	151.6	0.6745		1.0
tr|F7G3J9|F7G3J9_ORNAN	Ornithorhynchus anatinus	vertebrate	640	assoc_k_beta	high	98.0	0.5302	lrrc8	0.3622
tr|F7G4E3|F7G4E3_MONDO	Monodelphis domestica	vertebrate	807	nonchannel_class_c_gpcr	high	555.5	0.8881		1.0
tr|F7G7K9|F7G7K9_MONDO	Monodelphis domestica	vertebrate	200	outofscope_aquaporin	high	169.9	0.5338		1.0
tr|F7GB82|F7GB82_MONDO	Monodelphis domestica	vertebrate	767	transporter_slc26	high	849.0	0.8738		1.0
tr|F7GCF3|F7GCF3_MONDO	Monodelphis domestica	vertebrate	1370	nonchannel_abc_transporter	high	1732.8	0.9755	assoc_sur	0.6118
tr|F7GCF8|F7GCF8_MONDO	Monodelphis domestica	vertebrate	434	nonchannel_gasdermin	high	229.5	0.9915		1.0
tr|F7GCI5|F7GCI5_MONDO	Monodelphis domestica	vertebrate	264	nonchannel_ncs	medium	48.0	0.399		1.0
tr|F7GCS6|F7GCS6_ORNAN	Ornithorhynchus anatinus	vertebrate	433	nonchannel_gasdermin	high	372.2	0.7945		1.0
tr|F7GDB6|F7GDB6_MONDO	Monodelphis domestica	vertebrate	527	nonchannel_ncs	medium	55.5	0.3575	assoc_kchip	0.1784
tr|F7GDL5|F7GDL5_ORNAN	Ornithorhynchus anatinus	vertebrate	324	outofscope_aquaporin	high	318.2	0.9324		1.0
tr|F7GE38|F7GE38_ORNAN	Ornithorhynchus anatinus	vertebrate	523	assoc_k_beta	medium	99.9	0.5118	lrrc8	0.1642
tr|F7GEA8|F7GEA8_MONDO	Monodelphis domestica	vertebrate	2611	assoc_k_beta	high	62.1	0.6325		1.0
tr|F7GFS0|F7GFS0_MONDO	Monodelphis domestica	vertebrate	716	assoc_k_beta	medium	59.0	0.664	lrrc8	0.2305
tr|F7GGR4|F7GGR4_MONDO	Monodelphis domestica	vertebrate	193	nonchannel_ncs	high	340.6	0.9948	assoc_kchip	0.4322
tr|F7GHA0|F7GHA0_MONDO	Monodelphis domestica	vertebrate	855	nonchannel_class_c_gpcr	high	588.6	0.9356		1.0
tr|F7GI56|F7GI56_MONDO	Monodelphis domestica	vertebrate	312	assoc_k_beta	high	289.2	0.895		1.0
tr|F7GIR2|F7GIR2_MONDO	Monodelphis domestica	vertebrate	720	nonchannel_abc_transporter	medium	383.7	0.4387	assoc_sur	0.6573
tr|F7GJE9|F7GJE9_MONDO	Monodelphis domestica	vertebrate	431	outofscope_aquaporin	high	336.5	0.9431		1.0
tr|F7GJR3|F7GJR3_MONDO	Monodelphis domestica	vertebrate	656	transporter_slc26	high	764.7	0.9445		1.0
tr|F7GJY4|F7GJY4_MONDO	Monodelphis domestica	vertebrate	1324	nonchannel_abc_transporter	high	1656.6	0.967	cftr	0.4338
tr|F7GK01|F7GK01_MONDO	Monodelphis domestica	vertebrate	745	nonchannel_ncs	medium	48.8	0.3834		1.0
tr|F7GLS3|F7GLS3_MONDO	Monodelphis domestica	vertebrate	1197	nonchannel_ncs	medium	31.0	0.3368		1.0
tr|F8VQD3|F8VQD3_MOUSE	Mus musculus	vertebrate	802	nonchannel_class_c_gpcr	high	380.0	0.8136		1.0
tr|F8W557|F8W557_DANRE	Danio rerio	vertebrate	1368	nonchannel_abc_transporter	high	1624.5	0.9762	assoc_sur	0.5613
tr|F8W5J9|F8W5J9_DANRE	Danio rerio	vertebrate	757	transporter_slc26	high	859.5	0.9709		1.0
tr|F8W5N7|F8W5N7_DANRE	Danio rerio	vertebrate	750	assoc_k_beta	medium	77.0	0.3885		1.0
tr|G1K878|G1K878_ANOCA	Anolis carolinensis	vertebrate	1592	assoc_sur	high	3125.2	1.0	nonchannel_abc_transporter	0.6273
tr|G1K8H7|G1K8H7_ANOCA	Anolis carolinensis	vertebrate	392	nonchannel_kctd	medium	33.3	0.3754		1.0
tr|G1K8R2|G1K8R2_ANOCA	Anolis carolinensis	vertebrate	636	assoc_k_beta	high	98.4	0.5302	lrrc8	0.3222
tr|G1K8X6|G1K8X6_ANOCA	Anolis carolinensis	vertebrate	545	nonchannel_ncs	medium	43.7	0.3627		1.0
tr|G1K8Y7|G1K8Y7_ANOCA	Anolis carolinensis	vertebrate	485	assoc_mcu_reg	high	548.3	0.9302		1.0
tr|G1K940|G1K940_ANOCA	Anolis carolinensis	vertebrate	745	transporter_slc26	high	851.4	0.9459		1.0
tr|G1K966|G1K966_ANOCA	Anolis carolinensis	vertebrate	602	nonchannel_abc_transporter	medium	351.7	0.4225	assoc_sur	0.5837
tr|G1K980|G1K980_ANOCA	Anolis carolinensis	vertebrate	1310	assoc_k_beta	medium	49.2	0.3202		1.0
tr|G1K9F0|G1K9F0_ANOCA	Anolis carolinensis	vertebrate	372	assoc_k_beta	high	264.9	0.8163		1.0
tr|G1K9G6|G1K9G6_ANOCA	Anolis carolinensis	vertebrate	689	nonchannel_class_c_gpcr	high	952.6	0.7333		1.0
tr|G1K9J3|G1K9J3_ANOCA	Anolis carolinensis	vertebrate	1528	nonchannel_abc_transporter	high	1785.9	0.9762	assoc_sur	0.5107
tr|G1K9P0|G1K9P0_ANOCA	Anolis carolinensis	vertebrate	1056	assoc_k_beta	medium	78.4	0.3937		1.0
tr|G1K9S7|G1K9S7_ANOCA	Anolis carolinensis	vertebrate	518	assoc_k_beta	medium	65.4	0.4987	lrrc8	0.2141
tr|G1K9T4|G1K9T4_ANOCA	Anolis carolinensis	vertebrate	191	nonchannel_ncs	high	318.9	0.9793	assoc_kchip	0.4001
tr|G1K9X4|G1K9X4_ANOCA	Anolis carolinensis	vertebrate	925	assoc_clc_aux	high	1116.4	0.9469		1.0
tr|G1KAC3|G1KAC3_ANOCA	Anolis carolinensis	vertebrate	903	assoc_clc_aux	high	1126.4	0.9414		1.0
tr|G1KAC7|G1KAC7_ANOCA	Anolis carolinensis	vertebrate	323	outofscope_aquaporin	high	319.4	0.9537		1.0
tr|G1KAG8|G1KAG8_ANOCA	Anolis carolinensis	vertebrate	946	nonchannel_class_c_gpcr	high	635.3	0.913		1.0
tr|G1KAR6|G1KAR6_ANOCA	Anolis carolinensis	vertebrate	932	assoc_clc_aux	high	1152.2	0.9816		1.0
tr|G1KAV4|G1KAV4_ANOCA	Anolis carolinensis	vertebrate	747	assoc_k_beta	high	268.9	0.853		1.0
tr|G1KAY6|G1KAY6_ANOCA	Anolis carolinensis	vertebrate	1258	nonchannel_ncs	medium	31.0	0.342		1.0
tr|G1KB96|G1KB96_ANOCA	Anolis carolinensis	vertebrate	332	assoc_mcu_reg	high	414.7	0.7477		1.0
tr|G1KBQ2|G1KBQ2_ANOCA	Anolis carolinensis	vertebrate	260	assoc_k_beta	medium	42.2	0.3228		1.0
tr|G1KBS4|G1KBS4_ANOCA	Anolis carolinensis	vertebrate	657	transporter_slc26	high	735.3	0.9154		1.0
tr|G1KC38|G1KC38_ANOCA	Anolis carolinensis	vertebrate	309	assoc_mcu_reg	high	146.4	0.6014		1.0
tr|G1KC63|G1KC63_ANOCA	Anolis carolinensis	vertebrate	195	nonchannel_ncs	medium	47.4	0.399		1.0
tr|G1KCV2|G1KCV2_ANOCA	Anolis carolinensis	vertebrate	149	nonchannel_ncs	high	60.4	0.5648		1.0
tr|G1KD31|G1KD31_ANOCA	Anolis carolinensis	vertebrate	894	assoc_k_beta	medium	93.2	0.378	lrrc8	0.4013
tr|G1KDF8|G1KDF8_ANOCA	Anolis carolinensis	vertebrate	103	assoc_k_beta	medium	74.9	0.3622		1.0
tr|G1KDJ1|G1KDJ1_ANOCA	Anolis carolinensis	vertebrate	127	assoc_kcne	high	78.9	0.5512		1.0
tr|G1KDR1|G1KDR1_ANOCA	Anolis carolinensis	vertebrate	708	assoc_k_beta	medium	70.3	0.3307	lrrc8	0.4182
tr|G1KEG3|G1KEG3_ANOCA	Anolis carolinensis	vertebrate	1493	assoc_k_beta	medium	58.7	0.5197	lrrc8	0.1925
tr|G1KEQ1|G1KEQ1_ANOCA	Anolis carolinensis	vertebrate	256	outofscope_aquaporin	high	272.9	0.9253		1.0
tr|G1KEX4|G1KEX4_ANOCA	Anolis carolinensis	vertebrate	198	nonchannel_ncs	high	243.4	0.9223	assoc_kchip	0.5472
tr|G1KF30|G1KF30_ANOCA	Anolis carolinensis	vertebrate	612	assoc_mcu_reg	high	550.5	0.973		1.0
tr|G1KF53|G1KF53_ANOCA	Anolis carolinensis	vertebrate	1407	assoc_k_beta	high	64.3	0.6325	lrrc8	0.3717
tr|G1KFD4|G1KFD4_ANOCA	Anolis carolinensis	vertebrate	441	assoc_k_beta	high	67.7	0.5249		1.0
tr|G1KFJ2|G1KFJ2_ANOCA	Anolis carolinensis	vertebrate	816	nonchannel_class_c_gpcr	high	1160.3	0.8836		1.0
tr|G1KFT5|G1KFT5_ANOCA	Anolis carolinensis	vertebrate	739	transporter_slc26	high	943.0	0.9681		1.0
tr|G1KFX1|G1KFX1_ANOCA	Anolis carolinensis	vertebrate	161	nonchannel_ncs	high	44.4	0.8187		1.0
tr|G1KGC8|G1KGC8_ANOCA	Anolis carolinensis	vertebrate	413	assoc_k_beta	high	82.8	0.5879	lrrc8	0.3563
tr|G1KGF5|G1KGF5_ANOCA	Anolis carolinensis	vertebrate	716	assoc_k_beta	medium	83.8	0.4409		1.0
tr|G1KGT2|G1KGT2_ANOCA	Anolis carolinensis	vertebrate	301	assoc_k_beta	high	270.7	0.7454	lrrc8	0.867
tr|G1KGV8|G1KGV8_ANOCA	Anolis carolinensis	vertebrate	661	assoc_k_beta	high	95.1	0.5144	lrrc8	0.4479
tr|G1KGZ3|G1KGZ3_ANOCA	Anolis carolinensis	vertebrate	513	assoc_k_beta	high	59.7	0.5039		1.0
tr|G1KH94|G1KH94_ANOCA	Anolis carolinensis	vertebrate	2719	assoc_k_beta	high	59.0	0.5748		1.0
tr|G1KHA1|G1KHA1_ANOCA	Anolis carolinensis	vertebrate	603	assoc_nav_beta	high	41.9	0.5357		1.0
tr|G1KHH8|G1KHH8_ANOCA	Anolis carolinensis	vertebrate	2540	lrrc8	medium	75.3	0.3151		1.0
tr|G1KHJ2|G1KHJ2_ANOCA	Anolis carolinensis	vertebrate	909	nonchannel_ncs	high	54.6	0.5544	assoc_kchip	0.4597
tr|G1KHM1|G1KHM1_ANOCA	Anolis carolinensis	vertebrate	804	transporter_slc26	high	627.5	0.9598		1.0
tr|G1KHN5|G1KHN5_ANOCA	Anolis carolinensis	vertebrate	244	assoc_k_beta	medium	55.8	0.4698	lrrc8	0.405
tr|G1KHT3|G1KHT3_ANOCA	Anolis carolinensis	vertebrate	273	outofscope_aquaporin	high	313.0	0.9502		1.0
tr|G1KHU5|G1KHU5_ANOCA	Anolis carolinensis	vertebrate	261	outofscope_aquaporin	high	313.2	0.9609		1.0
tr|G1KIB6|G1KIB6_ANOCA	Anolis carolinensis	vertebrate	993	nonchannel_vsp	high	98.7	0.5326		1.0
tr|G1KII0|G1KII0_ANOCA	Anolis carolinensis	vertebrate	379	assoc_k_beta	medium	84.2	0.3675	lrrc8	0.3397
tr|G1KIX6|G1KIX6_ANOCA	Anolis carolinensis	vertebrate	302	assoc_nav_beta	high	89.6	0.875		1.0
tr|G1KJ39|G1KJ39_ANOCA	Anolis carolinensis	vertebrate	1533	nonchannel_abc_transporter	high	1446.7	0.9655	assoc_sur	0.5227
tr|G1KJS8|G1KJS8_ANOCA	Anolis carolinensis	vertebrate	272	nonchannel_ncs	high	57.1	0.5648		1.0
tr|G1KK56|G1KK56_ANOCA	Anolis carolinensis	vertebrate	351	assoc_nav_beta	high	56.5	0.5893		1.0
tr|G1KKF0|G1KKF0_ANOCA	Anolis carolinensis	vertebrate	606	assoc_k_beta	medium	91.2	0.4987	lrrc8	0.3004
tr|G1KKN6|G1KKN6_ANOCA	Anolis carolinensis	vertebrate	512	assoc_k_beta	medium	48.1	0.5748	lrrc8	0.2079
tr|G1KKP4|G1KKP4_ANOCA	Anolis carolinensis	vertebrate	994	nonchannel_class_c_gpcr	high	635.8	0.8994		1.0
tr|G1KKS4|G1KKS4_ANOCA	Anolis carolinensis	vertebrate	1094	assoc_cav_aux	high	620.5	0.8957		1.0
tr|G1KKT1|G1KKT1_ANOCA	Anolis carolinensis	vertebrate	369	assoc_k_beta	high	85.4	0.622	lrrc8	0.5679
tr|G1KL49|G1KL49_ANOCA	Anolis carolinensis	vertebrate	353	assoc_nav_beta	medium	31.4	0.4241		1.0
tr|G1KL62|G1KL62_ANOCA	Anolis carolinensis	vertebrate	876	nonchannel_class_c_gpcr	high	1153.2	0.9695	nmda	0.9716
tr|G1KM57|G1KM57_ANOCA	Anolis carolinensis	vertebrate	317	assoc_k_beta	medium	36.4	0.3622		1.0
tr|G1KMH4|G1KMH4_ANOCA	Anolis carolinensis	vertebrate	193	nonchannel_ncs	high	341.6	0.9948	assoc_kchip	0.4333
tr|G1KN57|G1KN57_ANOCA	Anolis carolinensis	vertebrate	801	nonchannel_ncs	high	54.8	0.5596	assoc_kchip	0.4544
tr|G1KNB8|G1KNB8_ANOCA	Anolis carolinensis	vertebrate	1110	assoc_cav_aux	high	659.6	0.9835		1.0
tr|G1KNI3|G1KNI3_ANOCA	Anolis carolinensis	vertebrate	507	nonchannel_gasdermin	high	287.8	0.9894		1.0
tr|G1KNY9|G1KNY9_ANOCA	Anolis carolinensis	vertebrate	421	assoc_clc_aux	medium	478.3	0.4371		1.0
tr|G1KP08|G1KP08_ANOCA	Anolis carolinensis	vertebrate	915	assoc_clc_aux	high	1029.2	0.9447		1.0
tr|G1KPH6|G1KPH6_ANOCA	Anolis carolinensis	vertebrate	952	assoc_clc_aux	high	1075.4	0.9826		1.0
tr|G1KPJ6|G1KPJ6_ANOCA	Anolis carolinensis	vertebrate	396	nonchannel_class_c_gpcr	medium	268.4	0.3797	nmda	0.9136
tr|G1KQ55|G1KQ55_ANOCA	Anolis carolinensis	vertebrate	672	assoc_mcu_reg	high	50.9	0.545		1.0
tr|G1KQM1|G1KQM1_ANOCA	Anolis carolinensis	vertebrate	474	nonchannel_class_c_gpcr	medium	35.6	0.3051		1.0
tr|G1KQQ0|G1KQQ0_ANOCA	Anolis carolinensis	vertebrate	1202	nonchannel_class_c_gpcr	high	1158.4	0.9424	nmda	0.9626
tr|G1KQS1|G1KQS1_ANOCA	Anolis carolinensis	vertebrate	799	transporter_slc26	high	967.1	0.9556		1.0
tr|G1KQX5|G1KQX5_ANOCA	Anolis carolinensis	vertebrate	759	transporter_slc26	high	917.0	0.9695		1.0
tr|G1KR06|G1KR06_ANOCA	Anolis carolinensis	vertebrate	214	nonchannel_ncs	medium	85.2	0.7254	assoc_kchip	0.1585
tr|G1KRF7|G1KRF7_ANOCA	Anolis carolinensis	vertebrate	564	transporter_slc26	high	482.8	0.6755		1.0
tr|G1KRJ0|G1KRJ0_ANOCA	Anolis carolinensis	vertebrate	714	transporter_slc26	high	868.1	0.9362		1.0
tr|G1KRS7|G1KRS7_ANOCA	Anolis carolinensis	vertebrate	258	assoc_kchip	high	401.3	0.7928	nonchannel_ncs	0.5355
tr|G1KRU0|G1KRU0_ANOCA	Anolis carolinensis	vertebrate	804	assoc_k_beta	medium	46.6	0.5512	lrrc8	0.2382
tr|G1KRW4|G1KRW4_ANOCA	Anolis carolinensis	vertebrate	1384	assoc_nav_beta	high	42.7	0.5938		1.0
tr|G1KS01|G1KS01_ANOCA	Anolis carolinensis	vertebrate	916	nonchannel_class_c_gpcr	high	1277.8	0.9853	nmda	0.9753
tr|G1KSC9|G1KSC9_ANOCA	Anolis carolinensis	vertebrate	302	outofscope_aquaporin	high	158.3	0.8434		1.0
tr|G1KSD7|G1KSD7_ANOCA	Anolis carolinensis	vertebrate	683	assoc_k_beta	medium	83.8	0.4068		1.0
tr|G1KSF6|G1KSF6_ANOCA	Anolis carolinensis	vertebrate	1286	nonchannel_abc_transporter	medium	680.7	0.4617	assoc_sur	0.6291
tr|G1KSM2|G1KSM2_ANOCA	Anolis carolinensis	vertebrate	893	nonchannel_class_c_gpcr	high	1175.1	0.9876		1.0
tr|G1KSR1|G1KSR1_ANOCA	Anolis carolinensis	vertebrate	148	outofscope_aquaporin	medium	128.2	0.4377		1.0
tr|G1KST2|G1KST2_ANOCA	Anolis carolinensis	vertebrate	761	assoc_k_beta	medium	53.6	0.4121		1.0
tr|G1KST3|G1KST3_ANOCA	Anolis carolinensis	vertebrate	417	nonchannel_kctd	high	138.3	0.8738	kv_shaker	0.7946
tr|G1KT91|G1KT91_ANOCA	Anolis carolinensis	vertebrate	649	assoc_k_beta	medium	68.9	0.4987	lrrc8	0.2525
tr|G1KTC5|G1KTC5_ANOCA	Anolis carolinensis	vertebrate	265	outofscope_aquaporin	high	300.2	0.9217		1.0
tr|G1KTL9|G1KTL9_ANOCA	Anolis carolinensis	vertebrate	735	nonchannel_pomt	high	1085.5	0.9163		1.0
tr|G1KTN2|G1KTN2_ANOCA	Anolis carolinensis	vertebrate	958	assoc_sur	high	1843.2	0.6195	nonchannel_abc_transporter	0.5311
tr|G1KTY3|G1KTY3_ANOCA	Anolis carolinensis	vertebrate	382	assoc_k_beta	high	83.3	0.5538	lrrc8	0.5678
tr|G1KU38|G1KU38_ANOCA	Anolis carolinensis	vertebrate	248	assoc_iglur_aux	medium	100.8	0.3501		1.0
tr|G1KVJ8|G1KVJ8_ANOCA	Anolis carolinensis	vertebrate	452	nonchannel_abc_transporter	medium	300.5	0.3344	assoc_sur	0.5461
tr|G1KWG2|G1KWG2_ANOCA	Anolis carolinensis	vertebrate	803	assoc_k_beta	medium	36.6	0.399		1.0
tr|G1KWI2|G1KWI2_ANOCA	Anolis carolinensis	vertebrate	586	assoc_k_beta	medium	113.8	0.4016		1.0
tr|G1KWU3|G1KWU3_ANOCA	Anolis carolinensis	vertebrate	499	nonchannel_gasdermin	high	215.1	0.9894		1.0
tr|G1KXI8|G1KXI8_ANOCA	Anolis carolinensis	vertebrate	716	assoc_k_beta	high	64.3	0.5696		1.0
tr|G1KXR0|G1KXR0_ANOCA	Anolis carolinensis	vertebrate	369	nonchannel_class_c_gpcr	medium	36.5	0.3288		1.0
tr|G1KY19|G1KY19_ANOCA	Anolis carolinensis	vertebrate	904	assoc_clc_aux	high	1089.7	0.9566		1.0
tr|G1KYP8|G1KYP8_ANOCA	Anolis carolinensis	vertebrate	361	assoc_k_beta	high	89.2	0.7008		1.0
tr|G1KZA3|G1KZA3_ANOCA	Anolis carolinensis	vertebrate	573	assoc_cav_aux	high	388.4	0.572		1.0
tr|G3UW56|G3UW56_MOUSE	Mus musculus	vertebrate	850	nonchannel_class_c_gpcr	high	434.3	0.8655		1.0
tr|G3UWA2|G3UWA2_MOUSE	Mus musculus	vertebrate	865	nonchannel_class_c_gpcr	high	477.6	0.9367		1.0
tr|G3UYA8|G3UYA8_MOUSE	Mus musculus	vertebrate	861	nonchannel_class_c_gpcr	high	442.5	0.8746		1.0
tr|G3UZC7|G3UZC7_MOUSE	Mus musculus	vertebrate	854	nonchannel_class_c_gpcr	high	490.6	0.9141		1.0
tr|G3V6G4|G3V6G4_RAT	Rattus norvegicus	vertebrate	202	nonchannel_ncs	high	274.6	0.9896	assoc_kchip	0.4822
tr|G3V911|G3V911_RAT	Rattus norvegicus	vertebrate	852	nonchannel_class_c_gpcr	high	426.8	0.8712		1.0
tr|G3V9H2|G3V9H2_RAT	Rattus norvegicus	vertebrate	390	assoc_nav_beta	high	100.2	0.5893		1.0
tr|G3V9L9|G3V9L9_RAT	Rattus norvegicus	vertebrate	905	assoc_clc_aux	high	1190.4	0.9566		1.0
tr|G3X931|G3X931_MOUSE	Mus musculus	vertebrate	845	nonchannel_class_c_gpcr	high	458.9	0.8768		1.0
tr|G3XA45|G3XA45_MOUSE	Mus musculus	vertebrate	850	nonchannel_class_c_gpcr	high	421.8	0.8768		1.0
tr|G4SRS5|G4SRS5_CAEEL	Caenorhabditis elegans	invertebrate	704	nonchannel_abc_transporter	medium	327.0	0.4256	assoc_sur	0.5725
tr|G5E8G4|G5E8G4_MOUSE	Mus musculus	vertebrate	854	nonchannel_class_c_gpcr	high	507.4	0.9198		1.0
tr|G5E8Y4|G5E8Y4_MOUSE	Mus musculus	vertebrate	848	nonchannel_class_c_gpcr	high	443.5	0.8701		1.0
tr|G5E8Z7|G5E8Z7_MOUSE	Mus musculus	vertebrate	853	nonchannel_class_c_gpcr	high	406.7	0.8723		1.0
tr|G5EC30|G5EC30_CAEEL	Caenorhabditis elegans	invertebrate	582	transporter_slc26	high	489.1	0.6311		1.0
tr|G5ECZ3|G5ECZ3_CAEEL	Caenorhabditis elegans	invertebrate	1404	nonchannel_class_c_gpcr	high	205.5	0.748		1.0
tr|G5EDS5|G5EDS5_CAEEL	Caenorhabditis elegans	invertebrate	652	transporter_slc26	high	506.9	0.8502		1.0
tr|G5EDZ8|G5EDZ8_CAEEL	Caenorhabditis elegans	invertebrate	236	nonchannel_ncs	high	53.5	0.5751		1.0
tr|G5EEA7|G5EEA7_CAEEL	Caenorhabditis elegans	invertebrate	749	transporter_slc26	high	589.1	0.9542		1.0
tr|G5EED0|G5EED0_CAEEL	Caenorhabditis elegans	invertebrate	729	transporter_slc26	high	193.8	0.8447		1.0
tr|G5EEG0|G5EEG0_CAEEL	Caenorhabditis elegans	invertebrate	171	nonchannel_ncs	high	49.5	0.5389		1.0
tr|G5EEK0|G5EEK0_CAEEL	Caenorhabditis elegans	invertebrate	273	outofscope_aquaporin	high	173.1	0.8612		1.0
tr|G5EF09|G5EF09_CAEEL	Caenorhabditis elegans	invertebrate	854	trpc	high	218.4	0.7319		1.0
tr|G5EF37|G5EF37_CAEEL	Caenorhabditis elegans	invertebrate	161	nonchannel_ncs	high	42.4	0.7358		1.0
tr|G5EFB2|G5EFB2_CAEEL	Caenorhabditis elegans	invertebrate	611	transporter_slc26	high	552.9	0.8211		1.0
tr|G5EFP3|G5EFP3_CAEEL	Caenorhabditis elegans	invertebrate	1573	nonchannel_abc_transporter	high	1464.7	0.9778	assoc_sur	0.4572
tr|G5EFP4|G5EFP4_CAEEL	Caenorhabditis elegans	invertebrate	680	assoc_k_beta	medium	86.7	0.4042	lrrc8	0.2837
tr|G5EG03|G5EG03_CAEEL	Caenorhabditis elegans	invertebrate	1243	nonchannel_abc_transporter	medium	644.0	0.4417	assoc_sur	0.6303
tr|G5EG10|G5EG10_CAEEL	Caenorhabditis elegans	invertebrate	1035	nonchannel_class_c_gpcr	high	769.0	0.9616	kainate	0.9594
tr|G5EG58|G5EG58_CAEEL	Caenorhabditis elegans	invertebrate	1294	nonchannel_abc_transporter	medium	700.9	0.4785	assoc_sur	0.6134
tr|G5EG74|G5EG74_CAEEL	Caenorhabditis elegans	invertebrate	1067	assoc_cav_aux	medium	80.7	0.4129		1.0
tr|G5EGE7|G5EGE7_CAEEL	Caenorhabditis elegans	invertebrate	542	assoc_k_beta	medium	117.0	0.4829	lrrc8	0.1846
tr|G5EGM2|G5EGM2_CAEEL	Caenorhabditis elegans	invertebrate	224	assoc_kchip	medium	153.0	0.7092	nonchannel_ncs	0.2261
tr|H2FLH4|H2FLH4_CAEEL	Caenorhabditis elegans	invertebrate	291	outofscope_aquaporin	high	163.2	0.8505		1.0
tr|H2KZ70|H2KZ70_CAEEL	Caenorhabditis elegans	invertebrate	330	mitok	medium	123.9	0.4307		1.0
tr|H2L0D6|H2L0D6_CAEEL	Caenorhabditis elegans	invertebrate	184	nonchannel_ncs	medium	56.9	0.5181	assoc_kchip	0.2513
tr|H2RIP8|H2RIP8_TAKRU	Takifugu rubripes	vertebrate	419	assoc_mcu_reg	high	407.5	0.7387		1.0
tr|H2RIS3|H2RIS3_TAKRU	Takifugu rubripes	vertebrate	322	assoc_cav_aux	high	245.2	0.572		1.0
tr|H2RJ24|H2RJ24_TAKRU	Takifugu rubripes	vertebrate	495	assoc_iglur_aux	high	222.6	0.8143		1.0
tr|H2RJ27|H2RJ27_TAKRU	Takifugu rubripes	vertebrate	421	assoc_nav_beta	medium	33.9	0.4643		1.0
tr|H2RJG2|H2RJG2_TAKRU	Takifugu rubripes	vertebrate	328	assoc_cav_aux	high	256.3	0.5734		1.0
tr|H2RJS8|H2RJS8_TAKRU	Takifugu rubripes	vertebrate	385	assoc_nav_beta	high	56.3	0.7188		1.0
tr|H2RKR6|H2RKR6_TAKRU	Takifugu rubripes	vertebrate	853	nonchannel_class_c_gpcr	high	770.0	0.9164	iglur_nonvertebrate	0.966
tr|H2RKR8|H2RKR8_TAKRU	Takifugu rubripes	vertebrate	817	nonchannel_class_c_gpcr	high	661.0	0.8836		1.0
tr|H2RM24|H2RM24_TAKRU	Takifugu rubripes	vertebrate	429	assoc_cav_aux	high	349.8	0.5514		1.0
tr|H2RM37|H2RM37_TAKRU	Takifugu rubripes	vertebrate	841	nonchannel_class_c_gpcr	high	700.5	0.8802		1.0
tr|H2RN58|H2RN58_TAKRU	Takifugu rubripes	vertebrate	230	assoc_cav_aux	medium	85.2	0.4225		1.0
tr|H2RND6|H2RND6_TAKRU	Takifugu rubripes	vertebrate	329	assoc_cav_aux	high	234.0	0.5693		1.0
tr|H2RNN2|H2RNN2_TAKRU	Takifugu rubripes	vertebrate	302	assoc_k_beta	high	155.2	0.7638	lrrc8	0.7893
tr|H2RNU4|H2RNU4_TAKRU	Takifugu rubripes	vertebrate	338	assoc_cav_aux	high	173.2	0.5254		1.0
tr|H2RP61|H2RP61_TAKRU	Takifugu rubripes	vertebrate	690	assoc_stim	high	675.6	0.5466		1.0
tr|H2RPE3|H2RPE3_TAKRU	Takifugu rubripes	vertebrate	681	assoc_k_beta	high	91.1	0.5564	lrrc8	0.382
tr|H2RS92|H2RS92_TAKRU	Takifugu rubripes	vertebrate	720	transporter_slc26	high	848.5	0.9307		1.0
tr|H2RVX7|H2RVX7_TAKRU	Takifugu rubripes	vertebrate	193	nonchannel_ncs	high	336.0	0.9896	assoc_kchip	0.4354
tr|H2RXF3|H2RXF3_TAKRU	Takifugu rubripes	vertebrate	647	assoc_k_beta	high	102.2	0.5512	lrrc8	0.4618
tr|H2RXI1|H2RXI1_TAKRU	Takifugu rubripes	vertebrate	362	assoc_k_beta	high	84.6	0.6273		1.0
tr|H2RYH3|H2RYH3_TAKRU	Takifugu rubripes	vertebrate	250	assoc_k_beta	medium	101.3	0.4882		1.0
tr|H2RZE9|H2RZE9_TAKRU	Takifugu rubripes	vertebrate	180	assoc_nav_beta	high	35.1	0.6295		1.0
tr|H2S109|H2S109_TAKRU	Takifugu rubripes	vertebrate	745	assoc_k_beta	medium	98.4	0.4987	lrrc8	0.2419
tr|H2S4G7|H2S4G7_TAKRU	Takifugu rubripes	vertebrate	2492	assoc_k_beta	medium	49.9	0.4829	lrrc8	0.1323
tr|H2S4K7|H2S4K7_TAKRU	Takifugu rubripes	vertebrate	254	outofscope_aquaporin	high	183.3	0.8256		1.0
tr|H2S4X9|H2S4X9_TAKRU	Takifugu rubripes	vertebrate	287	assoc_nav_beta	high	37.0	0.5134		1.0
tr|H2S548|H2S548_TAKRU	Takifugu rubripes	vertebrate	706	nonchannel_abc_transporter	medium	387.2	0.4456	assoc_sur	0.5974
tr|H2S5S9|H2S5S9_TAKRU	Takifugu rubripes	vertebrate	771	transporter_slc26	high	861.0	0.9612		1.0
tr|H2S601|H2S601_TAKRU	Takifugu rubripes	vertebrate	496	assoc_k_beta	medium	41.8	0.5066	lrrc8	0.1794
tr|H2S6Q5|H2S6Q5_TAKRU	Takifugu rubripes	vertebrate	175	nonchannel_ncs	medium	52.3	0.3316		1.0
tr|H2S6W5|H2S6W5_TAKRU	Takifugu rubripes	vertebrate	302	assoc_nav_beta	high	76.4	0.808		1.0
tr|H2S7Y3|H2S7Y3_TAKRU	Takifugu rubripes	vertebrate	211	nonchannel_ncs	high	45.0	0.5648	assoc_kchip	0.3667
tr|H2SA16|H2SA16_TAKRU	Takifugu rubripes	vertebrate	735	transporter_slc26	high	830.0	0.9695		1.0
tr|H2SBK7|H2SBK7_TAKRU	Takifugu rubripes	vertebrate	263	outofscope_aquaporin	high	273.8	0.9395		1.0
tr|H2SBN2|H2SBN2_TAKRU	Takifugu rubripes	vertebrate	160	nonchannel_ncs	high	53.5	0.5596	assoc_kchip	0.357
tr|H2SCE5|H2SCE5_TAKRU	Takifugu rubripes	vertebrate	761	nonchannel_class_c_gpcr	high	676.1	0.8655		1.0
tr|H2SE10|H2SE10_TAKRU	Takifugu rubripes	vertebrate	505	assoc_k_beta	high	41.5	0.5459		1.0
tr|H2SG51|H2SG51_TAKRU	Takifugu rubripes	vertebrate	392	assoc_k_beta	medium	55.2	0.3307	lrrc8	0.1902
tr|H2SGG4|H2SGG4_TAKRU	Takifugu rubripes	vertebrate	1827	nonchannel_vsp	high	127.3	0.538		1.0
tr|H2SGH3|H2SGH3_TAKRU	Takifugu rubripes	vertebrate	2400	assoc_k_beta	high	77.9	0.5039	lrrc8	0.4891
tr|H2SIN1|H2SIN1_TAKRU	Takifugu rubripes	vertebrate	285	assoc_mcu_reg	medium	76.5	0.3784		1.0
tr|H2SIW7|H2SIW7_TAKRU	Takifugu rubripes	vertebrate	923	nonchannel_class_c_gpcr	high	557.6	0.9401		1.0
tr|H2SJZ9|H2SJZ9_TAKRU	Takifugu rubripes	vertebrate	345	assoc_iglur_aux	medium	31.8	0.3528		1.0
tr|H2SKI5|H2SKI5_TAKRU	Takifugu rubripes	vertebrate	708	assoc_k_beta	medium	82.5	0.4593	lrrc8	0.4606
tr|H2SKL1|H2SKL1_TAKRU	Takifugu rubripes	vertebrate	185	nonchannel_ncs	high	189.8	0.8912	assoc_kchip	0.5427
tr|H2SLE6|H2SLE6_TAKRU	Takifugu rubripes	vertebrate	654	assoc_k_beta	medium	83.8	0.5381	lrrc8	0.2983
tr|H2SLG9|H2SLG9_TAKRU	Takifugu rubripes	vertebrate	161	nonchannel_ncs	high	47.6	0.8135		1.0
tr|H2SM02|H2SM02_TAKRU	Takifugu rubripes	vertebrate	689	assoc_stim	high	718.8	0.7751		1.0
tr|H2SN66|H2SN66_TAKRU	Takifugu rubripes	vertebrate	731	assoc_k_beta	medium	103.5	0.5407	lrrc8	0.2899
tr|H2SP29|H2SP29_TAKRU	Takifugu rubripes	vertebrate	298	assoc_k_beta	high	181.4	0.7218	lrrc8	0.8396
tr|H2SR25|H2SR25_TAKRU	Takifugu rubripes	vertebrate	782	assoc_k_beta	medium	38.9	0.4987		1.0
tr|H2SSQ2|H2SSQ2_TAKRU	Takifugu rubripes	vertebrate	287	assoc_cav_aux	medium	65.9	0.3155		1.0
tr|H2ST34|H2ST34_TAKRU	Takifugu rubripes	vertebrate	260	assoc_k_beta	high	76.5	0.6798		1.0
tr|H2STQ2|H2STQ2_TAKRU	Takifugu rubripes	vertebrate	1558	assoc_k_beta	high	266.0	0.5276	lrrc8	0.5128
tr|H2STU1|H2STU1_TAKRU	Takifugu rubripes	vertebrate	459	assoc_k_beta	medium	45.0	0.3727		1.0
tr|H2STY1|H2STY1_TAKRU	Takifugu rubripes	vertebrate	718	nonchannel_abc_transporter	medium	315.3	0.4264	cftr	0.7063
tr|H2STY6|H2STY6_TAKRU	Takifugu rubripes	vertebrate	447	assoc_cav_aux	high	204.3	0.5007		1.0
tr|H2SU81|H2SU81_TAKRU	Takifugu rubripes	vertebrate	755	transporter_slc26	high	860.2	0.9653		1.0
tr|H2SUP5|H2SUP5_TAKRU	Takifugu rubripes	vertebrate	291	assoc_k_beta	high	200.2	0.7297	lrrc8	0.8347
tr|H2SUU6|H2SUU6_TAKRU	Takifugu rubripes	vertebrate	943	nonchannel_class_c_gpcr	high	694.1	0.8994	iglur_nonvertebrate	0.9653
tr|H2SV62|H2SV62_TAKRU	Takifugu rubripes	vertebrate	610	assoc_k_beta	medium	69.0	0.4383	lrrc8	0.4754
tr|H2SV73|H2SV73_TAKRU	Takifugu rubripes	vertebrate	261	assoc_k_beta	medium	61.4	0.3281	lrrc8	0.5195
tr|H2SVU4|H2SVU4_TAKRU	Takifugu rubripes	vertebrate	684	assoc_k_beta	medium	84.5	0.4961	lrrc8	0.2509
tr|H2SVZ9|H2SVZ9_TAKRU	Takifugu rubripes	vertebrate	260	assoc_k_beta	medium	50.4	0.3255	lrrc8	0.5278
tr|H2SW02|H2SW02_TAKRU	Takifugu rubripes	vertebrate	203	nonchannel_ncs	high	243.9	0.9689	assoc_kchip	0.4502
tr|H2SX47|H2SX47_TAKRU	Takifugu rubripes	vertebrate	190	nonchannel_ncs	high	216.7	0.8912	assoc_kchip	0.4684
tr|H2SYE2|H2SYE2_TAKRU	Takifugu rubripes	vertebrate	906	nonchannel_class_c_gpcr	high	655.8	0.9379	nmda	0.9625
tr|H2SYI9|H2SYI9_TAKRU	Takifugu rubripes	vertebrate	796	nonchannel_abc_transporter	medium	398.8	0.4463	assoc_sur	0.6537
tr|H2SZ28|H2SZ28_TAKRU	Takifugu rubripes	vertebrate	763	nonchannel_class_c_gpcr	high	517.2	0.7435		1.0
tr|H2SZ41|H2SZ41_TAKRU	Takifugu rubripes	vertebrate	271	outofscope_aquaporin	high	121.3	0.8897		1.0
tr|H2T1T3|H2T1T3_TAKRU	Takifugu rubripes	vertebrate	193	nonchannel_ncs	high	206.6	0.9637	assoc_kchip	0.3819
tr|H2T3D2|H2T3D2_TAKRU	Takifugu rubripes	vertebrate	1045	assoc_k_beta	medium	52.5	0.3517		1.0
tr|H2T4A4|H2T4A4_TAKRU	Takifugu rubripes	vertebrate	504	assoc_k_beta	medium	51.2	0.4593	lrrc8	0.1113
tr|H2T4G4|H2T4G4_TAKRU	Takifugu rubripes	vertebrate	764	assoc_k_beta	medium	142.4	0.4961	lrrc8	0.1987
tr|H2T578|H2T578_TAKRU	Takifugu rubripes	vertebrate	904	nonchannel_class_c_gpcr	high	1085.7	0.939	nmda	0.9751
tr|H2T6M1|H2T6M1_TAKRU	Takifugu rubripes	vertebrate	198	nonchannel_ncs	high	194.7	0.8705	assoc_kchip	0.3914
tr|H2T7P1|H2T7P1_TAKRU	Takifugu rubripes	vertebrate	445	nonchannel_ncs	medium	30.2	0.3057		1.0
tr|H2T8H8|H2T8H8_TAKRU	Takifugu rubripes	vertebrate	389	assoc_nav_beta	medium	48.1	0.4955		1.0
tr|H2T8N8|H2T8N8_TAKRU	Takifugu rubripes	vertebrate	293	outofscope_aquaporin	high	291.0	0.9431		1.0
tr|H2T8P8|H2T8P8_TAKRU	Takifugu rubripes	vertebrate	320	nonchannel_ncs	high	33.9	0.6684		1.0
tr|H2T9X0|H2T9X0_TAKRU	Takifugu rubripes	vertebrate	171	nonchannel_ncs	high	39.9	0.5233		1.0
tr|H2TBK2|H2TBK2_TAKRU	Takifugu rubripes	vertebrate	857	nonchannel_class_c_gpcr	high	679.1	0.9254	iglur_nonvertebrate	0.9632
tr|H2TBK6|H2TBK6_TAKRU	Takifugu rubripes	vertebrate	846	nonchannel_class_c_gpcr	high	785.1	0.9164	iglur_nonvertebrate	0.9603
tr|H2TBP5|H2TBP5_TAKRU	Takifugu rubripes	vertebrate	1546	assoc_k_beta	high	274.7	0.5144	lrrc8	0.478
tr|H2TDD8|H2TDD8_TAKRU	Takifugu rubripes	vertebrate	842	nonchannel_abc_transporter	medium	365.8	0.4279	assoc_sur	0.6047
tr|H2TE27|H2TE27_TAKRU	Takifugu rubripes	vertebrate	183	assoc_nav_beta	high	53.8	0.7232		1.0
tr|H2TEB6|H2TEB6_TAKRU	Takifugu rubripes	vertebrate	209	assoc_nav_beta	high	149.7	0.8259		1.0
tr|H2TEC7|H2TEC7_TAKRU	Takifugu rubripes	vertebrate	526	hv1	high	97.4	0.6824		1.0
tr|H2TFL9|H2TFL9_TAKRU	Takifugu rubripes	vertebrate	1562	nonchannel_abc_transporter	high	1698.2	0.9762	assoc_sur	0.4895
tr|H2TFU9|H2TFU9_TAKRU	Takifugu rubripes	vertebrate	384	assoc_k_beta	high	114.6	0.6562	lrrc8	0.5908
tr|H2TGC3|H2TGC3_TAKRU	Takifugu rubripes	vertebrate	171	nonchannel_ncs	medium	38.7	0.456		1.0
tr|H2TGP1|H2TGP1_TAKRU	Takifugu rubripes	vertebrate	333	assoc_cav_aux	medium	179.1	0.4897		1.0
tr|H2TI82|H2TI82_TAKRU	Takifugu rubripes	vertebrate	290	outofscope_aquaporin	high	284.6	0.8683		1.0
tr|H2TIE3|H2TIE3_TAKRU	Takifugu rubripes	vertebrate	566	assoc_nav_beta	medium	39.2	0.4196		1.0
tr|H2TIR5|H2TIR5_TAKRU	Takifugu rubripes	vertebrate	820	assoc_k_beta	medium	64.6	0.4567	lrrc8	0.3173
tr|H2TLI0|H2TLI0_TAKRU	Takifugu rubripes	vertebrate	235	assoc_kcne	medium	54.1	0.3465		1.0
tr|H2TN49|H2TN49_TAKRU	Takifugu rubripes	vertebrate	312	assoc_nav_beta	high	32.7	0.5938		1.0
tr|H2TP17|H2TP17_TAKRU	Takifugu rubripes	vertebrate	228	assoc_cav_aux	medium	102.5	0.4225		1.0
tr|H2TQ12|H2TQ12_TAKRU	Takifugu rubripes	vertebrate	729	nonchannel_abc_transporter	medium	287.4	0.4279	assoc_sur	0.6357
tr|H2TSZ1|H2TSZ1_TAKRU	Takifugu rubripes	vertebrate	363	assoc_k_beta	medium	87.2	0.4042	lrrc8	0.2901
tr|H2TUQ2|H2TUQ2_TAKRU	Takifugu rubripes	vertebrate	945	nonchannel_class_c_gpcr	high	570.3	0.9028	nmda	0.9555
tr|H2TV66|H2TV66_TAKRU	Takifugu rubripes	vertebrate	498	nonchannel_ncs	medium	40.2	0.3627		1.0
tr|H2TWU8|H2TWU8_TAKRU	Takifugu rubripes	vertebrate	817	nonchannel_ncs	medium	55.2	0.4145		1.0
tr|H2TX54|H2TX54_TAKRU	Takifugu rubripes	vertebrate	955	assoc_k_beta	medium	45.8	0.4672	lrrc8	0.2751
tr|H2TY03|H2TY03_TAKRU	Takifugu rubripes	vertebrate	197	nonchannel_ncs	high	246.3	0.9275	assoc_kchip	0.5221
tr|H2TYW5|H2TYW5_TAKRU	Takifugu rubripes	vertebrate	464	assoc_k_beta	high	73.0	0.5197		1.0
tr|H2TZU2|H2TZU2_TAKRU	Takifugu rubripes	vertebrate	548	assoc_k_beta	high	74.8	0.5354		1.0
tr|H2U0N7|H2U0N7_TAKRU	Takifugu rubripes	vertebrate	242	assoc_iglur_aux	medium	167.5	0.3899		1.0
tr|H2U1J6|H2U1J6_TAKRU	Takifugu rubripes	vertebrate	195	nonchannel_ncs	high	49.6	0.8912		1.0
tr|H2U2K2|H2U2K2_TAKRU	Takifugu rubripes	vertebrate	178	nonchannel_ncs	medium	75.8	0.7824	assoc_kchip	0.2665
tr|H2U2W4|H2U2W4_TAKRU	Takifugu rubripes	vertebrate	212	nonchannel_ncs	medium	83.8	0.7254	assoc_kchip	0.1134
tr|H2U4A7|H2U4A7_TAKRU	Takifugu rubripes	vertebrate	522	assoc_nav_beta	high	52.4	0.7188		1.0
tr|H2U4D6|H2U4D6_TAKRU	Takifugu rubripes	vertebrate	455	assoc_k_beta	medium	72.7	0.4987	lrrc8	0.4182
tr|H2U4X6|H2U4X6_TAKRU	Takifugu rubripes	vertebrate	553	assoc_iglur_aux	high	214.1	0.7188		1.0
tr|H2U5C1|H2U5C1_TAKRU	Takifugu rubripes	vertebrate	248	nonchannel_ncs	high	339.1	0.9948	assoc_kchip	0.4158
tr|H2U652|H2U652_TAKRU	Takifugu rubripes	vertebrate	191	nonchannel_ncs	high	319.0	0.9793	assoc_kchip	0.4169
tr|H2U6J6|H2U6J6_TAKRU	Takifugu rubripes	vertebrate	691	transporter_slc26	high	772.3	0.9612		1.0
tr|H2U8C1|H2U8C1_TAKRU	Takifugu rubripes	vertebrate	787	nonchannel_ncs	medium	55.4	0.7409	assoc_kchip	0.287
tr|H2U9H3|H2U9H3_TAKRU	Takifugu rubripes	vertebrate	1272	nonchannel_ncs	medium	31.9	0.342		1.0
tr|H2U9V8|H2U9V8_TAKRU	Takifugu rubripes	vertebrate	344	nonchannel_gasdermin	high	262.5	0.5784		1.0
tr|H2U9Y0|H2U9Y0_TAKRU	Takifugu rubripes	vertebrate	366	assoc_k_beta	medium	71.9	0.4987	lrrc8	0.4896
tr|H2UAX2|H2UAX2_TAKRU	Takifugu rubripes	vertebrate	668	assoc_k_beta	high	116.6	0.5748	lrrc8	0.5111
tr|H2UBY0|H2UBY0_TAKRU	Takifugu rubripes	vertebrate	298	assoc_iglur_aux	medium	111.1	0.3714		1.0
tr|H2UCK5|H2UCK5_TAKRU	Takifugu rubripes	vertebrate	229	outofscope_aquaporin	high	173.3	0.7687		1.0
tr|H2UCV4|H2UCV4_TAKRU	Takifugu rubripes	vertebrate	1077	assoc_cav_aux	high	591.0	0.9671		1.0
tr|H2UD80|H2UD80_TAKRU	Takifugu rubripes	vertebrate	328	assoc_k_beta	medium	36.0	0.3937	lrrc8	0.2444
tr|H2UDQ0|H2UDQ0_TAKRU	Takifugu rubripes	vertebrate	498	nonchannel_class_c_gpcr	medium	54.5	0.3898		1.0
tr|H2UF47|H2UF47_TAKRU	Takifugu rubripes	vertebrate	223	nonchannel_ncs	high	189.5	0.9067	assoc_kchip	0.5156
tr|H2UFF6|H2UFF6_TAKRU	Takifugu rubripes	vertebrate	732	assoc_k_beta	medium	93.4	0.4882	lrrc8	0.2923
tr|H2UHN2|H2UHN2_TAKRU	Takifugu rubripes	vertebrate	340	assoc_k_beta	medium	44.1	0.4803	lrrc8	0.1565
tr|H2UIL5|H2UIL5_TAKRU	Takifugu rubripes	vertebrate	952	assoc_k_beta	high	105.2	0.5459	lrrc8	0.4971
tr|H2UJR3|H2UJR3_TAKRU	Takifugu rubripes	vertebrate	965	assoc_cav_aux	high	499.5	0.9136		1.0
tr|H2UKB5|H2UKB5_TAKRU	Takifugu rubripes	vertebrate	261	assoc_nav_beta	high	82.5	0.7455		1.0
tr|H2UKD7|H2UKD7_TAKRU	Takifugu rubripes	vertebrate	231	assoc_nav_beta	high	134.9	0.9464		1.0
tr|H2ULE2|H2ULE2_TAKRU	Takifugu rubripes	vertebrate	223	assoc_nav_beta	high	150.2	0.8304		1.0
tr|H2UMH9|H2UMH9_TAKRU	Takifugu rubripes	vertebrate	460	nonchannel_gasdermin	high	153.2	0.8771		1.0
tr|H2UMJ3|H2UMJ3_TAKRU	Takifugu rubripes	vertebrate	1532	assoc_k_beta	high	260.2	0.5617	lrrc8	0.5142
tr|H2UMN4|H2UMN4_TAKRU	Takifugu rubripes	vertebrate	710	assoc_k_beta	medium	61.8	0.4934		1.0
tr|H2UNI6|H2UNI6_TAKRU	Takifugu rubripes	vertebrate	855	nonchannel_class_c_gpcr	high	638.1	0.9345	iglur_nonvertebrate	0.961
tr|H2UNJ5|H2UNJ5_TAKRU	Takifugu rubripes	vertebrate	853	nonchannel_class_c_gpcr	high	653.9	0.9356	iglur_nonvertebrate	0.9521
tr|H2UNZ1|H2UNZ1_TAKRU	Takifugu rubripes	vertebrate	788	assoc_k_beta	high	141.3	0.9554		1.0
tr|H2UPG1|H2UPG1_TAKRU	Takifugu rubripes	vertebrate	904	assoc_k_beta	high	46.3	0.5617		1.0
tr|H2UQG6|H2UQG6_TAKRU	Takifugu rubripes	vertebrate	480	assoc_mcu_reg	high	482.5	0.8896		1.0
tr|H2UR48|H2UR48_TAKRU	Takifugu rubripes	vertebrate	792	nonchannel_ncs	high	39.9	0.6684		1.0
tr|H2URE9|H2URE9_TAKRU	Takifugu rubripes	vertebrate	309	outofscope_aquaporin	high	285.3	0.8648		1.0
tr|H2URS5|H2URS5_TAKRU	Takifugu rubripes	vertebrate	613	assoc_k_beta	medium	78.1	0.4908	lrrc8	0.2177
tr|H2US54|H2US54_TAKRU	Takifugu rubripes	vertebrate	189	nonchannel_ncs	high	239.2	0.8964	assoc_kchip	0.5456
tr|H2US81|H2US81_TAKRU	Takifugu rubripes	vertebrate	408	assoc_nav_beta	high	44.0	0.5312		1.0
tr|H2USY8|H2USY8_TAKRU	Takifugu rubripes	vertebrate	845	nonchannel_class_c_gpcr	high	669.7	0.9492		1.0
tr|H2UT22|H2UT22_TAKRU	Takifugu rubripes	vertebrate	263	outofscope_aquaporin	high	280.8	0.9288		1.0
tr|H2UW86|H2UW86_TAKRU	Takifugu rubripes	vertebrate	615	assoc_k_beta	medium	82.8	0.4278	lrrc8	0.1643
tr|H2UWQ1|H2UWQ1_TAKRU	Takifugu rubripes	vertebrate	189	nonchannel_ncs	high	200.4	0.9223	assoc_kchip	0.501
tr|H2UX07|H2UX07_TAKRU	Takifugu rubripes	vertebrate	250	assoc_cav_aux	medium	137.1	0.4417		1.0
tr|H2UX75|H2UX75_TAKRU	Takifugu rubripes	vertebrate	275	outofscope_aquaporin	high	91.3	0.8256		1.0
tr|H2UX76|H2UX76_TAKRU	Takifugu rubripes	vertebrate	627	assoc_k_beta	high	102.0	0.5564	lrrc8	0.3882
tr|H2UY25|H2UY25_TAKRU	Takifugu rubripes	vertebrate	323	assoc_nav_beta	medium	44.1	0.4688		1.0
tr|H2UY93|H2UY93_TAKRU	Takifugu rubripes	vertebrate	261	assoc_k_beta	medium	53.9	0.3018		1.0
tr|H2UYN5|H2UYN5_TAKRU	Takifugu rubripes	vertebrate	390	assoc_k_beta	high	79.2	0.6509	lrrc8	0.5013
tr|H2UYV0|H2UYV0_TAKRU	Takifugu rubripes	vertebrate	666	assoc_cav_aux	high	441.0	0.8697		1.0
tr|H2V0T7|H2V0T7_TAKRU	Takifugu rubripes	vertebrate	437	assoc_k_beta	medium	68.1	0.3202		1.0
tr|H2V1J7|H2V1J7_TAKRU	Takifugu rubripes	vertebrate	429	assoc_k_beta	high	239.2	0.8451		1.0
tr|H2V249|H2V249_TAKRU	Takifugu rubripes	vertebrate	366	assoc_nav_beta	medium	31.4	0.4464		1.0
tr|H2V2M2|H2V2M2_TAKRU	Takifugu rubripes	vertebrate	574	assoc_iglur_aux	high	199.4	0.7241		1.0
tr|H2V380|H2V380_TAKRU	Takifugu rubripes	vertebrate	653	assoc_k_beta	medium	98.1	0.4882	lrrc8	0.3374
tr|H2V4E3|H2V4E3_TAKRU	Takifugu rubripes	vertebrate	304	assoc_iglur_aux	medium	70.6	0.3607		1.0
tr|H2V7L9|H2V7L9_TAKRU	Takifugu rubripes	vertebrate	573	assoc_k_beta	medium	105.5	0.5328	lrrc8	0.1555
tr|H2V8W6|H2V8W6_TAKRU	Takifugu rubripes	vertebrate	288	outofscope_aquaporin	high	296.7	0.9075		1.0
tr|H2VA02|H2VA02_TAKRU	Takifugu rubripes	vertebrate	1297	nonchannel_abc_transporter	medium	677.7	0.4302	assoc_sur	0.6144
tr|H2VB22|H2VB22_TAKRU	Takifugu rubripes	vertebrate	986	assoc_k_beta	medium	96.9	0.5092	lrrc8	0.1197
tr|H2VBM7|H2VBM7_TAKRU	Takifugu rubripes	vertebrate	331	assoc_k_beta	medium	78.8	0.4908	lrrc8	0.1091
tr|H2VCE7|H2VCE7_TAKRU	Takifugu rubripes	vertebrate	2089	nonchannel_pomt	high	805.6	0.7882		1.0
tr|H2VDC6|H2VDC6_TAKRU	Takifugu rubripes	vertebrate	319	assoc_k_beta	high	156.9	0.7454	lrrc8	0.8082
tr|H2VE62|H2VE62_TAKRU	Takifugu rubripes	vertebrate	889	nonchannel_vsp	high	96.7	0.5236		1.0
tr|H2VEJ4|H2VEJ4_TAKRU	Takifugu rubripes	vertebrate	166	nonchannel_ncs	high	43.1	0.6839	assoc_mcu_reg	0.413
tr|H2XJT9|H2XJT9_CIOIN	Ciona intestinalis	deuterostome	335	assoc_k_beta	medium	54.5	0.4724	lrrc8	0.3101
tr|H2XKP9|H2XKP9_CIOIN	Ciona intestinalis	deuterostome	329	assoc_k_beta	medium	49.0	0.4121	lrrc8	0.2939
tr|H2XL54|H2XL54_CIOIN	Ciona intestinalis	deuterostome	1134	assoc_cav_aux	high	140.1	0.8875		1.0
tr|H2XMA1|H2XMA1_CIOIN	Ciona intestinalis	deuterostome	168	nonchannel_ncs	high	37.0	0.5648		1.0
tr|H2XME7|H2XME7_CIOIN	Ciona intestinalis	deuterostome	235	assoc_k_beta	medium	56.8	0.5171	lrrc8	0.1285
tr|H2XNX1|H2XNX1_CIOIN	Ciona intestinalis	deuterostome	171	nonchannel_ncs	high	35.4	0.8497		1.0
tr|H2XPB7|H2XPB7_CIOIN	Ciona intestinalis	deuterostome	216	nonchannel_ncs	high	37.0	0.7098		1.0
tr|H2XQ32|H2XQ32_CIOIN	Ciona intestinalis	deuterostome	641	nonchannel_abc_transporter	medium	213.6	0.3397	cftr	0.7111
tr|H2XQT6|H2XQT6_CIOIN	Ciona intestinalis	deuterostome	605	nonchannel_abc_transporter	medium	350.5	0.4248	assoc_sur	0.6103
tr|H2XR23|H2XR23_CIOIN	Ciona intestinalis	deuterostome	148	nonchannel_ncs	high	30.8	0.5026		1.0
tr|H2XR80|H2XR80_CIOIN	Ciona intestinalis	deuterostome	792	assoc_clc_aux	high	408.0	0.8232		1.0
tr|H2XRA5|H2XRA5_CIOIN	Ciona intestinalis	deuterostome	397	assoc_k_beta	high	51.7	0.5932		1.0
tr|H2XRF5|H2XRF5_CIOIN	Ciona intestinalis	deuterostome	153	nonchannel_ncs	high	43.9	0.513		1.0
tr|H2XS87|H2XS87_CIOIN	Ciona intestinalis	deuterostome	254	transporter_slc26	medium	133.0	0.3301		1.0
tr|H2XVX3|H2XVX3_CIOIN	Ciona intestinalis	deuterostome	901	assoc_clc_aux	high	543.4	0.9187		1.0
tr|H2XW06|H2XW06_CIOIN	Ciona intestinalis	deuterostome	135	nonchannel_ncs	high	153.0	0.6736	assoc_kchip	0.3065
tr|H2XW57|H2XW57_CIOIN	Ciona intestinalis	deuterostome	192	nonchannel_ncs	high	48.4	0.9378	assoc_kchip	0.3822
tr|H2XWF5|H2XWF5_CIOIN	Ciona intestinalis	deuterostome	370	assoc_k_beta	medium	33.1	0.4987		1.0
tr|H2XXP3|H2XXP3_CIOIN	Ciona intestinalis	deuterostome	123	nonchannel_ncs	high	99.2	0.5907	assoc_kchip	0.4244
tr|H2XXW6|H2XXW6_CIOIN	Ciona intestinalis	deuterostome	187	nonchannel_ncs	high	43.8	0.9378	assoc_kchip	0.4064
tr|H2XYB3|H2XYB3_CIOIN	Ciona intestinalis	deuterostome	810	nonchannel_abc_transporter	medium	360.3	0.3903	assoc_sur	0.6475
tr|H2XZD2|H2XZD2_CIOIN	Ciona intestinalis	deuterostome	216	assoc_k_beta	medium	72.7	0.4829	lrrc8	0.4457
tr|H2XZG7|H2XZG7_CIOIN	Ciona intestinalis	deuterostome	170	nonchannel_ncs	high	71.7	0.5855	assoc_kchip	0.3236
tr|H2Y0E6|H2Y0E6_CIOIN	Ciona intestinalis	deuterostome	221	outofscope_aquaporin	high	76.7	0.669		1.0
tr|H2Y145|H2Y145_CIOIN	Ciona intestinalis	deuterostome	290	assoc_k_beta	medium	105.3	0.4541	lrrc8	0.4179
tr|H2Y1V5|H2Y1V5_CIOIN	Ciona intestinalis	deuterostome	189	nonchannel_ncs	high	51.5	0.9067		1.0
tr|H2Y2V2|H2Y2V2_CIOIN	Ciona intestinalis	deuterostome	903	assoc_clc_aux	high	554.8	0.9241		1.0
tr|H2ZRP3|H2ZRP3_LATCH	Latimeria chalumnae	vertebrate	303	nonchannel_class_c_gpcr	medium	281.1	0.3401		1.0
tr|H2ZRX0|H2ZRX0_LATCH	Latimeria chalumnae	vertebrate	594	nonchannel_abc_transporter	medium	335.4	0.4003	assoc_sur	0.6208
tr|H2ZS25|H2ZS25_LATCH	Latimeria chalumnae	vertebrate	797	nonchannel_class_c_gpcr	high	739.4	0.8723		1.0
tr|H2ZS83|H2ZS83_LATCH	Latimeria chalumnae	vertebrate	791	nonchannel_class_c_gpcr	high	734.9	0.8746		1.0
tr|H2ZSD9|H2ZSD9_LATCH	Latimeria chalumnae	vertebrate	261	assoc_nav_beta	medium	31.7	0.4107		1.0
tr|H2ZSK1|H2ZSK1_LATCH	Latimeria chalumnae	vertebrate	214	assoc_k_beta	medium	77.0	0.4829	lrrc8	0.4688
tr|H2ZT01|H2ZT01_LATCH	Latimeria chalumnae	vertebrate	418	assoc_k_beta	high	179.6	0.6745		1.0
tr|H2ZT02|H2ZT02_LATCH	Latimeria chalumnae	vertebrate	894	nonchannel_class_c_gpcr	high	1258.4	0.9684		1.0
tr|H2ZT14|H2ZT14_LATCH	Latimeria chalumnae	vertebrate	307	nonchannel_class_c_gpcr	medium	267.9	0.3435		1.0
tr|H2ZT70|H2ZT70_LATCH	Latimeria chalumnae	vertebrate	314	assoc_iglur_aux	high	67.4	0.5968		1.0
tr|H2ZT73|H2ZT73_LATCH	Latimeria chalumnae	vertebrate	334	nonchannel_class_c_gpcr	medium	297.3	0.3446		1.0
tr|H2ZT84|H2ZT84_LATCH	Latimeria chalumnae	vertebrate	864	nonchannel_class_c_gpcr	high	748.2	0.9062		1.0
tr|H2ZT85|H2ZT85_LATCH	Latimeria chalumnae	vertebrate	999	assoc_cav_aux	high	718.4	0.9095		1.0
tr|H2ZT94|H2ZT94_LATCH	Latimeria chalumnae	vertebrate	333	nonchannel_class_c_gpcr	medium	309.2	0.3831		1.0
tr|H2ZTB7|H2ZTB7_LATCH	Latimeria chalumnae	vertebrate	778	assoc_nav_beta	medium	50.1	0.317		1.0
tr|H2ZTE6|H2ZTE6_LATCH	Latimeria chalumnae	vertebrate	253	assoc_nav_beta	medium	30.3	0.4732		1.0
tr|H2ZTI7|H2ZTI7_LATCH	Latimeria chalumnae	vertebrate	339	nonchannel_class_c_gpcr	medium	332.6	0.3842		1.0
tr|H2ZTK6|H2ZTK6_LATCH	Latimeria chalumnae	vertebrate	710	assoc_k_beta	high	76.2	0.5748	lrrc8	0.4777
tr|H2ZU37|H2ZU37_LATCH	Latimeria chalumnae	vertebrate	264	assoc_nav_beta	medium	32.2	0.4196		1.0
tr|H2ZU43|H2ZU43_LATCH	Latimeria chalumnae	vertebrate	250	assoc_nav_beta	medium	32.8	0.4196		1.0
tr|H2ZUC0|H2ZUC0_LATCH	Latimeria chalumnae	vertebrate	800	nonchannel_class_c_gpcr	high	683.9	0.8712		1.0
tr|H2ZUL8|H2ZUL8_LATCH	Latimeria chalumnae	vertebrate	318	nonchannel_class_c_gpcr	medium	302.8	0.348		1.0
tr|H2ZUP6|H2ZUP6_LATCH	Latimeria chalumnae	vertebrate	548	nonchannel_class_c_gpcr	high	494.4	0.5921		1.0
tr|H2ZUP8|H2ZUP8_LATCH	Latimeria chalumnae	vertebrate	340	nonchannel_class_c_gpcr	medium	348.7	0.3842		1.0
tr|H2ZUR1|H2ZUR1_LATCH	Latimeria chalumnae	vertebrate	291	outofscope_aquaporin	high	295.4	0.8861		1.0
tr|H2ZUT7|H2ZUT7_LATCH	Latimeria chalumnae	vertebrate	1060	assoc_k_beta	medium	73.9	0.4646		1.0
tr|H2ZV27|H2ZV27_LATCH	Latimeria chalumnae	vertebrate	639	assoc_stim	high	1057.2	0.7739		1.0
tr|H2ZV77|H2ZV77_LATCH	Latimeria chalumnae	vertebrate	178	assoc_iglur_aux	medium	161.2	0.313		1.0
tr|H2ZV79|H2ZV79_LATCH	Latimeria chalumnae	vertebrate	865	nonchannel_class_c_gpcr	high	792.5	0.9232		1.0
tr|H2ZVC5|H2ZVC5_LATCH	Latimeria chalumnae	vertebrate	469	assoc_iglur_aux	high	254.2	0.7958		1.0
tr|H2ZVH1|H2ZVH1_LATCH	Latimeria chalumnae	vertebrate	225	assoc_nav_beta	medium	36.8	0.4598		1.0
tr|H2ZVM0|H2ZVM0_LATCH	Latimeria chalumnae	vertebrate	213	assoc_kchip	high	425.3	0.7928	nonchannel_ncs	0.5544
tr|H2ZVP7|H2ZVP7_LATCH	Latimeria chalumnae	vertebrate	476	assoc_nav_beta	medium	34.9	0.4241		1.0
tr|H2ZVV8|H2ZVV8_LATCH	Latimeria chalumnae	vertebrate	866	assoc_clc_aux	high	1093.6	0.9349		1.0
tr|H2ZVX8|H2ZVX8_LATCH	Latimeria chalumnae	vertebrate	1434	assoc_k_beta	high	45.1	0.5879	lrrc8	0.4302
tr|H2ZVZ5|H2ZVZ5_LATCH	Latimeria chalumnae	vertebrate	871	nonchannel_class_c_gpcr	high	769.4	0.9073		1.0
tr|H2ZW01|H2ZW01_LATCH	Latimeria chalumnae	vertebrate	174	nonchannel_ncs	medium	39.5	0.456		1.0
tr|H2ZW74|H2ZW74_LATCH	Latimeria chalumnae	vertebrate	1139	nonchannel_abc_transporter	high	1176.0	0.6733	assoc_sur	0.6119
tr|H2ZW88|H2ZW88_LATCH	Latimeria chalumnae	vertebrate	716	nonchannel_class_c_gpcr	high	596.1	0.7751		1.0
tr|H2ZW99|H2ZW99_LATCH	Latimeria chalumnae	vertebrate	382	assoc_mcu_reg	medium	112.1	0.3694		1.0
tr|H2ZWA3|H2ZWA3_LATCH	Latimeria chalumnae	vertebrate	1258	nonchannel_ncs	medium	34.7	0.3368		1.0
tr|H2ZWG6|H2ZWG6_LATCH	Latimeria chalumnae	vertebrate	337	assoc_k_beta	medium	101.7	0.6247	lrrc8	0.1849
tr|H2ZWH2|H2ZWH2_LATCH	Latimeria chalumnae	vertebrate	837	nonchannel_class_c_gpcr	high	691.9	0.8712		1.0
tr|H2ZWM5|H2ZWM5_LATCH	Latimeria chalumnae	vertebrate	2721	assoc_k_beta	medium	52.5	0.5171	lrrc8	0.1257
tr|H2ZWU5|H2ZWU5_LATCH	Latimeria chalumnae	vertebrate	863	nonchannel_class_c_gpcr	high	804.8	0.9198	iglur_nonvertebrate	0.9683
tr|H2ZX37|H2ZX37_LATCH	Latimeria chalumnae	vertebrate	866	nonchannel_class_c_gpcr	high	750.4	0.9153		1.0
tr|H2ZXI3|H2ZXI3_LATCH	Latimeria chalumnae	vertebrate	279	assoc_nav_beta	medium	33.3	0.4196		1.0
tr|H2ZXL1|H2ZXL1_LATCH	Latimeria chalumnae	vertebrate	858	nonchannel_class_c_gpcr	high	701.0	0.9073		1.0
tr|H2ZXM9|H2ZXM9_LATCH	Latimeria chalumnae	vertebrate	213	assoc_nav_beta	medium	41.6	0.4598		1.0
tr|H2ZXP8|H2ZXP8_LATCH	Latimeria chalumnae	vertebrate	111	nonchannel_ncs	high	139.4	0.544	assoc_kchip	0.5244
tr|H2ZXU9|H2ZXU9_LATCH	Latimeria chalumnae	vertebrate	1555	assoc_sur	high	3086.3	1.0	nonchannel_abc_transporter	0.6226
tr|H2ZXV3|H2ZXV3_LATCH	Latimeria chalumnae	vertebrate	712	nonchannel_class_c_gpcr	high	652.8	0.765		1.0
tr|H2ZY13|H2ZY13_LATCH	Latimeria chalumnae	vertebrate	1243	nonchannel_abc_transporter	medium	646.7	0.4632	assoc_sur	0.6414
tr|H2ZY58|H2ZY58_LATCH	Latimeria chalumnae	vertebrate	414	nonchannel_class_c_gpcr	medium	293.8	0.4418		1.0
tr|H2ZY85|H2ZY85_LATCH	Latimeria chalumnae	vertebrate	377	assoc_nav_beta	high	46.9	0.5223		1.0
tr|H2ZYE5|H2ZYE5_LATCH	Latimeria chalumnae	vertebrate	820	nonchannel_class_c_gpcr	high	741.1	0.8734		1.0
tr|H2ZYY9|H2ZYY9_LATCH	Latimeria chalumnae	vertebrate	869	nonchannel_class_c_gpcr	high	784.5	0.9096		1.0
tr|H2ZZ52|H2ZZ52_LATCH	Latimeria chalumnae	vertebrate	503	assoc_nav_beta	high	61.3	0.5		1.0
tr|H2ZZ54|H2ZZ54_LATCH	Latimeria chalumnae	vertebrate	553	assoc_k_beta	high	80.8	0.6037	lrrc8	0.5173
tr|H2ZZ97|H2ZZ97_LATCH	Latimeria chalumnae	vertebrate	866	nonchannel_class_c_gpcr	high	805.1	0.9175		1.0
tr|H2ZZE6|H2ZZE6_LATCH	Latimeria chalumnae	vertebrate	1490	nonchannel_abc_transporter	high	1174.7	0.8267	assoc_sur	0.5579
tr|H2ZZF8|H2ZZF8_LATCH	Latimeria chalumnae	vertebrate	164	nonchannel_ncs	high	200.2	0.8238	assoc_kchip	0.4006
tr|H2ZZW0|H2ZZW0_LATCH	Latimeria chalumnae	vertebrate	748	nonchannel_abc_transporter	medium	286.2	0.4248	assoc_sur	0.6499
tr|H3A053|H3A053_LATCH	Latimeria chalumnae	vertebrate	225	assoc_cav_aux	medium	185.7	0.3621		1.0
tr|H3A0A3|H3A0A3_LATCH	Latimeria chalumnae	vertebrate	1167	nonchannel_class_c_gpcr	high	1136.6	0.9695	nmda	0.9725
tr|H3A0B6|H3A0B6_LATCH	Latimeria chalumnae	vertebrate	172	assoc_iglur_aux	medium	179.1	0.3103		1.0
tr|H3A0X4|H3A0X4_LATCH	Latimeria chalumnae	vertebrate	776	assoc_k_beta	medium	74.1	0.4908	lrrc8	0.2551
tr|H3A115|H3A115_LATCH	Latimeria chalumnae	vertebrate	720	transporter_slc26	high	821.2	0.9515		1.0
tr|H3A153|H3A153_LATCH	Latimeria chalumnae	vertebrate	439	nonchannel_abc_transporter	medium	556.9	0.3129	cftr	0.3791
tr|H3A171|H3A171_LATCH	Latimeria chalumnae	vertebrate	692	nonchannel_ncs	medium	69.5	0.6839	assoc_kchip	0.2705
tr|H3A187|H3A187_LATCH	Latimeria chalumnae	vertebrate	866	nonchannel_class_c_gpcr	high	807.7	0.9175		1.0
tr|H3A198|H3A198_LATCH	Latimeria chalumnae	vertebrate	783	nonchannel_class_c_gpcr	high	716.0	0.8746		1.0
tr|H3A1D7|H3A1D7_LATCH	Latimeria chalumnae	vertebrate	157	assoc_iglur_aux	medium	137.1	0.3501		1.0
tr|H3A1J2|H3A1J2_LATCH	Latimeria chalumnae	vertebrate	786	nonchannel_class_c_gpcr	high	671.3	0.8633		1.0
tr|H3A1M1|H3A1M1_LATCH	Latimeria chalumnae	vertebrate	233	assoc_nav_beta	medium	33.0	0.4241		1.0
tr|H3A1R0|H3A1R0_LATCH	Latimeria chalumnae	vertebrate	415	nonchannel_class_c_gpcr	medium	297.2	0.4418		1.0
tr|H3A1T5|H3A1T5_LATCH	Latimeria chalumnae	vertebrate	868	nonchannel_class_c_gpcr	high	736.1	0.9085		1.0
tr|H3A1Z0|H3A1Z0_LATCH	Latimeria chalumnae	vertebrate	869	nonchannel_class_c_gpcr	high	781.5	0.9198		1.0
tr|H3A216|H3A216_LATCH	Latimeria chalumnae	vertebrate	283	assoc_k_beta	high	237.7	0.7822	lrrc8	0.8662
tr|H3A219|H3A219_LATCH	Latimeria chalumnae	vertebrate	161	nonchannel_ncs	medium	39.0	0.6477	assoc_kchip	0.2103
tr|H3A280|H3A280_LATCH	Latimeria chalumnae	vertebrate	866	nonchannel_class_c_gpcr	high	729.7	0.9119		1.0
tr|H3A2D6|H3A2D6_LATCH	Latimeria chalumnae	vertebrate	259	assoc_nav_beta	high	75.8	0.6027		1.0
tr|H3A2D8|H3A2D8_LATCH	Latimeria chalumnae	vertebrate	333	assoc_k_beta	high	30.5	0.5171		1.0
tr|H3A2R3|H3A2R3_LATCH	Latimeria chalumnae	vertebrate	909	nonchannel_class_c_gpcr	high	1268.9	0.9853		1.0
tr|H3A2U9|H3A2U9_LATCH	Latimeria chalumnae	vertebrate	272	nonchannel_ncs	high	41.0	0.6062		1.0
tr|H3A344|H3A344_LATCH	Latimeria chalumnae	vertebrate	751	nonchannel_class_c_gpcr	high	709.4	0.8011		1.0
tr|H3A347|H3A347_LATCH	Latimeria chalumnae	vertebrate	211	assoc_nav_beta	medium	34.8	0.4598		1.0
tr|H3A3F8|H3A3F8_LATCH	Latimeria chalumnae	vertebrate	381	assoc_clc_aux	medium	379.6	0.41		1.0
tr|H3A3G7|H3A3G7_LATCH	Latimeria chalumnae	vertebrate	521	assoc_iglur_aux	high	313.8	0.9363		1.0
tr|H3A3N8|H3A3N8_LATCH	Latimeria chalumnae	vertebrate	655	assoc_k_beta	high	79.6	0.664	lrrc8	0.4372
tr|H3A3P2|H3A3P2_LATCH	Latimeria chalumnae	vertebrate	1551	nonchannel_ncs	high	58.3	0.5855	assoc_kchip	0.482
tr|H3A3P8|H3A3P8_LATCH	Latimeria chalumnae	vertebrate	167	assoc_kcne	high	85.0	0.5591		1.0
tr|H3A402|H3A402_LATCH	Latimeria chalumnae	vertebrate	863	nonchannel_class_c_gpcr	high	787.6	0.9073	iglur_nonvertebrate	0.968
tr|H3A425|H3A425_LATCH	Latimeria chalumnae	vertebrate	258	outofscope_aquaporin	high	268.6	0.8114		1.0
tr|H3A470|H3A470_LATCH	Latimeria chalumnae	vertebrate	212	assoc_nav_beta	medium	30.2	0.4464		1.0
tr|H3A4G9|H3A4G9_LATCH	Latimeria chalumnae	vertebrate	223	assoc_nav_beta	high	39.8	0.5446		1.0
tr|H3A4J6|H3A4J6_LATCH	Latimeria chalumnae	vertebrate	993	nonchannel_vsp	high	104.6	0.5217		1.0
tr|H3A4N0|H3A4N0_LATCH	Latimeria chalumnae	vertebrate	544	assoc_k_beta	medium	35.1	0.3412	lrrc8	0.3219
tr|H3A4Q0|H3A4Q0_LATCH	Latimeria chalumnae	vertebrate	972	nonchannel_class_c_gpcr	high	552.2	0.7842		1.0
tr|H3A4U1|H3A4U1_LATCH	Latimeria chalumnae	vertebrate	350	assoc_k_beta	high	85.3	0.6247	lrrc8	0.5369
tr|H3A4X9|H3A4X9_LATCH	Latimeria chalumnae	vertebrate	857	nonchannel_class_c_gpcr	high	803.7	0.9186	iglur_nonvertebrate	0.9652
tr|H3A537|H3A537_LATCH	Latimeria chalumnae	vertebrate	1033	assoc_k_beta	medium	71.3	0.4646		1.0
tr|H3A539|H3A539_LATCH	Latimeria chalumnae	vertebrate	355	nonchannel_gasdermin	high	276.2	0.5742		1.0
tr|H3A5A8|H3A5A8_LATCH	Latimeria chalumnae	vertebrate	723	nonchannel_abc_transporter	medium	405.4	0.4517	assoc_sur	0.5456
tr|H3A5I1|H3A5I1_LATCH	Latimeria chalumnae	vertebrate	755	transporter_slc26	high	920.1	0.982		1.0
tr|H3A5J7|H3A5J7_LATCH	Latimeria chalumnae	vertebrate	173	nonchannel_ncs	high	35.7	0.5233		1.0
tr|H3A5N8|H3A5N8_LATCH	Latimeria chalumnae	vertebrate	92	assoc_kcne	medium	57.6	0.4724		1.0
tr|H3A5Q8|H3A5Q8_LATCH	Latimeria chalumnae	vertebrate	857	nonchannel_class_c_gpcr	high	693.9	0.9175		1.0
tr|H3A5R2|H3A5R2_LATCH	Latimeria chalumnae	vertebrate	682	assoc_mcu_reg	high	56.8	0.5968		1.0
tr|H3A619|H3A619_LATCH	Latimeria chalumnae	vertebrate	363	trpv	medium	517.8	0.4217		1.0
tr|H3A6C1|H3A6C1_LATCH	Latimeria chalumnae	vertebrate	265	assoc_nav_beta	medium	31.1	0.4911		1.0
tr|H3A6G7|H3A6G7_LATCH	Latimeria chalumnae	vertebrate	771	transporter_slc26	high	935.1	0.9653		1.0
tr|H3A6N5|H3A6N5_LATCH	Latimeria chalumnae	vertebrate	266	assoc_k_beta	medium	36.8	0.3675		1.0
tr|H3A6Q3|H3A6Q3_LATCH	Latimeria chalumnae	vertebrate	123	assoc_iglur_aux	medium	46.5	0.3156		1.0
tr|H3A6Q6|H3A6Q6_LATCH	Latimeria chalumnae	vertebrate	386	assoc_k_beta	high	73.6	0.5932	lrrc8	0.4144
tr|H3A6Y1|H3A6Y1_LATCH	Latimeria chalumnae	vertebrate	221	assoc_nav_beta	high	219.8	0.9286		1.0
tr|H3A719|H3A719_LATCH	Latimeria chalumnae	vertebrate	586	nonchannel_class_c_gpcr	high	513.1	0.6316		1.0
tr|H3A7C1|H3A7C1_LATCH	Latimeria chalumnae	vertebrate	869	nonchannel_class_c_gpcr	high	783.1	0.9119		1.0
tr|H3A7G5|H3A7G5_LATCH	Latimeria chalumnae	vertebrate	253	assoc_cav_aux	medium	56.1	0.428		1.0
tr|H3A7H6|H3A7H6_LATCH	Latimeria chalumnae	vertebrate	871	nonchannel_class_c_gpcr	high	763.6	0.9085		1.0
tr|H3A7I7|H3A7I7_LATCH	Latimeria chalumnae	vertebrate	792	nonchannel_class_c_gpcr	high	701.2	0.8712		1.0
tr|H3A7R7|H3A7R7_LATCH	Latimeria chalumnae	vertebrate	822	nonchannel_class_c_gpcr	high	712.3	0.8802		1.0
tr|H3A7Z6|H3A7Z6_LATCH	Latimeria chalumnae	vertebrate	168	nonchannel_ncs	high	56.0	0.5648		1.0
tr|H3A8E1|H3A8E1_LATCH	Latimeria chalumnae	vertebrate	788	assoc_k_beta	medium	36.1	0.4462	lrrc8	0.1219
tr|H3A8E8|H3A8E8_LATCH	Latimeria chalumnae	vertebrate	873	nonchannel_class_c_gpcr	high	783.5	0.9073		1.0
tr|H3A8F4|H3A8F4_LATCH	Latimeria chalumnae	vertebrate	621	assoc_k_beta	medium	105.4	0.4094		1.0
tr|H3A8K0|H3A8K0_LATCH	Latimeria chalumnae	vertebrate	167	nonchannel_ncs	medium	39.6	0.456		1.0
tr|H3A8R7|H3A8R7_LATCH	Latimeria chalumnae	vertebrate	510	assoc_k_beta	medium	43.0	0.3465		1.0
tr|H3A8X1|H3A8X1_LATCH	Latimeria chalumnae	vertebrate	925	assoc_k_beta	medium	65.5	0.3438	lrrc8	0.4366
tr|H3A980|H3A980_LATCH	Latimeria chalumnae	vertebrate	367	assoc_k_beta	medium	67.1	0.3307	lrrc8	0.304
tr|H3A987|H3A987_LATCH	Latimeria chalumnae	vertebrate	872	nonchannel_class_c_gpcr	high	762.8	0.9345		1.0
tr|H3A9A9|H3A9A9_LATCH	Latimeria chalumnae	vertebrate	303	assoc_iglur_aux	high	77.7	0.5968		1.0
tr|H3A9C2|H3A9C2_LATCH	Latimeria chalumnae	vertebrate	206	assoc_nav_beta	high	31.3	0.6429		1.0
tr|H3A9J1|H3A9J1_LATCH	Latimeria chalumnae	vertebrate	673	assoc_k_beta	medium	61.0	0.5879	lrrc8	0.2
tr|H3A9P1|H3A9P1_LATCH	Latimeria chalumnae	vertebrate	375	assoc_k_beta	medium	91.5	0.3412	lrrc8	0.1541
tr|H3A9U1|H3A9U1_LATCH	Latimeria chalumnae	vertebrate	901	nonchannel_class_c_gpcr	high	755.9	0.9085		1.0
tr|H3A9V3|H3A9V3_LATCH	Latimeria chalumnae	vertebrate	404	nonchannel_vsp	high	248.7	0.5344		1.0
tr|H3A9Y6|H3A9Y6_LATCH	Latimeria chalumnae	vertebrate	148	assoc_nav_beta	high	63.3	0.6027		1.0
tr|H3A9Z5|H3A9Z5_LATCH	Latimeria chalumnae	vertebrate	851	nonchannel_class_c_gpcr	high	734.9	0.9401		1.0
tr|H3AA03|H3AA03_LATCH	Latimeria chalumnae	vertebrate	864	nonchannel_class_c_gpcr	high	704.1	0.9119		1.0
tr|H3AAL3|H3AAL3_LATCH	Latimeria chalumnae	vertebrate	367	assoc_cav_aux	high	204.1	0.5967		1.0
tr|H3AAU2|H3AAU2_LATCH	Latimeria chalumnae	vertebrate	1062	nonchannel_class_c_gpcr	medium	61.7	0.3006		1.0
tr|H3AAV3|H3AAV3_LATCH	Latimeria chalumnae	vertebrate	195	nonchannel_ncs	medium	48.0	0.399		1.0
tr|H3AB16|H3AB16_LATCH	Latimeria chalumnae	vertebrate	716	assoc_k_beta	medium	61.3	0.4541	lrrc8	0.3116
tr|H3AB54|H3AB54_LATCH	Latimeria chalumnae	vertebrate	869	nonchannel_class_c_gpcr	high	741.0	0.913		1.0
tr|H3ABI5|H3ABI5_LATCH	Latimeria chalumnae	vertebrate	138	assoc_nav_beta	high	33.7	0.5446		1.0
tr|H3ABT9|H3ABT9_LATCH	Latimeria chalumnae	vertebrate	763	assoc_k_beta	medium	81.4	0.3858		1.0
tr|H3ABU1|H3ABU1_LATCH	Latimeria chalumnae	vertebrate	872	nonchannel_class_c_gpcr	high	773.6	0.9096		1.0
tr|H3ABU4|H3ABU4_LATCH	Latimeria chalumnae	vertebrate	857	nonchannel_class_c_gpcr	high	746.9	0.9164	nmda	0.9474
tr|H3ABX5|H3ABX5_LATCH	Latimeria chalumnae	vertebrate	181	nonchannel_ncs	medium	253.8	0.8135	assoc_kchip	0.2305
tr|H3AC14|H3AC14_LATCH	Latimeria chalumnae	vertebrate	874	assoc_k_beta	medium	70.6	0.3727		1.0
tr|H3AC66|H3AC66_LATCH	Latimeria chalumnae	vertebrate	519	assoc_k_beta	high	96.5	0.5092		1.0
tr|H3ACF0|H3ACF0_LATCH	Latimeria chalumnae	vertebrate	2707	assoc_k_beta	high	67.2	0.6247	lrrc8	0.4851
tr|H3ACF7|H3ACF7_LATCH	Latimeria chalumnae	vertebrate	271	outofscope_aquaporin	high	123.0	0.8541		1.0
tr|H3ACP0|H3ACP0_LATCH	Latimeria chalumnae	vertebrate	864	nonchannel_class_c_gpcr	high	726.1	0.9107		1.0
tr|H3ACU5|H3ACU5_LATCH	Latimeria chalumnae	vertebrate	505	nonchannel_abc_transporter	medium	757.1	0.3857	assoc_sur	0.3631
tr|H3ACX1|H3ACX1_LATCH	Latimeria chalumnae	vertebrate	868	nonchannel_class_c_gpcr	high	746.7	0.9153		1.0
tr|H3AD40|H3AD40_LATCH	Latimeria chalumnae	vertebrate	434	assoc_k_beta	high	70.7	0.5144	lrrc8	0.3876
tr|H3AD44|H3AD44_LATCH	Latimeria chalumnae	vertebrate	677	assoc_mcu_reg	high	54.6	0.5203		1.0
tr|H3AD54|H3AD54_LATCH	Latimeria chalumnae	vertebrate	463	assoc_k_beta	high	86.6	0.6299	lrrc8	0.44
tr|H3AD79|H3AD79_LATCH	Latimeria chalumnae	vertebrate	382	assoc_nav_beta	high	47.6	0.5446		1.0
tr|H3ADB7|H3ADB7_LATCH	Latimeria chalumnae	vertebrate	202	nonchannel_ncs	high	241.4	0.9223	assoc_kchip	0.4876
tr|H3ADJ6|H3ADJ6_LATCH	Latimeria chalumnae	vertebrate	795	nonchannel_class_c_gpcr	high	715.3	0.8712		1.0
tr|H3ADL8|H3ADL8_LATCH	Latimeria chalumnae	vertebrate	405	trpv	medium	466.2	0.476		1.0
tr|H3ADS6|H3ADS6_LATCH	Latimeria chalumnae	vertebrate	479	nonchannel_kctd	high	117.6	0.8991	kv_shaker	0.7449
tr|H3ADX5|H3ADX5_LATCH	Latimeria chalumnae	vertebrate	319	outofscope_aquaporin	high	280.3	0.9181		1.0
tr|H3AE20|H3AE20_LATCH	Latimeria chalumnae	vertebrate	302	assoc_cav_aux	high	176.6	0.5075		1.0
tr|H3AEG3|H3AEG3_LATCH	Latimeria chalumnae	vertebrate	385	assoc_iglur_aux	high	207.1	0.6286		1.0
tr|H3AEK5|H3AEK5_LATCH	Latimeria chalumnae	vertebrate	268	outofscope_aquaporin	high	221.4	0.9537		1.0
tr|H3AEP0|H3AEP0_LATCH	Latimeria chalumnae	vertebrate	332	assoc_nav_beta	high	38.3	0.5938		1.0
tr|H3AES0|H3AES0_LATCH	Latimeria chalumnae	vertebrate	1035	nonchannel_abc_transporter	high	902.4	0.589	assoc_sur	0.639
tr|H3AEV2|H3AEV2_LATCH	Latimeria chalumnae	vertebrate	261	assoc_nav_beta	high	36.1	0.6027		1.0
tr|H3AEY8|H3AEY8_LATCH	Latimeria chalumnae	vertebrate	491	nonchannel_gasdermin	high	262.3	0.7373		1.0
tr|H3AF36|H3AF36_LATCH	Latimeria chalumnae	vertebrate	833	nonchannel_class_c_gpcr	high	642.7	0.9107		1.0
tr|H3AF41|H3AF41_LATCH	Latimeria chalumnae	vertebrate	591	nonchannel_class_c_gpcr	high	471.7	0.609		1.0
tr|H3AFA8|H3AFA8_LATCH	Latimeria chalumnae	vertebrate	624	assoc_k_beta	medium	94.2	0.4068		1.0
tr|H3AFD3|H3AFD3_LATCH	Latimeria chalumnae	vertebrate	691	assoc_k_beta	medium	68.8	0.4278		1.0
tr|H3AFX3|H3AFX3_LATCH	Latimeria chalumnae	vertebrate	813	nonchannel_class_c_gpcr	high	743.2	0.8712		1.0
tr|H3AG13|H3AG13_LATCH	Latimeria chalumnae	vertebrate	785	assoc_k_beta	medium	42.7	0.6037	lrrc8	0.1148
tr|H3AG42|H3AG42_LATCH	Latimeria chalumnae	vertebrate	289	assoc_nav_beta	high	58.3	0.5402		1.0
tr|H3AGA6|H3AGA6_LATCH	Latimeria chalumnae	vertebrate	205	assoc_nav_beta	high	36.9	0.5134		1.0
tr|H3AGA8|H3AGA8_LATCH	Latimeria chalumnae	vertebrate	115	nonchannel_ncs	medium	129.0	0.5959	assoc_kchip	0.2853
tr|H3AGJ6|H3AGJ6_LATCH	Latimeria chalumnae	vertebrate	671	nonchannel_class_c_gpcr	high	544.9	0.7525		1.0
tr|H3AH34|H3AH34_LATCH	Latimeria chalumnae	vertebrate	325	assoc_k_beta	medium	30.8	0.3963		1.0
tr|H3AHJ2|H3AHJ2_LATCH	Latimeria chalumnae	vertebrate	1047	nonchannel_class_c_gpcr	high	1027.3	0.9571	nmda	0.9757
tr|H3AHY8|H3AHY8_LATCH	Latimeria chalumnae	vertebrate	596	nonchannel_class_c_gpcr	high	835.7	0.6508		1.0
tr|H3AI12|H3AI12_LATCH	Latimeria chalumnae	vertebrate	292	assoc_k_beta	high	224.0	0.7428	lrrc8	0.8237
tr|H3AI37|H3AI37_LATCH	Latimeria chalumnae	vertebrate	850	nonchannel_class_c_gpcr	high	729.3	0.9062		1.0
tr|H3AIF8|H3AIF8_LATCH	Latimeria chalumnae	vertebrate	873	nonchannel_class_c_gpcr	high	727.6	0.9107		1.0
tr|H3AIJ4|H3AIJ4_LATCH	Latimeria chalumnae	vertebrate	1107	nonchannel_abc_transporter	high	890.4	0.6557	assoc_sur	0.6041
tr|H3AJ13|H3AJ13_LATCH	Latimeria chalumnae	vertebrate	913	nonchannel_class_c_gpcr	high	776.6	0.9073		1.0
tr|H3AJ22|H3AJ22_LATCH	Latimeria chalumnae	vertebrate	716	nonchannel_abc_transporter	medium	376.4	0.4494	assoc_sur	0.5943
tr|H3AJ34|H3AJ34_LATCH	Latimeria chalumnae	vertebrate	193	nonchannel_ncs	high	336.4	0.9896	assoc_kchip	0.418
tr|H3AJ76|H3AJ76_LATCH	Latimeria chalumnae	vertebrate	1161	nonchannel_abc_transporter	medium	645.7	0.3934	assoc_sur	0.5925
tr|H3AJD4|H3AJD4_LATCH	Latimeria chalumnae	vertebrate	869	nonchannel_class_c_gpcr	high	762.2	0.9153		1.0
tr|H3AK18|H3AK18_LATCH	Latimeria chalumnae	vertebrate	643	assoc_k_beta	high	110.4	0.5853	lrrc8	0.4774
tr|H3AK27|H3AK27_LATCH	Latimeria chalumnae	vertebrate	617	assoc_k_beta	medium	75.8	0.4436	lrrc8	0.1794
tr|H3AKF7|H3AKF7_LATCH	Latimeria chalumnae	vertebrate	471	assoc_k_beta	medium	78.1	0.4199	lrrc8	0.1024
tr|H3AKI4|H3AKI4_LATCH	Latimeria chalumnae	vertebrate	874	nonchannel_class_c_gpcr	high	757.2	0.9198		1.0
tr|H3AKJ5|H3AKJ5_LATCH	Latimeria chalumnae	vertebrate	633	assoc_k_beta	medium	85.7	0.4094		1.0
tr|H3AKN6|H3AKN6_LATCH	Latimeria chalumnae	vertebrate	358	nonchannel_class_c_gpcr	medium	316.7	0.4136		1.0
tr|H3AL40|H3AL40_LATCH	Latimeria chalumnae	vertebrate	674	assoc_k_beta	medium	100.2	0.4961	lrrc8	0.3782
tr|H3AL76|H3AL76_LATCH	Latimeria chalumnae	vertebrate	453	assoc_nav_beta	medium	38.5	0.3661		1.0
tr|H3AL80|H3AL80_LATCH	Latimeria chalumnae	vertebrate	275	assoc_cav_aux	high	198.7	0.5158		1.0
tr|H3ALD4|H3ALD4_LATCH	Latimeria chalumnae	vertebrate	436	assoc_nav_beta	high	56.5	0.5759		1.0
tr|H3ALI2|H3ALI2_LATCH	Latimeria chalumnae	vertebrate	330	assoc_k_beta	high	250.4	0.8136		1.0
tr|H3ALK6|H3ALK6_LATCH	Latimeria chalumnae	vertebrate	2008	assoc_k_beta	high	75.1	0.5066	lrrc8	0.3875
tr|H3ALL3|H3ALL3_LATCH	Latimeria chalumnae	vertebrate	328	assoc_nav_beta	high	30.1	0.8705		1.0
tr|H3AMB4|H3AMB4_LATCH	Latimeria chalumnae	vertebrate	400	assoc_k_beta	high	272.8	0.8451		1.0
tr|H3AMP1|H3AMP1_LATCH	Latimeria chalumnae	vertebrate	497	assoc_nav_beta	medium	36.5	0.4152		1.0
tr|H3AMQ5|H3AMQ5_LATCH	Latimeria chalumnae	vertebrate	916	nonchannel_class_c_gpcr	high	720.8	0.9367		1.0
tr|H3AMY1|H3AMY1_LATCH	Latimeria chalumnae	vertebrate	693	nonchannel_class_c_gpcr	high	590.3	0.7638		1.0
tr|H3AN20|H3AN20_LATCH	Latimeria chalumnae	vertebrate	669	transporter_slc26	high	591.7	0.7184		1.0
tr|H3AN38|H3AN38_LATCH	Latimeria chalumnae	vertebrate	379	hv1	medium	39.1	0.3843		1.0
tr|H3ANB0|H3ANB0_LATCH	Latimeria chalumnae	vertebrate	329	assoc_cav_aux	high	264.1	0.5734		1.0
tr|H3ANG6|H3ANG6_LATCH	Latimeria chalumnae	vertebrate	872	nonchannel_class_c_gpcr	high	752.4	0.9096		1.0
tr|H3ANG8|H3ANG8_LATCH	Latimeria chalumnae	vertebrate	321	assoc_k_beta	high	48.3	0.5932	lrrc8	0.4658
tr|H3AP38|H3AP38_LATCH	Latimeria chalumnae	vertebrate	793	assoc_k_beta	medium	33.9	0.3701		1.0
tr|H3AP95|H3AP95_LATCH	Latimeria chalumnae	vertebrate	257	assoc_mcu_reg	medium	85.1	0.3806		1.0
tr|H3APA0|H3APA0_LATCH	Latimeria chalumnae	vertebrate	1068	nonchannel_class_c_gpcr	medium	65.8	0.3186	nmda	0.4027
tr|H3APB9|H3APB9_LATCH	Latimeria chalumnae	vertebrate	161	nonchannel_ncs	high	52.2	0.8031	assoc_kchip	0.4617
tr|H3APC9|H3APC9_LATCH	Latimeria chalumnae	vertebrate	214	nonchannel_ncs	medium	84.6	0.7254	assoc_kchip	0.1513
tr|H3APH6|H3APH6_LATCH	Latimeria chalumnae	vertebrate	258	assoc_nav_beta	medium	40.8	0.4643		1.0
tr|H3APN7|H3APN7_LATCH	Latimeria chalumnae	vertebrate	880	nonchannel_class_c_gpcr	high	1169.0	0.991		1.0
tr|H3APT3|H3APT3_LATCH	Latimeria chalumnae	vertebrate	371	assoc_k_beta	medium	58.9	0.3465	lrrc8	0.1528
tr|H3APU7|H3APU7_LATCH	Latimeria chalumnae	vertebrate	1685	nonchannel_vsp	high	129.4	0.538		1.0
tr|H3APV4|H3APV4_LATCH	Latimeria chalumnae	vertebrate	867	nonchannel_class_c_gpcr	high	766.2	0.9096		1.0
tr|H3APX8|H3APX8_LATCH	Latimeria chalumnae	vertebrate	650	assoc_k_beta	medium	109.4	0.5748	lrrc8	0.2815
tr|H3AQE6|H3AQE6_LATCH	Latimeria chalumnae	vertebrate	226	assoc_cav_aux	medium	100.1	0.4294		1.0
tr|H3AR10|H3AR10_LATCH	Latimeria chalumnae	vertebrate	571	assoc_nav_beta	medium	56.4	0.308		1.0
tr|H3ARC0|H3ARC0_LATCH	Latimeria chalumnae	vertebrate	415	nonchannel_class_c_gpcr	medium	41.7	0.3028		1.0
tr|H3ARE5|H3ARE5_LATCH	Latimeria chalumnae	vertebrate	311	assoc_k_beta	high	149.9	0.7664	lrrc8	0.8125
tr|H3ARK5|H3ARK5_LATCH	Latimeria chalumnae	vertebrate	662	assoc_stim	high	995.0	0.7739		1.0
tr|H3ARM8|H3ARM8_LATCH	Latimeria chalumnae	vertebrate	1372	assoc_k_beta	high	191.6	0.5249	lrrc8	0.5506
tr|H3AS48|H3AS48_LATCH	Latimeria chalumnae	vertebrate	794	nonchannel_class_c_gpcr	high	705.3	0.8701		1.0
tr|H3ASB9|H3ASB9_LATCH	Latimeria chalumnae	vertebrate	418	assoc_k_beta	high	50.2	0.5722		1.0
tr|H3ASH0|H3ASH0_LATCH	Latimeria chalumnae	vertebrate	216	assoc_nav_beta	high	214.3	0.8973		1.0
tr|H3ASR2|H3ASR2_LATCH	Latimeria chalumnae	vertebrate	98	assoc_kchip	medium	189.9	0.3865	nonchannel_ncs	0.4987
tr|H3ASU8|H3ASU8_LATCH	Latimeria chalumnae	vertebrate	241	assoc_iglur_aux	medium	106.3	0.3475		1.0
tr|H3AT01|H3AT01_LATCH	Latimeria chalumnae	vertebrate	880	assoc_nav_beta	high	56.2	0.5848		1.0
tr|H3ATS4|H3ATS4_LATCH	Latimeria chalumnae	vertebrate	1303	assoc_k_beta	medium	45.5	0.3386		1.0
tr|H3AUB2|H3AUB2_LATCH	Latimeria chalumnae	vertebrate	1080	assoc_k_beta	medium	222.3	0.5302	lrrc8	0.1201
tr|H3AUD6|H3AUD6_LATCH	Latimeria chalumnae	vertebrate	861	nonchannel_class_c_gpcr	high	762.0	0.9356		1.0
tr|H3AUH4|H3AUH4_LATCH	Latimeria chalumnae	vertebrate	498	assoc_mcu_reg	high	518.5	0.8086		1.0
tr|H3AUL0|H3AUL0_LATCH	Latimeria chalumnae	vertebrate	301	assoc_k_beta	medium	83.7	0.4462	lrrc8	0.1649
tr|H3AUL4|H3AUL4_LATCH	Latimeria chalumnae	vertebrate	268	assoc_nav_beta	medium	36.3	0.3348		1.0
tr|H3AUR5|H3AUR5_LATCH	Latimeria chalumnae	vertebrate	521	assoc_k_beta	medium	67.4	0.4829		1.0
tr|H3AUS6|H3AUS6_LATCH	Latimeria chalumnae	vertebrate	716	assoc_k_beta	medium	77.0	0.4357	lrrc8	0.4091
tr|H3AV10|H3AV10_LATCH	Latimeria chalumnae	vertebrate	612	assoc_k_beta	high	241.0	0.7874		1.0
tr|H3AW09|H3AW09_LATCH	Latimeria chalumnae	vertebrate	1389	nonchannel_vsp	high	138.6	0.5616		1.0
tr|H3AW36|H3AW36_LATCH	Latimeria chalumnae	vertebrate	864	nonchannel_class_c_gpcr	high	767.9	0.9175		1.0
tr|H3AWQ5|H3AWQ5_LATCH	Latimeria chalumnae	vertebrate	245	assoc_nav_beta	high	80.4	0.7411		1.0
tr|H3AX16|H3AX16_LATCH	Latimeria chalumnae	vertebrate	344	assoc_k_beta	medium	46.0	0.3465	lrrc8	0.1065
tr|H3AX38|H3AX38_LATCH	Latimeria chalumnae	vertebrate	774	transporter_slc26	high	868.8	0.9404		1.0
tr|H3AXA2|H3AXA2_LATCH	Latimeria chalumnae	vertebrate	496	nonchannel_class_c_gpcr	high	400.5	0.5232		1.0
tr|H3AXD4|H3AXD4_LATCH	Latimeria chalumnae	vertebrate	798	assoc_k_beta	medium	47.4	0.336		1.0
tr|H3AXY4|H3AXY4_LATCH	Latimeria chalumnae	vertebrate	260	outofscope_aquaporin	high	200.2	0.8327		1.0
tr|H3AYE4|H3AYE4_LATCH	Latimeria chalumnae	vertebrate	522	assoc_k_beta	high	62.7	0.5013		1.0
tr|H3AYE7|H3AYE7_LATCH	Latimeria chalumnae	vertebrate	339	assoc_nav_beta	high	62.1	0.6339		1.0
tr|H3AYL5|H3AYL5_LATCH	Latimeria chalumnae	vertebrate	727	transporter_slc26	high	833.0	0.9473		1.0
tr|H3AYN8|H3AYN8_LATCH	Latimeria chalumnae	vertebrate	477	assoc_cav_aux	high	439.6	0.7023		1.0
tr|H3AYY2|H3AYY2_LATCH	Latimeria chalumnae	vertebrate	642	assoc_k_beta	medium	71.1	0.3465		1.0
tr|H3AZY1|H3AZY1_LATCH	Latimeria chalumnae	vertebrate	389	assoc_k_beta	medium	75.6	0.4541		1.0
tr|H3B050|H3B050_LATCH	Latimeria chalumnae	vertebrate	720	nonchannel_pomt	high	1026.3	0.9175		1.0
tr|H3B060|H3B060_LATCH	Latimeria chalumnae	vertebrate	208	nonchannel_ncs	high	47.9	0.5699	assoc_kchip	0.4572
tr|H3B0L8|H3B0L8_LATCH	Latimeria chalumnae	vertebrate	260	assoc_k_beta	medium	67.0	0.3176	lrrc8	0.5522
tr|H3B0R2|H3B0R2_LATCH	Latimeria chalumnae	vertebrate	171	nonchannel_ncs	high	40.3	0.6684	assoc_kchip	0.3226
tr|H3B0U0|H3B0U0_LATCH	Latimeria chalumnae	vertebrate	641	assoc_k_beta	high	104.3	0.5328	lrrc8	0.3519
tr|H3B0V3|H3B0V3_LATCH	Latimeria chalumnae	vertebrate	806	nonchannel_class_c_gpcr	high	711.4	0.8825	nmda	0.9642
tr|H3B0Y1|H3B0Y1_LATCH	Latimeria chalumnae	vertebrate	823	nonchannel_ncs	high	42.5	0.5285		1.0
tr|H3B1H0|H3B1H0_LATCH	Latimeria chalumnae	vertebrate	939	nonchannel_ncs	high	63.8	0.7409	assoc_kchip	0.3072
tr|H3B1H9|H3B1H9_LATCH	Latimeria chalumnae	vertebrate	605	assoc_k_beta	medium	149.8	0.5118	lrrc8	0.2276
tr|H3B1I9|H3B1I9_LATCH	Latimeria chalumnae	vertebrate	762	assoc_k_beta	medium	151.6	0.5223	lrrc8	0.2328
tr|H3B1R8|H3B1R8_LATCH	Latimeria chalumnae	vertebrate	720	nonchannel_abc_transporter	medium	382.5	0.4156	assoc_sur	0.6044
tr|H3B263|H3B263_LATCH	Latimeria chalumnae	vertebrate	125	assoc_kcne	high	86.4	0.8031		1.0
tr|H3B2A8|H3B2A8_LATCH	Latimeria chalumnae	vertebrate	599	assoc_k_beta	medium	127.6	0.4173		1.0
tr|H3B2B9|H3B2B9_LATCH	Latimeria chalumnae	vertebrate	735	nonchannel_abc_transporter	medium	379.9	0.4264	assoc_sur	0.6483
tr|H3B2Q7|H3B2Q7_LATCH	Latimeria chalumnae	vertebrate	543	nonchannel_ncs	high	51.7	0.5596	assoc_kchip	0.5087
tr|H3B2S8|H3B2S8_LATCH	Latimeria chalumnae	vertebrate	1401	nonchannel_abc_transporter	high	1578.0	0.9739	assoc_sur	0.5538
tr|H3B2S9|H3B2S9_LATCH	Latimeria chalumnae	vertebrate	498	assoc_nav_beta	high	53.0	0.6339		1.0
tr|H3B3G8|H3B3G8_LATCH	Latimeria chalumnae	vertebrate	122	assoc_kcne	high	85.3	0.6457		1.0
tr|H3B3L2|H3B3L2_LATCH	Latimeria chalumnae	vertebrate	737	transporter_slc26	high	868.7	0.9556		1.0
tr|H3B3W4|H3B3W4_LATCH	Latimeria chalumnae	vertebrate	373	assoc_k_beta	medium	73.3	0.3018		1.0
tr|H3B4C7|H3B4C7_LATCH	Latimeria chalumnae	vertebrate	712	nonchannel_class_c_gpcr	medium	528.1	0.452		1.0
tr|H3B4G8|H3B4G8_LATCH	Latimeria chalumnae	vertebrate	801	assoc_k_beta	high	114.3	0.8136		1.0
tr|H3B4J1|H3B4J1_LATCH	Latimeria chalumnae	vertebrate	361	assoc_k_beta	medium	70.8	0.5171	lrrc8	0.1158
tr|H3B4T1|H3B4T1_LATCH	Latimeria chalumnae	vertebrate	192	nonchannel_ncs	high	312.7	0.9741	assoc_kchip	0.3697
tr|H3B4T8|H3B4T8_LATCH	Latimeria chalumnae	vertebrate	196	nonchannel_ncs	high	334.2	0.9948	assoc_kchip	0.4306
tr|H3B536|H3B536_LATCH	Latimeria chalumnae	vertebrate	193	nonchannel_ncs	high	338.8	0.9896	assoc_kchip	0.4298
tr|H3B566|H3B566_LATCH	Latimeria chalumnae	vertebrate	800	assoc_cav_aux	high	403.9	0.7353		1.0
tr|H3B5A8|H3B5A8_LATCH	Latimeria chalumnae	vertebrate	246	assoc_cav_aux	medium	200.8	0.4005		1.0
tr|H3B5K5|H3B5K5_LATCH	Latimeria chalumnae	vertebrate	625	assoc_cav_aux	high	394.0	0.7737		1.0
tr|H3B602|H3B602_LATCH	Latimeria chalumnae	vertebrate	543	assoc_k_beta	medium	44.4	0.3333	lrrc8	0.3649
tr|H3B6J3|H3B6J3_LATCH	Latimeria chalumnae	vertebrate	247	assoc_k_beta	high	100.4	0.5801		1.0
tr|H3B713|H3B713_LATCH	Latimeria chalumnae	vertebrate	324	assoc_nav_beta	high	48.5	0.5357		1.0
tr|H3B762|H3B762_LATCH	Latimeria chalumnae	vertebrate	1433	nonchannel_abc_transporter	high	1757.4	0.9977	assoc_sur	0.5912
tr|H3B7H4|H3B7H4_LATCH	Latimeria chalumnae	vertebrate	309	mitok	high	372.1	0.7445		1.0
tr|H3B7M5|H3B7M5_LATCH	Latimeria chalumnae	vertebrate	548	assoc_cav_aux	high	409.0	0.7064		1.0
tr|H3B818|H3B818_LATCH	Latimeria chalumnae	vertebrate	346	assoc_k_beta	medium	74.3	0.6667	lrrc8	0.175
tr|H3B867|H3B867_LATCH	Latimeria chalumnae	vertebrate	233	assoc_k_beta	high	106.8	0.8189		1.0
tr|H3B8J3|H3B8J3_LATCH	Latimeria chalumnae	vertebrate	296	assoc_k_beta	high	69.0	0.5407		1.0
tr|H3B970|H3B970_LATCH	Latimeria chalumnae	vertebrate	1035	assoc_k_beta	medium	86.5	0.4278	lrrc8	0.1445
tr|H3B987|H3B987_LATCH	Latimeria chalumnae	vertebrate	534	assoc_nav_beta	high	41.4	0.567		1.0
tr|H3B9E6|H3B9E6_LATCH	Latimeria chalumnae	vertebrate	697	nonchannel_ncs	high	52.9	0.5544	assoc_kchip	0.4499
tr|H3B9F5|H3B9F5_LATCH	Latimeria chalumnae	vertebrate	619	assoc_k_beta	high	96.8	0.5013	lrrc8	0.3802
tr|H3B9L4|H3B9L4_LATCH	Latimeria chalumnae	vertebrate	1591	assoc_sur	high	3054.3	1.0	nonchannel_abc_transporter	0.635
tr|H3B9T8|H3B9T8_LATCH	Latimeria chalumnae	vertebrate	917	assoc_nav_beta	high	37.6	0.5402		1.0
tr|H3BA75|H3BA75_LATCH	Latimeria chalumnae	vertebrate	190	nonchannel_ncs	high	68.1	0.9378	assoc_kchip	0.4552
tr|H3BAV4|H3BAV4_LATCH	Latimeria chalumnae	vertebrate	648	assoc_k_beta	high	74.5	0.5171	lrrc8	0.3101
tr|H3BAY4|H3BAY4_LATCH	Latimeria chalumnae	vertebrate	843	nonchannel_class_c_gpcr	high	763.0	0.9288	kainate	0.9615
tr|H3BBA8|H3BBA8_LATCH	Latimeria chalumnae	vertebrate	191	nonchannel_ncs	high	201.8	0.8497	assoc_kchip	0.496
tr|H3BBE0|H3BBE0_LATCH	Latimeria chalumnae	vertebrate	260	outofscope_aquaporin	high	240.4	0.911		1.0
tr|H3BBL5|H3BBL5_LATCH	Latimeria chalumnae	vertebrate	1572	nonchannel_ncs	high	84.9	0.544	assoc_kchip	0.3168
tr|H3BBV5|H3BBV5_LATCH	Latimeria chalumnae	vertebrate	486	assoc_cav_aux	high	378.9	0.5789		1.0
tr|H3BBX1|H3BBX1_LATCH	Latimeria chalumnae	vertebrate	1731	nonchannel_vsp	high	125.2	0.5707		1.0
tr|H3BC24|H3BC24_LATCH	Latimeria chalumnae	vertebrate	716	assoc_k_beta	medium	81.8	0.3806	lrrc8	0.3741
tr|H3BC48|H3BC48_LATCH	Latimeria chalumnae	vertebrate	870	nonchannel_class_c_gpcr	high	1132.5	0.9853		1.0
tr|H3BC58|H3BC58_LATCH	Latimeria chalumnae	vertebrate	441	assoc_k_beta	high	48.6	0.5144		1.0
tr|H3BCY6|H3BCY6_LATCH	Latimeria chalumnae	vertebrate	422	nonchannel_class_c_gpcr	medium	44.1	0.3085		1.0
tr|H3BD43|H3BD43_LATCH	Latimeria chalumnae	vertebrate	747	nonchannel_pomt	high	1109.5	0.9421		1.0
tr|H3BD57|H3BD57_LATCH	Latimeria chalumnae	vertebrate	786	assoc_cav_aux	high	410.2	0.668		1.0
tr|H3BDB5|H3BDB5_LATCH	Latimeria chalumnae	vertebrate	907	nonchannel_class_c_gpcr	high	1248.9	0.9797		1.0
tr|H3BDL4|H3BDL4_LATCH	Latimeria chalumnae	vertebrate	344	assoc_k_beta	medium	73.5	0.3753		1.0
tr|H3BDU9|H3BDU9_LATCH	Latimeria chalumnae	vertebrate	499	assoc_mcu_reg	high	535.4	0.9527	nonchannel_ncs	0.9296
tr|H3BE21|H3BE21_LATCH	Latimeria chalumnae	vertebrate	578	transporter_slc26	high	481.8	0.7171		1.0
tr|H3BE68|H3BE68_LATCH	Latimeria chalumnae	vertebrate	620	assoc_k_beta	medium	85.2	0.5013	lrrc8	0.2089
tr|H3BEA4|H3BEA4_LATCH	Latimeria chalumnae	vertebrate	776	nonchannel_abc_transporter	medium	317.6	0.4011	assoc_sur	0.6521
tr|H3BEA5|H3BEA5_LATCH	Latimeria chalumnae	vertebrate	779	nonchannel_abc_transporter	medium	384.8	0.4057	assoc_sur	0.593
tr|H3BEK3|H3BEK3_LATCH	Latimeria chalumnae	vertebrate	209	nonchannel_ncs	medium	35.6	0.6839	assoc_kchip	0.1882
tr|H3BER1|H3BER1_LATCH	Latimeria chalumnae	vertebrate	656	assoc_k_beta	high	77.9	0.5013	lrrc8	0.4313
tr|H3BER8|H3BER8_LATCH	Latimeria chalumnae	vertebrate	190	nonchannel_ncs	high	50.3	0.9223	assoc_kchip	0.507
tr|H3BET0|H3BET0_LATCH	Latimeria chalumnae	vertebrate	1012	nonchannel_class_c_gpcr	medium	78.0	0.322		1.0
tr|H3BF11|H3BF11_LATCH	Latimeria chalumnae	vertebrate	277	outofscope_aquaporin	high	296.3	0.9217		1.0
tr|H3BF34|H3BF34_LATCH	Latimeria chalumnae	vertebrate	275	outofscope_aquaporin	high	285.9	0.9004		1.0
tr|H3BFD5|H3BFD5_LATCH	Latimeria chalumnae	vertebrate	933	assoc_cav_aux	high	580.0	0.882		1.0
tr|H3BFU8|H3BFU8_LATCH	Latimeria chalumnae	vertebrate	198	assoc_nav_beta	high	79.5	0.7768		1.0
tr|H3BFW9|H3BFW9_LATCH	Latimeria chalumnae	vertebrate	208	assoc_nav_beta	high	84.2	0.7946		1.0
tr|H3BG44|H3BG44_LATCH	Latimeria chalumnae	vertebrate	690	transporter_slc26	high	718.2	0.9626		1.0
tr|H3BGE4|H3BGE4_LATCH	Latimeria chalumnae	vertebrate	1039	assoc_k_beta	medium	67.9	0.4383		1.0
tr|H3BGZ6|H3BGZ6_LATCH	Latimeria chalumnae	vertebrate	197	nonchannel_ncs	high	248.2	0.9067	assoc_kchip	0.5181
tr|H3BGZ7|H3BGZ7_LATCH	Latimeria chalumnae	vertebrate	742	assoc_k_beta	medium	46.3	0.4042	lrrc8	0.1015
tr|H3BH20|H3BH20_LATCH	Latimeria chalumnae	vertebrate	164	nonchannel_ncs	high	46.7	0.7824		1.0
tr|H3BH50|H3BH50_LATCH	Latimeria chalumnae	vertebrate	210	assoc_nav_beta	high	157.6	0.9196		1.0
tr|H3BH72|H3BH72_LATCH	Latimeria chalumnae	vertebrate	215	assoc_nav_beta	high	203.6	0.9196		1.0
tr|H3BH85|H3BH85_LATCH	Latimeria chalumnae	vertebrate	164	nonchannel_ncs	high	53.4	0.5285	assoc_kchip	0.4513
tr|H3BH90|H3BH90_LATCH	Latimeria chalumnae	vertebrate	163	nonchannel_ncs	high	54.8	0.5596	assoc_kchip	0.4288
tr|H3BHN9|H3BHN9_LATCH	Latimeria chalumnae	vertebrate	841	nonchannel_class_c_gpcr	high	730.7	0.9198		1.0
tr|H3BHP4|H3BHP4_LATCH	Latimeria chalumnae	vertebrate	842	nonchannel_class_c_gpcr	high	722.5	0.9379		1.0
tr|H3BHP6|H3BHP6_LATCH	Latimeria chalumnae	vertebrate	840	nonchannel_class_c_gpcr	high	803.1	0.9186	iglur_nonvertebrate	0.9575
tr|H3BIC4|H3BIC4_LATCH	Latimeria chalumnae	vertebrate	328	outofscope_aquaporin	medium	54.7	0.4021		1.0
tr|H3BIC8|H3BIC8_LATCH	Latimeria chalumnae	vertebrate	264	outofscope_aquaporin	high	287.0	0.9253		1.0
tr|H3BIQ6|H3BIQ6_LATCH	Latimeria chalumnae	vertebrate	838	nonchannel_class_c_gpcr	high	687.2	0.9198	nmda	0.947
tr|H3BIS9|H3BIS9_LATCH	Latimeria chalumnae	vertebrate	1427	nonchannel_class_c_gpcr	high	362.5	0.5322		1.0
tr|H3BJ88|H3BJ88_MOUSE	Mus musculus	vertebrate	909	nonchannel_class_c_gpcr	high	642.3	0.904		1.0
tr|H3BK29|H3BK29_MOUSE	Mus musculus	vertebrate	913	nonchannel_class_c_gpcr	high	661.6	0.904		1.0
tr|H3BK37|H3BK37_MOUSE	Mus musculus	vertebrate	856	nonchannel_class_c_gpcr	high	471.4	0.9186		1.0
tr|H9G3D4|H9G3D4_ANOCA	Anolis carolinensis	vertebrate	331	assoc_cav_aux	high	265.2	0.5789		1.0
tr|H9G3D5|H9G3D5_ANOCA	Anolis carolinensis	vertebrate	408	pannexin	high	519.7	0.8688		1.0
tr|H9G3F3|H9G3F3_ANOCA	Anolis carolinensis	vertebrate	488	assoc_nav_beta	high	38.7	0.6384		1.0
tr|H9G3S8|H9G3S8_ANOCA	Anolis carolinensis	vertebrate	702	transporter_slc26	high	819.3	0.9404		1.0
tr|H9G3U3|H9G3U3_ANOCA	Anolis carolinensis	vertebrate	508	nonchannel_abc_transporter	medium	196.6	0.3213	assoc_sur	0.7686
tr|H9G4H8|H9G4H8_ANOCA	Anolis carolinensis	vertebrate	1293	nonchannel_abc_transporter	high	1491.9	0.9609	assoc_sur	0.452
tr|H9G4P2|H9G4P2_ANOCA	Anolis carolinensis	vertebrate	733	nonchannel_abc_transporter	medium	341.1	0.408	assoc_sur	0.5978
tr|H9G4X4|H9G4X4_ANOCA	Anolis carolinensis	vertebrate	351	assoc_k_beta	medium	64.3	0.3438	lrrc8	0.297
tr|H9G4X9|H9G4X9_ANOCA	Anolis carolinensis	vertebrate	728	nonchannel_abc_transporter	medium	333.8	0.4195	assoc_sur	0.6258
tr|H9G5K3|H9G5K3_ANOCA	Anolis carolinensis	vertebrate	627	nonchannel_ncs	medium	37.8	0.3472		1.0
tr|H9G633|H9G633_ANOCA	Anolis carolinensis	vertebrate	959	assoc_catsper_aux	high	190.2	0.6049		1.0
tr|H9G6A0|H9G6A0_ANOCA	Anolis carolinensis	vertebrate	191	nonchannel_ncs	high	311.9	0.9793	assoc_kchip	0.412
tr|H9G6L0|H9G6L0_ANOCA	Anolis carolinensis	vertebrate	388	nonchannel_class_c_gpcr	medium	44.9	0.3006		1.0
tr|H9G6S9|H9G6S9_ANOCA	Anolis carolinensis	vertebrate	592	nonchannel_class_c_gpcr	high	406.5	0.5627		1.0
tr|H9G6V8|H9G6V8_ANOCA	Anolis carolinensis	vertebrate	832	nonchannel_class_c_gpcr	high	455.5	0.7141		1.0
tr|H9G732|H9G732_ANOCA	Anolis carolinensis	vertebrate	326	assoc_nav_beta	high	56.5	0.6116		1.0
tr|H9G7W6|H9G7W6_ANOCA	Anolis carolinensis	vertebrate	609	assoc_k_beta	medium	165.2	0.6115	lrrc8	0.1435
tr|H9G837|H9G837_ANOCA	Anolis carolinensis	vertebrate	700	nonchannel_abc_transporter	medium	409.5	0.4417	assoc_sur	0.5661
tr|H9G8I8|H9G8I8_ANOCA	Anolis carolinensis	vertebrate	574	assoc_k_beta	medium	122.7	0.4882	lrrc8	0.1051
tr|H9G8W9|H9G8W9_ANOCA	Anolis carolinensis	vertebrate	487	nonchannel_class_c_gpcr	medium	264.4	0.4226		1.0
tr|H9G931|H9G931_ANOCA	Anolis carolinensis	vertebrate	473	nonchannel_kctd	high	104.0	0.8517	kv_shaker	0.7337
tr|H9G9H8|H9G9H8_ANOCA	Anolis carolinensis	vertebrate	565	assoc_nav_beta	high	233.0	0.9062		1.0
tr|H9G9I4|H9G9I4_ANOCA	Anolis carolinensis	vertebrate	432	assoc_k_beta	medium	94.4	0.6299	lrrc8	0.1324
tr|H9G9L2|H9G9L2_ANOCA	Anolis carolinensis	vertebrate	370	assoc_nav_beta	high	44.8	0.5938		1.0
tr|H9GAA8|H9GAA8_ANOCA	Anolis carolinensis	vertebrate	783	nonchannel_class_c_gpcr	high	490.4	0.8746		1.0
tr|H9GAG9|H9GAG9_ANOCA	Anolis carolinensis	vertebrate	1478	nonchannel_abc_transporter	high	1560.6	0.8834	assoc_sur	0.4992
tr|H9GAJ2|H9GAJ2_ANOCA	Anolis carolinensis	vertebrate	221	assoc_nav_beta	high	233.8	0.9062		1.0
tr|H9GAQ2|H9GAQ2_ANOCA	Anolis carolinensis	vertebrate	258	assoc_k_beta	medium	49.2	0.3281	lrrc8	0.4939
tr|H9GBG3|H9GBG3_ANOCA	Anolis carolinensis	vertebrate	330	nonchannel_class_c_gpcr	medium	307.1	0.3695		1.0
tr|H9GBG9|H9GBG9_ANOCA	Anolis carolinensis	vertebrate	435	nonchannel_class_c_gpcr	medium	362.0	0.4847		1.0
tr|H9GCA5|H9GCA5_ANOCA	Anolis carolinensis	vertebrate	768	nonchannel_class_c_gpcr	high	510.1	0.8712		1.0
tr|H9GCB4|H9GCB4_ANOCA	Anolis carolinensis	vertebrate	761	assoc_k_beta	high	119.1	0.5039	lrrc8	0.3384
tr|H9GCF7|H9GCF7_ANOCA	Anolis carolinensis	vertebrate	311	assoc_nav_beta	high	37.3	0.5179		1.0
tr|H9GCL4|H9GCL4_ANOCA	Anolis carolinensis	vertebrate	543	assoc_k_beta	medium	56.9	0.4803	lrrc8	0.5466
tr|H9GCM3|H9GCM3_ANOCA	Anolis carolinensis	vertebrate	318	nonchannel_class_c_gpcr	medium	278.6	0.3525		1.0
tr|H9GD24|H9GD24_ANOCA	Anolis carolinensis	vertebrate	1055	nonchannel_class_c_gpcr	high	1039.1	0.9548		1.0
tr|H9GDC8|H9GDC8_ANOCA	Anolis carolinensis	vertebrate	815	nonchannel_class_c_gpcr	high	487.0	0.8723		1.0
tr|H9GDD4|H9GDD4_ANOCA	Anolis carolinensis	vertebrate	804	nonchannel_class_c_gpcr	high	450.0	0.8678		1.0
tr|H9GDF0|H9GDF0_ANOCA	Anolis carolinensis	vertebrate	1268	assoc_polycystin1	medium	781.5	0.4485	trpp	0.9042
tr|H9GDZ9|H9GDZ9_ANOCA	Anolis carolinensis	vertebrate	160	nonchannel_ncs	high	59.6	0.5648		1.0
tr|H9GE76|H9GE76_ANOCA	Anolis carolinensis	vertebrate	787	nonchannel_class_c_gpcr	high	662.8	0.8881		1.0
tr|H9GEK4|H9GEK4_ANOCA	Anolis carolinensis	vertebrate	433	assoc_k_beta	high	40.6	0.5092		1.0
tr|H9GF75|H9GF75_ANOCA	Anolis carolinensis	vertebrate	305	outofscope_aquaporin	high	156.8	0.9004		1.0
tr|H9GFF5|H9GFF5_ANOCA	Anolis carolinensis	vertebrate	781	nonchannel_class_c_gpcr	high	434.9	0.8667		1.0
tr|H9GFF7|H9GFF7_ANOCA	Anolis carolinensis	vertebrate	328	nonchannel_class_c_gpcr	medium	262.2	0.3424		1.0
tr|H9GFF8|H9GFF8_ANOCA	Anolis carolinensis	vertebrate	693	nonchannel_class_c_gpcr	high	448.3	0.7424		1.0
tr|H9GFU9|H9GFU9_ANOCA	Anolis carolinensis	vertebrate	1126	nonchannel_class_c_gpcr	medium	78.0	0.4847	nmda	0.5949
tr|H9GGJ6|H9GGJ6_ANOCA	Anolis carolinensis	vertebrate	325	assoc_iglur_aux	high	82.4	0.5968		1.0
tr|H9GGL4|H9GGL4_ANOCA	Anolis carolinensis	vertebrate	232	nonchannel_pomt	medium	276.1	0.303		1.0
tr|H9GGN4|H9GGN4_ANOCA	Anolis carolinensis	vertebrate	527	assoc_k_beta	medium	48.1	0.357		1.0
tr|H9GH01|H9GH01_ANOCA	Anolis carolinensis	vertebrate	804	nonchannel_class_c_gpcr	high	520.3	0.8746		1.0
tr|H9GH30|H9GH30_ANOCA	Anolis carolinensis	vertebrate	847	nonchannel_class_c_gpcr	high	530.9	0.9232		1.0
tr|H9GHH4|H9GHH4_ANOCA	Anolis carolinensis	vertebrate	244	assoc_cav_aux	medium	180.5	0.4815		1.0
tr|H9GHN6|H9GHN6_ANOCA	Anolis carolinensis	vertebrate	827	nonchannel_class_c_gpcr	high	639.8	0.9322		1.0
tr|H9GHP0|H9GHP0_ANOCA	Anolis carolinensis	vertebrate	620	assoc_k_beta	medium	74.7	0.4436	lrrc8	0.162
tr|H9GHP8|H9GHP8_ANOCA	Anolis carolinensis	vertebrate	785	nonchannel_class_c_gpcr	medium	89.1	0.3243		1.0
tr|H9GHU1|H9GHU1_ANOCA	Anolis carolinensis	vertebrate	270	outofscope_aquaporin	high	162.3	0.605		1.0
tr|H9GIM2|H9GIM2_ANOCA	Anolis carolinensis	vertebrate	253	assoc_kchip	high	463.2	0.9841	nonchannel_ncs	0.5782
tr|H9GIZ1|H9GIZ1_ANOCA	Anolis carolinensis	vertebrate	518	assoc_cav_aux	high	463.9	0.7421		1.0
tr|H9GJ25|H9GJ25_ANOCA	Anolis carolinensis	vertebrate	288	outofscope_aquaporin	high	273.1	0.9075		1.0
tr|H9GJ38|H9GJ38_ANOCA	Anolis carolinensis	vertebrate	125	assoc_kcne	high	103.0	0.874		1.0
tr|H9GJA3|H9GJA3_ANOCA	Anolis carolinensis	vertebrate	1529	assoc_k_beta	high	280.5	0.5328	lrrc8	0.5301
tr|H9GJX8|H9GJX8_ANOCA	Anolis carolinensis	vertebrate	546	assoc_k_beta	medium	35.8	0.4488	lrrc8	0.1955
tr|H9GK82|H9GK82_ANOCA	Anolis carolinensis	vertebrate	525	assoc_iglur_aux	high	348.1	0.8859		1.0
tr|H9GKG7|H9GKG7_ANOCA	Anolis carolinensis	vertebrate	773	nonchannel_class_c_gpcr	high	691.4	0.8712	iglur_nonvertebrate	0.9485
tr|H9GKW3|H9GKW3_ANOCA	Anolis carolinensis	vertebrate	1435	nonchannel_abc_transporter	high	1675.5	0.9808	assoc_sur	0.5816
tr|H9GLY0|H9GLY0_ANOCA	Anolis carolinensis	vertebrate	404	nonchannel_vsp	high	249.0	0.5326		1.0
tr|H9GM17|H9GM17_ANOCA	Anolis carolinensis	vertebrate	1558	nonchannel_ncs	medium	75.1	0.544	assoc_kchip	0.213
tr|H9GMT0|H9GMT0_ANOCA	Anolis carolinensis	vertebrate	323	assoc_iglur_aux	medium	70.2	0.3714		1.0
tr|H9GMU2|H9GMU2_ANOCA	Anolis carolinensis	vertebrate	193	nonchannel_ncs	high	238.2	0.9793	assoc_kchip	0.4475
tr|H9GMV6|H9GMV6_ANOCA	Anolis carolinensis	vertebrate	513	assoc_iglur_aux	high	244.8	0.8143		1.0
tr|H9GN49|H9GN49_ANOCA	Anolis carolinensis	vertebrate	639	assoc_mcu_reg	medium	49.0	0.4189		1.0
tr|H9GNB1|H9GNB1_ANOCA	Anolis carolinensis	vertebrate	248	assoc_cav_aux	medium	63.1	0.4266		1.0
tr|H9GNF5|H9GNF5_ANOCA	Anolis carolinensis	vertebrate	548	nonchannel_ncs	high	63.4	0.6528	assoc_kchip	0.4101
tr|H9GP49|H9GP49_ANOCA	Anolis carolinensis	vertebrate	354	nonchannel_gasdermin	high	282.1	0.5784		1.0
tr|H9GP91|H9GP91_ANOCA	Anolis carolinensis	vertebrate	689	nonchannel_class_c_gpcr	high	497.6	0.7842		1.0
tr|H9GPC3|H9GPC3_ANOCA	Anolis carolinensis	vertebrate	550	nonchannel_class_c_gpcr	high	412.2	0.5977		1.0
tr|H9GPC4|H9GPC4_ANOCA	Anolis carolinensis	vertebrate	545	nonchannel_class_c_gpcr	high	409.9	0.5842		1.0
tr|H9GPC6|H9GPC6_ANOCA	Anolis carolinensis	vertebrate	737	nonchannel_class_c_gpcr	high	380.7	0.7514		1.0
tr|H9GPD0|H9GPD0_ANOCA	Anolis carolinensis	vertebrate	659	nonchannel_class_c_gpcr	high	413.6	0.739		1.0
tr|H9GPD1|H9GPD1_ANOCA	Anolis carolinensis	vertebrate	529	nonchannel_class_c_gpcr	high	401.8	0.5944		1.0
tr|H9GPR0|H9GPR0_ANOCA	Anolis carolinensis	vertebrate	541	assoc_k_beta	high	45.7	0.6194	lrrc8	0.4092
tr|H9GPS7|H9GPS7_ANOCA	Anolis carolinensis	vertebrate	371	assoc_k_beta	medium	90.9	0.3832	lrrc8	0.4389
tr|H9GQ05|H9GQ05_ANOCA	Anolis carolinensis	vertebrate	543	assoc_k_beta	medium	97.9	0.4934	lrrc8	0.1716
tr|H9GR14|H9GR14_ANOCA	Anolis carolinensis	vertebrate	567	nonchannel_ncs	medium	31.7	0.3368		1.0
tr|H9GR42|H9GR42_ANOCA	Anolis carolinensis	vertebrate	836	nonchannel_kctd	medium	62.2	0.3155		1.0
tr|H9GRN3|H9GRN3_ANOCA	Anolis carolinensis	vertebrate	150	nonchannel_ncs	high	56.8	0.5596		1.0
tr|H9GS61|H9GS61_ANOCA	Anolis carolinensis	vertebrate	223	assoc_k_beta	medium	77.3	0.399		1.0
tr|H9GS89|H9GS89_ANOCA	Anolis carolinensis	vertebrate	577	assoc_k_beta	medium	147.5	0.5197	lrrc8	0.2251
tr|H9GSK4|H9GSK4_ANOCA	Anolis carolinensis	vertebrate	290	nonchannel_vsp	medium	325.3	0.3587		1.0
tr|H9GSM9|H9GSM9_ANOCA	Anolis carolinensis	vertebrate	462	assoc_catsper_aux	medium	171.5	0.3087		1.0
tr|H9GSN1|H9GSN1_ANOCA	Anolis carolinensis	vertebrate	261	outofscope_aquaporin	high	114.5	0.8932		1.0
tr|H9GSN2|H9GSN2_ANOCA	Anolis carolinensis	vertebrate	299	nonchannel_class_c_gpcr	medium	258.7	0.3379		1.0
tr|H9GSR3|H9GSR3_ANOCA	Anolis carolinensis	vertebrate	150	nonchannel_ncs	high	49.6	0.5596		1.0
tr|H9GTE3|H9GTE3_ANOCA	Anolis carolinensis	vertebrate	570	transporter_slc26	high	584.1	0.6546		1.0
tr|H9GTV0|H9GTV0_ANOCA	Anolis carolinensis	vertebrate	797	assoc_k_beta	medium	38.7	0.4488	lrrc8	0.1835
tr|H9GU95|H9GU95_ANOCA	Anolis carolinensis	vertebrate	851	nonchannel_class_c_gpcr	high	562.7	0.8881		1.0
tr|H9GUK3|H9GUK3_ANOCA	Anolis carolinensis	vertebrate	866	assoc_k_beta	medium	54.6	0.3517	lrrc8	0.185
tr|H9GUK8|H9GUK8_ANOCA	Anolis carolinensis	vertebrate	462	assoc_catsper_aux	medium	167.5	0.3078		1.0
tr|H9GVR3|H9GVR3_ANOCA	Anolis carolinensis	vertebrate	393	assoc_k_beta	high	79.0	0.5879	lrrc8	0.3709
tr|H9H5U8|H9H5U8_MONDO	Monodelphis domestica	vertebrate	198	outofscope_aquaporin	high	242.3	0.7331		1.0
tr|H9H5W4|H9H5W4_MONDO	Monodelphis domestica	vertebrate	296	assoc_nav_beta	medium	35.0	0.4554		1.0
tr|H9H690|H9H690_MONDO	Monodelphis domestica	vertebrate	352	assoc_clc_aux	medium	460.4	0.3753		1.0
tr|H9H6C8|H9H6C8_MONDO	Monodelphis domestica	vertebrate	482	assoc_cav_aux	high	403.8	0.7353		1.0
tr|H9H6I6|H9H6I6_MONDO	Monodelphis domestica	vertebrate	724	nonchannel_abc_transporter	medium	313.5	0.3965	cftr	0.6561
tr|H9H6T2|H9H6T2_MONDO	Monodelphis domestica	vertebrate	378	assoc_k_beta	medium	70.1	0.3622	lrrc8	0.3067
tr|H9H7P1|H9H7P1_MONDO	Monodelphis domestica	vertebrate	141	outofscope_aquaporin	medium	156.8	0.4733		1.0
tr|H9H7P8|H9H7P8_MONDO	Monodelphis domestica	vertebrate	792	nonchannel_class_c_gpcr	high	764.1	0.8881		1.0
tr|H9H8A5|H9H8A5_MONDO	Monodelphis domestica	vertebrate	831	assoc_k_beta	high	140.0	0.5669		1.0
tr|H9H957|H9H957_MONDO	Monodelphis domestica	vertebrate	812	nonchannel_class_c_gpcr	high	519.6	0.8655		1.0
tr|I7LTQ6|I7LTQ6_TETTS	Tetrahymena thermophila	ciliate	744	nonchannel_ncs	high	68.3	0.6632		1.0
tr|I7LTZ5|I7LTZ5_TETTS	Tetrahymena thermophila	ciliate	723	nonchannel_abc_transporter	medium	299.0	0.4256	assoc_sur	0.6127
tr|I7LU09|I7LU09_TETTS	Tetrahymena thermophila	ciliate	567	nonchannel_vsp	high	203.0	0.596		1.0
tr|I7LU71|I7LU71_TETTS	Tetrahymena thermophila	ciliate	1324	nonchannel_abc_transporter	high	774.9	0.9609	cftr	0.4483
tr|I7LUB8|I7LUB8_TETTS	Tetrahymena thermophila	ciliate	167	nonchannel_ncs	medium	80.9	0.8238	assoc_kchip	0.2472
tr|I7LUK7|I7LUK7_TETTS	Tetrahymena thermophila	ciliate	1490	nonchannel_abc_transporter	high	695.1	0.9233	assoc_sur	0.4533
tr|I7LUL6|I7LUL6_TETTS	Tetrahymena thermophila	ciliate	2316	nonchannel_ncs	high	80.2	0.6477	assoc_kchip	0.3703
tr|I7LUM3|I7LUM3_TETTS	Tetrahymena thermophila	ciliate	595	nonchannel_ncs	high	59.7	0.6528	assoc_kchip	0.4338
tr|I7LV23|I7LV23_TETTS	Tetrahymena thermophila	ciliate	602	trpml	medium	68.7	0.3468	trpp	0.3974
tr|I7LVB6|I7LVB6_TETTS	Tetrahymena thermophila	ciliate	1459	nonchannel_abc_transporter	high	926.7	0.9394	cftr	0.471
tr|I7LVH2|I7LVH2_TETTS	Tetrahymena thermophila	ciliate	1255	nonchannel_abc_transporter	high	703.1	0.8167	assoc_sur	0.4494
tr|I7LVH5|I7LVH5_TETTS	Tetrahymena thermophila	ciliate	1434	nonchannel_abc_transporter	high	725.5	0.9479	assoc_sur	0.474
tr|I7LVI1|I7LVI1_TETTS	Tetrahymena thermophila	ciliate	1399	nonchannel_abc_transporter	high	738.5	0.8267	assoc_sur	0.4639
tr|I7LVX2|I7LVX2_TETTS	Tetrahymena thermophila	ciliate	1239	kv_eag	medium	94.0	0.6969	cng	0.1947
tr|I7LVZ2|I7LVZ2_TETTS	Tetrahymena thermophila	ciliate	1478	nonchannel_abc_transporter	high	1096.8	0.9686	assoc_sur	0.4053
tr|I7LWJ8|I7LWJ8_TETTS	Tetrahymena thermophila	ciliate	497	nonchannel_ncs	high	58.4	0.6321		1.0
tr|I7LWK9|I7LWK9_TETTS	Tetrahymena thermophila	ciliate	308	nonchannel_ncs	medium	36.8	0.886	assoc_kchip	0.1984
tr|I7LWM0|I7LWM0_TETTS	Tetrahymena thermophila	ciliate	1727	nonchannel_abc_transporter	high	1049.6	0.9609	assoc_sur	0.4357
tr|I7LXB6|I7LXB6_TETTS	Tetrahymena thermophila	ciliate	1405	nonchannel_abc_transporter	high	905.0	0.9517	cftr	0.4777
tr|I7LXC1|I7LXC1_TETTS	Tetrahymena thermophila	ciliate	348	assoc_k_beta	medium	40.0	0.4042		1.0
tr|I7LXH0|I7LXH0_TETTS	Tetrahymena thermophila	ciliate	1318	nonchannel_abc_transporter	medium	675.8	0.4954	assoc_sur	0.5821
tr|I7M1M3|I7M1M3_TETTS	Tetrahymena thermophila	ciliate	1414	nonchannel_abc_transporter	high	870.7	0.8804	assoc_sur	0.4789
tr|I7M1U7|I7M1U7_TETTS	Tetrahymena thermophila	ciliate	1425	nonchannel_abc_transporter	high	906.4	0.9394	cftr	0.4545
tr|I7M2A9|I7M2A9_TETTS	Tetrahymena thermophila	ciliate	477	nonchannel_ncs	medium	65.0	0.3575		1.0
tr|I7M427|I7M427_TETTS	Tetrahymena thermophila	ciliate	649	nonchannel_vsp	high	191.3	0.5888		1.0
tr|I7M453|I7M453_TETTS	Tetrahymena thermophila	ciliate	170	nonchannel_ncs	high	36.7	0.886		1.0
tr|I7M6I6|I7M6I6_TETTS	Tetrahymena thermophila	ciliate	1479	cng	medium	101.5	0.6322	kv_eag	0.2946
tr|I7M6Q4|I7M6Q4_TETTS	Tetrahymena thermophila	ciliate	676	nonchannel_abc_transporter	high	401.2	0.5	assoc_sur	0.58
tr|I7M6U5|I7M6U5_TETTS	Tetrahymena thermophila	ciliate	471	nonchannel_ncs	medium	45.3	0.3057		1.0
tr|I7M716|I7M716_TETTS	Tetrahymena thermophila	ciliate	492	nonchannel_vsp	high	215.8	0.596		1.0
tr|I7M776|I7M776_TETTS	Tetrahymena thermophila	ciliate	459	nonchannel_ncs	high	37.8	0.8756		1.0
tr|I7M880|I7M880_TETTS	Tetrahymena thermophila	ciliate	347	assoc_k_beta	high	40.9	0.8058		1.0
tr|I7M8W1|I7M8W1_TETTS	Tetrahymena thermophila	ciliate	1422	nonchannel_abc_transporter	high	849.5	0.9509	cftr	0.4683
tr|I7M8X9|I7M8X9_TETTS	Tetrahymena thermophila	ciliate	526	nonchannel_ncs	high	57.2	0.6528		1.0
tr|I7M9L6|I7M9L6_TETTS	Tetrahymena thermophila	ciliate	1295	nonchannel_abc_transporter	medium	667.7	0.4808	assoc_sur	0.6127
tr|I7M9T1|I7M9T1_TETTS	Tetrahymena thermophila	ciliate	456	nonchannel_ncs	high	53.6	0.6114		1.0
tr|I7M9V0|I7M9V0_TETTS	Tetrahymena thermophila	ciliate	561	nonchannel_ncs	medium	45.0	0.4145		1.0
tr|I7MAD0|I7MAD0_TETTS	Tetrahymena thermophila	ciliate	347	assoc_k_beta	medium	40.6	0.3963		1.0
tr|I7MAH9|I7MAH9_TETTS	Tetrahymena thermophila	ciliate	1346	nonchannel_abc_transporter	medium	634.0	0.4977	assoc_sur	0.6429
tr|I7MB14|I7MB14_TETTS	Tetrahymena thermophila	ciliate	1097	cng	medium	57.6	0.4229	kv_eag	0.3854
tr|I7MB73|I7MB73_TETTS	Tetrahymena thermophila	ciliate	1363	nonchannel_abc_transporter	high	767.0	0.9371	assoc_sur	0.4992
tr|I7MCH7|I7MCH7_TETTS	Tetrahymena thermophila	ciliate	550	nonchannel_ncs	high	60.2	0.6166		1.0
tr|I7MCU2|I7MCU2_TETTS	Tetrahymena thermophila	ciliate	1365	nonchannel_abc_transporter	high	930.9	0.9287	cftr	0.4271
tr|I7MDN9|I7MDN9_TETTS	Tetrahymena thermophila	ciliate	1384	nonchannel_abc_transporter	high	943.5	0.9333	cftr	0.4173
tr|I7ME23|I7ME23_TETTS	Tetrahymena thermophila	ciliate	498	nonchannel_ncs	high	55.1	0.6891		1.0
tr|I7MFC6|I7MFC6_TETTS	Tetrahymena thermophila	ciliate	688	nonchannel_abc_transporter	medium	262.9	0.4571	assoc_sur	0.5139
tr|I7MG62|I7MG62_TETTS	Tetrahymena thermophila	ciliate	993	assoc_kchip	medium	39.4	0.7211	nonchannel_ncs	0.2995
tr|I7MH26|I7MH26_TETTS	Tetrahymena thermophila	ciliate	637	nonchannel_vsp	high	183.5	0.6395		1.0
tr|I7MH64|I7MH64_TETTS	Tetrahymena thermophila	ciliate	1469	trpp	medium	45.6	0.4957		1.0
tr|I7MHC8|I7MHC8_TETTS	Tetrahymena thermophila	ciliate	952	nonchannel_ncs	high	81.9	0.6995		1.0
tr|I7MHR0|I7MHR0_TETTS	Tetrahymena thermophila	ciliate	1066	osca_tmem63	medium	51.4	0.3925		1.0
tr|I7MHY1|I7MHY1_TETTS	Tetrahymena thermophila	ciliate	1379	nonchannel_abc_transporter	high	924.2	0.9356	cftr	0.4269
tr|I7MI63|I7MI63_TETTS	Tetrahymena thermophila	ciliate	150	nonchannel_ncs	high	36.6	0.5285		1.0
tr|I7MJK8|I7MJK8_TETTS	Tetrahymena thermophila	ciliate	500	nonchannel_vsp	high	70.3	0.5652		1.0
tr|I7MJS0|I7MJS0_TETTS	Tetrahymena thermophila	ciliate	1458	nonchannel_abc_transporter	high	901.1	0.9279	cftr	0.4185
tr|I7MK99|I7MK99_TETTS	Tetrahymena thermophila	ciliate	1447	nonchannel_abc_transporter	high	940.5	0.9617	cftr	0.4608
tr|I7MKD3|I7MKD3_TETTS	Tetrahymena thermophila	ciliate	1227	nonchannel_abc_transporter	high	701.1	0.8083	assoc_sur	0.5059
tr|I7MKK2|I7MKK2_TETTS	Tetrahymena thermophila	ciliate	844	nonchannel_abc_transporter	medium	312.5	0.4118	assoc_sur	0.6285
tr|I7MKK8|I7MKK8_TETTS	Tetrahymena thermophila	ciliate	731	nonchannel_ncs	high	37.7	0.8446		1.0
tr|I7MKL7|I7MKL7_TETTS	Tetrahymena thermophila	ciliate	1423	nonchannel_abc_transporter	high	1035.0	0.9686	assoc_sur	0.4794
tr|I7MKR3|I7MKR3_TETTS	Tetrahymena thermophila	ciliate	1400	nonchannel_abc_transporter	high	857.6	0.9387	cftr	0.4763
tr|I7MLI1|I7MLI1_TETTS	Tetrahymena thermophila	ciliate	1535	nonchannel_abc_transporter	high	1131.0	0.9655	assoc_sur	0.4743
tr|I7MLL9|I7MLL9_TETTS	Tetrahymena thermophila	ciliate	734	nonchannel_ncs	high	53.2	0.5855		1.0
tr|I7MM19|I7MM19_TETTS	Tetrahymena thermophila	ciliate	1074	cng	medium	31.8	0.4668		1.0
tr|I7MM83|I7MM83_TETTS	Tetrahymena thermophila	ciliate	348	assoc_k_beta	high	42.8	0.8058		1.0
tr|I7MMA1|I7MMA1_TETTS	Tetrahymena thermophila	ciliate	1505	nonchannel_abc_transporter	high	1064.5	0.9632	assoc_sur	0.4599
tr|I7MMI0|I7MMI0_TETTS	Tetrahymena thermophila	ciliate	671	nonchannel_abc_transporter	medium	287.3	0.4126	assoc_sur	0.4111
tr|I7MMI9|I7MMI9_TETTS	Tetrahymena thermophila	ciliate	1289	nonchannel_abc_transporter	medium	635.4	0.4762	assoc_sur	0.5932
tr|K7E1D6|K7E1D6_MONDO	Monodelphis domestica	vertebrate	807	assoc_k_beta	high	350.4	0.9869		1.0
tr|K7E1H5|K7E1H5_MONDO	Monodelphis domestica	vertebrate	371	outofscope_aquaporin	high	283.1	0.9146		1.0
tr|K7E6A1|K7E6A1_MONDO	Monodelphis domestica	vertebrate	1382	nonchannel_abc_transporter	high	1594.1	0.9609	assoc_sur	0.6111
tr|K7E716|K7E716_ORNAN	Ornithorhynchus anatinus	vertebrate	604	assoc_k_beta	medium	178.0	0.5801	lrrc8	0.2899
tr|K7E9I9|K7E9I9_ORNAN	Ornithorhynchus anatinus	vertebrate	650	assoc_k_beta	medium	65.4	0.4829	lrrc8	0.208
tr|K7ED84|K7ED84_ORNAN	Ornithorhynchus anatinus	vertebrate	825	assoc_k_beta	medium	68.8	0.4226	lrrc8	0.2907
tr|K7EDC0|K7EDC0_ORNAN	Ornithorhynchus anatinus	vertebrate	572	assoc_cav_aux	high	200.3	0.5158		1.0
tr|K7N5U4|K7N5U4_MOUSE	Mus musculus	vertebrate	849	nonchannel_class_c_gpcr	high	428.7	0.8633		1.0
tr|K7N5W1|K7N5W1_MOUSE	Mus musculus	vertebrate	852	nonchannel_class_c_gpcr	high	430.6	0.8723		1.0
tr|K7N621|K7N621_MOUSE	Mus musculus	vertebrate	847	nonchannel_class_c_gpcr	high	420.5	0.861		1.0
tr|K7N674|K7N674_MOUSE	Mus musculus	vertebrate	857	nonchannel_class_c_gpcr	high	441.8	0.878		1.0
tr|K7N686|K7N686_MOUSE	Mus musculus	vertebrate	852	nonchannel_class_c_gpcr	high	432.3	0.8723		1.0
tr|K7N6T2|K7N6T2_MOUSE	Mus musculus	vertebrate	851	nonchannel_class_c_gpcr	high	444.3	0.8746		1.0
tr|K7N6U5|K7N6U5_MOUSE	Mus musculus	vertebrate	853	nonchannel_class_c_gpcr	high	446.0	0.8802		1.0
tr|K7N6V1|K7N6V1_MOUSE	Mus musculus	vertebrate	857	nonchannel_class_c_gpcr	high	444.0	0.8712		1.0
tr|K7N6V2|K7N6V2_MOUSE	Mus musculus	vertebrate	862	nonchannel_class_c_gpcr	high	511.7	0.9175	kainate	0.94
tr|K7N6Y7|K7N6Y7_MOUSE	Mus musculus	vertebrate	853	nonchannel_class_c_gpcr	high	496.6	0.913		1.0
tr|K7N6Z2|K7N6Z2_MOUSE	Mus musculus	vertebrate	861	nonchannel_class_c_gpcr	high	486.9	0.9424		1.0
tr|K7N6Z8|K7N6Z8_MOUSE	Mus musculus	vertebrate	848	nonchannel_class_c_gpcr	high	417.8	0.8621		1.0
tr|K7N702|K7N702_MOUSE	Mus musculus	vertebrate	854	nonchannel_class_c_gpcr	high	413.4	0.8734		1.0
tr|K7N705|K7N705_MOUSE	Mus musculus	vertebrate	861	nonchannel_class_c_gpcr	high	443.9	0.8746		1.0
tr|K7N709|K7N709_MOUSE	Mus musculus	vertebrate	852	nonchannel_class_c_gpcr	high	422.5	0.8723		1.0
tr|K7N712|K7N712_MOUSE	Mus musculus	vertebrate	859	nonchannel_class_c_gpcr	high	510.8	0.9141		1.0
tr|K7N741|K7N741_MOUSE	Mus musculus	vertebrate	852	nonchannel_class_c_gpcr	high	442.5	0.8712		1.0
tr|K7N747|K7N747_MOUSE	Mus musculus	vertebrate	858	nonchannel_class_c_gpcr	high	491.8	0.9175		1.0
tr|K7N784|K7N784_MOUSE	Mus musculus	vertebrate	913	nonchannel_class_c_gpcr	high	658.9	0.9051		1.0
tr|K7N788|K7N788_MOUSE	Mus musculus	vertebrate	911	nonchannel_class_c_gpcr	high	688.7	0.904		1.0
tr|K7N789|K7N789_MOUSE	Mus musculus	vertebrate	855	nonchannel_class_c_gpcr	high	489.8	0.9164		1.0
tr|L7MTU2|L7MTU2_MOUSE	Mus musculus	vertebrate	845	nonchannel_class_c_gpcr	high	436.4	0.8836		1.0
tr|L7MZH4|L7MZH4_ANOCA	Anolis carolinensis	vertebrate	906	assoc_clc_aux	high	1132.7	0.961		1.0
tr|L7N039|L7N039_ANOCA	Anolis carolinensis	vertebrate	778	nonchannel_class_c_gpcr	high	505.9	0.8644		1.0
tr|L7N040|L7N040_ANOCA	Anolis carolinensis	vertebrate	793	nonchannel_class_c_gpcr	high	444.7	0.8723		1.0
tr|L7N1X2|L7N1X2_MOUSE	Mus musculus	vertebrate	831	nonchannel_class_c_gpcr	high	416.4	0.8542		1.0
tr|L7N1Z4|L7N1Z4_MOUSE	Mus musculus	vertebrate	861	nonchannel_class_c_gpcr	high	445.4	0.8746		1.0
tr|L7N1Z9|L7N1Z9_MOUSE	Mus musculus	vertebrate	857	nonchannel_class_c_gpcr	high	474.5	0.9186		1.0
tr|L7N203|L7N203_MOUSE	Mus musculus	vertebrate	852	nonchannel_class_c_gpcr	high	423.8	0.9141		1.0
tr|L7N215|L7N215_MOUSE	Mus musculus	vertebrate	852	nonchannel_class_c_gpcr	high	434.9	0.8723		1.0
tr|L7N217|L7N217_MOUSE	Mus musculus	vertebrate	831	nonchannel_class_c_gpcr	high	423.7	0.8554		1.0
tr|L7N221|L7N221_MOUSE	Mus musculus	vertebrate	857	nonchannel_class_c_gpcr	high	451.3	0.8746		1.0
tr|L7N269|L7N269_MOUSE	Mus musculus	vertebrate	863	nonchannel_class_c_gpcr	high	510.7	0.9085		1.0
tr|L7N279|L7N279_MOUSE	Mus musculus	vertebrate	857	nonchannel_class_c_gpcr	high	505.4	0.9164		1.0
tr|L7N2A0|L7N2A0_MOUSE	Mus musculus	vertebrate	855	nonchannel_class_c_gpcr	high	430.6	0.8644		1.0
tr|L7N2A4|L7N2A4_MOUSE	Mus musculus	vertebrate	860	nonchannel_class_c_gpcr	high	487.9	0.9186		1.0
tr|L7N2B1|L7N2B1_MOUSE	Mus musculus	vertebrate	853	nonchannel_class_c_gpcr	high	497.5	0.913		1.0
tr|L7N2B2|L7N2B2_MOUSE	Mus musculus	vertebrate	852	nonchannel_class_c_gpcr	high	426.2	0.8802		1.0
tr|L7N2B3|L7N2B3_MOUSE	Mus musculus	vertebrate	851	nonchannel_class_c_gpcr	high	413.6	0.8746		1.0
tr|L7N2B5|L7N2B5_MOUSE	Mus musculus	vertebrate	852	nonchannel_class_c_gpcr	high	440.0	0.8723		1.0
tr|L7N2B7|L7N2B7_MOUSE	Mus musculus	vertebrate	854	nonchannel_class_c_gpcr	high	443.5	0.8757		1.0
tr|L7N2B8|L7N2B8_MOUSE	Mus musculus	vertebrate	865	nonchannel_class_c_gpcr	high	488.5	0.9119	kainate	0.9271
tr|L7N2D4|L7N2D4_MOUSE	Mus musculus	vertebrate	852	nonchannel_class_c_gpcr	high	452.2	0.8712		1.0
tr|L7N2D8|L7N2D8_MOUSE	Mus musculus	vertebrate	851	nonchannel_class_c_gpcr	high	441.0	0.8757		1.0
tr|L7N2E1|L7N2E1_MOUSE	Mus musculus	vertebrate	861	nonchannel_class_c_gpcr	high	446.7	0.8746		1.0
tr|L7N2E5|L7N2E5_MOUSE	Mus musculus	vertebrate	861	nonchannel_class_c_gpcr	high	449.5	0.8836		1.0
tr|L7N2E9|L7N2E9_MOUSE	Mus musculus	vertebrate	908	nonchannel_class_c_gpcr	high	690.6	0.9062		1.0
tr|L7N303|L7N303_XENTR	Xenopus tropicalis	vertebrate	1265	nonchannel_abc_transporter	medium	698.9	0.4601	assoc_sur	0.6311
tr|L7N472|L7N472_MOUSE	Mus musculus	vertebrate	848	nonchannel_class_c_gpcr	high	422.2	0.8621		1.0
tr|M0QWL6|M0QWL6_MOUSE	Mus musculus	vertebrate	290	assoc_iglur_aux	medium	47.5	0.366		1.0
tr|M0R4E7|M0R4E7_RAT	Rattus norvegicus	vertebrate	581	nonchannel_class_c_gpcr	medium	311.2	0.4644		1.0
tr|M0R4G0|M0R4G0_RAT	Rattus norvegicus	vertebrate	746	assoc_k_beta	medium	57.0	0.4803	lrrc8	0.2509
tr|M0R5B1|M0R5B1_RAT	Rattus norvegicus	vertebrate	399	assoc_iglur_aux	high	234.0	0.8329		1.0
tr|M0R5S6|M0R5S6_RAT	Rattus norvegicus	vertebrate	863	nonchannel_class_c_gpcr	high	498.2	0.9198		1.0
tr|M0R752|M0R752_RAT	Rattus norvegicus	vertebrate	606	assoc_k_beta	medium	101.0	0.4882	lrrc8	0.404
tr|M0R9L8|M0R9L8_RAT	Rattus norvegicus	vertebrate	849	nonchannel_class_c_gpcr	high	462.1	0.8723		1.0
tr|M0RCC4|M0RCC4_RAT	Rattus norvegicus	vertebrate	862	nonchannel_class_c_gpcr	high	486.7	0.9119		1.0
tr|M0RCJ6|M0RCJ6_RAT	Rattus norvegicus	vertebrate	147	nonchannel_ncs	high	35.7	0.5596		1.0
tr|M0RCW6|M0RCW6_RAT	Rattus norvegicus	vertebrate	287	nonchannel_ncs	medium	37.6	0.456		1.0
tr|M3XHD4|M3XHD4_LATCH	Latimeria chalumnae	vertebrate	191	nonchannel_ncs	high	318.2	0.9793	assoc_kchip	0.4063
tr|M3XHS6|M3XHS6_LATCH	Latimeria chalumnae	vertebrate	290	outofscope_aquaporin	high	309.7	0.8897		1.0
tr|M3XI23|M3XI23_LATCH	Latimeria chalumnae	vertebrate	1147	assoc_catsper_aux	high	207.9	0.9223		1.0
tr|M3XIP7|M3XIP7_LATCH	Latimeria chalumnae	vertebrate	194	nonchannel_ncs	medium	51.9	0.4041	assoc_kchip	0.4759
tr|M3XIR6|M3XIR6_LATCH	Latimeria chalumnae	vertebrate	269	assoc_nav_beta	medium	43.3	0.4107		1.0
tr|M3XIT3|M3XIT3_LATCH	Latimeria chalumnae	vertebrate	1528	nonchannel_abc_transporter	high	1678.0	0.9762	assoc_sur	0.5538
tr|M3XJ68|M3XJ68_LATCH	Latimeria chalumnae	vertebrate	1270	nonchannel_abc_transporter	high	1549.6	0.8888	assoc_sur	0.5421
tr|M3XJF0|M3XJF0_LATCH	Latimeria chalumnae	vertebrate	787	transporter_slc26	high	845.6	0.9653		1.0
tr|M3XJG3|M3XJG3_LATCH	Latimeria chalumnae	vertebrate	1084	assoc_catsper_aux	high	219.8	0.9126		1.0
tr|M3XJU6|M3XJU6_LATCH	Latimeria chalumnae	vertebrate	390	assoc_k_beta	medium	70.9	0.4567	lrrc8	0.4302
tr|M3XK91|M3XK91_LATCH	Latimeria chalumnae	vertebrate	457	assoc_catsper_aux	medium	200.8	0.4184		1.0
tr|M3XKJ1|M3XKJ1_LATCH	Latimeria chalumnae	vertebrate	481	nonchannel_kctd	high	104.2	0.8517	kv_shaker	0.7351
tr|M3XKP3|M3XKP3_LATCH	Latimeria chalumnae	vertebrate	174	assoc_iglur_aux	medium	57.1	0.4085		1.0
tr|M3XLJ2|M3XLJ2_LATCH	Latimeria chalumnae	vertebrate	173	outofscope_aquaporin	high	115.1	0.6477		1.0
tr|M9MRX4|M9MRX4_DROME	Drosophila melanogaster	invertebrate	13559	trpn	medium	401.0	0.3621	trpa	0.4364
tr|M9MSI4|M9MSI4_DROME	Drosophila melanogaster	invertebrate	564	assoc_k_beta	medium	66.8	0.3648		1.0
tr|M9ND25|M9ND25_DROME	Drosophila melanogaster	invertebrate	951	nonchannel_class_c_gpcr	medium	46.8	0.3254		1.0
tr|M9PD84|M9PD84_DROME	Drosophila melanogaster	invertebrate	844	assoc_cav_aux	medium	285.4	0.4911		1.0
tr|M9PFH7|M9PFH7_DROME	Drosophila melanogaster	invertebrate	751	assoc_k_beta	medium	106.5	0.7507	lrrc8	0.1859
tr|M9PGG8|M9PGG8_DROME	Drosophila melanogaster	invertebrate	182	nonchannel_ncs	high	35.0	0.5285		1.0
tr|M9PHI0|M9PHI0_DROME	Drosophila melanogaster	invertebrate	887	assoc_k_beta	high	87.7	0.8373		1.0
tr|O01661|O01661_CAEEL	Caenorhabditis elegans	invertebrate	526	assoc_cav_aux	medium	261.9	0.487		1.0
tr|O02086|O02086_CAEEL	Caenorhabditis elegans	invertebrate	773	nonchannel_abc_transporter	medium	375.3	0.4264	assoc_sur	0.5662
tr|O16343|O16343_CAEEL	Caenorhabditis elegans	invertebrate	195	nonchannel_ncs	medium	51.2	0.9119	assoc_kchip	0.2598
tr|O16638|O16638_CAEEL	Caenorhabditis elegans	invertebrate	338	assoc_kchip	high	52.2	0.5378	nonchannel_ncs	0.3697
tr|O17895|O17895_CAEEL	Caenorhabditis elegans	invertebrate	666	nonchannel_abc_transporter	medium	331.9	0.4502	assoc_sur	0.5917
tr|O17951|O17951_CAEEL	Caenorhabditis elegans	invertebrate	737	transporter_slc26	high	571.3	0.9293		1.0
tr|O18227|O18227_CAEEL	Caenorhabditis elegans	invertebrate	633	nonchannel_abc_transporter	medium	391.6	0.4425	assoc_sur	0.6376
tr|O44897|O44897_CAEEL	Caenorhabditis elegans	invertebrate	815	nonchannel_abc_transporter	medium	385.6	0.4494	assoc_sur	0.6634
tr|O45278|O45278_CAEEL	Caenorhabditis elegans	invertebrate	677	nonchannel_abc_transporter	medium	293.1	0.3857	assoc_sur	0.5503
tr|O45313|O45313_CAEEL	Caenorhabditis elegans	invertebrate	288	assoc_kchip	medium	76.5	0.753	nonchannel_ncs	0.1137
tr|O57653|O57653_TAKRU	Takifugu rubripes	vertebrate	560	assoc_cav_aux	high	382.4	0.6241		1.0
tr|O73635|O73635_TAKRU	Takifugu rubripes	vertebrate	940	nonchannel_class_c_gpcr	high	984.8	0.9458	nmda	0.9681
tr|O77308|O77308_PLAF7	Plasmodium falciparum	apicomplexa	1365	nonchannel_abc_transporter	medium	187.3	0.4617	cftr	0.7106
tr|O82369|O82369_ARATH	Arabidopsis thaliana	plant	139	outofscope_aquaporin	medium	89.7	0.395		1.0
tr|P72607|P72607_SYNY3	Synechocystis sp. PCC 6803	prokaryote	605	nonchannel_abc_transporter	medium	289.1	0.3988	cftr	0.6116
tr|P72613|P72613_SYNY3	Synechocystis sp. PCC 6803	prokaryote	613	nonchannel_abc_transporter	medium	179.0	0.3252	assoc_sur	0.5453
tr|P72770|P72770_SYNY3	Synechocystis sp. PCC 6803	prokaryote	566	transporter_slc26	high	299.0	0.7018		1.0
tr|P73015|P73015_SYNY3	Synechocystis sp. PCC 6803	prokaryote	477	nonchannel_pomt	medium	81.9	0.4951		1.0
tr|P73239|P73239_SYNY3	Synechocystis sp. PCC 6803	prokaryote	593	nonchannel_abc_transporter	medium	393.7	0.4241	assoc_sur	0.5961
tr|P73278|P73278_SYNY3	Synechocystis sp. PCC 6803	prokaryote	601	nonchannel_abc_transporter	medium	419.7	0.3988	assoc_sur	0.5454
tr|P73400|P73400_SYNY3	Synechocystis sp. PCC 6803	prokaryote	610	nonchannel_abc_transporter	medium	376.8	0.4387	assoc_sur	0.6582
tr|P73474|P73474_SYNY3	Synechocystis sp. PCC 6803	prokaryote	498	transporter_slc26	medium	120.9	0.4716		1.0
tr|P73533|P73533_SYNY3	Synechocystis sp. PCC 6803	prokaryote	534	nonchannel_abc_transporter	medium	396.9	0.4018	assoc_sur	0.6727
tr|P74405|P74405_SYNY3	Synechocystis sp. PCC 6803	prokaryote	568	kcsa_prok	medium	30.1	0.4777		1.0
tr|P74652|P74652_SYNY3	Synechocystis sp. PCC 6803	prokaryote	733	nonchannel_abc_transporter	medium	293.2	0.4072	cftr	0.707
tr|Q09980|Q09980_CAEEL	Caenorhabditis elegans	invertebrate	145	nonchannel_ncs	medium	62.8	0.4197		1.0
tr|Q0DG83|Q0DG83_ORYSJ	Oryza sativa	plant	582	nonchannel_abc_transporter	medium	314.3	0.4018	assoc_sur	0.5463
tr|Q0DLD4|Q0DLD4_ORYSJ	Oryza sativa	plant	1150	nonchannel_abc_transporter	medium	105.8	0.3466	cftr	0.6011
tr|Q0DZK7|Q0DZK7_ORYSJ	Oryza sativa	plant	478	assoc_mcu_reg	high	183.8	0.7072	nonchannel_ncs	0.7035
tr|Q0E380|Q0E380_ORYSJ	Oryza sativa	plant	748	nonchannel_abc_transporter	medium	456.1	0.4241	assoc_sur	0.5643
tr|Q0E8F3|Q0E8F3_DROME	Drosophila melanogaster	invertebrate	612	transporter_slc26	high	297.0	0.5964		1.0
tr|Q0E8K5|Q0E8K5_DROME	Drosophila melanogaster	invertebrate	439	nonchannel_kctd	high	78.4	0.8864	kv_shaker	0.6097
tr|Q0E8R6|Q0E8R6_DROME	Drosophila melanogaster	invertebrate	514	nonchannel_vsp	high	216.1	0.596		1.0
tr|Q0IXM8|Q0IXM8_ORYSJ	Oryza sativa	plant	412	transporter_slc26	medium	234.7	0.4813		1.0
tr|Q0J174|Q0J174_ORYSJ	Oryza sativa	plant	185	nonchannel_ncs	medium	33.9	0.6839	assoc_kchip	0.1858
tr|Q0J5T2|Q0J5T2_ORYSJ	Oryza sativa	plant	311	transporter_slc26	medium	228.0	0.4147		1.0
tr|Q0J9H5|Q0J9H5_ORYSJ	Oryza sativa	plant	661	transporter_slc26	high	385.3	0.8114		1.0
tr|Q0J9M8|Q0J9M8_ORYSJ	Oryza sativa	plant	612	nonchannel_abc_transporter	medium	325.3	0.3919	assoc_sur	0.6302
tr|Q0JAM7|Q0JAM7_ORYSJ	Oryza sativa	plant	1333	nonchannel_abc_transporter	high	1166.3	0.9586	assoc_sur	0.4212
tr|Q0JBY6|Q0JBY6_ORYSJ	Oryza sativa	plant	472	assoc_mcu_reg	high	182.5	0.9032	nonchannel_ncs	0.6942
tr|Q0JCB0|Q0JCB0_ORYSJ	Oryza sativa	plant	670	nonchannel_abc_transporter	medium	331.3	0.4003	assoc_sur	0.6133
tr|Q0JES2|Q0JES2_ORYSJ	Oryza sativa	plant	1278	nonchannel_abc_transporter	high	1229.5	0.9463	assoc_sur	0.4592
tr|Q0JFK0|Q0JFK0_ORYSJ	Oryza sativa	plant	543	nonchannel_abc_transporter	medium	187.1	0.3198	assoc_sur	0.7402
tr|Q0JJQ4|Q0JJQ4_ORYSJ	Oryza sativa	plant	1234	nonchannel_abc_transporter	medium	668.0	0.398	assoc_sur	0.6346
tr|Q0JM60|Q0JM60_ORYSJ	Oryza sativa	plant	835	nonchannel_abc_transporter	medium	380.7	0.3995	assoc_sur	0.6123
tr|Q0JQA5|Q0JQA5_ORYSJ	Oryza sativa	plant	1505	nonchannel_abc_transporter	high	1238.8	0.9555	assoc_sur	0.4419
tr|Q0KIE7|Q0KIE7_DROME	Drosophila melanogaster	invertebrate	1549	trpn	medium	494.9	0.3073	trpa	0.5318
tr|Q10N72|Q10N72_ORYSJ	Oryza sativa	plant	1411	nonchannel_abc_transporter	medium	570.4	0.4732	assoc_sur	0.6259
tr|Q10QI4|Q10QI4_ORYSJ	Oryza sativa	plant	656	transporter_slc26	high	364.8	0.8128		1.0
tr|Q14U74|Q14U74_RAT	Rattus norvegicus	vertebrate	820	nonchannel_pomt	high	1327.9	0.9938		1.0
tr|Q17571|Q17571_CAEEL	Caenorhabditis elegans	invertebrate	290	outofscope_aquaporin	high	228.1	0.879		1.0
tr|Q17645|Q17645_CAEEL	Caenorhabditis elegans	invertebrate	1252	nonchannel_abc_transporter	medium	653.4	0.4762	assoc_sur	0.5935
tr|Q18136|Q18136_CAEEL	Caenorhabditis elegans	invertebrate	156	nonchannel_ncs	high	64.6	0.5751		1.0
tr|Q18469|Q18469_CAEEL	Caenorhabditis elegans	invertebrate	316	outofscope_aquaporin	high	137.2	0.7794		1.0
tr|Q18824|Q18824_CAEEL	Caenorhabditis elegans	invertebrate	1382	nonchannel_abc_transporter	medium	665.8	0.467	assoc_sur	0.6179
tr|Q18874|Q18874_CAEEL	Caenorhabditis elegans	invertebrate	477	assoc_mcu_reg	high	240.2	0.6959	nonchannel_ncs	0.7881
tr|Q19015|Q19015_CAEEL	Caenorhabditis elegans	invertebrate	1241	nonchannel_abc_transporter	medium	644.9	0.4801	assoc_sur	0.6038
tr|Q19048|Q19048_CAEEL	Caenorhabditis elegans	invertebrate	1505	nonchannel_abc_transporter	high	1347.4	0.9755	assoc_sur	0.4404
tr|Q19625|Q19625_CAEEL	Caenorhabditis elegans	invertebrate	1415	nonchannel_abc_transporter	high	1074.9	0.9609	cftr	0.4115
tr|Q19733|Q19733_CAEEL	Caenorhabditis elegans	invertebrate	1318	nonchannel_abc_transporter	medium	668.4	0.467	assoc_sur	0.6213
tr|Q19734|Q19734_CAEEL	Caenorhabditis elegans	invertebrate	1323	nonchannel_abc_transporter	medium	683.1	0.4847	assoc_sur	0.6176
tr|Q19949|Q19949_CAEEL	Caenorhabditis elegans	invertebrate	304	outofscope_aquaporin	high	178.2	0.8648		1.0
tr|Q1L643|Q1L643_PHYPA	Physcomitrium patens	plant	280	outofscope_aquaporin	high	196.4	0.8363		1.0
tr|Q1LUD3|Q1LUD3_DANRE	Danio rerio	vertebrate	191	nonchannel_ncs	high	213.8	0.9689	assoc_kchip	0.3667
tr|Q1LUM5|Q1LUM5_DANRE	Danio rerio	vertebrate	194	nonchannel_ncs	high	198.3	0.8653	assoc_kchip	0.3994
tr|Q1LUN9|Q1LUN9_DANRE	Danio rerio	vertebrate	935	nonchannel_class_c_gpcr	high	573.5	0.8633	nmda	0.9588
tr|Q1LV86|Q1LV86_DANRE	Danio rerio	vertebrate	868	nonchannel_class_c_gpcr	high	757.5	0.9345		1.0
tr|Q1LV87|Q1LV87_DANRE	Danio rerio	vertebrate	820	nonchannel_class_c_gpcr	high	754.1	0.9062		1.0
tr|Q1LV89|Q1LV89_DANRE	Danio rerio	vertebrate	855	nonchannel_class_c_gpcr	high	750.5	0.9345		1.0
tr|Q1LVA7|Q1LVA7_DANRE	Danio rerio	vertebrate	166	assoc_kcne	high	57.2	0.5197		1.0
tr|Q1LYC5|Q1LYC5_DANRE	Danio rerio	vertebrate	419	assoc_mcu_reg	high	375.8	0.75		1.0
tr|Q20331|Q20331_CAEEL	Caenorhabditis elegans	invertebrate	1280	nonchannel_abc_transporter	medium	697.5	0.4854	assoc_sur	0.6549
tr|Q20358|Q20358_CAEEL	Caenorhabditis elegans	invertebrate	159	assoc_kchip	medium	42.2	0.4183		1.0
tr|Q20943|Q20943_CAEEL	Caenorhabditis elegans	invertebrate	1525	nonchannel_abc_transporter	high	1535.5	0.9732	assoc_sur	0.4846
tr|Q21747|Q21747_CAEEL	Caenorhabditis elegans	invertebrate	588	nonchannel_kctd	high	72.4	0.7729	kv_shaker	0.6575
tr|Q22655|Q22655_CAEEL	Caenorhabditis elegans	invertebrate	1152	nonchannel_abc_transporter	medium	502.6	0.4041	assoc_sur	0.6568
tr|Q22656|Q22656_CAEEL	Caenorhabditis elegans	invertebrate	1263	nonchannel_abc_transporter	medium	668.7	0.4049	assoc_sur	0.6089
tr|Q229U9|Q229U9_TETTS	Tetrahymena thermophila	ciliate	493	nonchannel_ncs	high	51.9	0.6373		1.0
tr|Q22AK4|Q22AK4_TETTS	Tetrahymena thermophila	ciliate	1380	nonchannel_abc_transporter	high	862.9	0.9294	cftr	0.4747
tr|Q22AS9|Q22AS9_TETTS	Tetrahymena thermophila	ciliate	466	nonchannel_ncs	medium	64.9	0.3161		1.0
tr|Q22AW2|Q22AW2_TETTS	Tetrahymena thermophila	ciliate	1306	nonchannel_abc_transporter	medium	663.3	0.4854	assoc_sur	0.6223
tr|Q22AW3|Q22AW3_TETTS	Tetrahymena thermophila	ciliate	1321	nonchannel_abc_transporter	medium	656.6	0.487	assoc_sur	0.6322
tr|Q22B30|Q22B30_TETTS	Tetrahymena thermophila	ciliate	1397	nonchannel_ncs	high	69.3	0.8964	assoc_kchip	0.3651
tr|Q22BT5|Q22BT5_TETTS	Tetrahymena thermophila	ciliate	663	nonchannel_abc_transporter	medium	247.4	0.408	cftr	0.6492
tr|Q22BW7|Q22BW7_TETTS	Tetrahymena thermophila	ciliate	1260	nonchannel_abc_transporter	high	582.6	0.8397	assoc_sur	0.4835
tr|Q22C77|Q22C77_TETTS	Tetrahymena thermophila	ciliate	521	nonchannel_ncs	high	58.7	0.6269		1.0
tr|Q22CV2|Q22CV2_TETTS	Tetrahymena thermophila	ciliate	510	nonchannel_ncs	high	62.7	0.5959		1.0
tr|Q22D58|Q22D58_TETTS	Tetrahymena thermophila	ciliate	348	assoc_k_beta	high	44.4	0.8005		1.0
tr|Q22D97|Q22D97_TETTS	Tetrahymena thermophila	ciliate	1480	nonchannel_abc_transporter	high	896.5	0.9494	assoc_sur	0.4798
tr|Q22DK3|Q22DK3_TETTS	Tetrahymena thermophila	ciliate	1508	nonchannel_abc_transporter	high	725.2	0.9471	assoc_sur	0.4385
tr|Q22GD5|Q22GD5_TETTS	Tetrahymena thermophila	ciliate	350	assoc_k_beta	medium	38.7	0.3491		1.0
tr|Q22HC5|Q22HC5_TETTS	Tetrahymena thermophila	ciliate	873	osca_tmem63	medium	38.9	0.3119		1.0
tr|Q22KG5|Q22KG5_TETTS	Tetrahymena thermophila	ciliate	451	nonchannel_vsp	high	178.8	0.5906		1.0
tr|Q22KG9|Q22KG9_TETTS	Tetrahymena thermophila	ciliate	1324	nonchannel_abc_transporter	high	664.3	0.9517	cftr	0.5358
tr|Q22M76|Q22M76_TETTS	Tetrahymena thermophila	ciliate	695	nonchannel_abc_transporter	medium	296.7	0.4525	assoc_sur	0.5551
tr|Q22MJ2|Q22MJ2_TETTS	Tetrahymena thermophila	ciliate	585	nonchannel_abc_transporter	medium	54.2	0.3021	cftr	0.5443
tr|Q22P58|Q22P58_TETTS	Tetrahymena thermophila	ciliate	1459	nonchannel_abc_transporter	high	700.3	0.829	assoc_sur	0.4804
tr|Q22R73|Q22R73_TETTS	Tetrahymena thermophila	ciliate	1437	nonchannel_abc_transporter	high	892.1	0.9317	cftr	0.4335
tr|Q22SB2|Q22SB2_TETTS	Tetrahymena thermophila	ciliate	1231	nonchannel_abc_transporter	high	927.4	0.8267	assoc_sur	0.4509
tr|Q22TT4|Q22TT4_TETTS	Tetrahymena thermophila	ciliate	1478	nonchannel_abc_transporter	high	751.8	0.9517	assoc_sur	0.4876
tr|Q22TX6|Q22TX6_TETTS	Tetrahymena thermophila	ciliate	1363	nonchannel_abc_transporter	high	911.2	0.9379	cftr	0.4767
tr|Q22UN4|Q22UN4_TETTS	Tetrahymena thermophila	ciliate	698	nonchannel_abc_transporter	medium	429.8	0.4969	assoc_sur	0.5747
tr|Q22UN5|Q22UN5_TETTS	Tetrahymena thermophila	ciliate	750	nonchannel_abc_transporter	medium	426.3	0.4808	assoc_sur	0.5963
tr|Q22V76|Q22V76_TETTS	Tetrahymena thermophila	ciliate	1419	nonchannel_abc_transporter	high	898.1	0.9548	cftr	0.4591
tr|Q22VU8|Q22VU8_TETTS	Tetrahymena thermophila	ciliate	1491	nonchannel_abc_transporter	high	916.1	0.9325	assoc_sur	0.4492
tr|Q22W37|Q22W37_TETTS	Tetrahymena thermophila	ciliate	1170	nonchannel_abc_transporter	high	422.4	0.8819	cftr	0.5466
tr|Q22W39|Q22W39_TETTS	Tetrahymena thermophila	ciliate	506	nonchannel_ncs	high	66.7	0.6321		1.0
tr|Q22WA1|Q22WA1_TETTS	Tetrahymena thermophila	ciliate	842	cng	medium	51.0	0.3211	kv_eag	0.3529
tr|Q22X58|Q22X58_TETTS	Tetrahymena thermophila	ciliate	643	nonchannel_ncs	high	53.6	0.5648		1.0
tr|Q22YI3|Q22YI3_TETTS	Tetrahymena thermophila	ciliate	937	cng	medium	55.2	0.3635		1.0
tr|Q22YI7|Q22YI7_TETTS	Tetrahymena thermophila	ciliate	1408	cng	high	41.3	0.6421	kv_eag	0.4092
tr|Q231P8|Q231P8_TETTS	Tetrahymena thermophila	ciliate	560	nonchannel_ncs	high	58.6	0.7565		1.0
tr|Q232I8|Q232I8_TETTS	Tetrahymena thermophila	ciliate	1186	nonchannel_abc_transporter	high	461.2	0.8689	assoc_sur	0.5178
tr|Q232J6|Q232J6_TETTS	Tetrahymena thermophila	ciliate	1025	nonchannel_abc_transporter	high	810.3	0.7515	cftr	0.4545
tr|Q232J7|Q232J7_TETTS	Tetrahymena thermophila	ciliate	963	nonchannel_abc_transporter	high	765.7	0.7009	cftr	0.4225
tr|Q232J9|Q232J9_TETTS	Tetrahymena thermophila	ciliate	956	nonchannel_abc_transporter	high	772.7	0.7009	cftr	0.4179
tr|Q234C7|Q234C7_TETTS	Tetrahymena thermophila	ciliate	556	nonchannel_ncs	high	39.4	0.5751		1.0
tr|Q235E1|Q235E1_TETTS	Tetrahymena thermophila	ciliate	1116	cng	high	43.3	0.6535		1.0
tr|Q235E3|Q235E3_TETTS	Tetrahymena thermophila	ciliate	1637	nonchannel_abc_transporter	medium	469.2	0.4862	assoc_sur	0.6285
tr|Q235N6|Q235N6_TETTS	Tetrahymena thermophila	ciliate	541	nonchannel_ncs	medium	51.7	0.6736	assoc_kchip	0.2418
tr|Q235N7|Q235N7_TETTS	Tetrahymena thermophila	ciliate	524	nonchannel_ncs	high	55.4	0.6477	assoc_kchip	0.4765
tr|Q235P0|Q235P0_TETTS	Tetrahymena thermophila	ciliate	496	nonchannel_ncs	high	59.6	0.5803	assoc_kchip	0.5067
tr|Q23643|Q23643_CAEEL	Caenorhabditis elegans	invertebrate	195	nonchannel_ncs	high	54.8	0.9119	assoc_kchip	0.312
tr|Q236X0|Q236X0_TETTS	Tetrahymena thermophila	ciliate	1292	nonchannel_abc_transporter	medium	650.6	0.4816	assoc_sur	0.5999
tr|Q237T3|Q237T3_TETTS	Tetrahymena thermophila	ciliate	2840	nonchannel_abc_transporter	high	1511.1	0.9433	assoc_sur	0.4239
tr|Q239I5|Q239I5_TETTS	Tetrahymena thermophila	ciliate	1480	nonchannel_abc_transporter	high	698.2	0.9371	assoc_sur	0.4294
tr|Q239R9|Q239R9_TETTS	Tetrahymena thermophila	ciliate	1360	nonchannel_abc_transporter	high	925.3	0.9433	assoc_sur	0.4253
tr|Q23AM2|Q23AM2_TETTS	Tetrahymena thermophila	ciliate	1306	nonchannel_abc_transporter	high	596.1	0.5008	assoc_sur	0.6244
tr|Q23AM3|Q23AM3_TETTS	Tetrahymena thermophila	ciliate	1300	nonchannel_abc_transporter	medium	615.1	0.4916	assoc_sur	0.6456
tr|Q23DW9|Q23DW9_TETTS	Tetrahymena thermophila	ciliate	1154	trpml	medium	41.6	0.3275		1.0
tr|Q23FR5|Q23FR5_TETTS	Tetrahymena thermophila	ciliate	524	nonchannel_ncs	medium	45.1	0.3368		1.0
tr|Q23G13|Q23G13_TETTS	Tetrahymena thermophila	ciliate	999	kv_eag	medium	51.5	0.341		1.0
tr|Q23G85|Q23G85_TETTS	Tetrahymena thermophila	ciliate	722	nonchannel_ncs	high	43.8	0.5959		1.0
tr|Q23KA2|Q23KA2_TETTS	Tetrahymena thermophila	ciliate	182	nonchannel_ncs	high	38.4	0.544		1.0
tr|Q23LR1|Q23LR1_TETTS	Tetrahymena thermophila	ciliate	1032	nonchannel_abc_transporter	high	796.1	0.7515	cftr	0.4326
tr|Q23PT3|Q23PT3_TETTS	Tetrahymena thermophila	ciliate	950	nonchannel_abc_transporter	medium	408.3	0.4916	assoc_sur	0.6713
tr|Q23RD3|Q23RD3_TETTS	Tetrahymena thermophila	ciliate	1074	nonchannel_ncs	high	98.2	0.8964	assoc_kchip	0.3035
tr|Q23RK1|Q23RK1_TETTS	Tetrahymena thermophila	ciliate	167	nonchannel_ncs	high	40.2	0.5751		1.0
tr|Q23T79|Q23T79_TETTS	Tetrahymena thermophila	ciliate	493	nonchannel_ncs	high	35.0	0.7772		1.0
tr|Q23TS8|Q23TS8_TETTS	Tetrahymena thermophila	ciliate	1461	nonchannel_abc_transporter	high	918.2	0.9379	assoc_sur	0.476
tr|Q23TU4|Q23TU4_TETTS	Tetrahymena thermophila	ciliate	1333	nonchannel_abc_transporter	high	767.6	0.9601	cftr	0.4399
tr|Q23TU5|Q23TU5_TETTS	Tetrahymena thermophila	ciliate	1335	nonchannel_abc_transporter	high	786.9	0.9571	cftr	0.4475
tr|Q23TU6|Q23TU6_TETTS	Tetrahymena thermophila	ciliate	1328	nonchannel_abc_transporter	high	798.4	0.9586	cftr	0.4312
tr|Q23TU7|Q23TU7_TETTS	Tetrahymena thermophila	ciliate	1324	nonchannel_abc_transporter	high	776.4	0.9609	cftr	0.4554
tr|Q23TY0|Q23TY0_TETTS	Tetrahymena thermophila	ciliate	362	assoc_k_beta	high	41.8	0.8058		1.0
tr|Q23TY1|Q23TY1_TETTS	Tetrahymena thermophila	ciliate	362	assoc_k_beta	high	42.6	0.8084		1.0
tr|Q23TY5|Q23TY5_TETTS	Tetrahymena thermophila	ciliate	362	assoc_k_beta	high	43.1	0.8058		1.0
tr|Q23TY7|Q23TY7_TETTS	Tetrahymena thermophila	ciliate	365	assoc_k_beta	high	44.7	0.8346		1.0
tr|Q23ZH6|Q23ZH6_TETTS	Tetrahymena thermophila	ciliate	1457	nonchannel_abc_transporter	high	945.4	0.941	cftr	0.4642
tr|Q240Q6|Q240Q6_TETTS	Tetrahymena thermophila	ciliate	1425	nonchannel_abc_transporter	high	869.4	0.9294	cftr	0.4562
tr|Q240Z1|Q240Z1_TETTS	Tetrahymena thermophila	ciliate	515	nonchannel_ncs	high	30.3	0.8756		1.0
tr|Q241N2|Q241N2_TETTS	Tetrahymena thermophila	ciliate	1374	nonchannel_abc_transporter	high	932.2	0.9548	cftr	0.4833
tr|Q241N4|Q241N4_TETTS	Tetrahymena thermophila	ciliate	1386	nonchannel_abc_transporter	high	929.0	0.9548	cftr	0.4791
tr|Q241P0|Q241P0_TETTS	Tetrahymena thermophila	ciliate	149	nonchannel_ncs	high	59.5	0.5648		1.0
tr|Q241X4|Q241X4_TETTS	Tetrahymena thermophila	ciliate	1469	nonchannel_abc_transporter	high	732.8	0.9195	assoc_sur	0.4791
tr|Q241X7|Q241X7_TETTS	Tetrahymena thermophila	ciliate	1501	nonchannel_abc_transporter	high	722.4	0.9333	assoc_sur	0.4587
tr|Q241Y1|Q241Y1_TETTS	Tetrahymena thermophila	ciliate	1526	nonchannel_abc_transporter	high	739.3	0.9348	assoc_sur	0.4526
tr|Q241Y3|Q241Y3_TETTS	Tetrahymena thermophila	ciliate	1501	nonchannel_abc_transporter	high	710.1	0.9317	assoc_sur	0.4473
tr|Q245V9|Q245V9_TETTS	Tetrahymena thermophila	ciliate	1212	cng	medium	59.8	0.4738		1.0
tr|Q245W1|Q245W1_TETTS	Tetrahymena thermophila	ciliate	1327	cng	medium	35.3	0.4724	hcn	0.2153
tr|Q245W2|Q245W2_TETTS	Tetrahymena thermophila	ciliate	1297	cng	medium	58.0	0.3465	kv_eag	0.1328
tr|Q245W7|Q245W7_TETTS	Tetrahymena thermophila	ciliate	1239	cng	high	54.7	0.505		1.0
tr|Q245W8|Q245W8_TETTS	Tetrahymena thermophila	ciliate	1235	cng	high	62.6	0.505		1.0
tr|Q248B0|Q248B0_TETTS	Tetrahymena thermophila	ciliate	592	nonchannel_ncs	high	63.6	0.6269		1.0
tr|Q24C23|Q24C23_TETTS	Tetrahymena thermophila	ciliate	618	nonchannel_ncs	medium	36.6	0.513	assoc_kchip	0.1776
tr|Q24C49|Q24C49_TETTS	Tetrahymena thermophila	ciliate	1661	cng	high	61.2	0.5318		1.0
tr|Q24DL4|Q24DL4_TETTS	Tetrahymena thermophila	ciliate	623	nonchannel_ncs	medium	43.3	0.4456		1.0
tr|Q24FR9|Q24FR9_TETTS	Tetrahymena thermophila	ciliate	468	nonchannel_ncs	high	60.9	0.5803		1.0
tr|Q24GE7|Q24GE7_TETTS	Tetrahymena thermophila	ciliate	671	trpn	medium	46.2	0.4513	trpa	0.2944
tr|Q24GZ3|Q24GZ3_TETTS	Tetrahymena thermophila	ciliate	919	nonchannel_ncs	medium	47.7	0.8653	assoc_kchip	0.2683
tr|Q2QT46|Q2QT46_ORYSJ	Oryza sativa	plant	658	nonchannel_vsp	medium	221.6	0.3623		1.0
tr|Q2R2H0|Q2R2H0_ORYSJ	Oryza sativa	plant	949	lrrc8	medium	114.0	0.3014		1.0
tr|Q304F3|Q304F3_RAT	Rattus norvegicus	vertebrate	160	nonchannel_ncs	high	53.9	0.5596	assoc_kchip	0.3989
tr|Q380Z4|Q380Z4_TRYB2	Trypanosoma brucei	excavate	719	nonchannel_abc_transporter	medium	332.7	0.4502	assoc_sur	0.6778
tr|Q382N3|Q382N3_TRYB2	Trypanosoma brucei	excavate	149	nonchannel_ncs	high	59.8	0.5648		1.0
tr|Q383V0|Q383V0_TRYB2	Trypanosoma brucei	excavate	163	nonchannel_ncs	high	55.0	0.7876		1.0
tr|Q386E4|Q386E4_TRYB2	Trypanosoma brucei	excavate	156	nonchannel_ncs	medium	30.7	0.4819		1.0
tr|Q386J8|Q386J8_TRYB2	Trypanosoma brucei	excavate	641	nonchannel_abc_transporter	medium	57.2	0.3183	cftr	0.5175
tr|Q387J7|Q387J7_TRYB2	Trypanosoma brucei	excavate	691	nonchannel_abc_transporter	medium	336.3	0.4348	assoc_sur	0.5596
tr|Q388I5|Q388I5_TRYB2	Trypanosoma brucei	excavate	312	outofscope_aquaporin	high	176.3	0.8149		1.0
tr|Q388I6|Q388I6_TRYB2	Trypanosoma brucei	excavate	304	outofscope_aquaporin	high	204.5	0.8149		1.0
tr|Q388Y0|Q388Y0_TRYB2	Trypanosoma brucei	excavate	218	nonchannel_ncs	high	49.9	0.6425		1.0
tr|Q38CK1|Q38CK1_TRYB2	Trypanosoma brucei	excavate	179	nonchannel_ncs	medium	60.5	0.8601	assoc_kchip	0.2347
tr|Q3MNE2|Q3MNE2_PHYPA	Physcomitrium patens	plant	370	outofscope_aquaporin	high	101.6	0.5836		1.0
tr|Q3S1M2|Q3S1M2_CAEEL	Caenorhabditis elegans	invertebrate	1534	nonchannel_abc_transporter	high	1519.5	0.9778	assoc_sur	0.4804
tr|Q3SDW5|Q3SDW5_PARTE	Paramecium tetraurelia	ciliate	146	nonchannel_ncs	high	53.8	0.5648		1.0
tr|Q3SEI3|Q3SEI3_PARTE	Paramecium tetraurelia	ciliate	190	nonchannel_ncs	medium	44.1	0.6632	assoc_kchip	0.1179
tr|Q3SEI6|Q3SEI6_PARTE	Paramecium tetraurelia	ciliate	169	nonchannel_ncs	high	39.2	0.5907		1.0
tr|Q3SEI7|Q3SEI7_PARTE	Paramecium tetraurelia	ciliate	160	nonchannel_ncs	high	42.4	0.6062		1.0
tr|Q3SEI9|Q3SEI9_PARTE	Paramecium tetraurelia	ciliate	169	nonchannel_ncs	high	37.2	0.5855		1.0
tr|Q3SEJ1|Q3SEJ1_PARTE	Paramecium tetraurelia	ciliate	170	nonchannel_ncs	high	37.1	0.5492		1.0
tr|Q3SEJ5|Q3SEJ5_PARTE	Paramecium tetraurelia	ciliate	170	nonchannel_ncs	high	37.1	0.5492		1.0
tr|Q50JT7|Q50JT7_CHLRE	Chlamydomonas reinhardtii	algae	1416	nonchannel_abc_transporter	high	1041.1	0.954	assoc_sur	0.4118
tr|Q54CH3|Q54CH3_DICDI	Dictyostelium discoideum	amoebozoa	453	nonchannel_vsp	high	154.0	0.5236		1.0
tr|Q54EY0|Q54EY0_DICDI	Dictyostelium discoideum	amoebozoa	823	trpml	high	139.7	0.8074		1.0
tr|Q54FQ9|Q54FQ9_DICDI	Dictyostelium discoideum	amoebozoa	526	outofscope_aquaporin	high	63.4	0.8327		1.0
tr|Q54GT8|Q54GT8_DICDI	Dictyostelium discoideum	amoebozoa	904	nonchannel_vsp	medium	169.5	0.3388		1.0
tr|Q54JS1|Q54JS1_DICDI	Dictyostelium discoideum	amoebozoa	461	assoc_mcu_reg	high	211.0	0.777	nonchannel_ncs	0.7597
tr|Q54MG8|Q54MG8_DICDI	Dictyostelium discoideum	amoebozoa	998	nonchannel_vsp	high	253.9	0.5924		1.0
tr|Q551C0|Q551C0_DICDI	Dictyostelium discoideum	amoebozoa	944	transporter_slc26	high	526.3	0.9598		1.0
tr|Q553B4|Q553B4_DICDI	Dictyostelium discoideum	amoebozoa	527	nonchannel_vsp	high	165.2	0.5888		1.0
tr|Q55814|Q55814_SYNY3	Synechocystis sp. PCC 6803	prokaryote	556	transporter_slc26	high	142.6	0.6616		1.0
tr|Q55856|Q55856_SYNY3	Synechocystis sp. PCC 6803	prokaryote	580	nonchannel_abc_transporter	medium	336.3	0.4202	assoc_sur	0.6542
tr|Q55D86|Q55D86_DICDI	Dictyostelium discoideum	amoebozoa	485	tweety	high	63.4	0.5029		1.0
tr|Q55FJ8|Q55FJ8_DICDI	Dictyostelium discoideum	amoebozoa	996	transporter_slc26	high	377.6	0.8308		1.0
tr|Q55FK8|Q55FK8_DICDI	Dictyostelium discoideum	amoebozoa	814	transporter_slc26	high	350.5	0.8072		1.0
tr|Q57VD7|Q57VD7_TRYB2	Trypanosoma brucei	excavate	573	transporter_slc26	high	107.4	0.6671		1.0
tr|Q57WF6|Q57WF6_TRYB2	Trypanosoma brucei	excavate	149	nonchannel_ncs	high	41.6	0.5648		1.0
tr|Q581W6|Q581W6_TRYB2	Trypanosoma brucei	excavate	1581	nonchannel_abc_transporter	high	1042.1	0.9456	assoc_sur	0.3393
tr|Q581Z7|Q581Z7_TRYB2	Trypanosoma brucei	excavate	410	assoc_mcu_reg	high	69.6	0.7275		1.0
tr|Q583D4|Q583D4_TRYB2	Trypanosoma brucei	excavate	1759	nonchannel_abc_transporter	high	964.5	0.9578	assoc_sur	0.4371
tr|Q584D6|Q584D6_TRYB2	Trypanosoma brucei	excavate	1503	nonchannel_abc_transporter	high	769.6	0.9256	assoc_sur	0.48
tr|Q585Q8|Q585Q8_TRYB2	Trypanosoma brucei	excavate	321	outofscope_aquaporin	high	198.5	0.8149		1.0
tr|Q586M2|Q586M2_TRYB2	Trypanosoma brucei	excavate	270	vdac	high	39.2	0.8957		1.0
tr|Q587D7|Q587D7_TRYB2	Trypanosoma brucei	excavate	673	nonchannel_ncs	medium	58.5	0.456	assoc_kchip	0.2923
tr|Q5H723|Q5H723_TAKRU	Takifugu rubripes	vertebrate	950	assoc_k_beta	medium	134.1	0.6457	lrrc8	0.1126
tr|Q5SIM7|Q5SIM7_THET8	Thermus thermophilus	prokaryote	578	nonchannel_abc_transporter	medium	333.5	0.4279	assoc_sur	0.6432
tr|Q5SIM8|Q5SIM8_THET8	Thermus thermophilus	prokaryote	600	nonchannel_abc_transporter	medium	412.9	0.4371	assoc_sur	0.613
tr|Q5SMB6|Q5SMB6_THET8	Thermus thermophilus	prokaryote	316	assoc_k_beta	high	43.8	0.7087		1.0
tr|Q5TZ35|Q5TZ35_DANRE	Danio rerio	vertebrate	191	nonchannel_ncs	high	320.1	0.9793	assoc_kchip	0.4074
tr|Q5VQ79|Q5VQ79_ORYSJ	Oryza sativa	plant	670	transporter_slc26	high	384.6	0.828		1.0
tr|Q675A3|Q675A3_PHYPA	Physcomitrium patens	plant	279	outofscope_aquaporin	high	202.1	0.8327		1.0
tr|Q675A4|Q675A4_PHYPA	Physcomitrium patens	plant	279	outofscope_aquaporin	high	197.6	0.8363		1.0
tr|Q68UR2|Q68UR2_ORYSJ	Oryza sativa	plant	689	transporter_slc26	high	441.8	0.8114		1.0
tr|Q69II5|Q69II5_ORYSJ	Oryza sativa	plant	175	nonchannel_ncs	high	38.1	0.886		1.0
tr|Q69RG8|Q69RG8_ORYSJ	Oryza sativa	plant	690	nonchannel_abc_transporter	medium	316.5	0.4049	assoc_sur	0.6202
tr|Q6AYD0|Q6AYD0_RAT	Rattus norvegicus	vertebrate	446	assoc_k_beta	medium	71.0	0.4934		1.0
tr|Q6BGG9|Q6BGG9_PARTE	Paramecium tetraurelia	ciliate	1271	nonchannel_abc_transporter	high	1030.9	0.9655	assoc_sur	0.4736
tr|Q6VTH1|Q6VTH1_CHLRE	Chlamydomonas reinhardtii	algae	1062	nonchannel_abc_transporter	medium	351.6	0.3888	assoc_sur	0.6291
tr|Q71FD8|Q71FD8_RAT	Rattus norvegicus	vertebrate	170	assoc_kcne	high	110.1	0.7953		1.0
tr|Q75JG4|Q75JG4_DICDI	Dictyostelium discoideum	amoebozoa	986	nonchannel_ncs	high	71.3	0.6425	assoc_kchip	0.3156
tr|Q7EZL2|Q7EZL2_ORYSJ	Oryza sativa	plant	1344	nonchannel_abc_transporter	medium	653.9	0.4479	assoc_sur	0.6229
tr|Q7KT22|Q7KT22_DROME	Drosophila melanogaster	invertebrate	1292	nonchannel_abc_transporter	high	1266.6	0.9609	cftr	0.3813
tr|Q7KT41|Q7KT41_DROME	Drosophila melanogaster	invertebrate	1307	nonchannel_abc_transporter	high	1264.4	0.9609	cftr	0.3831
tr|Q7KTC0|Q7KTC0_DROME	Drosophila melanogaster	invertebrate	1549	nonchannel_abc_transporter	high	1636.4	0.9755	assoc_sur	0.4822
tr|Q7KTV2|Q7KTV2_DROME	Drosophila melanogaster	invertebrate	658	nonchannel_class_c_gpcr	medium	54.9	0.3028		1.0
tr|Q7KW40|Q7KW40_DROME	Drosophila melanogaster	invertebrate	692	nonchannel_abc_transporter	medium	386.2	0.4233	assoc_sur	0.5653
tr|Q7NCV8|Q7NCV8_GLOVI	Gloeobacter violaceus	prokaryote	588	nonchannel_abc_transporter	medium	439.7	0.4348	assoc_sur	0.5918
tr|Q7NDU7|Q7NDU7_GLOVI	Gloeobacter violaceus	prokaryote	600	nonchannel_abc_transporter	medium	358.2	0.4202	assoc_sur	0.6329
tr|Q7NF54|Q7NF54_GLOVI	Gloeobacter violaceus	prokaryote	578	nonchannel_abc_transporter	medium	357.7	0.4348	assoc_sur	0.6394
tr|Q7NH17|Q7NH17_GLOVI	Gloeobacter violaceus	prokaryote	583	nonchannel_abc_transporter	medium	170.4	0.3834	cftr	0.5323
tr|Q7NH18|Q7NH18_GLOVI	Gloeobacter violaceus	prokaryote	595	nonchannel_abc_transporter	medium	317.6	0.4394	assoc_sur	0.5869
tr|Q7NH65|Q7NH65_GLOVI	Gloeobacter violaceus	prokaryote	606	nonchannel_abc_transporter	medium	332.0	0.3995	assoc_sur	0.5617
tr|Q7NI55|Q7NI55_GLOVI	Gloeobacter violaceus	prokaryote	583	nonchannel_abc_transporter	medium	414.7	0.4371	assoc_sur	0.5889
tr|Q7NIB9|Q7NIB9_GLOVI	Gloeobacter violaceus	prokaryote	626	nonchannel_abc_transporter	medium	256.5	0.3865	assoc_sur	0.6561
tr|Q7NII7|Q7NII7_GLOVI	Gloeobacter violaceus	prokaryote	607	nonchannel_abc_transporter	medium	364.8	0.4034	assoc_sur	0.5743
tr|Q7NL25|Q7NL25_GLOVI	Gloeobacter violaceus	prokaryote	595	nonchannel_abc_transporter	medium	324.0	0.4271	assoc_sur	0.617
tr|Q7NL26|Q7NL26_GLOVI	Gloeobacter violaceus	prokaryote	577	nonchannel_abc_transporter	medium	321.8	0.4195	assoc_sur	0.6075
tr|Q7NLG2|Q7NLG2_GLOVI	Gloeobacter violaceus	prokaryote	302	outofscope_aquaporin	high	86.2	0.6904		1.0
tr|Q7NLQ4|Q7NLQ4_GLOVI	Gloeobacter violaceus	prokaryote	605	nonchannel_abc_transporter	medium	340.5	0.434	assoc_sur	0.6508
tr|Q7NNT7|Q7NNT7_GLOVI	Gloeobacter violaceus	prokaryote	615	nonchannel_abc_transporter	medium	304.8	0.3949	assoc_sur	0.665
tr|Q7NNT8|Q7NNT8_GLOVI	Gloeobacter violaceus	prokaryote	585	nonchannel_abc_transporter	medium	314.0	0.421	assoc_sur	0.55
tr|Q7NPN4|Q7NPN4_GLOVI	Gloeobacter violaceus	prokaryote	605	nonchannel_abc_transporter	medium	235.1	0.3505	assoc_sur	0.6053
tr|Q7NPQ2|Q7NPQ2_GLOVI	Gloeobacter violaceus	prokaryote	271	outofscope_aquaporin	high	167.8	0.7972		1.0
tr|Q7XM41|Q7XM41_ORYSJ	Oryza sativa	plant	1512	nonchannel_abc_transporter	high	1260.9	0.9617	assoc_sur	0.4655
tr|Q7YWQ1|Q7YWQ1_CAEEL	Caenorhabditis elegans	invertebrate	243	outofscope_aquaporin	high	51.0	0.5658		1.0
tr|Q7Z138|Q7Z138_CAEEL	Caenorhabditis elegans	invertebrate	330	outofscope_aquaporin	high	177.6	0.8505		1.0
tr|Q801W2|Q801W2_DANRE	Danio rerio	vertebrate	725	nonchannel_abc_transporter	medium	358.0	0.4417	assoc_sur	0.5852
tr|Q867N3|Q867N3_PARTE	Paramecium tetraurelia	ciliate	169	nonchannel_ncs	high	75.5	0.8653	assoc_kchip	0.3868
tr|Q86PF4|Q86PF4_DROME	Drosophila melanogaster	invertebrate	227	nonchannel_ncs	high	34.7	0.5544		1.0
tr|Q8GU64|Q8GU64_ORYSJ	Oryza sativa	plant	1527	nonchannel_abc_transporter	high	1252.8	0.954	assoc_sur	0.4584
tr|Q8GU75|Q8GU75_ORYSJ	Oryza sativa	plant	1264	nonchannel_abc_transporter	medium	641.5	0.4034	assoc_sur	0.6237
tr|Q8H7X3|Q8H7X3_ORYSJ	Oryza sativa	plant	662	transporter_slc26	high	399.7	0.828		1.0
tr|Q8H7X4|Q8H7X4_ORYSJ	Oryza sativa	plant	652	transporter_slc26	high	374.5	0.8114		1.0
tr|Q8I272|Q8I272_PLAF7	Plasmodium falciparum	apicomplexa	168	nonchannel_ncs	high	38.7	0.6166		1.0
tr|Q8I5C7|Q8I5C7_PLAF7	Plasmodium falciparum	apicomplexa	2108	nonchannel_abc_transporter	high	324.7	0.648	assoc_sur	0.5497
tr|Q8I5V0|Q8I5V0_PLAF7	Plasmodium falciparum	apicomplexa	855	nonchannel_abc_transporter	medium	236.8	0.4847	cftr	0.5798
tr|Q8IHR3|Q8IHR3_PLAF7	Plasmodium falciparum	apicomplexa	833	nonchannel_abc_transporter	medium	187.2	0.3512	assoc_sur	0.6752
tr|Q8IKV9|Q8IKV9_PLAF7	Plasmodium falciparum	apicomplexa	177	nonchannel_ncs	medium	65.6	0.8912	assoc_kchip	0.2881
tr|Q8IKZ6|Q8IKZ6_PLAF7	Plasmodium falciparum	apicomplexa	1024	nonchannel_abc_transporter	medium	326.2	0.4931	assoc_sur	0.5895
tr|Q8IP22|Q8IP22_DROME	Drosophila melanogaster	invertebrate	1215	assoc_cav_aux	high	261.5	0.9781		1.0
tr|Q8IQ15|Q8IQ15_DROME	Drosophila melanogaster	invertebrate	148	nonchannel_ncs	medium	41.4	0.3316		1.0
tr|Q8IR92|Q8IR92_DROME	Drosophila melanogaster	invertebrate	746	assoc_kchip	high	266.1	0.8924	nonchannel_ncs	0.357
tr|Q8LR58|Q8LR58_ORYSJ	Oryza sativa	plant	659	transporter_slc26	high	310.3	0.7046		1.0
tr|Q8SSP2|Q8SSP2_DICDI	Dictyostelium discoideum	amoebozoa	411	outofscope_aquaporin	high	80.5	0.8363		1.0
tr|Q93539|Q93539_CAEEL	Caenorhabditis elegans	invertebrate	695	assoc_k_beta	medium	56.4	0.4672	lrrc8	0.2447
tr|Q93640|Q93640_CAEEL	Caenorhabditis elegans	invertebrate	201	nonchannel_ncs	high	39.5	0.9067	assoc_kchip	0.3063
tr|Q94288|Q94288_CAEEL	Caenorhabditis elegans	invertebrate	234	nonchannel_ncs	high	46.7	0.5855		1.0
tr|Q942E2|Q942E2_ORYSJ	Oryza sativa	plant	666	transporter_slc26	high	365.7	0.8183		1.0
tr|Q95QV2|Q95QV2_CAEEL	Caenorhabditis elegans	invertebrate	1247	nonchannel_abc_transporter	high	641.3	0.9586	assoc_sur	0.5193
tr|Q95ZR9|Q95ZR9_CAEEL	Caenorhabditis elegans	invertebrate	199	nonchannel_ncs	medium	254.6	0.9637	assoc_kchip	0.2121
tr|Q9BL17|Q9BL17_CAEEL	Caenorhabditis elegans	invertebrate	668	nonchannel_abc_transporter	medium	366.8	0.4248	assoc_sur	0.608
tr|Q9I7H4|Q9I7H4_DROME	Drosophila melanogaster	invertebrate	638	transporter_slc26	high	298.7	0.6103		1.0
tr|Q9LS47|Q9LS47_ARATH	Arabidopsis thaliana	plant	175	nonchannel_ncs	high	40.5	0.886		1.0
tr|Q9M818|Q9M818_ARATH	Arabidopsis thaliana	plant	124	outofscope_aquaporin	medium	52.0	0.4128		1.0
tr|Q9TZD9|Q9TZD9_CAEEL	Caenorhabditis elegans	invertebrate	787	nonchannel_abc_transporter	medium	384.1	0.421	assoc_sur	0.6438
tr|Q9U0N4|Q9U0N4_PLAF7	Plasmodium falciparum	apicomplexa	1822	nonchannel_abc_transporter	high	334.9	0.6495	assoc_sur	0.5506
tr|Q9U275|Q9U275_CAEEL	Caenorhabditis elegans	invertebrate	807	nonchannel_abc_transporter	medium	419.9	0.4801	assoc_sur	0.6509
tr|Q9V3Q9|Q9V3Q9_DROME	Drosophila melanogaster	invertebrate	841	nonchannel_class_c_gpcr	high	459.3	0.8486		1.0
tr|Q9V430|Q9V430_DROME	Drosophila melanogaster	invertebrate	1021	assoc_k_beta	medium	46.1	0.3806	lrrc8	0.1931
tr|Q9VA55|Q9VA55_DROME	Drosophila melanogaster	invertebrate	676	transporter_slc26	high	326.2	0.6214		1.0
tr|Q9VAC2|Q9VAC2_DROME	Drosophila melanogaster	invertebrate	602	transporter_slc26	high	353.3	0.6449		1.0
tr|Q9VAN4|Q9VAN4_DROME	Drosophila melanogaster	invertebrate	1320	nonchannel_abc_transporter	high	1158.6	0.9594	cftr	0.3921
tr|Q9VBL2|Q9VBL2_DROME	Drosophila melanogaster	invertebrate	229	assoc_kchip	high	246.5	0.7649	nonchannel_ncs	0.3059
tr|Q9VC29|Q9VC29_DROME	Drosophila melanogaster	invertebrate	654	transporter_slc26	high	339.2	0.6408		1.0
tr|Q9VC63|Q9VC63_DROME	Drosophila melanogaster	invertebrate	1402	nonchannel_abc_transporter	high	1200.1	0.9594	cftr	0.3911
tr|Q9VCT5|Q9VCT5_DROME	Drosophila melanogaster	invertebrate	354	assoc_mcu_reg	high	194.7	0.7477		1.0
tr|Q9VF20|Q9VF20_DROME	Drosophila melanogaster	invertebrate	866	nonchannel_abc_transporter	medium	371.1	0.4363	assoc_sur	0.647
tr|Q9VF45|Q9VF45_DROME	Drosophila melanogaster	invertebrate	627	transporter_slc26	high	275.4	0.6644		1.0
tr|Q9VF65|Q9VF65_DROME	Drosophila melanogaster	invertebrate	640	transporter_slc26	high	284.9	0.6588		1.0
tr|Q9VG26|Q9VG26_DROME	Drosophila melanogaster	invertebrate	213	nonchannel_ncs	high	32.6	0.6995		1.0
tr|Q9VGM1|Q9VGM1_DROME	Drosophila melanogaster	invertebrate	1316	nonchannel_abc_transporter	high	1274.9	0.9617	cftr	0.3784
tr|Q9VI39|Q9VI39_DROME	Drosophila melanogaster	invertebrate	225	nonchannel_ncs	high	37.2	0.9067		1.0
tr|Q9VJ21|Q9VJ21_DROME	Drosophila melanogaster	invertebrate	1323	nonchannel_abc_transporter	high	1255.2	0.964	cftr	0.3706
tr|Q9VK22|Q9VK22_DROME	Drosophila melanogaster	invertebrate	649	assoc_k_beta	medium	41.1	0.4619		1.0
tr|Q9VK54|Q9VK54_DROME	Drosophila melanogaster	invertebrate	880	assoc_k_beta	medium	67.3	0.4856		1.0
tr|Q9VKG1|Q9VKG1_DROME	Drosophila melanogaster	invertebrate	894	assoc_k_beta	medium	49.5	0.4068	lrrc8	0.4444
tr|Q9VKX6|Q9VKX6_DROME	Drosophila melanogaster	invertebrate	491	assoc_k_beta	high	61.0	0.5774		1.0
tr|Q9VLN6|Q9VLN6_DROME	Drosophila melanogaster	invertebrate	1355	nonchannel_abc_transporter	high	1299.7	0.9617	cftr	0.3686
tr|Q9VLP5|Q9VLP5_DROME	Drosophila melanogaster	invertebrate	1487	nonchannel_abc_transporter	high	1114.1	0.9601	assoc_sur	0.5061
tr|Q9VMT2|Q9VMT2_DROME	Drosophila melanogaster	invertebrate	149	nonchannel_ncs	medium	35.8	0.4974		1.0
tr|Q9VMY8|Q9VMY8_DROME	Drosophila melanogaster	invertebrate	1165	nonchannel_vsp	high	34.7	0.5018		1.0
tr|Q9VNF9|Q9VNF9_DROME	Drosophila melanogaster	invertebrate	189	nonchannel_ncs	high	51.7	0.8964	assoc_kchip	0.3636
tr|Q9VPH1|Q9VPH1_DROME	Drosophila melanogaster	invertebrate	900	assoc_k_beta	medium	38.2	0.3307		1.0
tr|Q9VPS7|Q9VPS7_DROME	Drosophila melanogaster	invertebrate	1305	nonchannel_class_c_gpcr	high	353.7	0.8226		1.0
tr|Q9VR83|Q9VR83_DROME	Drosophila melanogaster	invertebrate	425	assoc_k_beta	medium	56.1	0.3386		1.0
tr|Q9VRW2|Q9VRW2_DROME	Drosophila melanogaster	invertebrate	1320	nonchannel_abc_transporter	medium	656.1	0.4555	assoc_sur	0.5373
tr|Q9VU13|Q9VU13_DROME	Drosophila melanogaster	invertebrate	458	assoc_k_beta	medium	43.8	0.3097		1.0
tr|Q9VU79|Q9VU79_DROME	Drosophila melanogaster	invertebrate	1250	nonchannel_class_c_gpcr	medium	62.2	0.3989		1.0
tr|Q9VVM6|Q9VVM6_DROME	Drosophila melanogaster	invertebrate	742	transporter_slc26	high	570.7	0.957		1.0
tr|Q9VW66|Q9VW66_DROME	Drosophila melanogaster	invertebrate	186	nonchannel_ncs	medium	206.0	0.9275	assoc_kchip	0.285
tr|Q9VWI6|Q9VWI6_DROME	Drosophila melanogaster	invertebrate	931	assoc_k_beta	medium	63.2	0.3701	lrrc8	0.5206
tr|Q9VYL5|Q9VYL5_DROME	Drosophila melanogaster	invertebrate	761	nonchannel_abc_transporter	medium	377.3	0.4133	assoc_sur	0.5871
tr|Q9VZ84|Q9VZ84_DROME	Drosophila melanogaster	invertebrate	615	assoc_k_beta	medium	102.2	0.4147	lrrc8	0.1125
tr|Q9W0C5|Q9W0C5_DROME	Drosophila melanogaster	invertebrate	743	nonchannel_abc_transporter	medium	342.0	0.4003	assoc_sur	0.6067
tr|Q9W0M9|Q9W0M9_DROME	Drosophila melanogaster	invertebrate	151	nonchannel_ncs	medium	30.3	0.4404		1.0
tr|Q9W1M2|Q9W1M2_DROME	Drosophila melanogaster	invertebrate	270	outofscope_aquaporin	high	184.0	0.8292		1.0
tr|Q9W1M4|Q9W1M4_DROME	Drosophila melanogaster	invertebrate	238	outofscope_aquaporin	high	114.8	0.7829		1.0
tr|Q9W2I5|Q9W2I5_DROME	Drosophila melanogaster	invertebrate	1312	nonchannel_abc_transporter	high	1203.7	0.9594	cftr	0.3943
tr|Q9W3K8|Q9W3K8_DROME	Drosophila melanogaster	invertebrate	324	assoc_kchip	medium	66.1	0.4263	nonchannel_ncs	0.1679
tr|Q9XW36|Q9XW36_CAEEL	Caenorhabditis elegans	invertebrate	421	outofscope_aquaporin	high	213.0	0.8968		1.0
tr|Q9XW61|Q9XW61_CAEEL	Caenorhabditis elegans	invertebrate	1461	nonchannel_abc_transporter	high	1304.5	0.9632	assoc_sur	0.456
tr|R4G9C0|R4G9C0_ANOCA	Anolis carolinensis	vertebrate	189	nonchannel_ncs	medium	45.0	0.399	assoc_kchip	0.3844
tr|R4GAD5|R4GAD5_ANOCA	Anolis carolinensis	vertebrate	736	assoc_stim	high	1054.2	0.8501		1.0
tr|R4GAF8|R4GAF8_ANOCA	Anolis carolinensis	vertebrate	923	assoc_clc_aux	high	1043.4	0.9425		1.0
tr|R4GAN8|R4GAN8_ANOCA	Anolis carolinensis	vertebrate	205	assoc_k_beta	high	74.8	0.5066		1.0
tr|R4GBM4|R4GBM4_ANOCA	Anolis carolinensis	vertebrate	815	nonchannel_class_c_gpcr	high	511.5	0.8712		1.0
tr|R4GBM5|R4GBM5_ANOCA	Anolis carolinensis	vertebrate	356	assoc_k_beta	high	66.7	0.6982		1.0
tr|R4GCF1|R4GCF1_ANOCA	Anolis carolinensis	vertebrate	358	outofscope_aquaporin	high	291.6	0.9039		1.0
tr|R4GCL8|R4GCL8_ANOCA	Anolis carolinensis	vertebrate	834	assoc_catsper_aux	high	177.3	0.6893		1.0
tr|R4GCQ8|R4GCQ8_ANOCA	Anolis carolinensis	vertebrate	364	assoc_k_beta	high	43.3	0.5669		1.0
tr|R4GCQ9|R4GCQ9_ANOCA	Anolis carolinensis	vertebrate	764	nonchannel_ncs	high	39.3	0.7409		1.0
tr|R4GCW4|R4GCW4_ANOCA	Anolis carolinensis	vertebrate	760	assoc_nav_beta	high	75.4	0.5		1.0
tr|R4GKK6|R4GKK6_CHICK	Gallus gallus	vertebrate	752	transporter_slc26	high	884.9	0.9584		1.0
tr|R4GLB5|R4GLB5_CHICK	Gallus gallus	vertebrate	171	nonchannel_ncs	high	41.4	0.5751		1.0
tr|S4R549|S4R549_PETMA	Petromyzon marinus	vertebrate	191	nonchannel_ncs	high	318.1	0.9793	assoc_kchip	0.4093
tr|S4R5K1|S4R5K1_PETMA	Petromyzon marinus	vertebrate	191	nonchannel_ncs	high	313.4	0.9793	assoc_kchip	0.3937
tr|S4RDG5|S4RDG5_PETMA	Petromyzon marinus	vertebrate	190	nonchannel_ncs	medium	280.4	0.9637	assoc_kchip	0.2557
tr|S4REK4|S4REK4_PETMA	Petromyzon marinus	vertebrate	149	nonchannel_ncs	high	60.4	0.5648		1.0
tr|S4RFX6|S4RFX6_PETMA	Petromyzon marinus	vertebrate	164	nonchannel_ncs	medium	63.6	0.5751	assoc_kchip	0.2013
tr|S4RGV1|S4RGV1_PETMA	Petromyzon marinus	vertebrate	194	nonchannel_ncs	medium	49.2	0.3938		1.0
tr|S4RL94|S4RL94_PETMA	Petromyzon marinus	vertebrate	149	nonchannel_ncs	high	59.2	0.5648		1.0
tr|U3JAA8|U3JAA8_DANRE	Danio rerio	vertebrate	357	assoc_k_beta	medium	89.2	0.5958	lrrc8	0.259
tr|V3YZP5|V3YZP5_LOTGI	Lottia gigantea	invertebrate	715	nonchannel_class_c_gpcr	high	402.4	0.8226		1.0
tr|V3Z015|V3Z015_LOTGI	Lottia gigantea	invertebrate	142	assoc_k_beta	medium	38.0	0.3438	lrrc8	0.1053
tr|V3Z5T1|V3Z5T1_LOTGI	Lottia gigantea	invertebrate	770	nonchannel_pomt	high	725.7	0.9187		1.0
tr|V3Z755|V3Z755_LOTGI	Lottia gigantea	invertebrate	311	outofscope_aquaporin	high	203.1	0.9395		1.0
tr|V3Z9U5|V3Z9U5_LOTGI	Lottia gigantea	invertebrate	194	nonchannel_ncs	high	41.7	0.544		1.0
tr|V3ZAM5|V3ZAM5_LOTGI	Lottia gigantea	invertebrate	490	hv1	high	84.4	0.5255		1.0
tr|V3ZBP4|V3ZBP4_LOTGI	Lottia gigantea	invertebrate	572	nonchannel_class_c_gpcr	medium	115.1	0.3073		1.0
tr|V3ZDR8|V3ZDR8_LOTGI	Lottia gigantea	invertebrate	975	assoc_clc_aux	high	515.0	0.9642		1.0
tr|V3ZE27|V3ZE27_LOTGI	Lottia gigantea	invertebrate	337	nonchannel_kctd	high	93.2	0.8801		1.0
tr|V3ZEX5|V3ZEX5_LOTGI	Lottia gigantea	invertebrate	805	nonchannel_class_c_gpcr	high	601.0	0.896	kainate	0.9238
tr|V3ZFS7|V3ZFS7_LOTGI	Lottia gigantea	invertebrate	188	assoc_k_beta	medium	38.3	0.3858	lrrc8	0.3185
tr|V3ZHQ4|V3ZHQ4_LOTGI	Lottia gigantea	invertebrate	167	nonchannel_ncs	medium	44.4	0.456		1.0
tr|V3ZHQ7|V3ZHQ7_LOTGI	Lottia gigantea	invertebrate	153	nonchannel_ncs	high	54.9	0.513		1.0
tr|V3ZHX9|V3ZHX9_LOTGI	Lottia gigantea	invertebrate	744	nonchannel_ncs	high	64.2	0.8497	assoc_kchip	0.4813
tr|V3ZIP7|V3ZIP7_LOTGI	Lottia gigantea	invertebrate	147	nonchannel_ncs	high	39.1	0.7306		1.0
tr|V3ZK38|V3ZK38_LOTGI	Lottia gigantea	invertebrate	215	outofscope_aquaporin	high	231.6	0.8149		1.0
tr|V3ZK71|V3ZK71_LOTGI	Lottia gigantea	invertebrate	682	nonchannel_abc_transporter	medium	413.5	0.4525	assoc_sur	0.6641
tr|V3ZLE8|V3ZLE8_LOTGI	Lottia gigantea	invertebrate	664	nonchannel_class_c_gpcr	high	670.1	0.7141		1.0
tr|V3ZLI4|V3ZLI4_LOTGI	Lottia gigantea	invertebrate	862	nonchannel_class_c_gpcr	high	1033.6	0.9367	nmda	0.9476
tr|V3ZMX3|V3ZMX3_LOTGI	Lottia gigantea	invertebrate	817	nonchannel_abc_transporter	medium	348.4	0.3888	assoc_sur	0.5189
tr|V3ZMZ0|V3ZMZ0_LOTGI	Lottia gigantea	invertebrate	149	nonchannel_ncs	high	38.0	0.7254		1.0
tr|V3ZN45|V3ZN45_LOTGI	Lottia gigantea	invertebrate	307	nonchannel_ncs	high	50.0	0.5544		1.0
tr|V3ZN86|V3ZN86_LOTGI	Lottia gigantea	invertebrate	337	nonchannel_vsp	high	224.5	0.5924		1.0
tr|V3ZN88|V3ZN88_LOTGI	Lottia gigantea	invertebrate	598	transporter_slc26	high	632.2	0.7365		1.0
tr|V3ZNA9|V3ZNA9_LOTGI	Lottia gigantea	invertebrate	799	nonchannel_class_c_gpcr	high	491.9	0.8915	nmda	0.9055
tr|V3ZP04|V3ZP04_LOTGI	Lottia gigantea	invertebrate	277	outofscope_aquaporin	high	193.9	0.8434		1.0
tr|V3ZP65|V3ZP65_LOTGI	Lottia gigantea	invertebrate	1278	nonchannel_class_c_gpcr	medium	179.1	0.4316		1.0
tr|V3ZPK8|V3ZPK8_LOTGI	Lottia gigantea	invertebrate	322	nonchannel_vsp	high	144.8	0.5543		1.0
tr|V3ZQE0|V3ZQE0_LOTGI	Lottia gigantea	invertebrate	170	nonchannel_ncs	medium	75.7	0.7979	assoc_kchip	0.2827
tr|V3ZR87|V3ZR87_LOTGI	Lottia gigantea	invertebrate	325	assoc_k_beta	high	52.1	0.5066		1.0
tr|V3ZR91|V3ZR91_LOTGI	Lottia gigantea	invertebrate	1551	nonchannel_ncs	high	57.4	0.6373	assoc_kchip	0.5331
tr|V3ZRH1|V3ZRH1_LOTGI	Lottia gigantea	invertebrate	762	nonchannel_class_c_gpcr	high	745.3	0.7887		1.0
tr|V3ZRW9|V3ZRW9_LOTGI	Lottia gigantea	invertebrate	857	nonchannel_class_c_gpcr	high	834.8	0.9096		1.0
tr|V3ZSB2|V3ZSB2_LOTGI	Lottia gigantea	invertebrate	1485	nonchannel_abc_transporter	high	1388.6	0.9548	assoc_sur	0.4672
tr|V3ZSR6|V3ZSR6_LOTGI	Lottia gigantea	invertebrate	691	nonchannel_class_c_gpcr	high	457.1	0.713	kainate	0.9081
tr|V3ZUZ6|V3ZUZ6_LOTGI	Lottia gigantea	invertebrate	189	nonchannel_ncs	medium	35.4	0.9482	assoc_kchip	0.1243
tr|V3ZVD0|V3ZVD0_LOTGI	Lottia gigantea	invertebrate	745	nonchannel_class_c_gpcr	high	256.9	0.6531	nmda	0.8926
tr|V3ZVP6|V3ZVP6_LOTGI	Lottia gigantea	invertebrate	306	outofscope_aquaporin	high	220.9	0.9466		1.0
tr|V3ZVR0|V3ZVR0_LOTGI	Lottia gigantea	invertebrate	327	outofscope_aquaporin	high	169.1	0.8327		1.0
tr|V3ZVU1|V3ZVU1_LOTGI	Lottia gigantea	invertebrate	153	nonchannel_ncs	high	46.0	0.5648		1.0
tr|V3ZWC1|V3ZWC1_LOTGI	Lottia gigantea	invertebrate	430	assoc_cav_aux	medium	187.6	0.3896		1.0
tr|V3ZXA7|V3ZXA7_LOTGI	Lottia gigantea	invertebrate	610	tmc	high	327.7	0.6365		1.0
tr|V3ZXY0|V3ZXY0_LOTGI	Lottia gigantea	invertebrate	211	nonchannel_ncs	high	48.5	0.715	assoc_kchip	0.4289
tr|V3ZZ35|V3ZZ35_LOTGI	Lottia gigantea	invertebrate	487	assoc_k_beta	high	54.8	0.6719	lrrc8	0.5182
tr|V4A123|V4A123_LOTGI	Lottia gigantea	invertebrate	448	hv1	high	77.3	0.5176		1.0
tr|V4A1H3|V4A1H3_LOTGI	Lottia gigantea	invertebrate	1494	nonchannel_abc_transporter	high	1711.5	0.9762	assoc_sur	0.5103
tr|V4A1R7|V4A1R7_LOTGI	Lottia gigantea	invertebrate	417	nonchannel_class_c_gpcr	medium	163.1	0.3243		1.0
tr|V4A1S9|V4A1S9_LOTGI	Lottia gigantea	invertebrate	588	nonchannel_abc_transporter	medium	367.5	0.4003	assoc_sur	0.5739
tr|V4A214|V4A214_LOTGI	Lottia gigantea	invertebrate	469	nonchannel_class_c_gpcr	medium	251.7	0.4904		1.0
tr|V4A2S8|V4A2S8_LOTGI	Lottia gigantea	invertebrate	1582	nonchannel_ncs	high	44.6	0.6684	assoc_kchip	0.3094
tr|V4A2Z0|V4A2Z0_LOTGI	Lottia gigantea	invertebrate	164	nonchannel_ncs	high	57.2	0.5648		1.0
tr|V4A303|V4A303_LOTGI	Lottia gigantea	invertebrate	187	assoc_kchip	high	301.5	0.749	nonchannel_ncs	0.3582
tr|V4A316|V4A316_LOTGI	Lottia gigantea	invertebrate	301	assoc_mcu_reg	medium	30.6	0.3401		1.0
tr|V4A382|V4A382_LOTGI	Lottia gigantea	invertebrate	328	assoc_k_beta	high	150.8	0.7297		1.0
tr|V4A383|V4A383_LOTGI	Lottia gigantea	invertebrate	426	kainate	medium	31.6	0.3699		1.0
tr|V4A387|V4A387_LOTGI	Lottia gigantea	invertebrate	1401	nonchannel_abc_transporter	high	1518.6	0.9433	assoc_sur	0.4564
tr|V4A431|V4A431_LOTGI	Lottia gigantea	invertebrate	177	nonchannel_ncs	high	48.0	0.5803		1.0
tr|V4A524|V4A524_LOTGI	Lottia gigantea	invertebrate	972	nonchannel_ncs	high	47.0	0.6218	assoc_kchip	0.4426
tr|V4A5H2|V4A5H2_LOTGI	Lottia gigantea	invertebrate	165	nonchannel_ncs	high	47.5	0.5078		1.0
tr|V4A5I3|V4A5I3_LOTGI	Lottia gigantea	invertebrate	220	outofscope_aquaporin	high	226.7	0.8256		1.0
tr|V4A6Q9|V4A6Q9_LOTGI	Lottia gigantea	invertebrate	519	assoc_cav_aux	medium	283.1	0.4842		1.0
tr|V4A752|V4A752_LOTGI	Lottia gigantea	invertebrate	681	nonchannel_abc_transporter	medium	355.0	0.4379	assoc_sur	0.6544
tr|V4A792|V4A792_LOTGI	Lottia gigantea	invertebrate	1174	nonchannel_abc_transporter	medium	695.9	0.4164	assoc_sur	0.6262
tr|V4A7E8|V4A7E8_LOTGI	Lottia gigantea	invertebrate	200	outofscope_aquaporin	high	153.5	0.6726		1.0
tr|V4A7F8|V4A7F8_LOTGI	Lottia gigantea	invertebrate	1340	assoc_polycystin1	medium	186.6	0.3658		1.0
tr|V4A9G1|V4A9G1_LOTGI	Lottia gigantea	invertebrate	150	nonchannel_ncs	high	54.3	0.5699		1.0
tr|V4A9P6|V4A9P6_LOTGI	Lottia gigantea	invertebrate	1552	nonchannel_ncs	medium	46.7	0.6218	assoc_kchip	0.2484
tr|V4AAG0|V4AAG0_LOTGI	Lottia gigantea	invertebrate	396	assoc_stim	medium	409.0	0.4728		1.0
tr|V4AAY6|V4AAY6_LOTGI	Lottia gigantea	invertebrate	150	nonchannel_ncs	high	59.0	0.5648		1.0
tr|V4ABD0|V4ABD0_LOTGI	Lottia gigantea	invertebrate	1162	nonchannel_abc_transporter	medium	694.7	0.454	assoc_sur	0.618
tr|V4ABW4|V4ABW4_LOTGI	Lottia gigantea	invertebrate	617	transporter_slc26	high	505.6	0.8266		1.0
tr|V4ACG6|V4ACG6_LOTGI	Lottia gigantea	invertebrate	795	assoc_k_beta	medium	114.7	0.4619	lrrc8	0.1229
tr|V4AD38|V4AD38_LOTGI	Lottia gigantea	invertebrate	1124	nonchannel_abc_transporter	medium	684.0	0.4256	assoc_sur	0.5961
tr|V4AE01|V4AE01_LOTGI	Lottia gigantea	invertebrate	633	transporter_slc26	high	586.5	0.9112		1.0
tr|V4AE34|V4AE34_LOTGI	Lottia gigantea	invertebrate	150	nonchannel_ncs	high	56.9	0.5544		1.0
tr|V4AES9|V4AES9_LOTGI	Lottia gigantea	invertebrate	1342	nonchannel_abc_transporter	medium	862.7	0.9479	cftr	0.2613
tr|V4AEZ3|V4AEZ3_LOTGI	Lottia gigantea	invertebrate	1498	nonchannel_abc_transporter	high	1430.7	0.9755	assoc_sur	0.4923
tr|V4AEZ6|V4AEZ6_LOTGI	Lottia gigantea	invertebrate	222	hv1	medium	34.2	0.3176		1.0
tr|V4AFK2|V4AFK2_LOTGI	Lottia gigantea	invertebrate	133	nonchannel_ncs	medium	54.3	0.3316	assoc_kchip	0.3499
tr|V4AFU5|V4AFU5_LOTGI	Lottia gigantea	invertebrate	1336	nonchannel_abc_transporter	high	1514.9	0.9571	assoc_sur	0.4581
tr|V4AG35|V4AG35_LOTGI	Lottia gigantea	invertebrate	606	transporter_slc26	high	682.9	0.7947		1.0
tr|V4AGP8|V4AGP8_LOTGI	Lottia gigantea	invertebrate	410	assoc_k_beta	medium	31.4	0.4121		1.0
tr|V4AGY8|V4AGY8_LOTGI	Lottia gigantea	invertebrate	855	nonchannel_class_c_gpcr	high	661.5	0.9356	nmda	0.953
tr|V4AH38|V4AH38_LOTGI	Lottia gigantea	invertebrate	183	nonchannel_ncs	high	47.1	0.7047	assoc_kchip	0.4374
tr|V4AHA4|V4AHA4_LOTGI	Lottia gigantea	invertebrate	256	transporter_slc26	medium	296.9	0.3634		1.0
tr|V4AIJ5|V4AIJ5_LOTGI	Lottia gigantea	invertebrate	265	outofscope_aquaporin	high	188.0	0.8292		1.0
tr|V4AIS0|V4AIS0_LOTGI	Lottia gigantea	invertebrate	150	nonchannel_ncs	high	57.7	0.5544		1.0
tr|V4AIS4|V4AIS4_LOTGI	Lottia gigantea	invertebrate	149	nonchannel_ncs	high	57.8	0.5699		1.0
tr|V4AKX6|V4AKX6_LOTGI	Lottia gigantea	invertebrate	227	clic	high	35.8	0.7666		1.0
tr|V4AKY1|V4AKY1_LOTGI	Lottia gigantea	invertebrate	608	nonchannel_abc_transporter	medium	61.0	0.388	cftr	0.4869
tr|V4AL08|V4AL08_LOTGI	Lottia gigantea	invertebrate	677	nonchannel_class_c_gpcr	medium	99.5	0.3254		1.0
tr|V4AL36|V4AL36_LOTGI	Lottia gigantea	invertebrate	635	assoc_mcu_reg	medium	40.5	0.3716		1.0
tr|V4ALF1|V4ALF1_LOTGI	Lottia gigantea	invertebrate	167	nonchannel_ncs	high	42.2	0.7668		1.0
tr|V4ALF2|V4ALF2_LOTGI	Lottia gigantea	invertebrate	1025	nonchannel_ncs	medium	85.6	0.7876	assoc_kchip	0.2652
tr|V4ALG7|V4ALG7_LOTGI	Lottia gigantea	invertebrate	187	nonchannel_ncs	high	158.6	0.9793	assoc_kchip	0.4098
tr|V4ALZ2|V4ALZ2_LOTGI	Lottia gigantea	invertebrate	444	transporter_slc26	high	422.5	0.6033		1.0
tr|V4AM99|V4AM99_LOTGI	Lottia gigantea	invertebrate	449	hv1	medium	68.8	0.451	nonchannel_vsp	0.593
tr|V4AMP5|V4AMP5_LOTGI	Lottia gigantea	invertebrate	743	nonchannel_ncs	high	67.4	0.6684	assoc_kchip	0.3561
tr|V4ASM5|V4ASM5_LOTGI	Lottia gigantea	invertebrate	734	nonchannel_pomt	high	746.2	0.9446		1.0
tr|V4AT58|V4AT58_LOTGI	Lottia gigantea	invertebrate	138	nonchannel_ncs	medium	42.5	0.4093		1.0
tr|V4ATH5|V4ATH5_LOTGI	Lottia gigantea	invertebrate	286	outofscope_aquaporin	high	228.2	0.8043		1.0
tr|V4ATJ9|V4ATJ9_LOTGI	Lottia gigantea	invertebrate	607	tmc	high	183.0	0.5867		1.0
tr|V4AUG1|V4AUG1_LOTGI	Lottia gigantea	invertebrate	336	transporter_slc26	medium	337.8	0.4688		1.0
tr|V4AW69|V4AW69_LOTGI	Lottia gigantea	invertebrate	195	nonchannel_ncs	medium	236.1	0.9689	assoc_kchip	0.2639
tr|V4AXB0|V4AXB0_LOTGI	Lottia gigantea	invertebrate	333	nonchannel_class_c_gpcr	medium	163.6	0.3514		1.0
tr|V4AXW4|V4AXW4_LOTGI	Lottia gigantea	invertebrate	391	nonchannel_vsp	high	515.1	0.6902		1.0
tr|V4AXY7|V4AXY7_LOTGI	Lottia gigantea	invertebrate	1330	nonchannel_abc_transporter	high	1313.5	0.9586	assoc_sur	0.5202
tr|V4AYG0|V4AYG0_LOTGI	Lottia gigantea	invertebrate	152	nonchannel_ncs	high	52.5	0.5751		1.0
tr|V4AZ64|V4AZ64_LOTGI	Lottia gigantea	invertebrate	1067	nonchannel_class_c_gpcr	medium	63.8	0.3073		1.0
tr|V4AZ69|V4AZ69_LOTGI	Lottia gigantea	invertebrate	305	outofscope_aquaporin	high	198.5	0.847		1.0
tr|V4B0M3|V4B0M3_LOTGI	Lottia gigantea	invertebrate	432	assoc_k_beta	medium	115.1	0.4068	lrrc8	0.1599
tr|V4B1N7|V4B1N7_LOTGI	Lottia gigantea	invertebrate	152	nonchannel_ncs	medium	206.0	0.7254	assoc_kchip	0.2044
tr|V4B1U8|V4B1U8_LOTGI	Lottia gigantea	invertebrate	285	outofscope_aquaporin	high	251.5	0.8861		1.0
tr|V4B1U9|V4B1U9_LOTGI	Lottia gigantea	invertebrate	1119	assoc_cav_aux	high	264.6	0.904		1.0
tr|V4B3S9|V4B3S9_LOTGI	Lottia gigantea	invertebrate	499	nonchannel_ncs	medium	31.7	0.3109	assoc_kchip	0.1356
tr|V4B473|V4B473_LOTGI	Lottia gigantea	invertebrate	187	nonchannel_ncs	high	139.1	0.9637	assoc_kchip	0.3012
tr|V4B4X2|V4B4X2_LOTGI	Lottia gigantea	invertebrate	836	nonchannel_abc_transporter	medium	414.5	0.4256	assoc_sur	0.5978
tr|V4B5C7|V4B5C7_LOTGI	Lottia gigantea	invertebrate	1652	nonchannel_class_c_gpcr	high	210.0	0.8429		1.0
tr|V4B5X6|V4B5X6_LOTGI	Lottia gigantea	invertebrate	804	nonchannel_class_c_gpcr	high	638.9	0.8904	nmda	0.9548
tr|V4B5Y0|V4B5Y0_LOTGI	Lottia gigantea	invertebrate	257	assoc_cav_aux	medium	49.4	0.3923		1.0
tr|V4B655|V4B655_LOTGI	Lottia gigantea	invertebrate	291	outofscope_aquaporin	high	39.8	0.5658		1.0
tr|V4B8F9|V4B8F9_LOTGI	Lottia gigantea	invertebrate	464	nonchannel_abc_transporter	medium	374.7	0.319	assoc_sur	0.4692
tr|V4BC21|V4BC21_LOTGI	Lottia gigantea	invertebrate	193	nonchannel_ncs	medium	220.2	0.9689	assoc_kchip	0.2461
tr|V4BCP0|V4BCP0_LOTGI	Lottia gigantea	invertebrate	184	nonchannel_ncs	high	61.6	0.9378	assoc_kchip	0.3377
tr|V4BDG3|V4BDG3_LOTGI	Lottia gigantea	invertebrate	802	assoc_k_beta	high	48.8	0.5459		1.0
tr|V4BDI9|V4BDI9_LOTGI	Lottia gigantea	invertebrate	263	outofscope_aquaporin	high	205.6	0.8541		1.0
tr|V4BF51|V4BF51_LOTGI	Lottia gigantea	invertebrate	1355	nonchannel_abc_transporter	high	1112.8	0.8965	cftr	0.3863
tr|V4BFA4|V4BFA4_LOTGI	Lottia gigantea	invertebrate	472	nonchannel_ncs	medium	30.9	0.3212		1.0
tr|V4BFF5|V4BFF5_LOTGI	Lottia gigantea	invertebrate	203	nonchannel_ncs	high	38.9	0.5492		1.0
tr|V4BHF6|V4BHF6_LOTGI	Lottia gigantea	invertebrate	1229	nonchannel_abc_transporter	medium	661.2	0.4149	assoc_sur	0.5799
tr|V4BHN5|V4BHN5_LOTGI	Lottia gigantea	invertebrate	313	nonchannel_ncs	high	38.1	0.6891		1.0
tr|V4BKF7|V4BKF7_LOTGI	Lottia gigantea	invertebrate	677	assoc_k_beta	medium	43.1	0.336		1.0
tr|V4BKZ8|V4BKZ8_LOTGI	Lottia gigantea	invertebrate	966	assoc_clc_aux	high	452.0	0.9707		1.0
tr|V4BL90|V4BL90_LOTGI	Lottia gigantea	invertebrate	1251	nonchannel_abc_transporter	high	1134.5	0.944	assoc_sur	0.4472
tr|V4BLB8|V4BLB8_LOTGI	Lottia gigantea	invertebrate	170	nonchannel_ncs	medium	43.1	0.4508		1.0
tr|V4BLF7|V4BLF7_LOTGI	Lottia gigantea	invertebrate	536	transporter_slc26	high	609.5	0.7309		1.0
tr|V4BNJ3|V4BNJ3_LOTGI	Lottia gigantea	invertebrate	1039	nonchannel_class_c_gpcr	medium	64.5	0.4791		1.0
tr|V4BQE9|V4BQE9_LOTGI	Lottia gigantea	invertebrate	469	nonchannel_ncs	high	73.7	0.8394	assoc_kchip	0.4193
tr|V4BRM4|V4BRM4_LOTGI	Lottia gigantea	invertebrate	499	hv1	medium	43.3	0.3843		1.0
tr|V4BVH2|V4BVH2_LOTGI	Lottia gigantea	invertebrate	1351	assoc_k_beta	medium	233.8	0.4987	lrrc8	0.4688
tr|V4BWJ9|V4BWJ9_LOTGI	Lottia gigantea	invertebrate	149	nonchannel_ncs	high	58.1	0.5648		1.0
tr|V4BZ90|V4BZ90_LOTGI	Lottia gigantea	invertebrate	149	nonchannel_ncs	high	60.5	0.5648		1.0
tr|V4BZ94|V4BZ94_LOTGI	Lottia gigantea	invertebrate	258	assoc_k_beta	medium	57.1	0.3963	lrrc8	0.3765
tr|V4C4C8|V4C4C8_LOTGI	Lottia gigantea	invertebrate	659	nonchannel_abc_transporter	medium	398.5	0.4264	assoc_sur	0.599
tr|V4C658|V4C658_LOTGI	Lottia gigantea	invertebrate	1209	nonchannel_vsp	medium	111.2	0.3007		1.0
tr|V4C6W4|V4C6W4_LOTGI	Lottia gigantea	invertebrate	650	transporter_slc26	high	384.3	0.8155		1.0
tr|V4C6X3|V4C6X3_LOTGI	Lottia gigantea	invertebrate	665	transporter_slc26	high	605.6	0.9223		1.0
tr|V4CAH8|V4CAH8_LOTGI	Lottia gigantea	invertebrate	436	assoc_k_beta	medium	49.1	0.3832		1.0
tr|V4CB95|V4CB95_LOTGI	Lottia gigantea	invertebrate	974	assoc_clc_aux	high	493.4	0.9143		1.0
tr|V4CBG8|V4CBG8_LOTGI	Lottia gigantea	invertebrate	831	assoc_k_beta	high	68.5	0.9449		1.0
tr|V4CC34|V4CC34_LOTGI	Lottia gigantea	invertebrate	670	assoc_k_beta	high	91.6	0.6273		1.0
tr|V4CDP9|V4CDP9_LOTGI	Lottia gigantea	invertebrate	409	assoc_mcu_reg	high	385.7	0.8063		1.0
tr|V4CE55|V4CE55_LOTGI	Lottia gigantea	invertebrate	771	nonchannel_class_c_gpcr	high	423.3	0.8192		1.0
tr|V4CH35|V4CH35_LOTGI	Lottia gigantea	invertebrate	619	transporter_slc26	high	429.6	0.7226		1.0
tr|V4CLK0|V4CLK0_LOTGI	Lottia gigantea	invertebrate	292	outofscope_aquaporin	high	55.9	0.6121		1.0
tr|V4CLM6|V4CLM6_LOTGI	Lottia gigantea	invertebrate	460	nonchannel_gasdermin	medium	102.9	0.4979		1.0
tr|V4CMQ7|V4CMQ7_LOTGI	Lottia gigantea	invertebrate	677	transporter_slc26	high	562.9	0.9501		1.0
tr|V4CNE5|V4CNE5_LOTGI	Lottia gigantea	invertebrate	403	assoc_mcu_reg	high	371.2	0.786		1.0
tr|V4CRM4|V4CRM4_LOTGI	Lottia gigantea	invertebrate	191	nonchannel_ncs	high	332.1	0.9793	assoc_kchip	0.4092
tr|W4VSP2|W4VSP2_MOUSE	Mus musculus	vertebrate	855	nonchannel_class_c_gpcr	high	503.1	0.9164		1.0
tr|W7X3M1|W7X3M1_TETTS	Tetrahymena thermophila	ciliate	1197	nonchannel_abc_transporter	high	727.8	0.8451	cftr	0.4784
tr|W7X3P1|W7X3P1_TETTS	Tetrahymena thermophila	ciliate	1382	cng	medium	64.3	0.4767		1.0
tr|W7X3W9|W7X3W9_TETTS	Tetrahymena thermophila	ciliate	623	nonchannel_ncs	high	61.2	0.6373		1.0
tr|W7X6R4|W7X6R4_TETTS	Tetrahymena thermophila	ciliate	1466	cng	high	54.5	0.5035		1.0
tr|W7X8H3|W7X8H3_TETTS	Tetrahymena thermophila	ciliate	1030	cng	medium	46.8	0.8967	kv_eag	0.2094
tr|W7XAS1|W7XAS1_TETTS	Tetrahymena thermophila	ciliate	1059	cng	high	36.9	0.5007		1.0
tr|W7XC24|W7XC24_TETTS	Tetrahymena thermophila	ciliate	549	nonchannel_ncs	medium	60.9	0.4197		1.0
tr|W7XFH3|W7XFH3_TETTS	Tetrahymena thermophila	ciliate	704	nonchannel_abc_transporter	medium	273.3	0.4563	assoc_sur	0.5071
tr|W7XHA9|W7XHA9_TETTS	Tetrahymena thermophila	ciliate	703	nonchannel_abc_transporter	medium	278.4	0.4586	assoc_sur	0.6347
tr|W7XJA8|W7XJA8_TETTS	Tetrahymena thermophila	ciliate	921	cng	high	67.8	0.6761		1.0
tr|X1WDG9|X1WDG9_DANRE	Danio rerio	vertebrate	434	nonchannel_kctd	high	104.5	0.8486	kv_shaker	0.7598
tr|X1WEV4|X1WEV4_DANRE	Danio rerio	vertebrate	662	assoc_k_beta	medium	66.5	0.3806	lrrc8	0.3398
tr|X2J6K6|X2J6K6_DROME	Drosophila melanogaster	invertebrate	757	assoc_k_beta	medium	66.1	0.3018		1.0
tr|X2J9P4|X2J9P4_DROME	Drosophila melanogaster	invertebrate	940	assoc_k_beta	high	48.4	0.9501		1.0
tr|X2J9Z3|X2J9Z3_DROME	Drosophila melanogaster	invertebrate	1271	assoc_cav_aux	high	214.7	0.9671		1.0
