family	label	target	species	group	source	p_confidence	win_coverage	length	verdict
piezo	A0A061ACU2__Caeele	sp|A0A061ACU2|PIEZ1_CAEEL	Caenorhabditis elegans	invertebrate	proteome	high	0.9568	2442	include
trpm	A0A0R4IMY7__Danrer	sp|A0A0R4IMY7|TRPM2_DANRE	Danio rerio	vertebrate	proteome	high	0.6931	1470	include
trpn	A0A140LI88__Musmus	sp|A0A140LI88|ANR31_MOUSE	Mus musculus	vertebrate	proteome	medium	0.356		profile_medium
trpv	A0A1D5PXA5__Galgal	sp|A0A1D5PXA5|TRPV4_CHICK	Gallus gallus	vertebrate	proteome	high	0.9753	852	include
kainate	A0A2R8QF68__Danrer	sp|A0A2R8QF68|GRIK2_DANRE	Danio rerio	vertebrate	proteome	high	0.9879	908	include
cng	A0A8I5ZN27__Ratnor	sp|A0A8I5ZN27|CNGB1_RAT	Rattus norvegicus	vertebrate	proteome	high	0.9293	1307	include
osca_tmem63	A0A8V0ZB02__Galgal	sp|A0A8V0ZB02|TM63B_CHICK	Gallus gallus	vertebrate	proteome	high	0.9698	816	include
tpc	A0JMD4__Danrer	sp|A0JMD4|TPC2_DANRE	Danio rerio	vertebrate	proteome	high	0.9738	774	include
vdac	A1Z6L1__Dromel	sp|A1Z6L1|TO402_DROME	Drosophila melanogaster	invertebrate	proteome	high	0.9892	340	include
trpp	A2A259__Musmus	sp|A2A259|PK2L1_MOUSE	Mus musculus	vertebrate	proteome	high	0.9529	760	include
ryr	A2AGL3__Musmus	sp|A2AGL3|RYR3_MOUSE	Mus musculus	vertebrate	proteome	high	0.9834	4863	include
nmda	A2AIR5__Musmus	sp|A2AIR5|NMD3A_MOUSE	Mus musculus	vertebrate	proteome	high	0.8116	1135	include
nav	A2APX8__Musmus	sp|A2APX8|SCN1A_MOUSE	Mus musculus	vertebrate	proteome	high	0.995	2009	include
catsper	A2ARP9__Musmus	sp|A2ARP9|CTSR2_MOUSE	Mus musculus	vertebrate	proteome	high	0.9733	588	include
nav	A2ASI5__Musmus	sp|A2ASI5|SCN3A_MOUSE	Mus musculus	vertebrate	proteome	high	0.9961	1947	include
kv_modifier	A2BDX4__Musmus	sp|A2BDX4|KCNG1_MOUSE	Mus musculus	vertebrate	proteome	high	0.9578	514	include
vdac	A4F267__Ratnor	sp|A4F267|TM40L_RAT	Rattus norvegicus	vertebrate	proteome	high	0.9892	308	include
calhm	A4FUN9__Danrer	sp|A4FUN9|CAHM5_DANRE	Danio rerio	vertebrate	proteome	high	0.9968	310	include
connexin	A4GG66__Ratnor	sp|A4GG66|CXG1_RAT	Rattus norvegicus	vertebrate	proteome	high	0.9807	396	include
tmem175	A5PN43__Danrer	sp|A5PN43|TM175_DANRE	Danio rerio	vertebrate	proteome	high	0.994	520	include
ht3	A5X5Y0__Homsap	sp|A5X5Y0|5HT3E_HUMAN	Homo sapiens	vertebrate	proteome	high	1.0	456	include
kv_shaker	A6H8H5__Musmus	sp|A6H8H5|KCNB2_MOUSE	Mus musculus	vertebrate	proteome	medium	0.9348		profile_medium
connexin	A6NN92__Homsap	sp|A6NN92|CXE1_HUMAN	Homo sapiens	vertebrate	proteome	high	0.6431	205	include
tric	A6ZIQ8__Ratnor	sp|A6ZIQ8|TM38A_RAT	Rattus norvegicus	vertebrate	proteome	high	1.0	297	include
trpm	A7T1N0__Nemvec	sp|A7T1N0|TMP2L_NEMVE	Nematostella vectensis	cnidarian	proteome	high	0.6646	1551	include
trpm	A8DYE2__Dromel	sp|A8DYE2|TRPCG_DROME	Drosophila melanogaster	invertebrate	proteome	high	0.9966	2023	include
gabaa	A8MPY1__Homsap	sp|A8MPY1|GBRR3_HUMAN	Homo sapiens	vertebrate	proteome	high	0.9496	467	include
kca_slo	A8MYU2__Homsap	sp|A8MYU2|KCNU1_HUMAN	Homo sapiens	vertebrate	proteome	high	0.9846	1149	include
otop	A9JTM7__Xentro	sp|A9JTM7|OTOP3_XENTR	Xenopus tropicalis	vertebrate	proteome	high	0.9931	681	include
ryr	B0LPN4__Ratnor	sp|B0LPN4|RYR2_RAT	Rattus norvegicus	vertebrate	proteome	high	1.0	4955	include
kainate	B1AS29__Musmus	sp|B1AS29|GRIK3_MOUSE	Mus musculus	vertebrate	proteome	high	0.9989	919	include
nav	B1AWN6__Musmus	sp|B1AWN6|SCN2A_MOUSE	Mus musculus	vertebrate	proteome	high	0.9994	2006	include
nav	B1AYL1__Musmus	sp|B1AYL1|SCN7A_MOUSE	Mus musculus	vertebrate	proteome	high	0.9664	1681	include
kv_shaker	B2RQA1__Musmus	sp|B2RQA1|KCA10_MOUSE	Mus musculus	vertebrate	proteome	high	0.7808	511	include
osca_tmem63	B5TYT3__Aratha	sp|B5TYT3|OSC13_ARATH	Arabidopsis thaliana	plant	proteome	high	0.9484	771	include
kir	B7U540__Homsap	sp|B7U540|KCJ18_HUMAN	Homo sapiens	vertebrate	proteome	high	0.956	433	include
otop	B7Z0W9__Dromel	sp|B7Z0W9|OTOP_DROME	Drosophila melanogaster	invertebrate	proteome	high	0.7022	1576	include
kca_slo	B7ZC96__Danrer	sp|B7ZC96|KCMA1_DANRE	Danio rerio	vertebrate	proteome	high	0.9973	1184	include
calhm	D3Z291__Musmus	sp|D3Z291|CAHM1_MOUSE	Mus musculus	vertebrate	proteome	high	0.9684	348	include
kca_slo	D3Z649__Musmus	sp|D3Z649|KCNT2_MOUSE	Mus musculus	vertebrate	proteome	high	0.9175	1135	include
osca_tmem63	D3ZNF5__Ratnor	sp|D3ZNF5|TM63C_RAT	Rattus norvegicus	vertebrate	proteome	high	0.9811	802	include
kca_slo	D4A6Z8__Ratnor	sp|D4A6Z8|KCNU1_RAT	Rattus norvegicus	vertebrate	proteome	high	0.9837	1113	include
kv_modifier	D4AD53__Ratnor	sp|D4AD53|KCNG1_RAT	Rattus norvegicus	vertebrate	proteome	high	0.9557	514	include
kv_modifier	D4ADX7__Ratnor	sp|D4ADX7|KCNF1_RAT	Rattus norvegicus	vertebrate	proteome	medium	0.9283		profile_medium
cng	E1AZ71__Musmus	sp|E1AZ71|CNGB1_MOUSE	Mus musculus	vertebrate	proteome	high	0.9335	1325	include
piezo	E2JF22__Musmus	sp|E2JF22|PIEZ1_MOUSE	Mus musculus	vertebrate	proteome	high	0.9996	2547	include
iglur_nonvertebrate	E9NA96__Dromel	sp|E9NA96|IR25A_DROME	Drosophila melanogaster	invertebrate	proteome	high	0.9973	947	include
trpm	E9PTA2__Ratnor	sp|E9PTA2|TRPM2_RAT	Rattus norvegicus	vertebrate	proteome	high	0.6697	1507	include
ryr	E9PZQ0__Musmus	sp|E9PZQ0|RYR1_MOUSE	Mus musculus	vertebrate	proteome	high	1.0	5035	include
ryr	E9Q401__Musmus	sp|E9Q401|RYR2_MOUSE	Mus musculus	vertebrate	proteome	high	1.0	4966	include
ryr	F1LMY4__Ratnor	sp|F1LMY4|RYR1_RAT	Rattus norvegicus	vertebrate	proteome	high	0.9998	5035	include
nav	F1LQQ7__Ratnor	sp|F1LQQ7|SCN7A_RAT	Rattus norvegicus	vertebrate	proteome	high	0.9703	1680	include
kir	F1NHE9__Galgal	sp|F1NHE9|KCJ12_CHICK	Gallus gallus	vertebrate	proteome	high	0.9804	429	include
glyr	F1R8P4__Danrer	sp|F1R8P4|GLRA2_DANRE	Danio rerio	vertebrate	proteome	high	0.9848	449	include
lrrc8	F4HTV4__Aratha	sp|F4HTV4|RLP14_ARATH	Arabidopsis thaliana	plant	proteome	medium	0.3113		profile_medium
osca_tmem63	F4HYR3__Aratha	sp|F4HYR3|OSC14_ARATH	Arabidopsis thaliana	plant	proteome	high	0.9057	778	include
mcu	F4I111__Aratha	sp|F4I111|MCU1_ARATH	Arabidopsis thaliana	plant	proteome	medium	0.3333		profile_medium
osca_tmem63	F4I248__Aratha	sp|F4I248|OSC24_ARATH	Arabidopsis thaliana	plant	proteome	high	0.8717	711	include
osca_tmem63	F4IBD7__Aratha	sp|F4IBD7|OSC21_ARATH	Arabidopsis thaliana	plant	proteome	high	0.9006	746	include
mscs	F4IME1__Aratha	sp|F4IME1|MSL7_ARATH	Arabidopsis thaliana	plant	proteome	high	0.8861	849	include
mscs	F4IME2__Aratha	sp|F4IME2|MSL8_ARATH	Arabidopsis thaliana	plant	proteome	high	0.8703	908	include
piezo	F4IN58__Aratha	sp|F4IN58|PIEZO_ARATH	Arabidopsis thaliana	plant	proteome	medium	0.4043		profile_medium
osca_tmem63	F4JCY2__Aratha	sp|F4JCY2|OSC25_ARATH	Arabidopsis thaliana	plant	proteome	high	0.8805	712	include
lrrc8	F4K4T3__Aratha	sp|F4K4T3|RLP56_ARATH	Arabidopsis thaliana	plant	proteome	medium	0.3051		profile_medium
p2x	F8W463__Danrer	sp|F8W463|P2X4A_DANRE	Danio rerio	vertebrate	proteome	high	0.88	389	include
k2p	G3V8R8__Ratnor	sp|G3V8R8|KCNK6_RAT	Rattus norvegicus	vertebrate	proteome	high	0.7463	313	include
k2p	G3V8V5__Ratnor	sp|G3V8V5|KCNK4_RAT	Rattus norvegicus	vertebrate	proteome	high	0.7438	397	include
k2p	G5E845__Musmus	sp|G5E845|KCNKG_MOUSE	Mus musculus	vertebrate	proteome	high	0.6692	292	include
plgic_invertebrate	G5EBR3__Caeele	sp|G5EBR3|GLUCL_CAEEL	Caenorhabditis elegans	invertebrate	proteome	high	0.9839	461	include
gabaa	G5ECJ0__Caeele	sp|G5ECJ0|GBR1_CAEEL	Caenorhabditis elegans	invertebrate	proteome	medium	0.8947		profile_medium
nachr	G5ECT0__Caeele	sp|G5ECT0|PBO5_CAEEL	Caenorhabditis elegans	invertebrate	proteome	high	0.8737	509	include
gabaa	G5EDN0__Caeele	sp|G5EDN0|ACC3_CAEEL	Caenorhabditis elegans	invertebrate	proteome	medium	0.932		profile_medium
kv_shaker	G5EFC3__Caeele	sp|G5EFC3|KCNAG_CAEEL	Caenorhabditis elegans	invertebrate	proteome	medium	0.8424		profile_medium
kv_eag	G5EFJ9__Caeele	sp|G5EFJ9|UN103_CAEEL	Caenorhabditis elegans	invertebrate	proteome	high	0.7059	829	include
nachr	G5EG88__Caeele	sp|G5EG88|ACH23_CAEEL	Caenorhabditis elegans	invertebrate	proteome	high	0.9586	545	include
enac	H9GBX2__Anocar	sp|H9GBX2|SCNNA_ANOCA	Anolis carolinensis	vertebrate	proteome	high	0.8775	636	include
calhm	J3QMI4__Musmus	sp|J3QMI4|CAHM3_MOUSE	Mus musculus	vertebrate	proteome	high	0.9241	347	include
trpm	J9SQF3__Musmus	sp|J9SQF3|TRPM3_MOUSE	Mus musculus	vertebrate	proteome	high	0.8884	1732	include
piezo	M9MSG8__Dromel	sp|M9MSG8|PIEZO_DROME	Drosophila melanogaster	invertebrate	proteome	high	1.0	2551	include
k2p	O00180__Homsap	sp|O00180|KCNK1_HUMAN	Homo sapiens	vertebrate	proteome	high	0.7786	336	include
cav	O00555__Homsap	sp|O00555|CAC1A_HUMAN	Homo sapiens	vertebrate	proteome	high	0.9651	2506	include
gabaa	O00591__Homsap	sp|O00591|GBRP_HUMAN	Homo sapiens	vertebrate	proteome	high	0.943	440	include
innexin	O01393__Caeele	sp|O01393|UNC9_CAEEL	Caenorhabditis elegans	invertebrate	proteome	high	0.7473	386	include
innexin	O01634__Caeele	sp|O01634|INX12_CAEEL	Caenorhabditis elegans	invertebrate	proteome	high	0.7179	408	include
deg_invertebrate	O01635__Caeele	sp|O01635|ASIC1_CAEEL	Caenorhabditis elegans	invertebrate	proteome	high	0.6481	823	include
iglur_nonvertebrate	O04660__Aratha	sp|O04660|GLR21_ARATH	Arabidopsis thaliana	plant	proteome	high	0.6555	901	include
mscs	O07594__Bacsub	sp|O07594|YHDY_BACSU	Bacillus subtilis	prokaryote	proteome	high	0.8006	371	include
nav	O08562__Ratnor	sp|O08562|SCN9A_RAT	Rattus norvegicus	vertebrate	proteome	high	0.9961	1984	include
k2p	O08581__Musmus	sp|O08581|KCNK1_MOUSE	Mus musculus	vertebrate	proteome	high	0.7861	336	include
kv_eag	O08962__Ratnor	sp|O08962|KCNH2_RAT	Rattus norvegicus	vertebrate	proteome	high	0.997	1163	include
gabaa	O09028__Ratnor	sp|O09028|GBRP_RAT	Rattus norvegicus	vertebrate	proteome	high	0.9496	440	include
vdac	O13656__Schpom	sp|O13656|TOM40_SCHPO	Schizosaccharomyces pombe	fungi	proteome	high	0.9928	344	include
mscs	O14050__Schpom	sp|O14050|MSY2_SCHPO	Schizosaccharomyces pombe	fungi	proteome	high	0.5665	840	include
cav	O14234__Schpom	sp|O14234|CCH1_SCHPO	Schizosaccharomyces pombe	fungi	proteome	medium	0.6353		profile_medium
k2p	O14649__Homsap	sp|O14649|KCNK3_HUMAN	Homo sapiens	vertebrate	proteome	high	0.8507	394	include
gabaa	O14764__Homsap	sp|O14764|GBRD_HUMAN	Homo sapiens	vertebrate	proteome	high	0.9123	452	include
nmda	O15399__Homsap	sp|O15399|NMDE4_HUMAN	Homo sapiens	vertebrate	proteome	high	0.9957	1336	include
p2x	O15547__Homsap	sp|O15547|P2RX6_HUMAN	Homo sapiens	vertebrate	proteome	high	0.9929	441	include
kca_sk	O15554__Homsap	sp|O15554|KCNN4_HUMAN	Homo sapiens	vertebrate	proteome	high	0.6656	427	include
nachr	O16926__Caeele	sp|O16926|ACH15_CAEEL	Caenorhabditis elegans	invertebrate	proteome	high	0.9607	479	include
k2p	O17185__Caeele	sp|O17185|SUP9_CAEEL	Caenorhabditis elegans	invertebrate	proteome	high	0.7139	329	include
gabaa	O18276__Caeele	sp|O18276|GBRB_CAEEL	Caenorhabditis elegans	invertebrate	proteome	medium	0.9518		profile_medium
bestrophin	O18303__Caeele	sp|O18303|BST25_CAEEL	Caenorhabditis elegans	invertebrate	proteome	high	0.9658	602	include
bestrophin	O18304__Caeele	sp|O18304|BST26_CAEEL	Caenorhabditis elegans	invertebrate	proteome	high	0.7343	411	include
kcsa_prok	O27564__Metthe	sp|O27564|MTHK_METTH	Methanothermobacter thermautotrophicus	prokaryote	proteome	high	0.9732	336	include
mscs	O34897__Bacsub	sp|O34897|YKUT_BACSU	Bacillus subtilis	prokaryote	proteome	high	0.7658	267	include
mscs	O35043__Bacsub	sp|O35043|YFKC_BACSU	Bacillus subtilis	prokaryote	proteome	high	0.7627	280	include
k2p	O35111__Musmus	sp|O35111|KCNK3_MOUSE	Mus musculus	vertebrate	proteome	high	0.8507	409	include
trpc	O35119__Ratnor	sp|O35119|TRPC4_RAT	Rattus norvegicus	vertebrate	proteome	high	0.9722	977	include
kv_modifier	O35173__Musmus	sp|O35173|KCNS1_MOUSE	Mus musculus	vertebrate	proteome	high	0.962	497	include
kv_modifier	O35174__Musmus	sp|O35174|KCNS2_MOUSE	Mus musculus	vertebrate	proteome	high	0.9536	477	include
kv_eag	O35219__Musmus	sp|O35219|KCNH2_MOUSE	Mus musculus	vertebrate	proteome	high	0.997	1162	include
asic	O35240__Ratnor	sp|O35240|ASIC3_RAT	Rattus norvegicus	vertebrate	proteome	high	0.9674	533	include
trpp	O35245__Musmus	sp|O35245|PKD2_MOUSE	Mus musculus	vertebrate	proteome	high	0.9851	966	include
trpv	O35433__Ratnor	sp|O35433|TRPV1_RAT	Rattus norvegicus	vertebrate	proteome	high	0.9889	838	include
osca_tmem63	O43022__Schpom	sp|O43022|YGV8_SCHPO	Schizosaccharomyces pombe	fungi	proteome	high	0.9585	865	include
cav	O43497__Homsap	sp|O43497|CAC1G_HUMAN	Homo sapiens	vertebrate	proteome	high	0.9697	2377	include
kv_kcnq	O43525__Homsap	sp|O43525|KCNQ3_HUMAN	Homo sapiens	vertebrate	proteome	high	0.9955	872	include
kv_kcnq	O43526__Homsap	sp|O43526|KCNQ2_HUMAN	Homo sapiens	vertebrate	proteome	high	0.8964	872	include
bestrophin	O45363__Caeele	sp|O45363|BST12_CAEEL	Caenorhabditis elegans	invertebrate	proteome	high	0.6755	434	include
bestrophin	O45435__Caeele	sp|O45435|BST13_CAEEL	Caenorhabditis elegans	invertebrate	proteome	high	0.63	413	include
p2x	O54803__Musmus	sp|O54803|P2RX6_MOUSE	Mus musculus	vertebrate	proteome	high	0.8941	389	include
connexin	O54851__Musmus	sp|O54851|CXD2_MOUSE	Mus musculus	vertebrate	proteome	high	0.7653	321	include
kv_eag	O54852__Ratnor	sp|O54852|KCNH7_RAT	Rattus norvegicus	vertebrate	proteome	high	0.998	1195	include
kv_eag	O54853__Ratnor	sp|O54853|KCNH6_RAT	Rattus norvegicus	vertebrate	proteome	high	0.8445	950	include
cav	O54898__Ratnor	sp|O54898|CAC1G_RAT	Rattus norvegicus	vertebrate	proteome	high	0.9697	2254	include
k2p	O54912__Ratnor	sp|O54912|KCNK3_RAT	Rattus norvegicus	vertebrate	proteome	high	0.8507	411	include
kca_slo	O54982__Musmus	sp|O54982|KCNU1_MOUSE	Mus musculus	vertebrate	proteome	high	0.981	1121	include
cav	O55017__Musmus	sp|O55017|CAC1B_MOUSE	Mus musculus	vertebrate	proteome	high	1.0	2327	include
connexin	O57474__Danrer	sp|O57474|CXA1_DANRE	Danio rerio	vertebrate	proteome	high	0.9968	381	include
nmda	O60391__Homsap	sp|O60391|NMD3B_HUMAN	Homo sapiens	vertebrate	proteome	high	0.8005	1043	include
hcn	O60741__Homsap	sp|O60741|HCN1_HUMAN	Homo sapiens	vertebrate	proteome	high	0.8671	890	include
cav	O60840__Homsap	sp|O60840|CAC1F_HUMAN	Homo sapiens	vertebrate	proteome	high	0.9543	1977	include
kir	O60928__Homsap	sp|O60928|KCJ13_HUMAN	Homo sapiens	vertebrate	proteome	high	0.8166	360	include
asic	O61365__Dromel	sp|O61365|NACH_DROME	Drosophila melanogaster	invertebrate	proteome	medium	0.856		profile_medium
innexin	O61715__Caeele	sp|O61715|INX19_CAEEL	Caenorhabditis elegans	invertebrate	proteome	high	0.7271	454	include
innexin	O61787__Caeele	sp|O61787|INX16_CAEEL	Caenorhabditis elegans	invertebrate	proteome	high	0.7015	372	include
innexin	O61788__Caeele	sp|O61788|INX17_CAEEL	Caenorhabditis elegans	invertebrate	proteome	high	0.7161	362	include
innexin	O62136__Caeele	sp|O62136|INX14_CAEEL	Caenorhabditis elegans	invertebrate	proteome	high	0.7015	434	include
mcu	O64823__Aratha	sp|O64823|MCU3_ARATH	Arabidopsis thaliana	plant	proteome	medium	0.3188		profile_medium
cng	O65717__Aratha	sp|O65717|CNGC1_ARATH	Arabidopsis thaliana	plant	proteome	medium	0.4045		profile_medium
cng	O65718__Aratha	sp|O65718|CNGC2_ARATH	Arabidopsis thaliana	plant	proteome	medium	0.3027		profile_medium
nachr	O70174__Musmus	sp|O70174|ACHA4_MOUSE	Mus musculus	vertebrate	proteome	high	0.8903	629	include
hcn	O70507__Musmus	sp|O70507|HCN4_MOUSE	Mus musculus	vertebrate	proteome	high	1.0	1201	include
kir	O70596__Ratnor	sp|O70596|KCJ14_RAT	Rattus norvegicus	vertebrate	proteome	high	0.8949	434	include
connexin	O70610__Ratnor	sp|O70610|CXD2_RAT	Rattus norvegicus	vertebrate	proteome	high	0.7653	321	include
kir	O70617__Ratnor	sp|O70617|KCJ13_RAT	Rattus norvegicus	vertebrate	proteome	high	0.802	360	include
kv_modifier	O73606__Galgal	sp|O73606|KCNG2_CHICK	Gallus gallus	vertebrate	proteome	high	0.8966	518	include
cav	O73700__Galgal	sp|O73700|CAC1D_CHICK	Gallus gallus	vertebrate	proteome	high	0.9882	2190	include
mscs	O74839__Schpom	sp|O74839|MSY1_SCHPO	Schizosaccharomyces pombe	fungi	proteome	high	0.5158	1011	include
glyr	O75311__Homsap	sp|O75311|GLRA3_HUMAN	Homo sapiens	vertebrate	proteome	high	0.9892	464	include
connexin	O75712__Homsap	sp|O75712|CXB3_HUMAN	Homo sapiens	vertebrate	proteome	high	0.7878	270	include
trpa	O75762__Homsap	sp|O75762|TRPA1_HUMAN	Homo sapiens	vertebrate	proteome	high	1.0	1119	include
bestrophin	O76090__Homsap	sp|O76090|BEST1_HUMAN	Homo sapiens	vertebrate	proteome	high	0.9981	585	include
nachr	O76554__Caeele	sp|O76554|ACH4_CAEEL	Caenorhabditis elegans	invertebrate	proteome	high	0.9648	548	include
iglur_nonvertebrate	O81078__Aratha	sp|O81078|GLR29_ARATH	Arabidopsis thaliana	plant	proteome	high	0.67	940	include
iglur_nonvertebrate	O81776__Aratha	sp|O81776|GLR24_ARATH	Arabidopsis thaliana	plant	proteome	high	0.6018	896	include
kir	O88335__Musmus	sp|O88335|KCNJ1_MOUSE	Mus musculus	vertebrate	proteome	high	0.8704	372	include
nav	O88420__Ratnor	sp|O88420|SCN8A_RAT	Rattus norvegicus	vertebrate	proteome	high	0.9983	1978	include
cav	O88427__Musmus	sp|O88427|CAC1H_MOUSE	Mus musculus	vertebrate	proteome	high	0.753	2365	include
k2p	O88454__Musmus	sp|O88454|KCNK4_MOUSE	Mus musculus	vertebrate	proteome	high	0.7438	398	include
nav	O88457__Ratnor	sp|O88457|SCNBA_RAT	Rattus norvegicus	vertebrate	proteome	high	0.9552	1765	include
hcn	O88703__Musmus	sp|O88703|HCN2_MOUSE	Mus musculus	vertebrate	proteome	high	0.7918	863	include
hcn	O88704__Musmus	sp|O88704|HCN1_MOUSE	Mus musculus	vertebrate	proteome	high	0.8671	910	include
hcn	O88705__Musmus	sp|O88705|HCN3_MOUSE	Mus musculus	vertebrate	proteome	high	0.5718	779	include
kv_modifier	O88758__Ratnor	sp|O88758|KCNS1_RAT	Rattus norvegicus	vertebrate	proteome	high	0.962	497	include
kv_modifier	O88759__Ratnor	sp|O88759|KCNS3_RAT	Rattus norvegicus	vertebrate	proteome	high	0.9515	491	include
bestrophin	O88870__Musmus	sp|O88870|BEST1_MOUSE	Mus musculus	vertebrate	proteome	high	0.9981	551	include
kir	O88932__Musmus	sp|O88932|KCJ15_MOUSE	Mus musculus	vertebrate	proteome	high	0.8337	375	include
kv_kcnq	O88943__Ratnor	sp|O88943|KCNQ2_RAT	Rattus norvegicus	vertebrate	proteome	high	0.8964	852	include
kv_kcnq	O88944__Ratnor	sp|O88944|KCNQ3_RAT	Rattus norvegicus	vertebrate	proteome	high	0.9955	873	include
kv_eag	O89047__Ratnor	sp|O89047|KCNH3_RAT	Rattus norvegicus	vertebrate	proteome	high	0.999	1087	include
kca_sk	O89109__Musmus	sp|O89109|KCNN4_MOUSE	Mus musculus	vertebrate	proteome	high	0.664	425	include
glyr	O93430__Danrer	sp|O93430|GLRA1_DANRE	Danio rerio	vertebrate	proteome	high	0.9784	444	include
connexin	O93533__Galgal	sp|O93533|CXB6_CHICK	Gallus gallus	vertebrate	proteome	high	0.791	263	include
trpm	O94759__Homsap	sp|O94759|TRPM2_HUMAN	Homo sapiens	vertebrate	proteome	high	0.7921	1503	include
osca_tmem63	O94886__Homsap	sp|O94886|TM63A_HUMAN	Homo sapiens	vertebrate	proteome	high	0.9799	807	include
k2p	O95069__Homsap	sp|O95069|KCNK2_HUMAN	Homo sapiens	vertebrate	proteome	high	0.9229	426	include
cav	O95180__Homsap	sp|O95180|CAC1H_HUMAN	Homo sapiens	vertebrate	proteome	high	0.7535	2353	include
kv_eag	O95259__Homsap	sp|O95259|KCNH1_HUMAN	Homo sapiens	vertebrate	proteome	high	0.9113	989	include
ht3	O95264__Homsap	sp|O95264|5HT3B_HUMAN	Homo sapiens	vertebrate	proteome	high	0.9978	441	include
k2p	O95279__Homsap	sp|O95279|KCNK5_HUMAN	Homo sapiens	vertebrate	proteome	high	0.9726	499	include
connexin	O95377__Homsap	sp|O95377|CXB5_HUMAN	Homo sapiens	vertebrate	proteome	high	0.7878	273	include
connexin	O95452__Homsap	sp|O95452|CXB6_HUMAN	Homo sapiens	vertebrate	proteome	high	0.791	261	include
vdac	O96008__Homsap	sp|O96008|TOM40_HUMAN	Homo sapiens	vertebrate	proteome	high	0.9892	361	include
nachr	P02708__Homsap	sp|P02708|ACHA_HUMAN	Homo sapiens	vertebrate	proteome	high	0.9731	457	include
nachr	P02713__Galgal	sp|P02713|ACHG_CHICK	Gallus gallus	vertebrate	proteome	high	0.9979	514	include
nachr	P02716__Musmus	sp|P02716|ACHD_MOUSE	Mus musculus	vertebrate	proteome	high	0.9855	520	include
nachr	P02717__Galgal	sp|P02717|ACHD_CHICK	Gallus gallus	vertebrate	proteome	high	0.9793	513	include
nachr	P04755__Dromel	sp|P04755|ACH3_DROME	Drosophila melanogaster	invertebrate	proteome	high	0.9648	521	include
nachr	P04756__Musmus	sp|P04756|ACHA_MOUSE	Mus musculus	vertebrate	proteome	high	0.9089	457	include
nachr	P04757__Ratnor	sp|P04757|ACHA3_RAT	Rattus norvegicus	vertebrate	proteome	high	0.9752	499	include
nachr	P04760__Musmus	sp|P04760|ACHG_MOUSE	Mus musculus	vertebrate	proteome	high	0.9896	519	include
nav	P04774__Ratnor	sp|P04774|SCN1A_RAT	Rattus norvegicus	vertebrate	proteome	high	0.995	2009	include
nav	P04775__Ratnor	sp|P04775|SCN2A_RAT	Rattus norvegicus	vertebrate	proteome	high	0.9989	2005	include
vdac	P04840__Saccer	sp|P04840|VDAC1_YEAST	Saccharomyces cerevisiae	fungi	proteome	high	0.9892	283	include
viroporin	P05919__Humimm	sp|P05919|VPU_HV1H2	Human immunodeficiency virus type 1	virus	proteome	high	1.0	82	include
viroporin	P06821__InfA	sp|P06821|M2_I34A1	Influenza A virus	virus	proteome	high	0.9881	97	include
nachr	P07510__Homsap	sp|P07510|ACHG_HUMAN	Homo sapiens	vertebrate	proteome	high	0.9896	517	include
glyr	P07727__Ratnor	sp|P07727|GLRA1_RAT	Rattus norvegicus	vertebrate	proteome	high	0.9848	457	include
connexin	P08033__Ratnor	sp|P08033|CXB1_RAT	Rattus norvegicus	vertebrate	proteome	high	0.8842	283	include
connexin	P08034__Homsap	sp|P08034|CXB1_HUMAN	Homo sapiens	vertebrate	proteome	high	0.8842	283	include
connexin	P08050__Ratnor	sp|P08050|CXA1_RAT	Rattus norvegicus	vertebrate	proteome	high	0.9968	382	include
nav	P08104__Ratnor	sp|P08104|SCN3A_RAT	Rattus norvegicus	vertebrate	proteome	high	0.9994	1951	include
kv_shaker	P08510__Dromel	sp|P08510|KCNAS_DROME	Drosophila melanogaster	invertebrate	proteome	high	0.8587	655	include
nachr	P09478__Dromel	sp|P09478|ACH1_DROME	Drosophila melanogaster	invertebrate	proteome	high	0.9689	567	include
nachr	P09479__Galgal	sp|P09479|ACHA_CHICK	Gallus gallus	vertebrate	proteome	high	0.9089	456	include
nachr	P09480__Galgal	sp|P09480|ACHA2_CHICK	Gallus gallus	vertebrate	proteome	high	0.9689	528	include
nachr	P09481__Galgal	sp|P09481|ACHA3_CHICK	Gallus gallus	vertebrate	proteome	high	0.9814	496	include
nachr	P09482__Galgal	sp|P09482|ACHA4_CHICK	Gallus gallus	vertebrate	proteome	high	0.9689	622	include
nachr	P09483__Ratnor	sp|P09483|ACHA4_RAT	Rattus norvegicus	vertebrate	proteome	high	0.8861	630	include
nachr	P09484__Galgal	sp|P09484|ACHB2_CHICK	Gallus gallus	vertebrate	proteome	high	0.9793	491	include
nachr	P09660__Ratnor	sp|P09660|ACHE_RAT	Rattus norvegicus	vertebrate	proteome	high	0.9876	494	include
nachr	P09690__Musmus	sp|P09690|ACHB_MOUSE	Mus musculus	vertebrate	proteome	high	0.9814	501	include
mscl	P0A742__Esccol	sp|P0A742|MSCL_ECOLI	Escherichia coli	prokaryote	proteome	high	0.9924	136	include
mscs	P0AAT4__Esccol	sp|P0AAT4|YBDG_ECOLI	Escherichia coli	prokaryote	proteome	medium	0.4905		profile_medium
mscs	P0AEB5__Esccol	sp|P0AEB5|YNAI_ECOLI	Escherichia coli	prokaryote	proteome	high	0.7025	343	include
mscs	P0C0S1__Esccol	sp|P0C0S1|MSCS_ECOLI	Escherichia coli	prokaryote	proteome	high	0.9051	286	include
viroporin	P0DTC4__Sevacu	sp|P0DTC4|VEMP_SARS2	Severe acute respiratory syndrome coronavirus 2	virus	proteome	high	0.8095	75	include
kv_shaker	P10499__Ratnor	sp|P10499|KCNA1_RAT	Rattus norvegicus	vertebrate	proteome	high	0.8678	495	include
nachr	P11230__Homsap	sp|P11230|ACHB_HUMAN	Homo sapiens	vertebrate	proteome	high	0.9814	501	include
itpr	P11881__Musmus	sp|P11881|ITPR1_MOUSE	Mus musculus	vertebrate	proteome	high	0.9996	2749	include
nachr	P12389__Ratnor	sp|P12389|ACHA2_RAT	Rattus norvegicus	vertebrate	proteome	high	0.971	511	include
nachr	P12390__Ratnor	sp|P12390|ACHB2_RAT	Rattus norvegicus	vertebrate	proteome	high	0.9876	500	include
nachr	P12391__Ratnor	sp|P12391|ACHB3_RAT	Rattus norvegicus	vertebrate	proteome	high	0.9731	464	include
nachr	P12392__Ratnor	sp|P12392|ACHB4_RAT	Rattus norvegicus	vertebrate	proteome	high	0.9876	495	include
cftr	P13569__Homsap	sp|P13569|CFTR_HUMAN	Homo sapiens	vertebrate	proteome	high	1.0	1480	include
connexin	P14154__Galgal	sp|P14154|CXA1_CHICK	Gallus gallus	vertebrate	proteome	high	0.9968	381	include
gabaa	P14867__Homsap	sp|P14867|GBRA1_HUMAN	Homo sapiens	vertebrate	proteome	high	0.9781	456	include
kv_shaker	P15384__Ratnor	sp|P15384|KCNA3_RAT	Rattus norvegicus	vertebrate	proteome	high	0.8967	525	include
kv_shaker	P15385__Ratnor	sp|P15385|KCNA4_RAT	Rattus norvegicus	vertebrate	proteome	high	0.8641	655	include
kv_shaker	P15387__Ratnor	sp|P15387|KCNB1_RAT	Rattus norvegicus	vertebrate	proteome	medium	0.8406		profile_medium
kv_shaker	P15388__Musmus	sp|P15388|KCNC1_MOUSE	Mus musculus	vertebrate	proteome	high	0.8062	511	include
nav	P15389__Ratnor	sp|P15389|SCN5A_RAT	Rattus norvegicus	vertebrate	proteome	high	0.9955	2019	include
nav	P15390__Ratnor	sp|P15390|SCN4A_RAT	Rattus norvegicus	vertebrate	proteome	high	0.9793	1840	include
gabaa	P15431__Ratnor	sp|P15431|GBRB1_RAT	Rattus norvegicus	vertebrate	proteome	high	0.9781	474	include
gabaa	P16305__Musmus	sp|P16305|GBRA6_MOUSE	Mus musculus	vertebrate	proteome	high	0.9737	453	include
kv_shaker	P16388__Musmus	sp|P16388|KCNA1_MOUSE	Mus musculus	vertebrate	proteome	high	0.875	495	include
kv_shaker	P16389__Homsap	sp|P16389|KCNA2_HUMAN	Homo sapiens	vertebrate	proteome	high	0.8659	499	include
kv_shaker	P16390__Musmus	sp|P16390|KCNA3_MOUSE	Mus musculus	vertebrate	proteome	high	0.8967	528	include
connexin	P17302__Homsap	sp|P17302|CXA1_HUMAN	Homo sapiens	vertebrate	proteome	high	0.9968	382	include
nachr	P17644__Dromel	sp|P17644|ACH2_DROME	Drosophila melanogaster	invertebrate	proteome	high	0.971	576	include
kv_shaker	P17658__Homsap	sp|P17658|KCNA6_HUMAN	Homo sapiens	vertebrate	proteome	high	0.7663	529	include
kv_shaker	P17659__Ratnor	sp|P17659|KCNA6_RAT	Rattus norvegicus	vertebrate	proteome	high	0.7572	530	include
nachr	P17787__Homsap	sp|P17787|ACHB2_HUMAN	Homo sapiens	vertebrate	proteome	high	0.9876	502	include
kv_shaker	P17970__Dromel	sp|P17970|KCNAB_DROME	Drosophila melanogaster	invertebrate	proteome	medium	0.9022		profile_medium
kv_shaker	P17971__Dromel	sp|P17971|KCNAL_DROME	Drosophila melanogaster	invertebrate	proteome	high	0.8243	571	include
kv_shaker	P17972__Dromel	sp|P17972|KCNAW_DROME	Drosophila melanogaster	invertebrate	proteome	high	0.7428	498	include
gabaa	P18505__Homsap	sp|P18505|GBRB1_HUMAN	Homo sapiens	vertebrate	proteome	high	0.9781	474	include
gabaa	P18506__Ratnor	sp|P18506|GBRD_RAT	Rattus norvegicus	vertebrate	proteome	high	0.9123	449	include
gabaa	P18507__Homsap	sp|P18507|GBRG2_HUMAN	Homo sapiens	vertebrate	proteome	high	0.9671	475	include
gabaa	P18508__Ratnor	sp|P18508|GBRG2_RAT	Rattus norvegicus	vertebrate	proteome	high	0.9715	466	include
connexin	P18860__Galgal	sp|P18860|CXA5_CHICK	Gallus gallus	vertebrate	proteome	high	0.9936	369	include
connexin	P18861__Galgal	sp|P18861|CXG1_CHICK	Gallus gallus	vertebrate	proteome	high	0.9743	394	include
nachr	P18916__Ratnor	sp|P18916|ACHG_RAT	Rattus norvegicus	vertebrate	proteome	high	0.9855	519	include
gabaa	P19019__Galgal	sp|P19019|GBRB3_CHICK	Gallus gallus	vertebrate	proteome	high	0.9737	476	include
kv_shaker	P19024__Ratnor	sp|P19024|KCNA5_RAT	Rattus norvegicus	vertebrate	proteome	high	0.8533	602	include
gabaa	P19150__Galgal	sp|P19150|GBRA1_CHICK	Gallus gallus	vertebrate	proteome	high	0.9759	455	include
trpc	P19334__Dromel	sp|P19334|TRP_DROME	Drosophila melanogaster	invertebrate	proteome	high	0.9822	1275	include
kainate	P19439__Galgal	sp|P19439|GLRK_CHICK	Gallus gallus	vertebrate	proteome	medium	0.4885		profile_medium
ampa	P19490__Ratnor	sp|P19490|GRIA1_RAT	Rattus norvegicus	vertebrate	proteome	high	0.99	907	include
ampa	P19491__Ratnor	sp|P19491|GRIA2_RAT	Rattus norvegicus	vertebrate	proteome	high	1.0	883	include
ampa	P19492__Ratnor	sp|P19492|GRIA3_RAT	Rattus norvegicus	vertebrate	proteome	high	0.9989	888	include
ampa	P19493__Ratnor	sp|P19493|GRIA4_RAT	Rattus norvegicus	vertebrate	proteome	high	0.9989	902	include
gabaa	P19969__Ratnor	sp|P19969|GBRA5_RAT	Rattus norvegicus	vertebrate	proteome	high	0.9759	464	include
gabaa	P20236__Ratnor	sp|P20236|GBRA3_RAT	Rattus norvegicus	vertebrate	proteome	high	0.943	493	include
nachr	P20420__Ratnor	sp|P20420|ACHA5_RAT	Rattus norvegicus	vertebrate	proteome	high	0.8489	452	include
glyr	P20781__Ratnor	sp|P20781|GLRB_RAT	Rattus norvegicus	vertebrate	proteome	high	0.9784	496	include
nachr	P20782__Musmus	sp|P20782|ACHE_MOUSE	Mus musculus	vertebrate	proteome	high	0.9855	493	include
gabaa	P21548__Galgal	sp|P21548|GBRG2_CHICK	Gallus gallus	vertebrate	proteome	high	0.9846	474	include
vdac	P21796__Homsap	sp|P21796|VDAC1_HUMAN	Homo sapiens	vertebrate	proteome	high	0.9964	283	include
ryr	P21817__Homsap	sp|P21817|RYR1_HUMAN	Homo sapiens	vertebrate	proteome	high	0.9998	5038	include
connexin	P21994__Ratnor	sp|P21994|CXB2_RAT	Rattus norvegicus	vertebrate	proteome	high	0.7363	226	include
kv_shaker	P22001__Homsap	sp|P22001|KCNA3_HUMAN	Homo sapiens	vertebrate	proteome	high	0.8967	575	include
cav	P22002__Ratnor	sp|P22002|CAC1C_RAT	Rattus norvegicus	vertebrate	proteome	high	0.9769	2169	include
kv_shaker	P22459__Homsap	sp|P22459|KCNA4_HUMAN	Homo sapiens	vertebrate	proteome	high	0.8659	653	include
kv_shaker	P22460__Homsap	sp|P22460|KCNA5_HUMAN	Homo sapiens	vertebrate	proteome	high	0.8514	613	include
kv_shaker	P22462__Ratnor	sp|P22462|KCNC2_RAT	Rattus norvegicus	vertebrate	proteome	high	0.9094	638	include
gabaa	P22723__Musmus	sp|P22723|GBRG2_MOUSE	Mus musculus	vertebrate	proteome	high	0.9715	474	include
kainate	P22756__Ratnor	sp|P22756|GRIK1_RAT	Rattus norvegicus	vertebrate	proteome	high	0.9594	949	include
nachr	P22770__Galgal	sp|P22770|ACHA7_CHICK	Gallus gallus	vertebrate	proteome	high	0.9772	502	include
glyr	P22771__Ratnor	sp|P22771|GLRA2_RAT	Rattus norvegicus	vertebrate	proteome	high	1.0	452	include
gabaa	P22933__Musmus	sp|P22933|GBRD_MOUSE	Mus musculus	vertebrate	proteome	high	0.9123	449	include
connexin	P23242__Musmus	sp|P23242|CXA1_MOUSE	Mus musculus	vertebrate	proteome	high	0.9968	382	include
glyr	P23415__Homsap	sp|P23415|GLRA1_HUMAN	Homo sapiens	vertebrate	proteome	high	0.9848	457	include
glyr	P23416__Homsap	sp|P23416|GLRA2_HUMAN	Homo sapiens	vertebrate	proteome	high	1.0	452	include
gabaa	P23574__Ratnor	sp|P23574|GBRG1_RAT	Rattus norvegicus	vertebrate	proteome	high	0.9518	465	include
gabaa	P23576__Ratnor	sp|P23576|GBRA2_RAT	Rattus norvegicus	vertebrate	proteome	high	0.9803	451	include
vdac	P23644__Saccer	sp|P23644|TOM40_YEAST	Saccharomyces cerevisiae	fungi	proteome	high	0.9928	387	include
ampa	P23818__Musmus	sp|P23818|GRIA1_MOUSE	Mus musculus	vertebrate	proteome	high	0.99	907	include
ampa	P23819__Musmus	sp|P23819|GRIA2_MOUSE	Mus musculus	vertebrate	proteome	high	1.0	883	include
ht3	P23979__Musmus	sp|P23979|5HT3A_MOUSE	Mus musculus	vertebrate	proteome	high	0.9868	489	include
gabaa	P24045__Galgal	sp|P24045|GBRB4_CHICK	Gallus gallus	vertebrate	proteome	high	0.9518	488	include
gabaa	P24046__Homsap	sp|P24046|GBRR1_HUMAN	Homo sapiens	vertebrate	proteome	high	0.9276	479	include
glyr	P24524__Ratnor	sp|P24524|GLRA3_RAT	Rattus norvegicus	vertebrate	proteome	high	0.9892	464	include
deg_invertebrate	P24585__Caeele	sp|P24585|DEG1_CAEEL	Caenorhabditis elegans	invertebrate	proteome	high	0.7517	778	include
deg_invertebrate	P24612__Caeele	sp|P24612|MEC4_CAEEL	Caenorhabditis elegans	invertebrate	proteome	high	0.8987	768	include
nachr	P25108__Ratnor	sp|P25108|ACHA_RAT	Rattus norvegicus	vertebrate	proteome	high	0.9772	457	include
nachr	P25109__Ratnor	sp|P25109|ACHB_RAT	Rattus norvegicus	vertebrate	proteome	high	0.9814	501	include
nachr	P25110__Ratnor	sp|P25110|ACHD_RAT	Rattus norvegicus	vertebrate	proteome	high	0.9896	517	include
kv_shaker	P25122__Ratnor	sp|P25122|KCNC1_RAT	Rattus norvegicus	vertebrate	proteome	high	0.8152	585	include
gabaa	P25123__Dromel	sp|P25123|GBRB_DROME	Drosophila melanogaster	invertebrate	proteome	medium	0.7917		profile_medium
nachr	P25162__Dromel	sp|P25162|ACH4_DROME	Drosophila melanogaster	invertebrate	proteome	high	0.9482	519	include
connexin	P25305__Ratnor	sp|P25305|CXB3_RAT	Rattus norvegicus	vertebrate	proteome	high	0.7878	270	include
gabaa	P26048__Musmus	sp|P26048|GBRA2_MOUSE	Mus musculus	vertebrate	proteome	high	0.9803	451	include
gabaa	P26049__Musmus	sp|P26049|GBRA3_MOUSE	Mus musculus	vertebrate	proteome	high	0.9496	492	include
nachr	P26152__Galgal	sp|P26152|ACHA5_CHICK	Gallus gallus	vertebrate	proteome	high	0.853	454	include
nachr	P26153__Galgal	sp|P26153|ACHB4_CHICK	Gallus gallus	vertebrate	proteome	high	0.9462	470	include
cftr	P26361__Musmus	sp|P26361|CFTR_MOUSE	Mus musculus	vertebrate	proteome	high	1.0	1476	include
gabaa	P27681__Musmus	sp|P27681|GBRG3_MOUSE	Mus musculus	vertebrate	proteome	high	0.9693	467	include
innexin	P27716__Dromel	sp|P27716|INX1_DROME	Drosophila melanogaster	invertebrate	proteome	high	0.7234	362	include
cav	P27732__Ratnor	sp|P27732|CAC1D_RAT	Rattus norvegicus	vertebrate	proteome	high	0.9908	2203	include
connexin	P28229__Musmus	sp|P28229|CXG1_MOUSE	Mus musculus	vertebrate	proteome	high	0.9807	396	duplicate_of:A4GG66__Ratnor
connexin	P28230__Musmus	sp|P28230|CXB1_MOUSE	Mus musculus	vertebrate	proteome	high	0.8842	283	duplicate_of:P08033__Ratnor
connexin	P28231__Musmus	sp|P28231|CXB3_MOUSE	Mus musculus	vertebrate	proteome	high	0.791	270	include
connexin	P28232__Ratnor	sp|P28232|CXB5_RAT	Rattus norvegicus	vertebrate	proteome	high	0.7814	271	include
connexin	P28233__Ratnor	sp|P28233|CXA6_RAT	Rattus norvegicus	vertebrate	proteome	high	0.7685	286	include
connexin	P28234__Ratnor	sp|P28234|CXA5_RAT	Rattus norvegicus	vertebrate	proteome	high	0.9871	356	include
connexin	P28235__Musmus	sp|P28235|CXA4_MOUSE	Mus musculus	vertebrate	proteome	high	0.9743	333	include
connexin	P28236__Musmus	sp|P28236|CXA8_MOUSE	Mus musculus	vertebrate	proteome	high	0.9936	440	include
gabaa	P28471__Ratnor	sp|P28471|GBRA4_RAT	Rattus norvegicus	vertebrate	proteome	high	0.9825	552	include
gabaa	P28472__Homsap	sp|P28472|GBRB3_HUMAN	Homo sapiens	vertebrate	proteome	high	0.9737	473	include
gabaa	P28473__Ratnor	sp|P28473|GBRG3_RAT	Rattus norvegicus	vertebrate	proteome	high	0.9693	467	include
gabaa	P28476__Homsap	sp|P28476|GBRR2_HUMAN	Homo sapiens	vertebrate	proteome	high	0.9803	465	include
connexin	P29033__Homsap	sp|P29033|CXB2_HUMAN	Homo sapiens	vertebrate	proteome	high	0.7363	226	include
connexin	P29414__Ratnor	sp|P29414|CXA3_RAT	Rattus norvegicus	vertebrate	proteome	high	0.9164	416	include
connexin	P29415__Galgal	sp|P29415|CXA3_CHICK	Gallus gallus	vertebrate	proteome	high	0.9968	511	include
cng	P29973__Homsap	sp|P29973|CNGA1_HUMAN	Homo sapiens	vertebrate	proteome	high	0.9491	686	include
cng	P29974__Musmus	sp|P29974|CNGA1_MOUSE	Mus musculus	vertebrate	proteome	high	0.9519	684	include
itpr	P29993__Dromel	sp|P29993|ITPR_DROME	Drosophila melanogaster	invertebrate	proteome	high	0.9952	2837	include
itpr	P29994__Ratnor	sp|P29994|ITPR1_RAT	Rattus norvegicus	vertebrate	proteome	high	0.9996	2750	include
itpr	P29995__Ratnor	sp|P29995|ITPR2_RAT	Rattus norvegicus	vertebrate	proteome	high	0.9996	2701	include
gabaa	P30191__Ratnor	sp|P30191|GBRA6_RAT	Rattus norvegicus	vertebrate	proteome	high	0.9671	453	include
nachr	P30532__Homsap	sp|P30532|ACHA5_HUMAN	Homo sapiens	vertebrate	proteome	high	0.8654	468	include
nachr	P30926__Homsap	sp|P30926|ACHB4_HUMAN	Homo sapiens	vertebrate	proteome	high	0.9938	498	include
gabaa	P31644__Homsap	sp|P31644|GBRA5_HUMAN	Homo sapiens	vertebrate	proteome	high	0.9803	462	include
nachr	P32297__Homsap	sp|P32297|ACHA3_HUMAN	Homo sapiens	vertebrate	proteome	high	0.9793	505	include
innexin	P33085__Dromel	sp|P33085|SHAKB_DROME	Drosophila melanogaster	invertebrate	proteome	high	0.7125	372	include
cftr	P34158__Ratnor	sp|P34158|CFTR_RAT	Rattus norvegicus	vertebrate	proteome	high	1.0	1476	include
nachr	P34271__Caeele	sp|P34271|CUP4_CAEEL	Caenorhabditis elegans	invertebrate	proteome	high	0.5901	433	include
bestrophin	P34319__Caeele	sp|P34319|BEST5_CAEEL	Caenorhabditis elegans	invertebrate	proteome	high	0.6888	453	include
k2p	P34410__Caeele	sp|P34410|TWK7_CAEEL	Caenorhabditis elegans	invertebrate	proteome	high	0.6418	557	include
bestrophin	P34577__Caeele	sp|P34577|BST18_CAEEL	Caenorhabditis elegans	invertebrate	proteome	high	0.7192	456	include
trpc	P34586__Caeele	sp|P34586|TRPL_CAEEL	Caenorhabditis elegans	invertebrate	proteome	high	0.9989	1027	include
bestrophin	P34672__Caeele	sp|P34672|BST24_CAEEL	Caenorhabditis elegans	invertebrate	proteome	high	0.74	632	include
deg_invertebrate	P34886__Caeele	sp|P34886|MEC10_CAEEL	Caenorhabditis elegans	invertebrate	proteome	high	0.7862	724	include
gabaa	P34903__Homsap	sp|P34903|GBRA3_HUMAN	Homo sapiens	vertebrate	proteome	high	0.943	492	include
gabaa	P34904__Galgal	sp|P34904|GBRG4_CHICK	Gallus gallus	vertebrate	proteome	high	0.9518	457	include
connexin	P35212__Homsap	sp|P35212|CXA4_HUMAN	Homo sapiens	vertebrate	proteome	high	0.9743	333	include
nmda	P35436__Musmus	sp|P35436|NMDE1_MOUSE	Mus musculus	vertebrate	proteome	high	1.0	1464	include
nmda	P35438__Musmus	sp|P35438|NMDZ1_MOUSE	Mus musculus	vertebrate	proteome	high	0.7988	938	include
nmda	P35439__Ratnor	sp|P35439|NMDZ1_RAT	Rattus norvegicus	vertebrate	proteome	high	0.7988	938	include
nav	P35498__Homsap	sp|P35498|SCN1A_HUMAN	Homo sapiens	vertebrate	proteome	high	0.995	2009	include
nav	P35499__Homsap	sp|P35499|SCN4A_HUMAN	Homo sapiens	vertebrate	proteome	high	0.9759	1836	include
nav	P35500__Dromel	sp|P35500|SCNA_DROME	Drosophila melanogaster	invertebrate	proteome	high	0.9725	2131	include
clc_channel	P35523__Homsap	sp|P35523|CLCN1_HUMAN	Homo sapiens	vertebrate	proteome	high	0.9864	988	include
clc_channel	P35524__Ratnor	sp|P35524|CLCN1_RAT	Rattus norvegicus	vertebrate	proteome	high	0.9841	994	include
clc_channel	P35525__Ratnor	sp|P35525|CLCN2_RAT	Rattus norvegicus	vertebrate	proteome	high	0.9932	907	include
kir	P35560__Ratnor	sp|P35560|KCNJ1_RAT	Rattus norvegicus	vertebrate	proteome	high	0.8778	391	include
kir	P35561__Musmus	sp|P35561|KCNJ2_MOUSE	Mus musculus	vertebrate	proteome	high	0.9878	428	include
ht3	P35563__Ratnor	sp|P35563|5HT3A_RAT	Rattus norvegicus	vertebrate	proteome	high	0.9823	483	include
connexin	P36380__Ratnor	sp|P36380|CXB4_RAT	Rattus norvegicus	vertebrate	proteome	high	0.7717	265	include
connexin	P36381__Galgal	sp|P36381|CXA8_CHICK	Gallus gallus	vertebrate	proteome	high	0.9936	400	include
connexin	P36382__Homsap	sp|P36382|CXA5_HUMAN	Homo sapiens	vertebrate	proteome	high	0.9871	358	include
connexin	P36383__Homsap	sp|P36383|CXG1_HUMAN	Homo sapiens	vertebrate	proteome	high	0.9743	396	include
nachr	P36544__Homsap	sp|P36544|ACHA7_HUMAN	Homo sapiens	vertebrate	proteome	high	0.9876	502	include
enac	P37088__Homsap	sp|P37088|SCNNA_HUMAN	Homo sapiens	vertebrate	proteome	high	0.9721	669	include
enac	P37089__Ratnor	sp|P37089|SCNNA_RAT	Rattus norvegicus	vertebrate	proteome	high	0.9659	698	include
enac	P37090__Ratnor	sp|P37090|SCNNB_RAT	Rattus norvegicus	vertebrate	proteome	high	0.9984	638	include
enac	P37091__Ratnor	sp|P37091|SCNNG_RAT	Rattus norvegicus	vertebrate	proteome	high	0.9767	650	include
kainate	P39086__Homsap	sp|P39086|GRIK1_HUMAN	Homo sapiens	vertebrate	proteome	high	0.9956	918	include
kainate	P39087__Musmus	sp|P39087|GRIK2_MOUSE	Mus musculus	vertebrate	proteome	high	0.9923	908	include
mscs	P39285__Esccol	sp|P39285|MSCM_ECOLI	Escherichia coli	prokaryote	proteome	high	0.7911	1107	include
k2p	P40310__Saccer	sp|P40310|TOK1_YEAST	Saccharomyces cerevisiae	fungi	proteome	medium	0.4925		profile_medium
vdac	P40478__Saccer	sp|P40478|VDAC2_YEAST	Saccharomyces cerevisiae	fungi	proteome	high	0.9712	281	include
gabaa	P41849__Caeele	sp|P41849|LGC50_CAEEL	Caenorhabditis elegans	invertebrate	proteome	medium	0.9693		profile_medium
kainate	P42260__Ratnor	sp|P42260|GRIK2_RAT	Rattus norvegicus	vertebrate	proteome	high	0.9923	908	include
ampa	P42261__Homsap	sp|P42261|GRIA1_HUMAN	Homo sapiens	vertebrate	proteome	high	0.9933	906	include
ampa	P42262__Homsap	sp|P42262|GRIA2_HUMAN	Homo sapiens	vertebrate	proteome	high	1.0	883	include
ampa	P42263__Homsap	sp|P42263|GRIA3_HUMAN	Homo sapiens	vertebrate	proteome	high	0.9989	894	include
kainate	P42264__Ratnor	sp|P42264|GRIK3_RAT	Rattus norvegicus	vertebrate	proteome	high	0.9989	919	include
nachr	P43143__Ratnor	sp|P43143|ACHA6_RAT	Rattus norvegicus	vertebrate	proteome	high	0.9731	493	include
nachr	P43144__Ratnor	sp|P43144|ACHA9_RAT	Rattus norvegicus	vertebrate	proteome	high	0.9669	479	include
nachr	P43679__Galgal	sp|P43679|ACHB3_CHICK	Gallus gallus	vertebrate	proteome	high	0.9648	455	include
nachr	P43681__Homsap	sp|P43681|ACHA4_HUMAN	Homo sapiens	vertebrate	proteome	high	0.9482	627	include
vdac	P45880__Homsap	sp|P45880|VDAC2_HUMAN	Homo sapiens	vertebrate	proteome	high	1.0	294	include
nachr	P45963__Caeele	sp|P45963|ACR7_CAEEL	Caenorhabditis elegans	invertebrate	proteome	high	0.9482	538	include
ht3	P46098__Homsap	sp|P46098|5HT3A_HUMAN	Homo sapiens	vertebrate	proteome	high	0.9978	478	include
gabaa	P47742__Ratnor	sp|P47742|GBRR2_RAT	Rattus norvegicus	vertebrate	proteome	high	0.9759	465	include
p2x	P47824__Ratnor	sp|P47824|P2RX1_RAT	Rattus norvegicus	vertebrate	proteome	high	0.9435	399	include
gabaa	P47869__Homsap	sp|P47869|GBRA2_HUMAN	Homo sapiens	vertebrate	proteome	high	0.989	451	include
gabaa	P47870__Homsap	sp|P47870|GBRB2_HUMAN	Homo sapiens	vertebrate	proteome	high	0.9671	512	include
kir	P48048__Homsap	sp|P48048|KCNJ1_HUMAN	Homo sapiens	vertebrate	proteome	high	0.9144	391	include
kir	P48050__Homsap	sp|P48050|KCNJ4_HUMAN	Homo sapiens	vertebrate	proteome	high	0.8998	445	include
kir	P48051__Homsap	sp|P48051|KCNJ6_HUMAN	Homo sapiens	vertebrate	proteome	high	0.956	423	include
ampa	P48058__Homsap	sp|P48058|GRIA4_HUMAN	Homo sapiens	vertebrate	proteome	high	0.9989	902	include
connexin	P48165__Homsap	sp|P48165|CXA8_HUMAN	Homo sapiens	vertebrate	proteome	high	0.9936	433	include
glyr	P48167__Homsap	sp|P48167|GLRB_HUMAN	Homo sapiens	vertebrate	proteome	high	0.9784	497	include
glyr	P48168__Musmus	sp|P48168|GLRB_MOUSE	Mus musculus	vertebrate	proteome	high	0.9784	496	include
gabaa	P48169__Homsap	sp|P48169|GBRA4_HUMAN	Homo sapiens	vertebrate	proteome	high	0.9846	554	include
nachr	P48180__Caeele	sp|P48180|ACH1_CAEEL	Caenorhabditis elegans	invertebrate	proteome	high	0.9669	498	include
nachr	P48181__Caeele	sp|P48181|ACH2_CAEEL	Caenorhabditis elegans	invertebrate	proteome	high	0.9669	493	include
nachr	P48182__Caeele	sp|P48182|ACR2_CAEEL	Caenorhabditis elegans	invertebrate	proteome	high	0.9358	575	include
kir	P48542__Musmus	sp|P48542|KCNJ6_MOUSE	Mus musculus	vertebrate	proteome	high	0.956	425	include
kir	P48543__Musmus	sp|P48543|KCNJ9_MOUSE	Mus musculus	vertebrate	proteome	high	0.8851	393	include
kir	P48544__Homsap	sp|P48544|KCNJ5_HUMAN	Homo sapiens	vertebrate	proteome	high	0.9535	419	include
kir	P48545__Musmus	sp|P48545|KCNJ5_MOUSE	Mus musculus	vertebrate	proteome	high	0.9291	419	include
kv_shaker	P48547__Homsap	sp|P48547|KCNC1_HUMAN	Homo sapiens	vertebrate	proteome	high	0.8062	511	include
kir	P48548__Ratnor	sp|P48548|KCNJ5_RAT	Rattus norvegicus	vertebrate	proteome	high	0.934	419	include
kir	P48549__Homsap	sp|P48549|KCNJ3_HUMAN	Homo sapiens	vertebrate	proteome	high	0.9267	501	include
kir	P48550__Ratnor	sp|P48550|KCNJ6_RAT	Rattus norvegicus	vertebrate	proteome	high	0.956	425	include
trpc	P48994__Dromel	sp|P48994|TRPL_DROME	Drosophila melanogaster	invertebrate	proteome	high	0.8921	1124	include
trpc	P48995__Homsap	sp|P48995|TRPC1_HUMAN	Homo sapiens	vertebrate	proteome	high	0.881	793	include
nachr	P49581__Galgal	sp|P49581|ACHA6_CHICK	Gallus gallus	vertebrate	proteome	high	0.9669	494	include
nachr	P49582__Musmus	sp|P49582|ACHA7_MOUSE	Mus musculus	vertebrate	proteome	high	0.971	502	include
p2x	P49653__Ratnor	sp|P49653|P2RX2_RAT	Rattus norvegicus	vertebrate	proteome	high	0.8965	472	include
p2x	P49654__Ratnor	sp|P49654|P2RX3_RAT	Rattus norvegicus	vertebrate	proteome	high	0.9318	397	include
kir	P49655__Ratnor	sp|P49655|KCJ10_RAT	Rattus norvegicus	vertebrate	proteome	high	0.8117	379	include
cav	P50077__Saccer	sp|P50077|CCH1_YEAST	Saccharomyces cerevisiae	fungi	proteome	medium	0.5953		profile_medium
gabaa	P50571__Musmus	sp|P50571|GBRB1_MOUSE	Mus musculus	vertebrate	proteome	high	0.9781	474	include
gabaa	P50572__Ratnor	sp|P50572|GBRR1_RAT	Rattus norvegicus	vertebrate	proteome	high	0.932	480	include
gabaa	P50573__Ratnor	sp|P50573|GBRR3_RAT	Rattus norvegicus	vertebrate	proteome	high	0.9364	464	include
enac	P51168__Homsap	sp|P51168|SCNNB_HUMAN	Homo sapiens	vertebrate	proteome	high	0.9984	640	include
enac	P51170__Homsap	sp|P51170|SCNNG_HUMAN	Homo sapiens	vertebrate	proteome	high	0.9876	649	include
enac	P51172__Homsap	sp|P51172|SCNND_HUMAN	Homo sapiens	vertebrate	proteome	high	0.9721	802	include
p2x	P51575__Homsap	sp|P51575|P2RX1_HUMAN	Homo sapiens	vertebrate	proteome	high	0.9459	399	include
p2x	P51576__Musmus	sp|P51576|P2RX1_MOUSE	Mus musculus	vertebrate	proteome	high	0.9435	399	include
p2x	P51577__Ratnor	sp|P51577|P2RX4_RAT	Rattus norvegicus	vertebrate	proteome	high	0.8988	388	include
p2x	P51578__Ratnor	sp|P51578|P2RX5_RAT	Rattus norvegicus	vertebrate	proteome	high	0.9365	455	include
p2x	P51579__Ratnor	sp|P51579|P2RX6_RAT	Rattus norvegicus	vertebrate	proteome	high	0.8918	389	include
kv_kcnq	P51787__Homsap	sp|P51787|KCNQ1_HUMAN	Homo sapiens	vertebrate	proteome	high	0.991	676	include
clc_channel	P51788__Homsap	sp|P51788|CLCN2_HUMAN	Homo sapiens	vertebrate	proteome	high	0.9977	898	include
clc_channel	P51800__Homsap	sp|P51800|CLCKA_HUMAN	Homo sapiens	vertebrate	proteome	high	0.7971	687	include
clc_channel	P51801__Homsap	sp|P51801|CLCKB_HUMAN	Homo sapiens	vertebrate	proteome	high	0.7914	687	include
clc_channel	P51802__Ratnor	sp|P51802|CLCKB_RAT	Rattus norvegicus	vertebrate	proteome	high	0.7914	687	include
kir	P52186__Galgal	sp|P52186|KCNJ2_CHICK	Gallus gallus	vertebrate	proteome	high	0.9853	427	include
kir	P52187__Musmus	sp|P52187|KCJ12_MOUSE	Mus musculus	vertebrate	proteome	high	0.956	427	include
kir	P52188__Ratnor	sp|P52188|KCJ12_RAT	Rattus norvegicus	vertebrate	proteome	high	0.956	427	include
kir	P52189__Musmus	sp|P52189|KCNJ4_MOUSE	Mus musculus	vertebrate	proteome	high	0.8998	445	include
kir	P52190__Ratnor	sp|P52190|KCNJ4_RAT	Rattus norvegicus	vertebrate	proteome	high	0.8973	446	include
kir	P52191__Ratnor	sp|P52191|KCJ16_RAT	Rattus norvegicus	vertebrate	proteome	high	0.89	419	include
kir	P52192__Caeele	sp|P52192|IRK1_CAEEL	Caenorhabditis elegans	invertebrate	proteome	high	0.8826	544	include
nachr	P54244__Caeele	sp|P54244|ACH3_CAEEL	Caenorhabditis elegans	invertebrate	proteome	high	0.9296	564	include
nachr	P54245__Caeele	sp|P54245|LGC4_CAEEL	Caenorhabditis elegans	invertebrate	proteome	high	0.94	635	include
nachr	P54246__Caeele	sp|P54246|ACR5_CAEEL	Caenorhabditis elegans	invertebrate	proteome	high	0.9255	598	include
cav	P54282__Ratnor	sp|P54282|CAC1A_RAT	Rattus norvegicus	vertebrate	proteome	high	0.9337	2212	include
asic	P55926__Ratnor	sp|P55926|ASIC1_RAT	Rattus norvegicus	vertebrate	proteome	high	1.0	526	include
p2x	P56373__Homsap	sp|P56373|P2RX3_HUMAN	Homo sapiens	vertebrate	proteome	high	0.9318	397	include
gabaa	P56475__Musmus	sp|P56475|GBRR1_MOUSE	Mus musculus	vertebrate	proteome	high	0.9298	480	include
gabaa	P56476__Musmus	sp|P56476|GBRR2_MOUSE	Mus musculus	vertebrate	proteome	high	0.9781	465	include
kv_kcnq	P56696__Homsap	sp|P56696|KCNQ4_HUMAN	Homo sapiens	vertebrate	proteome	high	0.8724	695	include
connexin	P57773__Homsap	sp|P57773|CXA9_HUMAN	Homo sapiens	vertebrate	proteome	high	0.8232	515	include
k2p	P57789__Homsap	sp|P57789|KCNKA_HUMAN	Homo sapiens	vertebrate	proteome	high	0.9602	538	include
kca_sk	P58390__Musmus	sp|P58390|KCNN2_MOUSE	Mus musculus	vertebrate	proteome	high	0.8526	574	include
kca_sk	P58391__Musmus	sp|P58391|KCNN3_MOUSE	Mus musculus	vertebrate	proteome	high	0.9984	732	include
kv_modifier	P59053__Musmus	sp|P59053|KCNG3_MOUSE	Mus musculus	vertebrate	proteome	high	0.8755	433	include
kv_eag	P59111__Musmus	sp|P59111|KCNH8_MOUSE	Mus musculus	vertebrate	proteome	high	0.998	1102	include
pannexin	P60570__Ratnor	sp|P60570|PANX1_RAT	Rattus norvegicus	vertebrate	proteome	high	0.991	426	include
pannexin	P60571__Ratnor	sp|P60571|PANX2_RAT	Rattus norvegicus	vertebrate	proteome	high	0.9932	674	include
pannexin	P60572__Ratnor	sp|P60572|PANX3_RAT	Rattus norvegicus	vertebrate	proteome	high	0.8688	392	include
gabaa	P62812__Musmus	sp|P62812|GBRA1_MOUSE	Mus musculus	vertebrate	proteome	high	0.9781	455	include
gabaa	P62813__Ratnor	sp|P62813|GBRA1_RAT	Rattus norvegicus	vertebrate	proteome	high	0.9781	455	duplicate_of:P62812__Musmus
gabaa	P63079__Ratnor	sp|P63079|GBRB3_RAT	Rattus norvegicus	vertebrate	proteome	high	0.9737	473	include
gabaa	P63080__Musmus	sp|P63080|GBRB3_MOUSE	Mus musculus	vertebrate	proteome	high	0.9737	473	duplicate_of:P63079__Ratnor
gabaa	P63137__Musmus	sp|P63137|GBRB2_MOUSE	Mus musculus	vertebrate	proteome	high	0.9671	512	include
gabaa	P63138__Ratnor	sp|P63138|GBRB2_RAT	Rattus norvegicus	vertebrate	proteome	high	0.9671	474	include
kv_shaker	P63141__Musmus	sp|P63141|KCNA2_MOUSE	Mus musculus	vertebrate	proteome	high	0.8659	499	include
kv_shaker	P63142__Ratnor	sp|P63142|KCNA2_RAT	Rattus norvegicus	vertebrate	proteome	high	0.8659	499	duplicate_of:P63141__Musmus
kir	P63250__Musmus	sp|P63250|KCNJ3_MOUSE	Mus musculus	vertebrate	proteome	high	0.9267	501	include
kir	P63251__Ratnor	sp|P63251|KCNJ3_RAT	Rattus norvegicus	vertebrate	proteome	high	0.9267	501	duplicate_of:P63250__Musmus
kir	P63252__Homsap	sp|P63252|KCNJ2_HUMAN	Homo sapiens	vertebrate	proteome	high	0.9878	427	include
trpv	P69744__Musmus	sp|P69744|TRPV5_MOUSE	Mus musculus	vertebrate	proteome	high	0.8841	723	include
itpr	P70227__Musmus	sp|P70227|ITPR3_MOUSE	Mus musculus	vertebrate	proteome	high	0.9978	2670	include
kca_sk	P70604__Ratnor	sp|P70604|KCNN2_RAT	Rattus norvegicus	vertebrate	proteome	high	0.8526	580	include
kca_sk	P70605__Ratnor	sp|P70605|KCNN3_RAT	Rattus norvegicus	vertebrate	proteome	high	0.9984	732	include
kca_sk	P70606__Ratnor	sp|P70606|KCNN1_RAT	Rattus norvegicus	vertebrate	proteome	high	0.8051	536	include
kir	P70673__Ratnor	sp|P70673|KCJ11_RAT	Rattus norvegicus	vertebrate	proteome	high	0.9169	390	include
connexin	P70689__Musmus	sp|P70689|CXB6_MOUSE	Mus musculus	vertebrate	proteome	high	0.791	261	include
bestrophin	P72926__Synsp.	sp|P72926|Y1024_SYNY3	Synechocystis sp. PCC 6803	prokaryote	proteome	high	0.575	307	include
mscl	P73553__Synsp.	sp|P73553|MSCL_SYNY3	Synechocystis sp. PCC 6803	prokaryote	proteome	high	0.8864	145	include
mscs	P75783__Esccol	sp|P75783|YBIO_ECOLI	Escherichia coli	prokaryote	proteome	high	0.6804	741	include
bestrophin	P76146__Esccol	sp|P76146|YNEE_ECOLI	Escherichia coli	prokaryote	proteome	high	0.6243	304	include
mscs	P77338__Esccol	sp|P77338|MSCK_ECOLI	Escherichia coli	prokaryote	proteome	high	0.7943	1120	include
gabaa	P78334__Homsap	sp|P78334|GBRE_HUMAN	Homo sapiens	vertebrate	proteome	high	0.9518	506	include
asic	P78348__Homsap	sp|P78348|ASIC1_HUMAN	Homo sapiens	vertebrate	proteome	high	1.0	528	include
kir	P78508__Homsap	sp|P78508|KCJ10_HUMAN	Homo sapiens	vertebrate	proteome	high	0.8117	379	include
vdac	P81155__Ratnor	sp|P81155|VDAC2_RAT	Rattus norvegicus	vertebrate	proteome	high	0.9964	295	include
kir	P86046__Musmus	sp|P86046|KCJ13_MOUSE	Mus musculus	vertebrate	proteome	high	0.802	360	include
cav	P91645__Dromel	sp|P91645|CAC1A_DROME	Drosophila melanogaster	invertebrate	proteome	high	0.9692	1851	include
cng	P92960__Aratha	sp|P92960|KAT3_ARATH	Arabidopsis thaliana	plant	proteome	medium	0.5502		profile_medium
mscl	P94585__Bacsub	sp|P94585|MSCL_BACSU	Bacillus subtilis	prokaryote	proteome	high	0.9924	130	include
kv_kcnq	P97414__Musmus	sp|P97414|KCNQ1_MOUSE	Mus musculus	vertebrate	proteome	high	0.988	668	include
k2p	P97438__Musmus	sp|P97438|KCNK2_MOUSE	Mus musculus	vertebrate	proteome	high	0.9353	426	include
cav	P97445__Musmus	sp|P97445|CAC1A_MOUSE	Mus musculus	vertebrate	proteome	high	0.9368	2368	include
kv_modifier	P97557__Ratnor	sp|P97557|KCNV1_RAT	Rattus norvegicus	vertebrate	proteome	high	0.9599	503	include
kir	P97794__Musmus	sp|P97794|KCNJ8_MOUSE	Mus musculus	vertebrate	proteome	high	0.9756	424	include
cng	Q00195__Ratnor	sp|Q00195|CNGA2_RAT	Rattus norvegicus	vertebrate	proteome	high	0.9463	664	include
nmda	Q00959__Ratnor	sp|Q00959|NMDE1_RAT	Rattus norvegicus	vertebrate	proteome	high	1.0	1464	include
nmda	Q00960__Ratnor	sp|Q00960|NMDE2_RAT	Rattus norvegicus	vertebrate	proteome	high	0.9957	1482	include
nmda	Q00961__Ratnor	sp|Q00961|NMDE3_RAT	Rattus norvegicus	vertebrate	proteome	high	0.9923	1237	include
cav	Q00975__Homsap	sp|Q00975|CAC1B_HUMAN	Homo sapiens	vertebrate	proteome	high	1.0	2339	include
connexin	Q00977__Musmus	sp|Q00977|CXB2_MOUSE	Mus musculus	vertebrate	proteome	high	0.7363	226	include
nmda	Q01097__Musmus	sp|Q01097|NMDE2_MOUSE	Mus musculus	vertebrate	proteome	high	0.9957	1482	include
nmda	Q01098__Musmus	sp|Q01098|NMDE3_MOUSE	Mus musculus	vertebrate	proteome	high	0.9923	1239	include
nav	Q01118__Homsap	sp|Q01118|SCN7A_HUMAN	Homo sapiens	vertebrate	proteome	high	0.9709	1682	include
connexin	Q01231__Musmus	sp|Q01231|CXA5_MOUSE	Mus musculus	vertebrate	proteome	high	0.9871	358	include
vdac	Q01501__Dicdis	sp|Q01501|VDAC_DICDI	Dictyostelium discoideum	amoebozoa	proteome	high	0.9892	275	include
cav	Q01668__Homsap	sp|Q01668|CAC1D_HUMAN	Homo sapiens	vertebrate	proteome	high	0.9923	2161	include
kainate	Q01812__Ratnor	sp|Q01812|GRIK4_RAT	Rattus norvegicus	vertebrate	proteome	high	0.9824	956	include
cav	Q01815__Musmus	sp|Q01815|CAC1C_MOUSE	Mus musculus	vertebrate	proteome	high	0.9769	2139	include
kv_shaker	Q01956__Ratnor	sp|Q01956|KCNC3_RAT	Rattus norvegicus	vertebrate	proteome	high	0.7627	889	include
kv_eag	Q02280__Dromel	sp|Q02280|KCNAE_DROME	Drosophila melanogaster	invertebrate	proteome	high	0.9831	1174	include
cav	Q02294__Ratnor	sp|Q02294|CAC1B_RAT	Rattus norvegicus	vertebrate	proteome	high	1.0	2336	include
cav	Q02485__Ratnor	sp|Q02485|CAC1S_RAT	Rattus norvegicus	vertebrate	proteome	high	0.9548	1850	include
connexin	Q02738__Musmus	sp|Q02738|CXB4_MOUSE	Mus musculus	vertebrate	proteome	high	0.7653	266	include
connexin	Q02739__Musmus	sp|Q02739|CXB5_MOUSE	Mus musculus	vertebrate	proteome	high	0.7974	271	include
cav	Q02789__Musmus	sp|Q02789|CAC1S_MOUSE	Mus musculus	vertebrate	proteome	high	0.9543	1852	include
connexin	Q03190__Ratnor	sp|Q03190|CXA4_RAT	Rattus norvegicus	vertebrate	proteome	high	0.9743	333	include
nmda	Q03391__Musmus	sp|Q03391|NMDE4_MOUSE	Mus musculus	vertebrate	proteome	high	0.9957	1323	include
innexin	Q03412__Caeele	sp|Q03412|UNC7_CAEEL	Caenorhabditis elegans	invertebrate	proteome	high	1.0	522	include
ampa	Q03445__Dromel	sp|Q03445|GLR1_DROME	Drosophila melanogaster	invertebrate	proteome	medium	0.908		profile_medium
osca_tmem63	Q03516__Saccer	sp|Q03516|RSN1_YEAST	Saccharomyces cerevisiae	fungi	proteome	high	0.9799	953	include
cng	Q03611__Caeele	sp|Q03611|CNG_CAEEL	Caenorhabditis elegans	invertebrate	proteome	high	0.9123	733	include
kv_shaker	Q03717__Musmus	sp|Q03717|KCNB1_MOUSE	Mus musculus	vertebrate	proteome	medium	0.9257		profile_medium
kv_shaker	Q03719__Musmus	sp|Q03719|KCND1_MOUSE	Mus musculus	vertebrate	proteome	high	0.9638	651	include
kca_slo	Q03720__Dromel	sp|Q03720|SLO_DROME	Drosophila melanogaster	invertebrate	proteome	high	0.9782	1200	include
kv_shaker	Q03721__Homsap	sp|Q03721|KCNC4_HUMAN	Homo sapiens	vertebrate	proteome	high	0.8696	635	include
nachr	Q04844__Homsap	sp|Q04844|ACHE_HUMAN	Homo sapiens	vertebrate	proteome	high	0.9979	493	include
nmda	Q05586__Homsap	sp|Q05586|NMDZ1_HUMAN	Homo sapiens	vertebrate	proteome	high	0.7988	938	include
nachr	Q05901__Homsap	sp|Q05901|ACHB3_HUMAN	Homo sapiens	vertebrate	proteome	high	0.9772	458	include
nachr	Q05941__Ratnor	sp|Q05941|ACHA7_RAT	Rattus norvegicus	vertebrate	proteome	high	0.9689	502	include
clc_channel	Q06393__Ratnor	sp|Q06393|CLCKA_RAT	Rattus norvegicus	vertebrate	proteome	high	0.7914	687	include
osca_tmem63	Q06538__Saccer	sp|Q06538|CSC1_YEAST	Saccharomyces cerevisiae	fungi	proteome	high	0.883	782	include
nachr	Q07001__Homsap	sp|Q07001|ACHD_HUMAN	Homo sapiens	vertebrate	proteome	high	0.9876	517	include
cav	Q07652__Ratnor	sp|Q07652|CAC1E_RAT	Rattus norvegicus	vertebrate	proteome	high	0.9671	2222	include
osca_tmem63	Q07798__Saccer	sp|Q07798|SPO75_YEAST	Saccharomyces cerevisiae	fungi	proteome	high	0.8969	868	include
cftr	Q07DZ6__Ornana	sp|Q07DZ6|CFTR_ORNAN	Ornithorhynchus anatinus	vertebrate	proteome	high	1.0	1484	include
kca_slo	Q08460__Musmus	sp|Q08460|KCMA1_MOUSE	Mus musculus	vertebrate	proteome	high	0.9927	1209	include
gabaa	Q08832__Dromel	sp|Q08832|GBRB3_DROME	Drosophila melanogaster	invertebrate	proteome	medium	0.932		profile_medium
mcu	Q08BI9__Danrer	sp|Q08BI9|MCU_DANRE	Danio rerio	vertebrate	proteome	high	0.8377	376	include
orai	Q09232__Caeele	sp|Q09232|ORAI_CAEEL	Caenorhabditis elegans	invertebrate	proteome	high	0.9778	293	include
deg_invertebrate	Q09274__Caeele	sp|Q09274|UN105_CAEEL	Caenorhabditis elegans	invertebrate	proteome	high	0.6036	887	include
gabaa	Q09453__Caeele	sp|Q09453|GLRB4_CAEEL	Caenorhabditis elegans	invertebrate	proteome	medium	0.9518		profile_medium
kv_shaker	Q09470__Homsap	sp|Q09470|KCNA1_HUMAN	Homo sapiens	vertebrate	proteome	high	0.8659	495	include
osca_tmem63	Q09766__Schpom	sp|Q09766|YA7D_SCHPO	Schizosaccharomyces pombe	fungi	proteome	high	0.878	871	include
osca_tmem63	Q09809__Schpom	sp|Q09809|CSC1_SCHPO	Schizosaccharomyces pombe	fungi	proteome	high	0.9031	793	include
vdac	Q0JJV1__Orysat	sp|Q0JJV1|VDAC4_ORYSJ	Oryza sativa	plant	proteome	high	0.9892	317	include
piezo	Q0KL00__Ratnor	sp|Q0KL00|PIEZ1_RAT	Rattus norvegicus	vertebrate	proteome	high	0.9996	2535	include
connexin	Q0V990__Xentro	sp|Q0V990|CXA4_XENTR	Xenopus tropicalis	vertebrate	proteome	high	0.9743	352	include
asic	Q10025__Caeele	sp|Q10025|DEL10_CAEEL	Caenorhabditis elegans	invertebrate	proteome	high	0.8081	1069	include
k2p	Q10937__Caeele	sp|Q10937|YWS1_CAEEL	Caenorhabditis elegans	invertebrate	proteome	medium	0.3483		profile_medium
vdac	Q10S27__Orysat	sp|Q10S27|VDAC6_ORYSJ	Oryza sativa	plant	proteome	high	0.9928	276	include
kca_sk	Q11122__Caeele	sp|Q11122|KCNL3_CAEEL	Caenorhabditis elegans	invertebrate	proteome	high	0.9937	692	include
osca_tmem63	Q12252__Saccer	sp|Q12252|PHM7_YEAST	Saccharomyces cerevisiae	fungi	proteome	high	0.8491	991	include
kca_slo	Q12791__Homsap	sp|Q12791|KCMA1_HUMAN	Homo sapiens	vertebrate	proteome	high	0.9973	1236	include
kv_eag	Q12809__Homsap	sp|Q12809|KCNH2_HUMAN	Homo sapiens	vertebrate	proteome	high	0.997	1159	include
nmda	Q12879__Homsap	sp|Q12879|NMDE1_HUMAN	Homo sapiens	vertebrate	proteome	high	1.0	1464	include
kainate	Q13002__Homsap	sp|Q13002|GRIK2_HUMAN	Homo sapiens	vertebrate	proteome	high	0.9956	908	include
kainate	Q13003__Homsap	sp|Q13003|GRIK3_HUMAN	Homo sapiens	vertebrate	proteome	high	0.9989	919	include
nmda	Q13224__Homsap	sp|Q13224|NMDE2_HUMAN	Homo sapiens	vertebrate	proteome	high	0.9957	1484	include
trpc	Q13507__Homsap	sp|Q13507|TRPC3_HUMAN	Homo sapiens	vertebrate	proteome	high	0.8754	921	include
trpp	Q13563__Homsap	sp|Q13563|PKD2_HUMAN	Homo sapiens	vertebrate	proteome	high	0.9851	968	include
cav	Q13698__Homsap	sp|Q13698|CAC1S_HUMAN	Homo sapiens	vertebrate	proteome	high	0.9563	1873	include
cav	Q13936__Homsap	sp|Q13936|CAC1C_HUMAN	Homo sapiens	vertebrate	proteome	high	0.9872	2221	include
kv_shaker	Q14003__Homsap	sp|Q14003|KCNC3_HUMAN	Homo sapiens	vertebrate	proteome	high	0.7681	757	include
cng	Q14028__Homsap	sp|Q14028|CNGB1_HUMAN	Homo sapiens	vertebrate	proteome	high	0.9505	1251	include
kir	Q14500__Homsap	sp|Q14500|KCJ12_HUMAN	Homo sapiens	vertebrate	proteome	high	0.9584	433	include
nav	Q14524__Homsap	sp|Q14524|SCN5A_HUMAN	Homo sapiens	vertebrate	proteome	high	0.9955	2016	include
itpr	Q14571__Homsap	sp|Q14571|ITPR2_HUMAN	Homo sapiens	vertebrate	proteome	high	0.9996	2701	include
itpr	Q14573__Homsap	sp|Q14573|ITPR3_HUMAN	Homo sapiens	vertebrate	proteome	high	0.9978	2671	include
itpr	Q14643__Homsap	sp|Q14643|ITPR1_HUMAN	Homo sapiens	vertebrate	proteome	high	0.9996	2758	include
kir	Q14654__Homsap	sp|Q14654|KCJ11_HUMAN	Homo sapiens	vertebrate	proteome	high	0.9144	390	include
kv_shaker	Q14721__Homsap	sp|Q14721|KCNB1_HUMAN	Homo sapiens	vertebrate	proteome	medium	0.9167		profile_medium
nmda	Q14957__Homsap	sp|Q14957|NMDE3_HUMAN	Homo sapiens	vertebrate	proteome	high	0.9923	1233	include
kv_shaker	Q14B80__Musmus	sp|Q14B80|KCNC2_MOUSE	Mus musculus	vertebrate	proteome	high	0.9094	642	include
ryr	Q15413__Homsap	sp|Q15413|RYR3_HUMAN	Homo sapiens	vertebrate	proteome	high	0.9834	4870	include
nachr	Q15822__Homsap	sp|Q15822|ACHA2_HUMAN	Homo sapiens	vertebrate	proteome	high	0.9545	529	include
nachr	Q15825__Homsap	sp|Q15825|ACHA6_HUMAN	Homo sapiens	vertebrate	proteome	high	0.9731	494	include
kir	Q15842__Homsap	sp|Q15842|KCNJ8_HUMAN	Homo sapiens	vertebrate	proteome	high	0.9756	424	include
nav	Q15858__Homsap	sp|Q15858|SCN9A_HUMAN	Homo sapiens	vertebrate	proteome	high	0.9983	1988	include
cav	Q15878__Homsap	sp|Q15878|CAC1E_HUMAN	Homo sapiens	vertebrate	proteome	high	0.9964	2313	include
kainate	Q16099__Homsap	sp|Q16099|GRIK4_HUMAN	Homo sapiens	vertebrate	proteome	high	0.9824	956	include
cng	Q16280__Homsap	sp|Q16280|CNGA2_HUMAN	Homo sapiens	vertebrate	proteome	high	0.9463	664	include
cng	Q16281__Homsap	sp|Q16281|CNGA3_HUMAN	Homo sapiens	vertebrate	proteome	high	0.9576	694	include
kv_shaker	Q16322__Homsap	sp|Q16322|KCA10_HUMAN	Homo sapiens	vertebrate	proteome	high	0.779	511	include
gabaa	Q16445__Homsap	sp|Q16445|GBRA6_HUMAN	Homo sapiens	vertebrate	proteome	high	0.9671	453	include
kainate	Q16478__Homsap	sp|Q16478|GRIK5_HUMAN	Homo sapiens	vertebrate	proteome	high	0.9759	980	include
asic	Q16515__Homsap	sp|Q16515|ASIC2_HUMAN	Homo sapiens	vertebrate	proteome	high	1.0	512	include
plgic_invertebrate	Q17328__Caeele	sp|Q17328|GLUCB_CAEEL	Caenorhabditis elegans	invertebrate	proteome	medium	0.7329		profile_medium
bestrophin	Q17528__Caeele	sp|Q17528|BEST1_CAEEL	Caenorhabditis elegans	invertebrate	proteome	high	0.7116	450	include
bestrophin	Q17529__Caeele	sp|Q17529|BEST2_CAEEL	Caenorhabditis elegans	invertebrate	proteome	high	0.7457	421	include
bestrophin	Q17851__Caeele	sp|Q17851|BEST6_CAEEL	Caenorhabditis elegans	invertebrate	proteome	high	0.7211	382	include
kv_shaker	Q17ST2__Musmus	sp|Q17ST2|KCNA7_MOUSE	Mus musculus	vertebrate	proteome	high	0.7808	489	include
vdac	Q18090__Caeele	sp|Q18090|TOM40_CAEEL	Caenorhabditis elegans	invertebrate	proteome	high	0.9892	301	include
k2p	Q18120__Caeele	sp|Q18120|TWK18_CAEEL	Caenorhabditis elegans	invertebrate	proteome	high	0.9229	461	include
trpa	Q18297__Caeele	sp|Q18297|TRPA1_CAEEL	Caenorhabditis elegans	invertebrate	proteome	high	0.7265	1211	include
calhm	Q18593__Caeele	sp|Q18593|CLHM1_CAEEL	Caenorhabditis elegans	invertebrate	proteome	high	0.9968	329	include
gabaa	Q18812__Caeele	sp|Q18812|ACC2_CAEEL	Caenorhabditis elegans	invertebrate	proteome	medium	0.818		profile_medium
deg_invertebrate	Q19038__Caeele	sp|Q19038|DEL1_CAEEL	Caenorhabditis elegans	invertebrate	proteome	high	0.6492	664	include
nachr	Q19351__Caeele	sp|Q19351|PBO6_CAEEL	Caenorhabditis elegans	invertebrate	proteome	high	0.677	422	include
innexin	Q19746__Caeele	sp|Q19746|INX3_CAEEL	Caenorhabditis elegans	invertebrate	proteome	high	0.7051	420	include
k2p	Q19907__Caeele	sp|Q19907|TWK12_CAEEL	Caenorhabditis elegans	invertebrate	proteome	high	0.9776	713	include
bestrophin	Q19978__Caeele	sp|Q19978|BST14_CAEEL	Caenorhabditis elegans	invertebrate	proteome	high	0.6964	405	include
cftr	Q1LX78__Danrer	sp|Q1LX78|CFTR_DANRE	Danio rerio	vertebrate	proteome	high	1.0	1485	include
mcu	Q1PE15__Aratha	sp|Q1PE15|MCU4_ARATH	Arabidopsis thaliana	plant	proteome	medium	0.3246		profile_medium
asic	Q1XA76__Galgal	sp|Q1XA76|ASIC1_CHICK	Gallus gallus	vertebrate	proteome	high	1.0	527	include
nav	Q20JQ7__Danrer	sp|Q20JQ7|SC4AB_DANRE	Danio rerio	vertebrate	proteome	high	0.977	1784	include
gabaa	Q21005__Caeele	sp|Q21005|ACC1_CAEEL	Caenorhabditis elegans	invertebrate	proteome	medium	0.9561		profile_medium
mcu	Q21121__Caeele	sp|Q21121|MCU_CAEEL	Caenorhabditis elegans	invertebrate	proteome	high	0.7855	333	include
innexin	Q21123__Caeele	sp|Q21123|INX7_CAEEL	Caenorhabditis elegans	invertebrate	proteome	high	0.7125	556	include
kainate	Q21415__Caeele	sp|Q21415|GLR3_CAEEL	Caenorhabditis elegans	invertebrate	proteome	medium	0.8332		profile_medium
vdac	Q21752__Caeele	sp|Q21752|VDAC_CAEEL	Caenorhabditis elegans	invertebrate	proteome	high	0.9892	283	include
bestrophin	Q21973__Caeele	sp|Q21973|BST15_CAEEL	Caenorhabditis elegans	invertebrate	proteome	high	0.778	525	include
deg_invertebrate	Q21974__Caeele	sp|Q21974|UNC8_CAEEL	Caenorhabditis elegans	invertebrate	proteome	medium	0.7094		profile_medium
k2p	Q22271__Caeele	sp|Q22271|UNC58_CAEEL	Caenorhabditis elegans	invertebrate	proteome	high	0.6269	591	include
innexin	Q22549__Caeele	sp|Q22549|INX10_CAEEL	Caenorhabditis elegans	invertebrate	proteome	high	0.7399	559	include
bestrophin	Q22566__Caeele	sp|Q22566|BST17_CAEEL	Caenorhabditis elegans	invertebrate	proteome	high	0.7837	481	include
nachr	Q23022__Caeele	sp|Q23022|ACH5_CAEEL	Caenorhabditis elegans	invertebrate	proteome	high	0.9648	511	include
innexin	Q23027__Caeele	sp|Q23027|INX5_CAEEL	Caenorhabditis elegans	invertebrate	proteome	high	0.6923	447	include
innexin	Q23157__Caeele	sp|Q23157|INX11_CAEEL	Caenorhabditis elegans	invertebrate	proteome	high	0.7436	465	include
bestrophin	Q23369__Caeele	sp|Q23369|BST22_CAEEL	Caenorhabditis elegans	invertebrate	proteome	high	0.9222	499	include
k2p	Q23435__Caeele	sp|Q23435|TWK9_CAEEL	Caenorhabditis elegans	invertebrate	proteome	high	0.5522	568	include
innexin	Q23593__Caeele	sp|Q23593|INX8_CAEEL	Caenorhabditis elegans	invertebrate	proteome	high	0.7363	382	include
cav	Q24270__Dromel	sp|Q24270|CAC1D_DROME	Drosophila melanogaster	invertebrate	proteome	high	0.8377	2669	include
cng	Q24278__Dromel	sp|Q24278|CNGA_DROME	Drosophila melanogaster	invertebrate	proteome	high	0.9463	665	include
gabaa	Q24352__Dromel	sp|Q24352|GBRAL_DROME	Drosophila melanogaster	invertebrate	proteome	medium	0.9145		profile_medium
nmda	Q24418__Dromel	sp|Q24418|NMDA1_DROME	Drosophila melanogaster	invertebrate	proteome	high	0.7408	997	include
ryr	Q24498__Dromel	sp|Q24498|RYR_DROME	Drosophila melanogaster	invertebrate	proteome	high	0.9998	5127	include
nachr	Q27218__Caeele	sp|Q27218|ACH7_CAEEL	Caenorhabditis elegans	invertebrate	proteome	high	0.9607	507	include
innexin	Q27295__Caeele	sp|Q27295|EAT5_CAEEL	Caenorhabditis elegans	invertebrate	proteome	high	0.7601	423	include
tric	Q28FA9__Xentro	sp|Q28FA9|TM38B_XENTR	Xenopus tropicalis	vertebrate	proteome	high	0.9797	284	include
nachr	Q2MKA5__Musmus	sp|Q2MKA5|ACHA5_MOUSE	Mus musculus	vertebrate	proteome	high	0.8509	467	include
trpm	Q2TV84__Musmus	sp|Q2TV84|TRPM1_MOUSE	Mus musculus	vertebrate	proteome	high	0.8366	1622	include
trpm	Q2WEA5__Ratnor	sp|Q2WEA5|TRPM1_RAT	Rattus norvegicus	vertebrate	proteome	high	0.8702	1630	include
nav	Q2XVR3__Danrer	sp|Q2XVR3|SC4AA_DANRE	Danio rerio	vertebrate	proteome	high	0.9826	1829	include
nav	Q2XVR6__Takrub	sp|Q2XVR6|SC4AB_TAKRU	Takifugu rubripes	vertebrate	proteome	high	0.9451	1719	include
nav	Q2XVR7__Takrub	sp|Q2XVR7|SC4AA_TAKRU	Takifugu rubripes	vertebrate	proteome	high	0.9737	1892	include
kv_eag	Q38849__Aratha	sp|Q38849|KAT2_ARATH	Arabidopsis thaliana	plant	proteome	medium	0.4078		profile_medium
kv_eag	Q38898__Aratha	sp|Q38898|AKT2_ARATH	Arabidopsis thaliana	plant	proteome	medium	0.4197		profile_medium
lrrc8	Q3KRC6__Ratnor	sp|Q3KRC6|LRC8E_RAT	Rattus norvegicus	vertebrate	proteome	high	1.0	795	include
k2p	Q3LS21__Musmus	sp|Q3LS21|KCNK9_MOUSE	Mus musculus	vertebrate	proteome	high	0.6866	402	include
k2p	Q3TBV4__Musmus	sp|Q3TBV4|KCNK6_MOUSE	Mus musculus	vertebrate	proteome	high	0.7463	313	include
tric	Q3TMP8__Musmus	sp|Q3TMP8|TM38A_MOUSE	Mus musculus	vertebrate	proteome	high	1.0	298	include
osca_tmem63	Q3TWI9__Musmus	sp|Q3TWI9|TM63B_MOUSE	Mus musculus	vertebrate	proteome	high	0.9849	832	include
hv1	Q3U2S8__Musmus	sp|Q3U2S8|HVCN1_MOUSE	Mus musculus	vertebrate	proteome	high	1.0	269	include
mcu	Q3UMR5__Musmus	sp|Q3UMR5|MCU_MOUSE	Mus musculus	vertebrate	proteome	high	0.9913	350	include
p2x	Q3UR32__Musmus	sp|Q3UR32|P2RX3_MOUSE	Mus musculus	vertebrate	proteome	high	0.9318	397	include
cng	Q3UW12__Musmus	sp|Q3UW12|CNGA4_MOUSE	Mus musculus	vertebrate	proteome	high	0.802	575	include
zac	Q401N2__Homsap	sp|Q401N2|ZACN_HUMAN	Homo sapiens	vertebrate	proteome	high	1.0	412	include
nachr	Q494W8__Homsap	sp|Q494W8|CRFM7_HUMAN	Homo sapiens	vertebrate	proteome	high	0.7474	412	include
lrrc8	Q498T9__Ratnor	sp|Q498T9|LRC8C_RAT	Rattus norvegicus	vertebrate	proteome	high	0.9988	803	include
lrrc8	Q4V8I7__Ratnor	sp|Q4V8I7|LRC8A_RAT	Rattus norvegicus	vertebrate	proteome	high	0.9988	810	include
clc_channel	Q54C67__Dicdis	sp|Q54C67|CLCF_DICDI	Dictyostelium discoideum	amoebozoa	proteome	medium	0.8424		profile_medium
p2x_nonmetazoan	Q54J33__Dicdis	sp|Q54J33|P2XD_DICDI	Dictyostelium discoideum	amoebozoa	proteome	high	0.9709	407	include
p2x_nonmetazoan	Q54JH4__Dicdis	sp|Q54JH4|P2XE_DICDI	Dictyostelium discoideum	amoebozoa	proteome	high	0.9444	388	include
clc_channel	Q54LQ4__Dicdis	sp|Q54LQ4|CLCE_DICDI	Dictyostelium discoideum	amoebozoa	proteome	medium	0.6723		profile_medium
mcu	Q54LT0__Dicdis	sp|Q54LT0|MCU_DICDI	Dictyostelium discoideum	amoebozoa	proteome	medium	0.4348		profile_medium
piezo	Q54S52__Dicdis	sp|Q54S52|Y2801_DICDI	Dictyostelium discoideum	amoebozoa	proteome	high	0.8128	3080	include
p2x_nonmetazoan	Q553Y0__Dicdis	sp|Q553Y0|P2XC_DICDI	Dictyostelium discoideum	amoebozoa	proteome	high	0.9894	368	include
p2x_nonmetazoan	Q553Y1__Dicdis	sp|Q553Y1|P2XB_DICDI	Dictyostelium discoideum	amoebozoa	proteome	high	0.9921	369	include
mscs	Q55717__Synsp.	sp|Q55717|Y639_SYNY3	Synechocystis sp. PCC 6803	prokaryote	proteome	high	0.8829	296	include
calhm	Q561R8__Ratnor	sp|Q561R8|CAHM6_RAT	Rattus norvegicus	vertebrate	proteome	high	0.9557	315	include
mscs	Q56X46__Aratha	sp|Q56X46|MSL2_ARATH	Arabidopsis thaliana	plant	proteome	high	0.7184	673	include
lrrc8	Q5DU41__Musmus	sp|Q5DU41|LRC8B_MOUSE	Mus musculus	vertebrate	proteome	high	1.0	803	include
hv1	Q5F4C0__Galgal	sp|Q5F4C0|HVCN1_CHICK	Gallus gallus	vertebrate	proteome	high	0.9216	235	include
calhm	Q5FWS4__Ratnor	sp|Q5FWS4|CAHM5_RAT	Rattus norvegicus	vertebrate	proteome	high	0.9905	309	include
kv_eag	Q5JM04__Orysat	sp|Q5JM04|KAT3_ORYSJ	Oryza sativa	plant	proteome	medium	0.4148		profile_medium
kca_slo	Q5JUK3__Homsap	sp|Q5JUK3|KCNT1_HUMAN	Homo sapiens	vertebrate	proteome	high	0.9202	1230	include
calhm	Q5JW98__Homsap	sp|Q5JW98|CAHM4_HUMAN	Homo sapiens	vertebrate	proteome	high	0.9082	314	include
orai	Q5M848__Ratnor	sp|Q5M848|ORAI1_RAT	Rattus norvegicus	vertebrate	proteome	high	1.0	304	include
tpc	Q5QM84__Orysat	sp|Q5QM84|TPC1_ORYSJ	Oryza sativa	plant	proteome	high	0.9267	757	include
calhm	Q5R3K3__Homsap	sp|Q5R3K3|CAHM6_HUMAN	Homo sapiens	vertebrate	proteome	high	0.9589	315	include
calhm	Q5RJQ8__Ratnor	sp|Q5RJQ8|CAHM2_RAT	Rattus norvegicus	vertebrate	proteome	high	0.9778	323	include
osca_tmem63	Q5T3F8__Homsap	sp|Q5T3F8|TM63B_HUMAN	Homo sapiens	vertebrate	proteome	high	0.9849	832	include
connexin	Q5T442__Homsap	sp|Q5T442|CXG2_HUMAN	Homo sapiens	vertebrate	proteome	high	0.9968	439	include
lrrc8	Q5U308__Ratnor	sp|Q5U308|LRC8D_RAT	Rattus norvegicus	vertebrate	proteome	high	0.9988	858	include
k2p	Q5VSE6__Danrer	sp|Q5VSE6|KCNKD_DANRE	Danio rerio	vertebrate	proteome	high	0.8657	412	include
osca_tmem63	Q5XEZ5__Aratha	sp|Q5XEZ5|OSC12_ARATH	Arabidopsis thaliana	plant	proteome	high	0.956	771	include
ano_channel	Q5XXA6__Homsap	sp|Q5XXA6|ANO1_HUMAN	Homo sapiens	vertebrate	proteome	high	1.0	986	include
tric	Q5ZK43__Galgal	sp|Q5ZK43|TM38A_CHICK	Gallus gallus	vertebrate	proteome	high	1.0	296	include
tmem175	Q5ZKY0__Galgal	sp|Q5ZKY0|TM175_CHICK	Gallus gallus	vertebrate	proteome	high	0.998	501	include
orai	Q5ZL05__Galgal	sp|Q5ZL05|CRCM1_CHICK	Gallus gallus	vertebrate	proteome	high	0.8222	226	include
trpn	Q5ZLC8__Galgal	sp|Q5ZLC8|ANR52_CHICK	Gallus gallus	vertebrate	proteome	medium	0.3362		profile_medium
orai	Q5ZLW2__Galgal	sp|Q5ZLW2|ORAI2_CHICK	Gallus gallus	vertebrate	proteome	high	0.8778	257	include
kv_eag	Q60603__Musmus	sp|Q60603|KCNH1_MOUSE	Mus musculus	vertebrate	proteome	high	0.9123	989	include
vdac	Q60930__Musmus	sp|Q60930|VDAC2_MOUSE	Mus musculus	vertebrate	proteome	high	1.0	295	include
vdac	Q60931__Musmus	sp|Q60931|VDAC3_MOUSE	Mus musculus	vertebrate	proteome	high	0.9964	283	include
vdac	Q60932__Musmus	sp|Q60932|VDAC1_MOUSE	Mus musculus	vertebrate	proteome	high	0.9964	296	include
kainate	Q60934__Musmus	sp|Q60934|GRIK1_MOUSE	Mus musculus	vertebrate	proteome	high	0.8518	836	include
trpc	Q61056__Musmus	sp|Q61056|TRPC1_MOUSE	Mus musculus	vertebrate	proteome	high	0.881	793	include
trpc	Q61143__Musmus	sp|Q61143|TRPC6_MOUSE	Mus musculus	vertebrate	proteome	high	0.8743	930	include
enac	Q61180__Musmus	sp|Q61180|SCNNA_MOUSE	Mus musculus	vertebrate	proteome	high	0.9581	699	include
cav	Q61290__Musmus	sp|Q61290|CAC1E_MOUSE	Mus musculus	vertebrate	proteome	high	0.9856	2272	include
kv_shaker	Q61423__Musmus	sp|Q61423|KCNA4_MOUSE	Mus musculus	vertebrate	proteome	high	0.8623	654	include
glyr	Q61603__Musmus	sp|Q61603|GLRA4_MOUSE	Mus musculus	vertebrate	proteome	high	0.9654	456	include
kainate	Q61626__Musmus	sp|Q61626|GRIK5_MOUSE	Mus musculus	vertebrate	proteome	high	0.9759	979	include
kir	Q61743__Musmus	sp|Q61743|KCJ11_MOUSE	Mus musculus	vertebrate	proteome	high	0.9169	390	include
kv_shaker	Q61762__Musmus	sp|Q61762|KCNA5_MOUSE	Mus musculus	vertebrate	proteome	high	0.8514	602	include
kv_shaker	Q61923__Musmus	sp|Q61923|KCNA6_MOUSE	Mus musculus	vertebrate	proteome	high	0.7536	529	include
nav	Q62205__Musmus	sp|Q62205|SCN9A_MOUSE	Mus musculus	vertebrate	proteome	high	0.9961	1984	include
cng	Q62398__Musmus	sp|Q62398|CNGA2_MOUSE	Mus musculus	vertebrate	proteome	high	0.9448	664	include
nmda	Q62645__Ratnor	sp|Q62645|NMDE4_RAT	Rattus norvegicus	vertebrate	proteome	high	0.9957	1323	include
kv_shaker	Q62897__Ratnor	sp|Q62897|KCND3_RAT	Rattus norvegicus	vertebrate	proteome	high	0.9438	655	include
cng	Q62927__Ratnor	sp|Q62927|CNGA1_RAT	Rattus norvegicus	vertebrate	proteome	high	0.9519	683	include
asic	Q62962__Ratnor	sp|Q62962|ASIC2_RAT	Rattus norvegicus	vertebrate	proteome	high	1.0	512	include
nav	Q62968__Ratnor	sp|Q62968|SCNAA_RAT	Rattus norvegicus	vertebrate	proteome	high	0.9972	1956	include
kca_slo	Q62976__Ratnor	sp|Q62976|KCMA1_RAT	Rattus norvegicus	vertebrate	proteome	high	0.9937	1209	include
kv_shaker	Q63099__Ratnor	sp|Q63099|KCNB2_RAT	Rattus norvegicus	vertebrate	proteome	medium	0.9275		profile_medium
itpr	Q63269__Ratnor	sp|Q63269|ITPR3_RAT	Rattus norvegicus	vertebrate	proteome	high	0.9978	2670	include
kainate	Q63273__Ratnor	sp|Q63273|GRIK5_RAT	Rattus norvegicus	vertebrate	proteome	high	0.9759	979	duplicate_of:Q61626__Musmus
kv_eag	Q63472__Ratnor	sp|Q63472|KCNH1_RAT	Rattus norvegicus	vertebrate	proteome	high	0.9123	962	include
kir	Q63511__Ratnor	sp|Q63511|KCNJ9_RAT	Rattus norvegicus	vertebrate	proteome	high	0.8875	393	include
kir	Q63664__Ratnor	sp|Q63664|KCNJ8_RAT	Rattus norvegicus	vertebrate	proteome	high	0.9756	424	include
kv_shaker	Q63734__Ratnor	sp|Q63734|KCNC4_RAT	Rattus norvegicus	vertebrate	proteome	high	0.8696	625	include
kv_shaker	Q63881__Ratnor	sp|Q63881|KCND2_RAT	Rattus norvegicus	vertebrate	proteome	high	0.9547	630	include
kv_shaker	Q63959__Musmus	sp|Q63959|KCNC3_MOUSE	Mus musculus	vertebrate	proteome	high	0.7681	769	include
glyr	Q64018__Musmus	sp|Q64018|GLRA1_MOUSE	Mus musculus	vertebrate	proteome	high	0.9848	457	include
kir	Q64273__Ratnor	sp|Q64273|KCNJ2_RAT	Rattus norvegicus	vertebrate	proteome	high	0.9878	427	include
clc_channel	Q64347__Musmus	sp|Q64347|CLCN1_MOUSE	Mus musculus	vertebrate	proteome	high	0.9841	994	include
cng	Q64359__Ratnor	sp|Q64359|CNGA4_RAT	Rattus norvegicus	vertebrate	proteome	high	0.7977	575	include
connexin	Q64448__Musmus	sp|Q64448|CXA3_MOUSE	Mus musculus	vertebrate	proteome	high	0.9743	417	include
p2x	Q64663__Ratnor	sp|Q64663|P2RX7_RAT	Rattus norvegicus	vertebrate	proteome	high	0.9835	595	include
cng	Q653P0__Orysat	sp|Q653P0|KOR1_ORYSJ	Oryza sativa	plant	proteome	medium	0.57		profile_medium
lrrc8	Q66JT1__Musmus	sp|Q66JT1|LRC8E_MOUSE	Mus musculus	vertebrate	proteome	high	1.0	795	include
lrrc8	Q68F79__Xentro	sp|Q68F79|LRC8E_XENTR	Xenopus tropicalis	vertebrate	proteome	high	0.9988	806	include
tric	Q68FV1__Ratnor	sp|Q68FV1|TM38B_RAT	Rattus norvegicus	vertebrate	proteome	high	0.9729	291	include
k2p	Q69TN4__Orysat	sp|Q69TN4|KCO3_ORYSJ	Oryza sativa	plant	proteome	high	0.5896	456	include
catsper	Q6AXP6__Ratnor	sp|Q6AXP6|CTSR2_RAT	Rattus norvegicus	vertebrate	proteome	high	0.961	584	include
orai	Q6AXR8__Ratnor	sp|Q6AXR8|ORAI3_RAT	Rattus norvegicus	vertebrate	proteome	high	0.9074	290	include
tmem175	Q6AY05__Ratnor	sp|Q6AY05|TM175_RAT	Rattus norvegicus	vertebrate	proteome	high	1.0	499	include
bestrophin	Q6H1V1__Musmus	sp|Q6H1V1|BEST3_MOUSE	Mus musculus	vertebrate	proteome	high	0.9867	669	include
pannexin	Q6IMP4__Musmus	sp|Q6IMP4|PANX2_MOUSE	Mus musculus	vertebrate	proteome	high	0.9932	677	include
trpp	Q6IVV8__Danrer	sp|Q6IVV8|PKD2_DANRE	Danio rerio	vertebrate	proteome	high	0.9888	904	include
kv_eag	Q6K3T2__Orysat	sp|Q6K3T2|KAT1_ORYSJ	Oryza sativa	plant	proteome	medium	0.5992		profile_medium
vdac	Q6K548__Orysat	sp|Q6K548|VDAC1_ORYSJ	Oryza sativa	plant	proteome	high	0.9928	274	include
vdac	Q6L5I5__Orysat	sp|Q6L5I5|VDAC2_ORYSJ	Oryza sativa	plant	proteome	high	0.9856	280	include
osca_tmem63	Q6NP91__Dromel	sp|Q6NP91|TM63_DROME	Drosophila melanogaster	invertebrate	proteome	high	0.9711	760	include
lrrc8	Q6NSJ5__Homsap	sp|Q6NSJ5|LRC8E_HUMAN	Homo sapiens	vertebrate	proteome	high	1.0	796	include
asic	Q6NXK8__Musmus	sp|Q6NXK8|ASIC1_MOUSE	Mus musculus	vertebrate	proteome	high	1.0	526	include
connexin	Q6NZH5__Xentro	sp|Q6NZH5|CXG1_XENTR	Xenopus tropicalis	vertebrate	proteome	high	0.8778	377	include
tric	Q6P2T0__Danrer	sp|Q6P2T0|TM38A_DANRE	Danio rerio	vertebrate	proteome	high	1.0	295	include
vdac	Q6P825__Xentro	sp|Q6P825|TOM40_XENTR	Xenopus tropicalis	vertebrate	proteome	high	0.9892	336	include
tric	Q6P8F8__Xentro	sp|Q6P8F8|TM38A_XENTR	Xenopus tropicalis	vertebrate	proteome	high	1.0	295	include
orai	Q6P8G8__Musmus	sp|Q6P8G8|ORAI3_MOUSE	Mus musculus	vertebrate	proteome	high	0.9074	290	include
lrrc8	Q6P9F7__Homsap	sp|Q6P9F7|LRC8B_HUMAN	Homo sapiens	vertebrate	proteome	high	1.0	803	include
connexin	Q6PEY0__Homsap	sp|Q6PEY0|CXB7_HUMAN	Homo sapiens	vertebrate	proteome	high	0.7492	223	include
kv_modifier	Q6PIU1__Homsap	sp|Q6PIU1|KCNV1_HUMAN	Homo sapiens	vertebrate	proteome	high	0.9599	500	include
k2p	Q6Q1P3__Ratnor	sp|Q6Q1P3|KCNKI_RAT	Rattus norvegicus	vertebrate	proteome	high	0.6443	405	include
nalcn	Q6Q760__Ratnor	sp|Q6Q760|NALCN_RAT	Rattus norvegicus	vertebrate	proteome	high	1.0	1738	include
nav	Q6QIY3__Musmus	sp|Q6QIY3|SCNAA_MOUSE	Mus musculus	vertebrate	proteome	high	0.9972	1958	include
trpa	Q6RI86__Ratnor	sp|Q6RI86|TRPA1_RAT	Rattus norvegicus	vertebrate	proteome	high	0.9964	1125	include
connexin	Q6S5G4__Musmus	sp|Q6S5G4|CXA6_MOUSE	Mus musculus	vertebrate	proteome	high	0.7653	283	include
orai	Q6TLE6__Danrer	sp|Q6TLE6|CRCM1_DANRE	Danio rerio	vertebrate	proteome	high	0.8037	222	include
kca_slo	Q6UVM3__Homsap	sp|Q6UVM3|KCNT2_HUMAN	Homo sapiens	vertebrate	proteome	high	0.9175	1135	include
kca_slo	Q6UVM4__Ratnor	sp|Q6UVM4|KCNT2_RAT	Rattus norvegicus	vertebrate	proteome	high	0.9175	1142	include
k2p	Q6VV64__Musmus	sp|Q6VV64|KCNKI_MOUSE	Mus musculus	vertebrate	proteome	high	0.6443	394	include
asic	Q6X1Y6__Musmus	sp|Q6X1Y6|ASIC3_MOUSE	Mus musculus	vertebrate	proteome	high	0.9674	530	include
kca_slo	Q6ZPR4__Musmus	sp|Q6ZPR4|KCNT1_MOUSE	Mus musculus	vertebrate	proteome	high	0.913	1224	include
trpv	Q704Y3__Musmus	sp|Q704Y3|TRPV1_MOUSE	Mus musculus	vertebrate	proteome	high	0.9926	839	include
asic	Q708S3__Danrer	sp|Q708S3|ASI4B_DANRE	Danio rerio	vertebrate	proteome	high	0.9271	558	include
asic	Q708S4__Danrer	sp|Q708S4|ASI4A_DANRE	Danio rerio	vertebrate	proteome	high	0.9827	539	include
asic	Q708S5__Danrer	sp|Q708S5|ASIC2_DANRE	Danio rerio	vertebrate	proteome	high	0.975	533	include
asic	Q708S6__Danrer	sp|Q708S6|ASI1C_DANRE	Danio rerio	vertebrate	proteome	high	0.9271	529	include
asic	Q708S7__Danrer	sp|Q708S7|ASI1A_DANRE	Danio rerio	vertebrate	proteome	high	0.9386	501	include
asic	Q708S8__Danrer	sp|Q708S8|ASI1B_DANRE	Danio rerio	vertebrate	proteome	high	0.9904	557	include
ht3	Q70Z44__Homsap	sp|Q70Z44|5HT3D_HUMAN	Homo sapiens	vertebrate	proteome	high	1.0	454	include
vdac	Q75Q40__Ratnor	sp|Q75Q40|TOM40_RAT	Rattus norvegicus	vertebrate	proteome	high	0.9892	361	include
vdac	Q7F4F8__Orysat	sp|Q7F4F8|VDAC3_ORYSJ	Oryza sativa	plant	proteome	high	0.9892	275	include
kca_sk	Q7KVW5__Dromel	sp|Q7KVW5|KCNN_DROME	Drosophila melanogaster	invertebrate	proteome	high	0.9762	927	include
lrrc8	Q7L1W4__Homsap	sp|Q7L1W4|LRC8D_HUMAN	Homo sapiens	vertebrate	proteome	high	0.9988	858	include
otop	Q7M734__Ratnor	sp|Q7M734|OTOP1_RAT	Rattus norvegicus	vertebrate	proteome	high	0.9966	600	include
plgic_prok	Q7NDN8__Glovio	sp|Q7NDN8|GLIC_GLOVI	Gloeobacter violaceus	prokaryote	proteome	high	1.0	359	include
otop	Q7RTM1__Homsap	sp|Q7RTM1|OTOP1_HUMAN	Homo sapiens	vertebrate	proteome	high	0.9966	612	include
otop	Q7RTS5__Homsap	sp|Q7RTS5|OTOP3_HUMAN	Homo sapiens	vertebrate	proteome	high	0.9948	596	include
otop	Q7RTS6__Homsap	sp|Q7RTS6|OTOP2_HUMAN	Homo sapiens	vertebrate	proteome	high	0.9088	562	include
catsper	Q7RTX7__Homsap	sp|Q7RTX7|CTSR4_HUMAN	Homo sapiens	vertebrate	proteome	high	0.9261	472	include
connexin	Q7T047__Danrer	sp|Q7T047|CX32_DANRE	Danio rerio	vertebrate	proteome	high	0.8778	277	include
kv_shaker	Q7T199__Galgal	sp|Q7T199|KCA10_CHICK	Gallus gallus	vertebrate	proteome	high	0.7464	516	include
trpm	Q7TN37__Musmus	sp|Q7TN37|TRPM4_MOUSE	Mus musculus	vertebrate	proteome	high	0.6839	1213	include
glyr	Q7TNC8__Musmus	sp|Q7TNC8|GLRA2_MOUSE	Mus musculus	vertebrate	proteome	high	1.0	452	include
asic	Q7TNS7__Musmus	sp|Q7TNS7|ASIC4_MOUSE	Mus musculus	vertebrate	proteome	high	0.9942	539	include
kv_modifier	Q7TSH7__Musmus	sp|Q7TSH7|KCNF1_MOUSE	Mus musculus	vertebrate	proteome	medium	0.9262		profile_medium
iglur_nonvertebrate	Q7XJL2__Aratha	sp|Q7XJL2|GLR31_ARATH	Arabidopsis thaliana	plant	proteome	high	0.8318	925	include
iglur_nonvertebrate	Q7XP59__Orysat	sp|Q7XP59|GLR31_ORYSJ	Oryza sativa	plant	proteome	high	0.8318	938	include
cng	Q7XUW4__Orysat	sp|Q7XUW4|KOR2_ORYSJ	Oryza sativa	plant	proteome	medium	0.6195		profile_medium
trpa	Q7Z020__Dromel	sp|Q7Z020|TRPA1_DROME	Drosophila melanogaster	invertebrate	proteome	high	0.9115	1197	include
trpm	Q7Z2W7__Homsap	sp|Q7Z2W7|TRPM8_HUMAN	Homo sapiens	vertebrate	proteome	high	0.615	1104	include
k2p	Q7Z418__Homsap	sp|Q7Z418|KCNKI_HUMAN	Homo sapiens	vertebrate	proteome	high	0.6542	384	include
trpm	Q7Z4N2__Homsap	sp|Q7Z4N2|TRPM1_HUMAN	Homo sapiens	vertebrate	proteome	high	0.8667	1603	include
tric	Q7ZVP8__Danrer	sp|Q7ZVP8|TM38B_DANRE	Danio rerio	vertebrate	proteome	high	0.9627	289	include
otop	Q7ZWK8__Danrer	sp|Q7ZWK8|OTOP1_DANRE	Danio rerio	vertebrate	proteome	high	1.0	586	include
otop	Q80SX5__Musmus	sp|Q80SX5|OTOP2_MOUSE	Mus musculus	vertebrate	proteome	high	0.9088	563	include
otop	Q80UF9__Musmus	sp|Q80UF9|OTOP3_MOUSE	Mus musculus	vertebrate	proteome	high	0.969	577	include
otop	Q80VM9__Musmus	sp|Q80VM9|OTOP1_MOUSE	Mus musculus	vertebrate	proteome	high	0.9931	600	include
catsper	Q80W99__Musmus	sp|Q80W99|CTSR3_MOUSE	Mus musculus	vertebrate	proteome	high	0.7248	395	include
lrrc8	Q80WG5__Musmus	sp|Q80WG5|LRC8A_MOUSE	Mus musculus	vertebrate	proteome	high	0.9988	810	include
connexin	Q80XF7__Ratnor	sp|Q80XF7|CXG2_RAT	Rattus norvegicus	vertebrate	proteome	high	0.9164	440	include
kv_modifier	Q80XM3__Musmus	sp|Q80XM3|KCNG4_MOUSE	Mus musculus	vertebrate	proteome	high	0.9388	506	include
mcu	Q810S1__Musmus	sp|Q810S1|MCUB_MOUSE	Mus musculus	vertebrate	proteome	high	0.9072	345	include
mscs	Q84M97__Aratha	sp|Q84M97|MSL9_ARATH	Arabidopsis thaliana	plant	proteome	high	0.8703	742	include
vdac	Q84P97__Orysat	sp|Q84P97|VDAC5_ORYSJ	Oryza sativa	plant	proteome	high	0.9928	277	include
iglur_nonvertebrate	Q84W41__Aratha	sp|Q84W41|GLR36_ARATH	Arabidopsis thaliana	plant	proteome	high	0.7755	903	include
k2p	Q850M0__Orysat	sp|Q850M0|KCO1_ORYSJ	Oryza sativa	plant	proteome	high	0.5697	347	include
p2x_nonmetazoan	Q86JM7__Dicdis	sp|Q86JM7|P2XA_DICDI	Dictyostelium discoideum	amoebozoa	proteome	high	1.0	378	include
asic	Q86LG1__Dromel	sp|Q86LG1|PPK28_DROME	Drosophila melanogaster	invertebrate	proteome	medium	0.6526		profile_medium
calhm	Q86XJ0__Homsap	sp|Q86XJ0|CAHM3_HUMAN	Homo sapiens	vertebrate	proteome	high	0.981	344	include
catsper	Q86XQ3__Homsap	sp|Q86XQ3|CTSR3_HUMAN	Homo sapiens	vertebrate	proteome	high	0.7906	398	include
kca_slo	Q8AYS8__Galgal	sp|Q8AYS8|KCMA1_CHICK	Gallus gallus	vertebrate	proteome	high	0.9973	1137	include
bestrophin	Q8BGM5__Musmus	sp|Q8BGM5|BEST2_MOUSE	Mus musculus	vertebrate	proteome	high	0.9943	508	include
lrrc8	Q8BGR2__Musmus	sp|Q8BGR2|LRC8D_MOUSE	Mus musculus	vertebrate	proteome	high	0.9988	859	include
orai	Q8BH10__Musmus	sp|Q8BH10|ORAI2_MOUSE	Mus musculus	vertebrate	proteome	high	0.8778	250	include
gabaa	Q8BHJ7__Musmus	sp|Q8BHJ7|GBRA5_MOUSE	Mus musculus	vertebrate	proteome	high	0.9759	463	include
ano_channel	Q8BHY3__Musmus	sp|Q8BHY3|ANO1_MOUSE	Mus musculus	vertebrate	proteome	high	0.9758	960	include
trpa	Q8BLA8__Musmus	sp|Q8BLA8|TRPA1_MOUSE	Mus musculus	vertebrate	proteome	high	0.9964	1125	include
kainate	Q8BMF5__Musmus	sp|Q8BMF5|GRIK4_MOUSE	Mus musculus	vertebrate	proteome	high	0.9824	956	include
nachr	Q8BMN3__Musmus	sp|Q8BMN3|ACHB3_MOUSE	Mus musculus	vertebrate	proteome	high	0.9731	464	include
connexin	Q8BQU6__Musmus	sp|Q8BQU6|CXG2_MOUSE	Mus musculus	vertebrate	proteome	high	0.8907	440	include
kv_modifier	Q8BQZ8__Musmus	sp|Q8BQZ8|KCNS3_MOUSE	Mus musculus	vertebrate	proteome	high	0.9515	491	include
connexin	Q8BSD4__Musmus	sp|Q8BSD4|CXD4_MOUSE	Mus musculus	vertebrate	proteome	high	0.791	364	include
trpn	Q8BTI7__Musmus	sp|Q8BTI7|ANR52_MOUSE	Mus musculus	vertebrate	proteome	medium	0.3235		profile_medium
k2p	Q8BUW1__Musmus	sp|Q8BUW1|KCNKA_MOUSE	Mus musculus	vertebrate	proteome	high	0.9602	535	include
catsper	Q8BVN3__Musmus	sp|Q8BVN3|CTSR4_MOUSE	Mus musculus	vertebrate	proteome	high	0.8152	442	include
tpc	Q8BWC0__Musmus	sp|Q8BWC0|TPC2_MOUSE	Mus musculus	vertebrate	proteome	high	0.9398	731	include
orai	Q8BWG9__Musmus	sp|Q8BWG9|ORAI1_MOUSE	Mus musculus	vertebrate	proteome	high	1.0	304	include
nalcn	Q8BXR5__Musmus	sp|Q8BXR5|NALCN_MOUSE	Mus musculus	vertebrate	proteome	high	1.0	1738	include
kv_modifier	Q8BZN2__Musmus	sp|Q8BZN2|KCNV1_MOUSE	Mus musculus	vertebrate	proteome	high	0.9599	503	include
calhm	Q8C9E8__Musmus	sp|Q8C9E8|CAHM6_MOUSE	Mus musculus	vertebrate	proteome	high	0.9399	313	include
osca_tmem63	Q8CBX0__Musmus	sp|Q8CBX0|TM63C_MOUSE	Mus musculus	vertebrate	proteome	high	0.9799	802	include
piezo	Q8CD54__Musmus	sp|Q8CD54|PIEZ2_MOUSE	Mus musculus	vertebrate	proteome	high	0.9996	2822	include
calhm	Q8CE93__Musmus	sp|Q8CE93|CAHM4_MOUSE	Mus musculus	vertebrate	proteome	high	0.8892	315	include
pannexin	Q8CEG0__Musmus	sp|Q8CEG0|PANX3_MOUSE	Mus musculus	vertebrate	proteome	high	0.8688	392	include
kv_modifier	Q8CFS6__Musmus	sp|Q8CFS6|KCNV2_MOUSE	Mus musculus	vertebrate	proteome	high	0.943	562	include
ano_channel	Q8CFW1__Musmus	sp|Q8CFW1|ANO2_MOUSE	Mus musculus	vertebrate	proteome	high	0.999	1002	include
trpm	Q8CIR4__Musmus	sp|Q8CIR4|TRPM6_MOUSE	Mus musculus	vertebrate	proteome	high	0.9954	2028	include
osca_tmem63	Q8GUH7__Aratha	sp|Q8GUH7|OSC23_ARATH	Arabidopsis thaliana	plant	proteome	high	0.8881	703	include
iglur_nonvertebrate	Q8GXJ4__Aratha	sp|Q8GXJ4|GLR34_ARATH	Arabidopsis thaliana	plant	proteome	high	0.9955	959	include
kv_eag	Q8H569__Orysat	sp|Q8H569|AKT3_ORYSJ	Oryza sativa	plant	proteome	medium	0.4477		profile_medium
kv_shaker	Q8I4B0__Caeele	sp|Q8I4B0|KCNSK_CAEEL	Caenorhabditis elegans	invertebrate	proteome	high	0.7409	536	include
kca_slo	Q8IKI3__Plafal	sp|Q8IKI3|KCH2_PLAF7	Plasmodium falciparum	apicomplexa	proteome	medium	0.398		profile_medium
mcu	Q8IQ70__Dromel	sp|Q8IQ70|MCU_DROME	Drosophila melanogaster	invertebrate	proteome	high	0.7913	366	include
calhm	Q8IU99__Homsap	sp|Q8IU99|CAHM1_HUMAN	Homo sapiens	vertebrate	proteome	high	0.9557	346	include
cng	Q8IV77__Homsap	sp|Q8IV77|CNGA4_HUMAN	Homo sapiens	vertebrate	proteome	high	0.8034	575	include
lrrc8	Q8IWT6__Homsap	sp|Q8IWT6|LRC8A_HUMAN	Homo sapiens	vertebrate	proteome	high	0.9988	810	include
nalcn	Q8IZF0__Homsap	sp|Q8IZF0|NALCN_HUMAN	Homo sapiens	vertebrate	proteome	high	1.0	1738	include
trpml	Q8IZK6__Homsap	sp|Q8IZK6|MCLN2_HUMAN	Homo sapiens	vertebrate	proteome	high	0.9842	566	include
kir	Q8JZN3__Musmus	sp|Q8JZN3|KCJ14_MOUSE	Mus musculus	vertebrate	proteome	high	0.8949	434	include
kv_kcnq	Q8K3F6__Musmus	sp|Q8K3F6|KCNQ3_MOUSE	Mus musculus	vertebrate	proteome	high	0.9955	873	include
p2x	Q8K3P1__Musmus	sp|Q8K3P1|P2RX2_MOUSE	Mus musculus	vertebrate	proteome	high	0.8941	485	include
trpv	Q8K424__Musmus	sp|Q8K424|TRPV3_MOUSE	Mus musculus	vertebrate	proteome	high	0.9778	791	include
connexin	Q8K4Q9__Ratnor	sp|Q8K4Q9|CXA8_RAT	Rattus norvegicus	vertebrate	proteome	high	0.9936	440	include
trpml	Q8K595__Musmus	sp|Q8K595|MCLN2_MOUSE	Mus musculus	vertebrate	proteome	high	0.9895	566	include
mscs	Q8L7W1__Aratha	sp|Q8L7W1|MSL3_ARATH	Arabidopsis thaliana	plant	proteome	high	0.7184	678	include
k2p	Q8LBL1__Aratha	sp|Q8LBL1|KCO1_ARATH	Arabidopsis thaliana	plant	proteome	high	0.5896	363	include
iglur_nonvertebrate	Q8LGN0__Aratha	sp|Q8LGN0|GLR27_ARATH	Arabidopsis thaliana	plant	proteome	high	0.6991	952	include
iglur_nonvertebrate	Q8LGN1__Aratha	sp|Q8LGN1|GLR14_ARATH	Arabidopsis thaliana	plant	proteome	high	0.6909	861	include
k2p	Q8LIN5__Orysat	sp|Q8LIN5|KCO2_ORYSJ	Oryza sativa	plant	proteome	high	0.5821	349	include
connexin	Q8N144__Homsap	sp|Q8N144|CXD3_HUMAN	Homo sapiens	vertebrate	proteome	high	0.7653	294	include
gabaa	Q8N1C3__Homsap	sp|Q8N1C3|GBRG1_HUMAN	Homo sapiens	vertebrate	proteome	high	0.9518	465	include
bestrophin	Q8N1M1__Homsap	sp|Q8N1M1|BEST3_HUMAN	Homo sapiens	vertebrate	proteome	high	0.9962	668	include
calhm	Q8N5C1__Homsap	sp|Q8N5C1|CAHM5_HUMAN	Homo sapiens	vertebrate	proteome	high	1.0	309	include
trpn	Q8NB46__Homsap	sp|Q8NB46|ANR52_HUMAN	Homo sapiens	vertebrate	proteome	medium	0.3372		profile_medium
kv_eag	Q8NCM2__Homsap	sp|Q8NCM2|KCNH5_HUMAN	Homo sapiens	vertebrate	proteome	high	0.9242	988	include
mcu	Q8NE86__Homsap	sp|Q8NE86|MCU_HUMAN	Homo sapiens	vertebrate	proteome	high	0.9913	351	include
catsper	Q8NEC5__Homsap	sp|Q8NEC5|CTSR1_HUMAN	Homo sapiens	vertebrate	proteome	high	1.0	780	include
trpv	Q8NER1__Homsap	sp|Q8NER1|TRPV1_HUMAN	Homo sapiens	vertebrate	proteome	high	0.9938	839	include
trpv	Q8NET8__Homsap	sp|Q8NET8|TRPV3_HUMAN	Homo sapiens	vertebrate	proteome	high	0.9753	790	include
connexin	Q8NFK1__Homsap	sp|Q8NFK1|CXG3_HUMAN	Homo sapiens	vertebrate	proteome	high	0.8135	279	include
bestrophin	Q8NFU0__Homsap	sp|Q8NFU0|BEST4_HUMAN	Homo sapiens	vertebrate	proteome	high	0.8653	473	include
bestrophin	Q8NFU1__Homsap	sp|Q8NFU1|BEST2_HUMAN	Homo sapiens	vertebrate	proteome	high	0.9981	509	include
tpc	Q8NHX9__Homsap	sp|Q8NHX9|TPC2_HUMAN	Homo sapiens	vertebrate	proteome	high	0.9843	752	include
kca_slo	Q8QFV0__Galgal	sp|Q8QFV0|KCNT1_CHICK	Gallus gallus	vertebrate	proteome	high	0.9238	1201	include
gabaa	Q8QZW7__Musmus	sp|Q8QZW7|GBRP_MOUSE	Mus musculus	vertebrate	proteome	high	0.9693	440	include
calhm	Q8R100__Musmus	sp|Q8R100|CAHM5_MOUSE	Mus musculus	vertebrate	proteome	high	0.9905	309	include
kv_shaker	Q8R1C0__Musmus	sp|Q8R1C0|KCNC4_MOUSE	Mus musculus	vertebrate	proteome	high	0.8696	628	include
k2p	Q8R1P5__Musmus	sp|Q8R1P5|KCNKD_MOUSE	Mus musculus	vertebrate	proteome	high	0.8706	405	include
trpm	Q8R455__Ratnor	sp|Q8R455|TRPM8_RAT	Rattus norvegicus	vertebrate	proteome	high	0.6145	1104	include
nachr	Q8R493__Musmus	sp|Q8R493|ACHB4_MOUSE	Mus musculus	vertebrate	proteome	high	0.9876	495	include
trpm	Q8R4D5__Musmus	sp|Q8R4D5|TRPM8_MOUSE	Mus musculus	vertebrate	proteome	high	0.6156	1104	include
trpml	Q8R4F0__Musmus	sp|Q8R4F0|MCLN3_MOUSE	Mus musculus	vertebrate	proteome	high	0.9299	553	include
nachr	Q8R4G9__Musmus	sp|Q8R4G9|ACHA3_MOUSE	Mus musculus	vertebrate	proteome	high	0.9752	499	include
lrrc8	Q8R502__Musmus	sp|Q8R502|LRC8C_MOUSE	Mus musculus	vertebrate	proteome	high	0.9988	803	include
kv_modifier	Q8R523__Ratnor	sp|Q8R523|KCNG3_RAT	Rattus norvegicus	vertebrate	proteome	high	0.8755	433	include
k2p	Q8R5I0__Ratnor	sp|Q8R5I0|KCNKF_RAT	Rattus norvegicus	vertebrate	proteome	high	0.6766	318	include
kv_modifier	Q8TAE7__Homsap	sp|Q8TAE7|KCNG3_HUMAN	Homo sapiens	vertebrate	proteome	high	0.8776	436	include
nmda	Q8TCU5__Homsap	sp|Q8TCU5|NMD3A_HUMAN	Homo sapiens	vertebrate	proteome	high	0.8116	1115	include
trpm	Q8TD43__Homsap	sp|Q8TD43|TRPM4_HUMAN	Homo sapiens	vertebrate	proteome	high	0.6845	1214	include
trpml	Q8TDD5__Homsap	sp|Q8TDD5|MCLN3_HUMAN	Homo sapiens	vertebrate	proteome	high	0.9422	553	include
kv_modifier	Q8TDN1__Homsap	sp|Q8TDN1|KCNG4_HUMAN	Homo sapiens	vertebrate	proteome	high	0.9599	519	include
kv_modifier	Q8TDN2__Homsap	sp|Q8TDN2|KCNV2_HUMAN	Homo sapiens	vertebrate	proteome	high	0.9241	545	include
lrrc8	Q8TDW0__Homsap	sp|Q8TDW0|LRC8C_HUMAN	Homo sapiens	vertebrate	proteome	high	1.0	803	include
trpn	Q8VBX0__Musmus	sp|Q8VBX0|ASB13_MOUSE	Mus musculus	vertebrate	proteome	medium	0.3114		profile_medium
calhm	Q8VEC4__Musmus	sp|Q8VEC4|CAHM2_MOUSE	Mus musculus	vertebrate	proteome	high	0.981	323	include
nmda	Q8VHN2__Ratnor	sp|Q8VHN2|NMD3B_RAT	Rattus norvegicus	vertebrate	proteome	high	0.7766	1002	include
mcu	Q8VYR0__Aratha	sp|Q8VYR0|MCU2_ARATH	Arabidopsis thaliana	plant	proteome	medium	0.3304		profile_medium
mscs	Q8VZL4__Aratha	sp|Q8VZL4|MSL1_ARATH	Arabidopsis thaliana	plant	proteome	high	0.6709	497	include
osca_tmem63	Q8VZM5__Aratha	sp|Q8VZM5|OSC16_ARATH	Arabidopsis thaliana	plant	proteome	high	0.9057	761	include
ht3	Q8WXA8__Homsap	sp|Q8WXA8|5HT3C_HUMAN	Homo sapiens	vertebrate	proteome	high	1.0	447	include
cng	Q90805__Galgal	sp|Q90805|CNG1_CHICK	Gallus gallus	vertebrate	proteome	high	0.9562	735	include
gabaa	Q90845__Galgal	sp|Q90845|GBRA6_CHICK	Gallus gallus	vertebrate	proteome	high	0.9364	465	include
kir	Q90854__Galgal	sp|Q90854|KCNJ3_CHICK	Gallus gallus	vertebrate	proteome	high	0.8509	492	include
cng	Q90980__Galgal	sp|Q90980|CNG3_CHICK	Gallus gallus	vertebrate	proteome	high	0.8586	645	include
p2x	Q91VE2__Musmus	sp|Q91VE2|P2RX5_MOUSE	Mus musculus	vertebrate	proteome	high	0.9365	455	include
trpv	Q91WD2__Musmus	sp|Q91WD2|TRPV6_MOUSE	Mus musculus	vertebrate	proteome	high	0.9359	767	include
nachr	Q91X60__Musmus	sp|Q91X60|ACHA2_MOUSE	Mus musculus	vertebrate	proteome	high	0.971	512	include
glyr	Q91XP5__Musmus	sp|Q91XP5|GLRA3_MOUSE	Mus musculus	vertebrate	proteome	high	0.9892	464	include
connexin	Q91YD1__Musmus	sp|Q91YD1|CXD3_MOUSE	Mus musculus	vertebrate	proteome	high	0.7235	278	include
trpm	Q91YD4__Musmus	sp|Q91YD4|TRPM2_MOUSE	Mus musculus	vertebrate	proteome	high	0.6521	1506	include
osca_tmem63	Q91YT8__Musmus	sp|Q91YT8|TM63A_MOUSE	Mus musculus	vertebrate	proteome	high	0.9535	804	include
kir	Q91ZF1__Ratnor	sp|Q91ZF1|KCJ15_RAT	Rattus norvegicus	vertebrate	proteome	high	0.8362	405	include
catsper	Q91ZR5__Musmus	sp|Q91ZR5|CTSR1_MOUSE	Mus musculus	vertebrate	proteome	high	0.9097	686	include
nmda	Q91ZU9__Musmus	sp|Q91ZU9|NMD3B_MOUSE	Mus musculus	vertebrate	proteome	high	0.7758	1003	include
connexin	Q92052__Danrer	sp|Q92052|CXG1_DANRE	Danio rerio	vertebrate	proteome	high	0.955	380	include
enac	Q92075__Galgal	sp|Q92075|SCNNA_CHICK	Gallus gallus	vertebrate	proteome	high	0.924	637	include
k2p	Q920B6__Ratnor	sp|Q920B6|KCNK2_RAT	Rattus norvegicus	vertebrate	proteome	high	0.9353	426	include
kv_eag	Q920E3__Musmus	sp|Q920E3|KCNH5_MOUSE	Mus musculus	vertebrate	proteome	high	0.9123	988	include
connexin	Q921C1__Musmus	sp|Q921C1|CXG3_MOUSE	Mus musculus	vertebrate	proteome	high	0.7653	269	include
trpm	Q923J1__Musmus	sp|Q923J1|TRPM7_MOUSE	Mus musculus	vertebrate	proteome	high	0.9624	1863	include
piezo	Q92508__Homsap	sp|Q92508|PIEZ1_HUMAN	Homo sapiens	vertebrate	proteome	high	0.9996	2521	include
trpm	Q925B3__Ratnor	sp|Q925B3|TRPM7_RAT	Rattus norvegicus	vertebrate	proteome	high	0.9624	1862	include
asic	Q925H0__Musmus	sp|Q925H0|ASIC2_MOUSE	Mus musculus	vertebrate	proteome	high	1.0	512	include
ryr	Q92736__Homsap	sp|Q92736|RYR2_HUMAN	Homo sapiens	vertebrate	proteome	high	1.0	4967	include
kir	Q92806__Homsap	sp|Q92806|KCNJ9_HUMAN	Homo sapiens	vertebrate	proteome	high	0.8973	393	include
kca_sk	Q92952__Homsap	sp|Q92952|KCNN1_HUMAN	Homo sapiens	vertebrate	proteome	high	0.8558	543	include
kv_shaker	Q92953__Homsap	sp|Q92953|KCNB2_HUMAN	Homo sapiens	vertebrate	proteome	medium	0.9348		profile_medium
p2x	Q93086__Homsap	sp|Q93086|P2RX5_HUMAN	Homo sapiens	vertebrate	proteome	high	0.9859	444	include
nachr	Q93149__Caeele	sp|Q93149|ACR3_CAEEL	Caenorhabditis elegans	invertebrate	proteome	high	0.9627	487	include
trpm	Q93971__Caeele	sp|Q93971|TRPG_CAEEL	Caenorhabditis elegans	invertebrate	proteome	high	0.8013	2032	include
iglur_nonvertebrate	Q93YT1__Aratha	sp|Q93YT1|GLR32_ARATH	Arabidopsis thaliana	plant	proteome	high	0.8391	912	include
bestrophin	Q94175__Caeele	sp|Q94175|BEST9_CAEEL	Caenorhabditis elegans	invertebrate	proteome	high	0.6281	399	include
k2p	Q94526__Dromel	sp|Q94526|ORK1_DROME	Drosophila melanogaster	invertebrate	proteome	high	0.6269	1001	include
plgic_invertebrate	Q94900__Dromel	sp|Q94900|GLUCL_DROME	Drosophila melanogaster	invertebrate	proteome	high	0.9378	456	include
vdac	Q94920__Dromel	sp|Q94920|VDAC_DROME	Drosophila melanogaster	invertebrate	proteome	high	0.9928	282	include
osca_tmem63	Q94A87__Aratha	sp|Q94A87|OSC22_ARATH	Arabidopsis thaliana	plant	proteome	high	0.878	762	include
tpc	Q94KI8__Aratha	sp|Q94KI8|TPC1_ARATH	Arabidopsis thaliana	plant	proteome	high	0.9908	733	include
kca_slo	Q95V25__Caeele	sp|Q95V25|SLO1_CAEEL	Caenorhabditis elegans	invertebrate	proteome	high	0.9556	1140	include
gabaa	Q95Y52__Caeele	sp|Q95Y52|LGC46_CAEEL	Caenorhabditis elegans	invertebrate	proteome	medium	0.9759		profile_medium
vdac	Q969M1__Homsap	sp|Q969M1|TM40L_HUMAN	Homo sapiens	vertebrate	proteome	high	0.9892	308	include
connexin	Q969M2__Homsap	sp|Q969M2|CXA10_HUMAN	Homo sapiens	vertebrate	proteome	high	0.8232	543	include
orai	Q96D31__Homsap	sp|Q96D31|ORAI1_HUMAN	Homo sapiens	vertebrate	proteome	high	1.0	301	include
hv1	Q96D96__Homsap	sp|Q96D96|HVCN1_HUMAN	Homo sapiens	vertebrate	proteome	high	1.0	273	include
asic	Q96FT7__Homsap	sp|Q96FT7|ASIC4_HUMAN	Homo sapiens	vertebrate	proteome	high	0.9962	539	include
kv_modifier	Q96KK3__Homsap	sp|Q96KK3|KCNS1_HUMAN	Homo sapiens	vertebrate	proteome	high	0.9747	526	include
connexin	Q96KN9__Homsap	sp|Q96KN9|CXD4_HUMAN	Homo sapiens	vertebrate	proteome	high	0.9164	370	include
kv_eag	Q96L42__Homsap	sp|Q96L42|KCNH8_HUMAN	Homo sapiens	vertebrate	proteome	high	0.998	1107	include
catsper	Q96P56__Homsap	sp|Q96P56|CTSR2_HUMAN	Homo sapiens	vertebrate	proteome	high	0.9774	530	include
kv_shaker	Q96PR1__Homsap	sp|Q96PR1|KCNC2_HUMAN	Homo sapiens	vertebrate	proteome	high	0.9094	638	include
trpm	Q96QT4__Homsap	sp|Q96QT4|TRPM7_HUMAN	Homo sapiens	vertebrate	proteome	high	0.963	1865	include
pannexin	Q96QZ0__Homsap	sp|Q96QZ0|PANX3_HUMAN	Homo sapiens	vertebrate	proteome	high	0.8688	392	include
pannexin	Q96RD6__Homsap	sp|Q96RD6|PANX2_HUMAN	Homo sapiens	vertebrate	proteome	high	0.9932	677	include
pannexin	Q96RD7__Homsap	sp|Q96RD7|PANX1_HUMAN	Homo sapiens	vertebrate	proteome	high	0.991	426	include
kv_shaker	Q96RP8__Homsap	sp|Q96RP8|KCNA7_HUMAN	Homo sapiens	vertebrate	proteome	high	0.7428	456	include
orai	Q96SN7__Homsap	sp|Q96SN7|ORAI2_HUMAN	Homo sapiens	vertebrate	proteome	high	0.8741	254	include
k2p	Q96T54__Homsap	sp|Q96T54|KCNKH_HUMAN	Homo sapiens	vertebrate	proteome	high	0.709	332	include
k2p	Q96T55__Homsap	sp|Q96T55|KCNKG_HUMAN	Homo sapiens	vertebrate	proteome	high	0.6692	309	include
nachr	Q98880__Danrer	sp|Q98880|ACHA_DANRE	Danio rerio	vertebrate	proteome	high	0.9503	456	include
cav	Q99246__Musmus	sp|Q99246|CAC1D_MOUSE	Mus musculus	vertebrate	proteome	high	0.9908	2179	include
nav	Q99250__Homsap	sp|Q99250|SCN2A_HUMAN	Homo sapiens	vertebrate	proteome	high	0.9994	2005	include
p2x	Q99571__Homsap	sp|Q99571|P2RX4_HUMAN	Homo sapiens	vertebrate	proteome	high	0.9035	388	include
p2x	Q99572__Homsap	sp|Q99572|P2RX7_HUMAN	Homo sapiens	vertebrate	proteome	high	0.9835	595	include
kir	Q99712__Homsap	sp|Q99712|KCJ15_HUMAN	Homo sapiens	vertebrate	proteome	high	0.8289	375	include
gabaa	Q99928__Homsap	sp|Q99928|GBRG3_HUMAN	Homo sapiens	vertebrate	proteome	high	0.9518	467	include
trpml	Q99J21__Musmus	sp|Q99J21|MCLN1_MOUSE	Mus musculus	vertebrate	proteome	high	1.0	580	include
clc_channel	Q9BMK9__Caeele	sp|Q9BMK9|CLH3_CAEEL	Caenorhabditis elegans	invertebrate	proteome	high	0.8946	1001	include
kv_modifier	Q9BQ31__Homsap	sp|Q9BQ31|KCNS3_HUMAN	Homo sapiens	vertebrate	proteome	high	0.9515	491	include
orai	Q9BRQ5__Homsap	sp|Q9BRQ5|ORAI3_HUMAN	Homo sapiens	vertebrate	proteome	high	0.9074	295	include
tmem175	Q9BSA9__Homsap	sp|Q9BSA9|TM175_HUMAN	Homo sapiens	vertebrate	proteome	high	1.0	504	include
trpm	Q9BX84__Homsap	sp|Q9BX84|TRPM6_HUMAN	Homo sapiens	vertebrate	proteome	high	0.9972	2022	include
iglur_nonvertebrate	Q9C5V5__Aratha	sp|Q9C5V5|GLR28_ARATH	Arabidopsis thaliana	plant	proteome	high	0.6682	947	include
lrrc8	Q9C7T7__Aratha	sp|Q9C7T7|CEPR2_ARATH	Arabidopsis thaliana	plant	proteome	medium	0.3176		profile_medium
iglur_nonvertebrate	Q9C8E7__Aratha	sp|Q9C8E7|GLR33_ARATH	Arabidopsis thaliana	plant	proteome	high	0.8191	933	include
osca_tmem63	Q9C8G5__Aratha	sp|Q9C8G5|OSC31_ARATH	Arabidopsis thaliana	plant	proteome	high	0.9082	724	include
connexin	Q9CX92__Musmus	sp|Q9CX92|CXE1_MOUSE	Mus musculus	vertebrate	proteome	high	0.6302	205	include
tmem175	Q9CXY1__Musmus	sp|Q9CXY1|TM175_MOUSE	Mus musculus	vertebrate	proteome	high	1.0	499	include
vdac	Q9CZR3__Musmus	sp|Q9CZR3|TM40L_MOUSE	Mus musculus	vertebrate	proteome	high	0.9892	308	include
trpn	Q9D504__Musmus	sp|Q9D504|ANKR7_MOUSE	Mus musculus	vertebrate	proteome	medium	0.426		profile_medium
gabaa	Q9D6F4__Musmus	sp|Q9D6F4|GBRA4_MOUSE	Mus musculus	vertebrate	proteome	high	0.9825	552	include
tric	Q9DAV9__Musmus	sp|Q9DAV9|TM38B_MOUSE	Mus musculus	vertebrate	proteome	high	0.9729	292	include
kv_eag	Q9EPI9__Ratnor	sp|Q9EPI9|KCNH5_RAT	Rattus norvegicus	vertebrate	proteome	high	0.9123	988	include
trpv	Q9EPK8__Musmus	sp|Q9EPK8|TRPV4_MOUSE	Mus musculus	vertebrate	proteome	high	0.9926	871	include
cav	Q9EQ60__Ratnor	sp|Q9EQ60|CAC1H_RAT	Rattus norvegicus	vertebrate	proteome	high	0.753	2359	include
tpc	Q9EQJ0__Musmus	sp|Q9EQJ0|TPC1_MOUSE	Mus musculus	vertebrate	proteome	high	0.9856	817	include
kca_sk	Q9EQR3__Musmus	sp|Q9EQR3|KCNN1_MOUSE	Mus musculus	vertebrate	proteome	high	0.8447	537	include
kv_modifier	Q9ER26__Ratnor	sp|Q9ER26|KCNS2_RAT	Rattus norvegicus	vertebrate	proteome	high	0.9536	477	include
cng	Q9ER33__Ratnor	sp|Q9ER33|CNGA3_RAT	Rattus norvegicus	vertebrate	proteome	high	0.9434	670	include
kv_eag	Q9ER47__Musmus	sp|Q9ER47|KCNH7_MOUSE	Mus musculus	vertebrate	proteome	high	0.998	1195	include
nav	Q9ER60__Musmus	sp|Q9ER60|SCN4A_MOUSE	Mus musculus	vertebrate	proteome	high	0.9798	1841	include
nachr	Q9ERK7__Musmus	sp|Q9ERK7|ACHB2_MOUSE	Mus musculus	vertebrate	proteome	high	0.9855	501	include
k2p	Q9ERS0__Ratnor	sp|Q9ERS0|KCNKD_RAT	Rattus norvegicus	vertebrate	proteome	high	0.8706	405	include
k2p	Q9ERS1__Ratnor	sp|Q9ERS1|KCNKC_RAT	Rattus norvegicus	vertebrate	proteome	high	0.8657	430	include
trpv	Q9ERZ8__Ratnor	sp|Q9ERZ8|TRPV4_RAT	Rattus norvegicus	vertebrate	proteome	high	0.9914	871	include
k2p	Q9ES08__Ratnor	sp|Q9ES08|KCNK9_RAT	Rattus norvegicus	vertebrate	proteome	high	0.6816	396	include
gabaa	Q9ES14__Ratnor	sp|Q9ES14|GBRE_RAT	Rattus norvegicus	vertebrate	proteome	high	0.9452	506	include
trpm	Q9ESQ5__Ratnor	sp|Q9ESQ5|TRPM4_RAT	Rattus norvegicus	vertebrate	proteome	high	0.6834	1208	include
iglur_nonvertebrate	Q9FH75__Aratha	sp|Q9FH75|GLR13_ARATH	Arabidopsis thaliana	plant	proteome	high	0.6718	860	include
vdac	Q9FHQ9__Aratha	sp|Q9FHQ9|VDACL_ARATH	Arabidopsis thaliana	plant	proteome	high	0.5827	163	include
mcu	Q9FJV7__Aratha	sp|Q9FJV7|MCU5_ARATH	Arabidopsis thaliana	plant	proteome	medium	0.3304		profile_medium
vdac	Q9FJX3__Aratha	sp|Q9FJX3|VDAC2_ARATH	Arabidopsis thaliana	plant	proteome	high	0.9928	276	include
vdac	Q9FKM2__Aratha	sp|Q9FKM2|VDAC4_ARATH	Arabidopsis thaliana	plant	proteome	high	0.9856	274	include
k2p	Q9FL25__Aratha	sp|Q9FL25|KCO2_ARATH	Arabidopsis thaliana	plant	proteome	high	0.5746	443	include
osca_tmem63	Q9FVQ5__Aratha	sp|Q9FVQ5|OSC18_ARATH	Arabidopsis thaliana	plant	proteome	high	0.9447	806	include
k2p	Q9FWX6__Aratha	sp|Q9FWX6|KCO4_ARATH	Arabidopsis thaliana	plant	proteome	medium	0.4602		profile_medium
trpn	Q9FY48__Aratha	sp|Q9FY48|KEG_ARATH	Arabidopsis thaliana	plant	proteome	medium	0.3453		profile_medium
gabaa	Q9GQ00__Caeele	sp|Q9GQ00|MOD1_CAEEL	Caenorhabditis elegans	invertebrate	proteome	medium	0.9737		profile_medium
trpml	Q9GZU1__Homsap	sp|Q9GZU1|MCLN1_HUMAN	Homo sapiens	vertebrate	proteome	high	1.0	580	include
nachr	Q9GZZ6__Homsap	sp|Q9GZZ6|ACH10_HUMAN	Homo sapiens	vertebrate	proteome	high	0.8923	450	include
trpv	Q9H1D0__Homsap	sp|Q9H1D0|TRPV6_HUMAN	Homo sapiens	vertebrate	proteome	high	0.9827	765	include
kv_eag	Q9H252__Homsap	sp|Q9H252|KCNH6_HUMAN	Homo sapiens	vertebrate	proteome	high	0.8435	958	include
kca_sk	Q9H2S1__Homsap	sp|Q9H2S1|KCNN2_HUMAN	Homo sapiens	vertebrate	proteome	high	0.8526	579	include
kv_modifier	Q9H3M0__Homsap	sp|Q9H3M0|KCNF1_HUMAN	Homo sapiens	vertebrate	proteome	medium	0.9388		profile_medium
k2p	Q9H427__Homsap	sp|Q9H427|KCNKF_HUMAN	Homo sapiens	vertebrate	proteome	high	0.8483	330	include
piezo	Q9H5I5__Homsap	sp|Q9H5I5|PIEZ2_HUMAN	Homo sapiens	vertebrate	proteome	high	0.9996	2752	include
tric	Q9H6F2__Homsap	sp|Q9H6F2|TM38A_HUMAN	Homo sapiens	vertebrate	proteome	high	1.0	299	include
calhm	Q9HA72__Homsap	sp|Q9HA72|CAHM2_HUMAN	Homo sapiens	vertebrate	proteome	high	0.981	323	include
k2p	Q9HB14__Homsap	sp|Q9HB14|KCNKD_HUMAN	Homo sapiens	vertebrate	proteome	high	0.8706	408	include
k2p	Q9HB15__Homsap	sp|Q9HB15|KCNKC_HUMAN	Homo sapiens	vertebrate	proteome	high	0.8657	430	include
trpv	Q9HBA0__Homsap	sp|Q9HBA0|TRPV4_HUMAN	Homo sapiens	vertebrate	proteome	high	0.9926	871	include
trpm	Q9HCF6__Homsap	sp|Q9HCF6|TRPM3_HUMAN	Homo sapiens	vertebrate	proteome	high	0.8895	1732	include
trpc	Q9HCX4__Homsap	sp|Q9HCX4|TRPC7_HUMAN	Homo sapiens	vertebrate	proteome	high	0.8999	862	include
nachr	Q9I8C7__Galgal	sp|Q9I8C7|ACH10_CHICK	Gallus gallus	vertebrate	proteome	high	0.8468	452	include
ht3	Q9JHJ5__Musmus	sp|Q9JHJ5|5HT3B_MOUSE	Mus musculus	vertebrate	proteome	high	0.9007	437	include
asic	Q9JHS6__Ratnor	sp|Q9JHS6|ASIC4_RAT	Rattus norvegicus	vertebrate	proteome	high	0.9942	539	include
trpv	Q9JIP0__Ratnor	sp|Q9JIP0|TRPV5_RAT	Rattus norvegicus	vertebrate	proteome	high	0.8878	723	include
pannexin	Q9JIP4__Musmus	sp|Q9JIP4|PANX1_MOUSE	Mus musculus	vertebrate	proteome	high	0.991	426	include
k2p	Q9JIS4__Ratnor	sp|Q9JIS4|KCNKA_RAT	Rattus norvegicus	vertebrate	proteome	high	0.9602	538	include
cav	Q9JIS7__Musmus	sp|Q9JIS7|CAC1F_MOUSE	Mus musculus	vertebrate	proteome	high	0.9543	1985	include
ht3	Q9JJ16__Ratnor	sp|Q9JJ16|5HT3B_RAT	Rattus norvegicus	vertebrate	proteome	high	0.9007	437	include
trpm	Q9JJH7__Musmus	sp|Q9JJH7|TRPM5_MOUSE	Mus musculus	vertebrate	proteome	high	0.6521	1158	include
nav	Q9JJV9__Musmus	sp|Q9JJV9|SCN5A_MOUSE	Mus musculus	vertebrate	proteome	high	0.9955	2019	include
p2x	Q9JJX6__Musmus	sp|Q9JJX6|P2RX4_MOUSE	Mus musculus	vertebrate	proteome	high	0.8988	388	include
cng	Q9JJZ8__Musmus	sp|Q9JJZ8|CNGA3_MOUSE	Mus musculus	vertebrate	proteome	high	0.843	631	include
cng	Q9JJZ9__Musmus	sp|Q9JJZ9|CNGB3_MOUSE	Mus musculus	vertebrate	proteome	high	0.7992	694	include
kv_kcnq	Q9JK45__Musmus	sp|Q9JK45|KCNQ5_MOUSE	Mus musculus	vertebrate	proteome	high	0.9775	933	include
kv_kcnq	Q9JK96__Ratnor	sp|Q9JK96|KCNQ4_RAT	Rattus norvegicus	vertebrate	proteome	high	0.8724	695	include
kv_kcnq	Q9JK97__Musmus	sp|Q9JK97|KCNQ4_MOUSE	Mus musculus	vertebrate	proteome	high	0.8769	696	include
hcn	Q9JKA7__Ratnor	sp|Q9JKA7|HCN4_RAT	Rattus norvegicus	vertebrate	proteome	high	1.0	1198	include
hcn	Q9JKA8__Ratnor	sp|Q9JKA8|HCN3_RAT	Rattus norvegicus	vertebrate	proteome	high	0.5797	780	include
hcn	Q9JKA9__Ratnor	sp|Q9JKA9|HCN2_RAT	Rattus norvegicus	vertebrate	proteome	high	0.7918	863	include
hcn	Q9JKB0__Ratnor	sp|Q9JKB0|HCN1_RAT	Rattus norvegicus	vertebrate	proteome	high	0.8671	902	include
nachr	Q9JLB5__Ratnor	sp|Q9JLB5|ACH10_RAT	Rattus norvegicus	vertebrate	proteome	high	0.8654	447	include
gabaa	Q9JLF1__Musmus	sp|Q9JLF1|GBRT_MOUSE	Mus musculus	vertebrate	proteome	high	0.9496	638	include
trpp	Q9JLG4__Musmus	sp|Q9JLG4|PK2L2_MOUSE	Mus musculus	vertebrate	proteome	high	0.8228	621	include
kir	Q9JM63__Musmus	sp|Q9JM63|KCJ10_MOUSE	Mus musculus	vertebrate	proteome	high	0.8117	379	include
trpc	Q9JMI9__Ratnor	sp|Q9JMI9|TRPC3_RAT	Rattus norvegicus	vertebrate	proteome	high	0.8721	909	include
kv_eag	Q9LD37__Aratha	sp|Q9LD37|CNG20_ARATH	Arabidopsis thaliana	plant	proteome	medium	0.4068		profile_medium
cng	Q9LD40__Aratha	sp|Q9LD40|CNG13_ARATH	Arabidopsis thaliana	plant	proteome	medium	0.5233		profile_medium
kv_eag	Q9LDR2__Aratha	sp|Q9LDR2|CNG19_ARATH	Arabidopsis thaliana	plant	proteome	medium	0.4088		profile_medium
iglur_nonvertebrate	Q9LFN5__Aratha	sp|Q9LFN5|GLR25_ARATH	Arabidopsis thaliana	plant	proteome	high	0.6691	918	include
iglur_nonvertebrate	Q9LFN8__Aratha	sp|Q9LFN8|GLR26_ARATH	Arabidopsis thaliana	plant	proteome	high	0.6655	967	include
mscs	Q9LH74__Aratha	sp|Q9LH74|MSL5_ARATH	Arabidopsis thaliana	plant	proteome	high	0.8165	881	include
vdac	Q9LHE5__Aratha	sp|Q9LHE5|TO401_ARATH	Arabidopsis thaliana	plant	proteome	high	0.9856	309	include
cng	Q9LNJ0__Aratha	sp|Q9LNJ0|CNG10_ARATH	Arabidopsis thaliana	plant	proteome	medium	0.5219		profile_medium
mscs	Q9LPG3__Aratha	sp|Q9LPG3|MSL4_ARATH	Arabidopsis thaliana	plant	proteome	high	0.7437	881	include
iglur_nonvertebrate	Q9LV72__Aratha	sp|Q9LV72|GLR12_ARATH	Arabidopsis thaliana	plant	proteome	high	0.6845	867	include
osca_tmem63	Q9LVE4__Aratha	sp|Q9LVE4|OSC15_ARATH	Arabidopsis thaliana	plant	proteome	high	0.9031	756	include
mcu	Q9LVR5__Aratha	sp|Q9LVR5|MCU6_ARATH	Arabidopsis thaliana	plant	proteome	medium	0.3304		profile_medium
mscs	Q9LYG9__Aratha	sp|Q9LYG9|MSL10_ARATH	Arabidopsis thaliana	plant	proteome	high	0.9842	734	include
vdac	Q9M2W6__Aratha	sp|Q9M2W6|VDAC5_ARATH	Arabidopsis thaliana	plant	proteome	high	0.7482	226	include
iglur_nonvertebrate	Q9M8W7__Aratha	sp|Q9M8W7|GLR11_ARATH	Arabidopsis thaliana	plant	proteome	medium	0.3336		profile_medium
nachr	Q9N587__Caeele	sp|Q9N587|ACH6_CAEEL	Caenorhabditis elegans	invertebrate	proteome	high	0.9586	502	include
tric	Q9NA73__Caeele	sp|Q9NA73|T38B2_CAEEL	Caenorhabditis elegans	invertebrate	proteome	high	0.9898	313	include
tric	Q9NA75__Caeele	sp|Q9NA75|T38B1_CAEEL	Caenorhabditis elegans	invertebrate	proteome	high	0.9254	295	include
k2p	Q9NPC2__Homsap	sp|Q9NPC2|KCNK9_HUMAN	Homo sapiens	vertebrate	proteome	high	0.8507	374	include
kir	Q9NPI9__Homsap	sp|Q9NPI9|KCJ16_HUMAN	Homo sapiens	vertebrate	proteome	high	0.89	418	include
ano_channel	Q9NQ90__Homsap	sp|Q9NQ90|ANO2_HUMAN	Homo sapiens	vertebrate	proteome	high	0.999	998	include
trpv	Q9NQA5__Homsap	sp|Q9NQA5|TRPV5_HUMAN	Homo sapiens	vertebrate	proteome	high	0.9285	729	include
cng	Q9NQW8__Homsap	sp|Q9NQW8|CNGB3_HUMAN	Homo sapiens	vertebrate	proteome	high	0.9703	809	include
kv_kcnq	Q9NR82__Homsap	sp|Q9NR82|KCNQ5_HUMAN	Homo sapiens	vertebrate	proteome	high	0.9895	932	include
kv_eag	Q9NS40__Homsap	sp|Q9NS40|KCNH7_HUMAN	Homo sapiens	vertebrate	proteome	high	0.998	1196	include
kv_shaker	Q9NSA2__Homsap	sp|Q9NSA2|KCND1_HUMAN	Homo sapiens	vertebrate	proteome	high	0.9547	647	include
connexin	Q9NTQ9__Homsap	sp|Q9NTQ9|CXB4_HUMAN	Homo sapiens	vertebrate	proteome	high	0.7621	266	include
tric	Q9NVV0__Homsap	sp|Q9NVV0|TM38B_HUMAN	Homo sapiens	vertebrate	proteome	high	0.9763	291	include
mcu	Q9NWR8__Homsap	sp|Q9NWR8|MCUB_HUMAN	Homo sapiens	vertebrate	proteome	high	1.0	336	include
asic	Q9NY37__Homsap	sp|Q9NY37|ASIC5_HUMAN	Homo sapiens	vertebrate	proteome	high	0.8887	505	include
nav	Q9NY46__Homsap	sp|Q9NY46|SCN3A_HUMAN	Homo sapiens	vertebrate	proteome	high	0.9994	2000	include
k2p	Q9NYG8__Homsap	sp|Q9NYG8|KCNK4_HUMAN	Homo sapiens	vertebrate	proteome	high	0.7463	393	include
trpp	Q9NZM6__Homsap	sp|Q9NZM6|PK2L2_HUMAN	Homo sapiens	vertebrate	proteome	high	0.829	624	include
trpm	Q9NZQ8__Homsap	sp|Q9NZQ8|TRPM5_HUMAN	Homo sapiens	vertebrate	proteome	high	0.6697	1165	include
kv_shaker	Q9NZV8__Homsap	sp|Q9NZV8|KCND2_HUMAN	Homo sapiens	vertebrate	proteome	high	0.9547	630	include
trpp	Q9P0L9__Homsap	sp|Q9P0L9|PK2L1_HUMAN	Homo sapiens	vertebrate	proteome	high	1.0	805	include
cav	Q9P0X4__Homsap	sp|Q9P0X4|CAC1I_HUMAN	Homo sapiens	vertebrate	proteome	high	0.7417	2223	include
osca_tmem63	Q9P1W3__Homsap	sp|Q9P1W3|TM63C_HUMAN	Homo sapiens	vertebrate	proteome	high	0.9799	806	include
hcn	Q9P1Z3__Homsap	sp|Q9P1Z3|HCN3_HUMAN	Homo sapiens	vertebrate	proteome	high	0.7615	774	include
vdac	Q9P544__Schpom	sp|Q9P544|VDAC_SCHPO	Schizosaccharomyces pombe	fungi	proteome	high	0.9892	282	include
kv_eag	Q9PT84__Galgal	sp|Q9PT84|KCNH6_CHICK	Gallus gallus	vertebrate	proteome	high	0.9741	1202	include
nachr	Q9PTS8__Galgal	sp|Q9PTS8|ACHA9_CHICK	Gallus gallus	vertebrate	proteome	high	0.9586	484	include
trpc	Q9QUQ5__Musmus	sp|Q9QUQ5|TRPC4_MOUSE	Mus musculus	vertebrate	proteome	high	0.9722	974	include
kv_eag	Q9QWS8__Ratnor	sp|Q9QWS8|KCNH8_RAT	Rattus norvegicus	vertebrate	proteome	high	0.998	1102	include
trpc	Q9QX01__Ratnor	sp|Q9QX01|TRPC1_RAT	Rattus norvegicus	vertebrate	proteome	high	0.8409	759	include
trpc	Q9QX29__Musmus	sp|Q9QX29|TRPC5_MOUSE	Mus musculus	vertebrate	proteome	high	0.9811	975	include
vdac	Q9QYA2__Musmus	sp|Q9QYA2|TOM40_MOUSE	Mus musculus	vertebrate	proteome	high	0.9892	361	include
kv_modifier	Q9QYU3__Ratnor	sp|Q9QYU3|KCNG2_RAT	Rattus norvegicus	vertebrate	proteome	high	0.9219	480	include
kca_sk	Q9QYW1__Ratnor	sp|Q9QYW1|KCNN4_RAT	Rattus norvegicus	vertebrate	proteome	high	0.6624	425	include
trpc	Q9QZC1__Musmus	sp|Q9QZC1|TRPC3_MOUSE	Mus musculus	vertebrate	proteome	high	0.8721	910	include
nav	Q9R053__Musmus	sp|Q9R053|SCNBA_MOUSE	Mus musculus	vertebrate	proteome	high	0.9512	1765	include
clc_channel	Q9R0A1__Musmus	sp|Q9R0A1|CLCN2_MOUSE	Mus musculus	vertebrate	proteome	high	0.9966	908	include
asic	Q9R0W5__Ratnor	sp|Q9R0W5|ASIC5_RAT	Rattus norvegicus	vertebrate	proteome	high	0.8829	495	include
nachr	Q9R0W9__Musmus	sp|Q9R0W9|ACHA6_MOUSE	Mus musculus	vertebrate	proteome	high	0.9731	494	include
asic	Q9R0Y1__Musmus	sp|Q9R0Y1|ASIC5_MOUSE	Mus musculus	vertebrate	proteome	high	0.9002	495	include
gabaa	Q9R0Y8__Musmus	sp|Q9R0Y8|GBRG1_MOUSE	Mus musculus	vertebrate	proteome	high	0.9518	465	include
trpv	Q9R186__Ratnor	sp|Q9R186|TRPV6_RAT	Rattus norvegicus	vertebrate	proteome	high	0.9815	767	include
nmda	Q9R1M7__Ratnor	sp|Q9R1M7|NMD3A_RAT	Rattus norvegicus	vertebrate	proteome	high	0.8056	1135	include
kv_eag	Q9R1T9__Ratnor	sp|Q9R1T9|KCNH4_RAT	Rattus norvegicus	vertebrate	proteome	high	0.996	1017	include
vdac	Q9R1Z0__Ratnor	sp|Q9R1Z0|VDAC3_RAT	Rattus norvegicus	vertebrate	proteome	high	0.9964	283	include
trpc	Q9R244__Musmus	sp|Q9R244|TRPC2_MOUSE	Mus musculus	vertebrate	proteome	high	0.8187	1172	include
trpc	Q9R283__Ratnor	sp|Q9R283|TRPC2_RAT	Rattus norvegicus	vertebrate	proteome	high	0.7853	1170	include
k2p	Q9S6Z8__Aratha	sp|Q9S6Z8|KCO5_ARATH	Arabidopsis thaliana	plant	proteome	high	0.5498	408	include
iglur_nonvertebrate	Q9SDQ4__Aratha	sp|Q9SDQ4|GLR37_ARATH	Arabidopsis thaliana	plant	proteome	high	0.8191	921	include
iglur_nonvertebrate	Q9SHV1__Aratha	sp|Q9SHV1|GLR22_ARATH	Arabidopsis thaliana	plant	proteome	high	0.6655	920	include
iglur_nonvertebrate	Q9SHV2__Aratha	sp|Q9SHV2|GLR23_ARATH	Arabidopsis thaliana	plant	proteome	high	0.6764	895	include
cng	Q9SKD7__Aratha	sp|Q9SKD7|CNGC3_ARATH	Arabidopsis thaliana	plant	proteome	medium	0.5177		profile_medium
vdac	Q9SMX3__Aratha	sp|Q9SMX3|VDAC3_ARATH	Arabidopsis thaliana	plant	proteome	high	0.9928	274	include
vdac	Q9SRH5__Aratha	sp|Q9SRH5|VDAC1_ARATH	Arabidopsis thaliana	plant	proteome	high	0.9928	276	include
lrrc8	Q9SSD1__Aratha	sp|Q9SSD1|TMM_ARATH	Arabidopsis thaliana	plant	proteome	medium	0.3126		profile_medium
kv_eag	Q9SU64__Aratha	sp|Q9SU64|CNG16_ARATH	Arabidopsis thaliana	plant	proteome	medium	0.335		profile_medium
k2p	Q9SVV6__Aratha	sp|Q9SVV6|KCO6_ARATH	Arabidopsis thaliana	plant	proteome	high	0.5672	436	include
iglur_nonvertebrate	Q9SW97__Aratha	sp|Q9SW97|GLR35_ARATH	Arabidopsis thaliana	plant	proteome	high	0.9955	953	include
vdac	Q9SX55__Aratha	sp|Q9SX55|TO402_ARATH	Arabidopsis thaliana	plant	proteome	high	0.7518	310	include
osca_tmem63	Q9SY14__Aratha	sp|Q9SY14|OSC17_ARATH	Arabidopsis thaliana	plant	proteome	high	0.9145	785	include
mscs	Q9SYM1__Aratha	sp|Q9SYM1|MSL6_ARATH	Arabidopsis thaliana	plant	proteome	high	0.9557	856	include
lrrc8	Q9SZ67__Aratha	sp|Q9SZ67|WRK19_ARATH	Arabidopsis thaliana	plant	proteome	medium	0.3387		profile_medium
osca_tmem63	Q9SZT4__Aratha	sp|Q9SZT4|OSC41_ARATH	Arabidopsis thaliana	plant	proteome	high	0.7107	817	include
trpp	Q9U1S7__Caeele	sp|Q9U1S7|PKD2_CAEEL	Caenorhabditis elegans	invertebrate	proteome	high	0.969	716	include
nachr	Q9U298__Caeele	sp|Q9U298|ACH8_CAEEL	Caenorhabditis elegans	invertebrate	proteome	high	0.9545	474	include
gabaa	Q9U358__Caeele	sp|Q9U358|ACC4_CAEEL	Caenorhabditis elegans	invertebrate	proteome	medium	0.6579		profile_medium
innexin	Q9U3K5__Caeele	sp|Q9U3K5|INX2_CAEEL	Caenorhabditis elegans	invertebrate	proteome	high	0.5403	419	include
innexin	Q9U3N4__Caeele	sp|Q9U3N4|INX6_CAEEL	Caenorhabditis elegans	invertebrate	proteome	high	0.63	389	include
vdac	Q9U4L6__Dromel	sp|Q9U4L6|TO401_DROME	Drosophila melanogaster	invertebrate	proteome	high	0.9856	344	include
orai	Q9U6B8__Dromel	sp|Q9U6B8|ORAI1_DROME	Drosophila melanogaster	invertebrate	proteome	high	0.9889	351	include
p2x	Q9UBL9__Homsap	sp|Q9UBL9|P2RX2_HUMAN	Homo sapiens	vertebrate	proteome	high	0.9882	471	include
trpc	Q9UBN4__Homsap	sp|Q9UBN4|TRPC4_HUMAN	Homo sapiens	vertebrate	proteome	high	0.9833	977	include
kca_sk	Q9UGI6__Homsap	sp|Q9UGI6|KCNN3_HUMAN	Homo sapiens	vertebrate	proteome	high	0.9968	731	include
nachr	Q9UGM1__Homsap	sp|Q9UGM1|ACHA9_HUMAN	Homo sapiens	vertebrate	proteome	high	0.9772	479	include
asic	Q9UHC3__Homsap	sp|Q9UHC3|ASIC3_HUMAN	Homo sapiens	vertebrate	proteome	high	0.9597	531	include
nav	Q9UI33__Homsap	sp|Q9UI33|SCNBA_HUMAN	Homo sapiens	vertebrate	proteome	high	0.9686	1791	include
kv_modifier	Q9UIX4__Homsap	sp|Q9UIX4|KCNG1_HUMAN	Homo sapiens	vertebrate	proteome	high	0.9662	513	include
kv_modifier	Q9UJ96__Homsap	sp|Q9UJ96|KCNG2_HUMAN	Homo sapiens	vertebrate	proteome	high	0.943	466	include
kv_shaker	Q9UK17__Homsap	sp|Q9UK17|KCND3_HUMAN	Homo sapiens	vertebrate	proteome	high	0.9438	655	include
connexin	Q9UKL4__Homsap	sp|Q9UKL4|CXD2_HUMAN	Homo sapiens	vertebrate	proteome	high	0.7653	321	include
hcn	Q9UL51__Homsap	sp|Q9UL51|HCN2_HUMAN	Homo sapiens	vertebrate	proteome	high	0.8006	889	include
trpc	Q9UL62__Homsap	sp|Q9UL62|TRPC5_HUMAN	Homo sapiens	vertebrate	proteome	high	0.9822	973	include
kv_eag	Q9ULD8__Homsap	sp|Q9ULD8|KCNH3_HUMAN	Homo sapiens	vertebrate	proteome	high	0.999	1083	include
tpc	Q9ULQ1__Homsap	sp|Q9ULQ1|TPC1_HUMAN	Homo sapiens	vertebrate	proteome	high	0.9987	816	include
kv_modifier	Q9ULS6__Homsap	sp|Q9ULS6|KCNS2_HUMAN	Homo sapiens	vertebrate	proteome	high	0.9557	477	include
gabaa	Q9UN88__Homsap	sp|Q9UN88|GBRT_HUMAN	Homo sapiens	vertebrate	proteome	high	0.8794	632	include
kir	Q9UNX9__Homsap	sp|Q9UNX9|KCJ14_HUMAN	Homo sapiens	vertebrate	proteome	high	0.9364	436	include
kv_eag	Q9UQ05__Homsap	sp|Q9UQ05|KCNH4_HUMAN	Homo sapiens	vertebrate	proteome	high	0.997	1017	include
nav	Q9UQD0__Homsap	sp|Q9UQD0|SCN8A_HUMAN	Homo sapiens	vertebrate	proteome	high	0.9983	1980	include
innexin	Q9V3W6__Dromel	sp|Q9V3W6|INX7_DROME	Drosophila melanogaster	invertebrate	proteome	high	0.7161	438	include
innexin	Q9V427__Dromel	sp|Q9V427|INX2_DROME	Drosophila melanogaster	invertebrate	proteome	high	0.7216	367	include
gabaa	Q9V9Y4__Dromel	sp|Q9V9Y4|PHCL2_DROME	Drosophila melanogaster	invertebrate	proteome	medium	0.864		profile_medium
asic	Q9VAJ3__Dromel	sp|Q9VAJ3|PPK19_DROME	Drosophila melanogaster	invertebrate	proteome	medium	0.3685		profile_medium
innexin	Q9VAS7__Dromel	sp|Q9VAS7|INX3_DROME	Drosophila melanogaster	invertebrate	proteome	high	0.6941	395	include
clc_channel	Q9VGH7__Dromel	sp|Q9VGH7|CLCN2_DROME	Drosophila melanogaster	invertebrate	proteome	high	0.8435	1193	include
trpc	Q9VJJ7__Dromel	sp|Q9VJJ7|TRPG_DROME	Drosophila melanogaster	invertebrate	proteome	high	0.9733	1128	include
asic	Q9VL84__Dromel	sp|Q9VL84|PPK11_DROME	Drosophila melanogaster	invertebrate	proteome	medium	0.3129		profile_medium
kainate	Q9VPI2__Dromel	sp|Q9VPI2|IR21A_DROME	Drosophila melanogaster	invertebrate	proteome	medium	0.3337		profile_medium
innexin	Q9VR82__Dromel	sp|Q9VR82|INX6_DROME	Drosophila melanogaster	invertebrate	proteome	high	0.6209	481	include
innexin	Q9VRX6__Dromel	sp|Q9VRX6|INX4_DROME	Drosophila melanogaster	invertebrate	proteome	high	0.6007	367	include
innexin	Q9VWL5__Dromel	sp|Q9VWL5|INX5_DROME	Drosophila melanogaster	invertebrate	proteome	high	0.5952	419	include
trpa	Q9W0T5__Dromel	sp|Q9W0T5|PYX_DROME	Drosophila melanogaster	invertebrate	proteome	medium	0.5219		profile_medium
nav	Q9W0Y8__Dromel	sp|Q9W0Y8|SCN60_DROME	Drosophila melanogaster	invertebrate	proteome	high	0.9428	2844	include
iglur_nonvertebrate	Q9W365__Dromel	sp|Q9W365|IR8A_DROME	Drosophila melanogaster	invertebrate	proteome	medium	0.4073		profile_medium
tpc	Q9WTN5__Ratnor	sp|Q9WTN5|TPC1_RAT	Rattus norvegicus	vertebrate	proteome	high	0.9673	817	include
trpv	Q9WTR1__Musmus	sp|Q9WTR1|TRPV2_MOUSE	Mus musculus	vertebrate	proteome	high	0.8841	756	include
nav	Q9WTU3__Musmus	sp|Q9WTU3|SCN8A_MOUSE	Mus musculus	vertebrate	proteome	high	0.9983	1978	include
enac	Q9WU38__Musmus	sp|Q9WU38|SCNNB_MOUSE	Mus musculus	vertebrate	proteome	high	0.9984	638	include
enac	Q9WU39__Musmus	sp|Q9WU39|SCNNG_MOUSE	Mus musculus	vertebrate	proteome	high	0.9783	655	include
clc_channel	Q9WUB6__Musmus	sp|Q9WUB6|CLCKB_MOUSE	Mus musculus	vertebrate	proteome	high	0.7902	687	include
clc_channel	Q9WUB7__Musmus	sp|Q9WUB7|CLCKA_MOUSE	Mus musculus	vertebrate	proteome	high	0.7914	687	include
trpv	Q9WUD2__Ratnor	sp|Q9WUD2|TRPV2_RAT	Rattus norvegicus	vertebrate	proteome	high	0.9248	761	include
connexin	Q9WUS4__Musmus	sp|Q9WUS4|CXA10_MOUSE	Mus musculus	vertebrate	proteome	high	0.791	505	include
trpc	Q9WVC5__Musmus	sp|Q9WVC5|TRPC7_MOUSE	Mus musculus	vertebrate	proteome	high	0.8988	862	include
kv_eag	Q9WVJ0__Musmus	sp|Q9WVJ0|KCNH3_MOUSE	Mus musculus	vertebrate	proteome	high	0.999	1095	include
osca_tmem63	Q9XEA1__Aratha	sp|Q9XEA1|OSC11_ARATH	Arabidopsis thaliana	plant	proteome	high	0.9031	772	include
k2p	Q9XFR0__Aratha	sp|Q9XFR0|KCO3_ARATH	Arabidopsis thaliana	plant	proteome	medium	0.3582		profile_medium
itpr	Q9Y0A1__Caeele	sp|Q9Y0A1|ITPR_CAEEL	Caenorhabditis elegans	invertebrate	proteome	high	0.9911	2892	include
trpc	Q9Y210__Homsap	sp|Q9Y210|TRPC6_HUMAN	Homo sapiens	vertebrate	proteome	high	0.8977	931	include
k2p	Q9Y257__Homsap	sp|Q9Y257|KCNK6_HUMAN	Homo sapiens	vertebrate	proteome	high	0.7438	313	include
vdac	Q9Y277__Homsap	sp|Q9Y277|VDAC3_HUMAN	Homo sapiens	vertebrate	proteome	high	0.9964	283	include
k2p	Q9Y2U2__Homsap	sp|Q9Y2U2|KCNK7_HUMAN	Homo sapiens	vertebrate	proteome	high	0.704	307	include
hcn	Q9Y3Q4__Homsap	sp|Q9Y3Q4|HCN4_HUMAN	Homo sapiens	vertebrate	proteome	high	1.0	1203	include
trpv	Q9Y5S1__Homsap	sp|Q9Y5S1|TRPV2_HUMAN	Homo sapiens	vertebrate	proteome	high	0.8853	764	include
nav	Q9Y5Y9__Homsap	sp|Q9Y5Y9|SCNAA_HUMAN	Homo sapiens	vertebrate	proteome	high	0.9966	1956	include
trpn	Q9Y6H5__Homsap	sp|Q9Y6H5|SNCAP_HUMAN	Homo sapiens	vertebrate	proteome	medium	0.4234		profile_medium
connexin	Q9Y6H8__Homsap	sp|Q9Y6H8|CXA3_HUMAN	Homo sapiens	vertebrate	proteome	high	0.9936	435	include
kv_kcnq	Q9Z0N7__Ratnor	sp|Q9Z0N7|KCNQ1_RAT	Rattus norvegicus	vertebrate	proteome	high	0.988	669	include
kv_shaker	Q9Z0V1__Musmus	sp|Q9Z0V1|KCND3_MOUSE	Mus musculus	vertebrate	proteome	high	0.9457	655	include
kv_shaker	Q9Z0V2__Musmus	sp|Q9Z0V2|KCND2_MOUSE	Mus musculus	vertebrate	proteome	high	0.9547	630	include
cav	Q9Z0Y8__Ratnor	sp|Q9Z0Y8|CAC1I_RAT	Rattus norvegicus	vertebrate	proteome	high	0.7237	2201	include
p2x	Q9Z1M0__Musmus	sp|Q9Z1M0|P2RX7_MOUSE	Mus musculus	vertebrate	proteome	high	0.9835	595	include
kca_slo	Q9Z258__Ratnor	sp|Q9Z258|KCNT1_RAT	Rattus norvegicus	vertebrate	proteome	high	0.9202	1239	include
vdac	Q9Z2L0__Ratnor	sp|Q9Z2L0|VDAC1_RAT	Rattus norvegicus	vertebrate	proteome	high	0.9964	283	include
k2p	Q9Z2T1__Musmus	sp|Q9Z2T1|KCNK7_MOUSE	Mus musculus	vertebrate	proteome	high	0.6965	307	include
k2p	Q9Z2T2__Ratnor	sp|Q9Z2T2|KCNK1_RAT	Rattus norvegicus	vertebrate	proteome	high	0.7861	336	include
ampa	Q9Z2W8__Musmus	sp|Q9Z2W8|GRIA4_MOUSE	Mus musculus	vertebrate	proteome	high	0.9989	902	include
ampa	Q9Z2W9__Musmus	sp|Q9Z2W9|GRIA3_MOUSE	Mus musculus	vertebrate	proteome	high	0.9989	888	include
kir	Q9Z307__Musmus	sp|Q9Z307|KCJ16_MOUSE	Mus musculus	vertebrate	proteome	high	0.8778	419	include
itpr	Q9Z329__Musmus	sp|Q9Z329|ITPR2_MOUSE	Mus musculus	vertebrate	proteome	high	0.9996	2701	include
kv_kcnq	Q9Z351__Musmus	sp|Q9Z351|KCNQ2_MOUSE	Mus musculus	vertebrate	proteome	high	0.8964	759	include
trpm	S5UH55__Danrer	sp|S5UH55|TRPM5_DANRE	Danio rerio	vertebrate	proteome	high	0.6492	1165	include
connexin	U3JA75__Danrer	sp|U3JA75|CXE1_DANRE	Danio rerio	vertebrate	proteome	high	0.6238	207	include
osca_tmem63	X1WEM4__Danrer	sp|X1WEM4|TM63C_DANRE	Danio rerio	vertebrate	proteome	high	0.9748	825	include
bestrophin	A0A0B4K651__Dromel	tr|A0A0B4K651|A0A0B4K651_DROME	Drosophila melanogaster	invertebrate	proteome	high	0.7078	784	include
asic	A0A0B4K691__Dromel	tr|A0A0B4K691|A0A0B4K691_DROME	Drosophila melanogaster	invertebrate	proteome	high	0.7505	568	include
kir	A0A0B4KH86__Dromel	tr|A0A0B4KH86|A0A0B4KH86_DROME	Drosophila melanogaster	invertebrate	proteome	high	0.8509	652	include
kainate	A0A0B4KHJ0__Dromel	tr|A0A0B4KHJ0|A0A0B4KHJ0_DROME	Drosophila melanogaster	invertebrate	proteome	medium	0.899		profile_medium
kir	A0A0B4LHI9__Dromel	tr|A0A0B4LHI9|A0A0B4LHI9_DROME	Drosophila melanogaster	invertebrate	proteome	high	0.8068	454	include
orai	A0A0D2U178__Capowc	tr|A0A0D2U178|A0A0D2U178_CAPO3	Capsaspora owczarzaki	holozoa	proteome	high	0.6741	202	include
mscs	A0A0D2U9P5__Capowc	tr|A0A0D2U9P5|A0A0D2U9P5_CAPO3	Capsaspora owczarzaki	holozoa	proteome	high	0.6741	1062	include
kca_slo	A0A0D2UAP2__Capowc	tr|A0A0D2UAP2|A0A0D2UAP2_CAPO3	Capsaspora owczarzaki	holozoa	proteome	high	0.5304	1480	include
trpv	A0A0D2UAU2__Capowc	tr|A0A0D2UAU2|A0A0D2UAU2_CAPO3	Capsaspora owczarzaki	holozoa	proteome	medium	0.3514		profile_medium
itpr	A0A0D2UGF9__Capowc	tr|A0A0D2UGF9|A0A0D2UGF9_CAPO3	Capsaspora owczarzaki	holozoa	proteome	high	0.9055	3232	include
clc_channel	A0A0D2UKQ8__Capowc	tr|A0A0D2UKQ8|A0A0D2UKQ8_CAPO3	Capsaspora owczarzaki	holozoa	proteome	high	0.8685	868	include
trpml	A0A0D2VFF0__Capowc	tr|A0A0D2VFF0|A0A0D2VFF0_CAPO3	Capsaspora owczarzaki	holozoa	proteome	medium	0.4203		profile_medium
p2x_nonmetazoan	A0A0D2VGJ3__Capowc	tr|A0A0D2VGJ3|A0A0D2VGJ3_CAPO3	Capsaspora owczarzaki	holozoa	proteome	high	0.9577	521	include
osca_tmem63	A0A0D2VNA4__Capowc	tr|A0A0D2VNA4|A0A0D2VNA4_CAPO3	Capsaspora owczarzaki	holozoa	proteome	high	0.873	968	include
piezo	A0A0D2VR93__Capowc	tr|A0A0D2VR93|A0A0D2VR93_CAPO3	Capsaspora owczarzaki	holozoa	proteome	high	0.7412	2964	include
clc_channel	A0A0D2VSZ6__Capowc	tr|A0A0D2VSZ6|A0A0D2VSZ6_CAPO3	Capsaspora owczarzaki	holozoa	proteome	high	0.7959	906	include
kv_shaker	A0A0D2VTN8__Capowc	tr|A0A0D2VTN8|A0A0D2VTN8_CAPO3	Capsaspora owczarzaki	holozoa	proteome	medium	0.5326		profile_medium
tmem175	A0A0D2VWJ9__Capowc	tr|A0A0D2VWJ9|A0A0D2VWJ9_CAPO3	Capsaspora owczarzaki	holozoa	proteome	high	0.8907	681	include
kv_shaker	A0A0D2VZL3__Capowc	tr|A0A0D2VZL3|A0A0D2VZL3_CAPO3	Capsaspora owczarzaki	holozoa	proteome	medium	0.5779		profile_medium
p2x	A0A0D2WGT6__Capowc	tr|A0A0D2WGT6|A0A0D2WGT6_CAPO3	Capsaspora owczarzaki	holozoa	proteome	high	0.8682	474	include
orai	A0A0D2WHZ7__Capowc	tr|A0A0D2WHZ7|A0A0D2WHZ7_CAPO3	Capsaspora owczarzaki	holozoa	proteome	high	0.7259	462	include
mcu	A0A0D2WKY6__Capowc	tr|A0A0D2WKY6|A0A0D2WKY6_CAPO3	Capsaspora owczarzaki	holozoa	proteome	high	0.7652	308	include
vdac	A0A0D2WMU6__Capowc	tr|A0A0D2WMU6|A0A0D2WMU6_CAPO3	Capsaspora owczarzaki	holozoa	proteome	high	0.9856	363	include
tpc	A0A0D2WPJ7__Capowc	tr|A0A0D2WPJ7|A0A0D2WPJ7_CAPO3	Capsaspora owczarzaki	holozoa	proteome	high	0.8442	1082	include
osca_tmem63	A0A0D2WTI0__Capowc	tr|A0A0D2WTI0|A0A0D2WTI0_CAPO3	Capsaspora owczarzaki	holozoa	proteome	high	0.5723	1150	include
osca_tmem63	A0A0D2WUW3__Capowc	tr|A0A0D2WUW3|A0A0D2WUW3_CAPO3	Capsaspora owczarzaki	holozoa	proteome	high	0.8906	1184	include
ryr	A0A0D2WXI6__Capowc	tr|A0A0D2WXI6|A0A0D2WXI6_CAPO3	Capsaspora owczarzaki	holozoa	proteome	high	0.6348	6625	include
tric	A0A0D2WXS3__Capowc	tr|A0A0D2WXS3|A0A0D2WXS3_CAPO3	Capsaspora owczarzaki	holozoa	proteome	high	0.661	338	include
vdac	A0A0D2WY38__Capowc	tr|A0A0D2WY38|A0A0D2WY38_CAPO3	Capsaspora owczarzaki	holozoa	proteome	high	0.9964	281	include
itpr	A0A0D2X364__Capowc	tr|A0A0D2X364|A0A0D2X364_CAPO3	Capsaspora owczarzaki	holozoa	proteome	high	0.6303	2653	include
asic	A0A0G2JLG4__Homsap	tr|A0A0G2JLG4|A0A0G2JLG4_HUMAN	Homo sapiens	vertebrate	proteome	high	0.7562	411	include
otop	A0A0G2JTK7__Ratnor	tr|A0A0G2JTK7|A0A0G2JTK7_RAT	Rattus norvegicus	vertebrate	proteome	high	0.9776	578	include
ano_channel	A0A0G2JXB5__Ratnor	tr|A0A0G2JXB5|A0A0G2JXB5_RAT	Rattus norvegicus	vertebrate	proteome	high	0.999	1002	include
mcu	A0A0G2K059__Ratnor	tr|A0A0G2K059|A0A0G2K059_RAT	Rattus norvegicus	vertebrate	proteome	high	0.9188	331	include
ht3	A0A0G2KCZ7__Danrer	tr|A0A0G2KCZ7|A0A0G2KCZ7_DANRE	Danio rerio	vertebrate	proteome	high	0.9095	467	include
kir	A0A0G2KM96__Danrer	tr|A0A0G2KM96|A0A0G2KM96_DANRE	Danio rerio	vertebrate	proteome	high	0.7848	413	include
kv_eag	A0A0K3AVF4__Caeele	tr|A0A0K3AVF4|A0A0K3AVF4_CAEEL	Caenorhabditis elegans	invertebrate	proteome	high	0.7687	959	include
k2p	A0A0K3AXZ4__Caeele	tr|A0A0K3AXZ4|A0A0K3AXZ4_CAEEL	Caenorhabditis elegans	invertebrate	proteome	high	0.6517	429	include
iglur_nonvertebrate	A0A0N7KLP1__Orysat	tr|A0A0N7KLP1|A0A0N7KLP1_ORYSJ	Oryza sativa	plant	proteome	medium	0.3827		profile_medium
lrrc8	A0A0N7KPJ9__Orysat	tr|A0A0N7KPJ9|A0A0N7KPJ9_ORYSJ	Oryza sativa	plant	proteome	medium	0.3188		profile_medium
vdac	A0A0P0V1K5__Orysat	tr|A0A0P0V1K5|A0A0P0V1K5_ORYSJ	Oryza sativa	plant	proteome	high	0.759	414	include
k2p	A0A0P0V6X9__Orysat	tr|A0A0P0V6X9|A0A0P0V6X9_ORYSJ	Oryza sativa	plant	proteome	high	0.5597	405	include
mscs	A0A0P0WDR2__Orysat	tr|A0A0P0WDR2|A0A0P0WDR2_ORYSJ	Oryza sativa	plant	proteome	high	0.5854	524	include
iglur_nonvertebrate	A0A0P0WTD2__Orysat	tr|A0A0P0WTD2|A0A0P0WTD2_ORYSJ	Oryza sativa	plant	proteome	medium	0.3836		profile_medium
iglur_nonvertebrate	A0A0P0WTE6__Orysat	tr|A0A0P0WTE6|A0A0P0WTE6_ORYSJ	Oryza sativa	plant	proteome	high	0.6873	820	include
iglur_nonvertebrate	A0A0P0WU14__Orysat	tr|A0A0P0WU14|A0A0P0WU14_ORYSJ	Oryza sativa	plant	proteome	medium	0.3918		profile_medium
iglur_nonvertebrate	A0A0P0X1D8__Orysat	tr|A0A0P0X1D8|A0A0P0X1D8_ORYSJ	Oryza sativa	plant	proteome	high	0.82	956	include
iglur_nonvertebrate	A0A0P0XLY5__Orysat	tr|A0A0P0XLY5|A0A0P0XLY5_ORYSJ	Oryza sativa	plant	proteome	high	0.6673	948	include
iglur_nonvertebrate	A0A0P0XM06__Orysat	tr|A0A0P0XM06|A0A0P0XM06_ORYSJ	Oryza sativa	plant	proteome	high	0.6564	933	include
iglur_nonvertebrate	A0A0P0XNE5__Orysat	tr|A0A0P0XNE5|A0A0P0XNE5_ORYSJ	Oryza sativa	plant	proteome	high	0.7227	872	include
iglur_nonvertebrate	A0A0P0XNT9__Orysat	tr|A0A0P0XNT9|A0A0P0XNT9_ORYSJ	Oryza sativa	plant	proteome	medium	0.3545		profile_medium
kir	A0A0R4IAD0__Danrer	tr|A0A0R4IAD0|A0A0R4IAD0_DANRE	Danio rerio	vertebrate	proteome	high	0.8313	425	include
kir	A0A0R4ICH9__Danrer	tr|A0A0R4ICH9|A0A0R4ICH9_DANRE	Danio rerio	vertebrate	proteome	high	0.9413	437	include
osca_tmem63	A0A0R4IKF9__Danrer	tr|A0A0R4IKF9|A0A0R4IKF9_DANRE	Danio rerio	vertebrate	proteome	high	0.9648	816	include
trpc	A0A0R4IM91__Danrer	tr|A0A0R4IM91|A0A0R4IM91_DANRE	Danio rerio	vertebrate	proteome	high	0.9321	915	include
nachr	A0A0R4ISQ3__Danrer	tr|A0A0R4ISQ3|A0A0R4ISQ3_DANRE	Danio rerio	vertebrate	proteome	high	0.9772	525	include
nachr	A0A0S0WNY8__Dromel	tr|A0A0S0WNY8|A0A0S0WNY8_DROME	Drosophila melanogaster	invertebrate	proteome	high	0.94	539	include
piezo	A0A126GUQ2__Dromel	tr|A0A126GUQ2|A0A126GUQ2_DROME	Drosophila melanogaster	invertebrate	proteome	high	0.9078	2326	include
innexin	A0A131MB60__Caeele	tr|A0A131MB60|A0A131MB60_CAEEL	Caenorhabditis elegans	invertebrate	proteome	high	0.7674	563	include
bestrophin	A0A131MB99__Caeele	tr|A0A131MB99|A0A131MB99_CAEEL	Caenorhabditis elegans	invertebrate	proteome	high	0.7552	423	include
otop	A0A131MCH9__Caeele	tr|A0A131MCH9|A0A131MCH9_CAEEL	Caenorhabditis elegans	invertebrate	proteome	high	0.704	576	include
nachr	A0A168H3E7__Caeele	tr|A0A168H3E7|A0A168H3E7_CAEEL	Caenorhabditis elegans	invertebrate	proteome	high	0.6046	398	include
connexin	A0A1B8Y255__Xentro	tr|A0A1B8Y255|A0A1B8Y255_XENTR	Xenopus tropicalis	vertebrate	proteome	high	0.8778	377	duplicate_of:Q6NZH5__Xentro
connexin	A0A1B8Y9C0__Xentro	tr|A0A1B8Y9C0|A0A1B8Y9C0_XENTR	Xenopus tropicalis	vertebrate	proteome	high	0.7621	306	include
kir	A0A1C3NSK2__Caeele	tr|A0A1C3NSK2|A0A1C3NSK2_CAEEL	Caenorhabditis elegans	invertebrate	proteome	high	0.8411	384	include
kir	A0A1C3NSN6__Caeele	tr|A0A1C3NSN6|A0A1C3NSN6_CAEEL	Caenorhabditis elegans	invertebrate	proteome	high	0.8142	497	include
kca_sk	A0A1D5NU20__Galgal	tr|A0A1D5NU20|A0A1D5NU20_CHICK	Gallus gallus	vertebrate	proteome	high	0.9731	671	include
pannexin	A0A1D5P0I0__Galgal	tr|A0A1D5P0I0|A0A1D5P0I0_CHICK	Gallus gallus	vertebrate	proteome	high	0.991	433	include
kv_eag	A0A1D5P1M1__Galgal	tr|A0A1D5P1M1|A0A1D5P1M1_CHICK	Gallus gallus	vertebrate	proteome	high	0.9113	957	include
k2p	A0A1D5P3M3__Galgal	tr|A0A1D5P3M3|A0A1D5P3M3_CHICK	Gallus gallus	vertebrate	proteome	high	0.8657	407	include
kv_shaker	A0A1D5P8P4__Galgal	tr|A0A1D5P8P4|A0A1D5P8P4_CHICK	Gallus gallus	vertebrate	proteome	high	0.9493	639	include
connexin	A0A1D5P9Z7__Galgal	tr|A0A1D5P9Z7|A0A1D5P9Z7_CHICK	Gallus gallus	vertebrate	proteome	high	0.8746	391	include
kv_modifier	A0A1D5PA94__Galgal	tr|A0A1D5PA94|A0A1D5PA94_CHICK	Gallus gallus	vertebrate	proteome	medium	0.9451		profile_medium
trpm	A0A1D5PAY3__Galgal	tr|A0A1D5PAY3|A0A1D5PAY3_CHICK	Gallus gallus	vertebrate	proteome	high	0.8872	1689	include
kv_modifier	A0A1D5PCF8__Galgal	tr|A0A1D5PCF8|A0A1D5PCF8_CHICK	Gallus gallus	vertebrate	proteome	high	0.9557	477	include
k2p	A0A1D5PDB8__Galgal	tr|A0A1D5PDB8|A0A1D5PDB8_CHICK	Gallus gallus	vertebrate	proteome	high	0.8507	468	include
kainate	A0A1D5PFB0__Galgal	tr|A0A1D5PFB0|A0A1D5PFB0_CHICK	Gallus gallus	vertebrate	proteome	high	0.9923	908	include
kv_shaker	A0A1D5PI60__Galgal	tr|A0A1D5PI60|A0A1D5PI60_CHICK	Gallus gallus	vertebrate	proteome	high	0.8533	580	include
kv_shaker	A0A1D5PI98__Galgal	tr|A0A1D5PI98|A0A1D5PI98_CHICK	Gallus gallus	vertebrate	proteome	medium	0.8678		profile_medium
ampa	A0A1D5PIW7__Galgal	tr|A0A1D5PIW7|A0A1D5PIW7_CHICK	Gallus gallus	vertebrate	proteome	high	0.9933	902	include
connexin	A0A1D5PJ30__Galgal	tr|A0A1D5PJ30|A0A1D5PJ30_CHICK	Gallus gallus	vertebrate	proteome	high	0.9936	369	include
ampa	A0A1D5PJ69__Galgal	tr|A0A1D5PJ69|A0A1D5PJ69_CHICK	Gallus gallus	vertebrate	proteome	high	0.9989	902	include
gabaa	A0A1D5PMW7__Galgal	tr|A0A1D5PMW7|A0A1D5PMW7_CHICK	Gallus gallus	vertebrate	proteome	high	0.9693	474	include
calhm	A0A1D5PP02__Galgal	tr|A0A1D5PP02|A0A1D5PP02_CHICK	Gallus gallus	vertebrate	proteome	high	0.9019	314	include
ampa	A0A1D5PPW5__Galgal	tr|A0A1D5PPW5|A0A1D5PPW5_CHICK	Gallus gallus	vertebrate	proteome	high	0.9956	888	include
vdac	A0A1D5PQQ6__Galgal	tr|A0A1D5PQQ6|A0A1D5PQQ6_CHICK	Gallus gallus	vertebrate	proteome	high	0.982	303	include
cav	A0A1D5PV02__Galgal	tr|A0A1D5PV02|A0A1D5PV02_CHICK	Gallus gallus	vertebrate	proteome	high	0.8603	1887	include
iglur_nonvertebrate	A0A1T5HUM0__Caeele	tr|A0A1T5HUM0|A0A1T5HUM0_CAEEL	Caenorhabditis elegans	invertebrate	proteome	medium	0.4064		profile_medium
vdac	A0A1W2WI90__Cioint	tr|A0A1W2WI90|A0A1W2WI90_CIOIN	Ciona intestinalis	deuterostome	proteome	high	0.9712	338	include
vdac	A0A1X7SYZ2__Ampque	tr|A0A1X7SYZ2|A0A1X7SYZ2_AMPQE	Amphimedon queenslandica	basal_metazoan	proteome	high	0.9892	318	include
tpc	A0A1X7T0J8__Ampque	tr|A0A1X7T0J8|A0A1X7T0J8_AMPQE	Amphimedon queenslandica	basal_metazoan	proteome	high	0.805	762	include
vdac	A0A1X7T0M9__Ampque	tr|A0A1X7T0M9|A0A1X7T0M9_AMPQE	Amphimedon queenslandica	basal_metazoan	proteome	high	0.9892	318	include
asic	A0A1X7T5L4__Ampque	tr|A0A1X7T5L4|A0A1X7T5L4_AMPQE	Amphimedon queenslandica	basal_metazoan	proteome	high	0.8752	558	include
asic	A0A1X7T5Z9__Ampque	tr|A0A1X7T5Z9|A0A1X7T5Z9_AMPQE	Amphimedon queenslandica	basal_metazoan	proteome	high	0.881	496	include
asic	A0A1X7TFB0__Ampque	tr|A0A1X7TFB0|A0A1X7TFB0_AMPQE	Amphimedon queenslandica	basal_metazoan	proteome	high	0.7927	510	include
asic	A0A1X7TPC1__Ampque	tr|A0A1X7TPC1|A0A1X7TPC1_AMPQE	Amphimedon queenslandica	basal_metazoan	proteome	medium	0.3589		profile_medium
tmem175	A0A1X7TVD6__Ampque	tr|A0A1X7TVD6|A0A1X7TVD6_AMPQE	Amphimedon queenslandica	basal_metazoan	proteome	high	0.9006	529	include
asic	A0A1X7TZ75__Ampque	tr|A0A1X7TZ75|A0A1X7TZ75_AMPQE	Amphimedon queenslandica	basal_metazoan	proteome	high	0.8503	559	include
catsper	A0A1X7U8D4__Ampque	tr|A0A1X7U8D4|A0A1X7U8D4_AMPQE	Amphimedon queenslandica	basal_metazoan	proteome	high	0.7392	509	include
trpml	A0A1X7U9W6__Ampque	tr|A0A1X7U9W6|A0A1X7U9W6_AMPQE	Amphimedon queenslandica	basal_metazoan	proteome	high	0.7443	742	include
asic	A0A1X7UE32__Ampque	tr|A0A1X7UE32|A0A1X7UE32_AMPQE	Amphimedon queenslandica	basal_metazoan	proteome	medium	0.8733		profile_medium
asic	A0A1X7UE35__Ampque	tr|A0A1X7UE35|A0A1X7UE35_AMPQE	Amphimedon queenslandica	basal_metazoan	proteome	medium	0.8733		profile_medium
asic	A0A1X7UE63__Ampque	tr|A0A1X7UE63|A0A1X7UE63_AMPQE	Amphimedon queenslandica	basal_metazoan	proteome	medium	0.8772		profile_medium
asic	A0A1X7UF05__Ampque	tr|A0A1X7UF05|A0A1X7UF05_AMPQE	Amphimedon queenslandica	basal_metazoan	proteome	medium	0.8733		profile_medium
asic	A0A1X7UFI6__Ampque	tr|A0A1X7UFI6|A0A1X7UFI6_AMPQE	Amphimedon queenslandica	basal_metazoan	proteome	high	0.8637	522	include
trpa	A0A1X7UGK0__Ampque	tr|A0A1X7UGK0|A0A1X7UGK0_AMPQE	Amphimedon queenslandica	basal_metazoan	proteome	medium	0.4182		profile_medium
kir	A0A1X7UJE5__Ampque	tr|A0A1X7UJE5|A0A1X7UJE5_AMPQE	Amphimedon queenslandica	basal_metazoan	proteome	high	0.7848	357	include
vdac	A0A1X7UPJ5__Ampque	tr|A0A1X7UPJ5|A0A1X7UPJ5_AMPQE	Amphimedon queenslandica	basal_metazoan	proteome	high	0.9892	318	include
kca_slo	A0A1X7URK1__Ampque	tr|A0A1X7URK1|A0A1X7URK1_AMPQE	Amphimedon queenslandica	basal_metazoan	proteome	high	0.6809	1467	include
tpc	A0A1X7USA3__Ampque	tr|A0A1X7USA3|A0A1X7USA3_AMPQE	Amphimedon queenslandica	basal_metazoan	proteome	high	0.8613	950	include
catsper	A0A1X7UVE0__Ampque	tr|A0A1X7UVE0|A0A1X7UVE0_AMPQE	Amphimedon queenslandica	basal_metazoan	proteome	high	0.7248	585	include
mcu	A0A1X7UY12__Ampque	tr|A0A1X7UY12|A0A1X7UY12_AMPQE	Amphimedon queenslandica	basal_metazoan	proteome	high	0.7884	326	include
asic	A0A1X7V285__Ampque	tr|A0A1X7V285|A0A1X7V285_AMPQE	Amphimedon queenslandica	basal_metazoan	proteome	high	0.8618	539	include
asic	A0A1X7V2X5__Ampque	tr|A0A1X7V2X5|A0A1X7V2X5_AMPQE	Amphimedon queenslandica	basal_metazoan	proteome	high	0.8676	556	include
asic	A0A1X7V321__Ampque	tr|A0A1X7V321|A0A1X7V321_AMPQE	Amphimedon queenslandica	basal_metazoan	proteome	high	0.8868	513	include
asic	A0A1X7V336__Ampque	tr|A0A1X7V336|A0A1X7V336_AMPQE	Amphimedon queenslandica	basal_metazoan	proteome	high	0.9021	498	include
trpn	A0A1X7V3K3__Ampque	tr|A0A1X7V3K3|A0A1X7V3K3_AMPQE	Amphimedon queenslandica	basal_metazoan	proteome	medium	0.318		profile_medium
asic	A0A1X7V487__Ampque	tr|A0A1X7V487|A0A1X7V487_AMPQE	Amphimedon queenslandica	basal_metazoan	proteome	high	0.881	496	include
cng	A0A1X7V4G0__Ampque	tr|A0A1X7V4G0|A0A1X7V4G0_AMPQE	Amphimedon queenslandica	basal_metazoan	proteome	high	0.8416	695	include
osca_tmem63	A0A1X7V7H7__Ampque	tr|A0A1X7V7H7|A0A1X7V7H7_AMPQE	Amphimedon queenslandica	basal_metazoan	proteome	high	0.8566	840	include
asic	A0A1X7V8Z2__Ampque	tr|A0A1X7V8Z2|A0A1X7V8Z2_AMPQE	Amphimedon queenslandica	basal_metazoan	proteome	high	0.9002	508	include
itpr	A0A1X7V9E7__Ampque	tr|A0A1X7V9E7|A0A1X7V9E7_AMPQE	Amphimedon queenslandica	basal_metazoan	proteome	medium	0.4554		profile_medium
p2x_nonmetazoan	A0A1X7V9H7__Ampque	tr|A0A1X7V9H7|A0A1X7V9H7_AMPQE	Amphimedon queenslandica	basal_metazoan	proteome	high	0.7487	354	include
trpa	A0A1X7VAZ0__Ampque	tr|A0A1X7VAZ0|A0A1X7VAZ0_AMPQE	Amphimedon queenslandica	basal_metazoan	proteome	high	0.8856	1167	include
itpr	A0A1X7VBQ9__Ampque	tr|A0A1X7VBQ9|A0A1X7VBQ9_AMPQE	Amphimedon queenslandica	basal_metazoan	proteome	high	0.7262	2642	include
itpr	A0A1X7VCH2__Ampque	tr|A0A1X7VCH2|A0A1X7VCH2_AMPQE	Amphimedon queenslandica	basal_metazoan	proteome	high	0.7251	2648	include
trpml	A0A1X7VCY3__Ampque	tr|A0A1X7VCY3|A0A1X7VCY3_AMPQE	Amphimedon queenslandica	basal_metazoan	proteome	high	0.8581	670	include
vdac	A0A1X7VE66__Ampque	tr|A0A1X7VE66|A0A1X7VE66_AMPQE	Amphimedon queenslandica	basal_metazoan	proteome	high	0.9856	285	include
trpml	A0A1X7VED8__Ampque	tr|A0A1X7VED8|A0A1X7VED8_AMPQE	Amphimedon queenslandica	basal_metazoan	proteome	high	0.8634	591	include
piezo	A0A1X7VF12__Ampque	tr|A0A1X7VF12|A0A1X7VF12_AMPQE	Amphimedon queenslandica	basal_metazoan	proteome	high	0.9062	2317	include
p2x	A0A1X7VID9__Ampque	tr|A0A1X7VID9|A0A1X7VID9_AMPQE	Amphimedon queenslandica	basal_metazoan	proteome	high	0.9035	421	include
cng	A0A1X7VIZ6__Ampque	tr|A0A1X7VIZ6|A0A1X7VIZ6_AMPQE	Amphimedon queenslandica	basal_metazoan	proteome	high	0.6492	630	include
cav	A0A1X7VQE5__Ampque	tr|A0A1X7VQE5|A0A1X7VQE5_AMPQE	Amphimedon queenslandica	basal_metazoan	proteome	high	0.8531	2023	include
ampa	A0A286Y9Q6__Danrer	tr|A0A286Y9Q6|A0A286Y9Q6_DANRE	Danio rerio	vertebrate	proteome	high	0.9933	883	include
ryr	A0A2C9C3E8__Caeele	tr|A0A2C9C3E8|A0A2C9C3E8_CAEEL	Caenorhabditis elegans	invertebrate	proteome	high	0.9589	5202	include
mscs	A0A2K1IAQ2__Phypat	tr|A0A2K1IAQ2|A0A2K1IAQ2_PHYPA	Physcomitrium patens	plant	proteome	high	0.75	1006	include
kca_slo	A0A2K1IB39__Phypat	tr|A0A2K1IB39|A0A2K1IB39_PHYPA	Physcomitrium patens	plant	proteome	high	0.6963	1055	include
mscs	A0A2K1ICU2__Phypat	tr|A0A2K1ICU2|A0A2K1ICU2_PHYPA	Physcomitrium patens	plant	proteome	high	0.7627	1269	include
mcu	A0A2K1IDB1__Phypat	tr|A0A2K1IDB1|A0A2K1IDB1_PHYPA	Physcomitrium patens	plant	proteome	medium	0.4464		profile_medium
vdac	A0A2K1IMG7__Phypat	tr|A0A2K1IMG7|A0A2K1IMG7_PHYPA	Physcomitrium patens	plant	proteome	high	0.7554	331	include
tpc	A0A2K1IRL4__Phypat	tr|A0A2K1IRL4|A0A2K1IRL4_PHYPA	Physcomitrium patens	plant	proteome	high	0.8639	738	include
k2p	A0A2K1ITF6__Phypat	tr|A0A2K1ITF6|A0A2K1ITF6_PHYPA	Physcomitrium patens	plant	proteome	high	0.5498	380	include
k2p	A0A2K1IUA0__Phypat	tr|A0A2K1IUA0|A0A2K1IUA0_PHYPA	Physcomitrium patens	plant	proteome	high	0.5796	498	include
tpc	A0A2K1J0K4__Phypat	tr|A0A2K1J0K4|A0A2K1J0K4_PHYPA	Physcomitrium patens	plant	proteome	high	0.8534	739	include
vdac	A0A2K1J141__Phypat	tr|A0A2K1J141|A0A2K1J141_PHYPA	Physcomitrium patens	plant	proteome	high	0.7878	317	include
osca_tmem63	A0A2K1J530__Phypat	tr|A0A2K1J530|A0A2K1J530_PHYPA	Physcomitrium patens	plant	proteome	high	0.878	733	include
osca_tmem63	A0A2K1J723__Phypat	tr|A0A2K1J723|A0A2K1J723_PHYPA	Physcomitrium patens	plant	proteome	high	0.9145	934	include
mcu	A0A2K1J7G2__Phypat	tr|A0A2K1J7G2|A0A2K1J7G2_PHYPA	Physcomitrium patens	plant	proteome	medium	0.3304		profile_medium
osca_tmem63	A0A2K1J849__Phypat	tr|A0A2K1J849|A0A2K1J849_PHYPA	Physcomitrium patens	plant	proteome	high	0.9258	813	include
iglur_nonvertebrate	A0A2K1JEP3__Phypat	tr|A0A2K1JEP3|A0A2K1JEP3_PHYPA	Physcomitrium patens	plant	proteome	high	0.7073	991	include
mscs	A0A2K1JGW3__Phypat	tr|A0A2K1JGW3|A0A2K1JGW3_PHYPA	Physcomitrium patens	plant	proteome	high	0.7184	875	include
tpc	A0A2K1JIK9__Phypat	tr|A0A2K1JIK9|A0A2K1JIK9_PHYPA	Physcomitrium patens	plant	proteome	high	0.8573	761	include
orai	A0A2K1JIU8__Phypat	tr|A0A2K1JIU8|A0A2K1JIU8_PHYPA	Physcomitrium patens	plant	proteome				no_profile_call
mscs	A0A2K1JMP7__Phypat	tr|A0A2K1JMP7|A0A2K1JMP7_PHYPA	Physcomitrium patens	plant	proteome	high	0.6519	559	include
iglur_nonvertebrate	A0A2K1JPL9__Phypat	tr|A0A2K1JPL9|A0A2K1JPL9_PHYPA	Physcomitrium patens	plant	proteome	high	0.7909	999	include
mscs	A0A2K1JTC6__Phypat	tr|A0A2K1JTC6|A0A2K1JTC6_PHYPA	Physcomitrium patens	plant	proteome	high	0.8734	1014	include
osca_tmem63	A0A2K1JZ20__Phypat	tr|A0A2K1JZ20|A0A2K1JZ20_PHYPA	Physcomitrium patens	plant	proteome	high	0.9572	1363	include
mscs	A0A2K1JZW4__Phypat	tr|A0A2K1JZW4|A0A2K1JZW4_PHYPA	Physcomitrium patens	plant	proteome	high	0.6392	542	include
lrrc8	A0A2K1K007__Phypat	tr|A0A2K1K007|A0A2K1K007_PHYPA	Physcomitrium patens	plant	proteome	medium	0.3649		profile_medium
cng	A0A2K1K1P9__Phypat	tr|A0A2K1K1P9|A0A2K1K1P9_PHYPA	Physcomitrium patens	plant	proteome	medium	0.3465		profile_medium
osca_tmem63	A0A2K1K1T5__Phypat	tr|A0A2K1K1T5|A0A2K1K1T5_PHYPA	Physcomitrium patens	plant	proteome	high	0.9057	743	include
kir	A0A2K1K204__Phypat	tr|A0A2K1K204|A0A2K1K204_PHYPA	Physcomitrium patens	plant	proteome	high	0.824	507	include
osca_tmem63	A0A2K1K3G0__Phypat	tr|A0A2K1K3G0|A0A2K1K3G0_PHYPA	Physcomitrium patens	plant	proteome	high	0.9019	739	include
mscs	A0A2K1K3X6__Phypat	tr|A0A2K1K3X6|A0A2K1K3X6_PHYPA	Physcomitrium patens	plant	proteome	high	0.5253	200	include
mscs	A0A2K1K3Y2__Phypat	tr|A0A2K1K3Y2|A0A2K1K3Y2_PHYPA	Physcomitrium patens	plant	proteome	high	0.5728	478	include
osca_tmem63	A0A2K1K649__Phypat	tr|A0A2K1K649|A0A2K1K649_PHYPA	Physcomitrium patens	plant	proteome	high	0.7258	611	include
kca_slo	A0A2K1K6L2__Phypat	tr|A0A2K1K6L2|A0A2K1K6L2_PHYPA	Physcomitrium patens	plant	proteome	high	0.8441	1202	include
kca_slo	A0A2K1K6N5__Phypat	tr|A0A2K1K6N5|A0A2K1K6N5_PHYPA	Physcomitrium patens	plant	proteome	medium	0.3037		profile_medium
k2p	A0A2K1K7C7__Phypat	tr|A0A2K1K7C7|A0A2K1K7C7_PHYPA	Physcomitrium patens	plant	proteome	high	0.6517	465	include
mscs	A0A2K1KC96__Phypat	tr|A0A2K1KC96|A0A2K1KC96_PHYPA	Physcomitrium patens	plant	proteome	high	0.8703	918	include
hv1	A0A2K1KD71__Phypat	tr|A0A2K1KD71|A0A2K1KD71_PHYPA	Physcomitrium patens	plant	proteome	medium	0.4902		profile_medium
mcu	A0A2K1KJ61__Phypat	tr|A0A2K1KJ61|A0A2K1KJ61_PHYPA	Physcomitrium patens	plant	proteome	medium	0.3246		profile_medium
osca_tmem63	A0A2K1KNL0__Phypat	tr|A0A2K1KNL0|A0A2K1KNL0_PHYPA	Physcomitrium patens	plant	proteome	high	0.6818	1140	include
orai	A0A2K1KQ27__Phypat	tr|A0A2K1KQ27|A0A2K1KQ27_PHYPA	Physcomitrium patens	plant	proteome				no_profile_call
mscs	A0A2K1KU93__Phypat	tr|A0A2K1KU93|A0A2K1KU93_PHYPA	Physcomitrium patens	plant	proteome	high	0.5728	509	include
tpc	A0A2K1KUT0__Phypat	tr|A0A2K1KUT0|A0A2K1KUT0_PHYPA	Physcomitrium patens	plant	proteome	high	0.8521	772	include
piezo	A0A2K1KUX2__Phypat	tr|A0A2K1KUX2|A0A2K1KUX2_PHYPA	Physcomitrium patens	plant	proteome	medium	0.4202		profile_medium
osca_tmem63	A0A2K1KXN6__Phypat	tr|A0A2K1KXN6|A0A2K1KXN6_PHYPA	Physcomitrium patens	plant	proteome	high	0.8868	750	include
lrrc8	A0A2K1KXT9__Phypat	tr|A0A2K1KXT9|A0A2K1KXT9_PHYPA	Physcomitrium patens	plant	proteome	medium	0.3026		profile_medium
tpc	A0A2K1L0Z0__Phypat	tr|A0A2K1L0Z0|A0A2K1L0Z0_PHYPA	Physcomitrium patens	plant	proteome	high	0.8887	764	include
hv1	A0A2K1L3E6__Phypat	tr|A0A2K1L3E6|A0A2K1L3E6_PHYPA	Physcomitrium patens	plant	proteome	medium	0.4549		profile_medium
mscs	A0A2K1L4M0__Phypat	tr|A0A2K1L4M0|A0A2K1L4M0_PHYPA	Physcomitrium patens	plant	proteome	high	0.7152	582	include
orai	A0A2K1L7J0__Phypat	tr|A0A2K1L7J0|A0A2K1L7J0_PHYPA	Physcomitrium patens	plant	proteome				no_profile_call
mscs	A0A2K1L7R4__Phypat	tr|A0A2K1L7R4|A0A2K1L7R4_PHYPA	Physcomitrium patens	plant	proteome	high	0.8228	900	include
mscs	A0A2K1LB00__Phypat	tr|A0A2K1LB00|A0A2K1LB00_PHYPA	Physcomitrium patens	plant	proteome	high	0.7057	911	include
trpv	A0A2K3CP03__Chlrei	tr|A0A2K3CP03|A0A2K3CP03_CHLRE	Chlamydomonas reinhardtii	algae	proteome	high	0.6597	1206	include
cav	A0A2K3CP21__Chlrei	tr|A0A2K3CP21|A0A2K3CP21_CHLRE	Chlamydomonas reinhardtii	algae	proteome	medium	0.6615		profile_medium
plgic_prok	A0A2K3CP75__Chlrei	tr|A0A2K3CP75|A0A2K3CP75_CHLRE	Chlamydomonas reinhardtii	algae	proteome	medium	0.3989		profile_medium
plgic_prok	A0A2K3CPA5__Chlrei	tr|A0A2K3CPA5|A0A2K3CPA5_CHLRE	Chlamydomonas reinhardtii	algae	proteome	medium	0.5067		profile_medium
cng	A0A2K3CPD1__Chlrei	tr|A0A2K3CPD1|A0A2K3CPD1_CHLRE	Chlamydomonas reinhardtii	algae	proteome	medium	0.6917		profile_medium
plgic_prok	A0A2K3CPE0__Chlrei	tr|A0A2K3CPE0|A0A2K3CPE0_CHLRE	Chlamydomonas reinhardtii	algae	proteome	medium	0.3531		profile_medium
trpp	A0A2K3CPX6__Chlrei	tr|A0A2K3CPX6|A0A2K3CPX6_CHLRE	Chlamydomonas reinhardtii	algae	proteome	medium	0.3742		profile_medium
cav	A0A2K3CQ96__Chlrei	tr|A0A2K3CQ96|A0A2K3CQ96_CHLRE	Chlamydomonas reinhardtii	algae	proteome	high	0.7468	2253	include
mcu	A0A2K3CQU7__Chlrei	tr|A0A2K3CQU7|A0A2K3CQU7_CHLRE	Chlamydomonas reinhardtii	algae	proteome	medium	0.3478		profile_medium
osca_tmem63	A0A2K3CRI9__Chlrei	tr|A0A2K3CRI9|A0A2K3CRI9_CHLRE	Chlamydomonas reinhardtii	algae	proteome	high	0.5648	1886	include
orai	A0A2K3CT90__Chlrei	tr|A0A2K3CT90|A0A2K3CT90_CHLRE	Chlamydomonas reinhardtii	algae	proteome				no_profile_call
cav	A0A2K3CTS2__Chlrei	tr|A0A2K3CTS2|A0A2K3CTS2_CHLRE	Chlamydomonas reinhardtii	algae	proteome	medium	0.6965		profile_medium
cav	A0A2K3CTT5__Chlrei	tr|A0A2K3CTT5|A0A2K3CTT5_CHLRE	Chlamydomonas reinhardtii	algae	proteome	medium	0.7468		profile_medium
itpr	A0A2K3CTW4__Chlrei	tr|A0A2K3CTW4|A0A2K3CTW4_CHLRE	Chlamydomonas reinhardtii	algae	proteome	medium	0.3734		profile_medium
cav	A0A2K3CUI6__Chlrei	tr|A0A2K3CUI6|A0A2K3CUI6_CHLRE	Chlamydomonas reinhardtii	algae	proteome	medium	0.4402		profile_medium
kv_eag	A0A2K3CUI9__Chlrei	tr|A0A2K3CUI9|A0A2K3CUI9_CHLRE	Chlamydomonas reinhardtii	algae	proteome	medium	0.3848		profile_medium
osca_tmem63	A0A2K3CZX5__Chlrei	tr|A0A2K3CZX5|A0A2K3CZX5_CHLRE	Chlamydomonas reinhardtii	algae	proteome	high	0.8013	2109	include
osca_tmem63	A0A2K3D086__Chlrei	tr|A0A2K3D086|A0A2K3D086_CHLRE	Chlamydomonas reinhardtii	algae	proteome	high	0.8503	2238	include
mscs	A0A2K3D134__Chlrei	tr|A0A2K3D134|A0A2K3D134_CHLRE	Chlamydomonas reinhardtii	algae	proteome	medium	0.4335		profile_medium
kir	A0A2K3D141__Chlrei	tr|A0A2K3D141|A0A2K3D141_CHLRE	Chlamydomonas reinhardtii	algae	proteome	high	0.7506	673	include
kca_slo	A0A2K3D1B6__Chlrei	tr|A0A2K3D1B6|A0A2K3D1B6_CHLRE	Chlamydomonas reinhardtii	algae	proteome	none	0.2792		no_profile_call
mscs	A0A2K3D2Y5__Chlrei	tr|A0A2K3D2Y5|A0A2K3D2Y5_CHLRE	Chlamydomonas reinhardtii	algae	proteome	high	0.7278	1239	include
osca_tmem63	A0A2K3D4W0__Chlrei	tr|A0A2K3D4W0|A0A2K3D4W0_CHLRE	Chlamydomonas reinhardtii	algae	proteome	high	0.5686	2128	include
cng	A0A2K3D4W2__Chlrei	tr|A0A2K3D4W2|A0A2K3D4W2_CHLRE	Chlamydomonas reinhardtii	algae	proteome	medium	0.6195		profile_medium
cav	A0A2K3D4X4__Chlrei	tr|A0A2K3D4X4|A0A2K3D4X4_CHLRE	Chlamydomonas reinhardtii	algae	proteome	medium	0.6816		profile_medium
osca_tmem63	A0A2K3D5I9__Chlrei	tr|A0A2K3D5I9|A0A2K3D5I9_CHLRE	Chlamydomonas reinhardtii	algae	proteome	high	0.8164	3082	include
cng	A0A2K3D5Y0__Chlrei	tr|A0A2K3D5Y0|A0A2K3D5Y0_CHLRE	Chlamydomonas reinhardtii	algae	proteome	medium	0.628		profile_medium
nmda	A0A2K3D6T2__Chlrei	tr|A0A2K3D6T2|A0A2K3D6T2_CHLRE	Chlamydomonas reinhardtii	algae	proteome	medium	0.428		profile_medium
cav	A0A2K3D768__Chlrei	tr|A0A2K3D768|A0A2K3D768_CHLRE	Chlamydomonas reinhardtii	algae	proteome	medium	0.7833		profile_medium
trpv	A0A2K3D9A7__Chlrei	tr|A0A2K3D9A7|A0A2K3D9A7_CHLRE	Chlamydomonas reinhardtii	algae	proteome	medium	0.3835		profile_medium
trpv	A0A2K3DA34__Chlrei	tr|A0A2K3DA34|A0A2K3DA34_CHLRE	Chlamydomonas reinhardtii	algae	proteome	medium	0.3736		profile_medium
cav	A0A2K3DAR0__Chlrei	tr|A0A2K3DAR0|A0A2K3DAR0_CHLRE	Chlamydomonas reinhardtii	algae	proteome	high	0.7468	3838	include
hcn	A0A2K3DB39__Chlrei	tr|A0A2K3DB39|A0A2K3DB39_CHLRE	Chlamydomonas reinhardtii	algae	proteome	high	0.6491	3545	include
trpc	A0A2K3DBB7__Chlrei	tr|A0A2K3DBB7|A0A2K3DBB7_CHLRE	Chlamydomonas reinhardtii	algae	proteome	medium	0.4794		profile_medium
mscs	A0A2K3DBC1__Chlrei	tr|A0A2K3DBC1|A0A2K3DBC1_CHLRE	Chlamydomonas reinhardtii	algae	proteome	medium	0.4367		profile_medium
osca_tmem63	A0A2K3DBT5__Chlrei	tr|A0A2K3DBT5|A0A2K3DBT5_CHLRE	Chlamydomonas reinhardtii	algae	proteome	medium	0.4553		profile_medium
osca_tmem63	A0A2K3DCX1__Chlrei	tr|A0A2K3DCX1|A0A2K3DCX1_CHLRE	Chlamydomonas reinhardtii	algae	proteome	high	0.7711	1548	include
osca_tmem63	A0A2K3DGF7__Chlrei	tr|A0A2K3DGF7|A0A2K3DGF7_CHLRE	Chlamydomonas reinhardtii	algae	proteome	high	0.8679	1234	include
osca_tmem63	A0A2K3DGI4__Chlrei	tr|A0A2K3DGI4|A0A2K3DGI4_CHLRE	Chlamydomonas reinhardtii	algae	proteome	high	0.8151	1216	include
osca_tmem63	A0A2K3DGI6__Chlrei	tr|A0A2K3DGI6|A0A2K3DGI6_CHLRE	Chlamydomonas reinhardtii	algae	proteome	high	0.7774	1481	include
mscs	A0A2K3DJR7__Chlrei	tr|A0A2K3DJR7|A0A2K3DJR7_CHLRE	Chlamydomonas reinhardtii	algae	proteome	medium	0.4367		profile_medium
kv_eag	A0A2K3DJT5__Chlrei	tr|A0A2K3DJT5|A0A2K3DJT5_CHLRE	Chlamydomonas reinhardtii	algae	proteome	medium	0.3799		profile_medium
kv_shaker	A0A2K3DJW6__Chlrei	tr|A0A2K3DJW6|A0A2K3DJW6_CHLRE	Chlamydomonas reinhardtii	algae	proteome	medium	0.6286		profile_medium
cav	A0A2K3DK32__Chlrei	tr|A0A2K3DK32|A0A2K3DK32_CHLRE	Chlamydomonas reinhardtii	algae	proteome	medium	0.5198		profile_medium
trpv	A0A2K3DK55__Chlrei	tr|A0A2K3DK55|A0A2K3DK55_CHLRE	Chlamydomonas reinhardtii	algae	proteome	medium	0.3835		profile_medium
kv_eag	A0A2K3DNV4__Chlrei	tr|A0A2K3DNV4|A0A2K3DNV4_CHLRE	Chlamydomonas reinhardtii	algae	proteome	medium	0.4128		profile_medium
kir	A0A2K3DRT3__Chlrei	tr|A0A2K3DRT3|A0A2K3DRT3_CHLRE	Chlamydomonas reinhardtii	algae	proteome	high	0.7139	979	include
trpn	A0A2K3DS08__Chlrei	tr|A0A2K3DS08|A0A2K3DS08_CHLRE	Chlamydomonas reinhardtii	algae	proteome	medium	0.3362		profile_medium
kv_eag	A0A2K3DSF7__Chlrei	tr|A0A2K3DSF7|A0A2K3DSF7_CHLRE	Chlamydomonas reinhardtii	algae	proteome	medium	0.332		profile_medium
hcn	A0A2K3DW41__Chlrei	tr|A0A2K3DW41|A0A2K3DW41_CHLRE	Chlamydomonas reinhardtii	algae	proteome	medium	0.782		profile_medium
nachr	A0A2K3E2H7__Chlrei	tr|A0A2K3E2H7|A0A2K3E2H7_CHLRE	Chlamydomonas reinhardtii	algae	proteome	high	0.7516	2096	include
trpv	A0A2K3E314__Chlrei	tr|A0A2K3E314|A0A2K3E314_CHLRE	Chlamydomonas reinhardtii	algae	proteome	medium	0.3724		profile_medium
mscs	A0A2K3E3A3__Chlrei	tr|A0A2K3E3A3|A0A2K3E3A3_CHLRE	Chlamydomonas reinhardtii	algae	proteome	medium	0.3386		profile_medium
kca_slo	A0A2K3E3P1__Chlrei	tr|A0A2K3E3P1|A0A2K3E3P1_CHLRE	Chlamydomonas reinhardtii	algae	proteome	medium	0.3898		profile_medium
kv_eag	A0A2K3E3T3__Chlrei	tr|A0A2K3E3T3|A0A2K3E3T3_CHLRE	Chlamydomonas reinhardtii	algae	proteome	medium	0.4148		profile_medium
kv_eag	A0A2K3E4W0__Chlrei	tr|A0A2K3E4W0|A0A2K3E4W0_CHLRE	Chlamydomonas reinhardtii	algae	proteome	medium	0.3809		profile_medium
cng	A0A2K3E5I3__Chlrei	tr|A0A2K3E5I3|A0A2K3E5I3_CHLRE	Chlamydomonas reinhardtii	algae	proteome	medium	0.5446		profile_medium
cng	A0A2K3E5J7__Chlrei	tr|A0A2K3E5J7|A0A2K3E5J7_CHLRE	Chlamydomonas reinhardtii	algae	proteome	medium	0.5417		profile_medium
cng	A0A2K3E5M0__Chlrei	tr|A0A2K3E5M0|A0A2K3E5M0_CHLRE	Chlamydomonas reinhardtii	algae	proteome	medium	0.5361		profile_medium
cng	A0A2K3E5M5__Chlrei	tr|A0A2K3E5M5|A0A2K3E5M5_CHLRE	Chlamydomonas reinhardtii	algae	proteome	high	0.5446	1922	include
kir	A0A2K3E712__Chlrei	tr|A0A2K3E712|A0A2K3E712_CHLRE	Chlamydomonas reinhardtii	algae	proteome	high	0.6381	574	include
mscs	A0A2K3E727__Chlrei	tr|A0A2K3E727|A0A2K3E727_CHLRE	Chlamydomonas reinhardtii	algae	proteome	medium	0.4272		profile_medium
mscs	A0A2K3E737__Chlrei	tr|A0A2K3E737|A0A2K3E737_CHLRE	Chlamydomonas reinhardtii	algae	proteome	medium	0.3956		profile_medium
cng	A0A2K3E893__Chlrei	tr|A0A2K3E893|A0A2K3E893_CHLRE	Chlamydomonas reinhardtii	algae	proteome	high	0.6322	2228	include
mscs	A0A2K3E8D0__Chlrei	tr|A0A2K3E8D0|A0A2K3E8D0_CHLRE	Chlamydomonas reinhardtii	algae	proteome	high	0.6646	1523	include
kv_shaker	A0A2R8Q685__Danrer	tr|A0A2R8Q685|A0A2R8Q685_DANRE	Danio rerio	vertebrate	proteome	medium	0.9438		profile_medium
bestrophin	A0A2R8Q9T0__Danrer	tr|A0A2R8Q9T0|A0A2R8Q9T0_DANRE	Danio rerio	vertebrate	proteome	high	0.9374	672	include
gabaa	A0A2R8QAF5__Danrer	tr|A0A2R8QAF5|A0A2R8QAF5_DANRE	Danio rerio	vertebrate	proteome	high	0.9452	451	include
ht3	A0A2R8QCB8__Danrer	tr|A0A2R8QCB8|A0A2R8QCB8_DANRE	Danio rerio	vertebrate	proteome	medium	0.8764		profile_medium
ano_channel	A0A2R8RJ22__Danrer	tr|A0A2R8RJ22|A0A2R8RJ22_DANRE	Danio rerio	vertebrate	proteome	high	0.8957	1065	include
k2p	A0A2X0RDZ3__Caeele	tr|A0A2X0RDZ3|A0A2X0RDZ3_CAEEL	Caenorhabditis elegans	invertebrate	proteome	high	0.5995	1519	include
kv_shaker	A0A3B1E007__Caeele	tr|A0A3B1E007|A0A3B1E007_CAEEL	Caenorhabditis elegans	invertebrate	proteome	high	0.7917	500	include
cav	A0A3B1E663__Caeele	tr|A0A3B1E663|A0A3B1E663_CAEEL	Caenorhabditis elegans	invertebrate	proteome	high	0.8973	2171	include
mcu	A0A3B5JUL9__Takrub	tr|A0A3B5JUL9|A0A3B5JUL9_TAKRU	Takifugu rubripes	vertebrate	proteome	high	0.9072	339	include
connexin	A0A3B5JXK3__Takrub	tr|A0A3B5JXK3|A0A3B5JXK3_TAKRU	Takifugu rubripes	vertebrate	proteome	high	0.7588	293	include
kv_modifier	A0A3B5JYJ1__Takrub	tr|A0A3B5JYJ1|A0A3B5JYJ1_TAKRU	Takifugu rubripes	vertebrate	proteome	medium	0.9219		profile_medium
k2p	A0A3B5JYL7__Takrub	tr|A0A3B5JYL7|A0A3B5JYL7_TAKRU	Takifugu rubripes	vertebrate	proteome	high	0.7015	621	include
nmda	A0A3B5JYS7__Takrub	tr|A0A3B5JYS7|A0A3B5JYS7_TAKRU	Takifugu rubripes	vertebrate	proteome	high	0.7417	1728	include
pannexin	A0A3B5K011__Takrub	tr|A0A3B5K011|A0A3B5K011_TAKRU	Takifugu rubripes	vertebrate	proteome	high	1.0	656	include
connexin	A0A3B5K0R9__Takrub	tr|A0A3B5K0R9|A0A3B5K0R9_TAKRU	Takifugu rubripes	vertebrate	proteome	high	0.8907	485	include
trpn	A0A3B5K142__Takrub	tr|A0A3B5K142|A0A3B5K142_TAKRU	Takifugu rubripes	vertebrate	proteome	medium	0.4594		profile_medium
k2p	A0A3B5K1B9__Takrub	tr|A0A3B5K1B9|A0A3B5K1B9_TAKRU	Takifugu rubripes	vertebrate	proteome	high	0.6841	427	include
trpm	A0A3B5K1D1__Takrub	tr|A0A3B5K1D1|A0A3B5K1D1_TAKRU	Takifugu rubripes	vertebrate	proteome	high	0.6219	1324	include
ht3	A0A3B5K370__Takrub	tr|A0A3B5K370|A0A3B5K370_TAKRU	Takifugu rubripes	vertebrate	proteome	high	0.7726	408	include
hcn	A0A3B5K3E4__Takrub	tr|A0A3B5K3E4|A0A3B5K3E4_TAKRU	Takifugu rubripes	vertebrate	proteome	medium	0.4731		profile_medium
connexin	A0A3B5K4W3__Takrub	tr|A0A3B5K4W3|A0A3B5K4W3_TAKRU	Takifugu rubripes	vertebrate	proteome	high	0.9196	460	include
connexin	A0A3B5K5E7__Takrub	tr|A0A3B5K5E7|A0A3B5K5E7_TAKRU	Takifugu rubripes	vertebrate	proteome	high	0.9582	418	include
connexin	A0A3B5K642__Takrub	tr|A0A3B5K642|A0A3B5K642_TAKRU	Takifugu rubripes	vertebrate	proteome	high	0.9775	354	include
connexin	A0A3B5K669__Takrub	tr|A0A3B5K669|A0A3B5K669_TAKRU	Takifugu rubripes	vertebrate	proteome	high	0.8167	413	include
connexin	A0A3B5K6C9__Takrub	tr|A0A3B5K6C9|A0A3B5K6C9_TAKRU	Takifugu rubripes	vertebrate	proteome	high	0.9968	389	include
otop	A0A3B5K7R5__Takrub	tr|A0A3B5K7R5|A0A3B5K7R5_TAKRU	Takifugu rubripes	vertebrate	proteome	none	0.1394		no_profile_call
kv_shaker	A0A3B5K802__Takrub	tr|A0A3B5K802|A0A3B5K802_TAKRU	Takifugu rubripes	vertebrate	proteome	high	0.6268	564	include
connexin	A0A3B5K913__Takrub	tr|A0A3B5K913|A0A3B5K913_TAKRU	Takifugu rubripes	vertebrate	proteome	high	0.791	339	include
connexin	A0A3B5KAV7__Takrub	tr|A0A3B5KAV7|A0A3B5KAV7_TAKRU	Takifugu rubripes	vertebrate	proteome	high	0.9904	382	include
nmda	A0A3B5KAW4__Takrub	tr|A0A3B5KAW4|A0A3B5KAW4_TAKRU	Takifugu rubripes	vertebrate	proteome	high	0.7425	1323	include
kv_shaker	A0A3B5KBV0__Takrub	tr|A0A3B5KBV0|A0A3B5KBV0_TAKRU	Takifugu rubripes	vertebrate	proteome	high	0.8768	498	include
orai	A0A3B5KCH5__Takrub	tr|A0A3B5KCH5|A0A3B5KCH5_TAKRU	Takifugu rubripes	vertebrate	proteome	high	0.7963	223	include
otop	A0A3B5KD49__Takrub	tr|A0A3B5KD49|A0A3B5KD49_TAKRU	Takifugu rubripes	vertebrate	proteome	none	0.1721		no_profile_call
kv_eag	A0A3B5KEJ0__Takrub	tr|A0A3B5KEJ0|A0A3B5KEJ0_TAKRU	Takifugu rubripes	vertebrate	proteome	high	0.6909	930	include
k2p	A0A3B5KFN3__Takrub	tr|A0A3B5KFN3|A0A3B5KFN3_TAKRU	Takifugu rubripes	vertebrate	proteome	high	0.7612	334	include
vdac	A0A3B5KI15__Takrub	tr|A0A3B5KI15|A0A3B5KI15_TAKRU	Takifugu rubripes	vertebrate	proteome	high	0.9892	351	include
vdac	A0A3B5KIJ5__Takrub	tr|A0A3B5KIJ5|A0A3B5KIJ5_TAKRU	Takifugu rubripes	vertebrate	proteome	high	0.9964	317	include
connexin	A0A3B5KJF4__Takrub	tr|A0A3B5KJF4|A0A3B5KJF4_TAKRU	Takifugu rubripes	vertebrate	proteome	high	0.8875	372	include
osca_tmem63	A0A3B5KL19__Takrub	tr|A0A3B5KL19|A0A3B5KL19_TAKRU	Takifugu rubripes	vertebrate	proteome	high	0.9371	851	include
connexin	A0A3B5KM75__Takrub	tr|A0A3B5KM75|A0A3B5KM75_TAKRU	Takifugu rubripes	vertebrate	proteome	high	0.9614	410	include
connexin	A0A3B5KPU3__Takrub	tr|A0A3B5KPU3|A0A3B5KPU3_TAKRU	Takifugu rubripes	vertebrate	proteome	medium	0.4887		profile_medium
gabaa	A0A3P6NNS2__Caeele	tr|A0A3P6NNS2|A0A3P6NNS2_CAEEL	Caenorhabditis elegans	invertebrate	proteome	medium	0.9386		profile_medium
nachr	A0A3P6P985__Caeele	tr|A0A3P6P985|A0A3P6P985_CAEEL	Caenorhabditis elegans	invertebrate	proteome	high	0.8861	635	include
kir	A0A3Q2TVJ3__Galgal	tr|A0A3Q2TVJ3|A0A3Q2TVJ3_CHICK	Gallus gallus	vertebrate	proteome	high	0.8313	375	include
orai	A0A3Q2U112__Galgal	tr|A0A3Q2U112|A0A3Q2U112_CHICK	Gallus gallus	vertebrate	proteome	high	0.8222	226	include
connexin	A0A3Q2U3Y9__Galgal	tr|A0A3Q2U3Y9|A0A3Q2U3Y9_CHICK	Gallus gallus	vertebrate	proteome	high	0.791	296	include
vdac	A0A3Q2UC75__Galgal	tr|A0A3Q2UC75|A0A3Q2UC75_CHICK	Gallus gallus	vertebrate	proteome	medium	0.4676		profile_medium
kir	A0A3Q2UNZ0__Galgal	tr|A0A3Q2UNZ0|A0A3Q2UNZ0_CHICK	Gallus gallus	vertebrate	proteome	high	0.956	423	include
nachr	A0A499GGQ3__Dromel	tr|A0A499GGQ3|A0A499GGQ3_DROME	Drosophila melanogaster	invertebrate	proteome	high	0.9669	837	include
cng	A0A4P7VAE4__Dromel	tr|A0A4P7VAE4|A0A4P7VAE4_DROME	Drosophila melanogaster	invertebrate	proteome	high	0.6676	1269	include
kv_shaker	A0A4W3GBS4__Calmil	tr|A0A4W3GBS4|A0A4W3GBS4_CALMI	Callorhinchus milii	vertebrate	proteome	high	0.7464	524	include
kv_shaker	A0A4W3GBS5__Calmil	tr|A0A4W3GBS5|A0A4W3GBS5_CALMI	Callorhinchus milii	vertebrate	proteome	medium	0.4891		profile_medium
kv_shaker	A0A4W3GBT9__Calmil	tr|A0A4W3GBT9|A0A4W3GBT9_CALMI	Callorhinchus milii	vertebrate	proteome	high	0.8243	494	include
glyr	A0A4W3GCK0__Calmil	tr|A0A4W3GCK0|A0A4W3GCK0_CALMI	Callorhinchus milii	vertebrate	proteome	high	0.9481	533	include
k2p	A0A4W3GCK8__Calmil	tr|A0A4W3GCK8|A0A4W3GCK8_CALMI	Callorhinchus milii	vertebrate	proteome	high	0.5373	265	include
trpn	A0A4W3GDN1__Calmil	tr|A0A4W3GDN1|A0A4W3GDN1_CALMI	Callorhinchus milii	vertebrate	proteome	high	0.8235	1639	include
trpp	A0A4W3GDS1__Calmil	tr|A0A4W3GDS1|A0A4W3GDS1_CALMI	Callorhinchus milii	vertebrate	proteome	high	0.8984	740	include
nachr	A0A4W3GEJ7__Calmil	tr|A0A4W3GEJ7|A0A4W3GEJ7_CALMI	Callorhinchus milii	vertebrate	proteome	high	0.7681	423	include
kca_slo	A0A4W3GEQ9__Calmil	tr|A0A4W3GEQ9|A0A4W3GEQ9_CALMI	Callorhinchus milii	vertebrate	proteome	high	0.8549	1169	include
kca_slo	A0A4W3GG77__Calmil	tr|A0A4W3GG77|A0A4W3GG77_CALMI	Callorhinchus milii	vertebrate	proteome	medium	0.3073		profile_medium
kv_shaker	A0A4W3GH35__Calmil	tr|A0A4W3GH35|A0A4W3GH35_CALMI	Callorhinchus milii	vertebrate	proteome	high	0.8641	585	include
hcn	A0A4W3GH47__Calmil	tr|A0A4W3GH47|A0A4W3GH47_CALMI	Callorhinchus milii	vertebrate	proteome	high	0.5914	658	include
k2p	A0A4W3GHC1__Calmil	tr|A0A4W3GHC1|A0A4W3GHC1_CALMI	Callorhinchus milii	vertebrate	proteome	high	0.5697	286	include
vdac	A0A4W3GI25__Calmil	tr|A0A4W3GI25|A0A4W3GI25_CALMI	Callorhinchus milii	vertebrate	proteome	none	0.277		no_profile_call
ht3	A0A4W3GI92__Calmil	tr|A0A4W3GI92|A0A4W3GI92_CALMI	Callorhinchus milii	vertebrate	proteome	high	0.9161	437	include
asic	A0A4W3GIK9__Calmil	tr|A0A4W3GIK9|A0A4W3GIK9_CALMI	Callorhinchus milii	vertebrate	proteome	medium	0.3033		profile_medium
kv_shaker	A0A4W3GJL0__Calmil	tr|A0A4W3GJL0|A0A4W3GJL0_CALMI	Callorhinchus milii	vertebrate	proteome	high	0.6703	359	include
trpv	A0A4W3GJU0__Calmil	tr|A0A4W3GJU0|A0A4W3GJU0_CALMI	Callorhinchus milii	vertebrate	proteome	high	0.8064	643	include
kv_kcnq	A0A4W3GJU7__Calmil	tr|A0A4W3GJU7|A0A4W3GJU7_CALMI	Callorhinchus milii	vertebrate	proteome	high	0.8078	803	include
trpv	A0A4W3GKI1__Calmil	tr|A0A4W3GKI1|A0A4W3GKI1_CALMI	Callorhinchus milii	vertebrate	proteome	high	0.8212	698	include
trpa	A0A4W3GKR7__Calmil	tr|A0A4W3GKR7|A0A4W3GKR7_CALMI	Callorhinchus milii	vertebrate	proteome	high	0.8445	1027	include
connexin	A0A4W3GMT3__Calmil	tr|A0A4W3GMT3|A0A4W3GMT3_CALMI	Callorhinchus milii	vertebrate	proteome	high	0.7074	301	include
catsper	A0A4W3GN01__Calmil	tr|A0A4W3GN01|A0A4W3GN01_CALMI	Callorhinchus milii	vertebrate	proteome	high	0.7351	401	include
kv_modifier	A0A4W3GNF6__Calmil	tr|A0A4W3GNF6|A0A4W3GNF6_CALMI	Callorhinchus milii	vertebrate	proteome	high	0.9409	482	include
nalcn	A0A4W3GNL9__Calmil	tr|A0A4W3GNL9|A0A4W3GNL9_CALMI	Callorhinchus milii	vertebrate	proteome	high	1.0	1755	include
mcu	A0A4W3GNN6__Calmil	tr|A0A4W3GNN6|A0A4W3GNN6_CALMI	Callorhinchus milii	vertebrate	proteome	high	0.8696	344	include
hcn	A0A4W3GNS5__Calmil	tr|A0A4W3GNS5|A0A4W3GNS5_CALMI	Callorhinchus milii	vertebrate	proteome	medium	0.3539		profile_medium
asic	A0A4W3GP73__Calmil	tr|A0A4W3GP73|A0A4W3GP73_CALMI	Callorhinchus milii	vertebrate	proteome	medium	0.3148		profile_medium
kir	A0A4W3GQ19__Calmil	tr|A0A4W3GQ19|A0A4W3GQ19_CALMI	Callorhinchus milii	vertebrate	proteome	high	0.8484	377	include
ht3	A0A4W3GQ48__Calmil	tr|A0A4W3GQ48|A0A4W3GQ48_CALMI	Callorhinchus milii	vertebrate	proteome	high	0.8985	433	include
connexin	A0A4W3GQI9__Calmil	tr|A0A4W3GQI9|A0A4W3GQI9_CALMI	Callorhinchus milii	vertebrate	proteome	high	0.746	238	include
cav	A0A4W3GR47__Calmil	tr|A0A4W3GR47|A0A4W3GR47_CALMI	Callorhinchus milii	vertebrate	proteome	high	0.8803	2056	include
hcn	A0A4W3GRB1__Calmil	tr|A0A4W3GRB1|A0A4W3GRB1_CALMI	Callorhinchus milii	vertebrate	proteome	medium	0.392		profile_medium
kir	A0A4W3GRI4__Calmil	tr|A0A4W3GRI4|A0A4W3GRI4_CALMI	Callorhinchus milii	vertebrate	proteome	high	0.8264	464	include
k2p	A0A4W3GRJ3__Calmil	tr|A0A4W3GRJ3|A0A4W3GRJ3_CALMI	Callorhinchus milii	vertebrate	proteome	high	0.9378	557	include
calhm	A0A4W3GS98__Calmil	tr|A0A4W3GS98|A0A4W3GS98_CALMI	Callorhinchus milii	vertebrate	proteome	medium	0.3354		profile_medium
glyr	A0A4W3GSH8__Calmil	tr|A0A4W3GSH8|A0A4W3GSH8_CALMI	Callorhinchus milii	vertebrate	proteome	high	0.9935	486	include
calhm	A0A4W3GSW0__Calmil	tr|A0A4W3GSW0|A0A4W3GSW0_CALMI	Callorhinchus milii	vertebrate	proteome	medium	0.4051		profile_medium
connexin	A0A4W3GT05__Calmil	tr|A0A4W3GT05|A0A4W3GT05_CALMI	Callorhinchus milii	vertebrate	proteome	high	0.5627	189	include
kir	A0A4W3GT77__Calmil	tr|A0A4W3GT77|A0A4W3GT77_CALMI	Callorhinchus milii	vertebrate	proteome	high	0.8851	477	include
connexin	A0A4W3GUD8__Calmil	tr|A0A4W3GUD8|A0A4W3GUD8_CALMI	Callorhinchus milii	vertebrate	proteome	high	0.5434	223	include
k2p	A0A4W3GUV5__Calmil	tr|A0A4W3GUV5|A0A4W3GUV5_CALMI	Callorhinchus milii	vertebrate	proteome	high	0.6045	366	include
kv_eag	A0A4W3GVS6__Calmil	tr|A0A4W3GVS6|A0A4W3GVS6_CALMI	Callorhinchus milii	vertebrate	proteome	medium	0.3968		profile_medium
calhm	A0A4W3GWB1__Calmil	tr|A0A4W3GWB1|A0A4W3GWB1_CALMI	Callorhinchus milii	vertebrate	proteome	high	0.9715	379	include
itpr	A0A4W3GWE7__Calmil	tr|A0A4W3GWE7|A0A4W3GWE7_CALMI	Callorhinchus milii	vertebrate	proteome	high	0.9819	2630	include
kir	A0A4W3GX13__Calmil	tr|A0A4W3GX13|A0A4W3GX13_CALMI	Callorhinchus milii	vertebrate	proteome	high	0.8117	356	include
kainate	A0A4W3GXG6__Calmil	tr|A0A4W3GXG6|A0A4W3GXG6_CALMI	Callorhinchus milii	vertebrate	proteome	medium	0.494		profile_medium
asic	A0A4W3GXX9__Calmil	tr|A0A4W3GXX9|A0A4W3GXX9_CALMI	Callorhinchus milii	vertebrate	proteome	medium	0.3512		profile_medium
p2x	A0A4W3GYB9__Calmil	tr|A0A4W3GYB9|A0A4W3GYB9_CALMI	Callorhinchus milii	vertebrate	proteome	medium	0.4635		profile_medium
nachr	A0A4W3GYK5__Calmil	tr|A0A4W3GYK5|A0A4W3GYK5_CALMI	Callorhinchus milii	vertebrate	proteome	high	0.9441	587	include
kv_modifier	A0A4W3GYW5__Calmil	tr|A0A4W3GYW5|A0A4W3GYW5_CALMI	Callorhinchus milii	vertebrate	proteome	high	0.8734	435	include
calhm	A0A4W3GZM2__Calmil	tr|A0A4W3GZM2|A0A4W3GZM2_CALMI	Callorhinchus milii	vertebrate	proteome	high	0.7911	338	include
kir	A0A4W3GZR0__Calmil	tr|A0A4W3GZR0|A0A4W3GZR0_CALMI	Callorhinchus milii	vertebrate	proteome	high	0.8998	435	include
kv_modifier	A0A4W3H0A0__Calmil	tr|A0A4W3H0A0|A0A4W3H0A0_CALMI	Callorhinchus milii	vertebrate	proteome	medium	0.9451		profile_medium
connexin	A0A4W3H0P6__Calmil	tr|A0A4W3H0P6|A0A4W3H0P6_CALMI	Callorhinchus milii	vertebrate	proteome	high	0.8167	393	include
kir	A0A4W3H0Y7__Calmil	tr|A0A4W3H0Y7|A0A4W3H0Y7_CALMI	Callorhinchus milii	vertebrate	proteome	high	0.868	369	include
kv_shaker	A0A4W3H113__Calmil	tr|A0A4W3H113|A0A4W3H113_CALMI	Callorhinchus milii	vertebrate	proteome	medium	0.9511		profile_medium
osca_tmem63	A0A4W3H235__Calmil	tr|A0A4W3H235|A0A4W3H235_CALMI	Callorhinchus milii	vertebrate	proteome	high	0.9409	798	include
trpml	A0A4W3H2B0__Calmil	tr|A0A4W3H2B0|A0A4W3H2B0_CALMI	Callorhinchus milii	vertebrate	proteome	high	0.9597	569	include
kir	A0A4W3H2C2__Calmil	tr|A0A4W3H2C2|A0A4W3H2C2_CALMI	Callorhinchus milii	vertebrate	proteome	high	0.6773	342	include
nmda	A0A4W3H3L2__Calmil	tr|A0A4W3H3L2|A0A4W3H3L2_CALMI	Callorhinchus milii	vertebrate	proteome	high	0.6198	1034	include
vdac	A0A4W3H4C2__Calmil	tr|A0A4W3H4C2|A0A4W3H4C2_CALMI	Callorhinchus milii	vertebrate	proteome	high	0.8597	250	include
k2p	A0A4W3H5E4__Calmil	tr|A0A4W3H5E4|A0A4W3H5E4_CALMI	Callorhinchus milii	vertebrate	proteome	medium	0.4726		profile_medium
trpm	A0A4W3H5R4__Calmil	tr|A0A4W3H5R4|A0A4W3H5R4_CALMI	Callorhinchus milii	vertebrate	proteome	high	0.6555	1332	include
cav	A0A4W3H6Q2__Calmil	tr|A0A4W3H6Q2|A0A4W3H6Q2_CALMI	Callorhinchus milii	vertebrate	proteome	high	0.7298	2288	include
connexin	A0A4W3H705__Calmil	tr|A0A4W3H705|A0A4W3H705_CALMI	Callorhinchus milii	vertebrate	proteome	high	0.9968	381	include
kca_sk	A0A4W3H742__Calmil	tr|A0A4W3H742|A0A4W3H742_CALMI	Callorhinchus milii	vertebrate	proteome	high	0.9572	617	include
nachr	A0A4W3H7S6__Calmil	tr|A0A4W3H7S6|A0A4W3H7S6_CALMI	Callorhinchus milii	vertebrate	proteome	high	0.9793	501	include
kv_eag	A0A4W3H896__Calmil	tr|A0A4W3H896|A0A4W3H896_CALMI	Callorhinchus milii	vertebrate	proteome	high	0.9093	981	include
p2x	A0A4W3H8R9__Calmil	tr|A0A4W3H8R9|A0A4W3H8R9_CALMI	Callorhinchus milii	vertebrate	proteome	high	0.8965	403	include
vdac	A0A4W3H8Y0__Calmil	tr|A0A4W3H8Y0|A0A4W3H8Y0_CALMI	Callorhinchus milii	vertebrate	proteome	high	0.9964	296	include
trpp	A0A4W3H8Z4__Calmil	tr|A0A4W3H8Z4|A0A4W3H8Z4_CALMI	Callorhinchus milii	vertebrate	proteome	high	0.6481	633	include
ampa	A0A4W3H955__Calmil	tr|A0A4W3H955|A0A4W3H955_CALMI	Callorhinchus milii	vertebrate	proteome	high	0.9379	930	include
cav	A0A4W3H9U9__Calmil	tr|A0A4W3H9U9|A0A4W3H9U9_CALMI	Callorhinchus milii	vertebrate	proteome	high	0.5804	1215	include
trpc	A0A4W3HAH6__Calmil	tr|A0A4W3HAH6|A0A4W3HAH6_CALMI	Callorhinchus milii	vertebrate	proteome	high	0.871	793	include
connexin	A0A4W3HB73__Calmil	tr|A0A4W3HB73|A0A4W3HB73_CALMI	Callorhinchus milii	vertebrate	proteome	high	0.9164	349	include
connexin	A0A4W3HB83__Calmil	tr|A0A4W3HB83|A0A4W3HB83_CALMI	Callorhinchus milii	vertebrate	proteome	high	0.7395	250	include
catsper	A0A4W3HBM0__Calmil	tr|A0A4W3HBM0|A0A4W3HBM0_CALMI	Callorhinchus milii	vertebrate	proteome	high	0.7064	375	include
cng	A0A4W3HCU6__Calmil	tr|A0A4W3HCU6|A0A4W3HCU6_CALMI	Callorhinchus milii	vertebrate	proteome	high	0.7581	728	include
trpc	A0A4W3HDJ9__Calmil	tr|A0A4W3HDJ9|A0A4W3HDJ9_CALMI	Callorhinchus milii	vertebrate	proteome	high	0.8788	853	include
kir	A0A4W3HE29__Calmil	tr|A0A4W3HE29|A0A4W3HE29_CALMI	Callorhinchus milii	vertebrate	proteome	high	0.824	485	include
connexin	A0A4W3HEK5__Calmil	tr|A0A4W3HEK5|A0A4W3HEK5_CALMI	Callorhinchus milii	vertebrate	proteome	high	0.8167	299	include
connexin	A0A4W3HGM7__Calmil	tr|A0A4W3HGM7|A0A4W3HGM7_CALMI	Callorhinchus milii	vertebrate	proteome	high	0.9936	416	include
gabaa	A0A4W3HGM9__Calmil	tr|A0A4W3HGM9|A0A4W3HGM9_CALMI	Callorhinchus milii	vertebrate	proteome	high	0.8728	439	include
tmem175	A0A4W3HGT2__Calmil	tr|A0A4W3HGT2|A0A4W3HGT2_CALMI	Callorhinchus milii	vertebrate	proteome	high	0.825	497	include
pannexin	A0A4W3HHX6__Calmil	tr|A0A4W3HHX6|A0A4W3HHX6_CALMI	Callorhinchus milii	vertebrate	proteome	high	0.8665	431	include
hv1	A0A4W3HIC9__Calmil	tr|A0A4W3HIC9|A0A4W3HIC9_CALMI	Callorhinchus milii	vertebrate	proteome	high	0.6784	524	include
osca_tmem63	A0A4W3HID1__Calmil	tr|A0A4W3HID1|A0A4W3HID1_CALMI	Callorhinchus milii	vertebrate	proteome	high	0.722	640	include
kv_eag	A0A4W3HIK8__Calmil	tr|A0A4W3HIK8|A0A4W3HIK8_CALMI	Callorhinchus milii	vertebrate	proteome	high	0.9731	1185	include
tric	A0A4W3HIU9__Calmil	tr|A0A4W3HIU9|A0A4W3HIU9_CALMI	Callorhinchus milii	vertebrate	proteome	high	1.0	298	include
lrrc8	A0A4W3HK55__Calmil	tr|A0A4W3HK55|A0A4W3HK55_CALMI	Callorhinchus milii	vertebrate	proteome	high	0.9975	799	include
calhm	A0A4W3HK82__Calmil	tr|A0A4W3HK82|A0A4W3HK82_CALMI	Callorhinchus milii	vertebrate	proteome	high	0.7816	332	include
lrrc8	A0A4W3HKB4__Calmil	tr|A0A4W3HKB4|A0A4W3HKB4_CALMI	Callorhinchus milii	vertebrate	proteome	high	0.9963	818	include
lrrc8	A0A4W3HKB8__Calmil	tr|A0A4W3HKB8|A0A4W3HKB8_CALMI	Callorhinchus milii	vertebrate	proteome	high	0.9988	809	include
lrrc8	A0A4W3HKC2__Calmil	tr|A0A4W3HKC2|A0A4W3HKC2_CALMI	Callorhinchus milii	vertebrate	proteome	high	0.9651	781	include
trpm	A0A4W3HLK6__Calmil	tr|A0A4W3HLK6|A0A4W3HLK6_CALMI	Callorhinchus milii	vertebrate	proteome	high	0.59	1146	include
kv_kcnq	A0A4W3HLN3__Calmil	tr|A0A4W3HLN3|A0A4W3HLN3_CALMI	Callorhinchus milii	vertebrate	proteome	high	0.9489	658	include
tpc	A0A4W3HLX2__Calmil	tr|A0A4W3HLX2|A0A4W3HLX2_CALMI	Callorhinchus milii	vertebrate	proteome	high	0.9254	750	include
connexin	A0A4W3HM26__Calmil	tr|A0A4W3HM26|A0A4W3HM26_CALMI	Callorhinchus milii	vertebrate	proteome	high	0.8746	285	include
trpml	A0A4W3HMW0__Calmil	tr|A0A4W3HMW0|A0A4W3HMW0_CALMI	Callorhinchus milii	vertebrate	proteome	high	0.9054	560	include
kv_modifier	A0A4W3HNF4__Calmil	tr|A0A4W3HNF4|A0A4W3HNF4_CALMI	Callorhinchus milii	vertebrate	proteome	medium	0.8819		profile_medium
nachr	A0A4W3HP36__Calmil	tr|A0A4W3HP36|A0A4W3HP36_CALMI	Callorhinchus milii	vertebrate	proteome	high	0.971	481	include
nav	A0A4W3HP65__Calmil	tr|A0A4W3HP65|A0A4W3HP65_CALMI	Callorhinchus milii	vertebrate	proteome	high	0.9944	2006	include
nachr	A0A4W3HPE6__Calmil	tr|A0A4W3HPE6|A0A4W3HPE6_CALMI	Callorhinchus milii	vertebrate	proteome	high	0.9689	511	include
connexin	A0A4W3HPI4__Calmil	tr|A0A4W3HPI4|A0A4W3HPI4_CALMI	Callorhinchus milii	vertebrate	proteome	high	0.717	232	include
connexin	A0A4W3HQ08__Calmil	tr|A0A4W3HQ08|A0A4W3HQ08_CALMI	Callorhinchus milii	vertebrate	proteome	high	0.8167	262	include
trpml	A0A4W3HQG1__Calmil	tr|A0A4W3HQG1|A0A4W3HQG1_CALMI	Callorhinchus milii	vertebrate	proteome	high	0.8932	551	include
connexin	A0A4W3HQL3__Calmil	tr|A0A4W3HQL3|A0A4W3HQL3_CALMI	Callorhinchus milii	vertebrate	proteome	high	0.9582	434	include
nav	A0A4W3HQN2__Calmil	tr|A0A4W3HQN2|A0A4W3HQN2_CALMI	Callorhinchus milii	vertebrate	proteome	high	0.986	1883	include
kir	A0A4W3HR31__Calmil	tr|A0A4W3HR31|A0A4W3HR31_CALMI	Callorhinchus milii	vertebrate	proteome	high	0.846	429	include
kv_modifier	A0A4W3HS56__Calmil	tr|A0A4W3HS56|A0A4W3HS56_CALMI	Callorhinchus milii	vertebrate	proteome	high	0.9346	508	include
asic	A0A4W3HSH3__Calmil	tr|A0A4W3HSH3|A0A4W3HSH3_CALMI	Callorhinchus milii	vertebrate	proteome	medium	0.3378		profile_medium
kv_kcnq	A0A4W3HTM3__Calmil	tr|A0A4W3HTM3|A0A4W3HTM3_CALMI	Callorhinchus milii	vertebrate	proteome	high	0.9339	668	include
trpc	A0A4W3HV36__Calmil	tr|A0A4W3HV36|A0A4W3HV36_CALMI	Callorhinchus milii	vertebrate	proteome	high	0.8765	906	include
kainate	A0A4W3HVE9__Calmil	tr|A0A4W3HVE9|A0A4W3HVE9_CALMI	Callorhinchus milii	vertebrate	proteome	high	0.9923	907	include
orai	A0A4W3HVH1__Calmil	tr|A0A4W3HVH1|A0A4W3HVH1_CALMI	Callorhinchus milii	vertebrate	proteome	high	0.6815	179	include
connexin	A0A4W3HVS4__Calmil	tr|A0A4W3HVS4|A0A4W3HVS4_CALMI	Callorhinchus milii	vertebrate	proteome	high	0.7621	263	include
kca_slo	A0A4W3HWA2__Calmil	tr|A0A4W3HWA2|A0A4W3HWA2_CALMI	Callorhinchus milii	vertebrate	proteome	high	0.9864	1244	include
nmda	A0A4W3HWJ8__Calmil	tr|A0A4W3HWJ8|A0A4W3HWJ8_CALMI	Callorhinchus milii	vertebrate	proteome	high	0.6411	839	include
cng	A0A4W3HXE9__Calmil	tr|A0A4W3HXE9|A0A4W3HXE9_CALMI	Callorhinchus milii	vertebrate	proteome	high	0.669	554	include
nachr	A0A4W3HXL9__Calmil	tr|A0A4W3HXL9|A0A4W3HXL9_CALMI	Callorhinchus milii	vertebrate	proteome	high	0.9855	550	include
k2p	A0A4W3HXQ1__Calmil	tr|A0A4W3HXQ1|A0A4W3HXQ1_CALMI	Callorhinchus milii	vertebrate	proteome	high	0.607	321	include
ryr	A0A4W3HZ26__Calmil	tr|A0A4W3HZ26|A0A4W3HZ26_CALMI	Callorhinchus milii	vertebrate	proteome	high	0.9848	4852	include
clc_channel	A0A4W3HZF0__Calmil	tr|A0A4W3HZF0|A0A4W3HZF0_CALMI	Callorhinchus milii	vertebrate	proteome	high	0.8503	844	include
vdac	A0A4W3HZG8__Calmil	tr|A0A4W3HZG8|A0A4W3HZG8_CALMI	Callorhinchus milii	vertebrate	proteome	high	0.9964	307	include
k2p	A0A4W3I111__Calmil	tr|A0A4W3I111|A0A4W3I111_CALMI	Callorhinchus milii	vertebrate	proteome	high	0.709	484	include
ryr	A0A4W3I1N0__Calmil	tr|A0A4W3I1N0|A0A4W3I1N0_CALMI	Callorhinchus milii	vertebrate	proteome	high	0.997	4982	include
trpm	A0A4W3I298__Calmil	tr|A0A4W3I298|A0A4W3I298_CALMI	Callorhinchus milii	vertebrate	proteome	high	0.889	1737	include
ampa	A0A4W3I2M5__Calmil	tr|A0A4W3I2M5|A0A4W3I2M5_CALMI	Callorhinchus milii	vertebrate	proteome	high	0.9113	900	include
asic	A0A4W3I2S4__Calmil	tr|A0A4W3I2S4|A0A4W3I2S4_CALMI	Callorhinchus milii	vertebrate	proteome	high	0.8656	506	include
gabaa	A0A4W3I320__Calmil	tr|A0A4W3I320|A0A4W3I320_CALMI	Callorhinchus milii	vertebrate	proteome	high	0.9759	481	include
glyr	A0A4W3I3Y7__Calmil	tr|A0A4W3I3Y7|A0A4W3I3Y7_CALMI	Callorhinchus milii	vertebrate	proteome	high	0.9632	506	include
bestrophin	A0A4W3I3Y8__Calmil	tr|A0A4W3I3Y8|A0A4W3I3Y8_CALMI	Callorhinchus milii	vertebrate	proteome	none	0.1973		no_profile_call
connexin	A0A4W3I4Z8__Calmil	tr|A0A4W3I4Z8|A0A4W3I4Z8_CALMI	Callorhinchus milii	vertebrate	proteome	high	0.791	265	include
glyr	A0A4W3I5A4__Calmil	tr|A0A4W3I5A4|A0A4W3I5A4_CALMI	Callorhinchus milii	vertebrate	proteome	high	0.9762	459	include
k2p	A0A4W3I5L5__Calmil	tr|A0A4W3I5L5|A0A4W3I5L5_CALMI	Callorhinchus milii	vertebrate	proteome	high	0.6642	389	include
lrrc8	A0A4W3I631__Calmil	tr|A0A4W3I631|A0A4W3I631_CALMI	Callorhinchus milii	vertebrate	proteome	high	0.9988	804	include
kv_modifier	A0A4W3I6I6__Calmil	tr|A0A4W3I6I6|A0A4W3I6I6_CALMI	Callorhinchus milii	vertebrate	proteome	medium	0.9494		profile_medium
trpm	A0A4W3I6J4__Calmil	tr|A0A4W3I6J4|A0A4W3I6J4_CALMI	Callorhinchus milii	vertebrate	proteome	high	0.738	1617	include
mcu	A0A4W3I6N5__Calmil	tr|A0A4W3I6N5|A0A4W3I6N5_CALMI	Callorhinchus milii	vertebrate	proteome	high	0.8377	303	include
gabaa	A0A4W3I779__Calmil	tr|A0A4W3I779|A0A4W3I779_CALMI	Callorhinchus milii	vertebrate	proteome	high	0.9452	465	include
kv_modifier	A0A4W3I7X1__Calmil	tr|A0A4W3I7X1|A0A4W3I7X1_CALMI	Callorhinchus milii	vertebrate	proteome	medium	0.9135		profile_medium
connexin	A0A4W3I894__Calmil	tr|A0A4W3I894|A0A4W3I894_CALMI	Callorhinchus milii	vertebrate	proteome	high	0.9936	363	include
gabaa	A0A4W3I8X8__Calmil	tr|A0A4W3I8X8|A0A4W3I8X8_CALMI	Callorhinchus milii	vertebrate	proteome	high	0.9167	450	include
gabaa	A0A4W3I913__Calmil	tr|A0A4W3I913|A0A4W3I913_CALMI	Callorhinchus milii	vertebrate	proteome	high	0.9518	474	include
gabaa	A0A4W3I9F5__Calmil	tr|A0A4W3I9F5|A0A4W3I9F5_CALMI	Callorhinchus milii	vertebrate	proteome	high	0.9846	474	include
gabaa	A0A4W3I9R1__Calmil	tr|A0A4W3I9R1|A0A4W3I9R1_CALMI	Callorhinchus milii	vertebrate	proteome	high	0.9452	458	include
kv_shaker	A0A4W3IA50__Calmil	tr|A0A4W3IA50|A0A4W3IA50_CALMI	Callorhinchus milii	vertebrate	proteome	high	0.817	570	include
hcn	A0A4W3IAG1__Calmil	tr|A0A4W3IAG1|A0A4W3IAG1_CALMI	Callorhinchus milii	vertebrate	proteome	high	0.782	1185	include
kv_modifier	A0A4W3IB14__Calmil	tr|A0A4W3IB14|A0A4W3IB14_CALMI	Callorhinchus milii	vertebrate	proteome	high	0.884	498	include
gabaa	A0A4W3IBB0__Calmil	tr|A0A4W3IBB0|A0A4W3IBB0_CALMI	Callorhinchus milii	vertebrate	proteome	high	0.7741	603	include
nachr	A0A4W3IBR4__Calmil	tr|A0A4W3IBR4|A0A4W3IBR4_CALMI	Callorhinchus milii	vertebrate	proteome	high	0.8095	469	include
bestrophin	A0A4W3ICG5__Calmil	tr|A0A4W3ICG5|A0A4W3ICG5_CALMI	Callorhinchus milii	vertebrate	proteome	none	0.167		no_profile_call
nav	A0A4W3ICV0__Calmil	tr|A0A4W3ICV0|A0A4W3ICV0_CALMI	Callorhinchus milii	vertebrate	proteome	high	0.6194	1367	include
connexin	A0A4W3IDA5__Calmil	tr|A0A4W3IDA5|A0A4W3IDA5_CALMI	Callorhinchus milii	vertebrate	proteome	high	0.9871	388	include
nachr	A0A4W3IEF4__Calmil	tr|A0A4W3IEF4|A0A4W3IEF4_CALMI	Callorhinchus milii	vertebrate	proteome	high	0.942	457	include
kainate	A0A4W3IFL3__Calmil	tr|A0A4W3IFL3|A0A4W3IFL3_CALMI	Callorhinchus milii	vertebrate	proteome	high	0.9693	950	include
trpc	A0A4W3IG68__Calmil	tr|A0A4W3IG68|A0A4W3IG68_CALMI	Callorhinchus milii	vertebrate	proteome	high	0.8198	882	include
kv_shaker	A0A4W3IGG8__Calmil	tr|A0A4W3IGG8|A0A4W3IGG8_CALMI	Callorhinchus milii	vertebrate	proteome	high	0.9583	631	include
cav	A0A4W3IH64__Calmil	tr|A0A4W3IH64|A0A4W3IH64_CALMI	Callorhinchus milii	vertebrate	proteome	high	0.9841	2207	include
nmda	A0A4W3IH80__Calmil	tr|A0A4W3IH80|A0A4W3IH80_CALMI	Callorhinchus milii	vertebrate	proteome	high	0.9838	1463	include
kv_eag	A0A4W3IHJ8__Calmil	tr|A0A4W3IHJ8|A0A4W3IHJ8_CALMI	Callorhinchus milii	vertebrate	proteome	medium	0.3081		profile_medium
asic	A0A4W3IHK2__Calmil	tr|A0A4W3IHK2|A0A4W3IHK2_CALMI	Callorhinchus milii	vertebrate	proteome	high	0.8752	555	include
kir	A0A4W3IIF5__Calmil	tr|A0A4W3IIF5|A0A4W3IIF5_CALMI	Callorhinchus milii	vertebrate	proteome	high	0.8606	495	include
cav	A0A4W3III4__Calmil	tr|A0A4W3III4|A0A4W3III4_CALMI	Callorhinchus milii	vertebrate	proteome	high	0.9615	2082	include
kir	A0A4W3IJZ4__Calmil	tr|A0A4W3IJZ4|A0A4W3IJZ4_CALMI	Callorhinchus milii	vertebrate	proteome	high	0.824	383	include
trpc	A0A4W3IKF4__Calmil	tr|A0A4W3IKF4|A0A4W3IKF4_CALMI	Callorhinchus milii	vertebrate	proteome	high	0.8643	834	include
gabaa	A0A4W3IL54__Calmil	tr|A0A4W3IL54|A0A4W3IL54_CALMI	Callorhinchus milii	vertebrate	proteome	high	0.8114	365	include
kv_modifier	A0A4W3ILC0__Calmil	tr|A0A4W3ILC0|A0A4W3ILC0_CALMI	Callorhinchus milii	vertebrate	proteome	high	0.8797	515	include
pannexin	A0A4W3ILW5__Calmil	tr|A0A4W3ILW5|A0A4W3ILW5_CALMI	Callorhinchus milii	vertebrate	proteome	high	0.733	420	include
bestrophin	A0A4W3IMF7__Calmil	tr|A0A4W3IMF7|A0A4W3IMF7_CALMI	Callorhinchus milii	vertebrate	proteome	medium	0.4877		profile_medium
orai	A0A4W3IN02__Calmil	tr|A0A4W3IN02|A0A4W3IN02_CALMI	Callorhinchus milii	vertebrate	proteome	high	0.8852	256	include
asic	A0A4W3IN61__Calmil	tr|A0A4W3IN61|A0A4W3IN61_CALMI	Callorhinchus milii	vertebrate	proteome	medium	0.3397		profile_medium
k2p	A0A4W3INA2__Calmil	tr|A0A4W3INA2|A0A4W3INA2_CALMI	Callorhinchus milii	vertebrate	proteome	high	0.9204	432	include
kv_shaker	A0A4W3INL9__Calmil	tr|A0A4W3INL9|A0A4W3INL9_CALMI	Callorhinchus milii	vertebrate	proteome	medium	0.721		profile_medium
kv_modifier	A0A4W3INP6__Calmil	tr|A0A4W3INP6|A0A4W3INP6_CALMI	Callorhinchus milii	vertebrate	proteome	high	0.9114	506	include
ano_channel	A0A4W3INW4__Calmil	tr|A0A4W3INW4|A0A4W3INW4_CALMI	Callorhinchus milii	vertebrate	proteome	high	0.7372	806	include
nachr	A0A4W3IPW5__Calmil	tr|A0A4W3IPW5|A0A4W3IPW5_CALMI	Callorhinchus milii	vertebrate	proteome	high	0.9586	476	include
kv_shaker	A0A4W3IQE1__Calmil	tr|A0A4W3IQE1|A0A4W3IQE1_CALMI	Callorhinchus milii	vertebrate	proteome	high	0.7971	474	include
gabaa	A0A4W3IQJ6__Calmil	tr|A0A4W3IQJ6|A0A4W3IQJ6_CALMI	Callorhinchus milii	vertebrate	proteome	high	0.9605	487	include
osca_tmem63	A0A4W3IQX1__Calmil	tr|A0A4W3IQX1|A0A4W3IQX1_CALMI	Callorhinchus milii	vertebrate	proteome	high	0.956	810	include
kainate	A0A4W3IR84__Calmil	tr|A0A4W3IR84|A0A4W3IR84_CALMI	Callorhinchus milii	vertebrate	proteome	high	0.9045	924	include
lrrc8	A0A4W3IRQ8__Calmil	tr|A0A4W3IRQ8|A0A4W3IRQ8_CALMI	Callorhinchus milii	vertebrate	proteome	high	0.9963	847	include
enac	A0A4W3IS43__Calmil	tr|A0A4W3IS43|A0A4W3IS43_CALMI	Callorhinchus milii	vertebrate	proteome	high	0.9287	653	include
kv_shaker	A0A4W3IS90__Calmil	tr|A0A4W3IS90|A0A4W3IS90_CALMI	Callorhinchus milii	vertebrate	proteome	high	0.8623	494	include
kv_shaker	A0A4W3IS99__Calmil	tr|A0A4W3IS99|A0A4W3IS99_CALMI	Callorhinchus milii	vertebrate	proteome	high	0.7319	490	include
connexin	A0A4W3ISD1__Calmil	tr|A0A4W3ISD1|A0A4W3ISD1_CALMI	Callorhinchus milii	vertebrate	proteome	high	0.7556	312	include
kir	A0A4W3ISQ4__Calmil	tr|A0A4W3ISQ4|A0A4W3ISQ4_CALMI	Callorhinchus milii	vertebrate	proteome	high	0.8484	361	include
gabaa	A0A4W3IU07__Calmil	tr|A0A4W3IU07|A0A4W3IU07_CALMI	Callorhinchus milii	vertebrate	proteome	high	0.9671	459	include
lrrc8	A0A4W3IUM3__Calmil	tr|A0A4W3IUM3|A0A4W3IUM3_CALMI	Callorhinchus milii	vertebrate	proteome	high	0.9988	812	include
trpm	A0A4W3IUZ1__Calmil	tr|A0A4W3IUZ1|A0A4W3IUZ1_CALMI	Callorhinchus milii	vertebrate	proteome	high	0.8126	1946	include
cftr	A0A4W3IV96__Calmil	tr|A0A4W3IV96|A0A4W3IV96_CALMI	Callorhinchus milii	vertebrate	proteome	high	0.9939	1518	include
enac	A0A4W3IVZ3__Calmil	tr|A0A4W3IVZ3|A0A4W3IVZ3_CALMI	Callorhinchus milii	vertebrate	proteome	high	0.9101	613	include
connexin	A0A4W3IWG8__Calmil	tr|A0A4W3IWG8|A0A4W3IWG8_CALMI	Callorhinchus milii	vertebrate	proteome	high	0.9936	374	include
piezo	A0A4W3IWL9__Calmil	tr|A0A4W3IWL9|A0A4W3IWL9_CALMI	Callorhinchus milii	vertebrate	proteome	high	0.8584	2276	include
cng	A0A4W3IX37__Calmil	tr|A0A4W3IX37|A0A4W3IX37_CALMI	Callorhinchus milii	vertebrate	proteome	high	0.7327	606	include
piezo	A0A4W3IXL7__Calmil	tr|A0A4W3IXL7|A0A4W3IXL7_CALMI	Callorhinchus milii	vertebrate	proteome	high	0.9004	2323	include
tpc	A0A4W3IZC1__Calmil	tr|A0A4W3IZC1|A0A4W3IZC1_CALMI	Callorhinchus milii	vertebrate	proteome	high	0.8586	739	include
cav	A0A4W3IZQ9__Calmil	tr|A0A4W3IZQ9|A0A4W3IZQ9_CALMI	Callorhinchus milii	vertebrate	proteome	medium	0.3282		profile_medium
trpv	A0A4W3J0F3__Calmil	tr|A0A4W3J0F3|A0A4W3J0F3_CALMI	Callorhinchus milii	vertebrate	proteome	high	0.8434	788	include
trpv	A0A4W3J0M8__Calmil	tr|A0A4W3J0M8|A0A4W3J0M8_CALMI	Callorhinchus milii	vertebrate	proteome	high	0.7065	620	include
kv_shaker	A0A4W3J0V9__Calmil	tr|A0A4W3J0V9|A0A4W3J0V9_CALMI	Callorhinchus milii	vertebrate	proteome	high	0.8388	632	include
bestrophin	A0A4W3J1J6__Calmil	tr|A0A4W3J1J6|A0A4W3J1J6_CALMI	Callorhinchus milii	vertebrate	proteome	high	0.797	776	include
nmda	A0A4W3J1V8__Calmil	tr|A0A4W3J1V8|A0A4W3J1V8_CALMI	Callorhinchus milii	vertebrate	proteome	high	0.6931	933	include
gabaa	A0A4W3J2D7__Calmil	tr|A0A4W3J2D7|A0A4W3J2D7_CALMI	Callorhinchus milii	vertebrate	proteome	medium	0.3728		profile_medium
trpp	A0A4W3J2G4__Calmil	tr|A0A4W3J2G4|A0A4W3J2G4_CALMI	Callorhinchus milii	vertebrate	proteome	high	0.974	842	include
connexin	A0A4W3J2I7__Calmil	tr|A0A4W3J2I7|A0A4W3J2I7_CALMI	Callorhinchus milii	vertebrate	proteome	high	0.791	438	include
kv_shaker	A0A4W3J2X6__Calmil	tr|A0A4W3J2X6|A0A4W3J2X6_CALMI	Callorhinchus milii	vertebrate	proteome	high	0.9149	621	include
lrrc8	A0A4W3J3Z0__Calmil	tr|A0A4W3J3Z0|A0A4W3J3Z0_CALMI	Callorhinchus milii	vertebrate	proteome	medium	0.3176		profile_medium
lrrc8	A0A4W3J4M2__Calmil	tr|A0A4W3J4M2|A0A4W3J4M2_CALMI	Callorhinchus milii	vertebrate	proteome	high	0.9925	805	include
ryr	A0A4W3J4U7__Calmil	tr|A0A4W3J4U7|A0A4W3J4U7_CALMI	Callorhinchus milii	vertebrate	proteome	high	0.9878	4873	include
kv_modifier	A0A4W3J7L0__Calmil	tr|A0A4W3J7L0|A0A4W3J7L0_CALMI	Callorhinchus milii	vertebrate	proteome	medium	0.8945		profile_medium
k2p	A0A4W3J8P3__Calmil	tr|A0A4W3J8P3|A0A4W3J8P3_CALMI	Callorhinchus milii	vertebrate	proteome	high	0.8507	376	include
kv_shaker	A0A4W3J9W2__Calmil	tr|A0A4W3J9W2|A0A4W3J9W2_CALMI	Callorhinchus milii	vertebrate	proteome	high	0.7935	465	include
clc_channel	A0A4W3JAD5__Calmil	tr|A0A4W3JAD5|A0A4W3JAD5_CALMI	Callorhinchus milii	vertebrate	proteome	high	0.7302	695	include
p2x	A0A4W3JCK7__Calmil	tr|A0A4W3JCK7|A0A4W3JCK7_CALMI	Callorhinchus milii	vertebrate	proteome	high	0.76	340	include
trpc	A0A4W3JCR9__Calmil	tr|A0A4W3JCR9|A0A4W3JCR9_CALMI	Callorhinchus milii	vertebrate	proteome	high	0.9444	994	include
k2p	A0A4W3JCV9__Calmil	tr|A0A4W3JCV9|A0A4W3JCV9_CALMI	Callorhinchus milii	vertebrate	proteome	high	0.8532	463	include
otop	A0A4W3JE50__Calmil	tr|A0A4W3JE50|A0A4W3JE50_CALMI	Callorhinchus milii	vertebrate	proteome	high	0.9552	598	include
cav	A0A4W3JE72__Calmil	tr|A0A4W3JE72|A0A4W3JE72_CALMI	Callorhinchus milii	vertebrate	proteome	high	0.9784	2175	include
kir	A0A4W3JF36__Calmil	tr|A0A4W3JF36|A0A4W3JF36_CALMI	Callorhinchus milii	vertebrate	proteome	high	0.9853	435	include
kca_sk	A0A4W3JF93__Calmil	tr|A0A4W3JF93|A0A4W3JF93_CALMI	Callorhinchus milii	vertebrate	proteome	high	0.8526	557	include
ampa	A0A4W3JGM3__Calmil	tr|A0A4W3JGM3|A0A4W3JGM3_CALMI	Callorhinchus milii	vertebrate	proteome	high	0.9557	896	include
kir	A0A4W3JGY2__Calmil	tr|A0A4W3JGY2|A0A4W3JGY2_CALMI	Callorhinchus milii	vertebrate	proteome	high	0.7531	351	include
piezo	A0A4W3JHF6__Calmil	tr|A0A4W3JHF6|A0A4W3JHF6_CALMI	Callorhinchus milii	vertebrate	proteome	high	0.979	2705	include
itpr	A0A4W3JHJ0__Calmil	tr|A0A4W3JHJ0|A0A4W3JHJ0_CALMI	Callorhinchus milii	vertebrate	proteome	high	0.9465	2683	include
pannexin	A0A4W3JI34__Calmil	tr|A0A4W3JI34|A0A4W3JI34_CALMI	Callorhinchus milii	vertebrate	proteome	high	0.9932	575	include
nachr	A0A4W3JIZ2__Calmil	tr|A0A4W3JIZ2|A0A4W3JIZ2_CALMI	Callorhinchus milii	vertebrate	proteome	high	0.9689	498	include
kir	A0A4W3JJ21__Calmil	tr|A0A4W3JJ21|A0A4W3JJ21_CALMI	Callorhinchus milii	vertebrate	proteome	high	0.9487	408	include
gabaa	A0A4W3JJ54__Calmil	tr|A0A4W3JJ54|A0A4W3JJ54_CALMI	Callorhinchus milii	vertebrate	proteome	high	0.9605	455	include
connexin	A0A4W3JJ96__Calmil	tr|A0A4W3JJ96|A0A4W3JJ96_CALMI	Callorhinchus milii	vertebrate	proteome	high	0.7621	267	include
ht3	A0A4W3JJR9__Calmil	tr|A0A4W3JJR9|A0A4W3JJR9_CALMI	Callorhinchus milii	vertebrate	proteome	medium	0.4128		profile_medium
asic	A0A4W3JKD3__Calmil	tr|A0A4W3JKD3|A0A4W3JKD3_CALMI	Callorhinchus milii	vertebrate	proteome	medium	0.3493		profile_medium
asic	A0A4W3JKD8__Calmil	tr|A0A4W3JKD8|A0A4W3JKD8_CALMI	Callorhinchus milii	vertebrate	proteome	medium	0.3532		profile_medium
nachr	A0A4W3JLC3__Calmil	tr|A0A4W3JLC3|A0A4W3JLC3_CALMI	Callorhinchus milii	vertebrate	proteome	high	0.9524	512	include
nachr	A0A4W3JLD5__Calmil	tr|A0A4W3JLD5|A0A4W3JLD5_CALMI	Callorhinchus milii	vertebrate	proteome	high	0.9586	468	include
nmda	A0A4W3JM16__Calmil	tr|A0A4W3JM16|A0A4W3JM16_CALMI	Callorhinchus milii	vertebrate	proteome	high	0.9642	1392	include
tric	A0A4W3JMV2__Calmil	tr|A0A4W3JMV2|A0A4W3JMV2_CALMI	Callorhinchus milii	vertebrate	proteome	high	0.9966	300	include
kv_shaker	A0A4W3JMZ6__Calmil	tr|A0A4W3JMZ6|A0A4W3JMZ6_CALMI	Callorhinchus milii	vertebrate	proteome	medium	0.4058		profile_medium
trpc	A0A4W3JN76__Calmil	tr|A0A4W3JN76|A0A4W3JN76_CALMI	Callorhinchus milii	vertebrate	proteome	high	0.9789	995	include
asic	A0A4W3JP85__Calmil	tr|A0A4W3JP85|A0A4W3JP85_CALMI	Callorhinchus milii	vertebrate	proteome	high	0.6775	473	include
ampa	A0A4W3JPK7__Calmil	tr|A0A4W3JPK7|A0A4W3JPK7_CALMI	Callorhinchus milii	vertebrate	proteome	high	0.9989	904	include
itpr	A0A4W3JQ24__Calmil	tr|A0A4W3JQ24|A0A4W3JQ24_CALMI	Callorhinchus milii	vertebrate	proteome	high	0.9996	2667	include
trpm	A0A4W3JQF9__Calmil	tr|A0A4W3JQF9|A0A4W3JQF9_CALMI	Callorhinchus milii	vertebrate	proteome	high	0.844	1831	include
k2p	A0A4W3JQQ9__Calmil	tr|A0A4W3JQQ9|A0A4W3JQQ9_CALMI	Callorhinchus milii	vertebrate	proteome	high	0.6443	401	include
asic	A0A4W3JR95__Calmil	tr|A0A4W3JR95|A0A4W3JR95_CALMI	Callorhinchus milii	vertebrate	proteome	medium	0.3321		profile_medium
k2p	A0A4W3JRP1__Calmil	tr|A0A4W3JRP1|A0A4W3JRP1_CALMI	Callorhinchus milii	vertebrate	proteome	high	0.5249	267	include
otop	A0A4W3JSE4__Calmil	tr|A0A4W3JSE4|A0A4W3JSE4_CALMI	Callorhinchus milii	vertebrate	proteome	high	0.8003	582	include
kv_kcnq	A0A4W3JT75__Calmil	tr|A0A4W3JT75|A0A4W3JT75_CALMI	Callorhinchus milii	vertebrate	proteome	high	0.8498	634	include
kir	A0A4W3JTB6__Calmil	tr|A0A4W3JTB6|A0A4W3JTB6_CALMI	Callorhinchus milii	vertebrate	proteome	high	0.9878	429	include
kir	A0A4W3JTC0__Calmil	tr|A0A4W3JTC0|A0A4W3JTC0_CALMI	Callorhinchus milii	vertebrate	proteome	high	0.8802	419	include
kainate	A0A4W3JU61__Calmil	tr|A0A4W3JU61|A0A4W3JU61_CALMI	Callorhinchus milii	vertebrate	proteome	high	0.9583	924	include
connexin	A0A4W3JVL8__Calmil	tr|A0A4W3JVL8|A0A4W3JVL8_CALMI	Callorhinchus milii	vertebrate	proteome	high	0.8971	487	include
trpn	A0A4W3JWB6__Calmil	tr|A0A4W3JWB6|A0A4W3JWB6_CALMI	Callorhinchus milii	vertebrate	proteome	medium	0.4615		profile_medium
nachr	A0A4W3JWD0__Calmil	tr|A0A4W3JWD0|A0A4W3JWD0_CALMI	Callorhinchus milii	vertebrate	proteome	high	0.9565	484	include
lrrc8	A0A4W3JWI4__Calmil	tr|A0A4W3JWI4|A0A4W3JWI4_CALMI	Callorhinchus milii	vertebrate	proteome	high	0.9988	841	include
kv_kcnq	A0A4W3JWS8__Calmil	tr|A0A4W3JWS8|A0A4W3JWS8_CALMI	Callorhinchus milii	vertebrate	proteome	high	0.7958	800	include
trpv	A0A4W3JXF8__Calmil	tr|A0A4W3JXF8|A0A4W3JXF8_CALMI	Callorhinchus milii	vertebrate	proteome	high	0.9741	887	include
nav	A0A4W3JYQ2__Calmil	tr|A0A4W3JYQ2|A0A4W3JYQ2_CALMI	Callorhinchus milii	vertebrate	proteome	high	0.8374	1719	include
nav	A0A4W3JZX3__Calmil	tr|A0A4W3JZX3|A0A4W3JZX3_CALMI	Callorhinchus milii	vertebrate	proteome	high	0.8728	1549	include
trpv	A0A4W3K4I8__Calmil	tr|A0A4W3K4I8|A0A4W3K4I8_CALMI	Callorhinchus milii	vertebrate	proteome	high	0.7411	620	include
kv_modifier	A0A4W3K5J4__Calmil	tr|A0A4W3K5J4|A0A4W3K5J4_CALMI	Callorhinchus milii	vertebrate	proteome	medium	0.9409		profile_medium
kir	A0A4W3K5L1__Calmil	tr|A0A4W3K5L1|A0A4W3K5L1_CALMI	Callorhinchus milii	vertebrate	proteome	high	0.9756	416	include
kca_slo	A0A4W3K5T2__Calmil	tr|A0A4W3K5T2|A0A4W3K5T2_CALMI	Callorhinchus milii	vertebrate	proteome	high	0.9139	1168	include
bestrophin	A0A4W3K6Q0__Calmil	tr|A0A4W3K6Q0|A0A4W3K6Q0_CALMI	Callorhinchus milii	vertebrate	proteome	high	0.9393	671	include
connexin	A0A4W3K8F7__Calmil	tr|A0A4W3K8F7|A0A4W3K8F7_CALMI	Callorhinchus milii	vertebrate	proteome	high	0.8842	344	include
connexin	A0A4W3K8G9__Calmil	tr|A0A4W3K8G9|A0A4W3K8G9_CALMI	Callorhinchus milii	vertebrate	proteome	high	0.7524	241	include
tpc	A0A4W3K984__Calmil	tr|A0A4W3K984|A0A4W3K984_CALMI	Callorhinchus milii	vertebrate	proteome	medium	0.3063		profile_medium
otop	A0A4W3K9R4__Calmil	tr|A0A4W3K9R4|A0A4W3K9R4_CALMI	Callorhinchus milii	vertebrate	proteome	high	0.8399	533	include
hcn	A0A4W3K9W4__Calmil	tr|A0A4W3K9W4|A0A4W3K9W4_CALMI	Callorhinchus milii	vertebrate	proteome	high	0.8319	800	include
ano_channel	A0A4W3KAR0__Calmil	tr|A0A4W3KAR0|A0A4W3KAR0_CALMI	Callorhinchus milii	vertebrate	proteome	high	0.9121	1027	include
gabaa	A0A4W3KBK9__Calmil	tr|A0A4W3KBK9|A0A4W3KBK9_CALMI	Callorhinchus milii	vertebrate	proteome	high	0.8969	431	include
gabaa	A0A4W3KBQ0__Calmil	tr|A0A4W3KBQ0|A0A4W3KBQ0_CALMI	Callorhinchus milii	vertebrate	proteome	high	0.9715	502	include
cng	A0A4W3KC36__Calmil	tr|A0A4W3KC36|A0A4W3KC36_CALMI	Callorhinchus milii	vertebrate	proteome	high	0.9618	716	include
nmda	A0A4W3KED2__Calmil	tr|A0A4W3KED2|A0A4W3KED2_CALMI	Callorhinchus milii	vertebrate	proteome	high	0.6888	931	include
trpv	A0A4W3KGD6__Calmil	tr|A0A4W3KGD6|A0A4W3KGD6_CALMI	Callorhinchus milii	vertebrate	proteome	high	0.6695	511	include
kv_eag	A0A4W3KGJ2__Calmil	tr|A0A4W3KGJ2|A0A4W3KGJ2_CALMI	Callorhinchus milii	vertebrate	proteome	high	0.9691	1078	include
k2p	A0A5F8G241__Mondom	tr|A0A5F8G241|A0A5F8G241_MONDO	Monodelphis domestica	vertebrate	proteome	high	0.9204	426	include
ryr	A0A5F8G2J8__Mondom	tr|A0A5F8G2J8|A0A5F8G2J8_MONDO	Monodelphis domestica	vertebrate	proteome	high	0.9739	4828	include
otop	A0A5F8G3G7__Mondom	tr|A0A5F8G3G7|A0A5F8G3G7_MONDO	Monodelphis domestica	vertebrate	proteome	none	0.1773		no_profile_call
p2x	A0A5F8G3N4__Mondom	tr|A0A5F8G3N4|A0A5F8G3N4_MONDO	Monodelphis domestica	vertebrate	proteome	medium	0.4682		profile_medium
mcu	A0A5F8G4G9__Mondom	tr|A0A5F8G4G9|A0A5F8G4G9_MONDO	Monodelphis domestica	vertebrate	proteome	high	0.887	326	include
kv_modifier	A0A5F8G5X7__Mondom	tr|A0A5F8G5X7|A0A5F8G5X7_MONDO	Monodelphis domestica	vertebrate	proteome	medium	0.9599		profile_medium
kv_shaker	A0A5F8G682__Mondom	tr|A0A5F8G682|A0A5F8G682_MONDO	Monodelphis domestica	vertebrate	proteome	high	0.9511	636	include
ampa	A0A5F8G6Y9__Mondom	tr|A0A5F8G6Y9|A0A5F8G6Y9_MONDO	Monodelphis domestica	vertebrate	proteome	high	0.9346	854	include
k2p	A0A5F8G871__Mondom	tr|A0A5F8G871|A0A5F8G871_MONDO	Monodelphis domestica	vertebrate	proteome	high	0.6667	328	include
cng	A0A5F8G8C1__Mondom	tr|A0A5F8G8C1|A0A5F8G8C1_MONDO	Monodelphis domestica	vertebrate	proteome	high	0.9434	675	include
nmda	A0A5F8G995__Mondom	tr|A0A5F8G995|A0A5F8G995_MONDO	Monodelphis domestica	vertebrate	proteome	high	0.7681	938	include
trpv	A0A5F8G9J8__Mondom	tr|A0A5F8G9J8|A0A5F8G9J8_MONDO	Monodelphis domestica	vertebrate	proteome	medium	0.4846		profile_medium
ampa	A0A5F8G9Y0__Mondom	tr|A0A5F8G9Y0|A0A5F8G9Y0_MONDO	Monodelphis domestica	vertebrate	proteome	high	1.0	883	include
enac	A0A5F8GAH3__Mondom	tr|A0A5F8GAH3|A0A5F8GAH3_MONDO	Monodelphis domestica	vertebrate	proteome	medium	0.3163		profile_medium
kv_shaker	A0A5F8GB06__Mondom	tr|A0A5F8GB06|A0A5F8GB06_MONDO	Monodelphis domestica	vertebrate	proteome	high	0.7464	442	include
trpml	A0A5F8GB17__Mondom	tr|A0A5F8GB17|A0A5F8GB17_MONDO	Monodelphis domestica	vertebrate	proteome	high	1.0	579	include
cav	A0A5F8GBU5__Mondom	tr|A0A5F8GBU5|A0A5F8GBU5_MONDO	Monodelphis domestica	vertebrate	proteome	high	0.9974	2485	include
kv_eag	A0A5F8GDH3__Mondom	tr|A0A5F8GDH3|A0A5F8GDH3_MONDO	Monodelphis domestica	vertebrate	proteome	high	0.8684	962	include
gabaa	A0A5F8GFD2__Mondom	tr|A0A5F8GFD2|A0A5F8GFD2_MONDO	Monodelphis domestica	vertebrate	proteome	high	0.9737	473	include
kv_kcnq	A0A5F8GFV7__Mondom	tr|A0A5F8GFV7|A0A5F8GFV7_MONDO	Monodelphis domestica	vertebrate	proteome	high	0.8093	750	include
ryr	A0A5F8GGE3__Mondom	tr|A0A5F8GGE3|A0A5F8GGE3_MONDO	Monodelphis domestica	vertebrate	proteome	high	0.9968	4900	include
gabaa	A0A5F8GGE9__Mondom	tr|A0A5F8GGE9|A0A5F8GGE9_MONDO	Monodelphis domestica	vertebrate	proteome	high	0.5987	529	include
vdac	A0A5F8GGR8__Mondom	tr|A0A5F8GGR8|A0A5F8GGR8_MONDO	Monodelphis domestica	vertebrate	proteome	medium	0.3201		profile_medium
trpm	A0A5F8GGW2__Mondom	tr|A0A5F8GGW2|A0A5F8GGW2_MONDO	Monodelphis domestica	vertebrate	proteome	high	0.8884	1690	include
osca_tmem63	A0A5F8GHN8__Mondom	tr|A0A5F8GHN8|A0A5F8GHN8_MONDO	Monodelphis domestica	vertebrate	proteome	high	0.9358	966	include
trpv	A0A5F8GJ81__Mondom	tr|A0A5F8GJ81|A0A5F8GJ81_MONDO	Monodelphis domestica	vertebrate	proteome	high	0.8779	777	include
gabaa	A0A5F8GJH1__Mondom	tr|A0A5F8GJH1|A0A5F8GJH1_MONDO	Monodelphis domestica	vertebrate	proteome	high	0.9189	452	include
connexin	A0A5F8GLA2__Mondom	tr|A0A5F8GLA2|A0A5F8GLA2_MONDO	Monodelphis domestica	vertebrate	proteome	high	0.8907	405	include
lrrc8	A0A5F8GM98__Mondom	tr|A0A5F8GM98|A0A5F8GM98_MONDO	Monodelphis domestica	vertebrate	proteome	high	0.9203	748	include
ht3	A0A5F8GML6__Mondom	tr|A0A5F8GML6|A0A5F8GML6_MONDO	Monodelphis domestica	vertebrate	proteome	high	0.947	447	include
orai	A0A5F8GMY8__Mondom	tr|A0A5F8GMY8|A0A5F8GMY8_MONDO	Monodelphis domestica	vertebrate	proteome	high	0.8926	314	include
clc_channel	A0A5F8GNI2__Mondom	tr|A0A5F8GNI2|A0A5F8GNI2_MONDO	Monodelphis domestica	vertebrate	proteome	high	0.9807	989	include
enac	A0A5F8GP93__Mondom	tr|A0A5F8GP93|A0A5F8GP93_MONDO	Monodelphis domestica	vertebrate	proteome	medium	0.3008		profile_medium
trpc	A0A5F8GPI0__Mondom	tr|A0A5F8GPI0|A0A5F8GPI0_MONDO	Monodelphis domestica	vertebrate	proteome	high	0.8287	749	include
hcn	A0A5F8GQR6__Mondom	tr|A0A5F8GQR6|A0A5F8GQR6_MONDO	Monodelphis domestica	vertebrate	proteome	medium	0.4457		profile_medium
catsper	A0A5F8GRG6__Mondom	tr|A0A5F8GRG6|A0A5F8GRG6_MONDO	Monodelphis domestica	vertebrate	proteome	high	0.8419	468	include
hv1	A0A5F8GS39__Mondom	tr|A0A5F8GS39|A0A5F8GS39_MONDO	Monodelphis domestica	vertebrate	proteome	high	0.9176	266	include
kv_eag	A0A5F8GSN4__Mondom	tr|A0A5F8GSN4|A0A5F8GSN4_MONDO	Monodelphis domestica	vertebrate	proteome	high	0.8993	990	include
ano_channel	A0A5F8GT64__Mondom	tr|A0A5F8GT64|A0A5F8GT64_MONDO	Monodelphis domestica	vertebrate	proteome	high	0.828	874	include
tpc	A0A5F8GT68__Mondom	tr|A0A5F8GT68|A0A5F8GT68_MONDO	Monodelphis domestica	vertebrate	proteome	high	0.5851	475	include
cav	A0A5F8GTU1__Mondom	tr|A0A5F8GTU1|A0A5F8GTU1_MONDO	Monodelphis domestica	vertebrate	proteome	high	0.9188	2123	include
k2p	A0A5F8GVH7__Mondom	tr|A0A5F8GVH7|A0A5F8GVH7_MONDO	Monodelphis domestica	vertebrate	proteome	high	0.5771	299	include
nachr	A0A5F8GVJ8__Mondom	tr|A0A5F8GVJ8|A0A5F8GVJ8_MONDO	Monodelphis domestica	vertebrate	proteome	high	0.8654	466	include
nachr	A0A5F8GVY2__Mondom	tr|A0A5F8GVY2|A0A5F8GVY2_MONDO	Monodelphis domestica	vertebrate	proteome	high	0.971	489	include
mcu	A0A5F8GW32__Mondom	tr|A0A5F8GW32|A0A5F8GW32_MONDO	Monodelphis domestica	vertebrate	proteome	high	0.9884	353	include
kca_slo	A0A5F8GWM2__Mondom	tr|A0A5F8GWM2|A0A5F8GWM2_MONDO	Monodelphis domestica	vertebrate	proteome	high	0.9501	1201	include
piezo	A0A5F8GWR5__Mondom	tr|A0A5F8GWR5|A0A5F8GWR5_MONDO	Monodelphis domestica	vertebrate	proteome	high	0.9728	2446	include
kir	A0A5F8GX62__Mondom	tr|A0A5F8GX62|A0A5F8GX62_MONDO	Monodelphis domestica	vertebrate	proteome	high	0.9707	424	include
k2p	A0A5F8GXD9__Mondom	tr|A0A5F8GXD9|A0A5F8GXD9_MONDO	Monodelphis domestica	vertebrate	proteome	high	0.9602	534	include
pannexin	A0A5F8GYX9__Mondom	tr|A0A5F8GYX9|A0A5F8GYX9_MONDO	Monodelphis domestica	vertebrate	proteome	high	0.8688	392	include
ampa	A0A5F8H041__Mondom	tr|A0A5F8H041|A0A5F8H041_MONDO	Monodelphis domestica	vertebrate	proteome	high	0.9945	890	include
kca_slo	A0A5F8H1W3__Mondom	tr|A0A5F8H1W3|A0A5F8H1W3_MONDO	Monodelphis domestica	vertebrate	proteome	medium	0.3862		profile_medium
itpr	A0A5F8H1Y0__Mondom	tr|A0A5F8H1Y0|A0A5F8H1Y0_MONDO	Monodelphis domestica	vertebrate	proteome	high	0.9683	2608	include
kca_sk	A0A5F8H306__Mondom	tr|A0A5F8H306|A0A5F8H306_MONDO	Monodelphis domestica	vertebrate	proteome	high	0.851	580	include
nachr	A0A5F8H645__Mondom	tr|A0A5F8H645|A0A5F8H645_MONDO	Monodelphis domestica	vertebrate	proteome	high	0.8923	505	include
nav	A0A5F8H6I7__Mondom	tr|A0A5F8H6I7|A0A5F8H6I7_MONDO	Monodelphis domestica	vertebrate	proteome	high	0.9243	1619	include
cav	A0A5F8H7I3__Mondom	tr|A0A5F8H7I3|A0A5F8H7I3_MONDO	Monodelphis domestica	vertebrate	proteome	high	0.7026	2358	include
kv_kcnq	A0A5F8H836__Mondom	tr|A0A5F8H836|A0A5F8H836_MONDO	Monodelphis domestica	vertebrate	proteome	high	0.8213	832	include
ht3	A0A5F8H976__Mondom	tr|A0A5F8H976|A0A5F8H976_MONDO	Monodelphis domestica	vertebrate	proteome	high	0.9448	455	include
tmem175	A0A5F8H9J7__Mondom	tr|A0A5F8H9J7|A0A5F8H9J7_MONDO	Monodelphis domestica	vertebrate	proteome	high	0.9861	502	include
glyr	A0A5F8HBB0__Mondom	tr|A0A5F8HBB0|A0A5F8HBB0_MONDO	Monodelphis domestica	vertebrate	proteome	high	0.9632	546	include
nachr	A0A5F8HBH8__Mondom	tr|A0A5F8HBH8|A0A5F8HBH8_MONDO	Monodelphis domestica	vertebrate	proteome	high	0.9855	494	include
trpm	A0A5F8HBL9__Mondom	tr|A0A5F8HBL9|A0A5F8HBL9_MONDO	Monodelphis domestica	vertebrate	proteome	high	0.9841	2027	include
vdac	A0A5F8HBY8__Mondom	tr|A0A5F8HBY8|A0A5F8HBY8_MONDO	Monodelphis domestica	vertebrate	proteome	high	0.9964	284	include
lrrc8	A0A5F8HD08__Mondom	tr|A0A5F8HD08|A0A5F8HD08_MONDO	Monodelphis domestica	vertebrate	proteome	high	0.9988	860	include
kir	A0A5F8HDP0__Mondom	tr|A0A5F8HDP0|A0A5F8HDP0_MONDO	Monodelphis domestica	vertebrate	proteome	high	0.8655	446	include
nmda	A0A5F8HDP6__Mondom	tr|A0A5F8HDP6|A0A5F8HDP6_MONDO	Monodelphis domestica	vertebrate	proteome	high	0.8653	1365	include
kca_slo	A0A5F8HFI7__Mondom	tr|A0A5F8HFI7|A0A5F8HFI7_MONDO	Monodelphis domestica	vertebrate	proteome	high	0.9275	1206	include
nav	A0A5F8HFU9__Mondom	tr|A0A5F8HFU9|A0A5F8HFU9_MONDO	Monodelphis domestica	vertebrate	proteome	high	0.9994	2002	include
orai	A0A5F8HG63__Mondom	tr|A0A5F8HG63|A0A5F8HG63_MONDO	Monodelphis domestica	vertebrate	proteome	high	0.9037	316	include
osca_tmem63	A0A5F8HGW9__Mondom	tr|A0A5F8HGW9|A0A5F8HGW9_MONDO	Monodelphis domestica	vertebrate	proteome	high	0.961	817	include
gabaa	A0A5F8HHX5__Mondom	tr|A0A5F8HHX5|A0A5F8HHX5_MONDO	Monodelphis domestica	vertebrate	proteome	high	0.9518	445	include
cav	A0A5F8HIN4__Mondom	tr|A0A5F8HIN4|A0A5F8HIN4_MONDO	Monodelphis domestica	vertebrate	proteome	high	0.7571	2345	include
vdac	A0A5F8HIS0__Mondom	tr|A0A5F8HIS0|A0A5F8HIS0_MONDO	Monodelphis domestica	vertebrate	proteome	none	0.1439		no_profile_call
nav	A0A5F8HK98__Mondom	tr|A0A5F8HK98|A0A5F8HK98_MONDO	Monodelphis domestica	vertebrate	proteome	high	0.995	1995	include
trpm	A0A5F8HKA3__Mondom	tr|A0A5F8HKA3|A0A5F8HKA3_MONDO	Monodelphis domestica	vertebrate	proteome	high	0.8781	1654	include
nav	A0A5F8HLF4__Mondom	tr|A0A5F8HLF4|A0A5F8HLF4_MONDO	Monodelphis domestica	vertebrate	proteome	high	0.9972	1969	include
iglur_nonvertebrate	A0A5S6R6T3__Orysat	tr|A0A5S6R6T3|A0A5S6R6T3_ORYSJ	Oryza sativa	plant	proteome	high	0.7227	934	include
pannexin	A0A674M993__Takrub	tr|A0A674M993|A0A674M993_TAKRU	Takifugu rubripes	vertebrate	proteome	high	0.8167	461	include
vdac	A0A674M9P1__Takrub	tr|A0A674M9P1|A0A674M9P1_TAKRU	Takifugu rubripes	vertebrate	proteome	high	0.9892	345	include
kv_modifier	A0A674M9Y9__Takrub	tr|A0A674M9Y9|A0A674M9Y9_TAKRU	Takifugu rubripes	vertebrate	proteome	medium	0.9219		profile_medium
asic	A0A674MA11__Takrub	tr|A0A674MA11|A0A674MA11_TAKRU	Takifugu rubripes	vertebrate	proteome	high	0.8829	550	include
kainate	A0A674MAF0__Takrub	tr|A0A674MAF0|A0A674MAF0_TAKRU	Takifugu rubripes	vertebrate	proteome	high	0.9462	880	include
calhm	A0A674MAT7__Takrub	tr|A0A674MAT7|A0A674MAT7_TAKRU	Takifugu rubripes	vertebrate	proteome	medium	0.3101		profile_medium
mcu	A0A674MDL6__Takrub	tr|A0A674MDL6|A0A674MDL6_TAKRU	Takifugu rubripes	vertebrate	proteome	high	0.8406	416	include
ht3	A0A674MDS9__Takrub	tr|A0A674MDS9|A0A674MDS9_TAKRU	Takifugu rubripes	vertebrate	proteome	high	0.9338	428	include
kv_shaker	A0A674MEU2__Takrub	tr|A0A674MEU2|A0A674MEU2_TAKRU	Takifugu rubripes	vertebrate	proteome	high	0.8714	650	include
clc_channel	A0A674MFM1__Takrub	tr|A0A674MFM1|A0A674MFM1_TAKRU	Takifugu rubripes	vertebrate	proteome	high	0.9478	908	include
nachr	A0A674MFT9__Takrub	tr|A0A674MFT9|A0A674MFT9_TAKRU	Takifugu rubripes	vertebrate	proteome	high	0.9482	475	include
trpm	A0A674MFY6__Takrub	tr|A0A674MFY6|A0A674MFY6_TAKRU	Takifugu rubripes	vertebrate	proteome	high	0.7984	1593	include
tpc	A0A674MGX5__Takrub	tr|A0A674MGX5|A0A674MGX5_TAKRU	Takifugu rubripes	vertebrate	proteome	high	0.5969	527	include
trpc	A0A674MGY6__Takrub	tr|A0A674MGY6|A0A674MGY6_TAKRU	Takifugu rubripes	vertebrate	proteome	high	0.8365	937	include
nav	A0A674MH49__Takrub	tr|A0A674MH49|A0A674MH49_TAKRU	Takifugu rubripes	vertebrate	proteome	high	0.8991	1761	include
nmda	A0A674MHA8__Takrub	tr|A0A674MHA8|A0A674MHA8_TAKRU	Takifugu rubripes	vertebrate	proteome	high	0.9744	1702	include
kir	A0A674MIU6__Takrub	tr|A0A674MIU6|A0A674MIU6_TAKRU	Takifugu rubripes	vertebrate	proteome	high	0.7848	414	include
kv_shaker	A0A674MJE8__Takrub	tr|A0A674MJE8|A0A674MJE8_TAKRU	Takifugu rubripes	vertebrate	proteome	high	0.7409	556	include
connexin	A0A674MJG8__Takrub	tr|A0A674MJG8|A0A674MJG8_TAKRU	Takifugu rubripes	vertebrate	proteome	high	0.9936	358	include
piezo	A0A674MJI0__Takrub	tr|A0A674MJI0|A0A674MJI0_TAKRU	Takifugu rubripes	vertebrate	proteome	high	0.7942	2200	include
nachr	A0A674MJL5__Takrub	tr|A0A674MJL5|A0A674MJL5_TAKRU	Takifugu rubripes	vertebrate	proteome	high	0.9731	518	include
trpc	A0A674MJM4__Takrub	tr|A0A674MJM4|A0A674MJM4_TAKRU	Takifugu rubripes	vertebrate	proteome	high	0.8654	797	include
hcn	A0A674MJT9__Takrub	tr|A0A674MJT9|A0A674MJT9_TAKRU	Takifugu rubripes	vertebrate	proteome	high	0.5288	619	include
nachr	A0A674MK46__Takrub	tr|A0A674MK46|A0A674MK46_TAKRU	Takifugu rubripes	vertebrate	proteome	high	0.9855	561	include
kir	A0A674MKQ1__Takrub	tr|A0A674MKQ1|A0A674MKQ1_TAKRU	Takifugu rubripes	vertebrate	proteome	high	0.8924	532	include
kainate	A0A674ML65__Takrub	tr|A0A674ML65|A0A674ML65_TAKRU	Takifugu rubripes	vertebrate	proteome	high	0.978	912	include
gabaa	A0A674MLE2__Takrub	tr|A0A674MLE2|A0A674MLE2_TAKRU	Takifugu rubripes	vertebrate	proteome	high	0.9408	475	include
gabaa	A0A674MLV5__Takrub	tr|A0A674MLV5|A0A674MLV5_TAKRU	Takifugu rubripes	vertebrate	proteome	high	0.9693	459	include
trpc	A0A674MM39__Takrub	tr|A0A674MM39|A0A674MM39_TAKRU	Takifugu rubripes	vertebrate	proteome	high	0.8476	838	include
connexin	A0A674MM49__Takrub	tr|A0A674MM49|A0A674MM49_TAKRU	Takifugu rubripes	vertebrate	proteome	high	0.7653	407	include
kca_sk	A0A674MMJ7__Takrub	tr|A0A674MMJ7|A0A674MMJ7_TAKRU	Takifugu rubripes	vertebrate	proteome	high	0.8685	644	include
asic	A0A674MN48__Takrub	tr|A0A674MN48|A0A674MN48_TAKRU	Takifugu rubripes	vertebrate	proteome	high	0.8445	556	include
kv_modifier	A0A674MNC9__Takrub	tr|A0A674MNC9|A0A674MNC9_TAKRU	Takifugu rubripes	vertebrate	proteome	high	0.884	503	include
nachr	A0A674MP43__Takrub	tr|A0A674MP43|A0A674MP43_TAKRU	Takifugu rubripes	vertebrate	proteome	high	0.9503	477	include
kv_modifier	A0A674MPC9__Takrub	tr|A0A674MPC9|A0A674MPC9_TAKRU	Takifugu rubripes	vertebrate	proteome	medium	0.8903		profile_medium
kir	A0A674MPQ2__Takrub	tr|A0A674MPQ2|A0A674MPQ2_TAKRU	Takifugu rubripes	vertebrate	proteome	high	0.8117	573	include
kv_kcnq	A0A674MPR3__Takrub	tr|A0A674MPR3|A0A674MPR3_TAKRU	Takifugu rubripes	vertebrate	proteome	high	0.8814	835	include
nachr	A0A674MPR9__Takrub	tr|A0A674MPR9|A0A674MPR9_TAKRU	Takifugu rubripes	vertebrate	proteome	high	0.9731	521	include
calhm	A0A674MR89__Takrub	tr|A0A674MR89|A0A674MR89_TAKRU	Takifugu rubripes	vertebrate	proteome	medium	0.3797		profile_medium
k2p	A0A674MRV8__Takrub	tr|A0A674MRV8|A0A674MRV8_TAKRU	Takifugu rubripes	vertebrate	proteome	high	0.7711	436	include
ano_channel	A0A674MRW8__Takrub	tr|A0A674MRW8|A0A674MRW8_TAKRU	Takifugu rubripes	vertebrate	proteome	high	0.8918	973	include
gabaa	A0A674MSH9__Takrub	tr|A0A674MSH9|A0A674MSH9_TAKRU	Takifugu rubripes	vertebrate	proteome	high	0.9649	528	include
nav	A0A674MT91__Takrub	tr|A0A674MT91|A0A674MT91_TAKRU	Takifugu rubripes	vertebrate	proteome	high	0.9389	1709	include
kv_shaker	A0A674MTD4__Takrub	tr|A0A674MTD4|A0A674MTD4_TAKRU	Takifugu rubripes	vertebrate	proteome	medium	0.904		profile_medium
kca_sk	A0A674MU82__Takrub	tr|A0A674MU82|A0A674MU82_TAKRU	Takifugu rubripes	vertebrate	proteome	high	0.8479	821	include
kv_kcnq	A0A674MUR7__Takrub	tr|A0A674MUR7|A0A674MUR7_TAKRU	Takifugu rubripes	vertebrate	proteome	high	0.8979	712	include
trpm	A0A674MVZ8__Takrub	tr|A0A674MVZ8|A0A674MVZ8_TAKRU	Takifugu rubripes	vertebrate	proteome	high	0.8252	1799	include
hcn	A0A674MWA1__Takrub	tr|A0A674MWA1|A0A674MWA1_TAKRU	Takifugu rubripes	vertebrate	proteome	high	0.9668	1031	include
kv_kcnq	A0A674MWC9__Takrub	tr|A0A674MWC9|A0A674MWC9_TAKRU	Takifugu rubripes	vertebrate	proteome	high	0.8784	852	include
kv_shaker	A0A674MWF2__Takrub	tr|A0A674MWF2|A0A674MWF2_TAKRU	Takifugu rubripes	vertebrate	proteome	high	0.7138	479	include
cav	A0A674MWH0__Takrub	tr|A0A674MWH0|A0A674MWH0_TAKRU	Takifugu rubripes	vertebrate	proteome	high	0.7345	1833	include
cng	A0A674MWJ5__Takrub	tr|A0A674MWJ5|A0A674MWJ5_TAKRU	Takifugu rubripes	vertebrate	proteome	high	0.9349	682	include
calhm	A0A674MX08__Takrub	tr|A0A674MX08|A0A674MX08_TAKRU	Takifugu rubripes	vertebrate	proteome	medium	0.4019		profile_medium
piezo	A0A674MXB7__Takrub	tr|A0A674MXB7|A0A674MXB7_TAKRU	Takifugu rubripes	vertebrate	proteome	high	0.9996	2937	include
nmda	A0A674MXC5__Takrub	tr|A0A674MXC5|A0A674MXC5_TAKRU	Takifugu rubripes	vertebrate	proteome	high	0.7349	959	include
k2p	A0A674MYH3__Takrub	tr|A0A674MYH3|A0A674MYH3_TAKRU	Takifugu rubripes	vertebrate	proteome	high	0.5821	318	include
kv_eag	A0A674MYM0__Takrub	tr|A0A674MYM0|A0A674MYM0_TAKRU	Takifugu rubripes	vertebrate	proteome	high	0.7577	1068	include
kca_sk	A0A674MYN7__Takrub	tr|A0A674MYN7|A0A674MYN7_TAKRU	Takifugu rubripes	vertebrate	proteome	high	0.8067	730	include
nachr	A0A674MZ14__Takrub	tr|A0A674MZ14|A0A674MZ14_TAKRU	Takifugu rubripes	vertebrate	proteome	high	0.9586	536	include
gabaa	A0A674MZP9__Takrub	tr|A0A674MZP9|A0A674MZP9_TAKRU	Takifugu rubripes	vertebrate	proteome	high	0.9737	499	include
kainate	A0A674MZT4__Takrub	tr|A0A674MZT4|A0A674MZT4_TAKRU	Takifugu rubripes	vertebrate	proteome	high	0.9276	1043	include
trpc	A0A674N0R5__Takrub	tr|A0A674N0R5|A0A674N0R5_TAKRU	Takifugu rubripes	vertebrate	proteome	high	0.7809	952	include
p2x	A0A674N0X0__Takrub	tr|A0A674N0X0|A0A674N0X0_TAKRU	Takifugu rubripes	vertebrate	proteome	high	0.8047	557	include
trpc	A0A674N1A0__Takrub	tr|A0A674N1A0|A0A674N1A0_TAKRU	Takifugu rubripes	vertebrate	proteome	high	0.782	1012	include
kir	A0A674N1K8__Takrub	tr|A0A674N1K8|A0A674N1K8_TAKRU	Takifugu rubripes	vertebrate	proteome	high	0.5355	222	include
kainate	A0A674N280__Takrub	tr|A0A674N280|A0A674N280_TAKRU	Takifugu rubripes	vertebrate	proteome	high	0.8979	910	include
bestrophin	A0A674N2F8__Takrub	tr|A0A674N2F8|A0A674N2F8_TAKRU	Takifugu rubripes	vertebrate	proteome	high	0.9602	612	include
gabaa	A0A674N356__Takrub	tr|A0A674N356|A0A674N356_TAKRU	Takifugu rubripes	vertebrate	proteome	high	0.9737	508	include
nachr	A0A674N4I5__Takrub	tr|A0A674N4I5|A0A674N4I5_TAKRU	Takifugu rubripes	vertebrate	proteome	high	0.9234	639	include
cng	A0A674N4T8__Takrub	tr|A0A674N4T8|A0A674N4T8_TAKRU	Takifugu rubripes	vertebrate	proteome	high	0.6223	475	include
gabaa	A0A674N503__Takrub	tr|A0A674N503|A0A674N503_TAKRU	Takifugu rubripes	vertebrate	proteome	high	0.9627	564	include
cav	A0A674N5R6__Takrub	tr|A0A674N5R6|A0A674N5R6_TAKRU	Takifugu rubripes	vertebrate	proteome	high	0.659	2080	include
vdac	A0A674N750__Takrub	tr|A0A674N750|A0A674N750_TAKRU	Takifugu rubripes	vertebrate	proteome	high	0.9964	338	include
ampa	A0A674N7J5__Takrub	tr|A0A674N7J5|A0A674N7J5_TAKRU	Takifugu rubripes	vertebrate	proteome	high	0.9313	934	include
ampa	A0A674N7T4__Takrub	tr|A0A674N7T4|A0A674N7T4_TAKRU	Takifugu rubripes	vertebrate	proteome	high	0.9601	944	include
nachr	A0A674N872__Takrub	tr|A0A674N872|A0A674N872_TAKRU	Takifugu rubripes	vertebrate	proteome	high	0.8923	976	include
orai	A0A674N8K8__Takrub	tr|A0A674N8K8|A0A674N8K8_TAKRU	Takifugu rubripes	vertebrate	proteome	high	0.8	222	include
clc_channel	A0A674N8N4__Takrub	tr|A0A674N8N4|A0A674N8N4_TAKRU	Takifugu rubripes	vertebrate	proteome	high	0.9501	1153	include
kca_slo	A0A674N8P0__Takrub	tr|A0A674N8P0|A0A674N8P0_TAKRU	Takifugu rubripes	vertebrate	proteome	high	0.9855	1262	include
kca_sk	A0A674N8Y1__Takrub	tr|A0A674N8Y1|A0A674N8Y1_TAKRU	Takifugu rubripes	vertebrate	proteome	high	0.607	543	include
kv_eag	A0A674N9A6__Takrub	tr|A0A674N9A6|A0A674N9A6_TAKRU	Takifugu rubripes	vertebrate	proteome	high	0.8255	907	include
hcn	A0A674N9Q7__Takrub	tr|A0A674N9Q7|A0A674N9Q7_TAKRU	Takifugu rubripes	vertebrate	proteome	high	0.8749	1440	include
kv_shaker	A0A674N9V7__Takrub	tr|A0A674N9V7|A0A674N9V7_TAKRU	Takifugu rubripes	vertebrate	proteome	high	0.8098	597	include
connexin	A0A674NA12__Takrub	tr|A0A674NA12|A0A674NA12_TAKRU	Takifugu rubripes	vertebrate	proteome	high	0.8842	323	include
vdac	A0A674NA24__Takrub	tr|A0A674NA24|A0A674NA24_TAKRU	Takifugu rubripes	vertebrate	proteome	high	0.9964	308	include
nachr	A0A674NAW4__Takrub	tr|A0A674NAW4|A0A674NAW4_TAKRU	Takifugu rubripes	vertebrate	proteome	high	0.9172	500	include
kv_eag	A0A674NBM8__Takrub	tr|A0A674NBM8|A0A674NBM8_TAKRU	Takifugu rubripes	vertebrate	proteome	high	0.998	1200	include
osca_tmem63	A0A674NC84__Takrub	tr|A0A674NC84|A0A674NC84_TAKRU	Takifugu rubripes	vertebrate	proteome	high	0.9723	838	include
k2p	A0A674ND24__Takrub	tr|A0A674ND24|A0A674ND24_TAKRU	Takifugu rubripes	vertebrate	proteome	high	0.6692	388	include
nachr	A0A674NFX1__Takrub	tr|A0A674NFX1|A0A674NFX1_TAKRU	Takifugu rubripes	vertebrate	proteome	high	0.7267	358	include
gabaa	A0A674NGG7__Takrub	tr|A0A674NGG7|A0A674NGG7_TAKRU	Takifugu rubripes	vertebrate	proteome	high	0.9364	456	include
bestrophin	A0A674NGH3__Takrub	tr|A0A674NGH3|A0A674NGH3_TAKRU	Takifugu rubripes	vertebrate	proteome	high	0.7723	655	include
calhm	A0A674NGI1__Takrub	tr|A0A674NGI1|A0A674NGI1_TAKRU	Takifugu rubripes	vertebrate	proteome	medium	0.3196		profile_medium
gabaa	A0A674NGK3__Takrub	tr|A0A674NGK3|A0A674NGK3_TAKRU	Takifugu rubripes	vertebrate	proteome	high	0.9189	452	include
trpm	A0A674NGR2__Takrub	tr|A0A674NGR2|A0A674NGR2_TAKRU	Takifugu rubripes	vertebrate	proteome	high	0.7739	1651	include
nachr	A0A674NI88__Takrub	tr|A0A674NI88|A0A674NI88_TAKRU	Takifugu rubripes	vertebrate	proteome	high	0.9855	549	include
kv_shaker	A0A674NIL2__Takrub	tr|A0A674NIL2|A0A674NIL2_TAKRU	Takifugu rubripes	vertebrate	proteome	high	0.9293	648	include
kv_shaker	A0A674NJ68__Takrub	tr|A0A674NJ68|A0A674NJ68_TAKRU	Takifugu rubripes	vertebrate	proteome	medium	0.3913		profile_medium
cng	A0A674NJC1__Takrub	tr|A0A674NJC1|A0A674NJC1_TAKRU	Takifugu rubripes	vertebrate	proteome	high	0.7298	637	include
ht3	A0A674NJI9__Takrub	tr|A0A674NJI9|A0A674NJI9_TAKRU	Takifugu rubripes	vertebrate	proteome	medium	0.5408		profile_medium
ht3	A0A674NK72__Takrub	tr|A0A674NK72|A0A674NK72_TAKRU	Takifugu rubripes	vertebrate	proteome	medium	0.883		profile_medium
kv_kcnq	A0A674NKM4__Takrub	tr|A0A674NKM4|A0A674NKM4_TAKRU	Takifugu rubripes	vertebrate	proteome	high	0.9174	982	include
gabaa	A0A674NKZ5__Takrub	tr|A0A674NKZ5|A0A674NKZ5_TAKRU	Takifugu rubripes	vertebrate	proteome	high	0.9364	480	include
connexin	A0A674NL19__Takrub	tr|A0A674NL19|A0A674NL19_TAKRU	Takifugu rubripes	vertebrate	proteome	high	0.8842	305	include
p2x	A0A674NL41__Takrub	tr|A0A674NL41|A0A674NL41_TAKRU	Takifugu rubripes	vertebrate	proteome	high	0.9035	393	include
nmda	A0A674NL50__Takrub	tr|A0A674NL50|A0A674NL50_TAKRU	Takifugu rubripes	vertebrate	proteome	high	0.9207	1414	include
clc_channel	A0A674NL66__Takrub	tr|A0A674NL66|A0A674NL66_TAKRU	Takifugu rubripes	vertebrate	proteome	high	0.7154	690	include
kv_kcnq	A0A674NN57__Takrub	tr|A0A674NN57|A0A674NN57_TAKRU	Takifugu rubripes	vertebrate	proteome	high	0.8258	620	include
hcn	A0A674NN74__Takrub	tr|A0A674NN74|A0A674NN74_TAKRU	Takifugu rubripes	vertebrate	proteome	high	0.74	1162	include
trpv	A0A674NNT6__Takrub	tr|A0A674NNT6|A0A674NNT6_TAKRU	Takifugu rubripes	vertebrate	proteome	high	0.9704	888	include
ht3	A0A674NP41__Takrub	tr|A0A674NP41|A0A674NP41_TAKRU	Takifugu rubripes	vertebrate	proteome	medium	0.426		profile_medium
vdac	A0A674NP73__Takrub	tr|A0A674NP73|A0A674NP73_TAKRU	Takifugu rubripes	vertebrate	proteome	high	0.9964	295	include
cav	A0A674NPA3__Takrub	tr|A0A674NPA3|A0A674NPA3_TAKRU	Takifugu rubripes	vertebrate	proteome	high	0.9276	2358	include
kv_eag	A0A674NPK2__Takrub	tr|A0A674NPK2|A0A674NPK2_TAKRU	Takifugu rubripes	vertebrate	proteome	high	0.998	1212	include
trpm	A0A674NQ94__Takrub	tr|A0A674NQ94|A0A674NQ94_TAKRU	Takifugu rubripes	vertebrate	proteome	high	0.8445	1811	include
nmda	A0A674NQZ9__Takrub	tr|A0A674NQZ9|A0A674NQZ9_TAKRU	Takifugu rubripes	vertebrate	proteome	high	0.9966	1585	include
nachr	A0A674NRN5__Takrub	tr|A0A674NRN5|A0A674NRN5_TAKRU	Takifugu rubripes	vertebrate	proteome	high	0.5797	403	include
cav	A0A674NRZ3__Takrub	tr|A0A674NRZ3|A0A674NRZ3_TAKRU	Takifugu rubripes	vertebrate	proteome	high	0.9055	2345	include
nachr	A0A674NT43__Takrub	tr|A0A674NT43|A0A674NT43_TAKRU	Takifugu rubripes	vertebrate	proteome	high	0.9524	536	include
connexin	A0A674NTH1__Takrub	tr|A0A674NTH1|A0A674NTH1_TAKRU	Takifugu rubripes	vertebrate	proteome	high	0.9743	451	include
kv_modifier	A0A674NU34__Takrub	tr|A0A674NU34|A0A674NU34_TAKRU	Takifugu rubripes	vertebrate	proteome	medium	0.8755		profile_medium
nav	A0A674NU94__Takrub	tr|A0A674NU94|A0A674NU94_TAKRU	Takifugu rubripes	vertebrate	proteome	high	0.9983	2024	include
kv_eag	A0A674NUF2__Takrub	tr|A0A674NUF2|A0A674NUF2_TAKRU	Takifugu rubripes	vertebrate	proteome	high	0.9003	1026	include
ht3	A0A674NUH0__Takrub	tr|A0A674NUH0|A0A674NUH0_TAKRU	Takifugu rubripes	vertebrate	proteome	high	0.7969	431	include
nachr	A0A674NUJ3__Takrub	tr|A0A674NUJ3|A0A674NUJ3_TAKRU	Takifugu rubripes	vertebrate	proteome	high	0.8427	474	include
gabaa	A0A674NUV2__Takrub	tr|A0A674NUV2|A0A674NUV2_TAKRU	Takifugu rubripes	vertebrate	proteome	high	0.8114	485	include
kca_sk	A0A674NVQ6__Takrub	tr|A0A674NVQ6|A0A674NVQ6_TAKRU	Takifugu rubripes	vertebrate	proteome	high	0.8193	895	include
hcn	A0A674NWA2__Takrub	tr|A0A674NWA2|A0A674NWA2_TAKRU	Takifugu rubripes	vertebrate	proteome	high	0.5288	619	include
connexin	A0A674NWM8__Takrub	tr|A0A674NWM8|A0A674NWM8_TAKRU	Takifugu rubripes	vertebrate	proteome	high	0.8682	397	include
cav	A0A674NYC8__Takrub	tr|A0A674NYC8|A0A674NYC8_TAKRU	Takifugu rubripes	vertebrate	proteome	high	0.8202	1677	include
gabaa	A0A674NYK8__Takrub	tr|A0A674NYK8|A0A674NYK8_TAKRU	Takifugu rubripes	vertebrate	proteome	high	0.9561	478	include
ht3	A0A674NYS0__Takrub	tr|A0A674NYS0|A0A674NYS0_TAKRU	Takifugu rubripes	vertebrate	proteome	high	0.9338	428	include
nalcn	A0A674NZF7__Takrub	tr|A0A674NZF7|A0A674NZF7_TAKRU	Takifugu rubripes	vertebrate	proteome	high	1.0	1745	include
connexin	A0A674NZL5__Takrub	tr|A0A674NZL5|A0A674NZL5_TAKRU	Takifugu rubripes	vertebrate	proteome	high	0.6367	235	include
vdac	A0A674NZQ6__Takrub	tr|A0A674NZQ6|A0A674NZQ6_TAKRU	Takifugu rubripes	vertebrate	proteome	high	0.9964	348	include
ht3	A0A674NZW6__Takrub	tr|A0A674NZW6|A0A674NZW6_TAKRU	Takifugu rubripes	vertebrate	proteome	high	0.9338	428	include
kainate	A0A674NZZ0__Takrub	tr|A0A674NZZ0|A0A674NZZ0_TAKRU	Takifugu rubripes	vertebrate	proteome	high	0.9737	967	include
trpa	A0A674NZZ9__Takrub	tr|A0A674NZZ9|A0A674NZZ9_TAKRU	Takifugu rubripes	vertebrate	proteome	high	0.9777	1133	include
vdac	A0A674P0N4__Takrub	tr|A0A674P0N4|A0A674P0N4_TAKRU	Takifugu rubripes	vertebrate	proteome	high	0.9388	391	include
ht3	A0A674P1E2__Takrub	tr|A0A674P1E2|A0A674P1E2_TAKRU	Takifugu rubripes	vertebrate	proteome	high	0.9161	455	include
kv_eag	A0A674P2F4__Takrub	tr|A0A674P2F4|A0A674P2F4_TAKRU	Takifugu rubripes	vertebrate	proteome	high	0.9063	980	include
kv_shaker	A0A674P379__Takrub	tr|A0A674P379|A0A674P379_TAKRU	Takifugu rubripes	vertebrate	proteome	high	0.7989	482	include
gabaa	A0A674P3P5__Takrub	tr|A0A674P3P5|A0A674P3P5_TAKRU	Takifugu rubripes	vertebrate	proteome	high	0.9715	483	include
kir	A0A674P406__Takrub	tr|A0A674P406|A0A674P406_TAKRU	Takifugu rubripes	vertebrate	proteome	high	0.8753	454	include
nachr	A0A674P4C8__Takrub	tr|A0A674P4C8|A0A674P4C8_TAKRU	Takifugu rubripes	vertebrate	proteome	high	0.9607	526	include
kv_kcnq	A0A674P4Z3__Takrub	tr|A0A674P4Z3|A0A674P4Z3_TAKRU	Takifugu rubripes	vertebrate	proteome	high	0.7853	719	include
connexin	A0A674P606__Takrub	tr|A0A674P606|A0A674P606_TAKRU	Takifugu rubripes	vertebrate	proteome	high	0.7588	278	include
nachr	A0A674P6D4__Takrub	tr|A0A674P6D4|A0A674P6D4_TAKRU	Takifugu rubripes	vertebrate	proteome	high	0.8551	540	include
connexin	A0A674P776__Takrub	tr|A0A674P776|A0A674P776_TAKRU	Takifugu rubripes	vertebrate	proteome	high	0.5756	213	include
nachr	A0A674P849__Takrub	tr|A0A674P849|A0A674P849_TAKRU	Takifugu rubripes	vertebrate	proteome	high	0.7557	431	include
gabaa	A0A674P885__Takrub	tr|A0A674P885|A0A674P885_TAKRU	Takifugu rubripes	vertebrate	proteome	high	0.9101	460	include
cav	A0A674P897__Takrub	tr|A0A674P897|A0A674P897_TAKRU	Takifugu rubripes	vertebrate	proteome	high	0.8505	1840	include
glyr	A0A674P9S2__Takrub	tr|A0A674P9S2|A0A674P9S2_TAKRU	Takifugu rubripes	vertebrate	proteome	high	0.9394	535	include
kainate	A0A674PA03__Takrub	tr|A0A674PA03|A0A674PA03_TAKRU	Takifugu rubripes	vertebrate	proteome	medium	0.4808		profile_medium
connexin	A0A674PAD2__Takrub	tr|A0A674PAD2|A0A674PAD2_TAKRU	Takifugu rubripes	vertebrate	proteome	high	0.6559	281	include
ampa	A0A674PAI3__Takrub	tr|A0A674PAI3|A0A674PAI3_TAKRU	Takifugu rubripes	vertebrate	proteome	high	0.969	924	include
cng	A0A674PB48__Takrub	tr|A0A674PB48|A0A674PB48_TAKRU	Takifugu rubripes	vertebrate	proteome	high	0.8105	842	include
trpv	A0A674PBN5__Takrub	tr|A0A674PBN5|A0A674PBN5_TAKRU	Takifugu rubripes	vertebrate	proteome	high	0.836	784	include
cav	A0A674PBV2__Takrub	tr|A0A674PBV2|A0A674PBV2_TAKRU	Takifugu rubripes	vertebrate	proteome	high	0.9373	2128	include
ano_channel	A0A674PC29__Takrub	tr|A0A674PC29|A0A674PC29_TAKRU	Takifugu rubripes	vertebrate	proteome	medium	0.6396		profile_medium
ano_channel	A0A674PD81__Takrub	tr|A0A674PD81|A0A674PD81_TAKRU	Takifugu rubripes	vertebrate	proteome	high	0.8444	950	include
kv_eag	A0A674PDM1__Takrub	tr|A0A674PDM1|A0A674PDM1_TAKRU	Takifugu rubripes	vertebrate	proteome	high	0.6839	1124	include
nachr	A0A674PE05__Takrub	tr|A0A674PE05|A0A674PE05_TAKRU	Takifugu rubripes	vertebrate	proteome	high	0.7578	363	include
gabaa	A0A674PE52__Takrub	tr|A0A674PE52|A0A674PE52_TAKRU	Takifugu rubripes	vertebrate	proteome	high	0.9496	498	include
nmda	A0A674PF52__Takrub	tr|A0A674PF52|A0A674PF52_TAKRU	Takifugu rubripes	vertebrate	proteome	high	0.7673	970	include
kca_slo	A0A674PFA9__Takrub	tr|A0A674PFA9|A0A674PFA9_TAKRU	Takifugu rubripes	vertebrate	proteome	high	0.9057	1293	include
nav	A0A674PFR9__Takrub	tr|A0A674PFR9|A0A674PFR9_TAKRU	Takifugu rubripes	vertebrate	proteome	high	0.5488	963	include
kv_kcnq	A0A674PFT3__Takrub	tr|A0A674PFT3|A0A674PFT3_TAKRU	Takifugu rubripes	vertebrate	proteome	high	0.8619	978	include
hv1	A0A674PFZ1__Takrub	tr|A0A674PFZ1|A0A674PFZ1_TAKRU	Takifugu rubripes	vertebrate	proteome	high	0.6784	537	include
nachr	A0A674PG79__Takrub	tr|A0A674PG79|A0A674PG79_TAKRU	Takifugu rubripes	vertebrate	proteome	high	0.9669	507	include
trpc	A0A674PGX6__Takrub	tr|A0A674PGX6|A0A674PGX6_TAKRU	Takifugu rubripes	vertebrate	proteome	high	0.8754	932	include
gabaa	A0A674PH71__Takrub	tr|A0A674PH71|A0A674PH71_TAKRU	Takifugu rubripes	vertebrate	proteome	medium	0.4627		profile_medium
nachr	A0A674PH73__Takrub	tr|A0A674PH73|A0A674PH73_TAKRU	Takifugu rubripes	vertebrate	proteome	high	0.9565	469	include
connexin	A0A674PHE3__Takrub	tr|A0A674PHE3|A0A674PHE3_TAKRU	Takifugu rubripes	vertebrate	proteome	high	0.7299	223	include
nachr	A0A674PHQ4__Takrub	tr|A0A674PHQ4|A0A674PHQ4_TAKRU	Takifugu rubripes	vertebrate	proteome	high	0.9669	538	include
kainate	A0A674PHU6__Takrub	tr|A0A674PHU6|A0A674PHU6_TAKRU	Takifugu rubripes	vertebrate	proteome	high	0.9374	900	include
kv_eag	A0A674PKL4__Takrub	tr|A0A674PKL4|A0A674PKL4_TAKRU	Takifugu rubripes	vertebrate	proteome	high	0.9372	1196	include
connexin	A0A674PL15__Takrub	tr|A0A674PL15|A0A674PL15_TAKRU	Takifugu rubripes	vertebrate	proteome	high	0.7428	330	include
connexin	A0A674PL62__Takrub	tr|A0A674PL62|A0A674PL62_TAKRU	Takifugu rubripes	vertebrate	proteome	high	0.7781	350	include
nav	A0A674PLI8__Takrub	tr|A0A674PLI8|A0A674PLI8_TAKRU	Takifugu rubripes	vertebrate	proteome	high	0.9821	1863	include
connexin	A0A674PM30__Takrub	tr|A0A674PM30|A0A674PM30_TAKRU	Takifugu rubripes	vertebrate	proteome	high	0.746	247	include
ampa	A0A674PMG9__Takrub	tr|A0A674PMG9|A0A674PMG9_TAKRU	Takifugu rubripes	vertebrate	proteome	high	0.9933	893	include
gabaa	A0A674PMM9__Takrub	tr|A0A674PMM9|A0A674PMM9_TAKRU	Takifugu rubripes	vertebrate	proteome	high	0.9737	527	include
kv_eag	A0A674PNI9__Takrub	tr|A0A674PNI9|A0A674PNI9_TAKRU	Takifugu rubripes	vertebrate	proteome	high	0.8674	1012	include
ampa	A0A674PNS9__Takrub	tr|A0A674PNS9|A0A674PNS9_TAKRU	Takifugu rubripes	vertebrate	proteome	high	0.8858	892	include
clc_channel	A0A674PNY8__Takrub	tr|A0A674PNY8|A0A674PNY8_TAKRU	Takifugu rubripes	vertebrate	proteome	high	0.7177	776	include
connexin	A0A674PPX0__Takrub	tr|A0A674PPX0|A0A674PPX0_TAKRU	Takifugu rubripes	vertebrate	proteome	high	0.8232	328	include
kainate	A0A674PPY9__Takrub	tr|A0A674PPY9|A0A674PPY9_TAKRU	Takifugu rubripes	vertebrate	proteome	high	0.9912	918	include
osca_tmem63	A0A674PQ44__Takrub	tr|A0A674PQ44|A0A674PQ44_TAKRU	Takifugu rubripes	vertebrate	proteome	high	0.966	873	include
glyr	A0A674PQH5__Takrub	tr|A0A674PQH5|A0A674PQH5_TAKRU	Takifugu rubripes	vertebrate	proteome	high	0.9913	455	include
connexin	A0A674PQM4__Takrub	tr|A0A674PQM4|A0A674PQM4_TAKRU	Takifugu rubripes	vertebrate	proteome	high	0.7621	276	include
nachr	A0A674PQM8__Takrub	tr|A0A674PQM8|A0A674PQM8_TAKRU	Takifugu rubripes	vertebrate	proteome	high	0.9627	509	include
nmda	A0A674PQV5__Takrub	tr|A0A674PQV5|A0A674PQV5_TAKRU	Takifugu rubripes	vertebrate	proteome	high	0.9949	1539	include
nav	A0A674PRG7__Takrub	tr|A0A674PRG7|A0A674PRG7_TAKRU	Takifugu rubripes	vertebrate	proteome	high	0.9944	1967	include
kir	A0A674PRJ3__Takrub	tr|A0A674PRJ3|A0A674PRJ3_TAKRU	Takifugu rubripes	vertebrate	proteome	high	0.8949	492	include
cng	A0A674PRS0__Takrub	tr|A0A674PRS0|A0A674PRS0_TAKRU	Takifugu rubripes	vertebrate	proteome	high	0.8784	675	include
trpc	A0A6D2WSK7__Takrub	tr|A0A6D2WSK7|A0A6D2WSK7_TAKRU	Takifugu rubripes	vertebrate	proteome	high	0.9733	916	include
k2p	A0A6H2EDG1__Dromel	tr|A0A6H2EDG1|A0A6H2EDG1_DROME	Drosophila melanogaster	invertebrate	proteome	high	0.6194	759	include
kv_shaker	A0A6I8MX46__Ornana	tr|A0A6I8MX46|A0A6I8MX46_ORNAN	Ornithorhynchus anatinus	vertebrate	proteome	high	0.721	578	include
kv_kcnq	A0A6I8MX76__Ornana	tr|A0A6I8MX76|A0A6I8MX76_ORNAN	Ornithorhynchus anatinus	vertebrate	proteome	high	0.7778	721	include
kainate	A0A6I8MXD9__Ornana	tr|A0A6I8MXD9|A0A6I8MXD9_ORNAN	Ornithorhynchus anatinus	vertebrate	proteome	high	0.9166	1160	include
k2p	A0A6I8MXI6__Ornana	tr|A0A6I8MXI6|A0A6I8MXI6_ORNAN	Ornithorhynchus anatinus	vertebrate	proteome	high	0.6443	377	include
cav	A0A6I8MXJ0__Ornana	tr|A0A6I8MXJ0|A0A6I8MXJ0_ORNAN	Ornithorhynchus anatinus	vertebrate	proteome	high	0.9969	2286	include
trpm	A0A6I8MXJ9__Ornana	tr|A0A6I8MXJ9|A0A6I8MXJ9_ORNAN	Ornithorhynchus anatinus	vertebrate	proteome	high	0.877	1705	include
catsper	A0A6I8MXW2__Ornana	tr|A0A6I8MXW2|A0A6I8MXW2_ORNAN	Ornithorhynchus anatinus	vertebrate	proteome	high	0.7125	397	include
mcu	A0A6I8MXY7__Ornana	tr|A0A6I8MXY7|A0A6I8MXY7_ORNAN	Ornithorhynchus anatinus	vertebrate	proteome	high	0.9536	362	include
kv_eag	A0A6I8MYU6__Ornana	tr|A0A6I8MYU6|A0A6I8MYU6_ORNAN	Ornithorhynchus anatinus	vertebrate	proteome	high	0.9043	1082	include
trpv	A0A6I8MZ36__Ornana	tr|A0A6I8MZ36|A0A6I8MZ36_ORNAN	Ornithorhynchus anatinus	vertebrate	proteome	high	0.9359	822	include
hcn	A0A6I8MZ99__Ornana	tr|A0A6I8MZ99|A0A6I8MZ99_ORNAN	Ornithorhynchus anatinus	vertebrate	proteome	high	0.9814	1078	include
nav	A0A6I8MZN6__Ornana	tr|A0A6I8MZN6|A0A6I8MZN6_ORNAN	Ornithorhynchus anatinus	vertebrate	proteome	high	0.9994	2008	include
kca_sk	A0A6I8N022__Ornana	tr|A0A6I8N022|A0A6I8N022_ORNAN	Ornithorhynchus anatinus	vertebrate	proteome	high	0.8748	879	include
k2p	A0A6I8N080__Ornana	tr|A0A6I8N080|A0A6I8N080_ORNAN	Ornithorhynchus anatinus	vertebrate	proteome	high	0.709	598	include
k2p	A0A6I8N1C6__Ornana	tr|A0A6I8N1C6|A0A6I8N1C6_ORNAN	Ornithorhynchus anatinus	vertebrate	proteome	high	0.8632	413	include
nav	A0A6I8N2A8__Ornana	tr|A0A6I8N2A8|A0A6I8N2A8_ORNAN	Ornithorhynchus anatinus	vertebrate	proteome	high	0.9933	1989	include
trpm	A0A6I8N2M5__Ornana	tr|A0A6I8N2M5|A0A6I8N2M5_ORNAN	Ornithorhynchus anatinus	vertebrate	proteome	high	0.9915	2046	include
kca_slo	A0A6I8N2Y3__Ornana	tr|A0A6I8N2Y3|A0A6I8N2Y3_ORNAN	Ornithorhynchus anatinus	vertebrate	proteome	high	0.9157	1277	include
connexin	A0A6I8N3H2__Ornana	tr|A0A6I8N3H2|A0A6I8N3H2_ORNAN	Ornithorhynchus anatinus	vertebrate	proteome	high	0.8907	459	include
trpc	A0A6I8N4A5__Ornana	tr|A0A6I8N4A5|A0A6I8N4A5_ORNAN	Ornithorhynchus anatinus	vertebrate	proteome	high	0.871	893	include
ampa	A0A6I8N4A6__Ornana	tr|A0A6I8N4A6|A0A6I8N4A6_ORNAN	Ornithorhynchus anatinus	vertebrate	proteome	high	0.9989	894	include
gabaa	A0A6I8N4W0__Ornana	tr|A0A6I8N4W0|A0A6I8N4W0_ORNAN	Ornithorhynchus anatinus	vertebrate	proteome	high	0.9276	433	include
enac	A0A6I8N545__Ornana	tr|A0A6I8N545|A0A6I8N545_ORNAN	Ornithorhynchus anatinus	vertebrate	proteome	high	0.9984	645	include
lrrc8	A0A6I8N572__Ornana	tr|A0A6I8N572|A0A6I8N572_ORNAN	Ornithorhynchus anatinus	vertebrate	proteome	high	0.9988	860	include
kv_shaker	A0A6I8N608__Ornana	tr|A0A6I8N608|A0A6I8N608_ORNAN	Ornithorhynchus anatinus	vertebrate	proteome	medium	0.3859		profile_medium
connexin	A0A6I8N6S2__Ornana	tr|A0A6I8N6S2|A0A6I8N6S2_ORNAN	Ornithorhynchus anatinus	vertebrate	proteome	high	0.7235	407	include
kir	A0A6I8N768__Ornana	tr|A0A6I8N768|A0A6I8N768_ORNAN	Ornithorhynchus anatinus	vertebrate	proteome	high	0.8606	407	include
connexin	A0A6I8N8S9__Ornana	tr|A0A6I8N8S9|A0A6I8N8S9_ORNAN	Ornithorhynchus anatinus	vertebrate	proteome	high	0.7653	317	include
cav	A0A6I8N8W3__Ornana	tr|A0A6I8N8W3|A0A6I8N8W3_ORNAN	Ornithorhynchus anatinus	vertebrate	proteome	high	0.7026	2224	include
nachr	A0A6I8N9H7__Ornana	tr|A0A6I8N9H7|A0A6I8N9H7_ORNAN	Ornithorhynchus anatinus	vertebrate	proteome	high	0.8675	470	include
nav	A0A6I8N9U2__Ornana	tr|A0A6I8N9U2|A0A6I8N9U2_ORNAN	Ornithorhynchus anatinus	vertebrate	proteome	high	0.9927	2016	include
trpn	A0A6I8N9W2__Ornana	tr|A0A6I8N9W2|A0A6I8N9W2_ORNAN	Ornithorhynchus anatinus	vertebrate	proteome	medium	0.318		profile_medium
catsper	A0A6I8NAW1__Ornana	tr|A0A6I8NAW1|A0A6I8NAW1_ORNAN	Ornithorhynchus anatinus	vertebrate	proteome	high	0.963	533	include
bestrophin	A0A6I8NB55__Ornana	tr|A0A6I8NB55|A0A6I8NB55_ORNAN	Ornithorhynchus anatinus	vertebrate	proteome	none	0.1025		no_profile_call
hcn	A0A6I8NBZ8__Ornana	tr|A0A6I8NBZ8|A0A6I8NBZ8_ORNAN	Ornithorhynchus anatinus	vertebrate	proteome	high	1.0	1193	include
ampa	A0A6I8NC02__Ornana	tr|A0A6I8NC02|A0A6I8NC02_ORNAN	Ornithorhynchus anatinus	vertebrate	proteome	high	0.9989	902	include
k2p	A0A6I8NC97__Ornana	tr|A0A6I8NC97|A0A6I8NC97_ORNAN	Ornithorhynchus anatinus	vertebrate	proteome	high	0.9353	422	include
kir	A0A6I8NCE9__Ornana	tr|A0A6I8NCE9|A0A6I8NCE9_ORNAN	Ornithorhynchus anatinus	vertebrate	proteome	high	0.9095	457	include
nav	A0A6I8NCV6__Ornana	tr|A0A6I8NCV6|A0A6I8NCV6_ORNAN	Ornithorhynchus anatinus	vertebrate	proteome	high	0.9714	1983	include
connexin	A0A6I8NCW4__Ornana	tr|A0A6I8NCW4|A0A6I8NCW4_ORNAN	Ornithorhynchus anatinus	vertebrate	proteome	high	0.9196	360	include
kv_kcnq	A0A6I8ND69__Ornana	tr|A0A6I8ND69|A0A6I8ND69_ORNAN	Ornithorhynchus anatinus	vertebrate	proteome	high	0.8949	1045	include
cav	A0A6I8NDL2__Ornana	tr|A0A6I8NDL2|A0A6I8NDL2_ORNAN	Ornithorhynchus anatinus	vertebrate	proteome	high	0.7242	2202	include
nav	A0A6I8NE82__Ornana	tr|A0A6I8NE82|A0A6I8NE82_ORNAN	Ornithorhynchus anatinus	vertebrate	proteome	high	0.9989	2006	include
cav	A0A6I8NEU4__Ornana	tr|A0A6I8NEU4|A0A6I8NEU4_ORNAN	Ornithorhynchus anatinus	vertebrate	proteome	high	0.9733	2070	include
k2p	A0A6I8NF55__Ornana	tr|A0A6I8NF55|A0A6I8NF55_ORNAN	Ornithorhynchus anatinus	vertebrate	proteome	high	0.6542	383	include
glyr	A0A6I8NF70__Ornana	tr|A0A6I8NF70|A0A6I8NF70_ORNAN	Ornithorhynchus anatinus	vertebrate	proteome	high	0.9784	570	include
otop	A0A6I8NF90__Ornana	tr|A0A6I8NF90|A0A6I8NF90_ORNAN	Ornithorhynchus anatinus	vertebrate	proteome	high	0.8124	529	include
piezo	A0A6I8NFR5__Ornana	tr|A0A6I8NFR5|A0A6I8NFR5_ORNAN	Ornithorhynchus anatinus	vertebrate	proteome	high	0.8914	2384	include
kv_kcnq	A0A6I8NG32__Ornana	tr|A0A6I8NG32|A0A6I8NG32_ORNAN	Ornithorhynchus anatinus	vertebrate	proteome	high	0.8829	762	include
osca_tmem63	A0A6I8NG39__Ornana	tr|A0A6I8NG39|A0A6I8NG39_ORNAN	Ornithorhynchus anatinus	vertebrate	proteome	high	0.9409	881	include
itpr	A0A6I8NH55__Ornana	tr|A0A6I8NH55|A0A6I8NH55_ORNAN	Ornithorhynchus anatinus	vertebrate	proteome	high	1.0	2697	include
k2p	A0A6I8NHP6__Ornana	tr|A0A6I8NHP6|A0A6I8NHP6_ORNAN	Ornithorhynchus anatinus	vertebrate	proteome	high	0.6667	343	include
nachr	A0A6I8NI77__Ornana	tr|A0A6I8NI77|A0A6I8NI77_ORNAN	Ornithorhynchus anatinus	vertebrate	proteome	medium	0.3727		profile_medium
nachr	A0A6I8NIF6__Ornana	tr|A0A6I8NIF6|A0A6I8NIF6_ORNAN	Ornithorhynchus anatinus	vertebrate	proteome	high	0.9565	502	include
nmda	A0A6I8NIG1__Ornana	tr|A0A6I8NIG1|A0A6I8NIG1_ORNAN	Ornithorhynchus anatinus	vertebrate	proteome	high	0.9957	1285	include
kca_slo	A0A6I8NIJ5__Ornana	tr|A0A6I8NIJ5|A0A6I8NIJ5_ORNAN	Ornithorhynchus anatinus	vertebrate	proteome	high	0.9166	1162	include
kv_shaker	A0A6I8NJC2__Ornana	tr|A0A6I8NJC2|A0A6I8NJC2_ORNAN	Ornithorhynchus anatinus	vertebrate	proteome	high	0.8279	778	include
kv_modifier	A0A6I8NJS3__Ornana	tr|A0A6I8NJS3|A0A6I8NJS3_ORNAN	Ornithorhynchus anatinus	vertebrate	proteome	high	0.9135	537	include
connexin	A0A6I8NJS4__Ornana	tr|A0A6I8NJS4|A0A6I8NJS4_ORNAN	Ornithorhynchus anatinus	vertebrate	proteome	high	0.791	454	include
kv_modifier	A0A6I8NK09__Ornana	tr|A0A6I8NK09|A0A6I8NK09_ORNAN	Ornithorhynchus anatinus	vertebrate	proteome	high	0.8966	494	include
nmda	A0A6I8NK30__Ornana	tr|A0A6I8NK30|A0A6I8NK30_ORNAN	Ornithorhynchus anatinus	vertebrate	proteome	high	0.7587	920	include
kir	A0A6I8NKJ0__Ornana	tr|A0A6I8NKJ0|A0A6I8NKJ0_ORNAN	Ornithorhynchus anatinus	vertebrate	proteome	high	0.8802	457	include
kca_slo	A0A6I8NKT8__Ornana	tr|A0A6I8NKT8|A0A6I8NKT8_ORNAN	Ornithorhynchus anatinus	vertebrate	proteome	high	0.8114	1062	include
lrrc8	A0A6I8NLE6__Ornana	tr|A0A6I8NLE6|A0A6I8NLE6_ORNAN	Ornithorhynchus anatinus	vertebrate	proteome	high	1.0	789	include
calhm	A0A6I8NLU5__Ornana	tr|A0A6I8NLU5|A0A6I8NLU5_ORNAN	Ornithorhynchus anatinus	vertebrate	proteome	high	0.5127	185	include
kv_kcnq	A0A6I8NLW1__Ornana	tr|A0A6I8NLW1|A0A6I8NLW1_ORNAN	Ornithorhynchus anatinus	vertebrate	proteome	high	0.8243	856	include
ht3	A0A6I8NM51__Ornana	tr|A0A6I8NM51|A0A6I8NM51_ORNAN	Ornithorhynchus anatinus	vertebrate	proteome	high	0.7969	393	include
kainate	A0A6I8NM84__Ornana	tr|A0A6I8NM84|A0A6I8NM84_ORNAN	Ornithorhynchus anatinus	vertebrate	proteome	high	0.9967	919	include
orai	A0A6I8NMG0__Ornana	tr|A0A6I8NMG0|A0A6I8NMG0_ORNAN	Ornithorhynchus anatinus	vertebrate	proteome	high	0.9074	312	include
kv_kcnq	A0A6I8NMY0__Ornana	tr|A0A6I8NMY0|A0A6I8NMY0_ORNAN	Ornithorhynchus anatinus	vertebrate	proteome	high	0.9309	878	include
itpr	A0A6I8NN70__Ornana	tr|A0A6I8NN70|A0A6I8NN70_ORNAN	Ornithorhynchus anatinus	vertebrate	proteome	high	0.9996	2747	include
nachr	A0A6I8NNH8__Ornana	tr|A0A6I8NNH8|A0A6I8NNH8_ORNAN	Ornithorhynchus anatinus	vertebrate	proteome	high	0.9441	587	include
trpc	A0A6I8NNR3__Ornana	tr|A0A6I8NNR3|A0A6I8NNR3_ORNAN	Ornithorhynchus anatinus	vertebrate	proteome	high	0.8187	848	include
nav	A0A6I8NP70__Ornana	tr|A0A6I8NP70|A0A6I8NP70_ORNAN	Ornithorhynchus anatinus	vertebrate	proteome	high	0.9972	1991	include
kainate	A0A6I8NQ26__Ornana	tr|A0A6I8NQ26|A0A6I8NQ26_ORNAN	Ornithorhynchus anatinus	vertebrate	proteome	high	0.9396	935	include
kir	A0A6I8NQY8__Ornana	tr|A0A6I8NQY8|A0A6I8NQY8_ORNAN	Ornithorhynchus anatinus	vertebrate	proteome	none	0.2738		no_profile_call
piezo	A0A6I8NR31__Ornana	tr|A0A6I8NR31|A0A6I8NR31_ORNAN	Ornithorhynchus anatinus	vertebrate	proteome	high	0.9996	2844	include
piezo	A0A6I8NRG1__Ornana	tr|A0A6I8NRG1|A0A6I8NRG1_ORNAN	Ornithorhynchus anatinus	vertebrate	proteome	high	1.0	2563	include
kv_modifier	A0A6I8NRQ0__Ornana	tr|A0A6I8NRQ0|A0A6I8NRQ0_ORNAN	Ornithorhynchus anatinus	vertebrate	proteome	high	0.9473	474	include
ampa	A0A6I8NS08__Ornana	tr|A0A6I8NS08|A0A6I8NS08_ORNAN	Ornithorhynchus anatinus	vertebrate	proteome	high	0.9933	900	include
cng	A0A6I8NSF5__Ornana	tr|A0A6I8NSF5|A0A6I8NSF5_ORNAN	Ornithorhynchus anatinus	vertebrate	proteome	high	0.942	659	include
gabaa	A0A6I8NSL3__Ornana	tr|A0A6I8NSL3|A0A6I8NSL3_ORNAN	Ornithorhynchus anatinus	vertebrate	proteome	high	0.9737	667	include
connexin	A0A6I8NSQ5__Ornana	tr|A0A6I8NSQ5|A0A6I8NSQ5_ORNAN	Ornithorhynchus anatinus	vertebrate	proteome	high	0.7846	255	include
glyr	A0A6I8NU62__Ornana	tr|A0A6I8NU62|A0A6I8NU62_ORNAN	Ornithorhynchus anatinus	vertebrate	proteome	high	0.8636	450	include
tmem175	A0A6I8NV35__Ornana	tr|A0A6I8NV35|A0A6I8NV35_ORNAN	Ornithorhynchus anatinus	vertebrate	proteome	high	0.9344	498	include
kv_shaker	A0A6I8NV72__Ornana	tr|A0A6I8NV72|A0A6I8NV72_ORNAN	Ornithorhynchus anatinus	vertebrate	proteome	high	0.7645	716	include
cav	A0A6I8NVA2__Ornana	tr|A0A6I8NVA2|A0A6I8NVA2_ORNAN	Ornithorhynchus anatinus	vertebrate	proteome	high	0.9563	2322	include
catsper	A0A6I8NVB3__Ornana	tr|A0A6I8NVB3|A0A6I8NVB3_ORNAN	Ornithorhynchus anatinus	vertebrate	proteome	high	0.5113	403	include
gabaa	A0A6I8NVG1__Ornana	tr|A0A6I8NVG1|A0A6I8NVG1_ORNAN	Ornithorhynchus anatinus	vertebrate	proteome	high	0.9803	456	include
kir	A0A6I8NVL3__Ornana	tr|A0A6I8NVL3|A0A6I8NVL3_ORNAN	Ornithorhynchus anatinus	vertebrate	proteome	high	0.8533	496	include
trpm	A0A6I8NW21__Ornana	tr|A0A6I8NW21|A0A6I8NW21_ORNAN	Ornithorhynchus anatinus	vertebrate	proteome	high	0.8383	1566	include
ano_channel	A0A6I8NW65__Ornana	tr|A0A6I8NW65|A0A6I8NW65_ORNAN	Ornithorhynchus anatinus	vertebrate	proteome	high	0.9169	1003	include
vdac	A0A6I8NWU7__Ornana	tr|A0A6I8NWU7|A0A6I8NWU7_ORNAN	Ornithorhynchus anatinus	vertebrate	proteome	high	0.9892	377	include
kv_modifier	A0A6I8NY67__Ornana	tr|A0A6I8NY67|A0A6I8NY67_ORNAN	Ornithorhynchus anatinus	vertebrate	proteome	high	0.8945	532	include
p2x	A0A6I8NY76__Ornana	tr|A0A6I8NY76|A0A6I8NY76_ORNAN	Ornithorhynchus anatinus	vertebrate	proteome	high	0.8706	382	include
nachr	A0A6I8NYE0__Ornana	tr|A0A6I8NYE0|A0A6I8NYE0_ORNAN	Ornithorhynchus anatinus	vertebrate	proteome	high	0.8199	491	include
trpp	A0A6I8NZ03__Ornana	tr|A0A6I8NZ03|A0A6I8NZ03_ORNAN	Ornithorhynchus anatinus	vertebrate	proteome	high	0.9331	777	include
gabaa	A0A6I8NZ36__Ornana	tr|A0A6I8NZ36|A0A6I8NZ36_ORNAN	Ornithorhynchus anatinus	vertebrate	proteome	high	0.9211	420	include
asic	A0A6I8NZ37__Ornana	tr|A0A6I8NZ37|A0A6I8NZ37_ORNAN	Ornithorhynchus anatinus	vertebrate	proteome	high	0.8522	538	include
glyr	A0A6I8NZ50__Ornana	tr|A0A6I8NZ50|A0A6I8NZ50_ORNAN	Ornithorhynchus anatinus	vertebrate	proteome	high	0.9632	460	include
otop	A0A6I8NZ53__Ornana	tr|A0A6I8NZ53|A0A6I8NZ53_ORNAN	Ornithorhynchus anatinus	vertebrate	proteome	high	0.7935	777	include
kv_shaker	A0A6I8NZE6__Ornana	tr|A0A6I8NZE6|A0A6I8NZE6_ORNAN	Ornithorhynchus anatinus	vertebrate	proteome	high	0.9293	638	include
k2p	A0A6I8NZL1__Ornana	tr|A0A6I8NZL1|A0A6I8NZL1_ORNAN	Ornithorhynchus anatinus	vertebrate	proteome	high	0.6841	303	include
hcn	A0A6I8NZZ3__Ornana	tr|A0A6I8NZZ3|A0A6I8NZZ3_ORNAN	Ornithorhynchus anatinus	vertebrate	proteome	high	0.8592	879	include
trpv	A0A6I8P008__Ornana	tr|A0A6I8P008|A0A6I8P008_ORNAN	Ornithorhynchus anatinus	vertebrate	proteome	high	0.8804	738	include
trpm	A0A6I8P031__Ornana	tr|A0A6I8P031|A0A6I8P031_ORNAN	Ornithorhynchus anatinus	vertebrate	proteome	medium	0.4351		profile_medium
kv_eag	A0A6I8P0F5__Ornana	tr|A0A6I8P0F5|A0A6I8P0F5_ORNAN	Ornithorhynchus anatinus	vertebrate	proteome	high	0.997	1113	include
nachr	A0A6I8P0M6__Ornana	tr|A0A6I8P0M6|A0A6I8P0M6_ORNAN	Ornithorhynchus anatinus	vertebrate	proteome	high	0.677	451	include
ano_channel	A0A6I8P0Q9__Ornana	tr|A0A6I8P0Q9|A0A6I8P0Q9_ORNAN	Ornithorhynchus anatinus	vertebrate	proteome	high	0.9932	1070	include
kv_eag	A0A6I8P0S3__Ornana	tr|A0A6I8P0S3|A0A6I8P0S3_ORNAN	Ornithorhynchus anatinus	vertebrate	proteome	high	0.998	1052	include
nachr	A0A6I8P1P1__Ornana	tr|A0A6I8P1P1|A0A6I8P1P1_ORNAN	Ornithorhynchus anatinus	vertebrate	proteome	high	0.9772	526	include
k2p	A0A6I8P1W2__Ornana	tr|A0A6I8P1W2|A0A6I8P1W2_ORNAN	Ornithorhynchus anatinus	vertebrate	proteome	high	0.9403	475	include
asic	A0A6I8P2B0__Ornana	tr|A0A6I8P2B0|A0A6I8P2B0_ORNAN	Ornithorhynchus anatinus	vertebrate	proteome	high	1.0	526	include
kca_sk	A0A6I8P338__Ornana	tr|A0A6I8P338|A0A6I8P338_ORNAN	Ornithorhynchus anatinus	vertebrate	proteome	high	0.7813	667	include
trpm	A0A6I8P3C3__Ornana	tr|A0A6I8P3C3|A0A6I8P3C3_ORNAN	Ornithorhynchus anatinus	vertebrate	proteome	high	0.6133	1161	include
kainate	A0A6I8P458__Ornana	tr|A0A6I8P458|A0A6I8P458_ORNAN	Ornithorhynchus anatinus	vertebrate	proteome	high	0.9923	908	include
calhm	A0A6I8P4A6__Ornana	tr|A0A6I8P4A6|A0A6I8P4A6_ORNAN	Ornithorhynchus anatinus	vertebrate	proteome	medium	0.3133		profile_medium
orai	A0A6I8P586__Ornana	tr|A0A6I8P586|A0A6I8P586_ORNAN	Ornithorhynchus anatinus	vertebrate	proteome	high	0.8778	256	include
clc_channel	A0A6I8P592__Ornana	tr|A0A6I8P592|A0A6I8P592_ORNAN	Ornithorhynchus anatinus	vertebrate	proteome	high	0.9864	997	include
gabaa	A0A6I8P5X7__Ornana	tr|A0A6I8P5X7|A0A6I8P5X7_ORNAN	Ornithorhynchus anatinus	vertebrate	proteome	high	0.943	742	include
nmda	A0A6I8P641__Ornana	tr|A0A6I8P641|A0A6I8P641_ORNAN	Ornithorhynchus anatinus	vertebrate	proteome	high	0.9957	1504	include
cav	A0A6I8P675__Ornana	tr|A0A6I8P675|A0A6I8P675_ORNAN	Ornithorhynchus anatinus	vertebrate	proteome	high	0.7607	2612	include
kir	A0A6I8P6X4__Ornana	tr|A0A6I8P6X4|A0A6I8P6X4_ORNAN	Ornithorhynchus anatinus	vertebrate	proteome	high	0.7653	467	include
asic	A0A6I8P748__Ornana	tr|A0A6I8P748|A0A6I8P748_ORNAN	Ornithorhynchus anatinus	vertebrate	proteome	high	1.0	518	include
calhm	A0A6I8P834__Ornana	tr|A0A6I8P834|A0A6I8P834_ORNAN	Ornithorhynchus anatinus	vertebrate	proteome	high	0.981	323	include
bestrophin	A0A6I8P982__Ornana	tr|A0A6I8P982|A0A6I8P982_ORNAN	Ornithorhynchus anatinus	vertebrate	proteome	high	0.8463	481	include
cng	A0A6I8P9C4__Ornana	tr|A0A6I8P9C4|A0A6I8P9C4_ORNAN	Ornithorhynchus anatinus	vertebrate	proteome	high	0.8741	862	include
cav	A0A6I8P9C5__Ornana	tr|A0A6I8P9C5|A0A6I8P9C5_ORNAN	Ornithorhynchus anatinus	vertebrate	proteome	high	0.7704	1950	include
osca_tmem63	A0A6I8PA24__Ornana	tr|A0A6I8PA24|A0A6I8PA24_ORNAN	Ornithorhynchus anatinus	vertebrate	proteome	high	0.9321	849	include
enac	A0A6I8PB29__Ornana	tr|A0A6I8PB29|A0A6I8PB29_ORNAN	Ornithorhynchus anatinus	vertebrate	proteome	high	0.9674	655	include
gabaa	A0A6I8PC27__Ornana	tr|A0A6I8PC27|A0A6I8PC27_ORNAN	Ornithorhynchus anatinus	vertebrate	proteome	high	0.9803	505	include
bestrophin	A0A6I8PD04__Ornana	tr|A0A6I8PD04|A0A6I8PD04_ORNAN	Ornithorhynchus anatinus	vertebrate	proteome	high	0.7723	503	include
gabaa	A0A6I8PD29__Ornana	tr|A0A6I8PD29|A0A6I8PD29_ORNAN	Ornithorhynchus anatinus	vertebrate	proteome	high	0.9123	452	include
trpn	A0A6I8PDQ6__Ornana	tr|A0A6I8PDQ6|A0A6I8PDQ6_ORNAN	Ornithorhynchus anatinus	vertebrate	proteome	medium	0.3418		profile_medium
ryr	A0A6I8PDZ5__Ornana	tr|A0A6I8PDZ5|A0A6I8PDZ5_ORNAN	Ornithorhynchus anatinus	vertebrate	proteome	high	0.997	4885	include
catsper	A0A6I8PE26__Ornana	tr|A0A6I8PE26|A0A6I8PE26_ORNAN	Ornithorhynchus anatinus	vertebrate	proteome	medium	0.4723		profile_medium
nmda	A0A6I8PEY9__Ornana	tr|A0A6I8PEY9|A0A6I8PEY9_ORNAN	Ornithorhynchus anatinus	vertebrate	proteome	high	0.8022	1195	include
gabaa	A0A6I8PGF4__Ornana	tr|A0A6I8PGF4|A0A6I8PGF4_ORNAN	Ornithorhynchus anatinus	vertebrate	proteome	high	0.9518	455	include
ryr	A0A6I8PHX0__Ornana	tr|A0A6I8PHX0|A0A6I8PHX0_ORNAN	Ornithorhynchus anatinus	vertebrate	proteome	high	0.9964	5024	include
gabaa	A0A6I8PI29__Ornana	tr|A0A6I8PI29|A0A6I8PI29_ORNAN	Ornithorhynchus anatinus	vertebrate	proteome	high	0.9693	477	include
kv_shaker	A0A6I8PI45__Ornana	tr|A0A6I8PI45|A0A6I8PI45_ORNAN	Ornithorhynchus anatinus	vertebrate	proteome	medium	0.9167		profile_medium
tpc	A0A6I8PJ64__Ornana	tr|A0A6I8PJ64|A0A6I8PJ64_ORNAN	Ornithorhynchus anatinus	vertebrate	proteome	high	0.945	833	include
kir	A0A6I8PKR7__Ornana	tr|A0A6I8PKR7|A0A6I8PKR7_ORNAN	Ornithorhynchus anatinus	vertebrate	proteome	high	0.8215	415	include
ht3	A0A6I8PKU9__Xentro	tr|A0A6I8PKU9|A0A6I8PKU9_XENTR	Xenopus tropicalis	vertebrate	proteome	high	0.9161	456	include
clc_channel	A0A6I8PMR2__Ornana	tr|A0A6I8PMR2|A0A6I8PMR2_ORNAN	Ornithorhynchus anatinus	vertebrate	proteome	high	0.9943	903	include
cav	A0A6I8PN25__Ornana	tr|A0A6I8PN25|A0A6I8PN25_ORNAN	Ornithorhynchus anatinus	vertebrate	proteome	high	0.9974	2510	include
cng	A0A6I8PNK9__Xentro	tr|A0A6I8PNK9|A0A6I8PNK9_XENTR	Xenopus tropicalis	vertebrate	proteome	high	0.9364	675	include
p2x	A0A6I8PNR0__Ornana	tr|A0A6I8PNR0|A0A6I8PNR0_ORNAN	Ornithorhynchus anatinus	vertebrate	proteome	high	0.9271	401	include
kv_shaker	A0A6I8PNU5__Ornana	tr|A0A6I8PNU5|A0A6I8PNU5_ORNAN	Ornithorhynchus anatinus	vertebrate	proteome	high	0.8768	662	include
connexin	A0A6I8PPK9__Ornana	tr|A0A6I8PPK9|A0A6I8PPK9_ORNAN	Ornithorhynchus anatinus	vertebrate	proteome	high	0.7621	330	include
calhm	A0A6I8PQI6__Xentro	tr|A0A6I8PQI6|A0A6I8PQI6_XENTR	Xenopus tropicalis	vertebrate	proteome	high	0.9241	337	include
kv_modifier	A0A6I8PSS9__Xentro	tr|A0A6I8PSS9|A0A6I8PSS9_XENTR	Xenopus tropicalis	vertebrate	proteome	medium	0.9494		profile_medium
kv_shaker	A0A6I8PTR3__Xentro	tr|A0A6I8PTR3|A0A6I8PTR3_XENTR	Xenopus tropicalis	vertebrate	proteome	high	0.9112	598	include
kir	A0A6I8PTT1__Xentro	tr|A0A6I8PTT1|A0A6I8PTT1_XENTR	Xenopus tropicalis	vertebrate	proteome	high	0.9022	440	include
nachr	A0A6I8PUN8__Xentro	tr|A0A6I8PUN8|A0A6I8PUN8_XENTR	Xenopus tropicalis	vertebrate	proteome	high	0.9689	498	include
nmda	A0A6I8PVN6__Xentro	tr|A0A6I8PVN6|A0A6I8PVN6_XENTR	Xenopus tropicalis	vertebrate	proteome	high	0.7749	1005	include
calhm	A0A6I8PWT6__Xentro	tr|A0A6I8PWT6|A0A6I8PWT6_XENTR	Xenopus tropicalis	vertebrate	proteome	high	0.9557	320	include
kv_shaker	A0A6I8PXE5__Xentro	tr|A0A6I8PXE5|A0A6I8PXE5_XENTR	Xenopus tropicalis	vertebrate	proteome	high	0.962	627	include
calhm	A0A6I8PXK7__Xentro	tr|A0A6I8PXK7|A0A6I8PXK7_XENTR	Xenopus tropicalis	vertebrate	proteome	high	0.9177	323	include
lrrc8	A0A6I8PZH3__Xentro	tr|A0A6I8PZH3|A0A6I8PZH3_XENTR	Xenopus tropicalis	vertebrate	proteome	high	0.9988	796	include
trpp	A0A6I8Q1J1__Xentro	tr|A0A6I8Q1J1|A0A6I8Q1J1_XENTR	Xenopus tropicalis	vertebrate	proteome	high	0.9802	947	include
trpp	A0A6I8Q340__Xentro	tr|A0A6I8Q340|A0A6I8Q340_XENTR	Xenopus tropicalis	vertebrate	proteome	high	0.9851	832	include
connexin	A0A6I8Q3Z5__Xentro	tr|A0A6I8Q3Z5|A0A6I8Q3Z5_XENTR	Xenopus tropicalis	vertebrate	proteome	high	0.7653	267	include
kv_shaker	A0A6I8Q6M4__Xentro	tr|A0A6I8Q6M4|A0A6I8Q6M4_XENTR	Xenopus tropicalis	vertebrate	proteome	high	0.8225	688	include
gabaa	A0A6I8QDI1__Xentro	tr|A0A6I8QDI1|A0A6I8QDI1_XENTR	Xenopus tropicalis	vertebrate	proteome	high	0.9803	454	include
kv_eag	A0A6I8QED4__Xentro	tr|A0A6I8QED4|A0A6I8QED4_XENTR	Xenopus tropicalis	vertebrate	proteome	high	0.9492	1074	include
cng	A0A6I8QFI8__Xentro	tr|A0A6I8QFI8|A0A6I8QFI8_XENTR	Xenopus tropicalis	vertebrate	proteome	high	0.9378	708	include
nmda	A0A6I8QFJ2__Xentro	tr|A0A6I8QFJ2|A0A6I8QFJ2_XENTR	Xenopus tropicalis	vertebrate	proteome	high	0.9864	1449	include
kca_sk	A0A6I8QL32__Xentro	tr|A0A6I8QL32|A0A6I8QL32_XENTR	Xenopus tropicalis	vertebrate	proteome	high	0.6561	474	include
osca_tmem63	A0A6I8QNW6__Xentro	tr|A0A6I8QNW6|A0A6I8QNW6_XENTR	Xenopus tropicalis	vertebrate	proteome	high	0.9459	812	include
trpn	A0A6I8QRV3__Xentro	tr|A0A6I8QRV3|A0A6I8QRV3_XENTR	Xenopus tropicalis	vertebrate	proteome	medium	0.4376		profile_medium
lrrc8	A0A6I8QRX6__Xentro	tr|A0A6I8QRX6|A0A6I8QRX6_XENTR	Xenopus tropicalis	vertebrate	proteome	high	0.9963	779	include
kir	A0A6I8QVL8__Xentro	tr|A0A6I8QVL8|A0A6I8QVL8_XENTR	Xenopus tropicalis	vertebrate	proteome	high	0.8631	603	include
cav	A0A6I8QW04__Xentro	tr|A0A6I8QW04|A0A6I8QW04_XENTR	Xenopus tropicalis	vertebrate	proteome	high	0.868	1689	include
kv_eag	A0A6I8QYF8__Xentro	tr|A0A6I8QYF8|A0A6I8QYF8_XENTR	Xenopus tropicalis	vertebrate	proteome	high	0.9212	988	include
kv_modifier	A0A6I8QYF9__Xentro	tr|A0A6I8QYF9|A0A6I8QYF9_XENTR	Xenopus tropicalis	vertebrate	proteome	high	0.8713	431	include
trpm	A0A6I8QZK1__Xentro	tr|A0A6I8QZK1|A0A6I8QZK1_XENTR	Xenopus tropicalis	vertebrate	proteome	high	0.8918	1702	include
ht3	A0A6I8R1L1__Xentro	tr|A0A6I8R1L1|A0A6I8R1L1_XENTR	Xenopus tropicalis	vertebrate	proteome	medium	0.8852		profile_medium
asic	A0A6I8R312__Xentro	tr|A0A6I8R312|A0A6I8R312_XENTR	Xenopus tropicalis	vertebrate	proteome	high	1.0	525	include
enac	A0A6I8R4H5__Xentro	tr|A0A6I8R4H5|A0A6I8R4H5_XENTR	Xenopus tropicalis	vertebrate	proteome	medium	0.6915		profile_medium
trpm	A0A6I8R8S4__Xentro	tr|A0A6I8R8S4|A0A6I8R8S4_XENTR	Xenopus tropicalis	vertebrate	proteome	high	0.9829	1890	include
connexin	A0A6I8R8Z4__Xentro	tr|A0A6I8R8Z4|A0A6I8R8Z4_XENTR	Xenopus tropicalis	vertebrate	proteome	high	0.8232	520	include
nalcn	A0A6I8RAR9__Xentro	tr|A0A6I8RAR9|A0A6I8RAR9_XENTR	Xenopus tropicalis	vertebrate	proteome	high	1.0	1736	include
k2p	A0A6I8RBB8__Xentro	tr|A0A6I8RBB8|A0A6I8RBB8_XENTR	Xenopus tropicalis	vertebrate	proteome	high	0.8507	473	include
kainate	A0A6I8RC42__Xentro	tr|A0A6I8RC42|A0A6I8RC42_XENTR	Xenopus tropicalis	vertebrate	proteome	high	0.9802	962	include
itpr	A0A6I8RGU0__Xentro	tr|A0A6I8RGU0|A0A6I8RGU0_XENTR	Xenopus tropicalis	vertebrate	proteome	high	0.9993	2705	include
cftr	A0A6I8RH73__Xentro	tr|A0A6I8RH73|A0A6I8RH73_XENTR	Xenopus tropicalis	vertebrate	proteome	high	1.0	1485	include
kainate	A0A6I8RI88__Xentro	tr|A0A6I8RI88|A0A6I8RI88_XENTR	Xenopus tropicalis	vertebrate	proteome	high	0.9967	919	include
kv_kcnq	A0A6I8RJI0__Xentro	tr|A0A6I8RJI0|A0A6I8RJI0_XENTR	Xenopus tropicalis	vertebrate	proteome	high	0.964	908	include
trpn	A0A6I8RQW0__Xentro	tr|A0A6I8RQW0|A0A6I8RQW0_XENTR	Xenopus tropicalis	vertebrate	proteome	high	0.8038	1640	include
trpv	A0A6I8RQZ3__Xentro	tr|A0A6I8RQZ3|A0A6I8RQZ3_XENTR	Xenopus tropicalis	vertebrate	proteome	high	0.9778	868	include
k2p	A0A6I8RSF8__Xentro	tr|A0A6I8RSF8|A0A6I8RSF8_XENTR	Xenopus tropicalis	vertebrate	proteome	high	0.7015	293	include
otop	A0A6I8RVN2__Xentro	tr|A0A6I8RVN2|A0A6I8RVN2_XENTR	Xenopus tropicalis	vertebrate	proteome	high	0.9329	570	include
kv_shaker	A0A6I8RVY9__Xentro	tr|A0A6I8RVY9|A0A6I8RVY9_XENTR	Xenopus tropicalis	vertebrate	proteome	high	0.8587	616	include
p2x	A0A6I8RW96__Xentro	tr|A0A6I8RW96|A0A6I8RW96_XENTR	Xenopus tropicalis	vertebrate	proteome	high	0.9318	421	include
nachr	A0A6I8RWF1__Xentro	tr|A0A6I8RWF1|A0A6I8RWF1_XENTR	Xenopus tropicalis	vertebrate	proteome	high	0.9772	481	include
cav	A0A6I8RY91__Xentro	tr|A0A6I8RY91|A0A6I8RY91_XENTR	Xenopus tropicalis	vertebrate	proteome	high	0.9969	2393	include
kainate	A0A6I8RZM4__Xentro	tr|A0A6I8RZM4|A0A6I8RZM4_XENTR	Xenopus tropicalis	vertebrate	proteome	high	0.9451	995	include
enac	A0A6I8S1S4__Xentro	tr|A0A6I8S1S4|A0A6I8S1S4_XENTR	Xenopus tropicalis	vertebrate	proteome	high	0.9845	662	include
tpc	A0A6I8S6D1__Xentro	tr|A0A6I8S6D1|A0A6I8S6D1_XENTR	Xenopus tropicalis	vertebrate	proteome	high	0.877	779	include
kv_kcnq	A0A6I8S7B1__Xentro	tr|A0A6I8S7B1|A0A6I8S7B1_XENTR	Xenopus tropicalis	vertebrate	proteome	high	0.9805	659	include
gabaa	A0A6I8S9D3__Xentro	tr|A0A6I8S9D3|A0A6I8S9D3_XENTR	Xenopus tropicalis	vertebrate	proteome	high	0.9518	505	include
otop	A0A6I8S9L3__Xentro	tr|A0A6I8S9L3|A0A6I8S9L3_XENTR	Xenopus tropicalis	vertebrate	proteome	high	0.9139	588	include
trpv	A0A6I8SB07__Xentro	tr|A0A6I8SB07|A0A6I8SB07_XENTR	Xenopus tropicalis	vertebrate	proteome	high	0.8039	639	include
trpv	A0A6I8SB12__Xentro	tr|A0A6I8SB12|A0A6I8SB12_XENTR	Xenopus tropicalis	vertebrate	proteome	high	0.8446	846	include
kv_eag	A0A6I8SDD4__Xentro	tr|A0A6I8SDD4|A0A6I8SDD4_XENTR	Xenopus tropicalis	vertebrate	proteome	high	0.9531	1114	include
p2x	A0A6I8SDW5__Xentro	tr|A0A6I8SDW5|A0A6I8SDW5_XENTR	Xenopus tropicalis	vertebrate	proteome	high	0.8847	402	include
calhm	A0A6I8SE41__Xentro	tr|A0A6I8SE41|A0A6I8SE41_XENTR	Xenopus tropicalis	vertebrate	proteome	high	0.9399	319	include
kainate	A0A6I8SEA9__Xentro	tr|A0A6I8SEA9|A0A6I8SEA9_XENTR	Xenopus tropicalis	vertebrate	proteome	high	0.9923	913	include
kv_eag	A0A6I8SFD4__Xentro	tr|A0A6I8SFD4|A0A6I8SFD4_XENTR	Xenopus tropicalis	vertebrate	proteome	high	0.998	1063	include
kv_eag	A0A6I8SHB6__Xentro	tr|A0A6I8SHB6|A0A6I8SHB6_XENTR	Xenopus tropicalis	vertebrate	proteome	high	0.7079	950	include
trpc	A0A6I8SHG4__Xentro	tr|A0A6I8SHG4|A0A6I8SHG4_XENTR	Xenopus tropicalis	vertebrate	proteome	high	0.8721	896	include
p2x	A0A6I8SK99__Xentro	tr|A0A6I8SK99|A0A6I8SK99_XENTR	Xenopus tropicalis	vertebrate	proteome	high	0.8918	412	include
nachr	A0A6I8SMR3__Xentro	tr|A0A6I8SMR3|A0A6I8SMR3_XENTR	Xenopus tropicalis	vertebrate	proteome	high	0.8592	476	include
gabaa	A0A6I8SN29__Xentro	tr|A0A6I8SN29|A0A6I8SN29_XENTR	Xenopus tropicalis	vertebrate	proteome	high	0.6908	383	include
otop	A0A6I8STU2__Xentro	tr|A0A6I8STU2|A0A6I8STU2_XENTR	Xenopus tropicalis	vertebrate	proteome	high	0.9105	610	include
connexin	A0A6I8SV26__Xentro	tr|A0A6I8SV26|A0A6I8SV26_XENTR	Xenopus tropicalis	vertebrate	proteome	medium	0.3183		profile_medium
nachr	A0A6I8SYB1__Xentro	tr|A0A6I8SYB1|A0A6I8SYB1_XENTR	Xenopus tropicalis	vertebrate	proteome	high	0.9689	488	include
k2p	A0A6I8T1D7__Xentro	tr|A0A6I8T1D7|A0A6I8T1D7_XENTR	Xenopus tropicalis	vertebrate	proteome	high	0.8159	411	include
nachr	A0A6I8T284__Xentro	tr|A0A6I8T284|A0A6I8T284_XENTR	Xenopus tropicalis	vertebrate	proteome	high	0.9648	510	include
trpv	A0A6I8T2G1__Xentro	tr|A0A6I8T2G1|A0A6I8T2G1_XENTR	Xenopus tropicalis	vertebrate	proteome	high	0.9704	858	include
clc_channel	A0A7D9NJN3__Xentro	tr|A0A7D9NJN3|A0A7D9NJN3_XENTR	Xenopus tropicalis	vertebrate	proteome	high	0.9444	942	include
trpv	A0A7D9NJV4__Xentro	tr|A0A7D9NJV4|A0A7D9NJV4_XENTR	Xenopus tropicalis	vertebrate	proteome	high	0.8323	1014	include
tpc	A0A7D9NKP3__Ornana	tr|A0A7D9NKP3|A0A7D9NKP3_ORNAN	Ornithorhynchus anatinus	vertebrate	proteome	high	0.8573	761	include
nachr	A0A7D9NLQ4__Xentro	tr|A0A7D9NLQ4|A0A7D9NLQ4_XENTR	Xenopus tropicalis	vertebrate	proteome	high	0.9752	504	include
kv_shaker	A0A7D9NM73__Xentro	tr|A0A7D9NM73|A0A7D9NM73_XENTR	Xenopus tropicalis	vertebrate	proteome	high	0.817	526	include
gabaa	A0A7D9NMA9__Xentro	tr|A0A7D9NMA9|A0A7D9NMA9_XENTR	Xenopus tropicalis	vertebrate	proteome	high	0.9539	455	include
kir	A0A7I3Z5Z2__Phypat	tr|A0A7I3Z5Z2|A0A7I3Z5Z2_PHYPA	Physcomitrium patens	plant	proteome	high	0.7946	485	include
mscs	A0A7I4A3G0__Phypat	tr|A0A7I4A3G0|A0A7I4A3G0_PHYPA	Physcomitrium patens	plant	proteome	high	0.712	835	include
lrrc8	A0A7I4A928__Phypat	tr|A0A7I4A928|A0A7I4A928_PHYPA	Physcomitrium patens	plant	proteome	medium	0.3661		profile_medium
tpc	A0A7I4BW18__Phypat	tr|A0A7I4BW18|A0A7I4BW18_PHYPA	Physcomitrium patens	plant	proteome	high	0.8717	764	include
tpc	A0A7I4C695__Phypat	tr|A0A7I4C695|A0A7I4C695_PHYPA	Physcomitrium patens	plant	proteome	high	0.9293	752	include
hv1	A0A7I4D9H7__Phypat	tr|A0A7I4D9H7|A0A7I4D9H7_PHYPA	Physcomitrium patens	plant	proteome	medium	0.4549		profile_medium
tpc	A0A7I4F4W7__Phypat	tr|A0A7I4F4W7|A0A7I4F4W7_PHYPA	Physcomitrium patens	plant	proteome	high	0.873	759	include
mscs	A0A7I4F5F5__Phypat	tr|A0A7I4F5F5|A0A7I4F5F5_PHYPA	Physcomitrium patens	plant	proteome	high	0.5665	362	include
osca_tmem63	A0A7I4FBZ1__Phypat	tr|A0A7I4FBZ1|A0A7I4FBZ1_PHYPA	Physcomitrium patens	plant	proteome	high	0.9384	875	include
kv_eag	A0A7I4FKJ1__Phypat	tr|A0A7I4FKJ1|A0A7I4FKJ1_PHYPA	Physcomitrium patens	plant	proteome	medium	0.3938		profile_medium
piezo	A0A7I4FVL7__Phypat	tr|A0A7I4FVL7|A0A7I4FVL7_PHYPA	Physcomitrium patens	plant	proteome	medium	0.4031		profile_medium
hcn	A0A7M6UEQ6__Strpur	tr|A0A7M6UEQ6|A0A7M6UEQ6_STRPU	Strongylocentrotus purpuratus	deuterostome	proteome	medium	0.4819		profile_medium
hcn	A0A7M6UNH6__Strpur	tr|A0A7M6UNH6|A0A7M6UNH6_STRPU	Strongylocentrotus purpuratus	deuterostome	proteome	high	0.523	767	include
tpc	A0A7M6URD4__Strpur	tr|A0A7M6URD4|A0A7M6URD4_STRPU	Strongylocentrotus purpuratus	deuterostome	proteome	high	0.9123	798	include
cng	A0A7M6UUI1__Strpur	tr|A0A7M6UUI1|A0A7M6UUI1_STRPU	Strongylocentrotus purpuratus	deuterostome	proteome	medium	0.8359		profile_medium
tpc	A0A7M6UWQ5__Strpur	tr|A0A7M6UWQ5|A0A7M6UWQ5_STRPU	Strongylocentrotus purpuratus	deuterostome	proteome	high	0.8678	881	include
tpc	A0A7M6W5L7__Strpur	tr|A0A7M6W5L7|A0A7M6W5L7_STRPU	Strongylocentrotus purpuratus	deuterostome	proteome	high	0.9018	840	include
cav	A0A7M6W896__Strpur	tr|A0A7M6W896|A0A7M6W896_STRPU	Strongylocentrotus purpuratus	deuterostome	proteome	high	0.9219	2212	include
k2p	A0A7M7G309__Strpur	tr|A0A7M7G309|A0A7M7G309_STRPU	Strongylocentrotus purpuratus	deuterostome	proteome	high	0.6393	527	include
nachr	A0A7M7G9T9__Strpur	tr|A0A7M7G9T9|A0A7M7G9T9_STRPU	Strongylocentrotus purpuratus	deuterostome	proteome	high	0.9565	477	include
enac	A0A7M7GA14__Strpur	tr|A0A7M7GA14|A0A7M7GA14_STRPU	Strongylocentrotus purpuratus	deuterostome	proteome	medium	0.6357		profile_medium
asic	A0A7M7GFX4__Strpur	tr|A0A7M7GFX4|A0A7M7GFX4_STRPU	Strongylocentrotus purpuratus	deuterostome	proteome	high	0.8196	523	include
k2p	A0A7M7GGT9__Strpur	tr|A0A7M7GGT9|A0A7M7GGT9_STRPU	Strongylocentrotus purpuratus	deuterostome	proteome	high	0.6294	759	include
nachr	A0A7M7GGV0__Strpur	tr|A0A7M7GGV0|A0A7M7GGV0_STRPU	Strongylocentrotus purpuratus	deuterostome	proteome	high	0.9337	521	include
k2p	A0A7M7GGY1__Strpur	tr|A0A7M7GGY1|A0A7M7GGY1_STRPU	Strongylocentrotus purpuratus	deuterostome	proteome	high	0.7189	406	include
tric	A0A7M7GI48__Strpur	tr|A0A7M7GI48|A0A7M7GI48_STRPU	Strongylocentrotus purpuratus	deuterostome	proteome	high	0.8814	279	include
nachr	A0A7M7GIA0__Strpur	tr|A0A7M7GIA0|A0A7M7GIA0_STRPU	Strongylocentrotus purpuratus	deuterostome	proteome	high	0.9193	480	include
ampa	A0A7M7GJJ8__Strpur	tr|A0A7M7GJJ8|A0A7M7GJJ8_STRPU	Strongylocentrotus purpuratus	deuterostome	proteome	medium	0.7816		profile_medium
nachr	A0A7M7GKV1__Strpur	tr|A0A7M7GKV1|A0A7M7GKV1_STRPU	Strongylocentrotus purpuratus	deuterostome	proteome	high	0.9503	516	include
trpc	A0A7M7GKZ9__Strpur	tr|A0A7M7GKZ9|A0A7M7GKZ9_STRPU	Strongylocentrotus purpuratus	deuterostome	proteome	high	0.7297	795	include
trpc	A0A7M7HDZ7__Strpur	tr|A0A7M7HDZ7|A0A7M7HDZ7_STRPU	Strongylocentrotus purpuratus	deuterostome	proteome	high	0.881	970	include
enac	A0A7M7HF55__Strpur	tr|A0A7M7HF55|A0A7M7HF55_STRPU	Strongylocentrotus purpuratus	deuterostome	proteome	medium	0.6884		profile_medium
gabaa	A0A7M7HFZ6__Strpur	tr|A0A7M7HFZ6|A0A7M7HFZ6_STRPU	Strongylocentrotus purpuratus	deuterostome	proteome	high	0.9583	507	include
nachr	A0A7M7HHR2__Strpur	tr|A0A7M7HHR2|A0A7M7HHR2_STRPU	Strongylocentrotus purpuratus	deuterostome	proteome	medium	0.4617		profile_medium
otop	A0A7M7HJE1__Strpur	tr|A0A7M7HJE1|A0A7M7HJE1_STRPU	Strongylocentrotus purpuratus	deuterostome	proteome	high	0.7418	713	include
nachr	A0A7M7HJL6__Strpur	tr|A0A7M7HJL6|A0A7M7HJL6_STRPU	Strongylocentrotus purpuratus	deuterostome	proteome	high	0.8592	446	include
k2p	A0A7M7HJU6__Strpur	tr|A0A7M7HJU6|A0A7M7HJU6_STRPU	Strongylocentrotus purpuratus	deuterostome	proteome	high	0.7687	433	include
trpm	A0A7M7HJW5__Strpur	tr|A0A7M7HJW5|A0A7M7HJW5_STRPU	Strongylocentrotus purpuratus	deuterostome	proteome	high	0.6219	1290	include
enac	A0A7M7HK48__Strpur	tr|A0A7M7HK48|A0A7M7HK48_STRPU	Strongylocentrotus purpuratus	deuterostome	proteome	medium	0.6372		profile_medium
nachr	A0A7M7HKI2__Strpur	tr|A0A7M7HKI2|A0A7M7HKI2_STRPU	Strongylocentrotus purpuratus	deuterostome	proteome	high	0.5528	381	include
trpc	A0A7M7HKX2__Strpur	tr|A0A7M7HKX2|A0A7M7HKX2_STRPU	Strongylocentrotus purpuratus	deuterostome	proteome	high	0.8832	1025	include
nachr	A0A7M7HL26__Strpur	tr|A0A7M7HL26|A0A7M7HL26_STRPU	Strongylocentrotus purpuratus	deuterostome	proteome	medium	0.4617		profile_medium
nachr	A0A7M7HLJ4__Strpur	tr|A0A7M7HLJ4|A0A7M7HLJ4_STRPU	Strongylocentrotus purpuratus	deuterostome	proteome	high	0.9524	505	include
enac	A0A7M7HLK0__Strpur	tr|A0A7M7HLK0|A0A7M7HLK0_STRPU	Strongylocentrotus purpuratus	deuterostome	proteome	medium	0.386		profile_medium
kv_shaker	A0A7M7HLZ1__Strpur	tr|A0A7M7HLZ1|A0A7M7HLZ1_STRPU	Strongylocentrotus purpuratus	deuterostome	proteome	high	0.8424	567	include
kv_kcnq	A0A7M7HM08__Strpur	tr|A0A7M7HM08|A0A7M7HM08_STRPU	Strongylocentrotus purpuratus	deuterostome	proteome	high	0.8799	818	include
nachr	A0A7M7HNG3__Strpur	tr|A0A7M7HNG3|A0A7M7HNG3_STRPU	Strongylocentrotus purpuratus	deuterostome	proteome	high	0.6646	476	include
cng	A0A7M7HQN7__Strpur	tr|A0A7M7HQN7|A0A7M7HQN7_STRPU	Strongylocentrotus purpuratus	deuterostome	proteome	high	0.8359	859	include
trpa	A0A7M7HR98__Strpur	tr|A0A7M7HR98|A0A7M7HR98_STRPU	Strongylocentrotus purpuratus	deuterostome	proteome	medium	0.3664		profile_medium
trpa	A0A7M7LPA6__Strpur	tr|A0A7M7LPA6|A0A7M7LPA6_STRPU	Strongylocentrotus purpuratus	deuterostome	proteome	high	0.8981	1383	include
kir	A0A7M7LSG3__Strpur	tr|A0A7M7LSG3|A0A7M7LSG3_STRPU	Strongylocentrotus purpuratus	deuterostome	proteome	high	0.846	532	include
k2p	A0A7M7LTM2__Strpur	tr|A0A7M7LTM2|A0A7M7LTM2_STRPU	Strongylocentrotus purpuratus	deuterostome	proteome	high	0.7338	364	include
k2p	A0A7M7LW37__Strpur	tr|A0A7M7LW37|A0A7M7LW37_STRPU	Strongylocentrotus purpuratus	deuterostome	proteome	high	0.6667	465	include
enac	A0A7M7LW68__Strpur	tr|A0A7M7LW68|A0A7M7LW68_STRPU	Strongylocentrotus purpuratus	deuterostome	proteome	medium	0.645		profile_medium
itpr	A0A7M7MY00__Strpur	tr|A0A7M7MY00|A0A7M7MY00_STRPU	Strongylocentrotus purpuratus	deuterostome	proteome	high	0.9967	2820	include
trpm	A0A7M7MY43__Strpur	tr|A0A7M7MY43|A0A7M7MY43_STRPU	Strongylocentrotus purpuratus	deuterostome	proteome	high	0.6378	1368	include
cav	A0A7M7MY86__Strpur	tr|A0A7M7MY86|A0A7M7MY86_STRPU	Strongylocentrotus purpuratus	deuterostome	proteome	high	0.8454	2026	include
trpv	A0A7M7N0U3__Strpur	tr|A0A7M7N0U3|A0A7M7N0U3_STRPU	Strongylocentrotus purpuratus	deuterostome	proteome	high	0.7065	832	include
trpm	A0A7M7N0X8__Strpur	tr|A0A7M7N0X8|A0A7M7N0X8_STRPU	Strongylocentrotus purpuratus	deuterostome	proteome	high	0.6856	1478	include
k2p	A0A7M7N2R7__Strpur	tr|A0A7M7N2R7|A0A7M7N2R7_STRPU	Strongylocentrotus purpuratus	deuterostome	proteome	medium	0.4701		profile_medium
kv_eag	A0A7M7N3U5__Strpur	tr|A0A7M7N3U5|A0A7M7N3U5_STRPU	Strongylocentrotus purpuratus	deuterostome	proteome	high	0.8933	1010	include
nachr	A0A7M7N4C1__Strpur	tr|A0A7M7N4C1|A0A7M7N4C1_STRPU	Strongylocentrotus purpuratus	deuterostome	proteome	high	0.6335	356	include
trpc	A0A7M7N4Z2__Strpur	tr|A0A7M7N4Z2|A0A7M7N4Z2_STRPU	Strongylocentrotus purpuratus	deuterostome	proteome	high	0.8476	1198	include
cng	A0A7M7N5A0__Strpur	tr|A0A7M7N5A0|A0A7M7N5A0_STRPU	Strongylocentrotus purpuratus	deuterostome	proteome	high	0.8402	1315	include
nachr	A0A7M7N5P8__Strpur	tr|A0A7M7N5P8|A0A7M7N5P8_STRPU	Strongylocentrotus purpuratus	deuterostome	proteome	high	0.9772	550	include
nachr	A0A7M7N651__Strpur	tr|A0A7M7N651|A0A7M7N651_STRPU	Strongylocentrotus purpuratus	deuterostome	proteome	high	0.6335	356	include
nachr	A0A7M7N6R5__Strpur	tr|A0A7M7N6R5|A0A7M7N6R5_STRPU	Strongylocentrotus purpuratus	deuterostome	proteome	high	0.6356	356	include
trpm	A0A7M7N7B4__Strpur	tr|A0A7M7N7B4|A0A7M7N7B4_STRPU	Strongylocentrotus purpuratus	deuterostome	proteome	high	0.68	1634	include
catsper	A0A7M7N7C9__Strpur	tr|A0A7M7N7C9|A0A7M7N7C9_STRPU	Strongylocentrotus purpuratus	deuterostome	proteome	high	0.9179	517	include
ampa	A0A7M7N7H8__Strpur	tr|A0A7M7N7H8|A0A7M7N7H8_STRPU	Strongylocentrotus purpuratus	deuterostome	proteome	medium	0.4313		profile_medium
enac	A0A7M7N7N9__Strpur	tr|A0A7M7N7N9|A0A7M7N7N9_STRPU	Strongylocentrotus purpuratus	deuterostome	proteome	medium	0.4062		profile_medium
nachr	A0A7M7N8D6__Strpur	tr|A0A7M7N8D6|A0A7M7N8D6_STRPU	Strongylocentrotus purpuratus	deuterostome	proteome	high	0.9607	477	include
enac	A0A7M7N8K7__Strpur	tr|A0A7M7N8K7|A0A7M7N8K7_STRPU	Strongylocentrotus purpuratus	deuterostome	proteome	medium	0.6419		profile_medium
enac	A0A7M7N8V4__Strpur	tr|A0A7M7N8V4|A0A7M7N8V4_STRPU	Strongylocentrotus purpuratus	deuterostome	proteome	medium	0.3907		profile_medium
nachr	A0A7M7N902__Strpur	tr|A0A7M7N902|A0A7M7N902_STRPU	Strongylocentrotus purpuratus	deuterostome	proteome	high	0.6439	462	include
kca_sk	A0A7M7N904__Strpur	tr|A0A7M7N904|A0A7M7N904_STRPU	Strongylocentrotus purpuratus	deuterostome	proteome	high	0.5721	462	include
hv1	A0A7M7N973__Strpur	tr|A0A7M7N973|A0A7M7N973_STRPU	Strongylocentrotus purpuratus	deuterostome	proteome	high	0.7333	474	include
trpm	A0A7M7N993__Strpur	tr|A0A7M7N993|A0A7M7N993_STRPU	Strongylocentrotus purpuratus	deuterostome	proteome	high	0.68	1251	include
nachr	A0A7M7N995__Strpur	tr|A0A7M7N995|A0A7M7N995_STRPU	Strongylocentrotus purpuratus	deuterostome	proteome	high	0.8054	435	include
tpc	A0A7M7NAA2__Strpur	tr|A0A7M7NAA2|A0A7M7NAA2_STRPU	Strongylocentrotus purpuratus	deuterostome	proteome	high	0.8207	1352	include
trpc	A0A7M7NAW4__Strpur	tr|A0A7M7NAW4|A0A7M7NAW4_STRPU	Strongylocentrotus purpuratus	deuterostome	proteome	high	0.8665	903	include
nachr	A0A7M7NAZ5__Strpur	tr|A0A7M7NAZ5|A0A7M7NAZ5_STRPU	Strongylocentrotus purpuratus	deuterostome	proteome	high	0.9586	477	include
nachr	A0A7M7NB07__Strpur	tr|A0A7M7NB07|A0A7M7NB07_STRPU	Strongylocentrotus purpuratus	deuterostome	proteome	high	0.9627	483	include
kv_eag	A0A7M7NC44__Strpur	tr|A0A7M7NC44|A0A7M7NC44_STRPU	Strongylocentrotus purpuratus	deuterostome	proteome	high	0.8126	948	include
tmem175	A0A7M7ND24__Strpur	tr|A0A7M7ND24|A0A7M7ND24_STRPU	Strongylocentrotus purpuratus	deuterostome	proteome	high	0.8072	580	include
vdac	A0A7M7NDV3__Strpur	tr|A0A7M7NDV3|A0A7M7NDV3_STRPU	Strongylocentrotus purpuratus	deuterostome	proteome	high	0.9964	283	include
trpc	A0A7M7NDV4__Strpur	tr|A0A7M7NDV4|A0A7M7NDV4_STRPU	Strongylocentrotus purpuratus	deuterostome	proteome	high	0.5818	1134	include
trpc	A0A7M7NE40__Strpur	tr|A0A7M7NE40|A0A7M7NE40_STRPU	Strongylocentrotus purpuratus	deuterostome	proteome	high	0.5106	573	include
trpc	A0A7M7NEL3__Strpur	tr|A0A7M7NEL3|A0A7M7NEL3_STRPU	Strongylocentrotus purpuratus	deuterostome	proteome	high	0.8465	1000	include
kca_slo	A0A7M7NFM0__Strpur	tr|A0A7M7NFM0|A0A7M7NFM0_STRPU	Strongylocentrotus purpuratus	deuterostome	proteome	high	0.6636	1084	include
nachr	A0A7M7NFN0__Strpur	tr|A0A7M7NFN0|A0A7M7NFN0_STRPU	Strongylocentrotus purpuratus	deuterostome	proteome	high	0.7557	444	include
enac	A0A7M7NFP2__Strpur	tr|A0A7M7NFP2|A0A7M7NFP2_STRPU	Strongylocentrotus purpuratus	deuterostome	proteome	medium	0.6419		profile_medium
ampa	A0A7M7NFW2__Strpur	tr|A0A7M7NFW2|A0A7M7NFW2_STRPU	Strongylocentrotus purpuratus	deuterostome	proteome	medium	0.9268		profile_medium
catsper	A0A7M7NFY1__Strpur	tr|A0A7M7NFY1|A0A7M7NFY1_STRPU	Strongylocentrotus purpuratus	deuterostome	proteome	high	0.7105	394	include
ampa	A0A7M7NG36__Strpur	tr|A0A7M7NG36|A0A7M7NG36_STRPU	Strongylocentrotus purpuratus	deuterostome	proteome	medium	0.6785		profile_medium
gabaa	A0A7M7NGH4__Strpur	tr|A0A7M7NGH4|A0A7M7NGH4_STRPU	Strongylocentrotus purpuratus	deuterostome	proteome	medium	0.9386		profile_medium
asic	A0A7M7NGI3__Strpur	tr|A0A7M7NGI3|A0A7M7NGI3_STRPU	Strongylocentrotus purpuratus	deuterostome	proteome	medium	0.357		profile_medium
trpc	A0A7M7NGW0__Strpur	tr|A0A7M7NGW0|A0A7M7NGW0_STRPU	Strongylocentrotus purpuratus	deuterostome	proteome	high	0.9121	1150	include
k2p	A0A7M7NHG1__Strpur	tr|A0A7M7NHG1|A0A7M7NHG1_STRPU	Strongylocentrotus purpuratus	deuterostome	proteome	high	0.6891	371	include
trpp	A0A7M7NHS7__Strpur	tr|A0A7M7NHS7|A0A7M7NHS7_STRPU	Strongylocentrotus purpuratus	deuterostome	proteome	high	0.9529	1121	include
asic	A0A7M7NHZ4__Strpur	tr|A0A7M7NHZ4|A0A7M7NHZ4_STRPU	Strongylocentrotus purpuratus	deuterostome	proteome	high	0.8311	507	include
ampa	A0A7M7NI13__Strpur	tr|A0A7M7NI13|A0A7M7NI13_STRPU	Strongylocentrotus purpuratus	deuterostome	proteome	medium	0.9634		profile_medium
gabaa	A0A7M7NID7__Strpur	tr|A0A7M7NID7|A0A7M7NID7_STRPU	Strongylocentrotus purpuratus	deuterostome	proteome	high	0.9583	507	include
trpc	A0A7M7NIH4__Strpur	tr|A0A7M7NIH4|A0A7M7NIH4_STRPU	Strongylocentrotus purpuratus	deuterostome	proteome	high	0.8966	1035	include
nachr	A0A7M7NII0__Strpur	tr|A0A7M7NII0|A0A7M7NII0_STRPU	Strongylocentrotus purpuratus	deuterostome	proteome	high	0.8447	448	include
gabaa	A0A7M7NIN7__Strpur	tr|A0A7M7NIN7|A0A7M7NIN7_STRPU	Strongylocentrotus purpuratus	deuterostome	proteome	medium	0.9364		profile_medium
asic	A0A7M7NJ19__Strpur	tr|A0A7M7NJ19|A0A7M7NJ19_STRPU	Strongylocentrotus purpuratus	deuterostome	proteome	high	0.7121	484	include
mcu	A0A7M7NJ37__Strpur	tr|A0A7M7NJ37|A0A7M7NJ37_STRPU	Strongylocentrotus purpuratus	deuterostome	proteome	high	0.8174	336	include
asic	A0A7M7NJJ3__Strpur	tr|A0A7M7NJJ3|A0A7M7NJJ3_STRPU	Strongylocentrotus purpuratus	deuterostome	proteome	high	0.8311	480	include
asic	A0A7M7NJV8__Strpur	tr|A0A7M7NJV8|A0A7M7NJV8_STRPU	Strongylocentrotus purpuratus	deuterostome	proteome	medium	0.3935		profile_medium
ampa	A0A7M7NJY6__Strpur	tr|A0A7M7NJY6|A0A7M7NJY6_STRPU	Strongylocentrotus purpuratus	deuterostome	proteome	medium	0.7583		profile_medium
nachr	A0A7M7NL70__Strpur	tr|A0A7M7NL70|A0A7M7NL70_STRPU	Strongylocentrotus purpuratus	deuterostome	proteome	high	0.6439	356	include
nachr	A0A7M7NLB5__Strpur	tr|A0A7M7NLB5|A0A7M7NLB5_STRPU	Strongylocentrotus purpuratus	deuterostome	proteome	high	0.6439	356	include
kir	A0A7M7NLD4__Strpur	tr|A0A7M7NLD4|A0A7M7NLD4_STRPU	Strongylocentrotus purpuratus	deuterostome	proteome	high	0.8264	496	include
gabaa	A0A7M7NLZ7__Strpur	tr|A0A7M7NLZ7|A0A7M7NLZ7_STRPU	Strongylocentrotus purpuratus	deuterostome	proteome	medium	0.9759		profile_medium
trpa	A0A7M7NMR6__Strpur	tr|A0A7M7NMR6|A0A7M7NMR6_STRPU	Strongylocentrotus purpuratus	deuterostome	proteome	high	0.95	1233	include
asic	A0A7M7NNF5__Strpur	tr|A0A7M7NNF5|A0A7M7NNF5_STRPU	Strongylocentrotus purpuratus	deuterostome	proteome	high	0.8157	493	include
trpa	A0A7M7NP06__Strpur	tr|A0A7M7NP06|A0A7M7NP06_STRPU	Strongylocentrotus purpuratus	deuterostome	proteome	high	0.9205	1125	include
asic	A0A7M7NPT3__Strpur	tr|A0A7M7NPT3|A0A7M7NPT3_STRPU	Strongylocentrotus purpuratus	deuterostome	proteome	high	0.8157	522	include
nalcn	A0A7M7NPU0__Strpur	tr|A0A7M7NPU0|A0A7M7NPU0_STRPU	Strongylocentrotus purpuratus	deuterostome	proteome	high	0.9609	1765	include
trpa	A0A7M7NQE5__Strpur	tr|A0A7M7NQE5|A0A7M7NQE5_STRPU	Strongylocentrotus purpuratus	deuterostome	proteome	high	0.9553	1304	include
kir	A0A7M7NRA6__Strpur	tr|A0A7M7NRA6|A0A7M7NRA6_STRPU	Strongylocentrotus purpuratus	deuterostome	proteome	high	0.846	532	include
kir	A0A7M7NRN0__Strpur	tr|A0A7M7NRN0|A0A7M7NRN0_STRPU	Strongylocentrotus purpuratus	deuterostome	proteome	high	0.8264	494	include
nachr	A0A7M7NUM5__Strpur	tr|A0A7M7NUM5|A0A7M7NUM5_STRPU	Strongylocentrotus purpuratus	deuterostome	proteome	high	0.9048	486	include
k2p	A0A7M7NUN5__Strpur	tr|A0A7M7NUN5|A0A7M7NUN5_STRPU	Strongylocentrotus purpuratus	deuterostome	proteome	high	0.6194	535	include
k2p	A0A7M7NUX9__Strpur	tr|A0A7M7NUX9|A0A7M7NUX9_STRPU	Strongylocentrotus purpuratus	deuterostome	proteome	high	0.6493	356	include
cav	A0A7M7NVE1__Strpur	tr|A0A7M7NVE1|A0A7M7NVE1_STRPU	Strongylocentrotus purpuratus	deuterostome	proteome	high	0.6913	2294	include
nachr	A0A7M7NVV5__Strpur	tr|A0A7M7NVV5|A0A7M7NVV5_STRPU	Strongylocentrotus purpuratus	deuterostome	proteome	high	0.588	359	include
nachr	A0A7M7NVY2__Strpur	tr|A0A7M7NVY2|A0A7M7NVY2_STRPU	Strongylocentrotus purpuratus	deuterostome	proteome	high	0.8613	436	include
nachr	A0A7M7NW94__Strpur	tr|A0A7M7NW94|A0A7M7NW94_STRPU	Strongylocentrotus purpuratus	deuterostome	proteome	high	0.6128	365	include
nachr	A0A7M7NWA5__Strpur	tr|A0A7M7NWA5|A0A7M7NWA5_STRPU	Strongylocentrotus purpuratus	deuterostome	proteome	high	0.8447	453	include
k2p	A0A7M7NWH3__Strpur	tr|A0A7M7NWH3|A0A7M7NWH3_STRPU	Strongylocentrotus purpuratus	deuterostome	proteome	medium	0.4303		profile_medium
asic	A0A7M7NWM0__Strpur	tr|A0A7M7NWM0|A0A7M7NWM0_STRPU	Strongylocentrotus purpuratus	deuterostome	proteome	high	0.8656	497	include
k2p	A0A7M7NXG7__Strpur	tr|A0A7M7NXG7|A0A7M7NXG7_STRPU	Strongylocentrotus purpuratus	deuterostome	proteome	medium	0.4303		profile_medium
nachr	A0A7M7NXJ8__Strpur	tr|A0A7M7NXJ8|A0A7M7NXJ8_STRPU	Strongylocentrotus purpuratus	deuterostome	proteome	high	0.588	374	include
k2p	A0A7M7NXS2__Strpur	tr|A0A7M7NXS2|A0A7M7NXS2_STRPU	Strongylocentrotus purpuratus	deuterostome	proteome	medium	0.4502		profile_medium
clc_channel	A0A7M7NY22__Strpur	tr|A0A7M7NY22|A0A7M7NY22_STRPU	Strongylocentrotus purpuratus	deuterostome	proteome	high	0.9274	853	include
nachr	A0A7M7NY87__Strpur	tr|A0A7M7NY87|A0A7M7NY87_STRPU	Strongylocentrotus purpuratus	deuterostome	proteome	high	0.5487	381	include
nachr	A0A7M7NZR5__Strpur	tr|A0A7M7NZR5|A0A7M7NZR5_STRPU	Strongylocentrotus purpuratus	deuterostome	proteome	high	0.9441	459	include
asic	A0A7M7P1H8__Strpur	tr|A0A7M7P1H8|A0A7M7P1H8_STRPU	Strongylocentrotus purpuratus	deuterostome	proteome	high	0.8484	488	include
kv_shaker	A0A7M7P2Y7__Strpur	tr|A0A7M7P2Y7|A0A7M7P2Y7_STRPU	Strongylocentrotus purpuratus	deuterostome	proteome	medium	0.5471		profile_medium
asic	A0A7M7P3I9__Strpur	tr|A0A7M7P3I9|A0A7M7P3I9_STRPU	Strongylocentrotus purpuratus	deuterostome	proteome	high	0.5893	429	include
nachr	A0A7M7P3T4__Strpur	tr|A0A7M7P3T4|A0A7M7P3T4_STRPU	Strongylocentrotus purpuratus	deuterostome	proteome	high	0.6398	449	include
asic	A0A7M7P502__Strpur	tr|A0A7M7P502|A0A7M7P502_STRPU	Strongylocentrotus purpuratus	deuterostome	proteome	high	0.8177	487	include
kv_kcnq	A0A7M7P5H3__Strpur	tr|A0A7M7P5H3|A0A7M7P5H3_STRPU	Strongylocentrotus purpuratus	deuterostome	proteome	high	0.5946	536	include
kv_kcnq	A0A7M7P5Q9__Strpur	tr|A0A7M7P5Q9|A0A7M7P5Q9_STRPU	Strongylocentrotus purpuratus	deuterostome	proteome	high	0.7432	599	include
nachr	A0A7M7P639__Strpur	tr|A0A7M7P639|A0A7M7P639_STRPU	Strongylocentrotus purpuratus	deuterostome	proteome	high	0.9752	661	include
catsper	A0A7M7P6A5__Strpur	tr|A0A7M7P6A5|A0A7M7P6A5_STRPU	Strongylocentrotus purpuratus	deuterostome	proteome	high	0.692	547	include
nachr	A0A7M7P6G2__Strpur	tr|A0A7M7P6G2|A0A7M7P6G2_STRPU	Strongylocentrotus purpuratus	deuterostome	proteome	high	0.9689	565	include
kv_eag	A0A7M7P6I6__Strpur	tr|A0A7M7P6I6|A0A7M7P6I6_STRPU	Strongylocentrotus purpuratus	deuterostome	proteome	high	0.6142	751	include
trpc	A0A7M7P7S9__Strpur	tr|A0A7M7P7S9|A0A7M7P7S9_STRPU	Strongylocentrotus purpuratus	deuterostome	proteome	high	0.7286	795	include
nachr	A0A7M7P7V9__Strpur	tr|A0A7M7P7V9|A0A7M7P7V9_STRPU	Strongylocentrotus purpuratus	deuterostome	proteome	high	0.9151	513	include
cng	A0A7M7P895__Strpur	tr|A0A7M7P895|A0A7M7P895_STRPU	Strongylocentrotus purpuratus	deuterostome	proteome	high	0.6888	707	include
nachr	A0A7M7P8G9__Strpur	tr|A0A7M7P8G9|A0A7M7P8G9_STRPU	Strongylocentrotus purpuratus	deuterostome	proteome	high	0.94	475	include
nachr	A0A7M7P9B6__Strpur	tr|A0A7M7P9B6|A0A7M7P9B6_STRPU	Strongylocentrotus purpuratus	deuterostome	proteome	high	0.9213	514	include
cng	A0A7M7P9I8__Strpur	tr|A0A7M7P9I8|A0A7M7P9I8_STRPU	Strongylocentrotus purpuratus	deuterostome	proteome	high	0.7397	687	include
kainate	A0A7M7P9S4__Strpur	tr|A0A7M7P9S4|A0A7M7P9S4_STRPU	Strongylocentrotus purpuratus	deuterostome	proteome	medium	0.82		profile_medium
p2x	A0A7M7PAM8__Strpur	tr|A0A7M7PAM8|A0A7M7PAM8_STRPU	Strongylocentrotus purpuratus	deuterostome	proteome	high	0.8753	421	include
trpm	A0A7M7PBT2__Strpur	tr|A0A7M7PBT2|A0A7M7PBT2_STRPU	Strongylocentrotus purpuratus	deuterostome	proteome	high	0.6464	1468	include
trpn	A0A7M7PBV2__Strpur	tr|A0A7M7PBV2|A0A7M7PBV2_STRPU	Strongylocentrotus purpuratus	deuterostome	proteome	medium	0.4366		profile_medium
trpa	A0A7M7PBY1__Strpur	tr|A0A7M7PBY1|A0A7M7PBY1_STRPU	Strongylocentrotus purpuratus	deuterostome	proteome	medium	0.3351		profile_medium
asic	A0A7M7PCJ1__Strpur	tr|A0A7M7PCJ1|A0A7M7PCJ1_STRPU	Strongylocentrotus purpuratus	deuterostome	proteome	medium	0.3551		profile_medium
trpn	A0A7M7PCU9__Strpur	tr|A0A7M7PCU9|A0A7M7PCU9_STRPU	Strongylocentrotus purpuratus	deuterostome	proteome	medium	0.3205		profile_medium
cng	A0A7M7PCW0__Strpur	tr|A0A7M7PCW0|A0A7M7PCW0_STRPU	Strongylocentrotus purpuratus	deuterostome	proteome	medium	0.8359		profile_medium
nachr	A0A7M7PDH7__Strpur	tr|A0A7M7PDH7|A0A7M7PDH7_STRPU	Strongylocentrotus purpuratus	deuterostome	proteome	medium	0.3333		profile_medium
nachr	A0A7M7PEQ3__Strpur	tr|A0A7M7PEQ3|A0A7M7PEQ3_STRPU	Strongylocentrotus purpuratus	deuterostome	proteome	high	0.9379	455	include
asic	A0A7M7PEX5__Strpur	tr|A0A7M7PEX5|A0A7M7PEX5_STRPU	Strongylocentrotus purpuratus	deuterostome	proteome	high	0.8157	488	include
trpm	A0A7M7PF05__Strpur	tr|A0A7M7PF05|A0A7M7PF05_STRPU	Strongylocentrotus purpuratus	deuterostome	proteome	high	0.5809	1144	include
nachr	A0A7M7PF32__Strpur	tr|A0A7M7PF32|A0A7M7PF32_STRPU	Strongylocentrotus purpuratus	deuterostome	proteome	high	0.942	460	include
nachr	A0A7M7PF69__Strpur	tr|A0A7M7PF69|A0A7M7PF69_STRPU	Strongylocentrotus purpuratus	deuterostome	proteome	high	0.7288	406	include
nachr	A0A7M7PFN8__Strpur	tr|A0A7M7PFN8|A0A7M7PFN8_STRPU	Strongylocentrotus purpuratus	deuterostome	proteome	high	0.5549	286	include
trpa	A0A7M7PG02__Strpur	tr|A0A7M7PG02|A0A7M7PG02_STRPU	Strongylocentrotus purpuratus	deuterostome	proteome	high	0.6238	1034	include
nachr	A0A7M7PG45__Strpur	tr|A0A7M7PG45|A0A7M7PG45_STRPU	Strongylocentrotus purpuratus	deuterostome	proteome	medium	0.3168		profile_medium
kainate	A0A7M7PGF5__Strpur	tr|A0A7M7PGF5|A0A7M7PGF5_STRPU	Strongylocentrotus purpuratus	deuterostome	proteome	high	0.8727	953	include
nachr	A0A7M7PGH9__Strpur	tr|A0A7M7PGH9|A0A7M7PGH9_STRPU	Strongylocentrotus purpuratus	deuterostome	proteome	medium	0.4555		profile_medium
nachr	A0A7M7PGL4__Strpur	tr|A0A7M7PGL4|A0A7M7PGL4_STRPU	Strongylocentrotus purpuratus	deuterostome	proteome	high	0.5093	294	include
trpa	A0A7M7PGY9__Strpur	tr|A0A7M7PGY9|A0A7M7PGY9_STRPU	Strongylocentrotus purpuratus	deuterostome	proteome	high	0.5853	1362	include
nachr	A0A7M7PH54__Strpur	tr|A0A7M7PH54|A0A7M7PH54_STRPU	Strongylocentrotus purpuratus	deuterostome	proteome	medium	0.3499		profile_medium
trpa	A0A7M7PHS7__Strpur	tr|A0A7M7PHS7|A0A7M7PHS7_STRPU	Strongylocentrotus purpuratus	deuterostome	proteome	high	0.6613	1318	include
trpa	A0A7M7PIA0__Strpur	tr|A0A7M7PIA0|A0A7M7PIA0_STRPU	Strongylocentrotus purpuratus	deuterostome	proteome	high	0.8445	1213	include
trpa	A0A7M7PIM7__Strpur	tr|A0A7M7PIM7|A0A7M7PIM7_STRPU	Strongylocentrotus purpuratus	deuterostome	proteome	medium	0.3878		profile_medium
trpa	A0A7M7PIM8__Strpur	tr|A0A7M7PIM8|A0A7M7PIM8_STRPU	Strongylocentrotus purpuratus	deuterostome	proteome	high	0.5746	1061	include
kainate	A0A7M7PIS8__Strpur	tr|A0A7M7PIS8|A0A7M7PIS8_STRPU	Strongylocentrotus purpuratus	deuterostome	proteome	high	0.8606	838	include
tpc	A0A7M7PIY7__Strpur	tr|A0A7M7PIY7|A0A7M7PIY7_STRPU	Strongylocentrotus purpuratus	deuterostome	proteome	high	0.9084	800	include
nachr	A0A7M7PJR9__Strpur	tr|A0A7M7PJR9|A0A7M7PJR9_STRPU	Strongylocentrotus purpuratus	deuterostome	proteome	high	0.9545	475	include
trpml	A0A7M7PKX2__Strpur	tr|A0A7M7PKX2|A0A7M7PKX2_STRPU	Strongylocentrotus purpuratus	deuterostome	proteome	high	0.9002	708	include
trpc	A0A7M7PL58__Strpur	tr|A0A7M7PL58|A0A7M7PL58_STRPU	Strongylocentrotus purpuratus	deuterostome	proteome	high	0.8799	945	include
asic	A0A7M7PL82__Strpur	tr|A0A7M7PL82|A0A7M7PL82_STRPU	Strongylocentrotus purpuratus	deuterostome	proteome	high	0.5528	320	include
trpa	A0A7M7PLA6__Strpur	tr|A0A7M7PLA6|A0A7M7PLA6_STRPU	Strongylocentrotus purpuratus	deuterostome	proteome	high	0.5004	684	include
kv_eag	A0A7M7PLI2__Strpur	tr|A0A7M7PLI2|A0A7M7PLI2_STRPU	Strongylocentrotus purpuratus	deuterostome	proteome	high	0.8126	948	include
trpa	A0A7M7PLT9__Strpur	tr|A0A7M7PLT9|A0A7M7PLT9_STRPU	Strongylocentrotus purpuratus	deuterostome	proteome	medium	0.6023		profile_medium
enac	A0A7M7PLZ2__Strpur	tr|A0A7M7PLZ2|A0A7M7PLZ2_STRPU	Strongylocentrotus purpuratus	deuterostome	proteome	medium	0.6806		profile_medium
nachr	A0A7M7PN52__Strpur	tr|A0A7M7PN52|A0A7M7PN52_STRPU	Strongylocentrotus purpuratus	deuterostome	proteome	high	0.6398	449	include
nachr	A0A7M7PN71__Strpur	tr|A0A7M7PN71|A0A7M7PN71_STRPU	Strongylocentrotus purpuratus	deuterostome	proteome	medium	0.4182		profile_medium
cav	A0A7M7PNC3__Strpur	tr|A0A7M7PNC3|A0A7M7PNC3_STRPU	Strongylocentrotus purpuratus	deuterostome	proteome	high	0.9178	2616	include
k2p	A0A7M7PPE6__Strpur	tr|A0A7M7PPE6|A0A7M7PPE6_STRPU	Strongylocentrotus purpuratus	deuterostome	proteome	high	0.5995	312	include
nachr	A0A7M7PPF0__Strpur	tr|A0A7M7PPF0|A0A7M7PPF0_STRPU	Strongylocentrotus purpuratus	deuterostome	proteome	high	0.6046	376	include
tpc	A0A7M7PPP8__Strpur	tr|A0A7M7PPP8|A0A7M7PPP8_STRPU	Strongylocentrotus purpuratus	deuterostome	proteome	high	0.8207	1352	include
trpa	A0A7M7PQC6__Strpur	tr|A0A7M7PQC6|A0A7M7PQC6_STRPU	Strongylocentrotus purpuratus	deuterostome	proteome	medium	0.319		profile_medium
trpc	A0A7M7PQM1__Strpur	tr|A0A7M7PQM1|A0A7M7PQM1_STRPU	Strongylocentrotus purpuratus	deuterostome	proteome	high	0.8365	1006	include
cng	A0A7M7PR54__Strpur	tr|A0A7M7PR54|A0A7M7PR54_STRPU	Strongylocentrotus purpuratus	deuterostome	proteome	high	0.5332	667	include
kv_eag	A0A7M7PRH4__Strpur	tr|A0A7M7PRH4|A0A7M7PRH4_STRPU	Strongylocentrotus purpuratus	deuterostome	proteome	high	0.8933	952	include
kca_slo	A0A7M7PRX8__Strpur	tr|A0A7M7PRX8|A0A7M7PRX8_STRPU	Strongylocentrotus purpuratus	deuterostome	proteome	high	0.8812	1207	include
catsper	A0A7M7PSM4__Strpur	tr|A0A7M7PSM4|A0A7M7PSM4_STRPU	Strongylocentrotus purpuratus	deuterostome	proteome	medium	0.4887		profile_medium
trpv	A0A7M7PSW1__Strpur	tr|A0A7M7PSW1|A0A7M7PSW1_STRPU	Strongylocentrotus purpuratus	deuterostome	proteome	high	0.709	831	include
osca_tmem63	A0A7M7PT56__Strpur	tr|A0A7M7PT56|A0A7M7PT56_STRPU	Strongylocentrotus purpuratus	deuterostome	proteome	high	0.9585	817	include
nachr	A0A7M7PTD8__Strpur	tr|A0A7M7PTD8|A0A7M7PTD8_STRPU	Strongylocentrotus purpuratus	deuterostome	proteome	high	0.9565	464	include
kv_shaker	A0A7M7PTR7__Strpur	tr|A0A7M7PTR7|A0A7M7PTR7_STRPU	Strongylocentrotus purpuratus	deuterostome	proteome	high	0.817	501	include
k2p	A0A7M7PTU6__Strpur	tr|A0A7M7PTU6|A0A7M7PTU6_STRPU	Strongylocentrotus purpuratus	deuterostome	proteome	medium	0.4527		profile_medium
bestrophin	A0A7M7PVG1__Strpur	tr|A0A7M7PVG1|A0A7M7PVG1_STRPU	Strongylocentrotus purpuratus	deuterostome	proteome	high	0.888	663	include
asic	A0A7M7R9R6__Strpur	tr|A0A7M7R9R6|A0A7M7R9R6_STRPU	Strongylocentrotus purpuratus	deuterostome	proteome	high	0.8733	497	include
k2p	A0A7M7R9Z9__Strpur	tr|A0A7M7R9Z9|A0A7M7R9Z9_STRPU	Strongylocentrotus purpuratus	deuterostome	proteome	high	0.9104	441	include
orai	A0A7M7RA55__Strpur	tr|A0A7M7RA55|A0A7M7RA55_STRPU	Strongylocentrotus purpuratus	deuterostome	proteome	high	0.7815	201	include
trpc	A0A7M7RBA1__Strpur	tr|A0A7M7RBA1|A0A7M7RBA1_STRPU	Strongylocentrotus purpuratus	deuterostome	proteome	high	0.8398	934	include
nachr	A0A7M7RBP8__Strpur	tr|A0A7M7RBP8|A0A7M7RBP8_STRPU	Strongylocentrotus purpuratus	deuterostome	proteome	high	0.9689	552	include
trpv	A0A7M7RBR9__Strpur	tr|A0A7M7RBR9|A0A7M7RBR9_STRPU	Strongylocentrotus purpuratus	deuterostome	proteome	high	0.7189	786	include
k2p	A0A7M7RBT1__Strpur	tr|A0A7M7RBT1|A0A7M7RBT1_STRPU	Strongylocentrotus purpuratus	deuterostome	proteome	high	0.6517	314	include
nachr	A0A7M7RCX6__Strpur	tr|A0A7M7RCX6|A0A7M7RCX6_STRPU	Strongylocentrotus purpuratus	deuterostome	proteome	high	0.9296	482	include
vdac	A0A7M7RD73__Strpur	tr|A0A7M7RD73|A0A7M7RD73_STRPU	Strongylocentrotus purpuratus	deuterostome	proteome	high	0.9892	330	include
cng	A0A7M7RDI5__Strpur	tr|A0A7M7RDI5|A0A7M7RDI5_STRPU	Strongylocentrotus purpuratus	deuterostome	proteome	high	0.8656	688	include
nachr	A0A7M7RDQ6__Strpur	tr|A0A7M7RDQ6|A0A7M7RDQ6_STRPU	Strongylocentrotus purpuratus	deuterostome	proteome	high	0.9669	480	include
trpa	A0A7M7RF00__Strpur	tr|A0A7M7RF00|A0A7M7RF00_STRPU	Strongylocentrotus purpuratus	deuterostome	proteome	high	0.714	1245	include
nachr	A0A7M7RF11__Strpur	tr|A0A7M7RF11|A0A7M7RF11_STRPU	Strongylocentrotus purpuratus	deuterostome	proteome	high	0.9834	525	include
nachr	A0A7M7RF12__Strpur	tr|A0A7M7RF12|A0A7M7RF12_STRPU	Strongylocentrotus purpuratus	deuterostome	proteome	high	0.8282	404	include
k2p	A0A7M7RFG1__Strpur	tr|A0A7M7RFG1|A0A7M7RFG1_STRPU	Strongylocentrotus purpuratus	deuterostome	proteome	high	0.6045	373	include
trpc	A0A7M7RGD2__Strpur	tr|A0A7M7RGD2|A0A7M7RGD2_STRPU	Strongylocentrotus purpuratus	deuterostome	proteome	high	0.8576	898	include
nachr	A0A7M7RH59__Strpur	tr|A0A7M7RH59|A0A7M7RH59_STRPU	Strongylocentrotus purpuratus	deuterostome	proteome	high	0.6936	449	include
k2p	A0A7M7RIT6__Strpur	tr|A0A7M7RIT6|A0A7M7RIT6_STRPU	Strongylocentrotus purpuratus	deuterostome	proteome	high	0.6443	400	include
p2x	A0A7M7STW0__Strpur	tr|A0A7M7STW0|A0A7M7STW0_STRPU	Strongylocentrotus purpuratus	deuterostome	proteome	high	0.8212	451	include
piezo	A0A7M7SU87__Strpur	tr|A0A7M7SU87|A0A7M7SU87_STRPU	Strongylocentrotus purpuratus	deuterostome	proteome	high	0.9973	2467	include
enac	A0A7M7SUJ3__Strpur	tr|A0A7M7SUJ3|A0A7M7SUJ3_STRPU	Strongylocentrotus purpuratus	deuterostome	proteome	medium	0.5612		profile_medium
nachr	A0A7M7SUQ3__Strpur	tr|A0A7M7SUQ3|A0A7M7SUQ3_STRPU	Strongylocentrotus purpuratus	deuterostome	proteome	high	0.9565	477	include
enac	A0A7M7SUT4__Strpur	tr|A0A7M7SUT4|A0A7M7SUT4_STRPU	Strongylocentrotus purpuratus	deuterostome	proteome	medium	0.645		profile_medium
nav	A0A7M7SUY6__Strpur	tr|A0A7M7SUY6|A0A7M7SUY6_STRPU	Strongylocentrotus purpuratus	deuterostome	proteome	high	0.9591	2030	include
trpc	A0A7M7SUY8__Strpur	tr|A0A7M7SUY8|A0A7M7SUY8_STRPU	Strongylocentrotus purpuratus	deuterostome	proteome	high	0.6919	756	include
trpc	A0A7M7SVU7__Strpur	tr|A0A7M7SVU7|A0A7M7SVU7_STRPU	Strongylocentrotus purpuratus	deuterostome	proteome	high	0.8432	1000	include
asic	A0A7M7SWL9__Strpur	tr|A0A7M7SWL9|A0A7M7SWL9_STRPU	Strongylocentrotus purpuratus	deuterostome	proteome	high	0.8196	530	include
gabaa	A0A7M7SWN6__Strpur	tr|A0A7M7SWN6|A0A7M7SWN6_STRPU	Strongylocentrotus purpuratus	deuterostome	proteome	medium	0.9759		profile_medium
asic	A0A7M7SWV0__Strpur	tr|A0A7M7SWV0|A0A7M7SWV0_STRPU	Strongylocentrotus purpuratus	deuterostome	proteome	high	0.7658	448	include
nachr	A0A7M7SWX2__Strpur	tr|A0A7M7SWX2|A0A7M7SWX2_STRPU	Strongylocentrotus purpuratus	deuterostome	proteome	high	0.8199	434	include
nachr	A0A7M7SXD9__Strpur	tr|A0A7M7SXD9|A0A7M7SXD9_STRPU	Strongylocentrotus purpuratus	deuterostome	proteome	high	0.6439	356	include
trpn	A0A7M7SXN6__Strpur	tr|A0A7M7SXN6|A0A7M7SXN6_STRPU	Strongylocentrotus purpuratus	deuterostome	proteome	high	0.7125	1416	include
trpa	A0A7M7SYM3__Strpur	tr|A0A7M7SYM3|A0A7M7SYM3_STRPU	Strongylocentrotus purpuratus	deuterostome	proteome	high	0.9062	1223	include
k2p	A0A7M7SZ02__Strpur	tr|A0A7M7SZ02|A0A7M7SZ02_STRPU	Strongylocentrotus purpuratus	deuterostome	proteome	high	0.6393	527	include
trpv	A0A7M7SZ34__Strpur	tr|A0A7M7SZ34|A0A7M7SZ34_STRPU	Strongylocentrotus purpuratus	deuterostome	proteome	high	0.6954	817	include
trpm	A0A7M7SZA9__Strpur	tr|A0A7M7SZA9|A0A7M7SZA9_STRPU	Strongylocentrotus purpuratus	deuterostome	proteome	high	0.6446	1468	include
asic	A0A7M7SZB1__Strpur	tr|A0A7M7SZB1|A0A7M7SZB1_STRPU	Strongylocentrotus purpuratus	deuterostome	proteome	medium	0.4415		profile_medium
nachr	A0A7M7T154__Strpur	tr|A0A7M7T154|A0A7M7T154_STRPU	Strongylocentrotus purpuratus	deuterostome	proteome	high	0.9441	487	include
p2x	A0A7M7T1I6__Strpur	tr|A0A7M7T1I6|A0A7M7T1I6_STRPU	Strongylocentrotus purpuratus	deuterostome	proteome	high	0.7294	356	include
trpa	A0A7M7T2X7__Strpur	tr|A0A7M7T2X7|A0A7M7T2X7_STRPU	Strongylocentrotus purpuratus	deuterostome	proteome	medium	0.487		profile_medium
trpa	A0A7M7T2Z4__Strpur	tr|A0A7M7T2Z4|A0A7M7T2Z4_STRPU	Strongylocentrotus purpuratus	deuterostome	proteome	high	0.714	1260	include
trpa	A0A7M7T3E8__Strpur	tr|A0A7M7T3E8|A0A7M7T3E8_STRPU	Strongylocentrotus purpuratus	deuterostome	proteome	medium	0.3333		profile_medium
nachr	A0A7M7T3S7__Strpur	tr|A0A7M7T3S7|A0A7M7T3S7_STRPU	Strongylocentrotus purpuratus	deuterostome	proteome	high	0.7474	373	include
ryr	A0A7M7T5D0__Strpur	tr|A0A7M7T5D0|A0A7M7T5D0_STRPU	Strongylocentrotus purpuratus	deuterostome	proteome	high	0.8334	4609	include
k2p	A0A7M7T5G1__Strpur	tr|A0A7M7T5G1|A0A7M7T5G1_STRPU	Strongylocentrotus purpuratus	deuterostome	proteome	high	0.7488	337	include
nachr	A0A7M7TG93__Strpur	tr|A0A7M7TG93|A0A7M7TG93_STRPU	Strongylocentrotus purpuratus	deuterostome	proteome	high	0.9379	546	include
kv_eag	A0A803J3N6__Xentro	tr|A0A803J3N6|A0A803J3N6_XENTR	Xenopus tropicalis	vertebrate	proteome	high	0.9123	965	include
glyr	A0A803J6E5__Xentro	tr|A0A803J6E5|A0A803J6E5_XENTR	Xenopus tropicalis	vertebrate	proteome	high	0.9848	450	include
ht3	A0A803J7B5__Xentro	tr|A0A803J7B5|A0A803J7B5_XENTR	Xenopus tropicalis	vertebrate	proteome	high	0.9581	456	include
glyr	A0A803JBM6__Xentro	tr|A0A803JBM6|A0A803JBM6_XENTR	Xenopus tropicalis	vertebrate	proteome	high	0.9827	449	include
asic	A0A803JCJ8__Xentro	tr|A0A803JCJ8|A0A803JCJ8_XENTR	Xenopus tropicalis	vertebrate	proteome	high	0.9808	535	include
nachr	A0A803JEL8__Xentro	tr|A0A803JEL8|A0A803JEL8_XENTR	Xenopus tropicalis	vertebrate	proteome	high	0.9337	762	include
vdac	A0A803JEV2__Xentro	tr|A0A803JEV2|A0A803JEV2_XENTR	Xenopus tropicalis	vertebrate	proteome	high	0.9856	307	include
kir	A0A803JFK0__Xentro	tr|A0A803JFK0|A0A803JFK0_XENTR	Xenopus tropicalis	vertebrate	proteome	high	0.978	425	include
trpm	A0A803JG29__Xentro	tr|A0A803JG29|A0A803JG29_XENTR	Xenopus tropicalis	vertebrate	proteome	high	0.6919	1497	include
kir	A0A803JGU1__Xentro	tr|A0A803JGU1|A0A803JGU1_XENTR	Xenopus tropicalis	vertebrate	proteome	high	0.9291	405	include
connexin	A0A803JHR0__Xentro	tr|A0A803JHR0|A0A803JHR0_XENTR	Xenopus tropicalis	vertebrate	proteome	high	0.6495	242	include
gabaa	A0A803JLM2__Xentro	tr|A0A803JLM2|A0A803JLM2_XENTR	Xenopus tropicalis	vertebrate	proteome	high	0.9671	446	include
kv_kcnq	A0A803JMV6__Xentro	tr|A0A803JMV6|A0A803JMV6_XENTR	Xenopus tropicalis	vertebrate	proteome	high	0.8919	849	include
k2p	A0A803JN18__Xentro	tr|A0A803JN18|A0A803JN18_XENTR	Xenopus tropicalis	vertebrate	proteome	high	0.9229	478	include
k2p	A0A803JN99__Xentro	tr|A0A803JN99|A0A803JN99_XENTR	Xenopus tropicalis	vertebrate	proteome	high	0.7214	430	include
k2p	A0A803JPS6__Xentro	tr|A0A803JPS6|A0A803JPS6_XENTR	Xenopus tropicalis	vertebrate	proteome	high	0.7363	331	include
connexin	A0A803JQK7__Xentro	tr|A0A803JQK7|A0A803JQK7_XENTR	Xenopus tropicalis	vertebrate	proteome	high	0.7749	268	include
osca_tmem63	A0A803JS56__Xentro	tr|A0A803JS56|A0A803JS56_XENTR	Xenopus tropicalis	vertebrate	proteome	high	0.9899	838	include
k2p	A0A803JSE0__Xentro	tr|A0A803JSE0|A0A803JSE0_XENTR	Xenopus tropicalis	vertebrate	proteome	high	0.6443	429	include
connexin	A0A803JSX5__Xentro	tr|A0A803JSX5|A0A803JSX5_XENTR	Xenopus tropicalis	vertebrate	proteome	high	0.7621	304	include
kir	A0A803JTM6__Xentro	tr|A0A803JTM6|A0A803JTM6_XENTR	Xenopus tropicalis	vertebrate	proteome	high	0.8386	372	include
trpv	A0A803JUC1__Xentro	tr|A0A803JUC1|A0A803JUC1_XENTR	Xenopus tropicalis	vertebrate	proteome	high	0.8039	681	include
kv_shaker	A0A803JUJ5__Xentro	tr|A0A803JUJ5|A0A803JUJ5_XENTR	Xenopus tropicalis	vertebrate	proteome	high	0.8641	489	include
kv_modifier	A0A803JUL8__Xentro	tr|A0A803JUL8|A0A803JUL8_XENTR	Xenopus tropicalis	vertebrate	proteome	high	0.9451	477	include
trpc	A0A803JVP3__Xentro	tr|A0A803JVP3|A0A803JVP3_XENTR	Xenopus tropicalis	vertebrate	proteome	high	0.8754	917	include
kv_shaker	A0A803JWF6__Xentro	tr|A0A803JWF6|A0A803JWF6_XENTR	Xenopus tropicalis	vertebrate	proteome	medium	0.913		profile_medium
connexin	A0A803JXB7__Xentro	tr|A0A803JXB7|A0A803JXB7_XENTR	Xenopus tropicalis	vertebrate	proteome	high	0.9968	364	include
kv_modifier	A0A803JY15__Xentro	tr|A0A803JY15|A0A803JY15_XENTR	Xenopus tropicalis	vertebrate	proteome	high	0.8966	489	include
k2p	A0A803JZK8__Xentro	tr|A0A803JZK8|A0A803JZK8_XENTR	Xenopus tropicalis	vertebrate	proteome	high	0.8507	378	include
kir	A0A803K0G9__Xentro	tr|A0A803K0G9|A0A803K0G9_XENTR	Xenopus tropicalis	vertebrate	proteome	high	0.9756	421	include
trpv	A0A803K330__Xentro	tr|A0A803K330|A0A803K330_XENTR	Xenopus tropicalis	vertebrate	proteome	high	0.8089	703	include
kv_shaker	A0A803K3P6__Xentro	tr|A0A803K3P6|A0A803K3P6_XENTR	Xenopus tropicalis	vertebrate	proteome	high	0.9565	631	include
trpm	A0A803K450__Xentro	tr|A0A803K450|A0A803K450_XENTR	Xenopus tropicalis	vertebrate	proteome	high	0.656	1491	include
kv_shaker	A0A803K5T1__Xentro	tr|A0A803K5T1|A0A803K5T1_XENTR	Xenopus tropicalis	vertebrate	proteome	high	0.8587	499	include
gabaa	A0A803K601__Xentro	tr|A0A803K601|A0A803K601_XENTR	Xenopus tropicalis	vertebrate	proteome	high	0.9474	492	include
kir	A0A803K6V5__Xentro	tr|A0A803K6V5|A0A803K6V5_XENTR	Xenopus tropicalis	vertebrate	proteome	high	0.8655	413	include
k2p	A0A803K7I3__Xentro	tr|A0A803K7I3|A0A803K7I3_XENTR	Xenopus tropicalis	vertebrate	proteome	high	0.9279	412	include
clc_channel	A0A803K8V2__Xentro	tr|A0A803K8V2|A0A803K8V2_XENTR	Xenopus tropicalis	vertebrate	proteome	high	0.7732	828	include
nmda	A0A803KAR9__Xentro	tr|A0A803KAR9|A0A803KAR9_XENTR	Xenopus tropicalis	vertebrate	proteome	high	0.7766	941	include
gabaa	A0A803KBP9__Xentro	tr|A0A803KBP9|A0A803KBP9_XENTR	Xenopus tropicalis	vertebrate	proteome	high	0.9737	477	include
trpc	A0A803KC62__Xentro	tr|A0A803KC62|A0A803KC62_XENTR	Xenopus tropicalis	vertebrate	proteome	high	0.9544	982	include
trpv	A0A803KCI2__Xentro	tr|A0A803KCI2|A0A803KCI2_XENTR	Xenopus tropicalis	vertebrate	proteome	high	0.8705	738	include
nachr	A0A803KCQ6__Xentro	tr|A0A803KCQ6|A0A803KCQ6_XENTR	Xenopus tropicalis	vertebrate	proteome	high	0.9545	460	include
connexin	A0A803KD34__Xentro	tr|A0A803KD34|A0A803KD34_XENTR	Xenopus tropicalis	vertebrate	proteome	high	0.627	205	include
orai	A0A803KD49__Xentro	tr|A0A803KD49|A0A803KD49_XENTR	Xenopus tropicalis	vertebrate	proteome	high	0.9407	259	include
calhm	A0A803KFN1__Xentro	tr|A0A803KFN1|A0A803KFN1_XENTR	Xenopus tropicalis	vertebrate	proteome	high	0.9367	308	include
bestrophin	A0A803KJN0__Xentro	tr|A0A803KJN0|A0A803KJN0_XENTR	Xenopus tropicalis	vertebrate	proteome	high	0.9051	514	include
gabaa	A0A803SMM9__Anocar	tr|A0A803SMM9|A0A803SMM9_ANOCA	Anolis carolinensis	vertebrate	proteome	high	0.7873	402	include
calhm	A0A803SN84__Anocar	tr|A0A803SN84|A0A803SN84_ANOCA	Anolis carolinensis	vertebrate	proteome	high	0.9399	319	include
k2p	A0A803SNG6__Anocar	tr|A0A803SNG6|A0A803SNG6_ANOCA	Anolis carolinensis	vertebrate	proteome	high	0.5224	226	include
trpml	A0A803SNM0__Anocar	tr|A0A803SNM0|A0A803SNM0_ANOCA	Anolis carolinensis	vertebrate	proteome	high	0.8459	591	include
asic	A0A803SRL2__Anocar	tr|A0A803SRL2|A0A803SRL2_ANOCA	Anolis carolinensis	vertebrate	proteome	medium	0.3551		profile_medium
asic	A0A803SS09__Anocar	tr|A0A803SS09|A0A803SS09_ANOCA	Anolis carolinensis	vertebrate	proteome	medium	0.3474		profile_medium
ano_channel	A0A803SS97__Anocar	tr|A0A803SS97|A0A803SS97_ANOCA	Anolis carolinensis	vertebrate	proteome	high	0.6725	702	include
cftr	A0A803SV80__Anocar	tr|A0A803SV80|A0A803SV80_ANOCA	Anolis carolinensis	vertebrate	proteome	high	0.944	1409	include
cav	A0A803SVD0__Anocar	tr|A0A803SVD0|A0A803SVD0_ANOCA	Anolis carolinensis	vertebrate	proteome	medium	0.3878		profile_medium
ampa	A0A803SX37__Anocar	tr|A0A803SX37|A0A803SX37_ANOCA	Anolis carolinensis	vertebrate	proteome	high	0.9113	859	include
nmda	A0A803SX92__Anocar	tr|A0A803SX92|A0A803SX92_ANOCA	Anolis carolinensis	vertebrate	proteome	high	0.5806	806	include
ryr	A0A803SYT7__Anocar	tr|A0A803SYT7|A0A803SYT7_ANOCA	Anolis carolinensis	vertebrate	proteome	high	0.9617	4835	include
glyr	A0A803SZG0__Anocar	tr|A0A803SZG0|A0A803SZG0_ANOCA	Anolis carolinensis	vertebrate	proteome	high	0.9307	510	include
piezo	A0A803SZJ2__Anocar	tr|A0A803SZJ2|A0A803SZJ2_ANOCA	Anolis carolinensis	vertebrate	proteome	high	0.9938	2794	include
kca_slo	A0A803SZW3__Anocar	tr|A0A803SZW3|A0A803SZW3_ANOCA	Anolis carolinensis	vertebrate	proteome	high	0.99	1302	include
kv_shaker	A0A803SZY4__Anocar	tr|A0A803SZY4|A0A803SZY4_ANOCA	Anolis carolinensis	vertebrate	proteome	medium	0.4094		profile_medium
kainate	A0A803T2M3__Anocar	tr|A0A803T2M3|A0A803T2M3_ANOCA	Anolis carolinensis	vertebrate	proteome	high	0.9473	969	include
trpv	A0A803T4P6__Anocar	tr|A0A803T4P6|A0A803T4P6_ANOCA	Anolis carolinensis	vertebrate	proteome	medium	0.3021		profile_medium
kv_eag	A0A803T4X1__Anocar	tr|A0A803T4X1|A0A803T4X1_ANOCA	Anolis carolinensis	vertebrate	proteome	high	0.8624	971	include
k2p	A0A803T5V2__Anocar	tr|A0A803T5V2|A0A803T5V2_ANOCA	Anolis carolinensis	vertebrate	proteome	high	0.9353	422	include
kca_slo	A0A803T7E1__Anocar	tr|A0A803T7E1|A0A803T7E1_ANOCA	Anolis carolinensis	vertebrate	proteome	high	0.9175	1122	include
gabaa	A0A803T7J4__Anocar	tr|A0A803T7J4|A0A803T7J4_ANOCA	Anolis carolinensis	vertebrate	proteome	high	0.9539	474	include
ampa	A0A803T864__Anocar	tr|A0A803T864|A0A803T864_ANOCA	Anolis carolinensis	vertebrate	proteome	high	0.9634	875	include
kainate	A0A803T8R8__Anocar	tr|A0A803T8R8|A0A803T8R8_ANOCA	Anolis carolinensis	vertebrate	proteome	high	0.742	908	include
catsper	A0A803T9A8__Anocar	tr|A0A803T9A8|A0A803T9A8_ANOCA	Anolis carolinensis	vertebrate	proteome	medium	0.4066		profile_medium
cav	A0A803TA00__Anocar	tr|A0A803TA00|A0A803TA00_ANOCA	Anolis carolinensis	vertebrate	proteome	high	0.925	2190	include
trpm	A0A803TAX0__Anocar	tr|A0A803TAX0|A0A803TAX0_ANOCA	Anolis carolinensis	vertebrate	proteome	medium	0.4129		profile_medium
p2x	A0A803TCI5__Anocar	tr|A0A803TCI5|A0A803TCI5_ANOCA	Anolis carolinensis	vertebrate	proteome	high	0.7624	472	include
vdac	A0A803TD02__Anocar	tr|A0A803TD02|A0A803TD02_ANOCA	Anolis carolinensis	vertebrate	proteome	high	0.9964	319	include
ampa	A0A803TD99__Anocar	tr|A0A803TD99|A0A803TD99_ANOCA	Anolis carolinensis	vertebrate	proteome	high	0.9989	902	include
cav	A0A803TDB3__Anocar	tr|A0A803TDB3|A0A803TDB3_ANOCA	Anolis carolinensis	vertebrate	proteome	high	0.9271	2307	include
cav	A0A803TEJ4__Anocar	tr|A0A803TEJ4|A0A803TEJ4_ANOCA	Anolis carolinensis	vertebrate	proteome	high	0.6554	2144	include
tric	A0A803TEN5__Anocar	tr|A0A803TEN5|A0A803TEN5_ANOCA	Anolis carolinensis	vertebrate	proteome	high	0.9729	290	include
trpc	A0A803TFD5__Anocar	tr|A0A803TFD5|A0A803TFD5_ANOCA	Anolis carolinensis	vertebrate	proteome	high	0.8765	893	include
asic	A0A803TFF6__Anocar	tr|A0A803TFF6|A0A803TFF6_ANOCA	Anolis carolinensis	vertebrate	proteome	high	0.6564	365	include
gabaa	A0A803TFT9__Anocar	tr|A0A803TFT9|A0A803TFT9_ANOCA	Anolis carolinensis	vertebrate	proteome	high	0.9583	492	include
ht3	A0A803TFY8__Anocar	tr|A0A803TFY8|A0A803TFY8_ANOCA	Anolis carolinensis	vertebrate	proteome	medium	0.3863		profile_medium
trpp	A0A803TG61__Anocar	tr|A0A803TG61|A0A803TG61_ANOCA	Anolis carolinensis	vertebrate	proteome	high	0.8278	753	include
kv_modifier	A0A803TG91__Anocar	tr|A0A803TG91|A0A803TG91_ANOCA	Anolis carolinensis	vertebrate	proteome	high	0.9219	509	include
trpv	A0A803TGL1__Anocar	tr|A0A803TGL1|A0A803TGL1_ANOCA	Anolis carolinensis	vertebrate	proteome	medium	0.4994		profile_medium
asic	A0A803TGZ1__Anocar	tr|A0A803TGZ1|A0A803TGZ1_ANOCA	Anolis carolinensis	vertebrate	proteome	medium	0.3244		profile_medium
k2p	A0A803THB0__Anocar	tr|A0A803THB0|A0A803THB0_ANOCA	Anolis carolinensis	vertebrate	proteome	high	0.7836	422	include
trpm	A0A803THH9__Anocar	tr|A0A803THH9|A0A803THH9_ANOCA	Anolis carolinensis	vertebrate	proteome	high	0.988	1883	include
p2x	A0A803TIZ1__Anocar	tr|A0A803TIZ1|A0A803TIZ1_ANOCA	Anolis carolinensis	vertebrate	proteome	high	0.7671	396	include
nmda	A0A803TJ03__Anocar	tr|A0A803TJ03|A0A803TJ03_ANOCA	Anolis carolinensis	vertebrate	proteome	high	0.6641	842	include
glyr	A0A803TJV3__Anocar	tr|A0A803TJV3|A0A803TJV3_ANOCA	Anolis carolinensis	vertebrate	proteome	high	0.9848	489	include
kv_shaker	A0A803TL48__Anocar	tr|A0A803TL48|A0A803TL48_ANOCA	Anolis carolinensis	vertebrate	proteome	medium	0.7518		profile_medium
trpml	A0A803TLQ1__Anocar	tr|A0A803TLQ1|A0A803TLQ1_ANOCA	Anolis carolinensis	vertebrate	proteome	high	0.8879	597	include
tpc	A0A803TLV2__Anocar	tr|A0A803TLV2|A0A803TLV2_ANOCA	Anolis carolinensis	vertebrate	proteome	high	0.894	717	include
kv_kcnq	A0A803TM57__Anocar	tr|A0A803TM57|A0A803TM57_ANOCA	Anolis carolinensis	vertebrate	proteome	high	0.8198	799	include
connexin	A0A803TM79__Anocar	tr|A0A803TM79|A0A803TM79_ANOCA	Anolis carolinensis	vertebrate	proteome	high	0.791	371	include
cav	A0A803TMU8__Anocar	tr|A0A803TMU8|A0A803TMU8_ANOCA	Anolis carolinensis	vertebrate	proteome	high	0.9461	2190	include
vdac	A0A803TNT7__Anocar	tr|A0A803TNT7|A0A803TNT7_ANOCA	Anolis carolinensis	vertebrate	proteome	high	0.9101	434	include
nav	A0A803TNX6__Anocar	tr|A0A803TNX6|A0A803TNX6_ANOCA	Anolis carolinensis	vertebrate	proteome	high	0.9467	1932	include
connexin	A0A803TPT8__Anocar	tr|A0A803TPT8|A0A803TPT8_ANOCA	Anolis carolinensis	vertebrate	proteome	high	0.791	278	include
connexin	A0A803TQE2__Anocar	tr|A0A803TQE2|A0A803TQE2_ANOCA	Anolis carolinensis	vertebrate	proteome	high	0.7428	234	include
k2p	A0A803TQP7__Anocar	tr|A0A803TQP7|A0A803TQP7_ANOCA	Anolis carolinensis	vertebrate	proteome	high	0.8682	413	include
ryr	A0A803TRD3__Anocar	tr|A0A803TRD3|A0A803TRD3_ANOCA	Anolis carolinensis	vertebrate	proteome	high	0.9824	4856	include
cav	A0A803TS66__Anocar	tr|A0A803TS66|A0A803TS66_ANOCA	Anolis carolinensis	vertebrate	proteome	high	0.9173	2037	include
connexin	A0A803TT39__Anocar	tr|A0A803TT39|A0A803TT39_ANOCA	Anolis carolinensis	vertebrate	proteome	high	0.7235	219	include
kv_shaker	A0A803TTA0__Anocar	tr|A0A803TTA0|A0A803TTA0_ANOCA	Anolis carolinensis	vertebrate	proteome	high	0.7663	483	include
asic	A0A803TTZ0__Anocar	tr|A0A803TTZ0|A0A803TTZ0_ANOCA	Anolis carolinensis	vertebrate	proteome	high	0.9923	560	include
kir	A0A803TU69__Anocar	tr|A0A803TU69|A0A803TU69_ANOCA	Anolis carolinensis	vertebrate	proteome	high	0.8289	396	include
connexin	A0A803TUC5__Anocar	tr|A0A803TUC5|A0A803TUC5_ANOCA	Anolis carolinensis	vertebrate	proteome	high	0.5788	244	include
catsper	A0A803TUM2__Anocar	tr|A0A803TUM2|A0A803TUM2_ANOCA	Anolis carolinensis	vertebrate	proteome	high	0.6591	373	include
kv_eag	A0A803TW11__Anocar	tr|A0A803TW11|A0A803TW11_ANOCA	Anolis carolinensis	vertebrate	proteome	high	0.8893	1157	include
nmda	A0A803TW51__Anocar	tr|A0A803TW51|A0A803TW51_ANOCA	Anolis carolinensis	vertebrate	proteome	high	0.6692	959	include
cav	A0A803TWM4__Anocar	tr|A0A803TWM4|A0A803TWM4_ANOCA	Anolis carolinensis	vertebrate	proteome	high	0.9538	2248	include
asic	A0A803TWX9__Anocar	tr|A0A803TWX9|A0A803TWX9_ANOCA	Anolis carolinensis	vertebrate	proteome	medium	0.3532		profile_medium
connexin	A0A803TXK4__Anocar	tr|A0A803TXK4|A0A803TXK4_ANOCA	Anolis carolinensis	vertebrate	proteome	high	0.8907	410	include
lrrc8	A0A803TXV4__Anocar	tr|A0A803TXV4|A0A803TXV4_ANOCA	Anolis carolinensis	vertebrate	proteome	none	0.1333		no_profile_call
kv_kcnq	A0A803TYN1__Anocar	tr|A0A803TYN1|A0A803TYN1_ANOCA	Anolis carolinensis	vertebrate	proteome	high	0.9069	887	include
trpml	A0A803TYU9__Anocar	tr|A0A803TYU9|A0A803TYU9_ANOCA	Anolis carolinensis	vertebrate	proteome	high	0.9405	554	include
ampa	A0A803TZZ9__Anocar	tr|A0A803TZZ9|A0A803TZZ9_ANOCA	Anolis carolinensis	vertebrate	proteome	high	1.0	885	include
clc_channel	A0A803U1J6__Anocar	tr|A0A803U1J6|A0A803U1J6_ANOCA	Anolis carolinensis	vertebrate	proteome	high	0.6746	699	include
clc_channel	A0A8D9MJW7__Caeele	tr|A0A8D9MJW7|A0A8D9MJW7_CAEEL	Caenorhabditis elegans	invertebrate	proteome	high	0.7483	973	include
ano_channel	A0A8I5ZNW7__Ratnor	tr|A0A8I5ZNW7|A0A8I5ZNW7_RAT	Rattus norvegicus	vertebrate	proteome	high	0.999	1109	include
kv_kcnq	A0A8I5ZXW9__Ratnor	tr|A0A8I5ZXW9|A0A8I5ZXW9_RAT	Rattus norvegicus	vertebrate	proteome	high	0.979	932	include
vdac	A0A8I5ZYN2__Ratnor	tr|A0A8I5ZYN2|A0A8I5ZYN2_RAT	Rattus norvegicus	vertebrate	proteome	high	0.9964	284	include
piezo	A0A8I6A0I2__Ratnor	tr|A0A8I6A0I2|A0A8I6A0I2_RAT	Rattus norvegicus	vertebrate	proteome	high	0.9996	2795	include
catsper	A0A8I6A342__Ratnor	tr|A0A8I6A342|A0A8I6A342_RAT	Rattus norvegicus	vertebrate	proteome	high	0.9261	678	include
trpm	A0A8I6AG64__Ratnor	tr|A0A8I6AG64|A0A8I6AG64_RAT	Rattus norvegicus	vertebrate	proteome	high	0.6515	1164	include
trpm	A0A8I6ALW5__Ratnor	tr|A0A8I6ALW5|A0A8I6ALW5_RAT	Rattus norvegicus	vertebrate	proteome	high	0.8884	1744	include
trpml	A0A8I6G3L4__Ratnor	tr|A0A8I6G3L4|A0A8I6G3L4_RAT	Rattus norvegicus	vertebrate	proteome	high	0.986	579	include
trpp	A0A8I6G7P9__Ratnor	tr|A0A8I6G7P9|A0A8I6G7P9_RAT	Rattus norvegicus	vertebrate	proteome	high	0.9517	763	include
gabaa	A0A8I6GHR1__Ratnor	tr|A0A8I6GHR1|A0A8I6GHR1_RAT	Rattus norvegicus	vertebrate	proteome	high	0.8114	525	include
connexin	A0A8J0PCV4__Xentro	tr|A0A8J0PCV4|A0A8J0PCV4_XENTR	Xenopus tropicalis	vertebrate	proteome	high	0.9807	357	include
trpml	A0A8J0PFZ3__Xentro	tr|A0A8J0PFZ3|A0A8J0PFZ3_XENTR	Xenopus tropicalis	vertebrate	proteome	high	0.9247	565	include
k2p	A0A8J0PG01__Xentro	tr|A0A8J0PG01|A0A8J0PG01_XENTR	Xenopus tropicalis	vertebrate	proteome	high	0.7587	330	include
nachr	A0A8J0PGB3__Xentro	tr|A0A8J0PGB3|A0A8J0PGB3_XENTR	Xenopus tropicalis	vertebrate	proteome	high	0.9772	521	include
vdac	A0A8J0PH35__Xentro	tr|A0A8J0PH35|A0A8J0PH35_XENTR	Xenopus tropicalis	vertebrate	proteome	high	0.9964	283	include
vdac	A0A8J0PHS4__Xentro	tr|A0A8J0PHS4|A0A8J0PHS4_XENTR	Xenopus tropicalis	vertebrate	proteome	high	0.9964	283	include
connexin	A0A8J0PIR7__Xentro	tr|A0A8J0PIR7|A0A8J0PIR7_XENTR	Xenopus tropicalis	vertebrate	proteome	high	0.7878	248	include
kir	A0A8J0PLI6__Xentro	tr|A0A8J0PLI6|A0A8J0PLI6_XENTR	Xenopus tropicalis	vertebrate	proteome	high	0.7971	378	include
glyr	A0A8J0PLL4__Xentro	tr|A0A8J0PLL4|A0A8J0PLL4_XENTR	Xenopus tropicalis	vertebrate	proteome	high	0.974	497	include
connexin	A0A8J0PLL8__Xentro	tr|A0A8J0PLL8|A0A8J0PLL8_XENTR	Xenopus tropicalis	vertebrate	proteome	high	0.9968	408	include
osca_tmem63	A0A8J0PLR6__Xentro	tr|A0A8J0PLR6|A0A8J0PLR6_XENTR	Xenopus tropicalis	vertebrate	proteome	high	0.9447	799	include
kainate	A0A8J0PLV5__Xentro	tr|A0A8J0PLV5|A0A8J0PLV5_XENTR	Xenopus tropicalis	vertebrate	proteome	medium	0.4951		profile_medium
enac	A0A8J0PLX9__Xentro	tr|A0A8J0PLX9|A0A8J0PLX9_XENTR	Xenopus tropicalis	vertebrate	proteome	high	0.9736	646	include
nachr	A0A8J0Q707__Xentro	tr|A0A8J0Q707|A0A8J0Q707_XENTR	Xenopus tropicalis	vertebrate	proteome	high	0.9793	499	include
kir	A0A8J0Q7N2__Xentro	tr|A0A8J0Q7N2|A0A8J0Q7N2_XENTR	Xenopus tropicalis	vertebrate	proteome	high	0.9658	413	include
gabaa	A0A8J0Q7V6__Xentro	tr|A0A8J0Q7V6|A0A8J0Q7V6_XENTR	Xenopus tropicalis	vertebrate	proteome	high	0.9715	475	include
kv_modifier	A0A8J0Q845__Xentro	tr|A0A8J0Q845|A0A8J0Q845_XENTR	Xenopus tropicalis	vertebrate	proteome	high	0.9388	508	include
kv_modifier	A0A8J0Q8E2__Xentro	tr|A0A8J0Q8E2|A0A8J0Q8E2_XENTR	Xenopus tropicalis	vertebrate	proteome	medium	0.9072		profile_medium
kv_shaker	A0A8J0Q8S4__Xentro	tr|A0A8J0Q8S4|A0A8J0Q8S4_XENTR	Xenopus tropicalis	vertebrate	proteome	high	0.9312	653	include
gabaa	A0A8J0Q8T4__Xentro	tr|A0A8J0Q8T4|A0A8J0Q8T4_XENTR	Xenopus tropicalis	vertebrate	proteome	high	0.9781	474	include
kir	A0A8J0Q8V1__Xentro	tr|A0A8J0Q8V1|A0A8J0Q8V1_XENTR	Xenopus tropicalis	vertebrate	proteome	high	0.7995	374	include
nachr	A0A8J0Q904__Xentro	tr|A0A8J0Q904|A0A8J0Q904_XENTR	Xenopus tropicalis	vertebrate	proteome	high	0.9814	510	include
connexin	A0A8J0Q956__Xentro	tr|A0A8J0Q956|A0A8J0Q956_XENTR	Xenopus tropicalis	vertebrate	proteome	high	0.791	267	include
mcu	A0A8J0Q9C2__Xentro	tr|A0A8J0Q9C2|A0A8J0Q9C2_XENTR	Xenopus tropicalis	vertebrate	proteome	high	0.8667	319	include
ampa	A0A8J0Q9E8__Xentro	tr|A0A8J0Q9E8|A0A8J0Q9E8_XENTR	Xenopus tropicalis	vertebrate	proteome	high	0.9945	887	include
connexin	A0A8J0QAH5__Xentro	tr|A0A8J0QAH5|A0A8J0QAH5_XENTR	Xenopus tropicalis	vertebrate	proteome	high	0.9968	414	include
k2p	A0A8J0QAU5__Xentro	tr|A0A8J0QAU5|A0A8J0QAU5_XENTR	Xenopus tropicalis	vertebrate	proteome	high	0.6368	322	include
lrrc8	A0A8J0QCD9__Xentro	tr|A0A8J0QCD9|A0A8J0QCD9_XENTR	Xenopus tropicalis	vertebrate	proteome	high	0.9988	855	include
mcu	A0A8J0QCT1__Xentro	tr|A0A8J0QCT1|A0A8J0QCT1_XENTR	Xenopus tropicalis	vertebrate	proteome	high	0.9797	339	include
trpa	A0A8J0QD66__Xentro	tr|A0A8J0QD66|A0A8J0QD66_XENTR	Xenopus tropicalis	vertebrate	proteome	high	0.9937	1144	include
kca_slo	A0A8J0QDA9__Xentro	tr|A0A8J0QDA9|A0A8J0QDA9_XENTR	Xenopus tropicalis	vertebrate	proteome	high	0.9238	1215	include
connexin	A0A8J0QDJ7__Xentro	tr|A0A8J0QDJ7|A0A8J0QDJ7_XENTR	Xenopus tropicalis	vertebrate	proteome	high	0.6495	215	include
ano_channel	A0A8J0QE68__Xentro	tr|A0A8J0QE68|A0A8J0QE68_XENTR	Xenopus tropicalis	vertebrate	proteome	high	0.8792	979	include
bestrophin	A0A8J0QE79__Xentro	tr|A0A8J0QE79|A0A8J0QE79_XENTR	Xenopus tropicalis	vertebrate	proteome	high	0.9526	657	include
lrrc8	A0A8J0QE86__Xentro	tr|A0A8J0QE86|A0A8J0QE86_XENTR	Xenopus tropicalis	vertebrate	proteome	high	0.9988	798	include
trpm	A0A8J0QEZ6__Xentro	tr|A0A8J0QEZ6|A0A8J0QEZ6_XENTR	Xenopus tropicalis	vertebrate	proteome	high	0.5945	1141	include
bestrophin	A0A8J0QFE8__Xentro	tr|A0A8J0QFE8|A0A8J0QFE8_XENTR	Xenopus tropicalis	vertebrate	proteome	high	0.8102	670	include
trpv	A0A8J0QGS4__Xentro	tr|A0A8J0QGS4|A0A8J0QGS4_XENTR	Xenopus tropicalis	vertebrate	proteome	high	0.8508	781	include
connexin	A0A8J0QID1__Xentro	tr|A0A8J0QID1|A0A8J0QID1_XENTR	Xenopus tropicalis	vertebrate	proteome	high	0.8232	369	include
kv_shaker	A0A8J0QIF7__Xentro	tr|A0A8J0QIF7|A0A8J0QIF7_XENTR	Xenopus tropicalis	vertebrate	proteome	high	0.8841	598	include
calhm	A0A8J0QJM3__Xentro	tr|A0A8J0QJM3|A0A8J0QJM3_XENTR	Xenopus tropicalis	vertebrate	proteome	high	0.9684	319	include
trpml	A0A8J0QK14__Xentro	tr|A0A8J0QK14|A0A8J0QK14_XENTR	Xenopus tropicalis	vertebrate	proteome	high	0.9457	555	include
trpm	A0A8J0QP05__Xentro	tr|A0A8J0QP05|A0A8J0QP05_XENTR	Xenopus tropicalis	vertebrate	proteome	high	0.6874	1218	include
glyr	A0A8J0QRH8__Xentro	tr|A0A8J0QRH8|A0A8J0QRH8_XENTR	Xenopus tropicalis	vertebrate	proteome	high	1.0	450	include
nachr	A0A8J0QTF3__Xentro	tr|A0A8J0QTF3|A0A8J0QTF3_XENTR	Xenopus tropicalis	vertebrate	proteome	high	0.9814	505	include
gabaa	A0A8J0QU21__Xentro	tr|A0A8J0QU21|A0A8J0QU21_XENTR	Xenopus tropicalis	vertebrate	proteome	high	0.9474	492	include
kv_modifier	A0A8J0QUE4__Xentro	tr|A0A8J0QUE4|A0A8J0QUE4_XENTR	Xenopus tropicalis	vertebrate	proteome	medium	0.9093		profile_medium
enac	A0A8J0QUS8__Xentro	tr|A0A8J0QUS8|A0A8J0QUS8_XENTR	Xenopus tropicalis	vertebrate	proteome	high	0.845	553	include
trpm	A0A8J0QVH9__Xentro	tr|A0A8J0QVH9|A0A8J0QVH9_XENTR	Xenopus tropicalis	vertebrate	proteome	high	0.9937	1875	include
lrrc8	A0A8J0QX29__Xentro	tr|A0A8J0QX29|A0A8J0QX29_XENTR	Xenopus tropicalis	vertebrate	proteome	high	0.9975	797	include
ampa	A0A8J0QXI0__Xentro	tr|A0A8J0QXI0|A0A8J0QXI0_XENTR	Xenopus tropicalis	vertebrate	proteome	high	0.9933	903	include
hcn	A0A8J0QZ60__Xentro	tr|A0A8J0QZ60|A0A8J0QZ60_XENTR	Xenopus tropicalis	vertebrate	proteome	high	0.8847	2061	include
p2x	A0A8J0QZB3__Xentro	tr|A0A8J0QZB3|A0A8J0QZB3_XENTR	Xenopus tropicalis	vertebrate	proteome	high	0.8988	436	include
kainate	A0A8J0R164__Xentro	tr|A0A8J0R164|A0A8J0R164_XENTR	Xenopus tropicalis	vertebrate	proteome	high	0.9868	928	include
ryr	A0A8J0R451__Xentro	tr|A0A8J0R451|A0A8J0R451_XENTR	Xenopus tropicalis	vertebrate	proteome	high	0.9998	5044	include
otop	A0A8J0R745__Xentro	tr|A0A8J0R745|A0A8J0R745_XENTR	Xenopus tropicalis	vertebrate	proteome	high	0.957	631	include
connexin	A0A8J0R7W8__Xentro	tr|A0A8J0R7W8|A0A8J0R7W8_XENTR	Xenopus tropicalis	vertebrate	proteome	high	0.8232	593	include
nmda	A0A8J0S9R9__Xentro	tr|A0A8J0S9R9|A0A8J0S9R9_XENTR	Xenopus tropicalis	vertebrate	proteome	high	0.8193	1189	include
cav	A0A8J0S9X9__Xentro	tr|A0A8J0S9X9|A0A8J0S9X9_XENTR	Xenopus tropicalis	vertebrate	proteome	high	0.9753	2196	include
nachr	A0A8J0SBA5__Xentro	tr|A0A8J0SBA5|A0A8J0SBA5_XENTR	Xenopus tropicalis	vertebrate	proteome	high	0.9607	494	include
kca_slo	A0A8J0SC64__Xentro	tr|A0A8J0SC64|A0A8J0SC64_XENTR	Xenopus tropicalis	vertebrate	proteome	high	0.8976	1159	include
kca_sk	A0A8J0SCE1__Xentro	tr|A0A8J0SCE1|A0A8J0SCE1_XENTR	Xenopus tropicalis	vertebrate	proteome	medium	0.3946		profile_medium
otop	A0A8J0SE01__Xentro	tr|A0A8J0SE01|A0A8J0SE01_XENTR	Xenopus tropicalis	vertebrate	proteome	high	0.9346	589	include
connexin	A0A8J0SE59__Xentro	tr|A0A8J0SE59|A0A8J0SE59_XENTR	Xenopus tropicalis	vertebrate	proteome	high	0.9453	353	include
kca_sk	A0A8J0SE91__Xentro	tr|A0A8J0SE91|A0A8J0SE91_XENTR	Xenopus tropicalis	vertebrate	proteome	high	0.9398	743	include
pannexin	A0A8J0SJZ3__Xentro	tr|A0A8J0SJZ3|A0A8J0SJZ3_XENTR	Xenopus tropicalis	vertebrate	proteome	high	0.9977	675	include
tpc	A0A8J0SMJ5__Xentro	tr|A0A8J0SMJ5|A0A8J0SMJ5_XENTR	Xenopus tropicalis	vertebrate	proteome	high	0.9882	798	include
trpv	A0A8J0SN35__Xentro	tr|A0A8J0SN35|A0A8J0SN35_XENTR	Xenopus tropicalis	vertebrate	proteome	high	0.7891	673	include
piezo	A0A8J0SP08__Xentro	tr|A0A8J0SP08|A0A8J0SP08_XENTR	Xenopus tropicalis	vertebrate	proteome	high	0.9996	2822	include
nav	A0A8J0SQ73__Xentro	tr|A0A8J0SQ73|A0A8J0SQ73_XENTR	Xenopus tropicalis	vertebrate	proteome	high	0.9882	1849	include
trpv	A0A8J0SQF6__Xentro	tr|A0A8J0SQF6|A0A8J0SQF6_XENTR	Xenopus tropicalis	vertebrate	proteome	high	0.8261	806	include
gabaa	A0A8J0SSM7__Xentro	tr|A0A8J0SSM7|A0A8J0SSM7_XENTR	Xenopus tropicalis	vertebrate	proteome	high	0.9013	401	include
connexin	A0A8J0SSP2__Xentro	tr|A0A8J0SSP2|A0A8J0SSP2_XENTR	Xenopus tropicalis	vertebrate	proteome	high	0.7846	264	include
ano_channel	A0A8J0SSS8__Xentro	tr|A0A8J0SSS8|A0A8J0SSS8_XENTR	Xenopus tropicalis	vertebrate	proteome	high	0.9556	1089	include
cav	A0A8J0ST41__Xentro	tr|A0A8J0ST41|A0A8J0ST41_XENTR	Xenopus tropicalis	vertebrate	proteome	high	0.7031	2072	include
trpv	A0A8J0SUQ6__Xentro	tr|A0A8J0SUQ6|A0A8J0SUQ6_XENTR	Xenopus tropicalis	vertebrate	proteome	high	0.7127	600	include
nav	A0A8J0SWE1__Xentro	tr|A0A8J0SWE1|A0A8J0SWE1_XENTR	Xenopus tropicalis	vertebrate	proteome	high	0.9994	2019	include
itpr	A0A8J0SYK9__Xentro	tr|A0A8J0SYK9|A0A8J0SYK9_XENTR	Xenopus tropicalis	vertebrate	proteome	high	0.9985	2673	include
nav	A0A8J0SZI9__Xentro	tr|A0A8J0SZI9|A0A8J0SZI9_XENTR	Xenopus tropicalis	vertebrate	proteome	high	0.9989	2020	include
kir	A0A8J0SZR9__Xentro	tr|A0A8J0SZR9|A0A8J0SZR9_XENTR	Xenopus tropicalis	vertebrate	proteome	high	0.6993	486	include
p2x	A0A8J0T134__Xentro	tr|A0A8J0T134|A0A8J0T134_XENTR	Xenopus tropicalis	vertebrate	proteome	high	0.9294	565	include
enac	A0A8J0T2F9__Xentro	tr|A0A8J0T2F9|A0A8J0T2F9_XENTR	Xenopus tropicalis	vertebrate	proteome	medium	0.5628		profile_medium
hcn	A0A8J0T2N6__Xentro	tr|A0A8J0T2N6|A0A8J0T2N6_XENTR	Xenopus tropicalis	vertebrate	proteome	high	0.913	1042	include
cng	A0A8J0T3R8__Xentro	tr|A0A8J0T3R8|A0A8J0T3R8_XENTR	Xenopus tropicalis	vertebrate	proteome	high	0.9264	784	include
itpr	A0A8J0T3U5__Xentro	tr|A0A8J0T3U5|A0A8J0T3U5_XENTR	Xenopus tropicalis	vertebrate	proteome	high	0.9996	2743	include
connexin	A0A8J0T405__Xentro	tr|A0A8J0T405|A0A8J0T405_XENTR	Xenopus tropicalis	vertebrate	proteome	high	0.9968	379	include
connexin	A0A8J0T454__Xentro	tr|A0A8J0T454|A0A8J0T454_XENTR	Xenopus tropicalis	vertebrate	proteome	high	0.9196	563	include
gabaa	A0A8J0T4K0__Xentro	tr|A0A8J0T4K0|A0A8J0T4K0_XENTR	Xenopus tropicalis	vertebrate	proteome	high	0.9101	450	include
asic	A0A8J0T5R5__Xentro	tr|A0A8J0T5R5|A0A8J0T5R5_XENTR	Xenopus tropicalis	vertebrate	proteome	high	0.881	852	include
trpm	A0A8J1IMG9__Xentro	tr|A0A8J1IMG9|A0A8J1IMG9_XENTR	Xenopus tropicalis	vertebrate	proteome	high	0.9806	2036	include
cav	A0A8J1IMU9__Xentro	tr|A0A8J1IMU9|A0A8J1IMU9_XENTR	Xenopus tropicalis	vertebrate	proteome	high	0.9332	2250	include
ryr	A0A8J1INJ9__Xentro	tr|A0A8J1INJ9|A0A8J1INJ9_XENTR	Xenopus tropicalis	vertebrate	proteome	high	0.983	4884	include
cav	A0A8J1IRF3__Xentro	tr|A0A8J1IRF3|A0A8J1IRF3_XENTR	Xenopus tropicalis	vertebrate	proteome	high	0.9661	2034	include
p2x	A0A8J1ISF1__Xentro	tr|A0A8J1ISF1|A0A8J1ISF1_XENTR	Xenopus tropicalis	vertebrate	proteome	high	0.9012	561	include
kca_sk	A0A8J1ISI1__Xentro	tr|A0A8J1ISI1|A0A8J1ISI1_XENTR	Xenopus tropicalis	vertebrate	proteome	high	0.5927	447	include
cav	A0A8J1IT67__Xentro	tr|A0A8J1IT67|A0A8J1IT67_XENTR	Xenopus tropicalis	vertebrate	proteome	high	0.735	2460	include
kir	A0A8J1ITT1__Xentro	tr|A0A8J1ITT1|A0A8J1ITT1_XENTR	Xenopus tropicalis	vertebrate	proteome	high	0.912	411	include
kv_eag	A0A8J1ITW3__Xentro	tr|A0A8J1ITW3|A0A8J1ITW3_XENTR	Xenopus tropicalis	vertebrate	proteome	high	0.998	1205	include
nav	A0A8J1IUH8__Xentro	tr|A0A8J1IUH8|A0A8J1IUH8_XENTR	Xenopus tropicalis	vertebrate	proteome	high	0.995	1970	include
p2x	A0A8J1IVF2__Xentro	tr|A0A8J1IVF2|A0A8J1IVF2_XENTR	Xenopus tropicalis	vertebrate	proteome	high	0.9012	385	include
otop	A0A8J1IX54__Xentro	tr|A0A8J1IX54|A0A8J1IX54_XENTR	Xenopus tropicalis	vertebrate	proteome	high	0.9398	740	include
piezo	A0A8J1IXM9__Xentro	tr|A0A8J1IXM9|A0A8J1IXM9_XENTR	Xenopus tropicalis	vertebrate	proteome	high	0.9848	2614	include
cav	A0A8J1J139__Xentro	tr|A0A8J1J139|A0A8J1J139_XENTR	Xenopus tropicalis	vertebrate	proteome	high	0.7278	2361	include
trpv	A0A8J1J3Q0__Xentro	tr|A0A8J1J3Q0|A0A8J1J3Q0_XENTR	Xenopus tropicalis	vertebrate	proteome	high	0.9137	778	include
ampa	A0A8J1J485__Xentro	tr|A0A8J1J485|A0A8J1J485_XENTR	Xenopus tropicalis	vertebrate	proteome	high	0.9989	902	include
nav	A0A8J1J4B2__Xentro	tr|A0A8J1J4B2|A0A8J1J4B2_XENTR	Xenopus tropicalis	vertebrate	proteome	high	0.9983	1987	include
ampa	A0A8J1J4Z9__Xentro	tr|A0A8J1J4Z9|A0A8J1J4Z9_XENTR	Xenopus tropicalis	vertebrate	proteome	high	1.0	883	include
trpc	A0A8J1J549__Xentro	tr|A0A8J1J549|A0A8J1J549_XENTR	Xenopus tropicalis	vertebrate	proteome	high	0.5929	751	include
bestrophin	A0A8J1J6Z2__Xentro	tr|A0A8J1J6Z2|A0A8J1J6Z2_XENTR	Xenopus tropicalis	vertebrate	proteome	high	0.7837	510	include
asic	A0A8J1J7S8__Xentro	tr|A0A8J1J7S8|A0A8J1J7S8_XENTR	Xenopus tropicalis	vertebrate	proteome	medium	0.3186		profile_medium
nachr	A0A8J1J8Q8__Xentro	tr|A0A8J1J8Q8|A0A8J1J8Q8_XENTR	Xenopus tropicalis	vertebrate	proteome	high	0.7681	415	include
kv_kcnq	A0A8J1J9H0__Xentro	tr|A0A8J1J9H0|A0A8J1J9H0_XENTR	Xenopus tropicalis	vertebrate	proteome	high	0.8589	671	include
cav	A0A8J1JBR0__Xentro	tr|A0A8J1JBR0|A0A8J1JBR0_XENTR	Xenopus tropicalis	vertebrate	proteome	high	0.9209	2302	include
trpml	A0A8J1JDK1__Xentro	tr|A0A8J1JDK1|A0A8J1JDK1_XENTR	Xenopus tropicalis	vertebrate	proteome	high	0.9562	557	include
trpm	A0A8J1JEE5__Xentro	tr|A0A8J1JEE5|A0A8J1JEE5_XENTR	Xenopus tropicalis	vertebrate	proteome	high	0.8759	1679	include
kv_shaker	A0A8J1JF66__Xentro	tr|A0A8J1JF66|A0A8J1JF66_XENTR	Xenopus tropicalis	vertebrate	proteome	high	0.6069	644	include
cng	A0A8J1JH40__Xentro	tr|A0A8J1JH40|A0A8J1JH40_XENTR	Xenopus tropicalis	vertebrate	proteome	high	0.867	1922	include
kca_slo	A0A8J1JIQ7__Xentro	tr|A0A8J1JIQ7|A0A8J1JIQ7_XENTR	Xenopus tropicalis	vertebrate	proteome	high	0.9175	1136	include
k2p	A0A8J1JLL9__Xentro	tr|A0A8J1JLL9|A0A8J1JLL9_XENTR	Xenopus tropicalis	vertebrate	proteome	high	0.8607	412	include
gabaa	A0A8J1JNT9__Xentro	tr|A0A8J1JNT9|A0A8J1JNT9_XENTR	Xenopus tropicalis	vertebrate	proteome	high	0.6864	364	include
kv_eag	A0A8J1JNY0__Xentro	tr|A0A8J1JNY0|A0A8J1JNY0_XENTR	Xenopus tropicalis	vertebrate	proteome	high	0.997	1194	include
asic	A0A8J1JPJ4__Xentro	tr|A0A8J1JPJ4|A0A8J1JPJ4_XENTR	Xenopus tropicalis	vertebrate	proteome	high	0.8138	432	include
kv_kcnq	A0A8J1JQV7__Xentro	tr|A0A8J1JQV7|A0A8J1JQV7_XENTR	Xenopus tropicalis	vertebrate	proteome	high	0.8934	862	include
nav	A0A8J1JRG6__Xentro	tr|A0A8J1JRG6|A0A8J1JRG6_XENTR	Xenopus tropicalis	vertebrate	proteome	high	0.991	1989	include
trpv	A0A8J1JTV5__Xentro	tr|A0A8J1JTV5|A0A8J1JTV5_XENTR	Xenopus tropicalis	vertebrate	proteome	high	0.8348	836	include
kca_slo	A0A8J1JVH8__Xentro	tr|A0A8J1JVH8|A0A8J1JVH8_XENTR	Xenopus tropicalis	vertebrate	proteome	high	0.9946	1334	include
ht3	A0A8J1JWU7__Xentro	tr|A0A8J1JWU7|A0A8J1JWU7_XENTR	Xenopus tropicalis	vertebrate	proteome	medium	0.426		profile_medium
clc_channel	A0A8J1JX25__Xentro	tr|A0A8J1JX25|A0A8J1JX25_XENTR	Xenopus tropicalis	vertebrate	proteome	high	0.6678	685	include
nmda	A0A8J1JX42__Xentro	tr|A0A8J1JX42|A0A8J1JX42_XENTR	Xenopus tropicalis	vertebrate	proteome	high	0.9949	1345	include
hcn	A0A8J1JZ60__Xentro	tr|A0A8J1JZ60|A0A8J1JZ60_XENTR	Xenopus tropicalis	vertebrate	proteome	high	0.8495	923	include
ht3	A0A8J1JZS4__Xentro	tr|A0A8J1JZS4|A0A8J1JZS4_XENTR	Xenopus tropicalis	vertebrate	proteome	high	0.9404	474	include
gabaa	A0A8J1K0X0__Xentro	tr|A0A8J1K0X0|A0A8J1K0X0_XENTR	Xenopus tropicalis	vertebrate	proteome	high	0.9145	409	include
vdac	A0A8M1MZL8__Danrer	tr|A0A8M1MZL8|A0A8M1MZL8_DANRE	Danio rerio	vertebrate	proteome	high	0.9964	283	include
calhm	A0A8M1N137__Danrer	tr|A0A8M1N137|A0A8M1N137_DANRE	Danio rerio	vertebrate	proteome	high	0.9209	310	include
glyr	A0A8M1N1J5__Danrer	tr|A0A8M1N1J5|A0A8M1N1J5_DANRE	Danio rerio	vertebrate	proteome	high	0.9697	494	include
trpa	A0A8M1N2Z4__Danrer	tr|A0A8M1N2Z4|A0A8M1N2Z4_DANRE	Danio rerio	vertebrate	proteome	high	0.9723	1120	include
connexin	A0A8M1N566__Danrer	tr|A0A8M1N566|A0A8M1N566_DANRE	Danio rerio	vertebrate	proteome	high	0.8617	304	include
gabaa	A0A8M1N5Q6__Danrer	tr|A0A8M1N5Q6|A0A8M1N5Q6_DANRE	Danio rerio	vertebrate	proteome	high	0.9781	557	include
nachr	A0A8M1N5W2__Danrer	tr|A0A8M1N5W2|A0A8M1N5W2_DANRE	Danio rerio	vertebrate	proteome	high	0.8509	466	include
lrrc8	A0A8M1N794__Danrer	tr|A0A8M1N794|A0A8M1N794_DANRE	Danio rerio	vertebrate	proteome	high	0.9988	795	include
kir	A0A8M1N798__Danrer	tr|A0A8M1N798|A0A8M1N798_DANRE	Danio rerio	vertebrate	proteome	high	0.912	416	include
k2p	A0A8M1N7B3__Danrer	tr|A0A8M1N7B3|A0A8M1N7B3_DANRE	Danio rerio	vertebrate	proteome	high	0.699	315	include
connexin	A0A8M1N7D5__Danrer	tr|A0A8M1N7D5|A0A8M1N7D5_DANRE	Danio rerio	vertebrate	proteome	high	0.8778	298	include
trpc	A0A8M1N7L4__Danrer	tr|A0A8M1N7L4|A0A8M1N7L4_DANRE	Danio rerio	vertebrate	proteome	high	0.9043	1140	include
connexin	A0A8M1N7U1__Danrer	tr|A0A8M1N7U1|A0A8M1N7U1_DANRE	Danio rerio	vertebrate	proteome	high	0.9839	370	include
k2p	A0A8M1N7Z0__Danrer	tr|A0A8M1N7Z0|A0A8M1N7Z0_DANRE	Danio rerio	vertebrate	proteome	high	0.6642	513	include
kir	A0A8M1N8P1__Danrer	tr|A0A8M1N8P1|A0A8M1N8P1_DANRE	Danio rerio	vertebrate	proteome	high	0.824	381	include
nachr	A0A8M1N8Y3__Danrer	tr|A0A8M1N8Y3|A0A8M1N8Y3_DANRE	Danio rerio	vertebrate	proteome	high	0.971	512	include
connexin	A0A8M1N9B7__Danrer	tr|A0A8M1N9B7|A0A8M1N9B7_DANRE	Danio rerio	vertebrate	proteome	high	0.8103	341	include
calhm	A0A8M1NAV9__Danrer	tr|A0A8M1NAV9|A0A8M1NAV9_DANRE	Danio rerio	vertebrate	proteome	high	0.9241	324	include
nachr	A0A8M1NB70__Danrer	tr|A0A8M1NB70|A0A8M1NB70_DANRE	Danio rerio	vertebrate	proteome	high	0.9379	627	include
kir	A0A8M1NCY0__Danrer	tr|A0A8M1NCY0|A0A8M1NCY0_DANRE	Danio rerio	vertebrate	proteome	high	0.8264	432	include
kv_shaker	A0A8M1ND79__Danrer	tr|A0A8M1ND79|A0A8M1ND79_DANRE	Danio rerio	vertebrate	proteome	high	0.904	597	include
nmda	A0A8M1NH89__Danrer	tr|A0A8M1NH89|A0A8M1NH89_DANRE	Danio rerio	vertebrate	proteome	high	0.9761	1770	include
k2p	A0A8M1NHJ6__Danrer	tr|A0A8M1NHJ6|A0A8M1NHJ6_DANRE	Danio rerio	vertebrate	proteome	high	0.8507	399	include
connexin	A0A8M1NHY1__Danrer	tr|A0A8M1NHY1|A0A8M1NHY1_DANRE	Danio rerio	vertebrate	proteome	high	0.8167	299	include
gabaa	A0A8M1NKP6__Danrer	tr|A0A8M1NKP6|A0A8M1NKP6_DANRE	Danio rerio	vertebrate	proteome	high	0.943	472	include
trpc	A0A8M1NVB3__Danrer	tr|A0A8M1NVB3|A0A8M1NVB3_DANRE	Danio rerio	vertebrate	proteome	high	0.8654	796	include
k2p	A0A8M1NVY1__Danrer	tr|A0A8M1NVY1|A0A8M1NVY1_DANRE	Danio rerio	vertebrate	proteome	high	0.6418	391	include
trpc	A0A8M1P0G4__Danrer	tr|A0A8M1P0G4|A0A8M1P0G4_DANRE	Danio rerio	vertebrate	proteome	high	0.8776	902	include
k2p	A0A8M1P283__Danrer	tr|A0A8M1P283|A0A8M1P283_DANRE	Danio rerio	vertebrate	proteome	high	0.9627	569	include
clc_channel	A0A8M1P2T9__Danrer	tr|A0A8M1P2T9|A0A8M1P2T9_DANRE	Danio rerio	vertebrate	proteome	high	0.9104	810	include
nachr	A0A8M1P3B5__Danrer	tr|A0A8M1P3B5|A0A8M1P3B5_DANRE	Danio rerio	vertebrate	proteome	high	0.9689	492	include
kainate	A0A8M1P3L5__Danrer	tr|A0A8M1P3L5|A0A8M1P3L5_DANRE	Danio rerio	vertebrate	proteome	high	0.9341	1067	include
trpm	A0A8M1P545__Danrer	tr|A0A8M1P545|A0A8M1P545_DANRE	Danio rerio	vertebrate	proteome	high	0.6919	1222	include
trpm	A0A8M1P6E5__Danrer	tr|A0A8M1P6E5|A0A8M1P6E5_DANRE	Danio rerio	vertebrate	proteome	high	0.6868	1260	include
p2x	A0A8M1P9E0__Danrer	tr|A0A8M1P9E0|A0A8M1P9E0_DANRE	Danio rerio	vertebrate	proteome	high	0.8965	398	include
clc_channel	A0A8M1P9H1__Danrer	tr|A0A8M1P9H1|A0A8M1P9H1_DANRE	Danio rerio	vertebrate	proteome	high	0.983	979	include
kir	A0A8M1P9I8__Danrer	tr|A0A8M1P9I8|A0A8M1P9I8_DANRE	Danio rerio	vertebrate	proteome	high	0.9853	427	include
k2p	A0A8M1PBI1__Danrer	tr|A0A8M1PBI1|A0A8M1PBI1_DANRE	Danio rerio	vertebrate	proteome	high	0.699	448	include
nachr	A0A8M1PBY7__Danrer	tr|A0A8M1PBY7|A0A8M1PBY7_DANRE	Danio rerio	vertebrate	proteome	high	0.8489	462	include
vdac	A0A8M1PD37__Danrer	tr|A0A8M1PD37|A0A8M1PD37_DANRE	Danio rerio	vertebrate	proteome	high	0.9964	283	include
p2x	A0A8M1PDW6__Danrer	tr|A0A8M1PDW6|A0A8M1PDW6_DANRE	Danio rerio	vertebrate	proteome	high	0.88	400	include
nachr	A0A8M1PE91__Danrer	tr|A0A8M1PE91|A0A8M1PE91_DANRE	Danio rerio	vertebrate	proteome	high	0.9607	467	include
connexin	A0A8M1PFK1__Danrer	tr|A0A8M1PFK1|A0A8M1PFK1_DANRE	Danio rerio	vertebrate	proteome	high	0.8682	285	include
trpml	A0A8M1PFP4__Danrer	tr|A0A8M1PFP4|A0A8M1PFP4_DANRE	Danio rerio	vertebrate	proteome	high	0.9475	561	include
nachr	A0A8M1PFU3__Danrer	tr|A0A8M1PFU3|A0A8M1PFU3_DANRE	Danio rerio	vertebrate	proteome	high	0.9648	509	include
pannexin	A0A8M1PG01__Danrer	tr|A0A8M1PG01|A0A8M1PG01_DANRE	Danio rerio	vertebrate	proteome	high	0.9276	417	include
connexin	A0A8M1PID7__Danrer	tr|A0A8M1PID7|A0A8M1PID7_DANRE	Danio rerio	vertebrate	proteome	high	0.9936	353	include
kv_eag	A0A8M1PIE0__Danrer	tr|A0A8M1PIE0|A0A8M1PIE0_DANRE	Danio rerio	vertebrate	proteome	high	0.998	1186	include
otop	A0A8M1PS88__Danrer	tr|A0A8M1PS88|A0A8M1PS88_DANRE	Danio rerio	vertebrate	proteome	high	0.9363	572	include
kv_shaker	A0A8M1PUH5__Danrer	tr|A0A8M1PUH5|A0A8M1PUH5_DANRE	Danio rerio	vertebrate	proteome	medium	0.7246		profile_medium
nachr	A0A8M1PZA1__Danrer	tr|A0A8M1PZA1|A0A8M1PZA1_DANRE	Danio rerio	vertebrate	proteome	high	0.971	488	include
kainate	A0A8M1QHZ3__Danrer	tr|A0A8M1QHZ3|A0A8M1QHZ3_DANRE	Danio rerio	vertebrate	proteome	medium	0.4918		profile_medium
kv_eag	A0A8M1QUN4__Danrer	tr|A0A8M1QUN4|A0A8M1QUN4_DANRE	Danio rerio	vertebrate	proteome	high	0.9172	1192	include
cng	A0A8M1RHG3__Danrer	tr|A0A8M1RHG3|A0A8M1RHG3_DANRE	Danio rerio	vertebrate	proteome	high	0.802	758	include
cng	A0A8M1RJV4__Danrer	tr|A0A8M1RJV4|A0A8M1RJV4_DANRE	Danio rerio	vertebrate	proteome	high	0.8713	718	include
trpc	A0A8M1RKV1__Danrer	tr|A0A8M1RKV1|A0A8M1RKV1_DANRE	Danio rerio	vertebrate	proteome	high	0.8643	858	include
connexin	A0A8M1RLU7__Danrer	tr|A0A8M1RLU7|A0A8M1RLU7_DANRE	Danio rerio	vertebrate	proteome	high	0.8521	394	include
kv_eag	A0A8M1RRD3__Danrer	tr|A0A8M1RRD3|A0A8M1RRD3_DANRE	Danio rerio	vertebrate	proteome	high	0.9103	1005	include
kv_shaker	A0A8M1RS50__Danrer	tr|A0A8M1RS50|A0A8M1RS50_DANRE	Danio rerio	vertebrate	proteome	high	0.7736	568	include
kv_modifier	A0A8M2B351__Danrer	tr|A0A8M2B351|A0A8M2B351_DANRE	Danio rerio	vertebrate	proteome	medium	0.9072		profile_medium
connexin	A0A8M2B5D5__Danrer	tr|A0A8M2B5D5|A0A8M2B5D5_DANRE	Danio rerio	vertebrate	proteome	high	0.8585	299	include
calhm	A0A8M2B6Z4__Danrer	tr|A0A8M2B6Z4|A0A8M2B6Z4_DANRE	Danio rerio	vertebrate	proteome	high	0.9241	408	include
kv_shaker	A0A8M2BA57__Danrer	tr|A0A8M2BA57|A0A8M2BA57_DANRE	Danio rerio	vertebrate	proteome	high	0.7935	475	include
kv_shaker	A0A8M2BAM8__Danrer	tr|A0A8M2BAM8|A0A8M2BAM8_DANRE	Danio rerio	vertebrate	proteome	medium	0.8877		profile_medium
ampa	A0A8M2BC95__Danrer	tr|A0A8M2BC95|A0A8M2BC95_DANRE	Danio rerio	vertebrate	proteome	high	0.8902	903	include
trpv	A0A8M2BCH8__Danrer	tr|A0A8M2BCH8|A0A8M2BCH8_DANRE	Danio rerio	vertebrate	proteome	high	0.9199	859	include
orai	A0A8M2BCU4__Danrer	tr|A0A8M2BCU4|A0A8M2BCU4_DANRE	Danio rerio	vertebrate	proteome	high	0.9	281	include
nav	A0A8M2BDE6__Danrer	tr|A0A8M2BDE6|A0A8M2BDE6_DANRE	Danio rerio	vertebrate	proteome	high	0.9983	1969	include
itpr	A0A8M2BDG0__Danrer	tr|A0A8M2BDG0|A0A8M2BDG0_DANRE	Danio rerio	vertebrate	proteome	high	0.9996	2711	include
gabaa	A0A8M2BDH7__Danrer	tr|A0A8M2BDH7|A0A8M2BDH7_DANRE	Danio rerio	vertebrate	proteome	high	0.9452	532	include
cng	A0A8M2BDH8__Danrer	tr|A0A8M2BDH8|A0A8M2BDH8_DANRE	Danio rerio	vertebrate	proteome	high	0.9547	765	include
kca_sk	A0A8M2BE84__Danrer	tr|A0A8M2BE84|A0A8M2BE84_DANRE	Danio rerio	vertebrate	proteome	high	0.8558	811	include
vdac	A0A8M2BEA1__Danrer	tr|A0A8M2BEA1|A0A8M2BEA1_DANRE	Danio rerio	vertebrate	proteome	high	0.9928	308	include
nalcn	A0A8M2BF56__Danrer	tr|A0A8M2BF56|A0A8M2BF56_DANRE	Danio rerio	vertebrate	proteome	high	1.0	1743	include
cav	A0A8M2BFL7__Danrer	tr|A0A8M2BFL7|A0A8M2BFL7_DANRE	Danio rerio	vertebrate	proteome	high	0.8552	1778	include
lrrc8	A0A8M2BG09__Danrer	tr|A0A8M2BG09|A0A8M2BG09_DANRE	Danio rerio	vertebrate	proteome	high	0.9988	841	include
k2p	A0A8M2BH55__Danrer	tr|A0A8M2BH55|A0A8M2BH55_DANRE	Danio rerio	vertebrate	proteome	high	0.9801	575	include
ampa	A0A8M2BI34__Danrer	tr|A0A8M2BI34|A0A8M2BI34_DANRE	Danio rerio	vertebrate	proteome	high	0.9867	893	include
kca_sk	A0A8M2BIK5__Danrer	tr|A0A8M2BIK5|A0A8M2BIK5_DANRE	Danio rerio	vertebrate	proteome	high	0.981	893	include
trpm	A0A8M2BJ81__Danrer	tr|A0A8M2BJ81|A0A8M2BJ81_DANRE	Danio rerio	vertebrate	proteome	high	0.8844	1723	include
gabaa	A0A8M2BKD0__Danrer	tr|A0A8M2BKD0|A0A8M2BKD0_DANRE	Danio rerio	vertebrate	proteome	high	0.9583	472	include
gabaa	A0A8M2BL14__Danrer	tr|A0A8M2BL14|A0A8M2BL14_DANRE	Danio rerio	vertebrate	proteome	high	0.9715	464	include
kv_shaker	A0A8M2BLG6__Danrer	tr|A0A8M2BLG6|A0A8M2BLG6_DANRE	Danio rerio	vertebrate	proteome	high	0.8134	515	include
ryr	A0A8M3ALN1__Danrer	tr|A0A8M3ALN1|A0A8M3ALN1_DANRE	Danio rerio	vertebrate	proteome	high	0.9808	4863	include
gabaa	A0A8M3ALU6__Danrer	tr|A0A8M3ALU6|A0A8M3ALU6_DANRE	Danio rerio	vertebrate	proteome	high	0.9715	470	include
cng	A0A8M3ANQ6__Danrer	tr|A0A8M3ANQ6|A0A8M3ANQ6_DANRE	Danio rerio	vertebrate	proteome	high	0.7723	801	include
kir	A0A8M3AQ22__Danrer	tr|A0A8M3AQ22|A0A8M3AQ22_DANRE	Danio rerio	vertebrate	proteome	high	0.9462	503	include
cng	A0A8M3AS70__Danrer	tr|A0A8M3AS70|A0A8M3AS70_DANRE	Danio rerio	vertebrate	proteome	high	0.7977	1302	include
ano_channel	A0A8M3AUR0__Danrer	tr|A0A8M3AUR0|A0A8M3AUR0_DANRE	Danio rerio	vertebrate	proteome	high	0.8628	1368	include
clc_channel	A0A8M3AV81__Danrer	tr|A0A8M3AV81|A0A8M3AV81_DANRE	Danio rerio	vertebrate	proteome	high	0.9887	911	include
trpc	A0A8M3AXK0__Danrer	tr|A0A8M3AXK0|A0A8M3AXK0_DANRE	Danio rerio	vertebrate	proteome	high	0.8932	1041	include
kv_eag	A0A8M3AXZ2__Danrer	tr|A0A8M3AXZ2|A0A8M3AXZ2_DANRE	Danio rerio	vertebrate	proteome	high	0.9123	965	include
trpm	A0A8M3AY04__Danrer	tr|A0A8M3AY04|A0A8M3AY04_DANRE	Danio rerio	vertebrate	proteome	high	0.6948	1226	include
gabaa	A0A8M3AZ57__Danrer	tr|A0A8M3AZ57|A0A8M3AZ57_DANRE	Danio rerio	vertebrate	proteome	high	0.9408	471	include
nachr	A0A8M3B0F4__Danrer	tr|A0A8M3B0F4|A0A8M3B0F4_DANRE	Danio rerio	vertebrate	proteome	high	0.9793	494	include
connexin	A0A8M3B0R8__Danrer	tr|A0A8M3B0R8|A0A8M3B0R8_DANRE	Danio rerio	vertebrate	proteome	high	0.8135	304	include
connexin	A0A8M3B172__Danrer	tr|A0A8M3B172|A0A8M3B172_DANRE	Danio rerio	vertebrate	proteome	high	0.7395	354	include
kv_modifier	A0A8M3B1J1__Danrer	tr|A0A8M3B1J1|A0A8M3B1J1_DANRE	Danio rerio	vertebrate	proteome	high	0.9008	535	include
pannexin	A0A8M3B3A8__Danrer	tr|A0A8M3B3A8|A0A8M3B3A8_DANRE	Danio rerio	vertebrate	proteome	high	0.8032	932	include
nmda	A0A8M3B7K5__Danrer	tr|A0A8M3B7K5|A0A8M3B7K5_DANRE	Danio rerio	vertebrate	proteome	high	0.9949	1328	include
kir	A0A8M3B7L6__Danrer	tr|A0A8M3B7L6|A0A8M3B7L6_DANRE	Danio rerio	vertebrate	proteome	high	0.8117	388	include
gabaa	A0A8M3B7W8__Danrer	tr|A0A8M3B7W8|A0A8M3B7W8_DANRE	Danio rerio	vertebrate	proteome	high	0.9518	454	include
nav	A0A8M3B7Z1__Danrer	tr|A0A8M3B7Z1|A0A8M3B7Z1_DANRE	Danio rerio	vertebrate	proteome	high	0.9966	1940	include
kainate	A0A8M3BCZ5__Danrer	tr|A0A8M3BCZ5|A0A8M3BCZ5_DANRE	Danio rerio	vertebrate	proteome	high	0.9506	919	include
pannexin	A0A8M6YTH1__Danrer	tr|A0A8M6YTH1|A0A8M6YTH1_DANRE	Danio rerio	vertebrate	proteome	high	0.9977	651	include
ryr	A0A8M6YTI2__Danrer	tr|A0A8M6YTI2|A0A8M6YTI2_DANRE	Danio rerio	vertebrate	proteome	high	0.9998	5109	include
kainate	A0A8M6YU34__Danrer	tr|A0A8M6YU34|A0A8M6YU34_DANRE	Danio rerio	vertebrate	proteome	high	0.944	1063	include
nmda	A0A8M6Z151__Danrer	tr|A0A8M6Z151|A0A8M6Z151_DANRE	Danio rerio	vertebrate	proteome	high	0.8713	1114	include
trpm	A0A8M6Z1K6__Danrer	tr|A0A8M6Z1K6|A0A8M6Z1K6_DANRE	Danio rerio	vertebrate	proteome	high	0.8702	1653	include
trpc	A0A8M6Z1M8__Danrer	tr|A0A8M6Z1M8|A0A8M6Z1M8_DANRE	Danio rerio	vertebrate	proteome	high	0.8287	855	include
itpr	A0A8M6Z266__Danrer	tr|A0A8M6Z266|A0A8M6Z266_DANRE	Danio rerio	vertebrate	proteome	high	0.9771	2635	include
cav	A0A8M6Z381__Danrer	tr|A0A8M6Z381|A0A8M6Z381_DANRE	Danio rerio	vertebrate	proteome	high	0.9332	2447	include
kv_modifier	A0A8M6Z6V7__Danrer	tr|A0A8M6Z6V7|A0A8M6Z6V7_DANRE	Danio rerio	vertebrate	proteome	high	0.903	487	include
cav	A0A8M6Z865__Danrer	tr|A0A8M6Z865|A0A8M6Z865_DANRE	Danio rerio	vertebrate	proteome	high	0.9969	2444	include
trpa	A0A8M6Z942__Danrer	tr|A0A8M6Z942|A0A8M6Z942_DANRE	Danio rerio	vertebrate	proteome	high	0.9902	1115	include
connexin	A0A8M6Z9E1__Danrer	tr|A0A8M6Z9E1|A0A8M6Z9E1_DANRE	Danio rerio	vertebrate	proteome	high	0.6367	233	include
ampa	A0A8M6Z9L8__Danrer	tr|A0A8M6Z9L8|A0A8M6Z9L8_DANRE	Danio rerio	vertebrate	proteome	high	0.9889	898	include
k2p	A0A8M9NYG3__Danrer	tr|A0A8M9NYG3|A0A8M9NYG3_DANRE	Danio rerio	vertebrate	proteome	high	0.602	306	include
calhm	A0A8M9NZR5__Danrer	tr|A0A8M9NZR5|A0A8M9NZR5_DANRE	Danio rerio	vertebrate	proteome	high	0.9715	315	include
connexin	A0A8M9P085__Danrer	tr|A0A8M9P085|A0A8M9P085_DANRE	Danio rerio	vertebrate	proteome	high	0.8232	471	include
ampa	A0A8M9P377__Danrer	tr|A0A8M9P377|A0A8M9P377_DANRE	Danio rerio	vertebrate	proteome	high	0.9978	904	include
kainate	A0A8M9P799__Danrer	tr|A0A8M9P799|A0A8M9P799_DANRE	Danio rerio	vertebrate	proteome	high	0.9769	965	include
trpml	A0A8M9P7U6__Danrer	tr|A0A8M9P7U6|A0A8M9P7U6_DANRE	Danio rerio	vertebrate	proteome	high	0.9177	542	include
nmda	A0A8M9P9F6__Danrer	tr|A0A8M9P9F6|A0A8M9P9F6_DANRE	Danio rerio	vertebrate	proteome	high	0.7562	1118	include
hcn	A0A8M9PBF9__Danrer	tr|A0A8M9PBF9|A0A8M9PBF9_DANRE	Danio rerio	vertebrate	proteome	high	0.7429	1076	include
p2x	A0A8M9PCJ8__Danrer	tr|A0A8M9PCJ8|A0A8M9PCJ8_DANRE	Danio rerio	vertebrate	proteome	high	0.8918	412	include
k2p	A0A8M9PD90__Danrer	tr|A0A8M9PD90|A0A8M9PD90_DANRE	Danio rerio	vertebrate	proteome	high	0.8706	470	include
nachr	A0A8M9PEJ8__Danrer	tr|A0A8M9PEJ8|A0A8M9PEJ8_DANRE	Danio rerio	vertebrate	proteome	high	0.971	516	include
kv_shaker	A0A8M9PG37__Danrer	tr|A0A8M9PG37|A0A8M9PG37_DANRE	Danio rerio	vertebrate	proteome	high	0.8225	658	include
hv1	A0A8M9PGX9__Danrer	tr|A0A8M9PGX9|A0A8M9PGX9_DANRE	Danio rerio	vertebrate	proteome	high	0.6784	545	include
nachr	A0A8M9PIT7__Danrer	tr|A0A8M9PIT7|A0A8M9PIT7_DANRE	Danio rerio	vertebrate	proteome	high	0.9524	580	include
trpml	A0A8M9PLH2__Danrer	tr|A0A8M9PLH2|A0A8M9PLH2_DANRE	Danio rerio	vertebrate	proteome	high	0.9212	574	include
calhm	A0A8M9PMB3__Danrer	tr|A0A8M9PMB3|A0A8M9PMB3_DANRE	Danio rerio	vertebrate	proteome	high	0.5538	198	include
itpr	A0A8M9PQQ3__Danrer	tr|A0A8M9PQQ3|A0A8M9PQQ3_DANRE	Danio rerio	vertebrate	proteome	high	0.9982	2665	include
cav	A0A8M9PQW6__Danrer	tr|A0A8M9PQW6|A0A8M9PQW6_DANRE	Danio rerio	vertebrate	proteome	high	0.9456	2068	include
kv_kcnq	A0A8M9PQX0__Danrer	tr|A0A8M9PQX0|A0A8M9PQX0_DANRE	Danio rerio	vertebrate	proteome	high	0.8423	795	include
piezo	A0A8M9PS85__Danrer	tr|A0A8M9PS85|A0A8M9PS85_DANRE	Danio rerio	vertebrate	proteome	high	0.9996	3001	include
glyr	A0A8M9PSE3__Danrer	tr|A0A8M9PSE3|A0A8M9PSE3_DANRE	Danio rerio	vertebrate	proteome	high	0.9848	448	include
kv_modifier	A0A8M9PSR2__Danrer	tr|A0A8M9PSR2|A0A8M9PSR2_DANRE	Danio rerio	vertebrate	proteome	medium	0.9325		profile_medium
nav	A0A8M9PT64__Danrer	tr|A0A8M9PT64|A0A8M9PT64_DANRE	Danio rerio	vertebrate	proteome	high	0.9983	1960	include
cav	A0A8M9PUS4__Danrer	tr|A0A8M9PUS4|A0A8M9PUS4_DANRE	Danio rerio	vertebrate	proteome	high	0.9353	2093	include
nachr	A0A8M9PV20__Danrer	tr|A0A8M9PV20|A0A8M9PV20_DANRE	Danio rerio	vertebrate	proteome	high	0.9441	540	include
ht3	A0A8M9PWF0__Danrer	tr|A0A8M9PWF0|A0A8M9PWF0_DANRE	Danio rerio	vertebrate	proteome	medium	0.6402		profile_medium
nmda	A0A8M9PXD6__Danrer	tr|A0A8M9PXD6|A0A8M9PXD6_DANRE	Danio rerio	vertebrate	proteome	high	0.994	1460	include
cav	A0A8M9PXN1__Danrer	tr|A0A8M9PXN1|A0A8M9PXN1_DANRE	Danio rerio	vertebrate	proteome	high	0.9343	2365	include
connexin	A0A8M9PXR7__Danrer	tr|A0A8M9PXR7|A0A8M9PXR7_DANRE	Danio rerio	vertebrate	proteome	high	0.7621	422	include
nachr	A0A8M9Q114__Danrer	tr|A0A8M9Q114|A0A8M9Q114_DANRE	Danio rerio	vertebrate	proteome	high	0.9648	552	include
kv_shaker	A0A8M9Q172__Danrer	tr|A0A8M9Q172|A0A8M9Q172_DANRE	Danio rerio	vertebrate	proteome	high	0.8152	545	include
trpm	A0A8M9Q2T2__Danrer	tr|A0A8M9Q2T2|A0A8M9Q2T2_DANRE	Danio rerio	vertebrate	proteome	high	0.9812	1875	include
cav	A0A8M9Q409__Danrer	tr|A0A8M9Q409|A0A8M9Q409_DANRE	Danio rerio	vertebrate	proteome	high	0.8819	1985	include
connexin	A0A8M9Q5X3__Danrer	tr|A0A8M9Q5X3|A0A8M9Q5X3_DANRE	Danio rerio	vertebrate	proteome	high	0.8232	391	include
nav	A0A8M9Q653__Danrer	tr|A0A8M9Q653|A0A8M9Q653_DANRE	Danio rerio	vertebrate	proteome	high	0.9978	1996	include
kv_shaker	A0A8M9Q783__Danrer	tr|A0A8M9Q783|A0A8M9Q783_DANRE	Danio rerio	vertebrate	proteome	high	0.8152	515	include
glyr	A0A8M9Q7Y2__Danrer	tr|A0A8M9Q7Y2|A0A8M9Q7Y2_DANRE	Danio rerio	vertebrate	proteome	high	0.9892	489	include
cav	A0A8M9Q7Y9__Danrer	tr|A0A8M9Q7Y9|A0A8M9Q7Y9_DANRE	Danio rerio	vertebrate	proteome	high	0.7021	2102	include
kv_modifier	A0A8M9QJ67__Danrer	tr|A0A8M9QJ67|A0A8M9QJ67_DANRE	Danio rerio	vertebrate	proteome	high	0.8692	422	include
kv_modifier	A0A8M9QJR3__Danrer	tr|A0A8M9QJR3|A0A8M9QJR3_DANRE	Danio rerio	vertebrate	proteome	medium	0.9473		profile_medium
cng	A0A8M9QP10__Danrer	tr|A0A8M9QP10|A0A8M9QP10_DANRE	Danio rerio	vertebrate	proteome	medium	0.6365		profile_medium
connexin	A0A8N1TZV4__Danrer	tr|A0A8N1TZV4|A0A8N1TZV4_DANRE	Danio rerio	vertebrate	proteome	high	0.8039	267	include
kir	A0A8N1YY33__Danrer	tr|A0A8N1YY33|A0A8N1YY33_DANRE	Danio rerio	vertebrate	proteome	high	0.8044	432	include
kir	A0A8N1YZ76__Danrer	tr|A0A8N1YZ76|A0A8N1YZ76_DANRE	Danio rerio	vertebrate	proteome	high	0.824	370	include
connexin	A0A8N1Z0D3__Danrer	tr|A0A8N1Z0D3|A0A8N1Z0D3_DANRE	Danio rerio	vertebrate	proteome	high	0.9421	709	include
connexin	A0A8N7T6T9__Danrer	tr|A0A8N7T6T9|A0A8N7T6T9_DANRE	Danio rerio	vertebrate	proteome	high	0.9582	477	include
hcn	A0A8N7T6V3__Danrer	tr|A0A8N7T6V3|A0A8N7T6V3_DANRE	Danio rerio	vertebrate	proteome	high	0.955	979	include
kv_shaker	A0A8N7T815__Danrer	tr|A0A8N7T815|A0A8N7T815_DANRE	Danio rerio	vertebrate	proteome	high	0.788	561	include
kainate	A0A8N7TB31__Danrer	tr|A0A8N7TB31|A0A8N7TB31_DANRE	Danio rerio	vertebrate	proteome	high	0.9286	906	include
bestrophin	A0A8N7TBM7__Danrer	tr|A0A8N7TBM7|A0A8N7TBM7_DANRE	Danio rerio	vertebrate	proteome	high	0.8653	589	include
piezo	A0A8N7TDV6__Danrer	tr|A0A8N7TDV6|A0A8N7TDV6_DANRE	Danio rerio	vertebrate	proteome	high	0.9996	2538	include
hcn	A0A8N7TEJ3__Danrer	tr|A0A8N7TEJ3|A0A8N7TEJ3_DANRE	Danio rerio	vertebrate	proteome	high	0.9961	1188	include
gabaa	A0A8N7TER6__Danrer	tr|A0A8N7TER6|A0A8N7TER6_DANRE	Danio rerio	vertebrate	proteome	high	0.9101	459	include
tpc	A0A8N7TFG5__Danrer	tr|A0A8N7TFG5|A0A8N7TFG5_DANRE	Danio rerio	vertebrate	proteome	high	0.9424	811	include
hcn	A0A8N7UQR8__Danrer	tr|A0A8N7UQR8|A0A8N7UQR8_DANRE	Danio rerio	vertebrate	proteome	high	0.8631	1140	include
bestrophin	A0A8N7UT59__Danrer	tr|A0A8N7UT59|A0A8N7UT59_DANRE	Danio rerio	vertebrate	proteome	high	0.7192	515	include
kv_modifier	A0A8N7UV51__Danrer	tr|A0A8N7UV51|A0A8N7UV51_DANRE	Danio rerio	vertebrate	proteome	medium	0.9346		profile_medium
kv_shaker	A0A8N7UVH3__Danrer	tr|A0A8N7UVH3|A0A8N7UVH3_DANRE	Danio rerio	vertebrate	proteome	medium	0.9312		profile_medium
trpp	A0A8N7UVH6__Danrer	tr|A0A8N7UVH6|A0A8N7UVH6_DANRE	Danio rerio	vertebrate	proteome	high	0.9219	862	include
trpn	A0A8N7UZV9__Danrer	tr|A0A8N7UZV9|A0A8N7UZV9_DANRE	Danio rerio	vertebrate	proteome	high	0.8205	1614	include
clc_channel	A0A8N7V018__Danrer	tr|A0A8N7V018|A0A8N7V018_DANRE	Danio rerio	vertebrate	proteome	high	0.7234	693	include
cav	A0A8V0X294__Galgal	tr|A0A8V0X294|A0A8V0X294_CHICK	Gallus gallus	vertebrate	proteome	high	0.8285	1991	include
cng	A0A8V0X2U3__Galgal	tr|A0A8V0X2U3|A0A8V0X2U3_CHICK	Gallus gallus	vertebrate	proteome	high	0.7298	700	include
p2x	A0A8V0X2Y1__Galgal	tr|A0A8V0X2Y1|A0A8V0X2Y1_CHICK	Gallus gallus	vertebrate	proteome	high	0.9035	399	include
trpc	A0A8V0X594__Galgal	tr|A0A8V0X594|A0A8V0X594_CHICK	Gallus gallus	vertebrate	proteome	high	0.9644	948	include
trpa	A0A8V0X6M5__Galgal	tr|A0A8V0X6M5|A0A8V0X6M5_CHICK	Gallus gallus	vertebrate	proteome	high	0.9946	1176	include
glyr	A0A8V0X6X8__Galgal	tr|A0A8V0X6X8|A0A8V0X6X8_CHICK	Gallus gallus	vertebrate	proteome	high	0.9762	503	include
gabaa	A0A8V0X7M5__Galgal	tr|A0A8V0X7M5|A0A8V0X7M5_CHICK	Gallus gallus	vertebrate	proteome	high	0.9518	446	include
vdac	A0A8V0X822__Galgal	tr|A0A8V0X822|A0A8V0X822_CHICK	Gallus gallus	vertebrate	proteome				no_profile_call
nachr	A0A8V0X8C3__Galgal	tr|A0A8V0X8C3|A0A8V0X8C3_CHICK	Gallus gallus	vertebrate	proteome	high	0.8509	452	include
piezo	A0A8V0X9F8__Galgal	tr|A0A8V0X9F8|A0A8V0X9F8_CHICK	Gallus gallus	vertebrate	proteome	high	0.9996	2795	include
kv_kcnq	A0A8V0X9N9__Galgal	tr|A0A8V0X9N9|A0A8V0X9N9_CHICK	Gallus gallus	vertebrate	proteome	high	0.9685	931	include
cftr	A0A8V0X9Y7__Galgal	tr|A0A8V0X9Y7|A0A8V0X9Y7_CHICK	Gallus gallus	vertebrate	proteome	high	1.0	1486	include
pannexin	A0A8V0XA00__Galgal	tr|A0A8V0XA00|A0A8V0XA00_CHICK	Gallus gallus	vertebrate	proteome	high	0.9977	572	include
trpml	A0A8V0XA19__Galgal	tr|A0A8V0XA19|A0A8V0XA19_CHICK	Gallus gallus	vertebrate	proteome	high	0.9842	562	include
glyr	A0A8V0XC54__Galgal	tr|A0A8V0XC54|A0A8V0XC54_CHICK	Gallus gallus	vertebrate	proteome	high	1.0	452	include
vdac	A0A8V0XEZ3__Galgal	tr|A0A8V0XEZ3|A0A8V0XEZ3_CHICK	Gallus gallus	vertebrate	proteome	high	0.5144	173	include
mcu	A0A8V0XF48__Galgal	tr|A0A8V0XF48|A0A8V0XF48_CHICK	Gallus gallus	vertebrate	proteome	high	0.8377	308	include
connexin	A0A8V0XH22__Galgal	tr|A0A8V0XH22|A0A8V0XH22_CHICK	Gallus gallus	vertebrate	proteome	high	0.9068	531	include
gabaa	A0A8V0XHI4__Galgal	tr|A0A8V0XHI4|A0A8V0XHI4_CHICK	Gallus gallus	vertebrate	proteome	high	0.9561	464	include
trpp	A0A8V0XIE4__Galgal	tr|A0A8V0XIE4|A0A8V0XIE4_CHICK	Gallus gallus	vertebrate	proteome	high	0.9727	881	include
gabaa	A0A8V0XIQ4__Galgal	tr|A0A8V0XIQ4|A0A8V0XIQ4_CHICK	Gallus gallus	vertebrate	proteome	high	0.9496	499	include
trpc	A0A8V0XJK0__Galgal	tr|A0A8V0XJK0|A0A8V0XJK0_CHICK	Gallus gallus	vertebrate	proteome	high	0.8776	930	include
osca_tmem63	A0A8V0XJU0__Galgal	tr|A0A8V0XJU0|A0A8V0XJU0_CHICK	Gallus gallus	vertebrate	proteome	high	0.9484	830	include
gabaa	A0A8V0XL12__Galgal	tr|A0A8V0XL12|A0A8V0XL12_CHICK	Gallus gallus	vertebrate	proteome	high	0.9254	479	include
nmda	A0A8V0XS88__Galgal	tr|A0A8V0XS88|A0A8V0XS88_CHICK	Gallus gallus	vertebrate	proteome	high	0.8022	1126	include
connexin	A0A8V0XSJ3__Galgal	tr|A0A8V0XSJ3|A0A8V0XSJ3_CHICK	Gallus gallus	vertebrate	proteome	high	0.8167	405	include
piezo	A0A8V0XUA2__Galgal	tr|A0A8V0XUA2|A0A8V0XUA2_CHICK	Gallus gallus	vertebrate	proteome	high	0.9996	2491	include
trpc	A0A8V0XUZ1__Galgal	tr|A0A8V0XUZ1|A0A8V0XUZ1_CHICK	Gallus gallus	vertebrate	proteome	high	0.8843	952	include
gabaa	A0A8V0XW83__Galgal	tr|A0A8V0XW83|A0A8V0XW83_CHICK	Gallus gallus	vertebrate	proteome	high	0.9342	469	include
asic	A0A8V0XWA1__Galgal	tr|A0A8V0XWA1|A0A8V0XWA1_CHICK	Gallus gallus	vertebrate	proteome	high	0.8676	503	include
connexin	A0A8V0XWF9__Galgal	tr|A0A8V0XWF9|A0A8V0XWF9_CHICK	Gallus gallus	vertebrate	proteome	high	0.7653	304	include
kv_kcnq	A0A8V0XWG5__Galgal	tr|A0A8V0XWG5|A0A8V0XWG5_CHICK	Gallus gallus	vertebrate	proteome	high	0.9339	859	include
otop	A0A8V0XZI6__Galgal	tr|A0A8V0XZI6|A0A8V0XZI6_CHICK	Gallus gallus	vertebrate	proteome	high	0.9071	576	include
kca_sk	A0A8V0Y0U2__Galgal	tr|A0A8V0Y0U2|A0A8V0Y0U2_CHICK	Gallus gallus	vertebrate	proteome	high	0.9477	779	include
ryr	A0A8V0Y6Q6__Galgal	tr|A0A8V0Y6Q6|A0A8V0Y6Q6_CHICK	Gallus gallus	vertebrate	proteome	high	0.9104	4724	include
cng	A0A8V0Y8D1__Galgal	tr|A0A8V0Y8D1|A0A8V0Y8D1_CHICK	Gallus gallus	vertebrate	proteome	high	0.7214	528	include
ryr	A0A8V0Y8K1__Galgal	tr|A0A8V0Y8K1|A0A8V0Y8K1_CHICK	Gallus gallus	vertebrate	proteome	high	1.0	4968	include
gabaa	A0A8V0Y9G3__Galgal	tr|A0A8V0Y9G3|A0A8V0Y9G3_CHICK	Gallus gallus	vertebrate	proteome	high	0.9101	463	include
nachr	A0A8V0YCJ1__Galgal	tr|A0A8V0YCJ1|A0A8V0YCJ1_CHICK	Gallus gallus	vertebrate	proteome	high	0.8489	694	include
kv_modifier	A0A8V0YCX9__Galgal	tr|A0A8V0YCX9|A0A8V0YCX9_CHICK	Gallus gallus	vertebrate	proteome	medium	0.8797		profile_medium
k2p	A0A8V0YDP5__Galgal	tr|A0A8V0YDP5|A0A8V0YDP5_CHICK	Gallus gallus	vertebrate	proteome	high	0.8532	424	include
kainate	A0A8V0YE44__Galgal	tr|A0A8V0YE44|A0A8V0YE44_CHICK	Gallus gallus	vertebrate	proteome	high	0.9473	927	include
trpc	A0A8V0YFR1__Galgal	tr|A0A8V0YFR1|A0A8V0YFR1_CHICK	Gallus gallus	vertebrate	proteome	high	0.9622	989	include
trpm	A0A8V0YGF8__Galgal	tr|A0A8V0YGF8|A0A8V0YGF8_CHICK	Gallus gallus	vertebrate	proteome	high	0.6128	1104	include
gabaa	A0A8V0YJK9__Galgal	tr|A0A8V0YJK9|A0A8V0YJK9_CHICK	Gallus gallus	vertebrate	proteome	high	0.9583	501	include
cng	A0A8V0YJP3__Galgal	tr|A0A8V0YJP3|A0A8V0YJP3_CHICK	Gallus gallus	vertebrate	proteome	high	0.9081	671	include
tmem175	A0A8V0YJY4__Galgal	tr|A0A8V0YJY4|A0A8V0YJY4_CHICK	Gallus gallus	vertebrate	proteome	high	0.998	495	include
gabaa	A0A8V0YKW6__Galgal	tr|A0A8V0YKW6|A0A8V0YKW6_CHICK	Gallus gallus	vertebrate	proteome	high	0.9846	574	include
trpp	A0A8V0YL71__Galgal	tr|A0A8V0YL71|A0A8V0YL71_CHICK	Gallus gallus	vertebrate	proteome	high	0.6654	644	include
gabaa	A0A8V0YLH3__Galgal	tr|A0A8V0YLH3|A0A8V0YLH3_CHICK	Gallus gallus	vertebrate	proteome	high	0.9518	464	include
nachr	A0A8V0YLH7__Galgal	tr|A0A8V0YLH7|A0A8V0YLH7_CHICK	Gallus gallus	vertebrate	proteome	high	0.9669	494	include
trpc	A0A8V0YLU5__Galgal	tr|A0A8V0YLU5|A0A8V0YLU5_CHICK	Gallus gallus	vertebrate	proteome	high	0.8687	781	include
nachr	A0A8V0YMH3__Galgal	tr|A0A8V0YMH3|A0A8V0YMH3_CHICK	Gallus gallus	vertebrate	proteome	high	0.9669	511	include
nachr	A0A8V0YML4__Galgal	tr|A0A8V0YML4|A0A8V0YML4_CHICK	Gallus gallus	vertebrate	proteome	high	0.9648	455	include
kca_slo	A0A8V0YMX6__Galgal	tr|A0A8V0YMX6|A0A8V0YMX6_CHICK	Gallus gallus	vertebrate	proteome	high	0.9175	1174	include
connexin	A0A8V0YMY2__Galgal	tr|A0A8V0YMY2|A0A8V0YMY2_CHICK	Gallus gallus	vertebrate	proteome	high	0.9196	513	include
cav	A0A8V0YNE5__Galgal	tr|A0A8V0YNE5|A0A8V0YNE5_CHICK	Gallus gallus	vertebrate	proteome	high	0.7334	2207	include
lrrc8	A0A8V0YPP0__Galgal	tr|A0A8V0YPP0|A0A8V0YPP0_CHICK	Gallus gallus	vertebrate	proteome	medium	0.3076		profile_medium
tric	A0A8V0YPZ7__Galgal	tr|A0A8V0YPZ7|A0A8V0YPZ7_CHICK	Gallus gallus	vertebrate	proteome	high	0.9763	286	include
cav	A0A8V0YQE9__Galgal	tr|A0A8V0YQE9|A0A8V0YQE9_CHICK	Gallus gallus	vertebrate	proteome	high	0.9784	2149	include
calhm	A0A8V0YRR2__Galgal	tr|A0A8V0YRR2|A0A8V0YRR2_CHICK	Gallus gallus	vertebrate	proteome	high	0.9557	309	include
cng	A0A8V0YSP2__Galgal	tr|A0A8V0YSP2|A0A8V0YSP2_CHICK	Gallus gallus	vertebrate	proteome	high	0.9562	673	include
trpm	A0A8V0YTN5__Galgal	tr|A0A8V0YTN5|A0A8V0YTN5_CHICK	Gallus gallus	vertebrate	proteome	high	0.9835	2073	include
trpm	A0A8V0YTP2__Galgal	tr|A0A8V0YTP2|A0A8V0YTP2_CHICK	Gallus gallus	vertebrate	proteome	high	0.9937	2029	include
glyr	A0A8V0YV58__Galgal	tr|A0A8V0YV58|A0A8V0YV58_CHICK	Gallus gallus	vertebrate	proteome	high	0.9827	450	include
vdac	A0A8V0YXU7__Galgal	tr|A0A8V0YXU7|A0A8V0YXU7_CHICK	Gallus gallus	vertebrate	proteome	high	0.9964	284	include
tpc	A0A8V0YZ15__Galgal	tr|A0A8V0YZ15|A0A8V0YZ15_CHICK	Gallus gallus	vertebrate	proteome	high	0.8599	792	include
connexin	A0A8V0YZ36__Galgal	tr|A0A8V0YZ36|A0A8V0YZ36_CHICK	Gallus gallus	vertebrate	proteome	high	0.7814	257	include
connexin	A0A8V0YZG1__Galgal	tr|A0A8V0YZG1|A0A8V0YZG1_CHICK	Gallus gallus	vertebrate	proteome	high	0.8875	279	include
kv_kcnq	A0A8V0YZR2__Galgal	tr|A0A8V0YZR2|A0A8V0YZR2_CHICK	Gallus gallus	vertebrate	proteome	high	0.8183	693	include
trpc	A0A8V0Z017__Galgal	tr|A0A8V0Z017|A0A8V0Z017_CHICK	Gallus gallus	vertebrate	proteome	high	0.8776	871	include
nachr	A0A8V0Z0T7__Galgal	tr|A0A8V0Z0T7|A0A8V0Z0T7_CHICK	Gallus gallus	vertebrate	proteome	high	0.9607	482	include
glyr	A0A8V0Z1F2__Galgal	tr|A0A8V0Z1F2|A0A8V0Z1F2_CHICK	Gallus gallus	vertebrate	proteome	high	0.9286	460	include
enac	A0A8V0Z1H1__Galgal	tr|A0A8V0Z1H1|A0A8V0Z1H1_CHICK	Gallus gallus	vertebrate	proteome	high	0.9891	667	include
kv_eag	A0A8V0Z394__Galgal	tr|A0A8V0Z394|A0A8V0Z394_CHICK	Gallus gallus	vertebrate	proteome	high	0.9163	989	include
clc_channel	A0A8V0Z3D0__Galgal	tr|A0A8V0Z3D0|A0A8V0Z3D0_CHICK	Gallus gallus	vertebrate	proteome	high	0.9875	885	include
clc_channel	A0A8V0Z3K3__Galgal	tr|A0A8V0Z3K3|A0A8V0Z3K3_CHICK	Gallus gallus	vertebrate	proteome	high	0.7302	768	include
nachr	A0A8V0Z411__Galgal	tr|A0A8V0Z411|A0A8V0Z411_CHICK	Gallus gallus	vertebrate	proteome	high	0.9524	582	include
kainate	A0A8V0Z4P4__Galgal	tr|A0A8V0Z4P4|A0A8V0Z4P4_CHICK	Gallus gallus	vertebrate	proteome	medium	0.4643		profile_medium
nachr	A0A8V0Z583__Galgal	tr|A0A8V0Z583|A0A8V0Z583_CHICK	Gallus gallus	vertebrate	proteome	high	0.9979	499	include
gabaa	A0A8V0Z5V0__Galgal	tr|A0A8V0Z5V0|A0A8V0Z5V0_CHICK	Gallus gallus	vertebrate	proteome	high	0.9189	488	include
enac	A0A8V0Z5Y4__Galgal	tr|A0A8V0Z5Y4|A0A8V0Z5Y4_CHICK	Gallus gallus	vertebrate	proteome	high	0.8775	640	include
connexin	A0A8V0Z6M0__Galgal	tr|A0A8V0Z6M0|A0A8V0Z6M0_CHICK	Gallus gallus	vertebrate	proteome	high	0.7428	295	include
cav	A0A8V0Z855__Galgal	tr|A0A8V0Z855|A0A8V0Z855_CHICK	Gallus gallus	vertebrate	proteome	high	0.9456	2454	include
trpv	A0A8V0Z8C7__Galgal	tr|A0A8V0Z8C7|A0A8V0Z8C7_CHICK	Gallus gallus	vertebrate	proteome	high	0.9753	852	include
k2p	A0A8V0Z908__Galgal	tr|A0A8V0Z908|A0A8V0Z908_CHICK	Gallus gallus	vertebrate	proteome	high	0.9353	422	include
kv_eag	A0A8V0Z9L4__Galgal	tr|A0A8V0Z9L4|A0A8V0Z9L4_CHICK	Gallus gallus	vertebrate	proteome	high	0.998	1194	include
kca_slo	A0A8V0ZAI4__Galgal	tr|A0A8V0ZAI4|A0A8V0ZAI4_CHICK	Gallus gallus	vertebrate	proteome	high	0.893	1003	include
asic	A0A8V0ZCY4__Galgal	tr|A0A8V0ZCY4|A0A8V0ZCY4_CHICK	Gallus gallus	vertebrate	proteome	high	0.9635	626	include
kv_modifier	A0A8V0ZD61__Galgal	tr|A0A8V0ZD61|A0A8V0ZD61_CHICK	Gallus gallus	vertebrate	proteome	high	0.8692	424	include
k2p	A0A8V0ZDG7__Galgal	tr|A0A8V0ZDG7|A0A8V0ZDG7_CHICK	Gallus gallus	vertebrate	proteome	high	0.7612	490	include
hcn	A0A8V0ZDQ7__Galgal	tr|A0A8V0ZDQ7|A0A8V0ZDQ7_CHICK	Gallus gallus	vertebrate	proteome	high	1.0	1265	include
trpml	A0A8V0ZFT9__Galgal	tr|A0A8V0ZFT9|A0A8V0ZFT9_CHICK	Gallus gallus	vertebrate	proteome	high	0.9299	562	include
calhm	A0A8V0ZGE7__Galgal	tr|A0A8V0ZGE7|A0A8V0ZGE7_CHICK	Gallus gallus	vertebrate	proteome	high	0.9367	342	include
calhm	A0A8V0ZGF7__Galgal	tr|A0A8V0ZGF7|A0A8V0ZGF7_CHICK	Gallus gallus	vertebrate	proteome	high	0.9209	331	include
ryr	A0A8V0ZGY9__Galgal	tr|A0A8V0ZGY9|A0A8V0ZGY9_CHICK	Gallus gallus	vertebrate	proteome	high	0.9828	4876	include
nmda	A0A8V0ZHG2__Galgal	tr|A0A8V0ZHG2|A0A8V0ZHG2_CHICK	Gallus gallus	vertebrate	proteome	high	0.9829	1458	include
kv_eag	A0A8V0ZHU5__Galgal	tr|A0A8V0ZHU5|A0A8V0ZHU5_CHICK	Gallus gallus	vertebrate	proteome	high	0.998	1209	include
nachr	A0A8V0ZIH4__Galgal	tr|A0A8V0ZIH4|A0A8V0ZIH4_CHICK	Gallus gallus	vertebrate	proteome	high	0.9565	486	include
trpp	A0A8V0ZIM4__Galgal	tr|A0A8V0ZIM4|A0A8V0ZIM4_CHICK	Gallus gallus	vertebrate	proteome	high	0.9888	851	include
asic	A0A8V0ZJ57__Galgal	tr|A0A8V0ZJ57|A0A8V0ZJ57_CHICK	Gallus gallus	vertebrate	proteome	high	0.9232	488	include
k2p	A0A8V0ZJF1__Galgal	tr|A0A8V0ZJF1|A0A8V0ZJF1_CHICK	Gallus gallus	vertebrate	proteome	high	0.6368	294	include
k2p	A0A8V0ZJF6__Galgal	tr|A0A8V0ZJF6|A0A8V0ZJF6_CHICK	Gallus gallus	vertebrate	proteome	high	0.7139	318	include
itpr	A0A8V0ZJT0__Galgal	tr|A0A8V0ZJT0|A0A8V0ZJT0_CHICK	Gallus gallus	vertebrate	proteome	high	0.9996	2779	include
nachr	A0A8V0ZJY6__Galgal	tr|A0A8V0ZJY6|A0A8V0ZJY6_CHICK	Gallus gallus	vertebrate	proteome	high	0.9752	502	include
cng	A0A8V0ZJZ3__Galgal	tr|A0A8V0ZJZ3|A0A8V0ZJZ3_CHICK	Gallus gallus	vertebrate	proteome	high	0.8487	813	include
gabaa	A0A8V0ZLB2__Galgal	tr|A0A8V0ZLB2|A0A8V0ZLB2_CHICK	Gallus gallus	vertebrate	proteome	high	0.9649	454	include
nachr	A0A8V0ZLF1__Galgal	tr|A0A8V0ZLF1|A0A8V0ZLF1_CHICK	Gallus gallus	vertebrate	proteome	high	0.9689	607	include
trpml	A0A8V0ZM58__Galgal	tr|A0A8V0ZM58|A0A8V0ZM58_CHICK	Gallus gallus	vertebrate	proteome	high	0.951	558	include
kca_slo	A0A8V0ZNX7__Galgal	tr|A0A8V0ZNX7|A0A8V0ZNX7_CHICK	Gallus gallus	vertebrate	proteome	high	0.9973	1254	include
p2x	A0A8V0ZP22__Galgal	tr|A0A8V0ZP22|A0A8V0ZP22_CHICK	Gallus gallus	vertebrate	proteome	high	0.8682	510	include
nav	A0A8V0ZPG4__Galgal	tr|A0A8V0ZPG4|A0A8V0ZPG4_CHICK	Gallus gallus	vertebrate	proteome	high	0.9142	1879	include
k2p	A0A8V0ZPW1__Galgal	tr|A0A8V0ZPW1|A0A8V0ZPW1_CHICK	Gallus gallus	vertebrate	proteome	high	0.6443	385	include
vdac	A0A8V0ZPZ5__Galgal	tr|A0A8V0ZPZ5|A0A8V0ZPZ5_CHICK	Gallus gallus	vertebrate	proteome	high	0.9137	334	include
mcu	A0A8V0ZQG9__Galgal	tr|A0A8V0ZQG9|A0A8V0ZQG9_CHICK	Gallus gallus	vertebrate	proteome	high	0.8783	353	include
kv_modifier	A0A8V0ZQX6__Galgal	tr|A0A8V0ZQX6|A0A8V0ZQX6_CHICK	Gallus gallus	vertebrate	proteome	high	0.9156	469	include
trpv	A0A8V0ZQY1__Galgal	tr|A0A8V0ZQY1|A0A8V0ZQY1_CHICK	Gallus gallus	vertebrate	proteome	high	0.8829	724	include
kv_shaker	A0A8V0ZS40__Galgal	tr|A0A8V0ZS40|A0A8V0ZS40_CHICK	Gallus gallus	vertebrate	proteome	high	0.8152	513	include
kv_shaker	A0A8V0ZS78__Galgal	tr|A0A8V0ZS78|A0A8V0ZS78_CHICK	Gallus gallus	vertebrate	proteome	high	0.8623	491	include
kv_shaker	A0A8V0ZS84__Galgal	tr|A0A8V0ZS84|A0A8V0ZS84_CHICK	Gallus gallus	vertebrate	proteome	high	0.8152	618	include
enac	A0A8V0ZTC6__Galgal	tr|A0A8V0ZTC6|A0A8V0ZTC6_CHICK	Gallus gallus	vertebrate	proteome	high	0.924	642	include
kv_kcnq	A0A8V0ZTS2__Galgal	tr|A0A8V0ZTS2|A0A8V0ZTS2_CHICK	Gallus gallus	vertebrate	proteome	high	0.8949	877	include
kir	A0A8V0ZV50__Galgal	tr|A0A8V0ZV50|A0A8V0ZV50_CHICK	Gallus gallus	vertebrate	proteome	high	0.8729	371	include
clc_channel	A0A8V0ZVE2__Galgal	tr|A0A8V0ZVE2|A0A8V0ZVE2_CHICK	Gallus gallus	vertebrate	proteome	high	0.9354	1020	include
kv_eag	A0A8V0ZVR1__Galgal	tr|A0A8V0ZVR1|A0A8V0ZVR1_CHICK	Gallus gallus	vertebrate	proteome	medium	0.4626		profile_medium
kir	A0A8V0ZWN8__Galgal	tr|A0A8V0ZWN8|A0A8V0ZWN8_CHICK	Gallus gallus	vertebrate	proteome	high	0.8435	447	include
nav	A0A8V0ZX82__Galgal	tr|A0A8V0ZX82|A0A8V0ZX82_CHICK	Gallus gallus	vertebrate	proteome	high	0.9776	1836	include
kir	A0A8V0ZXM0__Galgal	tr|A0A8V0ZXM0|A0A8V0ZXM0_CHICK	Gallus gallus	vertebrate	proteome	high	0.7946	366	include
ht3	A0A8V0ZXM9__Galgal	tr|A0A8V0ZXM9|A0A8V0ZXM9_CHICK	Gallus gallus	vertebrate	proteome	high	0.9161	488	include
ano_channel	A0A8V0ZXX8__Galgal	tr|A0A8V0ZXX8|A0A8V0ZXX8_CHICK	Gallus gallus	vertebrate	proteome	high	0.6213	718	include
kv_shaker	A0A8V0ZY24__Galgal	tr|A0A8V0ZY24|A0A8V0ZY24_CHICK	Gallus gallus	vertebrate	proteome	high	0.8678	662	include
kv_kcnq	A0A8V0ZY91__Galgal	tr|A0A8V0ZY91|A0A8V0ZY91_CHICK	Gallus gallus	vertebrate	proteome	high	0.9715	699	include
bestrophin	A0A8V0ZYU3__Galgal	tr|A0A8V0ZYU3|A0A8V0ZYU3_CHICK	Gallus gallus	vertebrate	proteome	high	0.8918	521	include
bestrophin	A0A8V0ZZU7__Galgal	tr|A0A8V0ZZU7|A0A8V0ZZU7_CHICK	Gallus gallus	vertebrate	proteome	high	0.9279	762	include
trpm	A0A8V1A0I2__Galgal	tr|A0A8V1A0I2|A0A8V1A0I2_CHICK	Gallus gallus	vertebrate	proteome	high	0.6464	1166	include
kir	A0A8V1A101__Galgal	tr|A0A8V1A101|A0A8V1A101_CHICK	Gallus gallus	vertebrate	proteome	high	0.8093	590	include
p2x	A0A8V1A1T0__Galgal	tr|A0A8V1A1T0|A0A8V1A1T0_CHICK	Gallus gallus	vertebrate	proteome	high	0.9035	574	include
p2x	A0A8V1A1U9__Galgal	tr|A0A8V1A1U9|A0A8V1A1U9_CHICK	Gallus gallus	vertebrate	proteome	high	0.8965	385	include
trpm	A0A8V1A1W4__Galgal	tr|A0A8V1A1W4|A0A8V1A1W4_CHICK	Gallus gallus	vertebrate	proteome	high	0.8776	1632	include
kv_shaker	A0A8V1A2Y8__Galgal	tr|A0A8V1A2Y8|A0A8V1A2Y8_CHICK	Gallus gallus	vertebrate	proteome	high	0.8768	630	include
hv1	A0A8V1A3E0__Galgal	tr|A0A8V1A3E0|A0A8V1A3E0_CHICK	Gallus gallus	vertebrate	proteome	high	0.6706	536	include
trpm	A0A8V1A3H4__Galgal	tr|A0A8V1A3H4|A0A8V1A3H4_CHICK	Gallus gallus	vertebrate	proteome	high	0.664	1494	include
nachr	A0A8V1A3X1__Galgal	tr|A0A8V1A3X1|A0A8V1A3X1_CHICK	Gallus gallus	vertebrate	proteome	high	0.8571	479	include
k2p	A0A8V1A450__Galgal	tr|A0A8V1A450|A0A8V1A450_CHICK	Gallus gallus	vertebrate	proteome	high	0.7886	398	include
kainate	A0A8V1A4D7__Galgal	tr|A0A8V1A4D7|A0A8V1A4D7_CHICK	Gallus gallus	vertebrate	proteome	high	0.9824	964	include
kv_shaker	A0A8V1A5U9__Galgal	tr|A0A8V1A5U9|A0A8V1A5U9_CHICK	Gallus gallus	vertebrate	proteome	high	0.8678	499	include
pannexin	A0A8V1A6C8__Galgal	tr|A0A8V1A6C8|A0A8V1A6C8_CHICK	Gallus gallus	vertebrate	proteome	high	0.871	429	include
nav	A0A8V1A6D1__Galgal	tr|A0A8V1A6D1|A0A8V1A6D1_CHICK	Gallus gallus	vertebrate	proteome	high	0.9893	1783	include
hcn	A0A8V1A6I2__Galgal	tr|A0A8V1A6I2|A0A8V1A6I2_CHICK	Gallus gallus	vertebrate	proteome	high	0.8416	1022	include
nav	A0A8V1A729__Galgal	tr|A0A8V1A729|A0A8V1A729_CHICK	Gallus gallus	vertebrate	proteome	high	0.995	2038	include
kv_eag	A0A8V1A7T4__Galgal	tr|A0A8V1A7T4|A0A8V1A7T4_CHICK	Gallus gallus	vertebrate	proteome	high	0.997	1210	include
ano_channel	A0A8V1A870__Galgal	tr|A0A8V1A870|A0A8V1A870_CHICK	Gallus gallus	vertebrate	proteome	high	0.9739	1020	include
p2x	A0A8V1A8D5__Galgal	tr|A0A8V1A8D5|A0A8V1A8D5_CHICK	Gallus gallus	vertebrate	proteome	high	0.8847	709	include
hv1	A0A8V1A8K5__Galgal	tr|A0A8V1A8K5|A0A8V1A8K5_CHICK	Gallus gallus	vertebrate	proteome	high	0.9216	235	include
nav	A0A8V1A8P6__Galgal	tr|A0A8V1A8P6|A0A8V1A8P6_CHICK	Gallus gallus	vertebrate	proteome	high	0.9994	2013	include
nav	A0A8V1A8W9__Galgal	tr|A0A8V1A8W9|A0A8V1A8W9_CHICK	Gallus gallus	vertebrate	proteome	high	0.9927	2013	include
tpc	A0A8V1AA60__Galgal	tr|A0A8V1AA60|A0A8V1AA60_CHICK	Gallus gallus	vertebrate	proteome	high	0.9359	771	include
nav	A0A8V1AAN1__Galgal	tr|A0A8V1AAN1|A0A8V1AAN1_CHICK	Gallus gallus	vertebrate	proteome	high	0.9983	1991	include
nmda	A0A8V1ABD2__Galgal	tr|A0A8V1ABD2|A0A8V1ABD2_CHICK	Gallus gallus	vertebrate	proteome	high	0.728	942	include
itpr	A0A8V1ACE6__Galgal	tr|A0A8V1ACE6|A0A8V1ACE6_CHICK	Gallus gallus	vertebrate	proteome	high	0.9793	2664	include
p2x	A0A8V1ADU1__Galgal	tr|A0A8V1ADU1|A0A8V1ADU1_CHICK	Gallus gallus	vertebrate	proteome	high	0.9035	392	include
nav	A0A8V1AEE5__Galgal	tr|A0A8V1AEE5|A0A8V1AEE5_CHICK	Gallus gallus	vertebrate	proteome	high	0.9877	1988	include
nmda	A0A8V1AEJ9__Galgal	tr|A0A8V1AEJ9|A0A8V1AEJ9_CHICK	Gallus gallus	vertebrate	proteome	high	0.7988	1301	include
otop	A0A8V1AEM0__Galgal	tr|A0A8V1AEM0|A0A8V1AEM0_CHICK	Gallus gallus	vertebrate	proteome	high	0.9793	606	include
kca_slo	A0A8V1AES6__Galgal	tr|A0A8V1AES6|A0A8V1AES6_CHICK	Gallus gallus	vertebrate	proteome	high	0.9238	1222	include
kir	A0A8V1AFB2__Galgal	tr|A0A8V1AFB2|A0A8V1AFB2_CHICK	Gallus gallus	vertebrate	proteome	high	0.9853	427	include
tric	A0A8V1AG80__Galgal	tr|A0A8V1AG80|A0A8V1AG80_CHICK	Gallus gallus	vertebrate	proteome	high	1.0	296	include
kv_modifier	A0A8V1AGI9__Galgal	tr|A0A8V1AGI9|A0A8V1AGI9_CHICK	Gallus gallus	vertebrate	proteome	medium	0.7679		profile_medium
hcn	A0A8V1AGR5__Galgal	tr|A0A8V1AGR5|A0A8V1AGR5_CHICK	Gallus gallus	vertebrate	proteome	high	0.827	805	include
nmda	A0A8V1AGU9__Galgal	tr|A0A8V1AGU9|A0A8V1AGU9_CHICK	Gallus gallus	vertebrate	proteome	high	0.7425	1012	include
orai	A0A8V1AHD0__Galgal	tr|A0A8V1AHD0|A0A8V1AHD0_CHICK	Gallus gallus	vertebrate	proteome	high	0.8741	345	include
kca_sk	A0A8V1AJD3__Galgal	tr|A0A8V1AJD3|A0A8V1AJD3_CHICK	Gallus gallus	vertebrate	proteome	high	0.729	521	include
cav	A0A8V1AJW5__Galgal	tr|A0A8V1AJW5|A0A8V1AJW5_CHICK	Gallus gallus	vertebrate	proteome	high	1.0	2349	include
cav	A0A8V1AKA8__Galgal	tr|A0A8V1AKA8|A0A8V1AKA8_CHICK	Gallus gallus	vertebrate	proteome	high	0.9512	2347	include
trpv	A0A8V1AM03__Galgal	tr|A0A8V1AM03|A0A8V1AM03_CHICK	Gallus gallus	vertebrate	proteome	high	0.8816	783	include
otop	A0A8V1ANB3__Galgal	tr|A0A8V1ANB3|A0A8V1ANB3_CHICK	Gallus gallus	vertebrate	proteome	high	0.8726	604	include
trpv	A0A8V1ANN1__Galgal	tr|A0A8V1ANN1|A0A8V1ANN1_CHICK	Gallus gallus	vertebrate	proteome	high	0.9741	787	include
ht3	A0A8V1APS7__Galgal	tr|A0A8V1APS7|A0A8V1APS7_CHICK	Gallus gallus	vertebrate	proteome	medium	0.6358		profile_medium
p2x	A0A8V1AQ04__Galgal	tr|A0A8V1AQ04|A0A8V1AQ04_CHICK	Gallus gallus	vertebrate	proteome	high	0.7976	449	include
nachr	A0A9J7HD46__Braflo	tr|A0A9J7HD46|A0A9J7HD46_BRAFL	Branchiostoma floridae	deuterostome	proteome	medium	0.4306		profile_medium
nachr	A0A9J7HDS7__Braflo	tr|A0A9J7HDS7|A0A9J7HDS7_BRAFL	Branchiostoma floridae	deuterostome	proteome	medium	0.3499		profile_medium
nachr	A0A9J7HE77__Braflo	tr|A0A9J7HE77|A0A9J7HE77_BRAFL	Branchiostoma floridae	deuterostome	proteome	medium	0.528		profile_medium
nachr	A0A9J7HE98__Braflo	tr|A0A9J7HE98|A0A9J7HE98_BRAFL	Branchiostoma floridae	deuterostome	proteome	high	0.7867	509	include
nachr	A0A9J7HEM6__Braflo	tr|A0A9J7HEM6|A0A9J7HEM6_BRAFL	Branchiostoma floridae	deuterostome	proteome	medium	0.528		profile_medium
gabaa	A0A9J7HET7__Braflo	tr|A0A9J7HET7|A0A9J7HET7_BRAFL	Branchiostoma floridae	deuterostome	proteome	medium	0.3114		profile_medium
kv_shaker	A0A9J7HFH3__Braflo	tr|A0A9J7HFH3|A0A9J7HFH3_BRAFL	Branchiostoma floridae	deuterostome	proteome	high	0.5054	297	include
kv_shaker	A0A9J7HFU3__Braflo	tr|A0A9J7HFU3|A0A9J7HFU3_BRAFL	Branchiostoma floridae	deuterostome	proteome	high	0.75	459	include
nav	A0A9J7HG25__Braflo	tr|A0A9J7HG25|A0A9J7HG25_BRAFL	Branchiostoma floridae	deuterostome	proteome	high	0.8341	1679	include
k2p	A0A9J7HG33__Braflo	tr|A0A9J7HG33|A0A9J7HG33_BRAFL	Branchiostoma floridae	deuterostome	proteome	high	0.7214	936	include
k2p	A0A9J7HGC6__Braflo	tr|A0A9J7HGC6|A0A9J7HGC6_BRAFL	Branchiostoma floridae	deuterostome	proteome	high	0.6891	323	include
osca_tmem63	A0A9J7HGE9__Braflo	tr|A0A9J7HGE9|A0A9J7HGE9_BRAFL	Branchiostoma floridae	deuterostome	proteome	high	0.8453	792	include
nachr	A0A9J7HH51__Braflo	tr|A0A9J7HH51|A0A9J7HH51_BRAFL	Branchiostoma floridae	deuterostome	proteome	medium	0.5259		profile_medium
nachr	A0A9J7HHF5__Braflo	tr|A0A9J7HHF5|A0A9J7HHF5_BRAFL	Branchiostoma floridae	deuterostome	proteome	high	0.8509	1757	include
kv_shaker	A0A9J7HI61__Braflo	tr|A0A9J7HI61|A0A9J7HI61_BRAFL	Branchiostoma floridae	deuterostome	proteome	high	0.7373	521	include
nachr	A0A9J7HID4__Braflo	tr|A0A9J7HID4|A0A9J7HID4_BRAFL	Branchiostoma floridae	deuterostome	proteome	high	0.5238	313	include
nachr	A0A9J7HIP1__Braflo	tr|A0A9J7HIP1|A0A9J7HIP1_BRAFL	Branchiostoma floridae	deuterostome	proteome	high	0.6812	725	include
trpp	A0A9J7HIU7__Braflo	tr|A0A9J7HIU7|A0A9J7HIU7_BRAFL	Branchiostoma floridae	deuterostome	proteome	medium	0.4436		profile_medium
nachr	A0A9J7HIZ2__Braflo	tr|A0A9J7HIZ2|A0A9J7HIZ2_BRAFL	Branchiostoma floridae	deuterostome	proteome	medium	0.3996		profile_medium
pannexin	A0A9J7HJ13__Braflo	tr|A0A9J7HJ13|A0A9J7HJ13_BRAFL	Branchiostoma floridae	deuterostome	proteome	high	0.5543	381	include
trpp	A0A9J7HJ56__Braflo	tr|A0A9J7HJ56|A0A9J7HJ56_BRAFL	Branchiostoma floridae	deuterostome	proteome	medium	0.4399		profile_medium
nachr	A0A9J7HJ67__Braflo	tr|A0A9J7HJ67|A0A9J7HJ67_BRAFL	Branchiostoma floridae	deuterostome	proteome	high	0.9048	1560	include
asic	A0A9J7HJ91__Braflo	tr|A0A9J7HJ91|A0A9J7HJ91_BRAFL	Branchiostoma floridae	deuterostome	proteome	high	0.8119	443	include
trpm	A0A9J7HJB3__Braflo	tr|A0A9J7HJB3|A0A9J7HJB3_BRAFL	Branchiostoma floridae	deuterostome	proteome	high	0.6276	1226	include
trpp	A0A9J7HJE6__Braflo	tr|A0A9J7HJE6|A0A9J7HJE6_BRAFL	Branchiostoma floridae	deuterostome	proteome	medium	0.4436		profile_medium
kv_shaker	A0A9J7HJN0__Braflo	tr|A0A9J7HJN0|A0A9J7HJN0_BRAFL	Branchiostoma floridae	deuterostome	proteome	high	0.7971	440	include
plgic_prok	A0A9J7HJR9__Braflo	tr|A0A9J7HJR9|A0A9J7HJR9_BRAFL	Branchiostoma floridae	deuterostome	proteome	medium	0.5148		profile_medium
k2p	A0A9J7HJS0__Braflo	tr|A0A9J7HJS0|A0A9J7HJS0_BRAFL	Branchiostoma floridae	deuterostome	proteome	high	0.5373	298	include
kv_shaker	A0A9J7HJV4__Braflo	tr|A0A9J7HJV4|A0A9J7HJV4_BRAFL	Branchiostoma floridae	deuterostome	proteome	medium	0.9185		profile_medium
nachr	A0A9J7HJZ1__Braflo	tr|A0A9J7HJZ1|A0A9J7HJZ1_BRAFL	Branchiostoma floridae	deuterostome	proteome	medium	0.5259		profile_medium
k2p	A0A9J7HK13__Braflo	tr|A0A9J7HK13|A0A9J7HK13_BRAFL	Branchiostoma floridae	deuterostome	proteome	high	0.6219	348	include
kv_kcnq	A0A9J7HKV1__Braflo	tr|A0A9J7HKV1|A0A9J7HKV1_BRAFL	Branchiostoma floridae	deuterostome	proteome	high	0.8168	980	include
kainate	A0A9J7HKW6__Braflo	tr|A0A9J7HKW6|A0A9J7HKW6_BRAFL	Branchiostoma floridae	deuterostome	proteome	medium	0.8727		profile_medium
kv_eag	A0A9J7HKW9__Braflo	tr|A0A9J7HKW9|A0A9J7HKW9_BRAFL	Branchiostoma floridae	deuterostome	proteome	high	0.995	1126	include
gabaa	A0A9J7HL64__Braflo	tr|A0A9J7HL64|A0A9J7HL64_BRAFL	Branchiostoma floridae	deuterostome	proteome	medium	0.8904		profile_medium
gabaa	A0A9J7HLD7__Braflo	tr|A0A9J7HLD7|A0A9J7HLD7_BRAFL	Branchiostoma floridae	deuterostome	proteome	medium	0.6623		profile_medium
nachr	A0A9J7HLE1__Braflo	tr|A0A9J7HLE1|A0A9J7HLE1_BRAFL	Branchiostoma floridae	deuterostome	proteome	high	0.9172	2819	include
nachr	A0A9J7HLF8__Braflo	tr|A0A9J7HLF8|A0A9J7HLF8_BRAFL	Branchiostoma floridae	deuterostome	proteome	high	0.9068	1120	include
asic	A0A9J7HLV5__Braflo	tr|A0A9J7HLV5|A0A9J7HLV5_BRAFL	Branchiostoma floridae	deuterostome	proteome	high	0.8637	466	include
ano_channel	A0A9J7HNA1__Braflo	tr|A0A9J7HNA1|A0A9J7HNA1_BRAFL	Branchiostoma floridae	deuterostome	proteome	medium	0.8638		profile_medium
kv_shaker	A0A9J7HNG8__Braflo	tr|A0A9J7HNG8|A0A9J7HNG8_BRAFL	Branchiostoma floridae	deuterostome	proteome	high	0.779	571	include
nav	A0A9J7HNI0__Braflo	tr|A0A9J7HNI0|A0A9J7HNI0_BRAFL	Branchiostoma floridae	deuterostome	proteome	high	0.949	2126	include
nav	A0A9J7HNZ5__Braflo	tr|A0A9J7HNZ5|A0A9J7HNZ5_BRAFL	Branchiostoma floridae	deuterostome	proteome	high	0.9288	1747	include
asic	A0A9J7HP80__Braflo	tr|A0A9J7HP80|A0A9J7HP80_BRAFL	Branchiostoma floridae	deuterostome	proteome	high	0.8618	469	include
nachr	A0A9J7HPA6__Braflo	tr|A0A9J7HPA6|A0A9J7HPA6_BRAFL	Branchiostoma floridae	deuterostome	proteome	high	0.5093	296	include
asic	A0A9J7HPB5__Braflo	tr|A0A9J7HPB5|A0A9J7HPB5_BRAFL	Branchiostoma floridae	deuterostome	proteome	high	0.8676	471	include
nachr	A0A9J7HPN4__Braflo	tr|A0A9J7HPN4|A0A9J7HPN4_BRAFL	Branchiostoma floridae	deuterostome	proteome	high	0.9689	469	include
nav	A0A9J7HQ16__Braflo	tr|A0A9J7HQ16|A0A9J7HQ16_BRAFL	Branchiostoma floridae	deuterostome	proteome	high	0.9624	1908	include
kainate	A0A9J7HQJ7__Braflo	tr|A0A9J7HQJ7|A0A9J7HQJ7_BRAFL	Branchiostoma floridae	deuterostome	proteome	medium	0.4501		profile_medium
nav	A0A9J7HQP1__Braflo	tr|A0A9J7HQP1|A0A9J7HQP1_BRAFL	Branchiostoma floridae	deuterostome	proteome	high	0.9608	1925	include
tpc	A0A9J7HQV7__Braflo	tr|A0A9J7HQV7|A0A9J7HQV7_BRAFL	Branchiostoma floridae	deuterostome	proteome	high	0.8783	782	include
asic	A0A9J7HR61__Braflo	tr|A0A9J7HR61|A0A9J7HR61_BRAFL	Branchiostoma floridae	deuterostome	proteome	high	0.8464	750	include
asic	A0A9J7HR72__Braflo	tr|A0A9J7HR72|A0A9J7HR72_BRAFL	Branchiostoma floridae	deuterostome	proteome	high	0.8599	484	include
nachr	A0A9J7HR96__Braflo	tr|A0A9J7HR96|A0A9J7HR96_BRAFL	Branchiostoma floridae	deuterostome	proteome	high	0.9296	925	include
nmda	A0A9J7HRA2__Braflo	tr|A0A9J7HRA2|A0A9J7HRA2_BRAFL	Branchiostoma floridae	deuterostome	proteome	high	0.7502	925	include
kv_kcnq	A0A9J7HS96__Braflo	tr|A0A9J7HS96|A0A9J7HS96_BRAFL	Branchiostoma floridae	deuterostome	proteome	high	0.7432	678	include
nachr	A0A9J7HSM3__Braflo	tr|A0A9J7HSM3|A0A9J7HSM3_BRAFL	Branchiostoma floridae	deuterostome	proteome	high	0.942	479	include
asic	A0A9J7HSQ7__Braflo	tr|A0A9J7HSQ7|A0A9J7HSQ7_BRAFL	Branchiostoma floridae	deuterostome	proteome	high	0.9232	511	include
nachr	A0A9J7HTD7__Braflo	tr|A0A9J7HTD7|A0A9J7HTD7_BRAFL	Branchiostoma floridae	deuterostome	proteome	high	0.9151	884	include
nachr	A0A9J7HTU5__Braflo	tr|A0A9J7HTU5|A0A9J7HTU5_BRAFL	Branchiostoma floridae	deuterostome	proteome	high	0.8157	1322	include
nachr	A0A9J7HTU7__Braflo	tr|A0A9J7HTU7|A0A9J7HTU7_BRAFL	Branchiostoma floridae	deuterostome	proteome	high	0.9627	485	include
nachr	A0A9J7HUL9__Braflo	tr|A0A9J7HUL9|A0A9J7HUL9_BRAFL	Branchiostoma floridae	deuterostome	proteome	high	0.5901	301	include
trpm	A0A9J7HUV3__Braflo	tr|A0A9J7HUV3|A0A9J7HUV3_BRAFL	Branchiostoma floridae	deuterostome	proteome	high	0.8519	2012	include
otop	A0A9J7HUX3__Braflo	tr|A0A9J7HUX3|A0A9J7HUX3_BRAFL	Branchiostoma floridae	deuterostome	proteome	high	0.7384	608	include
otop	A0A9J7HV56__Braflo	tr|A0A9J7HV56|A0A9J7HV56_BRAFL	Branchiostoma floridae	deuterostome	proteome	high	0.7935	702	include
nachr	A0A9J7HV67__Braflo	tr|A0A9J7HV67|A0A9J7HV67_BRAFL	Branchiostoma floridae	deuterostome	proteome	medium	0.4638		profile_medium
nachr	A0A9J7HV99__Braflo	tr|A0A9J7HV99|A0A9J7HV99_BRAFL	Branchiostoma floridae	deuterostome	proteome	high	0.911	873	include
nachr	A0A9J7HVH5__Braflo	tr|A0A9J7HVH5|A0A9J7HVH5_BRAFL	Branchiostoma floridae	deuterostome	proteome	high	0.9068	888	include
enac	A0A9J7HVH7__Braflo	tr|A0A9J7HVH7|A0A9J7HVH7_BRAFL	Branchiostoma floridae	deuterostome	proteome	medium	0.6543		profile_medium
nachr	A0A9J7HVJ2__Braflo	tr|A0A9J7HVJ2|A0A9J7HVJ2_BRAFL	Branchiostoma floridae	deuterostome	proteome	high	0.9648	454	include
tpc	A0A9J7HVK7__Braflo	tr|A0A9J7HVK7|A0A9J7HVK7_BRAFL	Branchiostoma floridae	deuterostome	proteome	high	0.8508	771	include
kainate	A0A9J7HVV2__Braflo	tr|A0A9J7HVV2|A0A9J7HVV2_BRAFL	Branchiostoma floridae	deuterostome	proteome	medium	0.4973		profile_medium
nachr	A0A9J7HVZ7__Braflo	tr|A0A9J7HVZ7|A0A9J7HVZ7_BRAFL	Branchiostoma floridae	deuterostome	proteome	high	0.913	888	include
k2p	A0A9J7HWA8__Braflo	tr|A0A9J7HWA8|A0A9J7HWA8_BRAFL	Branchiostoma floridae	deuterostome	proteome	high	0.7463	752	include
asic	A0A9J7HWP4__Braflo	tr|A0A9J7HWP4|A0A9J7HWP4_BRAFL	Branchiostoma floridae	deuterostome	proteome	medium	0.3282		profile_medium
nachr	A0A9J7HWY2__Braflo	tr|A0A9J7HWY2|A0A9J7HWY2_BRAFL	Branchiostoma floridae	deuterostome	proteome	high	0.9669	476	include
nachr	A0A9J7K6W3__Braflo	tr|A0A9J7K6W3|A0A9J7K6W3_BRAFL	Branchiostoma floridae	deuterostome	proteome	high	0.882	592	include
nachr	A0A9J7K6Z2__Braflo	tr|A0A9J7K6Z2|A0A9J7K6Z2_BRAFL	Branchiostoma floridae	deuterostome	proteome	high	0.8344	438	include
nachr	A0A9J7K6Z7__Braflo	tr|A0A9J7K6Z7|A0A9J7K6Z7_BRAFL	Branchiostoma floridae	deuterostome	proteome	high	0.9441	481	include
trpv	A0A9J7K718__Braflo	tr|A0A9J7K718|A0A9J7K718_BRAFL	Branchiostoma floridae	deuterostome	proteome	high	0.7152	712	include
nachr	A0A9J7K812__Braflo	tr|A0A9J7K812|A0A9J7K812_BRAFL	Branchiostoma floridae	deuterostome	proteome	high	0.9482	471	include
nachr	A0A9J7K930__Braflo	tr|A0A9J7K930|A0A9J7K930_BRAFL	Branchiostoma floridae	deuterostome	proteome	high	0.9151	884	include
k2p	A0A9J7K9C5__Braflo	tr|A0A9J7K9C5|A0A9J7K9C5_BRAFL	Branchiostoma floridae	deuterostome	proteome	high	0.5373	227	include
nachr	A0A9J7KD05__Braflo	tr|A0A9J7KD05|A0A9J7KD05_BRAFL	Branchiostoma floridae	deuterostome	proteome	high	0.8592	531	include
kv_shaker	A0A9J7KDX0__Braflo	tr|A0A9J7KDX0|A0A9J7KDX0_BRAFL	Branchiostoma floridae	deuterostome	proteome	high	0.7355	457	include
nachr	A0A9J7KGM9__Braflo	tr|A0A9J7KGM9|A0A9J7KGM9_BRAFL	Branchiostoma floridae	deuterostome	proteome	high	0.9048	555	include
nachr	A0A9J7KGV5__Braflo	tr|A0A9J7KGV5|A0A9J7KGV5_BRAFL	Branchiostoma floridae	deuterostome	proteome	medium	0.4389		profile_medium
nachr	A0A9J7KHH9__Braflo	tr|A0A9J7KHH9|A0A9J7KHH9_BRAFL	Branchiostoma floridae	deuterostome	proteome	high	0.9275	524	include
trpp	A0A9J7KHP8__Braflo	tr|A0A9J7KHP8|A0A9J7KHP8_BRAFL	Branchiostoma floridae	deuterostome	proteome	high	0.5056	453	include
nachr	A0A9J7KIG8__Braflo	tr|A0A9J7KIG8|A0A9J7KIG8_BRAFL	Branchiostoma floridae	deuterostome	proteome	high	0.911	723	include
pannexin	A0A9J7KJ34__Braflo	tr|A0A9J7KJ34|A0A9J7KJ34_BRAFL	Branchiostoma floridae	deuterostome	proteome	high	0.6538	401	include
asic	A0A9J7KJ61__Braflo	tr|A0A9J7KJ61|A0A9J7KJ61_BRAFL	Branchiostoma floridae	deuterostome	proteome	medium	0.4127		profile_medium
trpp	A0A9J7KJB8__Braflo	tr|A0A9J7KJB8|A0A9J7KJB8_BRAFL	Branchiostoma floridae	deuterostome	proteome	medium	0.746		profile_medium
gabaa	A0A9J7KK78__Braflo	tr|A0A9J7KK78|A0A9J7KK78_BRAFL	Branchiostoma floridae	deuterostome	proteome	medium	0.3114		profile_medium
nachr	A0A9J7KKB0__Braflo	tr|A0A9J7KKB0|A0A9J7KKB0_BRAFL	Branchiostoma floridae	deuterostome	proteome	medium	0.3043		profile_medium
gabaa	A0A9J7KLB8__Braflo	tr|A0A9J7KLB8|A0A9J7KLB8_BRAFL	Branchiostoma floridae	deuterostome	proteome	medium	0.6447		profile_medium
asic	A0A9J7KLN6__Braflo	tr|A0A9J7KLN6|A0A9J7KLN6_BRAFL	Branchiostoma floridae	deuterostome	proteome	high	0.9136	481	include
cng	A0A9J7KLP2__Braflo	tr|A0A9J7KLP2|A0A9J7KLP2_BRAFL	Branchiostoma floridae	deuterostome	proteome	high	0.6082	952	include
nachr	A0A9J7KLP7__Braflo	tr|A0A9J7KLP7|A0A9J7KLP7_BRAFL	Branchiostoma floridae	deuterostome	proteome	high	0.8923	1548	include
kv_shaker	A0A9J7KLS9__Braflo	tr|A0A9J7KLS9|A0A9J7KLS9_BRAFL	Branchiostoma floridae	deuterostome	proteome	high	0.721	479	include
nachr	A0A9J7KLT1__Braflo	tr|A0A9J7KLT1|A0A9J7KLT1_BRAFL	Branchiostoma floridae	deuterostome	proteome	high	0.6232	341	include
nachr	A0A9J7KM00__Braflo	tr|A0A9J7KM00|A0A9J7KM00_BRAFL	Branchiostoma floridae	deuterostome	proteome	medium	0.4969		profile_medium
nachr	A0A9J7KM03__Braflo	tr|A0A9J7KM03|A0A9J7KM03_BRAFL	Branchiostoma floridae	deuterostome	proteome	high	0.9669	482	include
trpa	A0A9J7KM04__Braflo	tr|A0A9J7KM04|A0A9J7KM04_BRAFL	Branchiostoma floridae	deuterostome	proteome	high	0.8856	1219	include
nachr	A0A9J7KMI7__Braflo	tr|A0A9J7KMI7|A0A9J7KMI7_BRAFL	Branchiostoma floridae	deuterostome	proteome	high	0.9669	554	include
enac	A0A9J7KMS0__Braflo	tr|A0A9J7KMS0|A0A9J7KMS0_BRAFL	Branchiostoma floridae	deuterostome	proteome	medium	0.6419		profile_medium
nachr	A0A9J7KN35__Braflo	tr|A0A9J7KN35|A0A9J7KN35_BRAFL	Branchiostoma floridae	deuterostome	proteome	high	0.8489	703	include
catsper	A0A9J7KNE3__Braflo	tr|A0A9J7KNE3|A0A9J7KNE3_BRAFL	Branchiostoma floridae	deuterostome	proteome	high	0.9466	562	include
nachr	A0A9J7KNM0__Braflo	tr|A0A9J7KNM0|A0A9J7KNM0_BRAFL	Branchiostoma floridae	deuterostome	proteome	high	0.9151	1067	include
hcn	A0A9J7KNR1__Braflo	tr|A0A9J7KNR1|A0A9J7KNR1_BRAFL	Branchiostoma floridae	deuterostome	proteome	high	0.5347	748	include
nachr	A0A9J7KNU2__Braflo	tr|A0A9J7KNU2|A0A9J7KNU2_BRAFL	Branchiostoma floridae	deuterostome	proteome	high	0.9896	540	include
hv1	A0A9J7KNU8__Braflo	tr|A0A9J7KNU8|A0A9J7KNU8_BRAFL	Branchiostoma floridae	deuterostome	proteome	high	0.7176	499	include
nachr	A0A9J7KNV5__Braflo	tr|A0A9J7KNV5|A0A9J7KNV5_BRAFL	Branchiostoma floridae	deuterostome	proteome	high	0.9689	482	include
nachr	A0A9J7KP41__Braflo	tr|A0A9J7KP41|A0A9J7KP41_BRAFL	Branchiostoma floridae	deuterostome	proteome	high	0.9669	476	include
plgic_prok	A0A9J7KP96__Braflo	tr|A0A9J7KP96|A0A9J7KP96_BRAFL	Branchiostoma floridae	deuterostome	proteome	high	0.7412	373	include
kainate	A0A9J7KPA1__Braflo	tr|A0A9J7KPA1|A0A9J7KPA1_BRAFL	Branchiostoma floridae	deuterostome	proteome	medium	0.4808		profile_medium
nachr	A0A9J7KPD4__Braflo	tr|A0A9J7KPD4|A0A9J7KPD4_BRAFL	Branchiostoma floridae	deuterostome	proteome	high	0.9627	485	include
nachr	A0A9J7KPH4__Braflo	tr|A0A9J7KPH4|A0A9J7KPH4_BRAFL	Branchiostoma floridae	deuterostome	proteome	high	0.9607	503	include
asic	A0A9J7KPI0__Braflo	tr|A0A9J7KPI0|A0A9J7KPI0_BRAFL	Branchiostoma floridae	deuterostome	proteome	medium	0.3839		profile_medium
asic	A0A9J7KPJ0__Braflo	tr|A0A9J7KPJ0|A0A9J7KPJ0_BRAFL	Branchiostoma floridae	deuterostome	proteome	high	0.8541	464	include
kca_sk	A0A9J7KPR6__Braflo	tr|A0A9J7KPR6|A0A9J7KPR6_BRAFL	Branchiostoma floridae	deuterostome	proteome	high	0.7734	674	include
asic	A0A9J7KQ40__Braflo	tr|A0A9J7KQ40|A0A9J7KQ40_BRAFL	Branchiostoma floridae	deuterostome	proteome	medium	0.3762		profile_medium
asic	A0A9J7KQ77__Braflo	tr|A0A9J7KQ77|A0A9J7KQ77_BRAFL	Branchiostoma floridae	deuterostome	proteome	medium	0.4453		profile_medium
trpc	A0A9J7KQM5__Braflo	tr|A0A9J7KQM5|A0A9J7KQM5_BRAFL	Branchiostoma floridae	deuterostome	proteome	medium	0.4127		profile_medium
cng	A0A9J7KR59__Braflo	tr|A0A9J7KR59|A0A9J7KR59_BRAFL	Branchiostoma floridae	deuterostome	proteome	medium	0.6662		profile_medium
catsper	A0A9J7KRC7__Braflo	tr|A0A9J7KRC7|A0A9J7KRC7_BRAFL	Branchiostoma floridae	deuterostome	proteome	high	0.7023	381	include
trpp	A0A9J7KS07__Braflo	tr|A0A9J7KS07|A0A9J7KS07_BRAFL	Branchiostoma floridae	deuterostome	proteome	high	0.9777	871	include
nachr	A0A9J7KS94__Braflo	tr|A0A9J7KS94|A0A9J7KS94_BRAFL	Branchiostoma floridae	deuterostome	proteome	high	0.9524	487	include
trpp	A0A9J7KSK5__Braflo	tr|A0A9J7KSK5|A0A9J7KSK5_BRAFL	Branchiostoma floridae	deuterostome	proteome	medium	0.3507		profile_medium
tmem175	A0A9J7KT05__Braflo	tr|A0A9J7KT05|A0A9J7KT05_BRAFL	Branchiostoma floridae	deuterostome	proteome	high	0.8588	496	include
tmem175	A0A9J7KT19__Braflo	tr|A0A9J7KT19|A0A9J7KT19_BRAFL	Branchiostoma floridae	deuterostome	proteome	medium	0.4573		profile_medium
nachr	A0A9J7KT28__Braflo	tr|A0A9J7KT28|A0A9J7KT28_BRAFL	Branchiostoma floridae	deuterostome	proteome	high	0.6832	435	include
vdac	A0A9J7KTM4__Braflo	tr|A0A9J7KTM4|A0A9J7KTM4_BRAFL	Branchiostoma floridae	deuterostome	proteome	high	0.9928	284	include
tmem175	A0A9J7KTR7__Braflo	tr|A0A9J7KTR7|A0A9J7KTR7_BRAFL	Branchiostoma floridae	deuterostome	proteome	high	0.8966	484	include
tmem175	A0A9J7KTU1__Braflo	tr|A0A9J7KTU1|A0A9J7KTU1_BRAFL	Branchiostoma floridae	deuterostome	proteome	high	0.8708	490	include
nachr	A0A9J7KTV5__Braflo	tr|A0A9J7KTV5|A0A9J7KTV5_BRAFL	Branchiostoma floridae	deuterostome	proteome	high	0.8323	898	include
kca_slo	A0A9J7KTZ0__Braflo	tr|A0A9J7KTZ0|A0A9J7KTZ0_BRAFL	Branchiostoma floridae	deuterostome	proteome	high	0.7489	943	include
tmem175	A0A9J7KTZ4__Braflo	tr|A0A9J7KTZ4|A0A9J7KTZ4_BRAFL	Branchiostoma floridae	deuterostome	proteome	none	0.2087		no_profile_call
nachr	A0A9J7KU60__Braflo	tr|A0A9J7KU60|A0A9J7KU60_BRAFL	Branchiostoma floridae	deuterostome	proteome	high	0.7992	499	include
tmem175	A0A9J7KUP1__Braflo	tr|A0A9J7KUP1|A0A9J7KUP1_BRAFL	Branchiostoma floridae	deuterostome	proteome	high	0.8588	496	include
k2p	A0A9J7KUP6__Braflo	tr|A0A9J7KUP6|A0A9J7KUP6_BRAFL	Branchiostoma floridae	deuterostome	proteome	medium	0.4204		profile_medium
mcu	A0A9J7KVB5__Braflo	tr|A0A9J7KVB5|A0A9J7KVB5_BRAFL	Branchiostoma floridae	deuterostome	proteome	high	0.8638	336	include
nachr	A0A9J7KVE5__Braflo	tr|A0A9J7KVE5|A0A9J7KVE5_BRAFL	Branchiostoma floridae	deuterostome	proteome	high	0.6729	380	include
k2p	A0A9J7KVI3__Braflo	tr|A0A9J7KVI3|A0A9J7KVI3_BRAFL	Branchiostoma floridae	deuterostome	proteome	high	0.6642	272	include
nachr	A0A9J7KW09__Braflo	tr|A0A9J7KW09|A0A9J7KW09_BRAFL	Branchiostoma floridae	deuterostome	proteome	high	0.94	471	include
gabaa	A0A9J7KWC4__Braflo	tr|A0A9J7KWC4|A0A9J7KWC4_BRAFL	Branchiostoma floridae	deuterostome	proteome	high	0.9408	636	include
gabaa	A0A9J7KWP5__Braflo	tr|A0A9J7KWP5|A0A9J7KWP5_BRAFL	Branchiostoma floridae	deuterostome	proteome	high	0.8991	470	include
trpp	A0A9J7KWX7__Braflo	tr|A0A9J7KWX7|A0A9J7KWX7_BRAFL	Branchiostoma floridae	deuterostome	proteome	medium	0.3556		profile_medium
k2p	A0A9J7KX65__Braflo	tr|A0A9J7KX65|A0A9J7KX65_BRAFL	Branchiostoma floridae	deuterostome	proteome	medium	0.4279		profile_medium
kv_shaker	A0A9J7KX70__Braflo	tr|A0A9J7KX70|A0A9J7KX70_BRAFL	Branchiostoma floridae	deuterostome	proteome	high	0.8134	562	include
trpp	A0A9J7KX80__Braflo	tr|A0A9J7KX80|A0A9J7KX80_BRAFL	Branchiostoma floridae	deuterostome	proteome	medium	0.3581		profile_medium
nachr	A0A9J7KXC0__Braflo	tr|A0A9J7KXC0|A0A9J7KXC0_BRAFL	Branchiostoma floridae	deuterostome	proteome	high	0.913	1473	include
gabaa	A0A9J7KYS6__Braflo	tr|A0A9J7KYS6|A0A9J7KYS6_BRAFL	Branchiostoma floridae	deuterostome	proteome	medium	0.9013		profile_medium
gabaa	A0A9J7KZW4__Braflo	tr|A0A9J7KZW4|A0A9J7KZW4_BRAFL	Branchiostoma floridae	deuterostome	proteome	medium	0.3158		profile_medium
nachr	A0A9J7L0I8__Braflo	tr|A0A9J7L0I8|A0A9J7L0I8_BRAFL	Branchiostoma floridae	deuterostome	proteome	high	0.6998	438	include
nachr	A0A9J7L0K8__Braflo	tr|A0A9J7L0K8|A0A9J7L0K8_BRAFL	Branchiostoma floridae	deuterostome	proteome	high	0.6957	337	include
trpv	A0A9J7L112__Braflo	tr|A0A9J7L112|A0A9J7L112_BRAFL	Branchiostoma floridae	deuterostome	proteome	high	0.7152	790	include
k2p	A0A9J7L131__Braflo	tr|A0A9J7L131|A0A9J7L131_BRAFL	Branchiostoma floridae	deuterostome	proteome	high	0.6692	567	include
gabaa	A0A9J7L181__Braflo	tr|A0A9J7L181|A0A9J7L181_BRAFL	Branchiostoma floridae	deuterostome	proteome	medium	0.9145		profile_medium
enac	A0A9J7L1F1__Braflo	tr|A0A9J7L1F1|A0A9J7L1F1_BRAFL	Branchiostoma floridae	deuterostome	proteome	medium	0.4419		profile_medium
nachr	A0A9J7L1P3__Braflo	tr|A0A9J7L1P3|A0A9J7L1P3_BRAFL	Branchiostoma floridae	deuterostome	proteome	medium	0.3147		profile_medium
catsper	A0A9J7L1Q3__Braflo	tr|A0A9J7L1Q3|A0A9J7L1Q3_BRAFL	Branchiostoma floridae	deuterostome	proteome	medium	0.5975		profile_medium
nachr	A0A9J7L227__Braflo	tr|A0A9J7L227|A0A9J7L227_BRAFL	Branchiostoma floridae	deuterostome	proteome	medium	0.4493		profile_medium
gabaa	A0A9J7L2C4__Braflo	tr|A0A9J7L2C4|A0A9J7L2C4_BRAFL	Branchiostoma floridae	deuterostome	proteome	high	0.9386	492	include
trpn	A0A9J7L2H1__Braflo	tr|A0A9J7L2H1|A0A9J7L2H1_BRAFL	Branchiostoma floridae	deuterostome	proteome	medium	0.4483		profile_medium
k2p	A0A9J7L2J1__Braflo	tr|A0A9J7L2J1|A0A9J7L2J1_BRAFL	Branchiostoma floridae	deuterostome	proteome	medium	0.3582		profile_medium
cng	A0A9J7L303__Braflo	tr|A0A9J7L303|A0A9J7L303_BRAFL	Branchiostoma floridae	deuterostome	proteome	high	0.6634	954	include
kv_shaker	A0A9J7L3A5__Braflo	tr|A0A9J7L3A5|A0A9J7L3A5_BRAFL	Branchiostoma floridae	deuterostome	proteome	medium	0.7464		profile_medium
trpp	A0A9J7L3T2__Braflo	tr|A0A9J7L3T2|A0A9J7L3T2_BRAFL	Branchiostoma floridae	deuterostome	proteome	medium	0.3891		profile_medium
trpc	A0A9J7L410__Braflo	tr|A0A9J7L410|A0A9J7L410_BRAFL	Branchiostoma floridae	deuterostome	proteome	high	0.7531	728	include
kca_sk	A0A9J7L458__Braflo	tr|A0A9J7L458|A0A9J7L458_BRAFL	Branchiostoma floridae	deuterostome	proteome	medium	0.4723		profile_medium
k2p	A0A9J7L4C5__Braflo	tr|A0A9J7L4C5|A0A9J7L4C5_BRAFL	Branchiostoma floridae	deuterostome	proteome	high	0.6642	329	include
kv_shaker	A0A9J7L4Q9__Braflo	tr|A0A9J7L4Q9|A0A9J7L4Q9_BRAFL	Branchiostoma floridae	deuterostome	proteome	medium	0.7301		profile_medium
nachr	A0A9J7L529__Braflo	tr|A0A9J7L529|A0A9J7L529_BRAFL	Branchiostoma floridae	deuterostome	proteome	high	0.9586	458	include
nachr	A0A9J7L538__Braflo	tr|A0A9J7L538|A0A9J7L538_BRAFL	Branchiostoma floridae	deuterostome	proteome	medium	0.6501		profile_medium
kv_shaker	A0A9J7L600__Braflo	tr|A0A9J7L600|A0A9J7L600_BRAFL	Branchiostoma floridae	deuterostome	proteome	high	0.8569	630	include
trpc	A0A9J7L6D9__Braflo	tr|A0A9J7L6D9|A0A9J7L6D9_BRAFL	Branchiostoma floridae	deuterostome	proteome	medium	0.3671		profile_medium
gabaa	A0A9J7L6L3__Braflo	tr|A0A9J7L6L3|A0A9J7L6L3_BRAFL	Branchiostoma floridae	deuterostome	proteome	medium	0.9715		profile_medium
trpv	A0A9J7L6L9__Braflo	tr|A0A9J7L6L9|A0A9J7L6L9_BRAFL	Branchiostoma floridae	deuterostome	proteome	high	0.8002	884	include
trpc	A0A9J7L6Q9__Braflo	tr|A0A9J7L6Q9|A0A9J7L6Q9_BRAFL	Branchiostoma floridae	deuterostome	proteome	high	0.7764	676	include
trpc	A0A9J7L6R4__Braflo	tr|A0A9J7L6R4|A0A9J7L6R4_BRAFL	Branchiostoma floridae	deuterostome	proteome	high	0.6852	696	include
trpc	A0A9J7L728__Braflo	tr|A0A9J7L728|A0A9J7L728_BRAFL	Branchiostoma floridae	deuterostome	proteome	high	0.594	567	include
gabaa	A0A9J7L776__Braflo	tr|A0A9J7L776|A0A9J7L776_BRAFL	Branchiostoma floridae	deuterostome	proteome	medium	0.8728		profile_medium
gabaa	A0A9J7L7D0__Braflo	tr|A0A9J7L7D0|A0A9J7L7D0_BRAFL	Branchiostoma floridae	deuterostome	proteome	medium	0.9737		profile_medium
trpc	A0A9J7L7D7__Braflo	tr|A0A9J7L7D7|A0A9J7L7D7_BRAFL	Branchiostoma floridae	deuterostome	proteome	high	0.5339	472	include
gabaa	A0A9J7L7I4__Braflo	tr|A0A9J7L7I4|A0A9J7L7I4_BRAFL	Branchiostoma floridae	deuterostome	proteome	high	0.8684	719	include
trpc	A0A9J7L7R4__Braflo	tr|A0A9J7L7R4|A0A9J7L7R4_BRAFL	Branchiostoma floridae	deuterostome	proteome	medium	0.3637		profile_medium
gabaa	A0A9J7L7S7__Braflo	tr|A0A9J7L7S7|A0A9J7L7S7_BRAFL	Branchiostoma floridae	deuterostome	proteome	medium	0.9496		profile_medium
trpp	A0A9J7L830__Braflo	tr|A0A9J7L830|A0A9J7L830_BRAFL	Branchiostoma floridae	deuterostome	proteome	medium	0.4585		profile_medium
trpn	A0A9J7L855__Braflo	tr|A0A9J7L855|A0A9J7L855_BRAFL	Branchiostoma floridae	deuterostome	proteome	medium	0.4062		profile_medium
trpc	A0A9J7L8A0__Braflo	tr|A0A9J7L8A0|A0A9J7L8A0_BRAFL	Branchiostoma floridae	deuterostome	proteome	high	0.6674	619	include
nachr	A0A9J7L8B1__Braflo	tr|A0A9J7L8B1|A0A9J7L8B1_BRAFL	Branchiostoma floridae	deuterostome	proteome	high	0.9607	465	include
trpc	A0A9J7L912__Braflo	tr|A0A9J7L912|A0A9J7L912_BRAFL	Branchiostoma floridae	deuterostome	proteome	medium	0.4394		profile_medium
nachr	A0A9J7L999__Braflo	tr|A0A9J7L999|A0A9J7L999_BRAFL	Branchiostoma floridae	deuterostome	proteome	high	0.7557	447	include
nachr	A0A9J7LA37__Braflo	tr|A0A9J7LA37|A0A9J7LA37_BRAFL	Branchiostoma floridae	deuterostome	proteome	high	0.7019	388	include
gabaa	A0A9J7LA69__Braflo	tr|A0A9J7LA69|A0A9J7LA69_BRAFL	Branchiostoma floridae	deuterostome	proteome	medium	0.5724		profile_medium
gabaa	A0A9J7LA74__Braflo	tr|A0A9J7LA74|A0A9J7LA74_BRAFL	Branchiostoma floridae	deuterostome	proteome	medium	0.5746		profile_medium
trpa	A0A9J7LAT3__Braflo	tr|A0A9J7LAT3|A0A9J7LAT3_BRAFL	Branchiostoma floridae	deuterostome	proteome	medium	0.4638		profile_medium
tpc	A0A9J7LAZ0__Braflo	tr|A0A9J7LAZ0|A0A9J7LAZ0_BRAFL	Branchiostoma floridae	deuterostome	proteome	high	0.8285	1221	include
kv_shaker	A0A9J7LB88__Braflo	tr|A0A9J7LB88|A0A9J7LB88_BRAFL	Branchiostoma floridae	deuterostome	proteome	high	0.8551	582	include
piezo	A0A9J7LBH6__Braflo	tr|A0A9J7LBH6|A0A9J7LBH6_BRAFL	Branchiostoma floridae	deuterostome	proteome	high	0.9735	2909	include
kv_shaker	A0A9J7LBR5__Braflo	tr|A0A9J7LBR5|A0A9J7LBR5_BRAFL	Branchiostoma floridae	deuterostome	proteome	high	0.7391	523	include
enac	A0A9J7LBR7__Braflo	tr|A0A9J7LBR7|A0A9J7LBR7_BRAFL	Branchiostoma floridae	deuterostome	proteome	medium	0.614		profile_medium
enac	A0A9J7LCL1__Braflo	tr|A0A9J7LCL1|A0A9J7LCL1_BRAFL	Branchiostoma floridae	deuterostome	proteome	medium	0.6171		profile_medium
trpc	A0A9J7LD61__Braflo	tr|A0A9J7LD61|A0A9J7LD61_BRAFL	Branchiostoma floridae	deuterostome	proteome	high	0.9522	1117	include
gabaa	A0A9J7LD64__Braflo	tr|A0A9J7LD64|A0A9J7LD64_BRAFL	Branchiostoma floridae	deuterostome	proteome	medium	0.6053		profile_medium
nachr	A0A9J7LD95__Braflo	tr|A0A9J7LD95|A0A9J7LD95_BRAFL	Branchiostoma floridae	deuterostome	proteome	high	0.9089	867	include
enac	A0A9J7LDD2__Braflo	tr|A0A9J7LDD2|A0A9J7LDD2_BRAFL	Branchiostoma floridae	deuterostome	proteome	medium	0.6837		profile_medium
nachr	A0A9J7LE14__Braflo	tr|A0A9J7LE14|A0A9J7LE14_BRAFL	Branchiostoma floridae	deuterostome	proteome	medium	0.4596		profile_medium
trpp	A0A9J7LEF6__Braflo	tr|A0A9J7LEF6|A0A9J7LEF6_BRAFL	Branchiostoma floridae	deuterostome	proteome	medium	0.4746		profile_medium
asic	A0A9J7LEH1__Braflo	tr|A0A9J7LEH1|A0A9J7LEH1_BRAFL	Branchiostoma floridae	deuterostome	proteome	high	0.8925	506	include
trpc	A0A9J7LEV7__Braflo	tr|A0A9J7LEV7|A0A9J7LEV7_BRAFL	Branchiostoma floridae	deuterostome	proteome	high	0.7353	716	include
trpc	A0A9J7LEZ4__Braflo	tr|A0A9J7LEZ4|A0A9J7LEZ4_BRAFL	Branchiostoma floridae	deuterostome	proteome	high	0.8654	932	include
asic	A0A9J7LFD2__Braflo	tr|A0A9J7LFD2|A0A9J7LFD2_BRAFL	Branchiostoma floridae	deuterostome	proteome	high	0.8925	503	include
ampa	A0A9J7LFK3__Braflo	tr|A0A9J7LFK3|A0A9J7LFK3_BRAFL	Branchiostoma floridae	deuterostome	proteome	medium	0.9446		profile_medium
cng	A0A9J7LFK6__Braflo	tr|A0A9J7LFK6|A0A9J7LFK6_BRAFL	Branchiostoma floridae	deuterostome	proteome	high	0.8996	788	include
gabaa	A0A9J7LFL2__Braflo	tr|A0A9J7LFL2|A0A9J7LFL2_BRAFL	Branchiostoma floridae	deuterostome	proteome	high	0.9715	512	include
nachr	A0A9J7LFT7__Braflo	tr|A0A9J7LFT7|A0A9J7LFT7_BRAFL	Branchiostoma floridae	deuterostome	proteome	high	0.9027	524	include
ampa	A0A9J7LFU9__Braflo	tr|A0A9J7LFU9|A0A9J7LFU9_BRAFL	Branchiostoma floridae	deuterostome	proteome	high	0.9701	947	include
gabaa	A0A9J7LFX6__Braflo	tr|A0A9J7LFX6|A0A9J7LFX6_BRAFL	Branchiostoma floridae	deuterostome	proteome	high	0.9496	445	include
glyr	A0A9J7LG70__Braflo	tr|A0A9J7LG70|A0A9J7LG70_BRAFL	Branchiostoma floridae	deuterostome	proteome	medium	0.9048		profile_medium
trpp	A0A9J7LGL7__Braflo	tr|A0A9J7LGL7|A0A9J7LGL7_BRAFL	Branchiostoma floridae	deuterostome	proteome	medium	0.4126		profile_medium
otop	A0A9J7LGS6__Braflo	tr|A0A9J7LGS6|A0A9J7LGS6_BRAFL	Branchiostoma floridae	deuterostome	proteome	high	0.8417	697	include
k2p	A0A9J7LH47__Braflo	tr|A0A9J7LH47|A0A9J7LH47_BRAFL	Branchiostoma floridae	deuterostome	proteome	high	0.8507	433	include
asic	A0A9J7LH77__Braflo	tr|A0A9J7LH77|A0A9J7LH77_BRAFL	Branchiostoma floridae	deuterostome	proteome	high	0.8599	458	include
trpp	A0A9J7LH88__Braflo	tr|A0A9J7LH88|A0A9J7LH88_BRAFL	Branchiostoma floridae	deuterostome	proteome	medium	0.4126		profile_medium
trpc	A0A9J7LIG1__Braflo	tr|A0A9J7LIG1|A0A9J7LIG1_BRAFL	Branchiostoma floridae	deuterostome	proteome	high	0.8487	1081	include
nachr	A0A9J7LIK7__Braflo	tr|A0A9J7LIK7|A0A9J7LIK7_BRAFL	Branchiostoma floridae	deuterostome	proteome	high	0.7101	391	include
trpc	A0A9J7LIW5__Braflo	tr|A0A9J7LIW5|A0A9J7LIW5_BRAFL	Branchiostoma floridae	deuterostome	proteome	high	0.7898	867	include
nachr	A0A9J7LJT8__Braflo	tr|A0A9J7LJT8|A0A9J7LJT8_BRAFL	Branchiostoma floridae	deuterostome	proteome	high	0.7019	336	include
nachr	A0A9J7LJW3__Braflo	tr|A0A9J7LJW3|A0A9J7LJW3_BRAFL	Branchiostoma floridae	deuterostome	proteome	high	0.7164	835	include
cav	A0A9J7LJZ1__Braflo	tr|A0A9J7LJZ1|A0A9J7LJZ1_BRAFL	Branchiostoma floridae	deuterostome	proteome	high	0.8572	2446	include
nachr	A0A9J7LL98__Braflo	tr|A0A9J7LL98|A0A9J7LL98_BRAFL	Branchiostoma floridae	deuterostome	proteome	high	0.911	940	include
kainate	A0A9J7LLZ8__Braflo	tr|A0A9J7LLZ8|A0A9J7LLZ8_BRAFL	Branchiostoma floridae	deuterostome	proteome	medium	0.4347		profile_medium
trpm	A0A9J7LM16__Braflo	tr|A0A9J7LM16|A0A9J7LM16_BRAFL	Branchiostoma floridae	deuterostome	proteome	medium	0.4738		profile_medium
nachr	A0A9J7LM33__Braflo	tr|A0A9J7LM33|A0A9J7LM33_BRAFL	Branchiostoma floridae	deuterostome	proteome	high	0.6232	341	include
nachr	A0A9J7LMG3__Braflo	tr|A0A9J7LMG3|A0A9J7LMG3_BRAFL	Branchiostoma floridae	deuterostome	proteome	high	0.5052	248	include
kv_shaker	A0A9J7LMT9__Braflo	tr|A0A9J7LMT9|A0A9J7LMT9_BRAFL	Branchiostoma floridae	deuterostome	proteome	high	0.7464	577	include
trpp	A0A9J7LN69__Braflo	tr|A0A9J7LN69|A0A9J7LN69_BRAFL	Branchiostoma floridae	deuterostome	proteome	medium	0.3866		profile_medium
asic	A0A9J7LNF4__Braflo	tr|A0A9J7LNF4|A0A9J7LNF4_BRAFL	Branchiostoma floridae	deuterostome	proteome	high	0.6084	316	include
trpp	A0A9J7LPI2__Braflo	tr|A0A9J7LPI2|A0A9J7LPI2_BRAFL	Branchiostoma floridae	deuterostome	proteome	medium	0.3928		profile_medium
kv_shaker	A0A9J7LPI6__Braflo	tr|A0A9J7LPI6|A0A9J7LPI6_BRAFL	Branchiostoma floridae	deuterostome	proteome	high	0.7319	509	include
kv_shaker	A0A9J7LPJ3__Braflo	tr|A0A9J7LPJ3|A0A9J7LPJ3_BRAFL	Branchiostoma floridae	deuterostome	proteome	high	0.7156	455	include
glyr	A0A9J7LPL2__Braflo	tr|A0A9J7LPL2|A0A9J7LPL2_BRAFL	Branchiostoma floridae	deuterostome	proteome	medium	0.9697		profile_medium
kainate	A0A9J7LPM4__Braflo	tr|A0A9J7LPM4|A0A9J7LPM4_BRAFL	Branchiostoma floridae	deuterostome	proteome	medium	0.7969		profile_medium
kainate	A0A9J7LQK4__Braflo	tr|A0A9J7LQK4|A0A9J7LQK4_BRAFL	Branchiostoma floridae	deuterostome	proteome	high	0.91	871	include
nachr	A0A9J7LR82__Braflo	tr|A0A9J7LR82|A0A9J7LR82_BRAFL	Branchiostoma floridae	deuterostome	proteome	high	0.9648	632	include
kv_shaker	A0A9J7LRS5__Braflo	tr|A0A9J7LRS5|A0A9J7LRS5_BRAFL	Branchiostoma floridae	deuterostome	proteome	high	0.7301	467	include
trpp	A0A9J7LRY8__Braflo	tr|A0A9J7LRY8|A0A9J7LRY8_BRAFL	Branchiostoma floridae	deuterostome	proteome	medium	0.3779		profile_medium
gabaa	A0A9J7LS14__Braflo	tr|A0A9J7LS14|A0A9J7LS14_BRAFL	Branchiostoma floridae	deuterostome	proteome	medium	0.5965		profile_medium
kv_shaker	A0A9J7LS37__Braflo	tr|A0A9J7LS37|A0A9J7LS37_BRAFL	Branchiostoma floridae	deuterostome	proteome	high	0.7518	526	include
asic	A0A9J7LS94__Braflo	tr|A0A9J7LS94|A0A9J7LS94_BRAFL	Branchiostoma floridae	deuterostome	proteome	medium	0.4012		profile_medium
kainate	A0A9J7LSA2__Braflo	tr|A0A9J7LSA2|A0A9J7LSA2_BRAFL	Branchiostoma floridae	deuterostome	proteome	medium	0.7958		profile_medium
kv_shaker	A0A9J7LSF1__Braflo	tr|A0A9J7LSF1|A0A9J7LSF1_BRAFL	Branchiostoma floridae	deuterostome	proteome	high	0.7572	459	include
kainate	A0A9J7LSG0__Braflo	tr|A0A9J7LSG0|A0A9J7LSG0_BRAFL	Branchiostoma floridae	deuterostome	proteome	medium	0.9374		profile_medium
pannexin	A0A9J7LSG6__Braflo	tr|A0A9J7LSG6|A0A9J7LSG6_BRAFL	Branchiostoma floridae	deuterostome	proteome	high	0.7805	550	include
nachr	A0A9J7LSU2__Braflo	tr|A0A9J7LSU2|A0A9J7LSU2_BRAFL	Branchiostoma floridae	deuterostome	proteome	medium	0.4141		profile_medium
k2p	A0A9J7LTD2__Braflo	tr|A0A9J7LTD2|A0A9J7LTD2_BRAFL	Branchiostoma floridae	deuterostome	proteome	high	0.5373	236	include
kv_shaker	A0A9J7LTW5__Braflo	tr|A0A9J7LTW5|A0A9J7LTW5_BRAFL	Branchiostoma floridae	deuterostome	proteome	high	0.7554	565	include
nachr	A0A9J7LU20__Braflo	tr|A0A9J7LU20|A0A9J7LU20_BRAFL	Branchiostoma floridae	deuterostome	proteome	high	0.7805	389	include
kv_shaker	A0A9J7LUA5__Braflo	tr|A0A9J7LUA5|A0A9J7LUA5_BRAFL	Branchiostoma floridae	deuterostome	proteome	high	0.7572	447	include
kv_eag	A0A9J7LUV5__Braflo	tr|A0A9J7LUV5|A0A9J7LUV5_BRAFL	Branchiostoma floridae	deuterostome	proteome	high	0.9242	1176	include
trpp	A0A9J7LV10__Braflo	tr|A0A9J7LV10|A0A9J7LV10_BRAFL	Branchiostoma floridae	deuterostome	proteome	medium	0.3953		profile_medium
nachr	A0A9J7LV16__Braflo	tr|A0A9J7LV16|A0A9J7LV16_BRAFL	Branchiostoma floridae	deuterostome	proteome	medium	0.3975		profile_medium
trpp	A0A9J7LV61__Braflo	tr|A0A9J7LV61|A0A9J7LV61_BRAFL	Branchiostoma floridae	deuterostome	proteome	medium	0.3804		profile_medium
k2p	A0A9J7LW08__Braflo	tr|A0A9J7LW08|A0A9J7LW08_BRAFL	Branchiostoma floridae	deuterostome	proteome	high	0.602	797	include
nachr	A0A9J7LWG5__Braflo	tr|A0A9J7LWG5|A0A9J7LWG5_BRAFL	Branchiostoma floridae	deuterostome	proteome	high	0.6232	287	include
k2p	A0A9J7LWP5__Braflo	tr|A0A9J7LWP5|A0A9J7LWP5_BRAFL	Branchiostoma floridae	deuterostome	proteome	high	0.6617	348	include
trpa	A0A9J7LWX4__Braflo	tr|A0A9J7LWX4|A0A9J7LWX4_BRAFL	Branchiostoma floridae	deuterostome	proteome	high	0.6756	907	include
kv_shaker	A0A9J7LWY6__Braflo	tr|A0A9J7LWY6|A0A9J7LWY6_BRAFL	Branchiostoma floridae	deuterostome	proteome	high	0.7518	507	include
kv_shaker	A0A9J7LWY8__Braflo	tr|A0A9J7LWY8|A0A9J7LWY8_BRAFL	Branchiostoma floridae	deuterostome	proteome	high	0.6594	427	include
cng	A0A9J7LX79__Braflo	tr|A0A9J7LX79|A0A9J7LX79_BRAFL	Branchiostoma floridae	deuterostome	proteome	high	0.7016	822	include
trpa	A0A9J7LXJ5__Braflo	tr|A0A9J7LXJ5|A0A9J7LXJ5_BRAFL	Branchiostoma floridae	deuterostome	proteome	high	0.5934	908	include
trpc	A0A9J7LXP6__Braflo	tr|A0A9J7LXP6|A0A9J7LXP6_BRAFL	Branchiostoma floridae	deuterostome	proteome	high	0.7987	735	include
kv_shaker	A0A9J7LXR2__Braflo	tr|A0A9J7LXR2|A0A9J7LXR2_BRAFL	Branchiostoma floridae	deuterostome	proteome	high	0.7264	607	include
tpc	A0A9J7LXY6__Braflo	tr|A0A9J7LXY6|A0A9J7LXY6_BRAFL	Branchiostoma floridae	deuterostome	proteome	medium	0.4895		profile_medium
k2p	A0A9J7LY10__Braflo	tr|A0A9J7LY10|A0A9J7LY10_BRAFL	Branchiostoma floridae	deuterostome	proteome	high	0.7139	342	include
nachr	A0A9J7LYC5__Braflo	tr|A0A9J7LYC5|A0A9J7LYC5_BRAFL	Branchiostoma floridae	deuterostome	proteome	high	0.7246	860	include
otop	A0A9J7LZ93__Braflo	tr|A0A9J7LZ93|A0A9J7LZ93_BRAFL	Branchiostoma floridae	deuterostome	proteome	high	0.7281	617	include
cng	A0A9J7LZA9__Braflo	tr|A0A9J7LZA9|A0A9J7LZA9_BRAFL	Branchiostoma floridae	deuterostome	proteome	high	0.7129	877	include
nachr	A0A9J7M0A7__Braflo	tr|A0A9J7M0A7|A0A9J7M0A7_BRAFL	Branchiostoma floridae	deuterostome	proteome	high	0.913	647	include
tpc	A0A9J7M0H4__Braflo	tr|A0A9J7M0H4|A0A9J7M0H4_BRAFL	Branchiostoma floridae	deuterostome	proteome	high	0.8743	793	include
nachr	A0A9J7M0W2__Braflo	tr|A0A9J7M0W2|A0A9J7M0W2_BRAFL	Branchiostoma floridae	deuterostome	proteome	high	0.9586	480	include
nachr	A0A9J7M1G1__Braflo	tr|A0A9J7M1G1|A0A9J7M1G1_BRAFL	Branchiostoma floridae	deuterostome	proteome	medium	0.3665		profile_medium
asic	A0A9J7M1I3__Braflo	tr|A0A9J7M1I3|A0A9J7M1I3_BRAFL	Branchiostoma floridae	deuterostome	proteome	high	0.7678	453	include
nachr	A0A9J7M1Z5__Braflo	tr|A0A9J7M1Z5|A0A9J7M1Z5_BRAFL	Branchiostoma floridae	deuterostome	proteome	high	0.9048	438	include
trpp	A0A9J7M227__Braflo	tr|A0A9J7M227|A0A9J7M227_BRAFL	Branchiostoma floridae	deuterostome	proteome	medium	0.4424		profile_medium
cng	A0A9J7M2P6__Braflo	tr|A0A9J7M2P6|A0A9J7M2P6_BRAFL	Branchiostoma floridae	deuterostome	proteome	high	0.7581	785	include
trpp	A0A9J7M3E3__Braflo	tr|A0A9J7M3E3|A0A9J7M3E3_BRAFL	Branchiostoma floridae	deuterostome	proteome	medium	0.3891		profile_medium
bestrophin	A0A9J7M3I7__Braflo	tr|A0A9J7M3I7|A0A9J7M3I7_BRAFL	Branchiostoma floridae	deuterostome	proteome	high	0.7438	752	include
k2p	A0A9J7M4S1__Braflo	tr|A0A9J7M4S1|A0A9J7M4S1_BRAFL	Branchiostoma floridae	deuterostome	proteome	high	0.6642	349	include
trpc	A0A9J7M4Z2__Braflo	tr|A0A9J7M4Z2|A0A9J7M4Z2_BRAFL	Branchiostoma floridae	deuterostome	proteome	high	0.8432	878	include
kir	A0A9J7M4Z7__Braflo	tr|A0A9J7M4Z7|A0A9J7M4Z7_BRAFL	Branchiostoma floridae	deuterostome	proteome	high	0.9144	466	include
nachr	A0A9J7M5Q6__Braflo	tr|A0A9J7M5Q6|A0A9J7M5Q6_BRAFL	Branchiostoma floridae	deuterostome	proteome	medium	0.3333		profile_medium
nachr	A0A9J7M5Y2__Braflo	tr|A0A9J7M5Y2|A0A9J7M5Y2_BRAFL	Branchiostoma floridae	deuterostome	proteome	high	0.8282	402	include
nachr	A0A9J7M791__Braflo	tr|A0A9J7M791|A0A9J7M791_BRAFL	Branchiostoma floridae	deuterostome	proteome	high	0.94	480	include
nmda	A0A9J7M7C4__Braflo	tr|A0A9J7M7C4|A0A9J7M7C4_BRAFL	Branchiostoma floridae	deuterostome	proteome	high	0.8321	1084	include
nachr	A0A9J7M7I0__Braflo	tr|A0A9J7M7I0|A0A9J7M7I0_BRAFL	Branchiostoma floridae	deuterostome	proteome	high	0.7288	443	include
cav	A0A9J7M7P5__Braflo	tr|A0A9J7M7P5|A0A9J7M7P5_BRAFL	Branchiostoma floridae	deuterostome	proteome	high	0.7191	2497	include
nachr	A0A9J7M7Q1__Braflo	tr|A0A9J7M7Q1|A0A9J7M7Q1_BRAFL	Branchiostoma floridae	deuterostome	proteome	high	0.6356	310	include
kainate	A0A9J7M7S4__Braflo	tr|A0A9J7M7S4|A0A9J7M7S4_BRAFL	Branchiostoma floridae	deuterostome	proteome	medium	0.5906		profile_medium
trpp	A0A9J7M7W9__Braflo	tr|A0A9J7M7W9|A0A9J7M7W9_BRAFL	Branchiostoma floridae	deuterostome	proteome	medium	0.5998		profile_medium
nachr	A0A9J7M803__Braflo	tr|A0A9J7M803|A0A9J7M803_BRAFL	Branchiostoma floridae	deuterostome	proteome	high	0.9689	448	include
nachr	A0A9J7M859__Braflo	tr|A0A9J7M859|A0A9J7M859_BRAFL	Branchiostoma floridae	deuterostome	proteome	medium	0.5259		profile_medium
glyr	A0A9J7M8A5__Braflo	tr|A0A9J7M8A5|A0A9J7M8A5_BRAFL	Branchiostoma floridae	deuterostome	proteome	medium	0.9286		profile_medium
gabaa	A0A9J7M8H2__Braflo	tr|A0A9J7M8H2|A0A9J7M8H2_BRAFL	Branchiostoma floridae	deuterostome	proteome	medium	0.6776		profile_medium
nachr	A0A9J7M8L6__Braflo	tr|A0A9J7M8L6|A0A9J7M8L6_BRAFL	Branchiostoma floridae	deuterostome	proteome	medium	0.4141		profile_medium
clc_channel	A0A9J7M8V4__Braflo	tr|A0A9J7M8V4|A0A9J7M8V4_BRAFL	Branchiostoma floridae	deuterostome	proteome	high	0.7789	947	include
enac	A0A9J7M9H5__Braflo	tr|A0A9J7M9H5|A0A9J7M9H5_BRAFL	Branchiostoma floridae	deuterostome	proteome	medium	0.8155		profile_medium
nachr	A0A9J7M9P2__Braflo	tr|A0A9J7M9P2|A0A9J7M9P2_BRAFL	Branchiostoma floridae	deuterostome	proteome	high	0.6418	331	include
gabaa	A0A9J7MAG3__Braflo	tr|A0A9J7MAG3|A0A9J7MAG3_BRAFL	Branchiostoma floridae	deuterostome	proteome	medium	0.6184		profile_medium
nachr	A0A9J7MAM7__Braflo	tr|A0A9J7MAM7|A0A9J7MAM7_BRAFL	Branchiostoma floridae	deuterostome	proteome	high	0.9565	492	include
nachr	A0A9J7MAY5__Braflo	tr|A0A9J7MAY5|A0A9J7MAY5_BRAFL	Branchiostoma floridae	deuterostome	proteome	high	0.9607	445	include
itpr	A0A9J7MB78__Braflo	tr|A0A9J7MB78|A0A9J7MB78_BRAFL	Branchiostoma floridae	deuterostome	proteome	high	0.7642	2655	include
trpm	A0A9J7MBB6__Braflo	tr|A0A9J7MBB6|A0A9J7MBB6_BRAFL	Branchiostoma floridae	deuterostome	proteome	medium	0.3497		profile_medium
kainate	A0A9J7MBI2__Braflo	tr|A0A9J7MBI2|A0A9J7MBI2_BRAFL	Branchiostoma floridae	deuterostome	proteome	medium	0.8189		profile_medium
nachr	A0A9J7MBQ3__Braflo	tr|A0A9J7MBQ3|A0A9J7MBQ3_BRAFL	Branchiostoma floridae	deuterostome	proteome	high	0.9379	447	include
gabaa	A0A9J7MC43__Braflo	tr|A0A9J7MC43|A0A9J7MC43_BRAFL	Branchiostoma floridae	deuterostome	proteome	medium	0.5592		profile_medium
asic	A0A9J7MCW7__Braflo	tr|A0A9J7MCW7|A0A9J7MCW7_BRAFL	Branchiostoma floridae	deuterostome	proteome	high	0.8637	466	include
kv_shaker	A0A9J7MD67__Braflo	tr|A0A9J7MD67|A0A9J7MD67_BRAFL	Branchiostoma floridae	deuterostome	proteome	medium	0.4312		profile_medium
pannexin	A0A9J7MD86__Braflo	tr|A0A9J7MD86|A0A9J7MD86_BRAFL	Branchiostoma floridae	deuterostome	proteome	high	0.819	483	include
glyr	A0A9J7MD99__Braflo	tr|A0A9J7MD99|A0A9J7MD99_BRAFL	Branchiostoma floridae	deuterostome	proteome	medium	0.9264		profile_medium
trpp	A0A9J7MDE6__Braflo	tr|A0A9J7MDE6|A0A9J7MDE6_BRAFL	Branchiostoma floridae	deuterostome	proteome	medium	0.4114		profile_medium
nmda	A0A9J7MDF7__Braflo	tr|A0A9J7MDF7|A0A9J7MDF7_BRAFL	Branchiostoma floridae	deuterostome	proteome	high	0.9199	1205	include
nachr	A0A9J7MDI5__Braflo	tr|A0A9J7MDI5|A0A9J7MDI5_BRAFL	Branchiostoma floridae	deuterostome	proteome	high	0.971	474	include
kainate	A0A9J7ME96__Braflo	tr|A0A9J7ME96|A0A9J7ME96_BRAFL	Branchiostoma floridae	deuterostome	proteome	medium	0.6268		profile_medium
kainate	A0A9J7MEW8__Braflo	tr|A0A9J7MEW8|A0A9J7MEW8_BRAFL	Branchiostoma floridae	deuterostome	proteome	medium	0.5412		profile_medium
lrrc8	A0A9J7MFE2__Braflo	tr|A0A9J7MFE2|A0A9J7MFE2_BRAFL	Branchiostoma floridae	deuterostome	proteome	none	0.0585		no_profile_call
nachr	A0A9J7MFE4__Braflo	tr|A0A9J7MFE4|A0A9J7MFE4_BRAFL	Branchiostoma floridae	deuterostome	proteome	medium	0.4037		profile_medium
enac	A0A9J7MFH3__Braflo	tr|A0A9J7MFH3|A0A9J7MFH3_BRAFL	Branchiostoma floridae	deuterostome	proteome	medium	0.5008		profile_medium
nmda	A0A9J7MFH4__Braflo	tr|A0A9J7MFH4|A0A9J7MFH4_BRAFL	Branchiostoma floridae	deuterostome	proteome	high	0.6206	921	include
enac	A0A9J7MFI5__Braflo	tr|A0A9J7MFI5|A0A9J7MFI5_BRAFL	Branchiostoma floridae	deuterostome	proteome	medium	0.7256		profile_medium
kainate	A0A9J7MFP1__Braflo	tr|A0A9J7MFP1|A0A9J7MFP1_BRAFL	Branchiostoma floridae	deuterostome	proteome	medium	0.6937		profile_medium
nachr	A0A9J7MFU0__Braflo	tr|A0A9J7MFU0|A0A9J7MFU0_BRAFL	Branchiostoma floridae	deuterostome	proteome	high	0.9524	459	include
kv_shaker	A0A9J7MG39__Braflo	tr|A0A9J7MG39|A0A9J7MG39_BRAFL	Branchiostoma floridae	deuterostome	proteome	medium	0.8279		profile_medium
nachr	A0A9J7MGB5__Braflo	tr|A0A9J7MGB5|A0A9J7MGB5_BRAFL	Branchiostoma floridae	deuterostome	proteome	high	0.7164	445	include
nachr	A0A9J7MGR5__Braflo	tr|A0A9J7MGR5|A0A9J7MGR5_BRAFL	Branchiostoma floridae	deuterostome	proteome	high	0.9648	468	include
trpm	A0A9J7MGS6__Braflo	tr|A0A9J7MGS6|A0A9J7MGS6_BRAFL	Branchiostoma floridae	deuterostome	proteome	high	0.594	1130	include
trpp	A0A9J7MH88__Braflo	tr|A0A9J7MH88|A0A9J7MH88_BRAFL	Branchiostoma floridae	deuterostome	proteome	medium	0.4473		profile_medium
nachr	A0A9J7MHX9__Braflo	tr|A0A9J7MHX9|A0A9J7MHX9_BRAFL	Branchiostoma floridae	deuterostome	proteome	high	0.9337	463	include
nachr	A0A9J7MHY7__Braflo	tr|A0A9J7MHY7|A0A9J7MHY7_BRAFL	Branchiostoma floridae	deuterostome	proteome	high	0.9689	459	include
nachr	A0A9J7MHZ2__Braflo	tr|A0A9J7MHZ2|A0A9J7MHZ2_BRAFL	Branchiostoma floridae	deuterostome	proteome	high	0.9193	943	include
kainate	A0A9J7MI10__Braflo	tr|A0A9J7MI10|A0A9J7MI10_BRAFL	Branchiostoma floridae	deuterostome	proteome	medium	0.5379		profile_medium
nachr	A0A9J7MI29__Braflo	tr|A0A9J7MI29|A0A9J7MI29_BRAFL	Branchiostoma floridae	deuterostome	proteome	high	0.9462	485	include
asic	A0A9J7MI37__Braflo	tr|A0A9J7MI37|A0A9J7MI37_BRAFL	Branchiostoma floridae	deuterostome	proteome	high	0.9079	510	include
trpn	A0A9J7MIF4__Braflo	tr|A0A9J7MIF4|A0A9J7MIF4_BRAFL	Branchiostoma floridae	deuterostome	proteome	high	0.8256	1660	include
kainate	A0A9J7MJ63__Braflo	tr|A0A9J7MJ63|A0A9J7MJ63_BRAFL	Branchiostoma floridae	deuterostome	proteome	medium	0.9726		profile_medium
nachr	A0A9J7MJB8__Braflo	tr|A0A9J7MJB8|A0A9J7MJB8_BRAFL	Branchiostoma floridae	deuterostome	proteome	high	0.9462	474	include
trpc	A0A9J7MJP8__Braflo	tr|A0A9J7MJP8|A0A9J7MJP8_BRAFL	Branchiostoma floridae	deuterostome	proteome	medium	0.436		profile_medium
tpc	A0A9J7MJX5__Braflo	tr|A0A9J7MJX5|A0A9J7MJX5_BRAFL	Branchiostoma floridae	deuterostome	proteome	medium	0.4241		profile_medium
nachr	A0A9J7MJZ8__Braflo	tr|A0A9J7MJZ8|A0A9J7MJZ8_BRAFL	Branchiostoma floridae	deuterostome	proteome	high	0.9482	476	include
nachr	A0A9J7MK03__Braflo	tr|A0A9J7MK03|A0A9J7MK03_BRAFL	Branchiostoma floridae	deuterostome	proteome	high	0.7122	352	include
nachr	A0A9J7MKP9__Braflo	tr|A0A9J7MKP9|A0A9J7MKP9_BRAFL	Branchiostoma floridae	deuterostome	proteome	high	0.9565	497	include
kv_shaker	A0A9J7ML79__Braflo	tr|A0A9J7ML79|A0A9J7ML79_BRAFL	Branchiostoma floridae	deuterostome	proteome	high	0.7518	457	include
trpp	A0A9J7MLD7__Braflo	tr|A0A9J7MLD7|A0A9J7MLD7_BRAFL	Branchiostoma floridae	deuterostome	proteome	medium	0.3581		profile_medium
trpp	A0A9J7MLH4__Braflo	tr|A0A9J7MLH4|A0A9J7MLH4_BRAFL	Branchiostoma floridae	deuterostome	proteome	medium	0.3061		profile_medium
gabaa	A0A9J7MLI4__Braflo	tr|A0A9J7MLI4|A0A9J7MLI4_BRAFL	Branchiostoma floridae	deuterostome	proteome	medium	0.7741		profile_medium
nachr	A0A9J7MLI5__Braflo	tr|A0A9J7MLI5|A0A9J7MLI5_BRAFL	Branchiostoma floridae	deuterostome	proteome	high	0.6812	436	include
trpc	A0A9J7MLQ3__Braflo	tr|A0A9J7MLQ3|A0A9J7MLQ3_BRAFL	Branchiostoma floridae	deuterostome	proteome	high	0.6552	600	include
gabaa	A0A9J7MM68__Braflo	tr|A0A9J7MM68|A0A9J7MM68_BRAFL	Branchiostoma floridae	deuterostome	proteome	medium	0.9342		profile_medium
nachr	A0A9J7MN13__Braflo	tr|A0A9J7MN13|A0A9J7MN13_BRAFL	Branchiostoma floridae	deuterostome	proteome	high	0.9068	1078	include
nachr	A0A9J7MN20__Braflo	tr|A0A9J7MN20|A0A9J7MN20_BRAFL	Branchiostoma floridae	deuterostome	proteome	high	0.9068	1283	include
k2p	A0A9J7MN50__Braflo	tr|A0A9J7MN50|A0A9J7MN50_BRAFL	Branchiostoma floridae	deuterostome	proteome	high	0.6269	431	include
gabaa	A0A9J7MNF0__Braflo	tr|A0A9J7MNF0|A0A9J7MNF0_BRAFL	Branchiostoma floridae	deuterostome	proteome	medium	0.8026		profile_medium
catsper	A0A9J7MNW0__Braflo	tr|A0A9J7MNW0|A0A9J7MNW0_BRAFL	Branchiostoma floridae	deuterostome	proteome	high	0.7084	562	include
trpc	A0A9J7MP86__Braflo	tr|A0A9J7MP86|A0A9J7MP86_BRAFL	Branchiostoma floridae	deuterostome	proteome	medium	0.4494		profile_medium
trpc	A0A9J7MPI0__Braflo	tr|A0A9J7MPI0|A0A9J7MPI0_BRAFL	Branchiostoma floridae	deuterostome	proteome	medium	0.3003		profile_medium
trpp	A0A9J7MQB6__Braflo	tr|A0A9J7MQB6|A0A9J7MQB6_BRAFL	Branchiostoma floridae	deuterostome	proteome	medium	0.43		profile_medium
trpc	A0A9J7MQQ4__Braflo	tr|A0A9J7MQQ4|A0A9J7MQQ4_BRAFL	Branchiostoma floridae	deuterostome	proteome	high	0.7976	716	include
kv_shaker	A0A9J7MQW7__Braflo	tr|A0A9J7MQW7|A0A9J7MQW7_BRAFL	Branchiostoma floridae	deuterostome	proteome	high	0.7391	785	include
trpc	A0A9J7MR38__Braflo	tr|A0A9J7MR38|A0A9J7MR38_BRAFL	Branchiostoma floridae	deuterostome	proteome	high	0.7898	1129	include
trpc	A0A9J7MRL8__Braflo	tr|A0A9J7MRL8|A0A9J7MRL8_BRAFL	Branchiostoma floridae	deuterostome	proteome	medium	0.3693		profile_medium
cav	A0A9J7MRS2__Braflo	tr|A0A9J7MRS2|A0A9J7MRS2_BRAFL	Branchiostoma floridae	deuterostome	proteome	high	0.9353	2477	include
itpr	A0A9J7MRS8__Braflo	tr|A0A9J7MRS8|A0A9J7MRS8_BRAFL	Branchiostoma floridae	deuterostome	proteome	high	0.9945	2960	include
trpc	A0A9J7MS31__Braflo	tr|A0A9J7MS31|A0A9J7MS31_BRAFL	Branchiostoma floridae	deuterostome	proteome	high	0.594	538	include
trpp	A0A9J7MSF5__Braflo	tr|A0A9J7MSF5|A0A9J7MSF5_BRAFL	Branchiostoma floridae	deuterostome	proteome	medium	0.3941		profile_medium
gabaa	A0A9J7MSI4__Braflo	tr|A0A9J7MSI4|A0A9J7MSI4_BRAFL	Branchiostoma floridae	deuterostome	proteome	medium	0.6162		profile_medium
nachr	A0A9J7MT08__Braflo	tr|A0A9J7MT08|A0A9J7MT08_BRAFL	Branchiostoma floridae	deuterostome	proteome	medium	0.4493		profile_medium
gabaa	A0A9J7MT11__Braflo	tr|A0A9J7MT11|A0A9J7MT11_BRAFL	Branchiostoma floridae	deuterostome	proteome	high	0.9079	496	include
tric	A0A9J7MTH5__Braflo	tr|A0A9J7MTH5|A0A9J7MTH5_BRAFL	Branchiostoma floridae	deuterostome	proteome	high	0.861	265	include
ryr	A0A9J7MUA9__Braflo	tr|A0A9J7MUA9|A0A9J7MUA9_BRAFL	Branchiostoma floridae	deuterostome	proteome	high	0.9992	4992	include
nachr	A0A9J7MUX5__Braflo	tr|A0A9J7MUX5|A0A9J7MUX5_BRAFL	Branchiostoma floridae	deuterostome	proteome	high	0.8737	784	include
nachr	A0A9J7MUZ0__Braflo	tr|A0A9J7MUZ0|A0A9J7MUZ0_BRAFL	Branchiostoma floridae	deuterostome	proteome	medium	0.4907		profile_medium
nachr	A0A9J7MVL6__Braflo	tr|A0A9J7MVL6|A0A9J7MVL6_BRAFL	Branchiostoma floridae	deuterostome	proteome	high	0.9172	975	include
otop	A0A9J7MVP5__Braflo	tr|A0A9J7MVP5|A0A9J7MVP5_BRAFL	Branchiostoma floridae	deuterostome	proteome	medium	0.4165		profile_medium
trpc	A0A9J7MVU3__Braflo	tr|A0A9J7MVU3|A0A9J7MVU3_BRAFL	Branchiostoma floridae	deuterostome	proteome	high	0.8643	880	include
kv_shaker	A0A9J7MW09__Braflo	tr|A0A9J7MW09|A0A9J7MW09_BRAFL	Branchiostoma floridae	deuterostome	proteome	high	0.7428	466	include
kv_shaker	A0A9J7MWK8__Braflo	tr|A0A9J7MWK8|A0A9J7MWK8_BRAFL	Branchiostoma floridae	deuterostome	proteome	high	0.75	454	include
asic	A0A9J7MWN1__Braflo	tr|A0A9J7MWN1|A0A9J7MWN1_BRAFL	Branchiostoma floridae	deuterostome	proteome	high	0.6929	370	include
nachr	A0A9J7MWZ8__Braflo	tr|A0A9J7MWZ8|A0A9J7MWZ8_BRAFL	Branchiostoma floridae	deuterostome	proteome	medium	0.3499		profile_medium
otop	A0A9J7MX82__Braflo	tr|A0A9J7MX82|A0A9J7MX82_BRAFL	Branchiostoma floridae	deuterostome	proteome	high	0.8916	675	include
kca_slo	A0A9J7MXA9__Braflo	tr|A0A9J7MXA9|A0A9J7MXA9_BRAFL	Branchiostoma floridae	deuterostome	proteome	high	0.8767	1198	include
asic	A0A9J7MXZ1__Braflo	tr|A0A9J7MXZ1|A0A9J7MXZ1_BRAFL	Branchiostoma floridae	deuterostome	proteome	medium	0.4933		profile_medium
nachr	A0A9J7MY05__Braflo	tr|A0A9J7MY05|A0A9J7MY05_BRAFL	Branchiostoma floridae	deuterostome	proteome	high	0.9565	836	include
glyr	A0A9J7MYV6__Braflo	tr|A0A9J7MYV6|A0A9J7MYV6_BRAFL	Branchiostoma floridae	deuterostome	proteome	medium	0.8939		profile_medium
trpa	A0A9J7MZ65__Braflo	tr|A0A9J7MZ65|A0A9J7MZ65_BRAFL	Branchiostoma floridae	deuterostome	proteome	high	0.857	1256	include
nachr	A0A9J7MZV5__Braflo	tr|A0A9J7MZV5|A0A9J7MZV5_BRAFL	Branchiostoma floridae	deuterostome	proteome	high	0.9669	474	include
nachr	A0A9J7MZV8__Braflo	tr|A0A9J7MZV8|A0A9J7MZV8_BRAFL	Branchiostoma floridae	deuterostome	proteome	high	0.9524	478	include
trpm	A0A9J7N0B5__Braflo	tr|A0A9J7N0B5|A0A9J7N0B5_BRAFL	Branchiostoma floridae	deuterostome	proteome	high	0.5877	1631	include
gabaa	A0A9J7N0L6__Braflo	tr|A0A9J7N0L6|A0A9J7N0L6_BRAFL	Branchiostoma floridae	deuterostome	proteome	medium	0.8004		profile_medium
trpp	A0A9J7N0X1__Braflo	tr|A0A9J7N0X1|A0A9J7N0X1_BRAFL	Branchiostoma floridae	deuterostome	proteome	medium	0.3841		profile_medium
nachr	A0A9J7N107__Braflo	tr|A0A9J7N107|A0A9J7N107_BRAFL	Branchiostoma floridae	deuterostome	proteome	high	0.9089	964	include
nachr	A0A9J7N143__Braflo	tr|A0A9J7N143|A0A9J7N143_BRAFL	Branchiostoma floridae	deuterostome	proteome	high	0.9648	473	include
kainate	A0A9J7N1C2__Braflo	tr|A0A9J7N1C2|A0A9J7N1C2_BRAFL	Branchiostoma floridae	deuterostome	proteome	medium	0.7827		profile_medium
kir	A0A9J7N316__Braflo	tr|A0A9J7N316|A0A9J7N316_BRAFL	Branchiostoma floridae	deuterostome	proteome	high	0.8802	533	include
nachr	A0A9J7N460__Braflo	tr|A0A9J7N460|A0A9J7N460_BRAFL	Branchiostoma floridae	deuterostome	proteome	medium	0.4306		profile_medium
nachr	A0A9J7N4K0__Braflo	tr|A0A9J7N4K0|A0A9J7N4K0_BRAFL	Branchiostoma floridae	deuterostome	proteome	high	0.9565	479	include
nachr	A0A9J7N4N4__Braflo	tr|A0A9J7N4N4|A0A9J7N4N4_BRAFL	Branchiostoma floridae	deuterostome	proteome	high	0.913	1048	include
nachr	A0A9J7N4P8__Braflo	tr|A0A9J7N4P8|A0A9J7N4P8_BRAFL	Branchiostoma floridae	deuterostome	proteome	high	0.8613	910	include
lrrc8	A0A9J7N4R0__Braflo	tr|A0A9J7N4R0|A0A9J7N4R0_BRAFL	Branchiostoma floridae	deuterostome	proteome	medium	0.3039		profile_medium
trpp	A0A9J7N4S1__Braflo	tr|A0A9J7N4S1|A0A9J7N4S1_BRAFL	Branchiostoma floridae	deuterostome	proteome	medium	0.3742		profile_medium
trpp	A0A9J7N4T2__Braflo	tr|A0A9J7N4T2|A0A9J7N4T2_BRAFL	Branchiostoma floridae	deuterostome	proteome	medium	0.4325		profile_medium
p2x	A0A9J7N538__Braflo	tr|A0A9J7N538|A0A9J7N538_BRAFL	Branchiostoma floridae	deuterostome	proteome	high	0.8871	424	include
nachr	A0A9J7N5A0__Braflo	tr|A0A9J7N5A0|A0A9J7N5A0_BRAFL	Branchiostoma floridae	deuterostome	proteome	high	0.6294	290	include
bestrophin	A0A9J7N5A1__Braflo	tr|A0A9J7N5A1|A0A9J7N5A1_BRAFL	Branchiostoma floridae	deuterostome	proteome	high	0.7287	1058	include
nachr	A0A9J7N5A9__Braflo	tr|A0A9J7N5A9|A0A9J7N5A9_BRAFL	Branchiostoma floridae	deuterostome	proteome	high	0.9089	605	include
trpc	A0A9J7N5B4__Braflo	tr|A0A9J7N5B4|A0A9J7N5B4_BRAFL	Branchiostoma floridae	deuterostome	proteome	high	0.7964	787	include
k2p	A0A9J7N5H7__Braflo	tr|A0A9J7N5H7|A0A9J7N5H7_BRAFL	Branchiostoma floridae	deuterostome	proteome	high	0.6642	336	include
trpp	A0A9J7N619__Braflo	tr|A0A9J7N619|A0A9J7N619_BRAFL	Branchiostoma floridae	deuterostome	proteome	medium	0.3408		profile_medium
nachr	A0A9J7N631__Braflo	tr|A0A9J7N631|A0A9J7N631_BRAFL	Branchiostoma floridae	deuterostome	proteome	medium	0.4306		profile_medium
kv_eag	A0A9J7N6N8__Braflo	tr|A0A9J7N6N8|A0A9J7N6N8_BRAFL	Branchiostoma floridae	deuterostome	proteome	high	0.997	1126	include
k2p	A0A9J7N6R5__Braflo	tr|A0A9J7N6R5|A0A9J7N6R5_BRAFL	Branchiostoma floridae	deuterostome	proteome	high	0.5746	374	include
kv_shaker	A0A9J7N6T0__Braflo	tr|A0A9J7N6T0|A0A9J7N6T0_BRAFL	Branchiostoma floridae	deuterostome	proteome	medium	0.7319		profile_medium
nachr	A0A9J7N739__Braflo	tr|A0A9J7N739|A0A9J7N739_BRAFL	Branchiostoma floridae	deuterostome	proteome	high	0.5756	374	include
nachr	A0A9J7N7K7__Braflo	tr|A0A9J7N7K7|A0A9J7N7K7_BRAFL	Branchiostoma floridae	deuterostome	proteome	high	0.9648	474	include
trpp	A0A9J7N7V2__Braflo	tr|A0A9J7N7V2|A0A9J7N7V2_BRAFL	Branchiostoma floridae	deuterostome	proteome	medium	0.5663		profile_medium
nmda	A0A9J7N8J3__Braflo	tr|A0A9J7N8J3|A0A9J7N8J3_BRAFL	Branchiostoma floridae	deuterostome	proteome	medium	0.451		profile_medium
bestrophin	A0A9J7N8K6__Braflo	tr|A0A9J7N8K6|A0A9J7N8K6_BRAFL	Branchiostoma floridae	deuterostome	proteome	high	0.7381	433	include
nachr	A0A9J7N8M6__Braflo	tr|A0A9J7N8M6|A0A9J7N8M6_BRAFL	Branchiostoma floridae	deuterostome	proteome	high	0.9607	480	include
nachr	A0A9J7N8Q1__Braflo	tr|A0A9J7N8Q1|A0A9J7N8Q1_BRAFL	Branchiostoma floridae	deuterostome	proteome	high	0.8551	453	include
k2p	A0A9J7N8U3__Braflo	tr|A0A9J7N8U3|A0A9J7N8U3_BRAFL	Branchiostoma floridae	deuterostome	proteome	high	0.5174	384	include
nmda	A0A9J7N9P0__Braflo	tr|A0A9J7N9P0|A0A9J7N9P0_BRAFL	Branchiostoma floridae	deuterostome	proteome	high	0.6974	1014	include
trpm	A0A9J7N9U8__Braflo	tr|A0A9J7N9U8|A0A9J7N9U8_BRAFL	Branchiostoma floridae	deuterostome	proteome	medium	0.3428		profile_medium
nachr	A0A9J7N9W7__Braflo	tr|A0A9J7N9W7|A0A9J7N9W7_BRAFL	Branchiostoma floridae	deuterostome	proteome	high	0.9089	522	include
nachr	A0A9J7NA32__Braflo	tr|A0A9J7NA32|A0A9J7NA32_BRAFL	Branchiostoma floridae	deuterostome	proteome	high	0.9068	924	include
trpml	A0A9J7NB51__Braflo	tr|A0A9J7NB51|A0A9J7NB51_BRAFL	Branchiostoma floridae	deuterostome	proteome	high	0.9335	633	include
kainate	A0A9J7NBA5__Braflo	tr|A0A9J7NBA5|A0A9J7NBA5_BRAFL	Branchiostoma floridae	deuterostome	proteome	medium	0.7629		profile_medium
kainate	A0A9J7NBB0__Braflo	tr|A0A9J7NBB0|A0A9J7NBB0_BRAFL	Branchiostoma floridae	deuterostome	proteome	medium	0.6894		profile_medium
nachr	A0A9J7NBD1__Braflo	tr|A0A9J7NBD1|A0A9J7NBD1_BRAFL	Branchiostoma floridae	deuterostome	proteome	high	0.8406	697	include
trpm	A0A9J7NBM0__Braflo	tr|A0A9J7NBM0|A0A9J7NBM0_BRAFL	Branchiostoma floridae	deuterostome	proteome	high	0.6669	1649	include
kv_shaker	A0A9J7NBM2__Braflo	tr|A0A9J7NBM2|A0A9J7NBM2_BRAFL	Branchiostoma floridae	deuterostome	proteome	high	0.7138	412	include
nachr	A0A9J7NBM8__Braflo	tr|A0A9J7NBM8|A0A9J7NBM8_BRAFL	Branchiostoma floridae	deuterostome	proteome	high	0.9586	537	include
trpp	A0A9J7NCF0__Braflo	tr|A0A9J7NCF0|A0A9J7NCF0_BRAFL	Branchiostoma floridae	deuterostome	proteome	medium	0.3271		profile_medium
nachr	A0A9J7NCT2__Braflo	tr|A0A9J7NCT2|A0A9J7NCT2_BRAFL	Branchiostoma floridae	deuterostome	proteome	high	0.9048	649	include
trpp	A0A9J7ND87__Braflo	tr|A0A9J7ND87|A0A9J7ND87_BRAFL	Branchiostoma floridae	deuterostome	proteome	medium	0.4399		profile_medium
nachr	A0A9J7ND90__Braflo	tr|A0A9J7ND90|A0A9J7ND90_BRAFL	Branchiostoma floridae	deuterostome	proteome	high	0.913	1254	include
asic	A0A9J7NDF6__Braflo	tr|A0A9J7NDF6|A0A9J7NDF6_BRAFL	Branchiostoma floridae	deuterostome	proteome	high	0.9213	632	include
kainate	A0A9J7NDH9__Braflo	tr|A0A9J7NDH9|A0A9J7NDH9_BRAFL	Branchiostoma floridae	deuterostome	proteome	medium	0.697		profile_medium
asic	A0A9J7NDT3__Braflo	tr|A0A9J7NDT3|A0A9J7NDT3_BRAFL	Branchiostoma floridae	deuterostome	proteome	high	0.9251	662	include
orai	A0AAJ7SIC8__Petmar	tr|A0AAJ7SIC8|A0AAJ7SIC8_PETMA	Petromyzon marinus	vertebrate	proteome	high	0.8481	387	include
connexin	A0AAJ7SJ48__Petmar	tr|A0AAJ7SJ48|A0AAJ7SJ48_PETMA	Petromyzon marinus	vertebrate	proteome	high	0.8328	315	include
connexin	A0AAJ7SKI7__Petmar	tr|A0AAJ7SKI7|A0AAJ7SKI7_PETMA	Petromyzon marinus	vertebrate	proteome	high	0.7331	312	include
calhm	A0AAJ7SLE4__Petmar	tr|A0AAJ7SLE4|A0AAJ7SLE4_PETMA	Petromyzon marinus	vertebrate	proteome	high	0.5443	293	include
kv_eag	A0AAJ7SLQ4__Petmar	tr|A0AAJ7SLQ4|A0AAJ7SLQ4_PETMA	Petromyzon marinus	vertebrate	proteome	high	0.998	1321	include
connexin	A0AAJ7SLY4__Petmar	tr|A0AAJ7SLY4|A0AAJ7SLY4_PETMA	Petromyzon marinus	vertebrate	proteome	high	0.9196	520	include
nachr	A0AAJ7SM02__Petmar	tr|A0AAJ7SM02|A0AAJ7SM02_PETMA	Petromyzon marinus	vertebrate	proteome	high	0.9503	527	include
asic	A0AAJ7SMQ1__Petmar	tr|A0AAJ7SMQ1|A0AAJ7SMQ1_PETMA	Petromyzon marinus	vertebrate	proteome	high	0.9923	529	include
trpm	A0AAJ7SN79__Petmar	tr|A0AAJ7SN79|A0AAJ7SN79_PETMA	Petromyzon marinus	vertebrate	proteome	high	0.6219	1115	include
kv_shaker	A0AAJ7SNN4__Petmar	tr|A0AAJ7SNN4|A0AAJ7SNN4_PETMA	Petromyzon marinus	vertebrate	proteome	high	0.7917	487	include
kv_shaker	A0AAJ7SNS9__Petmar	tr|A0AAJ7SNS9|A0AAJ7SNS9_PETMA	Petromyzon marinus	vertebrate	proteome	high	0.8188	490	include
kir	A0AAJ7SP39__Petmar	tr|A0AAJ7SP39|A0AAJ7SP39_PETMA	Petromyzon marinus	vertebrate	proteome	high	0.8215	514	include
vdac	A0AAJ7SPS2__Petmar	tr|A0AAJ7SPS2|A0AAJ7SPS2_PETMA	Petromyzon marinus	vertebrate	proteome	high	0.9928	288	include
lrrc8	A0AAJ7SPT0__Petmar	tr|A0AAJ7SPT0|A0AAJ7SPT0_PETMA	Petromyzon marinus	vertebrate	proteome	high	0.9714	1080	include
p2x	A0AAJ7SPU0__Petmar	tr|A0AAJ7SPU0|A0AAJ7SPU0_PETMA	Petromyzon marinus	vertebrate	proteome	high	0.8824	400	include
kv_modifier	A0AAJ7SQI3__Petmar	tr|A0AAJ7SQI3|A0AAJ7SQI3_PETMA	Petromyzon marinus	vertebrate	proteome	high	0.8713	468	include
tpc	A0AAJ7SQZ7__Petmar	tr|A0AAJ7SQZ7|A0AAJ7SQZ7_PETMA	Petromyzon marinus	vertebrate	proteome	high	0.8547	755	include
p2x	A0AAJ7SR35__Petmar	tr|A0AAJ7SR35|A0AAJ7SR35_PETMA	Petromyzon marinus	vertebrate	proteome	high	0.8918	412	include
k2p	A0AAJ7SRB7__Petmar	tr|A0AAJ7SRB7|A0AAJ7SRB7_PETMA	Petromyzon marinus	vertebrate	proteome	medium	0.4925		profile_medium
k2p	A0AAJ7SRQ7__Petmar	tr|A0AAJ7SRQ7|A0AAJ7SRQ7_PETMA	Petromyzon marinus	vertebrate	proteome	high	0.7537	455	include
ano_channel	A0AAJ7STV6__Petmar	tr|A0AAJ7STV6|A0AAJ7STV6_PETMA	Petromyzon marinus	vertebrate	proteome	high	0.8995	1037	include
kca_sk	A0AAJ7STZ3__Petmar	tr|A0AAJ7STZ3|A0AAJ7STZ3_PETMA	Petromyzon marinus	vertebrate	proteome	high	0.8399	766	include
kv_shaker	A0AAJ7SU47__Petmar	tr|A0AAJ7SU47|A0AAJ7SU47_PETMA	Petromyzon marinus	vertebrate	proteome	high	0.7283	442	include
nachr	A0AAJ7SV68__Petmar	tr|A0AAJ7SV68|A0AAJ7SV68_PETMA	Petromyzon marinus	vertebrate	proteome	high	0.9772	492	include
nachr	A0AAJ7SVA6__Petmar	tr|A0AAJ7SVA6|A0AAJ7SVA6_PETMA	Petromyzon marinus	vertebrate	proteome	high	0.9731	513	include
trpp	A0AAJ7SW14__Petmar	tr|A0AAJ7SW14|A0AAJ7SW14_PETMA	Petromyzon marinus	vertebrate	proteome	high	0.8649	755	include
kv_shaker	A0AAJ7SW22__Petmar	tr|A0AAJ7SW22|A0AAJ7SW22_PETMA	Petromyzon marinus	vertebrate	proteome	high	0.7228	549	include
gabaa	A0AAJ7SWB2__Petmar	tr|A0AAJ7SWB2|A0AAJ7SWB2_PETMA	Petromyzon marinus	vertebrate	proteome	high	0.9342	513	include
p2x	A0AAJ7SWR0__Petmar	tr|A0AAJ7SWR0|A0AAJ7SWR0_PETMA	Petromyzon marinus	vertebrate	proteome	high	0.8706	578	include
trpm	A0AAJ7SXA8__Petmar	tr|A0AAJ7SXA8|A0AAJ7SXA8_PETMA	Petromyzon marinus	vertebrate	proteome	high	0.8246	2146	include
k2p	A0AAJ7SYM6__Petmar	tr|A0AAJ7SYM6|A0AAJ7SYM6_PETMA	Petromyzon marinus	vertebrate	proteome	high	0.6343	412	include
kv_eag	A0AAJ7SYZ1__Petmar	tr|A0AAJ7SYZ1|A0AAJ7SYZ1_PETMA	Petromyzon marinus	vertebrate	proteome	high	0.9043	1128	include
kv_kcnq	A0AAJ7SZU0__Petmar	tr|A0AAJ7SZU0|A0AAJ7SZU0_PETMA	Petromyzon marinus	vertebrate	proteome	high	0.8919	929	include
connexin	A0AAJ7SZX3__Petmar	tr|A0AAJ7SZX3|A0AAJ7SZX3_PETMA	Petromyzon marinus	vertebrate	proteome	high	0.791	402	include
kv_modifier	A0AAJ7T014__Petmar	tr|A0AAJ7T014|A0AAJ7T014_PETMA	Petromyzon marinus	vertebrate	proteome	medium	0.9536		profile_medium
gabaa	A0AAJ7T075__Petmar	tr|A0AAJ7T075|A0AAJ7T075_PETMA	Petromyzon marinus	vertebrate	proteome	high	0.9496	449	include
hcn	A0AAJ7T1M1__Petmar	tr|A0AAJ7T1M1|A0AAJ7T1M1_PETMA	Petromyzon marinus	vertebrate	proteome	high	0.8827	1226	include
nav	A0AAJ7T1M4__Petmar	tr|A0AAJ7T1M4|A0AAJ7T1M4_PETMA	Petromyzon marinus	vertebrate	proteome	medium	0.3515		profile_medium
kv_modifier	A0AAJ7T3M0__Petmar	tr|A0AAJ7T3M0|A0AAJ7T3M0_PETMA	Petromyzon marinus	vertebrate	proteome	medium	0.9325		profile_medium
kv_shaker	A0AAJ7T3S4__Petmar	tr|A0AAJ7T3S4|A0AAJ7T3S4_PETMA	Petromyzon marinus	vertebrate	proteome	medium	0.8188		profile_medium
glyr	A0AAJ7T405__Petmar	tr|A0AAJ7T405|A0AAJ7T405_PETMA	Petromyzon marinus	vertebrate	proteome	medium	0.8593		profile_medium
trpml	A0AAJ7T420__Petmar	tr|A0AAJ7T420|A0AAJ7T420_PETMA	Petromyzon marinus	vertebrate	proteome	high	0.8687	637	include
cav	A0AAJ7T466__Petmar	tr|A0AAJ7T466|A0AAJ7T466_PETMA	Petromyzon marinus	vertebrate	proteome	high	0.9086	2432	include
ampa	A0AAJ7T498__Petmar	tr|A0AAJ7T498|A0AAJ7T498_PETMA	Petromyzon marinus	vertebrate	proteome	high	0.9357	934	include
trpc	A0AAJ7T4P0__Petmar	tr|A0AAJ7T4P0|A0AAJ7T4P0_PETMA	Petromyzon marinus	vertebrate	proteome	high	0.8765	1171	include
kv_eag	A0AAJ7T5Q9__Petmar	tr|A0AAJ7T5Q9|A0AAJ7T5Q9_PETMA	Petromyzon marinus	vertebrate	proteome	high	0.8664	1016	include
kv_modifier	A0AAJ7T5T6__Petmar	tr|A0AAJ7T5T6|A0AAJ7T5T6_PETMA	Petromyzon marinus	vertebrate	proteome	medium	0.8966		profile_medium
k2p	A0AAJ7T617__Petmar	tr|A0AAJ7T617|A0AAJ7T617_PETMA	Petromyzon marinus	vertebrate	proteome	high	0.7139	388	include
lrrc8	A0AAJ7T6E1__Petmar	tr|A0AAJ7T6E1|A0AAJ7T6E1_PETMA	Petromyzon marinus	vertebrate	proteome	high	0.9589	803	include
glyr	A0AAJ7T6K3__Petmar	tr|A0AAJ7T6K3|A0AAJ7T6K3_PETMA	Petromyzon marinus	vertebrate	proteome	high	0.9113	547	include
trpc	A0AAJ7T6V5__Petmar	tr|A0AAJ7T6V5|A0AAJ7T6V5_PETMA	Petromyzon marinus	vertebrate	proteome	high	0.8699	920	include
nachr	A0AAJ7T6Z2__Petmar	tr|A0AAJ7T6Z2|A0AAJ7T6Z2_PETMA	Petromyzon marinus	vertebrate	proteome	high	0.9275	569	include
glyr	A0AAJ7T755__Petmar	tr|A0AAJ7T755|A0AAJ7T755_PETMA	Petromyzon marinus	vertebrate	proteome	high	0.987	492	include
gabaa	A0AAJ7T7G5__Petmar	tr|A0AAJ7T7G5|A0AAJ7T7G5_PETMA	Petromyzon marinus	vertebrate	proteome	high	0.9825	518	include
k2p	A0AAJ7T7Y9__Petmar	tr|A0AAJ7T7Y9|A0AAJ7T7Y9_PETMA	Petromyzon marinus	vertebrate	proteome	high	0.8607	473	include
gabaa	A0AAJ7T882__Petmar	tr|A0AAJ7T882|A0AAJ7T882_PETMA	Petromyzon marinus	vertebrate	proteome	high	0.9518	639	include
connexin	A0AAJ7T8I9__Petmar	tr|A0AAJ7T8I9|A0AAJ7T8I9_PETMA	Petromyzon marinus	vertebrate	proteome	medium	0.3762		profile_medium
trpc	A0AAJ7T974__Petmar	tr|A0AAJ7T974|A0AAJ7T974_PETMA	Petromyzon marinus	vertebrate	proteome	high	0.9088	1031	include
gabaa	A0AAJ7T993__Petmar	tr|A0AAJ7T993|A0AAJ7T993_PETMA	Petromyzon marinus	vertebrate	proteome	high	0.9781	467	include
cng	A0AAJ7T9B3__Petmar	tr|A0AAJ7T9B3|A0AAJ7T9B3_PETMA	Petromyzon marinus	vertebrate	proteome	high	0.7949	701	include
kv_shaker	A0AAJ7TA21__Petmar	tr|A0AAJ7TA21|A0AAJ7TA21_PETMA	Petromyzon marinus	vertebrate	proteome	high	0.7301	725	include
kv_shaker	A0AAJ7TAK6__Petmar	tr|A0AAJ7TAK6|A0AAJ7TAK6_PETMA	Petromyzon marinus	vertebrate	proteome	high	0.7428	868	include
p2x	A0AAJ7TBG7__Petmar	tr|A0AAJ7TBG7|A0AAJ7TBG7_PETMA	Petromyzon marinus	vertebrate	proteome	high	0.9012	420	include
nachr	A0AAJ7TCJ2__Petmar	tr|A0AAJ7TCJ2|A0AAJ7TCJ2_PETMA	Petromyzon marinus	vertebrate	proteome	high	0.9565	652	include
trpa	A0AAJ7TCJ4__Petmar	tr|A0AAJ7TCJ4|A0AAJ7TCJ4_PETMA	Petromyzon marinus	vertebrate	proteome	high	0.9142	1081	include
k2p	A0AAJ7TCP8__Petmar	tr|A0AAJ7TCP8|A0AAJ7TCP8_PETMA	Petromyzon marinus	vertebrate	proteome	high	0.7935	765	include
kv_shaker	A0AAJ7TD91__Petmar	tr|A0AAJ7TD91|A0AAJ7TD91_PETMA	Petromyzon marinus	vertebrate	proteome	high	0.7826	559	include
trpm	A0AAJ7TDV6__Petmar	tr|A0AAJ7TDV6|A0AAJ7TDV6_PETMA	Petromyzon marinus	vertebrate	proteome	high	0.6811	1245	include
kv_modifier	A0AAJ7TEQ0__Petmar	tr|A0AAJ7TEQ0|A0AAJ7TEQ0_PETMA	Petromyzon marinus	vertebrate	proteome	medium	0.9072		profile_medium
connexin	A0AAJ7TF53__Petmar	tr|A0AAJ7TF53|A0AAJ7TF53_PETMA	Petromyzon marinus	vertebrate	proteome	high	0.8842	320	include
kir	A0AAJ7TFQ0__Petmar	tr|A0AAJ7TFQ0|A0AAJ7TFQ0_PETMA	Petromyzon marinus	vertebrate	proteome	high	0.8753	497	include
kv_modifier	A0AAJ7TFU3__Petmar	tr|A0AAJ7TFU3|A0AAJ7TFU3_PETMA	Petromyzon marinus	vertebrate	proteome	high	0.8776	512	include
enac	A0AAJ7TG26__Petmar	tr|A0AAJ7TG26|A0AAJ7TG26_PETMA	Petromyzon marinus	vertebrate	proteome	high	0.9798	669	include
k2p	A0AAJ7TGN6__Petmar	tr|A0AAJ7TGN6|A0AAJ7TGN6_PETMA	Petromyzon marinus	vertebrate	proteome	high	0.7886	487	include
glyr	A0AAJ7TGZ1__Petmar	tr|A0AAJ7TGZ1|A0AAJ7TGZ1_PETMA	Petromyzon marinus	vertebrate	proteome	medium	0.7641		profile_medium
glyr	A0AAJ7TH11__Petmar	tr|A0AAJ7TH11|A0AAJ7TH11_PETMA	Petromyzon marinus	vertebrate	proteome	medium	0.7965		profile_medium
kv_shaker	A0AAJ7TH65__Petmar	tr|A0AAJ7TH65|A0AAJ7TH65_PETMA	Petromyzon marinus	vertebrate	proteome	high	0.7754	526	include
kv_shaker	A0AAJ7THL3__Petmar	tr|A0AAJ7THL3|A0AAJ7THL3_PETMA	Petromyzon marinus	vertebrate	proteome	medium	0.8895		profile_medium
trpv	A0AAJ7THY5__Petmar	tr|A0AAJ7THY5|A0AAJ7THY5_PETMA	Petromyzon marinus	vertebrate	proteome	high	0.8089	688	include
nmda	A0AAJ7THZ8__Petmar	tr|A0AAJ7THZ8|A0AAJ7THZ8_PETMA	Petromyzon marinus	vertebrate	proteome	high	0.8917	1467	include
kir	A0AAJ7TI00__Petmar	tr|A0AAJ7TI00|A0AAJ7TI00_PETMA	Petromyzon marinus	vertebrate	proteome	high	0.7628	371	include
trpv	A0AAJ7TI49__Petmar	tr|A0AAJ7TI49|A0AAJ7TI49_PETMA	Petromyzon marinus	vertebrate	proteome	high	0.8557	720	include
calhm	A0AAJ7TIS7__Petmar	tr|A0AAJ7TIS7|A0AAJ7TIS7_PETMA	Petromyzon marinus	vertebrate	proteome	high	0.9367	328	include
k2p	A0AAJ7TJ58__Petmar	tr|A0AAJ7TJ58|A0AAJ7TJ58_PETMA	Petromyzon marinus	vertebrate	proteome	high	0.8035	555	include
itpr	A0AAJ7TJT0__Petmar	tr|A0AAJ7TJT0|A0AAJ7TJT0_PETMA	Petromyzon marinus	vertebrate	proteome	high	0.9974	2743	include
osca_tmem63	A0AAJ7TKY3__Petmar	tr|A0AAJ7TKY3|A0AAJ7TKY3_PETMA	Petromyzon marinus	vertebrate	proteome	high	0.956	885	include
k2p	A0AAJ7TLB7__Petmar	tr|A0AAJ7TLB7|A0AAJ7TLB7_PETMA	Petromyzon marinus	vertebrate	proteome	high	0.6269	553	include
connexin	A0AAJ7TLC2__Petmar	tr|A0AAJ7TLC2|A0AAJ7TLC2_PETMA	Petromyzon marinus	vertebrate	proteome	high	0.7621	307	include
kv_shaker	A0AAJ7TME0__Petmar	tr|A0AAJ7TME0|A0AAJ7TME0_PETMA	Petromyzon marinus	vertebrate	proteome	high	0.9312	668	include
kv_eag	A0AAJ7TN88__Petmar	tr|A0AAJ7TN88|A0AAJ7TN88_PETMA	Petromyzon marinus	vertebrate	proteome	high	0.8993	1029	include
k2p	A0AAJ7TNV5__Petmar	tr|A0AAJ7TNV5|A0AAJ7TNV5_PETMA	Petromyzon marinus	vertebrate	proteome	high	0.8532	503	include
kv_eag	A0AAJ7TP48__Petmar	tr|A0AAJ7TP48|A0AAJ7TP48_PETMA	Petromyzon marinus	vertebrate	proteome	high	0.9242	1035	include
kainate	A0AAJ7TPC8__Petmar	tr|A0AAJ7TPC8|A0AAJ7TPC8_PETMA	Petromyzon marinus	vertebrate	proteome	high	0.9429	982	include
kir	A0AAJ7TPF0__Petmar	tr|A0AAJ7TPF0|A0AAJ7TPF0_PETMA	Petromyzon marinus	vertebrate	proteome	high	0.8533	508	include
osca_tmem63	A0AAJ7TPH9__Petmar	tr|A0AAJ7TPH9|A0AAJ7TPH9_PETMA	Petromyzon marinus	vertebrate	proteome	high	0.9509	848	include
kir	A0AAJ7TPM2__Petmar	tr|A0AAJ7TPM2|A0AAJ7TPM2_PETMA	Petromyzon marinus	vertebrate	proteome	high	0.8533	408	include
kir	A0AAJ7TPQ5__Petmar	tr|A0AAJ7TPQ5|A0AAJ7TPQ5_PETMA	Petromyzon marinus	vertebrate	proteome	high	0.8386	374	include
nav	A0AAJ7TQ74__Petmar	tr|A0AAJ7TQ74|A0AAJ7TQ74_PETMA	Petromyzon marinus	vertebrate	proteome	high	0.9507	1912	include
k2p	A0AAJ7TQ81__Petmar	tr|A0AAJ7TQ81|A0AAJ7TQ81_PETMA	Petromyzon marinus	vertebrate	proteome	high	0.6692	364	include
kv_modifier	A0AAJ7TQA8__Petmar	tr|A0AAJ7TQA8|A0AAJ7TQA8_PETMA	Petromyzon marinus	vertebrate	proteome	medium	0.8819		profile_medium
kv_shaker	A0AAJ7TQK2__Petmar	tr|A0AAJ7TQK2|A0AAJ7TQK2_PETMA	Petromyzon marinus	vertebrate	proteome	high	0.7826	454	include
kir	A0AAJ7TRD7__Petmar	tr|A0AAJ7TRD7|A0AAJ7TRD7_PETMA	Petromyzon marinus	vertebrate	proteome	high	0.8215	523	include
kv_eag	A0AAJ7TRH2__Petmar	tr|A0AAJ7TRH2|A0AAJ7TRH2_PETMA	Petromyzon marinus	vertebrate	proteome	high	0.9222	1272	include
connexin	A0AAJ7TTL5__Petmar	tr|A0AAJ7TTL5|A0AAJ7TTL5_PETMA	Petromyzon marinus	vertebrate	proteome	high	0.9293	424	include
enac	A0AAJ7TTT9__Petmar	tr|A0AAJ7TTT9|A0AAJ7TTT9_PETMA	Petromyzon marinus	vertebrate	proteome	high	0.7891	705	include
nmda	A0AAJ7TUG1__Petmar	tr|A0AAJ7TUG1|A0AAJ7TUG1_PETMA	Petromyzon marinus	vertebrate	proteome	high	0.7485	1414	include
kir	A0AAJ7TUK7__Petmar	tr|A0AAJ7TUK7|A0AAJ7TUK7_PETMA	Petromyzon marinus	vertebrate	proteome	high	0.7506	354	include
calhm	A0AAJ7TW49__Petmar	tr|A0AAJ7TW49|A0AAJ7TW49_PETMA	Petromyzon marinus	vertebrate	proteome	high	0.9557	383	include
nachr	A0AAJ7TX73__Petmar	tr|A0AAJ7TX73|A0AAJ7TX73_PETMA	Petromyzon marinus	vertebrate	proteome	high	0.9648	626	include
cftr	A0AAJ7TXA8__Petmar	tr|A0AAJ7TXA8|A0AAJ7TXA8_PETMA	Petromyzon marinus	vertebrate	proteome	high	0.9798	1466	include
kv_modifier	A0AAJ7TZA0__Petmar	tr|A0AAJ7TZA0|A0AAJ7TZA0_PETMA	Petromyzon marinus	vertebrate	proteome	high	0.8882	562	include
nmda	A0AAJ7TZA7__Petmar	tr|A0AAJ7TZA7|A0AAJ7TZA7_PETMA	Petromyzon marinus	vertebrate	proteome	high	0.7519	1233	include
kir	A0AAJ7U072__Petmar	tr|A0AAJ7U072|A0AAJ7U072_PETMA	Petromyzon marinus	vertebrate	proteome	high	0.8533	435	include
kv_shaker	A0AAJ7U1H3__Petmar	tr|A0AAJ7U1H3|A0AAJ7U1H3_PETMA	Petromyzon marinus	vertebrate	proteome	high	0.8025	528	include
kv_shaker	A0AAJ7U2C7__Petmar	tr|A0AAJ7U2C7|A0AAJ7U2C7_PETMA	Petromyzon marinus	vertebrate	proteome	high	0.7536	723	include
connexin	A0AAJ7U2P2__Petmar	tr|A0AAJ7U2P2|A0AAJ7U2P2_PETMA	Petromyzon marinus	vertebrate	proteome	high	0.8907	456	include
calhm	A0AAJ7U2U1__Petmar	tr|A0AAJ7U2U1|A0AAJ7U2U1_PETMA	Petromyzon marinus	vertebrate	proteome	high	0.7215	396	include
connexin	A0AAJ7U2U4__Petmar	tr|A0AAJ7U2U4|A0AAJ7U2U4_PETMA	Petromyzon marinus	vertebrate	proteome	high	0.7621	339	include
kca_slo	A0AAJ7U2X8__Petmar	tr|A0AAJ7U2X8|A0AAJ7U2X8_PETMA	Petromyzon marinus	vertebrate	proteome	high	0.8948	1436	include
connexin	A0AAJ7U2Y4__Petmar	tr|A0AAJ7U2Y4|A0AAJ7U2Y4_PETMA	Petromyzon marinus	vertebrate	proteome	high	0.7588	268	include
ampa	A0AAJ7U3Z0__Petmar	tr|A0AAJ7U3Z0|A0AAJ7U3Z0_PETMA	Petromyzon marinus	vertebrate	proteome	high	0.9778	1008	include
kca_sk	A0AAJ7U4S0__Petmar	tr|A0AAJ7U4S0|A0AAJ7U4S0_PETMA	Petromyzon marinus	vertebrate	proteome	high	0.8463	633	include
itpr	A0AAJ7U4X1__Petmar	tr|A0AAJ7U4X1|A0AAJ7U4X1_PETMA	Petromyzon marinus	vertebrate	proteome	high	0.9985	2838	include
gabaa	A0AAJ7U558__Petmar	tr|A0AAJ7U558|A0AAJ7U558_PETMA	Petromyzon marinus	vertebrate	proteome	high	0.9737	500	include
kv_eag	A0AAJ7U7P2__Petmar	tr|A0AAJ7U7P2|A0AAJ7U7P2_PETMA	Petromyzon marinus	vertebrate	proteome	high	0.682	1231	include
nachr	A0AAJ7U959__Petmar	tr|A0AAJ7U959|A0AAJ7U959_PETMA	Petromyzon marinus	vertebrate	proteome	high	0.9814	529	include
ampa	A0AAJ7U980__Petmar	tr|A0AAJ7U980|A0AAJ7U980_PETMA	Petromyzon marinus	vertebrate	proteome	high	0.9512	935	include
nav	A0AAJ7U9S2__Petmar	tr|A0AAJ7U9S2|A0AAJ7U9S2_PETMA	Petromyzon marinus	vertebrate	proteome	high	0.9955	2002	include
gabaa	A0AAJ7U9Y7__Petmar	tr|A0AAJ7U9Y7|A0AAJ7U9Y7_PETMA	Petromyzon marinus	vertebrate	proteome	high	0.7654	580	include
kir	A0AAJ7UA98__Petmar	tr|A0AAJ7UA98|A0AAJ7UA98_PETMA	Petromyzon marinus	vertebrate	proteome	high	0.7628	523	include
trpc	A0AAJ7UAD8__Petmar	tr|A0AAJ7UAD8|A0AAJ7UAD8_PETMA	Petromyzon marinus	vertebrate	proteome	high	0.8509	777	include
trpc	A0AAJ7UBW5__Petmar	tr|A0AAJ7UBW5|A0AAJ7UBW5_PETMA	Petromyzon marinus	vertebrate	proteome	high	0.7542	1054	include
pannexin	A0AAJ7UCG9__Petmar	tr|A0AAJ7UCG9|A0AAJ7UCG9_PETMA	Petromyzon marinus	vertebrate	proteome	high	0.8665	453	include
connexin	A0AAJ7UDG0__Petmar	tr|A0AAJ7UDG0|A0AAJ7UDG0_PETMA	Petromyzon marinus	vertebrate	proteome	high	0.791	428	include
trpc	A0AAJ7UDV7__Petmar	tr|A0AAJ7UDV7|A0AAJ7UDV7_PETMA	Petromyzon marinus	vertebrate	proteome	high	0.8865	907	include
connexin	A0AAJ7UE68__Petmar	tr|A0AAJ7UE68|A0AAJ7UE68_PETMA	Petromyzon marinus	vertebrate	proteome	high	0.8521	285	include
kv_shaker	A0AAJ7UFU6__Petmar	tr|A0AAJ7UFU6|A0AAJ7UFU6_PETMA	Petromyzon marinus	vertebrate	proteome	high	0.7554	607	include
glyr	A0AAJ7UG33__Petmar	tr|A0AAJ7UG33|A0AAJ7UG33_PETMA	Petromyzon marinus	vertebrate	proteome	medium	0.6494		profile_medium
lrrc8	A0AAJ7UIZ4__Petmar	tr|A0AAJ7UIZ4|A0AAJ7UIZ4_PETMA	Petromyzon marinus	vertebrate	proteome	high	0.7186	648	include
lrrc8	A0AAJ7UK00__Petmar	tr|A0AAJ7UK00|A0AAJ7UK00_PETMA	Petromyzon marinus	vertebrate	proteome	high	0.9552	881	include
kv_shaker	A0AAJ7UL95__Petmar	tr|A0AAJ7UL95|A0AAJ7UL95_PETMA	Petromyzon marinus	vertebrate	proteome	high	0.7681	584	include
kv_eag	A0AAJ7WL28__Petmar	tr|A0AAJ7WL28|A0AAJ7WL28_PETMA	Petromyzon marinus	vertebrate	proteome	high	0.996	1138	include
p2x	A0AAJ7WMW9__Petmar	tr|A0AAJ7WMW9|A0AAJ7WMW9_PETMA	Petromyzon marinus	vertebrate	proteome	high	0.6447	282	include
connexin	A0AAJ7WMX3__Petmar	tr|A0AAJ7WMX3|A0AAJ7WMX3_PETMA	Petromyzon marinus	vertebrate	proteome	high	0.9164	415	include
glyr	A0AAJ7WNC1__Petmar	tr|A0AAJ7WNC1|A0AAJ7WNC1_PETMA	Petromyzon marinus	vertebrate	proteome	medium	0.7922		profile_medium
k2p	A0AAJ7WNI5__Petmar	tr|A0AAJ7WNI5|A0AAJ7WNI5_PETMA	Petromyzon marinus	vertebrate	proteome	high	0.6468	345	include
kv_shaker	A0AAJ7WNX5__Petmar	tr|A0AAJ7WNX5|A0AAJ7WNX5_PETMA	Petromyzon marinus	vertebrate	proteome	high	0.8188	563	include
trpp	A0AAJ7WPY5__Petmar	tr|A0AAJ7WPY5|A0AAJ7WPY5_PETMA	Petromyzon marinus	vertebrate	proteome	high	0.9306	758	include
mcu	A0AAJ7WQ14__Petmar	tr|A0AAJ7WQ14|A0AAJ7WQ14_PETMA	Petromyzon marinus	vertebrate	proteome	high	0.8319	343	include
nachr	A0AAJ7WQ98__Petmar	tr|A0AAJ7WQ98|A0AAJ7WQ98_PETMA	Petromyzon marinus	vertebrate	proteome	high	0.9731	560	include
nachr	A0AAJ7WQB6__Petmar	tr|A0AAJ7WQB6|A0AAJ7WQB6_PETMA	Petromyzon marinus	vertebrate	proteome	high	0.8716	456	include
nachr	A0AAJ7WQC2__Petmar	tr|A0AAJ7WQC2|A0AAJ7WQC2_PETMA	Petromyzon marinus	vertebrate	proteome	high	0.9689	493	include
kv_kcnq	A0AAJ7WQC6__Petmar	tr|A0AAJ7WQC6|A0AAJ7WQC6_PETMA	Petromyzon marinus	vertebrate	proteome	high	0.8724	642	include
otop	A0AAJ7WQN1__Petmar	tr|A0AAJ7WQN1|A0AAJ7WQN1_PETMA	Petromyzon marinus	vertebrate	proteome	high	0.9105	674	include
hcn	A0AAJ7WQR8__Petmar	tr|A0AAJ7WQR8|A0AAJ7WQR8_PETMA	Petromyzon marinus	vertebrate	proteome	high	0.9247	1313	include
asic	A0AAJ7WRF9__Petmar	tr|A0AAJ7WRF9|A0AAJ7WRF9_PETMA	Petromyzon marinus	vertebrate	proteome	high	0.9559	628	include
kir	A0AAJ7WRM2__Petmar	tr|A0AAJ7WRM2|A0AAJ7WRM2_PETMA	Petromyzon marinus	vertebrate	proteome	high	0.8289	530	include
kainate	A0AAJ7WSC7__Petmar	tr|A0AAJ7WSC7|A0AAJ7WSC7_PETMA	Petromyzon marinus	vertebrate	proteome	medium	0.5214		profile_medium
nachr	A0AAJ7WUX2__Petmar	tr|A0AAJ7WUX2|A0AAJ7WUX2_PETMA	Petromyzon marinus	vertebrate	proteome	high	0.9669	544	include
gabaa	A0AAJ7WVK2__Petmar	tr|A0AAJ7WVK2|A0AAJ7WVK2_PETMA	Petromyzon marinus	vertebrate	proteome	high	0.9452	525	include
gabaa	A0AAJ7WVQ5__Petmar	tr|A0AAJ7WVQ5|A0AAJ7WVQ5_PETMA	Petromyzon marinus	vertebrate	proteome	high	0.8399	553	include
trpn	A0AAJ7WVZ0__Petmar	tr|A0AAJ7WVZ0|A0AAJ7WVZ0_PETMA	Petromyzon marinus	vertebrate	proteome	high	0.8296	1656	include
kir	A0AAJ7WXQ7__Petmar	tr|A0AAJ7WXQ7|A0AAJ7WXQ7_PETMA	Petromyzon marinus	vertebrate	proteome	high	0.8557	451	include
gabaa	A0AAJ7WXT4__Petmar	tr|A0AAJ7WXT4|A0AAJ7WXT4_PETMA	Petromyzon marinus	vertebrate	proteome	high	0.9759	523	include
kv_modifier	A0AAJ7WYZ9__Petmar	tr|A0AAJ7WYZ9|A0AAJ7WYZ9_PETMA	Petromyzon marinus	vertebrate	proteome	medium	0.7975		profile_medium
kv_shaker	A0AAJ7WZN7__Petmar	tr|A0AAJ7WZN7|A0AAJ7WZN7_PETMA	Petromyzon marinus	vertebrate	proteome	high	0.8261	478	include
connexin	A0AAJ7WZQ5__Petmar	tr|A0AAJ7WZQ5|A0AAJ7WZQ5_PETMA	Petromyzon marinus	vertebrate	proteome	high	0.8907	326	include
nachr	A0AAJ7X032__Petmar	tr|A0AAJ7X032|A0AAJ7X032_PETMA	Petromyzon marinus	vertebrate	proteome	high	0.9545	472	include
enac	A0AAJ7X142__Petmar	tr|A0AAJ7X142|A0AAJ7X142_PETMA	Petromyzon marinus	vertebrate	proteome	high	0.7116	662	include
nachr	A0AAJ7X196__Petmar	tr|A0AAJ7X196|A0AAJ7X196_PETMA	Petromyzon marinus	vertebrate	proteome	high	0.9669	649	include
calhm	A0AAJ7X1C0__Petmar	tr|A0AAJ7X1C0|A0AAJ7X1C0_PETMA	Petromyzon marinus	vertebrate	proteome	high	0.9082	332	include
clc_channel	A0AAJ7X1T0__Petmar	tr|A0AAJ7X1T0|A0AAJ7X1T0_PETMA	Petromyzon marinus	vertebrate	proteome	high	0.8787	912	include
asic	A0AAJ7X2U7__Petmar	tr|A0AAJ7X2U7|A0AAJ7X2U7_PETMA	Petromyzon marinus	vertebrate	proteome	high	0.8868	564	include
clc_channel	A0AAJ7X304__Petmar	tr|A0AAJ7X304|A0AAJ7X304_PETMA	Petromyzon marinus	vertebrate	proteome	high	0.7313	680	include
ht3	A0AAJ7X3J8__Petmar	tr|A0AAJ7X3J8|A0AAJ7X3J8_PETMA	Petromyzon marinus	vertebrate	proteome	high	0.8433	406	include
connexin	A0AAJ7X4N4__Petmar	tr|A0AAJ7X4N4|A0AAJ7X4N4_PETMA	Petromyzon marinus	vertebrate	proteome	high	0.7621	363	include
cav	A0AAJ7X5W9__Petmar	tr|A0AAJ7X5W9|A0AAJ7X5W9_PETMA	Petromyzon marinus	vertebrate	proteome	high	0.9733	2258	include
tric	A0AAJ7X6R7__Petmar	tr|A0AAJ7X6R7|A0AAJ7X6R7_PETMA	Petromyzon marinus	vertebrate	proteome	high	0.9966	293	include
trpv	A0AAJ7X7N0__Petmar	tr|A0AAJ7X7N0|A0AAJ7X7N0_PETMA	Petromyzon marinus	vertebrate	proteome	high	0.8163	765	include
trpv	A0AAJ7X7Q1__Petmar	tr|A0AAJ7X7Q1|A0AAJ7X7Q1_PETMA	Petromyzon marinus	vertebrate	proteome	high	0.8311	731	include
kv_shaker	A0AAJ7X9H2__Petmar	tr|A0AAJ7X9H2|A0AAJ7X9H2_PETMA	Petromyzon marinus	vertebrate	proteome	medium	0.9257		profile_medium
kv_modifier	A0AAJ7X9P7__Petmar	tr|A0AAJ7X9P7|A0AAJ7X9P7_PETMA	Petromyzon marinus	vertebrate	proteome	medium	0.8776		profile_medium
nachr	A0AAJ7XAX2__Petmar	tr|A0AAJ7XAX2|A0AAJ7XAX2_PETMA	Petromyzon marinus	vertebrate	proteome	high	0.9855	491	include
hcn	A0AAJ7XCH2__Petmar	tr|A0AAJ7XCH2|A0AAJ7XCH2_PETMA	Petromyzon marinus	vertebrate	proteome	high	0.9482	1131	include
kainate	A0AAJ7XCP0__Petmar	tr|A0AAJ7XCP0|A0AAJ7XCP0_PETMA	Petromyzon marinus	vertebrate	proteome	high	0.9824	919	include
trpp	A0AAJ7XCS7__Petmar	tr|A0AAJ7XCS7|A0AAJ7XCS7_PETMA	Petromyzon marinus	vertebrate	proteome	high	0.974	851	include
ryr	A0AAJ7XD62__Petmar	tr|A0AAJ7XD62|A0AAJ7XD62_PETMA	Petromyzon marinus	vertebrate	proteome	high	0.9998	5168	include
kir	A0AAJ7XEL8__Petmar	tr|A0AAJ7XEL8|A0AAJ7XEL8_PETMA	Petromyzon marinus	vertebrate	proteome	high	0.9829	437	include
connexin	A0AAJ7XFG0__Petmar	tr|A0AAJ7XFG0|A0AAJ7XFG0_PETMA	Petromyzon marinus	vertebrate	proteome	high	0.791	454	include
calhm	A0AAJ7XFM3__Petmar	tr|A0AAJ7XFM3|A0AAJ7XFM3_PETMA	Petromyzon marinus	vertebrate	proteome	high	0.9272	367	include
glyr	A0AAJ7XFR0__Petmar	tr|A0AAJ7XFR0|A0AAJ7XFR0_PETMA	Petromyzon marinus	vertebrate	proteome	high	0.9437	456	include
kir	A0AAJ7XFX0__Petmar	tr|A0AAJ7XFX0|A0AAJ7XFX0_PETMA	Petromyzon marinus	vertebrate	proteome	high	0.7702	367	include
bestrophin	A0AAJ7XG61__Petmar	tr|A0AAJ7XG61|A0AAJ7XG61_PETMA	Petromyzon marinus	vertebrate	proteome	high	0.7799	687	include
kir	A0AAJ7XG65__Petmar	tr|A0AAJ7XG65|A0AAJ7XG65_PETMA	Petromyzon marinus	vertebrate	proteome	high	0.802	379	include
gabaa	A0AAJ7XGX6__Petmar	tr|A0AAJ7XGX6|A0AAJ7XGX6_PETMA	Petromyzon marinus	vertebrate	proteome	high	0.9759	485	include
bestrophin	A0AAJ7XGZ6__Petmar	tr|A0AAJ7XGZ6|A0AAJ7XGZ6_PETMA	Petromyzon marinus	vertebrate	proteome	high	0.7419	508	include
kv_shaker	A0AAJ7XH48__Petmar	tr|A0AAJ7XH48|A0AAJ7XH48_PETMA	Petromyzon marinus	vertebrate	proteome	high	0.7772	586	include
nalcn	A0AAJ7XH90__Petmar	tr|A0AAJ7XH90|A0AAJ7XH90_PETMA	Petromyzon marinus	vertebrate	proteome	high	0.9672	1911	include
kv_modifier	A0AAJ7XIL4__Petmar	tr|A0AAJ7XIL4|A0AAJ7XIL4_PETMA	Petromyzon marinus	vertebrate	proteome	medium	0.9072		profile_medium
lrrc8	A0AAJ7XIT2__Petmar	tr|A0AAJ7XIT2|A0AAJ7XIT2_PETMA	Petromyzon marinus	vertebrate	proteome	high	0.6824	699	include
kv_modifier	A0AAJ7XIV1__Petmar	tr|A0AAJ7XIV1|A0AAJ7XIV1_PETMA	Petromyzon marinus	vertebrate	proteome	medium	0.8987		profile_medium
glyr	A0AAJ7XJJ5__Petmar	tr|A0AAJ7XJJ5|A0AAJ7XJJ5_PETMA	Petromyzon marinus	vertebrate	proteome	medium	0.7792		profile_medium
kir	A0AAN0I871__Ampque	tr|A0AAN0I871|A0AAN0I871_AMPQE	Amphimedon queenslandica	basal_metazoan	proteome	high	0.7604	349	include
k2p	A0AAN0I8A4__Ampque	tr|A0AAN0I8A4|A0AAN0I8A4_AMPQE	Amphimedon queenslandica	basal_metazoan	proteome	high	0.6866	353	include
tric	A0AAN0ICB8__Ampque	tr|A0AAN0ICB8|A0AAN0ICB8_AMPQE	Amphimedon queenslandica	basal_metazoan	proteome	high	0.8847	290	include
asic	A0AAN0IL53__Ampque	tr|A0AAN0IL53|A0AAN0IL53_AMPQE	Amphimedon queenslandica	basal_metazoan	proteome	high	0.8119	504	include
trpn	A0AAN0IPR6__Ampque	tr|A0AAN0IPR6|A0AAN0IPR6_AMPQE	Amphimedon queenslandica	basal_metazoan	proteome	medium	0.4615		profile_medium
trpa	A0AAN0IR85__Ampque	tr|A0AAN0IR85|A0AAN0IR85_AMPQE	Amphimedon queenslandica	basal_metazoan	proteome	medium	0.5836		profile_medium
asic	A0AAN0IRH7__Ampque	tr|A0AAN0IRH7|A0AAN0IRH7_AMPQE	Amphimedon queenslandica	basal_metazoan	proteome	high	0.7466	428	include
trpn	A0AAN0ISV3__Ampque	tr|A0AAN0ISV3|A0AAN0ISV3_AMPQE	Amphimedon queenslandica	basal_metazoan	proteome	medium	0.4376		profile_medium
asic	A0AAN0IT46__Ampque	tr|A0AAN0IT46|A0AAN0IT46_AMPQE	Amphimedon queenslandica	basal_metazoan	proteome	high	0.7217	381	include
orai	A0AAN0IVG6__Ampque	tr|A0AAN0IVG6|A0AAN0IVG6_AMPQE	Amphimedon queenslandica	basal_metazoan	proteome	high	0.6037	195	include
tpc	A0AAN0IVM6__Ampque	tr|A0AAN0IVM6|A0AAN0IVM6_AMPQE	Amphimedon queenslandica	basal_metazoan	proteome	medium	0.4385		profile_medium
tpc	A0AAN0IZ99__Ampque	tr|A0AAN0IZ99|A0AAN0IZ99_AMPQE	Amphimedon queenslandica	basal_metazoan	proteome	medium	0.4202		profile_medium
itpr	A0AAN0IZR8__Ampque	tr|A0AAN0IZR8|A0AAN0IZR8_AMPQE	Amphimedon queenslandica	basal_metazoan	proteome	medium	0.4074		profile_medium
tpc	A0AAN0IZV0__Ampque	tr|A0AAN0IZV0|A0AAN0IZV0_AMPQE	Amphimedon queenslandica	basal_metazoan	proteome	high	0.8743	862	include
tpc	A0AAN0J029__Ampque	tr|A0AAN0J029|A0AAN0J029_AMPQE	Amphimedon queenslandica	basal_metazoan	proteome	high	0.8757	838	include
catsper	A0AAN0J213__Ampque	tr|A0AAN0J213|A0AAN0J213_AMPQE	Amphimedon queenslandica	basal_metazoan	proteome	medium	0.4969		profile_medium
asic	A0AAN0J2G5__Ampque	tr|A0AAN0J2G5|A0AAN0J2G5_AMPQE	Amphimedon queenslandica	basal_metazoan	proteome	medium	0.5086		profile_medium
trpa	A0AAN0J3U5__Ampque	tr|A0AAN0J3U5|A0AAN0J3U5_AMPQE	Amphimedon queenslandica	basal_metazoan	proteome	high	0.6845	1000	include
itpr	A0AAN0J5B9__Ampque	tr|A0AAN0J5B9|A0AAN0J5B9_AMPQE	Amphimedon queenslandica	basal_metazoan	proteome	high	0.7269	2698	include
trpn	A0AAN0J817__Ampque	tr|A0AAN0J817|A0AAN0J817_AMPQE	Amphimedon queenslandica	basal_metazoan	proteome	medium	0.3103		profile_medium
catsper	A0AAN0JA64__Ampque	tr|A0AAN0JA64|A0AAN0JA64_AMPQE	Amphimedon queenslandica	basal_metazoan	proteome	medium	0.3737		profile_medium
itpr	A0AAN0JAY4__Ampque	tr|A0AAN0JAY4|A0AAN0JAY4_AMPQE	Amphimedon queenslandica	basal_metazoan	proteome	medium	0.3919		profile_medium
trpn	A0AAN0JCG5__Ampque	tr|A0AAN0JCG5|A0AAN0JCG5_AMPQE	Amphimedon queenslandica	basal_metazoan	proteome	medium	0.3362		profile_medium
trpn	A0AAN0JDL1__Ampque	tr|A0AAN0JDL1|A0AAN0JDL1_AMPQE	Amphimedon queenslandica	basal_metazoan	proteome	medium	0.4508		profile_medium
ryr	A0AAN0JF00__Ampque	tr|A0AAN0JF00|A0AAN0JF00_AMPQE	Amphimedon queenslandica	basal_metazoan	proteome	high	0.7446	4753	include
trpa	A0AAN0JH07__Ampque	tr|A0AAN0JH07|A0AAN0JH07_AMPQE	Amphimedon queenslandica	basal_metazoan	proteome	medium	0.5344		profile_medium
itpr	A0AAN0JIF7__Ampque	tr|A0AAN0JIF7|A0AAN0JIF7_AMPQE	Amphimedon queenslandica	basal_metazoan	proteome	high	0.9941	2766	include
tpc	A0AAN0JJ15__Ampque	tr|A0AAN0JJ15|A0AAN0JJ15_AMPQE	Amphimedon queenslandica	basal_metazoan	proteome	high	0.8678	806	include
kca_slo	A0AAN0JJ70__Ampque	tr|A0AAN0JJ70|A0AAN0JJ70_AMPQE	Amphimedon queenslandica	basal_metazoan	proteome	high	0.757	932	include
trpa	A0AAN0JKY9__Ampque	tr|A0AAN0JKY9|A0AAN0JKY9_AMPQE	Amphimedon queenslandica	basal_metazoan	proteome	high	0.5237	840	include
trpa	A0AAN0JNS7__Ampque	tr|A0AAN0JNS7|A0AAN0JNS7_AMPQE	Amphimedon queenslandica	basal_metazoan	proteome	medium	0.4996		profile_medium
trpa	A0AAN0JSD9__Ampque	tr|A0AAN0JSD9|A0AAN0JSD9_AMPQE	Amphimedon queenslandica	basal_metazoan	proteome	medium	0.7292		profile_medium
trpa	A0AAN0JSU5__Ampque	tr|A0AAN0JSU5|A0AAN0JSU5_AMPQE	Amphimedon queenslandica	basal_metazoan	proteome	medium	0.6345		profile_medium
trpa	A0AAN0JTA7__Ampque	tr|A0AAN0JTA7|A0AAN0JTA7_AMPQE	Amphimedon queenslandica	basal_metazoan	proteome	medium	0.4182		profile_medium
clc_channel	A0AAN0JWI9__Ampque	tr|A0AAN0JWI9|A0AAN0JWI9_AMPQE	Amphimedon queenslandica	basal_metazoan	proteome	high	0.763	762	include
itpr	A0AAN0JWZ9__Ampque	tr|A0AAN0JWZ9|A0AAN0JWZ9_AMPQE	Amphimedon queenslandica	basal_metazoan	proteome	high	0.7151	2662	include
innexin	A0AAV2GWK5__Lymsta	tr|A0AAV2GWK5|A0AAV2GWK5_LYMST	Lymnaea stagnalis	invertebrate	proteome	high	0.7344	405	include
innexin	A0AAV2GWU2__Lymsta	tr|A0AAV2GWU2|A0AAV2GWU2_LYMST	Lymnaea stagnalis	invertebrate	proteome	high	0.7326	422	include
nachr	A0AAV2GX45__Lymsta	tr|A0AAV2GX45|A0AAV2GX45_LYMST	Lymnaea stagnalis	invertebrate	proteome	medium	0.5694		profile_medium
k2p	A0AAV2GXN2__Lymsta	tr|A0AAV2GXN2|A0AAV2GXN2_LYMST	Lymnaea stagnalis	invertebrate	proteome	high	0.6567	465	include
nmda	A0AAV2GY91__Lymsta	tr|A0AAV2GY91|A0AAV2GY91_LYMST	Lymnaea stagnalis	invertebrate	proteome	high	0.7997	1549	include
nachr	A0AAV2GYG3__Lymsta	tr|A0AAV2GYG3|A0AAV2GYG3_LYMST	Lymnaea stagnalis	invertebrate	proteome	high	0.9772	485	include
itpr	A0AAV2GZ27__Lymsta	tr|A0AAV2GZ27|A0AAV2GZ27_LYMST	Lymnaea stagnalis	invertebrate	proteome	high	0.6996	2739	include
kv_shaker	A0AAV2GZD3__Lymsta	tr|A0AAV2GZD3|A0AAV2GZD3_LYMST	Lymnaea stagnalis	invertebrate	proteome	high	0.6504	369	include
trpv	A0AAV2GZD7__Lymsta	tr|A0AAV2GZD7|A0AAV2GZD7_LYMST	Lymnaea stagnalis	invertebrate	proteome	medium	0.312		profile_medium
nachr	A0AAV2GZM1__Lymsta	tr|A0AAV2GZM1|A0AAV2GZM1_LYMST	Lymnaea stagnalis	invertebrate	proteome	medium	0.383		profile_medium
hv1	A0AAV2GZW4__Lymsta	tr|A0AAV2GZW4|A0AAV2GZW4_LYMST	Lymnaea stagnalis	invertebrate	proteome	high	0.5137	501	include
nachr	A0AAV2GZZ3__Lymsta	tr|A0AAV2GZZ3|A0AAV2GZZ3_LYMST	Lymnaea stagnalis	invertebrate	proteome	high	0.9565	587	include
nachr	A0AAV2H0F5__Lymsta	tr|A0AAV2H0F5|A0AAV2H0F5_LYMST	Lymnaea stagnalis	invertebrate	proteome	high	0.8095	581	include
cav	A0AAV2H0I3__Lymsta	tr|A0AAV2H0I3|A0AAV2H0I3_LYMST	Lymnaea stagnalis	invertebrate	proteome	high	0.8885	1981	include
nachr	A0AAV2H0M7__Lymsta	tr|A0AAV2H0M7|A0AAV2H0M7_LYMST	Lymnaea stagnalis	invertebrate	proteome	high	0.9275	569	include
deg_invertebrate	A0AAV2H1G8__Lymsta	tr|A0AAV2H1G8|A0AAV2H1G8_LYMST	Lymnaea stagnalis	invertebrate	proteome	high	0.6648	616	include
kca_slo	A0AAV2H1J9__Lymsta	tr|A0AAV2H1J9|A0AAV2H1J9_LYMST	Lymnaea stagnalis	invertebrate	proteome	high	0.612	959	include
osca_tmem63	A0AAV2H1R2__Lymsta	tr|A0AAV2H1R2|A0AAV2H1R2_LYMST	Lymnaea stagnalis	invertebrate	proteome	high	0.9434	805	include
kainate	A0AAV2H214__Lymsta	tr|A0AAV2H214|A0AAV2H214_LYMST	Lymnaea stagnalis	invertebrate	proteome	medium	0.9056		profile_medium
k2p	A0AAV2H2X4__Lymsta	tr|A0AAV2H2X4|A0AAV2H2X4_LYMST	Lymnaea stagnalis	invertebrate	proteome	high	0.6443	420	include
gabaa	A0AAV2H2X7__Lymsta	tr|A0AAV2H2X7|A0AAV2H2X7_LYMST	Lymnaea stagnalis	invertebrate	proteome	medium	0.9386		profile_medium
innexin	A0AAV2H2Y5__Lymsta	tr|A0AAV2H2Y5|A0AAV2H2Y5_LYMST	Lymnaea stagnalis	invertebrate	proteome	high	0.7326	420	include
tpc	A0AAV2H3C9__Lymsta	tr|A0AAV2H3C9|A0AAV2H3C9_LYMST	Lymnaea stagnalis	invertebrate	proteome	high	0.8639	816	include
cav	A0AAV2H3M8__Lymsta	tr|A0AAV2H3M8|A0AAV2H3M8_LYMST	Lymnaea stagnalis	invertebrate	proteome	high	0.6882	1810	include
trpc	A0AAV2H3P6__Lymsta	tr|A0AAV2H3P6|A0AAV2H3P6_LYMST	Lymnaea stagnalis	invertebrate	proteome	medium	0.4516		profile_medium
kainate	A0AAV2H4L9__Lymsta	tr|A0AAV2H4L9|A0AAV2H4L9_LYMST	Lymnaea stagnalis	invertebrate	proteome	medium	0.9418		profile_medium
nav	A0AAV2H4T9__Lymsta	tr|A0AAV2H4T9|A0AAV2H4T9_LYMST	Lymnaea stagnalis	invertebrate	proteome	high	0.9916	2016	include
vdac	A0AAV2H4V4__Lymsta	tr|A0AAV2H4V4|A0AAV2H4V4_LYMST	Lymnaea stagnalis	invertebrate	proteome	high	0.9928	282	include
plgic_prok	A0AAV2H555__Lymsta	tr|A0AAV2H555|A0AAV2H555_LYMST	Lymnaea stagnalis	invertebrate	proteome	medium	0.6388		profile_medium
trpm	A0AAV2H583__Lymsta	tr|A0AAV2H583|A0AAV2H583_LYMST	Lymnaea stagnalis	invertebrate	proteome	high	0.6862	1418	include
nachr	A0AAV2H6E6__Lymsta	tr|A0AAV2H6E6|A0AAV2H6E6_LYMST	Lymnaea stagnalis	invertebrate	proteome	medium	0.4513		profile_medium
nachr	A0AAV2H6L2__Lymsta	tr|A0AAV2H6L2|A0AAV2H6L2_LYMST	Lymnaea stagnalis	invertebrate	proteome	high	0.9482	550	include
kv_shaker	A0AAV2H6P7__Lymsta	tr|A0AAV2H6P7|A0AAV2H6P7_LYMST	Lymnaea stagnalis	invertebrate	proteome	high	0.7337	435	include
nachr	A0AAV2H6R7__Lymsta	tr|A0AAV2H6R7|A0AAV2H6R7_LYMST	Lymnaea stagnalis	invertebrate	proteome	high	0.5631	364	include
kv_eag	A0AAV2H6S0__Lymsta	tr|A0AAV2H6S0|A0AAV2H6S0_LYMST	Lymnaea stagnalis	invertebrate	proteome	high	0.5344	577	include
nachr	A0AAV2H790__Lymsta	tr|A0AAV2H790|A0AAV2H790_LYMST	Lymnaea stagnalis	invertebrate	proteome	high	0.8364	619	include
kv_shaker	A0AAV2H7I7__Lymsta	tr|A0AAV2H7I7|A0AAV2H7I7_LYMST	Lymnaea stagnalis	invertebrate	proteome	medium	0.6268		profile_medium
cng	A0AAV2H8H6__Lymsta	tr|A0AAV2H8H6|A0AAV2H8H6_LYMST	Lymnaea stagnalis	invertebrate	proteome	medium	0.3536		profile_medium
nachr	A0AAV2H8I0__Lymsta	tr|A0AAV2H8I0|A0AAV2H8I0_LYMST	Lymnaea stagnalis	invertebrate	proteome	high	0.8012	618	include
trpc	A0AAV2H8N6__Lymsta	tr|A0AAV2H8N6|A0AAV2H8N6_LYMST	Lymnaea stagnalis	invertebrate	proteome	high	0.8587	908	include
nachr	A0AAV2H8S2__Lymsta	tr|A0AAV2H8S2|A0AAV2H8S2_LYMST	Lymnaea stagnalis	invertebrate	proteome	high	0.8716	450	include
nachr	A0AAV2H8W4__Lymsta	tr|A0AAV2H8W4|A0AAV2H8W4_LYMST	Lymnaea stagnalis	invertebrate	proteome	high	0.6563	349	include
nachr	A0AAV2H941__Lymsta	tr|A0AAV2H941|A0AAV2H941_LYMST	Lymnaea stagnalis	invertebrate	proteome	high	0.94	554	include
innexin	A0AAV2H972__Lymsta	tr|A0AAV2H972|A0AAV2H972_LYMST	Lymnaea stagnalis	invertebrate	proteome	medium	0.3974		profile_medium
k2p	A0AAV2H9H6__Lymsta	tr|A0AAV2H9H6|A0AAV2H9H6_LYMST	Lymnaea stagnalis	invertebrate	proteome	medium	0.3881		profile_medium
kv_eag	A0AAV2H9T0__Lymsta	tr|A0AAV2H9T0|A0AAV2H9T0_LYMST	Lymnaea stagnalis	invertebrate	proteome	high	0.683	691	include
enac	A0AAV2H9T2__Lymsta	tr|A0AAV2H9T2|A0AAV2H9T2_LYMST	Lymnaea stagnalis	invertebrate	proteome	medium	0.6512		profile_medium
nachr	A0AAV2H9U4__Lymsta	tr|A0AAV2H9U4|A0AAV2H9U4_LYMST	Lymnaea stagnalis	invertebrate	proteome	medium	0.3188		profile_medium
trpc	A0AAV2HA44__Lymsta	tr|A0AAV2HA44|A0AAV2HA44_LYMST	Lymnaea stagnalis	invertebrate	proteome	high	0.8487	915	include
nachr	A0AAV2HA79__Lymsta	tr|A0AAV2HA79|A0AAV2HA79_LYMST	Lymnaea stagnalis	invertebrate	proteome	high	0.9275	527	include
enac	A0AAV2HAN0__Lymsta	tr|A0AAV2HAN0|A0AAV2HAN0_LYMST	Lymnaea stagnalis	invertebrate	proteome	medium	0.7504		profile_medium
innexin	A0AAV2HAV8__Lymsta	tr|A0AAV2HAV8|A0AAV2HAV8_LYMST	Lymnaea stagnalis	invertebrate	proteome	high	0.7344	427	include
trpp	A0AAV2HBM3__Lymsta	tr|A0AAV2HBM3|A0AAV2HBM3_LYMST	Lymnaea stagnalis	invertebrate	proteome	high	0.5378	461	include
trpn	A0AAV2HBQ8__Lymsta	tr|A0AAV2HBQ8|A0AAV2HBQ8_LYMST	Lymnaea stagnalis	invertebrate	proteome	medium	0.3585		profile_medium
nachr	A0AAV2HCA6__Lymsta	tr|A0AAV2HCA6|A0AAV2HCA6_LYMST	Lymnaea stagnalis	invertebrate	proteome	high	0.9358	564	include
kv_shaker	A0AAV2HCW1__Lymsta	tr|A0AAV2HCW1|A0AAV2HCW1_LYMST	Lymnaea stagnalis	invertebrate	proteome	medium	0.7228		profile_medium
innexin	A0AAV2HD33__Lymsta	tr|A0AAV2HD33|A0AAV2HD33_LYMST	Lymnaea stagnalis	invertebrate	proteome	high	0.7125	415	include
trpn	A0AAV2HD70__Lymsta	tr|A0AAV2HD70|A0AAV2HD70_LYMST	Lymnaea stagnalis	invertebrate	proteome	medium	0.3732		profile_medium
vdac	A0AAV2HD99__Lymsta	tr|A0AAV2HD99|A0AAV2HD99_LYMST	Lymnaea stagnalis	invertebrate	proteome	high	0.9856	339	include
kca_sk	A0AAV2HDH2__Lymsta	tr|A0AAV2HDH2|A0AAV2HDH2_LYMST	Lymnaea stagnalis	invertebrate	proteome	high	0.5975	394	include
nachr	A0AAV2HEJ1__Lymsta	tr|A0AAV2HEJ1|A0AAV2HEJ1_LYMST	Lymnaea stagnalis	invertebrate	proteome	high	0.9586	475	include
nav	A0AAV2HEZ6__Lymsta	tr|A0AAV2HEZ6|A0AAV2HEZ6_LYMST	Lymnaea stagnalis	invertebrate	proteome	high	0.8716	1696	include
trpm	A0AAV2HF24__Lymsta	tr|A0AAV2HF24|A0AAV2HF24_LYMST	Lymnaea stagnalis	invertebrate	proteome	high	0.7062	1387	include
trpv	A0AAV2HFF5__Lymsta	tr|A0AAV2HFF5|A0AAV2HFF5_LYMST	Lymnaea stagnalis	invertebrate	proteome	high	0.7065	1035	include
asic	A0AAV2HFL7__Lymsta	tr|A0AAV2HFL7|A0AAV2HFL7_LYMST	Lymnaea stagnalis	invertebrate	proteome	medium	0.8772		profile_medium
trpc	A0AAV2HG16__Lymsta	tr|A0AAV2HG16|A0AAV2HG16_LYMST	Lymnaea stagnalis	invertebrate	proteome	high	0.8676	1020	include
trpm	A0AAV2HGA3__Lymsta	tr|A0AAV2HGA3|A0AAV2HGA3_LYMST	Lymnaea stagnalis	invertebrate	proteome	high	0.8815	1735	include
cng	A0AAV2HH25__Lymsta	tr|A0AAV2HH25|A0AAV2HH25_LYMST	Lymnaea stagnalis	invertebrate	proteome	medium	0.3904		profile_medium
cng	A0AAV2HH78__Lymsta	tr|A0AAV2HH78|A0AAV2HH78_LYMST	Lymnaea stagnalis	invertebrate	proteome	high	0.8798	664	include
innexin	A0AAV2HHH0__Lymsta	tr|A0AAV2HHH0|A0AAV2HHH0_LYMST	Lymnaea stagnalis	invertebrate	proteome	high	0.7363	403	include
kv_shaker	A0AAV2HHV9__Lymsta	tr|A0AAV2HHV9|A0AAV2HHV9_LYMST	Lymnaea stagnalis	invertebrate	proteome	high	0.7409	581	include
trpp	A0AAV2HJG0__Lymsta	tr|A0AAV2HJG0|A0AAV2HJG0_LYMST	Lymnaea stagnalis	invertebrate	proteome	high	0.9269	856	include
hv1	A0AAV2HJX2__Lymsta	tr|A0AAV2HJX2|A0AAV2HJX2_LYMST	Lymnaea stagnalis	invertebrate	proteome	high	0.7255	249	include
nmda	A0AAV2HK15__Lymsta	tr|A0AAV2HK15|A0AAV2HK15_LYMST	Lymnaea stagnalis	invertebrate	proteome	high	0.7621	1101	include
piezo	A0AAV2HKC3__Lymsta	tr|A0AAV2HKC3|A0AAV2HKC3_LYMST	Lymnaea stagnalis	invertebrate	proteome	high	0.5584	1552	include
kainate	A0AAV2HKH4__Lymsta	tr|A0AAV2HKH4|A0AAV2HKH4_LYMST	Lymnaea stagnalis	invertebrate	proteome	medium	0.4259		profile_medium
kv_eag	A0AAV2HKJ5__Lymsta	tr|A0AAV2HKJ5|A0AAV2HKJ5_LYMST	Lymnaea stagnalis	invertebrate	proteome	high	0.656	655	include
iglur_nonvertebrate	A0AAV2HL09__Lymsta	tr|A0AAV2HL09|A0AAV2HL09_LYMST	Lymnaea stagnalis	invertebrate	proteome	medium	0.3809		profile_medium
gabaa	A0AAV2HLM2__Lymsta	tr|A0AAV2HLM2|A0AAV2HLM2_LYMST	Lymnaea stagnalis	invertebrate	proteome	medium	0.9539		profile_medium
nachr	A0AAV2HLU1__Lymsta	tr|A0AAV2HLU1|A0AAV2HLU1_LYMST	Lymnaea stagnalis	invertebrate	proteome	high	0.6625	432	include
nachr	A0AAV2HLV9__Lymsta	tr|A0AAV2HLV9|A0AAV2HLV9_LYMST	Lymnaea stagnalis	invertebrate	proteome	medium	0.3271		profile_medium
ampa	A0AAV2HLW4__Lymsta	tr|A0AAV2HLW4|A0AAV2HLW4_LYMST	Lymnaea stagnalis	invertebrate	proteome	medium	0.898		profile_medium
ampa	A0AAV2HLX8__Lymsta	tr|A0AAV2HLX8|A0AAV2HLX8_LYMST	Lymnaea stagnalis	invertebrate	proteome	medium	0.8914		profile_medium
tpc	A0AAV2HMA9__Lymsta	tr|A0AAV2HMA9|A0AAV2HMA9_LYMST	Lymnaea stagnalis	invertebrate	proteome	high	0.8901	834	include
nachr	A0AAV2HME3__Lymsta	tr|A0AAV2HME3|A0AAV2HME3_LYMST	Lymnaea stagnalis	invertebrate	proteome	medium	0.3188		profile_medium
kv_shaker	A0AAV2HMI2__Lymsta	tr|A0AAV2HMI2|A0AAV2HMI2_LYMST	Lymnaea stagnalis	invertebrate	proteome	medium	0.7391		profile_medium
enac	A0AAV2HMN9__Lymsta	tr|A0AAV2HMN9|A0AAV2HMN9_LYMST	Lymnaea stagnalis	invertebrate	proteome	medium	0.4403		profile_medium
trpn	A0AAV2HMV3__Lymsta	tr|A0AAV2HMV3|A0AAV2HMV3_LYMST	Lymnaea stagnalis	invertebrate	proteome	medium	0.3474		profile_medium
nachr	A0AAV2HMV5__Lymsta	tr|A0AAV2HMV5|A0AAV2HMV5_LYMST	Lymnaea stagnalis	invertebrate	proteome	high	0.7267	446	include
nachr	A0AAV2HNF3__Lymsta	tr|A0AAV2HNF3|A0AAV2HNF3_LYMST	Lymnaea stagnalis	invertebrate	proteome	medium	0.412		profile_medium
hcn	A0AAV2HNG1__Lymsta	tr|A0AAV2HNG1|A0AAV2HNG1_LYMST	Lymnaea stagnalis	invertebrate	proteome	high	0.5152	1094	include
nachr	A0AAV2HNI1__Lymsta	tr|A0AAV2HNI1|A0AAV2HNI1_LYMST	Lymnaea stagnalis	invertebrate	proteome	high	0.6729	497	include
nachr	A0AAV2HNL1__Lymsta	tr|A0AAV2HNL1|A0AAV2HNL1_LYMST	Lymnaea stagnalis	invertebrate	proteome	medium	0.3292		profile_medium
kca_slo	A0AAV2HP31__Lymsta	tr|A0AAV2HP31|A0AAV2HP31_LYMST	Lymnaea stagnalis	invertebrate	proteome	medium	0.4515		profile_medium
kca_slo	A0AAV2HP36__Lymsta	tr|A0AAV2HP36|A0AAV2HP36_LYMST	Lymnaea stagnalis	invertebrate	proteome	medium	0.3354		profile_medium
cng	A0AAV2HP56__Lymsta	tr|A0AAV2HP56|A0AAV2HP56_LYMST	Lymnaea stagnalis	invertebrate	proteome	medium	0.4724		profile_medium
nachr	A0AAV2HPB1__Lymsta	tr|A0AAV2HPB1|A0AAV2HPB1_LYMST	Lymnaea stagnalis	invertebrate	proteome	medium	0.3416		profile_medium
nachr	A0AAV2HPH8__Lymsta	tr|A0AAV2HPH8|A0AAV2HPH8_LYMST	Lymnaea stagnalis	invertebrate	proteome	high	0.9337	538	include
trpa	A0AAV2HPV5__Lymsta	tr|A0AAV2HPV5|A0AAV2HPV5_LYMST	Lymnaea stagnalis	invertebrate	proteome	medium	0.3172		profile_medium
nachr	A0AAV2HQB8__Lymsta	tr|A0AAV2HQB8|A0AAV2HQB8_LYMST	Lymnaea stagnalis	invertebrate	proteome	high	0.5942	290	include
trpm	A0AAV2HQD8__Lymsta	tr|A0AAV2HQD8|A0AAV2HQD8_LYMST	Lymnaea stagnalis	invertebrate	proteome	medium	0.3314		profile_medium
nachr	A0AAV2HQH8__Lymsta	tr|A0AAV2HQH8|A0AAV2HQH8_LYMST	Lymnaea stagnalis	invertebrate	proteome	high	0.8054	448	include
trpm	A0AAV2HQN9__Lymsta	tr|A0AAV2HQN9|A0AAV2HQN9_LYMST	Lymnaea stagnalis	invertebrate	proteome	high	0.6082	1431	include
kca_slo	A0AAV2HQS9__Lymsta	tr|A0AAV2HQS9|A0AAV2HQS9_LYMST	Lymnaea stagnalis	invertebrate	proteome	high	0.903	1286	include
trpm	A0AAV2HQZ0__Lymsta	tr|A0AAV2HQZ0|A0AAV2HQZ0_LYMST	Lymnaea stagnalis	invertebrate	proteome	high	0.6566	1475	include
nachr	A0AAV2HRU4__Lymsta	tr|A0AAV2HRU4|A0AAV2HRU4_LYMST	Lymnaea stagnalis	invertebrate	proteome	high	0.7288	448	include
kca_sk	A0AAV2HRV6__Lymsta	tr|A0AAV2HRV6|A0AAV2HRV6_LYMST	Lymnaea stagnalis	invertebrate	proteome	high	0.5499	397	include
nachr	A0AAV2HSC4__Lymsta	tr|A0AAV2HSC4|A0AAV2HSC4_LYMST	Lymnaea stagnalis	invertebrate	proteome	high	0.646	455	include
hv1	A0AAV2HSC9__Lymsta	tr|A0AAV2HSC9|A0AAV2HSC9_LYMST	Lymnaea stagnalis	invertebrate	proteome	high	0.5059	600	include
nachr	A0AAV2HSE4__Lymsta	tr|A0AAV2HSE4|A0AAV2HSE4_LYMST	Lymnaea stagnalis	invertebrate	proteome	high	0.9462	506	include
trpm	A0AAV2HSQ6__Lymsta	tr|A0AAV2HSQ6|A0AAV2HSQ6_LYMST	Lymnaea stagnalis	invertebrate	proteome	high	0.6663	1331	include
k2p	A0AAV2HT89__Lymsta	tr|A0AAV2HT89|A0AAV2HT89_LYMST	Lymnaea stagnalis	invertebrate	proteome	high	0.5249	239	include
nachr	A0AAV2HU65__Lymsta	tr|A0AAV2HU65|A0AAV2HU65_LYMST	Lymnaea stagnalis	invertebrate	proteome	high	0.9296	502	include
trpn	A0AAV2HVC3__Lymsta	tr|A0AAV2HVC3|A0AAV2HVC3_LYMST	Lymnaea stagnalis	invertebrate	proteome	medium	0.3134		profile_medium
otop	A0AAV2HVJ1__Lymsta	tr|A0AAV2HVJ1|A0AAV2HVJ1_LYMST	Lymnaea stagnalis	invertebrate	proteome	high	0.6919	783	include
kv_eag	A0AAV2HVJ8__Lymsta	tr|A0AAV2HVJ8|A0AAV2HVJ8_LYMST	Lymnaea stagnalis	invertebrate	proteome	medium	0.349		profile_medium
kv_kcnq	A0AAV2HVZ4__Lymsta	tr|A0AAV2HVZ4|A0AAV2HVZ4_LYMST	Lymnaea stagnalis	invertebrate	proteome	high	0.7988	533	include
k2p	A0AAV2HVZ9__Lymsta	tr|A0AAV2HVZ9|A0AAV2HVZ9_LYMST	Lymnaea stagnalis	invertebrate	proteome	high	0.7463	348	include
ampa	A0AAV2HW19__Lymsta	tr|A0AAV2HW19|A0AAV2HW19_LYMST	Lymnaea stagnalis	invertebrate	proteome	medium	0.9701		profile_medium
gabaa	A0AAV2HW78__Lymsta	tr|A0AAV2HW78|A0AAV2HW78_LYMST	Lymnaea stagnalis	invertebrate	proteome	medium	0.5987		profile_medium
trpa	A0AAV2HWH5__Lymsta	tr|A0AAV2HWH5|A0AAV2HWH5_LYMST	Lymnaea stagnalis	invertebrate	proteome	medium	0.4307		profile_medium
innexin	A0AAV2HXL1__Lymsta	tr|A0AAV2HXL1|A0AAV2HXL1_LYMST	Lymnaea stagnalis	invertebrate	proteome	high	0.7436	465	include
otop	A0AAV2HY27__Lymsta	tr|A0AAV2HY27|A0AAV2HY27_LYMST	Lymnaea stagnalis	invertebrate	proteome	high	0.5336	635	include
nachr	A0AAV2HYC6__Lymsta	tr|A0AAV2HYC6|A0AAV2HYC6_LYMST	Lymnaea stagnalis	invertebrate	proteome	high	0.5797	283	include
kv_shaker	A0AAV2HYC9__Lymsta	tr|A0AAV2HYC9|A0AAV2HYC9_LYMST	Lymnaea stagnalis	invertebrate	proteome	medium	0.5308		profile_medium
nachr	A0AAV2HYK2__Lymsta	tr|A0AAV2HYK2|A0AAV2HYK2_LYMST	Lymnaea stagnalis	invertebrate	proteome	medium	0.4161		profile_medium
kv_shaker	A0AAV2HYL2__Lymsta	tr|A0AAV2HYL2|A0AAV2HYL2_LYMST	Lymnaea stagnalis	invertebrate	proteome	medium	0.6413		profile_medium
otop	A0AAV2HYQ0__Lymsta	tr|A0AAV2HYQ0|A0AAV2HYQ0_LYMST	Lymnaea stagnalis	invertebrate	proteome	high	0.704	520	include
nachr	A0AAV2HZF0__Lymsta	tr|A0AAV2HZF0|A0AAV2HZF0_LYMST	Lymnaea stagnalis	invertebrate	proteome	medium	0.4348		profile_medium
iglur_nonvertebrate	A0AAV2HZP4__Lymsta	tr|A0AAV2HZP4|A0AAV2HZP4_LYMST	Lymnaea stagnalis	invertebrate	proteome	medium	0.4136		profile_medium
kainate	A0AAV2HZP6__Lymsta	tr|A0AAV2HZP6|A0AAV2HZP6_LYMST	Lymnaea stagnalis	invertebrate	proteome	medium	0.5774		profile_medium
nachr	A0AAV2HZW4__Lymsta	tr|A0AAV2HZW4|A0AAV2HZW4_LYMST	Lymnaea stagnalis	invertebrate	proteome	medium	0.4348		profile_medium
kainate	A0AAV2I0M1__Lymsta	tr|A0AAV2I0M1|A0AAV2I0M1_LYMST	Lymnaea stagnalis	invertebrate	proteome	medium	0.5346		profile_medium
kainate	A0AAV2I0M7__Lymsta	tr|A0AAV2I0M7|A0AAV2I0M7_LYMST	Lymnaea stagnalis	invertebrate	proteome	medium	0.7827		profile_medium
nachr	A0AAV2I0T7__Lymsta	tr|A0AAV2I0T7|A0AAV2I0T7_LYMST	Lymnaea stagnalis	invertebrate	proteome	high	0.9234	499	include
nachr	A0AAV2I0U7__Lymsta	tr|A0AAV2I0U7|A0AAV2I0U7_LYMST	Lymnaea stagnalis	invertebrate	proteome	medium	0.383		profile_medium
nmda	A0AAV2I108__Lymsta	tr|A0AAV2I108|A0AAV2I108_LYMST	Lymnaea stagnalis	invertebrate	proteome	high	0.7468	968	include
bestrophin	A0AAV2I1M7__Lymsta	tr|A0AAV2I1M7|A0AAV2I1M7_LYMST	Lymnaea stagnalis	invertebrate	proteome	none	0.2827		no_profile_call
nachr	A0AAV2I1Q9__Lymsta	tr|A0AAV2I1Q9|A0AAV2I1Q9_LYMST	Lymnaea stagnalis	invertebrate	proteome	medium	0.4327		profile_medium
hv1	A0AAV2I211__Lymsta	tr|A0AAV2I211|A0AAV2I211_LYMST	Lymnaea stagnalis	invertebrate	proteome	medium	0.4784		profile_medium
kca_slo	A0AAV2I2A1__Lymsta	tr|A0AAV2I2A1|A0AAV2I2A1_LYMST	Lymnaea stagnalis	invertebrate	proteome	high	0.883	1260	include
tpc	A0AAV2I2U3__Lymsta	tr|A0AAV2I2U3|A0AAV2I2U3_LYMST	Lymnaea stagnalis	invertebrate	proteome	high	0.8233	817	include
nachr	A0AAV2I2X8__Lymsta	tr|A0AAV2I2X8|A0AAV2I2X8_LYMST	Lymnaea stagnalis	invertebrate	proteome	medium	0.646		profile_medium
bestrophin	A0AAV2I353__Lymsta	tr|A0AAV2I353|A0AAV2I353_LYMST	Lymnaea stagnalis	invertebrate	proteome	high	0.9753	654	include
enac	A0AAV2I395__Lymsta	tr|A0AAV2I395|A0AAV2I395_LYMST	Lymnaea stagnalis	invertebrate	proteome	medium	0.4806		profile_medium
enac	A0AAV2I3C7__Lymsta	tr|A0AAV2I3C7|A0AAV2I3C7_LYMST	Lymnaea stagnalis	invertebrate	proteome	medium	0.662		profile_medium
nachr	A0AAV2I496__Lymsta	tr|A0AAV2I496|A0AAV2I496_LYMST	Lymnaea stagnalis	invertebrate	proteome	high	0.6832	456	include
nachr	A0AAV2I4N0__Lymsta	tr|A0AAV2I4N0|A0AAV2I4N0_LYMST	Lymnaea stagnalis	invertebrate	proteome	high	0.6253	484	include
bestrophin	A0AAV2I4Z9__Lymsta	tr|A0AAV2I4Z9|A0AAV2I4Z9_LYMST	Lymnaea stagnalis	invertebrate	proteome	medium	0.3321		profile_medium
k2p	A0AAV2I5C1__Lymsta	tr|A0AAV2I5C1|A0AAV2I5C1_LYMST	Lymnaea stagnalis	invertebrate	proteome	high	0.6144	313	include
kv_shaker	A0AAV2I5Y6__Lymsta	tr|A0AAV2I5Y6|A0AAV2I5Y6_LYMST	Lymnaea stagnalis	invertebrate	proteome	medium	0.7572		profile_medium
nachr	A0AAV2I5Z8__Lymsta	tr|A0AAV2I5Z8|A0AAV2I5Z8_LYMST	Lymnaea stagnalis	invertebrate	proteome	high	0.5321	254	include
enac	A0AAV2I635__Lymsta	tr|A0AAV2I635|A0AAV2I635_LYMST	Lymnaea stagnalis	invertebrate	proteome	medium	0.5023		profile_medium
k2p	A0AAV2I6H6__Lymsta	tr|A0AAV2I6H6|A0AAV2I6H6_LYMST	Lymnaea stagnalis	invertebrate	proteome	medium	0.4005		profile_medium
ryr	A0AAV2I6U5__Lymsta	tr|A0AAV2I6U5|A0AAV2I6U5_LYMST	Lymnaea stagnalis	invertebrate	proteome	high	0.999	5191	include
enac	A0AAV2I744__Lymsta	tr|A0AAV2I744|A0AAV2I744_LYMST	Lymnaea stagnalis	invertebrate	proteome	medium	0.6946		profile_medium
enac	A0AAV2I7N3__Lymsta	tr|A0AAV2I7N3|A0AAV2I7N3_LYMST	Lymnaea stagnalis	invertebrate	proteome	medium	0.4961		profile_medium
kir	A0AAV2I890__Lymsta	tr|A0AAV2I890|A0AAV2I890_LYMST	Lymnaea stagnalis	invertebrate	proteome	high	0.846	436	include
tric	A0AAV2I895__Lymsta	tr|A0AAV2I895|A0AAV2I895_LYMST	Lymnaea stagnalis	invertebrate	proteome	high	0.939	291	include
nachr	A0AAV2I8C4__Lymsta	tr|A0AAV2I8C4|A0AAV2I8C4_LYMST	Lymnaea stagnalis	invertebrate	proteome	high	0.6398	320	include
kainate	A0AAV2IA15__Lymsta	tr|A0AAV2IA15|A0AAV2IA15_LYMST	Lymnaea stagnalis	invertebrate	proteome	medium	0.5807		profile_medium
enac	A0AAV2IA52__Lymsta	tr|A0AAV2IA52|A0AAV2IA52_LYMST	Lymnaea stagnalis	invertebrate	proteome	medium	0.5876		profile_medium
k2p	A0AAV2IA97__Lymsta	tr|A0AAV2IA97|A0AAV2IA97_LYMST	Lymnaea stagnalis	invertebrate	proteome	high	0.6318	563	include
nachr	A0AAV2IAB4__Lymsta	tr|A0AAV2IAB4|A0AAV2IAB4_LYMST	Lymnaea stagnalis	invertebrate	proteome	high	0.9772	501	include
nachr	A0AAV2IAH2__Lymsta	tr|A0AAV2IAH2|A0AAV2IAH2_LYMST	Lymnaea stagnalis	invertebrate	proteome	medium	0.3106		profile_medium
orai	A0AAV2IAV2__Lymsta	tr|A0AAV2IAV2|A0AAV2IAV2_LYMST	Lymnaea stagnalis	invertebrate	proteome	high	0.8481	222	include
nachr	A0AAV2IB21__Lymsta	tr|A0AAV2IB21|A0AAV2IB21_LYMST	Lymnaea stagnalis	invertebrate	proteome	medium	0.4348		profile_medium
gabaa	A0AAV2IB24__Lymsta	tr|A0AAV2IB24|A0AAV2IB24_LYMST	Lymnaea stagnalis	invertebrate	proteome	medium	0.5877		profile_medium
nachr	A0AAV2IB81__Lymsta	tr|A0AAV2IB81|A0AAV2IB81_LYMST	Lymnaea stagnalis	invertebrate	proteome	medium	0.323		profile_medium
lrrc8	A0AAV2IBC7__Lymsta	tr|A0AAV2IBC7|A0AAV2IBC7_LYMST	Lymnaea stagnalis	invertebrate	proteome	medium	0.3474		profile_medium
nachr	A0AAV2IBK1__Lymsta	tr|A0AAV2IBK1|A0AAV2IBK1_LYMST	Lymnaea stagnalis	invertebrate	proteome	medium	0.4513		profile_medium
nachr	A0AAV2IBN7__Lymsta	tr|A0AAV2IBN7|A0AAV2IBN7_LYMST	Lymnaea stagnalis	invertebrate	proteome	high	0.6915	455	include
nachr	A0AAV2IBP8__Lymsta	tr|A0AAV2IBP8|A0AAV2IBP8_LYMST	Lymnaea stagnalis	invertebrate	proteome	medium	0.4472		profile_medium
innexin	A0AAV2IBS3__Lymsta	tr|A0AAV2IBS3|A0AAV2IBS3_LYMST	Lymnaea stagnalis	invertebrate	proteome	high	0.7198	499	include
nachr	A0AAV2IC07__Lymsta	tr|A0AAV2IC07|A0AAV2IC07_LYMST	Lymnaea stagnalis	invertebrate	proteome	high	0.5735	275	include
tric	A0AAV2IC38__Lymsta	tr|A0AAV2IC38|A0AAV2IC38_LYMST	Lymnaea stagnalis	invertebrate	proteome	high	0.8881	277	include
mcu	A0AAV2ICJ0__Lymsta	tr|A0AAV2ICJ0|A0AAV2ICJ0_LYMST	Lymnaea stagnalis	invertebrate	proteome	high	0.8232	346	include
trpn	A0AAV2ICY1__Lymsta	tr|A0AAV2ICY1|A0AAV2ICY1_LYMST	Lymnaea stagnalis	invertebrate	proteome	medium	0.3043		profile_medium
cng	A0AAV2ID23__Lymsta	tr|A0AAV2ID23|A0AAV2ID23_LYMST	Lymnaea stagnalis	invertebrate	proteome	high	0.7723	1253	include
kv_kcnq	A0AAV2IDE5__Lymsta	tr|A0AAV2IDE5|A0AAV2IDE5_LYMST	Lymnaea stagnalis	invertebrate	proteome	medium	0.3529		profile_medium
kir	A0AAV2IDL8__Lymsta	tr|A0AAV2IDL8|A0AAV2IDL8_LYMST	Lymnaea stagnalis	invertebrate	proteome	high	0.8093	453	include
kv_shaker	A0AAV2IDW7__Lymsta	tr|A0AAV2IDW7|A0AAV2IDW7_LYMST	Lymnaea stagnalis	invertebrate	proteome	medium	0.692		profile_medium
ampa	A0AAV2IEE4__Lymsta	tr|A0AAV2IEE4|A0AAV2IEE4_LYMST	Lymnaea stagnalis	invertebrate	proteome	medium	0.8936		profile_medium
itpr	A0AAV2IEK8__Lymsta	tr|A0AAV2IEK8|A0AAV2IEK8_LYMST	Lymnaea stagnalis	invertebrate	proteome	high	0.9948	2753	include
trpc	A0AAV2IEP2__Lymsta	tr|A0AAV2IEP2|A0AAV2IEP2_LYMST	Lymnaea stagnalis	invertebrate	proteome	high	0.8331	1660	include
trpml	A0AAV2IF99__Lymsta	tr|A0AAV2IF99|A0AAV2IF99_LYMST	Lymnaea stagnalis	invertebrate	proteome	high	0.5166	326	include
innexin	A0AAV2IFG5__Lymsta	tr|A0AAV2IFG5|A0AAV2IFG5_LYMST	Lymnaea stagnalis	invertebrate	proteome	high	0.7289	423	include
nachr	A0AAV2IG34__Lymsta	tr|A0AAV2IG34|A0AAV2IG34_LYMST	Lymnaea stagnalis	invertebrate	proteome	high	0.646	316	include
kv_kcnq	A0AAV2IGN6__Lymsta	tr|A0AAV2IGN6|A0AAV2IGN6_LYMST	Lymnaea stagnalis	invertebrate	proteome	none	0.1742		no_profile_call
nachr	A0AAV2IGT0__Lymsta	tr|A0AAV2IGT0|A0AAV2IGT0_LYMST	Lymnaea stagnalis	invertebrate	proteome	high	0.9172	443	include
cav	A0AAV2IH62__Lymsta	tr|A0AAV2IH62|A0AAV2IH62_LYMST	Lymnaea stagnalis	invertebrate	proteome	high	0.8084	2156	include
k2p	A0AAV2II07__Lymsta	tr|A0AAV2II07|A0AAV2II07_LYMST	Lymnaea stagnalis	invertebrate	proteome	high	0.5025	263	include
k2p	A0AAV2II72__Lymsta	tr|A0AAV2II72|A0AAV2II72_LYMST	Lymnaea stagnalis	invertebrate	proteome	high	0.5622	267	include
innexin	A0AAV2IIM8__Lymsta	tr|A0AAV2IIM8|A0AAV2IIM8_LYMST	Lymnaea stagnalis	invertebrate	proteome	high	0.7143	407	include
nachr	A0AAV2IIP8__Lymsta	tr|A0AAV2IIP8|A0AAV2IIP8_LYMST	Lymnaea stagnalis	invertebrate	proteome	high	0.9752	527	include
trpv	A0AAV2IIY6__Lymsta	tr|A0AAV2IIY6|A0AAV2IIY6_LYMST	Lymnaea stagnalis	invertebrate	proteome	high	0.8113	796	include
nachr	A0AAV2IIZ4__Lymsta	tr|A0AAV2IIZ4|A0AAV2IIZ4_LYMST	Lymnaea stagnalis	invertebrate	proteome	high	0.911	423	include
trpc	A0AAV2IJJ8__Lymsta	tr|A0AAV2IJJ8|A0AAV2IJJ8_LYMST	Lymnaea stagnalis	invertebrate	proteome	high	0.8387	841	include
kv_shaker	A0AAV2IJL6__Lymsta	tr|A0AAV2IJL6|A0AAV2IJL6_LYMST	Lymnaea stagnalis	invertebrate	proteome	high	0.8533	515	include
kca_sk	A0AAV2IJW9__Lymsta	tr|A0AAV2IJW9|A0AAV2IJW9_LYMST	Lymnaea stagnalis	invertebrate	proteome	high	0.7068	813	include
nachr	A0AAV2IKL1__Lymsta	tr|A0AAV2IKL1|A0AAV2IKL1_LYMST	Lymnaea stagnalis	invertebrate	proteome	medium	0.4369		profile_medium
kv_kcnq	A0AAV2IKX1__Lymsta	tr|A0AAV2IKX1|A0AAV2IKX1_LYMST	Lymnaea stagnalis	invertebrate	proteome	none	0.1471		no_profile_call
trpm	A0AAV2IKZ3__Lymsta	tr|A0AAV2IKZ3|A0AAV2IKZ3_LYMST	Lymnaea stagnalis	invertebrate	proteome	medium	0.3394		profile_medium
kca_slo	A0AAV2ILT9__Lymsta	tr|A0AAV2ILT9|A0AAV2ILT9_LYMST	Lymnaea stagnalis	invertebrate	proteome	high	0.9429	1154	include
trpml	A0AAV2IMS6__Lymsta	tr|A0AAV2IMS6|A0AAV2IMS6_LYMST	Lymnaea stagnalis	invertebrate	proteome	medium	0.3993		profile_medium
nachr	A0AAV2IMV0__Lymsta	tr|A0AAV2IMV0|A0AAV2IMV0_LYMST	Lymnaea stagnalis	invertebrate	proteome	medium	0.4286		profile_medium
nachr	A0AAV2IN11__Lymsta	tr|A0AAV2IN11|A0AAV2IN11_LYMST	Lymnaea stagnalis	invertebrate	proteome	high	0.7019	356	include
asic	A0AAV2IN41__Lymsta	tr|A0AAV2IN41|A0AAV2IN41_LYMST	Lymnaea stagnalis	invertebrate	proteome	medium	0.8061		profile_medium
nachr	A0AAV2IN76__Lymsta	tr|A0AAV2IN76|A0AAV2IN76_LYMST	Lymnaea stagnalis	invertebrate	proteome	medium	0.4638		profile_medium
clc_channel	A0AAV2INJ6__Lymsta	tr|A0AAV2INJ6|A0AAV2INJ6_LYMST	Lymnaea stagnalis	invertebrate	proteome	high	0.8243	955	include
trpm	A0AAV2INZ8__Lymsta	tr|A0AAV2INZ8|A0AAV2INZ8_LYMST	Lymnaea stagnalis	invertebrate	proteome	medium	0.3075		profile_medium
kv_shaker	A0AAV2IP04__Lymsta	tr|A0AAV2IP04|A0AAV2IP04_LYMST	Lymnaea stagnalis	invertebrate	proteome	medium	0.7355		profile_medium
nachr	A0AAV2IP06__Lymsta	tr|A0AAV2IP06|A0AAV2IP06_LYMST	Lymnaea stagnalis	invertebrate	proteome	high	0.528	271	include
nachr	A0AAV2IPU5__Lymsta	tr|A0AAV2IPU5|A0AAV2IPU5_LYMST	Lymnaea stagnalis	invertebrate	proteome	medium	0.441		profile_medium
kv_shaker	A0AAV2IQ86__Lymsta	tr|A0AAV2IQ86|A0AAV2IQ86_LYMST	Lymnaea stagnalis	invertebrate	proteome	medium	0.471		profile_medium
kir	A0AAV2IQF8__Lymsta	tr|A0AAV2IQF8|A0AAV2IQF8_LYMST	Lymnaea stagnalis	invertebrate	proteome	high	0.9095	474	include
kv_kcnq	A0AAV2IQR5__Lymsta	tr|A0AAV2IQR5|A0AAV2IQR5_LYMST	Lymnaea stagnalis	invertebrate	proteome	medium	0.494		profile_medium
kv_shaker	A0AAV2IQU1__Lymsta	tr|A0AAV2IQU1|A0AAV2IQU1_LYMST	Lymnaea stagnalis	invertebrate	proteome	medium	0.3641		profile_medium
nachr	A0AAV2IRA5__Lymsta	tr|A0AAV2IRA5|A0AAV2IRA5_LYMST	Lymnaea stagnalis	invertebrate	proteome	medium	0.4306		profile_medium
p2x	A0AAV2IRP8__Lymsta	tr|A0AAV2IRP8|A0AAV2IRP8_LYMST	Lymnaea stagnalis	invertebrate	proteome	high	0.8729	441	include
nachr	A0AAV2IRX3__Lymsta	tr|A0AAV2IRX3|A0AAV2IRX3_LYMST	Lymnaea stagnalis	invertebrate	proteome	high	0.8447	742	include
kir	A0AAV2IRY8__Lymsta	tr|A0AAV2IRY8|A0AAV2IRY8_LYMST	Lymnaea stagnalis	invertebrate	proteome	high	0.5941	576	include
nachr	A0AAV2IUP3__Lymsta	tr|A0AAV2IUP3|A0AAV2IUP3_LYMST	Lymnaea stagnalis	invertebrate	proteome	high	0.5507	279	include
k2p	A0AB13A8M1__Danrer	tr|A0AB13A8M1|A0AB13A8M1_DANRE	Danio rerio	vertebrate	proteome	high	0.6418	362	include
kca_slo	A0AB32T3C7__Danrer	tr|A0AB32T3C7|A0AB32T3C7_DANRE	Danio rerio	vertebrate	proteome	high	0.8758	1111	include
ampa	A0AB32T5C3__Danrer	tr|A0AB32T5C3|A0AB32T5C3_DANRE	Danio rerio	vertebrate	proteome	high	0.9967	944	include
k2p	A0AB32T5S6__Danrer	tr|A0AB32T5S6|A0AB32T5S6_DANRE	Danio rerio	vertebrate	proteome	high	0.7015	542	include
ryr	A0AB32T6W5__Danrer	tr|A0AB32T6W5|A0AB32T6W5_DANRE	Danio rerio	vertebrate	proteome	high	0.9996	4881	include
connexin	A0AB32T9Z3__Danrer	tr|A0AB32T9Z3|A0AB32T9Z3_DANRE	Danio rerio	vertebrate	proteome	high	0.7653	309	include
hcn	A0AB32TAQ9__Danrer	tr|A0AB32TAQ9|A0AB32TAQ9_DANRE	Danio rerio	vertebrate	proteome	high	0.8651	925	include
ht3	A0AB32TBC7__Danrer	tr|A0AB32TBC7|A0AB32TBC7_DANRE	Danio rerio	vertebrate	proteome	high	0.9735	489	include
k2p	A0AB32TCH9__Danrer	tr|A0AB32TCH9|A0AB32TCH9_DANRE	Danio rerio	vertebrate	proteome	high	0.7786	425	include
gabaa	A0AB32TEH0__Danrer	tr|A0AB32TEH0|A0AB32TEH0_DANRE	Danio rerio	vertebrate	proteome	high	0.9452	466	include
osca_tmem63	A0AB32TIS3__Danrer	tr|A0AB32TIS3|A0AB32TIS3_DANRE	Danio rerio	vertebrate	proteome	high	0.9447	802	include
cng	A0AB32TKR5__Danrer	tr|A0AB32TKR5|A0AB32TKR5_DANRE	Danio rerio	vertebrate	proteome	high	0.7383	987	include
cav	A0AB32TNI5__Danrer	tr|A0AB32TNI5|A0AB32TNI5_DANRE	Danio rerio	vertebrate	proteome	high	0.9774	2230	include
kca_slo	A0AB32TPK9__Danrer	tr|A0AB32TPK9|A0AB32TPK9_DANRE	Danio rerio	vertebrate	proteome	high	0.8758	1244	include
p2x	A0AB32TT83__Danrer	tr|A0AB32TT83|A0AB32TT83_DANRE	Danio rerio	vertebrate	proteome	high	0.9388	596	include
cav	A0AB32TTQ4__Danrer	tr|A0AB32TTQ4|A0AB32TTQ4_DANRE	Danio rerio	vertebrate	proteome	high	0.7524	2105	include
glyr	A0AB32TUJ6__Danrer	tr|A0AB32TUJ6|A0AB32TUJ6_DANRE	Danio rerio	vertebrate	proteome	high	0.9286	499	include
hcn	A0AB32TVE4__Danrer	tr|A0AB32TVE4|A0AB32TVE4_DANRE	Danio rerio	vertebrate	proteome	medium	0.4448		profile_medium
nachr	A0AB32TW53__Danrer	tr|A0AB32TW53|A0AB32TW53_DANRE	Danio rerio	vertebrate	proteome	high	0.9814	489	include
itpr	A0AB32TXG4__Danrer	tr|A0AB32TXG4|A0AB32TXG4_DANRE	Danio rerio	vertebrate	proteome	high	0.9996	2819	include
gabaa	A0AB32TXK9__Danrer	tr|A0AB32TXK9|A0AB32TXK9_DANRE	Danio rerio	vertebrate	proteome	high	0.9518	447	include
ano_channel	A0AB32TY29__Danrer	tr|A0AB32TY29|A0AB32TY29_DANRE	Danio rerio	vertebrate	proteome	high	0.83	986	include
ryr	A0AB32U3K9__Danrer	tr|A0AB32U3K9|A0AB32U3K9_DANRE	Danio rerio	vertebrate	proteome	high	0.9998	5073	include
cav	A0AB40E8N7__Danrer	tr|A0AB40E8N7|A0AB40E8N7_DANRE	Danio rerio	vertebrate	proteome	high	0.8053	2164	include
orai	A0ABK0LDI2__Ratnor	tr|A0ABK0LDI2|A0ABK0LDI2_RAT	Rattus norvegicus	vertebrate	proteome	high	0.8704	313	include
connexin	A0ABK0LGT8__Ratnor	tr|A0ABK0LGT8|A0ABK0LGT8_RAT	Rattus norvegicus	vertebrate	proteome	high	0.791	492	include
osca_tmem63	A0ABK0LPC4__Ratnor	tr|A0ABK0LPC4|A0ABK0LPC4_RAT	Rattus norvegicus	vertebrate	proteome	high	0.9535	804	include
ryr	A0ABK0LPH6__Ratnor	tr|A0ABK0LPH6|A0ABK0LPH6_RAT	Rattus norvegicus	vertebrate	proteome	high	0.9834	4875	include
trpml	A0ABK0LPM3__Ratnor	tr|A0ABK0LPM3|A0ABK0LPM3_RAT	Rattus norvegicus	vertebrate	proteome	high	0.9264	553	include
hv1	A0ABK0LXC6__Ratnor	tr|A0ABK0LXC6|A0ABK0LXC6_RAT	Rattus norvegicus	vertebrate	proteome	high	0.9333	266	include
trpc	A0ABK0M635__Ratnor	tr|A0ABK0M635|A0ABK0M635_RAT	Rattus norvegicus	vertebrate	proteome	high	0.8832	930	include
nmda	A0ABM0GH11__Aplcal	tr|A0ABM0GH11|A0ABM0GH11_APLCA	Aplysia californica	invertebrate	proteome	high	0.7681	964	include
nmda	A0ABM0GH37__Aplcal	tr|A0ABM0GH37|A0ABM0GH37_APLCA	Aplysia californica	invertebrate	proteome	high	0.8073	1164	include
nachr	A0ABM0GH38__Aplcal	tr|A0ABM0GH38|A0ABM0GH38_APLCA	Aplysia californica	invertebrate	proteome	high	0.9607	547	include
nachr	A0ABM0GH40__Aplcal	tr|A0ABM0GH40|A0ABM0GH40_APLCA	Aplysia californica	invertebrate	proteome	high	0.9648	536	include
k2p	A0ABM0GH58__Aplcal	tr|A0ABM0GH58|A0ABM0GH58_APLCA	Aplysia californica	invertebrate	proteome	high	0.8657	426	include
ampa	A0ABM0GH75__Aplcal	tr|A0ABM0GH75|A0ABM0GH75_APLCA	Aplysia californica	invertebrate	proteome	medium	0.867		profile_medium
ampa	A0ABM0GH76__Aplcal	tr|A0ABM0GH76|A0ABM0GH76_APLCA	Aplysia californica	invertebrate	proteome	medium	0.9412		profile_medium
ampa	A0ABM0GH77__Aplcal	tr|A0ABM0GH77|A0ABM0GH77_APLCA	Aplysia californica	invertebrate	proteome	medium	0.9202		profile_medium
kainate	A0ABM0GH78__Aplcal	tr|A0ABM0GH78|A0ABM0GH78_APLCA	Aplysia californica	invertebrate	proteome	medium	0.7629		profile_medium
kainate	A0ABM0GH79__Aplcal	tr|A0ABM0GH79|A0ABM0GH79_APLCA	Aplysia californica	invertebrate	proteome	high	0.9473	890	include
kv_shaker	A0ABM0GH81__Aplcal	tr|A0ABM0GH81|A0ABM0GH81_APLCA	Aplysia californica	invertebrate	proteome	medium	0.7391		profile_medium
p2x	A0ABM0GH89__Aplcal	tr|A0ABM0GH89|A0ABM0GH89_APLCA	Aplysia californica	invertebrate	proteome	high	0.8894	434	include
trpv	A0ABM0GH98__Aplcal	tr|A0ABM0GH98|A0ABM0GH98_APLCA	Aplysia californica	invertebrate	proteome	medium	0.3798		profile_medium
innexin	A0ABM0GH99__Aplcal	tr|A0ABM0GH99|A0ABM0GH99_APLCA	Aplysia californica	invertebrate	proteome	high	0.7143	413	include
innexin	A0ABM0GHA0__Aplcal	tr|A0ABM0GHA0|A0ABM0GHA0_APLCA	Aplysia californica	invertebrate	proteome	high	0.7399	405	include
innexin	A0ABM0GHA1__Aplcal	tr|A0ABM0GHA1|A0ABM0GHA1_APLCA	Aplysia californica	invertebrate	proteome	high	0.7363	406	include
innexin	A0ABM0GHA2__Aplcal	tr|A0ABM0GHA2|A0ABM0GHA2_APLCA	Aplysia californica	invertebrate	proteome	high	0.7326	416	include
kv_shaker	A0ABM0GHB2__Aplcal	tr|A0ABM0GHB2|A0ABM0GHB2_APLCA	Aplysia californica	invertebrate	proteome	medium	0.8496		profile_medium
innexin	A0ABM0GHB3__Aplcal	tr|A0ABM0GHB3|A0ABM0GHB3_APLCA	Aplysia californica	invertebrate	proteome	high	0.7363	424	include
innexin	A0ABM0GHB4__Aplcal	tr|A0ABM0GHB4|A0ABM0GHB4_APLCA	Aplysia californica	invertebrate	proteome	high	0.7179	406	include
ampa	A0ABM0GHC5__Aplcal	tr|A0ABM0GHC5|A0ABM0GHC5_APLCA	Aplysia californica	invertebrate	proteome	medium	0.959		profile_medium
ampa	A0ABM0GHC6__Aplcal	tr|A0ABM0GHC6|A0ABM0GHC6_APLCA	Aplysia californica	invertebrate	proteome	medium	0.9712		profile_medium
itpr	A0ABM0GHD2__Aplcal	tr|A0ABM0GHD2|A0ABM0GHD2_APLCA	Aplysia californica	invertebrate	proteome	high	0.9948	2762	include
kv_shaker	A0ABM0GHE5__Aplcal	tr|A0ABM0GHE5|A0ABM0GHE5_APLCA	Aplysia californica	invertebrate	proteome	high	0.8424	515	include
hcn	A0ABM0GHE6__Aplcal	tr|A0ABM0GHE6|A0ABM0GHE6_APLCA	Aplysia californica	invertebrate	proteome	high	0.521	626	include
nav	A0ABM0GHE7__Aplcal	tr|A0ABM0GHE7|A0ABM0GHE7_APLCA	Aplysia californica	invertebrate	proteome	high	0.958	1993	include
kainate	A0ABM0GHH3__Aplcal	tr|A0ABM0GHH3|A0ABM0GHH3_APLCA	Aplysia californica	invertebrate	proteome	medium	0.5445		profile_medium
nachr	A0ABM0GHI6__Aplcal	tr|A0ABM0GHI6|A0ABM0GHI6_APLCA	Aplysia californica	invertebrate	proteome	high	0.9607	593	include
nachr	A0ABM0GHI7__Aplcal	tr|A0ABM0GHI7|A0ABM0GHI7_APLCA	Aplysia californica	invertebrate	proteome	high	0.7371	626	include
nachr	A0ABM0GHI8__Aplcal	tr|A0ABM0GHI8|A0ABM0GHI8_APLCA	Aplysia californica	invertebrate	proteome	high	0.9648	559	include
nachr	A0ABM0GHJ0__Aplcal	tr|A0ABM0GHJ0|A0ABM0GHJ0_APLCA	Aplysia californica	invertebrate	proteome	high	0.9358	509	include
nachr	A0ABM0GHJ1__Aplcal	tr|A0ABM0GHJ1|A0ABM0GHJ1_APLCA	Aplysia californica	invertebrate	proteome	high	0.9607	518	include
nachr	A0ABM0GHJ3__Aplcal	tr|A0ABM0GHJ3|A0ABM0GHJ3_APLCA	Aplysia californica	invertebrate	proteome	high	0.94	459	include
nachr	A0ABM0GHJ5__Aplcal	tr|A0ABM0GHJ5|A0ABM0GHJ5_APLCA	Aplysia californica	invertebrate	proteome	high	0.9482	509	include
nachr	A0ABM0GHK0__Aplcal	tr|A0ABM0GHK0|A0ABM0GHK0_APLCA	Aplysia californica	invertebrate	proteome	high	0.9379	515	include
nachr	A0ABM0GHK2__Aplcal	tr|A0ABM0GHK2|A0ABM0GHK2_APLCA	Aplysia californica	invertebrate	proteome	high	0.9545	503	include
kca_slo	A0ABM0GHU3__Aplcal	tr|A0ABM0GHU3|A0ABM0GHU3_APLCA	Aplysia californica	invertebrate	proteome	high	0.8722	1177	include
nachr	A0ABM0GHU5__Aplcal	tr|A0ABM0GHU5|A0ABM0GHU5_APLCA	Aplysia californica	invertebrate	proteome	high	0.8157	623	include
nachr	A0ABM0GHU6__Aplcal	tr|A0ABM0GHU6|A0ABM0GHU6_APLCA	Aplysia californica	invertebrate	proteome	high	0.9379	541	include
nachr	A0ABM0GHU7__Aplcal	tr|A0ABM0GHU7|A0ABM0GHU7_APLCA	Aplysia californica	invertebrate	proteome	high	0.8012	635	include
tpc	A0ABM0JAJ5__Aplcal	tr|A0ABM0JAJ5|A0ABM0JAJ5_APLCA	Aplysia californica	invertebrate	proteome	high	0.8704	779	include
kv_shaker	A0ABM0JBK5__Aplcal	tr|A0ABM0JBK5|A0ABM0JBK5_APLCA	Aplysia californica	invertebrate	proteome	high	0.7319	444	include
kca_sk	A0ABM0JBT9__Aplcal	tr|A0ABM0JBT9|A0ABM0JBT9_APLCA	Aplysia californica	invertebrate	proteome	high	0.6719	519	include
orai	A0ABM0JCB0__Aplcal	tr|A0ABM0JCB0|A0ABM0JCB0_APLCA	Aplysia californica	invertebrate	proteome	high	0.8296	226	include
kainate	A0ABM0JD28__Aplcal	tr|A0ABM0JD28|A0ABM0JD28_APLCA	Aplysia californica	invertebrate	proteome	medium	0.4007		profile_medium
nachr	A0ABM0JD79__Aplcal	tr|A0ABM0JD79|A0ABM0JD79_APLCA	Aplysia californica	invertebrate	proteome	medium	0.441		profile_medium
kv_shaker	A0ABM0JEA9__Aplcal	tr|A0ABM0JEA9|A0ABM0JEA9_APLCA	Aplysia californica	invertebrate	proteome	high	0.8478	717	include
trpm	A0ABM0JEM3__Aplcal	tr|A0ABM0JEM3|A0ABM0JEM3_APLCA	Aplysia californica	invertebrate	proteome	high	0.6868	1684	include
plgic_prok	A0ABM0JFV5__Aplcal	tr|A0ABM0JFV5|A0ABM0JFV5_APLCA	Aplysia californica	invertebrate	proteome	medium	0.4879		profile_medium
nachr	A0ABM0JG36__Aplcal	tr|A0ABM0JG36|A0ABM0JG36_APLCA	Aplysia californica	invertebrate	proteome	high	0.646	514	include
nachr	A0ABM0JG37__Aplcal	tr|A0ABM0JG37|A0ABM0JG37_APLCA	Aplysia californica	invertebrate	proteome	high	0.617	452	include
nachr	A0ABM0JGM2__Aplcal	tr|A0ABM0JGM2|A0ABM0JGM2_APLCA	Aplysia californica	invertebrate	proteome	high	0.8344	440	include
nachr	A0ABM0JH76__Aplcal	tr|A0ABM0JH76|A0ABM0JH76_APLCA	Aplysia californica	invertebrate	proteome	medium	0.4658		profile_medium
nachr	A0ABM0JH77__Aplcal	tr|A0ABM0JH77|A0ABM0JH77_APLCA	Aplysia californica	invertebrate	proteome	medium	0.5673		profile_medium
nachr	A0ABM0JH78__Aplcal	tr|A0ABM0JH78|A0ABM0JH78_APLCA	Aplysia californica	invertebrate	proteome	high	0.6957	402	include
nachr	A0ABM0JH79__Aplcal	tr|A0ABM0JH79|A0ABM0JH79_APLCA	Aplysia californica	invertebrate	proteome	medium	0.4928		profile_medium
nachr	A0ABM0JHG9__Aplcal	tr|A0ABM0JHG9|A0ABM0JHG9_APLCA	Aplysia californica	invertebrate	proteome	high	0.6335	449	include
nachr	A0ABM0JHS3__Aplcal	tr|A0ABM0JHS3|A0ABM0JHS3_APLCA	Aplysia californica	invertebrate	proteome	high	0.6232	539	include
trpm	A0ABM0JIE3__Aplcal	tr|A0ABM0JIE3|A0ABM0JIE3_APLCA	Aplysia californica	invertebrate	proteome	high	0.6942	1478	include
k2p	A0ABM0JIN4__Aplcal	tr|A0ABM0JIN4|A0ABM0JIN4_APLCA	Aplysia californica	invertebrate	proteome	high	0.6443	423	include
nachr	A0ABM0JIX3__Aplcal	tr|A0ABM0JIX3|A0ABM0JIX3_APLCA	Aplysia californica	invertebrate	proteome	high	0.8778	461	include
nachr	A0ABM0JIY0__Aplcal	tr|A0ABM0JIY0|A0ABM0JIY0_APLCA	Aplysia californica	invertebrate	proteome	high	0.9648	500	include
nachr	A0ABM0JIZ4__Aplcal	tr|A0ABM0JIZ4|A0ABM0JIZ4_APLCA	Aplysia californica	invertebrate	proteome	high	0.9317	509	include
kv_eag	A0ABM0JJG1__Aplcal	tr|A0ABM0JJG1|A0ABM0JJG1_APLCA	Aplysia californica	invertebrate	proteome	high	0.9113	1487	include
lrrc8	A0ABM0JLB8__Aplcal	tr|A0ABM0JLB8|A0ABM0JLB8_APLCA	Aplysia californica	invertebrate	proteome	medium	0.33		profile_medium
kv_shaker	A0ABM0JLC3__Aplcal	tr|A0ABM0JLC3|A0ABM0JLC3_APLCA	Aplysia californica	invertebrate	proteome	medium	0.8406		profile_medium
mcu	A0ABM0JLR0__Aplcal	tr|A0ABM0JLR0|A0ABM0JLR0_APLCA	Aplysia californica	invertebrate	proteome	high	0.8261	345	include
nachr	A0ABM0JMT4__Aplcal	tr|A0ABM0JMT4|A0ABM0JMT4_APLCA	Aplysia californica	invertebrate	proteome	high	0.6211	317	include
nachr	A0ABM0JPI6__Aplcal	tr|A0ABM0JPI6|A0ABM0JPI6_APLCA	Aplysia californica	invertebrate	proteome	high	0.942	553	include
trpp	A0ABM0JPU9__Aplcal	tr|A0ABM0JPU9|A0ABM0JPU9_APLCA	Aplysia californica	invertebrate	proteome	high	0.8265	700	include
trpp	A0ABM0JPV0__Aplcal	tr|A0ABM0JPV0|A0ABM0JPV0_APLCA	Aplysia californica	invertebrate	proteome	high	0.9393	883	include
kir	A0ABM0JPX6__Aplcal	tr|A0ABM0JPX6|A0ABM0JPX6_APLCA	Aplysia californica	invertebrate	proteome	high	0.9193	503	include
kir	A0ABM0JPY0__Aplcal	tr|A0ABM0JPY0|A0ABM0JPY0_APLCA	Aplysia californica	invertebrate	proteome	high	0.8973	512	include
nachr	A0ABM0JQN2__Aplcal	tr|A0ABM0JQN2|A0ABM0JQN2_APLCA	Aplysia californica	invertebrate	proteome	medium	0.4824		profile_medium
nachr	A0ABM0JQZ9__Aplcal	tr|A0ABM0JQZ9|A0ABM0JQZ9_APLCA	Aplysia californica	invertebrate	proteome	high	0.7391	377	include
nachr	A0ABM0JR32__Aplcal	tr|A0ABM0JR32|A0ABM0JR32_APLCA	Aplysia californica	invertebrate	proteome	high	0.5673	451	include
trpml	A0ABM0JRL6__Aplcal	tr|A0ABM0JRL6|A0ABM0JRL6_APLCA	Aplysia californica	invertebrate	proteome	high	0.944	756	include
trpm	A0ABM0JRT2__Aplcal	tr|A0ABM0JRT2|A0ABM0JRT2_APLCA	Aplysia californica	invertebrate	proteome	high	0.6378	1257	include
innexin	A0ABM0JSQ5__Aplcal	tr|A0ABM0JSQ5|A0ABM0JSQ5_APLCA	Aplysia californica	invertebrate	proteome	high	0.7381	463	include
kainate	A0ABM0JUW5__Aplcal	tr|A0ABM0JUW5|A0ABM0JUW5_APLCA	Aplysia californica	invertebrate	proteome	medium	0.4138		profile_medium
tric	A0ABM0JVH5__Aplcal	tr|A0ABM0JVH5|A0ABM0JVH5_APLCA	Aplysia californica	invertebrate	proteome	high	0.8508	269	include
tric	A0ABM0JVH6__Aplcal	tr|A0ABM0JVH6|A0ABM0JVH6_APLCA	Aplysia californica	invertebrate	proteome	high	0.9593	291	include
k2p	A0ABM0JVJ1__Aplcal	tr|A0ABM0JVJ1|A0ABM0JVJ1_APLCA	Aplysia californica	invertebrate	proteome	medium	0.3632		profile_medium
nachr	A0ABM0JXV3__Aplcal	tr|A0ABM0JXV3|A0ABM0JXV3_APLCA	Aplysia californica	invertebrate	proteome	high	0.5839	380	include
kv_eag	A0ABM0JYE1__Aplcal	tr|A0ABM0JYE1|A0ABM0JYE1_APLCA	Aplysia californica	invertebrate	proteome	high	0.8814	1081	include
nachr	A0ABM0JYW9__Aplcal	tr|A0ABM0JYW9|A0ABM0JYW9_APLCA	Aplysia californica	invertebrate	proteome	high	0.6501	372	include
asic	A0ABM0JZ06__Aplcal	tr|A0ABM0JZ06|A0ABM0JZ06_APLCA	Aplysia californica	invertebrate	proteome	medium	0.8388		profile_medium
nachr	A0ABM0JZE3__Aplcal	tr|A0ABM0JZE3|A0ABM0JZE3_APLCA	Aplysia californica	invertebrate	proteome	high	0.501	392	include
trpv	A0ABM0K0A1__Aplcal	tr|A0ABM0K0A1|A0ABM0K0A1_APLCA	Aplysia californica	invertebrate	proteome	high	0.7164	1188	include
cng	A0ABM0K1E1__Aplcal	tr|A0ABM0K1E1|A0ABM0K1E1_APLCA	Aplysia californica	invertebrate	proteome	medium	0.4922		profile_medium
gabaa	A0ABM0K1I3__Aplcal	tr|A0ABM0K1I3|A0ABM0K1I3_APLCA	Aplysia californica	invertebrate	proteome	medium	0.3772		profile_medium
nachr	A0ABM0K1U7__Aplcal	tr|A0ABM0K1U7|A0ABM0K1U7_APLCA	Aplysia californica	invertebrate	proteome	high	0.5404	503	include
kainate	A0ABM0K2L0__Aplcal	tr|A0ABM0K2L0|A0ABM0K2L0_APLCA	Aplysia californica	invertebrate	proteome	medium	0.4654		profile_medium
trpv	A0ABM0K2Q6__Aplcal	tr|A0ABM0K2Q6|A0ABM0K2Q6_APLCA	Aplysia californica	invertebrate	proteome	high	0.7805	776	include
kca_sk	A0ABM0K2S0__Aplcal	tr|A0ABM0K2S0|A0ABM0K2S0_APLCA	Aplysia californica	invertebrate	proteome	high	0.645	571	include
enac	A0ABM0K5A1__Aplcal	tr|A0ABM0K5A1|A0ABM0K5A1_APLCA	Aplysia californica	invertebrate	proteome	medium	0.4977		profile_medium
nachr	A0ABM0K5H6__Aplcal	tr|A0ABM0K5H6|A0ABM0K5H6_APLCA	Aplysia californica	invertebrate	proteome	high	0.7681	410	include
innexin	A0ABM0K5V4__Aplcal	tr|A0ABM0K5V4|A0ABM0K5V4_APLCA	Aplysia californica	invertebrate	proteome	high	0.6007	458	include
vdac	A0ABM0K7K7__Aplcal	tr|A0ABM0K7K7|A0ABM0K7K7_APLCA	Aplysia californica	invertebrate	proteome	high	0.982	337	include
innexin	A0ABM0K7L7__Aplcal	tr|A0ABM0K7L7|A0ABM0K7L7_APLCA	Aplysia californica	invertebrate	proteome	high	0.6245	457	include
nachr	A0ABM0K7L8__Aplcal	tr|A0ABM0K7L8|A0ABM0K7L8_APLCA	Aplysia californica	invertebrate	proteome	high	0.7495	372	include
asic	A0ABM0K823__Aplcal	tr|A0ABM0K823|A0ABM0K823_APLCA	Aplysia californica	invertebrate	proteome	high	0.8426	952	include
lrrc8	A0ABM0K8C4__Aplcal	tr|A0ABM0K8C4|A0ABM0K8C4_APLCA	Aplysia californica	invertebrate	proteome	medium	0.3474		profile_medium
k2p	A0ABM0K8F8__Aplcal	tr|A0ABM0K8F8|A0ABM0K8F8_APLCA	Aplysia californica	invertebrate	proteome	high	0.6915	820	include
plgic_prok	A0ABM0K8F9__Aplcal	tr|A0ABM0K8F9|A0ABM0K8F9_APLCA	Aplysia californica	invertebrate	proteome	medium	0.7116		profile_medium
trpn	A0ABM0K8T1__Aplcal	tr|A0ABM0K8T1|A0ABM0K8T1_APLCA	Aplysia californica	invertebrate	proteome	medium	0.3621		profile_medium
cng	A0ABM0K8X5__Aplcal	tr|A0ABM0K8X5|A0ABM0K8X5_APLCA	Aplysia californica	invertebrate	proteome	high	0.6266	1014	include
nachr	A0ABM0K9T5__Aplcal	tr|A0ABM0K9T5|A0ABM0K9T5_APLCA	Aplysia californica	invertebrate	proteome	high	0.5756	477	include
kv_shaker	A0ABM0KAD8__Aplcal	tr|A0ABM0KAD8|A0ABM0KAD8_APLCA	Aplysia californica	invertebrate	proteome	medium	0.7572		profile_medium
kca_sk	A0ABM0KAR1__Aplcal	tr|A0ABM0KAR1|A0ABM0KAR1_APLCA	Aplysia californica	invertebrate	proteome	medium	0.3296		profile_medium
vdac	A0ABM0KB61__Aplcal	tr|A0ABM0KB61|A0ABM0KB61_APLCA	Aplysia californica	invertebrate	proteome	high	0.9928	295	include
kv_kcnq	A0ABM0ZUF2__Aplcal	tr|A0ABM0ZUF2|A0ABM0ZUF2_APLCA	Aplysia californica	invertebrate	proteome	high	0.8198	623	include
nalcn	A0ABM0ZUK7__Aplcal	tr|A0ABM0ZUK7|A0ABM0ZUK7_APLCA	Aplysia californica	invertebrate	proteome	high	0.8475	1614	include
nachr	A0ABM0ZUM5__Aplcal	tr|A0ABM0ZUM5|A0ABM0ZUM5_APLCA	Aplysia californica	invertebrate	proteome	high	0.53	260	include
trpc	A0ABM0ZUX7__Aplcal	tr|A0ABM0ZUX7|A0ABM0ZUX7_APLCA	Aplysia californica	invertebrate	proteome	high	0.8521	1145	include
kainate	A0ABM0ZVI6__Aplcal	tr|A0ABM0ZVI6|A0ABM0ZVI6_APLCA	Aplysia californica	invertebrate	proteome	medium	0.4995		profile_medium
cng	A0ABM0ZVJ7__Aplcal	tr|A0ABM0ZVJ7|A0ABM0ZVJ7_APLCA	Aplysia californica	invertebrate	proteome	high	0.7539	669	include
hv1	A0ABM0ZVR6__Aplcal	tr|A0ABM0ZVR6|A0ABM0ZVR6_APLCA	Aplysia californica	invertebrate	proteome	high	0.8157	671	include
nachr	A0ABM0ZW82__Aplcal	tr|A0ABM0ZW82|A0ABM0ZW82_APLCA	Aplysia californica	invertebrate	proteome	medium	0.3602		profile_medium
nachr	A0ABM0ZWB8__Aplcal	tr|A0ABM0ZWB8|A0ABM0ZWB8_APLCA	Aplysia californica	invertebrate	proteome	high	0.7557	384	include
nachr	A0ABM0ZWI0__Aplcal	tr|A0ABM0ZWI0|A0ABM0ZWI0_APLCA	Aplysia californica	invertebrate	proteome	high	0.6605	456	include
gabaa	A0ABM0ZX07__Aplcal	tr|A0ABM0ZX07|A0ABM0ZX07_APLCA	Aplysia californica	invertebrate	proteome	high	0.7149	369	include
nachr	A0ABM0ZX93__Aplcal	tr|A0ABM0ZX93|A0ABM0ZX93_APLCA	Aplysia californica	invertebrate	proteome	medium	0.3168		profile_medium
trpm	A0ABM0ZXD2__Aplcal	tr|A0ABM0ZXD2|A0ABM0ZXD2_APLCA	Aplysia californica	invertebrate	proteome	medium	0.4072		profile_medium
kv_shaker	A0ABM0ZXQ9__Aplcal	tr|A0ABM0ZXQ9|A0ABM0ZXQ9_APLCA	Aplysia californica	invertebrate	proteome	medium	0.5399		profile_medium
kainate	A0ABM0ZXZ8__Aplcal	tr|A0ABM0ZXZ8|A0ABM0ZXZ8_APLCA	Aplysia californica	invertebrate	proteome	medium	0.3227		profile_medium
kainate	A0ABM0ZY04__Aplcal	tr|A0ABM0ZY04|A0ABM0ZY04_APLCA	Aplysia californica	invertebrate	proteome	medium	0.5302		profile_medium
k2p	A0ABM0ZY05__Aplcal	tr|A0ABM0ZY05|A0ABM0ZY05_APLCA	Aplysia californica	invertebrate	proteome	high	0.694	353	include
trpc	A0ABM0ZY75__Aplcal	tr|A0ABM0ZY75|A0ABM0ZY75_APLCA	Aplysia californica	invertebrate	proteome	medium	0.3927		profile_medium
kca_slo	A0ABM0ZYA3__Aplcal	tr|A0ABM0ZYA3|A0ABM0ZYA3_APLCA	Aplysia californica	invertebrate	proteome	high	0.9157	1261	include
otop	A0ABM0ZYC3__Aplcal	tr|A0ABM0ZYC3|A0ABM0ZYC3_APLCA	Aplysia californica	invertebrate	proteome	high	0.6885	973	include
trpm	A0ABM0ZYE3__Aplcal	tr|A0ABM0ZYE3|A0ABM0ZYE3_APLCA	Aplysia californica	invertebrate	proteome	high	0.5518	1749	include
nachr	A0ABM0ZYU7__Aplcal	tr|A0ABM0ZYU7|A0ABM0ZYU7_APLCA	Aplysia californica	invertebrate	proteome	high	0.5031	380	include
nachr	A0ABM0ZYU9__Aplcal	tr|A0ABM0ZYU9|A0ABM0ZYU9_APLCA	Aplysia californica	invertebrate	proteome	medium	0.499		profile_medium
otop	A0ABM0ZZ00__Aplcal	tr|A0ABM0ZZ00|A0ABM0ZZ00_APLCA	Aplysia californica	invertebrate	proteome	medium	0.4423		profile_medium
otop	A0ABM0ZZ39__Aplcal	tr|A0ABM0ZZ39|A0ABM0ZZ39_APLCA	Aplysia californica	invertebrate	proteome	high	0.6816	644	include
trpa	A0ABM0ZZ81__Aplcal	tr|A0ABM0ZZ81|A0ABM0ZZ81_APLCA	Aplysia californica	invertebrate	proteome	high	0.8803	1190	include
nachr	A0ABM1A0I0__Aplcal	tr|A0ABM1A0I0|A0ABM1A0I0_APLCA	Aplysia californica	invertebrate	proteome	high	0.5611	447	include
kv_shaker	A0ABM1A0T7__Aplcal	tr|A0ABM1A0T7|A0ABM1A0T7_APLCA	Aplysia californica	invertebrate	proteome	high	0.7391	589	include
nachr	A0ABM1A0V9__Aplcal	tr|A0ABM1A0V9|A0ABM1A0V9_APLCA	Aplysia californica	invertebrate	proteome	high	0.9627	486	include
deg_invertebrate	A0ABM1A168__Aplcal	tr|A0ABM1A168|A0ABM1A168_APLCA	Aplysia californica	invertebrate	proteome	high	0.6971	689	include
k2p	A0ABM1A286__Aplcal	tr|A0ABM1A286|A0ABM1A286_APLCA	Aplysia californica	invertebrate	proteome	high	0.7214	339	include
nachr	A0ABM1A323__Aplcal	tr|A0ABM1A323|A0ABM1A323_APLCA	Aplysia californica	invertebrate	proteome	high	0.6377	453	include
nachr	A0ABM1A329__Aplcal	tr|A0ABM1A329|A0ABM1A329_APLCA	Aplysia californica	invertebrate	proteome	high	0.6356	484	include
nachr	A0ABM1A3E6__Aplcal	tr|A0ABM1A3E6|A0ABM1A3E6_APLCA	Aplysia californica	invertebrate	proteome	high	0.6687	397	include
k2p	A0ABM1A3L7__Aplcal	tr|A0ABM1A3L7|A0ABM1A3L7_APLCA	Aplysia californica	invertebrate	proteome	medium	0.4005		profile_medium
iglur_nonvertebrate	A0ABM1A3W3__Aplcal	tr|A0ABM1A3W3|A0ABM1A3W3_APLCA	Aplysia californica	invertebrate	proteome	medium	0.4182		profile_medium
nachr	A0ABM1A463__Aplcal	tr|A0ABM1A463|A0ABM1A463_APLCA	Aplysia californica	invertebrate	proteome	high	0.6294	468	include
nachr	A0ABM1A4D9__Aplcal	tr|A0ABM1A4D9|A0ABM1A4D9_APLCA	Aplysia californica	invertebrate	proteome	high	0.6708	480	include
trpm	A0ABM1A4K4__Aplcal	tr|A0ABM1A4K4|A0ABM1A4K4_APLCA	Aplysia californica	invertebrate	proteome	high	0.627	1457	include
innexin	A0ABM1A4R8__Aplcal	tr|A0ABM1A4R8|A0ABM1A4R8_APLCA	Aplysia californica	invertebrate	proteome	high	0.7308	417	include
nachr	A0ABM1A4V4__Aplcal	tr|A0ABM1A4V4|A0ABM1A4V4_APLCA	Aplysia californica	invertebrate	proteome	high	0.6646	449	include
nachr	A0ABM1A624__Aplcal	tr|A0ABM1A624|A0ABM1A624_APLCA	Aplysia californica	invertebrate	proteome	high	0.6418	493	include
nachr	A0ABM1A681__Aplcal	tr|A0ABM1A681|A0ABM1A681_APLCA	Aplysia californica	invertebrate	proteome	high	0.6791	675	include
hv1	A0ABM1A6K5__Aplcal	tr|A0ABM1A6K5|A0ABM1A6K5_APLCA	Aplysia californica	invertebrate	proteome	high	0.5059	523	include
gabaa	A0ABM1A6P9__Aplcal	tr|A0ABM1A6P9|A0ABM1A6P9_APLCA	Aplysia californica	invertebrate	proteome	medium	0.9693		profile_medium
enac	A0ABM1A6Q2__Aplcal	tr|A0ABM1A6Q2|A0ABM1A6Q2_APLCA	Aplysia californica	invertebrate	proteome	medium	0.645		profile_medium
nachr	A0ABM1A6R9__Aplcal	tr|A0ABM1A6R9|A0ABM1A6R9_APLCA	Aplysia californica	invertebrate	proteome	medium	0.4596		profile_medium
nachr	A0ABM1A7C6__Aplcal	tr|A0ABM1A7C6|A0ABM1A7C6_APLCA	Aplysia californica	invertebrate	proteome	medium	0.3395		profile_medium
enac	A0ABM1A7S7__Aplcal	tr|A0ABM1A7S7|A0ABM1A7S7_APLCA	Aplysia californica	invertebrate	proteome	medium	0.5426		profile_medium
enac	A0ABM1A7S8__Aplcal	tr|A0ABM1A7S8|A0ABM1A7S8_APLCA	Aplysia californica	invertebrate	proteome	medium	0.4558		profile_medium
tpc	A0ABM1A837__Aplcal	tr|A0ABM1A837|A0ABM1A837_APLCA	Aplysia californica	invertebrate	proteome	high	0.8063	869	include
k2p	A0ABM1A8C3__Aplcal	tr|A0ABM1A8C3|A0ABM1A8C3_APLCA	Aplysia californica	invertebrate	proteome	high	0.5423	343	include
trpc	A0ABM1A9F6__Aplcal	tr|A0ABM1A9F6|A0ABM1A9F6_APLCA	Aplysia californica	invertebrate	proteome	medium	0.4561		profile_medium
plgic_prok	A0ABM1AAJ3__Aplcal	tr|A0ABM1AAJ3|A0ABM1AAJ3_APLCA	Aplysia californica	invertebrate	proteome	high	0.7439	1264	include
kir	A0ABM1AAJ4__Aplcal	tr|A0ABM1AAJ4|A0ABM1AAJ4_APLCA	Aplysia californica	invertebrate	proteome	high	0.8093	374	include
kir	A0ABM1AAJ8__Aplcal	tr|A0ABM1AAJ8|A0ABM1AAJ8_APLCA	Aplysia californica	invertebrate	proteome	high	0.8117	446	include
kv_shaker	A0ABM1AB08__Aplcal	tr|A0ABM1AB08|A0ABM1AB08_APLCA	Aplysia californica	invertebrate	proteome	medium	0.7536		profile_medium
nachr	A0ABM1AB35__Aplcal	tr|A0ABM1AB35|A0ABM1AB35_APLCA	Aplysia californica	invertebrate	proteome	high	0.5072	322	include
nachr	A0ABM1AB57__Aplcal	tr|A0ABM1AB57|A0ABM1AB57_APLCA	Aplysia californica	invertebrate	proteome	high	0.5217	511	include
cng	A0ABM1ABQ7__Aplcal	tr|A0ABM1ABQ7|A0ABM1ABQ7_APLCA	Aplysia californica	invertebrate	proteome	high	0.505	583	include
nachr	A0ABM1ABV0__Aplcal	tr|A0ABM1ABV0|A0ABM1ABV0_APLCA	Aplysia californica	invertebrate	proteome	medium	0.4865		profile_medium
nachr	A0ABM1ABV3__Aplcal	tr|A0ABM1ABV3|A0ABM1ABV3_APLCA	Aplysia californica	invertebrate	proteome	medium	0.3747		profile_medium
nachr	A0ABM1ACQ0__Aplcal	tr|A0ABM1ACQ0|A0ABM1ACQ0_APLCA	Aplysia californica	invertebrate	proteome	high	0.6667	461	include
kv_shaker	A0ABM1ADL4__Aplcal	tr|A0ABM1ADL4|A0ABM1ADL4_APLCA	Aplysia californica	invertebrate	proteome	medium	0.4239		profile_medium
hv1	A0ABM1ADZ5__Aplcal	tr|A0ABM1ADZ5|A0ABM1ADZ5_APLCA	Aplysia californica	invertebrate	proteome	high	0.6353	1056	include
kv_shaker	A0ABM1AE16__Aplcal	tr|A0ABM1AE16|A0ABM1AE16_APLCA	Aplysia californica	invertebrate	proteome	medium	0.7609		profile_medium
vdac	A0ABM1AF75__Aplcal	tr|A0ABM1AF75|A0ABM1AF75_APLCA	Aplysia californica	invertebrate	proteome	high	0.6187	231	include
plgic_prok	A0ABM1AFV3__Aplcal	tr|A0ABM1AFV3|A0ABM1AFV3_APLCA	Aplysia californica	invertebrate	proteome	medium	0.8113		profile_medium
nachr	A0ABM1VNQ5__Aplcal	tr|A0ABM1VNQ5|A0ABM1VNQ5_APLCA	Aplysia californica	invertebrate	proteome	high	0.5445	398	include
gabaa	A0ABM1VP74__Aplcal	tr|A0ABM1VP74|A0ABM1VP74_APLCA	Aplysia californica	invertebrate	proteome	medium	0.9452		profile_medium
nachr	A0ABM1VPX3__Aplcal	tr|A0ABM1VPX3|A0ABM1VPX3_APLCA	Aplysia californica	invertebrate	proteome	high	0.6418	490	include
k2p	A0ABM1VQG6__Aplcal	tr|A0ABM1VQG6|A0ABM1VQG6_APLCA	Aplysia californica	invertebrate	proteome	medium	0.3134		profile_medium
nachr	A0ABM1VQG7__Aplcal	tr|A0ABM1VQG7|A0ABM1VQG7_APLCA	Aplysia californica	invertebrate	proteome	high	0.5631	538	include
itpr	A0ABM1VQL4__Aplcal	tr|A0ABM1VQL4|A0ABM1VQL4_APLCA	Aplysia californica	invertebrate	proteome	high	0.7845	2959	include
nachr	A0ABM1VQR6__Aplcal	tr|A0ABM1VQR6|A0ABM1VQR6_APLCA	Aplysia californica	invertebrate	proteome	medium	0.8923		profile_medium
nachr	A0ABM1VQR7__Aplcal	tr|A0ABM1VQR7|A0ABM1VQR7_APLCA	Aplysia californica	invertebrate	proteome	medium	0.9172		profile_medium
nachr	A0ABM1VQR8__Aplcal	tr|A0ABM1VQR8|A0ABM1VQR8_APLCA	Aplysia californica	invertebrate	proteome	high	0.6522	517	include
osca_tmem63	A0ABM1VR63__Aplcal	tr|A0ABM1VR63|A0ABM1VR63_APLCA	Aplysia californica	invertebrate	proteome	high	0.9157	803	include
trpm	A0ABM1VR99__Aplcal	tr|A0ABM1VR99|A0ABM1VR99_APLCA	Aplysia californica	invertebrate	proteome	medium	0.4112		profile_medium
itpr	A0ABM1VRP1__Aplcal	tr|A0ABM1VRP1|A0ABM1VRP1_APLCA	Aplysia californica	invertebrate	proteome	high	0.648	2882	include
trpc	A0ABM1VRX0__Aplcal	tr|A0ABM1VRX0|A0ABM1VRX0_APLCA	Aplysia californica	invertebrate	proteome	high	0.5184	582	include
trpp	A0ABM1VS32__Aplcal	tr|A0ABM1VS32|A0ABM1VS32_APLCA	Aplysia californica	invertebrate	proteome	medium	0.5812		profile_medium
nachr	A0ABM1VSJ4__Aplcal	tr|A0ABM1VSJ4|A0ABM1VSJ4_APLCA	Aplysia californica	invertebrate	proteome	high	0.6584	510	include
nachr	A0ABM1VSQ7__Aplcal	tr|A0ABM1VSQ7|A0ABM1VSQ7_APLCA	Aplysia californica	invertebrate	proteome	high	0.5135	399	include
nachr	A0ABM1VSQ8__Aplcal	tr|A0ABM1VSQ8|A0ABM1VSQ8_APLCA	Aplysia californica	invertebrate	proteome	medium	0.3561		profile_medium
kv_shaker	A0ABM1VSW1__Aplcal	tr|A0ABM1VSW1|A0ABM1VSW1_APLCA	Aplysia californica	invertebrate	proteome	medium	0.5507		profile_medium
asic	A0ABM1VT56__Aplcal	tr|A0ABM1VT56|A0ABM1VT56_APLCA	Aplysia californica	invertebrate	proteome	high	0.6795	391	include
nachr	A0ABM1VU54__Aplcal	tr|A0ABM1VU54|A0ABM1VU54_APLCA	Aplysia californica	invertebrate	proteome	high	0.8592	445	include
cav	A0ABM1VUE8__Aplcal	tr|A0ABM1VUE8|A0ABM1VUE8_APLCA	Aplysia californica	invertebrate	proteome	high	0.6841	2922	include
nmda	A0ABM1VUL5__Aplcal	tr|A0ABM1VUL5|A0ABM1VUL5_APLCA	Aplysia californica	invertebrate	proteome	high	0.728	1692	include
bestrophin	A0ABM1VUU1__Aplcal	tr|A0ABM1VUU1|A0ABM1VUU1_APLCA	Aplysia californica	invertebrate	proteome	high	0.6376	337	include
trpc	A0ABM1VUU3__Aplcal	tr|A0ABM1VUU3|A0ABM1VUU3_APLCA	Aplysia californica	invertebrate	proteome	high	0.6407	779	include
kca_slo	A0ABM1VV19__Aplcal	tr|A0ABM1VV19|A0ABM1VV19_APLCA	Aplysia californica	invertebrate	proteome	high	0.9374	1097	include
trpa	A0ABM1VV37__Aplcal	tr|A0ABM1VV37|A0ABM1VV37_APLCA	Aplysia californica	invertebrate	proteome	high	0.8695	1357	include
trpa	A0ABM1VVH9__Aplcal	tr|A0ABM1VVH9|A0ABM1VVH9_APLCA	Aplysia californica	invertebrate	proteome	high	0.9142	1264	include
asic	A0ABM1VVI3__Aplcal	tr|A0ABM1VVI3|A0ABM1VVI3_APLCA	Aplysia californica	invertebrate	proteome	medium	0.3052		profile_medium
nmda	A0ABM1VWQ1__Aplcal	tr|A0ABM1VWQ1|A0ABM1VWQ1_APLCA	Aplysia californica	invertebrate	proteome	medium	0.3043		profile_medium
trpc	A0ABM1VWT5__Aplcal	tr|A0ABM1VWT5|A0ABM1VWT5_APLCA	Aplysia californica	invertebrate	proteome	high	0.5706	740	include
nachr	A0ABM1VXZ2__Aplcal	tr|A0ABM1VXZ2|A0ABM1VXZ2_APLCA	Aplysia californica	invertebrate	proteome	high	0.8468	414	include
innexin	A0ABM1VY24__Aplcal	tr|A0ABM1VY24|A0ABM1VY24_APLCA	Aplysia californica	invertebrate	proteome	high	0.6227	380	include
enac	A0ABM1VYJ4__Aplcal	tr|A0ABM1VYJ4|A0ABM1VYJ4_APLCA	Aplysia californica	invertebrate	proteome	medium	0.507		profile_medium
nachr	A0ABM1VYL6__Aplcal	tr|A0ABM1VYL6|A0ABM1VYL6_APLCA	Aplysia californica	invertebrate	proteome	high	0.5756	448	include
nachr	A0ABM1VYU3__Aplcal	tr|A0ABM1VYU3|A0ABM1VYU3_APLCA	Aplysia californica	invertebrate	proteome	high	0.9731	539	include
trpc	A0ABM1VYU9__Aplcal	tr|A0ABM1VYU9|A0ABM1VYU9_APLCA	Aplysia californica	invertebrate	proteome	high	0.6752	807	include
k2p	A0ABM1VYV5__Aplcal	tr|A0ABM1VYV5|A0ABM1VYV5_APLCA	Aplysia californica	invertebrate	proteome	high	0.5945	261	include
kv_kcnq	A0ABM1VZ13__Aplcal	tr|A0ABM1VZ13|A0ABM1VZ13_APLCA	Aplysia californica	invertebrate	proteome	high	0.7883	560	include
nachr	A0ABM1VZ43__Aplcal	tr|A0ABM1VZ43|A0ABM1VZ43_APLCA	Aplysia californica	invertebrate	proteome	high	0.6977	803	include
kv_eag	A0ABM1VZZ3__Aplcal	tr|A0ABM1VZZ3|A0ABM1VZZ3_APLCA	Aplysia californica	invertebrate	proteome	high	0.9282	1365	include
k2p	A0ABM1W001__Aplcal	tr|A0ABM1W001|A0ABM1W001_APLCA	Aplysia californica	invertebrate	proteome	medium	0.4055		profile_medium
trpm	A0ABM1W055__Aplcal	tr|A0ABM1W055|A0ABM1W055_APLCA	Aplysia californica	invertebrate	proteome	high	0.6965	1632	include
tpc	A0ABM1W0K7__Aplcal	tr|A0ABM1W0K7|A0ABM1W0K7_APLCA	Aplysia californica	invertebrate	proteome	high	0.8887	814	include
enac	A0ABM1W0Q4__Aplcal	tr|A0ABM1W0Q4|A0ABM1W0Q4_APLCA	Aplysia californica	invertebrate	proteome	medium	0.614		profile_medium
trpp	A0ABM1W105__Aplcal	tr|A0ABM1W105|A0ABM1W105_APLCA	Aplysia californica	invertebrate	proteome	medium	0.4981		profile_medium
nachr	A0ABM1W1W7__Aplcal	tr|A0ABM1W1W7|A0ABM1W1W7_APLCA	Aplysia californica	invertebrate	proteome	high	0.5983	362	include
nachr	A0ABM1W1X2__Aplcal	tr|A0ABM1W1X2|A0ABM1W1X2_APLCA	Aplysia californica	invertebrate	proteome	medium	0.4555		profile_medium
nachr	A0ABM1W2D9__Aplcal	tr|A0ABM1W2D9|A0ABM1W2D9_APLCA	Aplysia californica	invertebrate	proteome	medium	0.3913		profile_medium
nachr	A0ABM1W2G5__Aplcal	tr|A0ABM1W2G5|A0ABM1W2G5_APLCA	Aplysia californica	invertebrate	proteome	medium	0.3665		profile_medium
trpv	A0ABM1W3I7__Aplcal	tr|A0ABM1W3I7|A0ABM1W3I7_APLCA	Aplysia californica	invertebrate	proteome	medium	0.4599		profile_medium
cav	A0ABM1W3I9__Aplcal	tr|A0ABM1W3I9|A0ABM1W3I9_APLCA	Aplysia californica	invertebrate	proteome	high	0.6066	1532	include
nachr	A0ABM1W3T3__Aplcal	tr|A0ABM1W3T3|A0ABM1W3T3_APLCA	Aplysia californica	invertebrate	proteome	high	0.6708	538	include
ryr	A0ABM1W3T6__Aplcal	tr|A0ABM1W3T6|A0ABM1W3T6_APLCA	Aplysia californica	invertebrate	proteome	medium	0.375		profile_medium
itpr	A0ABM1W3U6__Aplcal	tr|A0ABM1W3U6|A0ABM1W3U6_APLCA	Aplysia californica	invertebrate	proteome	high	0.7542	2589	include
clc_channel	A0ABM1W436__Aplcal	tr|A0ABM1W436|A0ABM1W436_APLCA	Aplysia californica	invertebrate	proteome	high	0.7211	762	include
kv_shaker	A0ABM1W4B3__Aplcal	tr|A0ABM1W4B3|A0ABM1W4B3_APLCA	Aplysia californica	invertebrate	proteome	medium	0.8225		profile_medium
cav	A0ABM1W4C5__Aplcal	tr|A0ABM1W4C5|A0ABM1W4C5_APLCA	Aplysia californica	invertebrate	proteome	medium	0.36		profile_medium
kca_sk	A0ABM1W4N3__Aplcal	tr|A0ABM1W4N3|A0ABM1W4N3_APLCA	Aplysia californica	invertebrate	proteome	high	0.8288	1074	include
nav	A0ABM1W512__Aplcal	tr|A0ABM1W512|A0ABM1W512_APLCA	Aplysia californica	invertebrate	proteome	high	0.8341	1632	include
piezo	A0ABM1W5D3__Aplcal	tr|A0ABM1W5D3|A0ABM1W5D3_APLCA	Aplysia californica	invertebrate	proteome	high	0.8257	2123	include
nachr	A0ABM1W5E9__Aplcal	tr|A0ABM1W5E9|A0ABM1W5E9_APLCA	Aplysia californica	invertebrate	proteome	high	0.9441	523	include
asic	A0ABM2BF53__Hydvul	tr|A0ABM2BF53|A0ABM2BF53_HYDVU	Hydra vulgaris	cnidarian	proteome	high	0.8042	457	include
asic	A0ABM2BF81__Hydvul	tr|A0ABM2BF81|A0ABM2BF81_HYDVU	Hydra vulgaris	cnidarian	proteome	high	0.7678	467	include
asic	A0ABM2BFA8__Hydvul	tr|A0ABM2BFA8|A0ABM2BFA8_HYDVU	Hydra vulgaris	cnidarian	proteome	high	0.8061	453	include
kv_eag	A0ABM4B3P7__Hydvul	tr|A0ABM4B3P7|A0ABM4B3P7_HYDVU	Hydra vulgaris	cnidarian	proteome	high	0.5623	681	include
gabaa	A0ABM4B3Q9__Hydvul	tr|A0ABM4B3Q9|A0ABM4B3Q9_HYDVU	Hydra vulgaris	cnidarian	proteome	medium	0.9715		profile_medium
gabaa	A0ABM4B3V4__Hydvul	tr|A0ABM4B3V4|A0ABM4B3V4_HYDVU	Hydra vulgaris	cnidarian	proteome	medium	0.9496		profile_medium
vdac	A0ABM4B5B3__Hydvul	tr|A0ABM4B5B3|A0ABM4B5B3_HYDVU	Hydra vulgaris	cnidarian	proteome	high	0.9892	331	include
asic	A0ABM4B8C4__Hydvul	tr|A0ABM4B8C4|A0ABM4B8C4_HYDVU	Hydra vulgaris	cnidarian	proteome	medium	0.5125		profile_medium
otop	A0ABM4B8K1__Hydvul	tr|A0ABM4B8K1|A0ABM4B8K1_HYDVU	Hydra vulgaris	cnidarian	proteome				no_profile_call
tmem175	A0ABM4BDB0__Hydvul	tr|A0ABM4BDB0|A0ABM4BDB0_HYDVU	Hydra vulgaris	cnidarian	proteome	high	0.8052	506	include
kv_shaker	A0ABM4BDG5__Hydvul	tr|A0ABM4BDG5|A0ABM4BDG5_HYDVU	Hydra vulgaris	cnidarian	proteome	medium	0.7826		profile_medium
cav	A0ABM4BDL9__Hydvul	tr|A0ABM4BDL9|A0ABM4BDL9_HYDVU	Hydra vulgaris	cnidarian	proteome	high	0.7663	1621	include
kv_shaker	A0ABM4BDN3__Hydvul	tr|A0ABM4BDN3|A0ABM4BDN3_HYDVU	Hydra vulgaris	cnidarian	proteome	high	0.7609	437	include
kv_shaker	A0ABM4BEC9__Hydvul	tr|A0ABM4BEC9|A0ABM4BEC9_HYDVU	Hydra vulgaris	cnidarian	proteome	high	0.7572	478	include
nachr	A0ABM4BEE0__Hydvul	tr|A0ABM4BEE0|A0ABM4BEE0_HYDVU	Hydra vulgaris	cnidarian	proteome	high	0.9379	480	include
p2x_nonmetazoan	A0ABM4BEI7__Hydvul	tr|A0ABM4BEI7|A0ABM4BEI7_HYDVU	Hydra vulgaris	cnidarian	proteome	high	0.9021	369	include
kv_shaker	A0ABM4BF42__Hydvul	tr|A0ABM4BF42|A0ABM4BF42_HYDVU	Hydra vulgaris	cnidarian	proteome	high	0.9004	541	include
cav	A0ABM4BFT6__Hydvul	tr|A0ABM4BFT6|A0ABM4BFT6_HYDVU	Hydra vulgaris	cnidarian	proteome	high	0.8896	1999	include
cav	A0ABM4BFU0__Hydvul	tr|A0ABM4BFU0|A0ABM4BFU0_HYDVU	Hydra vulgaris	cnidarian	proteome	high	0.7899	1632	include
cav	A0ABM4BFU2__Hydvul	tr|A0ABM4BFU2|A0ABM4BFU2_HYDVU	Hydra vulgaris	cnidarian	proteome	high	0.8875	2137	include
cav	A0ABM4BFU4__Hydvul	tr|A0ABM4BFU4|A0ABM4BFU4_HYDVU	Hydra vulgaris	cnidarian	proteome	high	0.812	1757	include
asic	A0ABM4BH90__Hydvul	tr|A0ABM4BH90|A0ABM4BH90_HYDVU	Hydra vulgaris	cnidarian	proteome	high	0.8733	587	include
trpml	A0ABM4BH92__Hydvul	tr|A0ABM4BH92|A0ABM4BH92_HYDVU	Hydra vulgaris	cnidarian	proteome	high	0.8774	568	include
k2p	A0ABM4BHA3__Hydvul	tr|A0ABM4BHA3|A0ABM4BHA3_HYDVU	Hydra vulgaris	cnidarian	proteome	medium	0.4303		profile_medium
asic	A0ABM4BHY3__Hydvul	tr|A0ABM4BHY3|A0ABM4BHY3_HYDVU	Hydra vulgaris	cnidarian	proteome	high	0.8868	489	include
trpa	A0ABM4BJE0__Hydvul	tr|A0ABM4BJE0|A0ABM4BJE0_HYDVU	Hydra vulgaris	cnidarian	proteome	high	0.832	1106	include
trpa	A0ABM4BJL2__Hydvul	tr|A0ABM4BJL2|A0ABM4BJL2_HYDVU	Hydra vulgaris	cnidarian	proteome	medium	0.7927		profile_medium
trpa	A0ABM4BJM0__Hydvul	tr|A0ABM4BJM0|A0ABM4BJM0_HYDVU	Hydra vulgaris	cnidarian	proteome	medium	0.7811		profile_medium
trpa	A0ABM4BJM1__Hydvul	tr|A0ABM4BJM1|A0ABM4BJM1_HYDVU	Hydra vulgaris	cnidarian	proteome	medium	0.8794		profile_medium
trpa	A0ABM4BJN8__Hydvul	tr|A0ABM4BJN8|A0ABM4BJN8_HYDVU	Hydra vulgaris	cnidarian	proteome	medium	0.7105		profile_medium
trpa	A0ABM4BJN9__Hydvul	tr|A0ABM4BJN9|A0ABM4BJN9_HYDVU	Hydra vulgaris	cnidarian	proteome	medium	0.6756		profile_medium
trpa	A0ABM4BKD8__Hydvul	tr|A0ABM4BKD8|A0ABM4BKD8_HYDVU	Hydra vulgaris	cnidarian	proteome	high	0.7578	1105	include
trpa	A0ABM4BKE7__Hydvul	tr|A0ABM4BKE7|A0ABM4BKE7_HYDVU	Hydra vulgaris	cnidarian	proteome	high	0.7507	1223	include
k2p	A0ABM4BL29__Hydvul	tr|A0ABM4BL29|A0ABM4BL29_HYDVU	Hydra vulgaris	cnidarian	proteome	medium	0.4328		profile_medium
kv_shaker	A0ABM4BLI2__Hydvul	tr|A0ABM4BLI2|A0ABM4BLI2_HYDVU	Hydra vulgaris	cnidarian	proteome	medium	0.7138		profile_medium
kv_shaker	A0ABM4BLJ0__Hydvul	tr|A0ABM4BLJ0|A0ABM4BLJ0_HYDVU	Hydra vulgaris	cnidarian	proteome	medium	0.7246		profile_medium
kv_shaker	A0ABM4BLJ4__Hydvul	tr|A0ABM4BLJ4|A0ABM4BLJ4_HYDVU	Hydra vulgaris	cnidarian	proteome	medium	0.7192		profile_medium
trpa	A0ABM4BNB8__Hydvul	tr|A0ABM4BNB8|A0ABM4BNB8_HYDVU	Hydra vulgaris	cnidarian	proteome	high	0.8695	2408	include
trpa	A0ABM4BNC9__Hydvul	tr|A0ABM4BNC9|A0ABM4BNC9_HYDVU	Hydra vulgaris	cnidarian	proteome	high	0.8704	2370	include
trpa	A0ABM4BND3__Hydvul	tr|A0ABM4BND3|A0ABM4BND3_HYDVU	Hydra vulgaris	cnidarian	proteome	high	0.8481	2577	include
kca_slo	A0ABM4BQF0__Hydvul	tr|A0ABM4BQF0|A0ABM4BQF0_HYDVU	Hydra vulgaris	cnidarian	proteome	high	0.9374	1057	include
kca_slo	A0ABM4BQF9__Hydvul	tr|A0ABM4BQF9|A0ABM4BQF9_HYDVU	Hydra vulgaris	cnidarian	proteome	high	0.9329	1065	include
kca_slo	A0ABM4BQG1__Hydvul	tr|A0ABM4BQG1|A0ABM4BQG1_HYDVU	Hydra vulgaris	cnidarian	proteome	high	0.9329	1051	include
kca_slo	A0ABM4BQG7__Hydvul	tr|A0ABM4BQG7|A0ABM4BQG7_HYDVU	Hydra vulgaris	cnidarian	proteome	high	0.9411	1055	include
kv_kcnq	A0ABM4BT50__Hydvul	tr|A0ABM4BT50|A0ABM4BT50_HYDVU	Hydra vulgaris	cnidarian	proteome	high	0.5255	490	include
enac	A0ABM4BTC1__Hydvul	tr|A0ABM4BTC1|A0ABM4BTC1_HYDVU	Hydra vulgaris	cnidarian	proteome	medium	0.355		profile_medium
kv_kcnq	A0ABM4BTC9__Hydvul	tr|A0ABM4BTC9|A0ABM4BTC9_HYDVU	Hydra vulgaris	cnidarian	proteome	high	0.8664	735	include
kv_kcnq	A0ABM4BTE0__Hydvul	tr|A0ABM4BTE0|A0ABM4BTE0_HYDVU	Hydra vulgaris	cnidarian	proteome	high	0.7162	542	include
trpp	A0ABM4BU16__Hydvul	tr|A0ABM4BU16|A0ABM4BU16_HYDVU	Hydra vulgaris	cnidarian	proteome	medium	0.6568		profile_medium
cav	A0ABM4BY15__Hydvul	tr|A0ABM4BY15|A0ABM4BY15_HYDVU	Hydra vulgaris	cnidarian	proteome	high	0.9476	2112	include
cav	A0ABM4BYD6__Hydvul	tr|A0ABM4BYD6|A0ABM4BYD6_HYDVU	Hydra vulgaris	cnidarian	proteome	high	0.7976	1807	include
mcu	A0ABM4BYH7__Hydvul	tr|A0ABM4BYH7|A0ABM4BYH7_HYDVU	Hydra vulgaris	cnidarian	proteome	high	0.8	314	include
innexin	A0ABM4C1Q9__Hydvul	tr|A0ABM4C1Q9|A0ABM4C1Q9_HYDVU	Hydra vulgaris	cnidarian	proteome	medium	0.3168		profile_medium
kv_shaker	A0ABM4C224__Hydvul	tr|A0ABM4C224|A0ABM4C224_HYDVU	Hydra vulgaris	cnidarian	proteome	high	0.8333	614	include
kv_shaker	A0ABM4C241__Hydvul	tr|A0ABM4C241|A0ABM4C241_HYDVU	Hydra vulgaris	cnidarian	proteome	high	0.7554	432	include
cav	A0ABM4C2H3__Hydvul	tr|A0ABM4C2H3|A0ABM4C2H3_HYDVU	Hydra vulgaris	cnidarian	proteome	high	0.7643	1495	include
cav	A0ABM4C2J8__Hydvul	tr|A0ABM4C2J8|A0ABM4C2J8_HYDVU	Hydra vulgaris	cnidarian	proteome	high	0.7797	1530	include
cav	A0ABM4C2K7__Hydvul	tr|A0ABM4C2K7|A0ABM4C2K7_HYDVU	Hydra vulgaris	cnidarian	proteome	high	0.7658	1500	include
cav	A0ABM4C2L3__Hydvul	tr|A0ABM4C2L3|A0ABM4C2L3_HYDVU	Hydra vulgaris	cnidarian	proteome	high	0.7519	1487	include
cav	A0ABM4C2N6__Hydvul	tr|A0ABM4C2N6|A0ABM4C2N6_HYDVU	Hydra vulgaris	cnidarian	proteome	high	0.7668	1490	include
kv_shaker	A0ABM4C342__Hydvul	tr|A0ABM4C342|A0ABM4C342_HYDVU	Hydra vulgaris	cnidarian	proteome	medium	0.7518		profile_medium
nav	A0ABM4C4L2__Hydvul	tr|A0ABM4C4L2|A0ABM4C4L2_HYDVU	Hydra vulgaris	cnidarian	proteome	high	0.8969	1673	include
cav	A0ABM4C5U1__Hydvul	tr|A0ABM4C5U1|A0ABM4C5U1_HYDVU	Hydra vulgaris	cnidarian	proteome	high	0.8706	1727	include
kv_shaker	A0ABM4C656__Hydvul	tr|A0ABM4C656|A0ABM4C656_HYDVU	Hydra vulgaris	cnidarian	proteome	medium	0.9149		profile_medium
otop	A0ABM4C6I9__Hydvul	tr|A0ABM4C6I9|A0ABM4C6I9_HYDVU	Hydra vulgaris	cnidarian	proteome	high	0.5336	596	include
tric	A0ABM4C6K0__Hydvul	tr|A0ABM4C6K0|A0ABM4C6K0_HYDVU	Hydra vulgaris	cnidarian	proteome	high	0.8407	268	include
cav	A0ABM4C6L4__Hydvul	tr|A0ABM4C6L4|A0ABM4C6L4_HYDVU	Hydra vulgaris	cnidarian	proteome	high	0.7499	1457	include
cav	A0ABM4C6N7__Hydvul	tr|A0ABM4C6N7|A0ABM4C6N7_HYDVU	Hydra vulgaris	cnidarian	proteome	high	0.7581	1505	include
kv_shaker	A0ABM4C6Y6__Hydvul	tr|A0ABM4C6Y6|A0ABM4C6Y6_HYDVU	Hydra vulgaris	cnidarian	proteome	medium	0.7736		profile_medium
kv_shaker	A0ABM4C6Z6__Hydvul	tr|A0ABM4C6Z6|A0ABM4C6Z6_HYDVU	Hydra vulgaris	cnidarian	proteome	medium	0.8678		profile_medium
kv_shaker	A0ABM4C6Z7__Hydvul	tr|A0ABM4C6Z7|A0ABM4C6Z7_HYDVU	Hydra vulgaris	cnidarian	proteome	medium	0.8659		profile_medium
kv_shaker	A0ABM4C714__Hydvul	tr|A0ABM4C714|A0ABM4C714_HYDVU	Hydra vulgaris	cnidarian	proteome	medium	0.8207		profile_medium
gabaa	A0ABM4C718__Hydvul	tr|A0ABM4C718|A0ABM4C718_HYDVU	Hydra vulgaris	cnidarian	proteome	medium	0.7127		profile_medium
gabaa	A0ABM4C743__Hydvul	tr|A0ABM4C743|A0ABM4C743_HYDVU	Hydra vulgaris	cnidarian	proteome	medium	0.7215		profile_medium
gabaa	A0ABM4C745__Hydvul	tr|A0ABM4C745|A0ABM4C745_HYDVU	Hydra vulgaris	cnidarian	proteome	medium	0.7456		profile_medium
kv_shaker	A0ABM4C746__Hydvul	tr|A0ABM4C746|A0ABM4C746_HYDVU	Hydra vulgaris	cnidarian	proteome	medium	0.7953		profile_medium
kv_shaker	A0ABM4C747__Hydvul	tr|A0ABM4C747|A0ABM4C747_HYDVU	Hydra vulgaris	cnidarian	proteome	medium	0.7953		profile_medium
nachr	A0ABM4C7H2__Hydvul	tr|A0ABM4C7H2|A0ABM4C7H2_HYDVU	Hydra vulgaris	cnidarian	proteome	high	0.9586	504	include
nachr	A0ABM4C7H3__Hydvul	tr|A0ABM4C7H3|A0ABM4C7H3_HYDVU	Hydra vulgaris	cnidarian	proteome	high	0.942	464	include
nachr	A0ABM4C7I1__Hydvul	tr|A0ABM4C7I1|A0ABM4C7I1_HYDVU	Hydra vulgaris	cnidarian	proteome	high	0.9648	489	include
nachr	A0ABM4C7I2__Hydvul	tr|A0ABM4C7I2|A0ABM4C7I2_HYDVU	Hydra vulgaris	cnidarian	proteome	high	0.9503	461	include
nachr	A0ABM4C7I3__Hydvul	tr|A0ABM4C7I3|A0ABM4C7I3_HYDVU	Hydra vulgaris	cnidarian	proteome	high	0.9545	488	include
nachr	A0ABM4C7K0__Hydvul	tr|A0ABM4C7K0|A0ABM4C7K0_HYDVU	Hydra vulgaris	cnidarian	proteome	high	0.9545	466	include
nachr	A0ABM4C7K1__Hydvul	tr|A0ABM4C7K1|A0ABM4C7K1_HYDVU	Hydra vulgaris	cnidarian	proteome	high	0.9607	515	include
plgic_prok	A0ABM4C7K5__Hydvul	tr|A0ABM4C7K5|A0ABM4C7K5_HYDVU	Hydra vulgaris	cnidarian	proteome	medium	0.7898		profile_medium
tmem175	A0ABM4C7T1__Hydvul	tr|A0ABM4C7T1|A0ABM4C7T1_HYDVU	Hydra vulgaris	cnidarian	proteome	high	0.8688	534	include
cav	A0ABM4C9N6__Hydvul	tr|A0ABM4C9N6|A0ABM4C9N6_HYDVU	Hydra vulgaris	cnidarian	proteome	high	0.7062	1654	include
tmem175	A0ABM4C9T2__Hydvul	tr|A0ABM4C9T2|A0ABM4C9T2_HYDVU	Hydra vulgaris	cnidarian	proteome	high	0.8708	528	include
kir	A0ABM4CEU3__Hydvul	tr|A0ABM4CEU3|A0ABM4CEU3_HYDVU	Hydra vulgaris	cnidarian	proteome	high	0.8386	433	include
gabaa	A0ABM4CEV2__Hydvul	tr|A0ABM4CEV2|A0ABM4CEV2_HYDVU	Hydra vulgaris	cnidarian	proteome	high	0.932	483	include
gabaa	A0ABM4CEV4__Hydvul	tr|A0ABM4CEV4|A0ABM4CEV4_HYDVU	Hydra vulgaris	cnidarian	proteome	high	0.9496	496	include
gabaa	A0ABM4CEW1__Hydvul	tr|A0ABM4CEW1|A0ABM4CEW1_HYDVU	Hydra vulgaris	cnidarian	proteome	medium	0.9298		profile_medium
kv_shaker	A0ABM4CGI6__Hydvul	tr|A0ABM4CGI6|A0ABM4CGI6_HYDVU	Hydra vulgaris	cnidarian	proteome	high	0.7428	438	include
kv_shaker	A0ABM4CGM1__Hydvul	tr|A0ABM4CGM1|A0ABM4CGM1_HYDVU	Hydra vulgaris	cnidarian	proteome	high	0.7301	442	include
kv_shaker	A0ABM4CGM3__Hydvul	tr|A0ABM4CGM3|A0ABM4CGM3_HYDVU	Hydra vulgaris	cnidarian	proteome	medium	0.5761		profile_medium
kv_eag	A0ABM4CHL4__Hydvul	tr|A0ABM4CHL4|A0ABM4CHL4_HYDVU	Hydra vulgaris	cnidarian	proteome	high	0.7388	823	include
kv_eag	A0ABM4CHM6__Hydvul	tr|A0ABM4CHM6|A0ABM4CHM6_HYDVU	Hydra vulgaris	cnidarian	proteome	high	0.683	767	include
kv_eag	A0ABM4CHN0__Hydvul	tr|A0ABM4CHN0|A0ABM4CHN0_HYDVU	Hydra vulgaris	cnidarian	proteome	high	0.7418	766	include
tpc	A0ABM4CII0__Hydvul	tr|A0ABM4CII0|A0ABM4CII0_HYDVU	Hydra vulgaris	cnidarian	proteome	high	0.7487	793	include
nmda	A0ABM4CIT5__Hydvul	tr|A0ABM4CIT5|A0ABM4CIT5_HYDVU	Hydra vulgaris	cnidarian	proteome	medium	0.3734		profile_medium
kv_eag	A0ABM4CJ34__Hydvul	tr|A0ABM4CJ34|A0ABM4CJ34_HYDVU	Hydra vulgaris	cnidarian	proteome	high	0.7677	783	include
kv_eag	A0ABM4CJ46__Hydvul	tr|A0ABM4CJ46|A0ABM4CJ46_HYDVU	Hydra vulgaris	cnidarian	proteome	high	0.7577	788	include
nav	A0ABM4CK63__Hydvul	tr|A0ABM4CK63|A0ABM4CK63_HYDVU	Hydra vulgaris	cnidarian	proteome	high	0.9019	1725	include
kv_shaker	A0ABM4CLI9__Hydvul	tr|A0ABM4CLI9|A0ABM4CLI9_HYDVU	Hydra vulgaris	cnidarian	proteome	high	0.567	398	include
kv_shaker	A0ABM4CNV6__Hydvul	tr|A0ABM4CNV6|A0ABM4CNV6_HYDVU	Hydra vulgaris	cnidarian	proteome	high	0.7971	480	include
kv_shaker	A0ABM4CNW3__Hydvul	tr|A0ABM4CNW3|A0ABM4CNW3_HYDVU	Hydra vulgaris	cnidarian	proteome	high	0.7554	422	include
orai	A0ABM4CQ18__Hydvul	tr|A0ABM4CQ18|A0ABM4CQ18_HYDVU	Hydra vulgaris	cnidarian	proteome	high	0.7963	230	include
p2x	A0ABM4CQX0__Hydvul	tr|A0ABM4CQX0|A0ABM4CQX0_HYDVU	Hydra vulgaris	cnidarian	proteome	high	0.9153	429	include
gabaa	A0ABM4CTQ3__Hydvul	tr|A0ABM4CTQ3|A0ABM4CTQ3_HYDVU	Hydra vulgaris	cnidarian	proteome	high	0.9496	478	include
kv_kcnq	A0ABM4CU90__Hydvul	tr|A0ABM4CU90|A0ABM4CU90_HYDVU	Hydra vulgaris	cnidarian	proteome	medium	0.473		profile_medium
kv_shaker	A0ABM4CV44__Hydvul	tr|A0ABM4CV44|A0ABM4CV44_HYDVU	Hydra vulgaris	cnidarian	proteome	high	0.7156	366	include
asic	A0ABM4CV87__Hydvul	tr|A0ABM4CV87|A0ABM4CV87_HYDVU	Hydra vulgaris	cnidarian	proteome	high	0.8676	473	include
asic	A0ABM4CVA3__Hydvul	tr|A0ABM4CVA3|A0ABM4CVA3_HYDVU	Hydra vulgaris	cnidarian	proteome	high	0.7678	467	include
asic	A0ABM4CVA9__Hydvul	tr|A0ABM4CVA9|A0ABM4CVA9_HYDVU	Hydra vulgaris	cnidarian	proteome	high	0.7716	475	include
gabaa	A0ABM4CVN1__Hydvul	tr|A0ABM4CVN1|A0ABM4CVN1_HYDVU	Hydra vulgaris	cnidarian	proteome	medium	0.8553		profile_medium
trpm	A0ABM4CX55__Hydvul	tr|A0ABM4CX55|A0ABM4CX55_HYDVU	Hydra vulgaris	cnidarian	proteome	high	0.6874	1580	include
asic	A0ABM4CXB9__Hydvul	tr|A0ABM4CXB9|A0ABM4CXB9_HYDVU	Hydra vulgaris	cnidarian	proteome	high	0.7217	413	include
gabaa	A0ABM4CXI7__Hydvul	tr|A0ABM4CXI7|A0ABM4CXI7_HYDVU	Hydra vulgaris	cnidarian	proteome	medium	0.9803		profile_medium
gabaa	A0ABM4CY33__Hydvul	tr|A0ABM4CY33|A0ABM4CY33_HYDVU	Hydra vulgaris	cnidarian	proteome	medium	0.8947		profile_medium
kv_eag	A0ABM4CYI8__Hydvul	tr|A0ABM4CYI8|A0ABM4CYI8_HYDVU	Hydra vulgaris	cnidarian	proteome	high	0.6451	715	include
kv_eag	A0ABM4CYN1__Hydvul	tr|A0ABM4CYN1|A0ABM4CYN1_HYDVU	Hydra vulgaris	cnidarian	proteome	high	0.5982	654	include
kv_eag	A0ABM4CYQ1__Hydvul	tr|A0ABM4CYQ1|A0ABM4CYQ1_HYDVU	Hydra vulgaris	cnidarian	proteome	high	0.6371	693	include
kv_shaker	A0ABM4CZW0__Hydvul	tr|A0ABM4CZW0|A0ABM4CZW0_HYDVU	Hydra vulgaris	cnidarian	proteome	high	0.7029	369	include
kv_shaker	A0ABM4CZW2__Hydvul	tr|A0ABM4CZW2|A0ABM4CZW2_HYDVU	Hydra vulgaris	cnidarian	proteome	medium	0.6848		profile_medium
asic	A0ABM4CZZ6__Hydvul	tr|A0ABM4CZZ6|A0ABM4CZZ6_HYDVU	Hydra vulgaris	cnidarian	proteome	high	0.8848	759	include
cng	A0ABM4D0Y5__Hydvul	tr|A0ABM4D0Y5|A0ABM4D0Y5_HYDVU	Hydra vulgaris	cnidarian	proteome	high	0.7256	911	include
trpn	A0ABM4D246__Hydvul	tr|A0ABM4D246|A0ABM4D246_HYDVU	Hydra vulgaris	cnidarian	proteome	high	0.7703	1646	include
trpn	A0ABM4D247__Hydvul	tr|A0ABM4D247|A0ABM4D247_HYDVU	Hydra vulgaris	cnidarian	proteome	high	0.7693	1624	include
trpn	A0ABM4D248__Hydvul	tr|A0ABM4D248|A0ABM4D248_HYDVU	Hydra vulgaris	cnidarian	proteome	high	0.7713	1557	include
trpn	A0ABM4D268__Hydvul	tr|A0ABM4D268|A0ABM4D268_HYDVU	Hydra vulgaris	cnidarian	proteome	high	0.8068	1603	include
asic	A0ABM4D2D9__Hydvul	tr|A0ABM4D2D9|A0ABM4D2D9_HYDVU	Hydra vulgaris	cnidarian	proteome	high	0.8772	760	include
trpm	A0ABM4D2Q4__Hydvul	tr|A0ABM4D2Q4|A0ABM4D2Q4_HYDVU	Hydra vulgaris	cnidarian	proteome	high	0.6093	1080	include
trpm	A0ABM4D2R4__Hydvul	tr|A0ABM4D2R4|A0ABM4D2R4_HYDVU	Hydra vulgaris	cnidarian	proteome	high	0.6122	1078	include
trpm	A0ABM4D2R6__Hydvul	tr|A0ABM4D2R6|A0ABM4D2R6_HYDVU	Hydra vulgaris	cnidarian	proteome	high	0.6298	1114	include
trpm	A0ABM4D2R9__Hydvul	tr|A0ABM4D2R9|A0ABM4D2R9_HYDVU	Hydra vulgaris	cnidarian	proteome	high	0.6065	1073	include
k2p	A0ABM4D3L1__Hydvul	tr|A0ABM4D3L1|A0ABM4D3L1_HYDVU	Hydra vulgaris	cnidarian	proteome	high	0.8259	505	include
itpr	A0ABM4D4D9__Hydvul	tr|A0ABM4D4D9|A0ABM4D4D9_HYDVU	Hydra vulgaris	cnidarian	proteome	high	0.9952	2668	include
k2p	A0ABM4D6C1__Hydvul	tr|A0ABM4D6C1|A0ABM4D6C1_HYDVU	Hydra vulgaris	cnidarian	proteome	high	0.51	335	include
nmda	A0ABM4D6E3__Hydvul	tr|A0ABM4D6E3|A0ABM4D6E3_HYDVU	Hydra vulgaris	cnidarian	proteome	medium	0.3802		profile_medium
kv_shaker	A0ABM4D6G3__Hydvul	tr|A0ABM4D6G3|A0ABM4D6G3_HYDVU	Hydra vulgaris	cnidarian	proteome	high	0.6866	389	include
kv_shaker	A0ABM4D6G6__Hydvul	tr|A0ABM4D6G6|A0ABM4D6G6_HYDVU	Hydra vulgaris	cnidarian	proteome	medium	0.6866		profile_medium
plgic_prok	A0ABM4D6M5__Hydvul	tr|A0ABM4D6M5|A0ABM4D6M5_HYDVU	Hydra vulgaris	cnidarian	proteome	medium	0.7251		profile_medium
trpp	A0ABM4D6R8__Hydvul	tr|A0ABM4D6R8|A0ABM4D6R8_HYDVU	Hydra vulgaris	cnidarian	proteome	high	0.9021	841	include
trpp	A0ABM4D6S7__Hydvul	tr|A0ABM4D6S7|A0ABM4D6S7_HYDVU	Hydra vulgaris	cnidarian	proteome	high	0.9207	794	include
trpp	A0ABM4D6T8__Hydvul	tr|A0ABM4D6T8|A0ABM4D6T8_HYDVU	Hydra vulgaris	cnidarian	proteome	high	0.9083	849	include
trpp	A0ABM4D6T9__Hydvul	tr|A0ABM4D6T9|A0ABM4D6T9_HYDVU	Hydra vulgaris	cnidarian	proteome	high	0.8996	824	include
trpp	A0ABM4D6U2__Hydvul	tr|A0ABM4D6U2|A0ABM4D6U2_HYDVU	Hydra vulgaris	cnidarian	proteome	high	0.9033	828	include
gabaa	A0ABM4D6W4__Hydvul	tr|A0ABM4D6W4|A0ABM4D6W4_HYDVU	Hydra vulgaris	cnidarian	proteome	medium	0.9298		profile_medium
tpc	A0ABM4D7I9__Hydvul	tr|A0ABM4D7I9|A0ABM4D7I9_HYDVU	Hydra vulgaris	cnidarian	proteome	high	0.9071	832	include
nachr	A0ABM4D7K7__Hydvul	tr|A0ABM4D7K7|A0ABM4D7K7_HYDVU	Hydra vulgaris	cnidarian	proteome	high	0.9607	467	include
asic	A0ABM4D7X8__Hydvul	tr|A0ABM4D7X8|A0ABM4D7X8_HYDVU	Hydra vulgaris	cnidarian	proteome	high	0.8791	623	include
vdac	A0ABM4D815__Hydvul	tr|A0ABM4D815|A0ABM4D815_HYDVU	Hydra vulgaris	cnidarian	proteome	high	0.9928	282	include
kv_shaker	A0ABM4D888__Hydvul	tr|A0ABM4D888|A0ABM4D888_HYDVU	Hydra vulgaris	cnidarian	proteome	high	0.8279	565	include
nachr	A0ABM4D8B9__Hydvul	tr|A0ABM4D8B9|A0ABM4D8B9_HYDVU	Hydra vulgaris	cnidarian	proteome	high	0.9565	473	include
nachr	A0ABM4D8D1__Hydvul	tr|A0ABM4D8D1|A0ABM4D8D1_HYDVU	Hydra vulgaris	cnidarian	proteome	high	0.9379	538	include
nmda	A0ABM4D8J4__Hydvul	tr|A0ABM4D8J4|A0ABM4D8J4_HYDVU	Hydra vulgaris	cnidarian	proteome	high	0.711	881	include
osca_tmem63	A0ABM4D8W6__Hydvul	tr|A0ABM4D8W6|A0ABM4D8W6_HYDVU	Hydra vulgaris	cnidarian	proteome	high	0.9044	767	include
tmem175	A0ABM4D9K5__Hydvul	tr|A0ABM4D9K5|A0ABM4D9K5_HYDVU	Hydra vulgaris	cnidarian	proteome	high	0.8032	585	include
tmem175	A0ABM4DA11__Hydvul	tr|A0ABM4DA11|A0ABM4DA11_HYDVU	Hydra vulgaris	cnidarian	proteome	high	0.8748	518	include
k2p	A0ABM4DA75__Hydvul	tr|A0ABM4DA75|A0ABM4DA75_HYDVU	Hydra vulgaris	cnidarian	proteome	high	0.6667	324	include
kv_kcnq	A0ABM4DAE3__Hydvul	tr|A0ABM4DAE3|A0ABM4DAE3_HYDVU	Hydra vulgaris	cnidarian	proteome	medium	0.461		profile_medium
tmem175	A0ABM4DAH3__Hydvul	tr|A0ABM4DAH3|A0ABM4DAH3_HYDVU	Hydra vulgaris	cnidarian	proteome	high	0.8072	478	include
tmem175	A0ABM4DAI1__Hydvul	tr|A0ABM4DAI1|A0ABM4DAI1_HYDVU	Hydra vulgaris	cnidarian	proteome	high	0.8708	550	include
tmem175	A0ABM4DAI2__Hydvul	tr|A0ABM4DAI2|A0ABM4DAI2_HYDVU	Hydra vulgaris	cnidarian	proteome	high	0.8986	526	include
tmem175	A0ABM4DAP0__Hydvul	tr|A0ABM4DAP0|A0ABM4DAP0_HYDVU	Hydra vulgaris	cnidarian	proteome	high	0.9006	538	include
tmem175	A0ABM4DAX9__Hydvul	tr|A0ABM4DAX9|A0ABM4DAX9_HYDVU	Hydra vulgaris	cnidarian	proteome	high	0.7594	574	include
tmem175	A0ABM4DB21__Hydvul	tr|A0ABM4DB21|A0ABM4DB21_HYDVU	Hydra vulgaris	cnidarian	proteome	high	0.8131	531	include
tmem175	A0ABM4DB30__Hydvul	tr|A0ABM4DB30|A0ABM4DB30_HYDVU	Hydra vulgaris	cnidarian	proteome	high	0.8708	560	include
tmem175	A0ABM4DB38__Hydvul	tr|A0ABM4DB38|A0ABM4DB38_HYDVU	Hydra vulgaris	cnidarian	proteome	high	0.8748	536	include
tmem175	A0ABM4DBT1__Hydvul	tr|A0ABM4DBT1|A0ABM4DBT1_HYDVU	Hydra vulgaris	cnidarian	proteome	high	0.8728	534	include
tmem175	A0ABM4DBW2__Hydvul	tr|A0ABM4DBW2|A0ABM4DBW2_HYDVU	Hydra vulgaris	cnidarian	proteome	high	0.9165	522	include
tmem175	A0ABM4DBX0__Hydvul	tr|A0ABM4DBX0|A0ABM4DBX0_HYDVU	Hydra vulgaris	cnidarian	proteome	high	0.9264	534	include
tmem175	A0ABM4DBX1__Hydvul	tr|A0ABM4DBX1|A0ABM4DBX1_HYDVU	Hydra vulgaris	cnidarian	proteome	high	0.8151	544	include
tmem175	A0ABM4DBY2__Hydvul	tr|A0ABM4DBY2|A0ABM4DBY2_HYDVU	Hydra vulgaris	cnidarian	proteome	high	0.8748	522	include
tmem175	A0ABM4DBY3__Hydvul	tr|A0ABM4DBY3|A0ABM4DBY3_HYDVU	Hydra vulgaris	cnidarian	proteome	high	0.8728	526	include
hcn	A0ABM4DD33__Hydvul	tr|A0ABM4DD33|A0ABM4DD33_HYDVU	Hydra vulgaris	cnidarian	proteome	medium	0.4868		profile_medium
nav	A0ABM4DD93__Hydvul	tr|A0ABM4DD93|A0ABM4DD93_HYDVU	Hydra vulgaris	cnidarian	proteome	high	0.926	1722	include
tmem175	A0ABM4DEM2__Hydvul	tr|A0ABM4DEM2|A0ABM4DEM2_HYDVU	Hydra vulgaris	cnidarian	proteome	high	0.841	574	include
nachr	A0ABM4DEY4__Hydvul	tr|A0ABM4DEY4|A0ABM4DEY4_HYDVU	Hydra vulgaris	cnidarian	proteome	high	0.9462	479	include
tmem175	A0ABM4DEZ6__Hydvul	tr|A0ABM4DEZ6|A0ABM4DEZ6_HYDVU	Hydra vulgaris	cnidarian	proteome	high	0.9344	541	include
nachr	A0ABM4DF12__Hydvul	tr|A0ABM4DF12|A0ABM4DF12_HYDVU	Hydra vulgaris	cnidarian	proteome	high	0.9482	468	include
nachr	A0ABM4DF23__Hydvul	tr|A0ABM4DF23|A0ABM4DF23_HYDVU	Hydra vulgaris	cnidarian	proteome	high	0.9482	508	include
hcn	A0ABM4DF71__Hydvul	tr|A0ABM4DF71|A0ABM4DF71_HYDVU	Hydra vulgaris	cnidarian	proteome	medium	0.4829		profile_medium
k2p	A0ABM4DG77__Hydvul	tr|A0ABM4DG77|A0ABM4DG77_HYDVU	Hydra vulgaris	cnidarian	proteome	high	0.6368	344	include
kv_shaker	A0ABM4DGB0__Hydvul	tr|A0ABM4DGB0|A0ABM4DGB0_HYDVU	Hydra vulgaris	cnidarian	proteome	medium	0.9203		profile_medium
kv_shaker	A0ABM4DGM0__Hydvul	tr|A0ABM4DGM0|A0ABM4DGM0_HYDVU	Hydra vulgaris	cnidarian	proteome	high	0.7699	537	include
trpml	A0ABM4DIF9__Hydvul	tr|A0ABM4DIF9|A0ABM4DIF9_HYDVU	Hydra vulgaris	cnidarian	proteome	high	0.7583	477	include
trpml	A0ABM4DIG0__Hydvul	tr|A0ABM4DIG0|A0ABM4DIG0_HYDVU	Hydra vulgaris	cnidarian	proteome	high	0.8949	720	include
trpc	A0ABM4DJ03__Hydvul	tr|A0ABM4DJ03|A0ABM4DJ03_HYDVU	Hydra vulgaris	cnidarian	proteome	high	0.6685	661	include
kv_shaker	A0ABM4DK60__Hydvul	tr|A0ABM4DK60|A0ABM4DK60_HYDVU	Hydra vulgaris	cnidarian	proteome	medium	0.7826		profile_medium
kv_kcnq	A0ABM4DK64__Hydvul	tr|A0ABM4DK64|A0ABM4DK64_HYDVU	Hydra vulgaris	cnidarian	proteome	high	0.5586	534	include
tmem175	A0ABM4DKP6__Hydvul	tr|A0ABM4DKP6|A0ABM4DKP6_HYDVU	Hydra vulgaris	cnidarian	proteome	high	0.8708	566	include
kv_shaker	A0ABM4DL39__Hydvul	tr|A0ABM4DL39|A0ABM4DL39_HYDVU	Hydra vulgaris	cnidarian	proteome	medium	0.779		profile_medium
kv_shaker	A0ABM4DLI7__Hydvul	tr|A0ABM4DLI7|A0ABM4DLI7_HYDVU	Hydra vulgaris	cnidarian	proteome	medium	0.7826		profile_medium
tmem175	A0ABM4DLV3__Hydvul	tr|A0ABM4DLV3|A0ABM4DLV3_HYDVU	Hydra vulgaris	cnidarian	proteome	high	0.8648	558	include
piezo	A0ABM4DN12__Hydvul	tr|A0ABM4DN12|A0ABM4DN12_HYDVU	Hydra vulgaris	cnidarian	proteome	high	0.8837	2266	include
kcsa_prok	A0ABM5QWZ5__Strliv	tr|A0ABM5QWZ5|A0ABM5QWZ5_STRLI	Streptomyces lividans	prokaryote	proteome	medium	0.4911		profile_medium
mscl	A0ABM5R4R5__Strliv	tr|A0ABM5R4R5|A0ABM5R4R5_STRLI	Streptomyces lividans	prokaryote	proteome	high	0.9848	156	include
mscs	A0ABM5R5Z0__Strliv	tr|A0ABM5R5Z0|A0ABM5R5Z0_STRLI	Streptomyces lividans	prokaryote	proteome	high	0.8228	375	include
mscs	A0ABM5R7G9__Strliv	tr|A0ABM5R7G9|A0ABM5R7G9_STRLI	Streptomyces lividans	prokaryote	proteome	medium	0.4715		profile_medium
kcsa_prok	A0ABN4DJJ3__Strliv	tr|A0ABN4DJJ3|A0ABN4DJJ3_STRLI	Streptomyces lividans	prokaryote	proteome	high	0.6607	157	include
mscs	A0ABN4DM57__Strliv	tr|A0ABN4DM57|A0ABN4DM57_STRLI	Streptomyces lividans	prokaryote	proteome	high	0.7911	359	include
kcsa_prok	A0ABN4DP73__Strliv	tr|A0ABN4DP73|A0ABN4DP73_STRLI	Streptomyces lividans	prokaryote	proteome	medium	0.4286		profile_medium
mscs	A0ABN4E2L8__Strliv	tr|A0ABN4E2L8|A0ABN4E2L8_STRLI	Streptomyces lividans	prokaryote	proteome	high	0.8449	333	include
kv_kcnq	A0AC58FZ01__Danrer	tr|A0AC58FZ01|A0AC58FZ01_DANRE	Danio rerio	vertebrate	proteome	high	0.8919	669	include
kv_kcnq	A0AC58G5U6__Danrer	tr|A0AC58G5U6|A0AC58G5U6_DANRE	Danio rerio	vertebrate	proteome	high	0.8709	876	include
p2x	A0AC58G6E9__Danrer	tr|A0AC58G6E9|A0AC58G6E9_DANRE	Danio rerio	vertebrate	proteome	high	0.9106	394	include
cav	A0AC58GCE5__Danrer	tr|A0AC58GCE5|A0AC58GCE5_DANRE	Danio rerio	vertebrate	proteome	high	0.9784	2087	include
connexin	A0AC58GDP2__Danrer	tr|A0AC58GDP2|A0AC58GDP2_DANRE	Danio rerio	vertebrate	proteome	high	0.9936	434	include
piezo	A0AC58GFC9__Danrer	tr|A0AC58GFC9|A0AC58GFC9_DANRE	Danio rerio	vertebrate	proteome	high	0.9914	2652	include
kv_eag	A0AC58GI30__Danrer	tr|A0AC58GI30|A0AC58GI30_DANRE	Danio rerio	vertebrate	proteome	high	0.8714	1135	include
trpc	A0AC58GIR7__Danrer	tr|A0AC58GIR7|A0AC58GIR7_DANRE	Danio rerio	vertebrate	proteome	high	0.9611	991	include
trpc	A0AC58GKD4__Danrer	tr|A0AC58GKD4|A0AC58GKD4_DANRE	Danio rerio	vertebrate	proteome	high	0.8765	1027	include
kir	A0AC58GKY4__Danrer	tr|A0AC58GKY4|A0AC58GKY4_DANRE	Danio rerio	vertebrate	proteome	high	0.9267	412	include
nmda	A0AC58GL60__Danrer	tr|A0AC58GL60|A0AC58GL60_DANRE	Danio rerio	vertebrate	proteome	high	0.7954	1117	include
kca_sk	A0AC58GLV1__Danrer	tr|A0AC58GLV1|A0AC58GLV1_DANRE	Danio rerio	vertebrate	proteome	high	0.9493	674	include
cav	A0AC58GQZ8__Danrer	tr|A0AC58GQZ8|A0AC58GQZ8_DANRE	Danio rerio	vertebrate	proteome	high	0.9964	2463	include
osca_tmem63	A0AC58GR04__Danrer	tr|A0AC58GR04|A0AC58GR04_DANRE	Danio rerio	vertebrate	proteome	high	0.9648	843	include
kv_eag	A0AC58GXA6__Danrer	tr|A0AC58GXA6|A0AC58GXA6_DANRE	Danio rerio	vertebrate	proteome	high	0.8514	918	include
kv_eag	A0AC58GXE7__Danrer	tr|A0AC58GXE7|A0AC58GXE7_DANRE	Danio rerio	vertebrate	proteome	high	0.9322	1193	include
cav	A0AC58GY43__Danrer	tr|A0AC58GY43|A0AC58GY43_DANRE	Danio rerio	vertebrate	proteome	high	0.7427	2493	include
ht3	A0AC58GYA1__Danrer	tr|A0AC58GYA1|A0AC58GYA1_DANRE	Danio rerio	vertebrate	proteome	medium	0.4106		profile_medium
ryr	A0AC58GZ77__Danrer	tr|A0AC58GZ77|A0AC58GZ77_DANRE	Danio rerio	vertebrate	proteome	high	0.9996	4961	include
kca_slo	A0AC58GZE8__Danrer	tr|A0AC58GZE8|A0AC58GZE8_DANRE	Danio rerio	vertebrate	proteome	high	0.9755	1244	include
vdac	A0AC58GZI6__Danrer	tr|A0AC58GZI6|A0AC58GZI6_DANRE	Danio rerio	vertebrate	proteome	high	0.9928	283	include
kv_eag	A0AC58H0R3__Danrer	tr|A0AC58H0R3|A0AC58H0R3_DANRE	Danio rerio	vertebrate	proteome	high	0.996	1254	include
k2p	A0AC58H391__Danrer	tr|A0AC58H391|A0AC58H391_DANRE	Danio rerio	vertebrate	proteome	high	0.8657	410	include
kv_kcnq	A0AC58H4V5__Danrer	tr|A0AC58H4V5|A0AC58H4V5_DANRE	Danio rerio	vertebrate	proteome	high	0.9459	1028	include
trpc	A0AC58H5H2__Danrer	tr|A0AC58H5H2|A0AC58H5H2_DANRE	Danio rerio	vertebrate	proteome	high	0.8776	965	include
p2x	A0AC58H6R0__Danrer	tr|A0AC58H6R0|A0AC58H6R0_DANRE	Danio rerio	vertebrate	proteome	high	0.9247	411	include
ampa	A0AC58H741__Danrer	tr|A0AC58H741|A0AC58H741_DANRE	Danio rerio	vertebrate	proteome	high	0.9933	914	include
nachr	A0AC58H8I0__Danrer	tr|A0AC58H8I0|A0AC58H8I0_DANRE	Danio rerio	vertebrate	proteome	high	0.9731	487	include
nachr	A0AC58H980__Danrer	tr|A0AC58H980|A0AC58H980_DANRE	Danio rerio	vertebrate	proteome	high	0.5983	303	include
gabaa	A0AC58H9A5__Danrer	tr|A0AC58H9A5|A0AC58H9A5_DANRE	Danio rerio	vertebrate	proteome	high	0.9846	451	include
p2x	A0AC58HAA9__Danrer	tr|A0AC58HAA9|A0AC58HAA9_DANRE	Danio rerio	vertebrate	proteome	high	0.9082	391	include
kir	A0AC58HDJ4__Danrer	tr|A0AC58HDJ4|A0AC58HDJ4_DANRE	Danio rerio	vertebrate	proteome	high	0.8289	564	include
kir	A0AC58HF78__Danrer	tr|A0AC58HF78|A0AC58HF78_DANRE	Danio rerio	vertebrate	proteome	high	0.8533	543	include
connexin	A0AC58HHB3__Danrer	tr|A0AC58HHB3|A0AC58HHB3_DANRE	Danio rerio	vertebrate	proteome	high	0.9775	498	include
hcn	A0AC58HI71__Danrer	tr|A0AC58HI71|A0AC58HI71_DANRE	Danio rerio	vertebrate	proteome	high	0.8661	1351	include
kv_modifier	A0AC58HI95__Danrer	tr|A0AC58HI95|A0AC58HI95_DANRE	Danio rerio	vertebrate	proteome	high	0.943	464	include
nmda	A0AC58HJ75__Danrer	tr|A0AC58HJ75|A0AC58HJ75_DANRE	Danio rerio	vertebrate	proteome	high	0.7511	1984	include
clc_channel	A0AC58HJB7__Danrer	tr|A0AC58HJB7|A0AC58HJB7_DANRE	Danio rerio	vertebrate	proteome	high	0.9059	958	include
kv_eag	A0AC58HN80__Danrer	tr|A0AC58HN80|A0AC58HN80_DANRE	Danio rerio	vertebrate	proteome	high	0.8833	979	include
gabaa	A0AC58HPD9__Danrer	tr|A0AC58HPD9|A0AC58HPD9_DANRE	Danio rerio	vertebrate	proteome	high	0.932	576	include
ryr	A0AC58HPX6__Danrer	tr|A0AC58HPX6|A0AC58HPX6_DANRE	Danio rerio	vertebrate	proteome	high	0.9816	4900	include
connexin	A0AC58HQH8__Danrer	tr|A0AC58HQH8|A0AC58HQH8_DANRE	Danio rerio	vertebrate	proteome	high	0.6463	205	include
trpm	A0AC58HSD6__Danrer	tr|A0AC58HSD6|A0AC58HSD6_DANRE	Danio rerio	vertebrate	proteome	high	0.8257	1870	include
kir	A0AC58HSR8__Danrer	tr|A0AC58HSR8|A0AC58HSR8_DANRE	Danio rerio	vertebrate	proteome	high	0.8264	414	include
nachr	A0AC58HV46__Danrer	tr|A0AC58HV46|A0AC58HV46_DANRE	Danio rerio	vertebrate	proteome	high	0.9503	572	include
connexin	A0AC58HXP4__Danrer	tr|A0AC58HXP4|A0AC58HXP4_DANRE	Danio rerio	vertebrate	proteome	high	0.8135	267	include
nmda	A0AC58I045__Danrer	tr|A0AC58I045|A0AC58I045_DANRE	Danio rerio	vertebrate	proteome	high	0.7315	1918	include
kv_eag	A0AC58I0J0__Danrer	tr|A0AC58I0J0|A0AC58I0J0_DANRE	Danio rerio	vertebrate	proteome	high	0.8385	1021	include
kv_kcnq	A0AC58I1A1__Danrer	tr|A0AC58I1A1|A0AC58I1A1_DANRE	Danio rerio	vertebrate	proteome	high	0.9039	680	include
connexin	A0AC58I2B7__Danrer	tr|A0AC58I2B7|A0AC58I2B7_DANRE	Danio rerio	vertebrate	proteome	high	0.791	502	include
connexin	A0AC58I2L2__Danrer	tr|A0AC58I2L2|A0AC58I2L2_DANRE	Danio rerio	vertebrate	proteome	high	0.7492	253	include
kv_eag	A0AC58I332__Danrer	tr|A0AC58I332|A0AC58I332_DANRE	Danio rerio	vertebrate	proteome	high	0.9172	1093	include
connexin	A0AC58I481__Danrer	tr|A0AC58I481|A0AC58I481_DANRE	Danio rerio	vertebrate	proteome	high	0.7846	254	include
gabaa	A0AC58I8X7__Danrer	tr|A0AC58I8X7|A0AC58I8X7_DANRE	Danio rerio	vertebrate	proteome	high	0.9781	477	include
trpc	A0AC58I9M9__Danrer	tr|A0AC58I9M9|A0AC58I9M9_DANRE	Danio rerio	vertebrate	proteome	high	0.8676	874	include
nmda	A0AC58IA45__Danrer	tr|A0AC58IA45|A0AC58IA45_DANRE	Danio rerio	vertebrate	proteome	high	0.7707	966	include
ht3	A0AC58IB39__Danrer	tr|A0AC58IB39|A0AC58IB39_DANRE	Danio rerio	vertebrate	proteome	high	0.9536	494	include
ht3	A0AC58IB43__Danrer	tr|A0AC58IB43|A0AC58IB43_DANRE	Danio rerio	vertebrate	proteome	high	0.9139	456	include
trpc	A0AC58IBC9__Danrer	tr|A0AC58IBC9|A0AC58IBC9_DANRE	Danio rerio	vertebrate	proteome	high	0.9488	1026	include
nachr	A0AC58IBG6__Danrer	tr|A0AC58IBG6|A0AC58IBG6_DANRE	Danio rerio	vertebrate	proteome	high	0.942	533	include
gabaa	A0AC58IBJ9__Danrer	tr|A0AC58IBJ9|A0AC58IBJ9_DANRE	Danio rerio	vertebrate	proteome	high	0.9737	523	include
gabaa	A0AC58IBM1__Danrer	tr|A0AC58IBM1|A0AC58IBM1_DANRE	Danio rerio	vertebrate	proteome	high	0.9518	488	include
kca_slo	A0AC58IC80__Danrer	tr|A0AC58IC80|A0AC58IC80_DANRE	Danio rerio	vertebrate	proteome	high	0.883	1481	include
k2p	A0AC58ICR3__Danrer	tr|A0AC58ICR3|A0AC58ICR3_DANRE	Danio rerio	vertebrate	proteome	high	0.704	497	include
ht3	A0AC58IHJ7__Danrer	tr|A0AC58IHJ7|A0AC58IHJ7_DANRE	Danio rerio	vertebrate	proteome	high	0.9051	451	include
ht3	A0AC58IHK2__Danrer	tr|A0AC58IHK2|A0AC58IHK2_DANRE	Danio rerio	vertebrate	proteome	high	0.9691	481	include
ht3	A0AC58IHM7__Danrer	tr|A0AC58IHM7|A0AC58IHM7_DANRE	Danio rerio	vertebrate	proteome	high	0.5364	278	include
ht3	A0AC58II33__Danrer	tr|A0AC58II33|A0AC58II33_DANRE	Danio rerio	vertebrate	proteome	medium	0.5541		profile_medium
kv_shaker	A0AC58IKA3__Danrer	tr|A0AC58IKA3|A0AC58IKA3_DANRE	Danio rerio	vertebrate	proteome	high	0.8641	495	include
nav	A0AC58IQU3__Danrer	tr|A0AC58IQU3|A0AC58IQU3_DANRE	Danio rerio	vertebrate	proteome	high	0.9899	1954	include
gabaa	A0AC58IRM8__Danrer	tr|A0AC58IRM8|A0AC58IRM8_DANRE	Danio rerio	vertebrate	proteome	medium	0.5789		profile_medium
kv_eag	A0AC58ISV6__Danrer	tr|A0AC58ISV6|A0AC58ISV6_DANRE	Danio rerio	vertebrate	proteome	high	0.997	1177	include
piezo	A0AC58IT82__Danrer	tr|A0AC58IT82|A0AC58IT82_DANRE	Danio rerio	vertebrate	proteome	high	0.9996	2753	include
kv_shaker	A0AC58IUD8__Danrer	tr|A0AC58IUD8|A0AC58IUD8_DANRE	Danio rerio	vertebrate	proteome	high	0.8225	666	include
trpm	A0AC58IVU6__Danrer	tr|A0AC58IVU6|A0AC58IVU6_DANRE	Danio rerio	vertebrate	proteome	high	0.84	1782	include
kv_kcnq	A0AC58IWK6__Danrer	tr|A0AC58IWK6|A0AC58IWK6_DANRE	Danio rerio	vertebrate	proteome	high	0.8979	704	include
cng	A0AC58IXZ3__Danrer	tr|A0AC58IXZ3|A0AC58IXZ3_DANRE	Danio rerio	vertebrate	proteome	high	0.9335	848	include
ano_channel	A0AC58IZ92__Danrer	tr|A0AC58IZ92|A0AC58IZ92_DANRE	Danio rerio	vertebrate	proteome	high	0.8386	917	include
trpml	A0AC58IZS0__Danrer	tr|A0AC58IZS0|A0AC58IZS0_DANRE	Danio rerio	vertebrate	proteome	high	0.9405	574	include
nmda	A0AC58IZX9__Danrer	tr|A0AC58IZX9|A0AC58IZX9_DANRE	Danio rerio	vertebrate	proteome	high	0.9949	1606	include
lrrc8	A0AC58J0F6__Danrer	tr|A0AC58J0F6|A0AC58J0F6_DANRE	Danio rerio	vertebrate	proteome	high	0.9963	857	include
kir	A0AC58J1D1__Danrer	tr|A0AC58J1D1|A0AC58J1D1_DANRE	Danio rerio	vertebrate	proteome	high	0.9707	440	include
cav	A0AC58J2D3__Danrer	tr|A0AC58J2D3|A0AC58J2D3_DANRE	Danio rerio	vertebrate	proteome	high	0.7216	2191	include
kv_shaker	A0AC58J2F0__Danrer	tr|A0AC58J2F0|A0AC58J2F0_DANRE	Danio rerio	vertebrate	proteome	high	0.7464	534	include
cav	A0AC58J2J0__Danrer	tr|A0AC58J2J0|A0AC58J2J0_DANRE	Danio rerio	vertebrate	proteome	high	0.9949	2475	include
cav	A0AC58J3C4__Danrer	tr|A0AC58J3C4|A0AC58J3C4_DANRE	Danio rerio	vertebrate	proteome	high	0.7232	2301	include
ht3	A0AC58J3X7__Danrer	tr|A0AC58J3X7|A0AC58J3X7_DANRE	Danio rerio	vertebrate	proteome	medium	0.8764		profile_medium
ht3	A0AC58J450__Danrer	tr|A0AC58J450|A0AC58J450_DANRE	Danio rerio	vertebrate	proteome	medium	0.6247		profile_medium
ht3	A0AC58J456__Danrer	tr|A0AC58J456|A0AC58J456_DANRE	Danio rerio	vertebrate	proteome	medium	0.6049		profile_medium
ht3	A0AC58J481__Danrer	tr|A0AC58J481|A0AC58J481_DANRE	Danio rerio	vertebrate	proteome	medium	0.6181		profile_medium
ht3	A0AC58J496__Danrer	tr|A0AC58J496|A0AC58J496_DANRE	Danio rerio	vertebrate	proteome	medium	0.66		profile_medium
kainate	A0AC58J8X8__Danrer	tr|A0AC58J8X8|A0AC58J8X8_DANRE	Danio rerio	vertebrate	proteome	high	0.9759	919	include
kv_shaker	A0AC58JFF2__Danrer	tr|A0AC58JFF2|A0AC58JFF2_DANRE	Danio rerio	vertebrate	proteome	high	0.8333	476	include
nmda	A0AC58JG38__Danrer	tr|A0AC58JG38|A0AC58JG38_DANRE	Danio rerio	vertebrate	proteome	high	0.9932	1445	include
glyr	A0AC58JH78__Danrer	tr|A0AC58JH78|A0AC58JH78_DANRE	Danio rerio	vertebrate	proteome	high	0.987	575	include
connexin	A0AC58JH80__Danrer	tr|A0AC58JH80|A0AC58JH80_DANRE	Danio rerio	vertebrate	proteome	high	0.7492	311	include
cng	A0AC58JH82__Danrer	tr|A0AC58JH82|A0AC58JH82_DANRE	Danio rerio	vertebrate	proteome	high	0.9463	682	include
trpv	A0AC58JJJ2__Danrer	tr|A0AC58JJJ2|A0AC58JJJ2_DANRE	Danio rerio	vertebrate	proteome	high	0.8644	819	include
kv_modifier	A0AC58JKC9__Danrer	tr|A0AC58JKC9|A0AC58JKC9_DANRE	Danio rerio	vertebrate	proteome	medium	0.8819		profile_medium
vdac	A0AC58JKR5__Danrer	tr|A0AC58JKR5|A0AC58JKR5_DANRE	Danio rerio	vertebrate	proteome	high	0.9892	318	include
kca_slo	A0AC58JMJ0__Danrer	tr|A0AC58JMJ0|A0AC58JMJ0_DANRE	Danio rerio	vertebrate	proteome	high	0.8749	1252	include
kv_eag	A0AC58JTJ6__Danrer	tr|A0AC58JTJ6|A0AC58JTJ6_DANRE	Danio rerio	vertebrate	proteome	high	0.8455	1213	include
kir	A0ACD6B5I4__Danrer	tr|A0ACD6B5I4|A0ACD6B5I4_DANRE	Danio rerio	vertebrate	proteome	high	0.8826	490	include
cng	A0ACD6B5U3__Danrer	tr|A0ACD6B5U3|A0ACD6B5U3_DANRE	Danio rerio	vertebrate	proteome	high	0.8147	639	include
kir	A0ACD6B668__Danrer	tr|A0ACD6B668|A0ACD6B668_DANRE	Danio rerio	vertebrate	proteome	high	0.8802	498	include
kv_kcnq	A0ACD6B6L0__Danrer	tr|A0ACD6B6L0|A0ACD6B6L0_DANRE	Danio rerio	vertebrate	proteome	high	0.9204	974	include
nachr	A0ACD6B798__Danrer	tr|A0ACD6B798|A0ACD6B798_DANRE	Danio rerio	vertebrate	proteome	high	0.9689	545	include
nav	A0ACD6B7I9__Danrer	tr|A0ACD6B7I9|A0ACD6B7I9_DANRE	Danio rerio	vertebrate	proteome	high	0.9955	1955	include
orai	A0ACD6B7L6__Danrer	tr|A0ACD6B7L6|A0ACD6B7L6_DANRE	Danio rerio	vertebrate	proteome	high	0.8037	225	include
hcn	A0ACM8AAB6__Petmar	tr|A0ACM8AAB6|A0ACM8AAB6_PETMA	Petromyzon marinus	vertebrate	proteome	high	0.7038	876	include
kir	A0ACM8AAE6__Petmar	tr|A0ACM8AAE6|A0ACM8AAE6_PETMA	Petromyzon marinus	vertebrate	proteome	high	0.8166	716	include
kca_sk	A0ACM8AAG9__Petmar	tr|A0ACM8AAG9|A0ACM8AAG9_PETMA	Petromyzon marinus	vertebrate	proteome	high	0.9398	864	include
nmda	A0ACM8AAX6__Petmar	tr|A0ACM8AAX6|A0ACM8AAX6_PETMA	Petromyzon marinus	vertebrate	proteome	high	0.7749	1515	include
cav	A0ACM8AAZ5__Petmar	tr|A0ACM8AAZ5|A0ACM8AAZ5_PETMA	Petromyzon marinus	vertebrate	proteome	high	0.7242	3060	include
cav	A0ACM8AB44__Petmar	tr|A0ACM8AB44|A0ACM8AB44_PETMA	Petromyzon marinus	vertebrate	proteome	high	0.9086	2550	include
kainate	A0ACM8AC35__Petmar	tr|A0ACM8AC35|A0ACM8AC35_PETMA	Petromyzon marinus	vertebrate	proteome	high	0.9407	955	include
gabaa	A0ACM8ACG2__Petmar	tr|A0ACM8ACG2|A0ACM8ACG2_PETMA	Petromyzon marinus	vertebrate	proteome	high	0.9803	555	include
kca_slo	A0ACM8ACG3__Petmar	tr|A0ACM8ACG3|A0ACM8ACG3_PETMA	Petromyzon marinus	vertebrate	proteome	high	0.8758	1266	include
cng	A0ACM8ACY0__Petmar	tr|A0ACM8ACY0|A0ACM8ACY0_PETMA	Petromyzon marinus	vertebrate	proteome	high	0.5686	615	include
gabaa	A0ACM8ADD1__Petmar	tr|A0ACM8ADD1|A0ACM8ADD1_PETMA	Petromyzon marinus	vertebrate	proteome	high	0.9759	508	include
connexin	A0ACM8ADI5__Petmar	tr|A0ACM8ADI5|A0ACM8ADI5_PETMA	Petromyzon marinus	vertebrate	proteome	high	0.7235	442	include
vdac	A0ACM8ADJ4__Petmar	tr|A0ACM8ADJ4|A0ACM8ADJ4_PETMA	Petromyzon marinus	vertebrate	proteome	high	0.9856	310	include
cng	A0ACM8AE00__Petmar	tr|A0ACM8AE00|A0ACM8AE00_PETMA	Petromyzon marinus	vertebrate	proteome	high	0.7893	870	include
kv_shaker	A0ACM8AEV7__Petmar	tr|A0ACM8AEV7|A0ACM8AEV7_PETMA	Petromyzon marinus	vertebrate	proteome	high	0.7917	1266	include
kv_shaker	A0ACM8AF12__Petmar	tr|A0ACM8AF12|A0ACM8AF12_PETMA	Petromyzon marinus	vertebrate	proteome	high	0.7736	609	include
ano_channel	A0ACM8AF45__Petmar	tr|A0ACM8AF45|A0ACM8AF45_PETMA	Petromyzon marinus	vertebrate	proteome	high	0.8937	1306	include
kv_shaker	A0ACM8AFR6__Petmar	tr|A0ACM8AFR6|A0ACM8AFR6_PETMA	Petromyzon marinus	vertebrate	proteome	high	0.808	595	include
kv_shaker	A0ACM8AFS0__Petmar	tr|A0ACM8AFS0|A0ACM8AFS0_PETMA	Petromyzon marinus	vertebrate	proteome	high	0.7754	628	include
connexin	A0ACM8AFW1__Petmar	tr|A0ACM8AFW1|A0ACM8AFW1_PETMA	Petromyzon marinus	vertebrate	proteome	high	0.7621	725	include
connexin	A0ACM8AFX6__Petmar	tr|A0ACM8AFX6|A0ACM8AFX6_PETMA	Petromyzon marinus	vertebrate	proteome	high	0.7267	294	include
connexin	A0ACM8AFX9__Petmar	tr|A0ACM8AFX9|A0ACM8AFX9_PETMA	Petromyzon marinus	vertebrate	proteome	high	0.7685	417	include
vdac	A0ACM8AHZ2__Petmar	tr|A0ACM8AHZ2|A0ACM8AHZ2_PETMA	Petromyzon marinus	vertebrate	proteome	none	0.2482		no_profile_call
gabaa	A0ACM8AJW4__Petmar	tr|A0ACM8AJW4|A0ACM8AJW4_PETMA	Petromyzon marinus	vertebrate	proteome	high	0.761	925	include
nmda	A0ACM8AK51__Petmar	tr|A0ACM8AK51|A0ACM8AK51_PETMA	Petromyzon marinus	vertebrate	proteome	high	0.7246	1121	include
connexin	A0ACM8AKC9__Petmar	tr|A0ACM8AKC9|A0ACM8AKC9_PETMA	Petromyzon marinus	vertebrate	proteome	high	0.7653	418	include
p2x	A0ACM8AKL7__Petmar	tr|A0ACM8AKL7|A0ACM8AKL7_PETMA	Petromyzon marinus	vertebrate	proteome	high	0.7859	389	include
glyr	A0ACM8ALD7__Petmar	tr|A0ACM8ALD7|A0ACM8ALD7_PETMA	Petromyzon marinus	vertebrate	proteome	medium	0.3203		profile_medium
glyr	A0ACM8ALF4__Petmar	tr|A0ACM8ALF4|A0ACM8ALF4_PETMA	Petromyzon marinus	vertebrate	proteome	medium	0.5346		profile_medium
ampa	A0ACM8ALG9__Petmar	tr|A0ACM8ALG9|A0ACM8ALG9_PETMA	Petromyzon marinus	vertebrate	proteome	high	0.7572	1383	include
glyr	A0ACM8ALH0__Petmar	tr|A0ACM8ALH0|A0ACM8ALH0_PETMA	Petromyzon marinus	vertebrate	proteome	medium	0.6818		profile_medium
glyr	A0ACM8ALJ6__Petmar	tr|A0ACM8ALJ6|A0ACM8ALJ6_PETMA	Petromyzon marinus	vertebrate	proteome	medium	0.7922		profile_medium
glyr	A0ACM8ALL3__Petmar	tr|A0ACM8ALL3|A0ACM8ALL3_PETMA	Petromyzon marinus	vertebrate	proteome	medium	0.6104		profile_medium
p2x	A0ACM8ALV3__Petmar	tr|A0ACM8ALV3|A0ACM8ALV3_PETMA	Petromyzon marinus	vertebrate	proteome	high	0.8706	380	include
glyr	A0ACM8AMD6__Petmar	tr|A0ACM8AMD6|A0ACM8AMD6_PETMA	Petromyzon marinus	vertebrate	proteome	medium	0.7771		profile_medium
glyr	A0ACM8AMF8__Petmar	tr|A0ACM8AMF8|A0ACM8AMF8_PETMA	Petromyzon marinus	vertebrate	proteome	medium	0.6948		profile_medium
calhm	A0ACM8AMG0__Petmar	tr|A0ACM8AMG0|A0ACM8AMG0_PETMA	Petromyzon marinus	vertebrate	proteome	high	0.9019	384	include
calhm	A0ACM8AMG3__Petmar	tr|A0ACM8AMG3|A0ACM8AMG3_PETMA	Petromyzon marinus	vertebrate	proteome	high	0.8987	379	include
nav	A0ACM8AMR3__Petmar	tr|A0ACM8AMR3|A0ACM8AMR3_PETMA	Petromyzon marinus	vertebrate	proteome	high	0.9944	2007	include
kv_shaker	A0ACM8ANI1__Petmar	tr|A0ACM8ANI1|A0ACM8ANI1_PETMA	Petromyzon marinus	vertebrate	proteome	high	0.5906	415	include
tpc	A0ACM8ANK3__Petmar	tr|A0ACM8ANK3|A0ACM8ANK3_PETMA	Petromyzon marinus	vertebrate	proteome	high	0.9372	1114	include
connexin	A0ACM8ANU3__Petmar	tr|A0ACM8ANU3|A0ACM8ANU3_PETMA	Petromyzon marinus	vertebrate	proteome	medium	0.4984		profile_medium
glyr	A0ACM8AS29__Petmar	tr|A0ACM8AS29|A0ACM8AS29_PETMA	Petromyzon marinus	vertebrate	proteome	medium	0.3247		profile_medium
gabaa	A0ACM8AS68__Petmar	tr|A0ACM8AS68|A0ACM8AS68_PETMA	Petromyzon marinus	vertebrate	proteome	high	0.9298	745	include
cng	A0ACM8AS74__Petmar	tr|A0ACM8AS74|A0ACM8AS74_PETMA	Petromyzon marinus	vertebrate	proteome	high	0.9264	814	include
gabaa	A0ACM8ASD5__Petmar	tr|A0ACM8ASD5|A0ACM8ASD5_PETMA	Petromyzon marinus	vertebrate	proteome	high	0.6776	428	include
trpv	A0ACM8ASE3__Petmar	tr|A0ACM8ASE3|A0ACM8ASE3_PETMA	Petromyzon marinus	vertebrate	proteome	high	0.836	944	include
trpv	A0ACM8ASF9__Petmar	tr|A0ACM8ASF9|A0ACM8ASF9_PETMA	Petromyzon marinus	vertebrate	proteome	high	0.6165	775	include
kir	A0ACM8AT77__Petmar	tr|A0ACM8AT77|A0ACM8AT77_PETMA	Petromyzon marinus	vertebrate	proteome	high	0.7286	1801	include
connexin	A0ACM8AUI0__Petmar	tr|A0ACM8AUI0|A0ACM8AUI0_PETMA	Petromyzon marinus	vertebrate	proteome	high	0.5273	326	include
kv_shaker	A0ACM8AUJ6__Petmar	tr|A0ACM8AUJ6|A0ACM8AUJ6_PETMA	Petromyzon marinus	vertebrate	proteome	high	0.7337	462	include
connexin	A0ACM8AUK8__Petmar	tr|A0ACM8AUK8|A0ACM8AUK8_PETMA	Petromyzon marinus	vertebrate	proteome	high	0.7653	403	include
kv_shaker	A0ACM8AUL4__Petmar	tr|A0ACM8AUL4|A0ACM8AUL4_PETMA	Petromyzon marinus	vertebrate	proteome	high	0.7337	462	include
lrrc8	A0ACM8AV21__Petmar	tr|A0ACM8AV21|A0ACM8AV21_PETMA	Petromyzon marinus	vertebrate	proteome	high	0.7186	650	include
lrrc8	A0ACM8AV69__Petmar	tr|A0ACM8AV69|A0ACM8AV69_PETMA	Petromyzon marinus	vertebrate	proteome	high	0.8306	797	include
connexin	A0ACM8AV77__Petmar	tr|A0ACM8AV77|A0ACM8AV77_PETMA	Petromyzon marinus	vertebrate	proteome	high	0.7492	229	include
lrrc8	A0ACM8AV83__Petmar	tr|A0ACM8AV83|A0ACM8AV83_PETMA	Petromyzon marinus	vertebrate	proteome	high	0.9303	846	include
connexin	A0ACM8AVA8__Petmar	tr|A0ACM8AVA8|A0ACM8AVA8_PETMA	Petromyzon marinus	vertebrate	proteome	high	0.8199	439	include
connexin	A0ACM8AVG1__Petmar	tr|A0ACM8AVG1|A0ACM8AVG1_PETMA	Petromyzon marinus	vertebrate	proteome	high	0.7846	367	include
connexin	A0ACM8AVV3__Petmar	tr|A0ACM8AVV3|A0ACM8AVV3_PETMA	Petromyzon marinus	vertebrate	proteome	high	0.7106	368	include
connexin	A0ACM8AW84__Petmar	tr|A0ACM8AW84|A0ACM8AW84_PETMA	Petromyzon marinus	vertebrate	proteome	high	0.8392	321	include
connexin	A0ACM8AWC5__Petmar	tr|A0ACM8AWC5|A0ACM8AWC5_PETMA	Petromyzon marinus	vertebrate	proteome	high	0.8392	321	include
lrrc8	A0ACM8AWE4__Petmar	tr|A0ACM8AWE4|A0ACM8AWE4_PETMA	Petromyzon marinus	vertebrate	proteome	high	0.9303	846	include
connexin	A0ACM8AWE9__Petmar	tr|A0ACM8AWE9|A0ACM8AWE9_PETMA	Petromyzon marinus	vertebrate	proteome	high	0.8167	402	include
connexin	A0ACM8AWK4__Petmar	tr|A0ACM8AWK4|A0ACM8AWK4_PETMA	Petromyzon marinus	vertebrate	proteome	high	0.6367	359	include
lrrc8	A0ACM8AWQ8__Petmar	tr|A0ACM8AWQ8|A0ACM8AWQ8_PETMA	Petromyzon marinus	vertebrate	proteome	high	0.9303	846	include
connexin	A0ACM8AWU7__Petmar	tr|A0ACM8AWU7|A0ACM8AWU7_PETMA	Petromyzon marinus	vertebrate	proteome	high	0.7492	229	include
connexin	A0ACM8AWX5__Petmar	tr|A0ACM8AWX5|A0ACM8AWX5_PETMA	Petromyzon marinus	vertebrate	proteome	high	0.7653	319	include
connexin	A0ACM8AX58__Petmar	tr|A0ACM8AX58|A0ACM8AX58_PETMA	Petromyzon marinus	vertebrate	proteome	high	0.865	315	include
connexin	A0ACM8AXI8__Petmar	tr|A0ACM8AXI8|A0ACM8AXI8_PETMA	Petromyzon marinus	vertebrate	proteome	high	0.7588	263	include
connexin	A0ACM8AXN1__Petmar	tr|A0ACM8AXN1|A0ACM8AXN1_PETMA	Petromyzon marinus	vertebrate	proteome	high	0.8617	323	include
connexin	A0ACM8AXX4__Petmar	tr|A0ACM8AXX4|A0ACM8AXX4_PETMA	Petromyzon marinus	vertebrate	proteome	high	0.8553	329	include
connexin	A0ACM8AXY4__Petmar	tr|A0ACM8AXY4|A0ACM8AXY4_PETMA	Petromyzon marinus	vertebrate	proteome	high	0.865	329	include
connexin	A0ACM8AY08__Petmar	tr|A0ACM8AY08|A0ACM8AY08_PETMA	Petromyzon marinus	vertebrate	proteome	high	0.8167	402	include
connexin	A0ACM8AY09__Petmar	tr|A0ACM8AY09|A0ACM8AY09_PETMA	Petromyzon marinus	vertebrate	proteome	high	0.6399	196	include
connexin	A0ACM8AYD6__Petmar	tr|A0ACM8AYD6|A0ACM8AYD6_PETMA	Petromyzon marinus	vertebrate	proteome	high	0.8103	319	include
connexin	A0ACM8AYN3__Petmar	tr|A0ACM8AYN3|A0ACM8AYN3_PETMA	Petromyzon marinus	vertebrate	proteome	high	0.7878	315	include
kv_shaker	A0ACM8AYP5__Petmar	tr|A0ACM8AYP5|A0ACM8AYP5_PETMA	Petromyzon marinus	vertebrate	proteome	high	0.7337	485	include
connexin	A0ACM8AYQ5__Petmar	tr|A0ACM8AYQ5|A0ACM8AYQ5_PETMA	Petromyzon marinus	vertebrate	proteome	high	0.9293	315	include
lrrc8	A0ACM8AYV6__Petmar	tr|A0ACM8AYV6|A0ACM8AYV6_PETMA	Petromyzon marinus	vertebrate	proteome	high	0.9303	846	include
connexin	A0ACM8AZ48__Petmar	tr|A0ACM8AZ48|A0ACM8AZ48_PETMA	Petromyzon marinus	vertebrate	proteome	high	0.7621	282	include
connexin	A0ACM8AZ78__Petmar	tr|A0ACM8AZ78|A0ACM8AZ78_PETMA	Petromyzon marinus	vertebrate	proteome	high	0.7524	310	include
cav	A0ACM8AZ93__Petmar	tr|A0ACM8AZ93|A0ACM8AZ93_PETMA	Petromyzon marinus	vertebrate	proteome	high	0.9646	2254	include
orai	A0ACM8AZB8__Petmar	tr|A0ACM8AZB8|A0ACM8AZB8_PETMA	Petromyzon marinus	vertebrate	proteome	high	0.7926	349	include
connexin	A0ACM8AZU9__Petmar	tr|A0ACM8AZU9|A0ACM8AZU9_PETMA	Petromyzon marinus	vertebrate	proteome	high	0.7621	282	include
lrrc8	A0ACM8B0D0__Petmar	tr|A0ACM8B0D0|A0ACM8B0D0_PETMA	Petromyzon marinus	vertebrate	proteome	high	0.9303	846	include
lrrc8	A0ACM8B0G0__Petmar	tr|A0ACM8B0G0|A0ACM8B0G0_PETMA	Petromyzon marinus	vertebrate	proteome	high	0.9303	846	include
connexin	A0ACM8B0I5__Petmar	tr|A0ACM8B0I5|A0ACM8B0I5_PETMA	Petromyzon marinus	vertebrate	proteome	high	0.8167	402	include
connexin	A0ACM8B0W8__Petmar	tr|A0ACM8B0W8|A0ACM8B0W8_PETMA	Petromyzon marinus	vertebrate	proteome	high	0.6367	361	include
connexin	A0ACM8B191__Petmar	tr|A0ACM8B191|A0ACM8B191_PETMA	Petromyzon marinus	vertebrate	proteome	high	0.8424	325	include
connexin	A0ACM8B1H4__Petmar	tr|A0ACM8B1H4|A0ACM8B1H4_PETMA	Petromyzon marinus	vertebrate	proteome	high	0.7653	310	include
lrrc8	A0ACM8B1H8__Petmar	tr|A0ACM8B1H8|A0ACM8B1H8_PETMA	Petromyzon marinus	vertebrate	proteome	high	0.7186	648	include
kv_shaker	A0ACM8B1K9__Petmar	tr|A0ACM8B1K9|A0ACM8B1K9_PETMA	Petromyzon marinus	vertebrate	proteome	high	0.7337	460	include
connexin	A0ACM8B1Q0__Petmar	tr|A0ACM8B1Q0|A0ACM8B1Q0_PETMA	Petromyzon marinus	vertebrate	proteome	high	0.7878	315	include
lrrc8	A0ACM8B1R0__Petmar	tr|A0ACM8B1R0|A0ACM8B1R0_PETMA	Petromyzon marinus	vertebrate	proteome	none	0.1694		no_profile_call
lrrc8	A0ACM8B1R5__Petmar	tr|A0ACM8B1R5|A0ACM8B1R5_PETMA	Petromyzon marinus	vertebrate	proteome	high	0.7186	661	include
connexin	A0ACM8B203__Petmar	tr|A0ACM8B203|A0ACM8B203_PETMA	Petromyzon marinus	vertebrate	proteome	high	0.7556	307	include
connexin	A0ACM8B206__Petmar	tr|A0ACM8B206|A0ACM8B206_PETMA	Petromyzon marinus	vertebrate	proteome	high	0.7492	229	include
lrrc8	A0ACM8B241__Petmar	tr|A0ACM8B241|A0ACM8B241_PETMA	Petromyzon marinus	vertebrate	proteome	high	0.9315	847	include
connexin	A0ACM8B255__Petmar	tr|A0ACM8B255|A0ACM8B255_PETMA	Petromyzon marinus	vertebrate	proteome	high	0.8617	323	include
connexin	A0ACM8B2I5__Petmar	tr|A0ACM8B2I5|A0ACM8B2I5_PETMA	Petromyzon marinus	vertebrate	proteome	high	0.7781	309	include
connexin	A0ACM8B2I7__Petmar	tr|A0ACM8B2I7|A0ACM8B2I7_PETMA	Petromyzon marinus	vertebrate	proteome	high	0.7653	403	include
lrrc8	A0ACM8B2L8__Petmar	tr|A0ACM8B2L8|A0ACM8B2L8_PETMA	Petromyzon marinus	vertebrate	proteome	high	0.9303	846	include
connexin	A0ACM8B2X6__Petmar	tr|A0ACM8B2X6|A0ACM8B2X6_PETMA	Petromyzon marinus	vertebrate	proteome	high	0.7653	319	include
lrrc8	A0ACM8B3G2__Petmar	tr|A0ACM8B3G2|A0ACM8B3G2_PETMA	Petromyzon marinus	vertebrate	proteome	high	0.9303	846	include
lrrc8	A0ACM8B3G3__Petmar	tr|A0ACM8B3G3|A0ACM8B3G3_PETMA	Petromyzon marinus	vertebrate	proteome	high	0.9303	846	include
connexin	A0ACM8B3J6__Petmar	tr|A0ACM8B3J6|A0ACM8B3J6_PETMA	Petromyzon marinus	vertebrate	proteome	high	0.8457	325	include
connexin	A0ACM8B3P1__Petmar	tr|A0ACM8B3P1|A0ACM8B3P1_PETMA	Petromyzon marinus	vertebrate	proteome	high	0.8199	323	include
lrrc8	A0ACM8B3X9__Petmar	tr|A0ACM8B3X9|A0ACM8B3X9_PETMA	Petromyzon marinus	vertebrate	proteome	high	0.9303	836	include
connexin	A0ACM8B3Y9__Petmar	tr|A0ACM8B3Y9|A0ACM8B3Y9_PETMA	Petromyzon marinus	vertebrate	proteome	high	0.8103	321	include
lrrc8	A0ACM8B408__Petmar	tr|A0ACM8B408|A0ACM8B408_PETMA	Petromyzon marinus	vertebrate	proteome	high	0.9303	846	include
connexin	A0ACM8B458__Petmar	tr|A0ACM8B458|A0ACM8B458_PETMA	Petromyzon marinus	vertebrate	proteome	high	0.8424	323	include
connexin	A0ACM8B4C1__Petmar	tr|A0ACM8B4C1|A0ACM8B4C1_PETMA	Petromyzon marinus	vertebrate	proteome	high	0.8199	401	include
orai	A0ACM8B4C6__Petmar	tr|A0ACM8B4C6|A0ACM8B4C6_PETMA	Petromyzon marinus	vertebrate	proteome	none	0.1259		no_profile_call
connexin	A0ACM8B4D5__Petmar	tr|A0ACM8B4D5|A0ACM8B4D5_PETMA	Petromyzon marinus	vertebrate	proteome	high	0.8199	441	include
connexin	A0ACM8B4L8__Petmar	tr|A0ACM8B4L8|A0ACM8B4L8_PETMA	Petromyzon marinus	vertebrate	proteome	high	0.8617	321	include
ryr	A0ACM8B4R3__Petmar	tr|A0ACM8B4R3|A0ACM8B4R3_PETMA	Petromyzon marinus	vertebrate	proteome	high	0.9998	5029	include
connexin	A0ACM8B4W0__Petmar	tr|A0ACM8B4W0|A0ACM8B4W0_PETMA	Petromyzon marinus	vertebrate	proteome	high	0.5595	195	include
connexin	A0ACM8B4X1__Petmar	tr|A0ACM8B4X1|A0ACM8B4X1_PETMA	Petromyzon marinus	vertebrate	proteome	high	0.7653	319	include
connexin	A0ACM8B4Z3__Petmar	tr|A0ACM8B4Z3|A0ACM8B4Z3_PETMA	Petromyzon marinus	vertebrate	proteome	high	0.8328	315	include
connexin	A0ACM8B501__Petmar	tr|A0ACM8B501|A0ACM8B501_PETMA	Petromyzon marinus	vertebrate	proteome	high	0.8264	327	include
connexin	A0ACM8B580__Petmar	tr|A0ACM8B580|A0ACM8B580_PETMA	Petromyzon marinus	vertebrate	proteome	high	0.5756	214	include
connexin	A0ACM8B5D8__Petmar	tr|A0ACM8B5D8|A0ACM8B5D8_PETMA	Petromyzon marinus	vertebrate	proteome	high	0.865	315	include
lrrc8	A0ACM8B5E3__Petmar	tr|A0ACM8B5E3|A0ACM8B5E3_PETMA	Petromyzon marinus	vertebrate	proteome	high	0.7186	650	include
lrrc8	A0ACM8B5L5__Petmar	tr|A0ACM8B5L5|A0ACM8B5L5_PETMA	Petromyzon marinus	vertebrate	proteome	high	0.9303	846	include
connexin	A0ACM8B5L7__Petmar	tr|A0ACM8B5L7|A0ACM8B5L7_PETMA	Petromyzon marinus	vertebrate	proteome	high	0.8199	399	include
connexin	A0ACM8B5N0__Petmar	tr|A0ACM8B5N0|A0ACM8B5N0_PETMA	Petromyzon marinus	vertebrate	proteome	high	0.7492	229	include
tpc	A0ACM8B7H2__Petmar	tr|A0ACM8B7H2|A0ACM8B7H2_PETMA	Petromyzon marinus	vertebrate	proteome	medium	0.3194		profile_medium
lrrc8	A0ACM8B8H9__Petmar	tr|A0ACM8B8H9|A0ACM8B8H9_PETMA	Petromyzon marinus	vertebrate	proteome	medium	0.3699		profile_medium
lrrc8	A0ACM8B8K0__Petmar	tr|A0ACM8B8K0|A0ACM8B8K0_PETMA	Petromyzon marinus	vertebrate	proteome	none	0.2715		no_profile_call
trpm	A0ACM8B8W4__Petmar	tr|A0ACM8B8W4|A0ACM8B8W4_PETMA	Petromyzon marinus	vertebrate	proteome	high	0.6606	2133	include
osca_tmem63	A0ACM8BA97__Petmar	tr|A0ACM8BA97|A0ACM8BA97_PETMA	Petromyzon marinus	vertebrate	proteome	high	0.9195	865	include
trpa	A0ACM8BC35__Petmar	tr|A0ACM8BC35|A0ACM8BC35_PETMA	Petromyzon marinus	vertebrate	proteome	medium	0.3056		profile_medium
kca_slo	A0ACM8BCS2__Petmar	tr|A0ACM8BCS2|A0ACM8BCS2_PETMA	Petromyzon marinus	vertebrate	proteome	high	0.9646	1203	include
trpn	A0ACM8BCZ7__Petmar	tr|A0ACM8BCZ7|A0ACM8BCZ7_PETMA	Petromyzon marinus	vertebrate	proteome	medium	0.3646		profile_medium
nav	A0ACM8BEJ3__Petmar	tr|A0ACM8BEJ3|A0ACM8BEJ3_PETMA	Petromyzon marinus	vertebrate	proteome	high	0.9496	1878	include
kv_shaker	A0ACM8BET1__Petmar	tr|A0ACM8BET1|A0ACM8BET1_PETMA	Petromyzon marinus	vertebrate	proteome	medium	0.9076		profile_medium
kv_modifier	A0ACM8BFA4__Petmar	tr|A0ACM8BFA4|A0ACM8BFA4_PETMA	Petromyzon marinus	vertebrate	proteome	medium	0.9051		profile_medium
kv_kcnq	A0ACM8BFD7__Petmar	tr|A0ACM8BFD7|A0ACM8BFD7_PETMA	Petromyzon marinus	vertebrate	proteome	high	0.8228	1053	include
glyr	A0ACM8BGN6__Petmar	tr|A0ACM8BGN6|A0ACM8BGN6_PETMA	Petromyzon marinus	vertebrate	proteome	medium	0.8268		profile_medium
kv_kcnq	A0ACM8BH24__Petmar	tr|A0ACM8BH24|A0ACM8BH24_PETMA	Petromyzon marinus	vertebrate	proteome	high	0.8664	933	include
asic	A0ACM8BIH6__Petmar	tr|A0ACM8BIH6|A0ACM8BIH6_PETMA	Petromyzon marinus	vertebrate	proteome	high	0.8177	542	include
nav	A0ACM8BJG7__Petmar	tr|A0ACM8BJG7|A0ACM8BJG7_PETMA	Petromyzon marinus	vertebrate	proteome	high	0.907	1832	include
kv_modifier	A0ACM8BJU6__Petmar	tr|A0ACM8BJU6|A0ACM8BJU6_PETMA	Petromyzon marinus	vertebrate	proteome	high	0.8861	632	include
nachr	A0ACM8BKX7__Petmar	tr|A0ACM8BKX7|A0ACM8BKX7_PETMA	Petromyzon marinus	vertebrate	proteome	high	0.9648	535	include
ano_channel	A0ACM8BL13__Petmar	tr|A0ACM8BL13|A0ACM8BL13_PETMA	Petromyzon marinus	vertebrate	proteome	high	0.8	1072	include
kca_slo	A0ACM8BLJ4__Petmar	tr|A0ACM8BLJ4|A0ACM8BLJ4_PETMA	Petromyzon marinus	vertebrate	proteome	high	0.9139	1264	include
kca_slo	A0ACM8BLR2__Petmar	tr|A0ACM8BLR2|A0ACM8BLR2_PETMA	Petromyzon marinus	vertebrate	proteome	high	0.7897	1438	include
cav	A0ACM8BLR3__Petmar	tr|A0ACM8BLR3|A0ACM8BLR3_PETMA	Petromyzon marinus	vertebrate	proteome	high	0.8423	2370	include
kv_kcnq	A0ACM8BM44__Petmar	tr|A0ACM8BM44|A0ACM8BM44_PETMA	Petromyzon marinus	vertebrate	proteome	high	0.9099	917	include
cav	A0ACM8BPF4__Petmar	tr|A0ACM8BPF4|A0ACM8BPF4_PETMA	Petromyzon marinus	vertebrate	proteome	high	0.7062	2747	include
trpn	A0ACM8BPT9__Petmar	tr|A0ACM8BPT9|A0ACM8BPT9_PETMA	Petromyzon marinus	vertebrate	proteome	medium	0.3509		profile_medium
kv_eag	A0ACM8BQ62__Petmar	tr|A0ACM8BQ62|A0ACM8BQ62_PETMA	Petromyzon marinus	vertebrate	proteome	high	0.8943	1245	include
kv_kcnq	A0ACM8BQ78__Petmar	tr|A0ACM8BQ78|A0ACM8BQ78_PETMA	Petromyzon marinus	vertebrate	proteome	high	0.7387	928	include
kv_shaker	A0ACM8BQN1__Petmar	tr|A0ACM8BQN1|A0ACM8BQN1_PETMA	Petromyzon marinus	vertebrate	proteome	high	0.7627	517	include
trpv	A0ACM8BQY1__Petmar	tr|A0ACM8BQY1|A0ACM8BQY1_PETMA	Petromyzon marinus	vertebrate	proteome	high	0.8705	717	include
cav	A0ACM8BRV9__Petmar	tr|A0ACM8BRV9|A0ACM8BRV9_PETMA	Petromyzon marinus	vertebrate	proteome	high	0.8778	1810	include
k2p	A0ACM8BTE3__Petmar	tr|A0ACM8BTE3|A0ACM8BTE3_PETMA	Petromyzon marinus	vertebrate	proteome	medium	0.4204		profile_medium
vdac	A0ACM8BTR1__Petmar	tr|A0ACM8BTR1|A0ACM8BTR1_PETMA	Petromyzon marinus	vertebrate	proteome	high	0.9892	343	include
k2p	A0ACM8BU63__Petmar	tr|A0ACM8BU63|A0ACM8BU63_PETMA	Petromyzon marinus	vertebrate	proteome	high	0.7488	465	include
k2p	A0ACM8BUD9__Petmar	tr|A0ACM8BUD9|A0ACM8BUD9_PETMA	Petromyzon marinus	vertebrate	proteome	high	0.6443	349	include
cng	A0ACM8BVP3__Petmar	tr|A0ACM8BVP3|A0ACM8BVP3_PETMA	Petromyzon marinus	vertebrate	proteome	high	0.6407	468	include
nmda	A0ACM8BX32__Petmar	tr|A0ACM8BX32|A0ACM8BX32_PETMA	Petromyzon marinus	vertebrate	proteome	high	0.8892	1483	include
p2x	A0ACM8BX45__Petmar	tr|A0ACM8BX45|A0ACM8BX45_PETMA	Petromyzon marinus	vertebrate	proteome	high	0.5741	759	include
p2x	A0ACM8BXK9__Petmar	tr|A0ACM8BXK9|A0ACM8BXK9_PETMA	Petromyzon marinus	vertebrate	proteome	medium	0.3976		profile_medium
p2x	A0ACM8BXM9__Petmar	tr|A0ACM8BXM9|A0ACM8BXM9_PETMA	Petromyzon marinus	vertebrate	proteome	high	0.5671	522	include
p2x	A0ACM8BXQ7__Petmar	tr|A0ACM8BXQ7|A0ACM8BXQ7_PETMA	Petromyzon marinus	vertebrate	proteome	high	0.5859	913	include
p2x	A0ACM8BXR8__Petmar	tr|A0ACM8BXR8|A0ACM8BXR8_PETMA	Petromyzon marinus	vertebrate	proteome	high	0.5812	728	include
p2x	A0ACM8BXS2__Petmar	tr|A0ACM8BXS2|A0ACM8BXS2_PETMA	Petromyzon marinus	vertebrate	proteome	high	0.5882	381	include
p2x	A0ACM8BXS4__Petmar	tr|A0ACM8BXS4|A0ACM8BXS4_PETMA	Petromyzon marinus	vertebrate	proteome	high	0.5718	420	include
p2x	A0ACM8BXS8__Petmar	tr|A0ACM8BXS8|A0ACM8BXS8_PETMA	Petromyzon marinus	vertebrate	proteome	high	0.5882	426	include
p2x	A0ACM8BXU4__Petmar	tr|A0ACM8BXU4|A0ACM8BXU4_PETMA	Petromyzon marinus	vertebrate	proteome	high	0.8847	408	include
kir	A0ACM8BXX5__Petmar	tr|A0ACM8BXX5|A0ACM8BXX5_PETMA	Petromyzon marinus	vertebrate	proteome	high	0.7457	507	include
p2x	A0ACM8BXX8__Petmar	tr|A0ACM8BXX8|A0ACM8BXX8_PETMA	Petromyzon marinus	vertebrate	proteome	medium	0.3976		profile_medium
clc_channel	A0ACM8BYH0__Petmar	tr|A0ACM8BYH0|A0ACM8BYH0_PETMA	Petromyzon marinus	vertebrate	proteome	high	0.9546	907	include
itpr	A0ACM8C056__Petmar	tr|A0ACM8C056|A0ACM8C056_PETMA	Petromyzon marinus	vertebrate	proteome	high	0.9978	2773	include
cav	A0ACM8C0F8__Petmar	tr|A0ACM8C0F8|A0ACM8C0F8_PETMA	Petromyzon marinus	vertebrate	proteome	high	0.6949	2499	include
cng	A0ACM8C159__Petmar	tr|A0ACM8C159|A0ACM8C159_PETMA	Petromyzon marinus	vertebrate	proteome	high	0.6351	625	include
piezo	A0ACM8C1F6__Petmar	tr|A0ACM8C1F6|A0ACM8C1F6_PETMA	Petromyzon marinus	vertebrate	proteome	high	0.821	2666	include
cav	A0ACM8C2W9__Petmar	tr|A0ACM8C2W9|A0ACM8C2W9_PETMA	Petromyzon marinus	vertebrate	proteome	high	0.832	1833	include
kainate	A0ACM8C379__Petmar	tr|A0ACM8C379|A0ACM8C379_PETMA	Petromyzon marinus	vertebrate	proteome	high	0.9221	947	include
cav	A0ACM8C3U8__Petmar	tr|A0ACM8C3U8|A0ACM8C3U8_PETMA	Petromyzon marinus	vertebrate	proteome	high	0.963	2579	include
kv_shaker	A0ACM8Q031__Danrer	tr|A0ACM8Q031|A0ACM8Q031_DANRE	Danio rerio	vertebrate	proteome	high	0.9312	638	include
vdac	A0ACM8Q054__Danrer	tr|A0ACM8Q054|A0ACM8Q054_DANRE	Danio rerio	vertebrate	proteome	high	0.9964	281	include
vdac	A0ACM8Q0D8__Danrer	tr|A0ACM8Q0D8|A0ACM8Q0D8_DANRE	Danio rerio	vertebrate	proteome	high	0.9892	344	include
trpc	A0ACM8Q208__Ratnor	tr|A0ACM8Q208|A0ACM8Q208_RAT	Rattus norvegicus	vertebrate	proteome	high	0.9822	974	include
nachr	A0ACM8Q2J7__Danrer	tr|A0ACM8Q2J7|A0ACM8Q2J7_DANRE	Danio rerio	vertebrate	proteome	high	0.9855	518	include
cav	A0ACM8Q2V4__Danrer	tr|A0ACM8Q2V4|A0ACM8Q2V4_DANRE	Danio rerio	vertebrate	proteome	high	0.8659	1847	include
connexin	A0ACM8Q3X1__Danrer	tr|A0ACM8Q3X1|A0ACM8Q3X1_DANRE	Danio rerio	vertebrate	proteome	high	0.791	476	include
vdac	A0ACM8Q3Y3__Danrer	tr|A0ACM8Q3Y3|A0ACM8Q3Y3_DANRE	Danio rerio	vertebrate	proteome	high	0.9892	338	include
connexin	A0ACM8Q5J5__Danrer	tr|A0ACM8Q5J5|A0ACM8Q5J5_DANRE	Danio rerio	vertebrate	proteome	high	0.9582	409	include
connexin	A0ACM8Q7D8__Danrer	tr|A0ACM8Q7D8|A0ACM8Q7D8_DANRE	Danio rerio	vertebrate	proteome	high	0.9904	391	include
kv_modifier	A0ACM8Q900__Danrer	tr|A0ACM8Q900|A0ACM8Q900_DANRE	Danio rerio	vertebrate	proteome	medium	0.8671		profile_medium
k2p	A0ACM8Q992__Ratnor	tr|A0ACM8Q992|A0ACM8Q992_RAT	Rattus norvegicus	vertebrate	proteome	high	0.9652	503	include
nachr	A0ACM8Q9T8__Danrer	tr|A0ACM8Q9T8|A0ACM8Q9T8_DANRE	Danio rerio	vertebrate	proteome	high	0.9503	520	include
cng	A0ACM8QAS9__Danrer	tr|A0ACM8QAS9|A0ACM8QAS9_DANRE	Danio rerio	vertebrate	proteome	high	0.9307	673	include
kir	A0ACM8QD65__Danrer	tr|A0ACM8QD65|A0ACM8QD65_DANRE	Danio rerio	vertebrate	proteome	high	0.8191	375	include
k2p	A0ACM8QD73__Danrer	tr|A0ACM8QD73|A0ACM8QD73_DANRE	Danio rerio	vertebrate	proteome	high	0.7512	338	include
k2p	A0ACM8QEC5__Danrer	tr|A0ACM8QEC5|A0ACM8QEC5_DANRE	Danio rerio	vertebrate	proteome	high	0.8632	409	include
kv_modifier	A0ACM8QEG9__Danrer	tr|A0ACM8QEG9|A0ACM8QEG9_DANRE	Danio rerio	vertebrate	proteome	high	0.9177	521	include
tpc	A0ACM8QJJ8__Danrer	tr|A0ACM8QJJ8|A0ACM8QJJ8_DANRE	Danio rerio	vertebrate	proteome	high	0.9018	773	include
glyr	A0ACM8QJZ4__Cioint	tr|A0ACM8QJZ4|A0ACM8QJZ4_CIOIN	Ciona intestinalis	deuterostome	proteome	medium	0.9199		profile_medium
kv_shaker	A0ACM8QM98__Danrer	tr|A0ACM8QM98|A0ACM8QM98_DANRE	Danio rerio	vertebrate	proteome	high	0.8152	609	include
kv_shaker	A0ACM8QMA1__Danrer	tr|A0ACM8QMA1|A0ACM8QMA1_DANRE	Danio rerio	vertebrate	proteome	high	0.8279	603	include
calhm	A0ACM8QMH9__Danrer	tr|A0ACM8QMH9|A0ACM8QMH9_DANRE	Danio rerio	vertebrate	proteome	high	0.9304	346	include
nachr	A0ACM8QMI1__Cioint	tr|A0ACM8QMI1|A0ACM8QMI1_CIOIN	Ciona intestinalis	deuterostome	proteome	high	0.9752	478	include
nachr	A0ACM8QMI2__Cioint	tr|A0ACM8QMI2|A0ACM8QMI2_CIOIN	Ciona intestinalis	deuterostome	proteome	high	0.9752	499	include
nachr	A0ACM8QMI3__Cioint	tr|A0ACM8QMI3|A0ACM8QMI3_CIOIN	Ciona intestinalis	deuterostome	proteome	high	0.9731	486	include
k2p	A0ACM8QMU7__Danrer	tr|A0ACM8QMU7|A0ACM8QMU7_DANRE	Danio rerio	vertebrate	proteome	high	0.9179	426	include
trpm	A0ACM8RD05__Danrer	tr|A0ACM8RD05|A0ACM8RD05_DANRE	Danio rerio	vertebrate	proteome	high	0.6896	1225	include
kv_eag	A0ACM8RFW0__Danrer	tr|A0ACM8RFW0|A0ACM8RFW0_DANRE	Danio rerio	vertebrate	proteome	high	0.9312	1151	include
kv_eag	A0BBK8__Partet	tr|A0BBK8|A0BBK8_PARTE	Paramecium tetraurelia	ciliate	proteome	medium	0.5414		profile_medium
cng	A0BBX7__Partet	tr|A0BBX7|A0BBX7_PARTE	Paramecium tetraurelia	ciliate	proteome	medium	0.6478		profile_medium
cng	A0BC81__Partet	tr|A0BC81|A0BC81_PARTE	Paramecium tetraurelia	ciliate	proteome	medium	0.6252		profile_medium
cng	A0BCE4__Partet	tr|A0BCE4|A0BCE4_PARTE	Paramecium tetraurelia	ciliate	proteome	high	0.8204	1004	include
cng	A0BD51__Partet	tr|A0BD51|A0BD51_PARTE	Paramecium tetraurelia	ciliate	proteome	high	0.5431	892	include
kv_eag	A0BD52__Partet	tr|A0BD52|A0BD52_PARTE	Paramecium tetraurelia	ciliate	proteome	medium	0.4048		profile_medium
osca_tmem63	A0BD66__Partet	tr|A0BD66|A0BD66_PARTE	Paramecium tetraurelia	ciliate	proteome	medium	0.3836		profile_medium
kv_eag	A0BDH6__Partet	tr|A0BDH6|A0BDH6_PARTE	Paramecium tetraurelia	ciliate	proteome	medium	0.6191		profile_medium
cav	A0BDK4__Partet	tr|A0BDK4|A0BDK4_PARTE	Paramecium tetraurelia	ciliate	proteome	high	0.8053	2153	include
cav	A0BDK6__Partet	tr|A0BDK6|A0BDK6_PARTE	Paramecium tetraurelia	ciliate	proteome	medium	0.7273		profile_medium
cng	A0BDK7__Partet	tr|A0BDK7|A0BDK7_PARTE	Paramecium tetraurelia	ciliate	proteome	medium	0.529		profile_medium
cav	A0BDL8__Partet	tr|A0BDL8|A0BDL8_PARTE	Paramecium tetraurelia	ciliate	proteome	medium	0.7447		profile_medium
cng	A0BDM5__Partet	tr|A0BDM5|A0BDM5_PARTE	Paramecium tetraurelia	ciliate	proteome	high	0.7539	1000	include
cng	A0BDQ5__Partet	tr|A0BDQ5|A0BDQ5_PARTE	Paramecium tetraurelia	ciliate	proteome	high	0.5686	1193	include
cng	A0BDQ6__Partet	tr|A0BDQ6|A0BDQ6_PARTE	Paramecium tetraurelia	ciliate	proteome	medium	0.4611		profile_medium
cav	A0BDT8__Partet	tr|A0BDT8|A0BDT8_PARTE	Paramecium tetraurelia	ciliate	proteome	medium	0.5249		profile_medium
cng	A0BE10__Partet	tr|A0BE10|A0BE10_PARTE	Paramecium tetraurelia	ciliate	proteome	high	0.6719	1122	include
kv_eag	A0BEJ3__Partet	tr|A0BEJ3|A0BEJ3_PARTE	Paramecium tetraurelia	ciliate	proteome	medium	0.673		profile_medium
cng	A0BEJ4__Partet	tr|A0BEJ4|A0BEJ4_PARTE	Paramecium tetraurelia	ciliate	proteome	high	0.5771	951	include
cng	A0BEK7__Partet	tr|A0BEK7|A0BEK7_PARTE	Paramecium tetraurelia	ciliate	proteome	high	0.6238	1030	include
cav	A0BF12__Partet	tr|A0BF12|A0BF12_PARTE	Paramecium tetraurelia	ciliate	proteome	medium	0.8454		profile_medium
tpc	A0BF28__Partet	tr|A0BF28|A0BF28_PARTE	Paramecium tetraurelia	ciliate	proteome	high	0.7723	1227	include
cng	A0BFK0__Partet	tr|A0BFK0|A0BFK0_PARTE	Paramecium tetraurelia	ciliate	proteome	medium	0.6223		profile_medium
cng	A0BG52__Partet	tr|A0BG52|A0BG52_PARTE	Paramecium tetraurelia	ciliate	proteome	high	0.6421	1142	include
itpr	A0BGS6__Partet	tr|A0BGS6|A0BGS6_PARTE	Paramecium tetraurelia	ciliate	proteome	high	0.8384	2598	include
cng	A0BGT3__Partet	tr|A0BGT3|A0BGT3_PARTE	Paramecium tetraurelia	ciliate	proteome	medium	0.785		profile_medium
cng	A0BHQ4__Partet	tr|A0BHQ4|A0BHQ4_PARTE	Paramecium tetraurelia	ciliate	proteome	high	0.645	1125	include
cng	A0BHY8__Partet	tr|A0BHY8|A0BHY8_PARTE	Paramecium tetraurelia	ciliate	proteome	medium	0.4526		profile_medium
kv_shaker	A0BI79__Partet	tr|A0BI79|A0BI79_PARTE	Paramecium tetraurelia	ciliate	proteome	medium	0.6286		profile_medium
osca_tmem63	A0BIM6__Partet	tr|A0BIM6|A0BIM6_PARTE	Paramecium tetraurelia	ciliate	proteome	medium	0.4277		profile_medium
kv_eag	A0BIQ1__Partet	tr|A0BIQ1|A0BIQ1_PARTE	Paramecium tetraurelia	ciliate	proteome	medium	0.5035		profile_medium
cav	A0BJ71__Partet	tr|A0BJ71|A0BJ71_PARTE	Paramecium tetraurelia	ciliate	proteome	high	0.6246	2106	include
mcu	A0BJ97__Partet	tr|A0BJ97|A0BJ97_PARTE	Paramecium tetraurelia	ciliate	proteome				no_profile_call
cav	A0BKE9__Partet	tr|A0BKE9|A0BKE9_PARTE	Paramecium tetraurelia	ciliate	proteome	high	0.7232	2067	include
cav	A0BKF4__Partet	tr|A0BKF4|A0BKF4_PARTE	Paramecium tetraurelia	ciliate	proteome	high	0.7458	2122	include
cng	A0BKG0__Partet	tr|A0BKG0|A0BKG0_PARTE	Paramecium tetraurelia	ciliate	proteome	high	0.6054	855	include
cng	A0BKG1__Partet	tr|A0BKG1|A0BKG1_PARTE	Paramecium tetraurelia	ciliate	proteome	high	0.645	875	include
cng	A0BKK4__Partet	tr|A0BKK4|A0BKK4_PARTE	Paramecium tetraurelia	ciliate	proteome	medium	0.5318		profile_medium
cav	A0BKL8__Partet	tr|A0BKL8|A0BKL8_PARTE	Paramecium tetraurelia	ciliate	proteome	medium	0.7735		profile_medium
cng	A0BLC7__Partet	tr|A0BLC7|A0BLC7_PARTE	Paramecium tetraurelia	ciliate	proteome	high	0.5205	922	include
cng	A0BPG0__Partet	tr|A0BPG0|A0BPG0_PARTE	Paramecium tetraurelia	ciliate	proteome	high	0.6874	1148	include
cng	A0BQC9__Partet	tr|A0BQC9|A0BQC9_PARTE	Paramecium tetraurelia	ciliate	proteome	medium	0.4385		profile_medium
cng	A0BR60__Partet	tr|A0BR60|A0BR60_PARTE	Paramecium tetraurelia	ciliate	proteome	high	0.5233	929	include
mcu	A0BRP6__Partet	tr|A0BRP6|A0BRP6_PARTE	Paramecium tetraurelia	ciliate	proteome	medium	0.371		profile_medium
cng	A0BS39__Partet	tr|A0BS39|A0BS39_PARTE	Paramecium tetraurelia	ciliate	proteome	medium	0.727		profile_medium
cng	A0BS42__Partet	tr|A0BS42|A0BS42_PARTE	Paramecium tetraurelia	ciliate	proteome	medium	0.5347		profile_medium
cng	A0BS43__Partet	tr|A0BS43|A0BS43_PARTE	Paramecium tetraurelia	ciliate	proteome	high	0.5417	1046	include
cng	A0BS55__Partet	tr|A0BS55|A0BS55_PARTE	Paramecium tetraurelia	ciliate	proteome	medium	0.4272		profile_medium
cav	A0BSZ5__Partet	tr|A0BSZ5|A0BSZ5_PARTE	Paramecium tetraurelia	ciliate	proteome	medium	0.4176		profile_medium
cng	A0BT31__Partet	tr|A0BT31|A0BT31_PARTE	Paramecium tetraurelia	ciliate	proteome	medium	0.6209		profile_medium
cng	A0BT32__Partet	tr|A0BT32|A0BT32_PARTE	Paramecium tetraurelia	ciliate	proteome	high	0.6181	852	include
cng	A0BT33__Partet	tr|A0BT33|A0BT33_PARTE	Paramecium tetraurelia	ciliate	proteome	medium	0.7228		profile_medium
kv_shaker	A0BU85__Partet	tr|A0BU85|A0BU85_PARTE	Paramecium tetraurelia	ciliate	proteome	medium	0.6087		profile_medium
kv_eag	A0BUH6__Partet	tr|A0BUH6|A0BUH6_PARTE	Paramecium tetraurelia	ciliate	proteome	medium	0.6919		profile_medium
cav	A0BV23__Partet	tr|A0BV23|A0BV23_PARTE	Paramecium tetraurelia	ciliate	proteome	medium	0.794		profile_medium
cng	A0BV57__Partet	tr|A0BV57|A0BV57_PARTE	Paramecium tetraurelia	ciliate	proteome	medium	0.6563		profile_medium
kv_eag	A0BV66__Partet	tr|A0BV66|A0BV66_PARTE	Paramecium tetraurelia	ciliate	proteome	high	0.5803	788	include
cng	A0BV88__Partet	tr|A0BV88|A0BV88_PARTE	Paramecium tetraurelia	ciliate	proteome	medium	0.5318		profile_medium
cng	A0BVD1__Partet	tr|A0BVD1|A0BVD1_PARTE	Paramecium tetraurelia	ciliate	proteome	medium	0.5884		profile_medium
cng	A0BVG8__Partet	tr|A0BVG8|A0BVG8_PARTE	Paramecium tetraurelia	ciliate	proteome	high	0.8755	872	include
cng	A0BVI4__Partet	tr|A0BVI4|A0BVI4_PARTE	Paramecium tetraurelia	ciliate	proteome	high	0.7666	946	include
cng	A0BW83__Partet	tr|A0BW83|A0BW83_PARTE	Paramecium tetraurelia	ciliate	proteome	medium	0.6153		profile_medium
cav	A0BW97__Partet	tr|A0BW97|A0BW97_PARTE	Paramecium tetraurelia	ciliate	proteome	high	0.6076	2113	include
cng	A0BWG9__Partet	tr|A0BWG9|A0BWG9_PARTE	Paramecium tetraurelia	ciliate	proteome	high	0.5728	1004	include
cav	A0BWK2__Partet	tr|A0BWK2|A0BWK2_PARTE	Paramecium tetraurelia	ciliate	proteome	medium	0.7976		profile_medium
cng	A0BWK6__Partet	tr|A0BWK6|A0BWK6_PARTE	Paramecium tetraurelia	ciliate	proteome	medium	0.5318		profile_medium
cav	A0BWK8__Partet	tr|A0BWK8|A0BWK8_PARTE	Paramecium tetraurelia	ciliate	proteome	medium	0.7247		profile_medium
kv_eag	A0BWN2__Partet	tr|A0BWN2|A0BWN2_PARTE	Paramecium tetraurelia	ciliate	proteome	medium	0.5872		profile_medium
kv_eag	A0BWT4__Partet	tr|A0BWT4|A0BWT4_PARTE	Paramecium tetraurelia	ciliate	proteome	medium	0.6171		profile_medium
cng	A0BWZ0__Partet	tr|A0BWZ0|A0BWZ0_PARTE	Paramecium tetraurelia	ciliate	proteome	high	0.5233	892	include
cng	A0BX91__Partet	tr|A0BX91|A0BX91_PARTE	Paramecium tetraurelia	ciliate	proteome	high	0.5474	1070	include
cng	A0BXB1__Partet	tr|A0BXB1|A0BXB1_PARTE	Paramecium tetraurelia	ciliate	proteome	medium	0.5615		profile_medium
cav	A0BXM3__Partet	tr|A0BXM3|A0BXM3_PARTE	Paramecium tetraurelia	ciliate	proteome	high	0.7612	2184	include
cav	A0BYE4__Partet	tr|A0BYE4|A0BYE4_PARTE	Paramecium tetraurelia	ciliate	proteome	medium	0.5419		profile_medium
cng	A0BZ01__Partet	tr|A0BZ01|A0BZ01_PARTE	Paramecium tetraurelia	ciliate	proteome	medium	0.5431		profile_medium
cng	A0BZD9__Partet	tr|A0BZD9|A0BZD9_PARTE	Paramecium tetraurelia	ciliate	proteome	medium	0.6124		profile_medium
cng	A0BZE0__Partet	tr|A0BZE0|A0BZE0_PARTE	Paramecium tetraurelia	ciliate	proteome	medium	0.6308		profile_medium
cav	A0BZH2__Partet	tr|A0BZH2|A0BZH2_PARTE	Paramecium tetraurelia	ciliate	proteome	high	0.8115	1754	include
cav	A0BZH6__Partet	tr|A0BZH6|A0BZH6_PARTE	Paramecium tetraurelia	ciliate	proteome	medium	0.5424		profile_medium
cng	A0BZN4__Partet	tr|A0BZN4|A0BZN4_PARTE	Paramecium tetraurelia	ciliate	proteome	high	0.5233	931	include
osca_tmem63	A0C0G4__Partet	tr|A0C0G4|A0C0G4_PARTE	Paramecium tetraurelia	ciliate	proteome	medium	0.395		profile_medium
kv_eag	A0C0G5__Partet	tr|A0C0G5|A0C0G5_PARTE	Paramecium tetraurelia	ciliate	proteome	medium	0.656		profile_medium
mcu	A0C100__Partet	tr|A0C100|A0C100_PARTE	Paramecium tetraurelia	ciliate	proteome	medium	0.3594		profile_medium
kca_slo	A0C1L5__Partet	tr|A0C1L5|A0C1L5_PARTE	Paramecium tetraurelia	ciliate	proteome	high	0.8749	1038	include
kv_eag	A0C2D2__Partet	tr|A0C2D2|A0C2D2_PARTE	Paramecium tetraurelia	ciliate	proteome	medium	0.4267		profile_medium
mcu	A0C2G4__Partet	tr|A0C2G4|A0C2G4_PARTE	Paramecium tetraurelia	ciliate	proteome	medium	0.3623		profile_medium
itpr	A0C2J2__Partet	tr|A0C2J2|A0C2J2_PARTE	Paramecium tetraurelia	ciliate	proteome	high	0.6908	2886	include
cav	A0C2L5__Partet	tr|A0C2L5|A0C2L5_PARTE	Paramecium tetraurelia	ciliate	proteome	medium	0.773		profile_medium
cng	A0C2M6__Partet	tr|A0C2M6|A0C2M6_PARTE	Paramecium tetraurelia	ciliate	proteome	high	0.5714	1127	include
cng	A0C2T1__Partet	tr|A0C2T1|A0C2T1_PARTE	Paramecium tetraurelia	ciliate	proteome	medium	0.5474		profile_medium
kv_eag	A0C3L8__Partet	tr|A0C3L8|A0C3L8_PARTE	Paramecium tetraurelia	ciliate	proteome	medium	0.3868		profile_medium
cav	A0C5N7__Partet	tr|A0C5N7|A0C5N7_PARTE	Paramecium tetraurelia	ciliate	proteome	high	0.6841	1924	include
osca_tmem63	A0C5T3__Partet	tr|A0C5T3|A0C5T3_PARTE	Paramecium tetraurelia	ciliate	proteome	high	0.6063	791	include
osca_tmem63	A0C5Z3__Partet	tr|A0C5Z3|A0C5Z3_PARTE	Paramecium tetraurelia	ciliate	proteome	high	0.5836	900	include
cng	A0C6D7__Partet	tr|A0C6D7|A0C6D7_PARTE	Paramecium tetraurelia	ciliate	proteome	high	0.6407	1125	include
cng	A0C6I9__Partet	tr|A0C6I9|A0C6I9_PARTE	Paramecium tetraurelia	ciliate	proteome	medium	0.5417		profile_medium
cng	A0C6K3__Partet	tr|A0C6K3|A0C6K3_PARTE	Paramecium tetraurelia	ciliate	proteome	medium	0.7652		profile_medium
cng	A0C779__Partet	tr|A0C779|A0C779_PARTE	Paramecium tetraurelia	ciliate	proteome	medium	0.6294		profile_medium
cng	A0C7U5__Partet	tr|A0C7U5|A0C7U5_PARTE	Paramecium tetraurelia	ciliate	proteome	medium	0.5884		profile_medium
cng	A0C7V8__Partet	tr|A0C7V8|A0C7V8_PARTE	Paramecium tetraurelia	ciliate	proteome	high	0.7595	864	include
itpr	A0C8C7__Partet	tr|A0C8C7|A0C8C7_PARTE	Paramecium tetraurelia	ciliate	proteome	medium	0.4203		profile_medium
cng	A0C9W6__Partet	tr|A0C9W6|A0C9W6_PARTE	Paramecium tetraurelia	ciliate	proteome	medium	0.5262		profile_medium
cng	A0C9Y5__Partet	tr|A0C9Y5|A0C9Y5_PARTE	Paramecium tetraurelia	ciliate	proteome	high	0.6252	1088	include
tpc	A0CA88__Partet	tr|A0CA88|A0CA88_PARTE	Paramecium tetraurelia	ciliate	proteome	high	0.7853	1223	include
cng	A0CAZ7__Partet	tr|A0CAZ7|A0CAZ7_PARTE	Paramecium tetraurelia	ciliate	proteome	medium	0.9095		profile_medium
cng	A0CAZ8__Partet	tr|A0CAZ8|A0CAZ8_PARTE	Paramecium tetraurelia	ciliate	proteome	medium	0.6011		profile_medium
cng	A0CB14__Partet	tr|A0CB14|A0CB14_PARTE	Paramecium tetraurelia	ciliate	proteome	high	0.6393	1041	include
cng	A0CB19__Partet	tr|A0CB19|A0CB19_PARTE	Paramecium tetraurelia	ciliate	proteome	high	0.628	1038	include
kv_eag	A0CB28__Partet	tr|A0CB28|A0CB28_PARTE	Paramecium tetraurelia	ciliate	proteome	medium	0.6042		profile_medium
cng	A0CB36__Partet	tr|A0CB36|A0CB36_PARTE	Paramecium tetraurelia	ciliate	proteome	high	0.7567	1003	include
cav	A0CB41__Partet	tr|A0CB41|A0CB41_PARTE	Paramecium tetraurelia	ciliate	proteome	medium	0.7473		profile_medium
cng	A0CB46__Partet	tr|A0CB46|A0CB46_PARTE	Paramecium tetraurelia	ciliate	proteome	medium	0.5318		profile_medium
kca_slo	A0CBF1__Partet	tr|A0CBF1|A0CBF1_PARTE	Paramecium tetraurelia	ciliate	proteome	high	0.7969	1039	include
kca_slo	A0CBH9__Partet	tr|A0CBH9|A0CBH9_PARTE	Paramecium tetraurelia	ciliate	proteome	high	0.7743	1035	include
cng	A0CBN9__Partet	tr|A0CBN9|A0CBN9_PARTE	Paramecium tetraurelia	ciliate	proteome	high	0.628	1006	include
cng	A0CBR5__Partet	tr|A0CBR5|A0CBR5_PARTE	Paramecium tetraurelia	ciliate	proteome	high	0.7355	874	include
osca_tmem63	A0CBU9__Partet	tr|A0CBU9|A0CBU9_PARTE	Paramecium tetraurelia	ciliate	proteome	medium	0.473		profile_medium
cav	A0CBV7__Partet	tr|A0CBV7|A0CBV7_PARTE	Paramecium tetraurelia	ciliate	proteome	medium	0.7468		profile_medium
cng	A0CBX3__Partet	tr|A0CBX3|A0CBX3_PARTE	Paramecium tetraurelia	ciliate	proteome	medium	0.5262		profile_medium
cng	A0CBX7__Partet	tr|A0CBX7|A0CBX7_PARTE	Paramecium tetraurelia	ciliate	proteome	high	0.7143	778	include
cav	A0CCN7__Partet	tr|A0CCN7|A0CCN7_PARTE	Paramecium tetraurelia	ciliate	proteome	medium	0.8095		profile_medium
cng	A0CCT0__Partet	tr|A0CCT0|A0CCT0_PARTE	Paramecium tetraurelia	ciliate	proteome	medium	0.5276		profile_medium
cav	A0CDM5__Partet	tr|A0CDM5|A0CDM5_PARTE	Paramecium tetraurelia	ciliate	proteome	high	0.7185	1560	include
cng	A0CDV1__Partet	tr|A0CDV1|A0CDV1_PARTE	Paramecium tetraurelia	ciliate	proteome	medium	0.5516		profile_medium
cng	A0CDV2__Partet	tr|A0CDV2|A0CDV2_PARTE	Paramecium tetraurelia	ciliate	proteome	high	0.5545	910	include
kca_sk	A0CEL2__Partet	tr|A0CEL2|A0CEL2_PARTE	Paramecium tetraurelia	ciliate	proteome	medium	0.4976		profile_medium
tpc	A0CES0__Partet	tr|A0CES0|A0CES0_PARTE	Paramecium tetraurelia	ciliate	proteome	high	0.7866	1223	include
kv_eag	A0CEX2__Partet	tr|A0CEX2|A0CEX2_PARTE	Paramecium tetraurelia	ciliate	proteome	medium	0.5314		profile_medium
cng	A0CEX3__Partet	tr|A0CEX3|A0CEX3_PARTE	Paramecium tetraurelia	ciliate	proteome	medium	0.7171		profile_medium
cng	A0CF18__Partet	tr|A0CF18|A0CF18_PARTE	Paramecium tetraurelia	ciliate	proteome	high	0.7694	850	include
cng	A0CF88__Partet	tr|A0CF88|A0CF88_PARTE	Paramecium tetraurelia	ciliate	proteome	high	0.6931	835	include
piezo	A0CH46__Partet	tr|A0CH46|A0CH46_PARTE	Paramecium tetraurelia	ciliate	proteome	medium	0.3245		profile_medium
cng	A0CHY7__Partet	tr|A0CHY7|A0CHY7_PARTE	Paramecium tetraurelia	ciliate	proteome	medium	0.5304		profile_medium
cng	A0CIK2__Partet	tr|A0CIK2|A0CIK2_PARTE	Paramecium tetraurelia	ciliate	proteome	medium	0.628		profile_medium
cng	A0CIL2__Partet	tr|A0CIL2|A0CIL2_PARTE	Paramecium tetraurelia	ciliate	proteome	medium	0.6082		profile_medium
cng	A0CIL3__Partet	tr|A0CIL3|A0CIL3_PARTE	Paramecium tetraurelia	ciliate	proteome	high	0.6521	886	include
cav	A0CIL4__Partet	tr|A0CIL4|A0CIL4_PARTE	Paramecium tetraurelia	ciliate	proteome	high	0.6682	2108	include
cav	A0CIL5__Partet	tr|A0CIL5|A0CIL5_PARTE	Paramecium tetraurelia	ciliate	proteome	high	0.7488	2066	include
cng	A0CIR0__Partet	tr|A0CIR0|A0CIR0_PARTE	Paramecium tetraurelia	ciliate	proteome	medium	0.6761		profile_medium
kv_eag	A0CIR1__Partet	tr|A0CIR1|A0CIR1_PARTE	Paramecium tetraurelia	ciliate	proteome	high	0.6092	888	include
cng	A0CIZ5__Partet	tr|A0CIZ5|A0CIZ5_PARTE	Paramecium tetraurelia	ciliate	proteome	medium	0.8034		profile_medium
cng	A0CJ04__Partet	tr|A0CJ04|A0CJ04_PARTE	Paramecium tetraurelia	ciliate	proteome	high	0.8883	946	include
kv_shaker	A0CJN3__Partet	tr|A0CJN3|A0CJN3_PARTE	Paramecium tetraurelia	ciliate	proteome	medium	0.6051		profile_medium
cng	A0CK41__Partet	tr|A0CK41|A0CK41_PARTE	Paramecium tetraurelia	ciliate	proteome	medium	0.6662		profile_medium
cng	A0CK44__Partet	tr|A0CK44|A0CK44_PARTE	Paramecium tetraurelia	ciliate	proteome	high	0.6521	956	include
tpc	A0CKD9__Partet	tr|A0CKD9|A0CKD9_PARTE	Paramecium tetraurelia	ciliate	proteome	high	0.6335	630	include
kv_shaker	A0CKG7__Partet	tr|A0CKG7|A0CKG7_PARTE	Paramecium tetraurelia	ciliate	proteome	medium	0.692		profile_medium
trpv	A0CKN0__Partet	tr|A0CKN0|A0CKN0_PARTE	Paramecium tetraurelia	ciliate	proteome	medium	0.36		profile_medium
cng	A0CKW6__Partet	tr|A0CKW6|A0CKW6_PARTE	Paramecium tetraurelia	ciliate	proteome	medium	0.7511		profile_medium
cng	A0CKZ1__Partet	tr|A0CKZ1|A0CKZ1_PARTE	Paramecium tetraurelia	ciliate	proteome	high	0.5898	809	include
cng	A0CL74__Partet	tr|A0CL74|A0CL74_PARTE	Paramecium tetraurelia	ciliate	proteome	medium	0.4809		profile_medium
cng	A0CL75__Partet	tr|A0CL75|A0CL75_PARTE	Paramecium tetraurelia	ciliate	proteome	medium	0.4979		profile_medium
itpr	A0CLM4__Partet	tr|A0CLM4|A0CLM4_PARTE	Paramecium tetraurelia	ciliate	proteome	high	0.555	2999	include
cng	A0CMF0__Partet	tr|A0CMF0|A0CMF0_PARTE	Paramecium tetraurelia	ciliate	proteome	high	0.6676	1075	include
tpc	A0CNH5__Partet	tr|A0CNH5|A0CNH5_PARTE	Paramecium tetraurelia	ciliate	proteome	high	0.5628	633	include
cng	A0CNZ7__Partet	tr|A0CNZ7|A0CNZ7_PARTE	Paramecium tetraurelia	ciliate	proteome	medium	0.5417		profile_medium
kv_shaker	A0CPG4__Partet	tr|A0CPG4|A0CPG4_PARTE	Paramecium tetraurelia	ciliate	proteome	medium	0.5978		profile_medium
cng	A0CPH5__Partet	tr|A0CPH5|A0CPH5_PARTE	Paramecium tetraurelia	ciliate	proteome	high	0.5276	967	include
cng	A0CQ31__Partet	tr|A0CQ31|A0CQ31_PARTE	Paramecium tetraurelia	ciliate	proteome	high	0.7496	1074	include
cng	A0CQX0__Partet	tr|A0CQX0|A0CQX0_PARTE	Paramecium tetraurelia	ciliate	proteome	medium	0.5318		profile_medium
kca_slo	A0CRP9__Partet	tr|A0CRP9|A0CRP9_PARTE	Paramecium tetraurelia	ciliate	proteome	high	0.7199	990	include
itpr	A0CS29__Partet	tr|A0CS29|A0CS29_PARTE	Paramecium tetraurelia	ciliate	proteome	medium	0.4878		profile_medium
cng	A0CSV1__Partet	tr|A0CSV1|A0CSV1_PARTE	Paramecium tetraurelia	ciliate	proteome	high	0.6478	1024	include
kv_eag	A0CSV4__Partet	tr|A0CSV4|A0CSV4_PARTE	Paramecium tetraurelia	ciliate	proteome	high	0.5982	853	include
cav	A0CTH2__Partet	tr|A0CTH2|A0CTH2_PARTE	Paramecium tetraurelia	ciliate	proteome	medium	0.8428		profile_medium
kca_sk	A0CTK7__Partet	tr|A0CTK7|A0CTK7_PARTE	Paramecium tetraurelia	ciliate	proteome	medium	0.4897		profile_medium
cav	A0CTU2__Partet	tr|A0CTU2|A0CTU2_PARTE	Paramecium tetraurelia	ciliate	proteome	medium	0.7227		profile_medium
cng	A0CTZ8__Partet	tr|A0CTZ8|A0CTZ8_PARTE	Paramecium tetraurelia	ciliate	proteome	medium	0.3451		profile_medium
vdac	A0CU26__Partet	tr|A0CU26|A0CU26_PARTE	Paramecium tetraurelia	ciliate	proteome				no_profile_call
osca_tmem63	A0CW94__Partet	tr|A0CW94|A0CW94_PARTE	Paramecium tetraurelia	ciliate	proteome	medium	0.3119		profile_medium
cng	A0CX77__Partet	tr|A0CX77|A0CX77_PARTE	Paramecium tetraurelia	ciliate	proteome	medium	0.7072		profile_medium
kca_slo	A0CXU1__Partet	tr|A0CXU1|A0CXU1_PARTE	Paramecium tetraurelia	ciliate	proteome	high	0.7362	986	include
itpr	A0CY56__Partet	tr|A0CY56|A0CY56_PARTE	Paramecium tetraurelia	ciliate	proteome	high	0.5185	3017	include
kca_slo	A0CYF6__Partet	tr|A0CYF6|A0CYF6_PARTE	Paramecium tetraurelia	ciliate	proteome	high	0.7235	995	include
osca_tmem63	A0CZ53__Partet	tr|A0CZ53|A0CZ53_PARTE	Paramecium tetraurelia	ciliate	proteome	medium	0.473		profile_medium
kca_sk	A0CZE0__Partet	tr|A0CZE0|A0CZE0_PARTE	Paramecium tetraurelia	ciliate	proteome	high	0.5864	457	include
itpr	A0CZX3__Partet	tr|A0CZX3|A0CZX3_PARTE	Paramecium tetraurelia	ciliate	proteome	high	0.5642	3009	include
kv_eag	A0CZY2__Partet	tr|A0CZY2|A0CZY2_PARTE	Paramecium tetraurelia	ciliate	proteome	medium	0.6371		profile_medium
tpc	A0D071__Partet	tr|A0D071|A0D071_PARTE	Paramecium tetraurelia	ciliate	proteome	high	0.7552	1188	include
kca_sk	A0D0T4__Partet	tr|A0D0T4|A0D0T4_PARTE	Paramecium tetraurelia	ciliate	proteome	medium	0.6054		profile_medium
kca_sk	A0D0T5__Partet	tr|A0D0T5|A0D0T5_PARTE	Paramecium tetraurelia	ciliate	proteome	medium	0.4659		profile_medium
cng	A0D169__Partet	tr|A0D169|A0D169_PARTE	Paramecium tetraurelia	ciliate	proteome	high	0.6351	692	include
vdac	A0D1A5__Partet	tr|A0D1A5|A0D1A5_PARTE	Paramecium tetraurelia	ciliate	proteome				no_profile_call
vdac	A0D1A6__Partet	tr|A0D1A6|A0D1A6_PARTE	Paramecium tetraurelia	ciliate	proteome				no_profile_call
itpr	A0D1M8__Partet	tr|A0D1M8|A0D1M8_PARTE	Paramecium tetraurelia	ciliate	proteome	high	0.6413	2890	include
trpp	A0D267__Partet	tr|A0D267|A0D267_PARTE	Paramecium tetraurelia	ciliate	proteome	high	0.5304	882	include
cng	A0D296__Partet	tr|A0D296|A0D296_PARTE	Paramecium tetraurelia	ciliate	proteome	high	0.5304	913	include
cng	A0D297__Partet	tr|A0D297|A0D297_PARTE	Paramecium tetraurelia	ciliate	proteome	medium	0.5559		profile_medium
kca_sk	A0D2E5__Partet	tr|A0D2E5|A0D2E5_PARTE	Paramecium tetraurelia	ciliate	proteome	high	0.5436	462	include
cng	A0D372__Partet	tr|A0D372|A0D372_PARTE	Paramecium tetraurelia	ciliate	proteome	high	0.662	1116	include
cng	A0D3R7__Partet	tr|A0D3R7|A0D3R7_PARTE	Paramecium tetraurelia	ciliate	proteome	high	0.6266	1087	include
cng	A0D3S9__Partet	tr|A0D3S9|A0D3S9_PARTE	Paramecium tetraurelia	ciliate	proteome	medium	0.5177		profile_medium
cav	A0D436__Partet	tr|A0D436|A0D436_PARTE	Paramecium tetraurelia	ciliate	proteome	medium	0.7175		profile_medium
cav	A0D437__Partet	tr|A0D437|A0D437_PARTE	Paramecium tetraurelia	ciliate	proteome	medium	0.774		profile_medium
kca_sk	A0D451__Partet	tr|A0D451|A0D451_PARTE	Paramecium tetraurelia	ciliate	proteome	high	0.5325	463	include
kca_sk	A0D452__Partet	tr|A0D452|A0D452_PARTE	Paramecium tetraurelia	ciliate	proteome	medium	0.4659		profile_medium
cng	A0D498__Partet	tr|A0D498|A0D498_PARTE	Paramecium tetraurelia	ciliate	proteome	high	0.5601	911	include
tpc	A0D4P8__Partet	tr|A0D4P8|A0D4P8_PARTE	Paramecium tetraurelia	ciliate	proteome	high	0.7421	1201	include
kv_eag	A0D584__Partet	tr|A0D584|A0D584_PARTE	Paramecium tetraurelia	ciliate	proteome	medium	0.6421		profile_medium
kca_sk	A0D5E0__Partet	tr|A0D5E0|A0D5E0_PARTE	Paramecium tetraurelia	ciliate	proteome	medium	0.4596		profile_medium
kca_sk	A0D5E1__Partet	tr|A0D5E1|A0D5E1_PARTE	Paramecium tetraurelia	ciliate	proteome	medium	0.3201		profile_medium
cav	A0D5W4__Partet	tr|A0D5W4|A0D5W4_PARTE	Paramecium tetraurelia	ciliate	proteome	high	0.7612	2195	include
cng	A0D5X1__Partet	tr|A0D5X1|A0D5X1_PARTE	Paramecium tetraurelia	ciliate	proteome	high	0.7086	903	include
cng	A0D5X2__Partet	tr|A0D5X2|A0D5X2_PARTE	Paramecium tetraurelia	ciliate	proteome	medium	0.6719		profile_medium
cng	A0D5X3__Partet	tr|A0D5X3|A0D5X3_PARTE	Paramecium tetraurelia	ciliate	proteome	medium	0.9279		profile_medium
cng	A0D5Y9__Partet	tr|A0D5Y9|A0D5Y9_PARTE	Paramecium tetraurelia	ciliate	proteome	high	0.7369	892	include
cav	A0D627__Partet	tr|A0D627|A0D627_PARTE	Paramecium tetraurelia	ciliate	proteome	medium	0.8156		profile_medium
cng	A0D683__Partet	tr|A0D683|A0D683_PARTE	Paramecium tetraurelia	ciliate	proteome	high	0.7723	856	include
cng	A0D6P3__Partet	tr|A0D6P3|A0D6P3_PARTE	Paramecium tetraurelia	ciliate	proteome	high	0.5276	943	include
cng	A0D743__Partet	tr|A0D743|A0D743_PARTE	Paramecium tetraurelia	ciliate	proteome	high	0.7016	1156	include
cng	A0D7S0__Partet	tr|A0D7S0|A0D7S0_PARTE	Paramecium tetraurelia	ciliate	proteome	high	0.5728	1004	include
cng	A0D7S5__Partet	tr|A0D7S5|A0D7S5_PARTE	Paramecium tetraurelia	ciliate	proteome	high	0.5997	1043	include
cng	A0D965__Partet	tr|A0D965|A0D965_PARTE	Paramecium tetraurelia	ciliate	proteome	high	0.7765	733	include
cng	A0D9F3__Partet	tr|A0D9F3|A0D9F3_PARTE	Paramecium tetraurelia	ciliate	proteome	medium	0.6803		profile_medium
kv_eag	A0D9F5__Partet	tr|A0D9F5|A0D9F5_PARTE	Paramecium tetraurelia	ciliate	proteome	medium	0.5713		profile_medium
osca_tmem63	A0D9F6__Partet	tr|A0D9F6|A0D9F6_PARTE	Paramecium tetraurelia	ciliate	proteome	medium	0.3962		profile_medium
piezo	A0DB57__Partet	tr|A0DB57|A0DB57_PARTE	Paramecium tetraurelia	ciliate	proteome	medium	0.3214		profile_medium
cav	A0DB70__Partet	tr|A0DB70|A0DB70_PARTE	Paramecium tetraurelia	ciliate	proteome	high	0.7427	2133	include
hcn	A0DBG0__Partet	tr|A0DBG0|A0DBG0_PARTE	Paramecium tetraurelia	ciliate	proteome	medium	0.4614		profile_medium
cng	A0DBT1__Partet	tr|A0DBT1|A0DBT1_PARTE	Paramecium tetraurelia	ciliate	proteome	high	0.6223	603	include
kca_sk	A0DCH5__Partet	tr|A0DCH5|A0DCH5_PARTE	Paramecium tetraurelia	ciliate	proteome	medium	0.3502		profile_medium
cav	A0DCS2__Partet	tr|A0DCS2|A0DCS2_PARTE	Paramecium tetraurelia	ciliate	proteome	medium	0.3847		profile_medium
cng	A0DCZ8__Partet	tr|A0DCZ8|A0DCZ8_PARTE	Paramecium tetraurelia	ciliate	proteome	high	0.6832	1113	include
kv_eag	A0DDA9__Partet	tr|A0DDA9|A0DDA9_PARTE	Paramecium tetraurelia	ciliate	proteome	medium	0.4806		profile_medium
cng	A0DDP6__Partet	tr|A0DDP6|A0DDP6_PARTE	Paramecium tetraurelia	ciliate	proteome	medium	0.5573		profile_medium
kca_sk	A0DDU9__Partet	tr|A0DDU9|A0DDU9_PARTE	Paramecium tetraurelia	ciliate	proteome	high	0.5658	449	include
cng	A0DE73__Partet	tr|A0DE73|A0DE73_PARTE	Paramecium tetraurelia	ciliate	proteome	high	0.5205	892	include
itpr	A0DEL2__Partet	tr|A0DEL2|A0DEL2_PARTE	Paramecium tetraurelia	ciliate	proteome	high	0.6421	2890	include
vdac	A0DF17__Partet	tr|A0DF17|A0DF17_PARTE	Paramecium tetraurelia	ciliate	proteome				no_profile_call
cng	A0DF65__Partet	tr|A0DF65|A0DF65_PARTE	Paramecium tetraurelia	ciliate	proteome	high	0.5318	995	include
cng	A0DFW9__Partet	tr|A0DFW9|A0DFW9_PARTE	Paramecium tetraurelia	ciliate	proteome	medium	0.6223		profile_medium
cng	A0DFY4__Partet	tr|A0DFY4|A0DFY4_PARTE	Paramecium tetraurelia	ciliate	proteome	high	0.5686	895	include
cng	A0DH05__Partet	tr|A0DH05|A0DH05_PARTE	Paramecium tetraurelia	ciliate	proteome	medium	0.5262		profile_medium
kv_eag	A0DHN3__Partet	tr|A0DHN3|A0DHN3_PARTE	Paramecium tetraurelia	ciliate	proteome	medium	0.6431		profile_medium
cng	A0DHY9__Partet	tr|A0DHY9|A0DHY9_PARTE	Paramecium tetraurelia	ciliate	proteome	medium	0.5672		profile_medium
cng	A0DHZ7__Partet	tr|A0DHZ7|A0DHZ7_PARTE	Paramecium tetraurelia	ciliate	proteome	medium	0.4441		profile_medium
osca_tmem63	A0DI05__Partet	tr|A0DI05|A0DI05_PARTE	Paramecium tetraurelia	ciliate	proteome	high	0.6855	764	include
osca_tmem63	A0DI06__Partet	tr|A0DI06|A0DI06_PARTE	Paramecium tetraurelia	ciliate	proteome	high	0.6352	749	include
osca_tmem63	A0DI07__Partet	tr|A0DI07|A0DI07_PARTE	Paramecium tetraurelia	ciliate	proteome	high	0.6491	764	include
cav	A0DI39__Partet	tr|A0DI39|A0DI39_PARTE	Paramecium tetraurelia	ciliate	proteome	high	0.8017	2023	include
cav	A0DI67__Partet	tr|A0DI67|A0DI67_PARTE	Paramecium tetraurelia	ciliate	proteome	medium	0.7904		profile_medium
cav	A0DI68__Partet	tr|A0DI68|A0DI68_PARTE	Paramecium tetraurelia	ciliate	proteome	high	0.8084	2039	include
cav	A0DIV9__Partet	tr|A0DIV9|A0DIV9_PARTE	Paramecium tetraurelia	ciliate	proteome	medium	0.8552		profile_medium
cav	A0DIW0__Partet	tr|A0DIW0|A0DIW0_PARTE	Paramecium tetraurelia	ciliate	proteome	medium	0.6584		profile_medium
kca_sk	A0DIY4__Partet	tr|A0DIY4|A0DIY4_PARTE	Paramecium tetraurelia	ciliate	proteome	medium	0.4675		profile_medium
cng	A0DIZ2__Partet	tr|A0DIZ2|A0DIZ2_PARTE	Paramecium tetraurelia	ciliate	proteome	high	0.6973	828	include
cng	A0DJS6__Partet	tr|A0DJS6|A0DJS6_PARTE	Paramecium tetraurelia	ciliate	proteome	high	0.7016	1135	include
cng	A0DK81__Partet	tr|A0DK81|A0DK81_PARTE	Paramecium tetraurelia	ciliate	proteome	medium	0.7723		profile_medium
cng	A0DKH7__Partet	tr|A0DKH7|A0DKH7_PARTE	Paramecium tetraurelia	ciliate	proteome	medium	0.5757		profile_medium
cng	A0DKH8__Partet	tr|A0DKH8|A0DKH8_PARTE	Paramecium tetraurelia	ciliate	proteome	high	0.7765	853	include
kv_eag	A0DKI0__Partet	tr|A0DKI0|A0DKI0_PARTE	Paramecium tetraurelia	ciliate	proteome	medium	0.4706		profile_medium
cng	A0DKJ2__Partet	tr|A0DKJ2|A0DKJ2_PARTE	Paramecium tetraurelia	ciliate	proteome	medium	0.9081		profile_medium
cng	A0DLJ6__Partet	tr|A0DLJ6|A0DLJ6_PARTE	Paramecium tetraurelia	ciliate	proteome	high	0.6223	1122	include
cng	A0DLX1__Partet	tr|A0DLX1|A0DLX1_PARTE	Paramecium tetraurelia	ciliate	proteome	medium	0.6365		profile_medium
hcn	A0DMB2__Partet	tr|A0DMB2|A0DMB2_PARTE	Paramecium tetraurelia	ciliate	proteome	medium	0.4506		profile_medium
hcn	A0DNP6__Partet	tr|A0DNP6|A0DNP6_PARTE	Paramecium tetraurelia	ciliate	proteome	medium	0.4506		profile_medium
cng	A0DNS4__Partet	tr|A0DNS4|A0DNS4_PARTE	Paramecium tetraurelia	ciliate	proteome	medium	0.4272		profile_medium
hcn	A0DP00__Partet	tr|A0DP00|A0DP00_PARTE	Paramecium tetraurelia	ciliate	proteome	medium	0.6706		profile_medium
cng	A0DP40__Partet	tr|A0DP40|A0DP40_PARTE	Paramecium tetraurelia	ciliate	proteome	medium	0.5361		profile_medium
cng	A0DPG6__Partet	tr|A0DPG6|A0DPG6_PARTE	Paramecium tetraurelia	ciliate	proteome	medium	0.5191		profile_medium
trpml	A0DPK6__Partet	tr|A0DPK6|A0DPK6_PARTE	Paramecium tetraurelia	ciliate	proteome	medium	0.3503		profile_medium
cng	A0DPV7__Partet	tr|A0DPV7|A0DPV7_PARTE	Paramecium tetraurelia	ciliate	proteome	medium	0.9066		profile_medium
cav	A0DR68__Partet	tr|A0DR68|A0DR68_PARTE	Paramecium tetraurelia	ciliate	proteome	medium	0.6425		profile_medium
cav	A0DRJ4__Partet	tr|A0DRJ4|A0DRJ4_PARTE	Paramecium tetraurelia	ciliate	proteome	medium	0.6641		profile_medium
cng	A0DRM9__Partet	tr|A0DRM9|A0DRM9_PARTE	Paramecium tetraurelia	ciliate	proteome	medium	0.7058		profile_medium
cng	A0DSC4__Partet	tr|A0DSC4|A0DSC4_PARTE	Paramecium tetraurelia	ciliate	proteome	medium	0.6266		profile_medium
vdac	A0DSK2__Partet	tr|A0DSK2|A0DSK2_PARTE	Paramecium tetraurelia	ciliate	proteome	none	0.6223		no_profile_call
cng	A0DV88__Partet	tr|A0DV88|A0DV88_PARTE	Paramecium tetraurelia	ciliate	proteome	high	0.8105	985	include
cng	A0DVJ1__Partet	tr|A0DVJ1|A0DVJ1_PARTE	Paramecium tetraurelia	ciliate	proteome	high	0.6209	1164	include
cng	A0DVK0__Partet	tr|A0DVK0|A0DVK0_PARTE	Paramecium tetraurelia	ciliate	proteome	medium	0.5191		profile_medium
cav	A0DX61__Partet	tr|A0DX61|A0DX61_PARTE	Paramecium tetraurelia	ciliate	proteome	high	0.8367	2432	include
cng	A0DX91__Partet	tr|A0DX91|A0DX91_PARTE	Paramecium tetraurelia	ciliate	proteome	high	0.5361	629	include
cng	A0DX96__Partet	tr|A0DX96|A0DX96_PARTE	Paramecium tetraurelia	ciliate	proteome	high	0.7793	1038	include
kv_eag	A0DXB3__Partet	tr|A0DXB3|A0DXB3_PARTE	Paramecium tetraurelia	ciliate	proteome	medium	0.3878		profile_medium
cng	A0DXC3__Partet	tr|A0DXC3|A0DXC3_PARTE	Paramecium tetraurelia	ciliate	proteome	medium	0.5332		profile_medium
cav	A0DXC4__Partet	tr|A0DXC4|A0DXC4_PARTE	Paramecium tetraurelia	ciliate	proteome	medium	0.7401		profile_medium
cav	A0DXP6__Partet	tr|A0DXP6|A0DXP6_PARTE	Paramecium tetraurelia	ciliate	proteome	medium	0.794		profile_medium
cav	A0DXQ5__Partet	tr|A0DXQ5|A0DXQ5_PARTE	Paramecium tetraurelia	ciliate	proteome	medium	0.812		profile_medium
cng	A0DXQ7__Partet	tr|A0DXQ7|A0DXQ7_PARTE	Paramecium tetraurelia	ciliate	proteome	medium	0.7426		profile_medium
trpn	A0DYX0__Partet	tr|A0DYX0|A0DYX0_PARTE	Paramecium tetraurelia	ciliate	proteome	medium	0.4123		profile_medium
mcu	A0DZ72__Partet	tr|A0DZ72|A0DZ72_PARTE	Paramecium tetraurelia	ciliate	proteome				no_profile_call
cng	A0DZY8__Partet	tr|A0DZY8|A0DZY8_PARTE	Paramecium tetraurelia	ciliate	proteome	medium	0.4554		profile_medium
cng	A0E0I1__Partet	tr|A0E0I1|A0E0I1_PARTE	Paramecium tetraurelia	ciliate	proteome	medium	0.5997		profile_medium
cng	A0E0P5__Partet	tr|A0E0P5|A0E0P5_PARTE	Paramecium tetraurelia	ciliate	proteome	high	0.7313	866	include
cng	A0E0P8__Partet	tr|A0E0P8|A0E0P8_PARTE	Paramecium tetraurelia	ciliate	proteome	medium	0.7016		profile_medium
cng	A0E0Z7__Partet	tr|A0E0Z7|A0E0Z7_PARTE	Paramecium tetraurelia	ciliate	proteome	high	0.7341	901	include
cng	A0E102__Partet	tr|A0E102|A0E102_PARTE	Paramecium tetraurelia	ciliate	proteome	medium	0.5318		profile_medium
cng	A0E111__Partet	tr|A0E111|A0E111_PARTE	Paramecium tetraurelia	ciliate	proteome	high	0.8119	899	include
cng	A0E2F4__Partet	tr|A0E2F4|A0E2F4_PARTE	Paramecium tetraurelia	ciliate	proteome	medium	0.5318		profile_medium
cng	A0E2K9__Partet	tr|A0E2K9|A0E2K9_PARTE	Paramecium tetraurelia	ciliate	proteome	high	0.6506	886	include
cav	A0E2X2__Partet	tr|A0E2X2|A0E2X2_PARTE	Paramecium tetraurelia	ciliate	proteome	medium	0.7678		profile_medium
hcn	A0E3X9__Partet	tr|A0E3X9|A0E3X9_PARTE	Paramecium tetraurelia	ciliate	proteome	medium	0.4721		profile_medium
kv_eag	A0E454__Partet	tr|A0E454|A0E454_PARTE	Paramecium tetraurelia	ciliate	proteome	medium	0.6919		profile_medium
itpr	A0E570__Partet	tr|A0E570|A0E570_PARTE	Paramecium tetraurelia	ciliate	proteome	high	0.7996	2847	include
kv_shaker	A0E5K8__Partet	tr|A0E5K8|A0E5K8_PARTE	Paramecium tetraurelia	ciliate	proteome	medium	0.6812		profile_medium
kv_eag	A0E696__Partet	tr|A0E696|A0E696_PARTE	Paramecium tetraurelia	ciliate	proteome	medium	0.6261		profile_medium
kv_eag	A0E6E7__Partet	tr|A0E6E7|A0E6E7_PARTE	Paramecium tetraurelia	ciliate	proteome	high	0.6959	861	include
kv_eag	A0E6J6__Partet	tr|A0E6J6|A0E6J6_PARTE	Paramecium tetraurelia	ciliate	proteome	medium	0.6241		profile_medium
cng	A0E749__Partet	tr|A0E749|A0E749_PARTE	Paramecium tetraurelia	ciliate	proteome	medium	0.4738		profile_medium
cng	A0E7A0__Partet	tr|A0E7A0|A0E7A0_PARTE	Paramecium tetraurelia	ciliate	proteome	high	0.785	1127	include
mcu	A0E7U6__Partet	tr|A0E7U6|A0E7U6_PARTE	Paramecium tetraurelia	ciliate	proteome	high	0.5565	352	include
cng	A0E7Y4__Partet	tr|A0E7Y4|A0E7Y4_PARTE	Paramecium tetraurelia	ciliate	proteome	high	0.6223	1062	include
cng	A0E7Z6__Partet	tr|A0E7Z6|A0E7Z6_PARTE	Paramecium tetraurelia	ciliate	proteome	medium	0.8091		profile_medium
kca_slo	A0E804__Partet	tr|A0E804|A0E804_PARTE	Paramecium tetraurelia	ciliate	proteome	high	0.9066	1140	include
kv_eag	A0E853__Partet	tr|A0E853|A0E853_PARTE	Paramecium tetraurelia	ciliate	proteome	medium	0.6261		profile_medium
cav	A0E8H4__Partet	tr|A0E8H4|A0E8H4_PARTE	Paramecium tetraurelia	ciliate	proteome	medium	0.7863		profile_medium
cng	A0E8I2__Partet	tr|A0E8I2|A0E8I2_PARTE	Paramecium tetraurelia	ciliate	proteome	medium	0.4965		profile_medium
cng	A0E8K7__Partet	tr|A0E8K7|A0E8K7_PARTE	Paramecium tetraurelia	ciliate	proteome	medium	0.5644		profile_medium
cng	A0EAL3__Partet	tr|A0EAL3|A0EAL3_PARTE	Paramecium tetraurelia	ciliate	proteome	medium	0.611		profile_medium
tpc	A0EAP2__Partet	tr|A0EAP2|A0EAP2_PARTE	Paramecium tetraurelia	ciliate	proteome	high	0.7618	1176	include
itpr	A0EAQ9__Partet	tr|A0EAQ9|A0EAQ9_PARTE	Paramecium tetraurelia	ciliate	proteome	high	0.5137	2595	include
kv_shaker	A0EAY6__Partet	tr|A0EAY6|A0EAY6_PARTE	Paramecium tetraurelia	ciliate	proteome	medium	0.5815		profile_medium
osca_tmem63	A0EBA1__Partet	tr|A0EBA1|A0EBA1_PARTE	Paramecium tetraurelia	ciliate	proteome	medium	0.3484		profile_medium
cng	A0EBK6__Partet	tr|A0EBK6|A0EBK6_PARTE	Paramecium tetraurelia	ciliate	proteome	high	0.5813	996	include
cng	A0EBL1__Partet	tr|A0EBL1|A0EBL1_PARTE	Paramecium tetraurelia	ciliate	proteome	medium	0.4668		profile_medium
cng	A0EBL2__Partet	tr|A0EBL2|A0EBL2_PARTE	Paramecium tetraurelia	ciliate	proteome	high	0.5644	1047	include
cng	A0EBM1__Partet	tr|A0EBM1|A0EBM1_PARTE	Paramecium tetraurelia	ciliate	proteome	high	0.5474	1011	include
cng	A0EBM2__Partet	tr|A0EBM2|A0EBM2_PARTE	Paramecium tetraurelia	ciliate	proteome	medium	0.4696		profile_medium
cng	A0ECD3__Partet	tr|A0ECD3|A0ECD3_PARTE	Paramecium tetraurelia	ciliate	proteome	medium	0.5149		profile_medium
cng	A0ECZ2__Partet	tr|A0ECZ2|A0ECZ2_PARTE	Paramecium tetraurelia	ciliate	proteome	high	0.7327	871	include
cng	A0EDE0__Partet	tr|A0EDE0|A0EDE0_PARTE	Paramecium tetraurelia	ciliate	proteome	high	0.6492	935	include
kv_eag	A0EDE4__Partet	tr|A0EDE4|A0EDE4_PARTE	Paramecium tetraurelia	ciliate	proteome	medium	0.655		profile_medium
kv_eag	A0EDI4__Partet	tr|A0EDI4|A0EDI4_PARTE	Paramecium tetraurelia	ciliate	proteome	medium	0.3041		profile_medium
cng	A0EEI4__Partet	tr|A0EEI4|A0EEI4_PARTE	Paramecium tetraurelia	ciliate	proteome	medium	0.4724		profile_medium
piezo	A0EEL2__Partet	tr|A0EEL2|A0EEL2_PARTE	Paramecium tetraurelia	ciliate	proteome	medium	0.4268		profile_medium
cng	A0EEV9__Partet	tr|A0EEV9|A0EEV9_PARTE	Paramecium tetraurelia	ciliate	proteome	high	0.6591	702	include
piezo	A0EF36__Partet	tr|A0EF36|A0EF36_PARTE	Paramecium tetraurelia	ciliate	proteome	medium	0.4284		profile_medium
cng	A0EFY8__Partet	tr|A0EFY8|A0EFY8_PARTE	Paramecium tetraurelia	ciliate	proteome	medium	0.3437		profile_medium
kca_sk	A0EGI3__Partet	tr|A0EGI3|A0EGI3_PARTE	Paramecium tetraurelia	ciliate	proteome	high	0.6006	467	include
itpr	A0EGR9__Partet	tr|A0EGR9|A0EGR9_PARTE	Paramecium tetraurelia	ciliate	proteome	high	0.683	2583	include
cng	A0EHB4__Partet	tr|A0EHB4|A0EHB4_PARTE	Paramecium tetraurelia	ciliate	proteome	medium	0.6987		profile_medium
cng	A0EHX6__Partet	tr|A0EHX6|A0EHX6_PARTE	Paramecium tetraurelia	ciliate	proteome	medium	0.7171		profile_medium
itpr	A0EI63__Partet	tr|A0EI63|A0EI63_PARTE	Paramecium tetraurelia	ciliate	proteome	medium	0.4432		profile_medium
k2p	A1EHR5__Caeele	tr|A1EHR5|A1EHR5_CAEEL	Caenorhabditis elegans	invertebrate	proteome	high	0.6517	676	include
k2p	A1Z7A1__Dromel	tr|A1Z7A1|A1Z7A1_DROME	Drosophila melanogaster	invertebrate	proteome	high	0.6269	395	include
k2p	A1Z7Z1__Dromel	tr|A1Z7Z1|A1Z7Z1_DROME	Drosophila melanogaster	invertebrate	proteome	high	0.6269	918	include
kv_kcnq	A1Z856__Dromel	tr|A1Z856|A1Z856_DROME	Drosophila melanogaster	invertebrate	proteome	high	0.7237	993	include
hcn	A1Z9N7__Dromel	tr|A1Z9N7|A1Z9N7_DROME	Drosophila melanogaster	invertebrate	proteome	high	0.5093	1327	include
kv_eag	A1ZB14__Dromel	tr|A1ZB14|A1ZB14_DROME	Drosophila melanogaster	invertebrate	proteome	high	0.6839	1284	include
asic	A1ZBS1__Dromel	tr|A1ZBS1|A1ZBS1_DROME	Drosophila melanogaster	invertebrate	proteome	medium	0.3071		profile_medium
kv_eag	A2A5F7__Musmus	tr|A2A5F7|A2A5F7_MOUSE	Mus musculus	vertebrate	proteome	high	0.997	1018	include
gabaa	A2AMW3__Musmus	tr|A2AMW3|A2AMW3_MOUSE	Mus musculus	vertebrate	proteome	high	0.9298	916	include
lrrc8	A2BF98__Danrer	tr|A2BF98|A2BF98_DANRE	Danio rerio	vertebrate	proteome	high	0.9988	796	include
nachr	A2BG85__Danrer	tr|A2BG85|A2BG85_DANRE	Danio rerio	vertebrate	proteome	high	0.9793	517	include
trpml	A2BGV1__Danrer	tr|A2BGV1|A2BGV1_DANRE	Danio rerio	vertebrate	proteome	high	0.9352	581	include
lrrc8	A2BIH6__Danrer	tr|A2BIH6|A2BIH6_DANRE	Danio rerio	vertebrate	proteome	high	0.9988	825	include
lrrc8	A2ZPJ3__Orysat	tr|A2ZPJ3|A2ZPJ3_ORYSJ	Oryza sativa	plant	proteome	medium	0.411		profile_medium
kv_modifier	A3KQM6__Danrer	tr|A3KQM6|A3KQM6_DANRE	Danio rerio	vertebrate	proteome	high	0.8797	538	include
cng	A4VCQ1__Tetthe	tr|A4VCQ1|A4VCQ1_TETTS	Tetrahymena thermophila	ciliate	proteome	medium	0.7864		profile_medium
cng	A4VCQ2__Tetthe	tr|A4VCQ2|A4VCQ2_TETTS	Tetrahymena thermophila	ciliate	proteome	medium	0.7185		profile_medium
cng	A4VDB0__Tetthe	tr|A4VDB0|A4VDB0_TETTS	Tetrahymena thermophila	ciliate	proteome	medium	0.546		profile_medium
cng	A4VDG8__Tetthe	tr|A4VDG8|A4VDG8_TETTS	Tetrahymena thermophila	ciliate	proteome	medium	0.3918		profile_medium
cng	A4VEN0__Tetthe	tr|A4VEN0|A4VEN0_TETTS	Tetrahymena thermophila	ciliate	proteome	medium	0.454		profile_medium
cng	A4VEU4__Tetthe	tr|A4VEU4|A4VEU4_TETTS	Tetrahymena thermophila	ciliate	proteome	medium	0.5488		profile_medium
kv_eag	A4VEY3__Tetthe	tr|A4VEY3|A4VEY3_TETTS	Tetrahymena thermophila	ciliate	proteome	medium	0.651		profile_medium
bestrophin	A5JYR2__Caeele	tr|A5JYR2|A5JYR2_CAEEL	Caenorhabditis elegans	invertebrate	proteome	high	0.7059	405	include
nachr	A5JYS3__Caeele	tr|A5JYS3|A5JYS3_CAEEL	Caenorhabditis elegans	invertebrate	proteome	medium	0.4969		profile_medium
gabaa	A7RF65__Nemvec	tr|A7RF65|A7RF65_NEMVE	Nematostella vectensis	cnidarian	proteome	medium	0.6404		profile_medium
catsper	A7RF81__Nemvec	tr|A7RF81|A7RF81_NEMVE	Nematostella vectensis	cnidarian	proteome	medium	0.4189		profile_medium
nachr	A7RFJ2__Nemvec	tr|A7RFJ2|A7RFJ2_NEMVE	Nematostella vectensis	cnidarian	proteome	high	0.5652	278	include
nachr	A7RFJ5__Nemvec	tr|A7RFJ5|A7RFJ5_NEMVE	Nematostella vectensis	cnidarian	proteome	high	0.6749	328	include
nachr	A7RFJ6__Nemvec	tr|A7RFJ6|A7RFJ6_NEMVE	Nematostella vectensis	cnidarian	proteome	medium	0.4513		profile_medium
osca_tmem63	A7RGG4__Nemvec	tr|A7RGG4|A7RGG4_NEMVE	Nematostella vectensis	cnidarian	proteome	high	0.8755	760	include
cng	A7RGK0__Nemvec	tr|A7RGK0|A7RGK0_NEMVE	Nematostella vectensis	cnidarian	proteome	high	0.6082	437	include
asic	A7RGQ6__Nemvec	tr|A7RGQ6|A7RGQ6_NEMVE	Nematostella vectensis	cnidarian	proteome	high	0.8618	447	include
trpv	A7RH64__Nemvec	tr|A7RH64|A7RH64_NEMVE	Nematostella vectensis	cnidarian	proteome	medium	0.4094		profile_medium
trpc	A7RH68__Nemvec	tr|A7RH68|A7RH68_NEMVE	Nematostella vectensis	cnidarian	proteome	high	0.5951	571	include
gabaa	A7RHH0__Nemvec	tr|A7RHH0|A7RHH0_NEMVE	Nematostella vectensis	cnidarian	proteome	medium	0.5746		profile_medium
nachr	A7RHV9__Nemvec	tr|A7RHV9|A7RHV9_NEMVE	Nematostella vectensis	cnidarian	proteome	high	0.6667	336	include
hcn	A7RI02__Nemvec	tr|A7RI02|A7RI02_NEMVE	Nematostella vectensis	cnidarian	proteome	medium	0.48		profile_medium
asic	A7RI82__Nemvec	tr|A7RI82|A7RI82_NEMVE	Nematostella vectensis	cnidarian	proteome	high	0.8061	584	include
asic	A7RI83__Nemvec	tr|A7RI83|A7RI83_NEMVE	Nematostella vectensis	cnidarian	proteome	medium	0.4299		profile_medium
asic	A7RI84__Nemvec	tr|A7RI84|A7RI84_NEMVE	Nematostella vectensis	cnidarian	proteome	medium	0.3129		profile_medium
kv_shaker	A7RI86__Nemvec	tr|A7RI86|A7RI86_NEMVE	Nematostella vectensis	cnidarian	proteome	medium	0.6848		profile_medium
kv_shaker	A7RIS5__Nemvec	tr|A7RIS5|A7RIS5_NEMVE	Nematostella vectensis	cnidarian	proteome	high	0.721	382	include
k2p	A7RIT3__Nemvec	tr|A7RIT3|A7RIT3_NEMVE	Nematostella vectensis	cnidarian	proteome	high	0.6294	316	include
trpp	A7RIZ7__Nemvec	tr|A7RIZ7|A7RIZ7_NEMVE	Nematostella vectensis	cnidarian	proteome	high	0.5143	445	include
trpp	A7RJ00__Nemvec	tr|A7RJ00|A7RJ00_NEMVE	Nematostella vectensis	cnidarian	proteome	high	0.5836	460	include
trpp	A7RJ04__Nemvec	tr|A7RJ04|A7RJ04_NEMVE	Nematostella vectensis	cnidarian	proteome	high	0.5452	442	include
calhm	A7RJ33__Nemvec	tr|A7RJ33|A7RJ33_NEMVE	Nematostella vectensis	cnidarian	proteome	medium	0.4019		profile_medium
asic	A7RJS8__Nemvec	tr|A7RJS8|A7RJS8_NEMVE	Nematostella vectensis	cnidarian	proteome	high	0.7409	484	include
trpp	A7RJU8__Nemvec	tr|A7RJU8|A7RJU8_NEMVE	Nematostella vectensis	cnidarian	proteome	medium	0.3804		profile_medium
trpc	A7RJX1__Nemvec	tr|A7RJX1|A7RJX1_NEMVE	Nematostella vectensis	cnidarian	proteome	high	0.6696	589	include
kv_shaker	A7RJY3__Nemvec	tr|A7RJY3|A7RJY3_NEMVE	Nematostella vectensis	cnidarian	proteome	medium	0.7264		profile_medium
kv_shaker	A7RJZ2__Nemvec	tr|A7RJZ2|A7RJZ2_NEMVE	Nematostella vectensis	cnidarian	proteome	medium	0.3659		profile_medium
kv_shaker	A7RJZ5__Nemvec	tr|A7RJZ5|A7RJZ5_NEMVE	Nematostella vectensis	cnidarian	proteome	medium	0.7264		profile_medium
kv_shaker	A7RJZ6__Nemvec	tr|A7RJZ6|A7RJZ6_NEMVE	Nematostella vectensis	cnidarian	proteome	medium	0.7283		profile_medium
otop	A7RK62__Nemvec	tr|A7RK62|A7RK62_NEMVE	Nematostella vectensis	cnidarian	proteome	high	0.537	614	include
nachr	A7RK98__Nemvec	tr|A7RK98|A7RK98_NEMVE	Nematostella vectensis	cnidarian	proteome	medium	0.4451		profile_medium
nachr	A7RK99__Nemvec	tr|A7RK99|A7RK99_NEMVE	Nematostella vectensis	cnidarian	proteome	high	0.8509	446	include
trpp	A7RKQ4__Nemvec	tr|A7RKQ4|A7RKQ4_NEMVE	Nematostella vectensis	cnidarian	proteome	medium	0.3346		profile_medium
nachr	A7RKU6__Nemvec	tr|A7RKU6|A7RKU6_NEMVE	Nematostella vectensis	cnidarian	proteome	high	0.6729	331	include
kv_shaker	A7RL21__Nemvec	tr|A7RL21|A7RL21_NEMVE	Nematostella vectensis	cnidarian	proteome	medium	0.6685		profile_medium
gabaa	A7RL25__Nemvec	tr|A7RL25|A7RL25_NEMVE	Nematostella vectensis	cnidarian	proteome	medium	0.6798		profile_medium
asic	A7RL38__Nemvec	tr|A7RL38|A7RL38_NEMVE	Nematostella vectensis	cnidarian	proteome	high	0.8522	633	include
nmda	A7RLA0__Nemvec	tr|A7RLA0|A7RLA0_NEMVE	Nematostella vectensis	cnidarian	proteome	high	0.6044	985	include
k2p	A7RLC4__Nemvec	tr|A7RLC4|A7RLC4_NEMVE	Nematostella vectensis	cnidarian	proteome	high	0.51	199	include
k2p	A7RLC5__Nemvec	tr|A7RLC5|A7RLC5_NEMVE	Nematostella vectensis	cnidarian	proteome	high	0.6741	294	include
kv_shaker	A7RLC8__Nemvec	tr|A7RLC8|A7RLC8_NEMVE	Nematostella vectensis	cnidarian	proteome	high	0.6902	385	include
kv_shaker	A7RLC9__Nemvec	tr|A7RLC9|A7RLC9_NEMVE	Nematostella vectensis	cnidarian	proteome	medium	0.683		profile_medium
asic	A7RLG1__Nemvec	tr|A7RLG1|A7RLG1_NEMVE	Nematostella vectensis	cnidarian	proteome	medium	0.7985		profile_medium
kv_shaker	A7RLG2__Nemvec	tr|A7RLG2|A7RLG2_NEMVE	Nematostella vectensis	cnidarian	proteome	medium	0.6866		profile_medium
nachr	A7RLM4__Nemvec	tr|A7RLM4|A7RLM4_NEMVE	Nematostella vectensis	cnidarian	proteome	high	0.619	300	include
nachr	A7RLM5__Nemvec	tr|A7RLM5|A7RLM5_NEMVE	Nematostella vectensis	cnidarian	proteome	high	0.6439	317	include
nachr	A7RLP3__Nemvec	tr|A7RLP3|A7RLP3_NEMVE	Nematostella vectensis	cnidarian	proteome	high	0.6584	417	include
trpm	A7RLT7__Nemvec	tr|A7RLT7|A7RLT7_NEMVE	Nematostella vectensis	cnidarian	proteome	high	0.5467	1161	include
tpc	A7RM05__Nemvec	tr|A7RM05|A7RM05_NEMVE	Nematostella vectensis	cnidarian	proteome	high	0.877	722	include
trpp	A7RN85__Nemvec	tr|A7RN85|A7RN85_NEMVE	Nematostella vectensis	cnidarian	proteome	high	0.912	903	include
kv_eag	A7RND2__Nemvec	tr|A7RND2|A7RND2_NEMVE	Nematostella vectensis	cnidarian	proteome	medium	0.4706		profile_medium
kv_eag	A7RND4__Nemvec	tr|A7RND4|A7RND4_NEMVE	Nematostella vectensis	cnidarian	proteome	medium	0.4616		profile_medium
nachr	A7RND6__Nemvec	tr|A7RND6|A7RND6_NEMVE	Nematostella vectensis	cnidarian	proteome	high	0.5093	254	include
kv_eag	A7RND7__Nemvec	tr|A7RND7|A7RND7_NEMVE	Nematostella vectensis	cnidarian	proteome	medium	0.4028		profile_medium
nachr	A7RNI2__Nemvec	tr|A7RNI2|A7RNI2_NEMVE	Nematostella vectensis	cnidarian	proteome	high	0.9379	485	include
calhm	A7RNI5__Nemvec	tr|A7RNI5|A7RNI5_NEMVE	Nematostella vectensis	cnidarian	proteome	medium	0.4399		profile_medium
nachr	A7RNN1__Nemvec	tr|A7RNN1|A7RNN1_NEMVE	Nematostella vectensis	cnidarian	proteome	high	0.6377	317	include
cav	A7RNU9__Nemvec	tr|A7RNU9|A7RNU9_NEMVE	Nematostella vectensis	cnidarian	proteome	high	0.8665	1819	include
nav	A7RP56__Nemvec	tr|A7RP56|A7RP56_NEMVE	Nematostella vectensis	cnidarian	proteome	high	0.8128	1478	include
kainate	A7RPM2__Nemvec	tr|A7RPM2|A7RPM2_NEMVE	Nematostella vectensis	cnidarian	proteome	medium	0.4962		profile_medium
k2p	A7RQB1__Nemvec	tr|A7RQB1|A7RQB1_NEMVE	Nematostella vectensis	cnidarian	proteome	high	0.5547	235	include
kv_shaker	A7RQS2__Nemvec	tr|A7RQS2|A7RQS2_NEMVE	Nematostella vectensis	cnidarian	proteome	medium	0.6938		profile_medium
kv_shaker	A7RQS3__Nemvec	tr|A7RQS3|A7RQS3_NEMVE	Nematostella vectensis	cnidarian	proteome	medium	0.7446		profile_medium
kv_shaker	A7RQS4__Nemvec	tr|A7RQS4|A7RQS4_NEMVE	Nematostella vectensis	cnidarian	proteome	medium	0.6395		profile_medium
nachr	A7RR86__Nemvec	tr|A7RR86|A7RR86_NEMVE	Nematostella vectensis	cnidarian	proteome	high	0.9255	479	include
kv_eag	A7RRU8__Nemvec	tr|A7RRU8|A7RRU8_NEMVE	Nematostella vectensis	cnidarian	proteome	high	0.681	675	include
gabaa	A7RS31__Nemvec	tr|A7RS31|A7RS31_NEMVE	Nematostella vectensis	cnidarian	proteome	medium	0.6009		profile_medium
nachr	A7RS32__Nemvec	tr|A7RS32|A7RS32_NEMVE	Nematostella vectensis	cnidarian	proteome	high	0.6563	325	include
nachr	A7RS33__Nemvec	tr|A7RS33|A7RS33_NEMVE	Nematostella vectensis	cnidarian	proteome	high	0.9255	460	include
nachr	A7RSH5__Nemvec	tr|A7RSH5|A7RSH5_NEMVE	Nematostella vectensis	cnidarian	proteome	high	0.6729	329	include
nachr	A7RSH6__Nemvec	tr|A7RSH6|A7RSH6_NEMVE	Nematostella vectensis	cnidarian	proteome	high	0.9317	443	include
trpc	A7RSZ7__Nemvec	tr|A7RSZ7|A7RSZ7_NEMVE	Nematostella vectensis	cnidarian	proteome	high	0.5962	523	include
gabaa	A7RT31__Nemvec	tr|A7RT31|A7RT31_NEMVE	Nematostella vectensis	cnidarian	proteome	medium	0.9123		profile_medium
gabaa	A7RTF6__Nemvec	tr|A7RTF6|A7RTF6_NEMVE	Nematostella vectensis	cnidarian	proteome	medium	0.6316		profile_medium
gabaa	A7RTF8__Nemvec	tr|A7RTF8|A7RTF8_NEMVE	Nematostella vectensis	cnidarian	proteome	medium	0.5548		profile_medium
k2p	A7RTG3__Nemvec	tr|A7RTG3|A7RTG3_NEMVE	Nematostella vectensis	cnidarian	proteome	medium	0.4453		profile_medium
calhm	A7RTL0__Nemvec	tr|A7RTL0|A7RTL0_NEMVE	Nematostella vectensis	cnidarian	proteome	high	0.8165	304	include
calhm	A7RTL2__Nemvec	tr|A7RTL2|A7RTL2_NEMVE	Nematostella vectensis	cnidarian	proteome	high	0.6171	191	include
gabaa	A7RTT4__Nemvec	tr|A7RTT4|A7RTT4_NEMVE	Nematostella vectensis	cnidarian	proteome	medium	0.5789		profile_medium
nachr	A7RTX5__Nemvec	tr|A7RTX5|A7RTX5_NEMVE	Nematostella vectensis	cnidarian	proteome	high	0.6398	386	include
kv_shaker	A7RTZ3__Nemvec	tr|A7RTZ3|A7RTZ3_NEMVE	Nematostella vectensis	cnidarian	proteome	medium	0.7391		profile_medium
nalcn	A7RTZ7__Nemvec	tr|A7RTZ7|A7RTZ7_NEMVE	Nematostella vectensis	cnidarian	proteome	high	0.8964	1570	include
nachr	A7RUG1__Nemvec	tr|A7RUG1|A7RUG1_NEMVE	Nematostella vectensis	cnidarian	proteome	high	0.9275	497	include
kir	A7RUM3__Nemvec	tr|A7RUM3|A7RUM3_NEMVE	Nematostella vectensis	cnidarian	proteome	high	0.78	320	include
asic	A7RWI8__Nemvec	tr|A7RWI8|A7RWI8_NEMVE	Nematostella vectensis	cnidarian	proteome	medium	0.3474		profile_medium
k2p	A7RWL0__Nemvec	tr|A7RWL0|A7RWL0_NEMVE	Nematostella vectensis	cnidarian	proteome	high	0.6493	314	include
k2p	A7RXQ9__Nemvec	tr|A7RXQ9|A7RXQ9_NEMVE	Nematostella vectensis	cnidarian	proteome	high	0.5199	206	include
gabaa	A7RXS5__Nemvec	tr|A7RXS5|A7RXS5_NEMVE	Nematostella vectensis	cnidarian	proteome	medium	0.5899		profile_medium
nachr	A7RY59__Nemvec	tr|A7RY59|A7RY59_NEMVE	Nematostella vectensis	cnidarian	proteome	high	0.5859	291	include
calhm	A7RYE0__Nemvec	tr|A7RYE0|A7RYE0_NEMVE	Nematostella vectensis	cnidarian	proteome	high	0.712	292	include
k2p	A7RYH6__Nemvec	tr|A7RYH6|A7RYH6_NEMVE	Nematostella vectensis	cnidarian	proteome	high	0.7214	395	include
p2x_nonmetazoan	A7RZ68__Nemvec	tr|A7RZ68|A7RZ68_NEMVE	Nematostella vectensis	cnidarian	proteome	high	0.8915	397	include
gabaa	A7RZG9__Nemvec	tr|A7RZG9|A7RZG9_NEMVE	Nematostella vectensis	cnidarian	proteome	medium	0.6908		profile_medium
gabaa	A7RZH2__Nemvec	tr|A7RZH2|A7RZH2_NEMVE	Nematostella vectensis	cnidarian	proteome	medium	0.636		profile_medium
gabaa	A7RZH4__Nemvec	tr|A7RZH4|A7RZH4_NEMVE	Nematostella vectensis	cnidarian	proteome	medium	0.5899		profile_medium
gabaa	A7RZH6__Nemvec	tr|A7RZH6|A7RZH6_NEMVE	Nematostella vectensis	cnidarian	proteome	medium	0.6272		profile_medium
kv_kcnq	A7S0A4__Nemvec	tr|A7S0A4|A7S0A4_NEMVE	Nematostella vectensis	cnidarian	proteome	medium	0.4174		profile_medium
k2p	A7S0F6__Nemvec	tr|A7S0F6|A7S0F6_NEMVE	Nematostella vectensis	cnidarian	proteome	high	0.6144	304	include
k2p	A7S0F9__Nemvec	tr|A7S0F9|A7S0F9_NEMVE	Nematostella vectensis	cnidarian	proteome	medium	0.3881		profile_medium
kv_shaker	A7S0S6__Nemvec	tr|A7S0S6|A7S0S6_NEMVE	Nematostella vectensis	cnidarian	proteome	medium	0.7228		profile_medium
trpml	A7S161__Nemvec	tr|A7S161|A7S161_NEMVE	Nematostella vectensis	cnidarian	proteome	high	0.8284	463	include
trpml	A7S163__Nemvec	tr|A7S163|A7S163_NEMVE	Nematostella vectensis	cnidarian	proteome	high	0.8266	475	include
k2p	A7S207__Nemvec	tr|A7S207|A7S207_NEMVE	Nematostella vectensis	cnidarian	proteome	none	0.2811		no_profile_call
kir	A7S217__Nemvec	tr|A7S217|A7S217_NEMVE	Nematostella vectensis	cnidarian	proteome	high	0.7726	317	include
enac	A7S2F2__Nemvec	tr|A7S2F2|A7S2F2_NEMVE	Nematostella vectensis	cnidarian	proteome	medium	0.6419		profile_medium
gabaa	A7S2G2__Nemvec	tr|A7S2G2|A7S2G2_NEMVE	Nematostella vectensis	cnidarian	proteome	medium	0.5811		profile_medium
nachr	A7S2G5__Nemvec	tr|A7S2G5|A7S2G5_NEMVE	Nematostella vectensis	cnidarian	proteome	high	0.8758	423	include
nachr	A7S2J7__Nemvec	tr|A7S2J7|A7S2J7_NEMVE	Nematostella vectensis	cnidarian	proteome	high	0.8302	462	include
nachr	A7S2N9__Nemvec	tr|A7S2N9|A7S2N9_NEMVE	Nematostella vectensis	cnidarian	proteome	high	0.9358	545	include
nachr	A7S2P0__Nemvec	tr|A7S2P0|A7S2P0_NEMVE	Nematostella vectensis	cnidarian	proteome	high	0.8344	541	include
nachr	A7S2P1__Nemvec	tr|A7S2P1|A7S2P1_NEMVE	Nematostella vectensis	cnidarian	proteome	high	0.6687	329	include
k2p	A7S369__Nemvec	tr|A7S369|A7S369_NEMVE	Nematostella vectensis	cnidarian	proteome	none	0.2811		no_profile_call
k2p	A7S388__Nemvec	tr|A7S388|A7S388_NEMVE	Nematostella vectensis	cnidarian	proteome	none	0.2861		no_profile_call
k2p	A7S391__Nemvec	tr|A7S391|A7S391_NEMVE	Nematostella vectensis	cnidarian	proteome	none	0.2886		no_profile_call
osca_tmem63	A7S3E8__Nemvec	tr|A7S3E8|A7S3E8_NEMVE	Nematostella vectensis	cnidarian	proteome	high	0.6428	646	include
nachr	A7S3F7__Nemvec	tr|A7S3F7|A7S3F7_NEMVE	Nematostella vectensis	cnidarian	proteome	high	0.6812	334	include
kv_eag	A7S3F8__Nemvec	tr|A7S3F8|A7S3F8_NEMVE	Nematostella vectensis	cnidarian	proteome	medium	0.4566		profile_medium
kv_shaker	A7S3Y6__Nemvec	tr|A7S3Y6|A7S3Y6_NEMVE	Nematostella vectensis	cnidarian	proteome	high	0.7138	357	include
gabaa	A7S448__Nemvec	tr|A7S448|A7S448_NEMVE	Nematostella vectensis	cnidarian	proteome	medium	0.8224		profile_medium
clc_channel	A7S481__Nemvec	tr|A7S481|A7S481_NEMVE	Nematostella vectensis	cnidarian	proteome	medium	0.4773		profile_medium
asic	A7S4N0__Nemvec	tr|A7S4N0|A7S4N0_NEMVE	Nematostella vectensis	cnidarian	proteome	high	0.8503	445	include
p2x	A7S4Q4__Nemvec	tr|A7S4Q4|A7S4Q4_NEMVE	Nematostella vectensis	cnidarian	proteome	high	0.9035	402	include
kv_shaker	A7S4S6__Nemvec	tr|A7S4S6|A7S4S6_NEMVE	Nematostella vectensis	cnidarian	proteome	high	0.8025	478	include
kv_shaker	A7S4T1__Nemvec	tr|A7S4T1|A7S4T1_NEMVE	Nematostella vectensis	cnidarian	proteome	medium	0.7246		profile_medium
orai	A7S528__Nemvec	tr|A7S528|A7S528_NEMVE	Nematostella vectensis	cnidarian	proteome	high	0.7556	195	include
gabaa	A7S5Y7__Nemvec	tr|A7S5Y7|A7S5Y7_NEMVE	Nematostella vectensis	cnidarian	proteome	medium	0.6338		profile_medium
nachr	A7S622__Nemvec	tr|A7S622|A7S622_NEMVE	Nematostella vectensis	cnidarian	proteome	high	0.6128	299	include
gabaa	A7S6G8__Nemvec	tr|A7S6G8|A7S6G8_NEMVE	Nematostella vectensis	cnidarian	proteome	medium	0.5417		profile_medium
vdac	A7S6J4__Nemvec	tr|A7S6J4|A7S6J4_NEMVE	Nematostella vectensis	cnidarian	proteome	high	0.9856	329	include
hv1	A7S6K8__Nemvec	tr|A7S6K8|A7S6K8_NEMVE	Nematostella vectensis	cnidarian	proteome	medium	0.4		profile_medium
gabaa	A7S6R3__Nemvec	tr|A7S6R3|A7S6R3_NEMVE	Nematostella vectensis	cnidarian	proteome	medium	0.6404		profile_medium
gabaa	A7S763__Nemvec	tr|A7S763|A7S763_NEMVE	Nematostella vectensis	cnidarian	proteome	medium	0.5965		profile_medium
kv_shaker	A7S7P7__Nemvec	tr|A7S7P7|A7S7P7_NEMVE	Nematostella vectensis	cnidarian	proteome	medium	0.7246		profile_medium
trpp	A7S8E5__Nemvec	tr|A7S8E5|A7S8E5_NEMVE	Nematostella vectensis	cnidarian	proteome	high	0.6097	498	include
gabaa	A7S8L9__Nemvec	tr|A7S8L9|A7S8L9_NEMVE	Nematostella vectensis	cnidarian	proteome	medium	0.5482		profile_medium
gabaa	A7S8M2__Nemvec	tr|A7S8M2|A7S8M2_NEMVE	Nematostella vectensis	cnidarian	proteome	medium	0.6469		profile_medium
nachr	A7S8Q3__Nemvec	tr|A7S8Q3|A7S8Q3_NEMVE	Nematostella vectensis	cnidarian	proteome	medium	0.3188		profile_medium
nachr	A7S8Q4__Nemvec	tr|A7S8Q4|A7S8Q4_NEMVE	Nematostella vectensis	cnidarian	proteome	high	0.617	311	include
cng	A7S8S2__Nemvec	tr|A7S8S2|A7S8S2_NEMVE	Nematostella vectensis	cnidarian	proteome	high	0.6167	426	include
asic	A7S8S3__Nemvec	tr|A7S8S3|A7S8S3_NEMVE	Nematostella vectensis	cnidarian	proteome	medium	0.6161		profile_medium
kv_shaker	A7S8W8__Nemvec	tr|A7S8W8|A7S8W8_NEMVE	Nematostella vectensis	cnidarian	proteome	medium	0.7301		profile_medium
catsper	A7S9M8__Nemvec	tr|A7S9M8|A7S9M8_NEMVE	Nematostella vectensis	cnidarian	proteome	high	0.6407	748	include
nachr	A7S9T6__Nemvec	tr|A7S9T6|A7S9T6_NEMVE	Nematostella vectensis	cnidarian	proteome	high	0.648	321	include
nachr	A7S9T8__Nemvec	tr|A7S9T8|A7S9T8_NEMVE	Nematostella vectensis	cnidarian	proteome	high	0.8427	390	include
asic	A7SA77__Nemvec	tr|A7SA77|A7SA77_NEMVE	Nematostella vectensis	cnidarian	proteome	high	0.8733	522	include
asic	A7SA83__Nemvec	tr|A7SA83|A7SA83_NEMVE	Nematostella vectensis	cnidarian	proteome	medium	0.8733		profile_medium
asic	A7SA84__Nemvec	tr|A7SA84|A7SA84_NEMVE	Nematostella vectensis	cnidarian	proteome	medium	0.3186		profile_medium
gabaa	A7SAS4__Nemvec	tr|A7SAS4|A7SAS4_NEMVE	Nematostella vectensis	cnidarian	proteome	medium	0.6425		profile_medium
kv_shaker	A7SAS8__Nemvec	tr|A7SAS8|A7SAS8_NEMVE	Nematostella vectensis	cnidarian	proteome	high	0.7047	380	include
otop	A7SAV2__Nemvec	tr|A7SAV2|A7SAV2_NEMVE	Nematostella vectensis	cnidarian	proteome	high	0.5783	714	include
gabaa	A7SAV3__Nemvec	tr|A7SAV3|A7SAV3_NEMVE	Nematostella vectensis	cnidarian	proteome	medium	0.8202		profile_medium
trpp	A7SB30__Nemvec	tr|A7SB30|A7SB30_NEMVE	Nematostella vectensis	cnidarian	proteome	high	0.5217	426	include
trpa	A7SB40__Nemvec	tr|A7SB40|A7SB40_NEMVE	Nematostella vectensis	cnidarian	proteome	medium	0.3226		profile_medium
trpv	A7SB70__Nemvec	tr|A7SB70|A7SB70_NEMVE	Nematostella vectensis	cnidarian	proteome	medium	0.3798		profile_medium
trpp	A7SBB5__Nemvec	tr|A7SBB5|A7SBB5_NEMVE	Nematostella vectensis	cnidarian	proteome	medium	0.311		profile_medium
nachr	A7SBB9__Nemvec	tr|A7SBB9|A7SBB9_NEMVE	Nematostella vectensis	cnidarian	proteome	high	0.6398	312	include
nachr	A7SC04__Nemvec	tr|A7SC04|A7SC04_NEMVE	Nematostella vectensis	cnidarian	proteome	high	0.528	260	include
nachr	A7SC05__Nemvec	tr|A7SC05|A7SC05_NEMVE	Nematostella vectensis	cnidarian	proteome	medium	0.4617		profile_medium
tmem175	A7SCC1__Nemvec	tr|A7SCC1|A7SCC1_NEMVE	Nematostella vectensis	cnidarian	proteome	high	0.8588	489	include
gabaa	A7SCG0__Nemvec	tr|A7SCG0|A7SCG0_NEMVE	Nematostella vectensis	cnidarian	proteome	medium	0.6162		profile_medium
gabaa	A7SCG3__Nemvec	tr|A7SCG3|A7SCG3_NEMVE	Nematostella vectensis	cnidarian	proteome	medium	0.4978		profile_medium
gabaa	A7SCG4__Nemvec	tr|A7SCG4|A7SCG4_NEMVE	Nematostella vectensis	cnidarian	proteome	medium	0.5746		profile_medium
trpc	A7SD04__Nemvec	tr|A7SD04|A7SD04_NEMVE	Nematostella vectensis	cnidarian	proteome	medium	0.307		profile_medium
gabaa	A7SDE9__Nemvec	tr|A7SDE9|A7SDE9_NEMVE	Nematostella vectensis	cnidarian	proteome	medium	0.5811		profile_medium
gabaa	A7SDF0__Nemvec	tr|A7SDF0|A7SDF0_NEMVE	Nematostella vectensis	cnidarian	proteome	medium	0.8092		profile_medium
gabaa	A7SDF1__Nemvec	tr|A7SDF1|A7SDF1_NEMVE	Nematostella vectensis	cnidarian	proteome	medium	0.5965		profile_medium
kv_shaker	A7SDJ4__Nemvec	tr|A7SDJ4|A7SDJ4_NEMVE	Nematostella vectensis	cnidarian	proteome	medium	0.7283		profile_medium
lrrc8	A7SDM0__Nemvec	tr|A7SDM0|A7SDM0_NEMVE	Nematostella vectensis	cnidarian	proteome	none	0.1955		no_profile_call
lrrc8	A7SDM1__Nemvec	tr|A7SDM1|A7SDM1_NEMVE	Nematostella vectensis	cnidarian	proteome	none	0.1943		no_profile_call
lrrc8	A7SDM3__Nemvec	tr|A7SDM3|A7SDM3_NEMVE	Nematostella vectensis	cnidarian	proteome	none	0.193		no_profile_call
k2p	A7SDZ5__Nemvec	tr|A7SDZ5|A7SDZ5_NEMVE	Nematostella vectensis	cnidarian	proteome	none	0.2836		no_profile_call
k2p	A7SDZ6__Nemvec	tr|A7SDZ6|A7SDZ6_NEMVE	Nematostella vectensis	cnidarian	proteome	none	0.2861		no_profile_call
k2p	A7SDZ7__Nemvec	tr|A7SDZ7|A7SDZ7_NEMVE	Nematostella vectensis	cnidarian	proteome	none	0.2836		no_profile_call
k2p	A7SE00__Nemvec	tr|A7SE00|A7SE00_NEMVE	Nematostella vectensis	cnidarian	proteome	medium	0.4577		profile_medium
kir	A7SE20__Nemvec	tr|A7SE20|A7SE20_NEMVE	Nematostella vectensis	cnidarian	proteome	high	0.7726	317	include
trpp	A7SE40__Nemvec	tr|A7SE40|A7SE40_NEMVE	Nematostella vectensis	cnidarian	proteome	medium	0.373		profile_medium
catsper	A7SEC5__Nemvec	tr|A7SEC5|A7SEC5_NEMVE	Nematostella vectensis	cnidarian	proteome	medium	0.3326		profile_medium
itpr	A7SEK1__Nemvec	tr|A7SEK1|A7SEK1_NEMVE	Nematostella vectensis	cnidarian	proteome	high	0.9793	2623	include
enac	A7SF92__Nemvec	tr|A7SF92|A7SF92_NEMVE	Nematostella vectensis	cnidarian	proteome	medium	0.3504		profile_medium
nmda	A7SFF8__Nemvec	tr|A7SFF8|A7SFF8_NEMVE	Nematostella vectensis	cnidarian	proteome	high	0.7221	929	include
gabaa	A7SFG6__Nemvec	tr|A7SFG6|A7SFG6_NEMVE	Nematostella vectensis	cnidarian	proteome	medium	0.9254		profile_medium
kv_shaker	A7SFM4__Nemvec	tr|A7SFM4|A7SFM4_NEMVE	Nematostella vectensis	cnidarian	proteome	high	0.7083	372	include
enac	A7SFR0__Nemvec	tr|A7SFR0|A7SFR0_NEMVE	Nematostella vectensis	cnidarian	proteome	medium	0.645		profile_medium
gabaa	A7SFV7__Nemvec	tr|A7SFV7|A7SFV7_NEMVE	Nematostella vectensis	cnidarian	proteome	medium	0.943		profile_medium
nachr	A7SFW9__Nemvec	tr|A7SFW9|A7SFW9_NEMVE	Nematostella vectensis	cnidarian	proteome	high	0.6087	300	include
nachr	A7SFX0__Nemvec	tr|A7SFX0|A7SFX0_NEMVE	Nematostella vectensis	cnidarian	proteome	high	0.6128	302	include
k2p	A7SG83__Nemvec	tr|A7SG83|A7SG83_NEMVE	Nematostella vectensis	cnidarian	proteome	high	0.5174	213	include
catsper	A7SGC6__Nemvec	tr|A7SGC6|A7SGC6_NEMVE	Nematostella vectensis	cnidarian	proteome	high	0.6468	498	include
calhm	A7SGC9__Nemvec	tr|A7SGC9|A7SGC9_NEMVE	Nematostella vectensis	cnidarian	proteome				no_profile_call
calhm	A7SGD0__Nemvec	tr|A7SGD0|A7SGD0_NEMVE	Nematostella vectensis	cnidarian	proteome	medium	0.4557		profile_medium
osca_tmem63	A7SGI4__Nemvec	tr|A7SGI4|A7SGI4_NEMVE	Nematostella vectensis	cnidarian	proteome	medium	0.3333		profile_medium
trpv	A7SGQ7__Nemvec	tr|A7SGQ7|A7SGQ7_NEMVE	Nematostella vectensis	cnidarian	proteome	high	0.7115	736	include
nmda	A7SGV8__Nemvec	tr|A7SGV8|A7SGV8_NEMVE	Nematostella vectensis	cnidarian	proteome	high	0.5934	878	include
gabaa	A7SH22__Nemvec	tr|A7SH22|A7SH22_NEMVE	Nematostella vectensis	cnidarian	proteome	medium	0.5307		profile_medium
asic	A7SH56__Nemvec	tr|A7SH56|A7SH56_NEMVE	Nematostella vectensis	cnidarian	proteome	high	0.8484	503	include
kir	A7SH65__Nemvec	tr|A7SH65|A7SH65_NEMVE	Nematostella vectensis	cnidarian	proteome	high	0.7139	307	include
kv_shaker	A7SHB6__Nemvec	tr|A7SHB6|A7SHB6_NEMVE	Nematostella vectensis	cnidarian	proteome	high	0.7246	436	include
cav	A7SHI0__Nemvec	tr|A7SHI0|A7SHI0_NEMVE	Nematostella vectensis	cnidarian	proteome	high	0.6436	1794	include
kv_eag	A7SHR1__Nemvec	tr|A7SHR1|A7SHR1_NEMVE	Nematostella vectensis	cnidarian	proteome	high	0.681	675	include
kv_shaker	A7SI03__Nemvec	tr|A7SI03|A7SI03_NEMVE	Nematostella vectensis	cnidarian	proteome	high	0.6884	393	include
kv_shaker	A7SI05__Nemvec	tr|A7SI05|A7SI05_NEMVE	Nematostella vectensis	cnidarian	proteome	high	0.7083	445	include
kv_shaker	A7SI06__Nemvec	tr|A7SI06|A7SI06_NEMVE	Nematostella vectensis	cnidarian	proteome	medium	0.7283		profile_medium
nachr	A7SI11__Nemvec	tr|A7SI11|A7SI11_NEMVE	Nematostella vectensis	cnidarian	proteome	high	0.677	404	include
kv_shaker	A7SIU2__Nemvec	tr|A7SIU2|A7SIU2_NEMVE	Nematostella vectensis	cnidarian	proteome	high	0.7681	428	include
kv_shaker	A7SIU6__Nemvec	tr|A7SIU6|A7SIU6_NEMVE	Nematostella vectensis	cnidarian	proteome	medium	0.7428		profile_medium
gabaa	A7SJ14__Nemvec	tr|A7SJ14|A7SJ14_NEMVE	Nematostella vectensis	cnidarian	proteome	medium	0.636		profile_medium
enac	A7SJB5__Nemvec	tr|A7SJB5|A7SJB5_NEMVE	Nematostella vectensis	cnidarian	proteome	medium	0.5612		profile_medium
nachr	A7SJF7__Nemvec	tr|A7SJF7|A7SJF7_NEMVE	Nematostella vectensis	cnidarian	proteome	high	0.619	306	include
asic	A7SJJ5__Nemvec	tr|A7SJJ5|A7SJJ5_NEMVE	Nematostella vectensis	cnidarian	proteome	high	0.8541	688	include
k2p	A7SK42__Nemvec	tr|A7SK42|A7SK42_NEMVE	Nematostella vectensis	cnidarian	proteome	high	0.5796	232	include
kv_shaker	A7SK44__Nemvec	tr|A7SK44|A7SK44_NEMVE	Nematostella vectensis	cnidarian	proteome	high	0.7192	377	include
kv_shaker	A7SK45__Nemvec	tr|A7SK45|A7SK45_NEMVE	Nematostella vectensis	cnidarian	proteome	high	0.7101	386	include
k2p	A7SK53__Nemvec	tr|A7SK53|A7SK53_NEMVE	Nematostella vectensis	cnidarian	proteome	none	0.2771		no_profile_call
cng	A7SKJ5__Nemvec	tr|A7SKJ5|A7SKJ5_NEMVE	Nematostella vectensis	cnidarian	proteome	medium	0.703		profile_medium
cng	A7SKJ9__Nemvec	tr|A7SKJ9|A7SKJ9_NEMVE	Nematostella vectensis	cnidarian	proteome	medium	0.7016		profile_medium
nav	A7SKR1__Nemvec	tr|A7SKR1|A7SKR1_NEMVE	Nematostella vectensis	cnidarian	proteome	high	0.8083	1534	include
kv_shaker	A7SKX7__Nemvec	tr|A7SKX7|A7SKX7_NEMVE	Nematostella vectensis	cnidarian	proteome	high	0.6938	361	include
k2p	A7SL44__Nemvec	tr|A7SL44|A7SL44_NEMVE	Nematostella vectensis	cnidarian	proteome	high	0.5995	243	include
nmda	A7SL56__Nemvec	tr|A7SL56|A7SL56_NEMVE	Nematostella vectensis	cnidarian	proteome	high	0.6982	893	include
cav	A7SLD2__Nemvec	tr|A7SLD2|A7SLD2_NEMVE	Nematostella vectensis	cnidarian	proteome	medium	0.3256		profile_medium
gabaa	A7SLK4__Nemvec	tr|A7SLK4|A7SLK4_NEMVE	Nematostella vectensis	cnidarian	proteome	medium	0.6447		profile_medium
cng	A7SLM8__Nemvec	tr|A7SLM8|A7SLM8_NEMVE	Nematostella vectensis	cnidarian	proteome	high	0.6223	444	include
cng	A7SLM9__Nemvec	tr|A7SLM9|A7SLM9_NEMVE	Nematostella vectensis	cnidarian	proteome	high	0.6209	441	include
k2p	A7SMS2__Nemvec	tr|A7SMS2|A7SMS2_NEMVE	Nematostella vectensis	cnidarian	proteome	none	0.2861		no_profile_call
tpc	A7SNJ0__Nemvec	tr|A7SNJ0|A7SNJ0_NEMVE	Nematostella vectensis	cnidarian	proteome	high	0.8312	676	include
nachr	A7SNK1__Nemvec	tr|A7SNK1|A7SNK1_NEMVE	Nematostella vectensis	cnidarian	proteome	high	0.9379	526	include
gabaa	A7SNP9__Nemvec	tr|A7SNP9|A7SNP9_NEMVE	Nematostella vectensis	cnidarian	proteome	medium	0.9737		profile_medium
cng	A7SNW2__Nemvec	tr|A7SNW2|A7SNW2_NEMVE	Nematostella vectensis	cnidarian	proteome	high	0.6238	442	include
trpp	A7SPC7__Nemvec	tr|A7SPC7|A7SPC7_NEMVE	Nematostella vectensis	cnidarian	proteome	medium	0.4126		profile_medium
nmda	A7SPJ5__Nemvec	tr|A7SPJ5|A7SPJ5_NEMVE	Nematostella vectensis	cnidarian	proteome	medium	0.324		profile_medium
hcn	A7SPS0__Nemvec	tr|A7SPS0|A7SPS0_NEMVE	Nematostella vectensis	cnidarian	proteome	medium	0.4888		profile_medium
enac	A7SPS2__Nemvec	tr|A7SPS2|A7SPS2_NEMVE	Nematostella vectensis	cnidarian	proteome	medium	0.431		profile_medium
osca_tmem63	A7SQ88__Nemvec	tr|A7SQ88|A7SQ88_NEMVE	Nematostella vectensis	cnidarian	proteome	medium	0.478		profile_medium
k2p	A7SQQ0__Nemvec	tr|A7SQQ0|A7SQQ0_NEMVE	Nematostella vectensis	cnidarian	proteome	high	0.6418	307	include
k2p	A7SQQ1__Nemvec	tr|A7SQQ1|A7SQQ1_NEMVE	Nematostella vectensis	cnidarian	proteome	high	0.607	301	include
gabaa	A7SQS5__Nemvec	tr|A7SQS5|A7SQS5_NEMVE	Nematostella vectensis	cnidarian	proteome	medium	0.4474		profile_medium
gabaa	A7SQS7__Nemvec	tr|A7SQS7|A7SQS7_NEMVE	Nematostella vectensis	cnidarian	proteome	medium	0.3246		profile_medium
nachr	A7SRB1__Nemvec	tr|A7SRB1|A7SRB1_NEMVE	Nematostella vectensis	cnidarian	proteome	medium	0.4348		profile_medium
nachr	A7SRB3__Nemvec	tr|A7SRB3|A7SRB3_NEMVE	Nematostella vectensis	cnidarian	proteome	high	0.6729	331	include
k2p	A7SS79__Nemvec	tr|A7SS79|A7SS79_NEMVE	Nematostella vectensis	cnidarian	proteome	none	0.2861		no_profile_call
asic	A7SST7__Nemvec	tr|A7SST7|A7SST7_NEMVE	Nematostella vectensis	cnidarian	proteome	high	0.7985	522	include
k2p	A7SSX6__Nemvec	tr|A7SSX6|A7SSX6_NEMVE	Nematostella vectensis	cnidarian	proteome	high	0.6468	257	include
trpa	A7ST04__Nemvec	tr|A7ST04|A7ST04_NEMVE	Nematostella vectensis	cnidarian	proteome	medium	0.4406		profile_medium
tpc	A7STF7__Nemvec	tr|A7STF7|A7STF7_NEMVE	Nematostella vectensis	cnidarian	proteome	high	0.5864	534	include
asic	A7STM2__Nemvec	tr|A7STM2|A7STM2_NEMVE	Nematostella vectensis	cnidarian	proteome	high	0.8311	420	include
kv_shaker	A7STQ1__Nemvec	tr|A7STQ1|A7STQ1_NEMVE	Nematostella vectensis	cnidarian	proteome	high	0.6359	338	include
plgic_prok	A7SU26__Nemvec	tr|A7SU26|A7SU26_NEMVE	Nematostella vectensis	cnidarian	proteome	medium	0.7089		profile_medium
calhm	A7SU68__Nemvec	tr|A7SU68|A7SU68_NEMVE	Nematostella vectensis	cnidarian	proteome	medium	0.3703		profile_medium
kca_slo	A7SU69__Nemvec	tr|A7SU69|A7SU69_NEMVE	Nematostella vectensis	cnidarian	proteome	high	0.8395	995	include
kv_shaker	A7SUK6__Nemvec	tr|A7SUK6|A7SUK6_NEMVE	Nematostella vectensis	cnidarian	proteome	medium	0.7011		profile_medium
gabaa	A7SVR5__Nemvec	tr|A7SVR5|A7SVR5_NEMVE	Nematostella vectensis	cnidarian	proteome	medium	0.6382		profile_medium
gabaa	A7SVS1__Nemvec	tr|A7SVS1|A7SVS1_NEMVE	Nematostella vectensis	cnidarian	proteome	medium	0.6404		profile_medium
nachr	A7SW62__Nemvec	tr|A7SW62|A7SW62_NEMVE	Nematostella vectensis	cnidarian	proteome	high	0.5901	288	include
nachr	A7SW63__Nemvec	tr|A7SW63|A7SW63_NEMVE	Nematostella vectensis	cnidarian	proteome	high	0.6646	324	include
mcu	A7SWC7__Nemvec	tr|A7SWC7|A7SWC7_NEMVE	Nematostella vectensis	cnidarian	proteome	high	0.7971	327	include
vdac	A7SWS9__Nemvec	tr|A7SWS9|A7SWS9_NEMVE	Nematostella vectensis	cnidarian	proteome	high	0.9928	284	include
kv_shaker	A7SWW3__Nemvec	tr|A7SWW3|A7SWW3_NEMVE	Nematostella vectensis	cnidarian	proteome	medium	0.8134		profile_medium
kv_shaker	A7SWW6__Nemvec	tr|A7SWW6|A7SWW6_NEMVE	Nematostella vectensis	cnidarian	proteome	high	0.788	491	include
kv_shaker	A7SWZ3__Nemvec	tr|A7SWZ3|A7SWZ3_NEMVE	Nematostella vectensis	cnidarian	proteome	high	0.7047	388	include
enac	A7SX71__Nemvec	tr|A7SX71|A7SX71_NEMVE	Nematostella vectensis	cnidarian	proteome	medium	0.5488		profile_medium
k2p	A7SXP2__Nemvec	tr|A7SXP2|A7SXP2_NEMVE	Nematostella vectensis	cnidarian	proteome	high	0.5373	221	include
nmda	A7SXZ5__Nemvec	tr|A7SXZ5|A7SXZ5_NEMVE	Nematostella vectensis	cnidarian	proteome	medium	0.3495		profile_medium
k2p	A7SY27__Nemvec	tr|A7SY27|A7SY27_NEMVE	Nematostella vectensis	cnidarian	proteome	medium	0.3731		profile_medium
tric	A7SYB0__Nemvec	tr|A7SYB0|A7SYB0_NEMVE	Nematostella vectensis	cnidarian	proteome	high	0.8678	263	include
kv_shaker	A7SYB8__Nemvec	tr|A7SYB8|A7SYB8_NEMVE	Nematostella vectensis	cnidarian	proteome	high	0.6957	405	include
lrrc8	A7SYJ2__Nemvec	tr|A7SYJ2|A7SYJ2_NEMVE	Nematostella vectensis	cnidarian	proteome	high	0.6314	518	include
trpc	A7SYW3__Nemvec	tr|A7SYW3|A7SYW3_NEMVE	Nematostella vectensis	cnidarian	proteome	medium	0.3281		profile_medium
k2p	A7SZB8__Nemvec	tr|A7SZB8|A7SZB8_NEMVE	Nematostella vectensis	cnidarian	proteome	high	0.6294	311	include
asic	A7SZH3__Nemvec	tr|A7SZH3|A7SZH3_NEMVE	Nematostella vectensis	cnidarian	proteome	medium	0.499		profile_medium
asic	A7SZH4__Nemvec	tr|A7SZH4|A7SZH4_NEMVE	Nematostella vectensis	cnidarian	proteome	medium	0.5067		profile_medium
asic	A7SZH6__Nemvec	tr|A7SZH6|A7SZH6_NEMVE	Nematostella vectensis	cnidarian	proteome	medium	0.6699		profile_medium
plgic_prok	A7SZM7__Nemvec	tr|A7SZM7|A7SZM7_NEMVE	Nematostella vectensis	cnidarian	proteome	medium	0.4798		profile_medium
nachr	A7T134__Nemvec	tr|A7T134|A7T134_NEMVE	Nematostella vectensis	cnidarian	proteome	high	0.6128	301	include
kv_shaker	A7T1C2__Nemvec	tr|A7T1C2|A7T1C2_NEMVE	Nematostella vectensis	cnidarian	proteome	high	0.712	373	include
kainate	A7T1G4__Nemvec	tr|A7T1G4|A7T1G4_NEMVE	Nematostella vectensis	cnidarian	proteome	medium	0.9067		profile_medium
kv_eag	A7T1M9__Nemvec	tr|A7T1M9|A7T1M9_NEMVE	Nematostella vectensis	cnidarian	proteome	high	0.6849	790	include
gabaa	A7T1W8__Nemvec	tr|A7T1W8|A7T1W8_NEMVE	Nematostella vectensis	cnidarian	proteome	medium	0.6447		profile_medium
nachr	A7T332__Nemvec	tr|A7T332|A7T332_NEMVE	Nematostella vectensis	cnidarian	proteome	medium	0.3437		profile_medium
kv_shaker	A7T358__Nemvec	tr|A7T358|A7T358_NEMVE	Nematostella vectensis	cnidarian	proteome	medium	0.3551		profile_medium
asic	A7T3C7__Nemvec	tr|A7T3C7|A7T3C7_NEMVE	Nematostella vectensis	cnidarian	proteome	medium	0.547		profile_medium
asic	A7T3C8__Nemvec	tr|A7T3C8|A7T3C8_NEMVE	Nematostella vectensis	cnidarian	proteome	medium	0.3954		profile_medium
k2p	A7T4I6__Nemvec	tr|A7T4I6|A7T4I6_NEMVE	Nematostella vectensis	cnidarian	proteome	high	0.5174	209	include
tmem175	A7T6F8__Nemvec	tr|A7T6F8|A7T6F8_NEMVE	Nematostella vectensis	cnidarian	proteome	none	0.2783		no_profile_call
kv_shaker	A7T7L8__Nemvec	tr|A7T7L8|A7T7L8_NEMVE	Nematostella vectensis	cnidarian	proteome	medium	0.5489		profile_medium
kv_shaker	A7T7Y0__Nemvec	tr|A7T7Y0|A7T7Y0_NEMVE	Nematostella vectensis	cnidarian	proteome	medium	0.3098		profile_medium
nachr	A7T7Z5__Nemvec	tr|A7T7Z5|A7T7Z5_NEMVE	Nematostella vectensis	cnidarian	proteome	medium	0.3002		profile_medium
k2p	A7T8C1__Nemvec	tr|A7T8C1|A7T8C1_NEMVE	Nematostella vectensis	cnidarian	proteome	none	0.2861		no_profile_call
k2p	A7T9F2__Nemvec	tr|A7T9F2|A7T9F2_NEMVE	Nematostella vectensis	cnidarian	proteome	none	0.2861		no_profile_call
trpa	A7T9H1__Nemvec	tr|A7T9H1|A7T9H1_NEMVE	Nematostella vectensis	cnidarian	proteome	medium	0.4674		profile_medium
nachr	A7TA98__Nemvec	tr|A7TA98|A7TA98_NEMVE	Nematostella vectensis	cnidarian	proteome	medium	0.3872		profile_medium
trpp	A7TAC4__Nemvec	tr|A7TAC4|A7TAC4_NEMVE	Nematostella vectensis	cnidarian	proteome	medium	0.3656		profile_medium
trpml	A7TBA0__Nemvec	tr|A7TBA0|A7TBA0_NEMVE	Nematostella vectensis	cnidarian	proteome	none	0.1821		no_profile_call
lrrc8	A7TC70__Nemvec	tr|A7TC70|A7TC70_NEMVE	Nematostella vectensis	cnidarian	proteome	none	0.1918		no_profile_call
kca_slo	A8DY93__Dromel	tr|A8DY93|A8DY93_DROME	Drosophila melanogaster	invertebrate	proteome	high	0.815	1878	include
kv_shaker	A8DYR5__Dromel	tr|A8DYR5|A8DYR5_DROME	Drosophila melanogaster	invertebrate	proteome	medium	0.7101		profile_medium
mscs	A8ERU0__Alibut	tr|A8ERU0|A8ERU0_ALIB4	Aliarcobacter butzleri	prokaryote	proteome	high	0.8259	296	include
kcsa_prok	A8EVQ9__Alibut	tr|A8EVQ9|A8EVQ9_ALIB4	Aliarcobacter butzleri	prokaryote	proteome	high	0.8482	375	include
vdac	A8HPF4__Chlrei	tr|A8HPF4|A8HPF4_CHLRE	Chlamydomonas reinhardtii	algae	proteome	high	0.9712	280	include
orai	A8HQ39__Chlrei	tr|A8HQ39|A8HQ39_CHLRE	Chlamydomonas reinhardtii	algae	proteome	none	0.2444		no_profile_call
vdac	A8I528__Chlrei	tr|A8I528|A8I528_CHLRE	Chlamydomonas reinhardtii	algae	proteome	high	0.9712	276	include
kv_shaker	A8IB39__Chlrei	tr|A8IB39|A8IB39_CHLRE	Chlamydomonas reinhardtii	algae	proteome	medium	0.5217		profile_medium
vdac	A8ICB0__Chlrei	tr|A8ICB0|A8ICB0_CHLRE	Chlamydomonas reinhardtii	algae	proteome	high	0.759	339	include
tric	A8IQZ0__Chlrei	tr|A8IQZ0|A8IQZ0_CHLRE	Chlamydomonas reinhardtii	algae	proteome	high	0.7661	348	include
osca_tmem63	A8JGH0__Chlrei	tr|A8JGH0|A8JGH0_CHLRE	Chlamydomonas reinhardtii	algae	proteome	high	0.8553	1369	include
nalcn	A8JUW5__Dromel	tr|A8JUW5|A8JUW5_DROME	Drosophila melanogaster	invertebrate	proteome	high	0.9246	2233	include
asic	A8JV41__Dromel	tr|A8JV41|A8JV41_DROME	Drosophila melanogaster	invertebrate	proteome	medium	0.3589		profile_medium
cng	A8WI01__Caeele	tr|A8WI01|A8WI01_CAEEL	Caenorhabditis elegans	invertebrate	proteome	high	0.7595	661	include
osca_tmem63	A9RIT4__Phypat	tr|A9RIT4|A9RIT4_PHYPA	Physcomitrium patens	plant	proteome	high	0.9094	751	include
osca_tmem63	A9S3X9__Phypat	tr|A9S3X9|A9S3X9_PHYPA	Physcomitrium patens	plant	proteome	high	0.8981	740	include
osca_tmem63	A9S768__Phypat	tr|A9S768|A9S768_PHYPA	Physcomitrium patens	plant	proteome	high	0.9082	733	include
vdac	A9SD20__Phypat	tr|A9SD20|A9SD20_PHYPA	Physcomitrium patens	plant	proteome	high	0.982	290	include
osca_tmem63	A9SJW4__Phypat	tr|A9SJW4|A9SJW4_PHYPA	Physcomitrium patens	plant	proteome	high	0.9132	749	include
osca_tmem63	A9SK54__Phypat	tr|A9SK54|A9SK54_PHYPA	Physcomitrium patens	plant	proteome	high	0.9019	752	include
osca_tmem63	A9SW37__Phypat	tr|A9SW37|A9SW37_PHYPA	Physcomitrium patens	plant	proteome	high	0.8893	734	include
tpc	A9T5T5__Phypat	tr|A9T5T5|A9T5T5_PHYPA	Physcomitrium patens	plant	proteome	high	0.8534	740	include
vdac	A9TJI1__Phypat	tr|A9TJI1|A9TJI1_PHYPA	Physcomitrium patens	plant	proteome	high	0.9388	327	include
vdac	A9TKC4__Phypat	tr|A9TKC4|A9TKC4_PHYPA	Physcomitrium patens	plant	proteome	high	0.9892	276	include
vdac	A9TTQ2__Phypat	tr|A9TTQ2|A9TTQ2_PHYPA	Physcomitrium patens	plant	proteome	high	0.9892	276	include
vdac	A9TY07__Phypat	tr|A9TY07|A9TY07_PHYPA	Physcomitrium patens	plant	proteome	high	0.7554	306	include
kir	A9TZK1__Phypat	tr|A9TZK1|A9TZK1_PHYPA	Physcomitrium patens	plant	proteome	high	0.5012	357	include
orai	A9UNM8__Monbre	tr|A9UNM8|A9UNM8_MONBE	Monosiga brevicollis	holozoa	proteome	none	0.2704		no_profile_call
kir	A9UNU4__Monbre	tr|A9UNU4|A9UNU4_MONBE	Monosiga brevicollis	holozoa	proteome	high	0.6333	484	include
trpml	A9UQ01__Monbre	tr|A9UQ01|A9UQ01_MONBE	Monosiga brevicollis	holozoa	proteome	medium	0.3152		profile_medium
tpc	A9UQH3__Monbre	tr|A9UQH3|A9UQH3_MONBE	Monosiga brevicollis	holozoa	proteome	high	0.8534	663	include
osca_tmem63	A9UQI6__Monbre	tr|A9UQI6|A9UQI6_MONBE	Monosiga brevicollis	holozoa	proteome	high	0.8679	968	include
p2x	A9URI5__Monbre	tr|A9URI5|A9URI5_MONBE	Monosiga brevicollis	holozoa	proteome	high	0.8706	425	include
nav	A9USM1__Monbre	tr|A9USM1|A9USM1_MONBE	Monosiga brevicollis	holozoa	proteome	medium	0.7797		profile_medium
tpc	A9UUV2__Monbre	tr|A9UUV2|A9UUV2_MONBE	Monosiga brevicollis	holozoa	proteome	high	0.6374	537	include
itpr	A9UV31__Monbre	tr|A9UV31|A9UV31_MONBE	Monosiga brevicollis	holozoa	proteome	high	0.6937	2571	include
plgic_prok	A9UVR7__Monbre	tr|A9UVR7|A9UVR7_MONBE	Monosiga brevicollis	holozoa	proteome	medium	0.841		profile_medium
mscs	A9UVW0__Monbre	tr|A9UVW0|A9UVW0_MONBE	Monosiga brevicollis	holozoa	proteome	high	0.6772	1138	include
kir	A9UX72__Monbre	tr|A9UX72|A9UX72_MONBE	Monosiga brevicollis	holozoa	proteome	medium	0.3447		profile_medium
mscs	A9UXV1__Monbre	tr|A9UXV1|A9UXV1_MONBE	Monosiga brevicollis	holozoa	proteome	high	0.6899	918	include
vdac	A9UYK0__Monbre	tr|A9UYK0|A9UYK0_MONBE	Monosiga brevicollis	holozoa	proteome	high	0.982	660	include
kir	A9UZJ5__Monbre	tr|A9UZJ5|A9UZJ5_MONBE	Monosiga brevicollis	holozoa	proteome	high	0.6381	288	include
clc_channel	A9UZK1__Monbre	tr|A9UZK1|A9UZK1_MONBE	Monosiga brevicollis	holozoa	proteome	high	0.8832	1545	include
osca_tmem63	A9UZY7__Monbre	tr|A9UZY7|A9UZY7_MONBE	Monosiga brevicollis	holozoa	proteome	high	0.8025	764	include
k2p	A9V1E5__Monbre	tr|A9V1E5|A9V1E5_MONBE	Monosiga brevicollis	holozoa	proteome	medium	0.408		profile_medium
itpr	A9V1H6__Monbre	tr|A9V1H6|A9V1H6_MONBE	Monosiga brevicollis	holozoa	proteome	high	0.6539	2614	include
kv_shaker	A9V1I5__Monbre	tr|A9V1I5|A9V1I5_MONBE	Monosiga brevicollis	holozoa	proteome	medium	0.5399		profile_medium
trpm	A9V2V9__Monbre	tr|A9V2V9|A9V2V9_MONBE	Monosiga brevicollis	holozoa	proteome	medium	0.4391		profile_medium
itpr	A9V4T6__Monbre	tr|A9V4T6|A9V4T6_MONBE	Monosiga brevicollis	holozoa	proteome	high	0.9262	2669	include
trpc	A9V4X3__Monbre	tr|A9V4X3|A9V4X3_MONBE	Monosiga brevicollis	holozoa	proteome	high	0.6263	840	include
k2p	A9V4Z7__Monbre	tr|A9V4Z7|A9V4Z7_MONBE	Monosiga brevicollis	holozoa	proteome	medium	0.4254		profile_medium
trpm	A9V5A7__Monbre	tr|A9V5A7|A9V5A7_MONBE	Monosiga brevicollis	holozoa	proteome	high	0.6122	1561	include
clc_channel	A9V6T5__Monbre	tr|A9V6T5|A9V6T5_MONBE	Monosiga brevicollis	holozoa	proteome	high	0.6667	1004	include
tpc	A9V831__Monbre	tr|A9V831|A9V831_MONBE	Monosiga brevicollis	holozoa	proteome	high	0.805	1951	include
kca_slo	A9V851__Monbre	tr|A9V851|A9V851_MONBE	Monosiga brevicollis	holozoa	proteome	high	0.5295	1506	include
mcu	A9V8N9__Monbre	tr|A9V8N9|A9V8N9_MONBE	Monosiga brevicollis	holozoa	proteome	high	0.7565	658	include
trpm	A9V984__Monbre	tr|A9V984|A9V984_MONBE	Monosiga brevicollis	holozoa	proteome	medium	0.4761		profile_medium
k2p	A9VAE4__Monbre	tr|A9VAE4|A9VAE4_MONBE	Monosiga brevicollis	holozoa	proteome	high	0.6368	919	include
trpm	A9VAJ3__Monbre	tr|A9VAJ3|A9VAJ3_MONBE	Monosiga brevicollis	holozoa	proteome	high	0.6469	1444	include
cng	A9VB25__Monbre	tr|A9VB25|A9VB25_MONBE	Monosiga brevicollis	holozoa	proteome	high	0.7567	1003	include
tmem175	A9VBF7__Monbre	tr|A9VBF7|A9VBF7_MONBE	Monosiga brevicollis	holozoa	proteome				no_profile_call
cng	A9VCQ9__Monbre	tr|A9VCQ9|A9VCQ9_MONBE	Monosiga brevicollis	holozoa	proteome	high	0.7595	931	include
vdac	A9VCR5__Monbre	tr|A9VCR5|A9VCR5_MONBE	Monosiga brevicollis	holozoa	proteome	high	0.9856	278	include
trpn	A9VCV1__Monbre	tr|A9VCV1|A9VCV1_MONBE	Monosiga brevicollis	holozoa	proteome	medium	0.3002		profile_medium
tpc	A9VDS1__Monbre	tr|A9VDS1|A9VDS1_MONBE	Monosiga brevicollis	holozoa	proteome	high	0.7958	1008	include
k2p	B0M0M8__Caeele	tr|B0M0M8|B0M0M8_CAEEL	Caenorhabditis elegans	invertebrate	proteome	high	0.6119	625	include
p2x	B0R182__Danrer	tr|B0R182|B0R182_DANRE	Danio rerio	vertebrate	proteome	high	0.9318	480	include
kv_shaker	B0UYF4__Danrer	tr|B0UYF4|B0UYF4_DANRE	Danio rerio	vertebrate	proteome	high	0.9656	632	include
nachr	B1Q281__Caeele	tr|B1Q281|B1Q281_CAEEL	Caenorhabditis elegans	invertebrate	proteome	high	0.9586	556	include
pannexin	B3DLA5__Xentro	tr|B3DLA5|B3DLA5_XENTR	Xenopus tropicalis	vertebrate	proteome	high	0.991	428	include
nalcn	B3RI47__Triadh	tr|B3RI47|B3RI47_TRIAD	Trichoplax adhaerens	basal_metazoan	proteome	high	0.7129	1256	include
cav	B3RIC6__Triadh	tr|B3RIC6|B3RIC6_TRIAD	Trichoplax adhaerens	basal_metazoan	proteome	high	0.7699	1481	include
vdac	B3RIV2__Triadh	tr|B3RIV2|B3RIV2_TRIAD	Trichoplax adhaerens	basal_metazoan	proteome	high	0.9784	332	include
orai	B3RJW9__Triadh	tr|B3RJW9|B3RJW9_TRIAD	Trichoplax adhaerens	basal_metazoan	proteome	high	0.5667	182	include
ryr	B3RK74__Triadh	tr|B3RK74|B3RK74_TRIAD	Trichoplax adhaerens	basal_metazoan	proteome	high	0.9132	4949	include
tpc	B3RKW1__Triadh	tr|B3RKW1|B3RKW1_TRIAD	Trichoplax adhaerens	basal_metazoan	proteome	medium	0.4503		profile_medium
kv_shaker	B3RLA1__Triadh	tr|B3RLA1|B3RLA1_TRIAD	Trichoplax adhaerens	basal_metazoan	proteome	medium	0.7283		profile_medium
osca_tmem63	B3RM29__Triadh	tr|B3RM29|B3RM29_TRIAD	Trichoplax adhaerens	basal_metazoan	proteome	high	0.7057	655	include
kainate	B3RMA2__Triadh	tr|B3RMA2|B3RMA2_TRIAD	Trichoplax adhaerens	basal_metazoan	proteome	medium	0.393		profile_medium
kainate	B3RMA3__Triadh	tr|B3RMA3|B3RMA3_TRIAD	Trichoplax adhaerens	basal_metazoan	proteome	medium	0.3809		profile_medium
kainate	B3RMA4__Triadh	tr|B3RMA4|B3RMA4_TRIAD	Trichoplax adhaerens	basal_metazoan	proteome	medium	0.4061		profile_medium
trpa	B3RME5__Triadh	tr|B3RME5|B3RME5_TRIAD	Trichoplax adhaerens	basal_metazoan	proteome	medium	0.3396		profile_medium
kir	B3RMY4__Triadh	tr|B3RMY4|B3RMY4_TRIAD	Trichoplax adhaerens	basal_metazoan	proteome	high	0.7457	310	include
cav	B3RN16__Triadh	tr|B3RN16|B3RN16_TRIAD	Trichoplax adhaerens	basal_metazoan	proteome	high	0.7324	1556	include
tpc	B3RNF3__Triadh	tr|B3RNF3|B3RNF3_TRIAD	Trichoplax adhaerens	basal_metazoan	proteome	high	0.6139	743	include
trpa	B3RPG5__Triadh	tr|B3RPG5|B3RPG5_TRIAD	Trichoplax adhaerens	basal_metazoan	proteome	medium	0.3387		profile_medium
trpa	B3RPG9__Triadh	tr|B3RPG9|B3RPG9_TRIAD	Trichoplax adhaerens	basal_metazoan	proteome	medium	0.3235		profile_medium
cav	B3RPW0__Triadh	tr|B3RPW0|B3RPW0_TRIAD	Trichoplax adhaerens	basal_metazoan	proteome	high	0.697	1510	include
kir	B3RQ86__Triadh	tr|B3RQ86|B3RQ86_TRIAD	Trichoplax adhaerens	basal_metazoan	proteome	high	0.7139	423	include
kir	B3RQ87__Triadh	tr|B3RQ87|B3RQ87_TRIAD	Trichoplax adhaerens	basal_metazoan	proteome	high	0.7237	423	include
kir	B3RQ88__Triadh	tr|B3RQ88|B3RQ88_TRIAD	Trichoplax adhaerens	basal_metazoan	proteome	medium	0.4645		profile_medium
kir	B3RQ90__Triadh	tr|B3RQ90|B3RQ90_TRIAD	Trichoplax adhaerens	basal_metazoan	proteome	high	0.6797	420	include
kir	B3RQ91__Triadh	tr|B3RQ91|B3RQ91_TRIAD	Trichoplax adhaerens	basal_metazoan	proteome	medium	0.4621		profile_medium
kir	B3RQ92__Triadh	tr|B3RQ92|B3RQ92_TRIAD	Trichoplax adhaerens	basal_metazoan	proteome	medium	0.4645		profile_medium
kir	B3RQ93__Triadh	tr|B3RQ93|B3RQ93_TRIAD	Trichoplax adhaerens	basal_metazoan	proteome	medium	0.4694		profile_medium
kv_eag	B3RQK8__Triadh	tr|B3RQK8|B3RQK8_TRIAD	Trichoplax adhaerens	basal_metazoan	proteome	medium	0.348		profile_medium
kv_eag	B3RQL4__Triadh	tr|B3RQL4|B3RQL4_TRIAD	Trichoplax adhaerens	basal_metazoan	proteome	high	0.8983	1063	include
hv1	B3RRR8__Triadh	tr|B3RRR8|B3RRR8_TRIAD	Trichoplax adhaerens	basal_metazoan	proteome	medium	0.4196		profile_medium
enac	B3RSF6__Triadh	tr|B3RSF6|B3RSF6_TRIAD	Trichoplax adhaerens	basal_metazoan	proteome	medium	0.6155		profile_medium
nav	B3RSR3__Triadh	tr|B3RSR3|B3RSR3_TRIAD	Trichoplax adhaerens	basal_metazoan	proteome	high	0.685	1816	include
nav	B3RSR6__Triadh	tr|B3RSR6|B3RSR6_TRIAD	Trichoplax adhaerens	basal_metazoan	proteome	high	0.551	1046	include
nav	B3RSS4__Triadh	tr|B3RSS4|B3RSS4_TRIAD	Trichoplax adhaerens	basal_metazoan	proteome	high	0.8206	1557	include
kainate	B3RU58__Triadh	tr|B3RU58|B3RU58_TRIAD	Trichoplax adhaerens	basal_metazoan	proteome	medium	0.9122		profile_medium
itpr	B3RUD1__Triadh	tr|B3RUD1|B3RUD1_TRIAD	Trichoplax adhaerens	basal_metazoan	proteome	high	0.6727	2486	include
kca_slo	B3RV96__Triadh	tr|B3RV96|B3RV96_TRIAD	Trichoplax adhaerens	basal_metazoan	proteome	high	0.8196	893	include
piezo	B3RVD4__Triadh	tr|B3RVD4|B3RVD4_TRIAD	Trichoplax adhaerens	basal_metazoan	proteome	high	0.6837	2171	include
asic	B3RVG0__Triadh	tr|B3RVG0|B3RVG0_TRIAD	Trichoplax adhaerens	basal_metazoan	proteome	high	0.8369	473	include
asic	B3RVG1__Triadh	tr|B3RVG1|B3RVG1_TRIAD	Trichoplax adhaerens	basal_metazoan	proteome	high	0.8964	492	include
kainate	B3RXL8__Triadh	tr|B3RXL8|B3RXL8_TRIAD	Trichoplax adhaerens	basal_metazoan	proteome	medium	0.4336		profile_medium
itpr	B3RXX7__Triadh	tr|B3RXX7|B3RXX7_TRIAD	Trichoplax adhaerens	basal_metazoan	proteome	high	0.8982	2524	include
p2x	B3RZ03__Triadh	tr|B3RZ03|B3RZ03_TRIAD	Trichoplax adhaerens	basal_metazoan	proteome	high	0.7129	326	include
clc_channel	B3RZR0__Triadh	tr|B3RZR0|B3RZR0_TRIAD	Trichoplax adhaerens	basal_metazoan	proteome	high	0.6565	602	include
asic	B3S0Z3__Triadh	tr|B3S0Z3|B3S0Z3_TRIAD	Trichoplax adhaerens	basal_metazoan	proteome	high	0.8772	678	include
asic	B3S0Z4__Triadh	tr|B3S0Z4|B3S0Z4_TRIAD	Trichoplax adhaerens	basal_metazoan	proteome	high	0.8695	562	include
asic	B3S0Z8__Triadh	tr|B3S0Z8|B3S0Z8_TRIAD	Trichoplax adhaerens	basal_metazoan	proteome	medium	0.4952		profile_medium
asic	B3S0Z9__Triadh	tr|B3S0Z9|B3S0Z9_TRIAD	Trichoplax adhaerens	basal_metazoan	proteome	high	0.8964	529	include
asic	B3S100__Triadh	tr|B3S100|B3S100_TRIAD	Trichoplax adhaerens	basal_metazoan	proteome	high	0.9079	513	include
asic	B3S101__Triadh	tr|B3S101|B3S101_TRIAD	Trichoplax adhaerens	basal_metazoan	proteome	high	0.6891	403	include
tric	B3S1N7__Triadh	tr|B3S1N7|B3S1N7_TRIAD	Trichoplax adhaerens	basal_metazoan	proteome	high	0.5864	187	include
asic	B3S1Q1__Triadh	tr|B3S1Q1|B3S1Q1_TRIAD	Trichoplax adhaerens	basal_metazoan	proteome	high	0.8599	493	include
trpml	B3S1R4__Triadh	tr|B3S1R4|B3S1R4_TRIAD	Trichoplax adhaerens	basal_metazoan	proteome	high	0.6445	454	include
cng	B3S1X3__Triadh	tr|B3S1X3|B3S1X3_TRIAD	Trichoplax adhaerens	basal_metazoan	proteome	high	0.5686	402	include
trpv	B3S2T9__Triadh	tr|B3S2T9|B3S2T9_TRIAD	Trichoplax adhaerens	basal_metazoan	proteome	high	0.5142	837	include
trpm	B3S397__Triadh	tr|B3S397|B3S397_TRIAD	Trichoplax adhaerens	basal_metazoan	proteome	medium	0.4721		profile_medium
trpm	B3S3P4__Triadh	tr|B3S3P4|B3S3P4_TRIAD	Trichoplax adhaerens	basal_metazoan	proteome	medium	0.4539		profile_medium
trpm	B3S3P5__Triadh	tr|B3S3P5|B3S3P5_TRIAD	Trichoplax adhaerens	basal_metazoan	proteome	medium	0.4875		profile_medium
trpm	B3S4D3__Triadh	tr|B3S4D3|B3S4D3_TRIAD	Trichoplax adhaerens	basal_metazoan	proteome	high	0.5279	1241	include
asic	B3S4X1__Triadh	tr|B3S4X1|B3S4X1_TRIAD	Trichoplax adhaerens	basal_metazoan	proteome	high	0.8887	555	include
trpp	B3S5C8__Triadh	tr|B3S5C8|B3S5C8_TRIAD	Trichoplax adhaerens	basal_metazoan	proteome	high	0.5452	449	include
vdac	B3S657__Triadh	tr|B3S657|B3S657_TRIAD	Trichoplax adhaerens	basal_metazoan	proteome	high	0.9856	281	include
p2x	B3S6I7__Triadh	tr|B3S6I7|B3S6I7_TRIAD	Trichoplax adhaerens	basal_metazoan	proteome	high	0.7718	343	include
kainate	B3S7U9__Triadh	tr|B3S7U9|B3S7U9_TRIAD	Trichoplax adhaerens	basal_metazoan	proteome	medium	0.382		profile_medium
kainate	B3S7V0__Triadh	tr|B3S7V0|B3S7V0_TRIAD	Trichoplax adhaerens	basal_metazoan	proteome	medium	0.3622		profile_medium
itpr	B3S887__Triadh	tr|B3S887|B3S887_TRIAD	Trichoplax adhaerens	basal_metazoan	proteome	medium	0.3399		profile_medium
kv_eag	B3S8A5__Triadh	tr|B3S8A5|B3S8A5_TRIAD	Trichoplax adhaerens	basal_metazoan	proteome	high	0.673	667	include
trpm	B3S8M2__Triadh	tr|B3S8M2|B3S8M2_TRIAD	Trichoplax adhaerens	basal_metazoan	proteome	high	0.6782	1592	include
k2p	B3SA79__Triadh	tr|B3SA79|B3SA79_TRIAD	Trichoplax adhaerens	basal_metazoan	proteome	high	0.694	292	include
kv_eag	B3SAI8__Triadh	tr|B3SAI8|B3SAI8_TRIAD	Trichoplax adhaerens	basal_metazoan	proteome	high	0.6371	632	include
kv_shaker	B3SAQ8__Triadh	tr|B3SAQ8|B3SAQ8_TRIAD	Trichoplax adhaerens	basal_metazoan	proteome	high	0.7029	369	include
kainate	B3SAV7__Triadh	tr|B3SAV7|B3SAV7_TRIAD	Trichoplax adhaerens	basal_metazoan	proteome	medium	0.3798		profile_medium
tpc	B3SBZ1__Triadh	tr|B3SBZ1|B3SBZ1_TRIAD	Trichoplax adhaerens	basal_metazoan	proteome	medium	0.3312		profile_medium
trpv	B3SDA4__Triadh	tr|B3SDA4|B3SDA4_TRIAD	Trichoplax adhaerens	basal_metazoan	proteome	high	0.5672	678	include
mscs	B3SFM1__Triadh	tr|B3SFM1|B3SFM1_TRIAD	Trichoplax adhaerens	basal_metazoan	proteome	high	0.7785	277	include
nachr	B3WFZ2__Caeele	tr|B3WFZ2|B3WFZ2_CAEEL	Caenorhabditis elegans	invertebrate	proteome	high	0.9503	560	include
kir	B7YZX2__Dromel	tr|B7YZX2|B7YZX2_DROME	Drosophila melanogaster	invertebrate	proteome	high	0.7848	446	include
kainate	B7Z069__Dromel	tr|B7Z069|B7Z069_DROME	Drosophila melanogaster	invertebrate	proteome	medium	0.382		profile_medium
k2p	B8A573__Danrer	tr|B8A573|B8A573_DANRE	Danio rerio	vertebrate	proteome	high	0.7264	337	include
cng	B8JHY6__Danrer	tr|B8JHY6|B8JHY6_DANRE	Danio rerio	vertebrate	proteome	high	0.8939	697	include
kainate	B8JLR6__Danrer	tr|B8JLR6|B8JLR6_DANRE	Danio rerio	vertebrate	proteome	medium	0.4786		profile_medium
iglur_nonvertebrate	B9G3Q7__Orysat	tr|B9G3Q7|B9G3Q7_ORYSJ	Oryza sativa	plant	proteome	high	0.6536	946	include
mcu	B9G951__Orysat	tr|B9G951|B9G951_ORYSJ	Oryza sativa	plant	proteome	medium	0.3304		profile_medium
k2p	C0Z3L1__Caeele	tr|C0Z3L1|C0Z3L1_CAEEL	Caenorhabditis elegans	invertebrate	proteome	medium	0.4577		profile_medium
kv_shaker	C3XS89__Braflo	tr|C3XS89|C3XS89_BRAFL	Branchiostoma floridae	deuterostome	proteome	high	0.7772	512	include
tric	C3XU25__Braflo	tr|C3XU25|C3XU25_BRAFL	Branchiostoma floridae	deuterostome	proteome	high	0.8915	283	include
kv_shaker	C3XUL8__Braflo	tr|C3XUL8|C3XUL8_BRAFL	Branchiostoma floridae	deuterostome	proteome	high	0.7228	429	include
asic	C3XW97__Braflo	tr|C3XW97|C3XW97_BRAFL	Branchiostoma floridae	deuterostome	proteome	high	0.9597	597	include
vdac	C3Y0N4__Braflo	tr|C3Y0N4|C3Y0N4_BRAFL	Branchiostoma floridae	deuterostome	proteome	high	0.9856	337	include
k2p	C3Y5S5__Braflo	tr|C3Y5S5|C3Y5S5_BRAFL	Branchiostoma floridae	deuterostome	proteome	high	0.6642	392	include
kv_shaker	C3Y728__Braflo	tr|C3Y728|C3Y728_BRAFL	Branchiostoma floridae	deuterostome	proteome	high	0.7446	471	include
kv_shaker	C3Y739__Braflo	tr|C3Y739|C3Y739_BRAFL	Branchiostoma floridae	deuterostome	proteome	high	0.7482	471	include
kv_shaker	C3Y804__Braflo	tr|C3Y804|C3Y804_BRAFL	Branchiostoma floridae	deuterostome	proteome	high	0.7391	542	include
nmda	C3Y993__Braflo	tr|C3Y993|C3Y993_BRAFL	Branchiostoma floridae	deuterostome	proteome	high	0.7059	1020	include
gabaa	C3YAJ5__Braflo	tr|C3YAJ5|C3YAJ5_BRAFL	Branchiostoma floridae	deuterostome	proteome	high	0.9123	466	include
k2p	C3YB18__Braflo	tr|C3YB18|C3YB18_BRAFL	Branchiostoma floridae	deuterostome	proteome	high	0.7761	337	include
kir	C3YD60__Braflo	tr|C3YD60|C3YD60_BRAFL	Branchiostoma floridae	deuterostome	proteome	high	0.8362	384	include
orai	C3Z407__Braflo	tr|C3Z407|C3Z407_BRAFL	Branchiostoma floridae	deuterostome	proteome	high	0.7667	204	include
kv_shaker	C3Z458__Braflo	tr|C3Z458|C3Z458_BRAFL	Branchiostoma floridae	deuterostome	proteome	high	0.7681	486	include
kainate	C3ZCI5__Braflo	tr|C3ZCI5|C3ZCI5_BRAFL	Branchiostoma floridae	deuterostome	proteome	medium	0.4852		profile_medium
kv_shaker	C3ZQC4__Braflo	tr|C3ZQC4|C3ZQC4_BRAFL	Branchiostoma floridae	deuterostome	proteome	high	0.7391	431	include
kv_shaker	C3ZZ36__Braflo	tr|C3ZZ36|C3ZZ36_BRAFL	Branchiostoma floridae	deuterostome	proteome	high	0.7319	475	include
vdac	C6KT11__Plafal	tr|C6KT11|C6KT11_PLAF7	Plasmodium falciparum	apicomplexa	proteome				no_profile_call
otop	D3ZCS6__Ratnor	tr|D3ZCS6|D3ZCS6_RAT	Rattus norvegicus	vertebrate	proteome	high	0.9088	563	include
calhm	D3ZDN4__Ratnor	tr|D3ZDN4|D3ZDN4_RAT	Rattus norvegicus	vertebrate	proteome	high	0.8797	315	include
k2p	D3ZLR9__Ratnor	tr|D3ZLR9|D3ZLR9_RAT	Rattus norvegicus	vertebrate	proteome	high	0.6692	292	include
kv_shaker	D3ZRW4__Ratnor	tr|D3ZRW4|D3ZRW4_RAT	Rattus norvegicus	vertebrate	proteome	high	0.7989	511	include
tpc	D3ZTJ6__Ratnor	tr|D3ZTJ6|D3ZTJ6_RAT	Rattus norvegicus	vertebrate	proteome	high	0.8403	753	include
bestrophin	D3ZX44__Ratnor	tr|D3ZX44|D3ZX44_RAT	Rattus norvegicus	vertebrate	proteome	high	0.7913	454	include
kv_shaker	D3ZYK3__Ratnor	tr|D3ZYK3|D3ZYK3_RAT	Rattus norvegicus	vertebrate	proteome	high	0.9583	650	include
kv_modifier	D3ZZR6__Ratnor	tr|D3ZZR6|D3ZZR6_RAT	Rattus norvegicus	vertebrate	proteome	high	0.9346	561	include
catsper	D4A0V7__Ratnor	tr|D4A0V7|D4A0V7_RAT	Rattus norvegicus	vertebrate	proteome	high	0.809	448	include
osca_tmem63	D4A105__Ratnor	tr|D4A105|D4A105_RAT	Rattus norvegicus	vertebrate	proteome	high	0.9849	832	include
calhm	D4A158__Ratnor	tr|D4A158|D4A158_RAT	Rattus norvegicus	vertebrate	proteome	high	0.9241	344	include
bestrophin	D4A3A7__Ratnor	tr|D4A3A7|D4A3A7_RAT	Rattus norvegicus	vertebrate	proteome	high	0.9943	508	include
glyr	D4A4R5__Ratnor	tr|D4A4R5|D4A4R5_RAT	Rattus norvegicus	vertebrate	proteome	high	0.9632	456	include
lrrc8	D4A758__Ratnor	tr|D4A758|D4A758_RAT	Rattus norvegicus	vertebrate	proteome	high	1.0	803	include
k2p	D4A806__Ratnor	tr|D4A806|D4A806_RAT	Rattus norvegicus	vertebrate	proteome	high	0.5896	304	include
kv_shaker	D4A810__Ratnor	tr|D4A810|D4A810_RAT	Rattus norvegicus	vertebrate	proteome	high	0.7808	489	include
trpp	D4A828__Ratnor	tr|D4A828|D4A828_RAT	Rattus norvegicus	vertebrate	proteome	high	0.8228	621	include
bestrophin	D4AAW7__Ratnor	tr|D4AAW7|D4AAW7_RAT	Rattus norvegicus	vertebrate	proteome	high	0.9848	672	include
trpn	D4ACT4__Ratnor	tr|D4ACT4|D4ACT4_RAT	Rattus norvegicus	vertebrate	proteome	medium	0.3114		profile_medium
kv_modifier	D4AD66__Ratnor	tr|D4AD66|D4AD66_RAT	Rattus norvegicus	vertebrate	proteome	high	0.9388	506	include
calhm	D4AE44__Ratnor	tr|D4AE44|D4AE44_RAT	Rattus norvegicus	vertebrate	proteome	high	0.9652	348	include
tpc	E1BQ97__Galgal	tr|E1BQ97|E1BQ97_CHICK	Gallus gallus	vertebrate	proteome	high	0.9856	817	include
lrrc8	E1BQK4__Galgal	tr|E1BQK4|E1BQK4_CHICK	Gallus gallus	vertebrate	proteome	high	0.9988	810	include
connexin	E1BQP7__Galgal	tr|E1BQP7|E1BQP7_CHICK	Gallus gallus	vertebrate	proteome	high	0.9968	415	include
nav	E1BQT2__Galgal	tr|E1BQT2|E1BQT2_CHICK	Gallus gallus	vertebrate	proteome	high	0.9994	2006	include
kv_modifier	E1BQU8__Galgal	tr|E1BQU8|E1BQU8_CHICK	Gallus gallus	vertebrate	proteome	high	0.9177	511	include
kv_shaker	E1BS72__Galgal	tr|E1BS72|E1BS72_CHICK	Gallus gallus	vertebrate	proteome	high	0.9511	632	include
nalcn	E1BSL8__Galgal	tr|E1BSL8|E1BSL8_CHICK	Gallus gallus	vertebrate	proteome	high	1.0	1738	include
kir	E1BWC5__Galgal	tr|E1BWC5|E1BWC5_CHICK	Gallus gallus	vertebrate	proteome	high	0.8802	429	include
kv_modifier	E1BWF1__Galgal	tr|E1BWF1|E1BWF1_CHICK	Gallus gallus	vertebrate	proteome	medium	0.9494		profile_medium
vdac	E1BYN7__Galgal	tr|E1BYN7|E1BYN7_CHICK	Gallus gallus	vertebrate	proteome	high	0.9964	283	include
kv_shaker	E1BYX3__Galgal	tr|E1BYX3|E1BYX3_CHICK	Gallus gallus	vertebrate	proteome	medium	0.9185		profile_medium
lrrc8	E1BYZ5__Galgal	tr|E1BYZ5|E1BYZ5_CHICK	Gallus gallus	vertebrate	proteome	high	0.9988	856	include
lrrc8	E1BZK2__Galgal	tr|E1BZK2|E1BZK2_CHICK	Gallus gallus	vertebrate	proteome	high	0.9988	800	include
calhm	E1C257__Galgal	tr|E1C257|E1C257_CHICK	Gallus gallus	vertebrate	proteome	high	0.9747	319	include
connexin	E1C2J9__Galgal	tr|E1C2J9|E1C2J9_CHICK	Gallus gallus	vertebrate	proteome	high	0.7331	225	include
kv_modifier	E1C3M8__Galgal	tr|E1C3M8|E1C3M8_CHICK	Gallus gallus	vertebrate	proteome	high	0.9283	511	include
calhm	E1C3Z9__Galgal	tr|E1C3Z9|E1C3Z9_CHICK	Gallus gallus	vertebrate	proteome	high	0.9589	325	include
connexin	E1C7P9__Galgal	tr|E1C7P9|E1C7P9_CHICK	Gallus gallus	vertebrate	proteome	high	0.9582	416	include
bestrophin	E1C882__Galgal	tr|E1C882|E1C882_CHICK	Gallus gallus	vertebrate	proteome	high	0.9051	669	include
lrrc8	E1C957__Galgal	tr|E1C957|E1C957_CHICK	Gallus gallus	vertebrate	proteome	high	0.9988	802	include
otop	E1JJE6__Dromel	tr|E1JJE6|E1JJE6_DROME	Drosophila melanogaster	invertebrate	proteome	high	0.6833	991	include
k2p	E1JJG7__Dromel	tr|E1JJG7|E1JJG7_DROME	Drosophila melanogaster	invertebrate	proteome	medium	0.4478		profile_medium
nachr	E1JJR2__Dromel	tr|E1JJR2|E1JJR2_DROME	Drosophila melanogaster	invertebrate	proteome	high	0.9482	564	include
kir	E7F1N1__Danrer	tr|E7F1N1|E7F1N1_DANRE	Danio rerio	vertebrate	proteome	high	0.8166	539	include
ampa	E7F1V8__Danrer	tr|E7F1V8|E7F1V8_DANRE	Danio rerio	vertebrate	proteome	high	0.9889	917	include
lrrc8	E7F333__Danrer	tr|E7F333|E7F333_DANRE	Danio rerio	vertebrate	proteome	high	1.0	792	include
nachr	E7F4S7__Danrer	tr|E7F4S7|E7F4S7_DANRE	Danio rerio	vertebrate	proteome	high	0.9793	543	include
gabaa	E7F635__Danrer	tr|E7F635|E7F635_DANRE	Danio rerio	vertebrate	proteome	high	0.9715	451	include
kir	E7F7K0__Danrer	tr|E7F7K0|E7F7K0_DANRE	Danio rerio	vertebrate	proteome	high	0.8166	505	include
kir	E7F807__Danrer	tr|E7F807|E7F807_DANRE	Danio rerio	vertebrate	proteome	high	0.9022	421	include
kv_shaker	E7F8M2__Danrer	tr|E7F8M2|E7F8M2_DANRE	Danio rerio	vertebrate	proteome	high	0.875	493	include
k2p	E7F9D1__Danrer	tr|E7F9D1|E7F9D1_DANRE	Danio rerio	vertebrate	proteome	high	0.791	383	include
nachr	E7F9V1__Danrer	tr|E7F9V1|E7F9V1_DANRE	Danio rerio	vertebrate	proteome	high	0.9814	540	include
kca_sk	E7FAT2__Danrer	tr|E7FAT2|E7FAT2_DANRE	Danio rerio	vertebrate	proteome	high	0.8843	771	include
lrrc8	E7FB32__Danrer	tr|E7FB32|E7FB32_DANRE	Danio rerio	vertebrate	proteome	high	0.9988	791	include
connexin	E7FBZ4__Danrer	tr|E7FBZ4|E7FBZ4_DANRE	Danio rerio	vertebrate	proteome	high	0.9871	354	include
kir	E7FD27__Danrer	tr|E7FD27|E7FD27_DANRE	Danio rerio	vertebrate	proteome	high	0.9022	425	include
kv_kcnq	E7FEC8__Danrer	tr|E7FEC8|E7FEC8_DANRE	Danio rerio	vertebrate	proteome	high	0.8934	840	include
kainate	E7FEG9__Danrer	tr|E7FEG9|E7FEG9_DANRE	Danio rerio	vertebrate	proteome	high	0.9286	991	include
kv_shaker	E7FEJ3__Danrer	tr|E7FEJ3|E7FEJ3_DANRE	Danio rerio	vertebrate	proteome	high	0.8623	493	include
connexin	E7FF16__Danrer	tr|E7FF16|E7FF16_DANRE	Danio rerio	vertebrate	proteome	high	0.7621	275	include
kv_shaker	E7FFE9__Danrer	tr|E7FFE9|E7FFE9_DANRE	Danio rerio	vertebrate	proteome	high	0.8641	492	include
kv_modifier	E7FFQ6__Danrer	tr|E7FFQ6|E7FFQ6_DANRE	Danio rerio	vertebrate	proteome	high	0.9156	546	include
calhm	E7FFW5__Danrer	tr|E7FFW5|E7FFW5_DANRE	Danio rerio	vertebrate	proteome	high	0.9494	331	include
nmda	E7FH62__Danrer	tr|E7FH62|E7FH62_DANRE	Danio rerio	vertebrate	proteome	high	0.9523	1400	include
cng	E9FQW8__Dappul	tr|E9FQW8|E9FQW8_DAPPU	Daphnia pulex	invertebrate	proteome	high	0.7298	602	include
trpa	E9FR19__Dappul	tr|E9FR19|E9FR19_DAPPU	Daphnia pulex	invertebrate	proteome	medium	0.3584		profile_medium
nachr	E9FR82__Dappul	tr|E9FR82|E9FR82_DAPPU	Daphnia pulex	invertebrate	proteome	high	0.677	372	include
kca_sk	E9FRA4__Dappul	tr|E9FRA4|E9FRA4_DAPPU	Daphnia pulex	invertebrate	proteome	high	0.6688	437	include
kv_eag	E9FRR9__Dappul	tr|E9FRR9|E9FRR9_DAPPU	Daphnia pulex	invertebrate	proteome	medium	0.4865		profile_medium
kainate	E9FS05__Dappul	tr|E9FS05|E9FS05_DAPPU	Daphnia pulex	invertebrate	proteome	medium	0.3128		profile_medium
kainate	E9FS57__Dappul	tr|E9FS57|E9FS57_DAPPU	Daphnia pulex	invertebrate	proteome	high	0.9539	915	include
asic	E9FS69__Dappul	tr|E9FS69|E9FS69_DAPPU	Daphnia pulex	invertebrate	proteome	medium	0.3013		profile_medium
bestrophin	E9FS74__Dappul	tr|E9FS74|E9FS74_DAPPU	Daphnia pulex	invertebrate	proteome	high	0.6395	362	include
gabaa	E9FSP0__Dappul	tr|E9FSP0|E9FSP0_DAPPU	Daphnia pulex	invertebrate	proteome	medium	0.9167		profile_medium
nav	E9FT70__Dappul	tr|E9FT70|E9FT70_DAPPU	Daphnia pulex	invertebrate	proteome	high	0.8391	1527	include
gabaa	E9FT88__Dappul	tr|E9FT88|E9FT88_DAPPU	Daphnia pulex	invertebrate	proteome	medium	0.9298		profile_medium
bestrophin	E9FTF1__Dappul	tr|E9FTF1|E9FTF1_DAPPU	Daphnia pulex	invertebrate	proteome	high	0.5617	364	include
bestrophin	E9FTJ7__Dappul	tr|E9FTJ7|E9FTJ7_DAPPU	Daphnia pulex	invertebrate	proteome	high	0.5598	394	include
bestrophin	E9FTJ9__Dappul	tr|E9FTJ9|E9FTJ9_DAPPU	Daphnia pulex	invertebrate	proteome	medium	0.4782		profile_medium
bestrophin	E9FTK2__Dappul	tr|E9FTK2|E9FTK2_DAPPU	Daphnia pulex	invertebrate	proteome	high	0.5655	378	include
gabaa	E9FTL3__Dappul	tr|E9FTL3|E9FTL3_DAPPU	Daphnia pulex	invertebrate	proteome	medium	0.6776		profile_medium
cav	E9FTR1__Dappul	tr|E9FTR1|E9FTR1_DAPPU	Daphnia pulex	invertebrate	proteome	high	0.868	1836	include
ryr	E9FTU9__Dappul	tr|E9FTU9|E9FTU9_DAPPU	Daphnia pulex	invertebrate	proteome	high	0.9994	5119	include
nmda	E9FV73__Dappul	tr|E9FV73|E9FV73_DAPPU	Daphnia pulex	invertebrate	proteome	high	0.6692	937	include
clc_channel	E9FVD1__Dappul	tr|E9FVD1|E9FVD1_DAPPU	Daphnia pulex	invertebrate	proteome	high	0.89	812	include
clc_channel	E9FVD3__Dappul	tr|E9FVD3|E9FVD3_DAPPU	Daphnia pulex	invertebrate	proteome	high	0.8526	1055	include
clc_channel	E9FVD4__Dappul	tr|E9FVD4|E9FVD4_DAPPU	Daphnia pulex	invertebrate	proteome	high	0.8957	885	include
clc_channel	E9FVD5__Dappul	tr|E9FVD5|E9FVD5_DAPPU	Daphnia pulex	invertebrate	proteome	high	0.8469	984	include
p2x	E9FVI5__Dappul	tr|E9FVI5|E9FVI5_DAPPU	Daphnia pulex	invertebrate	proteome	high	0.8824	402	include
p2x	E9FVI6__Dappul	tr|E9FVI6|E9FVI6_DAPPU	Daphnia pulex	invertebrate	proteome	high	0.8659	392	include
asic	E9FVN4__Dappul	tr|E9FVN4|E9FVN4_DAPPU	Daphnia pulex	invertebrate	proteome	medium	0.6046		profile_medium
asic	E9FVN5__Dappul	tr|E9FVN5|E9FVN5_DAPPU	Daphnia pulex	invertebrate	proteome	medium	0.5701		profile_medium
asic	E9FVN6__Dappul	tr|E9FVN6|E9FVN6_DAPPU	Daphnia pulex	invertebrate	proteome	high	0.8887	568	include
asic	E9FVN7__Dappul	tr|E9FVN7|E9FVN7_DAPPU	Daphnia pulex	invertebrate	proteome	high	0.8868	576	include
asic	E9FVN8__Dappul	tr|E9FVN8|E9FVN8_DAPPU	Daphnia pulex	invertebrate	proteome	high	0.9386	558	include
asic	E9FVP0__Dappul	tr|E9FVP0|E9FVP0_DAPPU	Daphnia pulex	invertebrate	proteome	medium	0.8599		profile_medium
trpv	E9FVS1__Dappul	tr|E9FVS1|E9FVS1_DAPPU	Daphnia pulex	invertebrate	proteome	high	0.6745	757	include
bestrophin	E9FWV7__Dappul	tr|E9FWV7|E9FWV7_DAPPU	Daphnia pulex	invertebrate	proteome	high	0.7154	425	include
kir	E9FXS0__Dappul	tr|E9FXS0|E9FXS0_DAPPU	Daphnia pulex	invertebrate	proteome	high	0.8411	557	include
kir	E9FXS2__Dappul	tr|E9FXS2|E9FXS2_DAPPU	Daphnia pulex	invertebrate	proteome	high	0.7873	347	include
k2p	E9FXV2__Dappul	tr|E9FXV2|E9FXV2_DAPPU	Daphnia pulex	invertebrate	proteome	high	0.5995	626	include
k2p	E9FXV3__Dappul	tr|E9FXV3|E9FXV3_DAPPU	Daphnia pulex	invertebrate	proteome	high	0.5672	486	include
bestrophin	E9FXZ5__Dappul	tr|E9FXZ5|E9FXZ5_DAPPU	Daphnia pulex	invertebrate	proteome	high	0.5806	319	include
orai	E9FYC1__Dappul	tr|E9FYC1|E9FYC1_DAPPU	Daphnia pulex	invertebrate	proteome	high	0.7815	219	include
osca_tmem63	E9FYF6__Dappul	tr|E9FYF6|E9FYF6_DAPPU	Daphnia pulex	invertebrate	proteome	medium	0.3736		profile_medium
nachr	E9G084__Dappul	tr|E9G084|E9G084_DAPPU	Daphnia pulex	invertebrate	proteome	high	0.9627	558	include
nachr	E9G087__Dappul	tr|E9G087|E9G087_DAPPU	Daphnia pulex	invertebrate	proteome	high	0.9234	574	include
nachr	E9G088__Dappul	tr|E9G088|E9G088_DAPPU	Daphnia pulex	invertebrate	proteome	high	0.9275	484	include
trpv	E9G142__Dappul	tr|E9G142|E9G142_DAPPU	Daphnia pulex	invertebrate	proteome	high	0.7287	718	include
k2p	E9G225__Dappul	tr|E9G225|E9G225_DAPPU	Daphnia pulex	invertebrate	proteome	medium	0.4104		profile_medium
iglur_nonvertebrate	E9G2B0__Dappul	tr|E9G2B0|E9G2B0_DAPPU	Daphnia pulex	invertebrate	proteome	high	0.8155	942	include
asic	E9G2E2__Dappul	tr|E9G2E2|E9G2E2_DAPPU	Daphnia pulex	invertebrate	proteome	high	0.8484	810	include
kv_shaker	E9G2I2__Dappul	tr|E9G2I2|E9G2I2_DAPPU	Daphnia pulex	invertebrate	proteome	medium	0.7844		profile_medium
trpc	E9G3A4__Dappul	tr|E9G3A4|E9G3A4_DAPPU	Daphnia pulex	invertebrate	proteome	high	0.9077	1111	include
asic	E9G3Q9__Dappul	tr|E9G3Q9|E9G3Q9_DAPPU	Daphnia pulex	invertebrate	proteome	medium	0.3839		profile_medium
kca_slo	E9G429__Dappul	tr|E9G429|E9G429_DAPPU	Daphnia pulex	invertebrate	proteome	high	0.8604	1028	include
osca_tmem63	E9G4I4__Dappul	tr|E9G4I4|E9G4I4_DAPPU	Daphnia pulex	invertebrate	proteome	high	0.8226	762	include
gabaa	E9G590__Dappul	tr|E9G590|E9G590_DAPPU	Daphnia pulex	invertebrate	proteome	medium	0.6689		profile_medium
kv_shaker	E9G6G5__Dappul	tr|E9G6G5|E9G6G5_DAPPU	Daphnia pulex	invertebrate	proteome	medium	0.7446		profile_medium
k2p	E9G6Z1__Dappul	tr|E9G6Z1|E9G6Z1_DAPPU	Daphnia pulex	invertebrate	proteome	high	0.6667	281	include
nmda	E9G8Z5__Dappul	tr|E9G8Z5|E9G8Z5_DAPPU	Daphnia pulex	invertebrate	proteome	medium	0.3427		profile_medium
cav	E9G947__Dappul	tr|E9G947|E9G947_DAPPU	Daphnia pulex	invertebrate	proteome	medium	0.3025		profile_medium
cav	E9G948__Dappul	tr|E9G948|E9G948_DAPPU	Daphnia pulex	invertebrate	proteome	medium	0.3241		profile_medium
innexin	E9G961__Dappul	tr|E9G961|E9G961_DAPPU	Daphnia pulex	invertebrate	proteome	high	0.7033	364	include
k2p	E9GA12__Dappul	tr|E9GA12|E9GA12_DAPPU	Daphnia pulex	invertebrate	proteome	high	0.6194	397	include
k2p	E9GAM9__Dappul	tr|E9GAM9|E9GAM9_DAPPU	Daphnia pulex	invertebrate	proteome	high	0.6667	266	include
otop	E9GCJ9__Dappul	tr|E9GCJ9|E9GCJ9_DAPPU	Daphnia pulex	invertebrate	proteome	medium	0.4458		profile_medium
mcu	E9GCX4__Dappul	tr|E9GCX4|E9GCX4_DAPPU	Daphnia pulex	invertebrate	proteome	high	0.7768	315	include
mcu	E9GD37__Dappul	tr|E9GD37|E9GD37_DAPPU	Daphnia pulex	invertebrate	proteome	none	0.1275		no_profile_call
mcu	E9GD39__Dappul	tr|E9GD39|E9GD39_DAPPU	Daphnia pulex	invertebrate	proteome	none	0.1275		no_profile_call
asic	E9GD98__Dappul	tr|E9GD98|E9GD98_DAPPU	Daphnia pulex	invertebrate	proteome	medium	0.833		profile_medium
bestrophin	E9GF20__Dappul	tr|E9GF20|E9GF20_DAPPU	Daphnia pulex	invertebrate	proteome	high	0.5787	330	include
nachr	E9GGD4__Dappul	tr|E9GGD4|E9GGD4_DAPPU	Daphnia pulex	invertebrate	proteome	high	0.617	509	include
nav	E9GGF2__Dappul	tr|E9GGF2|E9GGF2_DAPPU	Daphnia pulex	invertebrate	proteome	high	0.9316	2057	include
bestrophin	E9GHU5__Dappul	tr|E9GHU5|E9GHU5_DAPPU	Daphnia pulex	invertebrate	proteome				no_profile_call
asic	E9GIL1__Dappul	tr|E9GIL1|E9GIL1_DAPPU	Daphnia pulex	invertebrate	proteome	high	0.8484	561	include
trpm	E9GJ26__Dappul	tr|E9GJ26|E9GJ26_DAPPU	Daphnia pulex	invertebrate	proteome	high	0.6219	1141	include
asic	E9GJ57__Dappul	tr|E9GJ57|E9GJ57_DAPPU	Daphnia pulex	invertebrate	proteome	medium	0.3071		profile_medium
trpm	E9GJF9__Dappul	tr|E9GJF9|E9GJF9_DAPPU	Daphnia pulex	invertebrate	proteome	high	0.6281	1137	include
kainate	E9GKP9__Dappul	tr|E9GKP9|E9GKP9_DAPPU	Daphnia pulex	invertebrate	proteome	medium	0.4116		profile_medium
bestrophin	E9GL03__Dappul	tr|E9GL03|E9GL03_DAPPU	Daphnia pulex	invertebrate	proteome	medium	0.4611		profile_medium
bestrophin	E9GL11__Dappul	tr|E9GL11|E9GL11_DAPPU	Daphnia pulex	invertebrate	proteome	high	0.5863	424	include
bestrophin	E9GL12__Dappul	tr|E9GL12|E9GL12_DAPPU	Daphnia pulex	invertebrate	proteome	high	0.5825	373	include
bestrophin	E9GL16__Dappul	tr|E9GL16|E9GL16_DAPPU	Daphnia pulex	invertebrate	proteome	high	0.5844	378	include
bestrophin	E9GL17__Dappul	tr|E9GL17|E9GL17_DAPPU	Daphnia pulex	invertebrate	proteome	high	0.5977	430	include
bestrophin	E9GL18__Dappul	tr|E9GL18|E9GL18_DAPPU	Daphnia pulex	invertebrate	proteome	none	0.093		no_profile_call
k2p	E9GL67__Dappul	tr|E9GL67|E9GL67_DAPPU	Daphnia pulex	invertebrate	proteome	high	0.6219	434	include
tpc	E9GLT0__Dappul	tr|E9GLT0|E9GLT0_DAPPU	Daphnia pulex	invertebrate	proteome	high	0.7893	592	include
osca_tmem63	E9GMG1__Dappul	tr|E9GMG1|E9GMG1_DAPPU	Daphnia pulex	invertebrate	proteome	high	0.9472	885	include
kv_kcnq	E9GMM1__Dappul	tr|E9GMM1|E9GMM1_DAPPU	Daphnia pulex	invertebrate	proteome	medium	0.4474		profile_medium
kv_kcnq	E9GMM2__Dappul	tr|E9GMM2|E9GMM2_DAPPU	Daphnia pulex	invertebrate	proteome	none	0.1787		no_profile_call
asic	E9GNY3__Dappul	tr|E9GNY3|E9GNY3_DAPPU	Daphnia pulex	invertebrate	proteome	medium	0.3666		profile_medium
kv_shaker	E9GRI2__Dappul	tr|E9GRI2|E9GRI2_DAPPU	Daphnia pulex	invertebrate	proteome	high	0.7754	546	include
vdac	E9GS42__Dappul	tr|E9GS42|E9GS42_DAPPU	Daphnia pulex	invertebrate	proteome	high	0.9892	313	include
trpc	E9GT78__Dappul	tr|E9GT78|E9GT78_DAPPU	Daphnia pulex	invertebrate	proteome	high	0.8432	875	include
nachr	E9GTK3__Dappul	tr|E9GTK3|E9GTK3_DAPPU	Daphnia pulex	invertebrate	proteome	high	0.9669	540	include
nachr	E9GTK4__Dappul	tr|E9GTK4|E9GTK4_DAPPU	Daphnia pulex	invertebrate	proteome	high	0.9379	534	include
nachr	E9GTK6__Dappul	tr|E9GTK6|E9GTK6_DAPPU	Daphnia pulex	invertebrate	proteome	high	0.942	501	include
vdac	E9GTP4__Dappul	tr|E9GTP4|E9GTP4_DAPPU	Daphnia pulex	invertebrate	proteome	high	0.9928	281	include
innexin	E9GU09__Dappul	tr|E9GU09|E9GU09_DAPPU	Daphnia pulex	invertebrate	proteome	high	0.7198	360	include
trpml	E9GV70__Dappul	tr|E9GV70|E9GV70_DAPPU	Daphnia pulex	invertebrate	proteome	high	0.9054	673	include
bestrophin	E9GVV0__Dappul	tr|E9GVV0|E9GVV0_DAPPU	Daphnia pulex	invertebrate	proteome	high	0.6015	369	include
kainate	E9GVY0__Dappul	tr|E9GVY0|E9GVY0_DAPPU	Daphnia pulex	invertebrate	proteome	high	0.9199	866	include
kainate	E9GVY3__Dappul	tr|E9GVY3|E9GVY3_DAPPU	Daphnia pulex	invertebrate	proteome	medium	0.9276		profile_medium
cng	E9GW19__Dappul	tr|E9GW19|E9GW19_DAPPU	Daphnia pulex	invertebrate	proteome	high	0.8373	1149	include
nachr	E9GWC2__Dappul	tr|E9GWC2|E9GWC2_DAPPU	Daphnia pulex	invertebrate	proteome	high	0.9213	442	include
gabaa	E9GXL7__Dappul	tr|E9GXL7|E9GXL7_DAPPU	Daphnia pulex	invertebrate	proteome	medium	0.9298		profile_medium
kv_eag	E9GYK5__Dappul	tr|E9GYK5|E9GYK5_DAPPU	Daphnia pulex	invertebrate	proteome	high	0.7079	720	include
kv_shaker	E9GZK8__Dappul	tr|E9GZK8|E9GZK8_DAPPU	Daphnia pulex	invertebrate	proteome	high	0.8496	536	include
trpc	E9GZL1__Dappul	tr|E9GZL1|E9GZL1_DAPPU	Daphnia pulex	invertebrate	proteome	high	0.8476	1185	include
innexin	E9H085__Dappul	tr|E9H085|E9H085_DAPPU	Daphnia pulex	invertebrate	proteome	high	0.6905	366	include
innexin	E9H086__Dappul	tr|E9H086|E9H086_DAPPU	Daphnia pulex	invertebrate	proteome	high	0.7015	396	include
nalcn	E9H0I3__Dappul	tr|E9H0I3|E9H0I3_DAPPU	Daphnia pulex	invertebrate	proteome	high	0.8872	1577	include
k2p	E9H0K5__Dappul	tr|E9H0K5|E9H0K5_DAPPU	Daphnia pulex	invertebrate	proteome	high	0.6119	342	include
k2p	E9H1C1__Dappul	tr|E9H1C1|E9H1C1_DAPPU	Daphnia pulex	invertebrate	proteome	high	0.5597	506	include
nachr	E9H1S0__Dappul	tr|E9H1S0|E9H1S0_DAPPU	Daphnia pulex	invertebrate	proteome	medium	0.4265		profile_medium
otop	E9H3W2__Dappul	tr|E9H3W2|E9H3W2_DAPPU	Daphnia pulex	invertebrate	proteome	high	0.6558	893	include
otop	E9H3X8__Dappul	tr|E9H3X8|E9H3X8_DAPPU	Daphnia pulex	invertebrate	proteome	high	0.6747	549	include
k2p	E9H402__Dappul	tr|E9H402|E9H402_DAPPU	Daphnia pulex	invertebrate	proteome	high	0.6119	317	include
mcu	E9H5K2__Dappul	tr|E9H5K2|E9H5K2_DAPPU	Daphnia pulex	invertebrate	proteome	none	0.1246		no_profile_call
otop	E9H658__Dappul	tr|E9H658|E9H658_DAPPU	Daphnia pulex	invertebrate	proteome				no_profile_call
kv_shaker	E9H699__Dappul	tr|E9H699|E9H699_DAPPU	Daphnia pulex	invertebrate	proteome	high	0.7373	479	include
plgic_invertebrate	E9H6N0__Dappul	tr|E9H6N0|E9H6N0_DAPPU	Daphnia pulex	invertebrate	proteome	high	0.8775	458	include
nachr	E9H6S6__Dappul	tr|E9H6S6|E9H6S6_DAPPU	Daphnia pulex	invertebrate	proteome	high	0.9607	525	include
nachr	E9H6S7__Dappul	tr|E9H6S7|E9H6S7_DAPPU	Daphnia pulex	invertebrate	proteome	high	0.9296	482	include
bestrophin	E9H801__Dappul	tr|E9H801|E9H801_DAPPU	Daphnia pulex	invertebrate	proteome	high	0.5787	384	include
bestrophin	E9H802__Dappul	tr|E9H802|E9H802_DAPPU	Daphnia pulex	invertebrate	proteome	medium	0.3719		profile_medium
bestrophin	E9H803__Dappul	tr|E9H803|E9H803_DAPPU	Daphnia pulex	invertebrate	proteome	medium	0.3283		profile_medium
bestrophin	E9H804__Dappul	tr|E9H804|E9H804_DAPPU	Daphnia pulex	invertebrate	proteome	high	0.5787	473	include
bestrophin	E9H805__Dappul	tr|E9H805|E9H805_DAPPU	Daphnia pulex	invertebrate	proteome	none	0.2562		no_profile_call
bestrophin	E9H806__Dappul	tr|E9H806|E9H806_DAPPU	Daphnia pulex	invertebrate	proteome	none	0.1518		no_profile_call
cng	E9H807__Dappul	tr|E9H807|E9H807_DAPPU	Daphnia pulex	invertebrate	proteome	high	0.6181	430	include
bestrophin	E9H818__Dappul	tr|E9H818|E9H818_DAPPU	Daphnia pulex	invertebrate	proteome	high	0.5844	357	include
bestrophin	E9H819__Dappul	tr|E9H819|E9H819_DAPPU	Daphnia pulex	invertebrate	proteome	medium	0.3017		profile_medium
bestrophin	E9H820__Dappul	tr|E9H820|E9H820_DAPPU	Daphnia pulex	invertebrate	proteome	none	0.148		no_profile_call
tric	E9H8B8__Dappul	tr|E9H8B8|E9H8B8_DAPPU	Daphnia pulex	invertebrate	proteome	high	0.9356	292	include
nmda	E9H8K2__Dappul	tr|E9H8K2|E9H8K2_DAPPU	Daphnia pulex	invertebrate	proteome	high	0.7536	1046	include
ampa	E9H8R8__Dappul	tr|E9H8R8|E9H8R8_DAPPU	Daphnia pulex	invertebrate	proteome	medium	0.9412		profile_medium
plgic_invertebrate	E9H8S4__Dappul	tr|E9H8S4|E9H8S4_DAPPU	Daphnia pulex	invertebrate	proteome	high	0.8554	443	include
plgic_invertebrate	E9H8S5__Dappul	tr|E9H8S5|E9H8S5_DAPPU	Daphnia pulex	invertebrate	proteome	medium	0.4398		profile_medium
itpr	E9H9P2__Dappul	tr|E9H9P2|E9H9P2_DAPPU	Daphnia pulex	invertebrate	proteome	high	0.8893	2510	include
kainate	E9H9V9__Dappul	tr|E9H9V9|E9H9V9_DAPPU	Daphnia pulex	invertebrate	proteome	medium	0.9363		profile_medium
k2p	E9H9W3__Dappul	tr|E9H9W3|E9H9W3_DAPPU	Daphnia pulex	invertebrate	proteome	high	0.6194	380	include
bestrophin	E9H9X5__Dappul	tr|E9H9X5|E9H9X5_DAPPU	Daphnia pulex	invertebrate	proteome	high	0.6148	358	include
asic	E9HAE6__Dappul	tr|E9HAE6|E9HAE6_DAPPU	Daphnia pulex	invertebrate	proteome	medium	0.3148		profile_medium
trpa	E9HAK3__Dappul	tr|E9HAK3|E9HAK3_DAPPU	Daphnia pulex	invertebrate	proteome	medium	0.3959		profile_medium
innexin	E9HBX3__Dappul	tr|E9HBX3|E9HBX3_DAPPU	Daphnia pulex	invertebrate	proteome	high	0.652	435	include
bestrophin	E9HC80__Dappul	tr|E9HC80|E9HC80_DAPPU	Daphnia pulex	invertebrate	proteome	high	0.5863	385	include
kca_slo	E9HEH7__Dappul	tr|E9HEH7|E9HEH7_DAPPU	Daphnia pulex	invertebrate	proteome	high	0.9093	1226	include
otop	E9HFC2__Dappul	tr|E9HFC2|E9HFC2_DAPPU	Daphnia pulex	invertebrate	proteome	high	0.7074	543	include
otop	E9HFC5__Dappul	tr|E9HFC5|E9HFC5_DAPPU	Daphnia pulex	invertebrate	proteome	high	0.6988	539	include
otop	E9HFF8__Dappul	tr|E9HFF8|E9HFF8_DAPPU	Daphnia pulex	invertebrate	proteome	high	0.7074	543	include
nachr	E9HFT4__Dappul	tr|E9HFT4|E9HFT4_DAPPU	Daphnia pulex	invertebrate	proteome	high	0.706	423	include
kca_sk	E9HG77__Dappul	tr|E9HG77|E9HG77_DAPPU	Daphnia pulex	invertebrate	proteome	high	0.6783	513	include
kca_sk	E9HG78__Dappul	tr|E9HG78|E9HG78_DAPPU	Daphnia pulex	invertebrate	proteome	medium	0.3677		profile_medium
cng	E9HH50__Dappul	tr|E9HH50|E9HH50_DAPPU	Daphnia pulex	invertebrate	proteome	high	0.6322	642	include
k2p	E9HIP1__Dappul	tr|E9HIP1|E9HIP1_DAPPU	Daphnia pulex	invertebrate	proteome	high	0.6692	369	include
nachr	E9HIR4__Dappul	tr|E9HIR4|E9HIR4_DAPPU	Daphnia pulex	invertebrate	proteome	high	0.9275	492	include
innexin	E9HJ62__Dappul	tr|E9HJ62|E9HJ62_DAPPU	Daphnia pulex	invertebrate	proteome	high	0.7088	362	include
innexin	E9HJ63__Dappul	tr|E9HJ63|E9HJ63_DAPPU	Daphnia pulex	invertebrate	proteome	high	0.6941	362	include
otop	E9HJC1__Dappul	tr|E9HJC1|E9HJC1_DAPPU	Daphnia pulex	invertebrate	proteome	high	0.6368	698	include
osca_tmem63	E9HJV3__Dappul	tr|E9HJV3|E9HJV3_DAPPU	Daphnia pulex	invertebrate	proteome	high	0.5208	969	include
osca_tmem63	E9HMA3__Dappul	tr|E9HMA3|E9HMA3_DAPPU	Daphnia pulex	invertebrate	proteome	high	0.6792	758	include
kainate	E9HPD6__Dappul	tr|E9HPD6|E9HPD6_DAPPU	Daphnia pulex	invertebrate	proteome	medium	0.3106		profile_medium
asic	E9HQY8__Dappul	tr|E9HQY8|E9HQY8_DAPPU	Daphnia pulex	invertebrate	proteome	high	0.8369	514	include
cav	E9HRP6__Dappul	tr|E9HRP6|E9HRP6_DAPPU	Daphnia pulex	invertebrate	proteome	high	0.7884	1566	include
bestrophin	E9HSF9__Dappul	tr|E9HSF9|E9HSF9_DAPPU	Daphnia pulex	invertebrate	proteome				no_profile_call
innexin	E9HSG1__Dappul	tr|E9HSG1|E9HSG1_DAPPU	Daphnia pulex	invertebrate	proteome	high	0.7161	359	include
innexin	E9HSG2__Dappul	tr|E9HSG2|E9HSG2_DAPPU	Daphnia pulex	invertebrate	proteome	high	0.6978	375	include
innexin	E9HSG3__Dappul	tr|E9HSG3|E9HSG3_DAPPU	Daphnia pulex	invertebrate	proteome	high	0.7216	362	include
otop	E9HU30__Dappul	tr|E9HU30|E9HU30_DAPPU	Daphnia pulex	invertebrate	proteome	high	0.685	566	include
bestrophin	E9HUC8__Dappul	tr|E9HUC8|E9HUC8_DAPPU	Daphnia pulex	invertebrate	proteome	high	0.6433	366	include
nachr	E9HUI5__Dappul	tr|E9HUI5|E9HUI5_DAPPU	Daphnia pulex	invertebrate	proteome	high	0.9296	451	include
otop	E9I089__Dappul	tr|E9I089|E9I089_DAPPU	Daphnia pulex	invertebrate	proteome	none	0.1033		no_profile_call
otop	E9I090__Dappul	tr|E9I090|E9I090_DAPPU	Daphnia pulex	invertebrate	proteome	none	0.2388		no_profile_call
connexin	E9PTP3__Ratnor	tr|E9PTP3|E9PTP3_RAT	Rattus norvegicus	vertebrate	proteome	high	0.7235	278	include
trpv	E9PU00__Ratnor	tr|E9PU00|E9PU00_RAT	Rattus norvegicus	vertebrate	proteome	high	0.9778	791	include
cav	E9Q7P2__Musmus	tr|E9Q7P2|E9Q7P2_MOUSE	Mus musculus	vertebrate	proteome	high	0.7298	2199	include
gabaa	E9QE70__Danrer	tr|E9QE70|E9QE70_DANRE	Danio rerio	vertebrate	proteome	high	0.9803	453	include
calhm	E9QI65__Danrer	tr|E9QI65|E9QI65_DANRE	Danio rerio	vertebrate	proteome	high	0.9209	309	include
connexin	F1LPT0__Ratnor	tr|F1LPT0|F1LPT0_RAT	Rattus norvegicus	vertebrate	proteome	high	0.7588	257	include
trpc	F1LQF7__Ratnor	tr|F1LQF7|F1LQF7_RAT	Rattus norvegicus	vertebrate	proteome	high	0.8988	958	include
mcu	F1LUQ0__Ratnor	tr|F1LUQ0|F1LUQ0_RAT	Rattus norvegicus	vertebrate	proteome	high	0.9043	335	include
cng	F1LX27__Ratnor	tr|F1LX27|F1LX27_RAT	Rattus norvegicus	vertebrate	proteome	high	0.8784	690	include
catsper	F1LZS9__Ratnor	tr|F1LZS9|F1LZS9_RAT	Rattus norvegicus	vertebrate	proteome	high	0.7125	395	include
trpm	F1M7G0__Ratnor	tr|F1M7G0|F1M7G0_RAT	Rattus norvegicus	vertebrate	proteome	high	0.9954	2024	include
hcn	F1N9K1__Galgal	tr|F1N9K1|F1N9K1_CHICK	Gallus gallus	vertebrate	proteome	high	0.8886	846	include
connexin	F1N9K3__Galgal	tr|F1N9K3|F1N9K3_CHICK	Gallus gallus	vertebrate	proteome	high	0.9968	381	include
kir	F1NBC9__Galgal	tr|F1NBC9|F1NBC9_CHICK	Gallus gallus	vertebrate	proteome	high	0.8802	397	include
kv_shaker	F1NBQ3__Galgal	tr|F1NBQ3|F1NBQ3_CHICK	Gallus gallus	vertebrate	proteome	high	0.8623	598	include
kir	F1NCD3__Galgal	tr|F1NCD3|F1NCD3_CHICK	Gallus gallus	vertebrate	proteome	high	0.8509	492	include
gabaa	F1ND90__Galgal	tr|F1ND90|F1ND90_CHICK	Gallus gallus	vertebrate	proteome	high	0.9759	488	include
cav	F1NFD4__Galgal	tr|F1NFD4|F1NFD4_CHICK	Gallus gallus	vertebrate	proteome	high	0.9969	2421	include
kir	F1NI76__Galgal	tr|F1NI76|F1NI76_CHICK	Gallus gallus	vertebrate	proteome	high	0.9413	455	include
connexin	F1NJ17__Galgal	tr|F1NJ17|F1NJ17_CHICK	Gallus gallus	vertebrate	proteome	high	0.9743	343	include
trpv	F1NJH8__Galgal	tr|F1NJH8|F1NJH8_CHICK	Gallus gallus	vertebrate	proteome	high	0.9544	843	include
kv_modifier	F1NK95__Galgal	tr|F1NK95|F1NK95_CHICK	Gallus gallus	vertebrate	proteome	medium	0.9283		profile_medium
ampa	F1NKF1__Galgal	tr|F1NKF1|F1NKF1_CHICK	Gallus gallus	vertebrate	proteome	high	1.0	883	include
nmda	F1NMB0__Galgal	tr|F1NMB0|F1NMB0_CHICK	Gallus gallus	vertebrate	proteome	high	0.9957	1504	include
k2p	F1NP03__Galgal	tr|F1NP03|F1NP03_CHICK	Gallus gallus	vertebrate	proteome	high	0.7662	336	include
connexin	F1NRH7__Galgal	tr|F1NRH7|F1NRH7_CHICK	Gallus gallus	vertebrate	proteome	high	0.9936	400	include
k2p	F1NUZ5__Galgal	tr|F1NUZ5|F1NUZ5_CHICK	Gallus gallus	vertebrate	proteome	high	0.9627	537	include
k2p	F1NV35__Galgal	tr|F1NV35|F1NV35_CHICK	Gallus gallus	vertebrate	proteome	high	0.8607	415	include
enac	F1NW62__Galgal	tr|F1NW62|F1NW62_CHICK	Gallus gallus	vertebrate	proteome	high	0.9721	650	include
gabaa	F1NXA6__Galgal	tr|F1NXA6|F1NXA6_CHICK	Gallus gallus	vertebrate	proteome	high	0.9737	455	include
glyr	F1P037__Galgal	tr|F1P037|F1P037_CHICK	Gallus gallus	vertebrate	proteome	high	0.974	497	include
kainate	F1P0L4__Galgal	tr|F1P0L4|F1P0L4_CHICK	Gallus gallus	vertebrate	proteome	high	0.9967	919	include
itpr	F1P1X4__Galgal	tr|F1P1X4|F1P1X4_CHICK	Gallus gallus	vertebrate	proteome	high	0.9996	2700	include
kv_eag	F1P320__Galgal	tr|F1P320|F1P320_CHICK	Gallus gallus	vertebrate	proteome	high	0.988	1108	include
kir	F1P3M0__Galgal	tr|F1P3M0|F1P3M0_CHICK	Gallus gallus	vertebrate	proteome	high	0.956	442	include
osca_tmem63	F1P4T6__Galgal	tr|F1P4T6|F1P4T6_CHICK	Gallus gallus	vertebrate	proteome	high	0.9484	802	include
nachr	F1P4U2__Galgal	tr|F1P4U2|F1P4U2_CHICK	Gallus gallus	vertebrate	proteome	high	0.9793	489	include
kv_shaker	F1Q4T7__Danrer	tr|F1Q4T7|F1Q4T7_DANRE	Danio rerio	vertebrate	proteome	high	0.8025	598	include
gabaa	F1Q4Y6__Danrer	tr|F1Q4Y6|F1Q4Y6_DANRE	Danio rerio	vertebrate	proteome	high	0.9386	512	include
k2p	F1Q5K8__Danrer	tr|F1Q5K8|F1Q5K8_DANRE	Danio rerio	vertebrate	proteome	high	0.7836	357	include
clc_channel	F1Q5M3__Danrer	tr|F1Q5M3|F1Q5M3_DANRE	Danio rerio	vertebrate	proteome	high	0.9218	1011	include
kv_modifier	F1Q6N3__Danrer	tr|F1Q6N3|F1Q6N3_DANRE	Danio rerio	vertebrate	proteome	medium	0.8882		profile_medium
kv_shaker	F1Q929__Danrer	tr|F1Q929|F1Q929_DANRE	Danio rerio	vertebrate	proteome	high	0.8569	667	include
gabaa	F1QGW0__Danrer	tr|F1QGW0|F1QGW0_DANRE	Danio rerio	vertebrate	proteome	high	0.943	444	include
kir	F1QIE6__Danrer	tr|F1QIE6|F1QIE6_DANRE	Danio rerio	vertebrate	proteome	high	0.8289	504	include
gabaa	F1QKC4__Danrer	tr|F1QKC4|F1QKC4_DANRE	Danio rerio	vertebrate	proteome	high	0.8092	435	include
connexin	F1QL21__Danrer	tr|F1QL21|F1QL21_DANRE	Danio rerio	vertebrate	proteome	high	0.9807	400	include
trpv	F1QN56__Danrer	tr|F1QN56|F1QN56_DANRE	Danio rerio	vertebrate	proteome	high	0.8767	709	include
gabaa	F1QPW7__Danrer	tr|F1QPW7|F1QPW7_DANRE	Danio rerio	vertebrate	proteome	high	0.9737	484	include
kir	F1QQH0__Danrer	tr|F1QQH0|F1QQH0_DANRE	Danio rerio	vertebrate	proteome	high	0.7775	335	include
pannexin	F1QSR7__Danrer	tr|F1QSR7|F1QSR7_DANRE	Danio rerio	vertebrate	proteome	high	0.8914	422	include
gabaa	F1QX34__Danrer	tr|F1QX34|F1QX34_DANRE	Danio rerio	vertebrate	proteome	high	0.932	475	include
gabaa	F1QZB5__Danrer	tr|F1QZB5|F1QZB5_DANRE	Danio rerio	vertebrate	proteome	high	0.9364	447	include
connexin	F1QZN0__Danrer	tr|F1QZN0|F1QZN0_DANRE	Danio rerio	vertebrate	proteome	high	0.7878	251	include
kv_modifier	F1QZV9__Danrer	tr|F1QZV9|F1QZV9_DANRE	Danio rerio	vertebrate	proteome	medium	0.9198		profile_medium
nachr	F1R808__Danrer	tr|F1R808|F1R808_DANRE	Danio rerio	vertebrate	proteome	high	0.9524	550	include
glyr	F1RDZ6__Danrer	tr|F1RDZ6|F1RDZ6_DANRE	Danio rerio	vertebrate	proteome	high	0.9913	457	include
lrrc8	F4I270__Aratha	tr|F4I270|F4I270_ARATH	Arabidopsis thaliana	plant	proteome	medium	0.3537		profile_medium
lrrc8	F4J910__Aratha	tr|F4J910|F4J910_ARATH	Arabidopsis thaliana	plant	proteome	medium	0.4159		profile_medium
k2p	F5GUD1__Caeele	tr|F5GUD1|F5GUD1_CAEEL	Caenorhabditis elegans	invertebrate	proteome	high	0.6667	463	include
hcn	F6NQL8__Danrer	tr|F6NQL8|F6NQL8_DANRE	Danio rerio	vertebrate	proteome	high	0.5865	639	include
connexin	F6P2X6__Danrer	tr|F6P2X6|F6P2X6_DANRE	Danio rerio	vertebrate	proteome	high	0.8617	362	include
cng	F6PG43__Mondom	tr|F6PG43|F6PG43_MONDO	Monodelphis domestica	vertebrate	proteome	high	0.9052	670	include
kir	F6PGD3__Mondom	tr|F6PGD3|F6PGD3_MONDO	Monodelphis domestica	vertebrate	proteome	high	0.8044	379	include
bestrophin	F6PGD9__Mondom	tr|F6PGD9|F6PGD9_MONDO	Monodelphis domestica	vertebrate	proteome	high	0.8425	462	include
enac	F6PGF0__Mondom	tr|F6PGF0|F6PGF0_MONDO	Monodelphis domestica	vertebrate	proteome	high	0.9984	645	include
nmda	F6PGX6__Mondom	tr|F6PGX6|F6PGX6_MONDO	Monodelphis domestica	vertebrate	proteome	high	0.9787	1463	include
k2p	F6PMU1__Mondom	tr|F6PMU1|F6PMU1_MONDO	Monodelphis domestica	vertebrate	proteome	high	0.6169	355	include
trpml	F6PR01__Cioint	tr|F6PR01|F6PR01_CIOIN	Ciona intestinalis	deuterostome	proteome	high	0.9212	558	include
nmda	F6PSD1__Mondom	tr|F6PSD1|F6PSD1_MONDO	Monodelphis domestica	vertebrate	proteome	high	0.9599	1242	include
kir	F6PXI5__Ornana	tr|F6PXI5|F6PXI5_ORNAN	Ornithorhynchus anatinus	vertebrate	proteome	high	0.9829	553	include
connexin	F6PZH8__Cioint	tr|F6PZH8|F6PZH8_CIOIN	Ciona intestinalis	deuterostome	proteome	high	0.7621	336	include
kv_eag	F6PZW0__Musmus	tr|F6PZW0|F6PZW0_MOUSE	Mus musculus	vertebrate	proteome	high	0.8415	950	include
orai	F6Q0G2__Ornana	tr|F6Q0G2|F6Q0G2_ORNAN	Ornithorhynchus anatinus	vertebrate	proteome	high	0.9741	451	include
gabaa	F6Q6H4__Mondom	tr|F6Q6H4|F6Q6H4_MONDO	Monodelphis domestica	vertebrate	proteome	high	0.9276	473	include
gabaa	F6Q6I7__Mondom	tr|F6Q6I7|F6Q6I7_MONDO	Monodelphis domestica	vertebrate	proteome	high	0.9693	489	include
enac	F6Q7G2__Mondom	tr|F6Q7G2|F6Q7G2_MONDO	Monodelphis domestica	vertebrate	proteome	high	0.9767	657	include
cav	F6Q8W5__Cioint	tr|F6Q8W5|F6Q8W5_CIOIN	Ciona intestinalis	deuterostome	proteome	high	0.7992	1803	include
kv_modifier	F6QC72__Ornana	tr|F6QC72|F6QC72_ORNAN	Ornithorhynchus anatinus	vertebrate	proteome	high	0.9536	510	include
connexin	F6QCF4__Cioint	tr|F6QCF4|F6QCF4_CIOIN	Ciona intestinalis	deuterostome	proteome	high	0.5305	215	include
nav	F6QCF9__Cioint	tr|F6QCF9|F6QCF9_CIOIN	Ciona intestinalis	deuterostome	proteome	high	0.9563	2069	include
nachr	F6QDH4__Mondom	tr|F6QDH4|F6QDH4_MONDO	Monodelphis domestica	vertebrate	proteome	high	0.9876	511	include
kca_sk	F6QE12__Mondom	tr|F6QE12|F6QE12_MONDO	Monodelphis domestica	vertebrate	proteome	high	0.5816	381	include
kir	F6QFT6__Mondom	tr|F6QFT6|F6QFT6_MONDO	Monodelphis domestica	vertebrate	proteome	high	0.8606	442	include
nachr	F6QGI2__Mondom	tr|F6QGI2|F6QGI2_MONDO	Monodelphis domestica	vertebrate	proteome	high	0.9441	631	include
tpc	F6QHM7__Cioint	tr|F6QHM7|F6QHM7_CIOIN	Ciona intestinalis	deuterostome	proteome	high	0.8534	725	include
kir	F6QHN7__Cioint	tr|F6QHN7|F6QHN7_CIOIN	Ciona intestinalis	deuterostome	proteome	high	0.7897	343	include
kca_slo	F6QI54__Cioint	tr|F6QI54|F6QI54_CIOIN	Ciona intestinalis	deuterostome	proteome	high	0.9719	1118	include
vdac	F6QN79__Ornana	tr|F6QN79|F6QN79_ORNAN	Ornithorhynchus anatinus	vertebrate	proteome	high	0.9964	296	include
trpm	F6QPM0__Ornana	tr|F6QPM0|F6QPM0_ORNAN	Ornithorhynchus anatinus	vertebrate	proteome	high	0.6486	1269	include
k2p	F6QR02__Ornana	tr|F6QR02|F6QR02_ORNAN	Ornithorhynchus anatinus	vertebrate	proteome	high	0.8483	499	include
gabaa	F6QTQ1__Xentro	tr|F6QTQ1|F6QTQ1_XENTR	Xenopus tropicalis	vertebrate	proteome	high	0.943	481	include
lrrc8	F6QUQ7__Ornana	tr|F6QUQ7|F6QUQ7_ORNAN	Ornithorhynchus anatinus	vertebrate	proteome	high	0.9988	840	include
kv_modifier	F6QYQ9__Xentro	tr|F6QYQ9|F6QYQ9_XENTR	Xenopus tropicalis	vertebrate	proteome	medium	0.8692		profile_medium
vdac	F6R080__Mondom	tr|F6R080|F6R080_MONDO	Monodelphis domestica	vertebrate	proteome	high	0.9892	418	include
cng	F6R707__Ornana	tr|F6R707|F6R707_ORNAN	Ornithorhynchus anatinus	vertebrate	proteome	high	0.7553	551	include
trpml	F6R835__Ornana	tr|F6R835|F6R835_ORNAN	Ornithorhynchus anatinus	vertebrate	proteome	high	1.0	592	include
kir	F6R882__Xentro	tr|F6R882|F6R882_XENTR	Xenopus tropicalis	vertebrate	proteome	high	0.8606	489	include
trpml	F6R8D1__Mondom	tr|F6R8D1|F6R8D1_MONDO	Monodelphis domestica	vertebrate	proteome	high	0.8126	523	include
trpml	F6R8U5__Mondom	tr|F6R8U5|F6R8U5_MONDO	Monodelphis domestica	vertebrate	proteome	high	0.944	569	include
k2p	F6RAZ6__Ornana	tr|F6RAZ6|F6RAZ6_ORNAN	Ornithorhynchus anatinus	vertebrate	proteome	high	0.6517	297	include
connexin	F6RCP5__Ornana	tr|F6RCP5|F6RCP5_ORNAN	Ornithorhynchus anatinus	vertebrate	proteome	high	0.8875	283	include
asic	F6RDV3__Ornana	tr|F6RDV3|F6RDV3_ORNAN	Ornithorhynchus anatinus	vertebrate	proteome	high	0.9155	532	include
kv_shaker	F6REB0__Cioint	tr|F6REB0|F6REB0_CIOIN	Ciona intestinalis	deuterostome	proteome	high	0.8659	798	include
pannexin	F6REB3__Ornana	tr|F6REB3|F6REB3_ORNAN	Ornithorhynchus anatinus	vertebrate	proteome	high	1.0	645	include
nachr	F6RFH4__Mondom	tr|F6RFH4|F6RFH4_MONDO	Monodelphis domestica	vertebrate	proteome	high	0.9814	501	include
kv_shaker	F6RH21__Ornana	tr|F6RH21|F6RH21_ORNAN	Ornithorhynchus anatinus	vertebrate	proteome	high	0.8659	661	include
nachr	F6RLA9__Xentro	tr|F6RLA9|F6RLA9_XENTR	Xenopus tropicalis	vertebrate	proteome	high	0.9689	457	include
nachr	F6RLM5__Xentro	tr|F6RLM5|F6RLM5_XENTR	Xenopus tropicalis	vertebrate	proteome	high	0.9731	457	include
kv_modifier	F6RUG0__Mondom	tr|F6RUG0|F6RUG0_MONDO	Monodelphis domestica	vertebrate	proteome	high	0.8734	438	include
nachr	F6S2F9__Cioint	tr|F6S2F9|F6S2F9_CIOIN	Ciona intestinalis	deuterostome	proteome	high	0.9565	604	include
gabaa	F6S4X6__Mondom	tr|F6S4X6|F6S4X6_MONDO	Monodelphis domestica	vertebrate	proteome	high	0.9474	490	include
kir	F6S570__Mondom	tr|F6S570|F6S570_MONDO	Monodelphis domestica	vertebrate	proteome	high	0.9535	422	include
kainate	F6S5B1__Mondom	tr|F6S5B1|F6S5B1_MONDO	Monodelphis domestica	vertebrate	proteome	high	0.9012	843	include
calhm	F6S7P1__Cioint	tr|F6S7P1|F6S7P1_CIOIN	Ciona intestinalis	deuterostome	proteome	none	0.2848		no_profile_call
connexin	F6S9P0__Cioint	tr|F6S9P0|F6S9P0_CIOIN	Ciona intestinalis	deuterostome	proteome	high	0.7074	254	include
connexin	F6S9Q0__Cioint	tr|F6S9Q0|F6S9Q0_CIOIN	Ciona intestinalis	deuterostome	proteome	high	0.7749	278	include
kv_kcnq	F6SB60__Xentro	tr|F6SB60|F6SB60_XENTR	Xenopus tropicalis	vertebrate	proteome	high	0.8979	681	include
kv_shaker	F6SBN6__Xentro	tr|F6SBN6|F6SBN6_XENTR	Xenopus tropicalis	vertebrate	proteome	medium	0.9058		profile_medium
nachr	F6SDF5__Cioint	tr|F6SDF5|F6SDF5_CIOIN	Ciona intestinalis	deuterostome	proteome	high	0.7184	357	include
enac	F6SJE4__Mondom	tr|F6SJE4|F6SJE4_MONDO	Monodelphis domestica	vertebrate	proteome	high	0.5209	372	include
cav	F6SKF5__Cioint	tr|F6SKF5|F6SKF5_CIOIN	Ciona intestinalis	deuterostome	proteome	high	0.7201	1829	include
glyr	F6SLW8__Mondom	tr|F6SLW8|F6SLW8_MONDO	Monodelphis domestica	vertebrate	proteome	high	1.0	452	include
kca_sk	F6SM41__Xentro	tr|F6SM41|F6SM41_XENTR	Xenopus tropicalis	vertebrate	proteome	high	0.8479	543	include
lrrc8	F6SMM9__Xentro	tr|F6SMM9|F6SMM9_XENTR	Xenopus tropicalis	vertebrate	proteome	high	0.9826	790	include
connexin	F6SMX3__Mondom	tr|F6SMX3|F6SMX3_MONDO	Monodelphis domestica	vertebrate	proteome	high	0.627	208	include
p2x	F6SNM7__Ornana	tr|F6SNM7|F6SNM7_ORNAN	Ornithorhynchus anatinus	vertebrate	proteome	high	0.7576	363	include
catsper	F6SP61__Cioint	tr|F6SP61|F6SP61_CIOIN	Ciona intestinalis	deuterostome	proteome	high	0.6961	414	include
piezo	F6SPB7__Xentro	tr|F6SPB7|F6SPB7_XENTR	Xenopus tropicalis	vertebrate	proteome	high	0.9992	2474	include
kir	F6SPD2__Xentro	tr|F6SPD2|F6SPD2_XENTR	Xenopus tropicalis	vertebrate	proteome	high	0.824	377	include
cng	F6SPJ8__Ornana	tr|F6SPJ8|F6SPJ8_ORNAN	Ornithorhynchus anatinus	vertebrate	proteome	high	0.7298	538	include
k2p	F6SQB1__Xentro	tr|F6SQB1|F6SQB1_XENTR	Xenopus tropicalis	vertebrate	proteome	high	0.7114	308	include
asic	F6SR69__Cioint	tr|F6SR69|F6SR69_CIOIN	Ciona intestinalis	deuterostome	proteome	high	0.9117	576	include
gabaa	F6SRS7__Mondom	tr|F6SRS7|F6SRS7_MONDO	Monodelphis domestica	vertebrate	proteome	high	0.5855	248	include
k2p	F6SSW2__Mondom	tr|F6SSW2|F6SSW2_MONDO	Monodelphis domestica	vertebrate	proteome	high	0.8507	551	include
connexin	F6ST34__Mondom	tr|F6ST34|F6ST34_MONDO	Monodelphis domestica	vertebrate	proteome	high	0.8424	264	include
trpc	F6SU74__Cioint	tr|F6SU74|F6SU74_CIOIN	Ciona intestinalis	deuterostome	proteome	high	0.7542	774	include
connexin	F6SVW4__Mondom	tr|F6SVW4|F6SVW4_MONDO	Monodelphis domestica	vertebrate	proteome	high	0.8489	283	include
cng	F6SYZ4__Cioint	tr|F6SYZ4|F6SYZ4_CIOIN	Ciona intestinalis	deuterostome	proteome	medium	0.5728		profile_medium
connexin	F6T0Z3__Cioint	tr|F6T0Z3|F6T0Z3_CIOIN	Ciona intestinalis	deuterostome	proteome	high	0.7621	263	include
connexin	F6T5B8__Mondom	tr|F6T5B8|F6T5B8_MONDO	Monodelphis domestica	vertebrate	proteome	high	0.9807	396	include
trpc	F6TA59__Mondom	tr|F6TA59|F6TA59_MONDO	Monodelphis domestica	vertebrate	proteome	high	0.9655	975	include
cng	F6TAP2__Cioint	tr|F6TAP2|F6TAP2_CIOIN	Ciona intestinalis	deuterostome	proteome	high	0.7666	564	include
cng	F6TBQ4__Xentro	tr|F6TBQ4|F6TBQ4_XENTR	Xenopus tropicalis	vertebrate	proteome	high	0.9519	676	include
trpm	F6TBS4__Xentro	tr|F6TBS4|F6TBS4_XENTR	Xenopus tropicalis	vertebrate	proteome	high	0.5877	1090	include
asic	F6TDC8__Cioint	tr|F6TDC8|F6TDC8_CIOIN	Ciona intestinalis	deuterostome	proteome	medium	0.499		profile_medium
p2x	F6TF38__Ornana	tr|F6TF38|F6TF38_ORNAN	Ornithorhynchus anatinus	vertebrate	proteome	high	0.8918	467	include
connexin	F6TGG8__Ornana	tr|F6TGG8|F6TGG8_ORNAN	Ornithorhynchus anatinus	vertebrate	proteome	high	0.7878	270	include
connexin	F6TGH3__Ornana	tr|F6TGH3|F6TGH3_ORNAN	Ornithorhynchus anatinus	vertebrate	proteome	high	0.7621	271	include
connexin	F6TGI1__Ornana	tr|F6TGI1|F6TGI1_ORNAN	Ornithorhynchus anatinus	vertebrate	proteome	high	0.7331	280	include
trpv	F6TGT3__Ornana	tr|F6TGT3|F6TGT3_ORNAN	Ornithorhynchus anatinus	vertebrate	proteome	high	0.7386	593	include
connexin	F6TH76__Ornana	tr|F6TH76|F6TH76_ORNAN	Ornithorhynchus anatinus	vertebrate	proteome	high	0.9968	527	include
catsper	F6TI60__Mondom	tr|F6TI60|F6TI60_MONDO	Monodelphis domestica	vertebrate	proteome	high	0.7166	396	include
gabaa	F6TKY5__Mondom	tr|F6TKY5|F6TKY5_MONDO	Monodelphis domestica	vertebrate	proteome	high	0.8662	709	include
ampa	F6TPD4__Cioint	tr|F6TPD4|F6TPD4_CIOIN	Ciona intestinalis	deuterostome	proteome	medium	0.8426		profile_medium
ht3	F6TSF3__Xentro	tr|F6TSF3|F6TSF3_XENTR	Xenopus tropicalis	vertebrate	proteome	medium	0.8874		profile_medium
connexin	F6TSG3__Mondom	tr|F6TSG3|F6TSG3_MONDO	Monodelphis domestica	vertebrate	proteome	high	0.7781	273	include
trpa	F6TXZ0__Cioint	tr|F6TXZ0|F6TXZ0_CIOIN	Ciona intestinalis	deuterostome	proteome	medium	0.6354		profile_medium
kv_shaker	F6U0M5__Xentro	tr|F6U0M5|F6U0M5_XENTR	Xenopus tropicalis	vertebrate	proteome	high	0.7482	499	include
kv_modifier	F6U4M1__Mondom	tr|F6U4M1|F6U4M1_MONDO	Monodelphis domestica	vertebrate	proteome	high	0.903	494	include
trpc	F6U734__Cioint	tr|F6U734|F6U734_CIOIN	Ciona intestinalis	deuterostome	proteome	high	0.7241	710	include
kir	F6U7H6__Ornana	tr|F6U7H6|F6U7H6_ORNAN	Ornithorhynchus anatinus	vertebrate	proteome	high	0.9511	430	include
kv_modifier	F6U7L3__Ornana	tr|F6U7L3|F6U7L3_ORNAN	Ornithorhynchus anatinus	vertebrate	proteome	medium	0.903		profile_medium
kv_kcnq	F6U879__Cioint	tr|F6U879|F6U879_CIOIN	Ciona intestinalis	deuterostome	proteome	high	0.5736	702	include
connexin	F6UBJ9__Cioint	tr|F6UBJ9|F6UBJ9_CIOIN	Ciona intestinalis	deuterostome	proteome	high	0.7621	390	include
kv_shaker	F6UCT6__Mondom	tr|F6UCT6|F6UCT6_MONDO	Monodelphis domestica	vertebrate	proteome	high	0.7464	512	include
kv_shaker	F6UCV5__Mondom	tr|F6UCV5|F6UCV5_MONDO	Monodelphis domestica	vertebrate	proteome	high	0.8659	499	include
kv_shaker	F6UCX2__Mondom	tr|F6UCX2|F6UCX2_MONDO	Monodelphis domestica	vertebrate	proteome	high	0.8822	483	include
otop	F6UF84__Mondom	tr|F6UF84|F6UF84_MONDO	Monodelphis domestica	vertebrate	proteome	high	0.9191	556	include
clc_channel	F6UHN1__Mondom	tr|F6UHN1|F6UHN1_MONDO	Monodelphis domestica	vertebrate	proteome	high	0.7959	688	include
mcu	F6UJB5__Cioint	tr|F6UJB5|F6UJB5_CIOIN	Ciona intestinalis	deuterostome	proteome	high	0.8	322	include
kv_eag	F6UK12__Mondom	tr|F6UK12|F6UK12_MONDO	Monodelphis domestica	vertebrate	proteome	high	0.998	1199	include
asic	F6ULW5__Cioint	tr|F6ULW5|F6ULW5_CIOIN	Ciona intestinalis	deuterostome	proteome	high	0.8311	445	include
ht3	F6UN36__Mondom	tr|F6UN36|F6UN36_MONDO	Monodelphis domestica	vertebrate	proteome	high	0.9227	438	include
ht3	F6UN61__Mondom	tr|F6UN61|F6UN61_MONDO	Monodelphis domestica	vertebrate	proteome	high	0.9272	494	include
vdac	F6UN69__Mondom	tr|F6UN69|F6UN69_MONDO	Monodelphis domestica	vertebrate	proteome	high	0.9964	400	include
gabaa	F6UNN3__Ornana	tr|F6UNN3|F6UNN3_ORNAN	Ornithorhynchus anatinus	vertebrate	proteome	high	0.9715	464	include
calhm	F6URF3__Ornana	tr|F6URF3|F6URF3_ORNAN	Ornithorhynchus anatinus	vertebrate	proteome	high	0.9778	315	include
asic	F6UST0__Xentro	tr|F6UST0|F6UST0_XENTR	Xenopus tropicalis	vertebrate	proteome	high	0.9539	541	include
clc_channel	F6UTV3__Ornana	tr|F6UTV3|F6UTV3_ORNAN	Ornithorhynchus anatinus	vertebrate	proteome	high	0.7744	687	include
kv_shaker	F6UUU5__Cioint	tr|F6UUU5|F6UUU5_CIOIN	Ciona intestinalis	deuterostome	proteome	high	0.7192	460	include
k2p	F6UVE5__Musmus	tr|F6UVE5|F6UVE5_MOUSE	Mus musculus	vertebrate	proteome	high	0.8657	430	include
trpv	F6UY90__Xentro	tr|F6UY90|F6UY90_XENTR	Xenopus tropicalis	vertebrate	proteome	high	0.8508	769	include
clc_channel	F6V0E2__Xentro	tr|F6V0E2|F6V0E2_XENTR	Xenopus tropicalis	vertebrate	proteome	high	0.9887	882	include
trpml	F6V118__Ornana	tr|F6V118|F6V118_ORNAN	Ornithorhynchus anatinus	vertebrate	proteome	high	0.9475	563	include
kv_modifier	F6V1D8__Xentro	tr|F6V1D8|F6V1D8_XENTR	Xenopus tropicalis	vertebrate	proteome	medium	0.9451		profile_medium
nav	F6V1D9__Ornana	tr|F6V1D9|F6V1D9_ORNAN	Ornithorhynchus anatinus	vertebrate	proteome	high	0.9266	1855	include
trpc	F6V4A4__Xentro	tr|F6V4A4|F6V4A4_XENTR	Xenopus tropicalis	vertebrate	proteome	high	0.8788	898	include
trpp	F6V6N1__Cioint	tr|F6V6N1|F6V6N1_CIOIN	Ciona intestinalis	deuterostome	proteome	high	0.8984	807	include
trpc	F6V6Z5__Xentro	tr|F6V6Z5|F6V6Z5_XENTR	Xenopus tropicalis	vertebrate	proteome	high	0.9588	969	include
k2p	F6V9U5__Musmus	tr|F6V9U5|F6V9U5_MOUSE	Mus musculus	vertebrate	proteome	high	0.9701	502	include
hcn	F6VD23__Mondom	tr|F6VD23|F6VD23_MONDO	Monodelphis domestica	vertebrate	proteome	high	0.8631	1199	include
trpc	F6VDU4__Cioint	tr|F6VDU4|F6VDU4_CIOIN	Ciona intestinalis	deuterostome	proteome	high	0.6863	616	include
trpn	F6VFW3__Ornana	tr|F6VFW3|F6VFW3_ORNAN	Ornithorhynchus anatinus	vertebrate	proteome	medium	0.4118		profile_medium
kv_shaker	F6VIL0__Ornana	tr|F6VIL0|F6VIL0_ORNAN	Ornithorhynchus anatinus	vertebrate	proteome	high	0.7428	503	include
cng	F6VIY1__Xentro	tr|F6VIY1|F6VIY1_XENTR	Xenopus tropicalis	vertebrate	proteome	high	0.7694	573	include
asic	F6VJJ2__Cioint	tr|F6VJJ2|F6VJJ2_CIOIN	Ciona intestinalis	deuterostome	proteome	high	0.8637	474	include
nmda	F6VL57__Mondom	tr|F6VL57|F6VL57_MONDO	Monodelphis domestica	vertebrate	proteome	high	0.7494	1019	include
enac	F6VMZ3__Xentro	tr|F6VMZ3|F6VMZ3_XENTR	Xenopus tropicalis	vertebrate	proteome	high	0.8698	604	include
kainate	F6VQD7__Ornana	tr|F6VQD7|F6VQD7_ORNAN	Ornithorhynchus anatinus	vertebrate	proteome	high	0.9802	969	include
itpr	F6VQP7__Mondom	tr|F6VQP7|F6VQP7_MONDO	Monodelphis domestica	vertebrate	proteome	high	0.9996	2733	include
orai	F6VVM2__Mondom	tr|F6VVM2|F6VVM2_MONDO	Monodelphis domestica	vertebrate	proteome	high	0.8815	283	include
connexin	F6VXA2__Mondom	tr|F6VXA2|F6VXA2_MONDO	Monodelphis domestica	vertebrate	proteome	high	1.0	405	include
connexin	F6W3E8__Xentro	tr|F6W3E8|F6W3E8_XENTR	Xenopus tropicalis	vertebrate	proteome	high	0.7974	247	include
kainate	F6W4K8__Cioint	tr|F6W4K8|F6W4K8_CIOIN	Ciona intestinalis	deuterostome	proteome	medium	0.8913		profile_medium
kv_eag	F6W745__Xentro	tr|F6W745|F6W745_XENTR	Xenopus tropicalis	vertebrate	proteome	high	0.986	1114	include
gabaa	F6W7U0__Musmus	tr|F6W7U0|F6W7U0_MOUSE	Mus musculus	vertebrate	proteome	high	0.9364	464	include
connexin	F6WA84__Ornana	tr|F6WA84|F6WA84_ORNAN	Ornithorhynchus anatinus	vertebrate	proteome	high	0.791	519	include
pannexin	F6WB40__Mondom	tr|F6WB40|F6WB40_MONDO	Monodelphis domestica	vertebrate	proteome	high	0.9887	431	include
asic	F6WC06__Mondom	tr|F6WC06|F6WC06_MONDO	Monodelphis domestica	vertebrate	proteome	medium	0.3455		profile_medium
kv_modifier	F6WDD2__Ornana	tr|F6WDD2|F6WDD2_ORNAN	Ornithorhynchus anatinus	vertebrate	proteome	medium	0.9515		profile_medium
ht3	F6WDK8__Mondom	tr|F6WDK8|F6WDK8_MONDO	Monodelphis domestica	vertebrate	proteome	high	0.9536	429	include
connexin	F6WH30__Cioint	tr|F6WH30|F6WH30_CIOIN	Ciona intestinalis	deuterostome	proteome	medium	0.3441		profile_medium
connexin	F6WH66__Cioint	tr|F6WH66|F6WH66_CIOIN	Ciona intestinalis	deuterostome	proteome	high	0.6495	284	include
kir	F6WIB9__Ornana	tr|F6WIB9|F6WIB9_ORNAN	Ornithorhynchus anatinus	vertebrate	proteome	high	0.8386	375	include
kir	F6WIC7__Ornana	tr|F6WIC7|F6WIC7_ORNAN	Ornithorhynchus anatinus	vertebrate	proteome	high	0.9535	423	include
trpv	F6WJB2__Ornana	tr|F6WJB2|F6WJB2_ORNAN	Ornithorhynchus anatinus	vertebrate	proteome	high	0.8187	797	include
kir	F6WK38__Mondom	tr|F6WK38|F6WK38_MONDO	Monodelphis domestica	vertebrate	proteome	high	0.8826	418	include
k2p	F6WLB8__Xentro	tr|F6WLB8|F6WLB8_XENTR	Xenopus tropicalis	vertebrate	proteome	high	0.9552	545	include
nachr	F6WNN6__Mondom	tr|F6WNN6|F6WNN6_MONDO	Monodelphis domestica	vertebrate	proteome	high	0.9793	496	include
kv_kcnq	F6WQP9__Mondom	tr|F6WQP9|F6WQP9_MONDO	Monodelphis domestica	vertebrate	proteome	high	0.8949	874	include
nachr	F6WQS9__Cioint	tr|F6WQS9|F6WQS9_CIOIN	Ciona intestinalis	deuterostome	proteome	high	0.9565	451	include
trpa	F6WSN6__Mondom	tr|F6WSN6|F6WSN6_MONDO	Monodelphis domestica	vertebrate	proteome	high	0.9955	1123	include
trpm	F6WUY9__Mondom	tr|F6WUY9|F6WUY9_MONDO	Monodelphis domestica	vertebrate	proteome	medium	0.4163		profile_medium
osca_tmem63	F6WW80__Mondom	tr|F6WW80|F6WW80_MONDO	Monodelphis domestica	vertebrate	proteome	high	0.9535	804	include
gabaa	F6WX74__Mondom	tr|F6WX74|F6WX74_MONDO	Monodelphis domestica	vertebrate	proteome	high	0.9715	519	include
lrrc8	F6WY49__Xentro	tr|F6WY49|F6WY49_XENTR	Xenopus tropicalis	vertebrate	proteome	high	0.9988	809	include
connexin	F6WYM7__Mondom	tr|F6WYM7|F6WYM7_MONDO	Monodelphis domestica	vertebrate	proteome	high	0.7363	226	include
connexin	F6WYP2__Mondom	tr|F6WYP2|F6WYP2_MONDO	Monodelphis domestica	vertebrate	proteome	high	0.791	261	include
hcn	F6WZV6__Cioint	tr|F6WZV6|F6WZV6_CIOIN	Ciona intestinalis	deuterostome	proteome	medium	0.4751		profile_medium
kir	F6X0E3__Mondom	tr|F6X0E3|F6X0E3_MONDO	Monodelphis domestica	vertebrate	proteome	high	0.8655	379	include
catsper	F6X307__Mondom	tr|F6X307|F6X307_MONDO	Monodelphis domestica	vertebrate	proteome	high	0.7823	449	include
connexin	F6X3B8__Cioint	tr|F6X3B8|F6X3B8_CIOIN	Ciona intestinalis	deuterostome	proteome	none	0.2379		no_profile_call
lrrc8	F6X3Y1__Cioint	tr|F6X3Y1|F6X3Y1_CIOIN	Ciona intestinalis	deuterostome	proteome	medium	0.4782		profile_medium
cav	F6X5E1__Cioint	tr|F6X5E1|F6X5E1_CIOIN	Ciona intestinalis	deuterostome	proteome	high	0.8285	1645	include
vdac	F6X7V2__Ornana	tr|F6X7V2|F6X7V2_ORNAN	Ornithorhynchus anatinus	vertebrate	proteome	high	0.9892	443	include
k2p	F6X8N6__Musmus	tr|F6X8N6|F6X8N6_MOUSE	Mus musculus	vertebrate	proteome	high	0.694	343	include
nav	F6X9I4__Mondom	tr|F6X9I4|F6X9I4_MONDO	Monodelphis domestica	vertebrate	proteome	high	0.8924	1815	include
nmda	F6X9P6__Xentro	tr|F6X9P6|F6X9P6_XENTR	Xenopus tropicalis	vertebrate	proteome	high	0.9821	1450	include
ryr	F6XF06__Ornana	tr|F6XF06|F6XF06_ORNAN	Ornithorhynchus anatinus	vertebrate	proteome	high	0.9329	4773	include
kv_shaker	F6XGB3__Mondom	tr|F6XGB3|F6XGB3_MONDO	Monodelphis domestica	vertebrate	proteome	high	0.8551	625	include
hcn	F6XHS5__Mondom	tr|F6XHS5|F6XHS5_MONDO	Monodelphis domestica	vertebrate	proteome	high	0.5836	788	include
nachr	F6XJA4__Ornana	tr|F6XJA4|F6XJA4_ORNAN	Ornithorhynchus anatinus	vertebrate	proteome	high	0.9752	457	include
kca_sk	F6XLS0__Ornana	tr|F6XLS0|F6XLS0_ORNAN	Ornithorhynchus anatinus	vertebrate	proteome	high	0.6403	425	include
k2p	F6XMP2__Cioint	tr|F6XMP2|F6XMP2_CIOIN	Ciona intestinalis	deuterostome	proteome	high	0.6368	248	include
nachr	F6XMR9__Mondom	tr|F6XMR9|F6XMR9_MONDO	Monodelphis domestica	vertebrate	proteome	high	0.9669	455	include
trpc	F6XN03__Mondom	tr|F6XN03|F6XN03_MONDO	Monodelphis domestica	vertebrate	proteome	high	0.8754	903	include
kv_shaker	F6XPB4__Mondom	tr|F6XPB4|F6XPB4_MONDO	Monodelphis domestica	vertebrate	proteome	medium	0.558		profile_medium
kir	F6XQI0__Cioint	tr|F6XQI0|F6XQI0_CIOIN	Ciona intestinalis	deuterostome	proteome	high	0.8362	383	include
connexin	F6XTB3__Mondom	tr|F6XTB3|F6XTB3_MONDO	Monodelphis domestica	vertebrate	proteome	high	0.7235	320	include
trpc	F6XTG1__Ornana	tr|F6XTG1|F6XTG1_ORNAN	Ornithorhynchus anatinus	vertebrate	proteome	high	0.8776	925	include
otop	F6XU18__Xentro	tr|F6XU18|F6XU18_XENTR	Xenopus tropicalis	vertebrate	proteome	high	0.9105	655	include
kir	F6XUJ0__Mondom	tr|F6XUJ0|F6XUJ0_MONDO	Monodelphis domestica	vertebrate	proteome	high	0.9315	399	include
p2x	F6XW95__Mondom	tr|F6XW95|F6XW95_MONDO	Monodelphis domestica	vertebrate	proteome	high	0.8494	567	include
glyr	F6XWN7__Mondom	tr|F6XWN7|F6XWN7_MONDO	Monodelphis domestica	vertebrate	proteome	high	0.8333	413	include
hcn	F6XY65__Xentro	tr|F6XY65|F6XY65_XENTR	Xenopus tropicalis	vertebrate	proteome	high	0.8035	839	include
nachr	F6XYH5__Ornana	tr|F6XYH5|F6XYH5_ORNAN	Ornithorhynchus anatinus	vertebrate	proteome	high	0.9607	511	include
trpc	F6XZZ3__Ornana	tr|F6XZZ3|F6XZZ3_ORNAN	Ornithorhynchus anatinus	vertebrate	proteome	high	0.9711	978	include
gabaa	F6Y079__Xentro	tr|F6Y079|F6Y079_XENTR	Xenopus tropicalis	vertebrate	proteome	high	0.9605	538	include
gabaa	F6Y090__Xentro	tr|F6Y090|F6Y090_XENTR	Xenopus tropicalis	vertebrate	proteome	high	0.9715	475	include
connexin	F6Y0C0__Ornana	tr|F6Y0C0|F6Y0C0_ORNAN	Ornithorhynchus anatinus	vertebrate	proteome	high	0.6238	189	include
gabaa	F6Y1I0__Ornana	tr|F6Y1I0|F6Y1I0_ORNAN	Ornithorhynchus anatinus	vertebrate	proteome	high	0.9759	441	include
kv_shaker	F6Y446__Xentro	tr|F6Y446|F6Y446_XENTR	Xenopus tropicalis	vertebrate	proteome	high	0.9167	621	include
calhm	F6Y4T2__Cioint	tr|F6Y4T2|F6Y4T2_CIOIN	Ciona intestinalis	deuterostome	proteome	high	0.7911	273	include
kca_slo	F6Y5E9__Cioint	tr|F6Y5E9|F6Y5E9_CIOIN	Ciona intestinalis	deuterostome	proteome	medium	0.4678		profile_medium
kv_modifier	F6Y7C6__Xentro	tr|F6Y7C6|F6Y7C6_XENTR	Xenopus tropicalis	vertebrate	proteome	high	0.9241	506	include
vdac	F6YA02__Cioint	tr|F6YA02|F6YA02_CIOIN	Ciona intestinalis	deuterostome	proteome	high	0.9928	283	include
glyr	F6YAL1__Ornana	tr|F6YAL1|F6YAL1_ORNAN	Ornithorhynchus anatinus	vertebrate	proteome	high	0.7359	330	include
gabaa	F6YFX5__Cioint	tr|F6YFX5|F6YFX5_CIOIN	Ciona intestinalis	deuterostome	proteome	high	0.932	482	include
gabaa	F6YG13__Cioint	tr|F6YG13|F6YG13_CIOIN	Ciona intestinalis	deuterostome	proteome	high	0.9145	446	include
trpp	F6YGJ6__Mondom	tr|F6YGJ6|F6YGJ6_MONDO	Monodelphis domestica	vertebrate	proteome	high	0.7708	688	include
kca_slo	F6YGT3__Mondom	tr|F6YGT3|F6YGT3_MONDO	Monodelphis domestica	vertebrate	proteome	high	0.9175	1132	include
pannexin	F6YGX2__Ornana	tr|F6YGX2|F6YGX2_ORNAN	Ornithorhynchus anatinus	vertebrate	proteome	high	0.9887	430	include
gabaa	F6YJ09__Mondom	tr|F6YJ09|F6YJ09_MONDO	Monodelphis domestica	vertebrate	proteome	high	0.9605	468	include
nachr	F6YK78__Ornana	tr|F6YK78|F6YK78_ORNAN	Ornithorhynchus anatinus	vertebrate	proteome	high	0.9793	513	include
itpr	F6YKH7__Cioint	tr|F6YKH7|F6YKH7_CIOIN	Ciona intestinalis	deuterostome	proteome	high	0.7159	1937	include
kv_modifier	F6YN66__Ornana	tr|F6YN66|F6YN66_ORNAN	Ornithorhynchus anatinus	vertebrate	proteome	medium	0.8755		profile_medium
tric	F6YNW4__Mondom	tr|F6YNW4|F6YNW4_MONDO	Monodelphis domestica	vertebrate	proteome	high	0.9559	289	include
k2p	F6YPG9__Xentro	tr|F6YPG9|F6YPG9_XENTR	Xenopus tropicalis	vertebrate	proteome	high	0.6667	318	include
gabaa	F6YQ50__Ornana	tr|F6YQ50|F6YQ50_ORNAN	Ornithorhynchus anatinus	vertebrate	proteome	high	0.9518	480	include
vdac	F6YQC5__Mondom	tr|F6YQC5|F6YQC5_MONDO	Monodelphis domestica	vertebrate	proteome	high	0.9892	391	include
kir	F6YR67__Mondom	tr|F6YR67|F6YR67_MONDO	Monodelphis domestica	vertebrate	proteome	high	0.7824	361	include
trpv	F6YRT9__Mondom	tr|F6YRT9|F6YRT9_MONDO	Monodelphis domestica	vertebrate	proteome	high	0.8853	730	include
kir	F6YV60__Mondom	tr|F6YV60|F6YV60_MONDO	Monodelphis domestica	vertebrate	proteome	high	0.9267	503	include
hcn	F6YWA2__Cioint	tr|F6YWA2|F6YWA2_CIOIN	Ciona intestinalis	deuterostome	proteome	medium	0.4565		profile_medium
nachr	F6Z0X1__Cioint	tr|F6Z0X1|F6Z0X1_CIOIN	Ciona intestinalis	deuterostome	proteome	medium	0.3768		profile_medium
trpv	F6Z2M4__Mondom	tr|F6Z2M4|F6Z2M4_MONDO	Monodelphis domestica	vertebrate	proteome	high	0.6671	640	include
orai	F6Z2T6__Cioint	tr|F6Z2T6|F6Z2T6_CIOIN	Ciona intestinalis	deuterostome	proteome	high	0.8519	312	include
nachr	F6Z357__Mondom	tr|F6Z357|F6Z357_MONDO	Monodelphis domestica	vertebrate	proteome	high	0.9524	504	include
cng	F6Z6F8__Ornana	tr|F6Z6F8|F6Z6F8_ORNAN	Ornithorhynchus anatinus	vertebrate	proteome	high	0.7511	717	include
gabaa	F6Z6M1__Ornana	tr|F6Z6M1|F6Z6M1_ORNAN	Ornithorhynchus anatinus	vertebrate	proteome	high	0.9145	518	include
gabaa	F6Z707__Ornana	tr|F6Z707|F6Z707_ORNAN	Ornithorhynchus anatinus	vertebrate	proteome	high	0.9496	489	include
nachr	F6Z813__Ornana	tr|F6Z813|F6Z813_ORNAN	Ornithorhynchus anatinus	vertebrate	proteome	high	0.9545	533	include
nachr	F6Z830__Ornana	tr|F6Z830|F6Z830_ORNAN	Ornithorhynchus anatinus	vertebrate	proteome	high	0.9855	497	include
calhm	F6Z8E3__Mondom	tr|F6Z8E3|F6Z8E3_MONDO	Monodelphis domestica	vertebrate	proteome	high	0.9399	296	include
calhm	F6Z8E8__Mondom	tr|F6Z8E8|F6Z8E8_MONDO	Monodelphis domestica	vertebrate	proteome	high	0.9462	330	include
calhm	F6Z8U2__Mondom	tr|F6Z8U2|F6Z8U2_MONDO	Monodelphis domestica	vertebrate	proteome	high	0.9684	310	include
calhm	F6Z8U8__Mondom	tr|F6Z8U8|F6Z8U8_MONDO	Monodelphis domestica	vertebrate	proteome	high	0.9082	314	include
gabaa	F6Z916__Cioint	tr|F6Z916|F6Z916_CIOIN	Ciona intestinalis	deuterostome	proteome	high	0.8947	405	include
cng	F6Z9W5__Ornana	tr|F6Z9W5|F6Z9W5_ORNAN	Ornithorhynchus anatinus	vertebrate	proteome	high	0.918	773	include
trpm	F6ZAH7__Mondom	tr|F6ZAH7|F6ZAH7_MONDO	Monodelphis domestica	vertebrate	proteome	medium	0.3918		profile_medium
gabaa	F6ZB46__Mondom	tr|F6ZB46|F6ZB46_MONDO	Monodelphis domestica	vertebrate	proteome	high	0.7895	460	include
gabaa	F6ZBG8__Mondom	tr|F6ZBG8|F6ZBG8_MONDO	Monodelphis domestica	vertebrate	proteome	high	0.9868	555	include
gabaa	F6ZBY7__Mondom	tr|F6ZBY7|F6ZBY7_MONDO	Monodelphis domestica	vertebrate	proteome	high	0.989	454	include
itpr	F6ZCW7__Mondom	tr|F6ZCW7|F6ZCW7_MONDO	Monodelphis domestica	vertebrate	proteome	high	0.9996	2698	include
kv_eag	F6ZE77__Mondom	tr|F6ZE77|F6ZE77_MONDO	Monodelphis domestica	vertebrate	proteome	high	0.9163	982	include
vdac	F6ZE82__Ornana	tr|F6ZE82|F6ZE82_ORNAN	Ornithorhynchus anatinus	vertebrate	proteome	high	0.9964	310	include
trpc	F6ZEH0__Mondom	tr|F6ZEH0|F6ZEH0_MONDO	Monodelphis domestica	vertebrate	proteome	high	0.6085	849	include
trpv	F6ZFD1__Mondom	tr|F6ZFD1|F6ZFD1_MONDO	Monodelphis domestica	vertebrate	proteome	high	0.9741	773	include
trpv	F6ZFT5__Ornana	tr|F6ZFT5|F6ZFT5_ORNAN	Ornithorhynchus anatinus	vertebrate	proteome	high	0.8533	691	include
trpv	F6ZFY7__Ornana	tr|F6ZFY7|F6ZFY7_ORNAN	Ornithorhynchus anatinus	vertebrate	proteome	high	0.6843	623	include
gabaa	F6ZIL3__Cioint	tr|F6ZIL3|F6ZIL3_CIOIN	Ciona intestinalis	deuterostome	proteome	medium	0.3399		profile_medium
otop	F6ZJ00__Ornana	tr|F6ZJ00|F6ZJ00_ORNAN	Ornithorhynchus anatinus	vertebrate	proteome	high	0.7659	514	include
kv_eag	F6ZK39__Mondom	tr|F6ZK39|F6ZK39_MONDO	Monodelphis domestica	vertebrate	proteome	high	0.995	1162	include
tric	F6ZL37__Cioint	tr|F6ZL37|F6ZL37_CIOIN	Ciona intestinalis	deuterostome	proteome	high	0.7492	252	include
k2p	F6ZM60__Mondom	tr|F6ZM60|F6ZM60_MONDO	Monodelphis domestica	vertebrate	proteome	high	0.9627	502	include
nachr	F6ZMM6__Xentro	tr|F6ZMM6|F6ZMM6_XENTR	Xenopus tropicalis	vertebrate	proteome	high	0.9627	501	include
nachr	F6ZNF4__Cioint	tr|F6ZNF4|F6ZNF4_CIOIN	Ciona intestinalis	deuterostome	proteome	high	0.9545	476	include
cftr	F6ZS67__Mondom	tr|F6ZS67|F6ZS67_MONDO	Monodelphis domestica	vertebrate	proteome	high	1.0	1481	include
k2p	F6ZSC2__Mondom	tr|F6ZSC2|F6ZSC2_MONDO	Monodelphis domestica	vertebrate	proteome	high	0.8507	386	include
kv_shaker	F6ZTD1__Cioint	tr|F6ZTD1|F6ZTD1_CIOIN	Ciona intestinalis	deuterostome	proteome	high	0.712	508	include
nachr	F6ZXG2__Mondom	tr|F6ZXG2|F6ZXG2_MONDO	Monodelphis domestica	vertebrate	proteome	high	0.9462	457	include
zac	F6ZYC6__Mondom	tr|F6ZYC6|F6ZYC6_MONDO	Monodelphis domestica	vertebrate	proteome	high	0.8786	377	include
tpc	F6ZZ82__Xentro	tr|F6ZZ82|F6ZZ82_XENTR	Xenopus tropicalis	vertebrate	proteome	high	0.9764	770	include
gabaa	F7A086__Mondom	tr|F7A086|F7A086_MONDO	Monodelphis domestica	vertebrate	proteome	high	0.9518	468	include
vdac	F7A2F1__Xentro	tr|F7A2F1|F7A2F1_XENTR	Xenopus tropicalis	vertebrate	proteome	high	0.9964	284	include
kv_shaker	F7A2P0__Ornana	tr|F7A2P0|F7A2P0_ORNAN	Ornithorhynchus anatinus	vertebrate	proteome	high	0.7591	512	include
kv_shaker	F7A2Q7__Ornana	tr|F7A2Q7|F7A2Q7_ORNAN	Ornithorhynchus anatinus	vertebrate	proteome	high	0.8659	499	include
connexin	F7A3G7__Mondom	tr|F7A3G7|F7A3G7_MONDO	Monodelphis domestica	vertebrate	proteome	high	0.8682	311	include
nmda	F7A5G9__Ornana	tr|F7A5G9|F7A5G9_ORNAN	Ornithorhynchus anatinus	vertebrate	proteome	high	0.8056	1150	include
kv_modifier	F7A6P6__Musmus	tr|F7A6P6|F7A6P6_MOUSE	Mus musculus	vertebrate	proteome	high	0.9219	480	include
trpv	F7A7B4__Ornana	tr|F7A7B4|F7A7B4_ORNAN	Ornithorhynchus anatinus	vertebrate	proteome	high	0.9827	842	include
vdac	F7A7G7__Mondom	tr|F7A7G7|F7A7G7_MONDO	Monodelphis domestica	vertebrate	proteome	high	0.9964	283	include
p2x	F7A812__Ornana	tr|F7A812|F7A812_ORNAN	Ornithorhynchus anatinus	vertebrate	proteome	high	0.9365	412	include
catsper	F7A9W3__Cioint	tr|F7A9W3|F7A9W3_CIOIN	Ciona intestinalis	deuterostome	proteome	high	0.7269	586	include
ryr	F7A9X6__Mondom	tr|F7A9X6|F7A9X6_MONDO	Monodelphis domestica	vertebrate	proteome	high	0.8038	4131	include
kca_sk	F7ACB9__Cioint	tr|F7ACB9|F7ACB9_CIOIN	Ciona intestinalis	deuterostome	proteome	high	0.859	582	include
nalcn	F7ADE7__Mondom	tr|F7ADE7|F7ADE7_MONDO	Monodelphis domestica	vertebrate	proteome	high	1.0	1738	include
kir	F7ADK2__Xentro	tr|F7ADK2|F7ADK2_XENTR	Xenopus tropicalis	vertebrate	proteome	high	0.9389	442	include
enac	F7AE39__Xentro	tr|F7AE39|F7AE39_XENTR	Xenopus tropicalis	vertebrate	proteome	high	0.9535	633	include
kir	F7AJ43__Xentro	tr|F7AJ43|F7AJ43_XENTR	Xenopus tropicalis	vertebrate	proteome	high	0.8655	419	include
ano_channel	F7AKG3__Mondom	tr|F7AKG3|F7AKG3_MONDO	Monodelphis domestica	vertebrate	proteome	high	0.8841	879	include
nav	F7AKN1__Ornana	tr|F7AKN1|F7AKN1_ORNAN	Ornithorhynchus anatinus	vertebrate	proteome	high	0.9518	1732	include
kv_shaker	F7AL46__Mondom	tr|F7AL46|F7AL46_MONDO	Monodelphis domestica	vertebrate	proteome	high	0.7409	542	include
p2x	F7AML6__Mondom	tr|F7AML6|F7AML6_MONDO	Monodelphis domestica	vertebrate	proteome	high	0.9035	390	include
trpp	F7ANU1__Mondom	tr|F7ANU1|F7ANU1_MONDO	Monodelphis domestica	vertebrate	proteome	high	0.9888	997	include
nachr	F7AQ06__Mondom	tr|F7AQ06|F7AQ06_MONDO	Monodelphis domestica	vertebrate	proteome	high	0.9648	476	include
kv_shaker	F7AQS0__Mondom	tr|F7AQS0|F7AQS0_MONDO	Monodelphis domestica	vertebrate	proteome	medium	0.3315		profile_medium
cng	F7AR07__Mondom	tr|F7AR07|F7AR07_MONDO	Monodelphis domestica	vertebrate	proteome	high	0.7765	643	include
trpc	F7AT60__Mondom	tr|F7AT60|F7AT60_MONDO	Monodelphis domestica	vertebrate	proteome	high	0.5228	466	include
kv_shaker	F7AU20__Mondom	tr|F7AU20|F7AU20_MONDO	Monodelphis domestica	vertebrate	proteome	medium	0.9239		profile_medium
nmda	F7AUG6__Mondom	tr|F7AUG6|F7AUG6_MONDO	Monodelphis domestica	vertebrate	proteome	high	0.8116	1153	include
nav	F7AUQ0__Cioint	tr|F7AUQ0|F7AUQ0_CIOIN	Ciona intestinalis	deuterostome	proteome	high	0.9036	1816	include
k2p	F7AVB9__Galgal	tr|F7AVB9|F7AVB9_CHICK	Gallus gallus	vertebrate	proteome	high	0.6567	325	include
gabaa	F7AWR0__Mondom	tr|F7AWR0|F7AWR0_MONDO	Monodelphis domestica	vertebrate	proteome	high	0.9386	453	include
connexin	F7AWX4__Cioint	tr|F7AWX4|F7AWX4_CIOIN	Ciona intestinalis	deuterostome	proteome	high	0.7074	233	include
k2p	F7AX66__Ornana	tr|F7AX66|F7AX66_ORNAN	Ornithorhynchus anatinus	vertebrate	proteome	high	0.7438	337	include
connexin	F7AX69__Cioint	tr|F7AX69|F7AX69_CIOIN	Ciona intestinalis	deuterostome	proteome	medium	0.328		profile_medium
cav	F7AXC5__Mondom	tr|F7AXC5|F7AXC5_MONDO	Monodelphis domestica	vertebrate	proteome	high	0.905	1873	include
kv_eag	F7AYV2__Ornana	tr|F7AYV2|F7AYV2_ORNAN	Ornithorhynchus anatinus	vertebrate	proteome	high	0.998	1196	include
glyr	F7AZW7__Mondom	tr|F7AZW7|F7AZW7_MONDO	Monodelphis domestica	vertebrate	proteome	high	0.974	462	include
kv_shaker	F7B029__Ornana	tr|F7B029|F7B029_ORNAN	Ornithorhynchus anatinus	vertebrate	proteome	high	0.8152	585	include
k2p	F7B030__Mondom	tr|F7B030|F7B030_MONDO	Monodelphis domestica	vertebrate	proteome	high	0.6493	290	include
k2p	F7B062__Mondom	tr|F7B062|F7B062_MONDO	Monodelphis domestica	vertebrate	proteome	high	0.7388	306	include
bestrophin	F7B065__Cioint	tr|F7B065|F7B065_CIOIN	Ciona intestinalis	deuterostome	proteome	high	0.6945	367	include
nachr	F7B0M4__Xentro	tr|F7B0M4|F7B0M4_XENTR	Xenopus tropicalis	vertebrate	proteome	high	0.9731	512	include
trpc	F7B2E9__Ornana	tr|F7B2E9|F7B2E9_ORNAN	Ornithorhynchus anatinus	vertebrate	proteome	high	0.8865	869	include
ampa	F7B4C1__Mondom	tr|F7B4C1|F7B4C1_MONDO	Monodelphis domestica	vertebrate	proteome	high	0.9922	902	include
kv_kcnq	F7B5A9__Mondom	tr|F7B5A9|F7B5A9_MONDO	Monodelphis domestica	vertebrate	proteome	high	0.8739	669	include
kv_modifier	F7B9A8__Mondom	tr|F7B9A8|F7B9A8_MONDO	Monodelphis domestica	vertebrate	proteome	high	0.846	508	include
trpc	F7BAZ0__Ornana	tr|F7BAZ0|F7BAZ0_ORNAN	Ornithorhynchus anatinus	vertebrate	proteome	high	0.8676	999	include
kv_kcnq	F7BEC5__Cioint	tr|F7BEC5|F7BEC5_CIOIN	Ciona intestinalis	deuterostome	proteome	high	0.7147	520	include
connexin	F7BI06__Mondom	tr|F7BI06|F7BI06_MONDO	Monodelphis domestica	vertebrate	proteome	high	0.9936	431	include
asic	F7BJA0__Mondom	tr|F7BJA0|F7BJA0_MONDO	Monodelphis domestica	vertebrate	proteome	high	0.6737	374	include
asic	F7BJQ8__Mondom	tr|F7BJQ8|F7BJQ8_MONDO	Monodelphis domestica	vertebrate	proteome	medium	0.3512		profile_medium
kv_modifier	F7BMH8__Mondom	tr|F7BMH8|F7BMH8_MONDO	Monodelphis domestica	vertebrate	proteome	high	0.9156	556	include
connexin	F7BMQ9__Mondom	tr|F7BMQ9|F7BMQ9_MONDO	Monodelphis domestica	vertebrate	proteome	high	0.7395	299	include
kv_modifier	F7BNI1__Ornana	tr|F7BNI1|F7BNI1_ORNAN	Ornithorhynchus anatinus	vertebrate	proteome	high	0.8671	439	include
p2x	F7BP39__Ornana	tr|F7BP39|F7BP39_ORNAN	Ornithorhynchus anatinus	vertebrate	proteome	high	0.9835	587	include
ht3	F7BSJ4__Ornana	tr|F7BSJ4|F7BSJ4_ORNAN	Ornithorhynchus anatinus	vertebrate	proteome	high	0.6777	363	include
connexin	F7BTC7__Mondom	tr|F7BTC7|F7BTC7_MONDO	Monodelphis domestica	vertebrate	proteome	high	0.8585	297	include
connexin	F7BU11__Mondom	tr|F7BU11|F7BU11_MONDO	Monodelphis domestica	vertebrate	proteome	high	0.8907	505	include
gabaa	F7BU61__Mondom	tr|F7BU61|F7BU61_MONDO	Monodelphis domestica	vertebrate	proteome	high	0.7741	428	include
bestrophin	F7BVY7__Ornana	tr|F7BVY7|F7BVY7_ORNAN	Ornithorhynchus anatinus	vertebrate	proteome	high	0.9526	678	include
pannexin	F7BXZ6__Mondom	tr|F7BXZ6|F7BXZ6_MONDO	Monodelphis domestica	vertebrate	proteome	high	0.991	815	include
nmda	F7BZ12__Ornana	tr|F7BZ12|F7BZ12_ORNAN	Ornithorhynchus anatinus	vertebrate	proteome	high	0.9983	1465	include
kir	F7BZF9__Ornana	tr|F7BZF9|F7BZF9_ORNAN	Ornithorhynchus anatinus	vertebrate	proteome	high	0.7897	361	include
glyr	F7C100__Ornana	tr|F7C100|F7C100_ORNAN	Ornithorhynchus anatinus	vertebrate	proteome	high	0.9481	433	include
hcn	F7C1B1__Mondom	tr|F7C1B1|F7C1B1_MONDO	Monodelphis domestica	vertebrate	proteome	high	0.5748	690	include
gabaa	F7C2S4__Mondom	tr|F7C2S4|F7C2S4_MONDO	Monodelphis domestica	vertebrate	proteome	high	0.9825	463	include
trpm	F7C3C3__Ornana	tr|F7C3C3|F7C3C3_ORNAN	Ornithorhynchus anatinus	vertebrate	proteome	high	0.9356	1768	include
asic	F7C3X2__Mondom	tr|F7C3X2|F7C3X2_MONDO	Monodelphis domestica	vertebrate	proteome	high	0.5336	315	include
nachr	F7C5D6__Mondom	tr|F7C5D6|F7C5D6_MONDO	Monodelphis domestica	vertebrate	proteome	high	0.9752	457	include
enac	F7C6F7__Ornana	tr|F7C6F7|F7C6F7_ORNAN	Ornithorhynchus anatinus	vertebrate	proteome	high	0.9783	657	include
piezo	F7CB39__Mondom	tr|F7CB39|F7CB39_MONDO	Monodelphis domestica	vertebrate	proteome	high	0.9996	2810	include
kv_eag	F7CD94__Ornana	tr|F7CD94|F7CD94_ORNAN	Ornithorhynchus anatinus	vertebrate	proteome	high	0.9083	961	include
kainate	F7CFG2__Mondom	tr|F7CFG2|F7CFG2_MONDO	Monodelphis domestica	vertebrate	proteome	high	0.9967	919	include
p2x	F7CFM6__Mondom	tr|F7CFM6|F7CFM6_MONDO	Monodelphis domestica	vertebrate	proteome	high	0.8894	473	include
nachr	F7CGI2__Ornana	tr|F7CGI2|F7CGI2_ORNAN	Ornithorhynchus anatinus	vertebrate	proteome	high	0.971	459	include
nachr	F7CGK4__Ornana	tr|F7CGK4|F7CGK4_ORNAN	Ornithorhynchus anatinus	vertebrate	proteome	high	0.9669	492	include
lrrc8	F7CGX2__Mondom	tr|F7CGX2|F7CGX2_MONDO	Monodelphis domestica	vertebrate	proteome	high	1.0	787	include
trpv	F7CJL7__Ornana	tr|F7CJL7|F7CJL7_ORNAN	Ornithorhynchus anatinus	vertebrate	proteome	high	0.603	506	include
trpv	F7CJP9__Ornana	tr|F7CJP9|F7CJP9_ORNAN	Ornithorhynchus anatinus	vertebrate	proteome	high	0.6769	520	include
gabaa	F7CKV8__Ornana	tr|F7CKV8|F7CKV8_ORNAN	Ornithorhynchus anatinus	vertebrate	proteome	high	0.8224	382	include
nav	F7CNJ4__Mondom	tr|F7CNJ4|F7CNJ4_MONDO	Monodelphis domestica	vertebrate	proteome	high	0.9411	1754	include
k2p	F7CPN6__Ornana	tr|F7CPN6|F7CPN6_ORNAN	Ornithorhynchus anatinus	vertebrate	proteome	high	0.6468	312	include
connexin	F7CU05__Xentro	tr|F7CU05|F7CU05_XENTR	Xenopus tropicalis	vertebrate	proteome	high	0.7846	300	include
nalcn	F7CU75__Ornana	tr|F7CU75|F7CU75_ORNAN	Ornithorhynchus anatinus	vertebrate	proteome	high	1.0	1738	include
gabaa	F7CUM3__Ornana	tr|F7CUM3|F7CUM3_ORNAN	Ornithorhynchus anatinus	vertebrate	proteome	high	0.9671	464	include
k2p	F7CV21__Xentro	tr|F7CV21|F7CV21_XENTR	Xenopus tropicalis	vertebrate	proteome	high	0.8682	409	include
k2p	F7CVD3__Ornana	tr|F7CVD3|F7CVD3_ORNAN	Ornithorhynchus anatinus	vertebrate	proteome	high	0.8507	386	include
kv_shaker	F7CX06__Mondom	tr|F7CX06|F7CX06_MONDO	Monodelphis domestica	vertebrate	proteome	high	0.8152	585	include
cav	F7CX37__Mondom	tr|F7CX37|F7CX37_MONDO	Monodelphis domestica	vertebrate	proteome	high	0.9959	2388	include
p2x	F7CX61__Mondom	tr|F7CX61|F7CX61_MONDO	Monodelphis domestica	vertebrate	proteome	high	0.7482	369	include
kv_modifier	F7CYF9__Xentro	tr|F7CYF9|F7CYF9_XENTR	Xenopus tropicalis	vertebrate	proteome	medium	0.8819		profile_medium
trpc	F7CZL9__Mondom	tr|F7CZL9|F7CZL9_MONDO	Monodelphis domestica	vertebrate	proteome	high	0.8999	861	include
connexin	F7CZN5__Ornana	tr|F7CZN5|F7CZN5_ORNAN	Ornithorhynchus anatinus	vertebrate	proteome	high	0.9582	403	include
orai	F7D233__Xentro	tr|F7D233|F7D233_XENTR	Xenopus tropicalis	vertebrate	proteome	high	0.8667	257	include
kv_modifier	F7D2C1__Mondom	tr|F7D2C1|F7D2C1_MONDO	Monodelphis domestica	vertebrate	proteome	medium	0.9451		profile_medium
tpc	F7D475__Ornana	tr|F7D475|F7D475_ORNAN	Ornithorhynchus anatinus	vertebrate	proteome	high	0.9777	763	include
kir	F7D6C0__Xentro	tr|F7D6C0|F7D6C0_XENTR	Xenopus tropicalis	vertebrate	proteome	high	0.8289	394	include
p2x	F7D6S0__Ornana	tr|F7D6S0|F7D6S0_ORNAN	Ornithorhynchus anatinus	vertebrate	proteome	high	0.8071	419	include
nav	F7D8R6__Mondom	tr|F7D8R6|F7D8R6_MONDO	Monodelphis domestica	vertebrate	proteome	high	0.9142	1839	include
pannexin	F7D9M9__Xentro	tr|F7D9M9|F7D9M9_XENTR	Xenopus tropicalis	vertebrate	proteome	high	0.8575	408	include
nachr	F7DAA1__Musmus	tr|F7DAA1|F7DAA1_MOUSE	Mus musculus	vertebrate	proteome	high	0.8675	447	include
enac	F7DAT7__Ornana	tr|F7DAT7|F7DAT7_ORNAN	Ornithorhynchus anatinus	vertebrate	proteome	high	0.6667	491	include
calhm	F7DAW4__Ornana	tr|F7DAW4|F7DAW4_ORNAN	Ornithorhynchus anatinus	vertebrate	proteome	high	0.9272	341	include
calhm	F7DAX5__Ornana	tr|F7DAX5|F7DAX5_ORNAN	Ornithorhynchus anatinus	vertebrate	proteome	high	0.9241	337	include
tpc	F7DBM4__Mondom	tr|F7DBM4|F7DBM4_MONDO	Monodelphis domestica	vertebrate	proteome	high	0.9895	816	include
gabaa	F7DCL6__Xentro	tr|F7DCL6|F7DCL6_XENTR	Xenopus tropicalis	vertebrate	proteome	high	0.9781	451	include
kir	F7DE03__Xentro	tr|F7DE03|F7DE03_XENTR	Xenopus tropicalis	vertebrate	proteome	high	0.8949	433	include
nachr	F7DET6__Ornana	tr|F7DET6|F7DET6_ORNAN	Ornithorhynchus anatinus	vertebrate	proteome	high	0.971	624	include
k2p	F7DH29__Mondom	tr|F7DH29|F7DH29_MONDO	Monodelphis domestica	vertebrate	proteome	high	0.7836	336	include
nachr	F7DHW1__Mondom	tr|F7DHW1|F7DHW1_MONDO	Monodelphis domestica	vertebrate	proteome	high	0.9607	571	include
nachr	F7DIC7__Mondom	tr|F7DIC7|F7DIC7_MONDO	Monodelphis domestica	vertebrate	proteome	high	0.6977	498	include
cav	F7DM64__Ornana	tr|F7DM64|F7DM64_ORNAN	Ornithorhynchus anatinus	vertebrate	proteome	high	0.8624	1873	include
k2p	F7DPG9__Mondom	tr|F7DPG9|F7DPG9_MONDO	Monodelphis domestica	vertebrate	proteome	high	0.8682	426	include
itpr	F7DPJ5__Ornana	tr|F7DPJ5|F7DPJ5_ORNAN	Ornithorhynchus anatinus	vertebrate	proteome	high	0.9963	2651	include
kca_sk	F7DRI5__Ornana	tr|F7DRI5|F7DRI5_ORNAN	Ornithorhynchus anatinus	vertebrate	proteome	high	0.7417	525	include
lrrc8	F7DSB0__Xentro	tr|F7DSB0|F7DSB0_XENTR	Xenopus tropicalis	vertebrate	proteome	high	0.9988	798	include
kv_shaker	F7DT93__Xentro	tr|F7DT93|F7DT93_XENTR	Xenopus tropicalis	vertebrate	proteome	high	0.7862	489	include
trpa	F7DXN8__Ornana	tr|F7DXN8|F7DXN8_ORNAN	Ornithorhynchus anatinus	vertebrate	proteome	high	0.983	1112	include
nmda	F7E003__Xentro	tr|F7E003|F7E003_XENTR	Xenopus tropicalis	vertebrate	proteome	high	0.8031	1190	include
trpm	F7E019__Ornana	tr|F7E019|F7E019_ORNAN	Ornithorhynchus anatinus	vertebrate	proteome	high	0.6589	1498	include
kca_sk	F7E0I4__Mondom	tr|F7E0I4|F7E0I4_MONDO	Monodelphis domestica	vertebrate	proteome	high	0.9794	850	include
connexin	F7E348__Mondom	tr|F7E348|F7E348_MONDO	Monodelphis domestica	vertebrate	proteome	high	0.7878	267	include
connexin	F7E3B7__Mondom	tr|F7E3B7|F7E3B7_MONDO	Monodelphis domestica	vertebrate	proteome	high	0.9743	356	include
kv_modifier	F7E3Z0__Mondom	tr|F7E3Z0|F7E3Z0_MONDO	Monodelphis domestica	vertebrate	proteome	high	0.9557	477	include
connexin	F7E4P6__Mondom	tr|F7E4P6|F7E4P6_MONDO	Monodelphis domestica	vertebrate	proteome	high	0.9968	382	include
kv_eag	F7E6E4__Mondom	tr|F7E6E4|F7E6E4_MONDO	Monodelphis domestica	vertebrate	proteome	high	0.9541	1058	include
mcu	F7E7A1__Ornana	tr|F7E7A1|F7E7A1_ORNAN	Ornithorhynchus anatinus	vertebrate	proteome	high	0.8638	330	include
trpc	F7E7D6__Ornana	tr|F7E7D6|F7E7D6_ORNAN	Ornithorhynchus anatinus	vertebrate	proteome	high	0.8765	858	include
lrrc8	F7E7Y7__Ornana	tr|F7E7Y7|F7E7Y7_ORNAN	Ornithorhynchus anatinus	vertebrate	proteome	high	1.0	801	include
tric	F7E8B1__Ornana	tr|F7E8B1|F7E8B1_ORNAN	Ornithorhynchus anatinus	vertebrate	proteome	high	1.0	303	include
kv_shaker	F7E8E1__Mondom	tr|F7E8E1|F7E8E1_MONDO	Monodelphis domestica	vertebrate	proteome	medium	0.7192		profile_medium
lrrc8	F7E9Z4__Ornana	tr|F7E9Z4|F7E9Z4_ORNAN	Ornithorhynchus anatinus	vertebrate	proteome	high	0.9988	809	include
kv_shaker	F7EB95__Xentro	tr|F7EB95|F7EB95_XENTR	Xenopus tropicalis	vertebrate	proteome	high	0.817	481	include
kv_shaker	F7EBT4__Mondom	tr|F7EBT4|F7EBT4_MONDO	Monodelphis domestica	vertebrate	proteome	high	0.8913	494	include
kv_shaker	F7EBU3__Mondom	tr|F7EBU3|F7EBU3_MONDO	Monodelphis domestica	vertebrate	proteome	high	0.8551	609	include
trpp	F7EC32__Ornana	tr|F7EC32|F7EC32_ORNAN	Ornithorhynchus anatinus	vertebrate	proteome	high	0.9851	903	include
connexin	F7EFL2__Mondom	tr|F7EFL2|F7EFL2_MONDO	Monodelphis domestica	vertebrate	proteome	high	0.9904	356	include
kv_shaker	F7EG19__Ornana	tr|F7EG19|F7EG19_ORNAN	Ornithorhynchus anatinus	vertebrate	proteome	high	0.7554	450	include
cng	F7EIJ8__Mondom	tr|F7EIJ8|F7EIJ8_MONDO	Monodelphis domestica	vertebrate	proteome	high	0.8642	806	include
trpp	F7EJ71__Ornana	tr|F7EJ71|F7EJ71_ORNAN	Ornithorhynchus anatinus	vertebrate	proteome	high	0.7732	594	include
connexin	F7EJS7__Mondom	tr|F7EJS7|F7EJS7_MONDO	Monodelphis domestica	vertebrate	proteome	high	0.7363	262	include
trpml	F7EL19__Ratnor	tr|F7EL19|F7EL19_RAT	Rattus norvegicus	vertebrate	proteome	high	0.9895	566	include
p2x	F7ESP1__Mondom	tr|F7ESP1|F7ESP1_MONDO	Monodelphis domestica	vertebrate	proteome	high	0.9247	400	include
connexin	F7ETX8__Ornana	tr|F7ETX8|F7ETX8_ORNAN	Ornithorhynchus anatinus	vertebrate	proteome	high	0.7878	261	include
connexin	F7ETY3__Ornana	tr|F7ETY3|F7ETY3_ORNAN	Ornithorhynchus anatinus	vertebrate	proteome	high	0.7363	226	include
gabaa	F7EUF6__Mondom	tr|F7EUF6|F7EUF6_MONDO	Monodelphis domestica	vertebrate	proteome	high	0.9737	456	include
cng	F7EUQ9__Mondom	tr|F7EUQ9|F7EUQ9_MONDO	Monodelphis domestica	vertebrate	proteome	high	0.8571	620	include
nav	F7EYW6__Mondom	tr|F7EYW6|F7EYW6_MONDO	Monodelphis domestica	vertebrate	proteome	high	0.9266	1875	include
connexin	F7F1V5__Ornana	tr|F7F1V5|F7F1V5_ORNAN	Ornithorhynchus anatinus	vertebrate	proteome	high	0.746	291	include
osca_tmem63	F7F1X9__Ornana	tr|F7F1X9|F7F1X9_ORNAN	Ornithorhynchus anatinus	vertebrate	proteome	high	0.9509	1100	include
lrrc8	F7F2H1__Mondom	tr|F7F2H1|F7F2H1_MONDO	Monodelphis domestica	vertebrate	proteome	high	0.9988	810	include
kca_slo	F7F3A4__Ornana	tr|F7F3A4|F7F3A4_ORNAN	Ornithorhynchus anatinus	vertebrate	proteome	high	0.9365	1181	include
nmda	F7F3T7__Ornana	tr|F7F3T7|F7F3T7_ORNAN	Ornithorhynchus anatinus	vertebrate	proteome	high	0.624	966	include
calhm	F7F446__Mondom	tr|F7F446|F7F446_MONDO	Monodelphis domestica	vertebrate	proteome	high	0.981	323	include
calhm	F7F4B0__Mondom	tr|F7F4B0|F7F4B0_MONDO	Monodelphis domestica	vertebrate	proteome	high	0.9241	341	include
calhm	F7F4I1__Mondom	tr|F7F4I1|F7F4I1_MONDO	Monodelphis domestica	vertebrate	proteome	high	0.8354	319	include
kv_shaker	F7F5R2__Mondom	tr|F7F5R2|F7F5R2_MONDO	Monodelphis domestica	vertebrate	proteome	high	0.9547	631	include
bestrophin	F7F684__Mondom	tr|F7F684|F7F684_MONDO	Monodelphis domestica	vertebrate	proteome	high	0.9791	676	include
kv_modifier	F7F6U0__Mondom	tr|F7F6U0|F7F6U0_MONDO	Monodelphis domestica	vertebrate	proteome	high	0.9557	511	include
catsper	F7F7P6__Ornana	tr|F7F7P6|F7F7P6_ORNAN	Ornithorhynchus anatinus	vertebrate	proteome	high	0.7844	532	include
kir	F7F885__Mondom	tr|F7F885|F7F885_MONDO	Monodelphis domestica	vertebrate	proteome	high	0.9853	427	include
kir	F7F889__Mondom	tr|F7F889|F7F889_MONDO	Monodelphis domestica	vertebrate	proteome	high	0.8851	422	include
vdac	F7FAL9__Ornana	tr|F7FAL9|F7FAL9_ORNAN	Ornithorhynchus anatinus	vertebrate	proteome	high	0.9964	283	include
kainate	F7FB74__Mondom	tr|F7FB74|F7FB74_MONDO	Monodelphis domestica	vertebrate	proteome	high	0.9824	956	include
kir	F7FBI9__Ornana	tr|F7FBI9|F7FBI9_ORNAN	Ornithorhynchus anatinus	vertebrate	proteome	high	0.8802	362	include
pannexin	F7FBT0__Ornana	tr|F7FBT0|F7FBT0_ORNAN	Ornithorhynchus anatinus	vertebrate	proteome	high	0.871	384	include
cng	F7FCU2__Mondom	tr|F7FCU2|F7FCU2_MONDO	Monodelphis domestica	vertebrate	proteome	high	0.7666	561	include
nav	F7FE64__Ornana	tr|F7FE64|F7FE64_ORNAN	Ornithorhynchus anatinus	vertebrate	proteome	high	0.972	1787	include
tric	F7FI88__Mondom	tr|F7FI88|F7FI88_MONDO	Monodelphis domestica	vertebrate	proteome	high	1.0	303	include
kir	F7FJC1__Mondom	tr|F7FJC1|F7FJC1_MONDO	Monodelphis domestica	vertebrate	proteome	high	0.9829	430	include
trpml	F7FKB0__Ornana	tr|F7FKB0|F7FKB0_ORNAN	Ornithorhynchus anatinus	vertebrate	proteome	high	0.958	651	include
hv1	F7FMV2__Ornana	tr|F7FMV2|F7FMV2_ORNAN	Ornithorhynchus anatinus	vertebrate	proteome	high	0.9059	238	include
bestrophin	F7FPL7__Ratnor	tr|F7FPL7|F7FPL7_RAT	Rattus norvegicus	vertebrate	proteome	high	0.9981	550	include
kv_modifier	F7FQY5__Ornana	tr|F7FQY5|F7FQY5_ORNAN	Ornithorhynchus anatinus	vertebrate	proteome	medium	0.9346		profile_medium
gabaa	F7FRW4__Ornana	tr|F7FRW4|F7FRW4_ORNAN	Ornithorhynchus anatinus	vertebrate	proteome	high	0.9452	451	include
gabaa	F7FRW7__Ornana	tr|F7FRW7|F7FRW7_ORNAN	Ornithorhynchus anatinus	vertebrate	proteome	high	0.9649	474	include
asic	F7FSU6__Ornana	tr|F7FSU6|F7FSU6_ORNAN	Ornithorhynchus anatinus	vertebrate	proteome	high	0.8868	858	include
p2x	F7FSX2__Mondom	tr|F7FSX2|F7FSX2_MONDO	Monodelphis domestica	vertebrate	proteome	high	0.9318	595	include
kv_shaker	F7FWE6__Ornana	tr|F7FWE6|F7FWE6_ORNAN	Ornithorhynchus anatinus	vertebrate	proteome	high	0.9565	645	include
k2p	F7FY32__Mondom	tr|F7FY32|F7FY32_MONDO	Monodelphis domestica	vertebrate	proteome	high	0.6841	390	include
kv_modifier	F7FYE1__Mondom	tr|F7FYE1|F7FYE1_MONDO	Monodelphis domestica	vertebrate	proteome	high	0.9641	482	include
glyr	F7G2F3__Mondom	tr|F7G2F3|F7G2F3_MONDO	Monodelphis domestica	vertebrate	proteome	high	0.9848	458	include
kv_shaker	F7G3Z7__Ornana	tr|F7G3Z7|F7G3Z7_ORNAN	Ornithorhynchus anatinus	vertebrate	proteome	high	0.8424	497	include
kainate	F7G485__Mondom	tr|F7G485|F7G485_MONDO	Monodelphis domestica	vertebrate	proteome	high	0.9418	859	include
cav	F7G4I5__Mondom	tr|F7G4I5|F7G4I5_MONDO	Monodelphis domestica	vertebrate	proteome	high	1.0	2414	include
lrrc8	F7G4V3__Mondom	tr|F7G4V3|F7G4V3_MONDO	Monodelphis domestica	vertebrate	proteome	high	1.0	800	include
lrrc8	F7G4Z3__Mondom	tr|F7G4Z3|F7G4Z3_MONDO	Monodelphis domestica	vertebrate	proteome	high	0.9988	811	include
connexin	F7G5V2__Mondom	tr|F7G5V2|F7G5V2_MONDO	Monodelphis domestica	vertebrate	proteome	high	0.9936	462	include
nav	F7G6M8__Mondom	tr|F7G6M8|F7G6M8_MONDO	Monodelphis domestica	vertebrate	proteome	high	0.9944	2020	include
kv_eag	F7G6S7__Mondom	tr|F7G6S7|F7G6S7_MONDO	Monodelphis domestica	vertebrate	proteome	high	0.992	1108	include
kv_eag	F7G7A1__Ornana	tr|F7G7A1|F7G7A1_ORNAN	Ornithorhynchus anatinus	vertebrate	proteome	high	0.6221	910	include
trpp	F7G814__Mondom	tr|F7G814|F7G814_MONDO	Monodelphis domestica	vertebrate	proteome	high	0.8699	754	include
kir	F7G9G2__Ornana	tr|F7G9G2|F7G9G2_ORNAN	Ornithorhynchus anatinus	vertebrate	proteome	high	0.9853	427	include
kir	F7G9G5__Ornana	tr|F7G9G5|F7G9G5_ORNAN	Ornithorhynchus anatinus	vertebrate	proteome	high	0.8631	427	include
kv_eag	F7GBB7__Ornana	tr|F7GBB7|F7GBB7_ORNAN	Ornithorhynchus anatinus	vertebrate	proteome	high	0.9701	1096	include
trpm	F7GDX3__Mondom	tr|F7GDX3|F7GDX3_MONDO	Monodelphis domestica	vertebrate	proteome	high	0.9596	1896	include
bestrophin	F7GF92__Mondom	tr|F7GF92|F7GF92_MONDO	Monodelphis domestica	vertebrate	proteome	high	0.7989	487	include
clc_channel	F7GFC3__Mondom	tr|F7GFC3|F7GFC3_MONDO	Monodelphis domestica	vertebrate	proteome	high	0.9796	899	include
trpc	F7GJV8__Mondom	tr|F7GJV8|F7GJV8_MONDO	Monodelphis domestica	vertebrate	proteome	high	0.8743	925	include
nachr	F7GL76__Mondom	tr|F7GL76|F7GL76_MONDO	Monodelphis domestica	vertebrate	proteome	high	0.9752	502	include
kv_eag	G1K854__Anocar	tr|G1K854|G1K854_ANOCA	Anolis carolinensis	vertebrate	proteome	high	0.99	1108	include
kir	G1K877__Anocar	tr|G1K877|G1K877_ANOCA	Anolis carolinensis	vertebrate	proteome	high	0.8778	393	include
kv_shaker	G1K883__Anocar	tr|G1K883|G1K883_ANOCA	Anolis carolinensis	vertebrate	proteome	high	0.8152	585	include
catsper	G1K8B4__Anocar	tr|G1K8B4|G1K8B4_ANOCA	Anolis carolinensis	vertebrate	proteome	high	0.9589	492	include
k2p	G1K8B6__Anocar	tr|G1K8B6|G1K8B6_ANOCA	Anolis carolinensis	vertebrate	proteome	high	0.8507	607	include
mcu	G1K8V1__Anocar	tr|G1K8V1|G1K8V1_ANOCA	Anolis carolinensis	vertebrate	proteome	high	0.9797	352	include
k2p	G1K923__Anocar	tr|G1K923|G1K923_ANOCA	Anolis carolinensis	vertebrate	proteome	high	0.7612	335	include
connexin	G1K942__Anocar	tr|G1K942|G1K942_ANOCA	Anolis carolinensis	vertebrate	proteome	high	0.7653	304	include
kv_modifier	G1K979__Anocar	tr|G1K979|G1K979_ANOCA	Anolis carolinensis	vertebrate	proteome	high	0.903	521	include
lrrc8	G1K985__Anocar	tr|G1K985|G1K985_ANOCA	Anolis carolinensis	vertebrate	proteome	high	0.9988	802	include
kv_modifier	G1K9L4__Anocar	tr|G1K9L4|G1K9L4_ANOCA	Anolis carolinensis	vertebrate	proteome	medium	0.9515		profile_medium
osca_tmem63	G1K9L6__Anocar	tr|G1K9L6|G1K9L6_ANOCA	Anolis carolinensis	vertebrate	proteome	high	0.966	832	include
kv_shaker	G1KA04__Anocar	tr|G1KA04|G1KA04_ANOCA	Anolis carolinensis	vertebrate	proteome	high	0.8623	662	include
k2p	G1KA72__Anocar	tr|G1KA72|G1KA72_ANOCA	Anolis carolinensis	vertebrate	proteome	high	0.704	316	include
k2p	G1KA84__Anocar	tr|G1KA84|G1KA84_ANOCA	Anolis carolinensis	vertebrate	proteome	high	0.6841	294	include
connexin	G1KAD3__Anocar	tr|G1KAD3|G1KAD3_ANOCA	Anolis carolinensis	vertebrate	proteome	high	0.9968	482	include
pannexin	G1KAJ7__Anocar	tr|G1KAJ7|G1KAJ7_ANOCA	Anolis carolinensis	vertebrate	proteome	high	0.991	685	include
connexin	G1KAM8__Anocar	tr|G1KAM8|G1KAM8_ANOCA	Anolis carolinensis	vertebrate	proteome	high	0.9164	306	include
kv_modifier	G1KAW2__Anocar	tr|G1KAW2|G1KAW2_ANOCA	Anolis carolinensis	vertebrate	proteome	medium	0.9325		profile_medium
kv_modifier	G1KBK6__Anocar	tr|G1KBK6|G1KBK6_ANOCA	Anolis carolinensis	vertebrate	proteome	medium	0.8987		profile_medium
kir	G1KD14__Anocar	tr|G1KD14|G1KD14_ANOCA	Anolis carolinensis	vertebrate	proteome	high	0.8142	490	include
trpc	G1KD53__Anocar	tr|G1KD53|G1KD53_ANOCA	Anolis carolinensis	vertebrate	proteome	high	0.8676	842	include
calhm	G1KDA3__Anocar	tr|G1KDA3|G1KDA3_ANOCA	Anolis carolinensis	vertebrate	proteome	high	0.9715	319	include
calhm	G1KDA4__Anocar	tr|G1KDA4|G1KDA4_ANOCA	Anolis carolinensis	vertebrate	proteome	high	0.9209	364	include
trpm	G1KDW7__Anocar	tr|G1KDW7|G1KDW7_ANOCA	Anolis carolinensis	vertebrate	proteome	high	0.9214	1783	include
nmda	G1KEI8__Anocar	tr|G1KEI8|G1KEI8_ANOCA	Anolis carolinensis	vertebrate	proteome	high	0.9284	1419	include
nachr	G1KER0__Anocar	tr|G1KER0|G1KER0_ANOCA	Anolis carolinensis	vertebrate	proteome	high	0.9689	625	include
otop	G1KER1__Anocar	tr|G1KER1|G1KER1_ANOCA	Anolis carolinensis	vertebrate	proteome	high	0.9157	591	include
otop	G1KER9__Anocar	tr|G1KER9|G1KER9_ANOCA	Anolis carolinensis	vertebrate	proteome	high	0.9466	553	include
osca_tmem63	G1KEV2__Anocar	tr|G1KEV2|G1KEV2_ANOCA	Anolis carolinensis	vertebrate	proteome	high	0.9484	802	include
kir	G1KFD2__Anocar	tr|G1KFD2|G1KFD2_ANOCA	Anolis carolinensis	vertebrate	proteome	high	0.802	365	include
connexin	G1KFU5__Anocar	tr|G1KFU5|G1KFU5_ANOCA	Anolis carolinensis	vertebrate	proteome	high	0.9421	418	include
gabaa	G1KG07__Anocar	tr|G1KG07|G1KG07_ANOCA	Anolis carolinensis	vertebrate	proteome	high	0.9912	462	include
kv_shaker	G1KG88__Anocar	tr|G1KG88|G1KG88_ANOCA	Anolis carolinensis	vertebrate	proteome	high	0.6957	372	include
p2x	G1KGM4__Anocar	tr|G1KGM4|G1KGM4_ANOCA	Anolis carolinensis	vertebrate	proteome	high	0.9247	407	include
trpm	G1KH74__Anocar	tr|G1KH74|G1KH74_ANOCA	Anolis carolinensis	vertebrate	proteome	high	0.6014	1098	include
lrrc8	G1KHH8__Anocar	tr|G1KHH8|G1KHH8_ANOCA	Anolis carolinensis	vertebrate	proteome	medium	0.3151		profile_medium
calhm	G1KHQ2__Anocar	tr|G1KHQ2|G1KHQ2_ANOCA	Anolis carolinensis	vertebrate	proteome	high	0.9241	336	include
trpm	G1KI10__Anocar	tr|G1KI10|G1KI10_ANOCA	Anolis carolinensis	vertebrate	proteome	high	0.5883	1372	include
kir	G1KIJ4__Anocar	tr|G1KIJ4|G1KIJ4_ANOCA	Anolis carolinensis	vertebrate	proteome	high	0.9144	423	include
trpm	G1KIK3__Anocar	tr|G1KIK3|G1KIK3_ANOCA	Anolis carolinensis	vertebrate	proteome	high	0.8548	1664	include
ano_channel	G1KIN6__Anocar	tr|G1KIN6|G1KIN6_ANOCA	Anolis carolinensis	vertebrate	proteome	medium	0.3043		profile_medium
gabaa	G1KIQ5__Anocar	tr|G1KIQ5|G1KIQ5_ANOCA	Anolis carolinensis	vertebrate	proteome	medium	0.3706		profile_medium
nav	G1KIU2__Anocar	tr|G1KIU2|G1KIU2_ANOCA	Anolis carolinensis	vertebrate	proteome	high	0.9226	1715	include
lrrc8	G1KJG8__Anocar	tr|G1KJG8|G1KJG8_ANOCA	Anolis carolinensis	vertebrate	proteome	high	0.9988	795	include
cav	G1KJH5__Anocar	tr|G1KJH5|G1KJH5_ANOCA	Anolis carolinensis	vertebrate	proteome	high	0.9096	1841	include
kainate	G1KJL0__Anocar	tr|G1KJL0|G1KJL0_ANOCA	Anolis carolinensis	vertebrate	proteome	high	0.8836	868	include
cng	G1KJT5__Anocar	tr|G1KJT5|G1KJT5_ANOCA	Anolis carolinensis	vertebrate	proteome	high	0.7525	710	include
itpr	G1KJX4__Anocar	tr|G1KJX4|G1KJX4_ANOCA	Anolis carolinensis	vertebrate	proteome	high	0.9797	2702	include
glyr	G1KKB4__Anocar	tr|G1KKB4|G1KKB4_ANOCA	Anolis carolinensis	vertebrate	proteome	high	1.0	455	include
nmda	G1KKS8__Anocar	tr|G1KKS8|G1KKS8_ANOCA	Anolis carolinensis	vertebrate	proteome	high	0.809	1092	include
hcn	G1KL10__Anocar	tr|G1KL10|G1KL10_ANOCA	Anolis carolinensis	vertebrate	proteome	high	0.8211	864	include
gabaa	G1KL18__Anocar	tr|G1KL18|G1KL18_ANOCA	Anolis carolinensis	vertebrate	proteome	high	0.8246	372	include
gabaa	G1KL95__Anocar	tr|G1KL95|G1KL95_ANOCA	Anolis carolinensis	vertebrate	proteome	high	0.9518	462	include
cav	G1KLA9__Anocar	tr|G1KLA9|G1KLA9_ANOCA	Anolis carolinensis	vertebrate	proteome	high	0.5496	1131	include
gabaa	G1KLH0__Anocar	tr|G1KLH0|G1KLH0_ANOCA	Anolis carolinensis	vertebrate	proteome	high	0.8246	415	include
nachr	G1KLI5__Anocar	tr|G1KLI5|G1KLI5_ANOCA	Anolis carolinensis	vertebrate	proteome	high	0.9337	465	include
connexin	G1KLV4__Anocar	tr|G1KLV4|G1KLV4_ANOCA	Anolis carolinensis	vertebrate	proteome	high	0.9936	393	include
itpr	G1KLX9__Anocar	tr|G1KLX9|G1KLX9_ANOCA	Anolis carolinensis	vertebrate	proteome	high	0.9996	2701	include
cng	G1KLY2__Anocar	tr|G1KLY2|G1KLY2_ANOCA	Anolis carolinensis	vertebrate	proteome	high	0.8501	616	include
kv_modifier	G1KM14__Anocar	tr|G1KM14|G1KM14_ANOCA	Anolis carolinensis	vertebrate	proteome	high	0.9198	466	include
trpc	G1KME8__Anocar	tr|G1KME8|G1KME8_ANOCA	Anolis carolinensis	vertebrate	proteome	high	0.8765	938	include
kv_shaker	G1KMP2__Anocar	tr|G1KMP2|G1KMP2_ANOCA	Anolis carolinensis	vertebrate	proteome	high	0.8768	628	include
trpp	G1KMS9__Anocar	tr|G1KMS9|G1KMS9_ANOCA	Anolis carolinensis	vertebrate	proteome	high	0.9901	873	include
mcu	G1KMW1__Anocar	tr|G1KMW1|G1KMW1_ANOCA	Anolis carolinensis	vertebrate	proteome	high	0.8464	458	include
trpc	G1KMX6__Anocar	tr|G1KMX6|G1KMX6_ANOCA	Anolis carolinensis	vertebrate	proteome	high	0.8743	890	include
nav	G1KMZ7__Anocar	tr|G1KMZ7|G1KMZ7_ANOCA	Anolis carolinensis	vertebrate	proteome	high	0.9922	1899	include
trpm	G1KN72__Anocar	tr|G1KN72|G1KN72_ANOCA	Anolis carolinensis	vertebrate	proteome	high	0.5769	1087	include
kv_shaker	G1KNA5__Anocar	tr|G1KNA5|G1KNA5_ANOCA	Anolis carolinensis	vertebrate	proteome	high	0.8333	599	include
k2p	G1KNM0__Anocar	tr|G1KNM0|G1KNM0_ANOCA	Anolis carolinensis	vertebrate	proteome	high	0.9602	539	include
cav	G1KNS0__Anocar	tr|G1KNS0|G1KNS0_ANOCA	Anolis carolinensis	vertebrate	proteome	high	0.961	2027	include
connexin	G1KPB5__Anocar	tr|G1KPB5|G1KPB5_ANOCA	Anolis carolinensis	vertebrate	proteome	high	0.9936	370	include
connexin	G1KPB7__Anocar	tr|G1KPB7|G1KPB7_ANOCA	Anolis carolinensis	vertebrate	proteome	high	0.9936	409	include
k2p	G1KPF9__Anocar	tr|G1KPF9|G1KPF9_ANOCA	Anolis carolinensis	vertebrate	proteome	high	0.8657	412	include
asic	G1KPL3__Anocar	tr|G1KPL3|G1KPL3_ANOCA	Anolis carolinensis	vertebrate	proteome	high	0.9808	538	include
pannexin	G1KPN4__Anocar	tr|G1KPN4|G1KPN4_ANOCA	Anolis carolinensis	vertebrate	proteome	high	0.991	435	include
connexin	G1KPR6__Anocar	tr|G1KPR6|G1KPR6_ANOCA	Anolis carolinensis	vertebrate	proteome	high	0.8907	383	include
connexin	G1KPT6__Anocar	tr|G1KPT6|G1KPT6_ANOCA	Anolis carolinensis	vertebrate	proteome	high	0.9196	520	include
trpa	G1KQ06__Anocar	tr|G1KQ06|G1KQ06_ANOCA	Anolis carolinensis	vertebrate	proteome	high	0.983	1098	include
gabaa	G1KQ59__Anocar	tr|G1KQ59|G1KQ59_ANOCA	Anolis carolinensis	vertebrate	proteome	high	0.9276	467	include
gabaa	G1KQE5__Anocar	tr|G1KQE5|G1KQE5_ANOCA	Anolis carolinensis	vertebrate	proteome	high	0.9605	483	include
gabaa	G1KQK6__Anocar	tr|G1KQK6|G1KQK6_ANOCA	Anolis carolinensis	vertebrate	proteome	high	0.9737	457	include
gabaa	G1KQN9__Anocar	tr|G1KQN9|G1KQN9_ANOCA	Anolis carolinensis	vertebrate	proteome	high	0.9496	477	include
gabaa	G1KR00__Anocar	tr|G1KR00|G1KR00_ANOCA	Anolis carolinensis	vertebrate	proteome	high	0.5987	265	include
kv_shaker	G1KR32__Anocar	tr|G1KR32|G1KR32_ANOCA	Anolis carolinensis	vertebrate	proteome	high	0.8406	573	include
kv_shaker	G1KR33__Anocar	tr|G1KR33|G1KR33_ANOCA	Anolis carolinensis	vertebrate	proteome	high	0.8623	494	include
ryr	G1KRA0__Anocar	tr|G1KRA0|G1KRA0_ANOCA	Anolis carolinensis	vertebrate	proteome	high	0.8575	4281	include
bestrophin	G1KRF2__Anocar	tr|G1KRF2|G1KRF2_ANOCA	Anolis carolinensis	vertebrate	proteome	high	0.8254	497	include
kv_shaker	G1KRX8__Anocar	tr|G1KRX8|G1KRX8_ANOCA	Anolis carolinensis	vertebrate	proteome	high	0.7754	523	include
tpc	G1KRY0__Anocar	tr|G1KRY0|G1KRY0_ANOCA	Anolis carolinensis	vertebrate	proteome	high	0.9254	747	include
ano_channel	G1KS39__Anocar	tr|G1KS39|G1KS39_ANOCA	Anolis carolinensis	vertebrate	proteome	medium	0.3246		profile_medium
kv_modifier	G1KS67__Anocar	tr|G1KS67|G1KS67_ANOCA	Anolis carolinensis	vertebrate	proteome	high	0.9536	477	include
itpr	G1KSL8__Anocar	tr|G1KSL8|G1KSL8_ANOCA	Anolis carolinensis	vertebrate	proteome	high	0.9978	2659	include
glyr	G1KT50__Anocar	tr|G1KT50|G1KT50_ANOCA	Anolis carolinensis	vertebrate	proteome	high	0.9762	497	include
asic	G1KTA4__Anocar	tr|G1KTA4|G1KTA4_ANOCA	Anolis carolinensis	vertebrate	proteome	high	0.8772	490	include
trpp	G1KTH6__Anocar	tr|G1KTH6|G1KTH6_ANOCA	Anolis carolinensis	vertebrate	proteome	high	0.6431	627	include
kir	G1KTJ8__Anocar	tr|G1KTJ8|G1KTJ8_ANOCA	Anolis carolinensis	vertebrate	proteome	high	0.9682	421	include
nav	G1KTT0__Anocar	tr|G1KTT0|G1KTT0_ANOCA	Anolis carolinensis	vertebrate	proteome	high	0.9978	1985	include
trpc	G1KU62__Anocar	tr|G1KU62|G1KU62_ANOCA	Anolis carolinensis	vertebrate	proteome	high	0.9633	976	include
kv_eag	G1KUL0__Anocar	tr|G1KUL0|G1KUL0_ANOCA	Anolis carolinensis	vertebrate	proteome	high	0.988	1051	include
lrrc8	G1KUQ0__Anocar	tr|G1KUQ0|G1KUQ0_ANOCA	Anolis carolinensis	vertebrate	proteome	high	0.9988	860	include
gabaa	G1KUR6__Anocar	tr|G1KUR6|G1KUR6_ANOCA	Anolis carolinensis	vertebrate	proteome	high	0.9232	439	include
kv_shaker	G1KUR8__Anocar	tr|G1KUR8|G1KUR8_ANOCA	Anolis carolinensis	vertebrate	proteome	high	0.8659	499	include
nalcn	G1KVE7__Anocar	tr|G1KVE7|G1KVE7_ANOCA	Anolis carolinensis	vertebrate	proteome	high	0.8527	1501	include
kv_shaker	G1KVS5__Anocar	tr|G1KVS5|G1KVS5_ANOCA	Anolis carolinensis	vertebrate	proteome	medium	0.3315		profile_medium
gabaa	G1KW27__Anocar	tr|G1KW27|G1KW27_ANOCA	Anolis carolinensis	vertebrate	proteome	high	0.9803	489	include
gabaa	G1KWC7__Anocar	tr|G1KWC7|G1KWC7_ANOCA	Anolis carolinensis	vertebrate	proteome	high	0.9518	449	include
k2p	G1KWT8__Anocar	tr|G1KWT8|G1KWT8_ANOCA	Anolis carolinensis	vertebrate	proteome	high	0.8383	400	include
kv_shaker	G1KYA0__Anocar	tr|G1KYA0|G1KYA0_ANOCA	Anolis carolinensis	vertebrate	proteome	medium	0.9203		profile_medium
lrrc8	G1KZ23__Anocar	tr|G1KZ23|G1KZ23_ANOCA	Anolis carolinensis	vertebrate	proteome	high	0.9963	802	include
connexin	G1KZB2__Anocar	tr|G1KZB2|G1KZB2_ANOCA	Anolis carolinensis	vertebrate	proteome	high	0.9968	382	include
connexin	G3V7K4__Ratnor	tr|G3V7K4|G3V7K4_RAT	Rattus norvegicus	vertebrate	proteome	high	0.6367	205	include
connexin	G3V8D7__Ratnor	tr|G3V8D7|G3V8D7_RAT	Rattus norvegicus	vertebrate	proteome	high	0.8328	361	include
cav	G3V9W8__Ratnor	tr|G3V9W8|G3V9W8_RAT	Rattus norvegicus	vertebrate	proteome	high	0.9409	1980	include
nachr	G3X8Z7__Musmus	tr|G3X8Z7|G3X8Z7_MOUSE	Mus musculus	vertebrate	proteome	high	0.9669	479	include
otop	G4SFC1__Caeele	tr|G4SFC1|G4SFC1_CAEEL	Caenorhabditis elegans	invertebrate	proteome	high	0.7143	572	include
k2p	G5EBQ2__Caeele	tr|G5EBQ2|G5EBQ2_CAEEL	Caenorhabditis elegans	invertebrate	proteome	high	0.5896	733	include
kv_shaker	G5EC00__Caeele	tr|G5EC00|G5EC00_CAEEL	Caenorhabditis elegans	invertebrate	proteome	medium	0.7554		profile_medium
plgic_invertebrate	G5ECH3__Caeele	tr|G5ECH3|G5ECH3_CAEEL	Caenorhabditis elegans	invertebrate	proteome	high	0.9257	657	include
trpm	G5ECM4__Caeele	tr|G5ECM4|G5ECM4_CAEEL	Caenorhabditis elegans	invertebrate	proteome	high	0.7415	1694	include
gabaa	G5ECN1__Caeele	tr|G5ECN1|G5ECN1_CAEEL	Caenorhabditis elegans	invertebrate	proteome	medium	0.9496		profile_medium
k2p	G5ED42__Caeele	tr|G5ED42|G5ED42_CAEEL	Caenorhabditis elegans	invertebrate	proteome	high	0.6542	555	include
nalcn	G5EDM1__Caeele	tr|G5EDM1|G5EDM1_CAEEL	Caenorhabditis elegans	invertebrate	proteome	high	0.9028	1785	include
trpv	G5EDR9__Caeele	tr|G5EDR9|G5EDR9_CAEEL	Caenorhabditis elegans	invertebrate	proteome	high	0.7152	850	include
otop	G5EDX5__Caeele	tr|G5EDX5|G5EDX5_CAEEL	Caenorhabditis elegans	invertebrate	proteome	high	0.5559	619	include
nachr	G5EE87__Caeele	tr|G5EE87|G5EE87_CAEEL	Caenorhabditis elegans	invertebrate	proteome	high	0.9172	675	include
gabaa	G5EEC1__Caeele	tr|G5EEC1|G5EEC1_CAEEL	Caenorhabditis elegans	invertebrate	proteome	medium	0.9254		profile_medium
cng	G5EEE2__Caeele	tr|G5EEE2|G5EEE2_CAEEL	Caenorhabditis elegans	invertebrate	proteome	high	0.8543	800	include
k2p	G5EEH1__Caeele	tr|G5EEH1|G5EEH1_CAEEL	Caenorhabditis elegans	invertebrate	proteome	medium	0.4577		profile_medium
nmda	G5EEH3__Caeele	tr|G5EEH3|G5EEH3_CAEEL	Caenorhabditis elegans	invertebrate	proteome	high	0.7673	990	include
gabaa	G5EEX8__Caeele	tr|G5EEX8|G5EEX8_CAEEL	Caenorhabditis elegans	invertebrate	proteome	medium	0.7719		profile_medium
trpc	G5EF09__Caeele	tr|G5EF09|G5EF09_CAEEL	Caenorhabditis elegans	invertebrate	proteome	high	0.7319	854	include
kca_sk	G5EFI1__Caeele	tr|G5EFI1|G5EFI1_CAEEL	Caenorhabditis elegans	invertebrate	proteome	high	0.8162	792	include
nachr	G5EG72__Caeele	tr|G5EG72|G5EG72_CAEEL	Caenorhabditis elegans	invertebrate	proteome	high	0.9337	510	include
k2p	G5EG92__Caeele	tr|G5EG92|G5EG92_CAEEL	Caenorhabditis elegans	invertebrate	proteome	high	0.5995	683	include
clc_channel	G5EG93__Caeele	tr|G5EG93|G5EG93_CAEEL	Caenorhabditis elegans	invertebrate	proteome	high	0.9025	878	include
k2p	G5EGD4__Caeele	tr|G5EGD4|G5EGD4_CAEEL	Caenorhabditis elegans	invertebrate	proteome	high	0.6144	558	include
asic	G5EGI5__Caeele	tr|G5EGI5|G5EGI5_CAEEL	Caenorhabditis elegans	invertebrate	proteome	high	0.8733	638	include
nachr	G5EGR1__Caeele	tr|G5EGR1|G5EGR1_CAEEL	Caenorhabditis elegans	invertebrate	proteome	high	0.6791	434	include
trpml	G8JY13__Caeele	tr|G8JY13|G8JY13_CAEEL	Caenorhabditis elegans	invertebrate	proteome	high	0.8739	668	include
innexin	G8JY32__Caeele	tr|G8JY32|G8JY32_CAEEL	Caenorhabditis elegans	invertebrate	proteome	high	0.7656	428	include
k2p	G8JY60__Caeele	tr|G8JY60|G8JY60_CAEEL	Caenorhabditis elegans	invertebrate	proteome	high	0.6443	576	include
cav	G8JY72__Caeele	tr|G8JY72|G8JY72_CAEEL	Caenorhabditis elegans	invertebrate	proteome	high	0.7257	1885	include
nachr	H2KML8__Caeele	tr|H2KML8|H2KML8_CAEEL	Caenorhabditis elegans	invertebrate	proteome	high	0.9193	578	include
innexin	H2KYH7__Caeele	tr|H2KYH7|H2KYH7_CAEEL	Caenorhabditis elegans	invertebrate	proteome	high	0.7399	436	include
gabaa	H2KYN9__Caeele	tr|H2KYN9|H2KYN9_CAEEL	Caenorhabditis elegans	invertebrate	proteome	medium	0.9276		profile_medium
k2p	H2KZ66__Caeele	tr|H2KZ66|H2KZ66_CAEEL	Caenorhabditis elegans	invertebrate	proteome	high	0.8731	1720	include
nachr	H2KZY7__Caeele	tr|H2KZY7|H2KZY7_CAEEL	Caenorhabditis elegans	invertebrate	proteome	medium	0.6335		profile_medium
clc_channel	H2L0J1__Caeele	tr|H2L0J1|H2L0J1_CAEEL	Caenorhabditis elegans	invertebrate	proteome	high	0.8673	1085	include
k2p	H2L2J8__Caeele	tr|H2L2J8|H2L2J8_CAEEL	Caenorhabditis elegans	invertebrate	proteome	high	0.6343	436	include
calhm	H2RKV1__Takrub	tr|H2RKV1|H2RKV1_TAKRU	Takifugu rubripes	vertebrate	proteome	high	0.9304	329	include
ampa	H2RNH1__Takrub	tr|H2RNH1|H2RNH1_TAKRU	Takifugu rubripes	vertebrate	proteome	high	0.9856	942	include
p2x	H2RPY1__Takrub	tr|H2RPY1|H2RPY1_TAKRU	Takifugu rubripes	vertebrate	proteome	high	0.9435	460	include
nachr	H2RRE7__Takrub	tr|H2RRE7|H2RRE7_TAKRU	Takifugu rubripes	vertebrate	proteome	high	0.8861	566	include
kv_modifier	H2RTJ7__Takrub	tr|H2RTJ7|H2RTJ7_TAKRU	Takifugu rubripes	vertebrate	proteome	high	0.8734	545	include
gabaa	H2RU34__Takrub	tr|H2RU34|H2RU34_TAKRU	Takifugu rubripes	vertebrate	proteome	high	0.9737	548	include
kv_shaker	H2RUB2__Takrub	tr|H2RUB2|H2RUB2_TAKRU	Takifugu rubripes	vertebrate	proteome	high	0.6757	440	include
nachr	H2RV68__Takrub	tr|H2RV68|H2RV68_TAKRU	Takifugu rubripes	vertebrate	proteome	high	0.8551	493	include
kir	H2RVM1__Takrub	tr|H2RVM1|H2RVM1_TAKRU	Takifugu rubripes	vertebrate	proteome	high	0.7628	363	include
connexin	H2RWK6__Takrub	tr|H2RWK6|H2RWK6_TAKRU	Takifugu rubripes	vertebrate	proteome	high	0.791	472	include
ht3	H2RZT2__Takrub	tr|H2RZT2|H2RZT2_TAKRU	Takifugu rubripes	vertebrate	proteome	high	0.9338	427	include
ht3	H2RZT3__Takrub	tr|H2RZT3|H2RZT3_TAKRU	Takifugu rubripes	vertebrate	proteome	high	0.7925	431	include
cav	H2RZU8__Takrub	tr|H2RZU8|H2RZU8_TAKRU	Takifugu rubripes	vertebrate	proteome	high	0.9368	2263	include
cng	H2S0B3__Takrub	tr|H2S0B3|H2S0B3_TAKRU	Takifugu rubripes	vertebrate	proteome	high	0.744	773	include
lrrc8	H2S199__Takrub	tr|H2S199|H2S199_TAKRU	Takifugu rubripes	vertebrate	proteome	high	0.9988	848	include
trpml	H2S2I2__Takrub	tr|H2S2I2|H2S2I2_TAKRU	Takifugu rubripes	vertebrate	proteome	high	0.937	562	include
k2p	H2S367__Takrub	tr|H2S367|H2S367_TAKRU	Takifugu rubripes	vertebrate	proteome	high	0.7438	368	include
kir	H2S3P1__Takrub	tr|H2S3P1|H2S3P1_TAKRU	Takifugu rubripes	vertebrate	proteome	high	0.9756	427	include
kir	H2S4A3__Takrub	tr|H2S4A3|H2S4A3_TAKRU	Takifugu rubripes	vertebrate	proteome	high	0.8631	428	include
connexin	H2S6C0__Takrub	tr|H2S6C0|H2S6C0_TAKRU	Takifugu rubripes	vertebrate	proteome	high	0.7363	234	include
connexin	H2S6C2__Takrub	tr|H2S6C2|H2S6C2_TAKRU	Takifugu rubripes	vertebrate	proteome	high	0.7363	246	include
kv_shaker	H2S7B8__Takrub	tr|H2S7B8|H2S7B8_TAKRU	Takifugu rubripes	vertebrate	proteome	high	0.904	599	include
k2p	H2S8T6__Takrub	tr|H2S8T6|H2S8T6_TAKRU	Takifugu rubripes	vertebrate	proteome	high	0.8632	426	include
lrrc8	H2S8U7__Takrub	tr|H2S8U7|H2S8U7_TAKRU	Takifugu rubripes	vertebrate	proteome	high	0.9851	862	include
kv_shaker	H2S8X6__Takrub	tr|H2S8X6|H2S8X6_TAKRU	Takifugu rubripes	vertebrate	proteome	high	0.8279	596	include
nachr	H2S970__Takrub	tr|H2S970|H2S970_TAKRU	Takifugu rubripes	vertebrate	proteome	high	0.9607	530	include
nachr	H2SB63__Takrub	tr|H2SB63|H2SB63_TAKRU	Takifugu rubripes	vertebrate	proteome	high	0.9731	518	include
nachr	H2SB69__Takrub	tr|H2SB69|H2SB69_TAKRU	Takifugu rubripes	vertebrate	proteome	high	0.7557	489	include
nachr	H2SCW4__Takrub	tr|H2SCW4|H2SCW4_TAKRU	Takifugu rubripes	vertebrate	proteome	high	0.9545	480	include
gabaa	H2SD05__Takrub	tr|H2SD05|H2SD05_TAKRU	Takifugu rubripes	vertebrate	proteome	high	0.9452	512	include
piezo	H2SEC0__Takrub	tr|H2SEC0|H2SEC0_TAKRU	Takifugu rubripes	vertebrate	proteome	medium	0.4981		profile_medium
trpv	H2SFF1__Takrub	tr|H2SFF1|H2SFF1_TAKRU	Takifugu rubripes	vertebrate	proteome	high	0.7891	715	include
connexin	H2SGG0__Takrub	tr|H2SGG0|H2SGG0_TAKRU	Takifugu rubripes	vertebrate	proteome	high	0.7878	258	include
kv_shaker	H2SIL4__Takrub	tr|H2SIL4|H2SIL4_TAKRU	Takifugu rubripes	vertebrate	proteome	medium	0.8388		profile_medium
kainate	H2SJS1__Takrub	tr|H2SJS1|H2SJS1_TAKRU	Takifugu rubripes	vertebrate	proteome	high	0.9374	1093	include
connexin	H2SJV2__Takrub	tr|H2SJV2|H2SJV2_TAKRU	Takifugu rubripes	vertebrate	proteome	high	0.9582	385	include
connexin	H2SK18__Takrub	tr|H2SK18|H2SK18_TAKRU	Takifugu rubripes	vertebrate	proteome	high	0.8135	306	include
hcn	H2SKR7__Takrub	tr|H2SKR7|H2SKR7_TAKRU	Takifugu rubripes	vertebrate	proteome	high	0.9668	1166	include
kv_eag	H2SLB2__Takrub	tr|H2SLB2|H2SLB2_TAKRU	Takifugu rubripes	vertebrate	proteome	high	0.9422	1029	include
ampa	H2SM94__Takrub	tr|H2SM94|H2SM94_TAKRU	Takifugu rubripes	vertebrate	proteome	high	0.9945	939	include
k2p	H2SMM2__Takrub	tr|H2SMM2|H2SMM2_TAKRU	Takifugu rubripes	vertebrate	proteome	high	0.699	310	include
gabaa	H2SMX8__Takrub	tr|H2SMX8|H2SMX8_TAKRU	Takifugu rubripes	vertebrate	proteome	high	0.9452	485	include
gabaa	H2SN49__Takrub	tr|H2SN49|H2SN49_TAKRU	Takifugu rubripes	vertebrate	proteome	high	0.7763	465	include
nav	H2SNA0__Takrub	tr|H2SNA0|H2SNA0_TAKRU	Takifugu rubripes	vertebrate	proteome	high	0.9961	1937	include
nachr	H2SNK6__Takrub	tr|H2SNK6|H2SNK6_TAKRU	Takifugu rubripes	vertebrate	proteome	high	0.8095	432	include
nachr	H2SNN4__Takrub	tr|H2SNN4|H2SNN4_TAKRU	Takifugu rubripes	vertebrate	proteome	high	0.9855	545	include
connexin	H2SPA6__Takrub	tr|H2SPA6|H2SPA6_TAKRU	Takifugu rubripes	vertebrate	proteome	high	0.7395	315	include
itpr	H2SPX2__Takrub	tr|H2SPX2|H2SPX2_TAKRU	Takifugu rubripes	vertebrate	proteome	high	0.9978	2679	include
gabaa	H2SQA4__Takrub	tr|H2SQA4|H2SQA4_TAKRU	Takifugu rubripes	vertebrate	proteome	high	0.9825	473	include
kir	H2SRX9__Takrub	tr|H2SRX9|H2SRX9_TAKRU	Takifugu rubripes	vertebrate	proteome	high	0.9022	416	include
connexin	H2SSL2__Takrub	tr|H2SSL2|H2SSL2_TAKRU	Takifugu rubripes	vertebrate	proteome	high	0.8907	422	include
kv_modifier	H2SSX9__Takrub	tr|H2SSX9|H2SSX9_TAKRU	Takifugu rubripes	vertebrate	proteome	medium	0.8671		profile_medium
nachr	H2SSZ1__Takrub	tr|H2SSZ1|H2SSZ1_TAKRU	Takifugu rubripes	vertebrate	proteome	high	0.9524	472	include
kv_modifier	H2ST45__Takrub	tr|H2ST45|H2ST45_TAKRU	Takifugu rubripes	vertebrate	proteome	high	0.9008	518	include
kv_shaker	H2SUA8__Takrub	tr|H2SUA8|H2SUA8_TAKRU	Takifugu rubripes	vertebrate	proteome	medium	0.9402		profile_medium
cng	H2SUH5__Takrub	tr|H2SUH5|H2SUH5_TAKRU	Takifugu rubripes	vertebrate	proteome	high	0.9448	655	include
connexin	H2SUJ6__Takrub	tr|H2SUJ6|H2SUJ6_TAKRU	Takifugu rubripes	vertebrate	proteome	high	0.8199	335	include
cav	H2SUM0__Takrub	tr|H2SUM0|H2SUM0_TAKRU	Takifugu rubripes	vertebrate	proteome	high	0.9784	2372	include
kv_modifier	H2SUR6__Takrub	tr|H2SUR6|H2SUR6_TAKRU	Takifugu rubripes	vertebrate	proteome	medium	0.8755		profile_medium
calhm	H2SVD0__Takrub	tr|H2SVD0|H2SVD0_TAKRU	Takifugu rubripes	vertebrate	proteome	high	0.9652	310	include
tpc	H2SVD9__Takrub	tr|H2SVD9|H2SVD9_TAKRU	Takifugu rubripes	vertebrate	proteome	high	0.9097	727	include
pannexin	H2SW28__Takrub	tr|H2SW28|H2SW28_TAKRU	Takifugu rubripes	vertebrate	proteome	high	0.905	435	include
nachr	H2SW50__Takrub	tr|H2SW50|H2SW50_TAKRU	Takifugu rubripes	vertebrate	proteome	high	0.9689	514	include
nmda	H2SX39__Takrub	tr|H2SX39|H2SX39_TAKRU	Takifugu rubripes	vertebrate	proteome	high	0.7519	1960	include
tric	H2SXH9__Takrub	tr|H2SXH9|H2SXH9_TAKRU	Takifugu rubripes	vertebrate	proteome	high	1.0	292	include
gabaa	H2SYS5__Takrub	tr|H2SYS5|H2SYS5_TAKRU	Takifugu rubripes	vertebrate	proteome	high	0.9298	450	include
kir	H2SZ34__Takrub	tr|H2SZ34|H2SZ34_TAKRU	Takifugu rubripes	vertebrate	proteome	high	0.8264	384	include
cav	H2T0F2__Takrub	tr|H2T0F2|H2T0F2_TAKRU	Takifugu rubripes	vertebrate	proteome	high	0.7242	1746	include
kir	H2T0K6__Takrub	tr|H2T0K6|H2T0K6_TAKRU	Takifugu rubripes	vertebrate	proteome	high	0.8386	439	include
kir	H2T1X0__Takrub	tr|H2T1X0|H2T1X0_TAKRU	Takifugu rubripes	vertebrate	proteome	high	0.8851	495	include
bestrophin	H2T2R9__Takrub	tr|H2T2R9|H2T2R9_TAKRU	Takifugu rubripes	vertebrate	proteome	none	0.1917		no_profile_call
trpm	H2T3X9__Takrub	tr|H2T3X9|H2T3X9_TAKRU	Takifugu rubripes	vertebrate	proteome	high	0.7585	1397	include
connexin	H2T4Y1__Takrub	tr|H2T4Y1|H2T4Y1_TAKRU	Takifugu rubripes	vertebrate	proteome	high	0.8907	481	include
connexin	H2T4Y9__Takrub	tr|H2T4Y9|H2T4Y9_TAKRU	Takifugu rubripes	vertebrate	proteome	high	0.7846	258	include
kv_modifier	H2T5G0__Takrub	tr|H2T5G0|H2T5G0_TAKRU	Takifugu rubripes	vertebrate	proteome	medium	0.9367		profile_medium
nachr	H2T5I5__Takrub	tr|H2T5I5|H2T5I5_TAKRU	Takifugu rubripes	vertebrate	proteome	high	0.9586	550	include
kir	H2T831__Takrub	tr|H2T831|H2T831_TAKRU	Takifugu rubripes	vertebrate	proteome	medium	0.4914		profile_medium
kir	H2T950__Takrub	tr|H2T950|H2T950_TAKRU	Takifugu rubripes	vertebrate	proteome	high	0.8949	421	include
kv_shaker	H2T9K1__Takrub	tr|H2T9K1|H2T9K1_TAKRU	Takifugu rubripes	vertebrate	proteome	high	0.8841	667	include
k2p	H2TAP3__Takrub	tr|H2TAP3|H2TAP3_TAKRU	Takifugu rubripes	vertebrate	proteome	high	0.7413	432	include
k2p	H2TAR7__Takrub	tr|H2TAR7|H2TAR7_TAKRU	Takifugu rubripes	vertebrate	proteome	high	0.791	391	include
kir	H2TBH2__Takrub	tr|H2TBH2|H2TBH2_TAKRU	Takifugu rubripes	vertebrate	proteome	high	0.8068	432	include
p2x	H2TBV4__Takrub	tr|H2TBV4|H2TBV4_TAKRU	Takifugu rubripes	vertebrate	proteome	high	0.9271	400	include
p2x	H2TBX6__Takrub	tr|H2TBX6|H2TBX6_TAKRU	Takifugu rubripes	vertebrate	proteome	high	0.9388	577	include
gabaa	H2TC72__Takrub	tr|H2TC72|H2TC72_TAKRU	Takifugu rubripes	vertebrate	proteome	high	0.9474	446	include
tric	H2TCA9__Takrub	tr|H2TCA9|H2TCA9_TAKRU	Takifugu rubripes	vertebrate	proteome	high	0.9559	316	include
hv1	H2TEC7__Takrub	tr|H2TEC7|H2TEC7_TAKRU	Takifugu rubripes	vertebrate	proteome	high	0.6824	526	include
trpv	H2TER5__Takrub	tr|H2TER5|H2TER5_TAKRU	Takifugu rubripes	vertebrate	proteome	high	0.8903	719	include
kir	H2TFE7__Takrub	tr|H2TFE7|H2TFE7_TAKRU	Takifugu rubripes	vertebrate	proteome	high	0.7653	338	include
kir	H2TFZ2__Takrub	tr|H2TFZ2|H2TFZ2_TAKRU	Takifugu rubripes	vertebrate	proteome	high	0.8337	382	include
k2p	H2TG43__Takrub	tr|H2TG43|H2TG43_TAKRU	Takifugu rubripes	vertebrate	proteome	high	0.8532	495	include
kca_sk	H2TG67__Takrub	tr|H2TG67|H2TG67_TAKRU	Takifugu rubripes	vertebrate	proteome	high	0.8526	542	include
trpc	H2TGM5__Takrub	tr|H2TGM5|H2TGM5_TAKRU	Takifugu rubripes	vertebrate	proteome	high	0.8799	1052	include
asic	H2TIR7__Takrub	tr|H2TIR7|H2TIR7_TAKRU	Takifugu rubripes	vertebrate	proteome	high	0.9655	547	include
itpr	H2TJZ0__Takrub	tr|H2TJZ0|H2TJZ0_TAKRU	Takifugu rubripes	vertebrate	proteome	high	0.9996	2743	include
itpr	H2TJZ1__Takrub	tr|H2TJZ1|H2TJZ1_TAKRU	Takifugu rubripes	vertebrate	proteome	high	0.9996	2728	include
kir	H2TK24__Takrub	tr|H2TK24|H2TK24_TAKRU	Takifugu rubripes	vertebrate	proteome	high	0.8973	422	include
glyr	H2TLS6__Takrub	tr|H2TLS6|H2TLS6_TAKRU	Takifugu rubripes	vertebrate	proteome	high	0.8268	451	include
nachr	H2TM15__Takrub	tr|H2TM15|H2TM15_TAKRU	Takifugu rubripes	vertebrate	proteome	high	0.8944	640	include
nachr	H2TMB6__Takrub	tr|H2TMB6|H2TMB6_TAKRU	Takifugu rubripes	vertebrate	proteome	high	0.9586	526	include
cng	H2TMF3__Takrub	tr|H2TMF3|H2TMF3_TAKRU	Takifugu rubripes	vertebrate	proteome	high	0.8501	631	include
pannexin	H2TPU6__Takrub	tr|H2TPU6|H2TPU6_TAKRU	Takifugu rubripes	vertebrate	proteome	high	0.9027	382	include
kv_modifier	H2TT92__Takrub	tr|H2TT92|H2TT92_TAKRU	Takifugu rubripes	vertebrate	proteome	high	0.9494	479	include
ano_channel	H2TU19__Takrub	tr|H2TU19|H2TU19_TAKRU	Takifugu rubripes	vertebrate	proteome	high	0.8734	980	include
kv_shaker	H2TUB9__Takrub	tr|H2TUB9|H2TUB9_TAKRU	Takifugu rubripes	vertebrate	proteome	high	0.8388	531	include
kv_shaker	H2TUC4__Takrub	tr|H2TUC4|H2TUC4_TAKRU	Takifugu rubripes	vertebrate	proteome	medium	0.4982		profile_medium
kv_shaker	H2TUH4__Takrub	tr|H2TUH4|H2TUH4_TAKRU	Takifugu rubripes	vertebrate	proteome	high	0.7591	568	include
kv_eag	H2TV30__Takrub	tr|H2TV30|H2TV30_TAKRU	Takifugu rubripes	vertebrate	proteome	high	0.9821	1223	include
trpm	H2TVL8__Takrub	tr|H2TVL8|H2TVL8_TAKRU	Takifugu rubripes	vertebrate	proteome	high	0.6851	1257	include
trpp	H2TX05__Takrub	tr|H2TX05|H2TX05_TAKRU	Takifugu rubripes	vertebrate	proteome	high	0.9876	901	include
glyr	H2TYC3__Takrub	tr|H2TYC3|H2TYC3_TAKRU	Takifugu rubripes	vertebrate	proteome	high	0.9177	456	include
kv_modifier	H2TYE8__Takrub	tr|H2TYE8|H2TYE8_TAKRU	Takifugu rubripes	vertebrate	proteome	high	0.9283	519	include
otop	H2U2N4__Takrub	tr|H2U2N4|H2U2N4_TAKRU	Takifugu rubripes	vertebrate	proteome	high	0.9793	633	include
kir	H2U443__Takrub	tr|H2U443|H2U443_TAKRU	Takifugu rubripes	vertebrate	proteome	high	0.8778	399	include
kir	H2U445__Takrub	tr|H2U445|H2U445_TAKRU	Takifugu rubripes	vertebrate	proteome	high	0.9487	439	include
connexin	H2U510__Takrub	tr|H2U510|H2U510_TAKRU	Takifugu rubripes	vertebrate	proteome	high	0.7042	264	include
lrrc8	H2U6A1__Takrub	tr|H2U6A1|H2U6A1_TAKRU	Takifugu rubripes	vertebrate	proteome	high	0.9975	795	include
lrrc8	H2U6A2__Takrub	tr|H2U6A2|H2U6A2_TAKRU	Takifugu rubripes	vertebrate	proteome	high	0.9988	852	include
orai	H2U6Z3__Takrub	tr|H2U6Z3|H2U6Z3_TAKRU	Takifugu rubripes	vertebrate	proteome	high	0.9148	1411	include
kv_modifier	H2U704__Takrub	tr|H2U704|H2U704_TAKRU	Takifugu rubripes	vertebrate	proteome	high	0.943	538	include
connexin	H2U7J4__Takrub	tr|H2U7J4|H2U7J4_TAKRU	Takifugu rubripes	vertebrate	proteome	high	0.746	254	include
nachr	H2U8B2__Takrub	tr|H2U8B2|H2U8B2_TAKRU	Takifugu rubripes	vertebrate	proteome	high	0.9752	538	include
ht3	H2U8T4__Takrub	tr|H2U8T4|H2U8T4_TAKRU	Takifugu rubripes	vertebrate	proteome	high	0.7925	419	include
kv_shaker	H2U9U7__Takrub	tr|H2U9U7|H2U9U7_TAKRU	Takifugu rubripes	vertebrate	proteome	high	0.9112	650	include
k2p	H2UA22__Takrub	tr|H2UA22|H2UA22_TAKRU	Takifugu rubripes	vertebrate	proteome	high	0.7861	430	include
kca_slo	H2UA63__Takrub	tr|H2UA63|H2UA63_TAKRU	Takifugu rubripes	vertebrate	proteome	high	0.8903	1145	include
kv_shaker	H2UA67__Takrub	tr|H2UA67|H2UA67_TAKRU	Takifugu rubripes	vertebrate	proteome	high	0.7645	524	include
p2x	H2UAE9__Takrub	tr|H2UAE9|H2UAE9_TAKRU	Takifugu rubripes	vertebrate	proteome	high	0.8894	389	include
nmda	H2UAY4__Takrub	tr|H2UAY4|H2UAY4_TAKRU	Takifugu rubripes	vertebrate	proteome	high	0.734	1009	include
trpc	H2UBH9__Takrub	tr|H2UBH9|H2UBH9_TAKRU	Takifugu rubripes	vertebrate	proteome	high	0.96	1087	include
k2p	H2UBP4__Takrub	tr|H2UBP4|H2UBP4_TAKRU	Takifugu rubripes	vertebrate	proteome	high	0.8682	410	include
kv_shaker	H2UBT9__Takrub	tr|H2UBT9|H2UBT9_TAKRU	Takifugu rubripes	vertebrate	proteome	high	0.962	638	include
k2p	H2UCS4__Takrub	tr|H2UCS4|H2UCS4_TAKRU	Takifugu rubripes	vertebrate	proteome	high	0.9527	572	include
kir	H2UD82__Takrub	tr|H2UD82|H2UD82_TAKRU	Takifugu rubripes	vertebrate	proteome	high	0.8117	432	include
tpc	H2UDP9__Takrub	tr|H2UDP9|H2UDP9_TAKRU	Takifugu rubripes	vertebrate	proteome	high	0.7605	730	include
kainate	H2UGQ5__Takrub	tr|H2UGQ5|H2UGQ5_TAKRU	Takifugu rubripes	vertebrate	proteome	medium	0.4885		profile_medium
calhm	H2UHH3__Takrub	tr|H2UHH3|H2UHH3_TAKRU	Takifugu rubripes	vertebrate	proteome	high	0.9241	351	include
k2p	H2UHK3__Takrub	tr|H2UHK3|H2UHK3_TAKRU	Takifugu rubripes	vertebrate	proteome	high	0.8657	449	include
otop	H2UI65__Takrub	tr|H2UI65|H2UI65_TAKRU	Takifugu rubripes	vertebrate	proteome	high	0.9518	593	include
connexin	H2UIE6__Takrub	tr|H2UIE6|H2UIE6_TAKRU	Takifugu rubripes	vertebrate	proteome	high	0.7653	304	include
cng	H2ULR2__Takrub	tr|H2ULR2|H2ULR2_TAKRU	Takifugu rubripes	vertebrate	proteome	high	0.7878	703	include
kainate	H2UMS1__Takrub	tr|H2UMS1|H2UMS1_TAKRU	Takifugu rubripes	vertebrate	proteome	high	0.9177	855	include
connexin	H2UN98__Takrub	tr|H2UN98|H2UN98_TAKRU	Takifugu rubripes	vertebrate	proteome	high	0.791	273	include
osca_tmem63	H2UNH8__Takrub	tr|H2UNH8|H2UNH8_TAKRU	Takifugu rubripes	vertebrate	proteome	high	0.9497	776	include
kv_eag	H2US27__Takrub	tr|H2US27|H2US27_TAKRU	Takifugu rubripes	vertebrate	proteome	high	0.8784	1124	include
nav	H2UT88__Takrub	tr|H2UT88|H2UT88_TAKRU	Takifugu rubripes	vertebrate	proteome	high	0.9938	1968	include
connexin	H2UTH5__Takrub	tr|H2UTH5|H2UTH5_TAKRU	Takifugu rubripes	vertebrate	proteome	high	0.7846	266	include
connexin	H2UTI4__Takrub	tr|H2UTI4|H2UTI4_TAKRU	Takifugu rubripes	vertebrate	proteome	high	0.7203	230	include
p2x	H2UU74__Takrub	tr|H2UU74|H2UU74_TAKRU	Takifugu rubripes	vertebrate	proteome	high	0.8871	415	include
glyr	H2UUN0__Takrub	tr|H2UUN0|H2UUN0_TAKRU	Takifugu rubripes	vertebrate	proteome	high	0.9286	497	include
kv_modifier	H2UW25__Takrub	tr|H2UW25|H2UW25_TAKRU	Takifugu rubripes	vertebrate	proteome	medium	0.8987		profile_medium
cav	H2UWT8__Takrub	tr|H2UWT8|H2UWT8_TAKRU	Takifugu rubripes	vertebrate	proteome	high	0.9096	1905	include
k2p	H2UWV2__Takrub	tr|H2UWV2|H2UWV2_TAKRU	Takifugu rubripes	vertebrate	proteome	high	0.796	420	include
tpc	H2UX12__Takrub	tr|H2UX12|H2UX12_TAKRU	Takifugu rubripes	vertebrate	proteome	high	0.9385	825	include
trpm	H2UXP9__Takrub	tr|H2UXP9|H2UXP9_TAKRU	Takifugu rubripes	vertebrate	proteome	high	0.6241	1092	include
kv_shaker	H2UYF5__Takrub	tr|H2UYF5|H2UYF5_TAKRU	Takifugu rubripes	vertebrate	proteome	high	0.8587	684	include
lrrc8	H2UZ06__Takrub	tr|H2UZ06|H2UZ06_TAKRU	Takifugu rubripes	vertebrate	proteome	high	0.9988	794	include
kir	H2UZV0__Takrub	tr|H2UZV0|H2UZV0_TAKRU	Takifugu rubripes	vertebrate	proteome	high	0.8313	515	include
asic	H2V052__Takrub	tr|H2V052|H2V052_TAKRU	Takifugu rubripes	vertebrate	proteome	high	0.9866	586	include
kv_shaker	H2V1Z4__Takrub	tr|H2V1Z4|H2V1Z4_TAKRU	Takifugu rubripes	vertebrate	proteome	high	0.8641	489	include
gabaa	H2V2G4__Takrub	tr|H2V2G4|H2V2G4_TAKRU	Takifugu rubripes	vertebrate	proteome	high	0.9254	472	include
kv_shaker	H2V2P9__Takrub	tr|H2V2P9|H2V2P9_TAKRU	Takifugu rubripes	vertebrate	proteome	high	0.9493	623	include
cav	H2V4A0__Takrub	tr|H2V4A0|H2V4A0_TAKRU	Takifugu rubripes	vertebrate	proteome	high	0.735	2414	include
ht3	H2V650__Takrub	tr|H2V650|H2V650_TAKRU	Takifugu rubripes	vertebrate	proteome	high	0.9205	449	include
ht3	H2V653__Takrub	tr|H2V653|H2V653_TAKRU	Takifugu rubripes	vertebrate	proteome	medium	0.4834		profile_medium
ht3	H2V6D7__Takrub	tr|H2V6D7|H2V6D7_TAKRU	Takifugu rubripes	vertebrate	proteome	high	0.8962	409	include
trpml	H2V6X8__Takrub	tr|H2V6X8|H2V6X8_TAKRU	Takifugu rubripes	vertebrate	proteome	high	0.9335	553	include
nachr	H2V743__Takrub	tr|H2V743|H2V743_TAKRU	Takifugu rubripes	vertebrate	proteome	high	0.9358	481	include
k2p	H2V863__Takrub	tr|H2V863|H2V863_TAKRU	Takifugu rubripes	vertebrate	proteome	high	0.8507	400	include
nmda	H2VA33__Takrub	tr|H2VA33|H2VA33_TAKRU	Takifugu rubripes	vertebrate	proteome	high	0.9463	1383	include
hcn	H2VAK5__Takrub	tr|H2VAK5|H2VAK5_TAKRU	Takifugu rubripes	vertebrate	proteome	high	0.9062	1032	include
kca_slo	H2VBA4__Takrub	tr|H2VBA4|H2VBA4_TAKRU	Takifugu rubripes	vertebrate	proteome	medium	0.3953		profile_medium
kv_shaker	H2VBJ0__Takrub	tr|H2VBJ0|H2VBJ0_TAKRU	Takifugu rubripes	vertebrate	proteome	high	0.7754	562	include
kv_modifier	H2VBM3__Takrub	tr|H2VBM3|H2VBM3_TAKRU	Takifugu rubripes	vertebrate	proteome	medium	0.9304		profile_medium
lrrc8	H2VCE6__Takrub	tr|H2VCE6|H2VCE6_TAKRU	Takifugu rubripes	vertebrate	proteome	high	0.9988	796	include
asic	H2VD35__Takrub	tr|H2VD35|H2VD35_TAKRU	Takifugu rubripes	vertebrate	proteome	high	0.9904	563	include
trpml	H2VDB2__Takrub	tr|H2VDB2|H2VDB2_TAKRU	Takifugu rubripes	vertebrate	proteome	high	0.9247	560	include
nav	H2VE53__Takrub	tr|H2VE53|H2VE53_TAKRU	Takifugu rubripes	vertebrate	proteome	high	0.9944	1963	include
connexin	H2XJX2__Cioint	tr|H2XJX2|H2XJX2_CIOIN	Ciona intestinalis	deuterostome	proteome	high	0.7621	287	include
connexin	H2XK19__Cioint	tr|H2XK19|H2XK19_CIOIN	Ciona intestinalis	deuterostome	proteome	high	0.5241	197	include
trpc	H2XK29__Cioint	tr|H2XK29|H2XK29_CIOIN	Ciona intestinalis	deuterostome	proteome	high	0.5818	527	include
connexin	H2XKC5__Cioint	tr|H2XKC5|H2XKC5_CIOIN	Ciona intestinalis	deuterostome	proteome	none	0.2315		no_profile_call
kv_eag	H2XLI9__Cioint	tr|H2XLI9|H2XLI9_CIOIN	Ciona intestinalis	deuterostome	proteome	medium	0.4397		profile_medium
kv_shaker	H2XMR6__Cioint	tr|H2XMR6|H2XMR6_CIOIN	Ciona intestinalis	deuterostome	proteome	medium	0.471		profile_medium
kir	H2XMZ7__Cioint	tr|H2XMZ7|H2XMZ7_CIOIN	Ciona intestinalis	deuterostome	proteome	medium	0.3985		profile_medium
gabaa	H2XNE8__Cioint	tr|H2XNE8|H2XNE8_CIOIN	Ciona intestinalis	deuterostome	proteome	medium	0.8202		profile_medium
kir	H2XNG8__Cioint	tr|H2XNG8|H2XNG8_CIOIN	Ciona intestinalis	deuterostome	proteome	none	0.1565		no_profile_call
k2p	H2XNN0__Cioint	tr|H2XNN0|H2XNN0_CIOIN	Ciona intestinalis	deuterostome	proteome	high	0.6144	276	include
tpc	H2XPE2__Cioint	tr|H2XPE2|H2XPE2_CIOIN	Ciona intestinalis	deuterostome	proteome	high	0.8508	744	include
connexin	H2XQL4__Cioint	tr|H2XQL4|H2XQL4_CIOIN	Ciona intestinalis	deuterostome	proteome	high	0.7074	226	include
k2p	H2XQX8__Cioint	tr|H2XQX8|H2XQX8_CIOIN	Ciona intestinalis	deuterostome	proteome	high	0.7164	324	include
asic	H2XR32__Cioint	tr|H2XR32|H2XR32_CIOIN	Ciona intestinalis	deuterostome	proteome	medium	0.3724		profile_medium
trpc	H2XRS2__Cioint	tr|H2XRS2|H2XRS2_CIOIN	Ciona intestinalis	deuterostome	proteome	high	0.7075	657	include
trpc	H2XS61__Cioint	tr|H2XS61|H2XS61_CIOIN	Ciona intestinalis	deuterostome	proteome	high	0.6885	630	include
ryr	H2XSF3__Cioint	tr|H2XSF3|H2XSF3_CIOIN	Ciona intestinalis	deuterostome	proteome	high	1.0	5075	include
tric	H2XSV4__Cioint	tr|H2XSV4|H2XSV4_CIOIN	Ciona intestinalis	deuterostome	proteome	none	0.2		no_profile_call
nachr	H2XT96__Cioint	tr|H2XT96|H2XT96_CIOIN	Ciona intestinalis	deuterostome	proteome	medium	0.4576		profile_medium
clc_channel	H2XTS9__Cioint	tr|H2XTS9|H2XTS9_CIOIN	Ciona intestinalis	deuterostome	proteome	high	0.8231	773	include
gabaa	H2XVB8__Cioint	tr|H2XVB8|H2XVB8_CIOIN	Ciona intestinalis	deuterostome	proteome	high	0.5987	340	include
otop	H2XW37__Cioint	tr|H2XW37|H2XW37_CIOIN	Ciona intestinalis	deuterostome	proteome	high	0.7005	407	include
tmem175	H2XWH6__Cioint	tr|H2XWH6|H2XWH6_CIOIN	Ciona intestinalis	deuterostome	proteome	high	0.8688	494	include
nachr	H2XXX5__Cioint	tr|H2XXX5|H2XXX5_CIOIN	Ciona intestinalis	deuterostome	proteome	high	0.9772	774	include
trpm	H2Y089__Cioint	tr|H2Y089|H2Y089_CIOIN	Ciona intestinalis	deuterostome	proteome	high	0.6976	1310	include
connexin	H2Y0D6__Cioint	tr|H2Y0D6|H2Y0D6_CIOIN	Ciona intestinalis	deuterostome	proteome	high	0.7203	282	include
catsper	H2Y0F0__Cioint	tr|H2Y0F0|H2Y0F0_CIOIN	Ciona intestinalis	deuterostome	proteome	medium	0.3101		profile_medium
k2p	H2Y0M8__Cioint	tr|H2Y0M8|H2Y0M8_CIOIN	Ciona intestinalis	deuterostome	proteome	high	0.6269	265	include
calhm	H2Y1N8__Cioint	tr|H2Y1N8|H2Y1N8_CIOIN	Ciona intestinalis	deuterostome	proteome	high	0.7658	251	include
connexin	H2Y245__Cioint	tr|H2Y245|H2Y245_CIOIN	Ciona intestinalis	deuterostome	proteome	high	0.6495	384	include
trpv	H2Y2B7__Cioint	tr|H2Y2B7|H2Y2B7_CIOIN	Ciona intestinalis	deuterostome	proteome	high	0.7078	737	include
nav	H2Y2S0__Cioint	tr|H2Y2S0|H2Y2S0_CIOIN	Ciona intestinalis	deuterostome	proteome	high	0.88	1873	include
connexin	H2Y3H1__Cioint	tr|H2Y3H1|H2Y3H1_CIOIN	Ciona intestinalis	deuterostome	proteome	high	0.7203	275	include
asic	H2ZRI4__Latcha	tr|H2ZRI4|H2ZRI4_LATCH	Latimeria chalumnae	vertebrate	proteome	medium	0.3493		profile_medium
nachr	H2ZRV3__Latcha	tr|H2ZRV3|H2ZRV3_LATCH	Latimeria chalumnae	vertebrate	proteome	high	0.6812	338	include
connexin	H2ZS38__Latcha	tr|H2ZS38|H2ZS38_LATCH	Latimeria chalumnae	vertebrate	proteome	high	0.6367	236	include
kv_shaker	H2ZSR9__Latcha	tr|H2ZSR9|H2ZSR9_LATCH	Latimeria chalumnae	vertebrate	proteome	high	0.5344	322	include
kca_slo	H2ZT11__Latcha	tr|H2ZT11|H2ZT11_LATCH	Latimeria chalumnae	vertebrate	proteome	high	0.8676	1101	include
ampa	H2ZTJ6__Latcha	tr|H2ZTJ6|H2ZTJ6_LATCH	Latimeria chalumnae	vertebrate	proteome	high	0.8936	823	include
calhm	H2ZTP7__Latcha	tr|H2ZTP7|H2ZTP7_LATCH	Latimeria chalumnae	vertebrate	proteome	high	0.9589	322	include
ht3	H2ZUJ4__Latcha	tr|H2ZUJ4|H2ZUJ4_LATCH	Latimeria chalumnae	vertebrate	proteome	high	0.8808	460	include
nav	H2ZUL4__Latcha	tr|H2ZUL4|H2ZUL4_LATCH	Latimeria chalumnae	vertebrate	proteome	high	0.6811	1374	include
connexin	H2ZUQ4__Latcha	tr|H2ZUQ4|H2ZUQ4_LATCH	Latimeria chalumnae	vertebrate	proteome	high	0.9421	497	include
nachr	H2ZUZ3__Latcha	tr|H2ZUZ3|H2ZUZ3_LATCH	Latimeria chalumnae	vertebrate	proteome	high	0.9669	515	include
trpc	H2ZV05__Latcha	tr|H2ZV05|H2ZV05_LATCH	Latimeria chalumnae	vertebrate	proteome	high	0.7175	697	include
connexin	H2ZV48__Latcha	tr|H2ZV48|H2ZV48_LATCH	Latimeria chalumnae	vertebrate	proteome	high	0.7974	281	include
connexin	H2ZVD7__Latcha	tr|H2ZVD7|H2ZVD7_LATCH	Latimeria chalumnae	vertebrate	proteome	high	0.8907	414	include
kir	H2ZVU9__Latcha	tr|H2ZVU9|H2ZVU9_LATCH	Latimeria chalumnae	vertebrate	proteome	high	0.8044	366	include
trpv	H2ZVV3__Latcha	tr|H2ZVV3|H2ZVV3_LATCH	Latimeria chalumnae	vertebrate	proteome	high	0.9901	870	include
k2p	H2ZVW2__Latcha	tr|H2ZVW2|H2ZVW2_LATCH	Latimeria chalumnae	vertebrate	proteome	high	0.6692	280	include
p2x	H2ZVW8__Latcha	tr|H2ZVW8|H2ZVW8_LATCH	Latimeria chalumnae	vertebrate	proteome	high	0.8706	363	include
kainate	H2ZW13__Latcha	tr|H2ZW13|H2ZW13_LATCH	Latimeria chalumnae	vertebrate	proteome	high	0.8167	744	include
gabaa	H2ZWI8__Latcha	tr|H2ZWI8|H2ZWI8_LATCH	Latimeria chalumnae	vertebrate	proteome	high	0.8377	380	include
hcn	H2ZWQ5__Latcha	tr|H2ZWQ5|H2ZWQ5_LATCH	Latimeria chalumnae	vertebrate	proteome	high	1.0	1184	include
kv_modifier	H2ZWY7__Latcha	tr|H2ZWY7|H2ZWY7_LATCH	Latimeria chalumnae	vertebrate	proteome	medium	0.9008		profile_medium
kv_shaker	H2ZX28__Latcha	tr|H2ZX28|H2ZX28_LATCH	Latimeria chalumnae	vertebrate	proteome	high	0.7518	515	include
p2x	H2ZX96__Latcha	tr|H2ZX96|H2ZX96_LATCH	Latimeria chalumnae	vertebrate	proteome	high	0.8494	419	include
kv_eag	H2ZXG0__Latcha	tr|H2ZXG0|H2ZXG0_LATCH	Latimeria chalumnae	vertebrate	proteome	high	0.5155	594	include
trpc	H2ZXH2__Latcha	tr|H2ZXH2|H2ZXH2_LATCH	Latimeria chalumnae	vertebrate	proteome	high	0.8509	760	include
calhm	H2ZYD0__Latcha	tr|H2ZYD0|H2ZYD0_LATCH	Latimeria chalumnae	vertebrate	proteome	high	0.9652	309	include
k2p	H2ZYK4__Latcha	tr|H2ZYK4|H2ZYK4_LATCH	Latimeria chalumnae	vertebrate	proteome	high	0.597	284	include
connexin	H2ZYS4__Latcha	tr|H2ZYS4|H2ZYS4_LATCH	Latimeria chalumnae	vertebrate	proteome	high	0.9904	371	include
nachr	H2ZYU2__Latcha	tr|H2ZYU2|H2ZYU2_LATCH	Latimeria chalumnae	vertebrate	proteome	high	0.9503	459	include
kir	H2ZYX1__Latcha	tr|H2ZYX1|H2ZYX1_LATCH	Latimeria chalumnae	vertebrate	proteome	high	0.7971	374	include
calhm	H2ZZ80__Latcha	tr|H2ZZ80|H2ZZ80_LATCH	Latimeria chalumnae	vertebrate	proteome	high	0.9304	347	include
nmda	H2ZZD5__Latcha	tr|H2ZZD5|H2ZZD5_LATCH	Latimeria chalumnae	vertebrate	proteome	high	0.6812	1088	include
trpn	H2ZZG0__Latcha	tr|H2ZZG0|H2ZZG0_LATCH	Latimeria chalumnae	vertebrate	proteome	high	0.6602	1301	include
gabaa	H2ZZI4__Latcha	tr|H2ZZI4|H2ZZI4_LATCH	Latimeria chalumnae	vertebrate	proteome	high	0.9737	562	include
connexin	H2ZZM5__Latcha	tr|H2ZZM5|H2ZZM5_LATCH	Latimeria chalumnae	vertebrate	proteome	high	0.6559	216	include
nachr	H3A037__Latcha	tr|H3A037|H3A037_LATCH	Latimeria chalumnae	vertebrate	proteome	high	0.9793	508	include
kir	H3A056__Latcha	tr|H3A056|H3A056_LATCH	Latimeria chalumnae	vertebrate	proteome	high	0.6626	298	include
nachr	H3A0F2__Latcha	tr|H3A0F2|H3A0F2_LATCH	Latimeria chalumnae	vertebrate	proteome	high	0.8468	459	include
cftr	H3A114__Latcha	tr|H3A114|H3A114_LATCH	Latimeria chalumnae	vertebrate	proteome	high	0.9926	1491	include
nav	H3A1E2__Latcha	tr|H3A1E2|H3A1E2_LATCH	Latimeria chalumnae	vertebrate	proteome	high	0.667	1202	include
mcu	H3A1E6__Latcha	tr|H3A1E6|H3A1E6_LATCH	Latimeria chalumnae	vertebrate	proteome	high	0.8667	319	include
itpr	H3A1P5__Latcha	tr|H3A1P5|H3A1P5_LATCH	Latimeria chalumnae	vertebrate	proteome	high	0.9797	2725	include
trpc	H3A1P8__Latcha	tr|H3A1P8|H3A1P8_LATCH	Latimeria chalumnae	vertebrate	proteome	high	0.525	532	include
calhm	H3A1Q1__Latcha	tr|H3A1Q1|H3A1Q1_LATCH	Latimeria chalumnae	vertebrate	proteome	high	0.9557	341	include
otop	H3A1U9__Latcha	tr|H3A1U9|H3A1U9_LATCH	Latimeria chalumnae	vertebrate	proteome	high	0.9518	584	include
gabaa	H3A239__Latcha	tr|H3A239|H3A239_LATCH	Latimeria chalumnae	vertebrate	proteome	high	0.9496	454	include
nachr	H3A283__Latcha	tr|H3A283|H3A283_LATCH	Latimeria chalumnae	vertebrate	proteome	high	0.9586	498	include
kv_shaker	H3A2D7__Latcha	tr|H3A2D7|H3A2D7_LATCH	Latimeria chalumnae	vertebrate	proteome	high	0.8623	498	include
glyr	H3A2J5__Latcha	tr|H3A2J5|H3A2J5_LATCH	Latimeria chalumnae	vertebrate	proteome	high	0.9632	498	include
bestrophin	H3A2N5__Latcha	tr|H3A2N5|H3A2N5_LATCH	Latimeria chalumnae	vertebrate	proteome	high	0.9374	701	include
gabaa	H3A2Z2__Latcha	tr|H3A2Z2|H3A2Z2_LATCH	Latimeria chalumnae	vertebrate	proteome	high	0.8224	427	include
gabaa	H3A310__Latcha	tr|H3A310|H3A310_LATCH	Latimeria chalumnae	vertebrate	proteome	high	0.8333	407	include
kir	H3A398__Latcha	tr|H3A398|H3A398_LATCH	Latimeria chalumnae	vertebrate	proteome	high	0.7995	374	include
k2p	H3A430__Latcha	tr|H3A430|H3A430_LATCH	Latimeria chalumnae	vertebrate	proteome	high	0.9303	532	include
connexin	H3A471__Latcha	tr|H3A471|H3A471_LATCH	Latimeria chalumnae	vertebrate	proteome	high	0.9775	363	include
kv_kcnq	H3A4K8__Latcha	tr|H3A4K8|H3A4K8_LATCH	Latimeria chalumnae	vertebrate	proteome	high	0.7793	788	include
gabaa	H3A4M3__Latcha	tr|H3A4M3|H3A4M3_LATCH	Latimeria chalumnae	vertebrate	proteome	high	0.5	223	include
osca_tmem63	H3A4T1__Latcha	tr|H3A4T1|H3A4T1_LATCH	Latimeria chalumnae	vertebrate	proteome	high	0.5182	453	include
asic	H3A4U7__Latcha	tr|H3A4U7|H3A4U7_LATCH	Latimeria chalumnae	vertebrate	proteome	high	0.8829	475	include
kv_shaker	H3A4W1__Latcha	tr|H3A4W1|H3A4W1_LATCH	Latimeria chalumnae	vertebrate	proteome	high	0.8406	489	include
kv_shaker	H3A4X5__Latcha	tr|H3A4X5|H3A4X5_LATCH	Latimeria chalumnae	vertebrate	proteome	high	0.846	573	include
kv_modifier	H3A524__Latcha	tr|H3A524|H3A524_LATCH	Latimeria chalumnae	vertebrate	proteome	high	0.884	426	include
p2x	H3A577__Latcha	tr|H3A577|H3A577_LATCH	Latimeria chalumnae	vertebrate	proteome	high	0.8424	399	include
connexin	H3A596__Latcha	tr|H3A596|H3A596_LATCH	Latimeria chalumnae	vertebrate	proteome	high	0.8039	276	include
kv_eag	H3A5E3__Latcha	tr|H3A5E3|H3A5E3_LATCH	Latimeria chalumnae	vertebrate	proteome	high	0.6162	613	include
cng	H3A5H8__Latcha	tr|H3A5H8|H3A5H8_LATCH	Latimeria chalumnae	vertebrate	proteome	high	0.7298	533	include
trpp	H3A5K1__Latcha	tr|H3A5K1|H3A5K1_LATCH	Latimeria chalumnae	vertebrate	proteome	high	0.9789	890	include
kv_modifier	H3A5K6__Latcha	tr|H3A5K6|H3A5K6_LATCH	Latimeria chalumnae	vertebrate	proteome	high	0.9114	515	include
asic	H3A5S4__Latcha	tr|H3A5S4|H3A5S4_LATCH	Latimeria chalumnae	vertebrate	proteome	medium	0.3263		profile_medium
trpv	H3A619__Latcha	tr|H3A619|H3A619_LATCH	Latimeria chalumnae	vertebrate	proteome	medium	0.4217		profile_medium
trpm	H3A629__Latcha	tr|H3A629|H3A629_LATCH	Latimeria chalumnae	vertebrate	proteome	high	0.6287	1109	include
trpc	H3A6A4__Latcha	tr|H3A6A4|H3A6A4_LATCH	Latimeria chalumnae	vertebrate	proteome	high	0.8776	847	include
k2p	H3A6K5__Latcha	tr|H3A6K5|H3A6K5_LATCH	Latimeria chalumnae	vertebrate	proteome	high	0.607	301	include
trpv	H3A6P6__Latcha	tr|H3A6P6|H3A6P6_LATCH	Latimeria chalumnae	vertebrate	proteome	high	0.7596	593	include
cav	H3A6R0__Latcha	tr|H3A6R0|H3A6R0_LATCH	Latimeria chalumnae	vertebrate	proteome	high	0.812	2026	include
trpv	H3A6X6__Latcha	tr|H3A6X6|H3A6X6_LATCH	Latimeria chalumnae	vertebrate	proteome	high	0.6843	538	include
nachr	H3A717__Latcha	tr|H3A717|H3A717_LATCH	Latimeria chalumnae	vertebrate	proteome	high	0.9151	552	include
pannexin	H3A740__Latcha	tr|H3A740|H3A740_LATCH	Latimeria chalumnae	vertebrate	proteome	high	0.9864	428	include
catsper	H3A794__Latcha	tr|H3A794|H3A794_LATCH	Latimeria chalumnae	vertebrate	proteome	high	0.6366	334	include
connexin	H3A837__Latcha	tr|H3A837|H3A837_LATCH	Latimeria chalumnae	vertebrate	proteome	high	0.9936	375	include
trpc	H3A8E9__Latcha	tr|H3A8E9|H3A8E9_LATCH	Latimeria chalumnae	vertebrate	proteome	high	0.8654	850	include
trpv	H3A8I3__Latcha	tr|H3A8I3|H3A8I3_LATCH	Latimeria chalumnae	vertebrate	proteome	high	0.7793	600	include
cng	H3A9A8__Latcha	tr|H3A9A8|H3A9A8_LATCH	Latimeria chalumnae	vertebrate	proteome	high	0.7567	542	include
kir	H3A9C1__Latcha	tr|H3A9C1|H3A9C1_LATCH	Latimeria chalumnae	vertebrate	proteome	high	0.9315	427	include
kir	H3A9F6__Latcha	tr|H3A9F6|H3A9F6_LATCH	Latimeria chalumnae	vertebrate	proteome	high	0.9829	432	include
kv_kcnq	H3A9P0__Latcha	tr|H3A9P0|H3A9P0_LATCH	Latimeria chalumnae	vertebrate	proteome	high	0.8919	876	include
kainate	H3A9Q7__Latcha	tr|H3A9Q7|H3A9Q7_LATCH	Latimeria chalumnae	vertebrate	proteome	high	0.9791	960	include
asic	H3A9X2__Latcha	tr|H3A9X2|H3A9X2_LATCH	Latimeria chalumnae	vertebrate	proteome	high	0.8637	477	include
kv_eag	H3A9X7__Latcha	tr|H3A9X7|H3A9X7_LATCH	Latimeria chalumnae	vertebrate	proteome	high	0.8933	1032	include
nachr	H3AA28__Latcha	tr|H3AA28|H3AA28_LATCH	Latimeria chalumnae	vertebrate	proteome	high	0.9731	506	include
orai	H3AAH6__Latcha	tr|H3AAH6|H3AAH6_LATCH	Latimeria chalumnae	vertebrate	proteome	high	0.9037	262	include
nachr	H3AAK8__Latcha	tr|H3AAK8|H3AAK8_LATCH	Latimeria chalumnae	vertebrate	proteome	high	0.94	506	include
bestrophin	H3AAN6__Latcha	tr|H3AAN6|H3AAN6_LATCH	Latimeria chalumnae	vertebrate	proteome	high	0.9108	509	include
kca_sk	H3AAN8__Latcha	tr|H3AAN8|H3AAN8_LATCH	Latimeria chalumnae	vertebrate	proteome	high	0.9556	748	include
connexin	H3AAP6__Latcha	tr|H3AAP6|H3AAP6_LATCH	Latimeria chalumnae	vertebrate	proteome	high	0.7267	211	include
k2p	H3AAZ1__Latcha	tr|H3AAZ1|H3AAZ1_LATCH	Latimeria chalumnae	vertebrate	proteome	high	0.8632	418	include
cng	H3AAZ8__Latcha	tr|H3AAZ8|H3AAZ8_LATCH	Latimeria chalumnae	vertebrate	proteome	high	0.901	726	include
kir	H3AB30__Latcha	tr|H3AB30|H3AB30_LATCH	Latimeria chalumnae	vertebrate	proteome	high	0.9584	423	include
gabaa	H3ABC6__Latcha	tr|H3ABC6|H3ABC6_LATCH	Latimeria chalumnae	vertebrate	proteome	high	0.9189	421	include
connexin	H3ABE4__Latcha	tr|H3ABE4|H3ABE4_LATCH	Latimeria chalumnae	vertebrate	proteome	high	0.7749	256	include
asic	H3AC83__Latcha	tr|H3AC83|H3AC83_LATCH	Latimeria chalumnae	vertebrate	proteome	medium	0.3436		profile_medium
cav	H3AD48__Latcha	tr|H3AD48|H3AD48_LATCH	Latimeria chalumnae	vertebrate	proteome	high	0.7114	1657	include
cav	H3AD80__Latcha	tr|H3AD80|H3AD80_LATCH	Latimeria chalumnae	vertebrate	proteome	high	0.9122	2282	include
kir	H3ADF4__Latcha	tr|H3ADF4|H3ADF4_LATCH	Latimeria chalumnae	vertebrate	proteome	high	0.9731	417	include
asic	H3ADJ9__Latcha	tr|H3ADJ9|H3ADJ9_LATCH	Latimeria chalumnae	vertebrate	proteome	medium	0.3282		profile_medium
trpv	H3ADL8__Latcha	tr|H3ADL8|H3ADL8_LATCH	Latimeria chalumnae	vertebrate	proteome	medium	0.476		profile_medium
k2p	H3ADL9__Latcha	tr|H3ADL9|H3ADL9_LATCH	Latimeria chalumnae	vertebrate	proteome	high	0.7587	340	include
kv_modifier	H3AE41__Latcha	tr|H3AE41|H3AE41_LATCH	Latimeria chalumnae	vertebrate	proteome	medium	0.9409		profile_medium
clc_channel	H3AE58__Latcha	tr|H3AE58|H3AE58_LATCH	Latimeria chalumnae	vertebrate	proteome	high	0.5556	494	include
asic	H3AEQ1__Latcha	tr|H3AEQ1|H3AEQ1_LATCH	Latimeria chalumnae	vertebrate	proteome	high	0.7505	460	include
k2p	H3AF11__Latcha	tr|H3AF11|H3AF11_LATCH	Latimeria chalumnae	vertebrate	proteome	high	0.6169	301	include
connexin	H3AFA2__Latcha	tr|H3AFA2|H3AFA2_LATCH	Latimeria chalumnae	vertebrate	proteome	high	0.9775	371	include
osca_tmem63	H3AFA3__Latcha	tr|H3AFA3|H3AFA3_LATCH	Latimeria chalumnae	vertebrate	proteome	high	0.9761	832	include
hcn	H3AFD4__Latcha	tr|H3AFD4|H3AFD4_LATCH	Latimeria chalumnae	vertebrate	proteome	medium	0.4194		profile_medium
nav	H3AFY2__Latcha	tr|H3AFY2|H3AFY2_LATCH	Latimeria chalumnae	vertebrate	proteome	high	0.8313	1702	include
connexin	H3AFY3__Latcha	tr|H3AFY3|H3AFY3_LATCH	Latimeria chalumnae	vertebrate	proteome	high	0.7781	248	include
kv_modifier	H3AG12__Latcha	tr|H3AG12|H3AG12_LATCH	Latimeria chalumnae	vertebrate	proteome	medium	0.9156		profile_medium
kv_shaker	H3AGB1__Latcha	tr|H3AGB1|H3AGB1_LATCH	Latimeria chalumnae	vertebrate	proteome	medium	0.6159		profile_medium
trpm	H3AGJ3__Latcha	tr|H3AGJ3|H3AGJ3_LATCH	Latimeria chalumnae	vertebrate	proteome	high	0.7016	1326	include
k2p	H3AGY1__Latcha	tr|H3AGY1|H3AGY1_LATCH	Latimeria chalumnae	vertebrate	proteome	high	0.704	393	include
connexin	H3AH16__Latcha	tr|H3AH16|H3AH16_LATCH	Latimeria chalumnae	vertebrate	proteome	high	0.9968	414	include
clc_channel	H3AH33__Latcha	tr|H3AH33|H3AH33_LATCH	Latimeria chalumnae	vertebrate	proteome	high	0.7336	686	include
cav	H3AH42__Latcha	tr|H3AH42|H3AH42_LATCH	Latimeria chalumnae	vertebrate	proteome	high	0.5747	1831	include
kv_modifier	H3AHB9__Latcha	tr|H3AHB9|H3AHB9_LATCH	Latimeria chalumnae	vertebrate	proteome	medium	0.9008		profile_medium
kv_kcnq	H3AHJ4__Latcha	tr|H3AHJ4|H3AHJ4_LATCH	Latimeria chalumnae	vertebrate	proteome	medium	0.4354		profile_medium
nmda	H3AHZ7__Latcha	tr|H3AHZ7|H3AHZ7_LATCH	Latimeria chalumnae	vertebrate	proteome	high	0.994	1450	include
ampa	H3AIN5__Latcha	tr|H3AIN5|H3AIN5_LATCH	Latimeria chalumnae	vertebrate	proteome	high	0.9989	903	include
cng	H3AIP1__Latcha	tr|H3AIP1|H3AIP1_LATCH	Latimeria chalumnae	vertebrate	proteome	high	0.5403	449	include
nachr	H3AIR6__Latcha	tr|H3AIR6|H3AIR6_LATCH	Latimeria chalumnae	vertebrate	proteome	high	0.6977	356	include
connexin	H3AJ15__Latcha	tr|H3AJ15|H3AJ15_LATCH	Latimeria chalumnae	vertebrate	proteome	high	0.7846	246	include
enac	H3AJ42__Latcha	tr|H3AJ42|H3AJ42_LATCH	Latimeria chalumnae	vertebrate	proteome	high	0.8512	653	include
vdac	H3AJJ9__Latcha	tr|H3AJJ9|H3AJJ9_LATCH	Latimeria chalumnae	vertebrate	proteome	high	0.9964	313	include
kv_kcnq	H3AJK0__Latcha	tr|H3AJK0|H3AJK0_LATCH	Latimeria chalumnae	vertebrate	proteome	high	0.5255	351	include
vdac	H3AJZ2__Latcha	tr|H3AJZ2|H3AJZ2_LATCH	Latimeria chalumnae	vertebrate	proteome	high	0.982	318	include
connexin	H3AJZ7__Latcha	tr|H3AJZ7|H3AJZ7_LATCH	Latimeria chalumnae	vertebrate	proteome	high	0.9968	383	include
trpm	H3AK46__Latcha	tr|H3AK46|H3AK46_LATCH	Latimeria chalumnae	vertebrate	proteome	high	0.9664	1930	include
lrrc8	H3AKF0__Latcha	tr|H3AKF0|H3AKF0_LATCH	Latimeria chalumnae	vertebrate	proteome	high	0.9988	862	include
pannexin	H3AKW8__Latcha	tr|H3AKW8|H3AKW8_LATCH	Latimeria chalumnae	vertebrate	proteome	high	0.8552	390	include
kir	H3AKZ6__Latcha	tr|H3AKZ6|H3AKZ6_LATCH	Latimeria chalumnae	vertebrate	proteome	high	0.8631	396	include
ano_channel	H3AL09__Latcha	tr|H3AL09|H3AL09_LATCH	Latimeria chalumnae	vertebrate	proteome	high	0.9121	995	include
kainate	H3ALI5__Latcha	tr|H3ALI5|H3ALI5_LATCH	Latimeria chalumnae	vertebrate	proteome	high	0.9243	863	include
connexin	H3ALN1__Latcha	tr|H3ALN1|H3ALN1_LATCH	Latimeria chalumnae	vertebrate	proteome	high	0.8232	532	include
k2p	H3ALU8__Latcha	tr|H3ALU8|H3ALU8_LATCH	Latimeria chalumnae	vertebrate	proteome	high	0.7239	329	include
ano_channel	H3ALY5__Latcha	tr|H3ALY5|H3ALY5_LATCH	Latimeria chalumnae	vertebrate	proteome	high	0.6261	624	include
nachr	H3AMK2__Latcha	tr|H3AMK2|H3AMK2_LATCH	Latimeria chalumnae	vertebrate	proteome	high	0.9607	483	include
k2p	H3AMR0__Latcha	tr|H3AMR0|H3AMR0_LATCH	Latimeria chalumnae	vertebrate	proteome	high	0.5224	228	include
nav	H3AMW3__Latcha	tr|H3AMW3|H3AMW3_LATCH	Latimeria chalumnae	vertebrate	proteome	high	0.9798	1836	include
asic	H3AN17__Latcha	tr|H3AN17|H3AN17_LATCH	Latimeria chalumnae	vertebrate	proteome	medium	0.3167		profile_medium
clc_channel	H3AN19__Latcha	tr|H3AN19|H3AN19_LATCH	Latimeria chalumnae	vertebrate	proteome	high	0.763	869	include
hv1	H3AN38__Latcha	tr|H3AN38|H3AN38_LATCH	Latimeria chalumnae	vertebrate	proteome	medium	0.3843		profile_medium
bestrophin	H3ANC2__Latcha	tr|H3ANC2|H3ANC2_LATCH	Latimeria chalumnae	vertebrate	proteome	high	0.5503	291	include
itpr	H3ANP0__Latcha	tr|H3ANP0|H3ANP0_LATCH	Latimeria chalumnae	vertebrate	proteome	high	0.6546	1923	include
otop	H3ANY0__Latcha	tr|H3ANY0|H3ANY0_LATCH	Latimeria chalumnae	vertebrate	proteome	high	0.8434	507	include
gabaa	H3APD0__Latcha	tr|H3APD0|H3APD0_LATCH	Latimeria chalumnae	vertebrate	proteome	high	0.8728	398	include
otop	H3APD4__Latcha	tr|H3APD4|H3APD4_LATCH	Latimeria chalumnae	vertebrate	proteome	high	0.9002	533	include
connexin	H3API8__Latcha	tr|H3API8|H3API8_LATCH	Latimeria chalumnae	vertebrate	proteome	high	0.7621	228	include
kv_modifier	H3APY9__Latcha	tr|H3APY9|H3APY9_LATCH	Latimeria chalumnae	vertebrate	proteome	high	0.9451	508	include
nachr	H3AQ75__Latcha	tr|H3AQ75|H3AQ75_LATCH	Latimeria chalumnae	vertebrate	proteome	high	0.8489	553	include
piezo	H3AQB6__Latcha	tr|H3AQB6|H3AQB6_LATCH	Latimeria chalumnae	vertebrate	proteome	high	0.8319	2125	include
gabaa	H3AQC3__Latcha	tr|H3AQC3|H3AQC3_LATCH	Latimeria chalumnae	vertebrate	proteome	high	0.9781	493	include
otop	H3AQH3__Latcha	tr|H3AQH3|H3AQH3_LATCH	Latimeria chalumnae	vertebrate	proteome	high	0.9071	565	include
gabaa	H3AQL0__Latcha	tr|H3AQL0|H3AQL0_LATCH	Latimeria chalumnae	vertebrate	proteome	high	0.614	314	include
tpc	H3AQL6__Latcha	tr|H3AQL6|H3AQL6_LATCH	Latimeria chalumnae	vertebrate	proteome	high	0.7644	708	include
kv_shaker	H3AQR6__Latcha	tr|H3AQR6|H3AQR6_LATCH	Latimeria chalumnae	vertebrate	proteome	high	0.9638	636	include
kv_eag	H3AQT5__Latcha	tr|H3AQT5|H3AQT5_LATCH	Latimeria chalumnae	vertebrate	proteome	high	0.7507	749	include
k2p	H3AQY6__Latcha	tr|H3AQY6|H3AQY6_LATCH	Latimeria chalumnae	vertebrate	proteome	high	0.5995	300	include
connexin	H3AR25__Latcha	tr|H3AR25|H3AR25_LATCH	Latimeria chalumnae	vertebrate	proteome	high	0.791	270	include
ryr	H3AR56__Latcha	tr|H3AR56|H3AR56_LATCH	Latimeria chalumnae	vertebrate	proteome	high	0.7176	3558	include
kv_eag	H3ARA5__Latcha	tr|H3ARA5|H3ARA5_LATCH	Latimeria chalumnae	vertebrate	proteome	high	0.998	1204	include
k2p	H3ARI9__Latcha	tr|H3ARI9|H3ARI9_LATCH	Latimeria chalumnae	vertebrate	proteome	high	0.8035	369	include
connexin	H3ARP0__Latcha	tr|H3ARP0|H3ARP0_LATCH	Latimeria chalumnae	vertebrate	proteome	high	0.6109	233	include
lrrc8	H3ARV9__Latcha	tr|H3ARV9|H3ARV9_LATCH	Latimeria chalumnae	vertebrate	proteome	high	0.9988	847	include
trpml	H3ASE8__Latcha	tr|H3ASE8|H3ASE8_LATCH	Latimeria chalumnae	vertebrate	proteome	high	0.9335	563	include
connexin	H3ASF8__Latcha	tr|H3ASF8|H3ASF8_LATCH	Latimeria chalumnae	vertebrate	proteome	high	0.9582	348	include
lrrc8	H3ASH1__Latcha	tr|H3ASH1|H3ASH1_LATCH	Latimeria chalumnae	vertebrate	proteome	high	0.9963	805	include
tmem175	H3AT91__Latcha	tr|H3AT91|H3AT91_LATCH	Latimeria chalumnae	vertebrate	proteome	high	0.9642	511	include
cav	H3ATC4__Latcha	tr|H3ATC4|H3ATC4_LATCH	Latimeria chalumnae	vertebrate	proteome	high	0.8557	1963	include
cav	H3ATD9__Latcha	tr|H3ATD9|H3ATD9_LATCH	Latimeria chalumnae	vertebrate	proteome	high	0.9296	2025	include
connexin	H3ATG1__Latcha	tr|H3ATG1|H3ATG1_LATCH	Latimeria chalumnae	vertebrate	proteome	high	0.7653	304	include
trpc	H3ATN1__Latcha	tr|H3ATN1|H3ATN1_LATCH	Latimeria chalumnae	vertebrate	proteome	high	0.8699	793	include
gabaa	H3ATN6__Latcha	tr|H3ATN6|H3ATN6_LATCH	Latimeria chalumnae	vertebrate	proteome	high	0.9364	441	include
nmda	H3ATP9__Latcha	tr|H3ATP9|H3ATP9_LATCH	Latimeria chalumnae	vertebrate	proteome	high	0.8005	1109	include
mcu	H3ATQ5__Latcha	tr|H3ATQ5|H3ATQ5_LATCH	Latimeria chalumnae	vertebrate	proteome	high	0.8116	297	include
ryr	H3ATZ9__Latcha	tr|H3ATZ9|H3ATZ9_LATCH	Latimeria chalumnae	vertebrate	proteome	high	0.7013	3465	include
piezo	H3AU40__Latcha	tr|H3AU40|H3AU40_LATCH	Latimeria chalumnae	vertebrate	proteome	high	0.9996	2543	include
enac	H3AU95__Latcha	tr|H3AU95|H3AU95_LATCH	Latimeria chalumnae	vertebrate	proteome	high	0.969	661	include
nmda	H3AUN9__Latcha	tr|H3AUN9|H3AUN9_LATCH	Latimeria chalumnae	vertebrate	proteome	high	0.942	1375	include
cav	H3AUU1__Latcha	tr|H3AUU1|H3AUU1_LATCH	Latimeria chalumnae	vertebrate	proteome	high	0.6862	1734	include
orai	H3AUV2__Latcha	tr|H3AUV2|H3AUV2_LATCH	Latimeria chalumnae	vertebrate	proteome	high	0.8296	258	include
asic	H3AV24__Latcha	tr|H3AV24|H3AV24_LATCH	Latimeria chalumnae	vertebrate	proteome	medium	0.3359		profile_medium
kainate	H3AVC7__Latcha	tr|H3AVC7|H3AVC7_LATCH	Latimeria chalumnae	vertebrate	proteome	high	0.7914	795	include
connexin	H3AVR6__Latcha	tr|H3AVR6|H3AVR6_LATCH	Latimeria chalumnae	vertebrate	proteome	high	0.9871	390	include
enac	H3AVV2__Latcha	tr|H3AVV2|H3AVV2_LATCH	Latimeria chalumnae	vertebrate	proteome	high	0.7767	650	include
lrrc8	H3AVZ2__Latcha	tr|H3AVZ2|H3AVZ2_LATCH	Latimeria chalumnae	vertebrate	proteome	high	0.9988	848	include
connexin	H3AWH1__Latcha	tr|H3AWH1|H3AWH1_LATCH	Latimeria chalumnae	vertebrate	proteome	high	0.9518	351	include
kca_sk	H3AWP1__Latcha	tr|H3AWP1|H3AWP1_LATCH	Latimeria chalumnae	vertebrate	proteome	high	0.87	563	include
ryr	H3AWQ1__Latcha	tr|H3AWQ1|H3AWQ1_LATCH	Latimeria chalumnae	vertebrate	proteome	none	0.2265		no_profile_call
hcn	H3AWT8__Latcha	tr|H3AWT8|H3AWT8_LATCH	Latimeria chalumnae	vertebrate	proteome	high	0.9091	946	include
k2p	H3AWU1__Latcha	tr|H3AWU1|H3AWU1_LATCH	Latimeria chalumnae	vertebrate	proteome	high	0.6443	400	include
nav	H3AX65__Latcha	tr|H3AX65|H3AX65_LATCH	Latimeria chalumnae	vertebrate	proteome	high	0.6939	1673	include
lrrc8	H3AX97__Latcha	tr|H3AX97|H3AX97_LATCH	Latimeria chalumnae	vertebrate	proteome	high	0.9963	796	include
kir	H3AXD7__Latcha	tr|H3AXD7|H3AXD7_LATCH	Latimeria chalumnae	vertebrate	proteome	medium	0.3912		profile_medium
ht3	H3AXG3__Latcha	tr|H3AXG3|H3AXG3_LATCH	Latimeria chalumnae	vertebrate	proteome	high	0.9007	424	include
trpv	H3AY32__Latcha	tr|H3AY32|H3AY32_LATCH	Latimeria chalumnae	vertebrate	proteome	high	0.7324	559	include
osca_tmem63	H3AY61__Latcha	tr|H3AY61|H3AY61_LATCH	Latimeria chalumnae	vertebrate	proteome	high	0.9849	830	include
lrrc8	H3AY71__Latcha	tr|H3AY71|H3AY71_LATCH	Latimeria chalumnae	vertebrate	proteome	high	0.9988	793	include
trpa	H3AYS5__Latcha	tr|H3AYS5|H3AYS5_LATCH	Latimeria chalumnae	vertebrate	proteome	high	0.9401	1138	include
catsper	H3AZ44__Latcha	tr|H3AZ44|H3AZ44_LATCH	Latimeria chalumnae	vertebrate	proteome	high	0.6468	460	include
trpv	H3AZ90__Latcha	tr|H3AZ90|H3AZ90_LATCH	Latimeria chalumnae	vertebrate	proteome	high	0.7842	586	include
asic	H3AZ98__Latcha	tr|H3AZ98|H3AZ98_LATCH	Latimeria chalumnae	vertebrate	proteome	high	0.6526	351	include
lrrc8	H3AZN8__Latcha	tr|H3AZN8|H3AZN8_LATCH	Latimeria chalumnae	vertebrate	proteome	high	0.9975	819	include
trpp	H3AZW3__Latcha	tr|H3AZW3|H3AZW3_LATCH	Latimeria chalumnae	vertebrate	proteome	high	0.7113	589	include
trpm	H3B0C1__Latcha	tr|H3B0C1|H3B0C1_LATCH	Latimeria chalumnae	vertebrate	proteome	high	0.6145	1473	include
kir	H3B0E1__Latcha	tr|H3B0E1|H3B0E1_LATCH	Latimeria chalumnae	vertebrate	proteome	high	0.9584	427	include
kv_kcnq	H3B0H4__Latcha	tr|H3B0H4|H3B0H4_LATCH	Latimeria chalumnae	vertebrate	proteome	high	0.8288	605	include
cng	H3B0L7__Latcha	tr|H3B0L7|H3B0L7_LATCH	Latimeria chalumnae	vertebrate	proteome	high	0.9123	662	include
kv_modifier	H3B0U9__Latcha	tr|H3B0U9|H3B0U9_LATCH	Latimeria chalumnae	vertebrate	proteome	high	0.9515	479	include
kir	H3B180__Latcha	tr|H3B180|H3B180_LATCH	Latimeria chalumnae	vertebrate	proteome	high	0.824	363	include
kv_shaker	H3B1G3__Latcha	tr|H3B1G3|H3B1G3_LATCH	Latimeria chalumnae	vertebrate	proteome	high	0.8062	511	include
kir	H3B1J1__Latcha	tr|H3B1J1|H3B1J1_LATCH	Latimeria chalumnae	vertebrate	proteome	high	0.8509	378	include
hcn	H3B1M5__Latcha	tr|H3B1M5|H3B1M5_LATCH	Latimeria chalumnae	vertebrate	proteome	medium	0.4858		profile_medium
clc_channel	H3B1N9__Latcha	tr|H3B1N9|H3B1N9_LATCH	Latimeria chalumnae	vertebrate	proteome	high	0.8617	821	include
cng	H3B226__Latcha	tr|H3B226|H3B226_LATCH	Latimeria chalumnae	vertebrate	proteome	high	0.9519	745	include
trpm	H3B2C4__Latcha	tr|H3B2C4|H3B2C4_LATCH	Latimeria chalumnae	vertebrate	proteome	high	0.5917	1044	include
vdac	H3B2E3__Latcha	tr|H3B2E3|H3B2E3_LATCH	Latimeria chalumnae	vertebrate	proteome	high	0.5791	161	include
gabaa	H3B2F3__Latcha	tr|H3B2F3|H3B2F3_LATCH	Latimeria chalumnae	vertebrate	proteome	high	0.9518	476	include
ryr	H3B2G0__Latcha	tr|H3B2G0|H3B2G0_LATCH	Latimeria chalumnae	vertebrate	proteome	none	0.1908		no_profile_call
vdac	H3B2P0__Latcha	tr|H3B2P0|H3B2P0_LATCH	Latimeria chalumnae	vertebrate	proteome	high	0.9892	338	include
k2p	H3B2X9__Latcha	tr|H3B2X9|H3B2X9_LATCH	Latimeria chalumnae	vertebrate	proteome	high	0.8682	414	include
nmda	H3B3B4__Latcha	tr|H3B3B4|H3B3B4_LATCH	Latimeria chalumnae	vertebrate	proteome	high	0.994	1276	include
piezo	H3B3G1__Latcha	tr|H3B3G1|H3B3G1_LATCH	Latimeria chalumnae	vertebrate	proteome	high	0.8284	2426	include
kir	H3B452__Latcha	tr|H3B452|H3B452_LATCH	Latimeria chalumnae	vertebrate	proteome	high	0.9144	424	include
trpm	H3B456__Latcha	tr|H3B456|H3B456_LATCH	Latimeria chalumnae	vertebrate	proteome	high	0.6845	1178	include
gabaa	H3B4F2__Latcha	tr|H3B4F2|H3B4F2_LATCH	Latimeria chalumnae	vertebrate	proteome	high	0.9254	446	include
kv_modifier	H3B4I1__Latcha	tr|H3B4I1|H3B4I1_LATCH	Latimeria chalumnae	vertebrate	proteome	high	0.9198	508	include
trpc	H3B4S2__Latcha	tr|H3B4S2|H3B4S2_LATCH	Latimeria chalumnae	vertebrate	proteome	medium	0.3393		profile_medium
kir	H3B534__Latcha	tr|H3B534|H3B534_LATCH	Latimeria chalumnae	vertebrate	proteome	high	0.8753	421	include
glyr	H3B5R8__Latcha	tr|H3B5R8|H3B5R8_LATCH	Latimeria chalumnae	vertebrate	proteome	high	0.9762	467	include
kv_modifier	H3B5S3__Latcha	tr|H3B5S3|H3B5S3_LATCH	Latimeria chalumnae	vertebrate	proteome	medium	0.9409		profile_medium
nachr	H3B5V5__Latcha	tr|H3B5V5|H3B5V5_LATCH	Latimeria chalumnae	vertebrate	proteome	high	0.9441	478	include
hcn	H3B5W3__Latcha	tr|H3B5W3|H3B5W3_LATCH	Latimeria chalumnae	vertebrate	proteome	high	0.5181	473	include
connexin	H3B5X0__Latcha	tr|H3B5X0|H3B5X0_LATCH	Latimeria chalumnae	vertebrate	proteome	high	0.9196	404	include
kv_shaker	H3B663__Latcha	tr|H3B663|H3B663_LATCH	Latimeria chalumnae	vertebrate	proteome	high	0.8315	609	include
gabaa	H3B6G5__Latcha	tr|H3B6G5|H3B6G5_LATCH	Latimeria chalumnae	vertebrate	proteome	high	0.9518	544	include
kv_shaker	H3B6H6__Latcha	tr|H3B6H6|H3B6H6_LATCH	Latimeria chalumnae	vertebrate	proteome	high	0.6884	371	include
kca_slo	H3B6R1__Latcha	tr|H3B6R1|H3B6R1_LATCH	Latimeria chalumnae	vertebrate	proteome	high	0.8477	1095	include
tpc	H3B6R7__Latcha	tr|H3B6R7|H3B6R7_LATCH	Latimeria chalumnae	vertebrate	proteome	medium	0.3312		profile_medium
ht3	H3B718__Latcha	tr|H3B718|H3B718_LATCH	Latimeria chalumnae	vertebrate	proteome	high	0.8874	438	include
kca_sk	H3B720__Latcha	tr|H3B720|H3B720_LATCH	Latimeria chalumnae	vertebrate	proteome	medium	0.412		profile_medium
kca_sk	H3B7A2__Latcha	tr|H3B7A2|H3B7A2_LATCH	Latimeria chalumnae	vertebrate	proteome	high	0.9842	680	include
nachr	H3B7C7__Latcha	tr|H3B7C7|H3B7C7_LATCH	Latimeria chalumnae	vertebrate	proteome	high	0.9814	525	include
nachr	H3B7M9__Latcha	tr|H3B7M9|H3B7M9_LATCH	Latimeria chalumnae	vertebrate	proteome	high	0.9814	508	include
gabaa	H3B7R1__Latcha	tr|H3B7R1|H3B7R1_LATCH	Latimeria chalumnae	vertebrate	proteome	high	0.8246	401	include
lrrc8	H3B7R2__Latcha	tr|H3B7R2|H3B7R2_LATCH	Latimeria chalumnae	vertebrate	proteome	high	0.9988	809	include
ht3	H3B7V8__Latcha	tr|H3B7V8|H3B7V8_LATCH	Latimeria chalumnae	vertebrate	proteome	high	0.6711	318	include
kv_shaker	H3B809__Latcha	tr|H3B809|H3B809_LATCH	Latimeria chalumnae	vertebrate	proteome	high	0.8098	491	include
ht3	H3B8F2__Latcha	tr|H3B8F2|H3B8F2_LATCH	Latimeria chalumnae	vertebrate	proteome	high	0.6402	321	include
gabaa	H3B8I3__Latcha	tr|H3B8I3|H3B8I3_LATCH	Latimeria chalumnae	vertebrate	proteome	high	0.943	478	include
kca_slo	H3B8L1__Latcha	tr|H3B8L1|H3B8L1_LATCH	Latimeria chalumnae	vertebrate	proteome	medium	0.3436		profile_medium
itpr	H3B932__Latcha	tr|H3B932|H3B932_LATCH	Latimeria chalumnae	vertebrate	proteome	high	0.9993	2675	include
trpml	H3B935__Latcha	tr|H3B935|H3B935_LATCH	Latimeria chalumnae	vertebrate	proteome	high	0.9124	538	include
kainate	H3B951__Latcha	tr|H3B951|H3B951_LATCH	Latimeria chalumnae	vertebrate	proteome	medium	0.4797		profile_medium
kv_modifier	H3B9G6__Latcha	tr|H3B9G6|H3B9G6_LATCH	Latimeria chalumnae	vertebrate	proteome	medium	0.9409		profile_medium
trpml	H3B9I6__Latcha	tr|H3B9I6|H3B9I6_LATCH	Latimeria chalumnae	vertebrate	proteome	high	0.9422	558	include
cav	H3BA90__Latcha	tr|H3BA90|H3BA90_LATCH	Latimeria chalumnae	vertebrate	proteome	high	0.9158	2064	include
kv_shaker	H3BAD4__Latcha	tr|H3BAD4|H3BAD4_LATCH	Latimeria chalumnae	vertebrate	proteome	medium	0.6486		profile_medium
gabaa	H3BAK4__Latcha	tr|H3BAK4|H3BAK4_LATCH	Latimeria chalumnae	vertebrate	proteome	high	0.9518	450	include
kir	H3BAR9__Latcha	tr|H3BAR9|H3BAR9_LATCH	Latimeria chalumnae	vertebrate	proteome	high	0.8631	392	include
k2p	H3BAU4__Latcha	tr|H3BAU4|H3BAU4_LATCH	Latimeria chalumnae	vertebrate	proteome	high	0.7612	319	include
ht3	H3BAU5__Latcha	tr|H3BAU5|H3BAU5_LATCH	Latimeria chalumnae	vertebrate	proteome	high	0.9051	467	include
ht3	H3BAY9__Latcha	tr|H3BAY9|H3BAY9_LATCH	Latimeria chalumnae	vertebrate	proteome	high	0.8874	442	include
kir	H3BB39__Latcha	tr|H3BB39|H3BB39_LATCH	Latimeria chalumnae	vertebrate	proteome	high	0.8802	373	include
kir	H3BBD9__Latcha	tr|H3BBD9|H3BBD9_LATCH	Latimeria chalumnae	vertebrate	proteome	high	0.6601	309	include
asic	H3BBK8__Latcha	tr|H3BBK8|H3BBK8_LATCH	Latimeria chalumnae	vertebrate	proteome	medium	0.3417		profile_medium
kca_slo	H3BBU5__Latcha	tr|H3BBU5|H3BBU5_LATCH	Latimeria chalumnae	vertebrate	proteome	high	0.5875	909	include
kir	H3BC47__Latcha	tr|H3BC47|H3BC47_LATCH	Latimeria chalumnae	vertebrate	proteome	high	0.8655	370	include
k2p	H3BC59__Latcha	tr|H3BC59|H3BC59_LATCH	Latimeria chalumnae	vertebrate	proteome	high	0.7338	444	include
pannexin	H3BCF1__Latcha	tr|H3BCF1|H3BCF1_LATCH	Latimeria chalumnae	vertebrate	proteome	high	0.9977	681	include
tpc	H3BCK6__Latcha	tr|H3BCK6|H3BCK6_LATCH	Latimeria chalumnae	vertebrate	proteome	high	0.8547	743	include
vdac	H3BCN0__Latcha	tr|H3BCN0|H3BCN0_LATCH	Latimeria chalumnae	vertebrate	proteome	high	0.9964	303	include
kv_modifier	H3BCP8__Latcha	tr|H3BCP8|H3BCP8_LATCH	Latimeria chalumnae	vertebrate	proteome	medium	0.8861		profile_medium
trpp	H3BCQ8__Latcha	tr|H3BCQ8|H3BCQ8_LATCH	Latimeria chalumnae	vertebrate	proteome	high	0.9294	741	include
bestrophin	H3BCY9__Latcha	tr|H3BCY9|H3BCY9_LATCH	Latimeria chalumnae	vertebrate	proteome	high	0.9393	675	include
p2x	H3BD16__Latcha	tr|H3BD16|H3BD16_LATCH	Latimeria chalumnae	vertebrate	proteome	high	0.8659	388	include
glyr	H3BDA1__Latcha	tr|H3BDA1|H3BDA1_LATCH	Latimeria chalumnae	vertebrate	proteome	high	0.9719	459	include
cav	H3BDR9__Latcha	tr|H3BDR9|H3BDR9_LATCH	Latimeria chalumnae	vertebrate	proteome	high	0.9538	1866	include
catsper	H3BDW1__Latcha	tr|H3BDW1|H3BDW1_LATCH	Latimeria chalumnae	vertebrate	proteome	high	0.7084	364	include
cng	H3BE11__Latcha	tr|H3BE11|H3BE11_LATCH	Latimeria chalumnae	vertebrate	proteome	medium	0.6167		profile_medium
kv_eag	H3BEM8__Latcha	tr|H3BEM8|H3BEM8_LATCH	Latimeria chalumnae	vertebrate	proteome	high	0.8883	961	include
glyr	H3BEZ6__Latcha	tr|H3BEZ6|H3BEZ6_LATCH	Latimeria chalumnae	vertebrate	proteome	high	0.8571	389	include
kainate	H3BF36__Latcha	tr|H3BF36|H3BF36_LATCH	Latimeria chalumnae	vertebrate	proteome	high	0.9594	895	include
tric	H3BFG3__Latcha	tr|H3BFG3|H3BFG3_LATCH	Latimeria chalumnae	vertebrate	proteome	high	1.0	300	include
kv_shaker	H3BFQ1__Latcha	tr|H3BFQ1|H3BFQ1_LATCH	Latimeria chalumnae	vertebrate	proteome	high	0.8768	599	include
connexin	H3BG20__Latcha	tr|H3BG20|H3BG20_LATCH	Latimeria chalumnae	vertebrate	proteome	high	0.8199	300	include
trpm	H3BG72__Latcha	tr|H3BG72|H3BG72_LATCH	Latimeria chalumnae	vertebrate	proteome	high	0.9875	1887	include
kv_shaker	H3BG81__Latcha	tr|H3BG81|H3BG81_LATCH	Latimeria chalumnae	vertebrate	proteome	high	0.8261	479	include
trpm	H3BGC2__Latcha	tr|H3BGC2|H3BGC2_LATCH	Latimeria chalumnae	vertebrate	proteome	high	0.6566	1235	include
kv_shaker	H3BGC7__Latcha	tr|H3BGC7|H3BGC7_LATCH	Latimeria chalumnae	vertebrate	proteome	high	0.6268	320	include
p2x	H3BGE0__Latcha	tr|H3BGE0|H3BGE0_LATCH	Latimeria chalumnae	vertebrate	proteome	high	0.9153	403	include
orai	H3BGF5__Latcha	tr|H3BGF5|H3BGF5_LATCH	Latimeria chalumnae	vertebrate	proteome	high	0.8667	256	include
kv_shaker	H3BGG4__Latcha	tr|H3BGG4|H3BGG4_LATCH	Latimeria chalumnae	vertebrate	proteome	high	0.8623	492	include
ampa	H3BGJ5__Latcha	tr|H3BGJ5|H3BGJ5_LATCH	Latimeria chalumnae	vertebrate	proteome	high	0.9058	835	include
ryr	H3BGR5__Latcha	tr|H3BGR5|H3BGR5_LATCH	Latimeria chalumnae	vertebrate	proteome	high	0.9964	5024	include
kir	H3BGW3__Latcha	tr|H3BGW3|H3BGW3_LATCH	Latimeria chalumnae	vertebrate	proteome	high	0.89	382	include
ht3	H3BGZ5__Latcha	tr|H3BGZ5|H3BGZ5_LATCH	Latimeria chalumnae	vertebrate	proteome	high	0.9139	469	include
ht3	H3BH03__Latcha	tr|H3BH03|H3BH03_LATCH	Latimeria chalumnae	vertebrate	proteome	high	0.9227	481	include
enac	H3BHF6__Latcha	tr|H3BHF6|H3BHF6_LATCH	Latimeria chalumnae	vertebrate	proteome	high	0.8729	565	include
nav	H3BHX5__Latcha	tr|H3BHX5|H3BHX5_LATCH	Latimeria chalumnae	vertebrate	proteome	high	0.7769	1587	include
k2p	H3BI12__Latcha	tr|H3BI12|H3BI12_LATCH	Latimeria chalumnae	vertebrate	proteome	high	0.6766	323	include
kv_eag	H3BIF6__Latcha	tr|H3BIF6|H3BIF6_LATCH	Latimeria chalumnae	vertebrate	proteome	high	0.8953	911	include
gabaa	H3BIP1__Latcha	tr|H3BIP1|H3BIP1_LATCH	Latimeria chalumnae	vertebrate	proteome	high	0.9101	436	include
kca_slo	H9G2R4__Caeele	tr|H9G2R4|H9G2R4_CAEEL	Caenorhabditis elegans	invertebrate	proteome	high	0.8966	1143	include
pannexin	H9G3D5__Anocar	tr|H9G3D5|H9G3D5_ANOCA	Anolis carolinensis	vertebrate	proteome	high	0.8688	408	include
enac	H9G438__Anocar	tr|H9G438|H9G438_ANOCA	Anolis carolinensis	vertebrate	proteome	high	0.6775	535	include
trpv	H9G4E8__Anocar	tr|H9G4E8|H9G4E8_ANOCA	Anolis carolinensis	vertebrate	proteome	high	0.9162	726	include
nav	H9G4U9__Anocar	tr|H9G4U9|H9G4U9_ANOCA	Anolis carolinensis	vertebrate	proteome	high	0.9955	1974	include
tmem175	H9G4Z7__Anocar	tr|H9G4Z7|H9G4Z7_ANOCA	Anolis carolinensis	vertebrate	proteome	high	0.9503	491	include
kir	H9G5K9__Anocar	tr|H9G5K9|H9G5K9_ANOCA	Anolis carolinensis	vertebrate	proteome	high	0.9731	439	include
orai	H9G5R2__Anocar	tr|H9G5R2|H9G5R2_ANOCA	Anolis carolinensis	vertebrate	proteome	high	0.8185	226	include
nav	H9G5U5__Anocar	tr|H9G5U5|H9G5U5_ANOCA	Anolis carolinensis	vertebrate	proteome	high	0.9994	1957	include
hv1	H9G5V6__Anocar	tr|H9G5V6|H9G5V6_ANOCA	Anolis carolinensis	vertebrate	proteome	high	0.9216	246	include
nachr	H9G647__Anocar	tr|H9G647|H9G647_ANOCA	Anolis carolinensis	vertebrate	proteome	high	0.9337	447	include
nachr	H9G664__Anocar	tr|H9G664|H9G664_ANOCA	Anolis carolinensis	vertebrate	proteome	high	0.9669	527	include
nav	H9G6C5__Anocar	tr|H9G6C5|H9G6C5_ANOCA	Anolis carolinensis	vertebrate	proteome	high	0.9994	2011	include
kv_eag	H9G6I6__Anocar	tr|H9G6I6|H9G6I6_ANOCA	Anolis carolinensis	vertebrate	proteome	high	0.9053	1045	include
trpm	H9G719__Anocar	tr|H9G719|H9G719_ANOCA	Anolis carolinensis	vertebrate	proteome	medium	0.4624		profile_medium
kainate	H9G757__Anocar	tr|H9G757|H9G757_ANOCA	Anolis carolinensis	vertebrate	proteome	high	0.9813	959	include
kv_eag	H9G7C4__Anocar	tr|H9G7C4|H9G7C4_ANOCA	Anolis carolinensis	vertebrate	proteome	medium	0.3061		profile_medium
enac	H9G7H4__Anocar	tr|H9G7H4|H9G7H4_ANOCA	Anolis carolinensis	vertebrate	proteome	medium	0.4481		profile_medium
bestrophin	H9G7N3__Anocar	tr|H9G7N3|H9G7N3_ANOCA	Anolis carolinensis	vertebrate	proteome	high	0.8615	561	include
lrrc8	H9G7Z5__Anocar	tr|H9G7Z5|H9G7Z5_ANOCA	Anolis carolinensis	vertebrate	proteome	high	0.9988	810	include
kv_kcnq	H9G8U0__Anocar	tr|H9G8U0|H9G8U0_ANOCA	Anolis carolinensis	vertebrate	proteome	high	0.9219	680	include
kv_kcnq	H9G8W4__Anocar	tr|H9G8W4|H9G8W4_ANOCA	Anolis carolinensis	vertebrate	proteome	high	0.8498	883	include
kca_sk	H9G9A0__Anocar	tr|H9G9A0|H9G9A0_ANOCA	Anolis carolinensis	vertebrate	proteome	high	0.5705	368	include
bestrophin	H9G9C8__Anocar	tr|H9G9C8|H9G9C8_ANOCA	Anolis carolinensis	vertebrate	proteome	high	0.9658	677	include
catsper	H9G9E7__Anocar	tr|H9G9E7|H9G9E7_ANOCA	Anolis carolinensis	vertebrate	proteome	high	0.5749	440	include
tpc	H9G9M0__Anocar	tr|H9G9M0|H9G9M0_ANOCA	Anolis carolinensis	vertebrate	proteome	high	0.9869	806	include
nachr	H9GA55__Anocar	tr|H9GA55|H9GA55_ANOCA	Anolis carolinensis	vertebrate	proteome	high	0.9731	457	include
nachr	H9GA97__Anocar	tr|H9GA97|H9GA97_ANOCA	Anolis carolinensis	vertebrate	proteome	high	0.9648	512	include
nachr	H9GAE2__Anocar	tr|H9GAE2|H9GAE2_ANOCA	Anolis carolinensis	vertebrate	proteome	high	0.9669	497	include
nachr	H9GAG5__Anocar	tr|H9GAG5|H9GAG5_ANOCA	Anolis carolinensis	vertebrate	proteome	high	0.8882	456	include
piezo	H9GAY2__Anocar	tr|H9GAY2|H9GAY2_ANOCA	Anolis carolinensis	vertebrate	proteome	high	0.8148	2079	include
k2p	H9GBM2__Anocar	tr|H9GBM2|H9GBM2_ANOCA	Anolis carolinensis	vertebrate	proteome	high	0.5249	277	include
cng	H9GBP5__Anocar	tr|H9GBP5|H9GBP5_ANOCA	Anolis carolinensis	vertebrate	proteome	high	0.819	608	include
gabaa	H9GBY9__Anocar	tr|H9GBY9|H9GBY9_ANOCA	Anolis carolinensis	vertebrate	proteome	high	0.9342	447	include
piezo	H9GC02__Anocar	tr|H9GC02|H9GC02_ANOCA	Anolis carolinensis	vertebrate	proteome	high	0.7724	2120	include
gabaa	H9GC12__Anocar	tr|H9GC12|H9GC12_ANOCA	Anolis carolinensis	vertebrate	proteome	high	0.7632	380	include
clc_channel	H9GCB3__Anocar	tr|H9GCB3|H9GCB3_ANOCA	Anolis carolinensis	vertebrate	proteome	high	0.9626	988	include
kv_shaker	H9GCR2__Anocar	tr|H9GCR2|H9GCR2_ANOCA	Anolis carolinensis	vertebrate	proteome	high	0.6884	621	include
orai	H9GCV4__Anocar	tr|H9GCV4|H9GCV4_ANOCA	Anolis carolinensis	vertebrate	proteome	high	0.9111	285	include
kv_modifier	H9GDE1__Anocar	tr|H9GDE1|H9GDE1_ANOCA	Anolis carolinensis	vertebrate	proteome	high	0.9262	508	include
kir	H9GDN6__Anocar	tr|H9GDN6|H9GDN6_ANOCA	Anolis carolinensis	vertebrate	proteome	high	0.9364	457	include
trpv	H9GDW0__Anocar	tr|H9GDW0|H9GDW0_ANOCA	Anolis carolinensis	vertebrate	proteome	high	0.8471	733	include
nachr	H9GDY4__Anocar	tr|H9GDY4|H9GDY4_ANOCA	Anolis carolinensis	vertebrate	proteome	high	0.824	468	include
clc_channel	H9GEF9__Anocar	tr|H9GEF9|H9GEF9_ANOCA	Anolis carolinensis	vertebrate	proteome	high	0.6927	628	include
nachr	H9GEM0__Anocar	tr|H9GEM0|H9GEM0_ANOCA	Anolis carolinensis	vertebrate	proteome	high	0.8178	414	include
kir	H9GER1__Anocar	tr|H9GER1|H9GER1_ANOCA	Anolis carolinensis	vertebrate	proteome	high	0.8509	541	include
ht3	H9GEY9__Anocar	tr|H9GEY9|H9GEY9_ANOCA	Anolis carolinensis	vertebrate	proteome	high	0.8985	459	include
nav	H9GF31__Anocar	tr|H9GF31|H9GF31_ANOCA	Anolis carolinensis	vertebrate	proteome	high	0.7472	1553	include
k2p	H9GG45__Anocar	tr|H9GG45|H9GG45_ANOCA	Anolis carolinensis	vertebrate	proteome	high	0.6393	454	include
nmda	H9GGI2__Anocar	tr|H9GGI2|H9GGI2_ANOCA	Anolis carolinensis	vertebrate	proteome	high	0.9966	1500	include
otop	H9GGY3__Anocar	tr|H9GGY3|H9GGY3_ANOCA	Anolis carolinensis	vertebrate	proteome	high	0.9071	597	include
nachr	H9GH59__Anocar	tr|H9GH59|H9GH59_ANOCA	Anolis carolinensis	vertebrate	proteome	high	0.9917	530	include
otop	H9GH70__Anocar	tr|H9GH70|H9GH70_ANOCA	Anolis carolinensis	vertebrate	proteome	high	0.8985	558	include
cng	H9GHD3__Anocar	tr|H9GHD3|H9GHD3_ANOCA	Anolis carolinensis	vertebrate	proteome	high	0.6704	558	include
connexin	H9GHG0__Anocar	tr|H9GHG0|H9GHG0_ANOCA	Anolis carolinensis	vertebrate	proteome	high	0.8103	301	include
kainate	H9GI71__Anocar	tr|H9GI71|H9GI71_ANOCA	Anolis carolinensis	vertebrate	proteome	medium	0.4874		profile_medium
kir	H9GII1__Anocar	tr|H9GII1|H9GII1_ANOCA	Anolis carolinensis	vertebrate	proteome	high	0.9829	425	include
kir	H9GII7__Anocar	tr|H9GII7|H9GII7_ANOCA	Anolis carolinensis	vertebrate	proteome	high	0.8582	424	include
kir	H9GIV0__Anocar	tr|H9GIV0|H9GIV0_ANOCA	Anolis carolinensis	vertebrate	proteome	high	0.6724	301	include
kca_slo	H9GIV1__Anocar	tr|H9GIV1|H9GIV1_ANOCA	Anolis carolinensis	vertebrate	proteome	high	0.8577	1112	include
kv_kcnq	H9GJ12__Anocar	tr|H9GJ12|H9GJ12_ANOCA	Anolis carolinensis	vertebrate	proteome	high	0.8769	690	include
vdac	H9GJG4__Anocar	tr|H9GJG4|H9GJG4_ANOCA	Anolis carolinensis	vertebrate	proteome	high	0.9964	298	include
connexin	H9GJX3__Anocar	tr|H9GJX3|H9GJX3_ANOCA	Anolis carolinensis	vertebrate	proteome	high	0.9743	352	include
connexin	H9GJX4__Anocar	tr|H9GJX4|H9GJX4_ANOCA	Anolis carolinensis	vertebrate	proteome	high	0.7814	265	include
connexin	H9GJX5__Anocar	tr|H9GJX5|H9GJX5_ANOCA	Anolis carolinensis	vertebrate	proteome	high	0.7878	281	include
trpc	H9GK00__Anocar	tr|H9GK00|H9GK00_ANOCA	Anolis carolinensis	vertebrate	proteome	high	0.9633	988	include
gabaa	H9GK80__Anocar	tr|H9GK80|H9GK80_ANOCA	Anolis carolinensis	vertebrate	proteome	high	0.9276	485	include
kv_eag	H9GKH5__Anocar	tr|H9GKH5|H9GKH5_ANOCA	Anolis carolinensis	vertebrate	proteome	high	0.8963	1132	include
kv_modifier	H9GL35__Anocar	tr|H9GL35|H9GL35_ANOCA	Anolis carolinensis	vertebrate	proteome	high	0.8734	481	include
enac	H9GLJ5__Anocar	tr|H9GLJ5|H9GLJ5_ANOCA	Anolis carolinensis	vertebrate	proteome	high	0.9721	643	include
nachr	H9GLK1__Anocar	tr|H9GLK1|H9GLK1_ANOCA	Anolis carolinensis	vertebrate	proteome	high	0.646	405	include
connexin	H9GLZ9__Anocar	tr|H9GLZ9|H9GLZ9_ANOCA	Anolis carolinensis	vertebrate	proteome	high	0.8842	279	include
nachr	H9GMJ0__Anocar	tr|H9GMJ0|H9GMJ0_ANOCA	Anolis carolinensis	vertebrate	proteome	high	0.8758	468	include
kir	H9GMX9__Anocar	tr|H9GMX9|H9GMX9_ANOCA	Anolis carolinensis	vertebrate	proteome	high	0.9071	416	include
nmda	H9GN37__Anocar	tr|H9GN37|H9GN37_ANOCA	Anolis carolinensis	vertebrate	proteome	high	0.9463	1270	include
vdac	H9GNA5__Anocar	tr|H9GNA5|H9GNA5_ANOCA	Anolis carolinensis	vertebrate	proteome	high	0.9892	338	include
kir	H9GNK1__Anocar	tr|H9GNK1|H9GNK1_ANOCA	Anolis carolinensis	vertebrate	proteome	high	0.9046	418	include
kainate	H9GP90__Anocar	tr|H9GP90|H9GP90_ANOCA	Anolis carolinensis	vertebrate	proteome	high	0.9846	946	include
bestrophin	H9GPF0__Anocar	tr|H9GPF0|H9GPF0_ANOCA	Anolis carolinensis	vertebrate	proteome	high	0.926	765	include
cng	H9GQC1__Anocar	tr|H9GQC1|H9GQC1_ANOCA	Anolis carolinensis	vertebrate	proteome	high	0.7383	628	include
p2x	H9GQC6__Anocar	tr|H9GQC6|H9GQC6_ANOCA	Anolis carolinensis	vertebrate	proteome	high	0.9365	572	include
enac	H9GQH7__Anocar	tr|H9GQH7|H9GQH7_ANOCA	Anolis carolinensis	vertebrate	proteome	medium	0.4589		profile_medium
kv_shaker	H9GSG2__Anocar	tr|H9GSG2|H9GSG2_ANOCA	Anolis carolinensis	vertebrate	proteome	medium	0.7283		profile_medium
kir	H9GTA0__Anocar	tr|H9GTA0|H9GTA0_ANOCA	Anolis carolinensis	vertebrate	proteome	high	0.9609	455	include
kv_shaker	H9GTM8__Anocar	tr|H9GTM8|H9GTM8_ANOCA	Anolis carolinensis	vertebrate	proteome	high	0.5634	399	include
clc_channel	H9GU63__Anocar	tr|H9GU63|H9GU63_ANOCA	Anolis carolinensis	vertebrate	proteome	medium	0.3617		profile_medium
kir	H9H728__Mondom	tr|H9H728|H9H728_MONDO	Monodelphis domestica	vertebrate	proteome	high	0.8875	440	include
p2x	H9H7K5__Mondom	tr|H9H7K5|H9H7K5_MONDO	Monodelphis domestica	vertebrate	proteome	high	0.7812	585	include
k2p	I2HAD3__Caeele	tr|I2HAD3|I2HAD3_CAEEL	Caenorhabditis elegans	invertebrate	proteome	high	0.6318	443	include
connexin	I3ITL1__Danrer	tr|I3ITL1|I3ITL1_DANRE	Danio rerio	vertebrate	proteome	high	0.8232	394	include
cng	I7LT02__Tetthe	tr|I7LT02|I7LT02_TETTS	Tetrahymena thermophila	ciliate	proteome	high	0.7779	1188	include
kv_eag	I7LTB7__Tetthe	tr|I7LTB7|I7LTB7_TETTS	Tetrahymena thermophila	ciliate	proteome	medium	0.658		profile_medium
cng	I7LTI0__Tetthe	tr|I7LTI0|I7LTI0_TETTS	Tetrahymena thermophila	ciliate	proteome	medium	0.3182		profile_medium
cng	I7LTJ6__Tetthe	tr|I7LTJ6|I7LTJ6_TETTS	Tetrahymena thermophila	ciliate	proteome	high	0.8557	1172	include
cng	I7LU08__Tetthe	tr|I7LU08|I7LU08_TETTS	Tetrahymena thermophila	ciliate	proteome	high	0.7454	1335	include
itpr	I7LUE7__Tetthe	tr|I7LUE7|I7LUE7_TETTS	Tetrahymena thermophila	ciliate	proteome	high	0.6904	3056	include
cng	I7LUG2__Tetthe	tr|I7LUG2|I7LUG2_TETTS	Tetrahymena thermophila	ciliate	proteome	medium	0.7199		profile_medium
cng	I7LUW3__Tetthe	tr|I7LUW3|I7LUW3_TETTS	Tetrahymena thermophila	ciliate	proteome	medium	0.4257		profile_medium
trpml	I7LV23__Tetthe	tr|I7LV23|I7LV23_TETTS	Tetrahymena thermophila	ciliate	proteome	medium	0.3468		profile_medium
cng	I7LVA4__Tetthe	tr|I7LVA4|I7LVA4_TETTS	Tetrahymena thermophila	ciliate	proteome	high	0.7836	1516	include
cng	I7LVI3__Tetthe	tr|I7LVI3|I7LVI3_TETTS	Tetrahymena thermophila	ciliate	proteome	high	0.6747	1335	include
kca_slo	I7LVQ2__Tetthe	tr|I7LVQ2|I7LVQ2_TETTS	Tetrahymena thermophila	ciliate	proteome	medium	0.485		profile_medium
cng	I7LVV8__Tetthe	tr|I7LVV8|I7LVV8_TETTS	Tetrahymena thermophila	ciliate	proteome	high	0.6931	1158	include
kv_eag	I7LVX2__Tetthe	tr|I7LVX2|I7LVX2_TETTS	Tetrahymena thermophila	ciliate	proteome	medium	0.6969		profile_medium
cng	I7LW55__Tetthe	tr|I7LW55|I7LW55_TETTS	Tetrahymena thermophila	ciliate	proteome	high	0.7553	1867	include
cng	I7LWB9__Tetthe	tr|I7LWB9|I7LWB9_TETTS	Tetrahymena thermophila	ciliate	proteome	medium	0.4851		profile_medium
osca_tmem63	I7LWU1__Tetthe	tr|I7LWU1|I7LWU1_TETTS	Tetrahymena thermophila	ciliate	proteome	medium	0.3899		profile_medium
kv_eag	I7LX47__Tetthe	tr|I7LX47|I7LX47_TETTS	Tetrahymena thermophila	ciliate	proteome	medium	0.5244		profile_medium
mcu	I7LX52__Tetthe	tr|I7LX52|I7LX52_TETTS	Tetrahymena thermophila	ciliate	proteome	medium	0.3884		profile_medium
catsper	I7LXV2__Tetthe	tr|I7LXV2|I7LXV2_TETTS	Tetrahymena thermophila	ciliate	proteome	medium	0.462		profile_medium
cng	I7LXZ6__Tetthe	tr|I7LXZ6|I7LXZ6_TETTS	Tetrahymena thermophila	ciliate	proteome	medium	0.4441		profile_medium
cng	I7LY21__Tetthe	tr|I7LY21|I7LY21_TETTS	Tetrahymena thermophila	ciliate	proteome	high	0.9052	3302	include
cng	I7M039__Tetthe	tr|I7M039|I7M039_TETTS	Tetrahymena thermophila	ciliate	proteome	high	0.5304	1242	include
kca_sk	I7M086__Tetthe	tr|I7M086|I7M086_TETTS	Tetrahymena thermophila	ciliate	proteome	medium	0.6593		profile_medium
itpr	I7M0A1__Tetthe	tr|I7M0A1|I7M0A1_TETTS	Tetrahymena thermophila	ciliate	proteome	medium	0.3413		profile_medium
cng	I7M0D3__Tetthe	tr|I7M0D3|I7M0D3_TETTS	Tetrahymena thermophila	ciliate	proteome	medium	0.8331		profile_medium
cng	I7M0H3__Tetthe	tr|I7M0H3|I7M0H3_TETTS	Tetrahymena thermophila	ciliate	proteome	high	0.5347	1792	include
mcu	I7M0N6__Tetthe	tr|I7M0N6|I7M0N6_TETTS	Tetrahymena thermophila	ciliate	proteome	medium	0.4435		profile_medium
itpr	I7M136__Tetthe	tr|I7M136|I7M136_TETTS	Tetrahymena thermophila	ciliate	proteome	high	0.7716	2860	include
cng	I7M1E3__Tetthe	tr|I7M1E3|I7M1E3_TETTS	Tetrahymena thermophila	ciliate	proteome	medium	0.7808		profile_medium
cng	I7M1K9__Tetthe	tr|I7M1K9|I7M1K9_TETTS	Tetrahymena thermophila	ciliate	proteome	medium	0.3635		profile_medium
cng	I7M1M6__Tetthe	tr|I7M1M6|I7M1M6_TETTS	Tetrahymena thermophila	ciliate	proteome	high	0.7793	1307	include
kv_eag	I7M1T6__Tetthe	tr|I7M1T6|I7M1T6_TETTS	Tetrahymena thermophila	ciliate	proteome	medium	0.7567		profile_medium
cng	I7M1Z9__Tetthe	tr|I7M1Z9|I7M1Z9_TETTS	Tetrahymena thermophila	ciliate	proteome	medium	0.4965		profile_medium
itpr	I7M298__Tetthe	tr|I7M298|I7M298_TETTS	Tetrahymena thermophila	ciliate	proteome	medium	0.3749		profile_medium
cng	I7M2L7__Tetthe	tr|I7M2L7|I7M2L7_TETTS	Tetrahymena thermophila	ciliate	proteome	medium	0.4639		profile_medium
cng	I7M2N4__Tetthe	tr|I7M2N4|I7M2N4_TETTS	Tetrahymena thermophila	ciliate	proteome	medium	0.6153		profile_medium
kv_eag	I7M341__Tetthe	tr|I7M341|I7M341_TETTS	Tetrahymena thermophila	ciliate	proteome	medium	0.4696		profile_medium
kv_shaker	I7M4G0__Tetthe	tr|I7M4G0|I7M4G0_TETTS	Tetrahymena thermophila	ciliate	proteome	medium	0.7192		profile_medium
cng	I7M4I1__Tetthe	tr|I7M4I1|I7M4I1_TETTS	Tetrahymena thermophila	ciliate	proteome	medium	0.6648		profile_medium
cng	I7M4K1__Tetthe	tr|I7M4K1|I7M4K1_TETTS	Tetrahymena thermophila	ciliate	proteome	medium	0.8402		profile_medium
cng	I7M6G3__Tetthe	tr|I7M6G3|I7M6G3_TETTS	Tetrahymena thermophila	ciliate	proteome	high	0.6888	1163	include
cng	I7M6I6__Tetthe	tr|I7M6I6|I7M6I6_TETTS	Tetrahymena thermophila	ciliate	proteome	medium	0.6322		profile_medium
cng	I7M7B4__Tetthe	tr|I7M7B4|I7M7B4_TETTS	Tetrahymena thermophila	ciliate	proteome	high	0.802	966	include
cng	I7M7Z2__Tetthe	tr|I7M7Z2|I7M7Z2_TETTS	Tetrahymena thermophila	ciliate	proteome	high	0.5276	883	include
cng	I7M8H7__Tetthe	tr|I7M8H7|I7M8H7_TETTS	Tetrahymena thermophila	ciliate	proteome	medium	0.662		profile_medium
cng	I7M8V2__Tetthe	tr|I7M8V2|I7M8V2_TETTS	Tetrahymena thermophila	ciliate	proteome	medium	0.4116		profile_medium
cng	I7M8Y8__Tetthe	tr|I7M8Y8|I7M8Y8_TETTS	Tetrahymena thermophila	ciliate	proteome	high	0.7992	1276	include
cng	I7M953__Tetthe	tr|I7M953|I7M953_TETTS	Tetrahymena thermophila	ciliate	proteome	high	0.7228	1426	include
trpml	I7M9T6__Tetthe	tr|I7M9T6|I7M9T6_TETTS	Tetrahymena thermophila	ciliate	proteome	medium	0.38		profile_medium
osca_tmem63	I7M9V3__Tetthe	tr|I7M9V3|I7M9V3_TETTS	Tetrahymena thermophila	ciliate	proteome	high	0.5698	812	include
kv_eag	I7M9Y6__Tetthe	tr|I7M9Y6|I7M9Y6_TETTS	Tetrahymena thermophila	ciliate	proteome	medium	0.5184		profile_medium
cng	I7MAD7__Tetthe	tr|I7MAD7|I7MAD7_TETTS	Tetrahymena thermophila	ciliate	proteome	medium	0.4413		profile_medium
cng	I7MAE8__Tetthe	tr|I7MAE8|I7MAE8_TETTS	Tetrahymena thermophila	ciliate	proteome	high	0.6252	1432	include
kv_eag	I7MAP2__Tetthe	tr|I7MAP2|I7MAP2_TETTS	Tetrahymena thermophila	ciliate	proteome	high	0.7328	1144	include
cng	I7MAT8__Tetthe	tr|I7MAT8|I7MAT8_TETTS	Tetrahymena thermophila	ciliate	proteome	high	0.7044	1512	include
cng	I7MAY4__Tetthe	tr|I7MAY4|I7MAY4_TETTS	Tetrahymena thermophila	ciliate	proteome	high	0.6917	1270	include
cng	I7MB04__Tetthe	tr|I7MB04|I7MB04_TETTS	Tetrahymena thermophila	ciliate	proteome	high	0.6973	1442	include
cng	I7MB14__Tetthe	tr|I7MB14|I7MB14_TETTS	Tetrahymena thermophila	ciliate	proteome	medium	0.4229		profile_medium
cng	I7MB30__Tetthe	tr|I7MB30|I7MB30_TETTS	Tetrahymena thermophila	ciliate	proteome	medium	0.9066		profile_medium
cng	I7MB83__Tetthe	tr|I7MB83|I7MB83_TETTS	Tetrahymena thermophila	ciliate	proteome	medium	0.471		profile_medium
cng	I7MCK9__Tetthe	tr|I7MCK9|I7MCK9_TETTS	Tetrahymena thermophila	ciliate	proteome	medium	0.331		profile_medium
cng	I7MCT5__Tetthe	tr|I7MCT5|I7MCT5_TETTS	Tetrahymena thermophila	ciliate	proteome	high	0.7666	1261	include
kv_eag	I7MD27__Tetthe	tr|I7MD27|I7MD27_TETTS	Tetrahymena thermophila	ciliate	proteome	medium	0.5523		profile_medium
kv_eag	I7MD64__Tetthe	tr|I7MD64|I7MD64_TETTS	Tetrahymena thermophila	ciliate	proteome	medium	0.3829		profile_medium
itpr	I7MD72__Tetthe	tr|I7MD72|I7MD72_TETTS	Tetrahymena thermophila	ciliate	proteome	medium	0.3731		profile_medium
kca_sk	I7MD84__Tetthe	tr|I7MD84|I7MD84_TETTS	Tetrahymena thermophila	ciliate	proteome	medium	0.5911		profile_medium
vdac	I7MDH0__Tetthe	tr|I7MDH0|I7MDH0_TETTS	Tetrahymena thermophila	ciliate	proteome	none	0.2842		no_profile_call
tpc	I7MDP9__Tetthe	tr|I7MDP9|I7MDP9_TETTS	Tetrahymena thermophila	ciliate	proteome	high	0.7055	718	include
cng	I7MDT3__Tetthe	tr|I7MDT3|I7MDT3_TETTS	Tetrahymena thermophila	ciliate	proteome	high	0.7694	1181	include
itpr	I7MEA3__Tetthe	tr|I7MEA3|I7MEA3_TETTS	Tetrahymena thermophila	ciliate	proteome	medium	0.4458		profile_medium
cng	I7MEJ7__Tetthe	tr|I7MEJ7|I7MEJ7_TETTS	Tetrahymena thermophila	ciliate	proteome	medium	0.7214		profile_medium
kv_eag	I7MEV9__Tetthe	tr|I7MEV9|I7MEV9_TETTS	Tetrahymena thermophila	ciliate	proteome	medium	0.6949		profile_medium
cng	I7MEZ7__Tetthe	tr|I7MEZ7|I7MEZ7_TETTS	Tetrahymena thermophila	ciliate	proteome	medium	0.761		profile_medium
cng	I7MFA9__Tetthe	tr|I7MFA9|I7MFA9_TETTS	Tetrahymena thermophila	ciliate	proteome	high	0.6421	1109	include
cng	I7MFM3__Tetthe	tr|I7MFM3|I7MFM3_TETTS	Tetrahymena thermophila	ciliate	proteome	high	0.7016	1157	include
cng	I7MFZ5__Tetthe	tr|I7MFZ5|I7MFZ5_TETTS	Tetrahymena thermophila	ciliate	proteome	high	0.7044	1243	include
cng	I7MG16__Tetthe	tr|I7MG16|I7MG16_TETTS	Tetrahymena thermophila	ciliate	proteome	medium	0.4257		profile_medium
cng	I7MG36__Tetthe	tr|I7MG36|I7MG36_TETTS	Tetrahymena thermophila	ciliate	proteome	high	0.7907	1466	include
cng	I7MG53__Tetthe	tr|I7MG53|I7MG53_TETTS	Tetrahymena thermophila	ciliate	proteome	medium	0.3692		profile_medium
cav	I7MGB5__Tetthe	tr|I7MGB5|I7MGB5_TETTS	Tetrahymena thermophila	ciliate	proteome	high	0.8459	1999	include
cng	I7MGH9__Tetthe	tr|I7MGH9|I7MGH9_TETTS	Tetrahymena thermophila	ciliate	proteome	medium	0.3083		profile_medium
cng	I7MGU7__Tetthe	tr|I7MGU7|I7MGU7_TETTS	Tetrahymena thermophila	ciliate	proteome	high	0.628	1230	include
trpp	I7MH64__Tetthe	tr|I7MH64|I7MH64_TETTS	Tetrahymena thermophila	ciliate	proteome	medium	0.4957		profile_medium
cng	I7MHB5__Tetthe	tr|I7MHB5|I7MHB5_TETTS	Tetrahymena thermophila	ciliate	proteome	medium	0.5446		profile_medium
osca_tmem63	I7MHC7__Tetthe	tr|I7MHC7|I7MHC7_TETTS	Tetrahymena thermophila	ciliate	proteome	medium	0.3698		profile_medium
trpp	I7MHL0__Tetthe	tr|I7MHL0|I7MHL0_TETTS	Tetrahymena thermophila	ciliate	proteome	high	0.5973	958	include
osca_tmem63	I7MHR0__Tetthe	tr|I7MHR0|I7MHR0_TETTS	Tetrahymena thermophila	ciliate	proteome	medium	0.3925		profile_medium
cng	I7MIJ9__Tetthe	tr|I7MIJ9|I7MIJ9_TETTS	Tetrahymena thermophila	ciliate	proteome	medium	0.6945		profile_medium
osca_tmem63	I7MIY1__Tetthe	tr|I7MIY1|I7MIY1_TETTS	Tetrahymena thermophila	ciliate	proteome	high	0.5874	838	include
kv_eag	I7MJ16__Tetthe	tr|I7MJ16|I7MJ16_TETTS	Tetrahymena thermophila	ciliate	proteome	medium	0.7168		profile_medium
cng	I7MJQ3__Tetthe	tr|I7MJQ3|I7MJQ3_TETTS	Tetrahymena thermophila	ciliate	proteome	medium	0.4752		profile_medium
cng	I7MKG1__Tetthe	tr|I7MKG1|I7MKG1_TETTS	Tetrahymena thermophila	ciliate	proteome	high	0.7327	1121	include
cng	I7ML05__Tetthe	tr|I7ML05|I7ML05_TETTS	Tetrahymena thermophila	ciliate	proteome	high	0.7341	1378	include
cng	I7ML16__Tetthe	tr|I7ML16|I7ML16_TETTS	Tetrahymena thermophila	ciliate	proteome	medium	0.6789		profile_medium
cng	I7ML17__Tetthe	tr|I7ML17|I7ML17_TETTS	Tetrahymena thermophila	ciliate	proteome	high	0.8628	2070	include
cng	I7MLM7__Tetthe	tr|I7MLM7|I7MLM7_TETTS	Tetrahymena thermophila	ciliate	proteome	medium	0.5078		profile_medium
cng	I7MM19__Tetthe	tr|I7MM19|I7MM19_TETTS	Tetrahymena thermophila	ciliate	proteome	medium	0.4668		profile_medium
kca_sk	I7MMQ2__Tetthe	tr|I7MMQ2|I7MMQ2_TETTS	Tetrahymena thermophila	ciliate	proteome	high	0.6688	608	include
cng	I7MMR0__Tetthe	tr|I7MMR0|I7MMR0_TETTS	Tetrahymena thermophila	ciliate	proteome	high	0.7793	1546	include
cng	I7MMY3__Tetthe	tr|I7MMY3|I7MMY3_TETTS	Tetrahymena thermophila	ciliate	proteome	medium	0.8444		profile_medium
bestrophin	J7RNL4__Caeele	tr|J7RNL4|J7RNL4_CAEEL	Caenorhabditis elegans	invertebrate	proteome	high	0.7078	555	include
asic	K7DZ69__Mondom	tr|K7DZ69|K7DZ69_MONDO	Monodelphis domestica	vertebrate	proteome	medium	0.3858		profile_medium
k2p	K7E277__Mondom	tr|K7E277|K7E277_MONDO	Monodelphis domestica	vertebrate	proteome	high	0.6542	342	include
nav	K7E657__Mondom	tr|K7E657|K7E657_MONDO	Monodelphis domestica	vertebrate	proteome	high	0.9944	1825	include
tric	K7EDC9__Ornana	tr|K7EDC9|K7EDC9_ORNAN	Ornithorhynchus anatinus	vertebrate	proteome	high	0.9593	287	include
k2p	K7EHJ4__Ornana	tr|K7EHJ4|K7EHJ4_ORNAN	Ornithorhynchus anatinus	vertebrate	proteome	high	0.9627	536	include
hcn	L7MZQ3__Anocar	tr|L7MZQ3|L7MZQ3_ANOCA	Anolis carolinensis	vertebrate	proteome	high	1.0	1209	include
gabaa	L7N2U7__Xentro	tr|L7N2U7|L7N2U7_XENTR	Xenopus tropicalis	vertebrate	proteome	high	0.932	478	include
calhm	M3XHX3__Latcha	tr|M3XHX3|M3XHX3_LATCH	Latimeria chalumnae	vertebrate	proteome	high	0.7943	303	include
nmda	M3XI73__Latcha	tr|M3XI73|M3XI73_LATCH	Latimeria chalumnae	vertebrate	proteome	high	0.711	907	include
catsper	M3XIP6__Latcha	tr|M3XIP6|M3XIP6_LATCH	Latimeria chalumnae	vertebrate	proteome	high	0.7639	443	include
p2x	M3XJ04__Latcha	tr|M3XJ04|M3XJ04_LATCH	Latimeria chalumnae	vertebrate	proteome	high	0.8941	391	include
connexin	M3XKA4__Latcha	tr|M3XKA4|M3XKA4_LATCH	Latimeria chalumnae	vertebrate	proteome	high	0.8521	279	include
tric	M3XKN7__Latcha	tr|M3XKN7|M3XKN7_LATCH	Latimeria chalumnae	vertebrate	proteome	high	0.9695	302	include
kir	M3XLP7__Latcha	tr|M3XLP7|M3XLP7_LATCH	Latimeria chalumnae	vertebrate	proteome	high	0.89	440	include
trpn	M9MRX4__Dromel	tr|M9MRX4|M9MRX4_DROME	Drosophila melanogaster	invertebrate	proteome	medium	0.3621		profile_medium
cng	M9NEI3__Dromel	tr|M9NEI3|M9NEI3_DROME	Drosophila melanogaster	invertebrate	proteome	high	0.9123	1970	include
cav	M9PGH9__Dromel	tr|M9PGH9|M9PGH9_DROME	Drosophila melanogaster	invertebrate	proteome	high	0.7175	3218	include
ampa	M9PHV5__Dromel	tr|M9PHV5|M9PHV5_DROME	Drosophila melanogaster	invertebrate	proteome	medium	0.8958		profile_medium
trpv	M9PI57__Dromel	tr|M9PI57|M9PI57_DROME	Drosophila melanogaster	invertebrate	proteome	high	0.709	834	include
kainate	O01623__Caeele	tr|O01623|O01623_CAEEL	Caenorhabditis elegans	invertebrate	proteome	medium	0.9451		profile_medium
asic	O01664__Caeele	tr|O01664|O01664_CAEEL	Caenorhabditis elegans	invertebrate	proteome	high	0.9175	714	include
nachr	O16426__Caeele	tr|O16426|O16426_CAEEL	Caenorhabditis elegans	invertebrate	proteome	high	0.619	371	include
bestrophin	O16779__Caeele	tr|O16779|O16779_CAEEL	Caenorhabditis elegans	invertebrate	proteome	high	0.9658	569	include
gabaa	O17041__Caeele	tr|O17041|O17041_CAEEL	Caenorhabditis elegans	invertebrate	proteome	medium	0.9408		profile_medium
bestrophin	O17205__Caeele	tr|O17205|O17205_CAEEL	Caenorhabditis elegans	invertebrate	proteome	high	0.778	558	include
bestrophin	O17206__Caeele	tr|O17206|O17206_CAEEL	Caenorhabditis elegans	invertebrate	proteome	high	0.907	612	include
plgic_invertebrate	O17274__Caeele	tr|O17274|O17274_CAEEL	Caenorhabditis elegans	invertebrate	proteome	medium	0.5984		profile_medium
gabaa	O17402__Caeele	tr|O17402|O17402_CAEEL	Caenorhabditis elegans	invertebrate	proteome	medium	0.8969		profile_medium
bestrophin	O17671__Caeele	tr|O17671|O17671_CAEEL	Caenorhabditis elegans	invertebrate	proteome	high	0.7761	444	include
kca_sk	O17697__Caeele	tr|O17697|O17697_CAEEL	Caenorhabditis elegans	invertebrate	proteome	high	0.6418	485	include
nachr	O18228__Caeele	tr|O18228|O18228_CAEEL	Caenorhabditis elegans	invertebrate	proteome	high	0.6936	439	include
kcsa_prok	O26605__Metthe	tr|O26605|O26605_METTH	Methanothermobacter thermautotrophicus	prokaryote	proteome	medium	0.6429		profile_medium
tmem175	O27534__Metthe	tr|O27534|O27534_METTH	Methanothermobacter thermautotrophicus	prokaryote	proteome	none	0.2584		no_profile_call
mscs	O27858__Metthe	tr|O27858|O27858_METTH	Methanothermobacter thermautotrophicus	prokaryote	proteome	high	0.731	248	include
nachr	O44452__Caeele	tr|O44452|O44452_CAEEL	Caenorhabditis elegans	invertebrate	proteome	high	0.6605	464	include
nachr	O44497__Caeele	tr|O44497|O44497_CAEEL	Caenorhabditis elegans	invertebrate	proteome	high	0.5259	445	include
k2p	O44773__Caeele	tr|O44773|O44773_CAEEL	Caenorhabditis elegans	invertebrate	proteome	high	0.8383	500	include
innexin	O44887__Caeele	tr|O44887|O44887_CAEEL	Caenorhabditis elegans	invertebrate	proteome	high	0.7381	385	include
asic	O45402__Caeele	tr|O45402|O45402_CAEEL	Caenorhabditis elegans	invertebrate	proteome	high	0.952	626	include
k2p	O45422__Caeele	tr|O45422|O45422_CAEEL	Caenorhabditis elegans	invertebrate	proteome	high	0.6343	557	include
k2p	O45891__Caeele	tr|O45891|O45891_CAEEL	Caenorhabditis elegans	invertebrate	proteome	high	0.7562	444	include
k2p	O45894__Caeele	tr|O45894|O45894_CAEEL	Caenorhabditis elegans	invertebrate	proteome	high	0.8557	617	include
nachr	O61216__Caeele	tr|O61216|O61216_CAEEL	Caenorhabditis elegans	invertebrate	proteome	high	0.8675	529	include
trpv	O61220__Caeele	tr|O61220|O61220_CAEEL	Caenorhabditis elegans	invertebrate	proteome	high	0.7139	900	include
nachr	O61519__Caeele	tr|O61519|O61519_CAEEL	Caenorhabditis elegans	invertebrate	proteome	high	0.7019	425	include
nachr	O61520__Caeele	tr|O61520|O61520_CAEEL	Caenorhabditis elegans	invertebrate	proteome	medium	0.6894		profile_medium
innexin	O61786__Caeele	tr|O61786|O61786_CAEEL	Caenorhabditis elegans	invertebrate	proteome	high	0.6044	382	include
cng	O61827__Caeele	tr|O61827|O61827_CAEEL	Caenorhabditis elegans	invertebrate	proteome	high	0.7143	655	include
bestrophin	O62095__Caeele	tr|O62095|O62095_CAEEL	Caenorhabditis elegans	invertebrate	proteome	high	0.8008	512	include
mscs	P72735__Synsp.	tr|P72735|P72735_SYNY3	Synechocystis sp. PCC 6803	prokaryote	proteome	high	0.6424	765	include
mscs	P73148__Synsp.	tr|P73148|P73148_SYNY3	Synechocystis sp. PCC 6803	prokaryote	proteome	high	0.7658	704	include
iglur_prok	P73797__Synsp.	tr|P73797|P73797_SYNY3	Synechocystis sp. PCC 6803	prokaryote	proteome	high	1.0	397	include
kcsa_prok	P74405__Synsp.	tr|P74405|P74405_SYNY3	Synechocystis sp. PCC 6803	prokaryote	proteome	medium	0.4777		profile_medium
mscs	P74608__Synsp.	tr|P74608|P74608_SYNY3	Synechocystis sp. PCC 6803	prokaryote	proteome	high	0.8766	479	include
k2p	P90863__Caeele	tr|P90863|P90863_CAEEL	Caenorhabditis elegans	invertebrate	proteome	high	0.6517	608	include
asic	P91100__Caeele	tr|P91100|P91100_CAEEL	Caenorhabditis elegans	invertebrate	proteome	high	0.9386	693	include
asic	P91102__Caeele	tr|P91102|P91102_CAEEL	Caenorhabditis elegans	invertebrate	proteome	high	0.9616	635	include
asic	P91103__Caeele	tr|P91103|P91103_CAEEL	Caenorhabditis elegans	invertebrate	proteome	high	0.9328	608	include
nachr	P91197__Caeele	tr|P91197|P91197_CAEEL	Caenorhabditis elegans	invertebrate	proteome	high	0.9607	461	include
innexin	P91827__Caeele	tr|P91827|P91827_CAEEL	Caenorhabditis elegans	invertebrate	proteome	high	0.7509	483	include
gabaa	P91985__Caeele	tr|P91985|P91985_CAEEL	Caenorhabditis elegans	invertebrate	proteome	medium	0.6776		profile_medium
iglur_nonvertebrate	Q0DA37__Orysat	tr|Q0DA37|Q0DA37_ORYSJ	Oryza sativa	plant	proteome	high	0.7982	890	include
kainate	Q0E8N6__Dromel	tr|Q0E8N6|Q0E8N6_DROME	Drosophila melanogaster	invertebrate	proteome	medium	0.899		profile_medium
iglur_nonvertebrate	Q0J1L4__Orysat	tr|Q0J1L4|Q0J1L4_ORYSJ	Oryza sativa	plant	proteome	high	0.7036	950	include
asic	Q0KHW3__Dromel	tr|Q0KHW3|Q0KHW3_DROME	Drosophila melanogaster	invertebrate	proteome	medium	0.8215		profile_medium
kainate	Q0KI42__Dromel	tr|Q0KI42|Q0KI42_DROME	Drosophila melanogaster	invertebrate	proteome	medium	0.9001		profile_medium
trpn	Q0KIE7__Dromel	tr|Q0KIE7|Q0KIE7_DROME	Drosophila melanogaster	invertebrate	proteome	medium	0.3073		profile_medium
kainate	Q0KIF2__Dromel	tr|Q0KIF2|Q0KIF2_DROME	Drosophila melanogaster	invertebrate	proteome	medium	0.9166		profile_medium
gabaa	Q10052__Caeele	tr|Q10052|Q10052_CAEEL	Caenorhabditis elegans	invertebrate	proteome	medium	0.9583		profile_medium
vdac	Q10M45__Orysat	tr|Q10M45|Q10M45_ORYSJ	Oryza sativa	plant	proteome	high	0.7662	337	include
osca_tmem63	Q10S28__Orysat	tr|Q10S28|Q10S28_ORYSJ	Oryza sativa	plant	proteome	high	0.717	792	include
kainate	Q17697__Caeele	tr|Q17697|Q17697_CAEEL	Caenorhabditis elegans	invertebrate	proteome	medium	0.8782		profile_medium
nachr	Q17999__Caeele	tr|Q17999|Q17999_CAEEL	Caenorhabditis elegans	invertebrate	proteome	high	0.5611	403	include
asic	Q18077__Caeele	tr|Q18077|Q18077_CAEEL	Caenorhabditis elegans	invertebrate	proteome	high	0.9194	579	include
bestrophin	Q18303__Caeele	tr|Q18303|Q18303_CAEEL	Caenorhabditis elegans	invertebrate	proteome	high	0.8937	540	include
nachr	Q18556__Caeele	tr|Q18556|Q18556_CAEEL	Caenorhabditis elegans	invertebrate	proteome	high	0.9607	534	include
k2p	Q19525__Caeele	tr|Q19525|Q19525_CAEEL	Caenorhabditis elegans	invertebrate	proteome	high	0.5373	347	include
asic	Q19777__Caeele	tr|Q19777|Q19777_CAEEL	Caenorhabditis elegans	invertebrate	proteome	high	0.737	852	include
kir	Q1L0L3__Takrub	tr|Q1L0L3|Q1L0L3_TAKRU	Takifugu rubripes	vertebrate	proteome	high	0.8044	373	include
kir	Q1L8I5__Danrer	tr|Q1L8I5|Q1L8I5_DANRE	Danio rerio	vertebrate	proteome	high	0.8166	370	include
kir	Q1L8I9__Danrer	tr|Q1L8I9|Q1L8I9_DANRE	Danio rerio	vertebrate	proteome	high	0.8484	370	include
nachr	Q1L8Y9__Danrer	tr|Q1L8Y9|Q1L8Y9_DANRE	Danio rerio	vertebrate	proteome	high	0.8923	589	include
kir	Q1LUW9__Danrer	tr|Q1LUW9|Q1LUW9_DANRE	Danio rerio	vertebrate	proteome	high	0.8191	368	include
kir	Q1LUX0__Danrer	tr|Q1LUX0|Q1LUX0_DANRE	Danio rerio	vertebrate	proteome	high	0.8142	368	include
trpm	Q20766__Caeele	tr|Q20766|Q20766_CAEEL	Caenorhabditis elegans	invertebrate	proteome	high	0.7221	1406	include
gabaa	Q21420__Caeele	tr|Q21420|Q21420_CAEEL	Caenorhabditis elegans	invertebrate	proteome	medium	0.7763		profile_medium
k2p	Q21467__Caeele	tr|Q21467|Q21467_CAEEL	Caenorhabditis elegans	invertebrate	proteome	high	0.6617	519	include
k2p	Q21529__Caeele	tr|Q21529|Q21529_CAEEL	Caenorhabditis elegans	invertebrate	proteome	high	0.6244	383	include
nachr	Q21645__Caeele	tr|Q21645|Q21645_CAEEL	Caenorhabditis elegans	invertebrate	proteome	high	0.9648	557	include
k2p	Q22042__Caeele	tr|Q22042|Q22042_CAEEL	Caenorhabditis elegans	invertebrate	proteome	high	0.7711	581	include
k2p	Q22043__Caeele	tr|Q22043|Q22043_CAEEL	Caenorhabditis elegans	invertebrate	proteome	high	0.6915	749	include
nachr	Q22079__Caeele	tr|Q22079|Q22079_CAEEL	Caenorhabditis elegans	invertebrate	proteome	medium	0.6087		profile_medium
nachr	Q22080__Caeele	tr|Q22080|Q22080_CAEEL	Caenorhabditis elegans	invertebrate	proteome	medium	0.6108		profile_medium
nachr	Q22081__Caeele	tr|Q22081|Q22081_CAEEL	Caenorhabditis elegans	invertebrate	proteome	medium	0.6108		profile_medium
nachr	Q22083__Caeele	tr|Q22083|Q22083_CAEEL	Caenorhabditis elegans	invertebrate	proteome	medium	0.6149		profile_medium
nachr	Q22084__Caeele	tr|Q22084|Q22084_CAEEL	Caenorhabditis elegans	invertebrate	proteome	medium	0.6211		profile_medium
nachr	Q22085__Caeele	tr|Q22085|Q22085_CAEEL	Caenorhabditis elegans	invertebrate	proteome	medium	0.6211		profile_medium
nachr	Q22224__Caeele	tr|Q22224|Q22224_CAEEL	Caenorhabditis elegans	invertebrate	proteome	high	0.9627	500	include
trpv	Q22374__Caeele	tr|Q22374|Q22374_CAEEL	Caenorhabditis elegans	invertebrate	proteome	high	0.7053	818	include
gabaa	Q22588__Caeele	tr|Q22588|Q22588_CAEEL	Caenorhabditis elegans	invertebrate	proteome	medium	0.5877		profile_medium
k2p	Q22940__Caeele	tr|Q22940|Q22940_CAEEL	Caenorhabditis elegans	invertebrate	proteome	high	0.6318	523	include
asic	Q22970__Caeele	tr|Q22970|Q22970_CAEEL	Caenorhabditis elegans	invertebrate	proteome	medium	0.9232		profile_medium
otop	Q22976__Caeele	tr|Q22976|Q22976_CAEEL	Caenorhabditis elegans	invertebrate	proteome	medium	0.4957		profile_medium
otop	Q22977__Caeele	tr|Q22977|Q22977_CAEEL	Caenorhabditis elegans	invertebrate	proteome	high	0.747	581	include
otop	Q22980__Caeele	tr|Q22980|Q22980_CAEEL	Caenorhabditis elegans	invertebrate	proteome				no_profile_call
cng	Q229S2__Tetthe	tr|Q229S2|Q229S2_TETTS	Tetrahymena thermophila	ciliate	proteome	high	0.512	1218	include
cng	Q229S7__Tetthe	tr|Q229S7|Q229S7_TETTS	Tetrahymena thermophila	ciliate	proteome	medium	0.5912		profile_medium
cng	Q229S9__Tetthe	tr|Q229S9|Q229S9_TETTS	Tetrahymena thermophila	ciliate	proteome	medium	0.4272		profile_medium
cng	Q229T3__Tetthe	tr|Q229T3|Q229T3_TETTS	Tetrahymena thermophila	ciliate	proteome	high	0.7624	1048	include
cng	Q229U3__Tetthe	tr|Q229U3|Q229U3_TETTS	Tetrahymena thermophila	ciliate	proteome	medium	0.5318		profile_medium
cng	Q229W6__Tetthe	tr|Q229W6|Q229W6_TETTS	Tetrahymena thermophila	ciliate	proteome	medium	0.5785		profile_medium
osca_tmem63	Q22A09__Tetthe	tr|Q22A09|Q22A09_TETTS	Tetrahymena thermophila	ciliate	proteome	high	0.5686	755	include
kv_eag	Q22A55__Tetthe	tr|Q22A55|Q22A55_TETTS	Tetrahymena thermophila	ciliate	proteome	medium	0.6152		profile_medium
kv_eag	Q22A56__Tetthe	tr|Q22A56|Q22A56_TETTS	Tetrahymena thermophila	ciliate	proteome	medium	0.4646		profile_medium
kv_eag	Q22AP6__Tetthe	tr|Q22AP6|Q22AP6_TETTS	Tetrahymena thermophila	ciliate	proteome	medium	0.5015		profile_medium
cng	Q22B63__Tetthe	tr|Q22B63|Q22B63_TETTS	Tetrahymena thermophila	ciliate	proteome	medium	0.6294		profile_medium
cng	Q22B67__Tetthe	tr|Q22B67|Q22B67_TETTS	Tetrahymena thermophila	ciliate	proteome	medium	0.6124		profile_medium
tpc	Q22BI8__Tetthe	tr|Q22BI8|Q22BI8_TETTS	Tetrahymena thermophila	ciliate	proteome	high	0.8547	1661	include
itpr	Q22C42__Tetthe	tr|Q22C42|Q22C42_TETTS	Tetrahymena thermophila	ciliate	proteome	medium	0.4089		profile_medium
cng	Q22C85__Tetthe	tr|Q22C85|Q22C85_TETTS	Tetrahymena thermophila	ciliate	proteome	medium	0.7171		profile_medium
kv_eag	Q22CS4__Tetthe	tr|Q22CS4|Q22CS4_TETTS	Tetrahymena thermophila	ciliate	proteome	medium	0.4098		profile_medium
cng	Q22D21__Tetthe	tr|Q22D21|Q22D21_TETTS	Tetrahymena thermophila	ciliate	proteome	medium	0.7893		profile_medium
cng	Q22D28__Tetthe	tr|Q22D28|Q22D28_TETTS	Tetrahymena thermophila	ciliate	proteome	high	0.5969	1199	include
itpr	Q22DA4__Tetthe	tr|Q22DA4|Q22DA4_TETTS	Tetrahymena thermophila	ciliate	proteome	medium	0.4114		profile_medium
kca_slo	Q22DT2__Tetthe	tr|Q22DT2|Q22DT2_TETTS	Tetrahymena thermophila	ciliate	proteome	high	0.7833	1066	include
kv_eag	Q22EI3__Tetthe	tr|Q22EI3|Q22EI3_TETTS	Tetrahymena thermophila	ciliate	proteome	medium	0.335		profile_medium
cng	Q22EI7__Tetthe	tr|Q22EI7|Q22EI7_TETTS	Tetrahymena thermophila	ciliate	proteome	high	0.5502	1048	include
cng	Q22FY5__Tetthe	tr|Q22FY5|Q22FY5_TETTS	Tetrahymena thermophila	ciliate	proteome	medium	0.8402		profile_medium
cng	Q22G28__Tetthe	tr|Q22G28|Q22G28_TETTS	Tetrahymena thermophila	ciliate	proteome	medium	0.4682		profile_medium
cng	Q22G29__Tetthe	tr|Q22G29|Q22G29_TETTS	Tetrahymena thermophila	ciliate	proteome	medium	0.7907		profile_medium
osca_tmem63	Q22HC5__Tetthe	tr|Q22HC5|Q22HC5_TETTS	Tetrahymena thermophila	ciliate	proteome	medium	0.3119		profile_medium
cng	Q22KJ5__Tetthe	tr|Q22KJ5|Q22KJ5_TETTS	Tetrahymena thermophila	ciliate	proteome	medium	0.6676		profile_medium
cng	Q22KJ7__Tetthe	tr|Q22KJ7|Q22KJ7_TETTS	Tetrahymena thermophila	ciliate	proteome	high	0.6266	1260	include
cng	Q22KJ8__Tetthe	tr|Q22KJ8|Q22KJ8_TETTS	Tetrahymena thermophila	ciliate	proteome	high	0.7723	1281	include
vdac	Q22KK9__Tetthe	tr|Q22KK9|Q22KK9_TETTS	Tetrahymena thermophila	ciliate	proteome				no_profile_call
kv_eag	Q22L26__Tetthe	tr|Q22L26|Q22L26_TETTS	Tetrahymena thermophila	ciliate	proteome	medium	0.5663		profile_medium
kv_eag	Q22LQ6__Tetthe	tr|Q22LQ6|Q22LQ6_TETTS	Tetrahymena thermophila	ciliate	proteome	medium	0.4766		profile_medium
kca_sk	Q22LW9__Tetthe	tr|Q22LW9|Q22LW9_TETTS	Tetrahymena thermophila	ciliate	proteome	high	0.9049	767	include
kv_eag	Q22MR0__Tetthe	tr|Q22MR0|Q22MR0_TETTS	Tetrahymena thermophila	ciliate	proteome	medium	0.332		profile_medium
cng	Q22N02__Tetthe	tr|Q22N02|Q22N02_TETTS	Tetrahymena thermophila	ciliate	proteome	high	0.6294	1640	include
cav	Q22N11__Tetthe	tr|Q22N11|Q22N11_TETTS	Tetrahymena thermophila	ciliate	proteome	medium	0.7879		profile_medium
cav	Q22N13__Tetthe	tr|Q22N13|Q22N13_TETTS	Tetrahymena thermophila	ciliate	proteome	medium	0.7925		profile_medium
cng	Q22N95__Tetthe	tr|Q22N95|Q22N95_TETTS	Tetrahymena thermophila	ciliate	proteome	high	0.5007	633	include
cng	Q22NW1__Tetthe	tr|Q22NW1|Q22NW1_TETTS	Tetrahymena thermophila	ciliate	proteome	medium	0.3168		profile_medium
tpc	Q22SA3__Tetthe	tr|Q22SA3|Q22SA3_TETTS	Tetrahymena thermophila	ciliate	proteome	high	0.911	2453	include
osca_tmem63	Q22SD5__Tetthe	tr|Q22SD5|Q22SD5_TETTS	Tetrahymena thermophila	ciliate	proteome	high	0.5849	755	include
cng	Q22SL6__Tetthe	tr|Q22SL6|Q22SL6_TETTS	Tetrahymena thermophila	ciliate	proteome	high	0.7751	1056	include
osca_tmem63	Q22SN2__Tetthe	tr|Q22SN2|Q22SN2_TETTS	Tetrahymena thermophila	ciliate	proteome	medium	0.4126		profile_medium
kca_slo	Q22T07__Tetthe	tr|Q22T07|Q22T07_TETTS	Tetrahymena thermophila	ciliate	proteome	high	0.7516	986	include
kca_slo	Q22T08__Tetthe	tr|Q22T08|Q22T08_TETTS	Tetrahymena thermophila	ciliate	proteome	high	0.786	989	include
cng	Q22TB8__Tetthe	tr|Q22TB8|Q22TB8_TETTS	Tetrahymena thermophila	ciliate	proteome	medium	0.6153		profile_medium
cng	Q22TM9__Tetthe	tr|Q22TM9|Q22TM9_TETTS	Tetrahymena thermophila	ciliate	proteome	medium	0.6209		profile_medium
kv_eag	Q22TN3__Tetthe	tr|Q22TN3|Q22TN3_TETTS	Tetrahymena thermophila	ciliate	proteome	medium	0.6142		profile_medium
kv_eag	Q22TN6__Tetthe	tr|Q22TN6|Q22TN6_TETTS	Tetrahymena thermophila	ciliate	proteome	medium	0.7308		profile_medium
kv_eag	Q22U08__Tetthe	tr|Q22U08|Q22U08_TETTS	Tetrahymena thermophila	ciliate	proteome	medium	0.7647		profile_medium
kv_eag	Q22U25__Tetthe	tr|Q22U25|Q22U25_TETTS	Tetrahymena thermophila	ciliate	proteome	medium	0.6909		profile_medium
kv_eag	Q22U26__Tetthe	tr|Q22U26|Q22U26_TETTS	Tetrahymena thermophila	ciliate	proteome	medium	0.5075		profile_medium
cng	Q22U28__Tetthe	tr|Q22U28|Q22U28_TETTS	Tetrahymena thermophila	ciliate	proteome	medium	0.6888		profile_medium
kv_eag	Q22U30__Tetthe	tr|Q22U30|Q22U30_TETTS	Tetrahymena thermophila	ciliate	proteome	medium	0.3898		profile_medium
kv_eag	Q22U31__Tetthe	tr|Q22U31|Q22U31_TETTS	Tetrahymena thermophila	ciliate	proteome	high	0.6301	1327	include
cng	Q22U32__Tetthe	tr|Q22U32|Q22U32_TETTS	Tetrahymena thermophila	ciliate	proteome	medium	0.6818		profile_medium
kv_eag	Q22U33__Tetthe	tr|Q22U33|Q22U33_TETTS	Tetrahymena thermophila	ciliate	proteome	medium	0.3829		profile_medium
cng	Q22U36__Tetthe	tr|Q22U36|Q22U36_TETTS	Tetrahymena thermophila	ciliate	proteome	medium	0.3211		profile_medium
cng	Q22U38__Tetthe	tr|Q22U38|Q22U38_TETTS	Tetrahymena thermophila	ciliate	proteome	medium	0.5092		profile_medium
cng	Q22U44__Tetthe	tr|Q22U44|Q22U44_TETTS	Tetrahymena thermophila	ciliate	proteome	high	0.761	1460	include
cng	Q22UP8__Tetthe	tr|Q22UP8|Q22UP8_TETTS	Tetrahymena thermophila	ciliate	proteome	medium	0.4229		profile_medium
cng	Q22VV3__Tetthe	tr|Q22VV3|Q22VV3_TETTS	Tetrahymena thermophila	ciliate	proteome	medium	0.4908		profile_medium
cng	Q22VW7__Tetthe	tr|Q22VW7|Q22VW7_TETTS	Tetrahymena thermophila	ciliate	proteome	high	0.5248	1723	include
cng	Q22WA1__Tetthe	tr|Q22WA1|Q22WA1_TETTS	Tetrahymena thermophila	ciliate	proteome	medium	0.3211		profile_medium
cng	Q22X19__Tetthe	tr|Q22X19|Q22X19_TETTS	Tetrahymena thermophila	ciliate	proteome	medium	0.959		profile_medium
cng	Q22XT9__Tetthe	tr|Q22XT9|Q22XT9_TETTS	Tetrahymena thermophila	ciliate	proteome	medium	0.6492		profile_medium
cng	Q22XU4__Tetthe	tr|Q22XU4|Q22XU4_TETTS	Tetrahymena thermophila	ciliate	proteome	high	0.9137	1342	include
cav	Q22XZ8__Tetthe	tr|Q22XZ8|Q22XZ8_TETTS	Tetrahymena thermophila	ciliate	proteome	medium	0.735		profile_medium
cng	Q22YI3__Tetthe	tr|Q22YI3|Q22YI3_TETTS	Tetrahymena thermophila	ciliate	proteome	medium	0.3635		profile_medium
cng	Q22YI7__Tetthe	tr|Q22YI7|Q22YI7_TETTS	Tetrahymena thermophila	ciliate	proteome	high	0.6421	1408	include
cng	Q22YR4__Tetthe	tr|Q22YR4|Q22YR4_TETTS	Tetrahymena thermophila	ciliate	proteome	medium	0.4215		profile_medium
cav	Q22YS7__Tetthe	tr|Q22YS7|Q22YS7_TETTS	Tetrahymena thermophila	ciliate	proteome	high	0.6107	2133	include
cav	Q22YS9__Tetthe	tr|Q22YS9|Q22YS9_TETTS	Tetrahymena thermophila	ciliate	proteome	medium	0.7329		profile_medium
cav	Q22YT0__Tetthe	tr|Q22YT0|Q22YT0_TETTS	Tetrahymena thermophila	ciliate	proteome	medium	0.8721		profile_medium
cav	Q22YT3__Tetthe	tr|Q22YT3|Q22YT3_TETTS	Tetrahymena thermophila	ciliate	proteome	medium	0.8326		profile_medium
vdac	Q22Z08__Tetthe	tr|Q22Z08|Q22Z08_TETTS	Tetrahymena thermophila	ciliate	proteome	none	0.6295		no_profile_call
osca_tmem63	Q22ZE2__Tetthe	tr|Q22ZE2|Q22ZE2_TETTS	Tetrahymena thermophila	ciliate	proteome	medium	0.4792		profile_medium
cng	Q231J0__Tetthe	tr|Q231J0|Q231J0_TETTS	Tetrahymena thermophila	ciliate	proteome	high	0.5318	718	include
cng	Q231J3__Tetthe	tr|Q231J3|Q231J3_TETTS	Tetrahymena thermophila	ciliate	proteome	medium	0.768		profile_medium
cng	Q231Q5__Tetthe	tr|Q231Q5|Q231Q5_TETTS	Tetrahymena thermophila	ciliate	proteome	medium	0.9222		profile_medium
osca_tmem63	Q231V7__Tetthe	tr|Q231V7|Q231V7_TETTS	Tetrahymena thermophila	ciliate	proteome	high	0.7899	978	include
osca_tmem63	Q231V8__Tetthe	tr|Q231V8|Q231V8_TETTS	Tetrahymena thermophila	ciliate	proteome	high	0.834	906	include
k2p	Q23297__Caeele	tr|Q23297|Q23297_CAEEL	Caenorhabditis elegans	invertebrate	proteome	high	0.9403	769	include
cng	Q232U7__Tetthe	tr|Q232U7|Q232U7_TETTS	Tetrahymena thermophila	ciliate	proteome	high	0.7355	935	include
nachr	Q23355__Caeele	tr|Q23355|Q23355_CAEEL	Caenorhabditis elegans	invertebrate	proteome	high	0.9441	540	include
k2p	Q23386__Caeele	tr|Q23386|Q23386_CAEEL	Caenorhabditis elegans	invertebrate	proteome	high	0.699	418	include
kv_eag	Q233A5__Tetthe	tr|Q233A5|Q233A5_TETTS	Tetrahymena thermophila	ciliate	proteome	medium	0.6291		profile_medium
cng	Q233N7__Tetthe	tr|Q233N7|Q233N7_TETTS	Tetrahymena thermophila	ciliate	proteome	medium	0.4413		profile_medium
cng	Q233Q1__Tetthe	tr|Q233Q1|Q233Q1_TETTS	Tetrahymena thermophila	ciliate	proteome	medium	0.4243		profile_medium
cng	Q233Q3__Tetthe	tr|Q233Q3|Q233Q3_TETTS	Tetrahymena thermophila	ciliate	proteome	high	0.7044	1129	include
cng	Q233Q7__Tetthe	tr|Q233Q7|Q233Q7_TETTS	Tetrahymena thermophila	ciliate	proteome	high	0.7808	1108	include
osca_tmem63	Q234H4__Tetthe	tr|Q234H4|Q234H4_TETTS	Tetrahymena thermophila	ciliate	proteome	high	0.834	849	include
kv_eag	Q234L0__Tetthe	tr|Q234L0|Q234L0_TETTS	Tetrahymena thermophila	ciliate	proteome	medium	0.5982		profile_medium
innexin	Q23594__Caeele	tr|Q23594|Q23594_CAEEL	Caenorhabditis elegans	invertebrate	proteome	high	0.7308	382	include
cng	Q235E1__Tetthe	tr|Q235E1|Q235E1_TETTS	Tetrahymena thermophila	ciliate	proteome	high	0.6535	1116	include
cng	Q235U6__Tetthe	tr|Q235U6|Q235U6_TETTS	Tetrahymena thermophila	ciliate	proteome	medium	0.7808		profile_medium
kca_slo	Q236D4__Tetthe	tr|Q236D4|Q236D4_TETTS	Tetrahymena thermophila	ciliate	proteome	high	0.874	1058	include
cng	Q236Y9__Tetthe	tr|Q236Y9|Q236Y9_TETTS	Tetrahymena thermophila	ciliate	proteome	medium	0.355		profile_medium
cng	Q236Z0__Tetthe	tr|Q236Z0|Q236Z0_TETTS	Tetrahymena thermophila	ciliate	proteome	medium	0.5375		profile_medium
cng	Q236Z2__Tetthe	tr|Q236Z2|Q236Z2_TETTS	Tetrahymena thermophila	ciliate	proteome	medium	0.6025		profile_medium
mcu	Q237B2__Tetthe	tr|Q237B2|Q237B2_TETTS	Tetrahymena thermophila	ciliate	proteome	none	0.2928		no_profile_call
cng	Q237N2__Tetthe	tr|Q237N2|Q237N2_TETTS	Tetrahymena thermophila	ciliate	proteome	high	0.5587	1314	include
kv_eag	Q239Y3__Tetthe	tr|Q239Y3|Q239Y3_TETTS	Tetrahymena thermophila	ciliate	proteome	medium	0.3829		profile_medium
cng	Q239Z5__Tetthe	tr|Q239Z5|Q239Z5_TETTS	Tetrahymena thermophila	ciliate	proteome	high	0.8147	1432	include
itpr	Q23A06__Tetthe	tr|Q23A06|Q23A06_TETTS	Tetrahymena thermophila	ciliate	proteome	high	0.5587	3659	include
cng	Q23AA4__Tetthe	tr|Q23AA4|Q23AA4_TETTS	Tetrahymena thermophila	ciliate	proteome	medium	0.7581		profile_medium
cng	Q23AA6__Tetthe	tr|Q23AA6|Q23AA6_TETTS	Tetrahymena thermophila	ciliate	proteome	high	0.7652	1244	include
cng	Q23AA7__Tetthe	tr|Q23AA7|Q23AA7_TETTS	Tetrahymena thermophila	ciliate	proteome	medium	0.7327		profile_medium
cng	Q23AA8__Tetthe	tr|Q23AA8|Q23AA8_TETTS	Tetrahymena thermophila	ciliate	proteome	medium	0.3692		profile_medium
cng	Q23AJ8__Tetthe	tr|Q23AJ8|Q23AJ8_TETTS	Tetrahymena thermophila	ciliate	proteome	high	0.8685	1125	include
cng	Q23AP2__Tetthe	tr|Q23AP2|Q23AP2_TETTS	Tetrahymena thermophila	ciliate	proteome	high	0.6761	1100	include
kv_eag	Q23BV7__Tetthe	tr|Q23BV7|Q23BV7_TETTS	Tetrahymena thermophila	ciliate	proteome	medium	0.7517		profile_medium
cng	Q23CM4__Tetthe	tr|Q23CM4|Q23CM4_TETTS	Tetrahymena thermophila	ciliate	proteome	medium	0.4455		profile_medium
cng	Q23CM8__Tetthe	tr|Q23CM8|Q23CM8_TETTS	Tetrahymena thermophila	ciliate	proteome	medium	0.4201		profile_medium
trpml	Q23DW9__Tetthe	tr|Q23DW9|Q23DW9_TETTS	Tetrahymena thermophila	ciliate	proteome	medium	0.3275		profile_medium
cav	Q23DY9__Tetthe	tr|Q23DY9|Q23DY9_TETTS	Tetrahymena thermophila	ciliate	proteome	medium	0.9014		profile_medium
cng	Q23E87__Tetthe	tr|Q23E87|Q23E87_TETTS	Tetrahymena thermophila	ciliate	proteome	medium	0.3465		profile_medium
cng	Q23EB1__Tetthe	tr|Q23EB1|Q23EB1_TETTS	Tetrahymena thermophila	ciliate	proteome	high	0.8175	1207	include
cng	Q23EB2__Tetthe	tr|Q23EB2|Q23EB2_TETTS	Tetrahymena thermophila	ciliate	proteome	high	0.8388	1206	include
cng	Q23EB5__Tetthe	tr|Q23EB5|Q23EB5_TETTS	Tetrahymena thermophila	ciliate	proteome	medium	0.8048		profile_medium
cng	Q23EB7__Tetthe	tr|Q23EB7|Q23EB7_TETTS	Tetrahymena thermophila	ciliate	proteome	high	0.5149	595	include
cng	Q23F97__Tetthe	tr|Q23F97|Q23F97_TETTS	Tetrahymena thermophila	ciliate	proteome	medium	0.7016		profile_medium
cav	Q23FG9__Tetthe	tr|Q23FG9|Q23FG9_TETTS	Tetrahymena thermophila	ciliate	proteome	high	0.8767	3313	include
cng	Q23G12__Tetthe	tr|Q23G12|Q23G12_TETTS	Tetrahymena thermophila	ciliate	proteome	medium	0.4158		profile_medium
kv_eag	Q23G13__Tetthe	tr|Q23G13|Q23G13_TETTS	Tetrahymena thermophila	ciliate	proteome	medium	0.341		profile_medium
cng	Q23G17__Tetthe	tr|Q23G17|Q23G17_TETTS	Tetrahymena thermophila	ciliate	proteome	medium	0.4427		profile_medium
cng	Q23G57__Tetthe	tr|Q23G57|Q23G57_TETTS	Tetrahymena thermophila	ciliate	proteome	medium	0.4356		profile_medium
cng	Q23GB9__Tetthe	tr|Q23GB9|Q23GB9_TETTS	Tetrahymena thermophila	ciliate	proteome	medium	0.3211		profile_medium
cng	Q23K38__Tetthe	tr|Q23K38|Q23K38_TETTS	Tetrahymena thermophila	ciliate	proteome	medium	0.3126		profile_medium
cng	Q23K39__Tetthe	tr|Q23K39|Q23K39_TETTS	Tetrahymena thermophila	ciliate	proteome	medium	0.7808		profile_medium
cng	Q23K40__Tetthe	tr|Q23K40|Q23K40_TETTS	Tetrahymena thermophila	ciliate	proteome	high	0.8826	1440	include
itpr	Q23K98__Tetthe	tr|Q23K98|Q23K98_TETTS	Tetrahymena thermophila	ciliate	proteome	high	0.8779	2827	include
cng	Q23KB7__Tetthe	tr|Q23KB7|Q23KB7_TETTS	Tetrahymena thermophila	ciliate	proteome	medium	0.3607		profile_medium
cng	Q23KM8__Tetthe	tr|Q23KM8|Q23KM8_TETTS	Tetrahymena thermophila	ciliate	proteome	medium	0.3182		profile_medium
cng	Q23QD6__Tetthe	tr|Q23QD6|Q23QD6_TETTS	Tetrahymena thermophila	ciliate	proteome	medium	0.8501		profile_medium
cng	Q23QP7__Tetthe	tr|Q23QP7|Q23QP7_TETTS	Tetrahymena thermophila	ciliate	proteome	medium	0.3239		profile_medium
cng	Q23R01__Tetthe	tr|Q23R01|Q23R01_TETTS	Tetrahymena thermophila	ciliate	proteome	high	0.6634	1198	include
cng	Q23R02__Tetthe	tr|Q23R02|Q23R02_TETTS	Tetrahymena thermophila	ciliate	proteome	medium	0.4215		profile_medium
cng	Q23R03__Tetthe	tr|Q23R03|Q23R03_TETTS	Tetrahymena thermophila	ciliate	proteome	high	0.6492	1273	include
cng	Q23R06__Tetthe	tr|Q23R06|Q23R06_TETTS	Tetrahymena thermophila	ciliate	proteome	high	0.6662	1198	include
cng	Q23R07__Tetthe	tr|Q23R07|Q23R07_TETTS	Tetrahymena thermophila	ciliate	proteome	high	0.6407	1229	include
cng	Q23R08__Tetthe	tr|Q23R08|Q23R08_TETTS	Tetrahymena thermophila	ciliate	proteome	high	0.7086	1207	include
cng	Q23R10__Tetthe	tr|Q23R10|Q23R10_TETTS	Tetrahymena thermophila	ciliate	proteome	medium	0.7935		profile_medium
itpr	Q23R11__Tetthe	tr|Q23R11|Q23R11_TETTS	Tetrahymena thermophila	ciliate	proteome	high	0.6107	3160	include
tpc	Q23RF4__Tetthe	tr|Q23RF4|Q23RF4_TETTS	Tetrahymena thermophila	ciliate	proteome	high	0.8298	1827	include
kv_eag	Q23RR6__Tetthe	tr|Q23RR6|Q23RR6_TETTS	Tetrahymena thermophila	ciliate	proteome	medium	0.7178		profile_medium
kv_eag	Q23RS4__Tetthe	tr|Q23RS4|Q23RS4_TETTS	Tetrahymena thermophila	ciliate	proteome	medium	0.6052		profile_medium
kv_eag	Q23RY3__Tetthe	tr|Q23RY3|Q23RY3_TETTS	Tetrahymena thermophila	ciliate	proteome	medium	0.7059		profile_medium
kv_eag	Q23S27__Tetthe	tr|Q23S27|Q23S27_TETTS	Tetrahymena thermophila	ciliate	proteome	medium	0.4357		profile_medium
cng	Q23U76__Tetthe	tr|Q23U76|Q23U76_TETTS	Tetrahymena thermophila	ciliate	proteome	high	0.6209	1120	include
cng	Q23YG4__Tetthe	tr|Q23YG4|Q23YG4_TETTS	Tetrahymena thermophila	ciliate	proteome	high	0.5587	999	include
cav	Q23ZH4__Tetthe	tr|Q23ZH4|Q23ZH4_TETTS	Tetrahymena thermophila	ciliate	proteome	medium	0.6441		profile_medium
cav	Q23ZH9__Tetthe	tr|Q23ZH9|Q23ZH9_TETTS	Tetrahymena thermophila	ciliate	proteome	medium	0.8803		profile_medium
mcu	Q240S0__Tetthe	tr|Q240S0|Q240S0_TETTS	Tetrahymena thermophila	ciliate	proteome	none	0.2783		no_profile_call
osca_tmem63	Q241C6__Tetthe	tr|Q241C6|Q241C6_TETTS	Tetrahymena thermophila	ciliate	proteome	high	0.5371	1265	include
cng	Q245V9__Tetthe	tr|Q245V9|Q245V9_TETTS	Tetrahymena thermophila	ciliate	proteome	medium	0.4738		profile_medium
cng	Q245W0__Tetthe	tr|Q245W0|Q245W0_TETTS	Tetrahymena thermophila	ciliate	proteome	medium	0.4088		profile_medium
cng	Q245W1__Tetthe	tr|Q245W1|Q245W1_TETTS	Tetrahymena thermophila	ciliate	proteome	medium	0.4724		profile_medium
cng	Q245W2__Tetthe	tr|Q245W2|Q245W2_TETTS	Tetrahymena thermophila	ciliate	proteome	medium	0.3465		profile_medium
cng	Q245W7__Tetthe	tr|Q245W7|Q245W7_TETTS	Tetrahymena thermophila	ciliate	proteome	high	0.505	1239	include
cng	Q245W8__Tetthe	tr|Q245W8|Q245W8_TETTS	Tetrahymena thermophila	ciliate	proteome	high	0.505	1235	include
cng	Q245Z7__Tetthe	tr|Q245Z7|Q245Z7_TETTS	Tetrahymena thermophila	ciliate	proteome	medium	0.4936		profile_medium
itpr	Q248C2__Tetthe	tr|Q248C2|Q248C2_TETTS	Tetrahymena thermophila	ciliate	proteome	medium	0.4849		profile_medium
cng	Q248C6__Tetthe	tr|Q248C6|Q248C6_TETTS	Tetrahymena thermophila	ciliate	proteome	high	0.6973	1143	include
cng	Q248D2__Tetthe	tr|Q248D2|Q248D2_TETTS	Tetrahymena thermophila	ciliate	proteome	high	0.669	1569	include
catsper	Q248I2__Tetthe	tr|Q248I2|Q248I2_TETTS	Tetrahymena thermophila	ciliate	proteome	medium	0.3901		profile_medium
cng	Q24BX3__Tetthe	tr|Q24BX3|Q24BX3_TETTS	Tetrahymena thermophila	ciliate	proteome	high	0.7044	1226	include
cng	Q24C49__Tetthe	tr|Q24C49|Q24C49_TETTS	Tetrahymena thermophila	ciliate	proteome	high	0.5318	1661	include
cng	Q24CD2__Tetthe	tr|Q24CD2|Q24CD2_TETTS	Tetrahymena thermophila	ciliate	proteome	high	0.7765	1320	include
osca_tmem63	Q24DQ4__Tetthe	tr|Q24DQ4|Q24DQ4_TETTS	Tetrahymena thermophila	ciliate	proteome	high	0.6503	785	include
osca_tmem63	Q24DQ5__Tetthe	tr|Q24DQ5|Q24DQ5_TETTS	Tetrahymena thermophila	ciliate	proteome	high	0.6503	779	include
cng	Q24DS1__Tetthe	tr|Q24DS1|Q24DS1_TETTS	Tetrahymena thermophila	ciliate	proteome	medium	0.7298		profile_medium
cng	Q24DS4__Tetthe	tr|Q24DS4|Q24DS4_TETTS	Tetrahymena thermophila	ciliate	proteome	medium	0.5983		profile_medium
trpn	Q24GE7__Tetthe	tr|Q24GE7|Q24GE7_TETTS	Tetrahymena thermophila	ciliate	proteome	medium	0.4513		profile_medium
cng	Q24GH5__Tetthe	tr|Q24GH5|Q24GH5_TETTS	Tetrahymena thermophila	ciliate	proteome	high	0.5785	1275	include
cng	Q24GN9__Tetthe	tr|Q24GN9|Q24GN9_TETTS	Tetrahymena thermophila	ciliate	proteome	high	0.7709	1461	include
kv_eag	Q24IL3__Tetthe	tr|Q24IL3|Q24IL3_TETTS	Tetrahymena thermophila	ciliate	proteome	medium	0.347		profile_medium
kv_eag	Q2MGM5__Dromel	tr|Q2MGM5|Q2MGM5_DROME	Drosophila melanogaster	invertebrate	proteome	high	0.5015	855	include
asic	Q2PDU9__Dromel	tr|Q2PDU9|Q2PDU9_DROME	Drosophila melanogaster	invertebrate	proteome	high	0.8388	531	include
osca_tmem63	Q2QLP9__Orysat	tr|Q2QLP9|Q2QLP9_ORYSJ	Oryza sativa	plant	proteome	high	0.8818	763	include
osca_tmem63	Q2QN15__Orysat	tr|Q2QN15|Q2QN15_ORYSJ	Oryza sativa	plant	proteome	high	0.8906	695	include
mcu	Q2QYF2__Orysat	tr|Q2QYF2|Q2QYF2_ORYSJ	Oryza sativa	plant	proteome	medium	0.3304		profile_medium
lrrc8	Q2R2H0__Orysat	tr|Q2R2H0|Q2R2H0_ORYSJ	Oryza sativa	plant	proteome	medium	0.3014		profile_medium
mcu	Q385Z1__Trybru	tr|Q385Z1|Q385Z1_TRYB2	Trypanosoma brucei	excavate	proteome	none	0.1739		no_profile_call
mcu	Q387B7__Trybru	tr|Q387B7|Q387B7_TRYB2	Trypanosoma brucei	excavate	proteome	none	0.2348		no_profile_call
mscs	Q38A71__Trybru	tr|Q38A71|Q38A71_TRYB2	Trypanosoma brucei	excavate	proteome	medium	0.3133		profile_medium
cav	Q38BV7__Trybru	tr|Q38BV7|Q38BV7_TRYB2	Trypanosoma brucei	excavate	proteome	medium	0.7314		profile_medium
mcu	Q38C29__Trybru	tr|Q38C29|Q38C29_TRYB2	Trypanosoma brucei	excavate	proteome	medium	0.3797		profile_medium
mcu	Q38CK8__Trybru	tr|Q38CK8|Q38CK8_TRYB2	Trypanosoma brucei	excavate	proteome	none	0.2116		no_profile_call
kca_slo	Q38F65__Trybru	tr|Q38F65|Q38F65_TRYB2	Trypanosoma brucei	excavate	proteome	medium	0.4306		profile_medium
kca_slo	Q4GYD3__Trybru	tr|Q4GYD3|Q4GYD3_TRYB2	Trypanosoma brucei	excavate	proteome	medium	0.466		profile_medium
nachr	Q4W520__Caeele	tr|Q4W520|Q4W520_CAEEL	Caenorhabditis elegans	invertebrate	proteome	high	0.6377	397	include
trpml	Q54EY0__Dicdis	tr|Q54EY0|Q54EY0_DICDI	Dictyostelium discoideum	amoebozoa	proteome	high	0.8074	823	include
tpc	Q54HZ8__Dicdis	tr|Q54HZ8|Q54HZ8_DICDI	Dictyostelium discoideum	amoebozoa	proteome	high	0.8521	2060	include
osca_tmem63	Q54RR3__Dicdis	tr|Q54RR3|Q54RR3_DICDI	Dictyostelium discoideum	amoebozoa	proteome	high	0.8717	776	include
kca_slo	Q54SN1__Dicdis	tr|Q54SN1|Q54SN1_DICDI	Dictyostelium discoideum	amoebozoa	proteome	high	0.5413	977	include
mscs	Q54ZV3__Dicdis	tr|Q54ZV3|Q54ZV3_DICDI	Dictyostelium discoideum	amoebozoa	proteome	high	0.75	870	include
mscs	Q55830__Synsp.	tr|Q55830|Q55830_SYNY3	Synechocystis sp. PCC 6803	prokaryote	proteome	high	0.7816	505	include
mscs	Q55859__Synsp.	tr|Q55859|Q55859_SYNY3	Synechocystis sp. PCC 6803	prokaryote	proteome	high	0.7753	564	include
mscs	Q55882__Synsp.	tr|Q55882|Q55882_SYNY3	Synechocystis sp. PCC 6803	prokaryote	proteome	high	0.7848	318	include
trpp	Q558Y3__Dicdis	tr|Q558Y3|Q558Y3_DICDI	Dictyostelium discoideum	amoebozoa	proteome	high	0.6208	698	include
mscs	Q55987__Synsp.	tr|Q55987|Q55987_SYNY3	Synechocystis sp. PCC 6803	prokaryote	proteome	high	0.6646	617	include
kca_slo	Q55CU6__Dicdis	tr|Q55CU6|Q55CU6_DICDI	Dictyostelium discoideum	amoebozoa	proteome	high	0.8676	1244	include
osca_tmem63	Q57UJ6__Trybru	tr|Q57UJ6|Q57UJ6_TRYB2	Trypanosoma brucei	excavate	proteome	medium	0.4453		profile_medium
vdac	Q586M2__Trybru	tr|Q586M2|Q586M2_TRYB2	Trypanosoma brucei	excavate	proteome	high	0.8957	270	include
asic	Q59DY4__Dromel	tr|Q59DY4|Q59DY4_DROME	Drosophila melanogaster	invertebrate	proteome	high	0.7083	460	include
k2p	Q5FC72__Caeele	tr|Q5FC72|Q5FC72_CAEEL	Caenorhabditis elegans	invertebrate	proteome	medium	0.4303		profile_medium
osca_tmem63	Q5JKX1__Orysat	tr|Q5JKX1|Q5JKX1_ORYSJ	Oryza sativa	plant	proteome	high	0.8642	701	include
osca_tmem63	Q5JLH8__Orysat	tr|Q5JLH8|Q5JLH8_ORYSJ	Oryza sativa	plant	proteome	high	0.917	768	include
iglur_nonvertebrate	Q5QLP6__Orysat	tr|Q5QLP6|Q5QLP6_ORYSJ	Oryza sativa	plant	proteome	high	0.5482	637	include
mcu	Q5QML5__Orysat	tr|Q5QML5|Q5QML5_ORYSJ	Oryza sativa	plant	proteome	medium	0.3304		profile_medium
mscs	Q5SHL5__Thethe	tr|Q5SHL5|Q5SHL5_THET8	Thermus thermophilus	prokaryote	proteome	high	0.6646	355	include
mscl	Q5SKL6__Thethe	tr|Q5SKL6|Q5SKL6_THET8	Thermus thermophilus	prokaryote	proteome	high	0.9848	124	include
cav	Q5SUF7__Musmus	tr|Q5SUF7|Q5SUF7_MOUSE	Mus musculus	vertebrate	proteome	high	0.9697	2381	include
osca_tmem63	Q5TKG1__Orysat	tr|Q5TKG1|Q5TKG1_ORYSJ	Oryza sativa	plant	proteome	high	0.9082	766	include
connexin	Q5TYN8__Danrer	tr|Q5TYN8|Q5TYN8_DANRE	Danio rerio	vertebrate	proteome	high	0.7749	247	include
gabaa	Q5TZ16__Danrer	tr|Q5TZ16|Q5TZ16_DANRE	Danio rerio	vertebrate	proteome	high	0.9298	466	include
k2p	Q5TZ59__Danrer	tr|Q5TZ59|Q5TZ59_DANRE	Danio rerio	vertebrate	proteome	high	0.8483	390	include
kv_shaker	Q5VSI1__Danrer	tr|Q5VSI1|Q5VSI1_DANRE	Danio rerio	vertebrate	proteome	high	0.962	630	include
cng	Q652Z5__Orysat	tr|Q652Z5|Q652Z5_ORYSJ	Oryza sativa	plant	proteome	medium	0.4851		profile_medium
nachr	Q65XS8__Caeele	tr|Q65XS8|Q65XS8_CAEEL	Caenorhabditis elegans	invertebrate	proteome	high	0.9669	544	include
k2p	Q65XY3__Caeele	tr|Q65XY3|Q65XY3_CAEEL	Caenorhabditis elegans	invertebrate	proteome	medium	0.4005		profile_medium
iglur_nonvertebrate	Q69KL0__Orysat	tr|Q69KL0|Q69KL0_ORYSJ	Oryza sativa	plant	proteome	medium	0.3836		profile_medium
iglur_nonvertebrate	Q69KL2__Orysat	tr|Q69KL2|Q69KL2_ORYSJ	Oryza sativa	plant	proteome	high	0.5391	670	include
iglur_nonvertebrate	Q69NA5__Orysat	tr|Q69NA5|Q69NA5_ORYSJ	Oryza sativa	plant	proteome	high	0.6555	955	include
mscs	Q69NN6__Orysat	tr|Q69NN6|Q69NN6_ORYSJ	Oryza sativa	plant	proteome	high	0.8354	745	include
osca_tmem63	Q6AU79__Orysat	tr|Q6AU79|Q6AU79_ORYSJ	Oryza sativa	plant	proteome	high	0.9057	767	include
connexin	Q6AZ42__Ratnor	tr|Q6AZ42|Q6AZ42_RAT	Rattus norvegicus	vertebrate	proteome	high	0.791	261	duplicate_of:P70689__Musmus
nachr	Q6BEQ0__Caeele	tr|Q6BEQ0|Q6BEQ0_CAEEL	Caenorhabditis elegans	invertebrate	proteome	high	0.6915	438	include
k2p	Q6BES3__Caeele	tr|Q6BES3|Q6BES3_CAEEL	Caenorhabditis elegans	invertebrate	proteome	high	0.7114	579	include
gabaa	Q6BET0__Caeele	tr|Q6BET0|Q6BET0_CAEEL	Caenorhabditis elegans	invertebrate	proteome	high	0.9496	536	include
itpr	Q6BFC5__Partet	tr|Q6BFC5|Q6BFC5_PARTE	Paramecium tetraurelia	ciliate	proteome	high	0.6111	2910	include
kv_shaker	Q6BFH0__Partet	tr|Q6BFH0|Q6BFH0_PARTE	Paramecium tetraurelia	ciliate	proteome	medium	0.6467		profile_medium
tpc	Q6BFJ3__Partet	tr|Q6BFJ3|Q6BFJ3_PARTE	Paramecium tetraurelia	ciliate	proteome	high	0.6047	519	include
kv_eag	Q6BGA9__Partet	tr|Q6BGA9|Q6BGA9_PARTE	Paramecium tetraurelia	ciliate	proteome	high	0.7029	855	include
osca_tmem63	Q6BGF6__Partet	tr|Q6BGF6|Q6BGF6_PARTE	Paramecium tetraurelia	ciliate	proteome	medium	0.4616		profile_medium
cng	Q6EN46__Orysat	tr|Q6EN46|Q6EN46_ORYSJ	Oryza sativa	plant	proteome	medium	0.3607		profile_medium
mscs	Q6EPN3__Orysat	tr|Q6EPN3|Q6EPN3_ORYSJ	Oryza sativa	plant	proteome	high	0.6234	510	include
mscs	Q6ET90__Orysat	tr|Q6ET90|Q6ET90_ORYSJ	Oryza sativa	plant	proteome	high	0.7627	974	include
k2p	Q6EUT8__Caeele	tr|Q6EUT8|Q6EUT8_CAEEL	Caenorhabditis elegans	invertebrate	proteome	high	0.6443	1136	include
nachr	Q6F6K3__Caeele	tr|Q6F6K3|Q6F6K3_CAEEL	Caenorhabditis elegans	invertebrate	proteome	high	0.9503	515	include
iglur_nonvertebrate	Q6K4P7__Orysat	tr|Q6K4P7|Q6K4P7_ORYSJ	Oryza sativa	plant	proteome	high	0.7518	988	include
kir	Q6ZEQ2__Synsp.	tr|Q6ZEQ2|Q6ZEQ2_SYNY3	Synechocystis sp. PCC 6803	prokaryote	proteome	high	0.5452	312	include
iglur_nonvertebrate	Q6ZGL7__Orysat	tr|Q6ZGL7|Q6ZGL7_ORYSJ	Oryza sativa	plant	proteome	high	0.7718	944	include
osca_tmem63	Q6ZLQ0__Orysat	tr|Q6ZLQ0|Q6ZLQ0_ORYSJ	Oryza sativa	plant	proteome	high	0.9044	731	include
nmda	Q6ZM67__Danrer	tr|Q6ZM67|Q6ZM67_DANRE	Danio rerio	vertebrate	proteome	high	0.7698	937	include
osca_tmem63	Q75GI5__Orysat	tr|Q75GI5|Q75GI5_ORYSJ	Oryza sativa	plant	proteome	high	0.883	743	include
osca_tmem63	Q75JR4__Dicdis	tr|Q75JR4|Q75JR4_DICDI	Dictyostelium discoideum	amoebozoa	proteome	high	0.9321	773	include
osca_tmem63	Q75JX3__Dicdis	tr|Q75JX3|Q75JX3_DICDI	Dictyostelium discoideum	amoebozoa	proteome	high	0.9371	871	include
vdac	Q76P15__Dicdis	tr|Q76P15|Q76P15_DICDI	Dictyostelium discoideum	amoebozoa	proteome	high	0.7914	314	include
k2p	Q7JLU3__Caeele	tr|Q7JLU3|Q7JLU3_CAEEL	Caenorhabditis elegans	invertebrate	proteome	high	0.6542	364	include
nachr	Q7JM38__Caeele	tr|Q7JM38|Q7JM38_CAEEL	Caenorhabditis elegans	invertebrate	proteome	high	0.9462	573	include
gabaa	Q7JME2__Caeele	tr|Q7JME2|Q7JME2_CAEEL	Caenorhabditis elegans	invertebrate	proteome	medium	0.9825		profile_medium
plgic_invertebrate	Q7JNP7__Caeele	tr|Q7JNP7|Q7JNP7_CAEEL	Caenorhabditis elegans	invertebrate	proteome	high	0.7088	484	include
nmda	Q7JPI6__Caeele	tr|Q7JPI6|Q7JPI6_CAEEL	Caenorhabditis elegans	invertebrate	proteome	high	0.6692	1025	include
trpv	Q7KPR0__Caeele	tr|Q7KPR0|Q7KPR0_CAEEL	Caenorhabditis elegans	invertebrate	proteome	high	0.64	937	include
kainate	Q7KSB1__Dromel	tr|Q7KSB1|Q7KSB1_DROME	Drosophila melanogaster	invertebrate	proteome	medium	0.9418		profile_medium
asic	Q7KT94__Dromel	tr|Q7KT94|Q7KT94_DROME	Drosophila melanogaster	invertebrate	proteome	high	0.8061	606	include
nachr	Q7KTF8__Dromel	tr|Q7KTF8|Q7KTF8_DROME	Drosophila melanogaster	invertebrate	proteome	high	0.9648	523	include
asic	Q7KTW2__Dromel	tr|Q7KTW2|Q7KTW2_DROME	Drosophila melanogaster	invertebrate	proteome	medium	0.4683		profile_medium
mscs	Q7NCS4__Glovio	tr|Q7NCS4|Q7NCS4_GLOVI	Gloeobacter violaceus	prokaryote	proteome	high	0.6741	648	include
mscs	Q7NEK9__Glovio	tr|Q7NEK9|Q7NEK9_GLOVI	Gloeobacter violaceus	prokaryote	proteome	high	0.8038	373	include
mscs	Q7NK65__Glovio	tr|Q7NK65|Q7NK65_GLOVI	Gloeobacter violaceus	prokaryote	proteome	high	0.7753	299	include
mscs	Q7NKE2__Glovio	tr|Q7NKE2|Q7NKE2_GLOVI	Gloeobacter violaceus	prokaryote	proteome	high	0.7563	418	include
mscl	Q7NLP8__Glovio	tr|Q7NLP8|Q7NLP8_GLOVI	Gloeobacter violaceus	prokaryote	proteome	high	0.9394	148	include
mscs	Q7NM32__Glovio	tr|Q7NM32|Q7NM32_GLOVI	Gloeobacter violaceus	prokaryote	proteome	high	0.7848	269	include
kcsa_prok	Q7NM36__Glovio	tr|Q7NM36|Q7NM36_GLOVI	Gloeobacter violaceus	prokaryote	proteome	high	0.8795	346	include
osca_tmem63	Q7XBT3__Orysat	tr|Q7XBT3|Q7XBT3_ORYSJ	Oryza sativa	plant	proteome	high	0.9472	810	include
k2p	Q7YWY7__Caeele	tr|Q7YWY7|Q7YWY7_CAEEL	Caenorhabditis elegans	invertebrate	proteome	high	0.6642	372	include
bestrophin	Q7YXH3__Caeele	tr|Q7YXH3|Q7YXH3_CAEEL	Caenorhabditis elegans	invertebrate	proteome	high	0.7078	463	include
cng	Q7Z205__Caeele	tr|Q7Z205|Q7Z205_CAEEL	Caenorhabditis elegans	invertebrate	proteome	high	0.7115	626	include
tric	Q86BI6__Dromel	tr|Q86BI6|Q86BI6_DROME	Drosophila melanogaster	invertebrate	proteome	high	0.7559	282	include
kca_slo	Q86I16__Dicdis	tr|Q86I16|Q86I16_DICDI	Dictyostelium discoideum	amoebozoa	proteome	high	0.5893	1290	include
osca_tmem63	Q8I4T2__Plafal	tr|Q8I4T2|Q8I4T2_PLAF7	Plasmodium falciparum	apicomplexa	proteome	high	0.5057	1039	include
trpc	Q8I6Y9__Caeele	tr|Q8I6Y9|Q8I6Y9_CAEEL	Caenorhabditis elegans	invertebrate	proteome	high	0.7753	886	include
k2p	Q8IG65__Caeele	tr|Q8IG65|Q8IG65_CAEEL	Caenorhabditis elegans	invertebrate	proteome	high	0.6841	382	include
mscs	Q8IIS3__Plafal	tr|Q8IIS3|Q8IIS3_PLAF7	Plasmodium falciparum	apicomplexa	proteome	high	0.7373	1812	include
vdac	Q8ILE3__Plafal	tr|Q8ILE3|Q8ILE3_PLAF7	Plasmodium falciparum	apicomplexa	proteome	high	0.9604	289	include
asic	Q8IMV2__Dromel	tr|Q8IMV2|Q8IMV2_DROME	Drosophila melanogaster	invertebrate	proteome	high	0.8925	561	include
connexin	Q8JFD6__Danrer	tr|Q8JFD6|Q8JFD6_DANRE	Danio rerio	vertebrate	proteome	high	0.7653	304	include
mcu	Q8LNF6__Orysat	tr|Q8LNF6|Q8LNF6_ORYSJ	Oryza sativa	plant	proteome	medium	0.3275		profile_medium
asic	Q8MLR6__Dromel	tr|Q8MLR6|Q8MLR6_DROME	Drosophila melanogaster	invertebrate	proteome	high	0.6583	535	include
asic	Q8MPW0__Caeele	tr|Q8MPW0|Q8MPW0_CAEEL	Caenorhabditis elegans	invertebrate	proteome	medium	0.3225		profile_medium
cav	Q8MQA1__Caeele	tr|Q8MQA1|Q8MQA1_CAEEL	Caenorhabditis elegans	invertebrate	proteome	high	0.8202	1877	include
kv_kcnq	Q8MQC5__Caeele	tr|Q8MQC5|Q8MQC5_CAEEL	Caenorhabditis elegans	invertebrate	proteome	high	0.9234	740	include
kainate	Q8MXV8__Caeele	tr|Q8MXV8|Q8MXV8_CAEEL	Caenorhabditis elegans	invertebrate	proteome	medium	0.9188		profile_medium
mcu	Q8S5X6__Orysat	tr|Q8S5X6|Q8S5X6_ORYSJ	Oryza sativa	plant	proteome	medium	0.3565		profile_medium
asic	Q93205__Caeele	tr|Q93205|Q93205_CAEEL	Caenorhabditis elegans	invertebrate	proteome	medium	0.4299		profile_medium
nachr	Q93323__Caeele	tr|Q93323|Q93323_CAEEL	Caenorhabditis elegans	invertebrate	proteome	high	0.617	462	include
nachr	Q93329__Caeele	tr|Q93329|Q93329_CAEEL	Caenorhabditis elegans	invertebrate	proteome	high	0.9586	531	include
k2p	Q93732__Caeele	tr|Q93732|Q93732_CAEEL	Caenorhabditis elegans	invertebrate	proteome	high	0.6493	476	include
k2p	Q93764__Caeele	tr|Q93764|Q93764_CAEEL	Caenorhabditis elegans	invertebrate	proteome	high	0.6493	614	include
plgic_invertebrate	Q95Q97__Caeele	tr|Q95Q97|Q95Q97_CAEEL	Caenorhabditis elegans	invertebrate	proteome	high	0.7851	430	include
otop	Q95QL0__Caeele	tr|Q95QL0|Q95QL0_CAEEL	Caenorhabditis elegans	invertebrate	proteome	high	0.7143	566	include
kv_shaker	Q95XD1__Caeele	tr|Q95XD1|Q95XD1_CAEEL	Caenorhabditis elegans	invertebrate	proteome	high	0.8134	578	include
nachr	Q95Y94__Caeele	tr|Q95Y94|Q95Y94_CAEEL	Caenorhabditis elegans	invertebrate	proteome	high	0.6377	428	include
bestrophin	Q965X4__Caeele	tr|Q965X4|Q965X4_CAEEL	Caenorhabditis elegans	invertebrate	proteome	high	0.7552	486	include
k2p	Q9BL31__Caeele	tr|Q9BL31|Q9BL31_CAEEL	Caenorhabditis elegans	invertebrate	proteome	high	0.6567	508	include
trpn	Q9GRV5__Caeele	tr|Q9GRV5|Q9GRV5_CAEEL	Caenorhabditis elegans	invertebrate	proteome	high	1.0	1924	include
kv_kcnq	Q9GYM8__Caeele	tr|Q9GYM8|Q9GYM8_CAEEL	Caenorhabditis elegans	invertebrate	proteome	high	0.5946	695	include
cftr	Q9I8E2__Takrub	tr|Q9I8E2|Q9I8E2_TAKRU	Takifugu rubripes	vertebrate	proteome	high	1.0	1511	include
innexin	Q9N3R4__Caeele	tr|Q9N3R4|Q9N3R4_CAEEL	Caenorhabditis elegans	invertebrate	proteome	high	0.5861	481	include
innexin	Q9N3R5__Caeele	tr|Q9N3R5|Q9N3R5_CAEEL	Caenorhabditis elegans	invertebrate	proteome	high	0.5842	462	include
trpv	Q9N3Y9__Caeele	tr|Q9N3Y9|Q9N3Y9_CAEEL	Caenorhabditis elegans	invertebrate	proteome	high	0.7139	756	include
cng	Q9N4C1__Caeele	tr|Q9N4C1|Q9N4C1_CAEEL	Caenorhabditis elegans	invertebrate	proteome	high	0.8614	819	include
nachr	Q9N4M3__Caeele	tr|Q9N4M3|Q9N4M3_CAEEL	Caenorhabditis elegans	invertebrate	proteome	high	0.9545	551	include
nachr	Q9N4R6__Caeele	tr|Q9N4R6|Q9N4R6_CAEEL	Caenorhabditis elegans	invertebrate	proteome	high	0.6356	486	include
bestrophin	Q9NA59__Caeele	tr|Q9NA59|Q9NA59_CAEEL	Caenorhabditis elegans	invertebrate	proteome	high	0.6433	395	include
gabaa	Q9NA62__Caeele	tr|Q9NA62|Q9NA62_CAEEL	Caenorhabditis elegans	invertebrate	proteome	medium	0.6798		profile_medium
nachr	Q9NAM5__Caeele	tr|Q9NAM5|Q9NAM5_CAEEL	Caenorhabditis elegans	invertebrate	proteome	medium	0.6087		profile_medium
k2p	Q9NEV3__Caeele	tr|Q9NEV3|Q9NEV3_CAEEL	Caenorhabditis elegans	invertebrate	proteome	high	0.6766	319	include
enac	Q9U1T8__Caeele	tr|Q9U1T8|Q9U1T8_CAEEL	Caenorhabditis elegans	invertebrate	proteome	medium	0.4341		profile_medium
enac	Q9U1T9__Caeele	tr|Q9U1T9|Q9U1T9_CAEEL	Caenorhabditis elegans	invertebrate	proteome	medium	0.4357		profile_medium
gabaa	Q9U2E2__Caeele	tr|Q9U2E2|Q9U2E2_CAEEL	Caenorhabditis elegans	invertebrate	proteome	medium	0.9189		profile_medium
kainate	Q9V4A0__Dromel	tr|Q9V4A0|Q9V4A0_DROME	Drosophila melanogaster	invertebrate	proteome	medium	0.9484		profile_medium
asic	Q9V9Y5__Dromel	tr|Q9V9Y5|Q9V9Y5_DROME	Drosophila melanogaster	invertebrate	proteome	medium	0.3877		profile_medium
asic	Q9VAJ7__Dromel	tr|Q9VAJ7|Q9VAJ7_DROME	Drosophila melanogaster	invertebrate	proteome	high	0.8349	550	include
kainate	Q9VDH5__Dromel	tr|Q9VDH5|Q9VDH5_DROME	Drosophila melanogaster	invertebrate	proteome	medium	0.9188		profile_medium
k2p	Q9VE68__Dromel	tr|Q9VE68|Q9VE68_DROME	Drosophila melanogaster	invertebrate	proteome	high	0.5249	389	include
vdac	Q9VF44__Dromel	tr|Q9VF44|Q9VF44_DROME	Drosophila melanogaster	invertebrate	proteome	high	0.7482	320	include
k2p	Q9VFS9__Dromel	tr|Q9VFS9|Q9VFS9_DROME	Drosophila melanogaster	invertebrate	proteome	high	0.7886	408	include
k2p	Q9VHE0__Dromel	tr|Q9VHE0|Q9VHE0_DROME	Drosophila melanogaster	invertebrate	proteome	high	0.7886	340	include
trpa	Q9VHY7__Dromel	tr|Q9VHY7|Q9VHY7_DROME	Drosophila melanogaster	invertebrate	proteome	medium	0.4495		profile_medium
asic	Q9VJI4__Dromel	tr|Q9VJI4|Q9VJI4_DROME	Drosophila melanogaster	invertebrate	proteome	high	0.6276	431	include
trpp	Q9VK95__Dromel	tr|Q9VK95|Q9VK95_DROME	Drosophila melanogaster	invertebrate	proteome	high	0.6097	924	include
vdac	Q9VKP2__Dromel	tr|Q9VKP2|Q9VKP2_DROME	Drosophila melanogaster	invertebrate	proteome	high	0.9892	293	include
vdac	Q9VKP3__Dromel	tr|Q9VKP3|Q9VKP3_DROME	Drosophila melanogaster	invertebrate	proteome	medium	0.482		profile_medium
vdac	Q9VKP4__Dromel	tr|Q9VKP4|Q9VKP4_DROME	Drosophila melanogaster	invertebrate	proteome	high	0.9676	361	include
asic	Q9VME8__Dromel	tr|Q9VME8|Q9VME8_DROME	Drosophila melanogaster	invertebrate	proteome	high	0.8426	504	include
asic	Q9VME9__Dromel	tr|Q9VME9|Q9VME9_DROME	Drosophila melanogaster	invertebrate	proteome	high	0.8426	573	include
kainate	Q9VMP3__Dromel	tr|Q9VMP3|Q9VMP3_DROME	Drosophila melanogaster	invertebrate	proteome	medium	0.9341		profile_medium
kainate	Q9VMP4__Dromel	tr|Q9VMP4|Q9VMP4_DROME	Drosophila melanogaster	invertebrate	proteome	medium	0.9067		profile_medium
trpn	Q9VMR4__Dromel	tr|Q9VMR4|Q9VMR4_DROME	Drosophila melanogaster	invertebrate	proteome	high	0.8144	1761	include
nachr	Q9VPQ8__Dromel	tr|Q9VPQ8|Q9VPQ8_DROME	Drosophila melanogaster	invertebrate	proteome	high	0.7412	441	include
kainate	Q9VPV3__Dromel	tr|Q9VPV3|Q9VPV3_DROME	Drosophila melanogaster	invertebrate	proteome	medium	0.9297		profile_medium
otop	Q9VQN3__Dromel	tr|Q9VQN3|Q9VQN3_DROME	Drosophila melanogaster	invertebrate	proteome	high	0.8761	797	include
bestrophin	Q9VRW4__Dromel	tr|Q9VRW4|Q9VRW4_DROME	Drosophila melanogaster	invertebrate	proteome	high	0.8767	809	include
asic	Q9VS73__Dromel	tr|Q9VS73|Q9VS73_DROME	Drosophila melanogaster	invertebrate	proteome	high	0.7274	597	include
bestrophin	Q9VUM6__Dromel	tr|Q9VUM6|Q9VUM6_DROME	Drosophila melanogaster	invertebrate	proteome	high	0.8046	526	include
bestrophin	Q9VUM7__Dromel	tr|Q9VUM7|Q9VUM7_DROME	Drosophila melanogaster	invertebrate	proteome	high	0.7078	535	include
gabaa	Q9VVH4__Dromel	tr|Q9VVH4|Q9VVH4_DROME	Drosophila melanogaster	invertebrate	proteome	medium	0.9539		profile_medium
trpp	Q9VVZ8__Dromel	tr|Q9VVZ8|Q9VVZ8_DROME	Drosophila melanogaster	invertebrate	proteome	medium	0.7014		profile_medium
trpml	Q9VW35__Dromel	tr|Q9VW35|Q9VW35_DROME	Drosophila melanogaster	invertebrate	proteome	high	0.9194	652	include
gabaa	Q9VXL9__Dromel	tr|Q9VXL9|Q9VXL9_DROME	Drosophila melanogaster	invertebrate	proteome	medium	0.9386		profile_medium
k2p	Q9VYY5__Dromel	tr|Q9VYY5|Q9VYY5_DROME	Drosophila melanogaster	invertebrate	proteome	high	0.6318	411	include
k2p	Q9W0J0__Dromel	tr|Q9W0J0|Q9W0J0_DROME	Drosophila melanogaster	invertebrate	proteome	high	0.6667	729	include
asic	Q9W250__Dromel	tr|Q9W250|Q9W250_DROME	Drosophila melanogaster	invertebrate	proteome	high	0.8023	569	include
nachr	Q9W288__Dromel	tr|Q9W288|Q9W288_DROME	Drosophila melanogaster	invertebrate	proteome	high	0.6625	585	include
cng	Q9W2D5__Dromel	tr|Q9W2D5|Q9W2D5_DROME	Drosophila melanogaster	invertebrate	proteome	high	0.8699	1040	include
k2p	Q9W2L7__Dromel	tr|Q9W2L7|Q9W2L7_DROME	Drosophila melanogaster	invertebrate	proteome	high	0.6542	975	include
nachr	Q9W3G6__Dromel	tr|Q9W3G6|Q9W3G6_DROME	Drosophila melanogaster	invertebrate	proteome	high	0.9275	795	include
trpv	Q9W3W0__Dromel	tr|Q9W3W0|Q9W3W0_DROME	Drosophila melanogaster	invertebrate	proteome	high	0.7065	1123	include
nmda	Q9W581__Dromel	tr|Q9W581|Q9W581_DROME	Drosophila melanogaster	invertebrate	proteome	high	0.7101	1083	include
enac	Q9XTS9__Caeele	tr|Q9XTS9|Q9XTS9_CAEEL	Caenorhabditis elegans	invertebrate	proteome	medium	0.4372		profile_medium
k2p	Q9XTV6__Caeele	tr|Q9XTV6|Q9XTV6_CAEEL	Caenorhabditis elegans	invertebrate	proteome	high	0.5821	562	include
nachr	Q9XTY8__Caeele	tr|Q9XTY8|Q9XTY8_CAEEL	Caenorhabditis elegans	invertebrate	proteome	high	0.6211	502	include
kv_kcnq	Q9XWG9__Caeele	tr|Q9XWG9|Q9XWG9_CAEEL	Caenorhabditis elegans	invertebrate	proteome	high	0.7823	621	include
kv_eag	R4GA28__Anocar	tr|R4GA28|R4GA28_ANOCA	Anolis carolinensis	vertebrate	proteome	high	0.8524	895	include
kv_kcnq	R4GA42__Anocar	tr|R4GA42|R4GA42_ANOCA	Anolis carolinensis	vertebrate	proteome	high	0.97	707	include
k2p	R4GA87__Anocar	tr|R4GA87|R4GA87_ANOCA	Anolis carolinensis	vertebrate	proteome	high	0.5597	230	include
kca_sk	R4GCW1__Anocar	tr|R4GCW1|R4GCW1_ANOCA	Anolis carolinensis	vertebrate	proteome	high	0.9525	915	include
osca_tmem63	R4GD55__Anocar	tr|R4GD55|R4GD55_ANOCA	Anolis carolinensis	vertebrate	proteome	high	0.9472	831	include
glyr	R4GDJ5__Anocar	tr|R4GDJ5|R4GDJ5_ANOCA	Anolis carolinensis	vertebrate	proteome	high	0.9827	450	include
nachr	R4GF05__Danrer	tr|R4GF05|R4GF05_DANRE	Danio rerio	vertebrate	proteome	high	0.9524	532	include
kir	R4GJD4__Galgal	tr|R4GJD4|R4GJD4_CHICK	Gallus gallus	vertebrate	proteome	high	0.9707	421	include
vdac	S4RF01__Petmar	tr|S4RF01|S4RF01_PETMA	Petromyzon marinus	vertebrate	proteome	high	0.9964	283	include
connexin	S4RSZ7__Petmar	tr|S4RSZ7|S4RSZ7_PETMA	Petromyzon marinus	vertebrate	proteome	high	0.7685	301	include
kv_shaker	S4S187__Petmar	tr|S4S187|S4S187_PETMA	Petromyzon marinus	vertebrate	proteome	high	0.8533	508	include
kir	S4S1L4__Petmar	tr|S4S1L4|S4S1L4_PETMA	Petromyzon marinus	vertebrate	proteome	high	0.9144	391	include
otop	U4PEQ1__Caeele	tr|U4PEQ1|U4PEQ1_CAEEL	Caenorhabditis elegans	invertebrate	proteome	high	0.6059	752	include
k2p	U4PFA8__Caeele	tr|U4PFA8|U4PFA8_CAEEL	Caenorhabditis elegans	invertebrate	proteome	medium	0.4652		profile_medium
nachr	V3YWI2__Lotgig	tr|V3YWI2|V3YWI2_LOTGI	Lottia gigantea	invertebrate	proteome	medium	0.4327		profile_medium
kv_shaker	V3YWK5__Lotgig	tr|V3YWK5|V3YWK5_LOTGI	Lottia gigantea	invertebrate	proteome	medium	0.7482		profile_medium
k2p	V3YX38__Lotgig	tr|V3YX38|V3YX38_LOTGI	Lottia gigantea	invertebrate	proteome	high	0.6891	351	include
kca_slo	V3YXW6__Lotgig	tr|V3YXW6|V3YXW6_LOTGI	Lottia gigantea	invertebrate	proteome	high	0.718	873	include
bestrophin	V3YZ11__Lotgig	tr|V3YZ11|V3YZ11_LOTGI	Lottia gigantea	invertebrate	proteome	high	0.6964	368	include
nachr	V3Z021__Lotgig	tr|V3Z021|V3Z021_LOTGI	Lottia gigantea	invertebrate	proteome	high	0.5383	256	include
nachr	V3Z071__Lotgig	tr|V3Z071|V3Z071_LOTGI	Lottia gigantea	invertebrate	proteome	high	0.9462	495	include
trpp	V3Z0D8__Lotgig	tr|V3Z0D8|V3Z0D8_LOTGI	Lottia gigantea	invertebrate	proteome	high	0.9195	851	include
tpc	V3Z0U0__Lotgig	tr|V3Z0U0|V3Z0U0_LOTGI	Lottia gigantea	invertebrate	proteome	high	0.9437	854	include
k2p	V3Z229__Lotgig	tr|V3Z229|V3Z229_LOTGI	Lottia gigantea	invertebrate	proteome	high	0.6219	328	include
nachr	V3Z2B7__Lotgig	tr|V3Z2B7|V3Z2B7_LOTGI	Lottia gigantea	invertebrate	proteome	high	0.8219	468	include
nmda	V3Z2U5__Lotgig	tr|V3Z2U5|V3Z2U5_LOTGI	Lottia gigantea	invertebrate	proteome	high	0.6846	865	include
innexin	V3Z652__Lotgig	tr|V3Z652|V3Z652_LOTGI	Lottia gigantea	invertebrate	proteome	high	0.7363	400	include
kainate	V3Z6B1__Lotgig	tr|V3Z6B1|V3Z6B1_LOTGI	Lottia gigantea	invertebrate	proteome	medium	0.416		profile_medium
kir	V3Z823__Lotgig	tr|V3Z823|V3Z823_LOTGI	Lottia gigantea	invertebrate	proteome	high	0.8337	400	include
nmda	V3Z8F7__Lotgig	tr|V3Z8F7|V3Z8F7_LOTGI	Lottia gigantea	invertebrate	proteome	high	0.6692	901	include
hv1	V3ZAM5__Lotgig	tr|V3ZAM5|V3ZAM5_LOTGI	Lottia gigantea	invertebrate	proteome	high	0.5255	490	include
innexin	V3ZB67__Lotgig	tr|V3ZB67|V3ZB67_LOTGI	Lottia gigantea	invertebrate	proteome	high	0.7179	393	include
asic	V3ZE53__Lotgig	tr|V3ZE53|V3ZE53_LOTGI	Lottia gigantea	invertebrate	proteome	medium	0.5701		profile_medium
nachr	V3ZF06__Lotgig	tr|V3ZF06|V3ZF06_LOTGI	Lottia gigantea	invertebrate	proteome	high	0.5694	280	include
piezo	V3ZF50__Lotgig	tr|V3ZF50|V3ZF50_LOTGI	Lottia gigantea	invertebrate	proteome	medium	0.379		profile_medium
osca_tmem63	V3ZH65__Lotgig	tr|V3ZH65|V3ZH65_LOTGI	Lottia gigantea	invertebrate	proteome	high	0.834	683	include
otop	V3ZH84__Lotgig	tr|V3ZH84|V3ZH84_LOTGI	Lottia gigantea	invertebrate	proteome	high	0.6936	430	include
ampa	V3ZHA0__Lotgig	tr|V3ZHA0|V3ZHA0_LOTGI	Lottia gigantea	invertebrate	proteome	medium	0.8847		profile_medium
kainate	V3ZHA3__Lotgig	tr|V3ZHA3|V3ZHA3_LOTGI	Lottia gigantea	invertebrate	proteome	medium	0.4533		profile_medium
trpp	V3ZHW6__Lotgig	tr|V3ZHW6|V3ZHW6_LOTGI	Lottia gigantea	invertebrate	proteome	medium	0.6097		profile_medium
trpv	V3ZJ74__Lotgig	tr|V3ZJ74|V3ZJ74_LOTGI	Lottia gigantea	invertebrate	proteome	high	0.6745	587	include
kv_shaker	V3ZJF7__Lotgig	tr|V3ZJF7|V3ZJF7_LOTGI	Lottia gigantea	invertebrate	proteome	high	0.8207	527	include
nachr	V3ZJY0__Lotgig	tr|V3ZJY0|V3ZJY0_LOTGI	Lottia gigantea	invertebrate	proteome	medium	0.3333		profile_medium
tpc	V3ZK60__Lotgig	tr|V3ZK60|V3ZK60_LOTGI	Lottia gigantea	invertebrate	proteome	high	0.9306	713	include
k2p	V3ZKS8__Lotgig	tr|V3ZKS8|V3ZKS8_LOTGI	Lottia gigantea	invertebrate	proteome	high	0.6617	274	include
nachr	V3ZKV2__Lotgig	tr|V3ZKV2|V3ZKV2_LOTGI	Lottia gigantea	invertebrate	proteome	high	0.7019	352	include
nachr	V3ZL48__Lotgig	tr|V3ZL48|V3ZL48_LOTGI	Lottia gigantea	invertebrate	proteome	high	0.9565	452	include
nachr	V3ZL77__Lotgig	tr|V3ZL77|V3ZL77_LOTGI	Lottia gigantea	invertebrate	proteome	high	0.5859	300	include
kainate	V3ZLC1__Lotgig	tr|V3ZLC1|V3ZLC1_LOTGI	Lottia gigantea	invertebrate	proteome	medium	0.8979		profile_medium
innexin	V3ZLC5__Lotgig	tr|V3ZLC5|V3ZLC5_LOTGI	Lottia gigantea	invertebrate	proteome	high	0.7216	425	include
nachr	V3ZLJ9__Lotgig	tr|V3ZLJ9|V3ZLJ9_LOTGI	Lottia gigantea	invertebrate	proteome	high	0.6046	283	include
nachr	V3ZM52__Lotgig	tr|V3ZM52|V3ZM52_LOTGI	Lottia gigantea	invertebrate	proteome	medium	0.3582		profile_medium
kv_eag	V3ZMA8__Lotgig	tr|V3ZMA8|V3ZMA8_LOTGI	Lottia gigantea	invertebrate	proteome	high	0.683	689	include
nav	V3ZMP2__Lotgig	tr|V3ZMP2|V3ZMP2_LOTGI	Lottia gigantea	invertebrate	proteome	high	0.9731	1911	include
nachr	V3ZMZ3__Lotgig	tr|V3ZMZ3|V3ZMZ3_LOTGI	Lottia gigantea	invertebrate	proteome	high	0.6418	354	include
nachr	V3ZMZ7__Lotgig	tr|V3ZMZ7|V3ZMZ7_LOTGI	Lottia gigantea	invertebrate	proteome	high	0.5321	256	include
itpr	V3ZN73__Lotgig	tr|V3ZN73|V3ZN73_LOTGI	Lottia gigantea	invertebrate	proteome	high	0.7723	2621	include
trpv	V3ZN78__Lotgig	tr|V3ZN78|V3ZN78_LOTGI	Lottia gigantea	invertebrate	proteome	high	0.7361	770	include
nachr	V3ZPB9__Lotgig	tr|V3ZPB9|V3ZPB9_LOTGI	Lottia gigantea	invertebrate	proteome	medium	0.4576		profile_medium
nachr	V3ZPQ3__Lotgig	tr|V3ZPQ3|V3ZPQ3_LOTGI	Lottia gigantea	invertebrate	proteome	high	0.9337	466	include
nachr	V3ZQF7__Lotgig	tr|V3ZQF7|V3ZQF7_LOTGI	Lottia gigantea	invertebrate	proteome	high	0.8075	370	include
kir	V3ZQG3__Lotgig	tr|V3ZQG3|V3ZQG3_LOTGI	Lottia gigantea	invertebrate	proteome	high	0.7457	307	include
kv_shaker	V3ZQT8__Lotgig	tr|V3ZQT8|V3ZQT8_LOTGI	Lottia gigantea	invertebrate	proteome	high	0.837	459	include
otop	V3ZRA0__Lotgig	tr|V3ZRA0|V3ZRA0_LOTGI	Lottia gigantea	invertebrate	proteome	medium	0.4544		profile_medium
cng	V3ZRE4__Lotgig	tr|V3ZRE4|V3ZRE4_LOTGI	Lottia gigantea	invertebrate	proteome	high	0.7284	531	include
kir	V3ZRM7__Lotgig	tr|V3ZRM7|V3ZRM7_LOTGI	Lottia gigantea	invertebrate	proteome	high	0.868	421	include
k2p	V3ZRN1__Lotgig	tr|V3ZRN1|V3ZRN1_LOTGI	Lottia gigantea	invertebrate	proteome	high	0.6343	356	include
kv_kcnq	V3ZS54__Lotgig	tr|V3ZS54|V3ZS54_LOTGI	Lottia gigantea	invertebrate	proteome	medium	0.4009		profile_medium
cav	V3ZSQ2__Lotgig	tr|V3ZSQ2|V3ZSQ2_LOTGI	Lottia gigantea	invertebrate	proteome	high	0.6903	1575	include
nachr	V3ZT38__Lotgig	tr|V3ZT38|V3ZT38_LOTGI	Lottia gigantea	invertebrate	proteome	high	0.5445	258	include
kainate	V3ZTQ4__Lotgig	tr|V3ZTQ4|V3ZTQ4_LOTGI	Lottia gigantea	invertebrate	proteome	medium	0.3941		profile_medium
k2p	V3ZU20__Lotgig	tr|V3ZU20|V3ZU20_LOTGI	Lottia gigantea	invertebrate	proteome	high	0.5995	282	include
innexin	V3ZUL3__Lotgig	tr|V3ZUL3|V3ZUL3_LOTGI	Lottia gigantea	invertebrate	proteome	high	0.7143	404	include
k2p	V3ZUS1__Lotgig	tr|V3ZUS1|V3ZUS1_LOTGI	Lottia gigantea	invertebrate	proteome	high	0.6119	313	include
vdac	V3ZUS8__Lotgig	tr|V3ZUS8|V3ZUS8_LOTGI	Lottia gigantea	invertebrate	proteome	high	0.982	321	include
nachr	V3ZUW1__Lotgig	tr|V3ZUW1|V3ZUW1_LOTGI	Lottia gigantea	invertebrate	proteome	high	0.6066	291	include
nachr	V3ZUX0__Lotgig	tr|V3ZUX0|V3ZUX0_LOTGI	Lottia gigantea	invertebrate	proteome	high	0.8903	430	include
kir	V3ZUX5__Lotgig	tr|V3ZUX5|V3ZUX5_LOTGI	Lottia gigantea	invertebrate	proteome	high	0.8924	428	include
vdac	V3ZV16__Lotgig	tr|V3ZV16|V3ZV16_LOTGI	Lottia gigantea	invertebrate	proteome	high	0.9928	282	include
orai	V3ZV74__Lotgig	tr|V3ZV74|V3ZV74_LOTGI	Lottia gigantea	invertebrate	proteome	high	0.7407	213	include
kv_shaker	V3ZVR2__Lotgig	tr|V3ZVR2|V3ZVR2_LOTGI	Lottia gigantea	invertebrate	proteome	medium	0.7138		profile_medium
nachr	V3ZWH1__Lotgig	tr|V3ZWH1|V3ZWH1_LOTGI	Lottia gigantea	invertebrate	proteome	medium	0.4534		profile_medium
nachr	V3ZWQ8__Lotgig	tr|V3ZWQ8|V3ZWQ8_LOTGI	Lottia gigantea	invertebrate	proteome	high	0.5404	267	include
mcu	V3ZX85__Lotgig	tr|V3ZX85|V3ZX85_LOTGI	Lottia gigantea	invertebrate	proteome	high	0.8754	333	include
plgic_prok	V3ZXJ3__Lotgig	tr|V3ZXJ3|V3ZXJ3_LOTGI	Lottia gigantea	invertebrate	proteome	medium	0.7116		profile_medium
nachr	V3ZXM5__Lotgig	tr|V3ZXM5|V3ZXM5_LOTGI	Lottia gigantea	invertebrate	proteome	high	0.5694	272	include
trpv	V3ZY04__Lotgig	tr|V3ZY04|V3ZY04_LOTGI	Lottia gigantea	invertebrate	proteome	medium	0.3736		profile_medium
enac	V3ZYB9__Lotgig	tr|V3ZYB9|V3ZYB9_LOTGI	Lottia gigantea	invertebrate	proteome	medium	0.5163		profile_medium
innexin	V3ZZ22__Lotgig	tr|V3ZZ22|V3ZZ22_LOTGI	Lottia gigantea	invertebrate	proteome	high	0.7326	428	include
plgic_prok	V3ZZ27__Lotgig	tr|V3ZZ27|V3ZZ27_LOTGI	Lottia gigantea	invertebrate	proteome	medium	0.7143		profile_medium
asic	V3ZZ32__Lotgig	tr|V3ZZ32|V3ZZ32_LOTGI	Lottia gigantea	invertebrate	proteome	high	0.6795	438	include
kv_shaker	V4A0D4__Lotgig	tr|V4A0D4|V4A0D4_LOTGI	Lottia gigantea	invertebrate	proteome	medium	0.7138		profile_medium
nachr	V4A0R6__Lotgig	tr|V4A0R6|V4A0R6_LOTGI	Lottia gigantea	invertebrate	proteome	high	0.5818	284	include
hv1	V4A123__Lotgig	tr|V4A123|V4A123_LOTGI	Lottia gigantea	invertebrate	proteome	high	0.5176	448	include
cng	V4A1K8__Lotgig	tr|V4A1K8|V4A1K8_LOTGI	Lottia gigantea	invertebrate	proteome	medium	0.3465		profile_medium
kv_shaker	V4A1Z5__Lotgig	tr|V4A1Z5|V4A1Z5_LOTGI	Lottia gigantea	invertebrate	proteome	medium	0.7174		profile_medium
kv_shaker	V4A286__Lotgig	tr|V4A286|V4A286_LOTGI	Lottia gigantea	invertebrate	proteome	medium	0.7681		profile_medium
enac	V4A2D3__Lotgig	tr|V4A2D3|V4A2D3_LOTGI	Lottia gigantea	invertebrate	proteome	medium	0.6543		profile_medium
plgic_prok	V4A2P8__Lotgig	tr|V4A2P8|V4A2P8_LOTGI	Lottia gigantea	invertebrate	proteome	high	0.717	372	include
kca_sk	V4A2U8__Lotgig	tr|V4A2U8|V4A2U8_LOTGI	Lottia gigantea	invertebrate	proteome	high	0.6704	464	include
kainate	V4A383__Lotgig	tr|V4A383|V4A383_LOTGI	Lottia gigantea	invertebrate	proteome	medium	0.3699		profile_medium
kv_shaker	V4A445__Lotgig	tr|V4A445|V4A445_LOTGI	Lottia gigantea	invertebrate	proteome	medium	0.6268		profile_medium
nachr	V4A4H0__Lotgig	tr|V4A4H0|V4A4H0_LOTGI	Lottia gigantea	invertebrate	proteome	high	0.7143	402	include
asic	V4A4T2__Lotgig	tr|V4A4T2|V4A4T2_LOTGI	Lottia gigantea	invertebrate	proteome	high	0.5816	331	include
ampa	V4A6I3__Lotgig	tr|V4A6I3|V4A6I3_LOTGI	Lottia gigantea	invertebrate	proteome	medium	0.9302		profile_medium
nachr	V4A6U0__Lotgig	tr|V4A6U0|V4A6U0_LOTGI	Lottia gigantea	invertebrate	proteome	high	0.5839	332	include
mcu	V4A6U2__Lotgig	tr|V4A6U2|V4A6U2_LOTGI	Lottia gigantea	invertebrate	proteome	high	0.8841	332	include
trpm	V4A776__Lotgig	tr|V4A776|V4A776_LOTGI	Lottia gigantea	invertebrate	proteome	medium	0.3354		profile_medium
trpc	V4A7H8__Lotgig	tr|V4A7H8|V4A7H8_LOTGI	Lottia gigantea	invertebrate	proteome	high	0.7286	718	include
nachr	V4A821__Lotgig	tr|V4A821|V4A821_LOTGI	Lottia gigantea	invertebrate	proteome	medium	0.4037		profile_medium
ryr	V4AA46__Lotgig	tr|V4AA46|V4AA46_LOTGI	Lottia gigantea	invertebrate	proteome	high	0.9838	5045	include
asic	V4AAA6__Lotgig	tr|V4AAA6|V4AAA6_LOTGI	Lottia gigantea	invertebrate	proteome	medium	0.8829		profile_medium
otop	V4AAY3__Lotgig	tr|V4AAY3|V4AAY3_LOTGI	Lottia gigantea	invertebrate	proteome	high	0.5542	646	include
nachr	V4AB03__Lotgig	tr|V4AB03|V4AB03_LOTGI	Lottia gigantea	invertebrate	proteome	medium	0.4576		profile_medium
nachr	V4ABC4__Lotgig	tr|V4ABC4|V4ABC4_LOTGI	Lottia gigantea	invertebrate	proteome	high	0.9503	512	include
ampa	V4ABE4__Lotgig	tr|V4ABE4|V4ABE4_LOTGI	Lottia gigantea	invertebrate	proteome	medium	0.8836		profile_medium
nachr	V4ABS6__Lotgig	tr|V4ABS6|V4ABS6_LOTGI	Lottia gigantea	invertebrate	proteome	high	0.853	454	include
nachr	V4ACA5__Lotgig	tr|V4ACA5|V4ACA5_LOTGI	Lottia gigantea	invertebrate	proteome	high	0.6211	407	include
hcn	V4ACG9__Lotgig	tr|V4ACG9|V4ACG9_LOTGI	Lottia gigantea	invertebrate	proteome	high	0.5181	604	include
kv_kcnq	V4ADE3__Lotgig	tr|V4ADE3|V4ADE3_LOTGI	Lottia gigantea	invertebrate	proteome	medium	0.4565		profile_medium
nachr	V4AE15__Lotgig	tr|V4AE15|V4AE15_LOTGI	Lottia gigantea	invertebrate	proteome	high	0.9317	505	include
gabaa	V4AEG3__Lotgig	tr|V4AEG3|V4AEG3_LOTGI	Lottia gigantea	invertebrate	proteome	medium	0.9254		profile_medium
trpc	V4AET5__Lotgig	tr|V4AET5|V4AET5_LOTGI	Lottia gigantea	invertebrate	proteome	high	0.7386	746	include
hv1	V4AEZ6__Lotgig	tr|V4AEZ6|V4AEZ6_LOTGI	Lottia gigantea	invertebrate	proteome	medium	0.3176		profile_medium
gabaa	V4AFA2__Lotgig	tr|V4AFA2|V4AFA2_LOTGI	Lottia gigantea	invertebrate	proteome	medium	0.614		profile_medium
asic	V4AFZ1__Lotgig	tr|V4AFZ1|V4AFZ1_LOTGI	Lottia gigantea	invertebrate	proteome	high	0.8656	466	include
kv_eag	V4AG75__Lotgig	tr|V4AG75|V4AG75_LOTGI	Lottia gigantea	invertebrate	proteome	medium	0.348		profile_medium
nachr	V4AG91__Lotgig	tr|V4AG91|V4AG91_LOTGI	Lottia gigantea	invertebrate	proteome	high	0.5839	332	include
kca_slo	V4AGF6__Lotgig	tr|V4AGF6|V4AGF6_LOTGI	Lottia gigantea	invertebrate	proteome	high	0.8767	1195	include
kv_shaker	V4AGP0__Lotgig	tr|V4AGP0|V4AGP0_LOTGI	Lottia gigantea	invertebrate	proteome	high	0.692	375	include
plgic_prok	V4AGW4__Lotgig	tr|V4AGW4|V4AGW4_LOTGI	Lottia gigantea	invertebrate	proteome	high	0.814	376	include
trpml	V4AH67__Lotgig	tr|V4AH67|V4AH67_LOTGI	Lottia gigantea	invertebrate	proteome	high	0.9422	588	include
kv_shaker	V4AI65__Lotgig	tr|V4AI65|V4AI65_LOTGI	Lottia gigantea	invertebrate	proteome	medium	0.3496		profile_medium
trpp	V4AIV7__Lotgig	tr|V4AIV7|V4AIV7_LOTGI	Lottia gigantea	invertebrate	proteome	high	0.5465	467	include
kv_kcnq	V4AJI8__Lotgig	tr|V4AJI8|V4AJI8_LOTGI	Lottia gigantea	invertebrate	proteome	medium	0.4414		profile_medium
nachr	V4AJX2__Lotgig	tr|V4AJX2|V4AJX2_LOTGI	Lottia gigantea	invertebrate	proteome	high	0.6315	303	include
asic	V4AJY1__Lotgig	tr|V4AJY1|V4AJY1_LOTGI	Lottia gigantea	invertebrate	proteome	medium	0.3532		profile_medium
nachr	V4AJY6__Lotgig	tr|V4AJY6|V4AJY6_LOTGI	Lottia gigantea	invertebrate	proteome	high	0.6108	292	include
nachr	V4AL10__Lotgig	tr|V4AL10|V4AL10_LOTGI	Lottia gigantea	invertebrate	proteome	high	0.619	377	include
nachr	V4AL86__Lotgig	tr|V4AL86|V4AL86_LOTGI	Lottia gigantea	invertebrate	proteome	medium	0.4824		profile_medium
asic	V4ALL5__Lotgig	tr|V4ALL5|V4ALL5_LOTGI	Lottia gigantea	invertebrate	proteome	high	0.8733	477	include
clc_channel	V4ALP8__Lotgig	tr|V4ALP8|V4ALP8_LOTGI	Lottia gigantea	invertebrate	proteome	high	0.9252	926	include
kca_sk	V4AM30__Lotgig	tr|V4AM30|V4AM30_LOTGI	Lottia gigantea	invertebrate	proteome	medium	0.4945		profile_medium
hv1	V4AM99__Lotgig	tr|V4AM99|V4AM99_LOTGI	Lottia gigantea	invertebrate	proteome	medium	0.451		profile_medium
iglur_nonvertebrate	V4AMD6__Lotgig	tr|V4AMD6|V4AMD6_LOTGI	Lottia gigantea	invertebrate	proteome	medium	0.3891		profile_medium
nachr	V4AMM9__Lotgig	tr|V4AMM9|V4AMM9_LOTGI	Lottia gigantea	invertebrate	proteome	high	0.6605	323	include
nachr	V4AMN3__Lotgig	tr|V4AMN3|V4AMN3_LOTGI	Lottia gigantea	invertebrate	proteome	high	0.9607	593	include
kv_kcnq	V4AMN9__Lotgig	tr|V4AMN9|V4AMN9_LOTGI	Lottia gigantea	invertebrate	proteome	none	0.0976		no_profile_call
enac	V4ANC7__Lotgig	tr|V4ANC7|V4ANC7_LOTGI	Lottia gigantea	invertebrate	proteome	medium	0.6899		profile_medium
enac	V4AND2__Lotgig	tr|V4AND2|V4AND2_LOTGI	Lottia gigantea	invertebrate	proteome	medium	0.6372		profile_medium
innexin	V4AP14__Lotgig	tr|V4AP14|V4AP14_LOTGI	Lottia gigantea	invertebrate	proteome	medium	0.3187		profile_medium
nachr	V4APH5__Lotgig	tr|V4APH5|V4APH5_LOTGI	Lottia gigantea	invertebrate	proteome	medium	0.323		profile_medium
nachr	V4APT2__Lotgig	tr|V4APT2|V4APT2_LOTGI	Lottia gigantea	invertebrate	proteome	medium	0.5507		profile_medium
kv_shaker	V4AQ40__Lotgig	tr|V4AQ40|V4AQ40_LOTGI	Lottia gigantea	invertebrate	proteome	medium	0.3587		profile_medium
trpc	V4AQE6__Lotgig	tr|V4AQE6|V4AQE6_LOTGI	Lottia gigantea	invertebrate	proteome	high	0.7564	771	include
kv_shaker	V4AQJ0__Lotgig	tr|V4AQJ0|V4AQJ0_LOTGI	Lottia gigantea	invertebrate	proteome	medium	0.3641		profile_medium
kainate	V4AR18__Lotgig	tr|V4AR18|V4AR18_LOTGI	Lottia gigantea	invertebrate	proteome	medium	0.4325		profile_medium
kv_shaker	V4AR81__Lotgig	tr|V4AR81|V4AR81_LOTGI	Lottia gigantea	invertebrate	proteome	medium	0.7428		profile_medium
kainate	V4ARN0__Lotgig	tr|V4ARN0|V4ARN0_LOTGI	Lottia gigantea	invertebrate	proteome	medium	0.3919		profile_medium
nachr	V4ARZ1__Lotgig	tr|V4ARZ1|V4ARZ1_LOTGI	Lottia gigantea	invertebrate	proteome	high	0.6232	313	include
nachr	V4AS81__Lotgig	tr|V4AS81|V4AS81_LOTGI	Lottia gigantea	invertebrate	proteome	high	0.6563	389	include
ampa	V4ASF8__Lotgig	tr|V4ASF8|V4ASF8_LOTGI	Lottia gigantea	invertebrate	proteome	medium	0.6042		profile_medium
nalcn	V4ASM1__Lotgig	tr|V4ASM1|V4ASM1_LOTGI	Lottia gigantea	invertebrate	proteome	high	0.653	1236	include
nachr	V4AST1__Lotgig	tr|V4AST1|V4AST1_LOTGI	Lottia gigantea	invertebrate	proteome	medium	0.5466		profile_medium
kca_sk	V4ATG1__Lotgig	tr|V4ATG1|V4ATG1_LOTGI	Lottia gigantea	invertebrate	proteome	high	0.6577	429	include
enac	V4ATR6__Lotgig	tr|V4ATR6|V4ATR6_LOTGI	Lottia gigantea	invertebrate	proteome	medium	0.5349		profile_medium
nachr	V4AUF1__Lotgig	tr|V4AUF1|V4AUF1_LOTGI	Lottia gigantea	invertebrate	proteome	high	0.6998	402	include
kv_shaker	V4AUI0__Lotgig	tr|V4AUI0|V4AUI0_LOTGI	Lottia gigantea	invertebrate	proteome	medium	0.8333		profile_medium
kainate	V4AUP3__Lotgig	tr|V4AUP3|V4AUP3_LOTGI	Lottia gigantea	invertebrate	proteome	medium	0.4314		profile_medium
asic	V4AV35__Lotgig	tr|V4AV35|V4AV35_LOTGI	Lottia gigantea	invertebrate	proteome	medium	0.4664		profile_medium
kv_eag	V4AV47__Lotgig	tr|V4AV47|V4AV47_LOTGI	Lottia gigantea	invertebrate	proteome	high	0.656	652	include
nachr	V4AVD5__Lotgig	tr|V4AVD5|V4AVD5_LOTGI	Lottia gigantea	invertebrate	proteome	high	0.9089	467	include
nachr	V4AWH3__Lotgig	tr|V4AWH3|V4AWH3_LOTGI	Lottia gigantea	invertebrate	proteome	high	0.6025	376	include
kainate	V4AX43__Lotgig	tr|V4AX43|V4AX43_LOTGI	Lottia gigantea	invertebrate	proteome	medium	0.7322		profile_medium
cng	V4AXB6__Lotgig	tr|V4AXB6|V4AXB6_LOTGI	Lottia gigantea	invertebrate	proteome	high	0.7369	545	include
asic	V4AY46__Lotgig	tr|V4AY46|V4AY46_LOTGI	Lottia gigantea	invertebrate	proteome	medium	0.3551		profile_medium
trpp	V4AYC3__Lotgig	tr|V4AYC3|V4AYC3_LOTGI	Lottia gigantea	invertebrate	proteome	medium	0.4634		profile_medium
kainate	V4AYJ3__Lotgig	tr|V4AYJ3|V4AYJ3_LOTGI	Lottia gigantea	invertebrate	proteome	medium	0.4303		profile_medium
asic	V4AYN9__Lotgig	tr|V4AYN9|V4AYN9_LOTGI	Lottia gigantea	invertebrate	proteome	medium	0.3071		profile_medium
asic	V4AYW2__Lotgig	tr|V4AYW2|V4AYW2_LOTGI	Lottia gigantea	invertebrate	proteome	high	0.8676	447	include
nachr	V4AZB6__Lotgig	tr|V4AZB6|V4AZB6_LOTGI	Lottia gigantea	invertebrate	proteome	high	0.6046	290	include
asic	V4B000__Lotgig	tr|V4B000|V4B000_LOTGI	Lottia gigantea	invertebrate	proteome	high	0.7582	440	include
p2x	V4B103__Lotgig	tr|V4B103|V4B103_LOTGI	Lottia gigantea	invertebrate	proteome	high	0.9435	415	include
k2p	V4B135__Lotgig	tr|V4B135|V4B135_LOTGI	Lottia gigantea	invertebrate	proteome	high	0.6144	259	include
kir	V4B180__Lotgig	tr|V4B180|V4B180_LOTGI	Lottia gigantea	invertebrate	proteome	high	0.8044	358	include
nachr	V4B1H7__Lotgig	tr|V4B1H7|V4B1H7_LOTGI	Lottia gigantea	invertebrate	proteome	high	0.6749	347	include
kca_slo	V4B1X9__Lotgig	tr|V4B1X9|V4B1X9_LOTGI	Lottia gigantea	invertebrate	proteome	high	0.8713	1026	include
k2p	V4B2I8__Lotgig	tr|V4B2I8|V4B2I8_LOTGI	Lottia gigantea	invertebrate	proteome	high	0.6667	373	include
nachr	V4B2L2__Lotgig	tr|V4B2L2|V4B2L2_LOTGI	Lottia gigantea	invertebrate	proteome	high	0.5445	266	include
trpc	V4B2L8__Lotgig	tr|V4B2L8|V4B2L8_LOTGI	Lottia gigantea	invertebrate	proteome	high	0.7475	748	include
nachr	V4B3J1__Lotgig	tr|V4B3J1|V4B3J1_LOTGI	Lottia gigantea	invertebrate	proteome	medium	0.4596		profile_medium
kainate	V4B3Z0__Lotgig	tr|V4B3Z0|V4B3Z0_LOTGI	Lottia gigantea	invertebrate	proteome	medium	0.393		profile_medium
otop	V4B468__Lotgig	tr|V4B468|V4B468_LOTGI	Lottia gigantea	invertebrate	proteome	high	0.7057	490	include
nachr	V4B4N0__Lotgig	tr|V4B4N0|V4B4N0_LOTGI	Lottia gigantea	invertebrate	proteome	high	0.9337	499	include
kainate	V4B530__Lotgig	tr|V4B530|V4B530_LOTGI	Lottia gigantea	invertebrate	proteome	medium	0.3732		profile_medium
nachr	V4B575__Lotgig	tr|V4B575|V4B575_LOTGI	Lottia gigantea	invertebrate	proteome	high	0.6108	290	include
enac	V4B582__Lotgig	tr|V4B582|V4B582_LOTGI	Lottia gigantea	invertebrate	proteome	medium	0.724		profile_medium
tric	V4B595__Lotgig	tr|V4B595|V4B595_LOTGI	Lottia gigantea	invertebrate	proteome	high	0.9424	288	include
innexin	V4B596__Lotgig	tr|V4B596|V4B596_LOTGI	Lottia gigantea	invertebrate	proteome	high	0.7051	376	include
kca_sk	V4B5G3__Lotgig	tr|V4B5G3|V4B5G3_LOTGI	Lottia gigantea	invertebrate	proteome	high	0.851	564	include
k2p	V4B5K0__Lotgig	tr|V4B5K0|V4B5K0_LOTGI	Lottia gigantea	invertebrate	proteome	high	0.6368	337	include
asic	V4B5N4__Lotgig	tr|V4B5N4|V4B5N4_LOTGI	Lottia gigantea	invertebrate	proteome	high	0.8772	504	include
asic	V4B610__Lotgig	tr|V4B610|V4B610_LOTGI	Lottia gigantea	invertebrate	proteome	high	0.8676	459	include
nmda	V4B6G6__Lotgig	tr|V4B6G6|V4B6G6_LOTGI	Lottia gigantea	invertebrate	proteome	high	0.7059	888	include
innexin	V4B6S1__Lotgig	tr|V4B6S1|V4B6S1_LOTGI	Lottia gigantea	invertebrate	proteome	high	0.7125	392	include
nachr	V4B8A4__Lotgig	tr|V4B8A4|V4B8A4_LOTGI	Lottia gigantea	invertebrate	proteome	high	0.7495	440	include
nachr	V4B8K4__Lotgig	tr|V4B8K4|V4B8K4_LOTGI	Lottia gigantea	invertebrate	proteome	high	0.6687	324	include
gabaa	V4B8R3__Lotgig	tr|V4B8R3|V4B8R3_LOTGI	Lottia gigantea	invertebrate	proteome	medium	0.7654		profile_medium
kv_kcnq	V4B921__Lotgig	tr|V4B921|V4B921_LOTGI	Lottia gigantea	invertebrate	proteome	none	0.2042		no_profile_call
kainate	V4B9B7__Lotgig	tr|V4B9B7|V4B9B7_LOTGI	Lottia gigantea	invertebrate	proteome	medium	0.4314		profile_medium
kv_shaker	V4B9R2__Lotgig	tr|V4B9R2|V4B9R2_LOTGI	Lottia gigantea	invertebrate	proteome	medium	0.7663		profile_medium
asic	V4BA03__Lotgig	tr|V4BA03|V4BA03_LOTGI	Lottia gigantea	invertebrate	proteome	high	0.6084	382	include
asic	V4BAG3__Lotgig	tr|V4BAG3|V4BAG3_LOTGI	Lottia gigantea	invertebrate	proteome	high	0.8618	452	include
otop	V4BAS2__Lotgig	tr|V4BAS2|V4BAS2_LOTGI	Lottia gigantea	invertebrate	proteome	high	0.7108	561	include
k2p	V4BAV2__Lotgig	tr|V4BAV2|V4BAV2_LOTGI	Lottia gigantea	invertebrate	proteome	high	0.8433	411	include
nmda	V4BAW8__Lotgig	tr|V4BAW8|V4BAW8_LOTGI	Lottia gigantea	invertebrate	proteome	high	0.6957	935	include
nachr	V4BB08__Lotgig	tr|V4BB08|V4BB08_LOTGI	Lottia gigantea	invertebrate	proteome	high	0.6066	292	include
kv_shaker	V4BBV3__Lotgig	tr|V4BBV3|V4BBV3_LOTGI	Lottia gigantea	invertebrate	proteome	high	0.7337	434	include
nachr	V4BCM5__Lotgig	tr|V4BCM5|V4BCM5_LOTGI	Lottia gigantea	invertebrate	proteome	high	0.5631	284	include
asic	V4BDD9__Lotgig	tr|V4BDD9|V4BDD9_LOTGI	Lottia gigantea	invertebrate	proteome	high	0.6353	355	include
nachr	V4BEP8__Lotgig	tr|V4BEP8|V4BEP8_LOTGI	Lottia gigantea	invertebrate	proteome	high	0.8634	590	include
innexin	V4BES3__Lotgig	tr|V4BES3|V4BES3_LOTGI	Lottia gigantea	invertebrate	proteome	high	0.7399	402	include
cng	V4BET2__Lotgig	tr|V4BET2|V4BET2_LOTGI	Lottia gigantea	invertebrate	proteome	medium	0.4158		profile_medium
nachr	V4BFS2__Lotgig	tr|V4BFS2|V4BFS2_LOTGI	Lottia gigantea	invertebrate	proteome	high	0.6605	395	include
asic	V4BH73__Lotgig	tr|V4BH73|V4BH73_LOTGI	Lottia gigantea	invertebrate	proteome	high	0.7255	419	include
kv_eag	V4BHC4__Lotgig	tr|V4BHC4|V4BHC4_LOTGI	Lottia gigantea	invertebrate	proteome	high	0.5663	601	include
nmda	V4BHN3__Lotgig	tr|V4BHN3|V4BHN3_LOTGI	Lottia gigantea	invertebrate	proteome	medium	0.3325		profile_medium
kv_shaker	V4BIC1__Lotgig	tr|V4BIC1|V4BIC1_LOTGI	Lottia gigantea	invertebrate	proteome	medium	0.7464		profile_medium
trpm	V4BKQ3__Lotgig	tr|V4BKQ3|V4BKQ3_LOTGI	Lottia gigantea	invertebrate	proteome	high	0.6794	1552	include
enac	V4BLQ0__Lotgig	tr|V4BLQ0|V4BLQ0_LOTGI	Lottia gigantea	invertebrate	proteome	medium	0.5535		profile_medium
itpr	V4BQ56__Lotgig	tr|V4BQ56|V4BQ56_LOTGI	Lottia gigantea	invertebrate	proteome	high	0.7424	2890	include
cav	V4BRF3__Lotgig	tr|V4BRF3|V4BRF3_LOTGI	Lottia gigantea	invertebrate	proteome	high	0.9461	1979	include
hv1	V4BRM4__Lotgig	tr|V4BRM4|V4BRM4_LOTGI	Lottia gigantea	invertebrate	proteome	medium	0.3843		profile_medium
kainate	V4BSX7__Lotgig	tr|V4BSX7|V4BSX7_LOTGI	Lottia gigantea	invertebrate	proteome	high	0.9308	877	include
nachr	V4BUI0__Lotgig	tr|V4BUI0|V4BUI0_LOTGI	Lottia gigantea	invertebrate	proteome	high	0.5445	259	include
nachr	V4BWH8__Lotgig	tr|V4BWH8|V4BWH8_LOTGI	Lottia gigantea	invertebrate	proteome	high	0.9462	494	include
trpm	V4BWY1__Lotgig	tr|V4BWY1|V4BWY1_LOTGI	Lottia gigantea	invertebrate	proteome	high	0.7272	1609	include
otop	V4BXX0__Lotgig	tr|V4BXX0|V4BXX0_LOTGI	Lottia gigantea	invertebrate	proteome	none	0.1738		no_profile_call
tpc	V4BYZ2__Lotgig	tr|V4BYZ2|V4BYZ2_LOTGI	Lottia gigantea	invertebrate	proteome	high	0.7644	784	include
nav	V4BZG2__Lotgig	tr|V4BZG2|V4BZG2_LOTGI	Lottia gigantea	invertebrate	proteome	high	0.8156	1616	include
kv_kcnq	V4C0B6__Lotgig	tr|V4C0B6|V4C0B6_LOTGI	Lottia gigantea	invertebrate	proteome	none	0.1471		no_profile_call
nachr	V4C0R6__Lotgig	tr|V4C0R6|V4C0R6_LOTGI	Lottia gigantea	invertebrate	proteome	high	0.6687	392	include
nachr	V4C0S6__Lotgig	tr|V4C0S6|V4C0S6_LOTGI	Lottia gigantea	invertebrate	proteome	high	0.6149	293	include
orai	V4C1Q9__Lotgig	tr|V4C1Q9|V4C1Q9_LOTGI	Lottia gigantea	invertebrate	proteome	high	0.7741	202	include
deg_invertebrate	V4C2H5__Lotgig	tr|V4C2H5|V4C2H5_LOTGI	Lottia gigantea	invertebrate	proteome	high	0.5958	562	include
cng	V4C7N1__Lotgig	tr|V4C7N1|V4C7N1_LOTGI	Lottia gigantea	invertebrate	proteome	medium	0.3126		profile_medium
kca_sk	V4C8V4__Lotgig	tr|V4C8V4|V4C8V4_LOTGI	Lottia gigantea	invertebrate	proteome	high	0.6545	419	include
cng	V4C8W9__Lotgig	tr|V4C8W9|V4C8W9_LOTGI	Lottia gigantea	invertebrate	proteome	high	0.6464	476	include
nachr	V4C9U2__Lotgig	tr|V4C9U2|V4C9U2_LOTGI	Lottia gigantea	invertebrate	proteome	high	0.7308	435	include
kca_slo	V4CAR7__Lotgig	tr|V4CAR7|V4CAR7_LOTGI	Lottia gigantea	invertebrate	proteome	high	0.8713	1122	include
kainate	V4CB78__Lotgig	tr|V4CB78|V4CB78_LOTGI	Lottia gigantea	invertebrate	proteome	medium	0.4303		profile_medium
cng	V4CCP0__Lotgig	tr|V4CCP0|V4CCP0_LOTGI	Lottia gigantea	invertebrate	proteome	high	0.5686	413	include
ampa	V4CDP2__Lotgig	tr|V4CDP2|V4CDP2_LOTGI	Lottia gigantea	invertebrate	proteome	medium	0.8659		profile_medium
innexin	V4CFP8__Lotgig	tr|V4CFP8|V4CFP8_LOTGI	Lottia gigantea	invertebrate	proteome	high	0.7436	409	include
nachr	V4CGS1__Lotgig	tr|V4CGS1|V4CGS1_LOTGI	Lottia gigantea	invertebrate	proteome	high	0.9317	493	include
trpc	V4CIQ9__Lotgig	tr|V4CIQ9|V4CIQ9_LOTGI	Lottia gigantea	invertebrate	proteome	medium	0.4049		profile_medium
gabaa	V4CJM7__Lotgig	tr|V4CJM7|V4CJM7_LOTGI	Lottia gigantea	invertebrate	proteome	medium	0.9167		profile_medium
deg_invertebrate	V4CL22__Lotgig	tr|V4CL22|V4CL22_LOTGI	Lottia gigantea	invertebrate	proteome	high	0.5958	560	include
iglur_nonvertebrate	V4CNI7__Lotgig	tr|V4CNI7|V4CNI7_LOTGI	Lottia gigantea	invertebrate	proteome	medium	0.3973		profile_medium
trpm	V4CRW8__Lotgig	tr|V4CRW8|V4CRW8_LOTGI	Lottia gigantea	invertebrate	proteome	medium	0.4345		profile_medium
nachr	V4CSD7__Lotgig	tr|V4CSD7|V4CSD7_LOTGI	Lottia gigantea	invertebrate	proteome	high	0.9255	444	include
nachr	V4CSE0__Lotgig	tr|V4CSE0|V4CSE0_LOTGI	Lottia gigantea	invertebrate	proteome	high	0.648	317	include
nachr	V6CJ96__Caeele	tr|V6CJ96|V6CJ96_CAEEL	Caenorhabditis elegans	invertebrate	proteome	high	0.6832	450	include
nalcn	V6CKM5__Caeele	tr|V6CKM5|V6CKM5_CAEEL	Caenorhabditis elegans	invertebrate	proteome	high	0.9148	1867	include
kca_sk	V6CLK4__Caeele	tr|V6CLK4|V6CLK4_CAEEL	Caenorhabditis elegans	invertebrate	proteome	high	0.8288	855	include
cng	W7WX58__Tetthe	tr|W7WX58|W7WX58_TETTS	Tetrahymena thermophila	ciliate	proteome	medium	0.4173		profile_medium
cng	W7X0R1__Tetthe	tr|W7X0R1|W7X0R1_TETTS	Tetrahymena thermophila	ciliate	proteome	high	0.5106	1088	include
cng	W7X2T7__Tetthe	tr|W7X2T7|W7X2T7_TETTS	Tetrahymena thermophila	ciliate	proteome	high	0.5163	1075	include
kv_eag	W7X393__Tetthe	tr|W7X393|W7X393_TETTS	Tetrahymena thermophila	ciliate	proteome	medium	0.4108		profile_medium
cng	W7X3P1__Tetthe	tr|W7X3P1|W7X3P1_TETTS	Tetrahymena thermophila	ciliate	proteome	medium	0.4767		profile_medium
cng	W7X413__Tetthe	tr|W7X413|W7X413_TETTS	Tetrahymena thermophila	ciliate	proteome	medium	0.4059		profile_medium
cng	W7X482__Tetthe	tr|W7X482|W7X482_TETTS	Tetrahymena thermophila	ciliate	proteome	high	0.6959	1203	include
cng	W7X5G0__Tetthe	tr|W7X5G0|W7X5G0_TETTS	Tetrahymena thermophila	ciliate	proteome	high	0.7624	1075	include
cng	W7X635__Tetthe	tr|W7X635|W7X635_TETTS	Tetrahymena thermophila	ciliate	proteome	medium	0.9151		profile_medium
cng	W7X6G1__Tetthe	tr|W7X6G1|W7X6G1_TETTS	Tetrahymena thermophila	ciliate	proteome	high	0.6124	1131	include
cng	W7X6R4__Tetthe	tr|W7X6R4|W7X6R4_TETTS	Tetrahymena thermophila	ciliate	proteome	high	0.5035	1466	include
cng	W7X775__Tetthe	tr|W7X775|W7X775_TETTS	Tetrahymena thermophila	ciliate	proteome	medium	0.4597		profile_medium
cng	W7X7W4__Tetthe	tr|W7X7W4|W7X7W4_TETTS	Tetrahymena thermophila	ciliate	proteome	medium	0.4045		profile_medium
cng	W7X8F8__Tetthe	tr|W7X8F8|W7X8F8_TETTS	Tetrahymena thermophila	ciliate	proteome	high	0.7765	1307	include
cng	W7X8H3__Tetthe	tr|W7X8H3|W7X8H3_TETTS	Tetrahymena thermophila	ciliate	proteome	medium	0.8967		profile_medium
cng	W7X8J2__Tetthe	tr|W7X8J2|W7X8J2_TETTS	Tetrahymena thermophila	ciliate	proteome	medium	0.3593		profile_medium
cng	W7X8W2__Tetthe	tr|W7X8W2|W7X8W2_TETTS	Tetrahymena thermophila	ciliate	proteome	high	0.9194	1109	include
cng	W7X9I3__Tetthe	tr|W7X9I3|W7X9I3_TETTS	Tetrahymena thermophila	ciliate	proteome	medium	0.8204		profile_medium
cng	W7XA02__Tetthe	tr|W7XA02|W7XA02_TETTS	Tetrahymena thermophila	ciliate	proteome	medium	0.372		profile_medium
cng	W7XAF6__Tetthe	tr|W7XAF6|W7XAF6_TETTS	Tetrahymena thermophila	ciliate	proteome	high	0.6436	1207	include
cng	W7XAR1__Tetthe	tr|W7XAR1|W7XAR1_TETTS	Tetrahymena thermophila	ciliate	proteome	medium	0.4583		profile_medium
cng	W7XAS1__Tetthe	tr|W7XAS1|W7XAS1_TETTS	Tetrahymena thermophila	ciliate	proteome	high	0.5007	1059	include
itpr	W7XAT4__Tetthe	tr|W7XAT4|W7XAT4_TETTS	Tetrahymena thermophila	ciliate	proteome	high	0.528	3584	include
cng	W7XB07__Tetthe	tr|W7XB07|W7XB07_TETTS	Tetrahymena thermophila	ciliate	proteome	high	0.5149	970	include
cng	W7XBV2__Tetthe	tr|W7XBV2|W7XBV2_TETTS	Tetrahymena thermophila	ciliate	proteome	medium	0.8119		profile_medium
cng	W7XBY5__Tetthe	tr|W7XBY5|W7XBY5_TETTS	Tetrahymena thermophila	ciliate	proteome	medium	0.3692		profile_medium
cng	W7XC67__Tetthe	tr|W7XC67|W7XC67_TETTS	Tetrahymena thermophila	ciliate	proteome	medium	0.4738		profile_medium
cng	W7XD14__Tetthe	tr|W7XD14|W7XD14_TETTS	Tetrahymena thermophila	ciliate	proteome	medium	0.454		profile_medium
cng	W7XEE0__Tetthe	tr|W7XEE0|W7XEE0_TETTS	Tetrahymena thermophila	ciliate	proteome	high	0.7412	1242	include
cng	W7XEL5__Tetthe	tr|W7XEL5|W7XEL5_TETTS	Tetrahymena thermophila	ciliate	proteome	medium	0.4187		profile_medium
cng	W7XFG0__Tetthe	tr|W7XFG0|W7XFG0_TETTS	Tetrahymena thermophila	ciliate	proteome	high	0.5134	1127	include
cav	W7XFI6__Tetthe	tr|W7XFI6|W7XFI6_TETTS	Tetrahymena thermophila	ciliate	proteome	medium	0.85		profile_medium
cng	W7XFW6__Tetthe	tr|W7XFW6|W7XFW6_TETTS	Tetrahymena thermophila	ciliate	proteome	medium	0.3239		profile_medium
kca_slo	W7XG78__Tetthe	tr|W7XG78|W7XG78_TETTS	Tetrahymena thermophila	ciliate	proteome	high	0.9048	1129	include
cng	W7XGM7__Tetthe	tr|W7XGM7|W7XGM7_TETTS	Tetrahymena thermophila	ciliate	proteome	medium	0.338		profile_medium
osca_tmem63	W7XHQ2__Tetthe	tr|W7XHQ2|W7XHQ2_TETTS	Tetrahymena thermophila	ciliate	proteome	high	0.5333	1257	include
cng	W7XI46__Tetthe	tr|W7XI46|W7XI46_TETTS	Tetrahymena thermophila	ciliate	proteome	medium	0.5559		profile_medium
cng	W7XI67__Tetthe	tr|W7XI67|W7XI67_TETTS	Tetrahymena thermophila	ciliate	proteome	high	0.5389	743	include
cng	W7XI98__Tetthe	tr|W7XI98|W7XI98_TETTS	Tetrahymena thermophila	ciliate	proteome	medium	0.3649		profile_medium
mcu	W7XIC6__Tetthe	tr|W7XIC6|W7XIC6_TETTS	Tetrahymena thermophila	ciliate	proteome	medium	0.3478		profile_medium
cng	W7XIU2__Tetthe	tr|W7XIU2|W7XIU2_TETTS	Tetrahymena thermophila	ciliate	proteome	high	0.5163	992	include
cng	W7XJ51__Tetthe	tr|W7XJ51|W7XJ51_TETTS	Tetrahymena thermophila	ciliate	proteome	medium	0.338		profile_medium
cng	W7XJA8__Tetthe	tr|W7XJA8|W7XJA8_TETTS	Tetrahymena thermophila	ciliate	proteome	high	0.6761	921	include
cng	W7XK36__Tetthe	tr|W7XK36|W7XK36_TETTS	Tetrahymena thermophila	ciliate	proteome	high	0.5686	1077	include
osca_tmem63	W7XKS1__Tetthe	tr|W7XKS1|W7XKS1_TETTS	Tetrahymena thermophila	ciliate	proteome	medium	0.4025		profile_medium
cng	W7XL09__Tetthe	tr|W7XL09|W7XL09_TETTS	Tetrahymena thermophila	ciliate	proteome	high	0.604	1213	include
itpr	W7XL50__Tetthe	tr|W7XL50|W7XL50_TETTS	Tetrahymena thermophila	ciliate	proteome	medium	0.3321		profile_medium
cng	X1W3Q8__Tetthe	tr|X1W3Q8|X1W3Q8_TETTS	Tetrahymena thermophila	ciliate	proteome	medium	0.7822		profile_medium
cng	X1W3S5__Tetthe	tr|X1W3S5|X1W3S5_TETTS	Tetrahymena thermophila	ciliate	proteome	medium	0.4965		profile_medium
kca_sk	X1WCL6__Danrer	tr|X1WCL6|X1WCL6_DANRE	Danio rerio	vertebrate	proteome	high	0.6973	481	include
tric	X2JC76__Dromel	tr|X2JC76|X2JC76_DROME	Drosophila melanogaster	invertebrate	proteome	high	0.8814	276	include
gabaa	X5LVB0__Caeele	tr|X5LVB0|X5LVB0_CAEEL	Caenorhabditis elegans	invertebrate	proteome	medium	0.9452		profile_medium
nalcn	GCA_000224145.2_HT000008.2_5606980-5741671___Cioint	GCA_000224145.2:HT000008.2:5606980-5741671+	Ciona intestinalis	deuterostome	genome	high	0.9315	1629	include
gabaa	GCA_964187895.1_OZ076463.1_2066178-2631996___Corasp	GCA_964187895.1:OZ076463.1:2066178-2631996+	Cornu aspersum	invertebrate	genome	medium	0.9518		profile_medium
ampa	GCA_964187895.1_OZ076463.1_7128462-8038756___Corasp	GCA_964187895.1:OZ076463.1:7128462-8038756+	Cornu aspersum	invertebrate	genome	medium	0.9457		profile_medium
trpc	GCA_964187895.1_OZ076463.1_19504106-20090064___Corasp	GCA_964187895.1:OZ076463.1:19504106-20090064+	Cornu aspersum	invertebrate	genome	high	0.9121	938	include
kainate	GCA_964187895.1_OZ076463.1_30760082-31598874___Corasp	GCA_964187895.1:OZ076463.1:30760082-31598874+	Cornu aspersum	invertebrate	genome	medium	0.4468		profile_medium
ampa	GCA_964187895.1_OZ076463.1_44374225-45195737___Corasp	GCA_964187895.1:OZ076463.1:44374225-45195737+	Cornu aspersum	invertebrate	genome	medium	0.867		profile_medium
cng	GCA_964187895.1_OZ076463.1_10527694-11302650-__Corasp	GCA_964187895.1:OZ076463.1:10527694-11302650-	Cornu aspersum	invertebrate	genome	high	0.7496	666	include
ampa	GCA_964187895.1_OZ076463.1_17829533-18895933-__Corasp	GCA_964187895.1:OZ076463.1:17829533-18895933-	Cornu aspersum	invertebrate	genome	medium	0.929		profile_medium
trpc	GCA_964187895.1_OZ076463.1_27968296-28567952-__Corasp	GCA_964187895.1:OZ076463.1:27968296-28567952-	Cornu aspersum	invertebrate	genome	high	0.8554		genome_not_intact
gabaa	GCA_964187895.1_OZ076463.1_32909908-33789734-__Corasp	GCA_964187895.1:OZ076463.1:32909908-33789734-	Cornu aspersum	invertebrate	genome	medium	0.9452		profile_medium
gabaa	GCA_964187895.1_OZ076463.1_38648831-38878986-__Corasp	GCA_964187895.1:OZ076463.1:38648831-38878986-	Cornu aspersum	invertebrate	genome	medium	0.7895		profile_medium
ampa	GCA_964187895.1_OZ076463.1_43789258-44758073-__Corasp	GCA_964187895.1:OZ076463.1:43789258-44758073-	Cornu aspersum	invertebrate	genome	medium	0.9534		profile_medium
otop	GCA_964187895.1_OZ076463.1_50637701-50824800-__Corasp	GCA_964187895.1:OZ076463.1:50637701-50824800-	Cornu aspersum	invertebrate	genome	high	0.6764	638	include
ano_scramblase	GCA_964187895.1_OZ076463.1_89212420-89383898-__Corasp	GCA_964187895.1:OZ076463.1:89212420-89383898-	Cornu aspersum	invertebrate	genome	high	0.809	811	include
clc_channel	GCA_964187895.1_OZ076445.1_20571992-21589839-__Corasp	GCA_964187895.1:OZ076445.1:20571992-21589839-	Cornu aspersum	invertebrate	genome	high	0.9376	951	include
nmda	GCA_964187895.1_OZ076445.1_64018885-64512360-__Corasp	GCA_964187895.1:OZ076445.1:64018885-64512360-	Cornu aspersum	invertebrate	genome	high	0.7587	937	include
kv_kcnq	GCA_964187895.1_OZ076445.1_81130402-82218165-__Corasp	GCA_964187895.1:OZ076445.1:81130402-82218165-	Cornu aspersum	invertebrate	genome	high	0.7898		genome_not_intact
clic	GCA_964187895.1_OZ076445.1_86556680-86982551-__Corasp	GCA_964187895.1:OZ076445.1:86556680-86982551-	Cornu aspersum	invertebrate	genome	high	0.8746	258	include
kainate	GCA_964187895.1_OZ076445.1_101385618-102278286-__Corasp	GCA_964187895.1:OZ076445.1:101385618-102278286-	Cornu aspersum	invertebrate	genome	medium	0.921		profile_medium
bestrophin	GCA_964187895.1_OZ076445.1_118219407-118729217-__Corasp	GCA_964187895.1:OZ076445.1:118219407-118729217-	Cornu aspersum	invertebrate	genome	high	0.9829	642	include
tpc	GCA_964187895.1_OZ076454.1_5067339-5506990-__Corasp	GCA_964187895.1:OZ076454.1:5067339-5506990-	Cornu aspersum	invertebrate	genome	high	0.9372	748	include
ano_scramblase	GCA_964187895.1_OZ076454.1_13832636-14784000-__Corasp	GCA_964187895.1:OZ076454.1:13832636-14784000-	Cornu aspersum	invertebrate	genome	medium	0.9		profile_medium
nmda	GCA_964187895.1_OZ076454.1_31841741-32589539-__Corasp	GCA_964187895.1:OZ076454.1:31841741-32589539-	Cornu aspersum	invertebrate	genome	high	0.7553	950	include
kca_sk	GCA_964187895.1_OZ076454.1_47164533-47197174-__Corasp	GCA_964187895.1:OZ076454.1:47164533-47197174-	Cornu aspersum	invertebrate	genome	high	0.6704	474	include
kv_kcnq	GCA_964187895.1_OZ076454.1_57760042-58692771-__Corasp	GCA_964187895.1:OZ076454.1:57760042-58692771-	Cornu aspersum	invertebrate	genome	high	0.8453		genome_not_intact
kv_kcnq	GCA_964187895.1_OZ076454.1_87307395-88379128-__Corasp	GCA_964187895.1:OZ076454.1:87307395-88379128-	Cornu aspersum	invertebrate	genome	high	0.8108	562	include
kainate	GCA_964187895.1_OZ076454.1_104285821-105099045-__Corasp	GCA_964187895.1:OZ076454.1:104285821-105099045-	Cornu aspersum	invertebrate	genome	medium	0.899		profile_medium
clic	GCA_964187895.1_OZ076454.1_75469464-75506309___Corasp	GCA_964187895.1:OZ076454.1:75469464-75506309+	Cornu aspersum	invertebrate	genome	high	0.9268	292	include
ano_scramblase	GCA_964187895.1_OZ076454.1_85574509-86593943___Corasp	GCA_964187895.1:OZ076454.1:85574509-86593943+	Cornu aspersum	invertebrate	genome	medium	0.9236		profile_medium
kainate	GCA_964187895.1_OZ076454.1_104020276-104960034___Corasp	GCA_964187895.1:OZ076454.1:104020276-104960034+	Cornu aspersum	invertebrate	genome	medium	0.9517		profile_medium
clic	GCA_964187895.1_OZ076445.1_785935-828073___Corasp	GCA_964187895.1:OZ076445.1:785935-828073+	Cornu aspersum	invertebrate	genome	high	0.9024	251	include
ano_scramblase	GCA_964187895.1_OZ076445.1_94827309-95783587___Corasp	GCA_964187895.1:OZ076445.1:94827309-95783587+	Cornu aspersum	invertebrate	genome	medium	0.9169		profile_medium
kv_kcnq	GCA_964187895.1_OZ076445.1_96766187-97581740___Corasp	GCA_964187895.1:OZ076445.1:96766187-97581740+	Cornu aspersum	invertebrate	genome	high	0.8108	557	include
kainate	GCA_964187895.1_OZ076445.1_101284492-102176424___Corasp	GCA_964187895.1:OZ076445.1:101284492-102176424+	Cornu aspersum	invertebrate	genome	medium	0.9078		profile_medium
itpr	GCA_964187895.1_OZ076456.1_5624048-5871402-__Corasp	GCA_964187895.1:OZ076456.1:5624048-5871402-	Cornu aspersum	invertebrate	genome	high	0.6292		genome_not_intact
piezo	GCA_964187895.1_OZ076456.1_61980004-62571443-__Corasp	GCA_964187895.1:OZ076456.1:61980004-62571443-	Cornu aspersum	invertebrate	genome	high	0.8879		genome_not_intact
k2p	GCA_964187895.1_OZ076448.1_27697802-28380617___Corasp	GCA_964187895.1:OZ076448.1:27697802-28380617+	Cornu aspersum	invertebrate	genome	high	0.709		genome_not_intact
nav	GCA_964187895.1_OZ076448.1_28999210-29735044___Corasp	GCA_964187895.1:OZ076448.1:28999210-29735044+	Cornu aspersum	invertebrate	genome	high	0.9905		genome_not_intact
k2p	GCA_964187895.1_OZ076448.1_50172574-50431570___Corasp	GCA_964187895.1:OZ076448.1:50172574-50431570+	Cornu aspersum	invertebrate	genome	high	0.8557	419	include
ryr	GCA_964187895.1_OZ076448.1_108730047-109398441___Corasp	GCA_964187895.1:OZ076448.1:108730047-109398441+	Cornu aspersum	invertebrate	genome	high	0.9826	5211	include
ano_scramblase	GCA_964187895.1_OZ076446.1_16218545-16720166-__Corasp	GCA_964187895.1:OZ076446.1:16218545-16720166-	Cornu aspersum	invertebrate	genome	high	0.8101	1200	include
nachr	GCA_964187895.1_OZ076446.1_21906780-23155764-__Corasp	GCA_964187895.1:OZ076446.1:21906780-23155764-	Cornu aspersum	invertebrate	genome	high	0.9462	528	include
hcn	GCA_964187895.1_OZ076446.1_34600112-35653617-__Corasp	GCA_964187895.1:OZ076446.1:34600112-35653617-	Cornu aspersum	invertebrate	genome	high	0.6432	1107	include
trpm	GCA_964187895.1_OZ076446.1_37767164-38632351-__Corasp	GCA_964187895.1:OZ076446.1:37767164-38632351-	Cornu aspersum	invertebrate	genome	high	0.6987		genome_not_intact
nachr	GCA_964187895.1_OZ076446.1_84571472-84947680-__Corasp	GCA_964187895.1:OZ076446.1:84571472-84947680-	Cornu aspersum	invertebrate	genome	high	0.6108	317	include
kca_sk	GCA_964187895.1_OZ076446.1_94955957-96133874-__Corasp	GCA_964187895.1:OZ076446.1:94955957-96133874-	Cornu aspersum	invertebrate	genome	high	0.7924	492	include
nachr	GCA_964187895.1_OZ076446.1_113497994-113649858-__Corasp	GCA_964187895.1:OZ076446.1:113497994-113649858-	Cornu aspersum	invertebrate	genome	high	0.7536	406	include
ano_scramblase	GCA_964187895.1_OZ076456.1_41180577-41313603___Corasp	GCA_964187895.1:OZ076456.1:41180577-41313603+	Cornu aspersum	invertebrate	genome	high	0.5989	545	include
trpc	GCA_964187895.1_OZ076456.1_47851646-48074615___Corasp	GCA_964187895.1:OZ076456.1:47851646-48074615+	Cornu aspersum	invertebrate	genome	high	0.8187		genome_not_intact
itpr	GCA_964187895.1_OZ076456.1_68302535-68654704___Corasp	GCA_964187895.1:OZ076456.1:68302535-68654704+	Cornu aspersum	invertebrate	genome	high	0.6081		genome_not_intact
innexin	GCA_964187895.1_OZ076449.1_10851104-10852324___Corasp	GCA_964187895.1:OZ076449.1:10851104-10852324+	Cornu aspersum	invertebrate	genome	high	0.7326	407	include
innexin	GCA_964187895.1_OZ076449.1_10952728-10953948___Corasp	GCA_964187895.1:OZ076449.1:10952728-10953948+	Cornu aspersum	invertebrate	genome	high	0.7326	407	include
kv_eag	GCA_964187895.1_OZ076449.1_20430061-20614828___Corasp	GCA_964187895.1:OZ076449.1:20430061-20614828+	Cornu aspersum	invertebrate	genome	medium	0.335		profile_medium
innexin	GCA_964187895.1_OZ076449.1_36017048-36385635___Corasp	GCA_964187895.1:OZ076449.1:36017048-36385635+	Cornu aspersum	invertebrate	genome	high	0.7161	408	include
tmc	GCA_964187895.1_OZ076449.1_49629863-50471860___Corasp	GCA_964187895.1:OZ076449.1:49629863-50471860+	Cornu aspersum	invertebrate	genome	high	0.7857	733	include
asic	GCA_964187895.1_OZ076449.1_91339244-91382497___Corasp	GCA_964187895.1:OZ076449.1:91339244-91382497+	Cornu aspersum	invertebrate	genome	medium	0.4069		profile_medium
trpm	GCA_964187895.1_OZ076449.1_101050687-101617085___Corasp	GCA_964187895.1:OZ076449.1:101050687-101617085+	Cornu aspersum	invertebrate	genome	high	0.7056	1606	include
kca_slo	GCA_964187895.1_OZ076460.1_50138919-50286666-__Corasp	GCA_964187895.1:OZ076460.1:50138919-50286666-	Cornu aspersum	invertebrate	genome	high	0.8667		genome_not_intact
cav	GCA_964187895.1_OZ076460.1_64483513-65491245-__Corasp	GCA_964187895.1:OZ076460.1:64483513-65491245-	Cornu aspersum	invertebrate	genome	high	0.9409	2156	include
p2x	GCA_964187895.1_OZ076461.1_19499688-19654871-__Corasp	GCA_964187895.1:OZ076461.1:19499688-19654871-	Cornu aspersum	invertebrate	genome	high	0.8706	407	include
kir	GCA_964187895.1_OZ076461.1_67746761-68659168-__Corasp	GCA_964187895.1:OZ076461.1:67746761-68659168-	Cornu aspersum	invertebrate	genome	high	0.8117	497	include
k2p	GCA_964187895.1_OZ076461.1_83931291-84299467-__Corasp	GCA_964187895.1:OZ076461.1:83931291-84299467-	Cornu aspersum	invertebrate	genome	high	0.6866		genome_not_intact
itpr	GCA_964187895.1_OZ076452.1_104036144-104749354-__Corasp	GCA_964187895.1:OZ076452.1:104036144-104749354-	Cornu aspersum	invertebrate	genome	high	0.9967	2739	include
innexin	GCA_964187895.1_OZ076449.1_17584796-17970013-__Corasp	GCA_964187895.1:OZ076449.1:17584796-17970013-	Cornu aspersum	invertebrate	genome	high	0.9487	496	include
plgic_prok	GCA_964187895.1_OZ076449.1_34303288-34356255-__Corasp	GCA_964187895.1:OZ076449.1:34303288-34356255-	Cornu aspersum	invertebrate	genome	medium	0.7008		profile_medium
innexin	GCA_964187895.1_OZ076449.1_117616801-117617955-__Corasp	GCA_964187895.1:OZ076449.1:117616801-117617955-	Cornu aspersum	invertebrate	genome	high	0.7326	386	include
kv_shaker	GCA_964187895.1_OZ076457.1_15354237-15671279___Corasp	GCA_964187895.1:OZ076457.1:15354237-15671279+	Cornu aspersum	invertebrate	genome	high	0.8442	516	include
innexin	GCA_964187895.1_OZ076457.1_52404047-52405264___Corasp	GCA_964187895.1:OZ076457.1:52404047-52405264+	Cornu aspersum	invertebrate	genome	high	0.7344	406	include
innexin	GCA_964187895.1_OZ076457.1_55672696-56083935___Corasp	GCA_964187895.1:OZ076457.1:55672696-56083935+	Cornu aspersum	invertebrate	genome	high	0.9231	494	include
innexin	GCA_964187895.1_OZ076457.1_69285615-69690496___Corasp	GCA_964187895.1:OZ076457.1:69285615-69690496+	Cornu aspersum	invertebrate	genome	high	0.7143	409	include
kv_shaker	GCA_964187895.1_OZ076452.1_64776964-65205688___Corasp	GCA_964187895.1:OZ076452.1:64776964-65205688+	Cornu aspersum	invertebrate	genome	high	0.7844	525	include
cav	GCA_964187895.1_OZ076452.1_86840997-88143891___Corasp	GCA_964187895.1:OZ076452.1:86840997-88143891+	Cornu aspersum	invertebrate	genome	high	0.8963		genome_not_intact
trpv	GCA_964187895.1_OZ076452.1_96714147-96831366___Corasp	GCA_964187895.1:OZ076452.1:96714147-96831366+	Cornu aspersum	invertebrate	genome	high	0.7016	704	include
deg_invertebrate	GCA_964187895.1_OZ076452.1_106941911-106965054___Corasp	GCA_964187895.1:OZ076452.1:106941911-106965054+	Cornu aspersum	invertebrate	genome	high	0.7205	685	include
k2p	GCA_964187895.1_OZ076453.1_14835525-15239484-__Corasp	GCA_964187895.1:OZ076453.1:14835525-15239484-	Cornu aspersum	invertebrate	genome	high	0.801	366	include
kv_kcnq	GCA_964187895.1_OZ076453.1_21552645-22401613-__Corasp	GCA_964187895.1:OZ076453.1:21552645-22401613-	Cornu aspersum	invertebrate	genome	high	0.7553	838	include
kv_shaker	GCA_964187895.1_OZ076453.1_38409958-39786631-__Corasp	GCA_964187895.1:OZ076453.1:38409958-39786631-	Cornu aspersum	invertebrate	genome	medium	0.7283		profile_medium
trpv	GCA_964187895.1_OZ076453.1_85568581-86430969-__Corasp	GCA_964187895.1:OZ076453.1:85568581-86430969-	Cornu aspersum	invertebrate	genome	high	0.7189	704	include
kv_shaker	GCA_964187895.1_OZ076453.1_99256009-99761656-__Corasp	GCA_964187895.1:OZ076453.1:99256009-99761656-	Cornu aspersum	invertebrate	genome	high	0.8134	528	include
otop	GCA_964187895.1_OZ076453.1_15748887-15797137___Corasp	GCA_964187895.1:OZ076453.1:15748887-15797137+	Cornu aspersum	invertebrate	genome	high	0.6971		genome_not_intact
otop	GCA_964187895.1_OZ076453.1_29646853-29682207___Corasp	GCA_964187895.1:OZ076453.1:29646853-29682207+	Cornu aspersum	invertebrate	genome	high	0.6661	579	include
deg_invertebrate	GCA_964187895.1_OZ076453.1_77314235-77337498___Corasp	GCA_964187895.1:OZ076453.1:77314235-77337498+	Cornu aspersum	invertebrate	genome	high	0.6704	634	include
cav	GCA_964187895.1_OZ076453.1_93256436-94134122___Corasp	GCA_964187895.1:OZ076453.1:93256436-94134122+	Cornu aspersum	invertebrate	genome	high	0.9188		genome_not_intact
nmda	GCA_964187895.1_OZ076464.1_755996-1262998___Corasp	GCA_964187895.1:OZ076464.1:755996-1262998+	Cornu aspersum	invertebrate	genome	high	0.6292	728	include
nmda	GCA_964187895.1_OZ076464.1_5704427-6663168___Corasp	GCA_964187895.1:OZ076464.1:5704427-6663168+	Cornu aspersum	invertebrate	genome	high	0.763		genome_not_intact
trpp	GCA_964187895.1_OZ076464.1_6752703-7781514___Corasp	GCA_964187895.1:OZ076464.1:6752703-7781514+	Cornu aspersum	invertebrate	genome	high	0.9257	851	include
tweety	GCA_964187895.1_OZ076464.1_13673348-13706869___Corasp	GCA_964187895.1:OZ076464.1:13673348-13706869+	Cornu aspersum	invertebrate	genome	high	0.8267	519	include
mcu	GCA_964187895.1_OZ076464.1_46073154-46539151___Corasp	GCA_964187895.1:OZ076464.1:46073154-46539151+	Cornu aspersum	invertebrate	genome	high	0.7971	283	include
vdac	GCA_964187895.1_OZ076464.1_51726394-51743960___Corasp	GCA_964187895.1:OZ076464.1:51726394-51743960+	Cornu aspersum	invertebrate	genome	high	0.9928	283	include
kca_slo	GCA_964187895.1_OZ076464.1_54335717-55360026___Corasp	GCA_964187895.1:OZ076464.1:54335717-55360026+	Cornu aspersum	invertebrate	genome	high	0.942		genome_not_intact
trpc	GCA_964187895.1_OZ076464.1_58811533-58909826___Corasp	GCA_964187895.1:OZ076464.1:58811533-58909826+	Cornu aspersum	invertebrate	genome	high	0.8098	774	include
nav	GCA_964187895.1_OZ076444.1_58287528-58893722-__Corasp	GCA_964187895.1:OZ076444.1:58287528-58893722-	Cornu aspersum	invertebrate	genome	high	0.7999		genome_not_intact
cav	GCA_964187895.1_OZ076450.1_89941935-90890692___Corasp	GCA_964187895.1:OZ076450.1:89941935-90890692+	Cornu aspersum	invertebrate	genome	high	0.9106	2162	include
trpv	GCA_964187895.1_OZ076450.1_99450429-99858584___Corasp	GCA_964187895.1:OZ076450.1:99450429-99858584+	Cornu aspersum	invertebrate	genome	high	0.8175	771	include
kca_slo	GCA_964187895.1_OZ076450.1_104657042-104787487___Corasp	GCA_964187895.1:OZ076450.1:104657042-104787487+	Cornu aspersum	invertebrate	genome	high	0.8676		genome_not_intact
hv1	GCA_964187895.1_OZ076446.1_13203680-13423675___Corasp	GCA_964187895.1:OZ076446.1:13203680-13423675+	Cornu aspersum	invertebrate	genome	high	0.5451		genome_not_intact
nachr	GCA_964187895.1_OZ076446.1_22834581-22871201___Corasp	GCA_964187895.1:OZ076446.1:22834581-22871201+	Cornu aspersum	invertebrate	genome	high	0.9317	486	include
nav	GCA_964187895.1_OZ076446.1_106757102-107776331___Corasp	GCA_964187895.1:OZ076446.1:106757102-107776331+	Cornu aspersum	invertebrate	genome	high	0.9529		genome_not_intact
trpn	GCA_964187895.1_OZ076451.1_21542518-22136895-__Corasp	GCA_964187895.1:OZ076451.1:21542518-22136895-	Cornu aspersum	invertebrate	genome	high	0.8291	1646	include
trpa	GCA_964187895.1_OZ076451.1_43678242-44522198-__Corasp	GCA_964187895.1:OZ076451.1:43678242-44522198-	Cornu aspersum	invertebrate	genome	high	0.908	1161	include
tric	GCA_964187895.1_OZ076451.1_45507571-45530378-__Corasp	GCA_964187895.1:OZ076451.1:45507571-45530378-	Cornu aspersum	invertebrate	genome	high	0.9424	294	include
nalcn	GCA_964187895.1_OZ076459.1_46324261-47767439___Corasp	GCA_964187895.1:OZ076459.1:46324261-47767439+	Cornu aspersum	invertebrate	genome	high	0.9522	1770	include
cng	GCA_964187895.1_OZ076459.1_78264321-78470064___Corasp	GCA_964187895.1:OZ076459.1:78264321-78470064+	Cornu aspersum	invertebrate	genome	high	0.6223	438	include
kca_sk	GCA_964187895.1_OZ076444.1_76338827-77774222___Corasp	GCA_964187895.1:OZ076444.1:76338827-77774222+	Cornu aspersum	invertebrate	genome	high	0.6751	562	include
iglur_nonvertebrate	GCA_964187895.1_OZ076444.1_119446727-119864073___Corasp	GCA_964187895.1:OZ076444.1:119446727-119864073+	Cornu aspersum	invertebrate	genome	medium	0.4		profile_medium
trpm	GCA_964187895.1_OZ076444.1_153326555-154395915___Corasp	GCA_964187895.1:OZ076444.1:153326555-154395915+	Cornu aspersum	invertebrate	genome	high	0.8793	2031	include
hcn	GCA_964187895.1_OZ076444.1_156207030-157274361___Corasp	GCA_964187895.1:OZ076444.1:156207030-157274361+	Cornu aspersum	invertebrate	genome	high	0.5073	610	include
kv_eag	GCA_964187895.1_OZ076444.1_166044970-167096196___Corasp	GCA_964187895.1:OZ076444.1:166044970-167096196+	Cornu aspersum	invertebrate	genome	high	0.9242	1350	include
hv1	GCA_964187895.1_OZ076444.1_179279846-180142693___Corasp	GCA_964187895.1:OZ076444.1:179279846-180142693+	Cornu aspersum	invertebrate	genome	high	0.7098	206	include
nachr	GCA_964187895.1_OZ076444.1_193194108-195275125___Corasp	GCA_964187895.1:OZ076444.1:193194108-195275125+	Cornu aspersum	invertebrate	genome	high	0.9586	528	include
cng	GCA_964187895.1_OZ076461.1_8566294-8995378___Corasp	GCA_964187895.1:OZ076461.1:8566294-8995378+	Cornu aspersum	invertebrate	genome	high	0.7511		genome_not_intact
k2p	GCA_964187895.1_OZ076461.1_25080384-25550515___Corasp	GCA_964187895.1:OZ076461.1:25080384-25550515+	Cornu aspersum	invertebrate	genome	medium	0.4925		profile_medium
tpc	GCA_964187895.1_OZ076461.1_33660343-34214259___Corasp	GCA_964187895.1:OZ076461.1:33660343-34214259+	Cornu aspersum	invertebrate	genome	high	0.8573	772	include
trpp	GCA_964187895.1_OZ076447.1_20700174-21651127-__Corasp	GCA_964187895.1:OZ076447.1:20700174-21651127-	Cornu aspersum	invertebrate	genome	high	0.9269	823	include
nmda	GCA_964187895.1_OZ076447.1_30832529-31732536-__Corasp	GCA_964187895.1:OZ076447.1:30832529-31732536-	Cornu aspersum	invertebrate	genome	high	0.8406	1367	include
vdac	GCA_964187895.1_OZ076447.1_57761007-57804028-__Corasp	GCA_964187895.1:OZ076447.1:57761007-57804028-	Cornu aspersum	invertebrate	genome	high	0.9928	285	include
mcu	GCA_964187895.1_OZ076447.1_62649616-63106249-__Corasp	GCA_964187895.1:OZ076447.1:62649616-63106249-	Cornu aspersum	invertebrate	genome	high	0.8203	349	include
tmc	GCA_964187895.1_OZ076447.1_122874054-122923158-__Corasp	GCA_964187895.1:OZ076447.1:122874054-122923158-	Cornu aspersum	invertebrate	genome	high	0.8227	748	include
trpp	GCA_964187895.1_OZ076447.1_18716986-19841746___Corasp	GCA_964187895.1:OZ076447.1:18716986-19841746+	Cornu aspersum	invertebrate	genome	high	0.8773		genome_not_intact
nmda	GCA_964187895.1_OZ076447.1_25832416-26797527___Corasp	GCA_964187895.1:OZ076447.1:25832416-26797527+	Cornu aspersum	invertebrate	genome	high	0.7519		genome_not_intact
nmda	GCA_964187895.1_OZ076447.1_30725651-31675256___Corasp	GCA_964187895.1:OZ076447.1:30725651-31675256+	Cornu aspersum	invertebrate	genome	high	0.6292		genome_not_intact
kir	GCA_964187895.1_OZ076447.1_46268854-47001481___Corasp	GCA_964187895.1:OZ076447.1:46268854-47001481+	Cornu aspersum	invertebrate	genome	high	0.9022	466	include
delta_glur	GCA_964187895.1_OZ076447.1_55168535-55552695___Corasp	GCA_964187895.1:OZ076447.1:55168535-55552695+	Cornu aspersum	invertebrate	genome	medium	0.4505		profile_medium
kca_slo	GCA_964187895.1_OZ076447.1_88664336-89642183___Corasp	GCA_964187895.1:OZ076447.1:88664336-89642183+	Cornu aspersum	invertebrate	genome	high	0.9438	1141	include
trpc	GCA_964187895.1_OZ076447.1_94844571-94944527___Corasp	GCA_964187895.1:OZ076447.1:94844571-94944527+	Cornu aspersum	invertebrate	genome	high	0.8053	731	include
cav	GCA_964187895.1_OZ076447.1_136940437-138624824___Corasp	GCA_964187895.1:OZ076447.1:136940437-138624824+	Cornu aspersum	invertebrate	genome	high	0.718	2806	include
kir	GCA_964187895.1_OZ076464.1_35373925-35880488-__Corasp	GCA_964187895.1:OZ076464.1:35373925-35880488-	Cornu aspersum	invertebrate	genome	high	0.9193	462	include
trpml	GCA_964187895.1_OZ076462.1_24628936-25166722___Corasp	GCA_964187895.1:OZ076462.1:24628936-25166722+	Cornu aspersum	invertebrate	genome	high	0.9037	580	include
trpa	GCA_964187895.1_OZ076462.1_61183426-62064903___Corasp	GCA_964187895.1:OZ076462.1:61183426-62064903+	Cornu aspersum	invertebrate	genome	high	0.9088	1164	include
trpc	GCA_964187895.1_OZ076457.1_29109838-29198659-__Corasp	GCA_964187895.1:OZ076457.1:29109838-29198659-	Cornu aspersum	invertebrate	genome	high	0.7353		genome_not_intact
plgic_prok	GCA_964187895.1_OZ076457.1_47429691-47755673-__Corasp	GCA_964187895.1:OZ076457.1:47429691-47755673-	Cornu aspersum	invertebrate	genome	medium	0.7035		profile_medium
hv1	GCA_964187895.1_OZ076457.1_84378236-84613576-__Corasp	GCA_964187895.1:OZ076457.1:84378236-84613576-	Cornu aspersum	invertebrate	genome	medium	0.3373		profile_medium
cng	GCA_964187895.1_OZ076450.1_82760141-82886736-__Corasp	GCA_964187895.1:OZ076450.1:82760141-82886736-	Cornu aspersum	invertebrate	genome	high	0.6223	438	include
trpml	GCA_964187895.1_OZ076451.1_83801469-84483445___Corasp	GCA_964187895.1:OZ076451.1:83801469-84483445+	Cornu aspersum	invertebrate	genome	high	0.9317	576	include
nachr	GCA_964187895.1_OZ076458.1_15203026-15236330___Corasp	GCA_964187895.1:OZ076458.1:15203026-15236330+	Cornu aspersum	invertebrate	genome	high	0.5404	277	include
kv_shaker	GCA_964187895.1_OZ076458.1_41417115-42186785___Corasp	GCA_964187895.1:OZ076458.1:41417115-42186785+	Cornu aspersum	invertebrate	genome	high	0.8496	516	include
k2p	GCA_964187895.1_OZ076455.1_19408156-20261009___Corasp	GCA_964187895.1:OZ076455.1:19408156-20261009+	Cornu aspersum	invertebrate	genome	high	0.8756		genome_not_intact
nav	GCA_964187895.1_OZ076455.1_20498213-21456832___Corasp	GCA_964187895.1:OZ076455.1:20498213-21456832+	Cornu aspersum	invertebrate	genome	high	0.9882	2010	include
k2p	GCA_964187895.1_OZ076455.1_37881595-38169763___Corasp	GCA_964187895.1:OZ076455.1:37881595-38169763+	Cornu aspersum	invertebrate	genome	high	0.8682	418	include
osca_tmem63	GCA_964187895.1_OZ076455.1_93865641-94645248___Corasp	GCA_964187895.1:OZ076455.1:93865641-94645248+	Cornu aspersum	invertebrate	genome	high	0.9031	772	include
k2p	GCA_964187895.1_OZ076448.1_107683166-107807521-__Corasp	GCA_964187895.1:OZ076448.1:107683166-107807521-	Cornu aspersum	invertebrate	genome	high	0.6692	350	include
k2p	GCA_964187895.1_OZ076455.1_71357634-71893817-__Corasp	GCA_964187895.1:OZ076455.1:71357634-71893817-	Cornu aspersum	invertebrate	genome	high	0.7065	346	include
kv_eag	GCA_964187895.1_OZ076455.1_90646948-91184326-__Corasp	GCA_964187895.1:OZ076455.1:90646948-91184326-	Cornu aspersum	invertebrate	genome	high	0.991	1140	include
cng	GCA_964187895.1_OZ076468.1_271612-852790___Corasp	GCA_964187895.1:OZ076468.1:271612-852790+	Cornu aspersum	invertebrate	genome	high	0.8784	664	include
kainate	GCA_964187895.1_OZ076468.1_5111194-6077493___Corasp	GCA_964187895.1:OZ076468.1:5111194-6077493+	Cornu aspersum	invertebrate	genome	medium	0.7739		profile_medium
ampa	GCA_964187895.1_OZ076468.1_9836810-11291704___Corasp	GCA_964187895.1:OZ076468.1:9836810-11291704+	Cornu aspersum	invertebrate	genome	medium	0.8525		profile_medium
trpc	GCA_964187895.1_OZ076468.1_20605645-21404812___Corasp	GCA_964187895.1:OZ076468.1:20605645-21404812+	Cornu aspersum	invertebrate	genome	high	0.9344	1073	include
gabaa	GCA_964187895.1_OZ076468.1_32225935-33007183___Corasp	GCA_964187895.1:OZ076468.1:32225935-33007183+	Cornu aspersum	invertebrate	genome	medium	0.9211		profile_medium
otop	GCA_964187895.1_OZ076468.1_34059573-34129980___Corasp	GCA_964187895.1:OZ076468.1:34059573-34129980+	Cornu aspersum	invertebrate	genome	high	0.6764	632	include
nachr	GCA_964187895.1_OZ076468.1_41708187-41709347___Corasp	GCA_964187895.1:OZ076468.1:41708187-41709347+	Cornu aspersum	invertebrate	genome	medium	0.5445		profile_medium
ampa	GCA_964187895.1_OZ076468.1_2936602-3438342-__Corasp	GCA_964187895.1:OZ076468.1:2936602-3438342-	Cornu aspersum	invertebrate	genome	medium	0.4412		profile_medium
gabaa	GCA_964187895.1_OZ076468.1_8089553-8876946-__Corasp	GCA_964187895.1:OZ076468.1:8089553-8876946-	Cornu aspersum	invertebrate	genome	medium	0.9254		profile_medium
trpc	GCA_964187895.1_OZ076468.1_9338057-10057131-__Corasp	GCA_964187895.1:OZ076468.1:9338057-10057131-	Cornu aspersum	invertebrate	genome	high	0.8398	758	include
kca_slo	GCA_964187895.1_OZ076468.1_15343764-15432224-__Corasp	GCA_964187895.1:OZ076468.1:15343764-15432224-	Cornu aspersum	invertebrate	genome	high	0.7679	1084	include
gabaa	GCA_964187895.1_OZ076468.1_15520728-15863450-__Corasp	GCA_964187895.1:OZ076468.1:15520728-15863450-	Cornu aspersum	invertebrate	genome	high	0.9386		genome_not_intact
gabaa	GCA_964187895.1_OZ076468.1_58535359-58863517-__Corasp	GCA_964187895.1:OZ076468.1:58535359-58863517-	Cornu aspersum	invertebrate	genome	high	0.9189		genome_not_intact
clc_channel	GCA_964187895.1_OZ076467.1_8972256-9757930-__Corasp	GCA_964187895.1:OZ076467.1:8972256-9757930-	Cornu aspersum	invertebrate	genome	high	0.9286	959	include
ano_scramblase	GCA_964187895.1_OZ076467.1_31317332-32334903-__Corasp	GCA_964187895.1:OZ076467.1:31317332-32334903-	Cornu aspersum	invertebrate	genome	high	0.8854	782	include
asic	GCA_964187895.1_OZ076467.1_15925436-16388983___Corasp	GCA_964187895.1:OZ076467.1:15925436-16388983+	Cornu aspersum	invertebrate	genome	high	0.6756	393	include
kca_slo	GCA_964187895.1_OZ076466.1_32433556-32561846-__Corasp	GCA_964187895.1:OZ076466.1:32433556-32561846-	Cornu aspersum	invertebrate	genome	high	0.8232	1023	include
kv_kcnq	GCA_964187895.1_OZ076466.1_39163036-40239454-__Corasp	GCA_964187895.1:OZ076466.1:39163036-40239454-	Cornu aspersum	invertebrate	genome	high	0.8228	730	include
otop	GCA_964187895.1_OZ076466.1_56744697-57033317-__Corasp	GCA_964187895.1:OZ076466.1:56744697-57033317-	Cornu aspersum	invertebrate	genome	high	0.716	546	include
vdac	GCA_964187895.1_OZ076465.1_2690859-2728990___Corasp	GCA_964187895.1:OZ076465.1:2690859-2728990+	Cornu aspersum	invertebrate	genome	high	0.982	289	include
kv_eag	GCA_964187895.1_OZ076465.1_64761788-65938210___Corasp	GCA_964187895.1:OZ076465.1:64761788-65938210+	Cornu aspersum	invertebrate	genome	high	0.6411	951	include
bestrophin	GCA_964187895.1_OZ076465.1_40923423-41789878-__Corasp	GCA_964187895.1:OZ076465.1:40923423-41789878-	Cornu aspersum	invertebrate	genome	high	0.9488	659	include
kca_slo	GCA_964187895.1_OZ076466.1_16490304-17544327___Corasp	GCA_964187895.1:OZ076466.1:16490304-17544327+	Cornu aspersum	invertebrate	genome	high	0.5131		genome_not_intact
kv_shaker	GCA_964187895.1_OZ076466.1_26084353-27074481___Corasp	GCA_964187895.1:OZ076466.1:26084353-27074481+	Cornu aspersum	invertebrate	genome	medium	0.8841		profile_medium
otop	GCA_964187895.1_OZ076466.1_54946624-54971369___Corasp	GCA_964187895.1:OZ076466.1:54946624-54971369+	Cornu aspersum	invertebrate	genome	high	0.6678	578	include
k2p	GCA_964187895.1_OZ076466.1_57073762-58163616___Corasp	GCA_964187895.1:OZ076466.1:57073762-58163616+	Cornu aspersum	invertebrate	genome	high	0.7886	383	include
itpr	GCA_964187895.1_OZ076470.1_2784316-2967819-__Corasp	GCA_964187895.1:OZ076470.1:2784316-2967819-	Cornu aspersum	invertebrate	genome	high	0.5701		genome_not_intact
trpc	GCA_964187895.1_OZ076470.1_31512328-32344216-__Corasp	GCA_964187895.1:OZ076470.1:31512328-32344216-	Cornu aspersum	invertebrate	genome	high	0.8498	1016	include
itpr	GCA_964187895.1_OZ076470.1_50394299-50625897-__Corasp	GCA_964187895.1:OZ076470.1:50394299-50625897-	Cornu aspersum	invertebrate	genome	high	0.6723		genome_not_intact
k2p	GCA_964187895.1_OZ076469.1_729048-1562888-__Corasp	GCA_964187895.1:OZ076469.1:729048-1562888-	Cornu aspersum	invertebrate	genome	high	0.7612	400	include
kir	GCA_964187895.1_OZ076469.1_5540061-6223574-__Corasp	GCA_964187895.1:OZ076469.1:5540061-6223574-	Cornu aspersum	invertebrate	genome	high	0.8117		genome_not_intact
hv1	GCA_964187895.1_OZ076469.1_6231388-6248886-__Corasp	GCA_964187895.1:OZ076469.1:6231388-6248886-	Cornu aspersum	invertebrate	genome	high	0.7137	285	include
kv_shaker	GCA_964187895.1_OZ076469.1_6729080-8746567-__Corasp	GCA_964187895.1:OZ076469.1:6729080-8746567-	Cornu aspersum	invertebrate	genome	high	0.8388	573	include
p2x	GCA_964187895.1_OZ076469.1_50083965-50793869-__Corasp	GCA_964187895.1:OZ076469.1:50083965-50793869-	Cornu aspersum	invertebrate	genome	high	0.9224	412	include
piezo	GCA_964187895.1_OZ076470.1_48125776-48554450___Corasp	GCA_964187895.1:OZ076470.1:48125776-48554450+	Cornu aspersum	invertebrate	genome	high	0.9634		genome_not_intact
kir	GCA_964187895.1_OZ076469.1_6033680-6049583___Corasp	GCA_964187895.1:OZ076469.1:6033680-6049583+	Cornu aspersum	invertebrate	genome	high	0.6773	283	include
k2p	GCA_964187895.1_OZ076469.1_11859702-12681734___Corasp	GCA_964187895.1:OZ076469.1:11859702-12681734+	Cornu aspersum	invertebrate	genome	high	0.5846		genome_not_intact
cng	GCA_964187895.1_OZ076469.1_20237095-21336067___Corasp	GCA_964187895.1:OZ076469.1:20237095-21336067+	Cornu aspersum	invertebrate	genome	medium	0.3593		profile_medium
orai	GCA_964187895.1_OZ076469.1_23103568-23787462___Corasp	GCA_964187895.1:OZ076469.1:23103568-23787462+	Cornu aspersum	invertebrate	genome	high	0.837	239	include
k2p	GCA_964187895.1_OZ076469.1_48440877-49224352___Corasp	GCA_964187895.1:OZ076469.1:48440877-49224352+	Cornu aspersum	invertebrate	genome	high	0.6269	349	include
p2x	GCA_964187895.1_OZ076469.1_50668110-50769076___Corasp	GCA_964187895.1:OZ076469.1:50668110-50769076+	Cornu aspersum	invertebrate	genome	high	0.8565	381	include
innexin	GCA_964187895.1_OZ076469.1_56050254-56079678___Corasp	GCA_964187895.1:OZ076469.1:56050254-56079678+	Cornu aspersum	invertebrate	genome	high	0.7326	395	include
hcn	GCA_000187875.1_GL732543.1_620808-711654___Dappul	GCA_000187875.1:GL732543.1:620808-711654+	Daphnia pulex	invertebrate	genome	high	0.5044	540	include
trpn	GCA_000187875.1_GL732610.1_266836-274588___Dappul	GCA_000187875.1:GL732610.1:266836-274588+	Daphnia pulex	invertebrate	genome	high	0.786	1608	include
trpa	GCA_000327385.1_KB201459.1_602869-606480-__Lotgig	GCA_000327385.1:KB201459.1:602869-606480-	Lottia gigantea	invertebrate	genome	high	0.8231	1205	include
trpn	GCA_000327385.1_KB200701.1_2033299-2105148-__Lotgig	GCA_000327385.1:KB200701.1:2033299-2105148-	Lottia gigantea	invertebrate	genome	high	0.7992	1613	include
p2x_nonmetazoan	GCA_000002865.1_CH991558.1_365779-367997___Monbre	GCA_000002865.1:CH991558.1:365779-367997+	Monosiga brevicollis	holozoa	genome	high	0.5926	295	include
mscs	GCA_000209225.1_DS475034.1_6095-6706___Nemvec	GCA_000209225.1:DS475034.1:6095-6706+	Nematostella vectensis	cnidarian	genome	high	0.6203	205	include
trpn	GCA_000209225.1_DS469639.1_301437-364960___Nemvec	GCA_000209225.1:DS469639.1:301437-364960+	Nematostella vectensis	cnidarian	genome	high	0.7946	1537	include
ryr	GCA_901000725.3_LR584240.2_14254983-14295195-__Takrub	GCA_901000725.3:LR584240.2:14254983-14295195-	Takifugu rubripes	vertebrate	genome	high	1.0	5105	include
ryr	GCA_901000725.3_LR584241.1_13840876-13933231___Takrub	GCA_901000725.3:LR584241.1:13840876-13933231+	Takifugu rubripes	vertebrate	genome	high	0.9998	5097	include
ryr	GCA_901000725.3_LR584231.2_5860143-5953174-__Takrub	GCA_901000725.3:LR584231.2:5860143-5953174-	Takifugu rubripes	vertebrate	genome	high	1.0	4963	include
ryr	GCA_901000725.3_LR584242.2_5114135-5161520-__Takrub	GCA_901000725.3:LR584242.2:5114135-5161520-	Takifugu rubripes	vertebrate	genome	high	0.9998	4936	include
tmem175	GCA_901000725.3_LR584233.2_16861967-16864581-__Takrub	GCA_901000725.3:LR584233.2:16861967-16864581-	Takifugu rubripes	vertebrate	genome	high	0.9702	509	include
ampa	GCA_977017645.1_OZ360219.1_2824403-3135094-__Tormar	GCA_977017645.1:OZ360219.1:2824403-3135094-	Torpedo marmorata	vertebrate	genome	high	0.9967	903	include
delta_glur	GCA_977017645.1_OZ360219.1_100658909-102187338-__Tormar	GCA_977017645.1:OZ360219.1:100658909-102187338-	Torpedo marmorata	vertebrate	genome	high	1.0	1008	include
gabaa	GCA_977017645.1_OZ360219.1_189485510-189584287-__Tormar	GCA_977017645.1:OZ360219.1:189485510-189584287-	Torpedo marmorata	vertebrate	genome	high	0.9496	431	include
gabaa	GCA_977017645.1_OZ360219.1_190581648-190645154-__Tormar	GCA_977017645.1:OZ360219.1:190581648-190645154-	Torpedo marmorata	vertebrate	genome	high	0.9759	556	include
cng	GCA_977017645.1_OZ360219.1_191802614-192746776-__Tormar	GCA_977017645.1:OZ360219.1:191802614-192746776-	Torpedo marmorata	vertebrate	genome	high	0.8246	599	include
nav	GCA_977017645.1_OZ360219.1_227863385-228090147-__Tormar	GCA_977017645.1:OZ360219.1:227863385-228090147-	Torpedo marmorata	vertebrate	genome	high	0.8716		genome_not_intact
pannexin	GCA_977017645.1_OZ360226.1_72600874-72962293-__Tormar	GCA_977017645.1:OZ360226.1:72600874-72962293-	Torpedo marmorata	vertebrate	genome	high	0.8665	421	include
nachr	GCA_977017645.1_OZ360226.1_77035029-77411551-__Tormar	GCA_977017645.1:OZ360226.1:77035029-77411551-	Torpedo marmorata	vertebrate	genome	high	0.9193	471	include
gabaa	GCA_977017645.1_OZ360226.1_102950663-104013243-__Tormar	GCA_977017645.1:OZ360226.1:102950663-104013243-	Torpedo marmorata	vertebrate	genome	high	0.9518	455	include
cng	GCA_977017645.1_OZ360226.1_106761646-107651755-__Tormar	GCA_977017645.1:OZ360226.1:106761646-107651755-	Torpedo marmorata	vertebrate	genome	high	0.9505	708	include
ano_scramblase	GCA_977017645.1_OZ360226.1_135913550-136575655-__Tormar	GCA_977017645.1:OZ360226.1:135913550-136575655-	Torpedo marmorata	vertebrate	genome	high	0.618		genome_not_intact
ampa	GCA_977017645.1_OZ360226.1_146912215-147617381-__Tormar	GCA_977017645.1:OZ360226.1:146912215-147617381-	Torpedo marmorata	vertebrate	genome	high	0.9989	905	include
connexin	GCA_977017645.1_OZ360226.1_192582001-193057702-__Tormar	GCA_977017645.1:OZ360226.1:192582001-193057702-	Torpedo marmorata	vertebrate	genome	high	0.9936	397	include
calhm	GCA_977017645.1_OZ360224.1_26693569-26698367___Tormar	GCA_977017645.1:OZ360224.1:26693569-26698367+	Torpedo marmorata	vertebrate	genome	high	0.9557	323	include
connexin	GCA_977017645.1_OZ360224.1_29731644-29732405___Tormar	GCA_977017645.1:OZ360224.1:29731644-29732405+	Torpedo marmorata	vertebrate	genome	high	0.7492	255	include
gabaa	GCA_977017645.1_OZ360224.1_56346842-56417860___Tormar	GCA_977017645.1:OZ360224.1:56346842-56417860+	Torpedo marmorata	vertebrate	genome	high	0.8991	424	include
gabaa	GCA_977017645.1_OZ360224.1_56562646-56613818___Tormar	GCA_977017645.1:OZ360224.1:56562646-56613818+	Torpedo marmorata	vertebrate	genome	high	0.8969	462	include
kainate	GCA_977017645.1_OZ360224.1_69351392-70047173___Tormar	GCA_977017645.1:OZ360224.1:69351392-70047173+	Torpedo marmorata	vertebrate	genome	high	0.9923	908	include
k2p	GCA_977017645.1_OZ360224.1_104207609-104699643___Tormar	GCA_977017645.1:OZ360224.1:104207609-104699643+	Torpedo marmorata	vertebrate	genome	high	0.5647	228	include
osca_tmem63	GCA_977017645.1_OZ360224.1_108654455-109278723___Tormar	GCA_977017645.1:OZ360224.1:108654455-109278723+	Torpedo marmorata	vertebrate	genome	high	0.961	805	include
clic	GCA_977017645.1_OZ360224.1_124124125-124552241___Tormar	GCA_977017645.1:OZ360224.1:124124125-124552241+	Torpedo marmorata	vertebrate	genome	high	0.8362	616	include
kv_kcnq	GCA_977017645.1_OZ360224.1_173640410-174613914___Tormar	GCA_977017645.1:OZ360224.1:173640410-174613914+	Torpedo marmorata	vertebrate	genome	high	0.8649	827	include
k2p	GCA_977017645.1_OZ360224.1_220219962-220274244___Tormar	GCA_977017645.1:OZ360224.1:220219962-220274244+	Torpedo marmorata	vertebrate	genome	high	0.7612	326	include
trpm	GCA_977017645.1_OZ360227.1_35319240-36050588___Tormar	GCA_977017645.1:OZ360227.1:35319240-36050588+	Torpedo marmorata	vertebrate	genome	high	0.6697		genome_not_intact
kir	GCA_977017645.1_OZ360227.1_115806153-116198921___Tormar	GCA_977017645.1:OZ360227.1:115806153-116198921+	Torpedo marmorata	vertebrate	genome	high	0.8362	365	include
nav	GCA_977017645.1_OZ360227.1_127341849-128312278___Tormar	GCA_977017645.1:OZ360227.1:127341849-128312278+	Torpedo marmorata	vertebrate	genome	high	0.995	2006	include
connexin	GCA_977017645.1_OZ360227.1_193891560-193892405___Tormar	GCA_977017645.1:OZ360227.1:193891560-193892405+	Torpedo marmorata	vertebrate	genome	high	0.7621		genome_not_intact
cav	GCA_977017645.1_OZ360220.1_93404926-94785750___Tormar	GCA_977017645.1:OZ360220.1:93404926-94785750+	Torpedo marmorata	vertebrate	genome	high	0.7869		genome_not_intact
nmda	GCA_977017645.1_OZ360220.1_101394549-102272624___Tormar	GCA_977017645.1:OZ360220.1:101394549-102272624+	Torpedo marmorata	vertebrate	genome	high	0.7357	990	include
clic	GCA_977017645.1_OZ360220.1_107487420-107944697___Tormar	GCA_977017645.1:OZ360220.1:107487420-107944697+	Torpedo marmorata	vertebrate	genome	high	0.7979	621	include
lrrc8	GCA_977017645.1_OZ360220.1_142624667-142628123___Tormar	GCA_977017645.1:OZ360220.1:142624667-142628123+	Torpedo marmorata	vertebrate	genome	high	0.9988	805	include
nachr	GCA_977017645.1_OZ360220.1_209324958-209995897___Tormar	GCA_977017645.1:OZ360220.1:209324958-209995897+	Torpedo marmorata	vertebrate	genome	high	0.9669	485	include
tmem175	GCA_977017645.1_OZ360219.1_21755087-21844999___Tormar	GCA_977017645.1:OZ360219.1:21755087-21844999+	Torpedo marmorata	vertebrate	genome	high	0.9344	482	include
otop	GCA_977017645.1_OZ360219.1_61443689-62129210___Tormar	GCA_977017645.1:OZ360219.1:61443689-62129210+	Torpedo marmorata	vertebrate	genome	high	0.9002	538	include
mcu	GCA_977017645.1_OZ360219.1_62774729-63484860___Tormar	GCA_977017645.1:OZ360219.1:62774729-63484860+	Torpedo marmorata	vertebrate	genome	high	0.8174		genome_not_intact
trpp	GCA_977017645.1_OZ360219.1_92863461-93795111___Tormar	GCA_977017645.1:OZ360219.1:92863461-93795111+	Torpedo marmorata	vertebrate	genome	high	0.9789	891	include
trpc	GCA_977017645.1_OZ360219.1_150365666-150664001___Tormar	GCA_977017645.1:OZ360219.1:150365666-150664001+	Torpedo marmorata	vertebrate	genome	high	0.8754	849	include
nachr	GCA_977017645.1_OZ360219.1_182421382-182751175___Tormar	GCA_977017645.1:OZ360219.1:182421382-182751175+	Torpedo marmorata	vertebrate	genome	high	0.9027	442	include
gabaa	GCA_977017645.1_OZ360219.1_190420885-191127091___Tormar	GCA_977017645.1:OZ360219.1:190420885-191127091+	Torpedo marmorata	vertebrate	genome	high	0.9781	477	include
hcn	GCA_977017645.1_OZ360219.1_232834760-234172456___Tormar	GCA_977017645.1:OZ360219.1:232834760-234172456+	Torpedo marmorata	vertebrate	genome	high	0.8866	868	include
connexin	GCA_977017645.1_OZ360221.1_25652005-25652823___Tormar	GCA_977017645.1:OZ360221.1:25652005-25652823+	Torpedo marmorata	vertebrate	genome	high	0.7621	274	include
nav	GCA_977017645.1_OZ360221.1_28345663-29347709___Tormar	GCA_977017645.1:OZ360221.1:28345663-29347709+	Torpedo marmorata	vertebrate	genome	high	0.9871		genome_not_intact
kv_modifier	GCA_977017645.1_OZ360225.1_59895091-60786950-__Tormar	GCA_977017645.1:OZ360225.1:59895091-60786950-	Torpedo marmorata	vertebrate	genome	high	0.9156	491	include
kv_kcnq	GCA_977017645.1_OZ360225.1_88849215-89761849-__Tormar	GCA_977017645.1:OZ360225.1:88849215-89761849-	Torpedo marmorata	vertebrate	genome	high	0.8814	863	include
trpa	GCA_977017645.1_OZ360225.1_120465809-120986013-__Tormar	GCA_977017645.1:OZ360225.1:120465809-120986013-	Torpedo marmorata	vertebrate	genome	high	0.9419	1168	include
piezo	GCA_977017645.1_OZ360225.1_202634236-203923195-__Tormar	GCA_977017645.1:OZ360225.1:202634236-203923195-	Torpedo marmorata	vertebrate	genome	high	0.9996	2750	include
kv_modifier	GCA_977017645.1_OZ360225.1_215653110-215659942-__Tormar	GCA_977017645.1:OZ360225.1:215653110-215659942-	Torpedo marmorata	vertebrate	genome	high	0.9515	467	include
asic	GCA_977017645.1_OZ360225.1_224519931-225022267-__Tormar	GCA_977017645.1:OZ360225.1:224519931-225022267-	Torpedo marmorata	vertebrate	genome	high	0.9866	521	include
kv_eag	GCA_977017645.1_OZ360227.1_124424048-125494750-__Tormar	GCA_977017645.1:OZ360227.1:124424048-125494750-	Torpedo marmorata	vertebrate	genome	high	0.998	1211	include
asic	GCA_977017645.1_OZ360227.1_199758412-200754923-__Tormar	GCA_977017645.1:OZ360227.1:199758412-200754923-	Torpedo marmorata	vertebrate	genome	high	0.5259	352	include
cav	GCA_977017645.1_OZ360223.1_33872402-36191691-__Tormar	GCA_977017645.1:OZ360223.1:33872402-36191691-	Torpedo marmorata	vertebrate	genome	high	0.9759		genome_not_intact
itpr	GCA_977017645.1_OZ360223.1_87283283-88207085-__Tormar	GCA_977017645.1:OZ360223.1:87283283-88207085-	Torpedo marmorata	vertebrate	genome	high	0.9996	2757	include
cav	GCA_977017645.1_OZ360223.1_110151957-111029958-__Tormar	GCA_977017645.1:OZ360223.1:110151957-111029958-	Torpedo marmorata	vertebrate	genome	high	0.7889		genome_not_intact
kca_slo	GCA_977017645.1_OZ360223.1_145773119-146737679-__Tormar	GCA_977017645.1:OZ360223.1:145773119-146737679-	Torpedo marmorata	vertebrate	genome	high	0.8694	1101	include
lrrc8	GCA_977017645.1_OZ360223.1_237087508-237117156-__Tormar	GCA_977017645.1:OZ360223.1:237087508-237117156-	Torpedo marmorata	vertebrate	genome	high	0.9988	803	include
trpml	GCA_977017645.1_OZ360223.1_254782166-255365077-__Tormar	GCA_977017645.1:OZ360223.1:254782166-255365077-	Torpedo marmorata	vertebrate	genome	high	0.9072	518	include
ryr	GCA_977017645.1_OZ360222.1_46026178-47160809___Tormar	GCA_977017645.1:OZ360222.1:46026178-47160809+	Torpedo marmorata	vertebrate	genome	high	1.0	4970	include
k2p	GCA_977017645.1_OZ360222.1_56927536-57051816___Tormar	GCA_977017645.1:OZ360222.1:56927536-57051816+	Torpedo marmorata	vertebrate	genome	high	0.8682	410	include
trpv	GCA_977017645.1_OZ360222.1_178572478-179587221___Tormar	GCA_977017645.1:OZ360222.1:178572478-179587221+	Torpedo marmorata	vertebrate	genome	high	0.9544	877	include
p2x	GCA_977017645.1_OZ360222.1_204699777-204799627___Tormar	GCA_977017645.1:OZ360222.1:204699777-204799627+	Torpedo marmorata	vertebrate	genome	high	0.8729	371	include
p2x	GCA_977017645.1_OZ360222.1_213030506-214332192___Tormar	GCA_977017645.1:OZ360222.1:213030506-214332192+	Torpedo marmorata	vertebrate	genome	high	0.8847	418	include
tpc	GCA_977017645.1_OZ360222.1_222880200-223377857___Tormar	GCA_977017645.1:OZ360222.1:222880200-223377857+	Torpedo marmorata	vertebrate	genome	high	0.9882	816	include
connexin	GCA_977017645.1_OZ360224.1_14096746-14586492-__Tormar	GCA_977017645.1:OZ360224.1:14096746-14586492-	Torpedo marmorata	vertebrate	genome	high	0.9968	381	include
k2p	GCA_977017645.1_OZ360224.1_29260627-29657232-__Tormar	GCA_977017645.1:OZ360224.1:29260627-29657232-	Torpedo marmorata	vertebrate	genome	high	0.7786	298	include
osca_tmem63	GCA_977017645.1_OZ360224.1_108476502-109431378-__Tormar	GCA_977017645.1:OZ360224.1:108476502-109431378-	Torpedo marmorata	vertebrate	genome	high	0.8528	839	include
kv_modifier	GCA_977017645.1_OZ360224.1_144229057-144230547-__Tormar	GCA_977017645.1:OZ360224.1:144229057-144230547-	Torpedo marmorata	vertebrate	genome	medium	0.9494		profile_medium
kv_modifier	GCA_977017645.1_OZ360224.1_162852664-162942747-__Tormar	GCA_977017645.1:OZ360224.1:162852664-162942747-	Torpedo marmorata	vertebrate	genome	medium	0.9346		profile_medium
glyr	GCA_977017645.1_OZ360220.1_44387146-44804924-__Tormar	GCA_977017645.1:OZ360220.1:44387146-44804924-	Torpedo marmorata	vertebrate	genome	high	0.987	488	include
kca_slo	GCA_977017645.1_OZ360220.1_136829232-137133622-__Tormar	GCA_977017645.1:OZ360220.1:136829232-137133622-	Torpedo marmorata	vertebrate	genome	high	0.8685	1107	include
tric	GCA_977017645.1_OZ360220.1_188537679-188575023-__Tormar	GCA_977017645.1:OZ360220.1:188537679-188575023-	Torpedo marmorata	vertebrate	genome	high	0.9966	298	include
trpm	GCA_977017645.1_OZ360220.1_191885695-192860590-__Tormar	GCA_977017645.1:OZ360220.1:191885695-192860590-	Torpedo marmorata	vertebrate	genome	high	0.701	1409	include
tmc	GCA_977017645.1_OZ360220.1_295147107-296255763-__Tormar	GCA_977017645.1:OZ360220.1:295147107-296255763-	Torpedo marmorata	vertebrate	genome	high	0.9541	915	include
kca_sk	GCA_977017645.1_OZ360220.1_312771887-313652112-__Tormar	GCA_977017645.1:OZ360220.1:312771887-313652112-	Torpedo marmorata	vertebrate	genome	high	0.9303	711	include
trpm	GCA_977017645.1_OZ360220.1_317279634-318254450-__Tormar	GCA_977017645.1:OZ360220.1:317279634-318254450-	Torpedo marmorata	vertebrate	genome	high	0.9823		genome_not_intact
k2p	GCA_977017645.1_OZ360225.1_85959469-86128959___Tormar	GCA_977017645.1:OZ360225.1:85959469-86128959+	Torpedo marmorata	vertebrate	genome	high	0.8507	464	include
trpn	GCA_977017645.1_OZ360225.1_191331440-191808554___Tormar	GCA_977017645.1:OZ360225.1:191331440-191808554+	Torpedo marmorata	vertebrate	genome	high	0.8276	1648	include
nalcn	GCA_977017645.1_OZ360226.1_27460530-28606203___Tormar	GCA_977017645.1:OZ360226.1:27460530-28606203+	Torpedo marmorata	vertebrate	genome	high	1.0	1737	include
trpc	GCA_977017645.1_OZ360226.1_67245167-67393519___Tormar	GCA_977017645.1:OZ360226.1:67245167-67393519+	Torpedo marmorata	vertebrate	genome	high	0.8587	827	include
trpc	GCA_977017645.1_OZ360226.1_76793188-77067012___Tormar	GCA_977017645.1:OZ360226.1:76793188-77067012+	Torpedo marmorata	vertebrate	genome	medium	0.4149		profile_medium
gabaa	GCA_977017645.1_OZ360226.1_104496639-105410608___Tormar	GCA_977017645.1:OZ360226.1:104496639-105410608+	Torpedo marmorata	vertebrate	genome	high	0.9737	478	include
trpc	GCA_977017645.1_OZ360226.1_120585133-121368590___Tormar	GCA_977017645.1:OZ360226.1:120585133-121368590+	Torpedo marmorata	vertebrate	genome	high	0.9277	978	include
connexin	GCA_977017645.1_OZ360226.1_141103054-141103719___Tormar	GCA_977017645.1:OZ360226.1:141103054-141103719+	Torpedo marmorata	vertebrate	genome	high	0.7267	223	include
connexin	GCA_977017645.1_OZ360226.1_141178283-141179449___Tormar	GCA_977017645.1:OZ360226.1:141178283-141179449+	Torpedo marmorata	vertebrate	genome	high	0.9968	389	include
nachr	GCA_977017645.1_OZ360222.1_12135191-12485818-__Tormar	GCA_977017645.1:OZ360222.1:12135191-12485818-	Torpedo marmorata	vertebrate	genome	high	0.9648	498	include
kv_eag	GCA_977017645.1_OZ360222.1_75479135-76015222-__Tormar	GCA_977017645.1:OZ360222.1:75479135-76015222-	Torpedo marmorata	vertebrate	genome	high	0.9482	1173	include
k2p	GCA_977017645.1_OZ360222.1_83618435-84452732-__Tormar	GCA_977017645.1:OZ360222.1:83618435-84452732-	Torpedo marmorata	vertebrate	genome	high	0.7537	394	include
hv1	GCA_977017645.1_OZ360222.1_158674034-158808403-__Tormar	GCA_977017645.1:OZ360222.1:158674034-158808403-	Torpedo marmorata	vertebrate	genome	high	0.8902	225	include
trpp	GCA_977017645.1_OZ360232.1_2974158-3909638-__Tormar	GCA_977017645.1:OZ360232.1:2974158-3909638-	Torpedo marmorata	vertebrate	genome	high	0.6778	800	include
gabaa	GCA_977017645.1_OZ360232.1_20076167-20311159-__Tormar	GCA_977017645.1:OZ360232.1:20076167-20311159-	Torpedo marmorata	vertebrate	genome	high	0.9759	474	include
ampa	GCA_977017645.1_OZ360232.1_30944584-31446062-__Tormar	GCA_977017645.1:OZ360232.1:30944584-31446062-	Torpedo marmorata	vertebrate	genome	high	0.9856	888	include
glyr	GCA_977017645.1_OZ360232.1_52680552-52824349-__Tormar	GCA_977017645.1:OZ360232.1:52680552-52824349-	Torpedo marmorata	vertebrate	genome	high	0.9848	492	include
ampa	GCA_977017645.1_OZ360234.1_8063369-9120774___Tormar	GCA_977017645.1:OZ360234.1:8063369-9120774+	Torpedo marmorata	vertebrate	genome	high	0.9911	904	include
clic	GCA_977017645.1_OZ360234.1_102506033-102875348___Tormar	GCA_977017645.1:OZ360234.1:102506033-102875348+	Torpedo marmorata	vertebrate	genome	high	0.7909	228	include
cng	GCA_977017645.1_OZ360234.1_105392618-106024918___Tormar	GCA_977017645.1:OZ360234.1:105392618-106024918+	Torpedo marmorata	vertebrate	genome	high	0.8062		genome_not_intact
gabaa	GCA_977017645.1_OZ360234.1_107558464-108566469___Tormar	GCA_977017645.1:OZ360234.1:107558464-108566469+	Torpedo marmorata	vertebrate	genome	high	0.9342	499	include
itpr	GCA_977017645.1_OZ360243.1_9631231-10164218___Tormar	GCA_977017645.1:OZ360243.1:9631231-10164218+	Torpedo marmorata	vertebrate	genome	high	0.9956	2762	include
kir	GCA_977017645.1_OZ360243.1_20052491-20373384___Tormar	GCA_977017645.1:OZ360243.1:20052491-20373384+	Torpedo marmorata	vertebrate	genome	high	0.9438	491	include
ano_channel	GCA_977017645.1_OZ360243.1_22397191-23350721___Tormar	GCA_977017645.1:OZ360243.1:22397191-23350721+	Torpedo marmorata	vertebrate	genome	high	0.9053	941	include
pannexin	GCA_977017645.1_OZ360243.1_41655644-41996348___Tormar	GCA_977017645.1:OZ360243.1:41655644-41996348+	Torpedo marmorata	vertebrate	genome	high	0.9887	558	include
tpc	GCA_977017645.1_OZ360237.1_39344424-40024866___Tormar	GCA_977017645.1:OZ360237.1:39344424-40024866+	Torpedo marmorata	vertebrate	genome	high	0.9372	746	include
ano_channel	GCA_977017645.1_OZ360237.1_41824440-42989209___Tormar	GCA_977017645.1:OZ360237.1:41824440-42989209+	Torpedo marmorata	vertebrate	genome	high	0.914	1024	include
bestrophin	GCA_977017645.1_OZ360237.1_62361419-62847154___Tormar	GCA_977017645.1:OZ360237.1:62361419-62847154+	Torpedo marmorata	vertebrate	genome	high	0.797		genome_not_intact
kv_kcnq	GCA_977017645.1_OZ360237.1_72011763-73575500___Tormar	GCA_977017645.1:OZ360237.1:72011763-73575500+	Torpedo marmorata	vertebrate	genome	high	0.8994	696	include
ano_scramblase	GCA_977017645.1_OZ360235.1_2129084-2565129-__Tormar	GCA_977017645.1:OZ360235.1:2129084-2565129-	Torpedo marmorata	vertebrate	genome	high	0.9742		genome_not_intact
ano_scramblase	GCA_977017645.1_OZ360235.1_18350946-18423550-__Tormar	GCA_977017645.1:OZ360235.1:18350946-18423550-	Torpedo marmorata	vertebrate	genome	high	0.8978	795	include
cftr	GCA_977017645.1_OZ360235.1_34019559-34173989-__Tormar	GCA_977017645.1:OZ360235.1:34019559-34173989-	Torpedo marmorata	vertebrate	genome	high	0.9906	1478	include
cav	GCA_977017645.1_OZ360235.1_60508046-61683849-__Tormar	GCA_977017645.1:OZ360235.1:60508046-61683849-	Torpedo marmorata	vertebrate	genome	high	0.9784		genome_not_intact
kv_shaker	GCA_977017645.1_OZ360237.1_32746978-33243252-__Tormar	GCA_977017645.1:OZ360237.1:32746978-33243252-	Torpedo marmorata	vertebrate	genome	high	0.8351	479	include
ano_scramblase	GCA_977017645.1_OZ360237.1_33443528-34080509-__Tormar	GCA_977017645.1:OZ360237.1:33443528-34080509-	Torpedo marmorata	vertebrate	genome	high	0.9371	972	include
ano_scramblase	GCA_977017645.1_OZ360237.1_35882074-36312539-__Tormar	GCA_977017645.1:OZ360237.1:35882074-36312539-	Torpedo marmorata	vertebrate	genome	high	0.9022	836	include
trpm	GCA_977017645.1_OZ360237.1_71862151-72299190-__Tormar	GCA_977017645.1:OZ360237.1:71862151-72299190-	Torpedo marmorata	vertebrate	genome	high	0.5803		genome_not_intact
gabaa	GCA_977017645.1_OZ360246.1_2250930-2278717___Tormar	GCA_977017645.1:OZ360246.1:2250930-2278717+	Torpedo marmorata	vertebrate	genome	high	0.8684	396	include
ano_scramblase	GCA_977017645.1_OZ360246.1_26661871-26737738___Tormar	GCA_977017645.1:OZ360246.1:26661871-26737738+	Torpedo marmorata	vertebrate	genome	high	0.9045	836	include
trpv	GCA_977017645.1_OZ360230.1_7720250-7815924-__Tormar	GCA_977017645.1:OZ360230.1:7720250-7815924-	Torpedo marmorata	vertebrate	genome	high	0.7818	586	include
ano_scramblase	GCA_977017645.1_OZ360230.1_102166927-102852960-__Tormar	GCA_977017645.1:OZ360230.1:102166927-102852960-	Torpedo marmorata	vertebrate	genome	high	0.8742	822	include
ryr	GCA_977017645.1_OZ360228.1_47664823-48286913-__Tormar	GCA_977017645.1:OZ360228.1:47664823-48286913-	Torpedo marmorata	vertebrate	genome	high	0.9998	4924	include
k2p	GCA_977017645.1_OZ360228.1_103112336-103401137-__Tormar	GCA_977017645.1:OZ360228.1:103112336-103401137-	Torpedo marmorata	vertebrate	genome	high	0.9303	529	include
kv_eag	GCA_977017645.1_OZ360228.1_107454450-108382399-__Tormar	GCA_977017645.1:OZ360228.1:107454450-108382399-	Torpedo marmorata	vertebrate	genome	high	0.7468		genome_not_intact
osca_tmem63	GCA_977017645.1_OZ360228.1_147686364-148450438-__Tormar	GCA_977017645.1:OZ360228.1:147686364-148450438-	Torpedo marmorata	vertebrate	genome	high	0.9484	818	include
kir	GCA_977017645.1_OZ360241.1_15762322-15824366-__Tormar	GCA_977017645.1:OZ360241.1:15762322-15824366-	Torpedo marmorata	vertebrate	genome	high	0.9853	433	include
tric	GCA_977017645.1_OZ360241.1_18406491-18442253-__Tormar	GCA_977017645.1:OZ360241.1:18406491-18442253-	Torpedo marmorata	vertebrate	genome	high	1.0	298	include
hcn	GCA_977017645.1_OZ360241.1_45825744-46727164-__Tormar	GCA_977017645.1:OZ360241.1:45825744-46727164-	Torpedo marmorata	vertebrate	genome	high	0.9726		genome_not_intact
kca_sk	GCA_977017645.1_OZ360241.1_60349445-61258876-__Tormar	GCA_977017645.1:OZ360241.1:60349445-61258876-	Torpedo marmorata	vertebrate	genome	high	0.8716	560	include
connexin	GCA_977017645.1_OZ360247.1_5608660-5609277-__Tormar	GCA_977017645.1:OZ360247.1:5608660-5609277-	Torpedo marmorata	vertebrate	genome	high	0.701	207	include
asic	GCA_977017645.1_OZ360247.1_36718651-38251912-__Tormar	GCA_977017645.1:OZ360247.1:36718651-38251912-	Torpedo marmorata	vertebrate	genome	high	0.8714	459	include
nav	GCA_977017645.1_OZ360247.1_44489461-44988068-__Tormar	GCA_977017645.1:OZ360247.1:44489461-44988068-	Torpedo marmorata	vertebrate	genome	high	0.9776	1879	include
asic	GCA_977017645.1_OZ360258.1_4072690-4542384-__Tormar	GCA_977017645.1:OZ360258.1:4072690-4542384-	Torpedo marmorata	vertebrate	genome	high	0.9904	542	include
connexin	GCA_977017645.1_OZ360251.1_14705486-14714804-__Tormar	GCA_977017645.1:OZ360251.1:14705486-14714804-	Torpedo marmorata	vertebrate	genome	high	0.7556	285	include
k2p	GCA_977017645.1_OZ360251.1_29578524-29595984-__Tormar	GCA_977017645.1:OZ360251.1:29578524-29595984-	Torpedo marmorata	vertebrate	genome	high	0.8657	407	include
ryr	GCA_977017645.1_OZ360251.1_36545763-37638318-__Tormar	GCA_977017645.1:OZ360251.1:36545763-37638318-	Torpedo marmorata	vertebrate	genome	high	0.9998	5032	include
kv_shaker	GCA_977017645.1_OZ360235.1_32297989-32889447___Tormar	GCA_977017645.1:OZ360235.1:32297989-32889447+	Torpedo marmorata	vertebrate	genome	high	0.9475	583	include
kv_kcnq	GCA_977017645.1_OZ360235.1_41338350-42446630___Tormar	GCA_977017645.1:OZ360235.1:41338350-42446630+	Torpedo marmorata	vertebrate	genome	high	0.8829		genome_not_intact
kir	GCA_977017645.1_OZ360247.1_27887427-28414126___Tormar	GCA_977017645.1:OZ360247.1:27887427-28414126+	Torpedo marmorata	vertebrate	genome	high	0.8729	366	include
kv_eag	GCA_977017645.1_OZ360247.1_54644395-55285156___Tormar	GCA_977017645.1:OZ360247.1:54644395-55285156+	Torpedo marmorata	vertebrate	genome	high	0.998	1192	include
kir	GCA_977017645.1_OZ360240.1_19231216-19948388___Tormar	GCA_977017645.1:OZ360240.1:19231216-19948388+	Torpedo marmorata	vertebrate	genome	high	0.9878	429	include
tmc	GCA_977017645.1_OZ360240.1_23925563-24423514___Tormar	GCA_977017645.1:OZ360240.1:23925563-24423514+	Torpedo marmorata	vertebrate	genome	high	0.7092		genome_not_intact
tweety	GCA_977017645.1_OZ360240.1_31567319-31715296___Tormar	GCA_977017645.1:OZ360240.1:31567319-31715296+	Torpedo marmorata	vertebrate	genome	high	0.9943	540	include
nmda	GCA_977017645.1_OZ360240.1_70483647-71612637___Tormar	GCA_977017645.1:OZ360240.1:70483647-71612637+	Torpedo marmorata	vertebrate	genome	high	0.7732	1208	include
trpv	GCA_977017645.1_OZ360240.1_79157807-79218046___Tormar	GCA_977017645.1:OZ360240.1:79157807-79218046+	Torpedo marmorata	vertebrate	genome	high	0.6239	478	include
tweety	GCA_977017645.1_OZ360242.1_17140665-17353392___Tormar	GCA_977017645.1:OZ360242.1:17140665-17353392+	Torpedo marmorata	vertebrate	genome	high	0.9905	525	include
tmc	GCA_977017645.1_OZ360242.1_42694966-43212944___Tormar	GCA_977017645.1:OZ360242.1:42694966-43212944+	Torpedo marmorata	vertebrate	genome	high	0.7474		genome_not_intact
nmda	GCA_977017645.1_OZ360242.1_53359303-54264941___Tormar	GCA_977017645.1:OZ360242.1:53359303-54264941+	Torpedo marmorata	vertebrate	genome	high	0.9821	1466	include
cav	GCA_977017645.1_OZ360242.1_59926051-60715256___Tormar	GCA_977017645.1:OZ360242.1:59926051-60715256+	Torpedo marmorata	vertebrate	genome	high	0.7052		genome_not_intact
nmda	GCA_977017645.1_OZ360255.1_23923329-24959422___Tormar	GCA_977017645.1:OZ360255.1:23923329-24959422+	Torpedo marmorata	vertebrate	genome	high	0.9923	1434	include
kir	GCA_977017645.1_OZ360255.1_26844253-27676120___Tormar	GCA_977017645.1:OZ360255.1:26844253-27676120+	Torpedo marmorata	vertebrate	genome	high	0.8704	361	include
cav	GCA_977017645.1_OZ360255.1_28991661-29655399___Tormar	GCA_977017645.1:OZ360255.1:28991661-29655399+	Torpedo marmorata	vertebrate	genome	high	0.7057		genome_not_intact
trpc	GCA_977017645.1_OZ360234.1_2537287-3468841-__Tormar	GCA_977017645.1:OZ360234.1:2537287-3468841-	Torpedo marmorata	vertebrate	genome	high	0.9499	994	include
connexin	GCA_977017645.1_OZ360234.1_3927555-4425998-__Tormar	GCA_977017645.1:OZ360234.1:3927555-4425998-	Torpedo marmorata	vertebrate	genome	high	0.9196	395	include
connexin	GCA_977017645.1_OZ360234.1_4538624-4539325-__Tormar	GCA_977017645.1:OZ360234.1:4538624-4539325-	Torpedo marmorata	vertebrate	genome	high	0.7588	235	include
gabaa	GCA_977017645.1_OZ360234.1_106062250-106433062-__Tormar	GCA_977017645.1:OZ360234.1:106062250-106433062-	Torpedo marmorata	vertebrate	genome	high	0.943	476	include
trpc	GCA_977017645.1_OZ360232.1_5957534-6546004___Tormar	GCA_977017645.1:OZ360232.1:5957534-6546004+	Torpedo marmorata	vertebrate	genome	high	0.8654	826	include
vdac	GCA_977017645.1_OZ360232.1_13145065-13163188___Tormar	GCA_977017645.1:OZ360232.1:13145065-13163188+	Torpedo marmorata	vertebrate	genome	high	0.9964	284	include
gabaa	GCA_977017645.1_OZ360232.1_20275301-20318972___Tormar	GCA_977017645.1:OZ360232.1:20275301-20318972+	Torpedo marmorata	vertebrate	genome	high	0.9496	451	include
gabaa	GCA_977017645.1_OZ360232.1_20763136-20872116___Tormar	GCA_977017645.1:OZ360232.1:20763136-20872116+	Torpedo marmorata	vertebrate	genome	high	0.9605	475	include
delta_glur	GCA_977017645.1_OZ360232.1_60134891-61069300___Tormar	GCA_977017645.1:OZ360232.1:60134891-61069300+	Torpedo marmorata	vertebrate	genome	high	0.9481	965	include
kv_shaker	GCA_977017645.1_OZ360233.1_52162004-52306903___Tormar	GCA_977017645.1:OZ360233.1:52162004-52306903+	Torpedo marmorata	vertebrate	genome	high	0.7989	500	include
cav	GCA_977017645.1_OZ360233.1_52728737-53939254___Tormar	GCA_977017645.1:OZ360233.1:52728737-53939254+	Torpedo marmorata	vertebrate	genome	high	0.8998	1836	include
kv_shaker	GCA_977017645.1_OZ360233.1_77326975-77845315___Tormar	GCA_977017645.1:OZ360233.1:77326975-77845315+	Torpedo marmorata	vertebrate	genome	high	0.8424	493	include
itpr	GCA_977017645.1_OZ360233.1_96954089-99342523___Tormar	GCA_977017645.1:OZ360233.1:96954089-99342523+	Torpedo marmorata	vertebrate	genome	high	0.9982		genome_not_intact
clc_channel	GCA_977017645.1_OZ360246.1_27211726-27444438-__Tormar	GCA_977017645.1:OZ360246.1:27211726-27444438-	Torpedo marmorata	vertebrate	genome	high	0.6361		genome_not_intact
trpp	GCA_977017645.1_OZ360239.1_78877078-79839498___Tormar	GCA_977017645.1:OZ360239.1:78877078-79839498+	Torpedo marmorata	vertebrate	genome	high	0.9542		genome_not_intact
kv_kcnq	GCA_977017645.1_OZ360236.1_3289730-3989244___Tormar	GCA_977017645.1:OZ360236.1:3289730-3989244+	Torpedo marmorata	vertebrate	genome	high	0.8679		genome_not_intact
k2p	GCA_977017645.1_OZ360236.1_4072126-4107935___Tormar	GCA_977017645.1:OZ360236.1:4072126-4107935+	Torpedo marmorata	vertebrate	genome	high	0.7935	400	include
kv_modifier	GCA_977017645.1_OZ360236.1_8188269-8215600___Tormar	GCA_977017645.1:OZ360236.1:8188269-8215600+	Torpedo marmorata	vertebrate	genome	high	0.8776	419	include
p2x	GCA_977017645.1_OZ360236.1_94621642-94760095___Tormar	GCA_977017645.1:OZ360236.1:94621642-94760095+	Torpedo marmorata	vertebrate	genome	high	0.8588	368	include
connexin	GCA_977017645.1_OZ360229.1_41294409-41416617___Tormar	GCA_977017645.1:OZ360229.1:41294409-41416617+	Torpedo marmorata	vertebrate	genome	high	0.9453	413	include
kainate	GCA_977017645.1_OZ360229.1_53749833-54997379___Tormar	GCA_977017645.1:OZ360229.1:53749833-54997379+	Torpedo marmorata	vertebrate	genome	high	0.989	911	include
kir	GCA_977017645.1_OZ360229.1_85914332-85926116___Tormar	GCA_977017645.1:OZ360229.1:85914332-85926116+	Torpedo marmorata	vertebrate	genome	high	0.7971	443	include
ht3	GCA_977017645.1_OZ360229.1_87607607-87700498___Tormar	GCA_977017645.1:OZ360229.1:87607607-87700498+	Torpedo marmorata	vertebrate	genome	high	0.9007	451	include
kir	GCA_977017645.1_OZ360229.1_130263550-130385773___Tormar	GCA_977017645.1:OZ360229.1:130263550-130385773+	Torpedo marmorata	vertebrate	genome	high	0.8655	361	include
pannexin	GCA_977017645.1_OZ360229.1_133889362-133960940___Tormar	GCA_977017645.1:OZ360229.1:133889362-133960940+	Torpedo marmorata	vertebrate	genome	high	0.8575	386	include
clic	GCA_977017645.1_OZ360257.1_8391098-8599877-__Tormar	GCA_977017645.1:OZ360257.1:8391098-8599877-	Torpedo marmorata	vertebrate	genome	high	0.7944	229	include
kca_slo	GCA_977017645.1_OZ360250.1_35796426-37539337-__Tormar	GCA_977017645.1:OZ360250.1:35796426-37539337-	Torpedo marmorata	vertebrate	genome	high	0.9909		genome_not_intact
clic	GCA_977017645.1_OZ360229.1_33906085-34404645-__Tormar	GCA_977017645.1:OZ360229.1:33906085-34404645-	Torpedo marmorata	vertebrate	genome	high	0.8397	253	include
connexin	GCA_977017645.1_OZ360229.1_45522773-45982307-__Tormar	GCA_977017645.1:OZ360229.1:45522773-45982307-	Torpedo marmorata	vertebrate	genome	high	0.9743		genome_not_intact
kv_kcnq	GCA_977017645.1_OZ360229.1_63532867-64461703-__Tormar	GCA_977017645.1:OZ360229.1:63532867-64461703-	Torpedo marmorata	vertebrate	genome	high	0.8649	764	include
kainate	GCA_977017645.1_OZ360229.1_101667789-101999288-__Tormar	GCA_977017645.1:OZ360229.1:101667789-101999288-	Torpedo marmorata	vertebrate	genome	high	0.8628	793	include
kir	GCA_977017645.1_OZ360229.1_129947958-129948914-__Tormar	GCA_977017645.1:OZ360229.1:129947958-129948914-	Torpedo marmorata	vertebrate	genome	high	0.7726	320	include
kv_shaker	GCA_977017645.1_OZ360233.1_52025434-52625256-__Tormar	GCA_977017645.1:OZ360233.1:52025434-52625256-	Torpedo marmorata	vertebrate	genome	high	0.8859	619	include
kir	GCA_977017645.1_OZ360243.1_20102696-20422021-__Tormar	GCA_977017645.1:OZ360243.1:20102696-20422021-	Torpedo marmorata	vertebrate	genome	high	0.9462	397	include
kv_shaker	GCA_977017645.1_OZ360243.1_23845974-23847281-__Tormar	GCA_977017645.1:OZ360243.1:23845974-23847281-	Torpedo marmorata	vertebrate	genome	high	0.7627	424	include
kv_shaker	GCA_977017645.1_OZ360243.1_23931595-24344047-__Tormar	GCA_977017645.1:OZ360243.1:23931595-24344047-	Torpedo marmorata	vertebrate	genome	high	0.8641	491	include
kv_shaker	GCA_977017645.1_OZ360243.1_24344132-24398317-__Tormar	GCA_977017645.1:OZ360243.1:24344132-24398317-	Torpedo marmorata	vertebrate	genome	high	0.7935	484	include
lrrc8	GCA_977017645.1_OZ360254.1_15413811-15416279___Tormar	GCA_977017645.1:OZ360254.1:15413811-15416279+	Torpedo marmorata	vertebrate	genome	high	0.9988	823	include
cav	GCA_977017645.1_OZ360254.1_21572252-22821360___Tormar	GCA_977017645.1:OZ360254.1:21572252-22821360+	Torpedo marmorata	vertebrate	genome	high	0.9127		genome_not_intact
lrrc8	GCA_977017645.1_OZ360254.1_30774653-30788614___Tormar	GCA_977017645.1:OZ360254.1:30774653-30788614+	Torpedo marmorata	vertebrate	genome	high	0.9975	816	include
bestrophin	GCA_977017645.1_OZ360254.1_38043071-38559803___Tormar	GCA_977017645.1:OZ360254.1:38043071-38559803+	Torpedo marmorata	vertebrate	genome	high	0.8672	560	include
calhm	GCA_977017645.1_OZ360239.1_15248132-15253344-__Tormar	GCA_977017645.1:OZ360239.1:15248132-15253344-	Torpedo marmorata	vertebrate	genome	high	0.9747	343	include
delta_glur	GCA_977017645.1_OZ360250.1_22824290-24008542___Tormar	GCA_977017645.1:OZ360250.1:22824290-24008542+	Torpedo marmorata	vertebrate	genome	high	1.0	1016	include
mcu	GCA_977017645.1_OZ360250.1_31954002-32386607___Tormar	GCA_977017645.1:OZ360250.1:31954002-32386607+	Torpedo marmorata	vertebrate	genome	high	0.8725	338	include
vdac	GCA_977017645.1_OZ360250.1_45838211-45855677___Tormar	GCA_977017645.1:OZ360250.1:45838211-45855677+	Torpedo marmorata	vertebrate	genome	high	0.9964	286	include
trpm	GCA_977017645.1_OZ360249.1_23130303-24124130___Tormar	GCA_977017645.1:OZ360249.1:23130303-24124130+	Torpedo marmorata	vertebrate	genome	high	0.9863	1881	include
catsper	GCA_977017645.1_OZ360249.1_31190989-31226380___Tormar	GCA_977017645.1:OZ360249.1:31190989-31226380+	Torpedo marmorata	vertebrate	genome	high	0.7556	384	include
tmc	GCA_977017645.1_OZ360249.1_43217952-43790500___Tormar	GCA_977017645.1:OZ360249.1:43217952-43790500+	Torpedo marmorata	vertebrate	genome	high	0.8406	842	include
clc_channel	GCA_977017645.1_OZ360230.1_24739514-25823827___Tormar	GCA_977017645.1:OZ360230.1:24739514-25823827+	Torpedo marmorata	vertebrate	genome	high	0.983	895	include
trpc	GCA_977017645.1_OZ360230.1_44166668-44251257___Tormar	GCA_977017645.1:OZ360230.1:44166668-44251257+	Torpedo marmorata	vertebrate	genome	high	0.8699	783	include
cav	GCA_977017645.1_OZ360240.1_62571851-63951838-__Tormar	GCA_977017645.1:OZ360240.1:62571851-63951838-	Torpedo marmorata	vertebrate	genome	high	0.7247		genome_not_intact
clc_channel	GCA_977017645.1_OZ360244.1_44584747-45370398___Tormar	GCA_977017645.1:OZ360244.1:44584747-45370398+	Torpedo marmorata	vertebrate	genome	high	0.7608	974	include
clic	GCA_977017645.1_OZ360231.1_30403898-30900494-__Tormar	GCA_977017645.1:OZ360231.1:30403898-30900494-	Torpedo marmorata	vertebrate	genome	high	0.8537		genome_not_intact
kir	GCA_977017645.1_OZ360231.1_36146535-36147452-__Tormar	GCA_977017645.1:OZ360231.1:36146535-36147452-	Torpedo marmorata	vertebrate	genome	high	0.7433	307	include
glyr	GCA_977017645.1_OZ360231.1_85925654-86153752-__Tormar	GCA_977017645.1:OZ360231.1:85925654-86153752-	Torpedo marmorata	vertebrate	genome	high	0.9545	474	include
kainate	GCA_977017645.1_OZ360231.1_93756427-94323817-__Tormar	GCA_977017645.1:OZ360231.1:93756427-94323817-	Torpedo marmorata	vertebrate	genome	high	0.9473	901	include
cng	GCA_977017645.1_OZ360238.1_15010258-15333837-__Tormar	GCA_977017645.1:OZ360238.1:15010258-15333837-	Torpedo marmorata	vertebrate	genome	high	0.669	472	include
piezo	GCA_977017645.1_OZ360238.1_21845893-22249199-__Tormar	GCA_977017645.1:OZ360238.1:21845893-22249199-	Torpedo marmorata	vertebrate	genome	high	0.9977		genome_not_intact
kv_modifier	GCA_977017645.1_OZ360238.1_33670950-34111512-__Tormar	GCA_977017645.1:OZ360238.1:33670950-34111512-	Torpedo marmorata	vertebrate	genome	high	0.9219	466	include
trpv	GCA_977017645.1_OZ360245.1_3396426-4521788___Tormar	GCA_977017645.1:OZ360245.1:3396426-4521788+	Torpedo marmorata	vertebrate	genome	high	0.9482	783	include
connexin	GCA_977017645.1_OZ360245.1_23487179-23487997___Tormar	GCA_977017645.1:OZ360245.1:23487179-23487997+	Torpedo marmorata	vertebrate	genome	high	0.7299	274	include
orai	GCA_977017645.1_OZ360245.1_56068307-56914665___Tormar	GCA_977017645.1:OZ360245.1:56068307-56914665+	Torpedo marmorata	vertebrate	genome	high	0.9444	264	include
connexin	GCA_977017645.1_OZ360228.1_52725375-52726692___Tormar	GCA_977017645.1:OZ360228.1:52725375-52726692+	Torpedo marmorata	vertebrate	genome	high	0.7588	282	include
k2p	GCA_977017645.1_OZ360228.1_138108580-138152280___Tormar	GCA_977017645.1:OZ360228.1:138108580-138152280+	Torpedo marmorata	vertebrate	genome	high	0.8458	398	include
enac	GCA_977017645.1_OZ360242.1_9646149-9673384-__Tormar	GCA_977017645.1:OZ360242.1:9646149-9673384-	Torpedo marmorata	vertebrate	genome	high	0.986	619	include
enac	GCA_977017645.1_OZ360242.1_9732106-9767301-__Tormar	GCA_977017645.1:OZ360242.1:9732106-9767301-	Torpedo marmorata	vertebrate	genome	high	0.9783	640	include
kir	GCA_977017645.1_OZ360231.1_36547171-36712951___Tormar	GCA_977017645.1:OZ360231.1:36547171-36712951+	Torpedo marmorata	vertebrate	genome	high	0.8851	366	include
gabaa	GCA_977017645.1_OZ360231.1_72308350-72346401___Tormar	GCA_977017645.1:OZ360231.1:72308350-72346401+	Torpedo marmorata	vertebrate	genome	high	0.8596	406	include
hcn	GCA_977017645.1_OZ360253.1_23064242-24378332___Tormar	GCA_977017645.1:OZ360253.1:23064242-24378332+	Torpedo marmorata	vertebrate	genome	high	1.0	1210	include
hcn	GCA_977017645.1_OZ360256.1_264864-1122380___Tormar	GCA_977017645.1:OZ360256.1:264864-1122380+	Torpedo marmorata	vertebrate	genome	high	0.7605		genome_not_intact
kca_sk	GCA_977017645.1_OZ360256.1_2276281-2858264___Tormar	GCA_977017645.1:OZ360256.1:2276281-2858264+	Torpedo marmorata	vertebrate	genome	high	0.8954	645	include
k2p	GCA_977017645.1_OZ360251.1_13415450-13827932___Tormar	GCA_977017645.1:OZ360251.1:13415450-13827932+	Torpedo marmorata	vertebrate	genome	high	0.6841	312	include
k2p	GCA_977017645.1_OZ360248.1_18779258-18792414___Tormar	GCA_977017645.1:OZ360248.1:18779258-18792414+	Torpedo marmorata	vertebrate	genome	high	0.6194	253	include
kv_modifier	GCA_977017645.1_OZ360236.1_49323685-49784823-__Tormar	GCA_977017645.1:OZ360236.1:49323685-49784823-	Torpedo marmorata	vertebrate	genome	high	0.903	490	include
piezo	GCA_977017645.1_OZ360236.1_77465659-78007709-__Tormar	GCA_977017645.1:OZ360236.1:77465659-78007709-	Torpedo marmorata	vertebrate	genome	high	0.9984		genome_not_intact
kca_slo	GCA_977017645.1_OZ360252.1_36109154-36649261___Tormar	GCA_977017645.1:OZ360252.1:36109154-36649261+	Torpedo marmorata	vertebrate	genome	high	0.8758		genome_not_intact
kv_shaker	GCA_977017645.1_OZ360255.1_12145381-12578617-__Tormar	GCA_977017645.1:OZ360255.1:12145381-12578617-	Torpedo marmorata	vertebrate	genome	high	0.7627	433	include
trpm	GCA_977017645.1_OZ360255.1_17530142-17584151-__Tormar	GCA_977017645.1:OZ360255.1:17530142-17584151-	Torpedo marmorata	vertebrate	genome	high	0.6042		genome_not_intact
nachr	GCA_977017645.1_OZ360253.1_32533922-32716965-__Tormar	GCA_977017645.1:OZ360253.1:32533922-32716965-	Torpedo marmorata	vertebrate	genome	high	0.9193	532	include
trpm	GCA_977017645.1_OZ360253.1_38090311-38658018-__Tormar	GCA_977017645.1:OZ360253.1:38090311-38658018-	Torpedo marmorata	vertebrate	genome	high	0.7084	1440	include
nachr	GCA_977017645.1_OZ360256.1_3059308-3073059-__Tormar	GCA_977017645.1:OZ360256.1:3059308-3073059-	Torpedo marmorata	vertebrate	genome	high	0.7888	392	include
nav	GCA_977017645.1_OZ360258.1_2523351-3473841___Tormar	GCA_977017645.1:OZ360258.1:2523351-3473841+	Torpedo marmorata	vertebrate	genome	high	0.9978	1983	include
trpml	GCA_977017645.1_OZ360254.1_14799454-15653377-__Tormar	GCA_977017645.1:OZ360254.1:14799454-15653377-	Torpedo marmorata	vertebrate	genome	high	0.979	551	include
vdac	GCA_977017645.1_OZ360252.1_33528575-33550891-__Tormar	GCA_977017645.1:OZ360252.1:33528575-33550891-	Torpedo marmorata	vertebrate	genome	high	0.9964	285	include
kainate	GCA_977017645.1_CDRNVU010002117.1_4430-218421___Tormar	GCA_977017645.1:CDRNVU010002117.1:4430-218421+	Torpedo marmorata	vertebrate	genome	medium	0.404		profile_medium
k2p	GCA_977017645.1_CDRNVU010000697.1_1920-7051___Tormar	GCA_977017645.1:CDRNVU010000697.1:1920-7051+	Torpedo marmorata	vertebrate	genome	medium	0.4303		profile_medium
cav	GCA_977017645.1_CDRNVU010000959.1_48044-440362-__Tormar	GCA_977017645.1:CDRNVU010000959.1:48044-440362-	Torpedo marmorata	vertebrate	genome	medium	0.3559		profile_medium
kca_sk	GCA_977017645.1_CDRNVU010001126.1_187-44093___Tormar	GCA_977017645.1:CDRNVU010001126.1:187-44093+	Torpedo marmorata	vertebrate	genome	medium	0.42		profile_medium
kir	GCA_977017645.1_CDRNVU010000858.1_373901-375046___Tormar	GCA_977017645.1:CDRNVU010000858.1:373901-375046+	Torpedo marmorata	vertebrate	genome	high	0.7677	347	include
trpv	GCA_977017645.1_CDRNVU010004188.1_3-25409___Tormar	GCA_977017645.1:CDRNVU010004188.1:3-25409+	Torpedo marmorata	vertebrate	genome	medium	0.3058		profile_medium
trpn	GCA_000150275.1_DS985247.1_1154322-1165298-__Triadh	GCA_000150275.1:DS985247.1:1154322-1165298-	Trichoplax adhaerens	basal_metazoan	genome	high	0.819	1627	include
