family	label	chain	module	quality	k_regex	window	locus	locus_column	window_is_k
kv_shaker	B2RQA1__Musmus	B2RQA1__Musmus	1	full	TVGYG	TVGYG	V	434	yes
kv_shaker	P08510__Dromel	P08510__Dromel	1	full	TVGYG	TVGYG	V	434	yes
kv_shaker	P10499__Ratnor	P10499__Ratnor	1	full	TVGYG	TVGYG	V	434	yes
kv_shaker	P15384__Ratnor	P15384__Ratnor	1	full	TVGYG	TVGYG	V	434	yes
kv_shaker	P15385__Ratnor	P15385__Ratnor	1	full	TVGYG	TVGYG	V	434	yes
kv_shaker	P15388__Musmus	P15388__Musmus	1	full	TLGYG	TLGYG	L	434	yes
kv_shaker	P16388__Musmus	P16388__Musmus	1	full	TVGYG	TVGYG	V	434	yes
kv_shaker	P16389__Homsap	P16389__Homsap	1	full	TVGYG	TVGYG	V	434	yes
kv_shaker	P16390__Musmus	P16390__Musmus	1	full	TVGYG	TVGYG	V	434	yes
kv_shaker	P17658__Homsap	P17658__Homsap	1	full	TVGYG	TVGYG	V	434	yes
kv_shaker	P17659__Ratnor	P17659__Ratnor	1	full	TVGYG	TVGYG	V	434	yes
kv_shaker	P17971__Dromel	P17971__Dromel	1	full	TLGYG	TLGYG	L	434	yes
kv_shaker	P17972__Dromel	P17972__Dromel	1	full	TVGYG	TVGYG	V	434	yes
kv_shaker	P19024__Ratnor	P19024__Ratnor	1	full	TVGYG	TVGYG	V	434	yes
kv_shaker	P22001__Homsap	P22001__Homsap	1	full	TVGYG	TVGYG	V	434	yes
kv_shaker	P22459__Homsap	P22459__Homsap	1	full	TVGYG	TVGYG	V	434	yes
kv_shaker	P22460__Homsap	P22460__Homsap	1	full	TVGYG	TVGYG	V	434	yes
kv_shaker	P22462__Ratnor	P22462__Ratnor	1	full	TLGYG	TLGYG	L	434	yes
kv_shaker	P25122__Ratnor	P25122__Ratnor	1	full	TLGYG	TLGYG	L	434	yes
kv_shaker	P48547__Homsap	P48547__Homsap	1	full	TLGYG	TLGYG	L	434	yes
kv_shaker	P63141__Musmus	P63141__Musmus	1	full	TVGYG	TVGYG	V	434	yes
kv_shaker	Q01956__Ratnor	Q01956__Ratnor	1	full	TLGYG	TLGYG	L	434	yes
kv_shaker	Q03719__Musmus	Q03719__Musmus	1	full	TLGYG	TLGYG	L	434	yes
kv_shaker	Q03721__Homsap	Q03721__Homsap	1	full	TLGYG	TLGYG	L	434	yes
kv_shaker	Q09470__Homsap	Q09470__Homsap	1	full	TVGYG	TVGYG	V	434	yes
kv_shaker	Q14003__Homsap	Q14003__Homsap	1	full	TLGYG	TLGYG	L	434	yes
kv_shaker	Q14B80__Musmus	Q14B80__Musmus	1	full	TLGYG	TLGYG	L	434	yes
kv_shaker	Q16322__Homsap	Q16322__Homsap	1	full	TVGYG	TVGYG	V	434	yes
kv_shaker	Q17ST2__Musmus	Q17ST2__Musmus	1	full	TVGYG	TVGYG	V	434	yes
kv_shaker	Q61423__Musmus	Q61423__Musmus	1	full	TVGYG	TVGYG	V	434	yes
kv_shaker	Q61762__Musmus	Q61762__Musmus	1	full	TVGYG	TVGYG	V	434	yes
kv_shaker	Q61923__Musmus	Q61923__Musmus	1	full	TVGYG	TVGYG	V	434	yes
kv_shaker	Q62897__Ratnor	Q62897__Ratnor	1	full	TLGYG	TLGYG	L	434	yes
kv_shaker	Q63734__Ratnor	Q63734__Ratnor	1	full	TLGYG	TLGYG	L	434	yes
kv_shaker	Q63881__Ratnor	Q63881__Ratnor	1	full	TLGYG	TLGYG	L	434	yes
kv_shaker	Q63959__Musmus	Q63959__Musmus	1	full	TLGYG	TLGYG	L	434	yes
kv_shaker	Q7T199__Galgal	Q7T199__Galgal	1	full	TVGYG	TVGYG	V	434	yes
kv_shaker	Q8I4B0__Caeele	Q8I4B0__Caeele	1	full	TVGYG	TVGYG	V	434	yes
kv_shaker	Q8R1C0__Musmus	Q8R1C0__Musmus	1	full	TLGYG	TLGYG	L	434	yes
kv_shaker	Q96PR1__Homsap	Q96PR1__Homsap	1	full	TLGYG	TLGYG	L	434	yes
kv_shaker	Q96RP8__Homsap	Q96RP8__Homsap	1	full	TVGYG	TVGYG	V	434	yes
kv_shaker	Q9NSA2__Homsap	Q9NSA2__Homsap	1	full	TLGYG	TLGYG	L	434	yes
kv_shaker	Q9NZV8__Homsap	Q9NZV8__Homsap	1	full	TLGYG	TLGYG	L	434	yes
kv_shaker	Q9UK17__Homsap	Q9UK17__Homsap	1	full	TLGYG	TLGYG	L	434	yes
kv_shaker	Q9Z0V1__Musmus	Q9Z0V1__Musmus	1	full	TLGYG	TLGYG	L	434	yes
kv_shaker	Q9Z0V2__Musmus	Q9Z0V2__Musmus	1	full	TLGYG	TLGYG	L	434	yes
kv_shaker	A0A1D5P8P4__Galgal	A0A1D5P8P4__Galgal	1	full	TLGYG	TLGYG	L	434	yes
kv_shaker	A0A1D5PI60__Galgal	A0A1D5PI60__Galgal	1	full	TVGYG	TVGYG	V	434	yes
kv_shaker	A0A3B1E007__Caeele	A0A3B1E007__Caeele	1	full	TIGYG	TIGYG	I	434	yes
kv_shaker	A0A3B5K802__Takrub	A0A3B5K802__Takrub	1	partial					no
kv_shaker	A0A3B5KBV0__Takrub	A0A3B5KBV0__Takrub	1	full	TVGYG	TVGYG	V	434	yes
kv_shaker	A0A4W3GBS4__Calmil	A0A4W3GBS4__Calmil	1	full	TVGYG	TVGYG	V	434	yes
kv_shaker	A0A4W3GBT9__Calmil	A0A4W3GBT9__Calmil	1	full	TVGYG	TVGYG	V	434	yes
kv_shaker	A0A4W3GH35__Calmil	A0A4W3GH35__Calmil	1	full	TLGYG	TLGYG	L	434	yes
kv_shaker	A0A4W3GJL0__Calmil	A0A4W3GJL0__Calmil	1	partial					no
kv_shaker	A0A4W3IA50__Calmil	A0A4W3IA50__Calmil	1	full	TLGYG	TLGYG	L	434	yes
kv_shaker	A0A4W3IGG8__Calmil	A0A4W3IGG8__Calmil	1	full	TLGYG	TLGYG	L	434	yes
kv_shaker	A0A4W3IQE1__Calmil	A0A4W3IQE1__Calmil	1	full	TVGYG	TVGYG	V	434	yes
kv_shaker	A0A4W3IS90__Calmil	A0A4W3IS90__Calmil	1	full	TVGYG	TVGYG	V	434	yes
kv_shaker	A0A4W3IS99__Calmil	A0A4W3IS99__Calmil	1	full	TVGYG	TVGYG	V	434	yes
kv_shaker	A0A4W3J0V9__Calmil	A0A4W3J0V9__Calmil	1	full	TLGYG	TLGYG	L	434	yes
kv_shaker	A0A4W3J2X6__Calmil	A0A4W3J2X6__Calmil	1	full	TLGYG	TLGYG	L	434	yes
kv_shaker	A0A4W3J9W2__Calmil	A0A4W3J9W2__Calmil	1	full	TVGYG	TVGYG	V	434	yes
kv_shaker	A0A5F8G682__Mondom	A0A5F8G682__Mondom	1	full	TLGYG	TLGYG	L	434	yes
kv_shaker	A0A5F8GB06__Mondom	A0A5F8GB06__Mondom	1	full	TVGYG	TVGYG	V	434	yes
kv_shaker	A0A674MEU2__Takrub	A0A674MEU2__Takrub	1	full	TLGYG	TLGYG	L	434	yes
kv_shaker	A0A674MJE8__Takrub	A0A674MJE8__Takrub	1	full	TVGYG	TVGYG	V	434	yes
kv_shaker	A0A674MWF2__Takrub	A0A674MWF2__Takrub	1	full	TLGYG	TLGYG	L	434	yes
kv_shaker	A0A674N9V7__Takrub	A0A674N9V7__Takrub	1	full	TLGYG	TLGYG	L	434	yes
kv_shaker	A0A674NIL2__Takrub	A0A674NIL2__Takrub	1	full	TLGYG	TLGYG	L	434	yes
kv_shaker	A0A674P379__Takrub	A0A674P379__Takrub	1	full	TVGYG	TVGYG	V	434	yes
kv_shaker	A0A6I8MX46__Ornana	A0A6I8MX46__Ornana	1	full	TVGYG	TVGYG	V	434	yes
kv_shaker	A0A6I8NJC2__Ornana	A0A6I8NJC2__Ornana	1	full	TLGYG	TLGYG	L	434	yes
kv_shaker	A0A6I8NV72__Ornana	A0A6I8NV72__Ornana	1	full	TVGYG	TVGYG	V	434	yes
kv_shaker	A0A6I8NZE6__Ornana	A0A6I8NZE6__Ornana	1	full	TLGYG	TLGYG	L	434	yes
kv_shaker	A0A6I8PNU5__Ornana	A0A6I8PNU5__Ornana	1	full	TLGYG	TLGYG	L	434	yes
kv_shaker	A0A6I8PTR3__Xentro	A0A6I8PTR3__Xentro	1	full	TLGYG	TLGYG	L	434	yes
kv_shaker	A0A6I8PXE5__Xentro	A0A6I8PXE5__Xentro	1	full	TLGYG	TLGYG	L	434	yes
kv_shaker	A0A6I8Q6M4__Xentro	A0A6I8Q6M4__Xentro	1	full	TVGYG	TVGYG	V	434	yes
kv_shaker	A0A6I8RVY9__Xentro	A0A6I8RVY9__Xentro	1	full	TVGYG	TVGYG	V	434	yes
kv_shaker	A0A7D9NM73__Xentro	A0A7D9NM73__Xentro	1	full	TVGYG	TVGYG	V	434	yes
kv_shaker	A0A7M7HLZ1__Strpur	A0A7M7HLZ1__Strpur	1	full	TVGYG	TVGYG	V	434	yes
kv_shaker	A0A7M7PTR7__Strpur	A0A7M7PTR7__Strpur	1	full	TLGYG	TLGYG	L	434	yes
kv_shaker	A0A803JUJ5__Xentro	A0A803JUJ5__Xentro	1	full	TVGYG	TVGYG	V	434	yes
kv_shaker	A0A803K3P6__Xentro	A0A803K3P6__Xentro	1	full	TLGYG	TLGYG	L	434	yes
kv_shaker	A0A803K5T1__Xentro	A0A803K5T1__Xentro	1	full	TVGYG	TVGYG	V	434	yes
kv_shaker	A0A803TTA0__Anocar	A0A803TTA0__Anocar	1	full	TVGYG	TVGYG	V	434	yes
kv_shaker	A0A8J0Q8S4__Xentro	A0A8J0Q8S4__Xentro	1	full	TLGYG	TLGYG	L	434	yes
kv_shaker	A0A8J0QIF7__Xentro	A0A8J0QIF7__Xentro	1	full	TLGYG	TLGYG	L	434	yes
kv_shaker	A0A8J1JF66__Xentro	A0A8J1JF66__Xentro	1	full	TLGYG	TLGYG	L	434	yes
kv_shaker	A0A8M1ND79__Danrer	A0A8M1ND79__Danrer	1	full	TLGYG	TLGYG	L	434	yes
kv_shaker	A0A8M1RS50__Danrer	A0A8M1RS50__Danrer	1	full	TVGYG	TVGYG	V	434	yes
kv_shaker	A0A8M2BA57__Danrer	A0A8M2BA57__Danrer	1	full	TVGYG	TVGYG	V	434	yes
kv_shaker	A0A8M2BLG6__Danrer	A0A8M2BLG6__Danrer	1	full	TVGYG	TVGYG	V	434	yes
kv_shaker	A0A8M9PG37__Danrer	A0A8M9PG37__Danrer	1	full	TLGYG	TLGYG	L	434	yes
kv_shaker	A0A8M9Q172__Danrer	A0A8M9Q172__Danrer	1	full	TVGYG	TVGYG	V	434	yes
kv_shaker	A0A8M9Q783__Danrer	A0A8M9Q783__Danrer	1	full	TVGYG	TVGYG	V	434	yes
kv_shaker	A0A8N7T815__Danrer	A0A8N7T815__Danrer	1	full	TVGYG	TVGYG	V	434	yes
kv_shaker	A0A8V0ZS40__Galgal	A0A8V0ZS40__Galgal	1	full	TVGYG	TVGYG	V	434	yes
kv_shaker	A0A8V0ZS78__Galgal	A0A8V0ZS78__Galgal	1	full	TVGYG	TVGYG	V	434	yes
kv_shaker	A0A8V0ZS84__Galgal	A0A8V0ZS84__Galgal	1	full	TLGYG	TLGYG	L	434	yes
kv_shaker	A0A8V0ZY24__Galgal	A0A8V0ZY24__Galgal	1	full	TVGYG	TVGYG	V	434	yes
kv_shaker	A0A8V1A2Y8__Galgal	A0A8V1A2Y8__Galgal	1	full	TLGYG	TLGYG	L	434	yes
kv_shaker	A0A8V1A5U9__Galgal	A0A8V1A5U9__Galgal	1	full	TVGYG	TVGYG	V	434	yes
kv_shaker	A0A9J7HFH3__Braflo	A0A9J7HFH3__Braflo	1	absent					no
kv_shaker	A0A9J7HFU3__Braflo	A0A9J7HFU3__Braflo	1	full	TVGYG	TVGYG	V	434	yes
kv_shaker	A0A9J7HI61__Braflo	A0A9J7HI61__Braflo	1	full	TVGYG	TVGYG	V	434	yes
kv_shaker	A0A9J7HJN0__Braflo	A0A9J7HJN0__Braflo	1	full	TVGYG	TVGYG	V	434	yes
kv_shaker	A0A9J7HNG8__Braflo	A0A9J7HNG8__Braflo	1	full	TVGYG	TVGYG	V	434	yes
kv_shaker	A0A9J7KDX0__Braflo	A0A9J7KDX0__Braflo	1	full		NIGYG	I	434	no
kv_shaker	A0A9J7KLS9__Braflo	A0A9J7KLS9__Braflo	1	full	TLGYG	TLGYG	L	434	yes
kv_shaker	A0A9J7KX70__Braflo	A0A9J7KX70__Braflo	1	full	TVGYG	TVGYG	V	434	yes
kv_shaker	A0A9J7L600__Braflo	A0A9J7L600__Braflo	1	full	TLGYG	TLGYG	L	434	yes
kv_shaker	A0A9J7LB88__Braflo	A0A9J7LB88__Braflo	1	full	TVGYG	TVGYG	V	434	yes
kv_shaker	A0A9J7LBR5__Braflo	A0A9J7LBR5__Braflo	1	full	TVGYG	TVGYG	V	434	yes
kv_shaker	A0A9J7LMT9__Braflo	A0A9J7LMT9__Braflo	1	full	TIGYG	TIGYG	I	434	yes
kv_shaker	A0A9J7LPI6__Braflo	A0A9J7LPI6__Braflo	1	full	TVGYG	TVGYG	V	434	yes
kv_shaker	A0A9J7LPJ3__Braflo	A0A9J7LPJ3__Braflo	1	full	TVGYG	TVGYG	V	434	yes
kv_shaker	A0A9J7LRS5__Braflo	A0A9J7LRS5__Braflo	1	full	TVGYG	TVGYG	V	434	yes
kv_shaker	A0A9J7LS37__Braflo	A0A9J7LS37__Braflo	1	full	TVGYG	TVGYG	V	434	yes
kv_shaker	A0A9J7LSF1__Braflo	A0A9J7LSF1__Braflo	1	full	TVGYG	TVGYG	V	434	yes
kv_shaker	A0A9J7LTW5__Braflo	A0A9J7LTW5__Braflo	1	full	TVGYG	TVGYG	V	434	yes
kv_shaker	A0A9J7LUA5__Braflo	A0A9J7LUA5__Braflo	1	full	TLGYG	TLGYG	L	434	yes
kv_shaker	A0A9J7LWY6__Braflo	A0A9J7LWY6__Braflo	1	full	TLGYG	TLGYG	L	434	yes
kv_shaker	A0A9J7LWY8__Braflo	A0A9J7LWY8__Braflo	1	full	TLGYG	TLGYG	L	434	yes
kv_shaker	A0A9J7LXR2__Braflo	A0A9J7LXR2__Braflo	1	full	TLGYG	TLGYG	L	434	yes
kv_shaker	A0A9J7ML79__Braflo	A0A9J7ML79__Braflo	1	full	TVGYG	TVGYG	V	434	yes
kv_shaker	A0A9J7MQW7__Braflo	A0A9J7MQW7__Braflo	1	full	TLGYG	TLGYG	L	434	yes
kv_shaker	A0A9J7MW09__Braflo	A0A9J7MW09__Braflo	1	full	TTGYG	TTGYG	T	434	yes
kv_shaker	A0A9J7MWK8__Braflo	A0A9J7MWK8__Braflo	1	full	TLGYG	TLGYG	L	434	yes
kv_shaker	A0A9J7NBM2__Braflo	A0A9J7NBM2__Braflo	1	full	TLGYG	TLGYG	L	434	yes
kv_shaker	A0AAJ7SNN4__Petmar	A0AAJ7SNN4__Petmar	1	full	TVGYG	TVGYG	V	434	yes
kv_shaker	A0AAJ7SNS9__Petmar	A0AAJ7SNS9__Petmar	1	full	TVGYG	TVGYG	V	434	yes
kv_shaker	A0AAJ7SU47__Petmar	A0AAJ7SU47__Petmar	1	full		LVGYG	V	434	no
kv_shaker	A0AAJ7SW22__Petmar	A0AAJ7SW22__Petmar	1	full	TVGYG	TVGYG	V	434	yes
kv_shaker	A0AAJ7TA21__Petmar	A0AAJ7TA21__Petmar	1	full	TVGYG	TVGYG	V	434	yes
kv_shaker	A0AAJ7TAK6__Petmar	A0AAJ7TAK6__Petmar	1	full	TLGYG	TLGYG	L	434	yes
kv_shaker	A0AAJ7TD91__Petmar	A0AAJ7TD91__Petmar	1	full	TLGYG	TLGYG	L	434	yes
kv_shaker	A0AAJ7TH65__Petmar	A0AAJ7TH65__Petmar	1	full	TVGYG	TVGYG	V	434	yes
kv_shaker	A0AAJ7TME0__Petmar	A0AAJ7TME0__Petmar	1	full	TLGYG	TLGYG	L	434	yes
kv_shaker	A0AAJ7TQK2__Petmar	A0AAJ7TQK2__Petmar	1	full	TVGYG	TVGYG	V	434	yes
kv_shaker	A0AAJ7U1H3__Petmar	A0AAJ7U1H3__Petmar	1	full	TVGYG	TVGYG	V	434	yes
kv_shaker	A0AAJ7U2C7__Petmar	A0AAJ7U2C7__Petmar	1	full	TLGYG	TLGYG	L	434	yes
kv_shaker	A0AAJ7UFU6__Petmar	A0AAJ7UFU6__Petmar	1	full	TVGYG	TVGYG	V	434	yes
kv_shaker	A0AAJ7UL95__Petmar	A0AAJ7UL95__Petmar	1	full	TVGYG	TVGYG	V	434	yes
kv_shaker	A0AAJ7WNX5__Petmar	A0AAJ7WNX5__Petmar	1	full	TLGYG	TLGYG	L	434	yes
kv_shaker	A0AAJ7WZN7__Petmar	A0AAJ7WZN7__Petmar	1	full	TVGYG	TVGYG	V	434	yes
kv_shaker	A0AAJ7XH48__Petmar	A0AAJ7XH48__Petmar	1	full	TVGYG	TVGYG	V	434	yes
kv_shaker	A0AAV2GZD3__Lymsta	A0AAV2GZD3__Lymsta	1	full		TLG--	L	434	no
kv_shaker	A0AAV2H6P7__Lymsta	A0AAV2H6P7__Lymsta	1	full	TVGYG	TVGYG	V	434	yes
kv_shaker	A0AAV2HHV9__Lymsta	A0AAV2HHV9__Lymsta	1	full	TVGYG	TVGYG	V	434	yes
kv_shaker	A0AAV2IJL6__Lymsta	A0AAV2IJL6__Lymsta	1	full	TVGYG	TVGYG	V	434	yes
kv_shaker	A0ABM0GHE5__Aplcal	A0ABM0GHE5__Aplcal	1	full	TVGYG	TVGYG	V	434	yes
kv_shaker	A0ABM0JBK5__Aplcal	A0ABM0JBK5__Aplcal	1	full	TVGYG	TVGYG	V	434	yes
kv_shaker	A0ABM0JEA9__Aplcal	A0ABM0JEA9__Aplcal	1	full	TLGYG	TLGYG	L	434	yes
kv_shaker	A0ABM1A0T7__Aplcal	A0ABM1A0T7__Aplcal	1	full	TVGYG	TVGYG	V	434	yes
kv_shaker	A0ABM4BDN3__Hydvul	A0ABM4BDN3__Hydvul	1	full	TVGYG	TVGYG	V	434	yes
kv_shaker	A0ABM4BEC9__Hydvul	A0ABM4BEC9__Hydvul	1	full	TVGYG	TVGYG	V	434	yes
kv_shaker	A0ABM4BF42__Hydvul	A0ABM4BF42__Hydvul	1	full	TVGYG	TVGYG	V	434	yes
kv_shaker	A0ABM4C224__Hydvul	A0ABM4C224__Hydvul	1	full	TVGYG	TVGYG	V	434	yes
kv_shaker	A0ABM4C241__Hydvul	A0ABM4C241__Hydvul	1	full	TVGYG	TVGYG	V	434	yes
kv_shaker	A0ABM4CGI6__Hydvul	A0ABM4CGI6__Hydvul	1	full		GVGYG	V	434	no
kv_shaker	A0ABM4CGM1__Hydvul	A0ABM4CGM1__Hydvul	1	full	AVGYG	AVGYG	V	434	yes
kv_shaker	A0ABM4CLI9__Hydvul	A0ABM4CLI9__Hydvul	1	full		GIGYG	I	434	no
kv_shaker	A0ABM4CNV6__Hydvul	A0ABM4CNV6__Hydvul	1	full	TVGYG	TVGYG	V	434	yes
kv_shaker	A0ABM4CNW3__Hydvul	A0ABM4CNW3__Hydvul	1	full	TIGYG	TIGYG	I	434	yes
kv_shaker	A0ABM4CV44__Hydvul	A0ABM4CV44__Hydvul	1	full	TLGYG	TLGYG	L	434	yes
kv_shaker	A0ABM4CZW0__Hydvul	A0ABM4CZW0__Hydvul	1	full	TLGYG	TLGYG	L	434	yes
kv_shaker	A0ABM4D6G3__Hydvul	A0ABM4D6G3__Hydvul	1	full	TLGYG	TLGYG	L	434	yes
kv_shaker	A0ABM4D888__Hydvul	A0ABM4D888__Hydvul	1	full	TVGYG	TVGYG	V	434	yes
kv_shaker	A0ABM4DGM0__Hydvul	A0ABM4DGM0__Hydvul	1	full	TLGYG	TLGYG	L	434	yes
kv_shaker	A0AC58IKA3__Danrer	A0AC58IKA3__Danrer	1	full	TVGYG	TVGYG	V	434	yes
kv_shaker	A0AC58IUD8__Danrer	A0AC58IUD8__Danrer	1	full	TLGYG	TLGYG	L	434	yes
kv_shaker	A0AC58J2F0__Danrer	A0AC58J2F0__Danrer	1	full	TVGYG	TVGYG	V	434	yes
kv_shaker	A0AC58JFF2__Danrer	A0AC58JFF2__Danrer	1	full	TVGYG	TVGYG	V	434	yes
kv_shaker	A0ACM8AEV7__Petmar	A0ACM8AEV7__Petmar	1	full	TLGYG	TLGYG	L	434	yes
kv_shaker	A0ACM8AF12__Petmar	A0ACM8AF12__Petmar	1	full	TVGYG	TVGYG	V	434	yes
kv_shaker	A0ACM8AFR6__Petmar	A0ACM8AFR6__Petmar	1	full	TVGYG	TVGYG	V	434	yes
kv_shaker	A0ACM8AFS0__Petmar	A0ACM8AFS0__Petmar	1	full	TVGYG	TVGYG	V	434	yes
kv_shaker	A0ACM8ANI1__Petmar	A0ACM8ANI1__Petmar	1	full	TLGYG	TLGYG	L	434	yes
kv_shaker	A0ACM8AUJ6__Petmar	A0ACM8AUJ6__Petmar	1	full	TVGYG	TVGYG	V	434	yes
kv_shaker	A0ACM8AUL4__Petmar	A0ACM8AUL4__Petmar	1	full	TVGYG	TVGYG	V	434	yes
kv_shaker	A0ACM8AYP5__Petmar	A0ACM8AYP5__Petmar	1	full	TVGYG	TVGYG	V	434	yes
kv_shaker	A0ACM8B1K9__Petmar	A0ACM8B1K9__Petmar	1	full	TVGYG	TVGYG	V	434	yes
kv_shaker	A0ACM8BQN1__Petmar	A0ACM8BQN1__Petmar	1	full	TVGYG	TVGYG	V	434	yes
kv_shaker	A0ACM8Q031__Danrer	A0ACM8Q031__Danrer	1	full	TLGYG	TLGYG	L	434	yes
kv_shaker	A0ACM8QM98__Danrer	A0ACM8QM98__Danrer	1	full	TLGYG	TLGYG	L	434	yes
kv_shaker	A0ACM8QMA1__Danrer	A0ACM8QMA1__Danrer	1	full	TLGYG	TLGYG	L	434	yes
kv_shaker	A7RIS5__Nemvec	A7RIS5__Nemvec	1	full		NVGYG	V	434	no
kv_shaker	A7RLC8__Nemvec	A7RLC8__Nemvec	1	full	TTGYG	TTGYG	T	434	yes
kv_shaker	A7S3Y6__Nemvec	A7S3Y6__Nemvec	1	full	TVGYG	TVGYG	V	434	yes
kv_shaker	A7S4S6__Nemvec	A7S4S6__Nemvec	1	full	TVGYG	TVGYG	V	434	yes
kv_shaker	A7SAS8__Nemvec	A7SAS8__Nemvec	1	full	TVGYG	TVGYG	V	434	yes
kv_shaker	A7SFM4__Nemvec	A7SFM4__Nemvec	1	full	TVGYG	TVGYG	V	434	yes
kv_shaker	A7SHB6__Nemvec	A7SHB6__Nemvec	1	full	TVGYG	TVGYG	V	434	yes
kv_shaker	A7SI03__Nemvec	A7SI03__Nemvec	1	full	SVGYG	SVGYG	V	434	yes
kv_shaker	A7SI05__Nemvec	A7SI05__Nemvec	1	full	TVGYG	TVGYG	V	434	yes
kv_shaker	A7SIU2__Nemvec	A7SIU2__Nemvec	1	full	TVGYG	TVGYG	V	434	yes
kv_shaker	A7SK44__Nemvec	A7SK44__Nemvec	1	full	TVGYG	TVGYG	V	434	yes
kv_shaker	A7SK45__Nemvec	A7SK45__Nemvec	1	full	TVGYG	TVGYG	V	434	yes
kv_shaker	A7SKX7__Nemvec	A7SKX7__Nemvec	1	full	SVGYG	SVGYG	V	434	yes
kv_shaker	A7STQ1__Nemvec	A7STQ1__Nemvec	1	full	TVGYG	TVGYG	V	434	yes
kv_shaker	A7SWW6__Nemvec	A7SWW6__Nemvec	1	full	TLGYG	TLGYG	L	434	yes
kv_shaker	A7SWZ3__Nemvec	A7SWZ3__Nemvec	1	full	TVGYG	TVGYG	V	434	yes
kv_shaker	A7SYB8__Nemvec	A7SYB8__Nemvec	1	full	TTGYG	TTGYG	T	434	yes
kv_shaker	A7T1C2__Nemvec	A7T1C2__Nemvec	1	full	TIGYG	TIGYG	I	434	yes
kv_shaker	B0UYF4__Danrer	B0UYF4__Danrer	1	full	TLGYG	TLGYG	L	434	yes
kv_shaker	B3SAQ8__Triadh	B3SAQ8__Triadh	1	full	TVGYG	TVGYG	V	434	yes
kv_shaker	C3XS89__Braflo	C3XS89__Braflo	1	full	TVGYG	TVGYG	V	434	yes
kv_shaker	C3XUL8__Braflo	C3XUL8__Braflo	1	full	TVGYG	TVGYG	V	434	yes
kv_shaker	C3Y728__Braflo	C3Y728__Braflo	1	full	TLGYG	TLGYG	L	434	yes
kv_shaker	C3Y739__Braflo	C3Y739__Braflo	1	full	TLGYG	TLGYG	L	434	yes
kv_shaker	C3Y804__Braflo	C3Y804__Braflo	1	full	TVGYG	TVGYG	V	434	yes
kv_shaker	C3Z458__Braflo	C3Z458__Braflo	1	full	TLGYG	TLGYG	L	434	yes
kv_shaker	C3ZQC4__Braflo	C3ZQC4__Braflo	1	full	TLGYG	TLGYG	L	434	yes
kv_shaker	C3ZZ36__Braflo	C3ZZ36__Braflo	1	full	TVGYG	TVGYG	V	434	yes
kv_shaker	D3ZRW4__Ratnor	D3ZRW4__Ratnor	1	full	TVGYG	TVGYG	V	434	yes
kv_shaker	D3ZYK3__Ratnor	D3ZYK3__Ratnor	1	full	TLGYG	TLGYG	L	434	yes
kv_shaker	D4A810__Ratnor	D4A810__Ratnor	1	full	TVGYG	TVGYG	V	434	yes
kv_shaker	E1BS72__Galgal	E1BS72__Galgal	1	full	TLGYG	TLGYG	L	434	yes
kv_shaker	E7F8M2__Danrer	E7F8M2__Danrer	1	full	TVGYG	TVGYG	V	434	yes
kv_shaker	E7FEJ3__Danrer	E7FEJ3__Danrer	1	full	TVGYG	TVGYG	V	434	yes
kv_shaker	E7FFE9__Danrer	E7FFE9__Danrer	1	full	TVGYG	TVGYG	V	434	yes
kv_shaker	E9GRI2__Dappul	E9GRI2__Dappul	1	full	TLGYG	TLGYG	L	434	yes
kv_shaker	E9GZK8__Dappul	E9GZK8__Dappul	1	full	TVGYG	TVGYG	V	434	yes
kv_shaker	E9H699__Dappul	E9H699__Dappul	1	full	TVGYG	TVGYG	V	434	yes
kv_shaker	F1NBQ3__Galgal	F1NBQ3__Galgal	1	full	TLGYG	TLGYG	L	434	yes
kv_shaker	F1Q4T7__Danrer	F1Q4T7__Danrer	1	full	TLGYG	TLGYG	L	434	yes
kv_shaker	F1Q929__Danrer	F1Q929__Danrer	1	full	TVGYG	TVGYG	V	434	yes
kv_shaker	F6REB0__Cioint	F6REB0__Cioint	1	full	TLGYG	TLGYG	L	434	yes
kv_shaker	F6RH21__Ornana	F6RH21__Ornana	1	full	TVGYG	TVGYG	V	434	yes
kv_shaker	F6U0M5__Xentro	F6U0M5__Xentro	1	full	TVGYG	TVGYG	V	434	yes
kv_shaker	F6UCT6__Mondom	F6UCT6__Mondom	1	full	TVGYG	TVGYG	V	434	yes
kv_shaker	F6UCV5__Mondom	F6UCV5__Mondom	1	full	TVGYG	TVGYG	V	434	yes
kv_shaker	F6UCX2__Mondom	F6UCX2__Mondom	1	full	TVGYG	TVGYG	V	434	yes
kv_shaker	F6UUU5__Cioint	F6UUU5__Cioint	1	full	TVGYG	TVGYG	V	434	yes
kv_shaker	F6VIL0__Ornana	F6VIL0__Ornana	1	full	TVGYG	TVGYG	V	434	yes
kv_shaker	F6XGB3__Mondom	F6XGB3__Mondom	1	full	TLGYG	TLGYG	L	434	yes
kv_shaker	F6Y446__Xentro	F6Y446__Xentro	1	full	TLGYG	TLGYG	L	434	yes
kv_shaker	F6ZTD1__Cioint	F6ZTD1__Cioint	1	full	TVGYG	TVGYG	V	434	yes
kv_shaker	F7A2P0__Ornana	F7A2P0__Ornana	1	full	TVGYG	TVGYG	V	434	yes
kv_shaker	F7A2Q7__Ornana	F7A2Q7__Ornana	1	full	TVGYG	TVGYG	V	434	yes
kv_shaker	F7AL46__Mondom	F7AL46__Mondom	1	full	TVGYG	TVGYG	V	434	yes
kv_shaker	F7B029__Ornana	F7B029__Ornana	1	full	TLGYG	TLGYG	L	434	yes
kv_shaker	F7CX06__Mondom	F7CX06__Mondom	1	full	TLGYG	TLGYG	L	434	yes
kv_shaker	F7DT93__Xentro	F7DT93__Xentro	1	full	TVGYG	TVGYG	V	434	yes
kv_shaker	F7EB95__Xentro	F7EB95__Xentro	1	full	TVGYG	TVGYG	V	434	yes
kv_shaker	F7EBT4__Mondom	F7EBT4__Mondom	1	full	TVGYG	TVGYG	V	434	yes
kv_shaker	F7EBU3__Mondom	F7EBU3__Mondom	1	full	TVGYG	TVGYG	V	434	yes
kv_shaker	F7EG19__Ornana	F7EG19__Ornana	1	full	TVGYG	TVGYG	V	434	yes
kv_shaker	F7F5R2__Mondom	F7F5R2__Mondom	1	full	TLGYG	TLGYG	L	434	yes
kv_shaker	F7FWE6__Ornana	F7FWE6__Ornana	1	full	TLGYG	TLGYG	L	434	yes
kv_shaker	F7G3Z7__Ornana	F7G3Z7__Ornana	1	full	TVGYG	TVGYG	V	434	yes
kv_shaker	G1K883__Anocar	G1K883__Anocar	1	full	TLGYG	TLGYG	L	434	yes
kv_shaker	G1KA04__Anocar	G1KA04__Anocar	1	full	TVGYG	TVGYG	V	434	yes
kv_shaker	G1KG88__Anocar	G1KG88__Anocar	1	full		TLG--	L	434	no
kv_shaker	G1KMP2__Anocar	G1KMP2__Anocar	1	full	TLGYG	TLGYG	L	434	yes
kv_shaker	G1KNA5__Anocar	G1KNA5__Anocar	1	full	TVGYG	TVGYG	V	434	yes
kv_shaker	G1KR32__Anocar	G1KR32__Anocar	1	full	TVGYG	TVGYG	V	434	yes
kv_shaker	G1KR33__Anocar	G1KR33__Anocar	1	full	TVGYG	TVGYG	V	434	yes
kv_shaker	G1KRX8__Anocar	G1KRX8__Anocar	1	full	TVGYG	TVGYG	V	434	yes
kv_shaker	G1KUR8__Anocar	G1KUR8__Anocar	1	full	TVGYG	TVGYG	V	434	yes
kv_shaker	H2RUB2__Takrub	H2RUB2__Takrub	1	full	TVGYG	TVGYG	V	434	yes
kv_shaker	H2S7B8__Takrub	H2S7B8__Takrub	1	full	TLGYG	TLGYG	L	434	yes
kv_shaker	H2S8X6__Takrub	H2S8X6__Takrub	1	full	TLGYG	TLGYG	L	434	yes
kv_shaker	H2T9K1__Takrub	H2T9K1__Takrub	1	full	TLGYG	TLGYG	L	434	yes
kv_shaker	H2TUB9__Takrub	H2TUB9__Takrub	1	full	TVGYG	TVGYG	V	434	yes
kv_shaker	H2TUH4__Takrub	H2TUH4__Takrub	1	full	TVGYG	TVGYG	V	434	yes
kv_shaker	H2U9U7__Takrub	H2U9U7__Takrub	1	full	TLGYG	TLGYG	L	434	yes
kv_shaker	H2UA67__Takrub	H2UA67__Takrub	1	full	TVGYG	TVGYG	V	434	yes
kv_shaker	H2UBT9__Takrub	H2UBT9__Takrub	1	full	TLGYG	TLGYG	L	434	yes
kv_shaker	H2UYF5__Takrub	H2UYF5__Takrub	1	full	TVGYG	TVGYG	V	434	yes
kv_shaker	H2V1Z4__Takrub	H2V1Z4__Takrub	1	full	TVGYG	TVGYG	V	434	yes
kv_shaker	H2V2P9__Takrub	H2V2P9__Takrub	1	full	TLGYG	TLGYG	L	434	yes
kv_shaker	H2VBJ0__Takrub	H2VBJ0__Takrub	1	full	TVGYG	TVGYG	V	434	yes
kv_shaker	H2ZSR9__Latcha	H2ZSR9__Latcha	1	full	TLGYG	TLGYG	L	434	yes
kv_shaker	H2ZX28__Latcha	H2ZX28__Latcha	1	full	TVGYG	TVGYG	V	434	yes
kv_shaker	H3A2D7__Latcha	H3A2D7__Latcha	1	full	TVGYG	TVGYG	V	434	yes
kv_shaker	H3A4W1__Latcha	H3A4W1__Latcha	1	full	TVGYG	TVGYG	V	434	yes
kv_shaker	H3A4X5__Latcha	H3A4X5__Latcha	1	full	TVGYG	TVGYG	V	434	yes
kv_shaker	H3AQR6__Latcha	H3AQR6__Latcha	1	full	TLGYG	TLGYG	L	434	yes
kv_shaker	H3B1G3__Latcha	H3B1G3__Latcha	1	full	TLGYG	TLGYG	L	434	yes
kv_shaker	H3B663__Latcha	H3B663__Latcha	1	full	TLGYG	TLGYG	L	434	yes
kv_shaker	H3B6H6__Latcha	H3B6H6__Latcha	1	full		TLG--	L	434	no
kv_shaker	H3B809__Latcha	H3B809__Latcha	1	full	TVGYG	TVGYG	V	434	yes
kv_shaker	H3BFQ1__Latcha	H3BFQ1__Latcha	1	full	TLGYG	TLGYG	L	434	yes
kv_shaker	H3BG81__Latcha	H3BG81__Latcha	1	full	TVGYG	TVGYG	V	434	yes
kv_shaker	H3BGC7__Latcha	H3BGC7__Latcha	1	full		TLG--	L	434	no
kv_shaker	H3BGG4__Latcha	H3BGG4__Latcha	1	full	TVGYG	TVGYG	V	434	yes
kv_shaker	H9GCR2__Anocar	H9GCR2__Anocar	1	partial					no
kv_shaker	H9GTM8__Anocar	H9GTM8__Anocar	1	full	TLGYG	TLGYG	L	434	yes
kv_shaker	Q5VSI1__Danrer	Q5VSI1__Danrer	1	full	TLGYG	TLGYG	L	434	yes
kv_shaker	Q95XD1__Caeele	Q95XD1__Caeele	1	full	TLGYG	TLGYG	L	434	yes
kv_shaker	S4S187__Petmar	S4S187__Petmar	1	full	TVGYG	TVGYG	V	434	yes
kv_shaker	V3ZJF7__Lotgig	V3ZJF7__Lotgig	1	full	TLGYG	TLGYG	L	434	yes
kv_shaker	V3ZQT8__Lotgig	V3ZQT8__Lotgig	1	full	TVGYG	TVGYG	V	434	yes
kv_shaker	V4AGP0__Lotgig	V4AGP0__Lotgig	1	full	TVGYG	TVGYG	V	434	yes
kv_shaker	V4BBV3__Lotgig	V4BBV3__Lotgig	1	full	TVGYG	TVGYG	V	434	yes
kv_shaker	GCA_964187895.1_OZ076457.1_15354237-15671279___Corasp	GCA_964187895.1_OZ076457.1_15354237-15671279___Corasp	1	full	TVGYG	TVGYG	V	434	yes
kv_shaker	GCA_964187895.1_OZ076452.1_64776964-65205688___Corasp	GCA_964187895.1_OZ076452.1_64776964-65205688___Corasp	1	full	TLGYG	TLGYG	L	434	yes
kv_shaker	GCA_964187895.1_OZ076453.1_99256009-99761656-__Corasp	GCA_964187895.1_OZ076453.1_99256009-99761656-__Corasp	1	full	TLGYG	TLGYG	L	434	yes
kv_shaker	GCA_964187895.1_OZ076458.1_41417115-42186785___Corasp	GCA_964187895.1_OZ076458.1_41417115-42186785___Corasp	1	full	TVGYG	TVGYG	V	434	yes
kv_shaker	GCA_964187895.1_OZ076469.1_6729080-8746567-__Corasp	GCA_964187895.1_OZ076469.1_6729080-8746567-__Corasp	1	full	TVGYG	TVGYG	V	434	yes
kv_shaker	GCA_977017645.1_OZ360237.1_32746978-33243252-__Tormar	GCA_977017645.1_OZ360237.1_32746978-33243252-__Tormar	1	full	TVGYG	TVGYG	V	434	yes
kv_shaker	GCA_977017645.1_OZ360235.1_32297989-32889447___Tormar	GCA_977017645.1_OZ360235.1_32297989-32889447___Tormar	1	full	TLGYG	TLGYG	L	434	yes
kv_shaker	GCA_977017645.1_OZ360233.1_52162004-52306903___Tormar	GCA_977017645.1_OZ360233.1_52162004-52306903___Tormar	1	full	TVGYG	TVGYG	V	434	yes
kv_shaker	GCA_977017645.1_OZ360233.1_77326975-77845315___Tormar	GCA_977017645.1_OZ360233.1_77326975-77845315___Tormar	1	full	TLGYG	TLGYG	L	434	yes
kv_shaker	GCA_977017645.1_OZ360233.1_52025434-52625256-__Tormar	GCA_977017645.1_OZ360233.1_52025434-52625256-__Tormar	1	full	TVGYG	TVGYG	V	434	yes
kv_shaker	GCA_977017645.1_OZ360243.1_23845974-23847281-__Tormar	GCA_977017645.1_OZ360243.1_23845974-23847281-__Tormar	1	full	TVGYG	TVGYG	V	434	yes
kv_shaker	GCA_977017645.1_OZ360243.1_23931595-24344047-__Tormar	GCA_977017645.1_OZ360243.1_23931595-24344047-__Tormar	1	full	TVGYG	TVGYG	V	434	yes
kv_shaker	GCA_977017645.1_OZ360243.1_24344132-24398317-__Tormar	GCA_977017645.1_OZ360243.1_24344132-24398317-__Tormar	1	full	TVGYG	TVGYG	V	434	yes
kv_shaker	GCA_977017645.1_OZ360255.1_12145381-12578617-__Tormar	GCA_977017645.1_OZ360255.1_12145381-12578617-__Tormar	1	full	TVGYG	TVGYG	V	434	yes
kv_modifier	A2BDX4__Musmus	A2BDX4__Musmus	1	full	TVGYG	TVGYG	V	434	yes
kv_modifier	D4AD53__Ratnor	D4AD53__Ratnor	1	full	TVGYG	TVGYG	V	434	yes
kv_modifier	O35173__Musmus	O35173__Musmus	1	full	TVGYG	TVGYG	V	434	yes
kv_modifier	O35174__Musmus	O35174__Musmus	1	full	TVGYG	TVGYG	V	434	yes
kv_modifier	O73606__Galgal	O73606__Galgal	1	full	TVGYG	TVGYG	V	434	yes
kv_modifier	O88758__Ratnor	O88758__Ratnor	1	full	TVGYG	TVGYG	V	434	yes
kv_modifier	O88759__Ratnor	O88759__Ratnor	1	full	TVGYG	TVGYG	V	434	yes
kv_modifier	P59053__Musmus	P59053__Musmus	1	full	TVGYG	TVGYG	V	434	yes
kv_modifier	P97557__Ratnor	P97557__Ratnor	1	full	TVGYG	TVGYG	V	434	yes
kv_modifier	Q6PIU1__Homsap	Q6PIU1__Homsap	1	full	TVGYG	TVGYG	V	434	yes
kv_modifier	Q80XM3__Musmus	Q80XM3__Musmus	1	full	TVGYG	TVGYG	V	434	yes
kv_modifier	Q8BQZ8__Musmus	Q8BQZ8__Musmus	1	full	TVGYG	TVGYG	V	434	yes
kv_modifier	Q8BZN2__Musmus	Q8BZN2__Musmus	1	full	TVGYG	TVGYG	V	434	yes
kv_modifier	Q8CFS6__Musmus	Q8CFS6__Musmus	1	full	TVGYG	TVGYG	V	434	yes
kv_modifier	Q8R523__Ratnor	Q8R523__Ratnor	1	full	TVGYG	TVGYG	V	434	yes
kv_modifier	Q8TAE7__Homsap	Q8TAE7__Homsap	1	full	TVGYG	TVGYG	V	434	yes
kv_modifier	Q8TDN1__Homsap	Q8TDN1__Homsap	1	full	TVGYG	TVGYG	V	434	yes
kv_modifier	Q8TDN2__Homsap	Q8TDN2__Homsap	1	full	TVGYG	TVGYG	V	434	yes
kv_modifier	Q96KK3__Homsap	Q96KK3__Homsap	1	full	TVGYG	TVGYG	V	434	yes
kv_modifier	Q9BQ31__Homsap	Q9BQ31__Homsap	1	full	TVGYG	TVGYG	V	434	yes
kv_modifier	Q9ER26__Ratnor	Q9ER26__Ratnor	1	full	TVGYG	TVGYG	V	434	yes
kv_modifier	Q9QYU3__Ratnor	Q9QYU3__Ratnor	1	full	TVGYG	TVGYG	V	434	yes
kv_modifier	Q9UIX4__Homsap	Q9UIX4__Homsap	1	full	TVGYG	TVGYG	V	434	yes
kv_modifier	Q9UJ96__Homsap	Q9UJ96__Homsap	1	full	TVGYG	TVGYG	V	434	yes
kv_modifier	Q9ULS6__Homsap	Q9ULS6__Homsap	1	full	TVGYG	TVGYG	V	434	yes
kv_modifier	A0A1D5PCF8__Galgal	A0A1D5PCF8__Galgal	1	full	TVGYG	TVGYG	V	434	yes
kv_modifier	A0A4W3GNF6__Calmil	A0A4W3GNF6__Calmil	1	full	TVGYG	TVGYG	V	434	yes
kv_modifier	A0A4W3GYW5__Calmil	A0A4W3GYW5__Calmil	1	full	TVGYG	TVGYG	V	434	yes
kv_modifier	A0A4W3HS56__Calmil	A0A4W3HS56__Calmil	1	full	TVGYG	TVGYG	V	434	yes
kv_modifier	A0A4W3IB14__Calmil	A0A4W3IB14__Calmil	1	full	TVGYG	TVGYG	V	434	yes
kv_modifier	A0A4W3ILC0__Calmil	A0A4W3ILC0__Calmil	1	full	TVGYG	TVGYG	V	434	yes
kv_modifier	A0A4W3INP6__Calmil	A0A4W3INP6__Calmil	1	full	TVGYG	TVGYG	V	434	yes
kv_modifier	A0A674MNC9__Takrub	A0A674MNC9__Takrub	1	full	TVGYG	TVGYG	V	434	yes
kv_modifier	A0A6I8NJS3__Ornana	A0A6I8NJS3__Ornana	1	full	TVGYG	TVGYG	V	434	yes
kv_modifier	A0A6I8NK09__Ornana	A0A6I8NK09__Ornana	1	full	TVGYG	TVGYG	V	434	yes
kv_modifier	A0A6I8NRQ0__Ornana	A0A6I8NRQ0__Ornana	1	full	TVGYG	TVGYG	V	434	yes
kv_modifier	A0A6I8NY67__Ornana	A0A6I8NY67__Ornana	1	full	TVGYG	TVGYG	V	434	yes
kv_modifier	A0A6I8QYF9__Xentro	A0A6I8QYF9__Xentro	1	full	TVGYG	TVGYG	V	434	yes
kv_modifier	A0A803JUL8__Xentro	A0A803JUL8__Xentro	1	full	TVGYG	TVGYG	V	434	yes
kv_modifier	A0A803JY15__Xentro	A0A803JY15__Xentro	1	full	TVGYG	TVGYG	V	434	yes
kv_modifier	A0A803TG91__Anocar	A0A803TG91__Anocar	1	full	TVGYG	TVGYG	V	434	yes
kv_modifier	A0A8J0Q845__Xentro	A0A8J0Q845__Xentro	1	full	TVGYG	TVGYG	V	434	yes
kv_modifier	A0A8M3B1J1__Danrer	A0A8M3B1J1__Danrer	1	full	TVGYG	TVGYG	V	434	yes
kv_modifier	A0A8M6Z6V7__Danrer	A0A8M6Z6V7__Danrer	1	full	TVGYG	TVGYG	V	434	yes
kv_modifier	A0A8M9QJ67__Danrer	A0A8M9QJ67__Danrer	1	full	TVGYG	TVGYG	V	434	yes
kv_modifier	A0A8V0ZD61__Galgal	A0A8V0ZD61__Galgal	1	full	TVGYG	TVGYG	V	434	yes
kv_modifier	A0A8V0ZQX6__Galgal	A0A8V0ZQX6__Galgal	1	full	TVGYG	TVGYG	V	434	yes
kv_modifier	A0AAJ7SQI3__Petmar	A0AAJ7SQI3__Petmar	1	full	TVGYG	TVGYG	V	434	yes
kv_modifier	A0AAJ7TFU3__Petmar	A0AAJ7TFU3__Petmar	1	full	TVGYG	TVGYG	V	434	yes
kv_modifier	A0AAJ7TZA0__Petmar	A0AAJ7TZA0__Petmar	1	full	TVGYG	TVGYG	V	434	yes
kv_modifier	A0AC58HI95__Danrer	A0AC58HI95__Danrer	1	full	TVGYG	TVGYG	V	434	yes
kv_modifier	A0ACM8BJU6__Petmar	A0ACM8BJU6__Petmar	1	full	TVGYG	TVGYG	V	434	yes
kv_modifier	A0ACM8QEG9__Danrer	A0ACM8QEG9__Danrer	1	full	TVGYG	TVGYG	V	434	yes
kv_modifier	A3KQM6__Danrer	A3KQM6__Danrer	1	full	TVGYG	TVGYG	V	434	yes
kv_modifier	D3ZZR6__Ratnor	D3ZZR6__Ratnor	1	full	TVGYG	TVGYG	V	434	yes
kv_modifier	D4AD66__Ratnor	D4AD66__Ratnor	1	full	TVGYG	TVGYG	V	434	yes
kv_modifier	E1BQU8__Galgal	E1BQU8__Galgal	1	full	TVGYG	TVGYG	V	434	yes
kv_modifier	E1C3M8__Galgal	E1C3M8__Galgal	1	full	TVGYG	TVGYG	V	434	yes
kv_modifier	E7FFQ6__Danrer	E7FFQ6__Danrer	1	full	TVGYG	TVGYG	V	434	yes
kv_modifier	F6QC72__Ornana	F6QC72__Ornana	1	full	TVGYG	TVGYG	V	434	yes
kv_modifier	F6RUG0__Mondom	F6RUG0__Mondom	1	full	TVGYG	TVGYG	V	434	yes
kv_modifier	F6U4M1__Mondom	F6U4M1__Mondom	1	full	TVGYG	TVGYG	V	434	yes
kv_modifier	F6Y7C6__Xentro	F6Y7C6__Xentro	1	full	TVGYG	TVGYG	V	434	yes
kv_modifier	F7A6P6__Musmus	F7A6P6__Musmus	1	full	TVGYG	TVGYG	V	434	yes
kv_modifier	F7B9A8__Mondom	F7B9A8__Mondom	1	full	TVGYG	TVGYG	V	434	yes
kv_modifier	F7BMH8__Mondom	F7BMH8__Mondom	1	full	TVGYG	TVGYG	V	434	yes
kv_modifier	F7BNI1__Ornana	F7BNI1__Ornana	1	full	TVGYG	TVGYG	V	434	yes
kv_modifier	F7E3Z0__Mondom	F7E3Z0__Mondom	1	full	TVGYG	TVGYG	V	434	yes
kv_modifier	F7F6U0__Mondom	F7F6U0__Mondom	1	full	TVGYG	TVGYG	V	434	yes
kv_modifier	F7FYE1__Mondom	F7FYE1__Mondom	1	full	TVGYG	TVGYG	V	434	yes
kv_modifier	G1K979__Anocar	G1K979__Anocar	1	full	TVGYG	TVGYG	V	434	yes
kv_modifier	G1KM14__Anocar	G1KM14__Anocar	1	full	TVGYG	TVGYG	V	434	yes
kv_modifier	G1KS67__Anocar	G1KS67__Anocar	1	full	TVGYG	TVGYG	V	434	yes
kv_modifier	H2RTJ7__Takrub	H2RTJ7__Takrub	1	full	TVGYG	TVGYG	V	434	yes
kv_modifier	H2ST45__Takrub	H2ST45__Takrub	1	full	TVGYG	TVGYG	V	434	yes
kv_modifier	H2TT92__Takrub	H2TT92__Takrub	1	full	TVGYG	TVGYG	V	434	yes
kv_modifier	H2TYE8__Takrub	H2TYE8__Takrub	1	full	TVGYG	TVGYG	V	434	yes
kv_modifier	H2U704__Takrub	H2U704__Takrub	1	full	TVGYG	TVGYG	V	434	yes
kv_modifier	H3A524__Latcha	H3A524__Latcha	1	full	TVGYG	TVGYG	V	434	yes
kv_modifier	H3A5K6__Latcha	H3A5K6__Latcha	1	full	TVGYG	TVGYG	V	434	yes
kv_modifier	H3APY9__Latcha	H3APY9__Latcha	1	full	TVGYG	TVGYG	V	434	yes
kv_modifier	H3B0U9__Latcha	H3B0U9__Latcha	1	full	TVGYG	TVGYG	V	434	yes
kv_modifier	H3B4I1__Latcha	H3B4I1__Latcha	1	full	TVGYG	TVGYG	V	434	yes
kv_modifier	H9GDE1__Anocar	H9GDE1__Anocar	1	full	TVGYG	TVGYG	V	434	yes
kv_modifier	H9GL35__Anocar	H9GL35__Anocar	1	full	TVGYG	TVGYG	V	434	yes
kv_modifier	GCA_977017645.1_OZ360225.1_59895091-60786950-__Tormar	GCA_977017645.1_OZ360225.1_59895091-60786950-__Tormar	1	full	TVGYG	TVGYG	V	434	yes
kv_modifier	GCA_977017645.1_OZ360225.1_215653110-215659942-__Tormar	GCA_977017645.1_OZ360225.1_215653110-215659942-__Tormar	1	full	TVGYG	TVGYG	V	434	yes
kv_modifier	GCA_977017645.1_OZ360236.1_8188269-8215600___Tormar	GCA_977017645.1_OZ360236.1_8188269-8215600___Tormar	1	full	TVGYG	TVGYG	V	434	yes
kv_modifier	GCA_977017645.1_OZ360238.1_33670950-34111512-__Tormar	GCA_977017645.1_OZ360238.1_33670950-34111512-__Tormar	1	full	TVGYG	TVGYG	V	434	yes
kv_modifier	GCA_977017645.1_OZ360236.1_49323685-49784823-__Tormar	GCA_977017645.1_OZ360236.1_49323685-49784823-__Tormar	1	full	TVGYG	TVGYG	V	434	yes
kv_kcnq	O43525__Homsap	O43525__Homsap	1	full	TIGYG	TIGYG	I	434	yes
kv_kcnq	O43526__Homsap	O43526__Homsap	1	full	TIGYG	TIGYG	I	434	yes
kv_kcnq	O88943__Ratnor	O88943__Ratnor	1	full	TIGYG	TIGYG	I	434	yes
kv_kcnq	O88944__Ratnor	O88944__Ratnor	1	full	TIGYG	TIGYG	I	434	yes
kv_kcnq	P51787__Homsap	P51787__Homsap	1	full	TIGYG	TIGYG	I	434	yes
kv_kcnq	P56696__Homsap	P56696__Homsap	1	full	TIGYG	TIGYG	I	434	yes
kv_kcnq	P97414__Musmus	P97414__Musmus	1	full	TIGYG	TIGYG	I	434	yes
kv_kcnq	Q8K3F6__Musmus	Q8K3F6__Musmus	1	full	TIGYG	TIGYG	I	434	yes
kv_kcnq	Q9JK45__Musmus	Q9JK45__Musmus	1	full	TIGYG	TIGYG	I	434	yes
kv_kcnq	Q9JK96__Ratnor	Q9JK96__Ratnor	1	full	TIGYG	TIGYG	I	434	yes
kv_kcnq	Q9JK97__Musmus	Q9JK97__Musmus	1	full	TIGYG	TIGYG	I	434	yes
kv_kcnq	Q9NR82__Homsap	Q9NR82__Homsap	1	full	TIGYG	TIGYG	I	434	yes
kv_kcnq	Q9Z0N7__Ratnor	Q9Z0N7__Ratnor	1	full	TIGYG	TIGYG	I	434	yes
kv_kcnq	Q9Z351__Musmus	Q9Z351__Musmus	1	full	TIGYG	TIGYG	I	434	yes
kv_kcnq	A0A4W3GJU7__Calmil	A0A4W3GJU7__Calmil	1	full	TIGYG	TIGYG	I	434	yes
kv_kcnq	A0A4W3HLN3__Calmil	A0A4W3HLN3__Calmil	1	full	TIGYG	TIGYG	I	434	yes
kv_kcnq	A0A4W3HTM3__Calmil	A0A4W3HTM3__Calmil	1	full	TIGYG	TIGYG	I	434	yes
kv_kcnq	A0A4W3JT75__Calmil	A0A4W3JT75__Calmil	1	full		---HG	-	434	no
kv_kcnq	A0A4W3JWS8__Calmil	A0A4W3JWS8__Calmil	1	full	TIGYG	TIGYG	I	434	yes
kv_kcnq	A0A5F8GFV7__Mondom	A0A5F8GFV7__Mondom	1	full	TIGYG	TIGYG	I	434	yes
kv_kcnq	A0A5F8H836__Mondom	A0A5F8H836__Mondom	1	full	TIGYG	TIGYG	I	434	yes
kv_kcnq	A0A674MPR3__Takrub	A0A674MPR3__Takrub	1	full	TIGYG	TIGYG	I	434	yes
kv_kcnq	A0A674MUR7__Takrub	A0A674MUR7__Takrub	1	full	TIGYG	TIGYG	I	434	yes
kv_kcnq	A0A674MWC9__Takrub	A0A674MWC9__Takrub	1	full	TIGYG	TIGYG	I	434	yes
kv_kcnq	A0A674NKM4__Takrub	A0A674NKM4__Takrub	1	full	TIGYG	TIGYG	I	434	yes
kv_kcnq	A0A674NN57__Takrub	A0A674NN57__Takrub	1	full	TIGYG	TIGYG	I	434	yes
kv_kcnq	A0A674P4Z3__Takrub	A0A674P4Z3__Takrub	1	full	TIGYG	TIGYG	I	434	yes
kv_kcnq	A0A674PFT3__Takrub	A0A674PFT3__Takrub	1	full	TIGYG	TIGYG	I	434	yes
kv_kcnq	A0A6I8MX76__Ornana	A0A6I8MX76__Ornana	1	full	TIGYG	TIGYG	I	434	yes
kv_kcnq	A0A6I8ND69__Ornana	A0A6I8ND69__Ornana	1	full	TIGYG	TIGYG	I	434	yes
kv_kcnq	A0A6I8NG32__Ornana	A0A6I8NG32__Ornana	1	full	TIGYG	TIGYG	I	434	yes
kv_kcnq	A0A6I8NLW1__Ornana	A0A6I8NLW1__Ornana	1	full	TIGYG	TIGYG	I	434	yes
kv_kcnq	A0A6I8NMY0__Ornana	A0A6I8NMY0__Ornana	1	full	TIGYG	TIGYG	I	434	yes
kv_kcnq	A0A6I8RJI0__Xentro	A0A6I8RJI0__Xentro	1	full	TIGYG	TIGYG	I	434	yes
kv_kcnq	A0A6I8S7B1__Xentro	A0A6I8S7B1__Xentro	1	full	TIGYG	TIGYG	I	434	yes
kv_kcnq	A0A7M7HM08__Strpur	A0A7M7HM08__Strpur	1	full	TVGYG	TVGYG	V	434	yes
kv_kcnq	A0A7M7P5H3__Strpur	A0A7M7P5H3__Strpur	1	full	TIGYG	TIGYG	I	434	yes
kv_kcnq	A0A7M7P5Q9__Strpur	A0A7M7P5Q9__Strpur	1	full	TIGYG	TIGYG	I	434	yes
kv_kcnq	A0A803JMV6__Xentro	A0A803JMV6__Xentro	1	full	TIGYG	TIGYG	I	434	yes
kv_kcnq	A0A803TM57__Anocar	A0A803TM57__Anocar	1	full	TIGYG	TIGYG	I	434	yes
kv_kcnq	A0A803TYN1__Anocar	A0A803TYN1__Anocar	1	full	TIGYG	TIGYG	I	434	yes
kv_kcnq	A0A8I5ZXW9__Ratnor	A0A8I5ZXW9__Ratnor	1	full	TIGYG	TIGYG	I	434	yes
kv_kcnq	A0A8J1J9H0__Xentro	A0A8J1J9H0__Xentro	1	full	TIGYG	TIGYG	I	434	yes
kv_kcnq	A0A8J1JQV7__Xentro	A0A8J1JQV7__Xentro	1	full	TIGYG	TIGYG	I	434	yes
kv_kcnq	A0A8M9PQX0__Danrer	A0A8M9PQX0__Danrer	1	full	TIGYG	TIGYG	I	434	yes
kv_kcnq	A0A8V0X9N9__Galgal	A0A8V0X9N9__Galgal	1	full	TIGYG	TIGYG	I	434	yes
kv_kcnq	A0A8V0XWG5__Galgal	A0A8V0XWG5__Galgal	1	full	TIGYG	TIGYG	I	434	yes
kv_kcnq	A0A8V0YZR2__Galgal	A0A8V0YZR2__Galgal	1	full	TIGYG	TIGYG	I	434	yes
kv_kcnq	A0A8V0ZTS2__Galgal	A0A8V0ZTS2__Galgal	1	full	TIGYG	TIGYG	I	434	yes
kv_kcnq	A0A8V0ZY91__Galgal	A0A8V0ZY91__Galgal	1	full	TIGYG	TIGYG	I	434	yes
kv_kcnq	A0A9J7HKV1__Braflo	A0A9J7HKV1__Braflo	1	full	TVGYG	TVGYG	V	434	yes
kv_kcnq	A0A9J7HS96__Braflo	A0A9J7HS96__Braflo	1	full	TIGYG	TIGYG	I	434	yes
kv_kcnq	A0AAJ7SZU0__Petmar	A0AAJ7SZU0__Petmar	1	full	TIGYG	TIGYG	I	434	yes
kv_kcnq	A0AAJ7WQC6__Petmar	A0AAJ7WQC6__Petmar	1	full	TIGYG	TIGYG	I	434	yes
kv_kcnq	A0AAV2HVZ4__Lymsta	A0AAV2HVZ4__Lymsta	1	full	TIGYG	TIGYG	I	434	yes
kv_kcnq	A0ABM0ZUF2__Aplcal	A0ABM0ZUF2__Aplcal	1	full	TIGYG	TIGYG	I	434	yes
kv_kcnq	A0ABM1VZ13__Aplcal	A0ABM1VZ13__Aplcal	1	full	TIGYG	TIGYG	I	434	yes
kv_kcnq	A0ABM4BT50__Hydvul	A0ABM4BT50__Hydvul	1	full	TIGYG	TIGYG	I	434	yes
kv_kcnq	A0ABM4BTC9__Hydvul	A0ABM4BTC9__Hydvul	1	full	TVGYG	TVGYG	V	434	yes
kv_kcnq	A0ABM4BTE0__Hydvul	A0ABM4BTE0__Hydvul	1	full	TIGYG	TIGYG	I	434	yes
kv_kcnq	A0ABM4DK64__Hydvul	A0ABM4DK64__Hydvul	1	full	TIGYG	TIGYG	I	434	yes
kv_kcnq	A0AC58FZ01__Danrer	A0AC58FZ01__Danrer	1	full	TIGYG	TIGYG	I	434	yes
kv_kcnq	A0AC58G5U6__Danrer	A0AC58G5U6__Danrer	1	full	TIGYG	TIGYG	I	434	yes
kv_kcnq	A0AC58H4V5__Danrer	A0AC58H4V5__Danrer	1	full	TIGYG	TIGYG	I	434	yes
kv_kcnq	A0AC58I1A1__Danrer	A0AC58I1A1__Danrer	1	full	TIGYG	TIGYG	I	434	yes
kv_kcnq	A0AC58IWK6__Danrer	A0AC58IWK6__Danrer	1	full	TIGYG	TIGYG	I	434	yes
kv_kcnq	A0ACD6B6L0__Danrer	A0ACD6B6L0__Danrer	1	full	TIGYG	TIGYG	I	434	yes
kv_kcnq	A0ACM8BFD7__Petmar	A0ACM8BFD7__Petmar	1	full	TIGYG	TIGYG	I	434	yes
kv_kcnq	A0ACM8BH24__Petmar	A0ACM8BH24__Petmar	1	full	TIGYG	TIGYG	I	434	yes
kv_kcnq	A0ACM8BM44__Petmar	A0ACM8BM44__Petmar	1	full	TIGYG	TIGYG	I	434	yes
kv_kcnq	A0ACM8BQ78__Petmar	A0ACM8BQ78__Petmar	1	full	TIGYG	TIGYG	I	434	yes
kv_kcnq	A1Z856__Dromel	A1Z856__Dromel	1	full	TVGYG	TVGYG	V	434	yes
kv_kcnq	E7FEC8__Danrer	E7FEC8__Danrer	1	full	TIGYG	TIGYG	I	434	yes
kv_kcnq	F6SB60__Xentro	F6SB60__Xentro	1	full	TIGYG	TIGYG	I	434	yes
kv_kcnq	F6U879__Cioint	F6U879__Cioint	1	full	TIGYG	TIGYG	I	434	yes
kv_kcnq	F6WQP9__Mondom	F6WQP9__Mondom	1	full	TIGYG	TIGYG	I	434	yes
kv_kcnq	F7B5A9__Mondom	F7B5A9__Mondom	1	full	TIGYG	TIGYG	I	434	yes
kv_kcnq	F7BEC5__Cioint	F7BEC5__Cioint	1	full	TIGYG	TIGYG	I	434	yes
kv_kcnq	H3A4K8__Latcha	H3A4K8__Latcha	1	full	TIGYG	TIGYG	I	434	yes
kv_kcnq	H3A9P0__Latcha	H3A9P0__Latcha	1	full		TFGHG	F	434	no
kv_kcnq	H3AJK0__Latcha	H3AJK0__Latcha	1	full	TIGYG	TIGYG	I	434	yes
kv_kcnq	H3B0H4__Latcha	H3B0H4__Latcha	1	full	TIGYG	TIGYG	I	434	yes
kv_kcnq	H9G8U0__Anocar	H9G8U0__Anocar	1	full	TIGYG	TIGYG	I	434	yes
kv_kcnq	H9G8W4__Anocar	H9G8W4__Anocar	1	full	TIGYG	TIGYG	I	434	yes
kv_kcnq	H9GJ12__Anocar	H9GJ12__Anocar	1	full	TIGYG	TIGYG	I	434	yes
kv_kcnq	Q8MQC5__Caeele	Q8MQC5__Caeele	1	full	TVGYG	TVGYG	V	434	yes
kv_kcnq	Q9GYM8__Caeele	Q9GYM8__Caeele	1	full	TVGYG	TVGYG	V	434	yes
kv_kcnq	Q9XWG9__Caeele	Q9XWG9__Caeele	1	full	TIGYG	TIGYG	I	434	yes
kv_kcnq	R4GA42__Anocar	R4GA42__Anocar	1	full	TIGYG	TIGYG	I	434	yes
kv_kcnq	GCA_964187895.1_OZ076454.1_87307395-88379128-__Corasp	GCA_964187895.1_OZ076454.1_87307395-88379128-__Corasp	1	full	TIGYG	TIGYG	I	434	yes
kv_kcnq	GCA_964187895.1_OZ076445.1_96766187-97581740___Corasp	GCA_964187895.1_OZ076445.1_96766187-97581740___Corasp	1	full	TIGYG	TIGYG	I	434	yes
kv_kcnq	GCA_964187895.1_OZ076453.1_21552645-22401613-__Corasp	GCA_964187895.1_OZ076453.1_21552645-22401613-__Corasp	1	full	TVGYG	TVGYG	V	434	yes
kv_kcnq	GCA_964187895.1_OZ076466.1_39163036-40239454-__Corasp	GCA_964187895.1_OZ076466.1_39163036-40239454-__Corasp	1	full	TVGYG	TVGYG	V	434	yes
kv_kcnq	GCA_977017645.1_OZ360224.1_173640410-174613914___Tormar	GCA_977017645.1_OZ360224.1_173640410-174613914___Tormar	1	full	TIGYG	TIGYG	I	434	yes
kv_kcnq	GCA_977017645.1_OZ360225.1_88849215-89761849-__Tormar	GCA_977017645.1_OZ360225.1_88849215-89761849-__Tormar	1	full	TIGYG	TIGYG	I	434	yes
kv_kcnq	GCA_977017645.1_OZ360237.1_72011763-73575500___Tormar	GCA_977017645.1_OZ360237.1_72011763-73575500___Tormar	1	full	TIGYG	TIGYG	I	434	yes
kv_kcnq	GCA_977017645.1_OZ360229.1_63532867-64461703-__Tormar	GCA_977017645.1_OZ360229.1_63532867-64461703-__Tormar	1	full	TIGYG	TIGYG	I	434	yes
kv_eag	G5EFJ9__Caeele	G5EFJ9__Caeele	1	full	SIGFG	SIGFG	I	434	yes
kv_eag	O08962__Ratnor	O08962__Ratnor	1	full	SVGFG	SVGFG	V	434	yes
kv_eag	O35219__Musmus	O35219__Musmus	1	full	SVGFG	SVGFG	V	434	yes
kv_eag	O54852__Ratnor	O54852__Ratnor	1	full	SVGFG	SVGFG	V	434	yes
kv_eag	O54853__Ratnor	O54853__Ratnor	1	full	SVGFG	SVGFG	V	434	yes
kv_eag	O89047__Ratnor	O89047__Ratnor	1	full	SVGFG	SVGFG	V	434	yes
kv_eag	O95259__Homsap	O95259__Homsap	1	full	SVGFG	SVGFG	V	434	yes
kv_eag	P59111__Musmus	P59111__Musmus	1	full	SVGFG	SVGFG	V	434	yes
kv_eag	Q02280__Dromel	Q02280__Dromel	1	full	SVGFG	SVGFG	V	434	yes
kv_eag	Q12809__Homsap	Q12809__Homsap	1	full	SVGFG	SVGFG	V	434	yes
kv_eag	Q60603__Musmus	Q60603__Musmus	1	full	SVGFG	SVGFG	V	434	yes
kv_eag	Q63472__Ratnor	Q63472__Ratnor	1	full	SVGFG	SVGFG	V	434	yes
kv_eag	Q8NCM2__Homsap	Q8NCM2__Homsap	1	full	TIGFG	TIGFG	I	434	yes
kv_eag	Q920E3__Musmus	Q920E3__Musmus	1	full	TIGFG	TIGFG	I	434	yes
kv_eag	Q96L42__Homsap	Q96L42__Homsap	1	full	SVGFG	SVGFG	V	434	yes
kv_eag	Q9EPI9__Ratnor	Q9EPI9__Ratnor	1	full	TIGFG	TIGFG	I	434	yes
kv_eag	Q9ER47__Musmus	Q9ER47__Musmus	1	full	SVGFG	SVGFG	V	434	yes
kv_eag	Q9H252__Homsap	Q9H252__Homsap	1	full	SVGFG	SVGFG	V	434	yes
kv_eag	Q9NS40__Homsap	Q9NS40__Homsap	1	full	SVGFG	SVGFG	V	434	yes
kv_eag	Q9PT84__Galgal	Q9PT84__Galgal	1	full	SVGFG	SVGFG	V	434	yes
kv_eag	Q9QWS8__Ratnor	Q9QWS8__Ratnor	1	full	SVGFG	SVGFG	V	434	yes
kv_eag	Q9R1T9__Ratnor	Q9R1T9__Ratnor	1	full	SVGFG	SVGFG	V	434	yes
kv_eag	Q9ULD8__Homsap	Q9ULD8__Homsap	1	full	SVGFG	SVGFG	V	434	yes
kv_eag	Q9UQ05__Homsap	Q9UQ05__Homsap	1	full	SVGFG	SVGFG	V	434	yes
kv_eag	Q9WVJ0__Musmus	Q9WVJ0__Musmus	1	full	SVGFG	SVGFG	V	434	yes
kv_eag	A0A0K3AVF4__Caeele	A0A0K3AVF4__Caeele	1	full	TVGFG	TVGFG	V	434	yes
kv_eag	A0A1D5P1M1__Galgal	A0A1D5P1M1__Galgal	1	full	SVGFG	SVGFG	V	434	yes
kv_eag	A0A3B5KEJ0__Takrub	A0A3B5KEJ0__Takrub	1	full	SVGFG	SVGFG	V	434	yes
kv_eag	A0A4W3H896__Calmil	A0A4W3H896__Calmil	1	full	SIGFG	SIGFG	I	434	yes
kv_eag	A0A4W3HIK8__Calmil	A0A4W3HIK8__Calmil	1	full	SVGFG	SVGFG	V	434	yes
kv_eag	A0A4W3KGJ2__Calmil	A0A4W3KGJ2__Calmil	1	full	SVGFG	SVGFG	V	434	yes
kv_eag	A0A5F8GDH3__Mondom	A0A5F8GDH3__Mondom	1	full	SVGFG	SVGFG	V	434	yes
kv_eag	A0A5F8GSN4__Mondom	A0A5F8GSN4__Mondom	1	full	TIGFG	TIGFG	I	434	yes
kv_eag	A0A674MYM0__Takrub	A0A674MYM0__Takrub	1	full	SVGFG	SVGFG	V	434	yes
kv_eag	A0A674N9A6__Takrub	A0A674N9A6__Takrub	1	full	SVGFG	SVGFG	V	434	yes
kv_eag	A0A674NBM8__Takrub	A0A674NBM8__Takrub	1	full	SVGFG	SVGFG	V	434	yes
kv_eag	A0A674NPK2__Takrub	A0A674NPK2__Takrub	1	full	SVGFG	SVGFG	V	434	yes
kv_eag	A0A674NUF2__Takrub	A0A674NUF2__Takrub	1	full	TIGFG	TIGFG	I	434	yes
kv_eag	A0A674P2F4__Takrub	A0A674P2F4__Takrub	1	full	SIGFG	SIGFG	I	434	yes
kv_eag	A0A674PDM1__Takrub	A0A674PDM1__Takrub	1	full	SVGFG	SVGFG	V	434	yes
kv_eag	A0A674PKL4__Takrub	A0A674PKL4__Takrub	1	full	SVGFG	SVGFG	V	434	yes
kv_eag	A0A674PNI9__Takrub	A0A674PNI9__Takrub	1	full		-----	-	434	no
kv_eag	A0A6I8MYU6__Ornana	A0A6I8MYU6__Ornana	1	full	SVGFG	SVGFG	V	434	yes
kv_eag	A0A6I8P0F5__Ornana	A0A6I8P0F5__Ornana	1	full	SVGFG	SVGFG	V	434	yes
kv_eag	A0A6I8P0S3__Ornana	A0A6I8P0S3__Ornana	1	full	SVGFG	SVGFG	V	434	yes
kv_eag	A0A6I8QED4__Xentro	A0A6I8QED4__Xentro	1	full	SVGFG	SVGFG	V	434	yes
kv_eag	A0A6I8QYF8__Xentro	A0A6I8QYF8__Xentro	1	full	TIGFG	TIGFG	I	434	yes
kv_eag	A0A6I8SDD4__Xentro	A0A6I8SDD4__Xentro	1	full	SVGFG	SVGFG	V	434	yes
kv_eag	A0A6I8SFD4__Xentro	A0A6I8SFD4__Xentro	1	full	SVGFG	SVGFG	V	434	yes
kv_eag	A0A6I8SHB6__Xentro	A0A6I8SHB6__Xentro	1	full	SVGFG	SVGFG	V	434	yes
kv_eag	A0A7M7N3U5__Strpur	A0A7M7N3U5__Strpur	1	full	SVGFG	SVGFG	V	434	yes
kv_eag	A0A7M7NC44__Strpur	A0A7M7NC44__Strpur	1	full	TVGFG	TVGFG	V	434	yes
kv_eag	A0A7M7P6I6__Strpur	A0A7M7P6I6__Strpur	1	full	SVGFG	SVGFG	V	434	yes
kv_eag	A0A7M7PLI2__Strpur	A0A7M7PLI2__Strpur	1	full	TVGFG	TVGFG	V	434	yes
kv_eag	A0A7M7PRH4__Strpur	A0A7M7PRH4__Strpur	1	full	SVGFG	SVGFG	V	434	yes
kv_eag	A0A803J3N6__Xentro	A0A803J3N6__Xentro	1	full	SVGFG	SVGFG	V	434	yes
kv_eag	A0A803T4X1__Anocar	A0A803T4X1__Anocar	1	full	TIGFG	TIGFG	I	434	yes
kv_eag	A0A803TW11__Anocar	A0A803TW11__Anocar	1	full	SVGFG	SVGFG	V	434	yes
kv_eag	A0A8J1ITW3__Xentro	A0A8J1ITW3__Xentro	1	full	SVGFG	SVGFG	V	434	yes
kv_eag	A0A8J1JNY0__Xentro	A0A8J1JNY0__Xentro	1	full	SVGFG	SVGFG	V	434	yes
kv_eag	A0A8M1PIE0__Danrer	A0A8M1PIE0__Danrer	1	full	SVGFG	SVGFG	V	434	yes
kv_eag	A0A8M1QUN4__Danrer	A0A8M1QUN4__Danrer	1	full	SVGFG	SVGFG	V	434	yes
kv_eag	A0A8M1RRD3__Danrer	A0A8M1RRD3__Danrer	1	full	TIGFG	TIGFG	I	434	yes
kv_eag	A0A8M3AXZ2__Danrer	A0A8M3AXZ2__Danrer	1	full	SIGFG	SIGFG	I	434	yes
kv_eag	A0A8V0Z394__Galgal	A0A8V0Z394__Galgal	1	full	TIGFG	TIGFG	I	434	yes
kv_eag	A0A8V0Z9L4__Galgal	A0A8V0Z9L4__Galgal	1	full	SVGFG	SVGFG	V	434	yes
kv_eag	A0A8V0ZHU5__Galgal	A0A8V0ZHU5__Galgal	1	full	SVGFG	SVGFG	V	434	yes
kv_eag	A0A8V1A7T4__Galgal	A0A8V1A7T4__Galgal	1	full	SVGFG	SVGFG	V	434	yes
kv_eag	A0A9J7HKW9__Braflo	A0A9J7HKW9__Braflo	1	full	SVGFG	SVGFG	V	434	yes
kv_eag	A0A9J7LUV5__Braflo	A0A9J7LUV5__Braflo	1	full	SVGFG	SVGFG	V	434	yes
kv_eag	A0A9J7N6N8__Braflo	A0A9J7N6N8__Braflo	1	full	SVGFG	SVGFG	V	434	yes
kv_eag	A0AAJ7SLQ4__Petmar	A0AAJ7SLQ4__Petmar	1	full	SVGFG	SVGFG	V	434	yes
kv_eag	A0AAJ7SYZ1__Petmar	A0AAJ7SYZ1__Petmar	1	full	SVGFG	SVGFG	V	434	yes
kv_eag	A0AAJ7T5Q9__Petmar	A0AAJ7T5Q9__Petmar	1	full	SVGFG	SVGFG	V	434	yes
kv_eag	A0AAJ7TN88__Petmar	A0AAJ7TN88__Petmar	1	full	SVGFG	SVGFG	V	434	yes
kv_eag	A0AAJ7TP48__Petmar	A0AAJ7TP48__Petmar	1	full	SIGFG	SIGFG	I	434	yes
kv_eag	A0AAJ7TRH2__Petmar	A0AAJ7TRH2__Petmar	1	full	SVGFG	SVGFG	V	434	yes
kv_eag	A0AAJ7U7P2__Petmar	A0AAJ7U7P2__Petmar	1	full	SVGFG	SVGFG	V	434	yes
kv_eag	A0AAJ7WL28__Petmar	A0AAJ7WL28__Petmar	1	full	SVGFG	SVGFG	V	434	yes
kv_eag	A0AAV2H6S0__Lymsta	A0AAV2H6S0__Lymsta	1	full	SVGFG	SVGFG	V	434	yes
kv_eag	A0AAV2H9T0__Lymsta	A0AAV2H9T0__Lymsta	1	full		GVGFG	V	434	no
kv_eag	A0AAV2HKJ5__Lymsta	A0AAV2HKJ5__Lymsta	1	full	SVGFG	SVGFG	V	434	yes
kv_eag	A0ABM0JJG1__Aplcal	A0ABM0JJG1__Aplcal	1	full	SVGFG	SVGFG	V	434	yes
kv_eag	A0ABM0JYE1__Aplcal	A0ABM0JYE1__Aplcal	1	full		GVGFG	V	434	no
kv_eag	A0ABM1VZZ3__Aplcal	A0ABM1VZZ3__Aplcal	1	full	SVGFG	SVGFG	V	434	yes
kv_eag	A0ABM4B3P7__Hydvul	A0ABM4B3P7__Hydvul	1	full	SVGFG	SVGFG	V	434	yes
kv_eag	A0ABM4CHL4__Hydvul	A0ABM4CHL4__Hydvul	1	full		TCGFG	C	434	no
kv_eag	A0ABM4CHM6__Hydvul	A0ABM4CHM6__Hydvul	1	full	TIGFG	TIGFG	I	434	yes
kv_eag	A0ABM4CHN0__Hydvul	A0ABM4CHN0__Hydvul	1	full		TCGFG	C	434	no
kv_eag	A0ABM4CJ34__Hydvul	A0ABM4CJ34__Hydvul	1	full		TCGFG	C	434	no
kv_eag	A0ABM4CJ46__Hydvul	A0ABM4CJ46__Hydvul	1	full		TCGFG	C	434	no
kv_eag	A0ABM4CYI8__Hydvul	A0ABM4CYI8__Hydvul	1	full	SVGFG	SVGFG	V	434	yes
kv_eag	A0ABM4CYN1__Hydvul	A0ABM4CYN1__Hydvul	1	full	SVGFG	SVGFG	V	434	yes
kv_eag	A0ABM4CYQ1__Hydvul	A0ABM4CYQ1__Hydvul	1	full	SVGFG	SVGFG	V	434	yes
kv_eag	A0AC58GI30__Danrer	A0AC58GI30__Danrer	1	full	SVGFG	SVGFG	V	434	yes
kv_eag	A0AC58GXA6__Danrer	A0AC58GXA6__Danrer	1	full	SVGFG	SVGFG	V	434	yes
kv_eag	A0AC58GXE7__Danrer	A0AC58GXE7__Danrer	1	full	SVGFG	SVGFG	V	434	yes
kv_eag	A0AC58H0R3__Danrer	A0AC58H0R3__Danrer	1	full	SVGFG	SVGFG	V	434	yes
kv_eag	A0AC58HN80__Danrer	A0AC58HN80__Danrer	1	full	SIGFG	SIGFG	I	434	yes
kv_eag	A0AC58I0J0__Danrer	A0AC58I0J0__Danrer	1	full	SVGFG	SVGFG	V	434	yes
kv_eag	A0AC58I332__Danrer	A0AC58I332__Danrer	1	full	TIGFG	TIGFG	I	434	yes
kv_eag	A0AC58ISV6__Danrer	A0AC58ISV6__Danrer	1	full	SVGFG	SVGFG	V	434	yes
kv_eag	A0AC58JTJ6__Danrer	A0AC58JTJ6__Danrer	1	full	SVGFG	SVGFG	V	434	yes
kv_eag	A0ACM8BQ62__Petmar	A0ACM8BQ62__Petmar	1	full	SVGFG	SVGFG	V	434	yes
kv_eag	A0ACM8RFW0__Danrer	A0ACM8RFW0__Danrer	1	full	SVGFG	SVGFG	V	434	yes
kv_eag	A0BV66__Partet	A0BV66__Partet	1	full	TTGYG	TTGYG	T	434	yes
kv_eag	A0CIR1__Partet	A0CIR1__Partet	1	full	TVGYG	TVGYG	V	434	yes
kv_eag	A0CSV4__Partet	A0CSV4__Partet	1	full	TIGYG	TIGYG	I	434	yes
kv_eag	A0E6E7__Partet	A0E6E7__Partet	1	full	TVGYG	TVGYG	V	434	yes
kv_eag	A1ZB14__Dromel	A1ZB14__Dromel	1	full	SVGFG	SVGFG	V	434	yes
kv_eag	A2A5F7__Musmus	A2A5F7__Musmus	1	full	SVGFG	SVGFG	V	434	yes
kv_eag	A7RRU8__Nemvec	A7RRU8__Nemvec	1	full	TVGFG	TVGFG	V	434	yes
kv_eag	A7SHR1__Nemvec	A7SHR1__Nemvec	1	full	TIGFG	TIGFG	I	434	yes
kv_eag	A7T1M9__Nemvec	A7T1M9__Nemvec	1	full	SVGFG	SVGFG	V	434	yes
kv_eag	B3RQL4__Triadh	B3RQL4__Triadh	1	full	TVGFG	TVGFG	V	434	yes
kv_eag	B3S8A5__Triadh	B3S8A5__Triadh	1	full	TVGFG	TVGFG	V	434	yes
kv_eag	B3SAI8__Triadh	B3SAI8__Triadh	1	full	TVGFG	TVGFG	V	434	yes
kv_eag	E9GYK5__Dappul	E9GYK5__Dappul	1	full	SVGFG	SVGFG	V	434	yes
kv_eag	F1P320__Galgal	F1P320__Galgal	1	full	SVGFG	SVGFG	V	434	yes
kv_eag	F6PZW0__Musmus	F6PZW0__Musmus	1	full	SVGFG	SVGFG	V	434	yes
kv_eag	F6UK12__Mondom	F6UK12__Mondom	1	full	SVGFG	SVGFG	V	434	yes
kv_eag	F6W745__Xentro	F6W745__Xentro	1	full	SVGFG	SVGFG	V	434	yes
kv_eag	F6ZE77__Mondom	F6ZE77__Mondom	1	full	SVGFG	SVGFG	V	434	yes
kv_eag	F6ZK39__Mondom	F6ZK39__Mondom	1	full	SVGFG	SVGFG	V	434	yes
kv_eag	F7AYV2__Ornana	F7AYV2__Ornana	1	full	SVGFG	SVGFG	V	434	yes
kv_eag	F7CD94__Ornana	F7CD94__Ornana	1	full	SVGFG	SVGFG	V	434	yes
kv_eag	F7E6E4__Mondom	F7E6E4__Mondom	1	full	SVGFG	SVGFG	V	434	yes
kv_eag	F7G6S7__Mondom	F7G6S7__Mondom	1	full	SVGFG	SVGFG	V	434	yes
kv_eag	F7G7A1__Ornana	F7G7A1__Ornana	1	full	TIGFG	TIGFG	I	434	yes
kv_eag	F7GBB7__Ornana	F7GBB7__Ornana	1	full	SVGFG	SVGFG	V	434	yes
kv_eag	G1K854__Anocar	G1K854__Anocar	1	full	SVGFG	SVGFG	V	434	yes
kv_eag	G1KUL0__Anocar	G1KUL0__Anocar	1	full	SVGFG	SVGFG	V	434	yes
kv_eag	H2SLB2__Takrub	H2SLB2__Takrub	1	full	SVGFG	SVGFG	V	434	yes
kv_eag	H2TV30__Takrub	H2TV30__Takrub	1	full	SVGFG	SVGFG	V	434	yes
kv_eag	H2US27__Takrub	H2US27__Takrub	1	full	SVGFG	SVGFG	V	434	yes
kv_eag	H2ZXG0__Latcha	H2ZXG0__Latcha	1	full	SVGFG	SVGFG	V	434	yes
kv_eag	H3A5E3__Latcha	H3A5E3__Latcha	1	full	SIGFG	SIGFG	I	434	yes
kv_eag	H3A9X7__Latcha	H3A9X7__Latcha	1	full	SVGFG	SVGFG	V	434	yes
kv_eag	H3AQT5__Latcha	H3AQT5__Latcha	1	full	SVGFG	SVGFG	V	434	yes
kv_eag	H3ARA5__Latcha	H3ARA5__Latcha	1	full	SVGFG	SVGFG	V	434	yes
kv_eag	H3BEM8__Latcha	H3BEM8__Latcha	1	full	TIGFG	TIGFG	I	434	yes
kv_eag	H3BIF6__Latcha	H3BIF6__Latcha	1	full	SVGFG	SVGFG	V	434	yes
kv_eag	H9G6I6__Anocar	H9G6I6__Anocar	1	full	SVGFG	SVGFG	V	434	yes
kv_eag	H9GKH5__Anocar	H9GKH5__Anocar	1	full	SVGFG	SVGFG	V	434	yes
kv_eag	I7MAP2__Tetthe	I7MAP2__Tetthe	1	full	TVGYG	TVGYG	V	434	yes
kv_eag	Q22U31__Tetthe	Q22U31__Tetthe	1	full	TIGYG	TIGYG	I	434	yes
kv_eag	Q2MGM5__Dromel	Q2MGM5__Dromel	1	full	SVGFG	SVGFG	V	434	yes
kv_eag	Q6BGA9__Partet	Q6BGA9__Partet	1	full	TVGYG	TVGYG	V	434	yes
kv_eag	R4GA28__Anocar	R4GA28__Anocar	1	full	SVGFG	SVGFG	V	434	yes
kv_eag	V3ZMA8__Lotgig	V3ZMA8__Lotgig	1	full		GVGFG	V	434	no
kv_eag	V4AV47__Lotgig	V4AV47__Lotgig	1	full	SVGFG	SVGFG	V	434	yes
kv_eag	V4BHC4__Lotgig	V4BHC4__Lotgig	1	full	SVGFG	SVGFG	V	434	yes
kv_eag	GCA_964187895.1_OZ076444.1_166044970-167096196___Corasp	GCA_964187895.1_OZ076444.1_166044970-167096196___Corasp	1	full	SVGFG	SVGFG	V	434	yes
kv_eag	GCA_964187895.1_OZ076455.1_90646948-91184326-__Corasp	GCA_964187895.1_OZ076455.1_90646948-91184326-__Corasp	1	full		GVGFG	V	434	no
kv_eag	GCA_964187895.1_OZ076465.1_64761788-65938210___Corasp	GCA_964187895.1_OZ076465.1_64761788-65938210___Corasp	1	full	SIGFG	SIGFG	I	434	yes
kv_eag	GCA_977017645.1_OZ360227.1_124424048-125494750-__Tormar	GCA_977017645.1_OZ360227.1_124424048-125494750-__Tormar	1	full	SVGFG	SVGFG	V	434	yes
kv_eag	GCA_977017645.1_OZ360222.1_75479135-76015222-__Tormar	GCA_977017645.1_OZ360222.1_75479135-76015222-__Tormar	1	full	SIGFG	SIGFG	I	434	yes
kv_eag	GCA_977017645.1_OZ360247.1_54644395-55285156___Tormar	GCA_977017645.1_OZ360247.1_54644395-55285156___Tormar	1	full	SVGFG	SVGFG	V	434	yes
kca_slo	A8MYU2__Homsap	A8MYU2__Homsap	1	full	TVGFG	TVGFG	V	434	yes
kca_slo	B7ZC96__Danrer	B7ZC96__Danrer	1	full	TVGYG	TVGYG	V	434	yes
kca_slo	D3Z649__Musmus	D3Z649__Musmus	1	full	TVGFG	TVGFG	V	434	yes
kca_slo	D4A6Z8__Ratnor	D4A6Z8__Ratnor	1	full	TVGFG	TVGFG	V	434	yes
kca_slo	O54982__Musmus	O54982__Musmus	1	full	TVGFG	TVGFG	V	434	yes
kca_slo	Q03720__Dromel	Q03720__Dromel	1	full	TVGYG	TVGYG	V	434	yes
kca_slo	Q08460__Musmus	Q08460__Musmus	1	full	TVGYG	TVGYG	V	434	yes
kca_slo	Q12791__Homsap	Q12791__Homsap	1	full	TVGYG	TVGYG	V	434	yes
kca_slo	Q5JUK3__Homsap	Q5JUK3__Homsap	1	full	TVGYG	TVGYG	V	434	yes
kca_slo	Q62976__Ratnor	Q62976__Ratnor	1	full	TVGYG	TVGYG	V	434	yes
kca_slo	Q6UVM3__Homsap	Q6UVM3__Homsap	1	full	TVGFG	TVGFG	V	434	yes
kca_slo	Q6UVM4__Ratnor	Q6UVM4__Ratnor	1	full	TVGFG	TVGFG	V	434	yes
kca_slo	Q6ZPR4__Musmus	Q6ZPR4__Musmus	1	full	TVGFG	TVGFG	V	434	yes
kca_slo	Q8AYS8__Galgal	Q8AYS8__Galgal	1	full	TVGYG	TVGYG	V	434	yes
kca_slo	Q8QFV0__Galgal	Q8QFV0__Galgal	1	full	TVGYG	TVGYG	V	434	yes
kca_slo	Q95V25__Caeele	Q95V25__Caeele	1	full	TVGYG	TVGYG	V	434	yes
kca_slo	Q9Z258__Ratnor	Q9Z258__Ratnor	1	full	TVGFG	TVGFG	V	434	yes
kca_slo	A0A0D2UAP2__Capowc	A0A0D2UAP2__Capowc	1	full	TIGYG	TIGYG	I	434	yes
kca_slo	A0A1X7URK1__Ampque	A0A1X7URK1__Ampque	1	full	TVGYG	TVGYG	V	434	yes
kca_slo	A0A2K1IB39__Phypat	A0A2K1IB39__Phypat	1	full	TVGYG	TVGYG	V	434	yes
kca_slo	A0A2K1K6L2__Phypat	A0A2K1K6L2__Phypat	1	full	TVGYG	TVGYG	V	434	yes
kca_slo	A0A4W3GEQ9__Calmil	A0A4W3GEQ9__Calmil	1	full	TVGYG	TVGYG	V	434	yes
kca_slo	A0A4W3HWA2__Calmil	A0A4W3HWA2__Calmil	1	full	TVGYG	TVGYG	V	434	yes
kca_slo	A0A4W3K5T2__Calmil	A0A4W3K5T2__Calmil	1	full	TVGFG	TVGFG	V	434	yes
kca_slo	A0A5F8GWM2__Mondom	A0A5F8GWM2__Mondom	1	full	TVGFG	TVGFG	V	434	yes
kca_slo	A0A5F8HFI7__Mondom	A0A5F8HFI7__Mondom	1	full	TVGYG	TVGYG	V	434	yes
kca_slo	A0A674N8P0__Takrub	A0A674N8P0__Takrub	1	full	TVGYG	TVGYG	V	434	yes
kca_slo	A0A674PFA9__Takrub	A0A674PFA9__Takrub	1	full	TVGYG	TVGYG	V	434	yes
kca_slo	A0A6I8N2Y3__Ornana	A0A6I8N2Y3__Ornana	1	full	TVGYG	TVGYG	V	434	yes
kca_slo	A0A6I8NIJ5__Ornana	A0A6I8NIJ5__Ornana	1	full	TVGFG	TVGFG	V	434	yes
kca_slo	A0A6I8NKT8__Ornana	A0A6I8NKT8__Ornana	1	full	TVGYG	TVGYG	V	434	yes
kca_slo	A0A7M7NFM0__Strpur	A0A7M7NFM0__Strpur	1	absent					no
kca_slo	A0A7M7PRX8__Strpur	A0A7M7PRX8__Strpur	1	full	TVGYG	TVGYG	V	434	yes
kca_slo	A0A803SZW3__Anocar	A0A803SZW3__Anocar	1	full	TVGYG	TVGYG	V	434	yes
kca_slo	A0A803T7E1__Anocar	A0A803T7E1__Anocar	1	full	TVGFG	TVGFG	V	434	yes
kca_slo	A0A8J0QDA9__Xentro	A0A8J0QDA9__Xentro	1	full	TVGYG	TVGYG	V	434	yes
kca_slo	A0A8J0SC64__Xentro	A0A8J0SC64__Xentro	1	full	TVGFG	TVGFG	V	434	yes
kca_slo	A0A8J1JIQ7__Xentro	A0A8J1JIQ7__Xentro	1	full	TVGFG	TVGFG	V	434	yes
kca_slo	A0A8J1JVH8__Xentro	A0A8J1JVH8__Xentro	1	full	TVGYG	TVGYG	V	434	yes
kca_slo	A0A8V0YMX6__Galgal	A0A8V0YMX6__Galgal	1	full	TVGFG	TVGFG	V	434	yes
kca_slo	A0A8V0ZAI4__Galgal	A0A8V0ZAI4__Galgal	1	full	TVGYG	TVGYG	V	434	yes
kca_slo	A0A8V0ZNX7__Galgal	A0A8V0ZNX7__Galgal	1	full	TVGYG	TVGYG	V	434	yes
kca_slo	A0A8V1AES6__Galgal	A0A8V1AES6__Galgal	1	full	TVGYG	TVGYG	V	434	yes
kca_slo	A0A9J7KTZ0__Braflo	A0A9J7KTZ0__Braflo	1	full	TVGYG	TVGYG	V	434	yes
kca_slo	A0A9J7MXA9__Braflo	A0A9J7MXA9__Braflo	1	full	TVGYG	TVGYG	V	434	yes
kca_slo	A0AAJ7U2X8__Petmar	A0AAJ7U2X8__Petmar	1	full	TVGFG	TVGFG	V	434	yes
kca_slo	A0AAN0JJ70__Ampque	A0AAN0JJ70__Ampque	1	full	TVGYG	TVGYG	V	434	yes
kca_slo	A0AAV2H1J9__Lymsta	A0AAV2H1J9__Lymsta	1	absent					no
kca_slo	A0AAV2HQS9__Lymsta	A0AAV2HQS9__Lymsta	1	full	TVGYG	TVGYG	V	434	yes
kca_slo	A0AAV2I2A1__Lymsta	A0AAV2I2A1__Lymsta	1	full	TVGYG	TVGYG	V	434	yes
kca_slo	A0AAV2ILT9__Lymsta	A0AAV2ILT9__Lymsta	1	full	TVGFG	TVGFG	V	434	yes
kca_slo	A0AB32T3C7__Danrer	A0AB32T3C7__Danrer	1	full	TVGFG	TVGFG	V	434	yes
kca_slo	A0AB32TPK9__Danrer	A0AB32TPK9__Danrer	1	full	TVGFG	TVGFG	V	434	yes
kca_slo	A0ABM0GHU3__Aplcal	A0ABM0GHU3__Aplcal	1	full	TVGYG	TVGYG	V	434	yes
kca_slo	A0ABM0ZYA3__Aplcal	A0ABM0ZYA3__Aplcal	1	full	TVGYG	TVGYG	V	434	yes
kca_slo	A0ABM1VV19__Aplcal	A0ABM1VV19__Aplcal	1	full	TVGFG	TVGFG	V	434	yes
kca_slo	A0ABM4BQF0__Hydvul	A0ABM4BQF0__Hydvul	1	full	TIGYG	TIGYG	I	434	yes
kca_slo	A0ABM4BQF9__Hydvul	A0ABM4BQF9__Hydvul	1	full	TVGYG	TVGYG	V	434	yes
kca_slo	A0ABM4BQG1__Hydvul	A0ABM4BQG1__Hydvul	1	full	TVGYG	TVGYG	V	434	yes
kca_slo	A0ABM4BQG7__Hydvul	A0ABM4BQG7__Hydvul	1	full	TVGYG	TVGYG	V	434	yes
kca_slo	A0AC58GZE8__Danrer	A0AC58GZE8__Danrer	1	full	TVGYG	TVGYG	V	434	yes
kca_slo	A0AC58IC80__Danrer	A0AC58IC80__Danrer	1	full	TVGFG	TVGFG	V	434	yes
kca_slo	A0AC58JMJ0__Danrer	A0AC58JMJ0__Danrer	1	full	TVGYG	TVGYG	V	434	yes
kca_slo	A0ACM8ACG3__Petmar	A0ACM8ACG3__Petmar	1	full	TVGFG	TVGFG	V	434	yes
kca_slo	A0ACM8BCS2__Petmar	A0ACM8BCS2__Petmar	1	full	TVGYG	TVGYG	V	434	yes
kca_slo	A0ACM8BLJ4__Petmar	A0ACM8BLJ4__Petmar	1	full	TVGYG	TVGYG	V	434	yes
kca_slo	A0ACM8BLR2__Petmar	A0ACM8BLR2__Petmar	1	full	TVGYG	TVGYG	V	434	yes
kca_slo	A0C1L5__Partet	A0C1L5__Partet	1	full	TVGYG	TVGYG	V	434	yes
kca_slo	A0CBF1__Partet	A0CBF1__Partet	1	full	TVGYG	TVGYG	V	434	yes
kca_slo	A0CBH9__Partet	A0CBH9__Partet	1	full	TVGYG	TVGYG	V	434	yes
kca_slo	A0CRP9__Partet	A0CRP9__Partet	1	full	TVGFG	TVGFG	V	434	yes
kca_slo	A0CXU1__Partet	A0CXU1__Partet	1	full	TVGFG	TVGFG	V	434	yes
kca_slo	A0CYF6__Partet	A0CYF6__Partet	1	full	TVGFG	TVGFG	V	434	yes
kca_slo	A0E804__Partet	A0E804__Partet	1	full		TMGYE	M	434	no
kca_slo	A7SU69__Nemvec	A7SU69__Nemvec	1	full	TVGYG	TVGYG	V	434	yes
kca_slo	A8DY93__Dromel	A8DY93__Dromel	1	full	TVGYG	TVGYG	V	434	yes
kca_slo	A9V851__Monbre	A9V851__Monbre	1	full	TVGYG	TVGYG	V	434	yes
kca_slo	B3RV96__Triadh	B3RV96__Triadh	1	full	TVGYG	TVGYG	V	434	yes
kca_slo	E9G429__Dappul	E9G429__Dappul	1	full	TVGYG	TVGYG	V	434	yes
kca_slo	E9HEH7__Dappul	E9HEH7__Dappul	1	full	TVGYG	TVGYG	V	434	yes
kca_slo	F6QI54__Cioint	F6QI54__Cioint	1	full	TVGYG	TVGYG	V	434	yes
kca_slo	F6YGT3__Mondom	F6YGT3__Mondom	1	full	TVGFG	TVGFG	V	434	yes
kca_slo	F7F3A4__Ornana	F7F3A4__Ornana	1	full	TVGFG	TVGFG	V	434	yes
kca_slo	H2UA63__Takrub	H2UA63__Takrub	1	full	TVGFG	TVGFG	V	434	yes
kca_slo	H2ZT11__Latcha	H2ZT11__Latcha	1	full	TVGFG	TVGFG	V	434	yes
kca_slo	H3B6R1__Latcha	H3B6R1__Latcha	1	full	TVGYG	TVGYG	V	434	yes
kca_slo	H3BBU5__Latcha	H3BBU5__Latcha	1	full	TVGFG	TVGFG	V	434	yes
kca_slo	H9G2R4__Caeele	H9G2R4__Caeele	1	full	TVGYG	TVGYG	V	434	yes
kca_slo	H9GIV1__Anocar	H9GIV1__Anocar	1	full	TVGYG	TVGYG	V	434	yes
kca_slo	Q22DT2__Tetthe	Q22DT2__Tetthe	1	full	TVGYG	TVGYG	V	434	yes
kca_slo	Q22T07__Tetthe	Q22T07__Tetthe	1	full	TVGYG	TVGYG	V	434	yes
kca_slo	Q22T08__Tetthe	Q22T08__Tetthe	1	full	TVGFG	TVGFG	V	434	yes
kca_slo	Q236D4__Tetthe	Q236D4__Tetthe	1	full	TVGYG	TVGYG	V	434	yes
kca_slo	Q54SN1__Dicdis	Q54SN1__Dicdis	1	full	TVGYG	TVGYG	V	434	yes
kca_slo	Q55CU6__Dicdis	Q55CU6__Dicdis	1	full	TVGYG	TVGYG	V	434	yes
kca_slo	Q86I16__Dicdis	Q86I16__Dicdis	1	full		TDGYG	D	434	no
kca_slo	V3YXW6__Lotgig	V3YXW6__Lotgig	1	full	TVGYG	TVGYG	V	434	yes
kca_slo	V4AGF6__Lotgig	V4AGF6__Lotgig	1	full	TVGYG	TVGYG	V	434	yes
kca_slo	V4B1X9__Lotgig	V4B1X9__Lotgig	1	full	TVGYG	TVGYG	V	434	yes
kca_slo	V4CAR7__Lotgig	V4CAR7__Lotgig	1	full	TVGYG	TVGYG	V	434	yes
kca_slo	W7XG78__Tetthe	W7XG78__Tetthe	1	full		TLGYD	L	434	no
kca_slo	GCA_964187895.1_OZ076447.1_88664336-89642183___Corasp	GCA_964187895.1_OZ076447.1_88664336-89642183___Corasp	1	full	TVGFG	TVGFG	V	434	yes
kca_slo	GCA_964187895.1_OZ076468.1_15343764-15432224-__Corasp	GCA_964187895.1_OZ076468.1_15343764-15432224-__Corasp	1	full	TVGFG	TVGFG	V	434	yes
kca_slo	GCA_964187895.1_OZ076466.1_32433556-32561846-__Corasp	GCA_964187895.1_OZ076466.1_32433556-32561846-__Corasp	1	full	TVGYG	TVGYG	V	434	yes
kca_slo	GCA_977017645.1_OZ360223.1_145773119-146737679-__Tormar	GCA_977017645.1_OZ360223.1_145773119-146737679-__Tormar	1	full	TVGFG	TVGFG	V	434	yes
kca_slo	GCA_977017645.1_OZ360220.1_136829232-137133622-__Tormar	GCA_977017645.1_OZ360220.1_136829232-137133622-__Tormar	1	full	TVGFG	TVGFG	V	434	yes
kca_sk	O15554__Homsap	O15554__Homsap	1	full	TIGYG	TIGYG	I	434	yes
kca_sk	O89109__Musmus	O89109__Musmus	1	full	TIGYG	TIGYG	I	434	yes
kca_sk	P58390__Musmus	P58390__Musmus	1	full	SIGYG	SIGYG	I	434	yes
kca_sk	P58391__Musmus	P58391__Musmus	1	full	SIGYG	SIGYG	I	434	yes
kca_sk	P70604__Ratnor	P70604__Ratnor	1	full	SIGYG	SIGYG	I	434	yes
kca_sk	P70605__Ratnor	P70605__Ratnor	1	full	SIGYG	SIGYG	I	434	yes
kca_sk	P70606__Ratnor	P70606__Ratnor	1	full	SIGYG	SIGYG	I	434	yes
kca_sk	Q11122__Caeele	Q11122__Caeele	1	full		LNGYG	N	434	no
kca_sk	Q7KVW5__Dromel	Q7KVW5__Dromel	1	full	CVGYG	CVGYG	V	434	yes
kca_sk	Q92952__Homsap	Q92952__Homsap	1	full	SIGYG	SIGYG	I	434	yes
kca_sk	Q9EQR3__Musmus	Q9EQR3__Musmus	1	full	SIGYG	SIGYG	I	434	yes
kca_sk	Q9H2S1__Homsap	Q9H2S1__Homsap	1	full	SIGYG	SIGYG	I	434	yes
kca_sk	Q9QYW1__Ratnor	Q9QYW1__Ratnor	1	full	TIGYG	TIGYG	I	434	yes
kca_sk	Q9UGI6__Homsap	Q9UGI6__Homsap	1	full	SIGYG	SIGYG	I	434	yes
kca_sk	A0A1D5NU20__Galgal	A0A1D5NU20__Galgal	1	full	SIGYG	SIGYG	I	434	yes
kca_sk	A0A4W3H742__Calmil	A0A4W3H742__Calmil	1	full	SIGYG	SIGYG	I	434	yes
kca_sk	A0A4W3JF93__Calmil	A0A4W3JF93__Calmil	1	full	SIGYG	SIGYG	I	434	yes
kca_sk	A0A5F8H306__Mondom	A0A5F8H306__Mondom	1	full	SIGYG	SIGYG	I	434	yes
kca_sk	A0A674MMJ7__Takrub	A0A674MMJ7__Takrub	1	full	SIGYG	SIGYG	I	434	yes
kca_sk	A0A674MU82__Takrub	A0A674MU82__Takrub	1	full	SIGYG	SIGYG	I	434	yes
kca_sk	A0A674MYN7__Takrub	A0A674MYN7__Takrub	1	full	SIGYG	SIGYG	I	434	yes
kca_sk	A0A674N8Y1__Takrub	A0A674N8Y1__Takrub	1	full	TVGYG	TVGYG	V	434	yes
kca_sk	A0A674NVQ6__Takrub	A0A674NVQ6__Takrub	1	full	SIGYG	SIGYG	I	434	yes
kca_sk	A0A6I8N022__Ornana	A0A6I8N022__Ornana	1	full	SIGYG	SIGYG	I	434	yes
kca_sk	A0A6I8P338__Ornana	A0A6I8P338__Ornana	1	full	SIGYG	SIGYG	I	434	yes
kca_sk	A0A6I8QL32__Xentro	A0A6I8QL32__Xentro	1	full	TIGYG	TIGYG	I	434	yes
kca_sk	A0A7M7N904__Strpur	A0A7M7N904__Strpur	1	full	SIGYG	SIGYG	I	434	yes
kca_sk	A0A8J0SE91__Xentro	A0A8J0SE91__Xentro	1	full	SIGYG	SIGYG	I	434	yes
kca_sk	A0A8J1ISI1__Xentro	A0A8J1ISI1__Xentro	1	full	SIGYG	SIGYG	I	434	yes
kca_sk	A0A8M2BE84__Danrer	A0A8M2BE84__Danrer	1	full	SIGYG	SIGYG	I	434	yes
kca_sk	A0A8M2BIK5__Danrer	A0A8M2BIK5__Danrer	1	full	SIGYG	SIGYG	I	434	yes
kca_sk	A0A8V0Y0U2__Galgal	A0A8V0Y0U2__Galgal	1	full	SIGYG	SIGYG	I	434	yes
kca_sk	A0A8V1AJD3__Galgal	A0A8V1AJD3__Galgal	1	full	SIGYG	SIGYG	I	434	yes
kca_sk	A0A9J7KPR6__Braflo	A0A9J7KPR6__Braflo	1	full	TVGYG	TVGYG	V	434	yes
kca_sk	A0AAJ7STZ3__Petmar	A0AAJ7STZ3__Petmar	1	full	TIGYG	TIGYG	I	434	yes
kca_sk	A0AAJ7U4S0__Petmar	A0AAJ7U4S0__Petmar	1	full	SVGYG	SVGYG	V	434	yes
kca_sk	A0AAV2HDH2__Lymsta	A0AAV2HDH2__Lymsta	1	full	TVGYG	TVGYG	V	434	yes
kca_sk	A0AAV2HRV6__Lymsta	A0AAV2HRV6__Lymsta	1	full	TVGYG	TVGYG	V	434	yes
kca_sk	A0AAV2IJW9__Lymsta	A0AAV2IJW9__Lymsta	1	full	SIGYG	SIGYG	I	434	yes
kca_sk	A0ABM0JBT9__Aplcal	A0ABM0JBT9__Aplcal	1	full	TVGYG	TVGYG	V	434	yes
kca_sk	A0ABM0K2S0__Aplcal	A0ABM0K2S0__Aplcal	1	full	TVGYG	TVGYG	V	434	yes
kca_sk	A0ABM1W4N3__Aplcal	A0ABM1W4N3__Aplcal	1	full	SIGYG	SIGYG	I	434	yes
kca_sk	A0AC58GLV1__Danrer	A0AC58GLV1__Danrer	1	full	TIGYG	TIGYG	I	434	yes
kca_sk	A0ACM8AAG9__Petmar	A0ACM8AAG9__Petmar	1	full	SIGYG	SIGYG	I	434	yes
kca_sk	A0CZE0__Partet	A0CZE0__Partet	1	full	TVGYG	TVGYG	V	434	yes
kca_sk	A0D2E5__Partet	A0D2E5__Partet	1	full	TVGYG	TVGYG	V	434	yes
kca_sk	A0D451__Partet	A0D451__Partet	1	full	TVGYG	TVGYG	V	434	yes
kca_sk	A0DDU9__Partet	A0DDU9__Partet	1	full	TVGYG	TVGYG	V	434	yes
kca_sk	A0EGI3__Partet	A0EGI3__Partet	1	full	TVGYG	TVGYG	V	434	yes
kca_sk	E7FAT2__Danrer	E7FAT2__Danrer	1	full	SIGYG	SIGYG	I	434	yes
kca_sk	E9FRA4__Dappul	E9FRA4__Dappul	1	full	SVGYG	SVGYG	V	434	yes
kca_sk	E9HG77__Dappul	E9HG77__Dappul	1	full	TIGYG	TIGYG	I	434	yes
kca_sk	F6QE12__Mondom	F6QE12__Mondom	1	full	SIGYG	SIGYG	I	434	yes
kca_sk	F6SM41__Xentro	F6SM41__Xentro	1	full	SIGYG	SIGYG	I	434	yes
kca_sk	F6XLS0__Ornana	F6XLS0__Ornana	1	full	TIGYG	TIGYG	I	434	yes
kca_sk	F7ACB9__Cioint	F7ACB9__Cioint	1	full	SIGYG	SIGYG	I	434	yes
kca_sk	F7DRI5__Ornana	F7DRI5__Ornana	1	full	SIGYG	SIGYG	I	434	yes
kca_sk	F7E0I4__Mondom	F7E0I4__Mondom	1	full	SIGYG	SIGYG	I	434	yes
kca_sk	G5EFI1__Caeele	G5EFI1__Caeele	1	full	SIGYG	SIGYG	I	434	yes
kca_sk	H2TG67__Takrub	H2TG67__Takrub	1	full	TIGYG	TIGYG	I	434	yes
kca_sk	H3AAN8__Latcha	H3AAN8__Latcha	1	full	SIGYG	SIGYG	I	434	yes
kca_sk	H3AWP1__Latcha	H3AWP1__Latcha	1	full	SIGYG	SIGYG	I	434	yes
kca_sk	H3B7A2__Latcha	H3B7A2__Latcha	1	full	SIGYG	SIGYG	I	434	yes
kca_sk	H9G9A0__Anocar	H9G9A0__Anocar	1	full	TIGYG	TIGYG	I	434	yes
kca_sk	I7MMQ2__Tetthe	I7MMQ2__Tetthe	1	full	TLGYG	TLGYG	L	434	yes
kca_sk	O17697__Caeele	O17697__Caeele	1	full	SIGYG	SIGYG	I	434	yes
kca_sk	Q22LW9__Tetthe	Q22LW9__Tetthe	1	full	TVGYG	TVGYG	V	434	yes
kca_sk	R4GCW1__Anocar	R4GCW1__Anocar	1	full	SIGYG	SIGYG	I	434	yes
kca_sk	V4A2U8__Lotgig	V4A2U8__Lotgig	1	full	TVGYG	TVGYG	V	434	yes
kca_sk	V4ATG1__Lotgig	V4ATG1__Lotgig	1	full	TVGYG	TVGYG	V	434	yes
kca_sk	V4B5G3__Lotgig	V4B5G3__Lotgig	1	full	SIGYG	SIGYG	I	434	yes
kca_sk	V4C8V4__Lotgig	V4C8V4__Lotgig	1	full	TIGYG	TIGYG	I	434	yes
kca_sk	V6CLK4__Caeele	V6CLK4__Caeele	1	full	SVGYG	SVGYG	V	434	yes
kca_sk	X1WCL6__Danrer	X1WCL6__Danrer	1	full	TVGYG	TVGYG	V	434	yes
kca_sk	GCA_964187895.1_OZ076454.1_47164533-47197174-__Corasp	GCA_964187895.1_OZ076454.1_47164533-47197174-__Corasp	1	full	TVGYG	TVGYG	V	434	yes
kca_sk	GCA_964187895.1_OZ076446.1_94955957-96133874-__Corasp	GCA_964187895.1_OZ076446.1_94955957-96133874-__Corasp	1	full	SIGYG	SIGYG	I	434	yes
kca_sk	GCA_964187895.1_OZ076444.1_76338827-77774222___Corasp	GCA_964187895.1_OZ076444.1_76338827-77774222___Corasp	1	full	SIGYG	SIGYG	I	434	yes
kca_sk	GCA_977017645.1_OZ360220.1_312771887-313652112-__Tormar	GCA_977017645.1_OZ360220.1_312771887-313652112-__Tormar	1	full	SIGYG	SIGYG	I	434	yes
kca_sk	GCA_977017645.1_OZ360241.1_60349445-61258876-__Tormar	GCA_977017645.1_OZ360241.1_60349445-61258876-__Tormar	1	full	SIGYG	SIGYG	I	434	yes
kca_sk	GCA_977017645.1_OZ360256.1_2276281-2858264___Tormar	GCA_977017645.1_OZ360256.1_2276281-2858264___Tormar	1	full	SIGYG	SIGYG	I	434	yes
kir	B7U540__Homsap	B7U540__Homsap	1	full	TIGYG	TIGYG	I	434	yes
kir	F1NHE9__Galgal	F1NHE9__Galgal	1	full	TIGYG	TIGYG	I	434	yes
kir	O60928__Homsap	O60928__Homsap	1	full	TIGYG	TIGYG	I	434	yes
kir	O70596__Ratnor	O70596__Ratnor	1	full	SIGYG	SIGYG	I	434	yes
kir	O70617__Ratnor	O70617__Ratnor	1	full	TIGYG	TIGYG	I	434	yes
kir	O88335__Musmus	O88335__Musmus	1	full	TIGYG	TIGYG	I	434	yes
kir	O88932__Musmus	O88932__Musmus	1	full	TIGYG	TIGYG	I	434	yes
kir	P35560__Ratnor	P35560__Ratnor	1	full	TIGYG	TIGYG	I	434	yes
kir	P35561__Musmus	P35561__Musmus	1	full	TIGYG	TIGYG	I	434	yes
kir	P48048__Homsap	P48048__Homsap	1	full	TIGYG	TIGYG	I	434	yes
kir	P48050__Homsap	P48050__Homsap	1	full	TIGYG	TIGYG	I	434	yes
kir	P48051__Homsap	P48051__Homsap	1	full	TIGYG	TIGYG	I	434	yes
kir	P48542__Musmus	P48542__Musmus	1	full	TIGYG	TIGYG	I	434	yes
kir	P48543__Musmus	P48543__Musmus	1	full	TIGYG	TIGYG	I	434	yes
kir	P48544__Homsap	P48544__Homsap	1	full	TIGYG	TIGYG	I	434	yes
kir	P48545__Musmus	P48545__Musmus	1	full	TIGYG	TIGYG	I	434	yes
kir	P48548__Ratnor	P48548__Ratnor	1	full	TIGYG	TIGYG	I	434	yes
kir	P48549__Homsap	P48549__Homsap	1	full	TIGYG	TIGYG	I	434	yes
kir	P48550__Ratnor	P48550__Ratnor	1	full	TIGYG	TIGYG	I	434	yes
kir	P49655__Ratnor	P49655__Ratnor	1	full	TIGYG	TIGYG	I	434	yes
kir	P52186__Galgal	P52186__Galgal	1	full	TIGYG	TIGYG	I	434	yes
kir	P52187__Musmus	P52187__Musmus	1	full	TIGYG	TIGYG	I	434	yes
kir	P52188__Ratnor	P52188__Ratnor	1	full	TIGYG	TIGYG	I	434	yes
kir	P52189__Musmus	P52189__Musmus	1	full	TIGYG	TIGYG	I	434	yes
kir	P52190__Ratnor	P52190__Ratnor	1	full	TIGYG	TIGYG	I	434	yes
kir	P52191__Ratnor	P52191__Ratnor	1	full	TIGYG	TIGYG	I	434	yes
kir	P52192__Caeele	P52192__Caeele	1	full	TIGYG	TIGYG	I	434	yes
kir	P63250__Musmus	P63250__Musmus	1	full	TIGYG	TIGYG	I	434	yes
kir	P63252__Homsap	P63252__Homsap	1	full	TIGYG	TIGYG	I	434	yes
kir	P70673__Ratnor	P70673__Ratnor	1	full	TIGFG	TIGFG	I	434	yes
kir	P78508__Homsap	P78508__Homsap	1	full	TIGYG	TIGYG	I	434	yes
kir	P86046__Musmus	P86046__Musmus	1	full	TIGYG	TIGYG	I	434	yes
kir	P97794__Musmus	P97794__Musmus	1	full	TIGFG	TIGFG	I	434	yes
kir	Q14500__Homsap	Q14500__Homsap	1	full	TIGYG	TIGYG	I	434	yes
kir	Q14654__Homsap	Q14654__Homsap	1	full	TIGFG	TIGFG	I	434	yes
kir	Q15842__Homsap	Q15842__Homsap	1	full	TIGFG	TIGFG	I	434	yes
kir	Q61743__Musmus	Q61743__Musmus	1	full	TIGFG	TIGFG	I	434	yes
kir	Q63511__Ratnor	Q63511__Ratnor	1	full	TIGYG	TIGYG	I	434	yes
kir	Q63664__Ratnor	Q63664__Ratnor	1	full	TIGFG	TIGFG	I	434	yes
kir	Q64273__Ratnor	Q64273__Ratnor	1	full	TIGYG	TIGYG	I	434	yes
kir	Q8JZN3__Musmus	Q8JZN3__Musmus	1	full	SIGYG	SIGYG	I	434	yes
kir	Q90854__Galgal	Q90854__Galgal	1	full	TIGYG	TIGYG	I	434	yes
kir	Q91ZF1__Ratnor	Q91ZF1__Ratnor	1	full	TIGYG	TIGYG	I	434	yes
kir	Q92806__Homsap	Q92806__Homsap	1	full	TIGYG	TIGYG	I	434	yes
kir	Q99712__Homsap	Q99712__Homsap	1	full	TIGYG	TIGYG	I	434	yes
kir	Q9JM63__Musmus	Q9JM63__Musmus	1	full	TIGYG	TIGYG	I	434	yes
kir	Q9NPI9__Homsap	Q9NPI9__Homsap	1	full	TIGYG	TIGYG	I	434	yes
kir	Q9UNX9__Homsap	Q9UNX9__Homsap	1	full	SIGYG	SIGYG	I	434	yes
kir	Q9Z307__Musmus	Q9Z307__Musmus	1	full	TIGYG	TIGYG	I	434	yes
kir	A0A0B4KH86__Dromel	A0A0B4KH86__Dromel	1	full	TIGYG	TIGYG	I	434	yes
kir	A0A0B4LHI9__Dromel	A0A0B4LHI9__Dromel	1	full	TIGYG	TIGYG	I	434	yes
kir	A0A0G2KM96__Danrer	A0A0G2KM96__Danrer	1	full	TIGYG	TIGYG	I	434	yes
kir	A0A0R4IAD0__Danrer	A0A0R4IAD0__Danrer	1	full	TIGYG	TIGYG	I	434	yes
kir	A0A0R4ICH9__Danrer	A0A0R4ICH9__Danrer	1	full	TIGYG	TIGYG	I	434	yes
kir	A0A1C3NSK2__Caeele	A0A1C3NSK2__Caeele	1	full	TIGYG	TIGYG	I	434	yes
kir	A0A1C3NSN6__Caeele	A0A1C3NSN6__Caeele	1	full	TIGYG	TIGYG	I	434	yes
kir	A0A1X7UJE5__Ampque	A0A1X7UJE5__Ampque	1	full	TIGYG	TIGYG	I	434	yes
kir	A0A2K1K204__Phypat	A0A2K1K204__Phypat	1	full	TIGYG	TIGYG	I	434	yes
kir	A0A2K3D141__Chlrei	A0A2K3D141__Chlrei	1	full		TLGFD	L	434	no
kir	A0A2K3DRT3__Chlrei	A0A2K3DRT3__Chlrei	1	full	TIGYG	TIGYG	I	434	yes
kir	A0A2K3E712__Chlrei	A0A2K3E712__Chlrei	1	full		TLGYT	L	434	no
kir	A0A3Q2TVJ3__Galgal	A0A3Q2TVJ3__Galgal	1	full	TIGYG	TIGYG	I	434	yes
kir	A0A3Q2UNZ0__Galgal	A0A3Q2UNZ0__Galgal	1	full	TIGYG	TIGYG	I	434	yes
kir	A0A4W3GQ19__Calmil	A0A4W3GQ19__Calmil	1	full	TIGYG	TIGYG	I	434	yes
kir	A0A4W3GRI4__Calmil	A0A4W3GRI4__Calmil	1	full	TIGYG	TIGYG	I	434	yes
kir	A0A4W3GT77__Calmil	A0A4W3GT77__Calmil	1	full	TIGYG	TIGYG	I	434	yes
kir	A0A4W3GX13__Calmil	A0A4W3GX13__Calmil	1	full	TIGYG	TIGYG	I	434	yes
kir	A0A4W3GZR0__Calmil	A0A4W3GZR0__Calmil	1	full	TIGYG	TIGYG	I	434	yes
kir	A0A4W3H0Y7__Calmil	A0A4W3H0Y7__Calmil	1	full	TIGYG	TIGYG	I	434	yes
kir	A0A4W3H2C2__Calmil	A0A4W3H2C2__Calmil	1	full	TIGYG	TIGYG	I	434	yes
kir	A0A4W3HE29__Calmil	A0A4W3HE29__Calmil	1	full	TIGYG	TIGYG	I	434	yes
kir	A0A4W3HR31__Calmil	A0A4W3HR31__Calmil	1	full	SIGYG	SIGYG	I	434	yes
kir	A0A4W3IIF5__Calmil	A0A4W3IIF5__Calmil	1	full	TIGYG	TIGYG	I	434	yes
kir	A0A4W3IJZ4__Calmil	A0A4W3IJZ4__Calmil	1	full	TIGFG	TIGFG	I	434	yes
kir	A0A4W3ISQ4__Calmil	A0A4W3ISQ4__Calmil	1	full	TIGFG	TIGFG	I	434	yes
kir	A0A4W3JF36__Calmil	A0A4W3JF36__Calmil	1	full	TIGYG	TIGYG	I	434	yes
kir	A0A4W3JGY2__Calmil	A0A4W3JGY2__Calmil	1	full	TIGYG	TIGYG	I	434	yes
kir	A0A4W3JJ21__Calmil	A0A4W3JJ21__Calmil	1	full	TIGFG	TIGFG	I	434	yes
kir	A0A4W3JTB6__Calmil	A0A4W3JTB6__Calmil	1	full	TIGYG	TIGYG	I	434	yes
kir	A0A4W3JTC0__Calmil	A0A4W3JTC0__Calmil	1	full	TIGYG	TIGYG	I	434	yes
kir	A0A4W3K5L1__Calmil	A0A4W3K5L1__Calmil	1	full	TIGFG	TIGFG	I	434	yes
kir	A0A5F8GX62__Mondom	A0A5F8GX62__Mondom	1	full	TIGFG	TIGFG	I	434	yes
kir	A0A5F8HDP0__Mondom	A0A5F8HDP0__Mondom	1	full	TIGYG	TIGYG	I	434	yes
kir	A0A674MIU6__Takrub	A0A674MIU6__Takrub	1	full	TIGYG	TIGYG	I	434	yes
kir	A0A674MKQ1__Takrub	A0A674MKQ1__Takrub	1	full	SIGYG	SIGYG	I	434	yes
kir	A0A674MPQ2__Takrub	A0A674MPQ2__Takrub	1	full	TIGYG	TIGYG	I	434	yes
kir	A0A674N1K8__Takrub	A0A674N1K8__Takrub	1	partial					no
kir	A0A674P406__Takrub	A0A674P406__Takrub	1	full	TIGYG	TIGYG	I	434	yes
kir	A0A674PRJ3__Takrub	A0A674PRJ3__Takrub	1	full	TIGYG	TIGYG	I	434	yes
kir	A0A6I8N768__Ornana	A0A6I8N768__Ornana	1	full	TIGYG	TIGYG	I	434	yes
kir	A0A6I8NCE9__Ornana	A0A6I8NCE9__Ornana	1	full	TIGYG	TIGYG	I	434	yes
kir	A0A6I8NKJ0__Ornana	A0A6I8NKJ0__Ornana	1	full	SIGYG	SIGYG	I	434	yes
kir	A0A6I8NVL3__Ornana	A0A6I8NVL3__Ornana	1	full	TIGYG	TIGYG	I	434	yes
kir	A0A6I8P6X4__Ornana	A0A6I8P6X4__Ornana	1	full	TIGYG	TIGYG	I	434	yes
kir	A0A6I8PKR7__Ornana	A0A6I8PKR7__Ornana	1	full	TIGYG	TIGYG	I	434	yes
kir	A0A6I8PTT1__Xentro	A0A6I8PTT1__Xentro	1	full	TIGYG	TIGYG	I	434	yes
kir	A0A6I8QVL8__Xentro	A0A6I8QVL8__Xentro	1	full	TIGYG	TIGYG	I	434	yes
kir	A0A7I3Z5Z2__Phypat	A0A7I3Z5Z2__Phypat	1	full	TIGYG	TIGYG	I	434	yes
kir	A0A7M7LSG3__Strpur	A0A7M7LSG3__Strpur	1	full	TIGYG	TIGYG	I	434	yes
kir	A0A7M7NLD4__Strpur	A0A7M7NLD4__Strpur	1	full	TIGYG	TIGYG	I	434	yes
kir	A0A7M7NRA6__Strpur	A0A7M7NRA6__Strpur	1	full	TIGYG	TIGYG	I	434	yes
kir	A0A7M7NRN0__Strpur	A0A7M7NRN0__Strpur	1	full	TIGYG	TIGYG	I	434	yes
kir	A0A803JFK0__Xentro	A0A803JFK0__Xentro	1	full	TIGYG	TIGYG	I	434	yes
kir	A0A803JGU1__Xentro	A0A803JGU1__Xentro	1	full	TIGYG	TIGYG	I	434	yes
kir	A0A803JTM6__Xentro	A0A803JTM6__Xentro	1	full	TIGYG	TIGYG	I	434	yes
kir	A0A803K0G9__Xentro	A0A803K0G9__Xentro	1	full	TIGYG	TIGYG	I	434	yes
kir	A0A803K6V5__Xentro	A0A803K6V5__Xentro	1	full	TIGYG	TIGYG	I	434	yes
kir	A0A803TU69__Anocar	A0A803TU69__Anocar	1	full	TIGYG	TIGYG	I	434	yes
kir	A0A8J0PLI6__Xentro	A0A8J0PLI6__Xentro	1	full	TIGYG	TIGYG	I	434	yes
kir	A0A8J0Q7N2__Xentro	A0A8J0Q7N2__Xentro	1	full	TIGFG	TIGFG	I	434	yes
kir	A0A8J0Q8V1__Xentro	A0A8J0Q8V1__Xentro	1	full	TIGYG	TIGYG	I	434	yes
kir	A0A8J0SZR9__Xentro	A0A8J0SZR9__Xentro	1	full	TIGYG	TIGYG	I	434	yes
kir	A0A8J1ITT1__Xentro	A0A8J1ITT1__Xentro	1	full	TIGYG	TIGYG	I	434	yes
kir	A0A8M1N798__Danrer	A0A8M1N798__Danrer	1	full	TIGFG	TIGFG	I	434	yes
kir	A0A8M1N8P1__Danrer	A0A8M1N8P1__Danrer	1	full	TIGFG	TIGFG	I	434	yes
kir	A0A8M1NCY0__Danrer	A0A8M1NCY0__Danrer	1	full	TIGYG	TIGYG	I	434	yes
kir	A0A8M1P9I8__Danrer	A0A8M1P9I8__Danrer	1	full	TIGYG	TIGYG	I	434	yes
kir	A0A8M3AQ22__Danrer	A0A8M3AQ22__Danrer	1	full	TIGYG	TIGYG	I	434	yes
kir	A0A8M3B7L6__Danrer	A0A8M3B7L6__Danrer	1	full	TIGYG	TIGYG	I	434	yes
kir	A0A8N1YY33__Danrer	A0A8N1YY33__Danrer	1	full	TIGFG	TIGFG	I	434	yes
kir	A0A8N1YZ76__Danrer	A0A8N1YZ76__Danrer	1	full		GMGCG	M	434	no
kir	A0A8V0ZV50__Galgal	A0A8V0ZV50__Galgal	1	full	TIGYG	TIGYG	I	434	yes
kir	A0A8V0ZWN8__Galgal	A0A8V0ZWN8__Galgal	1	full	TIGYG	TIGYG	I	434	yes
kir	A0A8V0ZXM0__Galgal	A0A8V0ZXM0__Galgal	1	full	TIGYG	TIGYG	I	434	yes
kir	A0A8V1A101__Galgal	A0A8V1A101__Galgal	1	full	TIGYG	TIGYG	I	434	yes
kir	A0A8V1AFB2__Galgal	A0A8V1AFB2__Galgal	1	full	TIGYG	TIGYG	I	434	yes
kir	A0A9J7M4Z7__Braflo	A0A9J7M4Z7__Braflo	1	full	TIGYG	TIGYG	I	434	yes
kir	A0A9J7N316__Braflo	A0A9J7N316__Braflo	1	full	TIGYG	TIGYG	I	434	yes
kir	A0AAJ7SP39__Petmar	A0AAJ7SP39__Petmar	1	full	TIGYG	TIGYG	I	434	yes
kir	A0AAJ7TFQ0__Petmar	A0AAJ7TFQ0__Petmar	1	full	TIGYG	TIGYG	I	434	yes
kir	A0AAJ7TI00__Petmar	A0AAJ7TI00__Petmar	1	full	TIGYG	TIGYG	I	434	yes
kir	A0AAJ7TPF0__Petmar	A0AAJ7TPF0__Petmar	1	full	TIGYG	TIGYG	I	434	yes
kir	A0AAJ7TPM2__Petmar	A0AAJ7TPM2__Petmar	1	full	TIGYG	TIGYG	I	434	yes
kir	A0AAJ7TPQ5__Petmar	A0AAJ7TPQ5__Petmar	1	full	TIGYG	TIGYG	I	434	yes
kir	A0AAJ7TRD7__Petmar	A0AAJ7TRD7__Petmar	1	full	TIGYG	TIGYG	I	434	yes
kir	A0AAJ7TUK7__Petmar	A0AAJ7TUK7__Petmar	1	full	TIGYG	TIGYG	I	434	yes
kir	A0AAJ7U072__Petmar	A0AAJ7U072__Petmar	1	full	TIGYG	TIGYG	I	434	yes
kir	A0AAJ7UA98__Petmar	A0AAJ7UA98__Petmar	1	full	TIGYG	TIGYG	I	434	yes
kir	A0AAJ7WRM2__Petmar	A0AAJ7WRM2__Petmar	1	full	TIGYG	TIGYG	I	434	yes
kir	A0AAJ7WXQ7__Petmar	A0AAJ7WXQ7__Petmar	1	full	TIGFG	TIGFG	I	434	yes
kir	A0AAJ7XEL8__Petmar	A0AAJ7XEL8__Petmar	1	full	TIGYG	TIGYG	I	434	yes
kir	A0AAJ7XFX0__Petmar	A0AAJ7XFX0__Petmar	1	full	TIGFG	TIGFG	I	434	yes
kir	A0AAJ7XG65__Petmar	A0AAJ7XG65__Petmar	1	full	TIGYG	TIGYG	I	434	yes
kir	A0AAN0I871__Ampque	A0AAN0I871__Ampque	1	full	TIGYG	TIGYG	I	434	yes
kir	A0AAV2I890__Lymsta	A0AAV2I890__Lymsta	1	full	TIGYG	TIGYG	I	434	yes
kir	A0AAV2IDL8__Lymsta	A0AAV2IDL8__Lymsta	1	full	TIGYG	TIGYG	I	434	yes
kir	A0AAV2IQF8__Lymsta	A0AAV2IQF8__Lymsta	1	full	TIGYG	TIGYG	I	434	yes
kir	A0AAV2IRY8__Lymsta	A0AAV2IRY8__Lymsta	1	partial					no
kir	A0ABM0JPX6__Aplcal	A0ABM0JPX6__Aplcal	1	full	TIGYG	TIGYG	I	434	yes
kir	A0ABM0JPY0__Aplcal	A0ABM0JPY0__Aplcal	1	full	TIGYG	TIGYG	I	434	yes
kir	A0ABM1AAJ4__Aplcal	A0ABM1AAJ4__Aplcal	1	full	TIGYG	TIGYG	I	434	yes
kir	A0ABM1AAJ8__Aplcal	A0ABM1AAJ8__Aplcal	1	full	TIGYG	TIGYG	I	434	yes
kir	A0ABM4CEU3__Hydvul	A0ABM4CEU3__Hydvul	1	full	TIGYG	TIGYG	I	434	yes
kir	A0AC58GKY4__Danrer	A0AC58GKY4__Danrer	1	full	TIGYG	TIGYG	I	434	yes
kir	A0AC58HDJ4__Danrer	A0AC58HDJ4__Danrer	1	full	TIGYG	TIGYG	I	434	yes
kir	A0AC58HF78__Danrer	A0AC58HF78__Danrer	1	full	SIGYG	SIGYG	I	434	yes
kir	A0AC58HSR8__Danrer	A0AC58HSR8__Danrer	1	full	TIGFG	TIGFG	I	434	yes
kir	A0AC58J1D1__Danrer	A0AC58J1D1__Danrer	1	full	TIGYG	TIGYG	I	434	yes
kir	A0ACD6B5I4__Danrer	A0ACD6B5I4__Danrer	1	full	TIGYG	TIGYG	I	434	yes
kir	A0ACD6B668__Danrer	A0ACD6B668__Danrer	1	full	TIGYG	TIGYG	I	434	yes
kir	A0ACM8AAE6__Petmar	A0ACM8AAE6__Petmar	1	full	TIGYG	TIGYG	I	434	yes
kir	A0ACM8AT77__Petmar	A0ACM8AT77__Petmar	1	full	ALGFG	ALGFG	L	434	yes
kir	A0ACM8BXX5__Petmar	A0ACM8BXX5__Petmar	1	full	TIGYG	TIGYG	I	434	yes
kir	A0ACM8QD65__Danrer	A0ACM8QD65__Danrer	1	full	TIGYG	TIGYG	I	434	yes
kir	A7RUM3__Nemvec	A7RUM3__Nemvec	1	full	TIGYG	TIGYG	I	434	yes
kir	A7S217__Nemvec	A7S217__Nemvec	1	full	TIGYG	TIGYG	I	434	yes
kir	A7SE20__Nemvec	A7SE20__Nemvec	1	full	TIGYG	TIGYG	I	434	yes
kir	A7SH65__Nemvec	A7SH65__Nemvec	1	full	TIGYG	TIGYG	I	434	yes
kir	A9TZK1__Phypat	A9TZK1__Phypat	1	partial					no
kir	A9UNU4__Monbre	A9UNU4__Monbre	1	full	TIGYG	TIGYG	I	434	yes
kir	A9UZJ5__Monbre	A9UZJ5__Monbre	1	full	TIGYG	TIGYG	I	434	yes
kir	B3RMY4__Triadh	B3RMY4__Triadh	1	full	TIGYG	TIGYG	I	434	yes
kir	B3RQ86__Triadh	B3RQ86__Triadh	1	full		CLGSD	L	434	no
kir	B3RQ87__Triadh	B3RQ87__Triadh	1	full		CLGLS	L	434	no
kir	B3RQ90__Triadh	B3RQ90__Triadh	1	full		CLGSD	L	434	no
kir	B7YZX2__Dromel	B7YZX2__Dromel	1	full	TLGFG	TLGFG	L	434	yes
kir	C3YD60__Braflo	C3YD60__Braflo	1	full	TIGYG	TIGYG	I	434	yes
kir	E1BWC5__Galgal	E1BWC5__Galgal	1	full	TIGYG	TIGYG	I	434	yes
kir	E7F1N1__Danrer	E7F1N1__Danrer	1	full	TIGYG	TIGYG	I	434	yes
kir	E7F7K0__Danrer	E7F7K0__Danrer	1	full	TIGYG	TIGYG	I	434	yes
kir	E7F807__Danrer	E7F807__Danrer	1	full	TIGYG	TIGYG	I	434	yes
kir	E7FD27__Danrer	E7FD27__Danrer	1	full	TIGYG	TIGYG	I	434	yes
kir	E9FXS0__Dappul	E9FXS0__Dappul	1	full	TIGYG	TIGYG	I	434	yes
kir	E9FXS2__Dappul	E9FXS2__Dappul	1	full	TIGFG	TIGFG	I	434	yes
kir	F1NBC9__Galgal	F1NBC9__Galgal	1	full	TIGFG	TIGFG	I	434	yes
kir	F1NCD3__Galgal	F1NCD3__Galgal	1	full	TIGYG	TIGYG	I	434	yes
kir	F1NI76__Galgal	F1NI76__Galgal	1	full	TIGYG	TIGYG	I	434	yes
kir	F1P3M0__Galgal	F1P3M0__Galgal	1	full	TIGYG	TIGYG	I	434	yes
kir	F1QIE6__Danrer	F1QIE6__Danrer	1	full	TIGYG	TIGYG	I	434	yes
kir	F1QQH0__Danrer	F1QQH0__Danrer	1	full	TIGYG	TIGYG	I	434	yes
kir	F6PGD3__Mondom	F6PGD3__Mondom	1	full	TIGYG	TIGYG	I	434	yes
kir	F6PXI5__Ornana	F6PXI5__Ornana	1	full	TIGYG	TIGYG	I	434	yes
kir	F6QFT6__Mondom	F6QFT6__Mondom	1	full	TIGYG	TIGYG	I	434	yes
kir	F6QHN7__Cioint	F6QHN7__Cioint	1	full	TIGYG	TIGYG	I	434	yes
kir	F6R882__Xentro	F6R882__Xentro	1	full	TIGYG	TIGYG	I	434	yes
kir	F6S570__Mondom	F6S570__Mondom	1	full	TIGYG	TIGYG	I	434	yes
kir	F6SPD2__Xentro	F6SPD2__Xentro	1	full	TIGYG	TIGYG	I	434	yes
kir	F6U7H6__Ornana	F6U7H6__Ornana	1	full	TIGFG	TIGFG	I	434	yes
kir	F6WIB9__Ornana	F6WIB9__Ornana	1	full	TIGYG	TIGYG	I	434	yes
kir	F6WIC7__Ornana	F6WIC7__Ornana	1	full	TIGYG	TIGYG	I	434	yes
kir	F6WK38__Mondom	F6WK38__Mondom	1	full	TIGYG	TIGYG	I	434	yes
kir	F6X0E3__Mondom	F6X0E3__Mondom	1	full	TIGYG	TIGYG	I	434	yes
kir	F6XQI0__Cioint	F6XQI0__Cioint	1	full	SVGYG	SVGYG	V	434	yes
kir	F6XUJ0__Mondom	F6XUJ0__Mondom	1	full	TIGFG	TIGFG	I	434	yes
kir	F6YR67__Mondom	F6YR67__Mondom	1	full	TIGYG	TIGYG	I	434	yes
kir	F6YV60__Mondom	F6YV60__Mondom	1	full	TIGYG	TIGYG	I	434	yes
kir	F7ADK2__Xentro	F7ADK2__Xentro	1	full	TIGYG	TIGYG	I	434	yes
kir	F7AJ43__Xentro	F7AJ43__Xentro	1	full	TIGYG	TIGYG	I	434	yes
kir	F7BZF9__Ornana	F7BZF9__Ornana	1	full	TIGYG	TIGYG	I	434	yes
kir	F7D6C0__Xentro	F7D6C0__Xentro	1	full	TIGFG	TIGFG	I	434	yes
kir	F7DE03__Xentro	F7DE03__Xentro	1	full	SIGYG	SIGYG	I	434	yes
kir	F7F885__Mondom	F7F885__Mondom	1	full	TIGYG	TIGYG	I	434	yes
kir	F7F889__Mondom	F7F889__Mondom	1	full	TIGYG	TIGYG	I	434	yes
kir	F7FBI9__Ornana	F7FBI9__Ornana	1	full	TIGYG	TIGYG	I	434	yes
kir	F7FJC1__Mondom	F7FJC1__Mondom	1	full	TIGYG	TIGYG	I	434	yes
kir	F7G9G2__Ornana	F7G9G2__Ornana	1	full	TIGYG	TIGYG	I	434	yes
kir	F7G9G5__Ornana	F7G9G5__Ornana	1	full	TIGYG	TIGYG	I	434	yes
kir	G1K877__Anocar	G1K877__Anocar	1	full	TIGFG	TIGFG	I	434	yes
kir	G1KD14__Anocar	G1KD14__Anocar	1	full	TIGYG	TIGYG	I	434	yes
kir	G1KFD2__Anocar	G1KFD2__Anocar	1	full	TIGYG	TIGYG	I	434	yes
kir	G1KIJ4__Anocar	G1KIJ4__Anocar	1	full	TIGYG	TIGYG	I	434	yes
kir	G1KTJ8__Anocar	G1KTJ8__Anocar	1	full	TIGFG	TIGFG	I	434	yes
kir	H2RVM1__Takrub	H2RVM1__Takrub	1	full	TIGYG	TIGYG	I	434	yes
kir	H2S3P1__Takrub	H2S3P1__Takrub	1	full	TIGYG	TIGYG	I	434	yes
kir	H2S4A3__Takrub	H2S4A3__Takrub	1	full	TIGYG	TIGYG	I	434	yes
kir	H2SRX9__Takrub	H2SRX9__Takrub	1	full	TIGYG	TIGYG	I	434	yes
kir	H2SZ34__Takrub	H2SZ34__Takrub	1	full	TIGFG	TIGFG	I	434	yes
kir	H2T0K6__Takrub	H2T0K6__Takrub	1	full	TIGYG	TIGYG	I	434	yes
kir	H2T1X0__Takrub	H2T1X0__Takrub	1	full	TIGYG	TIGYG	I	434	yes
kir	H2T950__Takrub	H2T950__Takrub	1	full	TIGYG	TIGYG	I	434	yes
kir	H2TBH2__Takrub	H2TBH2__Takrub	1	full	TIGYG	TIGYG	I	434	yes
kir	H2TFE7__Takrub	H2TFE7__Takrub	1	full	TIGYG	TIGYG	I	434	yes
kir	H2TFZ2__Takrub	H2TFZ2__Takrub	1	full	TIGYG	TIGYG	I	434	yes
kir	H2TK24__Takrub	H2TK24__Takrub	1	full	TIGFG	TIGFG	I	434	yes
kir	H2U443__Takrub	H2U443__Takrub	1	full	TIGYG	TIGYG	I	434	yes
kir	H2U445__Takrub	H2U445__Takrub	1	full	TIGYG	TIGYG	I	434	yes
kir	H2UD82__Takrub	H2UD82__Takrub	1	full	TIGFG	TIGFG	I	434	yes
kir	H2UZV0__Takrub	H2UZV0__Takrub	1	full	TIGYG	TIGYG	I	434	yes
kir	H2ZVU9__Latcha	H2ZVU9__Latcha	1	full	TIGYG	TIGYG	I	434	yes
kir	H2ZYX1__Latcha	H2ZYX1__Latcha	1	full	TIGYG	TIGYG	I	434	yes
kir	H3A056__Latcha	H3A056__Latcha	1	full	TIGYG	TIGYG	I	434	yes
kir	H3A398__Latcha	H3A398__Latcha	1	full	TIGYG	TIGYG	I	434	yes
kir	H3A9C1__Latcha	H3A9C1__Latcha	1	full	TIGYG	TIGYG	I	434	yes
kir	H3A9F6__Latcha	H3A9F6__Latcha	1	full	TIGYG	TIGYG	I	434	yes
kir	H3AB30__Latcha	H3AB30__Latcha	1	full	TIGYG	TIGYG	I	434	yes
kir	H3ADF4__Latcha	H3ADF4__Latcha	1	full	TIGFG	TIGFG	I	434	yes
kir	H3AKZ6__Latcha	H3AKZ6__Latcha	1	full	TIGYG	TIGYG	I	434	yes
kir	H3B0E1__Latcha	H3B0E1__Latcha	1	full	TIGYG	TIGYG	I	434	yes
kir	H3B180__Latcha	H3B180__Latcha	1	full	TIGYG	TIGYG	I	434	yes
kir	H3B1J1__Latcha	H3B1J1__Latcha	1	full	TIGYG	TIGYG	I	434	yes
kir	H3B452__Latcha	H3B452__Latcha	1	full	TIGYG	TIGYG	I	434	yes
kir	H3B534__Latcha	H3B534__Latcha	1	full	TIGYG	TIGYG	I	434	yes
kir	H3BAR9__Latcha	H3BAR9__Latcha	1	full	TIGFG	TIGFG	I	434	yes
kir	H3BB39__Latcha	H3BB39__Latcha	1	full	TIGYG	TIGYG	I	434	yes
kir	H3BBD9__Latcha	H3BBD9__Latcha	1	full	TIGYG	TIGYG	I	434	yes
kir	H3BC47__Latcha	H3BC47__Latcha	1	full	TIGFG	TIGFG	I	434	yes
kir	H3BGW3__Latcha	H3BGW3__Latcha	1	full	TIGYG	TIGYG	I	434	yes
kir	H9G5K9__Anocar	H9G5K9__Anocar	1	full	TIGYG	TIGYG	I	434	yes
kir	H9GDN6__Anocar	H9GDN6__Anocar	1	full	TIGYG	TIGYG	I	434	yes
kir	H9GER1__Anocar	H9GER1__Anocar	1	full	TIGYG	TIGYG	I	434	yes
kir	H9GII1__Anocar	H9GII1__Anocar	1	full	TIGYG	TIGYG	I	434	yes
kir	H9GII7__Anocar	H9GII7__Anocar	1	full	TIGYG	TIGYG	I	434	yes
kir	H9GIV0__Anocar	H9GIV0__Anocar	1	full	TIGYG	TIGYG	I	434	yes
kir	H9GMX9__Anocar	H9GMX9__Anocar	1	full	TIGYG	TIGYG	I	434	yes
kir	H9GNK1__Anocar	H9GNK1__Anocar	1	full	SIGYG	SIGYG	I	434	yes
kir	H9GTA0__Anocar	H9GTA0__Anocar	1	full	TIGYG	TIGYG	I	434	yes
kir	H9H728__Mondom	H9H728__Mondom	1	full	TIGYG	TIGYG	I	434	yes
kir	M3XLP7__Latcha	M3XLP7__Latcha	1	full	SIGYG	SIGYG	I	434	yes
kir	Q1L0L3__Takrub	Q1L0L3__Takrub	1	full	TIGYG	TIGYG	I	434	yes
kir	Q1L8I5__Danrer	Q1L8I5__Danrer	1	full	TIGYG	TIGYG	I	434	yes
kir	Q1L8I9__Danrer	Q1L8I9__Danrer	1	full		TIGCG	I	434	no
kir	Q1LUW9__Danrer	Q1LUW9__Danrer	1	full	TVGYG	TVGYG	V	434	yes
kir	Q1LUX0__Danrer	Q1LUX0__Danrer	1	full		TVIYG	V	434	no
kir	Q6ZEQ2__Synsp.	Q6ZEQ2__Synsp.	1	partial					no
kir	R4GJD4__Galgal	R4GJD4__Galgal	1	full	TIGFG	TIGFG	I	434	yes
kir	S4S1L4__Petmar	S4S1L4__Petmar	1	full	TIGFG	TIGFG	I	434	yes
kir	V3Z823__Lotgig	V3Z823__Lotgig	1	full	TIGYG	TIGYG	I	434	yes
kir	V3ZQG3__Lotgig	V3ZQG3__Lotgig	1	full	TIGYG	TIGYG	I	434	yes
kir	V3ZRM7__Lotgig	V3ZRM7__Lotgig	1	full	TVGYG	TVGYG	V	434	yes
kir	V3ZUX5__Lotgig	V3ZUX5__Lotgig	1	full	TIGYG	TIGYG	I	434	yes
kir	V4B180__Lotgig	V4B180__Lotgig	1	full	TIGYG	TIGYG	I	434	yes
kir	GCA_964187895.1_OZ076461.1_67746761-68659168-__Corasp	GCA_964187895.1_OZ076461.1_67746761-68659168-__Corasp	1	full	TIGYG	TIGYG	I	434	yes
kir	GCA_964187895.1_OZ076447.1_46268854-47001481___Corasp	GCA_964187895.1_OZ076447.1_46268854-47001481___Corasp	1	full	TIGYG	TIGYG	I	434	yes
kir	GCA_964187895.1_OZ076464.1_35373925-35880488-__Corasp	GCA_964187895.1_OZ076464.1_35373925-35880488-__Corasp	1	full	TIGYG	TIGYG	I	434	yes
kir	GCA_964187895.1_OZ076469.1_6033680-6049583___Corasp	GCA_964187895.1_OZ076469.1_6033680-6049583___Corasp	1	full	TVGYG	TVGYG	V	434	yes
kir	GCA_977017645.1_OZ360227.1_115806153-116198921___Tormar	GCA_977017645.1_OZ360227.1_115806153-116198921___Tormar	1	full	TIGYG	TIGYG	I	434	yes
kir	GCA_977017645.1_OZ360243.1_20052491-20373384___Tormar	GCA_977017645.1_OZ360243.1_20052491-20373384___Tormar	1	full	TIGFG	TIGFG	I	434	yes
kir	GCA_977017645.1_OZ360241.1_15762322-15824366-__Tormar	GCA_977017645.1_OZ360241.1_15762322-15824366-__Tormar	1	full	TIGYG	TIGYG	I	434	yes
kir	GCA_977017645.1_OZ360247.1_27887427-28414126___Tormar	GCA_977017645.1_OZ360247.1_27887427-28414126___Tormar	1	full	TIGYG	TIGYG	I	434	yes
kir	GCA_977017645.1_OZ360240.1_19231216-19948388___Tormar	GCA_977017645.1_OZ360240.1_19231216-19948388___Tormar	1	full	TIGYG	TIGYG	I	434	yes
kir	GCA_977017645.1_OZ360255.1_26844253-27676120___Tormar	GCA_977017645.1_OZ360255.1_26844253-27676120___Tormar	1	full	TIGFG	TIGFG	I	434	yes
kir	GCA_977017645.1_OZ360229.1_85914332-85926116___Tormar	GCA_977017645.1_OZ360229.1_85914332-85926116___Tormar	1	full	TIGYG	TIGYG	I	434	yes
kir	GCA_977017645.1_OZ360229.1_130263550-130385773___Tormar	GCA_977017645.1_OZ360229.1_130263550-130385773___Tormar	1	full	TIGYG	TIGYG	I	434	yes
kir	GCA_977017645.1_OZ360229.1_129947958-129948914-__Tormar	GCA_977017645.1_OZ360229.1_129947958-129948914-__Tormar	1	full	TIGYG	TIGYG	I	434	yes
kir	GCA_977017645.1_OZ360243.1_20102696-20422021-__Tormar	GCA_977017645.1_OZ360243.1_20102696-20422021-__Tormar	1	full	TIGFG	TIGFG	I	434	yes
kir	GCA_977017645.1_OZ360231.1_36146535-36147452-__Tormar	GCA_977017645.1_OZ360231.1_36146535-36147452-__Tormar	1	full	TIGYG	TIGYG	I	434	yes
kir	GCA_977017645.1_OZ360231.1_36547171-36712951___Tormar	GCA_977017645.1_OZ360231.1_36547171-36712951___Tormar	1	full	TIGYG	TIGYG	I	434	yes
kir	GCA_977017645.1_CDRNVU010000858.1_373901-375046___Tormar	GCA_977017645.1_CDRNVU010000858.1_373901-375046___Tormar	1	full	TIGYG	TIGYG	I	434	yes
k2p	G3V8R8__Ratnor_m1	G3V8R8__Ratnor	1	full	TVGYG	TVGYG	V	434	yes
k2p	G3V8R8__Ratnor_m2	G3V8R8__Ratnor	2	full	TIGLG	TIGLG	I	434	yes
k2p	G3V8V5__Ratnor_m1	G3V8V5__Ratnor	1	full	TIGYG	TIGYG	I	434	yes
k2p	G3V8V5__Ratnor_m2	G3V8V5__Ratnor	2	full	TVGFG	TVGFG	V	434	yes
k2p	G5E845__Musmus_m1	G5E845__Musmus	1	full	TIGYG	TIGYG	I	434	yes
k2p	G5E845__Musmus_m2	G5E845__Musmus	2	full	TIGFG	TIGFG	I	434	yes
k2p	O00180__Homsap_m1	O00180__Homsap	1	full	TTGYG	TTGYG	T	434	yes
k2p	O00180__Homsap_m2	O00180__Homsap	2	full	TIGLG	TIGLG	I	434	yes
k2p	O08581__Musmus_m1	O08581__Musmus	1	full	TTGYG	TTGYG	T	434	yes
k2p	O08581__Musmus_m2	O08581__Musmus	2	full	TIGLG	TIGLG	I	434	yes
k2p	O14649__Homsap_m1	O14649__Homsap	1	full	TIGYG	TIGYG	I	434	yes
k2p	O14649__Homsap_m2	O14649__Homsap	2	full	TIGFG	TIGFG	I	434	yes
k2p	O17185__Caeele_m1	O17185__Caeele	1	full	TIGYG	TIGYG	I	434	yes
k2p	O17185__Caeele_m2	O17185__Caeele	2	full	TIGFG	TIGFG	I	434	yes
k2p	O35111__Musmus_m1	O35111__Musmus	1	full	TIGYG	TIGYG	I	434	yes
k2p	O35111__Musmus_m2	O35111__Musmus	2	full	TIGFG	TIGFG	I	434	yes
k2p	O54912__Ratnor_m1	O54912__Ratnor	1	full	TIGYG	TIGYG	I	434	yes
k2p	O54912__Ratnor_m2	O54912__Ratnor	2	full	TIGFG	TIGFG	I	434	yes
k2p	O88454__Musmus_m1	O88454__Musmus	1	full	TIGYG	TIGYG	I	434	yes
k2p	O88454__Musmus_m2	O88454__Musmus	2	full	TVGFG	TVGFG	V	434	yes
k2p	O95069__Homsap_m1	O95069__Homsap	1	full	TIGFG	TIGFG	I	434	yes
k2p	O95069__Homsap_m2	O95069__Homsap	2	full	TIGFG	TIGFG	I	434	yes
k2p	O95279__Homsap_m1	O95279__Homsap	1	full	TIGYG	TIGYG	I	434	yes
k2p	O95279__Homsap_m2	O95279__Homsap	2	full	TIGFG	TIGFG	I	434	yes
k2p	P34410__Caeele_m1	P34410__Caeele	1	full	TIGYG	TIGYG	I	434	yes
k2p	P34410__Caeele_m2	P34410__Caeele	2	full	TVGFG	TVGFG	V	434	yes
k2p	P57789__Homsap_m1	P57789__Homsap	1	full	TIGYG	TIGYG	I	434	yes
k2p	P57789__Homsap_m2	P57789__Homsap	2	full	TVGFG	TVGFG	V	434	yes
k2p	P97438__Musmus_m1	P97438__Musmus	1	full	TIGFG	TIGFG	I	434	yes
k2p	P97438__Musmus_m2	P97438__Musmus	2	full	TIGFG	TIGFG	I	434	yes
k2p	Q18120__Caeele_m1	Q18120__Caeele	1	full	TIGYG	TIGYG	I	434	yes
k2p	Q18120__Caeele_m2	Q18120__Caeele	2	full	TIGFG	TIGFG	I	434	yes
k2p	Q19907__Caeele_m1	Q19907__Caeele	1	full	TIGYG	TIGYG	I	434	yes
k2p	Q19907__Caeele_m2	Q19907__Caeele	2	full	TVGLG	TVGLG	V	434	yes
k2p	Q22271__Caeele_m1	Q22271__Caeele	1	full		TCGYG	C	434	no
k2p	Q22271__Caeele_m2	Q22271__Caeele	2	full	TVGLG	TVGLG	V	434	yes
k2p	Q23435__Caeele_m1	Q23435__Caeele	1	partial					no
k2p	Q23435__Caeele_m2	Q23435__Caeele	2	full	TIGLG	TIGLG	I	434	yes
k2p	Q3LS21__Musmus_m1	Q3LS21__Musmus	1	full	TIGYG	TIGYG	I	434	yes
k2p	Q3LS21__Musmus_m2	Q3LS21__Musmus	2	full	TIGFG	TIGFG	I	434	yes
k2p	Q3TBV4__Musmus_m1	Q3TBV4__Musmus	1	full	TVGYG	TVGYG	V	434	yes
k2p	Q3TBV4__Musmus_m2	Q3TBV4__Musmus	2	full	TIGLG	TIGLG	I	434	yes
k2p	Q5VSE6__Danrer_m1	Q5VSE6__Danrer	1	full	TIGFG	TIGFG	I	434	yes
k2p	Q5VSE6__Danrer_m2	Q5VSE6__Danrer	2	full	TIGFG	TIGFG	I	434	yes
k2p	Q69TN4__Orysat_m1	Q69TN4__Orysat	1	partial					no
k2p	Q69TN4__Orysat_m2	Q69TN4__Orysat	2	full	TVGYG	TVGYG	V	434	yes
k2p	Q6Q1P3__Ratnor_m1	Q6Q1P3__Ratnor	1	full	TVGYG	TVGYG	V	434	yes
k2p	Q6Q1P3__Ratnor_m2	Q6Q1P3__Ratnor	2	full	TIGFG	TIGFG	I	434	yes
k2p	Q6VV64__Musmus_m1	Q6VV64__Musmus	1	full	TVGYG	TVGYG	V	434	yes
k2p	Q6VV64__Musmus_m2	Q6VV64__Musmus	2	full	TIGFG	TIGFG	I	434	yes
k2p	Q7Z418__Homsap_m1	Q7Z418__Homsap	1	full	TVGYG	TVGYG	V	434	yes
k2p	Q7Z418__Homsap_m2	Q7Z418__Homsap	2	full	TIGFG	TIGFG	I	434	yes
k2p	Q850M0__Orysat_m1	Q850M0__Orysat	1	partial					no
k2p	Q850M0__Orysat_m2	Q850M0__Orysat	2	full	TLGYG	TLGYG	L	434	yes
k2p	Q8BUW1__Musmus_m1	Q8BUW1__Musmus	1	full	TIGYG	TIGYG	I	434	yes
k2p	Q8BUW1__Musmus_m2	Q8BUW1__Musmus	2	full	TVGFG	TVGFG	V	434	yes
k2p	Q8LBL1__Aratha_m1	Q8LBL1__Aratha	1	partial					no
k2p	Q8LBL1__Aratha_m2	Q8LBL1__Aratha	2	full	TLGYG	TLGYG	L	434	yes
k2p	Q8LIN5__Orysat_m1	Q8LIN5__Orysat	1	partial					no
k2p	Q8LIN5__Orysat_m2	Q8LIN5__Orysat	2	full	TLGYG	TLGYG	L	434	yes
k2p	Q8R1P5__Musmus_m1	Q8R1P5__Musmus	1	full	TIGFG	TIGFG	I	434	yes
k2p	Q8R1P5__Musmus_m2	Q8R1P5__Musmus	2	full	TIGFG	TIGFG	I	434	yes
k2p	Q8R5I0__Ratnor_m1	Q8R5I0__Ratnor	1	full	TIGYG	TIGYG	I	434	yes
k2p	Q8R5I0__Ratnor_m2	Q8R5I0__Ratnor	2	full	TIGFG	TIGFG	I	434	yes
k2p	Q920B6__Ratnor_m1	Q920B6__Ratnor	1	full	TIGFG	TIGFG	I	434	yes
k2p	Q920B6__Ratnor_m2	Q920B6__Ratnor	2	full	TIGFG	TIGFG	I	434	yes
k2p	Q94526__Dromel_m1	Q94526__Dromel	1	full	TVGYG	TVGYG	V	434	yes
k2p	Q94526__Dromel_m2	Q94526__Dromel	2	full	TIGFG	TIGFG	I	434	yes
k2p	Q96T54__Homsap_m1	Q96T54__Homsap	1	full	TIGYG	TIGYG	I	434	yes
k2p	Q96T54__Homsap_m2	Q96T54__Homsap	2	full	TVGFG	TVGFG	V	434	yes
k2p	Q96T55__Homsap_m1	Q96T55__Homsap	1	full	TIGYG	TIGYG	I	434	yes
k2p	Q96T55__Homsap_m2	Q96T55__Homsap	2	full	TIGFG	TIGFG	I	434	yes
k2p	Q9ERS0__Ratnor_m1	Q9ERS0__Ratnor	1	full	TIGFG	TIGFG	I	434	yes
k2p	Q9ERS0__Ratnor_m2	Q9ERS0__Ratnor	2	full	TIGFG	TIGFG	I	434	yes
k2p	Q9ERS1__Ratnor_m1	Q9ERS1__Ratnor	1	full	TIGFG	TIGFG	I	434	yes
k2p	Q9ERS1__Ratnor_m2	Q9ERS1__Ratnor	2	full	TIGFG	TIGFG	I	434	yes
k2p	Q9ES08__Ratnor_m1	Q9ES08__Ratnor	1	full	TIGYG	TIGYG	I	434	yes
k2p	Q9ES08__Ratnor_m2	Q9ES08__Ratnor	2	full	TIGFG	TIGFG	I	434	yes
k2p	Q9FL25__Aratha_m1	Q9FL25__Aratha	1	partial					no
k2p	Q9FL25__Aratha_m2	Q9FL25__Aratha	2	full	CLGFG	TVGYG	V	434	yes
k2p	Q9H427__Homsap_m1	Q9H427__Homsap	1	full		TIEYG	I	434	no
k2p	Q9H427__Homsap_m2	Q9H427__Homsap	2	full	TIGFG	TIGFG	I	434	yes
k2p	Q9HB14__Homsap_m1	Q9HB14__Homsap	1	full	TIGFG	TIGFG	I	434	yes
k2p	Q9HB14__Homsap_m2	Q9HB14__Homsap	2	full	TIGFG	TIGFG	I	434	yes
k2p	Q9HB15__Homsap_m1	Q9HB15__Homsap	1	full	TIGFG	TIGFG	I	434	yes
k2p	Q9HB15__Homsap_m2	Q9HB15__Homsap	2	full	TIGFG	TIGFG	I	434	yes
k2p	Q9JIS4__Ratnor_m1	Q9JIS4__Ratnor	1	full	TIGYG	TIGYG	I	434	yes
k2p	Q9JIS4__Ratnor_m2	Q9JIS4__Ratnor	2	full	TVGFG	TVGFG	V	434	yes
k2p	Q9NPC2__Homsap_m1	Q9NPC2__Homsap	1	full	TIGYG	TIGYG	I	434	yes
k2p	Q9NPC2__Homsap_m2	Q9NPC2__Homsap	2	full	TIGFG	TIGFG	I	434	yes
k2p	Q9NYG8__Homsap_m1	Q9NYG8__Homsap	1	full	TIGYG	TIGYG	I	434	yes
k2p	Q9NYG8__Homsap_m2	Q9NYG8__Homsap	2	full	TVGFG	TVGFG	V	434	yes
k2p	Q9S6Z8__Aratha_m1	Q9S6Z8__Aratha	1	partial					no
k2p	Q9S6Z8__Aratha_m2	Q9S6Z8__Aratha	2	full	TVGYG	TVGYG	V	434	yes
k2p	Q9SVV6__Aratha_m1	Q9SVV6__Aratha	1	partial					no
k2p	Q9SVV6__Aratha_m2	Q9SVV6__Aratha	2	full	TVGYG	TVGYG	V	434	yes
k2p	Q9Y257__Homsap_m1	Q9Y257__Homsap	1	full	TVGYG	TVGYG	V	434	yes
k2p	Q9Y257__Homsap_m2	Q9Y257__Homsap	2	full	TIGLG	TIGLG	I	434	yes
k2p	Q9Y2U2__Homsap_m1	Q9Y2U2__Homsap	1	full	ALGLG	TTGYG	T	434	yes
k2p	Q9Y2U2__Homsap_m2	Q9Y2U2__Homsap	2	full		TIGLE	I	434	no
k2p	Q9Z2T1__Musmus_m1	Q9Z2T1__Musmus	1	full	AMGLG	TTGYG	T	434	yes
k2p	Q9Z2T1__Musmus_m2	Q9Z2T1__Musmus	2	full	AAGLG	TIGLG	I	434	yes
k2p	Q9Z2T2__Ratnor_m1	Q9Z2T2__Ratnor	1	full	TTGYG	TTGYG	T	434	yes
k2p	Q9Z2T2__Ratnor_m2	Q9Z2T2__Ratnor	2	full	TIGLG	TIGLG	I	434	yes
k2p	A0A0K3AXZ4__Caeele_m1	A0A0K3AXZ4__Caeele	1	full		PVGYG	V	434	no
k2p	A0A0K3AXZ4__Caeele_m2	A0A0K3AXZ4__Caeele	2	full	TIGFG	TIGFG	I	434	yes
k2p	A0A0P0V6X9__Orysat_m1	A0A0P0V6X9__Orysat	1	partial					no
k2p	A0A0P0V6X9__Orysat_m2	A0A0P0V6X9__Orysat	2	full	TVGYG	TVGYG	V	434	yes
k2p	A0A1D5P3M3__Galgal_m1	A0A1D5P3M3__Galgal	1	full	TIGFG	TIGFG	I	434	yes
k2p	A0A1D5P3M3__Galgal_m2	A0A1D5P3M3__Galgal	2	full	TIGFG	TIGFG	I	434	yes
k2p	A0A1D5PDB8__Galgal_m1	A0A1D5PDB8__Galgal	1	full	TIGYG	TIGYG	I	434	yes
k2p	A0A1D5PDB8__Galgal_m2	A0A1D5PDB8__Galgal	2	full	TIGFG	TIGFG	I	434	yes
k2p	A0A2K1ITF6__Phypat_m1	A0A2K1ITF6__Phypat	1	partial					no
k2p	A0A2K1ITF6__Phypat_m2	A0A2K1ITF6__Phypat	2	full	TLGYG	TLGYG	L	434	yes
k2p	A0A2K1IUA0__Phypat_m1	A0A2K1IUA0__Phypat	1	partial					no
k2p	A0A2K1IUA0__Phypat_m2	A0A2K1IUA0__Phypat	2	full	TVGYG	TVGYG	V	434	yes
k2p	A0A2K1K7C7__Phypat_m1	A0A2K1K7C7__Phypat	1	full	TIGYG	TIGYG	I	434	yes
k2p	A0A2K1K7C7__Phypat_m2	A0A2K1K7C7__Phypat	2	full	TVGYG	TVGYG	V	434	yes
k2p	A0A2X0RDZ3__Caeele_m1	A0A2X0RDZ3__Caeele	1	full	TIGYG	TIGYG	I	434	yes
k2p	A0A2X0RDZ3__Caeele_m2	A0A2X0RDZ3__Caeele	2	full	TIGFG	TIGFG	I	434	yes
k2p	A0A3B5JYL7__Takrub_m1	A0A3B5JYL7__Takrub	1	full	TIGFG	TIGFG	I	434	yes
k2p	A0A3B5JYL7__Takrub_m2	A0A3B5JYL7__Takrub	2	full	TVGFG	TVGFG	V	434	yes
k2p	A0A3B5K1B9__Takrub_m1	A0A3B5K1B9__Takrub	1	full	TIGYG	TIGYG	I	434	yes
k2p	A0A3B5K1B9__Takrub_m2	A0A3B5K1B9__Takrub	2	full	TIGFG	TIGFG	I	434	yes
k2p	A0A3B5KFN3__Takrub_m1	A0A3B5KFN3__Takrub	1	full	TTGYG	TTGYG	T	434	yes
k2p	A0A3B5KFN3__Takrub_m2	A0A3B5KFN3__Takrub	2	full	TIGLG	TIGLG	I	434	yes
k2p	A0A4W3GCK8__Calmil_m1	A0A4W3GCK8__Calmil	1	partial					no
k2p	A0A4W3GCK8__Calmil_m2	A0A4W3GCK8__Calmil	2	full	TIGFG	TIGFG	I	434	yes
k2p	A0A4W3GHC1__Calmil_m1	A0A4W3GHC1__Calmil	1	full	TIGYG	TIGYG	I	434	yes
k2p	A0A4W3GHC1__Calmil_m2	A0A4W3GHC1__Calmil	2	full	TIGFG	TIGFG	I	434	yes
k2p	A0A4W3GRJ3__Calmil_m1	A0A4W3GRJ3__Calmil	1	full	TIGYG	TIGYG	I	434	yes
k2p	A0A4W3GRJ3__Calmil_m2	A0A4W3GRJ3__Calmil	2	full	TVGFG	TVGFG	V	434	yes
k2p	A0A4W3GUV5__Calmil_m1	A0A4W3GUV5__Calmil	1	partial					no
k2p	A0A4W3GUV5__Calmil_m2	A0A4W3GUV5__Calmil	2	full	TIGFG	TIGFG	I	434	yes
k2p	A0A4W3HXQ1__Calmil_m1	A0A4W3HXQ1__Calmil	1	partial					no
k2p	A0A4W3HXQ1__Calmil_m2	A0A4W3HXQ1__Calmil	2	full	TIGFG	TIGFG	I	434	yes
k2p	A0A4W3I111__Calmil_m1	A0A4W3I111__Calmil	1	full	TIGYG	TIGYG	I	434	yes
k2p	A0A4W3I111__Calmil_m2	A0A4W3I111__Calmil	2	full	TIGFG	TIGFG	I	434	yes
k2p	A0A4W3I5L5__Calmil_m1	A0A4W3I5L5__Calmil	1	full	TIGFG	TIGFG	I	434	yes
k2p	A0A4W3I5L5__Calmil_m2	A0A4W3I5L5__Calmil	2	full	TIGFG	TIGFG	I	434	yes
k2p	A0A4W3INA2__Calmil_m1	A0A4W3INA2__Calmil	1	full	TIGFG	TIGFG	I	434	yes
k2p	A0A4W3INA2__Calmil_m2	A0A4W3INA2__Calmil	2	full	TIGFG	TIGFG	I	434	yes
k2p	A0A4W3J8P3__Calmil_m1	A0A4W3J8P3__Calmil	1	full	TIGYG	TIGYG	I	434	yes
k2p	A0A4W3J8P3__Calmil_m2	A0A4W3J8P3__Calmil	2	full	TIGFG	TIGFG	I	434	yes
k2p	A0A4W3JCV9__Calmil_m1	A0A4W3JCV9__Calmil	1	full	TIGYG	TIGYG	I	434	yes
k2p	A0A4W3JCV9__Calmil_m2	A0A4W3JCV9__Calmil	2	full	TIGFG	TIGFG	I	434	yes
k2p	A0A4W3JQQ9__Calmil_m1	A0A4W3JQQ9__Calmil	1	full	TVGYG	TVGYG	V	434	yes
k2p	A0A4W3JQQ9__Calmil_m2	A0A4W3JQQ9__Calmil	2	full	TIGFG	TIGFG	I	434	yes
k2p	A0A4W3JRP1__Calmil_m1	A0A4W3JRP1__Calmil	1	partial					no
k2p	A0A4W3JRP1__Calmil_m2	A0A4W3JRP1__Calmil	2	full	TIGLG	TIGLG	I	434	yes
k2p	A0A5F8G241__Mondom_m1	A0A5F8G241__Mondom	1	full	TIGFG	TIGFG	I	434	yes
k2p	A0A5F8G241__Mondom_m2	A0A5F8G241__Mondom	2	full	TIGFG	TIGFG	I	434	yes
k2p	A0A5F8G871__Mondom_m1	A0A5F8G871__Mondom	1	full	TIGYG	TIGYG	I	434	yes
k2p	A0A5F8G871__Mondom_m2	A0A5F8G871__Mondom	2	full	TVGFG	TVGFG	V	434	yes
k2p	A0A5F8GVH7__Mondom_m1	A0A5F8GVH7__Mondom	1	full	TIGYG	TIGYG	I	434	yes
k2p	A0A5F8GVH7__Mondom_m2	A0A5F8GVH7__Mondom	2	full	TVGFG	TVGFG	V	434	yes
k2p	A0A5F8GXD9__Mondom_m1	A0A5F8GXD9__Mondom	1	full	TIGYG	TIGYG	I	434	yes
k2p	A0A5F8GXD9__Mondom_m2	A0A5F8GXD9__Mondom	2	full	TVGFG	TVGFG	V	434	yes
k2p	A0A674MRV8__Takrub_m1	A0A674MRV8__Takrub	1	full	TIGFG	TIGFG	I	434	yes
k2p	A0A674MRV8__Takrub_m2	A0A674MRV8__Takrub	2	full	TIGFG	TIGFG	I	434	yes
k2p	A0A674MYH3__Takrub_m1	A0A674MYH3__Takrub	1	full	TVGYG	TVGYG	V	434	yes
k2p	A0A674MYH3__Takrub_m2	A0A674MYH3__Takrub	2	full	TIGLG	TIGLG	I	434	yes
k2p	A0A674ND24__Takrub_m1	A0A674ND24__Takrub	1	full	TIGFG	TIGFG	I	434	yes
k2p	A0A674ND24__Takrub_m2	A0A674ND24__Takrub	2	full	TVGFG	TVGFG	V	434	yes
k2p	A0A6H2EDG1__Dromel_m1	A0A6H2EDG1__Dromel	1	full	TIGYG	TIGYG	I	434	yes
k2p	A0A6H2EDG1__Dromel_m2	A0A6H2EDG1__Dromel	2	full	TIGFG	TIGFG	I	434	yes
k2p	A0A6I8MXI6__Ornana_m1	A0A6I8MXI6__Ornana	1	full	TVGYG	TVGYG	V	434	yes
k2p	A0A6I8MXI6__Ornana_m2	A0A6I8MXI6__Ornana	2	full	TIGFG	TIGFG	I	434	yes
k2p	A0A6I8N080__Ornana_m1	A0A6I8N080__Ornana	1	full	TIGYG	TIGYG	I	434	yes
k2p	A0A6I8N080__Ornana_m2	A0A6I8N080__Ornana	2	full	TVGFG	TVGFG	V	434	yes
k2p	A0A6I8N1C6__Ornana_m1	A0A6I8N1C6__Ornana	1	full	TIGFG	TIGFG	I	434	yes
k2p	A0A6I8N1C6__Ornana_m2	A0A6I8N1C6__Ornana	2	full	TIGFG	TIGFG	I	434	yes
k2p	A0A6I8NC97__Ornana_m1	A0A6I8NC97__Ornana	1	full	TIGFG	TIGFG	I	434	yes
k2p	A0A6I8NC97__Ornana_m2	A0A6I8NC97__Ornana	2	full	TIGFG	TIGFG	I	434	yes
k2p	A0A6I8NF55__Ornana_m1	A0A6I8NF55__Ornana	1	full	TIGYG	TIGYG	I	434	yes
k2p	A0A6I8NF55__Ornana_m2	A0A6I8NF55__Ornana	2	full	TIGFG	TIGFG	I	434	yes
k2p	A0A6I8NHP6__Ornana_m1	A0A6I8NHP6__Ornana	1	full		TIGCG	I	434	no
k2p	A0A6I8NHP6__Ornana_m2	A0A6I8NHP6__Ornana	2	full	TIGFG	TIGFG	I	434	yes
k2p	A0A6I8NZL1__Ornana_m1	A0A6I8NZL1__Ornana	1	full	TVGYG	TVGYG	V	434	yes
k2p	A0A6I8NZL1__Ornana_m2	A0A6I8NZL1__Ornana	2	full	TIGLG	TIGLG	I	434	yes
k2p	A0A6I8P1W2__Ornana_m1	A0A6I8P1W2__Ornana	1	full	TIGYG	TIGYG	I	434	yes
k2p	A0A6I8P1W2__Ornana_m2	A0A6I8P1W2__Ornana	2	full	TIGFG	TIGFG	I	434	yes
k2p	A0A6I8RBB8__Xentro_m1	A0A6I8RBB8__Xentro	1	full	TIGYG	TIGYG	I	434	yes
k2p	A0A6I8RBB8__Xentro_m2	A0A6I8RBB8__Xentro	2	full	TIGFG	TIGFG	I	434	yes
k2p	A0A6I8RSF8__Xentro_m1	A0A6I8RSF8__Xentro	1	full	TIGYG	TIGYG	I	434	yes
k2p	A0A6I8RSF8__Xentro_m2	A0A6I8RSF8__Xentro	2	full	TIGFG	TIGFG	I	434	yes
k2p	A0A6I8T1D7__Xentro_m1	A0A6I8T1D7__Xentro	1	full	TIGYG	TIGYG	I	434	yes
k2p	A0A6I8T1D7__Xentro_m2	A0A6I8T1D7__Xentro	2	full	TIGFG	TIGFG	I	434	yes
k2p	A0A7M7G309__Strpur_m1	A0A7M7G309__Strpur	1	full	TIGYG	TIGYG	I	434	yes
k2p	A0A7M7G309__Strpur_m2	A0A7M7G309__Strpur	2	full	TVGFG	TVGFG	V	434	yes
k2p	A0A7M7GGT9__Strpur_m1	A0A7M7GGT9__Strpur	1	full	TIGYG	TIGYG	I	434	yes
k2p	A0A7M7GGT9__Strpur_m2	A0A7M7GGT9__Strpur	2	full	TIGFG	TIGFG	I	434	yes
k2p	A0A7M7GGY1__Strpur_m1	A0A7M7GGY1__Strpur	1	full	TIGYG	TIGYG	I	434	yes
k2p	A0A7M7GGY1__Strpur_m2	A0A7M7GGY1__Strpur	2	full	TIGLG	TIGLG	I	434	yes
k2p	A0A7M7HJU6__Strpur_m1	A0A7M7HJU6__Strpur	1	full	TIGYG	TIGYG	I	434	yes
k2p	A0A7M7HJU6__Strpur_m2	A0A7M7HJU6__Strpur	2	full	TIGFG	TIGFG	I	434	yes
k2p	A0A7M7LTM2__Strpur_m1	A0A7M7LTM2__Strpur	1	full	TVGFG	TVGFG	V	434	yes
k2p	A0A7M7LTM2__Strpur_m2	A0A7M7LTM2__Strpur	2	full	TIGFG	TIGFG	I	434	yes
k2p	A0A7M7LW37__Strpur_m1	A0A7M7LW37__Strpur	1	full	TIGYG	TIGYG	I	434	yes
k2p	A0A7M7LW37__Strpur_m2	A0A7M7LW37__Strpur	2	full	TVGFG	TVGFG	V	434	yes
k2p	A0A7M7NHG1__Strpur_m1	A0A7M7NHG1__Strpur	1	full	TIGYG	TIGYG	I	434	yes
k2p	A0A7M7NHG1__Strpur_m2	A0A7M7NHG1__Strpur	2	full	TIGFG	TIGFG	I	434	yes
k2p	A0A7M7NUN5__Strpur_m1	A0A7M7NUN5__Strpur	1	full	TIGYG	TIGYG	I	434	yes
k2p	A0A7M7NUN5__Strpur_m2	A0A7M7NUN5__Strpur	2	full	TVGFG	TVGFG	V	434	yes
k2p	A0A7M7NUX9__Strpur_m1	A0A7M7NUX9__Strpur	1	full	TIGYG	TIGYG	I	434	yes
k2p	A0A7M7NUX9__Strpur_m2	A0A7M7NUX9__Strpur	2	full	TIGFG	TIGFG	I	434	yes
k2p	A0A7M7PPE6__Strpur_m1	A0A7M7PPE6__Strpur	1	partial					no
k2p	A0A7M7PPE6__Strpur_m2	A0A7M7PPE6__Strpur	2	full	TIGFG	TIGFG	I	434	yes
k2p	A0A7M7R9Z9__Strpur_m1	A0A7M7R9Z9__Strpur	1	full	TIGYG	TIGYG	I	434	yes
k2p	A0A7M7R9Z9__Strpur_m2	A0A7M7R9Z9__Strpur	2	full	TIGFG	TIGFG	I	434	yes
k2p	A0A7M7RBT1__Strpur_m1	A0A7M7RBT1__Strpur	1	full	TVGYG	TVGYG	V	434	yes
k2p	A0A7M7RBT1__Strpur_m2	A0A7M7RBT1__Strpur	2	full	TIGFG	TIGFG	I	434	yes
k2p	A0A7M7RFG1__Strpur_m1	A0A7M7RFG1__Strpur	1	full	TIGYG	TIGYG	I	434	yes
k2p	A0A7M7RFG1__Strpur_m2	A0A7M7RFG1__Strpur	2	full	TIGFG	TIGFG	I	434	yes
k2p	A0A7M7RIT6__Strpur_m1	A0A7M7RIT6__Strpur	1	full	TIGYG	TIGYG	I	434	yes
k2p	A0A7M7RIT6__Strpur_m2	A0A7M7RIT6__Strpur	2	full	TIGFG	TIGFG	I	434	yes
k2p	A0A7M7SZ02__Strpur_m1	A0A7M7SZ02__Strpur	1	full	TIGYG	TIGYG	I	434	yes
k2p	A0A7M7SZ02__Strpur_m2	A0A7M7SZ02__Strpur	2	full	TVGFG	TVGFG	V	434	yes
k2p	A0A7M7T5G1__Strpur_m1	A0A7M7T5G1__Strpur	1	full	TIGYG	TIGYG	I	434	yes
k2p	A0A7M7T5G1__Strpur_m2	A0A7M7T5G1__Strpur	2	full	TVGLG	TVGLG	V	434	yes
k2p	A0A803JN18__Xentro_m1	A0A803JN18__Xentro	1	full	TIGYG	TIGYG	I	434	yes
k2p	A0A803JN18__Xentro_m2	A0A803JN18__Xentro	2	full	TIGFG	TIGFG	I	434	yes
k2p	A0A803JN99__Xentro_m1	A0A803JN99__Xentro	1	full	TIGYG	TIGYG	I	434	yes
k2p	A0A803JN99__Xentro_m2	A0A803JN99__Xentro	2	full	TTGFG	TTGFG	T	434	yes
k2p	A0A803JPS6__Xentro_m1	A0A803JPS6__Xentro	1	full	TIGYG	TIGYG	I	434	yes
k2p	A0A803JPS6__Xentro_m2	A0A803JPS6__Xentro	2	full	TIGFG	TIGFG	I	434	yes
k2p	A0A803JSE0__Xentro_m1	A0A803JSE0__Xentro	1	full	TVGYG	TVGYG	V	434	yes
k2p	A0A803JSE0__Xentro_m2	A0A803JSE0__Xentro	2	full	TIGFG	TIGFG	I	434	yes
k2p	A0A803JZK8__Xentro_m1	A0A803JZK8__Xentro	1	full	TIGYG	TIGYG	I	434	yes
k2p	A0A803JZK8__Xentro_m2	A0A803JZK8__Xentro	2	full	TIGFG	TIGFG	I	434	yes
k2p	A0A803K7I3__Xentro_m1	A0A803K7I3__Xentro	1	full	TIGFG	TIGFG	I	434	yes
k2p	A0A803K7I3__Xentro_m2	A0A803K7I3__Xentro	2	full	TIGFG	TIGFG	I	434	yes
k2p	A0A803SNG6__Anocar_m1	A0A803SNG6__Anocar	1	partial					no
k2p	A0A803SNG6__Anocar_m2	A0A803SNG6__Anocar	2	full	TIGLG	TIGLG	I	434	yes
k2p	A0A803T5V2__Anocar_m1	A0A803T5V2__Anocar	1	full	TIGFG	TIGFG	I	434	yes
k2p	A0A803T5V2__Anocar_m2	A0A803T5V2__Anocar	2	full	TIGFG	TIGFG	I	434	yes
k2p	A0A803THB0__Anocar_m1	A0A803THB0__Anocar	1	full	TIGYG	TIGYG	I	434	yes
k2p	A0A803THB0__Anocar_m2	A0A803THB0__Anocar	2	full	TIGFG	TIGFG	I	434	yes
k2p	A0A803TQP7__Anocar_m1	A0A803TQP7__Anocar	1	full	TIGFG	TIGFG	I	434	yes
k2p	A0A803TQP7__Anocar_m2	A0A803TQP7__Anocar	2	full	TIGFG	TIGFG	I	434	yes
k2p	A0A8J0PG01__Xentro_m1	A0A8J0PG01__Xentro	1	full	TTGYG	TTGYG	T	434	yes
k2p	A0A8J0PG01__Xentro_m2	A0A8J0PG01__Xentro	2	full	TIGLG	TIGLG	I	434	yes
k2p	A0A8J0QAU5__Xentro_m1	A0A8J0QAU5__Xentro	1	full	TIGYG	TIGYG	I	434	yes
k2p	A0A8J0QAU5__Xentro_m2	A0A8J0QAU5__Xentro	2	full	TIGLG	TIGLG	I	434	yes
k2p	A0A8J1JLL9__Xentro_m1	A0A8J1JLL9__Xentro	1	full	TIGFG	TIGFG	I	434	yes
k2p	A0A8J1JLL9__Xentro_m2	A0A8J1JLL9__Xentro	2	full	TIGFG	TIGFG	I	434	yes
k2p	A0A8M1N7B3__Danrer_m1	A0A8M1N7B3__Danrer	1	full	TVGYG	TVGYG	V	434	yes
k2p	A0A8M1N7B3__Danrer_m2	A0A8M1N7B3__Danrer	2	full	TIGLG	TIGLG	I	434	yes
k2p	A0A8M1N7Z0__Danrer_m1	A0A8M1N7Z0__Danrer	1	full	TIGYG	TIGYG	I	434	yes
k2p	A0A8M1N7Z0__Danrer_m2	A0A8M1N7Z0__Danrer	2	full	TIGFG	TIGFG	I	434	yes
k2p	A0A8M1NHJ6__Danrer_m1	A0A8M1NHJ6__Danrer	1	full	TIGYG	TIGYG	I	434	yes
k2p	A0A8M1NHJ6__Danrer_m2	A0A8M1NHJ6__Danrer	2	full	TIGFG	TIGFG	I	434	yes
k2p	A0A8M1NVY1__Danrer_m1	A0A8M1NVY1__Danrer	1	full	TVGYG	TVGYG	V	434	yes
k2p	A0A8M1NVY1__Danrer_m2	A0A8M1NVY1__Danrer	2	full	TIGFG	TIGFG	I	434	yes
k2p	A0A8M1P283__Danrer_m1	A0A8M1P283__Danrer	1	full	TIGYG	TIGYG	I	434	yes
k2p	A0A8M1P283__Danrer_m2	A0A8M1P283__Danrer	2	full		TVGIG	V	434	no
k2p	A0A8M1PBI1__Danrer_m1	A0A8M1PBI1__Danrer	1	full	TIGYG	TIGYG	I	434	yes
k2p	A0A8M1PBI1__Danrer_m2	A0A8M1PBI1__Danrer	2	full	TVGFG	TVGFG	V	434	yes
k2p	A0A8M2BH55__Danrer_m1	A0A8M2BH55__Danrer	1	full	TIGYG	TIGYG	I	434	yes
k2p	A0A8M2BH55__Danrer_m2	A0A8M2BH55__Danrer	2	full		TIGIG	I	434	no
k2p	A0A8M9NYG3__Danrer_m1	A0A8M9NYG3__Danrer	1	partial					no
k2p	A0A8M9NYG3__Danrer_m2	A0A8M9NYG3__Danrer	2	full	TMGFG	TMGFG	M	434	yes
k2p	A0A8M9PD90__Danrer_m1	A0A8M9PD90__Danrer	1	full	TIGFG	TIGFG	I	434	yes
k2p	A0A8M9PD90__Danrer_m2	A0A8M9PD90__Danrer	2	full	TIGFG	TIGFG	I	434	yes
k2p	A0A8V0YDP5__Galgal_m1	A0A8V0YDP5__Galgal	1	full	TIGYG	TIGYG	I	434	yes
k2p	A0A8V0YDP5__Galgal_m2	A0A8V0YDP5__Galgal	2	full	TIGFG	TIGFG	I	434	yes
k2p	A0A8V0Z908__Galgal_m1	A0A8V0Z908__Galgal	1	full	TIGFG	TIGFG	I	434	yes
k2p	A0A8V0Z908__Galgal_m2	A0A8V0Z908__Galgal	2	full	TIGFG	TIGFG	I	434	yes
k2p	A0A8V0ZDG7__Galgal_m1	A0A8V0ZDG7__Galgal	1	full	TIGYG	TIGYG	I	434	yes
k2p	A0A8V0ZDG7__Galgal_m2	A0A8V0ZDG7__Galgal	2	full	TIGFG	TIGFG	I	434	yes
k2p	A0A8V0ZJF1__Galgal_m1	A0A8V0ZJF1__Galgal	1	full	TIGYG	TIGYG	I	434	yes
k2p	A0A8V0ZJF1__Galgal_m2	A0A8V0ZJF1__Galgal	2	full	TIGFG	TIGFG	I	434	yes
k2p	A0A8V0ZJF6__Galgal_m1	A0A8V0ZJF6__Galgal	1	full	TIGYG	TIGYG	I	434	yes
k2p	A0A8V0ZJF6__Galgal_m2	A0A8V0ZJF6__Galgal	2	full	TIGFG	TIGFG	I	434	yes
k2p	A0A8V0ZPW1__Galgal_m1	A0A8V0ZPW1__Galgal	1	full	TVGYG	TVGYG	V	434	yes
k2p	A0A8V0ZPW1__Galgal_m2	A0A8V0ZPW1__Galgal	2	full	TIGFG	TIGFG	I	434	yes
k2p	A0A8V1A450__Galgal_m1	A0A8V1A450__Galgal	1	full	TIGYG	TIGYG	I	434	yes
k2p	A0A8V1A450__Galgal_m2	A0A8V1A450__Galgal	2	full	TIGFG	TIGFG	I	434	yes
k2p	A0A9J7HG33__Braflo_m1	A0A9J7HG33__Braflo	1	full	TIGYG	TIGYG	I	434	yes
k2p	A0A9J7HG33__Braflo_m2	A0A9J7HG33__Braflo	2	full	TVGFG	TVGFG	V	434	yes
k2p	A0A9J7HGC6__Braflo_m1	A0A9J7HGC6__Braflo	1	full	TIGYG	TIGYG	I	434	yes
k2p	A0A9J7HGC6__Braflo_m2	A0A9J7HGC6__Braflo	2	full	TVGFG	TVGFG	V	434	yes
k2p	A0A9J7HJS0__Braflo_m1	A0A9J7HJS0__Braflo	1	partial					no
k2p	A0A9J7HJS0__Braflo_m2	A0A9J7HJS0__Braflo	2	full	TIGFG	TIGFG	I	434	yes
k2p	A0A9J7HK13__Braflo_m1	A0A9J7HK13__Braflo	1	full	ALGYG	TIGYG	I	434	yes
k2p	A0A9J7HK13__Braflo_m2	A0A9J7HK13__Braflo	2	full	TIGFG	TIGFG	I	434	yes
k2p	A0A9J7HWA8__Braflo_m1	A0A9J7HWA8__Braflo	1	full	TIGYG	TIGYG	I	434	yes
k2p	A0A9J7HWA8__Braflo_m2	A0A9J7HWA8__Braflo	2	full	TIGFG	TIGFG	I	434	yes
k2p	A0A9J7K9C5__Braflo_m1	A0A9J7K9C5__Braflo	1	full	TIGYG	TIGYG	I	434	yes
k2p	A0A9J7K9C5__Braflo_m2	A0A9J7K9C5__Braflo	2	full	TIGFG	TIGFG	I	434	yes
k2p	A0A9J7KVI3__Braflo_m1	A0A9J7KVI3__Braflo	1	full	TIGYG	TIGYG	I	434	yes
k2p	A0A9J7KVI3__Braflo_m2	A0A9J7KVI3__Braflo	2	full	TIGFG	TIGFG	I	434	yes
k2p	A0A9J7L131__Braflo_m1	A0A9J7L131__Braflo	1	full	TIGYG	TIGYG	I	434	yes
k2p	A0A9J7L131__Braflo_m2	A0A9J7L131__Braflo	2	full	TIGFG	TIGFG	I	434	yes
k2p	A0A9J7L4C5__Braflo_m1	A0A9J7L4C5__Braflo	1	full	TIGYG	TIGYG	I	434	yes
k2p	A0A9J7L4C5__Braflo_m2	A0A9J7L4C5__Braflo	2	full	TVGLG	TVGLG	V	434	yes
k2p	A0A9J7LH47__Braflo_m1	A0A9J7LH47__Braflo	1	full	TIGFG	TIGFG	I	434	yes
k2p	A0A9J7LH47__Braflo_m2	A0A9J7LH47__Braflo	2	full	TIGFG	TIGFG	I	434	yes
k2p	A0A9J7LTD2__Braflo_m1	A0A9J7LTD2__Braflo	1	full	TIGYG	TIGYG	I	434	yes
k2p	A0A9J7LTD2__Braflo_m2	A0A9J7LTD2__Braflo	2	full	TIGFG	TIGFG	I	434	yes
k2p	A0A9J7LW08__Braflo_m1	A0A9J7LW08__Braflo	1	full	TIGYG	TIGYG	I	434	yes
k2p	A0A9J7LW08__Braflo_m2	A0A9J7LW08__Braflo	2	full	TIGFG	TIGFG	I	434	yes
k2p	A0A9J7LWP5__Braflo_m1	A0A9J7LWP5__Braflo	1	full	TIGYG	TIGYG	I	434	yes
k2p	A0A9J7LWP5__Braflo_m2	A0A9J7LWP5__Braflo	2	full	TIGFG	TIGFG	I	434	yes
k2p	A0A9J7LY10__Braflo_m1	A0A9J7LY10__Braflo	1	full	TIGYG	TIGYG	I	434	yes
k2p	A0A9J7LY10__Braflo_m2	A0A9J7LY10__Braflo	2	full	TVGFG	TVGFG	V	434	yes
k2p	A0A9J7M4S1__Braflo_m1	A0A9J7M4S1__Braflo	1	full	TIGYG	TIGYG	I	434	yes
k2p	A0A9J7M4S1__Braflo_m2	A0A9J7M4S1__Braflo	2	full	TVGFG	TVGFG	V	434	yes
k2p	A0A9J7MN50__Braflo_m1	A0A9J7MN50__Braflo	1	full	TIGYG	TIGYG	I	434	yes
k2p	A0A9J7MN50__Braflo_m2	A0A9J7MN50__Braflo	2	full	TIGFG	TIGFG	I	434	yes
k2p	A0A9J7N5H7__Braflo_m1	A0A9J7N5H7__Braflo	1	full	TIGYG	TIGYG	I	434	yes
k2p	A0A9J7N5H7__Braflo_m2	A0A9J7N5H7__Braflo	2	full	TVGFG	TVGFG	V	434	yes
k2p	A0A9J7N6R5__Braflo_m1	A0A9J7N6R5__Braflo	1	full	TMGYG	TMGYG	M	434	yes
k2p	A0A9J7N6R5__Braflo_m2	A0A9J7N6R5__Braflo	2	full	TIGFG	TIGFG	I	434	yes
k2p	A0A9J7N8U3__Braflo_m1	A0A9J7N8U3__Braflo	1	full	TIGYG	TIGYG	I	434	yes
k2p	A0A9J7N8U3__Braflo_m2	A0A9J7N8U3__Braflo	2	full	TIGFG	TIGFG	I	434	yes
k2p	A0AAJ7SRQ7__Petmar_m1	A0AAJ7SRQ7__Petmar	1	full	TIGFG	TIGFG	I	434	yes
k2p	A0AAJ7SRQ7__Petmar_m2	A0AAJ7SRQ7__Petmar	2	full	TIGFG	TIGFG	I	434	yes
k2p	A0AAJ7SYM6__Petmar_m1	A0AAJ7SYM6__Petmar	1	full	TIGYG	TIGYG	I	434	yes
k2p	A0AAJ7SYM6__Petmar_m2	A0AAJ7SYM6__Petmar	2	full	TIGLG	TIGLG	I	434	yes
k2p	A0AAJ7T617__Petmar_m1	A0AAJ7T617__Petmar	1	full	TIGYG	TIGYG	I	434	yes
k2p	A0AAJ7T617__Petmar_m2	A0AAJ7T617__Petmar	2	full	TIGFG	TIGFG	I	434	yes
k2p	A0AAJ7T7Y9__Petmar_m1	A0AAJ7T7Y9__Petmar	1	full	TIGFG	TIGFG	I	434	yes
k2p	A0AAJ7T7Y9__Petmar_m2	A0AAJ7T7Y9__Petmar	2	full	TIGFG	TIGFG	I	434	yes
k2p	A0AAJ7TCP8__Petmar_m1	A0AAJ7TCP8__Petmar	1	full	TIGYG	TIGYG	I	434	yes
k2p	A0AAJ7TCP8__Petmar_m2	A0AAJ7TCP8__Petmar	2	full	TIGLG	TIGLG	I	434	yes
k2p	A0AAJ7TGN6__Petmar_m1	A0AAJ7TGN6__Petmar	1	full	TIGYG	TIGYG	I	434	yes
k2p	A0AAJ7TGN6__Petmar_m2	A0AAJ7TGN6__Petmar	2	full	TIGLG	TIGLG	I	434	yes
k2p	A0AAJ7TJ58__Petmar_m1	A0AAJ7TJ58__Petmar	1	full	TIGFG	TIGFG	I	434	yes
k2p	A0AAJ7TJ58__Petmar_m2	A0AAJ7TJ58__Petmar	2	full	TIGFG	TIGFG	I	434	yes
k2p	A0AAJ7TLB7__Petmar_m1	A0AAJ7TLB7__Petmar	1	full	TIGYG	TIGYG	I	434	yes
k2p	A0AAJ7TLB7__Petmar_m2	A0AAJ7TLB7__Petmar	2	full	TIGLG	TIGLG	I	434	yes
k2p	A0AAJ7TNV5__Petmar_m1	A0AAJ7TNV5__Petmar	1	full	TIGFG	TIGFG	I	434	yes
k2p	A0AAJ7TNV5__Petmar_m2	A0AAJ7TNV5__Petmar	2	full	TIGFG	TIGFG	I	434	yes
k2p	A0AAJ7TQ81__Petmar_m1	A0AAJ7TQ81__Petmar	1	full	TVGYG	TVGYG	V	434	yes
k2p	A0AAJ7TQ81__Petmar_m2	A0AAJ7TQ81__Petmar	2	full	TVGLG	TVGLG	V	434	yes
k2p	A0AAJ7WNI5__Petmar_m1	A0AAJ7WNI5__Petmar	1	full	TTGYG	TTGYG	T	434	yes
k2p	A0AAJ7WNI5__Petmar_m2	A0AAJ7WNI5__Petmar	2	full	TIGLG	TIGLG	I	434	yes
k2p	A0AAN0I8A4__Ampque_m1	A0AAN0I8A4__Ampque	1	full	TIGYG	TIGYG	I	434	yes
k2p	A0AAN0I8A4__Ampque_m2	A0AAN0I8A4__Ampque	2	full	TVGFG	TVGFG	V	434	yes
k2p	A0AAV2GXN2__Lymsta_m1	A0AAV2GXN2__Lymsta	1	full	TIGFG	TIGFG	I	434	yes
k2p	A0AAV2GXN2__Lymsta_m2	A0AAV2GXN2__Lymsta	2	full	TIGFG	TIGFG	I	434	yes
k2p	A0AAV2H2X4__Lymsta_m1	A0AAV2H2X4__Lymsta	1	full	TIGYG	TIGYG	I	434	yes
k2p	A0AAV2H2X4__Lymsta_m2	A0AAV2H2X4__Lymsta	2	full	TIGFG	TIGFG	I	434	yes
k2p	A0AAV2HT89__Lymsta_m1	A0AAV2HT89__Lymsta	1	full	TIGYG	TIGYG	I	434	yes
k2p	A0AAV2HT89__Lymsta_m2	A0AAV2HT89__Lymsta	2	full	TIGFG	TIGFG	I	434	yes
k2p	A0AAV2HVZ9__Lymsta_m1	A0AAV2HVZ9__Lymsta	1	full	TIGYG	TIGYG	I	434	yes
k2p	A0AAV2HVZ9__Lymsta_m2	A0AAV2HVZ9__Lymsta	2	full	TIGLG	TIGLG	I	434	yes
k2p	A0AAV2I5C1__Lymsta_m1	A0AAV2I5C1__Lymsta	1	partial					no
k2p	A0AAV2I5C1__Lymsta_m2	A0AAV2I5C1__Lymsta	2	full	TIGFG	TIGFG	I	434	yes
k2p	A0AAV2IA97__Lymsta_m1	A0AAV2IA97__Lymsta	1	full	TIGYG	TIGYG	I	434	yes
k2p	A0AAV2IA97__Lymsta_m2	A0AAV2IA97__Lymsta	2	full	TIGFG	TIGFG	I	434	yes
k2p	A0AAV2II07__Lymsta_m1	A0AAV2II07__Lymsta	1	full	TIGYG	TIGYG	I	434	yes
k2p	A0AAV2II07__Lymsta_m2	A0AAV2II07__Lymsta	2	full	TIGFG	TIGFG	I	434	yes
k2p	A0AAV2II72__Lymsta_m1	A0AAV2II72__Lymsta	1	partial					no
k2p	A0AAV2II72__Lymsta_m2	A0AAV2II72__Lymsta	2	full	TIGFG	TIGFG	I	434	yes
k2p	A0AB13A8M1__Danrer_m1	A0AB13A8M1__Danrer	1	full	TTGYG	TTGYG	T	434	yes
k2p	A0AB13A8M1__Danrer_m2	A0AB13A8M1__Danrer	2	full	TTGLG	TTGLG	T	434	yes
k2p	A0AB32T5S6__Danrer_m1	A0AB32T5S6__Danrer	1	full	TIGFG	TIGFG	I	434	yes
k2p	A0AB32T5S6__Danrer_m2	A0AB32T5S6__Danrer	2	full	TVGFG	TVGFG	V	434	yes
k2p	A0AB32TCH9__Danrer_m1	A0AB32TCH9__Danrer	1	full	TIGFG	TIGFG	I	434	yes
k2p	A0AB32TCH9__Danrer_m2	A0AB32TCH9__Danrer	2	full	TIGFG	TIGFG	I	434	yes
k2p	A0ABM0GH58__Aplcal_m1	A0ABM0GH58__Aplcal	1	full	TIGFG	TIGFG	I	434	yes
k2p	A0ABM0GH58__Aplcal_m2	A0ABM0GH58__Aplcal	2	full	TIGFG	TIGFG	I	434	yes
k2p	A0ABM0JIN4__Aplcal_m1	A0ABM0JIN4__Aplcal	1	full	TIGYG	TIGYG	I	434	yes
k2p	A0ABM0JIN4__Aplcal_m2	A0ABM0JIN4__Aplcal	2	full	TIGFG	TIGFG	I	434	yes
k2p	A0ABM0K8F8__Aplcal_m1	A0ABM0K8F8__Aplcal	1	full		LLGYG	L	434	no
k2p	A0ABM0K8F8__Aplcal_m2	A0ABM0K8F8__Aplcal	2	full	TIGYG	TIGYG	I	434	yes
k2p	A0ABM0ZY05__Aplcal_m1	A0ABM0ZY05__Aplcal	1	full	TIGYG	TIGYG	I	434	yes
k2p	A0ABM0ZY05__Aplcal_m2	A0ABM0ZY05__Aplcal	2	full	TIGFG	TIGFG	I	434	yes
k2p	A0ABM1A286__Aplcal_m1	A0ABM1A286__Aplcal	1	full	TIGYG	TIGYG	I	434	yes
k2p	A0ABM1A286__Aplcal_m2	A0ABM1A286__Aplcal	2	full	TIGLG	TIGLG	I	434	yes
k2p	A0ABM1A8C3__Aplcal_m1	A0ABM1A8C3__Aplcal	1	partial					no
k2p	A0ABM1A8C3__Aplcal_m2	A0ABM1A8C3__Aplcal	2	full	TIGFG	TIGFG	I	434	yes
k2p	A0ABM1VYV5__Aplcal_m1	A0ABM1VYV5__Aplcal	1	full	TIGYG	TIGYG	I	434	yes
k2p	A0ABM1VYV5__Aplcal_m2	A0ABM1VYV5__Aplcal	2	full	TIGLG	TIGLG	I	434	yes
k2p	A0ABM4D3L1__Hydvul_m1	A0ABM4D3L1__Hydvul	1	full	TIGYG	TIGYG	I	434	yes
k2p	A0ABM4D3L1__Hydvul_m2	A0ABM4D3L1__Hydvul	2	full	TIGFG	TIGFG	I	434	yes
k2p	A0ABM4D6C1__Hydvul_m1	A0ABM4D6C1__Hydvul	1	full		AQGTG	Q	434	no
k2p	A0ABM4D6C1__Hydvul_m2	A0ABM4D6C1__Hydvul	2	full		TI---	I	434	no
k2p	A0ABM4DA75__Hydvul_m1	A0ABM4DA75__Hydvul	1	full	TIGYG	TIGYG	I	434	yes
k2p	A0ABM4DA75__Hydvul_m2	A0ABM4DA75__Hydvul	2	full	TIGFG	TIGFG	I	434	yes
k2p	A0ABM4DG77__Hydvul_m1	A0ABM4DG77__Hydvul	1	full	TIGYG	TIGYG	I	434	yes
k2p	A0ABM4DG77__Hydvul_m2	A0ABM4DG77__Hydvul	2	full	TIGFG	TIGFG	I	434	yes
k2p	A0AC58H391__Danrer_m1	A0AC58H391__Danrer	1	full	TIGFG	TIGFG	I	434	yes
k2p	A0AC58H391__Danrer_m2	A0AC58H391__Danrer	2	full	TIGFG	TIGFG	I	434	yes
k2p	A0AC58ICR3__Danrer_m1	A0AC58ICR3__Danrer	1	full	TIGYG	TIGYG	I	434	yes
k2p	A0AC58ICR3__Danrer_m2	A0AC58ICR3__Danrer	2	full	TVGFG	TVGFG	V	434	yes
k2p	A0ACM8BU63__Petmar_m1	A0ACM8BU63__Petmar	1	full	TIGYG	TIGYG	I	434	yes
k2p	A0ACM8BU63__Petmar_m2	A0ACM8BU63__Petmar	2	full	TIGFG	TIGFG	I	434	yes
k2p	A0ACM8BUD9__Petmar_m1	A0ACM8BUD9__Petmar	1	full	TIGYG	TIGYG	I	434	yes
k2p	A0ACM8BUD9__Petmar_m2	A0ACM8BUD9__Petmar	2	full	TIGFG	TIGFG	I	434	yes
k2p	A0ACM8Q992__Ratnor_m1	A0ACM8Q992__Ratnor	1	full	TIGYG	TIGYG	I	434	yes
k2p	A0ACM8Q992__Ratnor_m2	A0ACM8Q992__Ratnor	2	full	TIGFG	TIGFG	I	434	yes
k2p	A0ACM8QD73__Danrer_m1	A0ACM8QD73__Danrer	1	full	TTGYG	TTGYG	T	434	yes
k2p	A0ACM8QD73__Danrer_m2	A0ACM8QD73__Danrer	2	full	TIGLG	TIGLG	I	434	yes
k2p	A0ACM8QEC5__Danrer_m1	A0ACM8QEC5__Danrer	1	full	TIGFG	TIGFG	I	434	yes
k2p	A0ACM8QEC5__Danrer_m2	A0ACM8QEC5__Danrer	2	full	TIGFG	TIGFG	I	434	yes
k2p	A0ACM8QMU7__Danrer_m1	A0ACM8QMU7__Danrer	1	full	TIGFG	TIGFG	I	434	yes
k2p	A0ACM8QMU7__Danrer_m2	A0ACM8QMU7__Danrer	2	full	TIGFG	TIGFG	I	434	yes
k2p	A1EHR5__Caeele_m1	A1EHR5__Caeele	1	full	TIGYG	TIGYG	I	434	yes
k2p	A1EHR5__Caeele_m2	A1EHR5__Caeele	2	full	TIGFG	TIGFG	I	434	yes
k2p	A1Z7A1__Dromel_m1	A1Z7A1__Dromel	1	full	TIGYG	TIGYG	I	434	yes
k2p	A1Z7A1__Dromel_m2	A1Z7A1__Dromel	2	full	SIGFG	SIGFG	I	434	yes
k2p	A1Z7Z1__Dromel_m1	A1Z7Z1__Dromel	1	full		TIGHG	I	434	no
k2p	A1Z7Z1__Dromel_m2	A1Z7Z1__Dromel	2	full	TIGYG	TIGYG	I	434	yes
k2p	A7RIT3__Nemvec_m1	A7RIT3__Nemvec	1	full	TVGYG	TVGYG	V	434	yes
k2p	A7RIT3__Nemvec_m2	A7RIT3__Nemvec	2	full	TVGLG	TVGLG	V	434	yes
k2p	A7RLC4__Nemvec_m1	A7RLC4__Nemvec	1	full	TIGYG	TIGYG	I	434	yes
k2p	A7RLC4__Nemvec_m2	A7RLC4__Nemvec	2	full	TIGFG	TIGFG	I	434	yes
k2p	A7RLC5__Nemvec_m1	A7RLC5__Nemvec	1	full	TIGYG	TIGYG	I	434	yes
k2p	A7RLC5__Nemvec_m2	A7RLC5__Nemvec	2	full	TIGFG	TIGFG	I	434	yes
k2p	A7RQB1__Nemvec_m1	A7RQB1__Nemvec	1	full	TIGYG	TIGYG	I	434	yes
k2p	A7RQB1__Nemvec_m2	A7RQB1__Nemvec	2	full	TIGFG	TIGFG	I	434	yes
k2p	A7RWL0__Nemvec_m1	A7RWL0__Nemvec	1	full	TIGYG	TIGYG	I	434	yes
k2p	A7RWL0__Nemvec_m2	A7RWL0__Nemvec	2	full	TIGFG	TIGFG	I	434	yes
k2p	A7RXQ9__Nemvec_m1	A7RXQ9__Nemvec	1	full	TIGYG	TIGYG	I	434	yes
k2p	A7RXQ9__Nemvec_m2	A7RXQ9__Nemvec	2	full	TIGYG	TIGYG	I	434	yes
k2p	A7RYH6__Nemvec_m1	A7RYH6__Nemvec	1	full	TIGYG	TIGYG	I	434	yes
k2p	A7RYH6__Nemvec_m2	A7RYH6__Nemvec	2	full	TIGFG	TIGFG	I	434	yes
k2p	A7S0F6__Nemvec_m1	A7S0F6__Nemvec	1	full	TIGYG	TIGYG	I	434	yes
k2p	A7S0F6__Nemvec_m2	A7S0F6__Nemvec	2	full	TIGYG	TIGYG	I	434	yes
k2p	A7SG83__Nemvec_m1	A7SG83__Nemvec	1	full	TIGYG	TIGYG	I	434	yes
k2p	A7SG83__Nemvec_m2	A7SG83__Nemvec	2	full	TIGYG	TIGYG	I	434	yes
k2p	A7SK42__Nemvec_m1	A7SK42__Nemvec	1	full	TIGYG	TIGYG	I	434	yes
k2p	A7SK42__Nemvec_m2	A7SK42__Nemvec	2	full	TIGFG	TIGFG	I	434	yes
k2p	A7SL44__Nemvec_m1	A7SL44__Nemvec	1	full	TIGYG	TIGYG	I	434	yes
k2p	A7SL44__Nemvec_m2	A7SL44__Nemvec	2	full	TIGLG	TIGLG	I	434	yes
k2p	A7SQQ0__Nemvec_m1	A7SQQ0__Nemvec	1	full	TIGYG	TIGYG	I	434	yes
k2p	A7SQQ0__Nemvec_m2	A7SQQ0__Nemvec	2	full	TIGFG	TIGFG	I	434	yes
k2p	A7SQQ1__Nemvec_m1	A7SQQ1__Nemvec	1	full	TIGYG	TIGYG	I	434	yes
k2p	A7SQQ1__Nemvec_m2	A7SQQ1__Nemvec	2	full	TIGFG	TIGFG	I	434	yes
k2p	A7SSX6__Nemvec_m1	A7SSX6__Nemvec	1	full	TIGYG	TIGYG	I	434	yes
k2p	A7SSX6__Nemvec_m2	A7SSX6__Nemvec	2	full	TIGFG	TIGFG	I	434	yes
k2p	A7SXP2__Nemvec_m1	A7SXP2__Nemvec	1	full	TVGFG	TVGFG	V	434	yes
k2p	A7SXP2__Nemvec_m2	A7SXP2__Nemvec	2	full	TVGFG	TVGFG	V	434	yes
k2p	A7SZB8__Nemvec_m1	A7SZB8__Nemvec	1	full	TVGYG	TVGYG	V	434	yes
k2p	A7SZB8__Nemvec_m2	A7SZB8__Nemvec	2	full	TIGFG	TIGFG	I	434	yes
k2p	A7T4I6__Nemvec_m1	A7T4I6__Nemvec	1	full	TIGYG	TIGYG	I	434	yes
k2p	A7T4I6__Nemvec_m2	A7T4I6__Nemvec	2	full	TIGYG	TIGYG	I	434	yes
k2p	A9VAE4__Monbre_m1	A9VAE4__Monbre	1	full	TIGYG	TIGYG	I	434	yes
k2p	A9VAE4__Monbre_m2	A9VAE4__Monbre	2	full	TIGFG	TIGFG	I	434	yes
k2p	B0M0M8__Caeele_m1	B0M0M8__Caeele	1	full	TIGYG	TIGYG	I	434	yes
k2p	B0M0M8__Caeele_m2	B0M0M8__Caeele	2	full	TIGFG	TIGFG	I	434	yes
k2p	B3SA79__Triadh_m1	B3SA79__Triadh	1	full	TIGYG	TIGYG	I	434	yes
k2p	B3SA79__Triadh_m2	B3SA79__Triadh	2	full	TIGFG	TIGFG	I	434	yes
k2p	B8A573__Danrer_m1	B8A573__Danrer	1	full	TTGYG	TTGYG	T	434	yes
k2p	B8A573__Danrer_m2	B8A573__Danrer	2	full	TIGLG	TIGLG	I	434	yes
k2p	C3Y5S5__Braflo_m1	C3Y5S5__Braflo	1	full	TIGYG	TIGYG	I	434	yes
k2p	C3Y5S5__Braflo_m2	C3Y5S5__Braflo	2	full	TIGFG	TIGFG	I	434	yes
k2p	C3YB18__Braflo_m1	C3YB18__Braflo	1	full	TIGYG	TIGYG	I	434	yes
k2p	C3YB18__Braflo_m2	C3YB18__Braflo	2	full	TVGFG	TVGFG	V	434	yes
k2p	D3ZLR9__Ratnor_m1	D3ZLR9__Ratnor	1	full	TIGYG	TIGYG	I	434	yes
k2p	D3ZLR9__Ratnor_m2	D3ZLR9__Ratnor	2	full	TIGFG	TIGFG	I	434	yes
k2p	D4A806__Ratnor_m1	D4A806__Ratnor	1	full	AMGLG	TTGYG	T	434	yes
k2p	D4A806__Ratnor_m2	D4A806__Ratnor	2	full	AAGLG	TIGLG	I	434	yes
k2p	E7F9D1__Danrer_m1	E7F9D1__Danrer	1	full	TIGYG	TIGYG	I	434	yes
k2p	E7F9D1__Danrer_m2	E7F9D1__Danrer	2	full	TIGFG	TIGFG	I	434	yes
k2p	E9FXV2__Dappul_m1	E9FXV2__Dappul	1	partial					no
k2p	E9FXV2__Dappul_m2	E9FXV2__Dappul	2	full	TVGFG	TVGFG	V	434	yes
k2p	E9FXV3__Dappul_m1	E9FXV3__Dappul	1	partial					no
k2p	E9FXV3__Dappul_m2	E9FXV3__Dappul	2	full	SVGFG	SVGFG	V	434	yes
k2p	E9G6Z1__Dappul_m1	E9G6Z1__Dappul	1	full		LIGYG	I	434	no
k2p	E9G6Z1__Dappul_m2	E9G6Z1__Dappul	2	full	TIGFG	TIGFG	I	434	yes
k2p	E9GA12__Dappul_m1	E9GA12__Dappul	1	full	TIGYG	TIGYG	I	434	yes
k2p	E9GA12__Dappul_m2	E9GA12__Dappul	2	full	TTGFG	TTGFG	T	434	yes
k2p	E9GAM9__Dappul_m1	E9GAM9__Dappul	1	full	TIGYG	TIGYG	I	434	yes
k2p	E9GAM9__Dappul_m2	E9GAM9__Dappul	2	full	TIGFG	TIGFG	I	434	yes
k2p	E9GL67__Dappul_m1	E9GL67__Dappul	1	full	TIGYG	TIGYG	I	434	yes
k2p	E9GL67__Dappul_m2	E9GL67__Dappul	2	full	TIGFG	TIGFG	I	434	yes
k2p	E9H0K5__Dappul_m1	E9H0K5__Dappul	1	full		MIGFG	I	434	no
k2p	E9H0K5__Dappul_m2	E9H0K5__Dappul	2	full		KIGMG	I	434	no
k2p	E9H1C1__Dappul_m1	E9H1C1__Dappul	1	partial					no
k2p	E9H1C1__Dappul_m2	E9H1C1__Dappul	2	full	TVGFG	TVGFG	V	434	yes
k2p	E9H402__Dappul_m1	E9H402__Dappul	1	full	TIGYG	TIGYG	I	434	yes
k2p	E9H402__Dappul_m2	E9H402__Dappul	2	full	TIGFG	TIGFG	I	434	yes
k2p	E9H9W3__Dappul_m1	E9H9W3__Dappul	1	full	TIGYG	TIGYG	I	434	yes
k2p	E9H9W3__Dappul_m2	E9H9W3__Dappul	2	full	TIGFG	TIGFG	I	434	yes
k2p	E9HIP1__Dappul_m1	E9HIP1__Dappul	1	full	TIGYG	TIGYG	I	434	yes
k2p	E9HIP1__Dappul_m2	E9HIP1__Dappul	2	full	TIGLG	TIGLG	I	434	yes
k2p	F1NP03__Galgal_m1	F1NP03__Galgal	1	full	TTGYG	TTGYG	T	434	yes
k2p	F1NP03__Galgal_m2	F1NP03__Galgal	2	full	TIGLG	TIGLG	I	434	yes
k2p	F1NUZ5__Galgal_m1	F1NUZ5__Galgal	1	full	TIGYG	TIGYG	I	434	yes
k2p	F1NUZ5__Galgal_m2	F1NUZ5__Galgal	2	full	TVGFG	TVGFG	V	434	yes
k2p	F1NV35__Galgal_m1	F1NV35__Galgal	1	full	TIGFG	TIGFG	I	434	yes
k2p	F1NV35__Galgal_m2	F1NV35__Galgal	2	full	TIGFG	TIGFG	I	434	yes
k2p	F1Q5K8__Danrer_m1	F1Q5K8__Danrer	1	full	TIGYG	TIGYG	I	434	yes
k2p	F1Q5K8__Danrer_m2	F1Q5K8__Danrer	2	full	TIGFG	TIGFG	I	434	yes
k2p	F5GUD1__Caeele_m1	F5GUD1__Caeele	1	full	TIGFG	TIGFG	I	434	yes
k2p	F5GUD1__Caeele_m2	F5GUD1__Caeele	2	full	TIGFG	TIGFG	I	434	yes
k2p	F6PMU1__Mondom_m1	F6PMU1__Mondom	1	partial					no
k2p	F6PMU1__Mondom_m2	F6PMU1__Mondom	2	full	TIGFG	TIGFG	I	434	yes
k2p	F6QR02__Ornana_m1	F6QR02__Ornana	1	full	TIGYG	TIGYG	I	434	yes
k2p	F6QR02__Ornana_m2	F6QR02__Ornana	2	full	TIGFG	TIGFG	I	434	yes
k2p	F6RAZ6__Ornana_m1	F6RAZ6__Ornana	1	full	TIGYG	TIGYG	I	434	yes
k2p	F6RAZ6__Ornana_m2	F6RAZ6__Ornana	2	full	TIGFG	TIGFG	I	434	yes
k2p	F6SQB1__Xentro_m1	F6SQB1__Xentro	1	full	TVGYG	TVGYG	V	434	yes
k2p	F6SQB1__Xentro_m2	F6SQB1__Xentro	2	full	TIGLG	TIGLG	I	434	yes
k2p	F6SSW2__Mondom_m1	F6SSW2__Mondom	1	full	TIGYG	TIGYG	I	434	yes
k2p	F6SSW2__Mondom_m2	F6SSW2__Mondom	2	full	TIGFG	TIGFG	I	434	yes
k2p	F6UVE5__Musmus_m1	F6UVE5__Musmus	1	full	TIGFG	TIGFG	I	434	yes
k2p	F6UVE5__Musmus_m2	F6UVE5__Musmus	2	full	TIGFG	TIGFG	I	434	yes
k2p	F6V9U5__Musmus_m1	F6V9U5__Musmus	1	full	TIGYG	TIGYG	I	434	yes
k2p	F6V9U5__Musmus_m2	F6V9U5__Musmus	2	full	TIGFG	TIGFG	I	434	yes
k2p	F6WLB8__Xentro_m1	F6WLB8__Xentro	1	full	TIGFG	TIGFG	I	434	yes
k2p	F6WLB8__Xentro_m2	F6WLB8__Xentro	2	full	TIGFG	TIGFG	I	434	yes
k2p	F6X8N6__Musmus_m1	F6X8N6__Musmus	1	full	TIGYG	TIGYG	I	434	yes
k2p	F6X8N6__Musmus_m2	F6X8N6__Musmus	2	full	TIGFG	TIGFG	I	434	yes
k2p	F6XMP2__Cioint_m1	F6XMP2__Cioint	1	full	TIGYG	TIGYG	I	434	yes
k2p	F6XMP2__Cioint_m2	F6XMP2__Cioint	2	full	TIGFG	TIGFG	I	434	yes
k2p	F6YPG9__Xentro_m1	F6YPG9__Xentro	1	full	TIGYG	TIGYG	I	434	yes
k2p	F6YPG9__Xentro_m2	F6YPG9__Xentro	2	full	TIGFG	TIGFG	I	434	yes
k2p	F6ZM60__Mondom_m1	F6ZM60__Mondom	1	full	TIGYG	TIGYG	I	434	yes
k2p	F6ZM60__Mondom_m2	F6ZM60__Mondom	2	full	TIGFG	TIGFG	I	434	yes
k2p	F6ZSC2__Mondom_m1	F6ZSC2__Mondom	1	full	TIGYG	TIGYG	I	434	yes
k2p	F6ZSC2__Mondom_m2	F6ZSC2__Mondom	2	full	TIGFG	TIGFG	I	434	yes
k2p	F7AVB9__Galgal_m1	F7AVB9__Galgal	1	full	TIGYG	TIGYG	I	434	yes
k2p	F7AVB9__Galgal_m2	F7AVB9__Galgal	2	full	TIGFG	TIGFG	I	434	yes
k2p	F7AX66__Ornana_m1	F7AX66__Ornana	1	full	TTGYG	TTGYG	T	434	yes
k2p	F7AX66__Ornana_m2	F7AX66__Ornana	2	full	TIGLG	TIGLG	I	434	yes
k2p	F7B030__Mondom_m1	F7B030__Mondom	1	full	TIGYG	TIGYG	I	434	yes
k2p	F7B030__Mondom_m2	F7B030__Mondom	2	full	TIGFG	TIGFG	I	434	yes
k2p	F7B062__Mondom_m1	F7B062__Mondom	1	full	TVGYG	TVGYG	V	434	yes
k2p	F7B062__Mondom_m2	F7B062__Mondom	2	full	TIGLG	TIGLG	I	434	yes
k2p	F7CPN6__Ornana_m1	F7CPN6__Ornana	1	full	TTGYG	TTGYG	T	434	yes
k2p	F7CPN6__Ornana_m2	F7CPN6__Ornana	2	full	TIGLG	TIGLG	I	434	yes
k2p	F7CV21__Xentro_m1	F7CV21__Xentro	1	full	TIGFG	TIGFG	I	434	yes
k2p	F7CV21__Xentro_m2	F7CV21__Xentro	2	full	TIGFG	TIGFG	I	434	yes
k2p	F7CVD3__Ornana_m1	F7CVD3__Ornana	1	full	TIGYG	TIGYG	I	434	yes
k2p	F7CVD3__Ornana_m2	F7CVD3__Ornana	2	full	TIGFG	TIGFG	I	434	yes
k2p	F7DH29__Mondom_m1	F7DH29__Mondom	1	full	TTGYG	TTGYG	T	434	yes
k2p	F7DH29__Mondom_m2	F7DH29__Mondom	2	full	TIGLG	TIGLG	I	434	yes
k2p	F7DPG9__Mondom_m1	F7DPG9__Mondom	1	full	TIGFG	TIGFG	I	434	yes
k2p	F7DPG9__Mondom_m2	F7DPG9__Mondom	2	full	TIGFG	TIGFG	I	434	yes
k2p	F7FY32__Mondom_m1	F7FY32__Mondom	1	full	TIGYG	TIGYG	I	434	yes
k2p	F7FY32__Mondom_m2	F7FY32__Mondom	2	full	TIGFG	TIGFG	I	434	yes
k2p	G1K8B6__Anocar_m1	G1K8B6__Anocar	1	full	TIGYG	TIGYG	I	434	yes
k2p	G1K8B6__Anocar_m2	G1K8B6__Anocar	2	full	TIGFG	TIGFG	I	434	yes
k2p	G1K923__Anocar_m1	G1K923__Anocar	1	full	TTGYG	TTGYG	T	434	yes
k2p	G1K923__Anocar_m2	G1K923__Anocar	2	full	TIGLG	TIGLG	I	434	yes
k2p	G1KA72__Anocar_m1	G1KA72__Anocar	1	full	TIGYG	TIGYG	I	434	yes
k2p	G1KA72__Anocar_m2	G1KA72__Anocar	2	full	TIGFG	TIGFG	I	434	yes
k2p	G1KA84__Anocar_m1	G1KA84__Anocar	1	full	TIGYG	TIGYG	I	434	yes
k2p	G1KA84__Anocar_m2	G1KA84__Anocar	2	full	TIGFG	TIGFG	I	434	yes
k2p	G1KNM0__Anocar_m1	G1KNM0__Anocar	1	full	TIGYG	TIGYG	I	434	yes
k2p	G1KNM0__Anocar_m2	G1KNM0__Anocar	2	full	TVGFG	TVGFG	V	434	yes
k2p	G1KPF9__Anocar_m1	G1KPF9__Anocar	1	full	TIGFG	TIGFG	I	434	yes
k2p	G1KPF9__Anocar_m2	G1KPF9__Anocar	2	full	TIGFG	TIGFG	I	434	yes
k2p	G1KWT8__Anocar_m1	G1KWT8__Anocar	1	full	TIGYG	TIGYG	I	434	yes
k2p	G1KWT8__Anocar_m2	G1KWT8__Anocar	2	full	TIGFG	TIGFG	I	434	yes
k2p	G5EBQ2__Caeele_m1	G5EBQ2__Caeele	1	full	SVGLG	TIGYG	I	434	yes
k2p	G5EBQ2__Caeele_m2	G5EBQ2__Caeele	2	full	TIGYG	TIGYG	I	434	yes
k2p	G5ED42__Caeele_m1	G5ED42__Caeele	1	full		TLGYN	L	434	no
k2p	G5ED42__Caeele_m2	G5ED42__Caeele	2	full		AIDFG	I	434	no
k2p	G5EG92__Caeele_m1	G5EG92__Caeele	1	full	TTGYG	TTGYG	T	434	yes
k2p	G5EG92__Caeele_m2	G5EG92__Caeele	2	full	TIGLG	TIGLG	I	434	yes
k2p	G5EGD4__Caeele_m1	G5EGD4__Caeele	1	full	TTGYG	TTGYG	T	434	yes
k2p	G5EGD4__Caeele_m2	G5EGD4__Caeele	2	full	TIGLG	TIGLG	I	434	yes
k2p	G8JY60__Caeele_m1	G8JY60__Caeele	1	full		STGYD	T	434	no
k2p	G8JY60__Caeele_m2	G8JY60__Caeele	2	full	TIGLG	TIGLG	I	434	yes
k2p	H2KZ66__Caeele_m1	H2KZ66__Caeele	1	full	TIGYG	TIGYG	I	434	yes
k2p	H2KZ66__Caeele_m2	H2KZ66__Caeele	2	full	TIGLG	TIGLG	I	434	yes
k2p	H2L2J8__Caeele_m1	H2L2J8__Caeele	1	full	TIGYG	TIGYG	I	434	yes
k2p	H2L2J8__Caeele_m2	H2L2J8__Caeele	2	full	TVGFG	TVGFG	V	434	yes
k2p	H2S367__Takrub_m1	H2S367__Takrub	1	full	TIGFG	TIGFG	I	434	yes
k2p	H2S367__Takrub_m2	H2S367__Takrub	2	full	TVGFG	TVGFG	V	434	yes
k2p	H2S8T6__Takrub_m1	H2S8T6__Takrub	1	full	TIGFG	TIGFG	I	434	yes
k2p	H2S8T6__Takrub_m2	H2S8T6__Takrub	2	full	TIGFG	TIGFG	I	434	yes
k2p	H2SMM2__Takrub_m1	H2SMM2__Takrub	1	full	TIGYG	TIGYG	I	434	yes
k2p	H2SMM2__Takrub_m2	H2SMM2__Takrub	2	full	TVGFG	TVGFG	V	434	yes
k2p	H2TAP3__Takrub_m1	H2TAP3__Takrub	1	full	TIGYG	TIGYG	I	434	yes
k2p	H2TAP3__Takrub_m2	H2TAP3__Takrub	2	full	TIGLG	TIGLG	I	434	yes
k2p	H2TAR7__Takrub_m1	H2TAR7__Takrub	1	full	TIGYG	TIGYG	I	434	yes
k2p	H2TAR7__Takrub_m2	H2TAR7__Takrub	2	full	TIGFG	TIGFG	I	434	yes
k2p	H2TG43__Takrub_m1	H2TG43__Takrub	1	full	TIGYG	TIGYG	I	434	yes
k2p	H2TG43__Takrub_m2	H2TG43__Takrub	2	full	TIGFG	TIGFG	I	434	yes
k2p	H2UA22__Takrub_m1	H2UA22__Takrub	1	full	TIGFG	TIGFG	I	434	yes
k2p	H2UA22__Takrub_m2	H2UA22__Takrub	2	full	TIGFG	TIGFG	I	434	yes
k2p	H2UBP4__Takrub_m1	H2UBP4__Takrub	1	full	TIGFG	TIGFG	I	434	yes
k2p	H2UBP4__Takrub_m2	H2UBP4__Takrub	2	full	TIGFG	TIGFG	I	434	yes
k2p	H2UCS4__Takrub_m1	H2UCS4__Takrub	1	full	TIGYG	TIGYG	I	434	yes
k2p	H2UCS4__Takrub_m2	H2UCS4__Takrub	2	full		TVGIG	V	434	no
k2p	H2UHK3__Takrub_m1	H2UHK3__Takrub	1	full	TIGFG	TIGFG	I	434	yes
k2p	H2UHK3__Takrub_m2	H2UHK3__Takrub	2	full	TIGFG	TIGFG	I	434	yes
k2p	H2UWV2__Takrub_m1	H2UWV2__Takrub	1	full	TIGFG	TIGFG	I	434	yes
k2p	H2UWV2__Takrub_m2	H2UWV2__Takrub	2	full	TVGFG	TVGFG	V	434	yes
k2p	H2V863__Takrub_m1	H2V863__Takrub	1	full	TIGYG	TIGYG	I	434	yes
k2p	H2V863__Takrub_m2	H2V863__Takrub	2	full	TIGFG	TIGFG	I	434	yes
k2p	H2XNN0__Cioint_m1	H2XNN0__Cioint	1	full	TIGYG	TIGYG	I	434	yes
k2p	H2XNN0__Cioint_m2	H2XNN0__Cioint	2	full	TIGFG	TIGFG	I	434	yes
k2p	H2XQX8__Cioint_m1	H2XQX8__Cioint	1	full	TIGYG	TIGYG	I	434	yes
k2p	H2XQX8__Cioint_m2	H2XQX8__Cioint	2	full	TIGFG	TIGFG	I	434	yes
k2p	H2Y0M8__Cioint_m1	H2Y0M8__Cioint	1	full	TIGYG	TIGYG	I	434	yes
k2p	H2Y0M8__Cioint_m2	H2Y0M8__Cioint	2	full	TIGFG	TIGFG	I	434	yes
k2p	H2ZVW2__Latcha_m1	H2ZVW2__Latcha	1	partial					no
k2p	H2ZVW2__Latcha_m2	H2ZVW2__Latcha	2	full	TIGFG	TIGFG	I	434	yes
k2p	H2ZYK4__Latcha_m1	H2ZYK4__Latcha	1	partial					no
k2p	H2ZYK4__Latcha_m2	H2ZYK4__Latcha	2	full	TIGFG	TIGFG	I	434	yes
k2p	H3A430__Latcha_m1	H3A430__Latcha	1	full	TIGYG	TIGYG	I	434	yes
k2p	H3A430__Latcha_m2	H3A430__Latcha	2	full	TVGFG	TVGFG	V	434	yes
k2p	H3A6K5__Latcha_m1	H3A6K5__Latcha	1	partial					no
k2p	H3A6K5__Latcha_m2	H3A6K5__Latcha	2	full	TIGFG	TIGFG	I	434	yes
k2p	H3AAZ1__Latcha_m1	H3AAZ1__Latcha	1	full	TIGFG	TIGFG	I	434	yes
k2p	H3AAZ1__Latcha_m2	H3AAZ1__Latcha	2	full	TIGFG	TIGFG	I	434	yes
k2p	H3ADL9__Latcha_m1	H3ADL9__Latcha	1	full	TTGYG	TTGYG	T	434	yes
k2p	H3ADL9__Latcha_m2	H3ADL9__Latcha	2	full	TIGLG	TIGLG	I	434	yes
k2p	H3AF11__Latcha_m1	H3AF11__Latcha	1	partial					no
k2p	H3AF11__Latcha_m2	H3AF11__Latcha	2	full	TIGFG	TIGFG	I	434	yes
k2p	H3AGY1__Latcha_m1	H3AGY1__Latcha	1	partial					no
k2p	H3AGY1__Latcha_m2	H3AGY1__Latcha	2	full	TVGFG	TVGFG	V	434	yes
k2p	H3ALU8__Latcha_m1	H3ALU8__Latcha	1	full	TTGYG	TTGYG	T	434	yes
k2p	H3ALU8__Latcha_m2	H3ALU8__Latcha	2	full	TIGLG	TIGLG	I	434	yes
k2p	H3AMR0__Latcha_m1	H3AMR0__Latcha	1	full	TIGYG	TIGYG	I	434	yes
k2p	H3AMR0__Latcha_m2	H3AMR0__Latcha	2	full	TIGFG	TIGFG	I	434	yes
k2p	H3AQY6__Latcha_m1	H3AQY6__Latcha	1	partial					no
k2p	H3AQY6__Latcha_m2	H3AQY6__Latcha	2	full	TIGFG	TIGFG	I	434	yes
k2p	H3ARI9__Latcha_m1	H3ARI9__Latcha	1	full	TIGYG	TIGYG	I	434	yes
k2p	H3ARI9__Latcha_m2	H3ARI9__Latcha	2	full	TIGFG	TIGFG	I	434	yes
k2p	H3AWU1__Latcha_m1	H3AWU1__Latcha	1	full	TVGYG	TVGYG	V	434	yes
k2p	H3AWU1__Latcha_m2	H3AWU1__Latcha	2	full	TIGFG	TIGFG	I	434	yes
k2p	H3B2X9__Latcha_m1	H3B2X9__Latcha	1	full	TIGFG	TIGFG	I	434	yes
k2p	H3B2X9__Latcha_m2	H3B2X9__Latcha	2	full	TIGFG	TIGFG	I	434	yes
k2p	H3BAU4__Latcha_m1	H3BAU4__Latcha	1	full	TVGYG	TVGYG	V	434	yes
k2p	H3BAU4__Latcha_m2	H3BAU4__Latcha	2	full	TIGLG	TIGLG	I	434	yes
k2p	H3BC59__Latcha_m1	H3BC59__Latcha	1	full	TIGYG	TIGYG	I	434	yes
k2p	H3BC59__Latcha_m2	H3BC59__Latcha	2	full	TVGFG	TVGFG	V	434	yes
k2p	H3BI12__Latcha_m1	H3BI12__Latcha	1	full	TTGYG	TTGYG	T	434	yes
k2p	H3BI12__Latcha_m2	H3BI12__Latcha	2	full	TVGFG	TVGFG	V	434	yes
k2p	H9GBM2__Anocar_m1	H9GBM2__Anocar	1	partial					no
k2p	H9GBM2__Anocar_m2	H9GBM2__Anocar	2	full	TIGFG	TIGFG	I	434	yes
k2p	H9GG45__Anocar_m1	H9GG45__Anocar	1	full	TVGYG	TVGYG	V	434	yes
k2p	H9GG45__Anocar_m2	H9GG45__Anocar	2	full	TIGFG	TIGFG	I	434	yes
k2p	I2HAD3__Caeele_m1	I2HAD3__Caeele	1	full	TIGYG	TIGYG	I	434	yes
k2p	I2HAD3__Caeele_m2	I2HAD3__Caeele	2	full	TIGLG	TIGLG	I	434	yes
k2p	K7E277__Mondom_m1	K7E277__Mondom	1	full	TVGYG	TVGYG	V	434	yes
k2p	K7E277__Mondom_m2	K7E277__Mondom	2	full	TVGFG	TVGFG	V	434	yes
k2p	K7EHJ4__Ornana_m1	K7EHJ4__Ornana	1	full	TIGYG	TIGYG	I	434	yes
k2p	K7EHJ4__Ornana_m2	K7EHJ4__Ornana	2	full	TVGFG	TVGFG	V	434	yes
k2p	O44773__Caeele_m1	O44773__Caeele	1	full		TTGYA	T	434	no
k2p	O44773__Caeele_m2	O44773__Caeele	2	full		NLTMS	L	434	no
k2p	O45422__Caeele_m1	O45422__Caeele	1	full	TIGYG	TIGYG	I	434	yes
k2p	O45422__Caeele_m2	O45422__Caeele	2	full	TVGLG	TVGLG	V	434	yes
k2p	O45891__Caeele_m1	O45891__Caeele	1	full	TIGYG	TIGYG	I	434	yes
k2p	O45891__Caeele_m2	O45891__Caeele	2	full	TIGFG	TIGFG	I	434	yes
k2p	O45894__Caeele_m1	O45894__Caeele	1	full	TTGYG	TTGYG	T	434	yes
k2p	O45894__Caeele_m2	O45894__Caeele	2	full	TIGLG	TIGLG	I	434	yes
k2p	P90863__Caeele_m1	P90863__Caeele	1	full	SIGYG	SIGYG	I	434	yes
k2p	P90863__Caeele_m2	P90863__Caeele	2	full	TVGFG	TVGFG	V	434	yes
k2p	Q19525__Caeele_m1	Q19525__Caeele	1	full	TVGYG	TVGYG	V	434	yes
k2p	Q19525__Caeele_m2	Q19525__Caeele	2	full		LIGIG	I	434	no
k2p	Q21467__Caeele_m1	Q21467__Caeele	1	full	TIGYG	TIGYG	I	434	yes
k2p	Q21467__Caeele_m2	Q21467__Caeele	2	full	TIGLG	TIGLG	I	434	yes
k2p	Q21529__Caeele_m1	Q21529__Caeele	1	full		PVGYG	V	434	no
k2p	Q21529__Caeele_m2	Q21529__Caeele	2	full	TIGFG	TIGFG	I	434	yes
k2p	Q22042__Caeele_m1	Q22042__Caeele	1	full	TIGYG	TIGYG	I	434	yes
k2p	Q22042__Caeele_m2	Q22042__Caeele	2	full	TIGFG	TIGFG	I	434	yes
k2p	Q22043__Caeele_m1	Q22043__Caeele	1	full	TIGYG	TIGYG	I	434	yes
k2p	Q22043__Caeele_m2	Q22043__Caeele	2	full	TIGFG	TIGFG	I	434	yes
k2p	Q22940__Caeele_m1	Q22940__Caeele	1	full	TIGYG	TIGYG	I	434	yes
k2p	Q22940__Caeele_m2	Q22940__Caeele	2	full	TVGFG	TVGFG	V	434	yes
k2p	Q23297__Caeele_m1	Q23297__Caeele	1	full	TIGYG	TIGYG	I	434	yes
k2p	Q23297__Caeele_m2	Q23297__Caeele	2	full	TIGLG	TIGLG	I	434	yes
k2p	Q23386__Caeele_m1	Q23386__Caeele	1	full	SIGYG	SIGYG	I	434	yes
k2p	Q23386__Caeele_m2	Q23386__Caeele	2	full	TVGFG	TVGFG	V	434	yes
k2p	Q5TZ59__Danrer_m1	Q5TZ59__Danrer	1	full	TIGYG	TIGYG	I	434	yes
k2p	Q5TZ59__Danrer_m2	Q5TZ59__Danrer	2	full	TIGFG	TIGFG	I	434	yes
k2p	Q6BES3__Caeele_m1	Q6BES3__Caeele	1	full	TIGYG	TIGYG	I	434	yes
k2p	Q6BES3__Caeele_m2	Q6BES3__Caeele	2	full	TIGLG	TIGLG	I	434	yes
k2p	Q6EUT8__Caeele_m1	Q6EUT8__Caeele	1	full	TIGYG	TIGYG	I	434	yes
k2p	Q6EUT8__Caeele_m2	Q6EUT8__Caeele	2	full	TIGLG	TIGLG	I	434	yes
k2p	Q7JLU3__Caeele_m1	Q7JLU3__Caeele	1	full	TVGYG	TVGYG	V	434	yes
k2p	Q7JLU3__Caeele_m2	Q7JLU3__Caeele	2	full	TIGFG	TIGFG	I	434	yes
k2p	Q7YWY7__Caeele_m1	Q7YWY7__Caeele	1	full	TIGYG	TIGYG	I	434	yes
k2p	Q7YWY7__Caeele_m2	Q7YWY7__Caeele	2	full	TIGFG	TIGFG	I	434	yes
k2p	Q8IG65__Caeele_m1	Q8IG65__Caeele	1	full	TIGYG	TIGYG	I	434	yes
k2p	Q8IG65__Caeele_m2	Q8IG65__Caeele	2	full	TIGFG	TIGFG	I	434	yes
k2p	Q93732__Caeele_m1	Q93732__Caeele	1	full	TLGYG	TLGYG	L	434	yes
k2p	Q93732__Caeele_m2	Q93732__Caeele	2	full		AIEYG	I	434	no
k2p	Q93764__Caeele_m1	Q93764__Caeele	1	full	SIGYG	SIGYG	I	434	yes
k2p	Q93764__Caeele_m2	Q93764__Caeele	2	full	TIGFG	TIGFG	I	434	yes
k2p	Q9BL31__Caeele_m1	Q9BL31__Caeele	1	full	TIGYG	TIGYG	I	434	yes
k2p	Q9BL31__Caeele_m2	Q9BL31__Caeele	2	full	TIGLG	TIGLG	I	434	yes
k2p	Q9NEV3__Caeele_m1	Q9NEV3__Caeele	1	full	TVGYG	TVGYG	V	434	yes
k2p	Q9NEV3__Caeele_m2	Q9NEV3__Caeele	2	full	TIGLG	TIGLG	I	434	yes
k2p	Q9VE68__Dromel_m1	Q9VE68__Dromel	1	full		MIGYG	I	434	no
k2p	Q9VE68__Dromel_m2	Q9VE68__Dromel	2	full		KIGFG	I	434	no
k2p	Q9VFS9__Dromel_m1	Q9VFS9__Dromel	1	full	TIGYG	TIGYG	I	434	yes
k2p	Q9VFS9__Dromel_m2	Q9VFS9__Dromel	2	full	TIGFG	TIGFG	I	434	yes
k2p	Q9VHE0__Dromel_m1	Q9VHE0__Dromel	1	full		MIGYG	I	434	no
k2p	Q9VHE0__Dromel_m2	Q9VHE0__Dromel	2	full	TIGFG	TIGFG	I	434	yes
k2p	Q9VYY5__Dromel_m1	Q9VYY5__Dromel	1	full	TIGYG	TIGYG	I	434	yes
k2p	Q9VYY5__Dromel_m2	Q9VYY5__Dromel	2	full	TIGFG	TIGFG	I	434	yes
k2p	Q9W0J0__Dromel_m1	Q9W0J0__Dromel	1	full	TIGYG	TIGYG	I	434	yes
k2p	Q9W0J0__Dromel_m2	Q9W0J0__Dromel	2	full	TIGFG	TIGFG	I	434	yes
k2p	Q9W2L7__Dromel_m1	Q9W2L7__Dromel	1	full	TIGYG	TIGYG	I	434	yes
k2p	Q9W2L7__Dromel_m2	Q9W2L7__Dromel	2	full	TIGFG	TIGFG	I	434	yes
k2p	Q9XTV6__Caeele_m1	Q9XTV6__Caeele	1	full	TTGYG	TTGYG	T	434	yes
k2p	Q9XTV6__Caeele_m2	Q9XTV6__Caeele	2	full	TIGLG	TIGLG	I	434	yes
k2p	R4GA87__Anocar_m1	R4GA87__Anocar	1	full	TIGYG	TIGYG	I	434	yes
k2p	R4GA87__Anocar_m2	R4GA87__Anocar	2	full	TIGFG	TIGFG	I	434	yes
k2p	V3YX38__Lotgig_m1	V3YX38__Lotgig	1	full	TIGYG	TIGYG	I	434	yes
k2p	V3YX38__Lotgig_m2	V3YX38__Lotgig	2	full	TIGFG	TIGFG	I	434	yes
k2p	V3Z229__Lotgig_m1	V3Z229__Lotgig	1	full	TIGYG	TIGYG	I	434	yes
k2p	V3Z229__Lotgig_m2	V3Z229__Lotgig	2	full	TIGFG	TIGFG	I	434	yes
k2p	V3ZKS8__Lotgig_m1	V3ZKS8__Lotgig	1	full	TIGYG	TIGYG	I	434	yes
k2p	V3ZKS8__Lotgig_m2	V3ZKS8__Lotgig	2	full	TIGFG	TIGFG	I	434	yes
k2p	V3ZRN1__Lotgig_m1	V3ZRN1__Lotgig	1	full	TIGYG	TIGYG	I	434	yes
k2p	V3ZRN1__Lotgig_m2	V3ZRN1__Lotgig	2	full	TIGFG	TIGFG	I	434	yes
k2p	V3ZU20__Lotgig_m1	V3ZU20__Lotgig	1	partial					no
k2p	V3ZU20__Lotgig_m2	V3ZU20__Lotgig	2	full	TIGFG	TIGFG	I	434	yes
k2p	V3ZUS1__Lotgig_m1	V3ZUS1__Lotgig	1	full	TIGYG	TIGYG	I	434	yes
k2p	V3ZUS1__Lotgig_m2	V3ZUS1__Lotgig	2	full	TIGFG	TIGFG	I	434	yes
k2p	V4B135__Lotgig_m1	V4B135__Lotgig	1	full	TIGYG	TIGYG	I	434	yes
k2p	V4B135__Lotgig_m2	V4B135__Lotgig	2	full	TIGLG	TIGLG	I	434	yes
k2p	V4B2I8__Lotgig_m1	V4B2I8__Lotgig	1	full	TIGYG	TIGYG	I	434	yes
k2p	V4B2I8__Lotgig_m2	V4B2I8__Lotgig	2	full	TIGFG	TIGFG	I	434	yes
k2p	V4B5K0__Lotgig_m1	V4B5K0__Lotgig	1	full	TIGFG	TIGFG	I	434	yes
k2p	V4B5K0__Lotgig_m2	V4B5K0__Lotgig	2	full	TIGFG	TIGFG	I	434	yes
k2p	V4BAV2__Lotgig_m1	V4BAV2__Lotgig	1	full	TIGFG	TIGFG	I	434	yes
k2p	V4BAV2__Lotgig_m2	V4BAV2__Lotgig	2	full	TIGFG	TIGFG	I	434	yes
k2p	GCA_964187895.1_OZ076448.1_50172574-50431570___Corasp_m1	GCA_964187895.1_OZ076448.1_50172574-50431570___Corasp	1	full	TIGFG	TIGFG	I	434	yes
k2p	GCA_964187895.1_OZ076448.1_50172574-50431570___Corasp_m2	GCA_964187895.1_OZ076448.1_50172574-50431570___Corasp	2	full	TIGFG	TIGFG	I	434	yes
k2p	GCA_964187895.1_OZ076453.1_14835525-15239484-__Corasp_m1	GCA_964187895.1_OZ076453.1_14835525-15239484-__Corasp	1	full	TIGYG	TIGYG	I	434	yes
k2p	GCA_964187895.1_OZ076453.1_14835525-15239484-__Corasp_m2	GCA_964187895.1_OZ076453.1_14835525-15239484-__Corasp	2	full	TIGFG	TIGFG	I	434	yes
k2p	GCA_964187895.1_OZ076455.1_37881595-38169763___Corasp_m1	GCA_964187895.1_OZ076455.1_37881595-38169763___Corasp	1	full	TIGFG	TIGFG	I	434	yes
k2p	GCA_964187895.1_OZ076455.1_37881595-38169763___Corasp_m2	GCA_964187895.1_OZ076455.1_37881595-38169763___Corasp	2	full	TIGFG	TIGFG	I	434	yes
k2p	GCA_964187895.1_OZ076448.1_107683166-107807521-__Corasp_m1	GCA_964187895.1_OZ076448.1_107683166-107807521-__Corasp	1	full	TIGYG	TIGYG	I	434	yes
k2p	GCA_964187895.1_OZ076448.1_107683166-107807521-__Corasp_m2	GCA_964187895.1_OZ076448.1_107683166-107807521-__Corasp	2	full	TIGLG	TIGLG	I	434	yes
k2p	GCA_964187895.1_OZ076455.1_71357634-71893817-__Corasp_m1	GCA_964187895.1_OZ076455.1_71357634-71893817-__Corasp	1	full	TIGYG	TIGYG	I	434	yes
k2p	GCA_964187895.1_OZ076455.1_71357634-71893817-__Corasp_m2	GCA_964187895.1_OZ076455.1_71357634-71893817-__Corasp	2	full	TIGLG	TIGLG	I	434	yes
k2p	GCA_964187895.1_OZ076466.1_57073762-58163616___Corasp_m1	GCA_964187895.1_OZ076466.1_57073762-58163616___Corasp	1	full	TIGYG	TIGYG	I	434	yes
k2p	GCA_964187895.1_OZ076466.1_57073762-58163616___Corasp_m2	GCA_964187895.1_OZ076466.1_57073762-58163616___Corasp	2	full	TIGFG	TIGFG	I	434	yes
k2p	GCA_964187895.1_OZ076469.1_729048-1562888-__Corasp_m1	GCA_964187895.1_OZ076469.1_729048-1562888-__Corasp	1	partial					no
k2p	GCA_964187895.1_OZ076469.1_729048-1562888-__Corasp_m2	GCA_964187895.1_OZ076469.1_729048-1562888-__Corasp	2	full	TIGFG	TIGFG	I	434	yes
k2p	GCA_964187895.1_OZ076469.1_48440877-49224352___Corasp_m1	GCA_964187895.1_OZ076469.1_48440877-49224352___Corasp	1	full	TIGYG	TIGYG	I	434	yes
k2p	GCA_964187895.1_OZ076469.1_48440877-49224352___Corasp_m2	GCA_964187895.1_OZ076469.1_48440877-49224352___Corasp	2	full	TIGFG	TIGFG	I	434	yes
k2p	GCA_977017645.1_OZ360224.1_104207609-104699643___Tormar_m1	GCA_977017645.1_OZ360224.1_104207609-104699643___Tormar	1	full	TIGFG	TIGFG	I	434	yes
k2p	GCA_977017645.1_OZ360224.1_104207609-104699643___Tormar_m2	GCA_977017645.1_OZ360224.1_104207609-104699643___Tormar	2	full	TIGFG	TIGFG	I	434	yes
k2p	GCA_977017645.1_OZ360224.1_220219962-220274244___Tormar_m1	GCA_977017645.1_OZ360224.1_220219962-220274244___Tormar	1	full	TTGYG	TTGYG	T	434	yes
k2p	GCA_977017645.1_OZ360224.1_220219962-220274244___Tormar_m2	GCA_977017645.1_OZ360224.1_220219962-220274244___Tormar	2	full	TIGLG	TIGLG	I	434	yes
k2p	GCA_977017645.1_OZ360222.1_56927536-57051816___Tormar_m1	GCA_977017645.1_OZ360222.1_56927536-57051816___Tormar	1	full	TIGFG	TIGFG	I	434	yes
k2p	GCA_977017645.1_OZ360222.1_56927536-57051816___Tormar_m2	GCA_977017645.1_OZ360222.1_56927536-57051816___Tormar	2	full	TIGFG	TIGFG	I	434	yes
k2p	GCA_977017645.1_OZ360224.1_29260627-29657232-__Tormar_m1	GCA_977017645.1_OZ360224.1_29260627-29657232-__Tormar	1	full	TIGYG	TIGYG	I	434	yes
k2p	GCA_977017645.1_OZ360224.1_29260627-29657232-__Tormar_m2	GCA_977017645.1_OZ360224.1_29260627-29657232-__Tormar	2	full	TIGFG	TIGFG	I	434	yes
k2p	GCA_977017645.1_OZ360225.1_85959469-86128959___Tormar_m1	GCA_977017645.1_OZ360225.1_85959469-86128959___Tormar	1	full	TIGYG	TIGYG	I	434	yes
k2p	GCA_977017645.1_OZ360225.1_85959469-86128959___Tormar_m2	GCA_977017645.1_OZ360225.1_85959469-86128959___Tormar	2	full	TIGFG	TIGFG	I	434	yes
k2p	GCA_977017645.1_OZ360222.1_83618435-84452732-__Tormar_m1	GCA_977017645.1_OZ360222.1_83618435-84452732-__Tormar	1	full	TIGFG	TIGFG	I	434	yes
k2p	GCA_977017645.1_OZ360222.1_83618435-84452732-__Tormar_m2	GCA_977017645.1_OZ360222.1_83618435-84452732-__Tormar	2	full	TIGFG	TIGFG	I	434	yes
k2p	GCA_977017645.1_OZ360228.1_103112336-103401137-__Tormar_m1	GCA_977017645.1_OZ360228.1_103112336-103401137-__Tormar	1	full	TIGYG	TIGYG	I	434	yes
k2p	GCA_977017645.1_OZ360228.1_103112336-103401137-__Tormar_m2	GCA_977017645.1_OZ360228.1_103112336-103401137-__Tormar	2	full	TVGFG	TVGFG	V	434	yes
k2p	GCA_977017645.1_OZ360251.1_29578524-29595984-__Tormar_m1	GCA_977017645.1_OZ360251.1_29578524-29595984-__Tormar	1	full	TIGFG	TIGFG	I	434	yes
k2p	GCA_977017645.1_OZ360251.1_29578524-29595984-__Tormar_m2	GCA_977017645.1_OZ360251.1_29578524-29595984-__Tormar	2	full	TIGFG	TIGFG	I	434	yes
k2p	GCA_977017645.1_OZ360236.1_4072126-4107935___Tormar_m1	GCA_977017645.1_OZ360236.1_4072126-4107935___Tormar	1	full	TIGYG	TIGYG	I	434	yes
k2p	GCA_977017645.1_OZ360236.1_4072126-4107935___Tormar_m2	GCA_977017645.1_OZ360236.1_4072126-4107935___Tormar	2	full	TIGFG	TIGFG	I	434	yes
k2p	GCA_977017645.1_OZ360228.1_138108580-138152280___Tormar_m1	GCA_977017645.1_OZ360228.1_138108580-138152280___Tormar	1	full	TIGFG	TIGFG	I	434	yes
k2p	GCA_977017645.1_OZ360228.1_138108580-138152280___Tormar_m2	GCA_977017645.1_OZ360228.1_138108580-138152280___Tormar	2	full	TIGFG	TIGFG	I	434	yes
k2p	GCA_977017645.1_OZ360251.1_13415450-13827932___Tormar_m1	GCA_977017645.1_OZ360251.1_13415450-13827932___Tormar	1	full	TVGYG	TVGYG	V	434	yes
k2p	GCA_977017645.1_OZ360251.1_13415450-13827932___Tormar_m2	GCA_977017645.1_OZ360251.1_13415450-13827932___Tormar	2	full	TIGLG	TIGLG	I	434	yes
k2p	GCA_977017645.1_OZ360248.1_18779258-18792414___Tormar_m1	GCA_977017645.1_OZ360248.1_18779258-18792414___Tormar	1	full	TIGFG	TIGFG	I	434	yes
k2p	GCA_977017645.1_OZ360248.1_18779258-18792414___Tormar_m2	GCA_977017645.1_OZ360248.1_18779258-18792414___Tormar	2	full	TIGFG	TIGFG	I	434	yes
kcsa_prok	O27564__Metthe	O27564__Metthe	1	full	TVGYG	TVGYG	V	434	yes
kcsa_prok	A0ABN4DJJ3__Strliv	A0ABN4DJJ3__Strliv	1	full	TVGYG	TVGYG	V	434	yes
kcsa_prok	A8EVQ9__Alibut	A8EVQ9__Alibut	1	full		NTGFG	T	434	no
kcsa_prok	Q7NM36__Glovio	Q7NM36__Glovio	1	full		GVGYG	V	434	no
nav	A2APX8__Musmus_m1	A2APX8__Musmus	1	full		QDFWE	D	434	no
nav	A2APX8__Musmus_m2	A2APX8__Musmus	2	full		GE-WI	E	434	no
nav	A2APX8__Musmus_m3	A2APX8__Musmus	3	full		FKGWM	K	434	no
nav	A2APX8__Musmus_m4	A2APX8__Musmus	4	full		SAGWD	A	434	no
nav	A2ASI5__Musmus_m1	A2ASI5__Musmus	1	full		QDYWE	D	434	no
nav	A2ASI5__Musmus_m2	A2ASI5__Musmus	2	full		GE-WI	E	434	no
nav	A2ASI5__Musmus_m3	A2ASI5__Musmus	3	full		FKGWM	K	434	no
nav	A2ASI5__Musmus_m4	A2ASI5__Musmus	4	full		SAGWD	A	434	no
nav	B1AWN6__Musmus_m1	B1AWN6__Musmus	1	full		QDFWE	D	434	no
nav	B1AWN6__Musmus_m2	B1AWN6__Musmus	2	full		GE-WI	E	434	no
nav	B1AWN6__Musmus_m3	B1AWN6__Musmus	3	full		FKGWM	K	434	no
nav	B1AWN6__Musmus_m4	B1AWN6__Musmus	4	full		SAGWD	A	434	no
nav	B1AYL1__Musmus_m1	B1AYL1__Musmus	1	full		QDYPE	D	434	no
nav	B1AYL1__Musmus_m2	B1AYL1__Musmus	2	full		GE-WI	E	434	no
nav	B1AYL1__Musmus_m3	B1AYL1__Musmus	3	full		FNGWI	N	434	no
nav	B1AYL1__Musmus_m4	B1AYL1__Musmus	4	full		FSGWD	S	434	no
nav	F1LQQ7__Ratnor_m1	F1LQQ7__Ratnor	1	full		QDYPE	D	434	no
nav	F1LQQ7__Ratnor_m2	F1LQQ7__Ratnor	2	full		GE-WI	E	434	no
nav	F1LQQ7__Ratnor_m3	F1LQQ7__Ratnor	3	full		FNGWI	N	434	no
nav	F1LQQ7__Ratnor_m4	F1LQQ7__Ratnor	4	full		FSGWD	S	434	no
nav	O08562__Ratnor_m1	O08562__Ratnor	1	full		QDYWE	D	434	no
nav	O08562__Ratnor_m2	O08562__Ratnor	2	full		GE-WI	E	434	no
nav	O08562__Ratnor_m3	O08562__Ratnor	3	full		FKGWM	K	434	no
nav	O08562__Ratnor_m4	O08562__Ratnor	4	full		SAGWD	A	434	no
nav	O88420__Ratnor_m1	O88420__Ratnor	1	full		QDYWE	D	434	no
nav	O88420__Ratnor_m2	O88420__Ratnor	2	full		GE-WI	E	434	no
nav	O88420__Ratnor_m3	O88420__Ratnor	3	full		FKGWM	K	434	no
nav	O88420__Ratnor_m4	O88420__Ratnor	4	full		SAGWD	A	434	no
nav	O88457__Ratnor_m1	O88457__Ratnor	1	full		QDSWE	D	434	no
nav	O88457__Ratnor_m2	O88457__Ratnor	2	full		GE-WI	E	434	no
nav	O88457__Ratnor_m3	O88457__Ratnor	3	full		YKGWL	K	434	no
nav	O88457__Ratnor_m4	O88457__Ratnor	4	full		SAGWD	A	434	no
nav	P04774__Ratnor_m1	P04774__Ratnor	1	full		QDFWE	D	434	no
nav	P04774__Ratnor_m2	P04774__Ratnor	2	full		GE-WI	E	434	no
nav	P04774__Ratnor_m3	P04774__Ratnor	3	full		FKGWM	K	434	no
nav	P04774__Ratnor_m4	P04774__Ratnor	4	full		SAGWD	A	434	no
nav	P04775__Ratnor_m1	P04775__Ratnor	1	full		QDFWE	D	434	no
nav	P04775__Ratnor_m2	P04775__Ratnor	2	full		GE-WI	E	434	no
nav	P04775__Ratnor_m3	P04775__Ratnor	3	full		FKGWM	K	434	no
nav	P04775__Ratnor_m4	P04775__Ratnor	4	full		SAGWD	A	434	no
nav	P08104__Ratnor_m1	P08104__Ratnor	1	full		QDYWE	D	434	no
nav	P08104__Ratnor_m2	P08104__Ratnor	2	full		GE-WI	E	434	no
nav	P08104__Ratnor_m3	P08104__Ratnor	3	full		FKGWM	K	434	no
nav	P08104__Ratnor_m4	P08104__Ratnor	4	full		SAGWD	A	434	no
nav	P15389__Ratnor_m1	P15389__Ratnor	1	full		QDCWE	D	434	no
nav	P15389__Ratnor_m2	P15389__Ratnor	2	full		GE-WI	E	434	no
nav	P15389__Ratnor_m3	P15389__Ratnor	3	full		FKGWM	K	434	no
nav	P15389__Ratnor_m4	P15389__Ratnor	4	full		SAGWD	A	434	no
nav	P15390__Ratnor_m1	P15390__Ratnor	1	full		QDYWE	D	434	no
nav	P15390__Ratnor_m2	P15390__Ratnor	2	full		GE-WI	E	434	no
nav	P15390__Ratnor_m3	P15390__Ratnor	3	full		FKGWM	K	434	no
nav	P15390__Ratnor_m4	P15390__Ratnor	4	full		SAGWD	A	434	no
nav	P35498__Homsap_m1	P35498__Homsap	1	full		QDFWE	D	434	no
nav	P35498__Homsap_m2	P35498__Homsap	2	full		GE-WI	E	434	no
nav	P35498__Homsap_m3	P35498__Homsap	3	full		FKGWM	K	434	no
nav	P35498__Homsap_m4	P35498__Homsap	4	full		SAGWD	A	434	no
nav	P35499__Homsap_m1	P35499__Homsap	1	full		QDYWE	D	434	no
nav	P35499__Homsap_m2	P35499__Homsap	2	full		GE-WI	E	434	no
nav	P35499__Homsap_m3	P35499__Homsap	3	full		FKGWM	K	434	no
nav	P35499__Homsap_m4	P35499__Homsap	4	full		SAGWD	A	434	no
nav	P35500__Dromel_m1	P35500__Dromel	1	full		QDFWE	D	434	no
nav	P35500__Dromel_m2	P35500__Dromel	2	full		GE-WI	E	434	no
nav	P35500__Dromel_m3	P35500__Dromel	3	full		FKGWI	K	434	no
nav	P35500__Dromel_m4	P35500__Dromel	4	full		SAGWD	A	434	no
nav	Q01118__Homsap_m1	Q01118__Homsap	1	full		QDYPE	D	434	no
nav	Q01118__Homsap_m2	Q01118__Homsap	2	full		GE-WV	E	434	no
nav	Q01118__Homsap_m3	Q01118__Homsap	3	full		FNGWI	N	434	no
nav	Q01118__Homsap_m4	Q01118__Homsap	4	full		FAGWD	A	434	no
nav	Q14524__Homsap_m1	Q14524__Homsap	1	full		QDCWE	D	434	no
nav	Q14524__Homsap_m2	Q14524__Homsap	2	full		GE-WI	E	434	no
nav	Q14524__Homsap_m3	Q14524__Homsap	3	full		FKGWM	K	434	no
nav	Q14524__Homsap_m4	Q14524__Homsap	4	full		SAGWD	A	434	no
nav	Q15858__Homsap_m1	Q15858__Homsap	1	full		QDYWE	D	434	no
nav	Q15858__Homsap_m2	Q15858__Homsap	2	full		GE-WI	E	434	no
nav	Q15858__Homsap_m3	Q15858__Homsap	3	full		FKGWT	K	434	no
nav	Q15858__Homsap_m4	Q15858__Homsap	4	full		SAGWD	A	434	no
nav	Q20JQ7__Danrer_m1	Q20JQ7__Danrer	1	full		QDFWE	D	434	no
nav	Q20JQ7__Danrer_m2	Q20JQ7__Danrer	2	full		GE-WI	E	434	no
nav	Q20JQ7__Danrer_m3	Q20JQ7__Danrer	3	full		FKGWM	K	434	no
nav	Q20JQ7__Danrer_m4	Q20JQ7__Danrer	4	full		SAGWD	A	434	no
nav	Q2XVR3__Danrer_m1	Q2XVR3__Danrer	1	full		QDFWE	D	434	no
nav	Q2XVR3__Danrer_m2	Q2XVR3__Danrer	2	full		GE-WI	E	434	no
nav	Q2XVR3__Danrer_m3	Q2XVR3__Danrer	3	full		FKGWM	K	434	no
nav	Q2XVR3__Danrer_m4	Q2XVR3__Danrer	4	full		SAGWD	A	434	no
nav	Q2XVR6__Takrub_m1	Q2XVR6__Takrub	1	full		QDFWE	D	434	no
nav	Q2XVR6__Takrub_m2	Q2XVR6__Takrub	2	full		GE-WI	E	434	no
nav	Q2XVR6__Takrub_m3	Q2XVR6__Takrub	3	full		FKGWT	K	434	no
nav	Q2XVR6__Takrub_m4	Q2XVR6__Takrub	4	full		SAGWD	A	434	no
nav	Q2XVR7__Takrub_m1	Q2XVR7__Takrub	1	full		QDNWE	D	434	no
nav	Q2XVR7__Takrub_m2	Q2XVR7__Takrub	2	full		GE-WI	E	434	no
nav	Q2XVR7__Takrub_m3	Q2XVR7__Takrub	3	full		FKGWM	K	434	no
nav	Q2XVR7__Takrub_m4	Q2XVR7__Takrub	4	full		SAGWD	A	434	no
nav	Q62205__Musmus_m1	Q62205__Musmus	1	full		QDYWE	D	434	no
nav	Q62205__Musmus_m2	Q62205__Musmus	2	full		GE-WI	E	434	no
nav	Q62205__Musmus_m3	Q62205__Musmus	3	full		FKGWM	K	434	no
nav	Q62205__Musmus_m4	Q62205__Musmus	4	full		SAGWD	A	434	no
nav	Q62968__Ratnor_m1	Q62968__Ratnor	1	full		QDSWE	D	434	no
nav	Q62968__Ratnor_m2	Q62968__Ratnor	2	full		GE-WI	E	434	no
nav	Q62968__Ratnor_m3	Q62968__Ratnor	3	full		FKGWM	K	434	no
nav	Q62968__Ratnor_m4	Q62968__Ratnor	4	full		SAGWD	A	434	no
nav	Q6QIY3__Musmus_m1	Q6QIY3__Musmus	1	full		QDSWE	D	434	no
nav	Q6QIY3__Musmus_m2	Q6QIY3__Musmus	2	full		GE-WI	E	434	no
nav	Q6QIY3__Musmus_m3	Q6QIY3__Musmus	3	full		FKGWM	K	434	no
nav	Q6QIY3__Musmus_m4	Q6QIY3__Musmus	4	full		SAGWD	A	434	no
nav	Q99250__Homsap_m1	Q99250__Homsap	1	full		QDFWE	D	434	no
nav	Q99250__Homsap_m2	Q99250__Homsap	2	full		GE-WI	E	434	no
nav	Q99250__Homsap_m3	Q99250__Homsap	3	full		FKGWM	K	434	no
nav	Q99250__Homsap_m4	Q99250__Homsap	4	full		SAGWD	A	434	no
nav	Q9ER60__Musmus_m1	Q9ER60__Musmus	1	full		QDYWE	D	434	no
nav	Q9ER60__Musmus_m2	Q9ER60__Musmus	2	full		GE-WI	E	434	no
nav	Q9ER60__Musmus_m3	Q9ER60__Musmus	3	full		FKGWM	K	434	no
nav	Q9ER60__Musmus_m4	Q9ER60__Musmus	4	full		SAGWD	A	434	no
nav	Q9JJV9__Musmus_m1	Q9JJV9__Musmus	1	full		QDCWE	D	434	no
nav	Q9JJV9__Musmus_m2	Q9JJV9__Musmus	2	full		GE-WI	E	434	no
nav	Q9JJV9__Musmus_m3	Q9JJV9__Musmus	3	full		FKGWM	K	434	no
nav	Q9JJV9__Musmus_m4	Q9JJV9__Musmus	4	full		SAGWD	A	434	no
nav	Q9NY46__Homsap_m1	Q9NY46__Homsap	1	full		QDYWE	D	434	no
nav	Q9NY46__Homsap_m2	Q9NY46__Homsap	2	full		GE-WI	E	434	no
nav	Q9NY46__Homsap_m3	Q9NY46__Homsap	3	full		FKGWM	K	434	no
nav	Q9NY46__Homsap_m4	Q9NY46__Homsap	4	full		SAGWD	A	434	no
nav	Q9R053__Musmus_m1	Q9R053__Musmus	1	full		QDSWE	D	434	no
nav	Q9R053__Musmus_m2	Q9R053__Musmus	2	full		GE-WI	E	434	no
nav	Q9R053__Musmus_m3	Q9R053__Musmus	3	full		YKGWL	K	434	no
nav	Q9R053__Musmus_m4	Q9R053__Musmus	4	full		SAGWD	A	434	no
nav	Q9UI33__Homsap_m1	Q9UI33__Homsap	1	full		QDSWE	D	434	no
nav	Q9UI33__Homsap_m2	Q9UI33__Homsap	2	full		GE-WI	E	434	no
nav	Q9UI33__Homsap_m3	Q9UI33__Homsap	3	full		FKGWM	K	434	no
nav	Q9UI33__Homsap_m4	Q9UI33__Homsap	4	full		SAGWD	A	434	no
nav	Q9UQD0__Homsap_m1	Q9UQD0__Homsap	1	full		QDYWE	D	434	no
nav	Q9UQD0__Homsap_m2	Q9UQD0__Homsap	2	full		GE-WI	E	434	no
nav	Q9UQD0__Homsap_m3	Q9UQD0__Homsap	3	full		FKGWM	K	434	no
nav	Q9UQD0__Homsap_m4	Q9UQD0__Homsap	4	full		SAGWD	A	434	no
nav	Q9W0Y8__Dromel_m1	Q9W0Y8__Dromel	1	full		LDYWE	D	434	no
nav	Q9W0Y8__Dromel_m2	Q9W0Y8__Dromel	2	full		GE-WI	E	434	no
nav	Q9W0Y8__Dromel_m3	Q9W0Y8__Dromel	3	full		FEGWM	E	434	no
nav	Q9W0Y8__Dromel_m4	Q9W0Y8__Dromel	4	full		SAGWN	A	434	no
nav	Q9WTU3__Musmus_m1	Q9WTU3__Musmus	1	full		QDYWE	D	434	no
nav	Q9WTU3__Musmus_m2	Q9WTU3__Musmus	2	full		GE-WI	E	434	no
nav	Q9WTU3__Musmus_m3	Q9WTU3__Musmus	3	full		FKGWM	K	434	no
nav	Q9WTU3__Musmus_m4	Q9WTU3__Musmus	4	full		SAGWD	A	434	no
nav	Q9Y5Y9__Homsap_m1	Q9Y5Y9__Homsap	1	full		QDSWE	D	434	no
nav	Q9Y5Y9__Homsap_m2	Q9Y5Y9__Homsap	2	full		GE-WI	E	434	no
nav	Q9Y5Y9__Homsap_m3	Q9Y5Y9__Homsap	3	full		FKGWM	K	434	no
nav	Q9Y5Y9__Homsap_m4	Q9Y5Y9__Homsap	4	full		SAGWD	A	434	no
nav	A0A4W3HP65__Calmil_m1	A0A4W3HP65__Calmil	1	full		QDCWE	D	434	no
nav	A0A4W3HP65__Calmil_m2	A0A4W3HP65__Calmil	2	full		GE-WI	E	434	no
nav	A0A4W3HP65__Calmil_m3	A0A4W3HP65__Calmil	3	full		FKGWM	K	434	no
nav	A0A4W3HP65__Calmil_m4	A0A4W3HP65__Calmil	4	full		SAGWD	A	434	no
nav	A0A4W3HQN2__Calmil_m1	A0A4W3HQN2__Calmil	1	full		QDFWE	D	434	no
nav	A0A4W3HQN2__Calmil_m2	A0A4W3HQN2__Calmil	2	full		GE-WI	E	434	no
nav	A0A4W3HQN2__Calmil_m3	A0A4W3HQN2__Calmil	3	full		FKGWM	K	434	no
nav	A0A4W3HQN2__Calmil_m4	A0A4W3HQN2__Calmil	4	full		SAGWD	A	434	no
nav	A0A4W3ICV0__Calmil_m1	A0A4W3ICV0__Calmil	1	full		QDFWE	D	434	no
nav	A0A4W3ICV0__Calmil_m2	A0A4W3ICV0__Calmil	2	full		GE-WI	E	434	no
nav	A0A4W3ICV0__Calmil_m3	A0A4W3ICV0__Calmil	3	absent					no
nav	A0A4W3ICV0__Calmil_m4	A0A4W3ICV0__Calmil	4	absent					no
nav	A0A4W3JYQ2__Calmil_m1	A0A4W3JYQ2__Calmil	1	full		QDFWE	D	434	no
nav	A0A4W3JYQ2__Calmil_m2	A0A4W3JYQ2__Calmil	2	partial					no
nav	A0A4W3JYQ2__Calmil_m3	A0A4W3JYQ2__Calmil	3	full		FKGWM	K	434	no
nav	A0A4W3JYQ2__Calmil_m4	A0A4W3JYQ2__Calmil	4	full		SAGWD	A	434	no
nav	A0A4W3JZX3__Calmil_m1	A0A4W3JZX3__Calmil	1	full		LDYWE	D	434	no
nav	A0A4W3JZX3__Calmil_m2	A0A4W3JZX3__Calmil	2	full		GE-WI	E	434	no
nav	A0A4W3JZX3__Calmil_m3	A0A4W3JZX3__Calmil	3	full		FEGWL	E	434	no
nav	A0A4W3JZX3__Calmil_m4	A0A4W3JZX3__Calmil	4	full		AAAWN	A	434	no
nav	A0A5F8H6I7__Mondom_m1	A0A5F8H6I7__Mondom	1	full		LDCWE	D	434	no
nav	A0A5F8H6I7__Mondom_m2	A0A5F8H6I7__Mondom	2	full		GE-WI	E	434	no
nav	A0A5F8H6I7__Mondom_m3	A0A5F8H6I7__Mondom	3	full		HE---	E	434	no
nav	A0A5F8H6I7__Mondom_m4	A0A5F8H6I7__Mondom	4	full		FAGWN	A	434	no
nav	A0A5F8HFU9__Mondom_m1	A0A5F8HFU9__Mondom	1	full		QDYWE	D	434	no
nav	A0A5F8HFU9__Mondom_m2	A0A5F8HFU9__Mondom	2	full		GE-WI	E	434	no
nav	A0A5F8HFU9__Mondom_m3	A0A5F8HFU9__Mondom	3	full		FKGWM	K	434	no
nav	A0A5F8HFU9__Mondom_m4	A0A5F8HFU9__Mondom	4	full		SAGWD	A	434	no
nav	A0A5F8HK98__Mondom_m1	A0A5F8HK98__Mondom	1	full		QDFWE	D	434	no
nav	A0A5F8HK98__Mondom_m2	A0A5F8HK98__Mondom	2	full		GE-WI	E	434	no
nav	A0A5F8HK98__Mondom_m3	A0A5F8HK98__Mondom	3	full		FKGWM	K	434	no
nav	A0A5F8HK98__Mondom_m4	A0A5F8HK98__Mondom	4	full		SAGWD	A	434	no
nav	A0A5F8HLF4__Mondom_m1	A0A5F8HLF4__Mondom	1	full		QDFWE	D	434	no
nav	A0A5F8HLF4__Mondom_m2	A0A5F8HLF4__Mondom	2	full		GE-WI	E	434	no
nav	A0A5F8HLF4__Mondom_m3	A0A5F8HLF4__Mondom	3	full		FKGWM	K	434	no
nav	A0A5F8HLF4__Mondom_m4	A0A5F8HLF4__Mondom	4	full		SAGWD	A	434	no
nav	A0A674MH49__Takrub_m1	A0A674MH49__Takrub	1	full		QDNWE	D	434	no
nav	A0A674MH49__Takrub_m2	A0A674MH49__Takrub	2	full		GE-WI	E	434	no
nav	A0A674MH49__Takrub_m3	A0A674MH49__Takrub	3	full		FKGWM	K	434	no
nav	A0A674MH49__Takrub_m4	A0A674MH49__Takrub	4	full		SAGWD	A	434	no
nav	A0A674MT91__Takrub_m1	A0A674MT91__Takrub	1	full		QDFWE	D	434	no
nav	A0A674MT91__Takrub_m2	A0A674MT91__Takrub	2	full		GE-WI	E	434	no
nav	A0A674MT91__Takrub_m3	A0A674MT91__Takrub	3	full		FKGWT	K	434	no
nav	A0A674MT91__Takrub_m4	A0A674MT91__Takrub	4	full		SAGWD	A	434	no
nav	A0A674NU94__Takrub_m1	A0A674NU94__Takrub	1	full		QDFWE	D	434	no
nav	A0A674NU94__Takrub_m2	A0A674NU94__Takrub	2	full		GE-WI	E	434	no
nav	A0A674NU94__Takrub_m3	A0A674NU94__Takrub	3	full		FKGWM	K	434	no
nav	A0A674NU94__Takrub_m4	A0A674NU94__Takrub	4	full		SGGWD	G	434	no
nav	A0A674PFR9__Takrub_m1	A0A674PFR9__Takrub	1	absent					no
nav	A0A674PFR9__Takrub_m2	A0A674PFR9__Takrub	2	full		GE-WI	E	434	no
nav	A0A674PFR9__Takrub_m3	A0A674PFR9__Takrub	3	full		FKGWT	K	434	no
nav	A0A674PFR9__Takrub_m4	A0A674PFR9__Takrub	4	full		SGGWD	G	434	no
nav	A0A674PLI8__Takrub_m1	A0A674PLI8__Takrub	1	full		QDCWE	D	434	no
nav	A0A674PLI8__Takrub_m2	A0A674PLI8__Takrub	2	full		GE-WI	E	434	no
nav	A0A674PLI8__Takrub_m3	A0A674PLI8__Takrub	3	full		FKGWT	K	434	no
nav	A0A674PLI8__Takrub_m4	A0A674PLI8__Takrub	4	full		SAGWD	A	434	no
nav	A0A674PRG7__Takrub_m1	A0A674PRG7__Takrub	1	full		QDYWE	D	434	no
nav	A0A674PRG7__Takrub_m2	A0A674PRG7__Takrub	2	full		GE-WI	E	434	no
nav	A0A674PRG7__Takrub_m3	A0A674PRG7__Takrub	3	full		FKGWT	K	434	no
nav	A0A674PRG7__Takrub_m4	A0A674PRG7__Takrub	4	full		SGGWD	G	434	no
nav	A0A6I8MZN6__Ornana_m1	A0A6I8MZN6__Ornana	1	full		QDFWE	D	434	no
nav	A0A6I8MZN6__Ornana_m2	A0A6I8MZN6__Ornana	2	full		GE-WI	E	434	no
nav	A0A6I8MZN6__Ornana_m3	A0A6I8MZN6__Ornana	3	full		FKGWM	K	434	no
nav	A0A6I8MZN6__Ornana_m4	A0A6I8MZN6__Ornana	4	full		SAGWD	A	434	no
nav	A0A6I8N2A8__Ornana_m1	A0A6I8N2A8__Ornana	1	full		QDFWE	D	434	no
nav	A0A6I8N2A8__Ornana_m2	A0A6I8N2A8__Ornana	2	full		GE-WI	E	434	no
nav	A0A6I8N2A8__Ornana_m3	A0A6I8N2A8__Ornana	3	full		FKGWM	K	434	no
nav	A0A6I8N2A8__Ornana_m4	A0A6I8N2A8__Ornana	4	full		SAGWD	A	434	no
nav	A0A6I8N9U2__Ornana_m1	A0A6I8N9U2__Ornana	1	full		QDYWE	D	434	no
nav	A0A6I8N9U2__Ornana_m2	A0A6I8N9U2__Ornana	2	full		GE-WI	E	434	no
nav	A0A6I8N9U2__Ornana_m3	A0A6I8N9U2__Ornana	3	full		FKGWM	K	434	no
nav	A0A6I8N9U2__Ornana_m4	A0A6I8N9U2__Ornana	4	full		SAGWD	A	434	no
nav	A0A6I8NCV6__Ornana_m1	A0A6I8NCV6__Ornana	1	full		QDYWE	D	434	no
nav	A0A6I8NCV6__Ornana_m2	A0A6I8NCV6__Ornana	2	full		GE-WI	E	434	no
nav	A0A6I8NCV6__Ornana_m3	A0A6I8NCV6__Ornana	3	full		FKGWM	K	434	no
nav	A0A6I8NCV6__Ornana_m4	A0A6I8NCV6__Ornana	4	full		SAGWD	A	434	no
nav	A0A6I8NE82__Ornana_m1	A0A6I8NE82__Ornana	1	full		QDFWE	D	434	no
nav	A0A6I8NE82__Ornana_m2	A0A6I8NE82__Ornana	2	full		GE-WI	E	434	no
nav	A0A6I8NE82__Ornana_m3	A0A6I8NE82__Ornana	3	full		FKGWM	K	434	no
nav	A0A6I8NE82__Ornana_m4	A0A6I8NE82__Ornana	4	full		SAGWD	A	434	no
nav	A0A6I8NP70__Ornana_m1	A0A6I8NP70__Ornana	1	full		QDYWE	D	434	no
nav	A0A6I8NP70__Ornana_m2	A0A6I8NP70__Ornana	2	full		GE-WI	E	434	no
nav	A0A6I8NP70__Ornana_m3	A0A6I8NP70__Ornana	3	full		FKGWM	K	434	no
nav	A0A6I8NP70__Ornana_m4	A0A6I8NP70__Ornana	4	full		SAGWD	A	434	no
nav	A0A7M7SUY6__Strpur_m1	A0A7M7SUY6__Strpur	1	full		LDYWE	D	434	no
nav	A0A7M7SUY6__Strpur_m2	A0A7M7SUY6__Strpur	2	full		GE-WI	E	434	no
nav	A0A7M7SUY6__Strpur_m3	A0A7M7SUY6__Strpur	3	full		FEGWM	E	434	no
nav	A0A7M7SUY6__Strpur_m4	A0A7M7SUY6__Strpur	4	full		SAGWN	A	434	no
nav	A0A803TNX6__Anocar_m1	A0A803TNX6__Anocar	1	full		QDFWE	D	434	no
nav	A0A803TNX6__Anocar_m2	A0A803TNX6__Anocar	2	full		GE-WI	E	434	no
nav	A0A803TNX6__Anocar_m3	A0A803TNX6__Anocar	3	full		FKGWM	K	434	no
nav	A0A803TNX6__Anocar_m4	A0A803TNX6__Anocar	4	full		SAGWD	A	434	no
nav	A0A8J0SQ73__Xentro_m1	A0A8J0SQ73__Xentro	1	full		QDFWE	D	434	no
nav	A0A8J0SQ73__Xentro_m2	A0A8J0SQ73__Xentro	2	full		GE-WI	E	434	no
nav	A0A8J0SQ73__Xentro_m3	A0A8J0SQ73__Xentro	3	full		FKGWM	K	434	no
nav	A0A8J0SQ73__Xentro_m4	A0A8J0SQ73__Xentro	4	full		SAGWD	A	434	no
nav	A0A8J0SWE1__Xentro_m1	A0A8J0SWE1__Xentro	1	full		QDFWE	D	434	no
nav	A0A8J0SWE1__Xentro_m2	A0A8J0SWE1__Xentro	2	full		GE-WI	E	434	no
nav	A0A8J0SWE1__Xentro_m3	A0A8J0SWE1__Xentro	3	full		FKGWM	K	434	no
nav	A0A8J0SWE1__Xentro_m4	A0A8J0SWE1__Xentro	4	full		SAGWD	A	434	no
nav	A0A8J0SZI9__Xentro_m1	A0A8J0SZI9__Xentro	1	full		QDYWE	D	434	no
nav	A0A8J0SZI9__Xentro_m2	A0A8J0SZI9__Xentro	2	full		GE-WI	E	434	no
nav	A0A8J0SZI9__Xentro_m3	A0A8J0SZI9__Xentro	3	full		FKGWM	K	434	no
nav	A0A8J0SZI9__Xentro_m4	A0A8J0SZI9__Xentro	4	full		SAGWD	A	434	no
nav	A0A8J1IUH8__Xentro_m1	A0A8J1IUH8__Xentro	1	full		QDCWE	D	434	no
nav	A0A8J1IUH8__Xentro_m2	A0A8J1IUH8__Xentro	2	full		GE-WI	E	434	no
nav	A0A8J1IUH8__Xentro_m3	A0A8J1IUH8__Xentro	3	full		FKGWM	K	434	no
nav	A0A8J1IUH8__Xentro_m4	A0A8J1IUH8__Xentro	4	full		SAGWD	A	434	no
nav	A0A8J1J4B2__Xentro_m1	A0A8J1J4B2__Xentro	1	full		QDFWE	D	434	no
nav	A0A8J1J4B2__Xentro_m2	A0A8J1J4B2__Xentro	2	full		GE-WI	E	434	no
nav	A0A8J1J4B2__Xentro_m3	A0A8J1J4B2__Xentro	3	full		FKGWM	K	434	no
nav	A0A8J1J4B2__Xentro_m4	A0A8J1J4B2__Xentro	4	full		SAGWD	A	434	no
nav	A0A8J1JRG6__Xentro_m1	A0A8J1JRG6__Xentro	1	full		QDYWE	D	434	no
nav	A0A8J1JRG6__Xentro_m2	A0A8J1JRG6__Xentro	2	full		GE-WI	E	434	no
nav	A0A8J1JRG6__Xentro_m3	A0A8J1JRG6__Xentro	3	full		FKGWM	K	434	no
nav	A0A8J1JRG6__Xentro_m4	A0A8J1JRG6__Xentro	4	full		SAGWD	A	434	no
nav	A0A8M2BDE6__Danrer_m1	A0A8M2BDE6__Danrer	1	full		QDFWE	D	434	no
nav	A0A8M2BDE6__Danrer_m2	A0A8M2BDE6__Danrer	2	full		GE-WI	E	434	no
nav	A0A8M2BDE6__Danrer_m3	A0A8M2BDE6__Danrer	3	full		FKGWM	K	434	no
nav	A0A8M2BDE6__Danrer_m4	A0A8M2BDE6__Danrer	4	full		SAGWD	A	434	no
nav	A0A8M3B7Z1__Danrer_m1	A0A8M3B7Z1__Danrer	1	full		QDYWE	D	434	no
nav	A0A8M3B7Z1__Danrer_m2	A0A8M3B7Z1__Danrer	2	full		GE-WI	E	434	no
nav	A0A8M3B7Z1__Danrer_m3	A0A8M3B7Z1__Danrer	3	full		FKGWM	K	434	no
nav	A0A8M3B7Z1__Danrer_m4	A0A8M3B7Z1__Danrer	4	full		SAGWN	A	434	no
nav	A0A8M9PT64__Danrer_m1	A0A8M9PT64__Danrer	1	full		QDFWE	D	434	no
nav	A0A8M9PT64__Danrer_m2	A0A8M9PT64__Danrer	2	full		GE-WI	E	434	no
nav	A0A8M9PT64__Danrer_m3	A0A8M9PT64__Danrer	3	full		FKGWM	K	434	no
nav	A0A8M9PT64__Danrer_m4	A0A8M9PT64__Danrer	4	full		SAGWD	A	434	no
nav	A0A8M9Q653__Danrer_m1	A0A8M9Q653__Danrer	1	full		QDFWE	D	434	no
nav	A0A8M9Q653__Danrer_m2	A0A8M9Q653__Danrer	2	full		GE-WI	E	434	no
nav	A0A8M9Q653__Danrer_m3	A0A8M9Q653__Danrer	3	full		FKGWM	K	434	no
nav	A0A8M9Q653__Danrer_m4	A0A8M9Q653__Danrer	4	full		SAGWD	A	434	no
nav	A0A8V0ZPG4__Galgal_m1	A0A8V0ZPG4__Galgal	1	full		QDFWE	D	434	no
nav	A0A8V0ZPG4__Galgal_m2	A0A8V0ZPG4__Galgal	2	full		GE-WI	E	434	no
nav	A0A8V0ZPG4__Galgal_m3	A0A8V0ZPG4__Galgal	3	full		FKGWM	K	434	no
nav	A0A8V0ZPG4__Galgal_m4	A0A8V0ZPG4__Galgal	4	full		SAGWD	A	434	no
nav	A0A8V0ZX82__Galgal_m1	A0A8V0ZX82__Galgal	1	full		QDFWE	D	434	no
nav	A0A8V0ZX82__Galgal_m2	A0A8V0ZX82__Galgal	2	full		GE-WI	E	434	no
nav	A0A8V0ZX82__Galgal_m3	A0A8V0ZX82__Galgal	3	full		FKGWM	K	434	no
nav	A0A8V0ZX82__Galgal_m4	A0A8V0ZX82__Galgal	4	full		SAGWD	A	434	no
nav	A0A8V1A6D1__Galgal_m1	A0A8V1A6D1__Galgal	1	full		QDSWE	D	434	no
nav	A0A8V1A6D1__Galgal_m2	A0A8V1A6D1__Galgal	2	full		GE-WI	E	434	no
nav	A0A8V1A6D1__Galgal_m3	A0A8V1A6D1__Galgal	3	full		FKGWM	K	434	no
nav	A0A8V1A6D1__Galgal_m4	A0A8V1A6D1__Galgal	4	full		SAGWD	A	434	no
nav	A0A8V1A729__Galgal_m1	A0A8V1A729__Galgal	1	full		QDYWE	D	434	no
nav	A0A8V1A729__Galgal_m2	A0A8V1A729__Galgal	2	full		GE-WI	E	434	no
nav	A0A8V1A729__Galgal_m3	A0A8V1A729__Galgal	3	full		FKGWM	K	434	no
nav	A0A8V1A729__Galgal_m4	A0A8V1A729__Galgal	4	full		SAGWD	A	434	no
nav	A0A8V1A8P6__Galgal_m1	A0A8V1A8P6__Galgal	1	full		QDFWE	D	434	no
nav	A0A8V1A8P6__Galgal_m2	A0A8V1A8P6__Galgal	2	full		GE-WI	E	434	no
nav	A0A8V1A8P6__Galgal_m3	A0A8V1A8P6__Galgal	3	full		FKGWM	K	434	no
nav	A0A8V1A8P6__Galgal_m4	A0A8V1A8P6__Galgal	4	full		SAGWD	A	434	no
nav	A0A8V1A8W9__Galgal_m1	A0A8V1A8W9__Galgal	1	full		QDFWE	D	434	no
nav	A0A8V1A8W9__Galgal_m2	A0A8V1A8W9__Galgal	2	full		GE-WI	E	434	no
nav	A0A8V1A8W9__Galgal_m3	A0A8V1A8W9__Galgal	3	full		FKGWM	K	434	no
nav	A0A8V1A8W9__Galgal_m4	A0A8V1A8W9__Galgal	4	full		SAGWD	A	434	no
nav	A0A8V1AAN1__Galgal_m1	A0A8V1AAN1__Galgal	1	full		QDYWE	D	434	no
nav	A0A8V1AAN1__Galgal_m2	A0A8V1AAN1__Galgal	2	full		GE-WI	E	434	no
nav	A0A8V1AAN1__Galgal_m3	A0A8V1AAN1__Galgal	3	full		FKGWM	K	434	no
nav	A0A8V1AAN1__Galgal_m4	A0A8V1AAN1__Galgal	4	full		SAGWD	A	434	no
nav	A0A8V1AEE5__Galgal_m1	A0A8V1AEE5__Galgal	1	full		QDYWE	D	434	no
nav	A0A8V1AEE5__Galgal_m2	A0A8V1AEE5__Galgal	2	full		GE-WI	E	434	no
nav	A0A8V1AEE5__Galgal_m3	A0A8V1AEE5__Galgal	3	full		FKGWM	K	434	no
nav	A0A8V1AEE5__Galgal_m4	A0A8V1AEE5__Galgal	4	full		SAGWD	A	434	no
nav	A0A9J7HG25__Braflo_m1	A0A9J7HG25__Braflo	1	full		LDYFE	D	434	no
nav	A0A9J7HG25__Braflo_m2	A0A9J7HG25__Braflo	2	full		GD-WV	D	434	no
nav	A0A9J7HG25__Braflo_m3	A0A9J7HG25__Braflo	3	full		FQGWI	Q	434	no
nav	A0A9J7HG25__Braflo_m4	A0A9J7HG25__Braflo	4	full		SAGWN	A	434	no
nav	A0A9J7HNI0__Braflo_m1	A0A9J7HNI0__Braflo	1	full		QDYWE	D	434	no
nav	A0A9J7HNI0__Braflo_m2	A0A9J7HNI0__Braflo	2	full		GE-WI	E	434	no
nav	A0A9J7HNI0__Braflo_m3	A0A9J7HNI0__Braflo	3	full		FKGWI	K	434	no
nav	A0A9J7HNI0__Braflo_m4	A0A9J7HNI0__Braflo	4	full		SAGWD	A	434	no
nav	A0A9J7HNZ5__Braflo_m1	A0A9J7HNZ5__Braflo	1	full		QDYWE	D	434	no
nav	A0A9J7HNZ5__Braflo_m2	A0A9J7HNZ5__Braflo	2	full		GE-WV	E	434	no
nav	A0A9J7HNZ5__Braflo_m3	A0A9J7HNZ5__Braflo	3	full		FKGWM	K	434	no
nav	A0A9J7HNZ5__Braflo_m4	A0A9J7HNZ5__Braflo	4	full		SAGWD	A	434	no
nav	A0A9J7HQ16__Braflo_m1	A0A9J7HQ16__Braflo	1	full		QDYWE	D	434	no
nav	A0A9J7HQ16__Braflo_m2	A0A9J7HQ16__Braflo	2	full		GE-WI	E	434	no
nav	A0A9J7HQ16__Braflo_m3	A0A9J7HQ16__Braflo	3	full		FKGWI	K	434	no
nav	A0A9J7HQ16__Braflo_m4	A0A9J7HQ16__Braflo	4	full		SAGWN	A	434	no
nav	A0A9J7HQP1__Braflo_m1	A0A9J7HQP1__Braflo	1	full		LDYWE	D	434	no
nav	A0A9J7HQP1__Braflo_m2	A0A9J7HQP1__Braflo	2	full		GE-WI	E	434	no
nav	A0A9J7HQP1__Braflo_m3	A0A9J7HQP1__Braflo	3	full		FEGWI	E	434	no
nav	A0A9J7HQP1__Braflo_m4	A0A9J7HQP1__Braflo	4	full		SAGWN	A	434	no
nav	A0AAJ7TQ74__Petmar_m1	A0AAJ7TQ74__Petmar	1	full		QDSWE	D	434	no
nav	A0AAJ7TQ74__Petmar_m2	A0AAJ7TQ74__Petmar	2	full		GE-WI	E	434	no
nav	A0AAJ7TQ74__Petmar_m3	A0AAJ7TQ74__Petmar	3	full		FKGWI	K	434	no
nav	A0AAJ7TQ74__Petmar_m4	A0AAJ7TQ74__Petmar	4	full		SAGWD	A	434	no
nav	A0AAJ7U9S2__Petmar_m1	A0AAJ7U9S2__Petmar	1	full		QDFWE	D	434	no
nav	A0AAJ7U9S2__Petmar_m2	A0AAJ7U9S2__Petmar	2	full		GE-WI	E	434	no
nav	A0AAJ7U9S2__Petmar_m3	A0AAJ7U9S2__Petmar	3	full		FKGWM	K	434	no
nav	A0AAJ7U9S2__Petmar_m4	A0AAJ7U9S2__Petmar	4	full		SAGWD	A	434	no
nav	A0AAV2H4T9__Lymsta_m1	A0AAV2H4T9__Lymsta	1	full		QDYWE	D	434	no
nav	A0AAV2H4T9__Lymsta_m2	A0AAV2H4T9__Lymsta	2	full		GE-WI	E	434	no
nav	A0AAV2H4T9__Lymsta_m3	A0AAV2H4T9__Lymsta	3	full		YKGWV	K	434	no
nav	A0AAV2H4T9__Lymsta_m4	A0AAV2H4T9__Lymsta	4	full		SAGWS	A	434	no
nav	A0AAV2HEZ6__Lymsta_m1	A0AAV2HEZ6__Lymsta	1	full		LDFWE	D	434	no
nav	A0AAV2HEZ6__Lymsta_m2	A0AAV2HEZ6__Lymsta	2	full		GE-WI	E	434	no
nav	A0AAV2HEZ6__Lymsta_m3	A0AAV2HEZ6__Lymsta	3	full		FEGWM	E	434	no
nav	A0AAV2HEZ6__Lymsta_m4	A0AAV2HEZ6__Lymsta	4	full		SAGWN	A	434	no
nav	A0ABM0GHE7__Aplcal_m1	A0ABM0GHE7__Aplcal	1	full		QDFWE	D	434	no
nav	A0ABM0GHE7__Aplcal_m2	A0ABM0GHE7__Aplcal	2	full		GE-WI	E	434	no
nav	A0ABM0GHE7__Aplcal_m3	A0ABM0GHE7__Aplcal	3	full		YKGWI	K	434	no
nav	A0ABM0GHE7__Aplcal_m4	A0ABM0GHE7__Aplcal	4	full		SAGWS	A	434	no
nav	A0ABM1W512__Aplcal_m1	A0ABM1W512__Aplcal	1	full		LDFWE	D	434	no
nav	A0ABM1W512__Aplcal_m2	A0ABM1W512__Aplcal	2	full		GE-WI	E	434	no
nav	A0ABM1W512__Aplcal_m3	A0ABM1W512__Aplcal	3	full		FEGWM	E	434	no
nav	A0ABM1W512__Aplcal_m4	A0ABM1W512__Aplcal	4	full		AAGWN	A	434	no
nav	A0ABM4C4L2__Hydvul_m1	A0ABM4C4L2__Hydvul	1	full		LDNLD	D	434	no
nav	A0ABM4C4L2__Hydvul_m2	A0ABM4C4L2__Hydvul	2	full		GK-WI	K	434	no
nav	A0ABM4C4L2__Hydvul_m3	A0ABM4C4L2__Hydvul	3	full		LEGWF	E	434	no
nav	A0ABM4C4L2__Hydvul_m4	A0ABM4C4L2__Hydvul	4	full		TAGWN	A	434	no
nav	A0ABM4CK63__Hydvul_m1	A0ABM4CK63__Hydvul	1	full		LDYWE	D	434	no
nav	A0ABM4CK63__Hydvul_m2	A0ABM4CK63__Hydvul	2	full		GK-WI	K	434	no
nav	A0ABM4CK63__Hydvul_m3	A0ABM4CK63__Hydvul	3	full		LEGWF	E	434	no
nav	A0ABM4CK63__Hydvul_m4	A0ABM4CK63__Hydvul	4	full		AAGWN	A	434	no
nav	A0ABM4DD93__Hydvul_m1	A0ABM4DD93__Hydvul	1	full		RDFWE	D	434	no
nav	A0ABM4DD93__Hydvul_m2	A0ABM4DD93__Hydvul	2	full		GE-WI	E	434	no
nav	A0ABM4DD93__Hydvul_m3	A0ABM4DD93__Hydvul	3	full		FEGWI	E	434	no
nav	A0ABM4DD93__Hydvul_m4	A0ABM4DD93__Hydvul	4	full		SAGWN	A	434	no
nav	A0AC58IQU3__Danrer_m1	A0AC58IQU3__Danrer	1	full		QDYWE	D	434	no
nav	A0AC58IQU3__Danrer_m2	A0AC58IQU3__Danrer	2	full		GE-WI	E	434	no
nav	A0AC58IQU3__Danrer_m3	A0AC58IQU3__Danrer	3	full		FKGWM	K	434	no
nav	A0AC58IQU3__Danrer_m4	A0AC58IQU3__Danrer	4	full		SAGWD	A	434	no
nav	A0ACD6B7I9__Danrer_m1	A0ACD6B7I9__Danrer	1	full		QDFWE	D	434	no
nav	A0ACD6B7I9__Danrer_m2	A0ACD6B7I9__Danrer	2	full		GE-WI	E	434	no
nav	A0ACD6B7I9__Danrer_m3	A0ACD6B7I9__Danrer	3	full		FKGWM	K	434	no
nav	A0ACD6B7I9__Danrer_m4	A0ACD6B7I9__Danrer	4	full		SGGWD	G	434	no
nav	A0ACM8AMR3__Petmar_m1	A0ACM8AMR3__Petmar	1	full		QDYWE	D	434	no
nav	A0ACM8AMR3__Petmar_m2	A0ACM8AMR3__Petmar	2	full		GE-WI	E	434	no
nav	A0ACM8AMR3__Petmar_m3	A0ACM8AMR3__Petmar	3	full		FKGWM	K	434	no
nav	A0ACM8AMR3__Petmar_m4	A0ACM8AMR3__Petmar	4	full		SAGWD	A	434	no
nav	A0ACM8BEJ3__Petmar_m1	A0ACM8BEJ3__Petmar	1	full		QDYWE	D	434	no
nav	A0ACM8BEJ3__Petmar_m2	A0ACM8BEJ3__Petmar	2	full		GE-WI	E	434	no
nav	A0ACM8BEJ3__Petmar_m3	A0ACM8BEJ3__Petmar	3	full		FKGWM	K	434	no
nav	A0ACM8BEJ3__Petmar_m4	A0ACM8BEJ3__Petmar	4	full		SAGWD	A	434	no
nav	A0ACM8BJG7__Petmar_m1	A0ACM8BJG7__Petmar	1	full		QDFWE	D	434	no
nav	A0ACM8BJG7__Petmar_m2	A0ACM8BJG7__Petmar	2	full		GE-WI	E	434	no
nav	A0ACM8BJG7__Petmar_m3	A0ACM8BJG7__Petmar	3	full		FKGWM	K	434	no
nav	A0ACM8BJG7__Petmar_m4	A0ACM8BJG7__Petmar	4	full		SAGWD	A	434	no
nav	A7RP56__Nemvec_m1	A7RP56__Nemvec	1	full		MDFWE	D	434	no
nav	A7RP56__Nemvec_m2	A7RP56__Nemvec	2	full		SE-WV	E	434	no
nav	A7RP56__Nemvec_m3	A7RP56__Nemvec	3	full		YEGWM	E	434	no
nav	A7RP56__Nemvec_m4	A7RP56__Nemvec	4	full		GTGWN	T	434	no
nav	A7SKR1__Nemvec_m1	A7SKR1__Nemvec	1	full		LDFWE	D	434	no
nav	A7SKR1__Nemvec_m2	A7SKR1__Nemvec	2	full		GE-WI	E	434	no
nav	A7SKR1__Nemvec_m3	A7SKR1__Nemvec	3	full		FEGWM	E	434	no
nav	A7SKR1__Nemvec_m4	A7SKR1__Nemvec	4	full		SAGWN	A	434	no
nav	B3RSR3__Triadh_m1	B3RSR3__Triadh	1	full		MDFWE	D	434	no
nav	B3RSR3__Triadh_m2	B3RSR3__Triadh	2	full		GE-WV	E	434	no
nav	B3RSR3__Triadh_m3	B3RSR3__Triadh	3	full		FEGWM	E	434	no
nav	B3RSR3__Triadh_m4	B3RSR3__Triadh	4	absent					no
nav	B3RSR6__Triadh_m1	B3RSR6__Triadh	1	absent					no
nav	B3RSR6__Triadh_m2	B3RSR6__Triadh	2	full		GE-WI	E	434	no
nav	B3RSR6__Triadh_m3	B3RSR6__Triadh	3	full		FDGWK	D	434	no
nav	B3RSR6__Triadh_m4	B3RSR6__Triadh	4	full		AAGWT	A	434	no
nav	B3RSS4__Triadh_m1	B3RSS4__Triadh	1	full		LDNWE	D	434	no
nav	B3RSS4__Triadh_m2	B3RSS4__Triadh	2	full		GE-WI	E	434	no
nav	B3RSS4__Triadh_m3	B3RSS4__Triadh	3	full		FEGWI	E	434	no
nav	B3RSS4__Triadh_m4	B3RSS4__Triadh	4	full		SAGWN	A	434	no
nav	E1BQT2__Galgal_m1	E1BQT2__Galgal	1	full		QDFWE	D	434	no
nav	E1BQT2__Galgal_m2	E1BQT2__Galgal	2	full		GE-WI	E	434	no
nav	E1BQT2__Galgal_m3	E1BQT2__Galgal	3	full		FKGWM	K	434	no
nav	E1BQT2__Galgal_m4	E1BQT2__Galgal	4	full		SAGWD	A	434	no
nav	E9FT70__Dappul_m1	E9FT70__Dappul	1	full		LDYWE	D	434	no
nav	E9FT70__Dappul_m2	E9FT70__Dappul	2	full		GE-WA	E	434	no
nav	E9FT70__Dappul_m3	E9FT70__Dappul	3	full		FEGWM	E	434	no
nav	E9FT70__Dappul_m4	E9FT70__Dappul	4	full		GAGWN	A	434	no
nav	E9GGF2__Dappul_m1	E9GGF2__Dappul	1	full		QDYWE	D	434	no
nav	E9GGF2__Dappul_m2	E9GGF2__Dappul	2	full		GE-WV	E	434	no
nav	E9GGF2__Dappul_m3	E9GGF2__Dappul	3	full		FKGWM	K	434	no
nav	E9GGF2__Dappul_m4	E9GGF2__Dappul	4	full		SAGWD	A	434	no
nav	F6QCF9__Cioint_m1	F6QCF9__Cioint	1	full		QDYWE	D	434	no
nav	F6QCF9__Cioint_m2	F6QCF9__Cioint	2	full		GE-WI	E	434	no
nav	F6QCF9__Cioint_m3	F6QCF9__Cioint	3	full		FKGWT	K	434	no
nav	F6QCF9__Cioint_m4	F6QCF9__Cioint	4	full		SAGWA	A	434	no
nav	F6V1D9__Ornana_m1	F6V1D9__Ornana	1	full		QDYWE	D	434	no
nav	F6V1D9__Ornana_m2	F6V1D9__Ornana	2	full		GE-WI	E	434	no
nav	F6V1D9__Ornana_m3	F6V1D9__Ornana	3	full		FKGWM	K	434	no
nav	F6V1D9__Ornana_m4	F6V1D9__Ornana	4	full		SAGWD	A	434	no
nav	F6X9I4__Mondom_m1	F6X9I4__Mondom	1	full		QDYWE	D	434	no
nav	F6X9I4__Mondom_m2	F6X9I4__Mondom	2	full		GE-WI	E	434	no
nav	F6X9I4__Mondom_m3	F6X9I4__Mondom	3	full		FKGWM	K	434	no
nav	F6X9I4__Mondom_m4	F6X9I4__Mondom	4	full		SAGWD	A	434	no
nav	F7AKN1__Ornana_m1	F7AKN1__Ornana	1	full		QDSWE	D	434	no
nav	F7AKN1__Ornana_m2	F7AKN1__Ornana	2	full		GE-WI	E	434	no
nav	F7AKN1__Ornana_m3	F7AKN1__Ornana	3	full		FKGWM	K	434	no
nav	F7AKN1__Ornana_m4	F7AKN1__Ornana	4	full		SAGWD	A	434	no
nav	F7AUQ0__Cioint_m1	F7AUQ0__Cioint	1	full		LDSWS	D	434	no
nav	F7AUQ0__Cioint_m2	F7AUQ0__Cioint	2	full		GE-WV	E	434	no
nav	F7AUQ0__Cioint_m3	F7AUQ0__Cioint	3	full		FTGWI	T	434	no
nav	F7AUQ0__Cioint_m4	F7AUQ0__Cioint	4	full		SEGWD	E	434	no
nav	F7CNJ4__Mondom_m1	F7CNJ4__Mondom	1	full		QDSWE	D	434	no
nav	F7CNJ4__Mondom_m2	F7CNJ4__Mondom	2	full		GE-WI	E	434	no
nav	F7CNJ4__Mondom_m3	F7CNJ4__Mondom	3	full		FKGWM	K	434	no
nav	F7CNJ4__Mondom_m4	F7CNJ4__Mondom	4	full		SAGWD	A	434	no
nav	F7D8R6__Mondom_m1	F7D8R6__Mondom	1	full		QDCWE	D	434	no
nav	F7D8R6__Mondom_m2	F7D8R6__Mondom	2	full		GE-WI	E	434	no
nav	F7D8R6__Mondom_m3	F7D8R6__Mondom	3	full		FKGWM	K	434	no
nav	F7D8R6__Mondom_m4	F7D8R6__Mondom	4	full		SAGWD	A	434	no
nav	F7EYW6__Mondom_m1	F7EYW6__Mondom	1	full		QDFWE	D	434	no
nav	F7EYW6__Mondom_m2	F7EYW6__Mondom	2	full		GE-WI	E	434	no
nav	F7EYW6__Mondom_m3	F7EYW6__Mondom	3	full		FKGWM	K	434	no
nav	F7EYW6__Mondom_m4	F7EYW6__Mondom	4	full		SAGWD	A	434	no
nav	F7FE64__Ornana_m1	F7FE64__Ornana	1	full		QDYWE	D	434	no
nav	F7FE64__Ornana_m2	F7FE64__Ornana	2	full		GE-WI	E	434	no
nav	F7FE64__Ornana_m3	F7FE64__Ornana	3	full		FKGWM	K	434	no
nav	F7FE64__Ornana_m4	F7FE64__Ornana	4	full		SAGWD	A	434	no
nav	F7G6M8__Mondom_m1	F7G6M8__Mondom	1	full		QDYWE	D	434	no
nav	F7G6M8__Mondom_m2	F7G6M8__Mondom	2	full		GE-WI	E	434	no
nav	F7G6M8__Mondom_m3	F7G6M8__Mondom	3	full		FKGWM	K	434	no
nav	F7G6M8__Mondom_m4	F7G6M8__Mondom	4	full		SAGWD	A	434	no
nav	G1KIU2__Anocar_m1	G1KIU2__Anocar	1	full		QDYWE	D	434	no
nav	G1KIU2__Anocar_m2	G1KIU2__Anocar	2	full		GE-WI	E	434	no
nav	G1KIU2__Anocar_m3	G1KIU2__Anocar	3	full		FKGWM	K	434	no
nav	G1KIU2__Anocar_m4	G1KIU2__Anocar	4	full		SAGWA	A	434	no
nav	G1KMZ7__Anocar_m1	G1KMZ7__Anocar	1	full		QDYWE	D	434	no
nav	G1KMZ7__Anocar_m2	G1KMZ7__Anocar	2	full		GE-WI	E	434	no
nav	G1KMZ7__Anocar_m3	G1KMZ7__Anocar	3	full		FKGWM	K	434	no
nav	G1KMZ7__Anocar_m4	G1KMZ7__Anocar	4	full		SAGWD	A	434	no
nav	G1KTT0__Anocar_m1	G1KTT0__Anocar	1	full		QDFWE	D	434	no
nav	G1KTT0__Anocar_m2	G1KTT0__Anocar	2	full		GE-WI	E	434	no
nav	G1KTT0__Anocar_m3	G1KTT0__Anocar	3	full		FKGWM	K	434	no
nav	G1KTT0__Anocar_m4	G1KTT0__Anocar	4	full		SAGWD	A	434	no
nav	H2SNA0__Takrub_m1	H2SNA0__Takrub	1	full		QDCWE	D	434	no
nav	H2SNA0__Takrub_m2	H2SNA0__Takrub	2	full		GE-WI	E	434	no
nav	H2SNA0__Takrub_m3	H2SNA0__Takrub	3	full		FKGWM	K	434	no
nav	H2SNA0__Takrub_m4	H2SNA0__Takrub	4	full		SAGWD	A	434	no
nav	H2UT88__Takrub_m1	H2UT88__Takrub	1	full		QDFWE	D	434	no
nav	H2UT88__Takrub_m2	H2UT88__Takrub	2	full		GE-WI	E	434	no
nav	H2UT88__Takrub_m3	H2UT88__Takrub	3	full		-----	-	434	no
nav	H2UT88__Takrub_m4	H2UT88__Takrub	4	full		SGGWD	G	434	no
nav	H2VE53__Takrub_m1	H2VE53__Takrub	1	full		QDYWE	D	434	no
nav	H2VE53__Takrub_m2	H2VE53__Takrub	2	full		GE-WI	E	434	no
nav	H2VE53__Takrub_m3	H2VE53__Takrub	3	full		FKGWM	K	434	no
nav	H2VE53__Takrub_m4	H2VE53__Takrub	4	full		SAGWD	A	434	no
nav	H2Y2S0__Cioint_m1	H2Y2S0__Cioint	1	full		QDNWE	D	434	no
nav	H2Y2S0__Cioint_m2	H2Y2S0__Cioint	2	full		GE-WI	E	434	no
nav	H2Y2S0__Cioint_m3	H2Y2S0__Cioint	3	full		FKGWM	K	434	no
nav	H2Y2S0__Cioint_m4	H2Y2S0__Cioint	4	full		SAGWD	A	434	no
nav	H2ZUL4__Latcha_m1	H2ZUL4__Latcha	1	full		QDFWE	D	434	no
nav	H2ZUL4__Latcha_m2	H2ZUL4__Latcha	2	full		GE-WI	E	434	no
nav	H2ZUL4__Latcha_m3	H2ZUL4__Latcha	3	full		FKGWM	K	434	no
nav	H2ZUL4__Latcha_m4	H2ZUL4__Latcha	4	absent					no
nav	H3A1E2__Latcha_m1	H3A1E2__Latcha	1	absent					no
nav	H3A1E2__Latcha_m2	H3A1E2__Latcha	2	full		GE-WI	E	434	no
nav	H3A1E2__Latcha_m3	H3A1E2__Latcha	3	full		FKGWM	K	434	no
nav	H3A1E2__Latcha_m4	H3A1E2__Latcha	4	full		SAGWD	A	434	no
nav	H3AFY2__Latcha_m1	H3AFY2__Latcha	1	full		QDYWE	D	434	no
nav	H3AFY2__Latcha_m2	H3AFY2__Latcha	2	full		GE-WI	E	434	no
nav	H3AFY2__Latcha_m3	H3AFY2__Latcha	3	full		FKGWM	K	434	no
nav	H3AFY2__Latcha_m4	H3AFY2__Latcha	4	full		SAGWD	A	434	no
nav	H3AMW3__Latcha_m1	H3AMW3__Latcha	1	full		QDYWE	D	434	no
nav	H3AMW3__Latcha_m2	H3AMW3__Latcha	2	full		GE-WI	E	434	no
nav	H3AMW3__Latcha_m3	H3AMW3__Latcha	3	full		FKGWM	K	434	no
nav	H3AMW3__Latcha_m4	H3AMW3__Latcha	4	full		SAGWD	A	434	no
nav	H3AX65__Latcha_m1	H3AX65__Latcha	1	partial					no
nav	H3AX65__Latcha_m2	H3AX65__Latcha	2	full		GE-WL	E	434	no
nav	H3AX65__Latcha_m3	H3AX65__Latcha	3	full		FEGWV	E	434	no
nav	H3AX65__Latcha_m4	H3AX65__Latcha	4	full		AAGWN	A	434	no
nav	H3BHX5__Latcha_m1	H3BHX5__Latcha	1	full		QDFWE	D	434	no
nav	H3BHX5__Latcha_m2	H3BHX5__Latcha	2	full		GE-WI	E	434	no
nav	H3BHX5__Latcha_m3	H3BHX5__Latcha	3	full		FKGWM	K	434	no
nav	H3BHX5__Latcha_m4	H3BHX5__Latcha	4	absent					no
nav	H9G4U9__Anocar_m1	H9G4U9__Anocar	1	full		QDYWE	D	434	no
nav	H9G4U9__Anocar_m2	H9G4U9__Anocar	2	full		GE-WI	E	434	no
nav	H9G4U9__Anocar_m3	H9G4U9__Anocar	3	full		FKGWM	K	434	no
nav	H9G4U9__Anocar_m4	H9G4U9__Anocar	4	full		SAGWA	A	434	no
nav	H9G5U5__Anocar_m1	H9G5U5__Anocar	1	full		QDYWE	D	434	no
nav	H9G5U5__Anocar_m2	H9G5U5__Anocar	2	full		GE-WI	E	434	no
nav	H9G5U5__Anocar_m3	H9G5U5__Anocar	3	full		FKGWM	K	434	no
nav	H9G5U5__Anocar_m4	H9G5U5__Anocar	4	full		SAGWD	A	434	no
nav	H9G6C5__Anocar_m1	H9G6C5__Anocar	1	full		QDYWE	D	434	no
nav	H9G6C5__Anocar_m2	H9G6C5__Anocar	2	full		GE-WI	E	434	no
nav	H9G6C5__Anocar_m3	H9G6C5__Anocar	3	full		FKGWM	K	434	no
nav	H9G6C5__Anocar_m4	H9G6C5__Anocar	4	full		SAGWD	A	434	no
nav	H9GF31__Anocar_m1	H9GF31__Anocar	1	absent					no
nav	H9GF31__Anocar_m2	H9GF31__Anocar	2	full		GE-WI	E	434	no
nav	H9GF31__Anocar_m3	H9GF31__Anocar	3	full		FKGWM	K	434	no
nav	H9GF31__Anocar_m4	H9GF31__Anocar	4	full		SAGWD	A	434	no
nav	K7E657__Mondom_m1	K7E657__Mondom	1	full		LDFWE	D	434	no
nav	K7E657__Mondom_m2	K7E657__Mondom	2	full		GE-WI	E	434	no
nav	K7E657__Mondom_m3	K7E657__Mondom	3	full		FKGWL	K	434	no
nav	K7E657__Mondom_m4	K7E657__Mondom	4	full		FAGWD	A	434	no
nav	V3ZMP2__Lotgig_m1	V3ZMP2__Lotgig	1	full		QDYWE	D	434	no
nav	V3ZMP2__Lotgig_m2	V3ZMP2__Lotgig	2	full		GE-WI	E	434	no
nav	V3ZMP2__Lotgig_m3	V3ZMP2__Lotgig	3	full		YKGWV	K	434	no
nav	V3ZMP2__Lotgig_m4	V3ZMP2__Lotgig	4	full		SAGWD	A	434	no
nav	V4BZG2__Lotgig_m1	V4BZG2__Lotgig	1	full		LDFWE	D	434	no
nav	V4BZG2__Lotgig_m2	V4BZG2__Lotgig	2	full		GE-WI	E	434	no
nav	V4BZG2__Lotgig_m3	V4BZG2__Lotgig	3	full		FEGWM	E	434	no
nav	V4BZG2__Lotgig_m4	V4BZG2__Lotgig	4	full		SAGWN	A	434	no
nav	GCA_964187895.1_OZ076455.1_20498213-21456832___Corasp_m1	GCA_964187895.1_OZ076455.1_20498213-21456832___Corasp	1	full		QDFWE	D	434	no
nav	GCA_964187895.1_OZ076455.1_20498213-21456832___Corasp_m2	GCA_964187895.1_OZ076455.1_20498213-21456832___Corasp	2	full		GE-WI	E	434	no
nav	GCA_964187895.1_OZ076455.1_20498213-21456832___Corasp_m3	GCA_964187895.1_OZ076455.1_20498213-21456832___Corasp	3	full		YKGWI	K	434	no
nav	GCA_964187895.1_OZ076455.1_20498213-21456832___Corasp_m4	GCA_964187895.1_OZ076455.1_20498213-21456832___Corasp	4	full		SAGWS	A	434	no
nav	GCA_977017645.1_OZ360227.1_127341849-128312278___Tormar_m1	GCA_977017645.1_OZ360227.1_127341849-128312278___Tormar	1	full		QDYWE	D	434	no
nav	GCA_977017645.1_OZ360227.1_127341849-128312278___Tormar_m2	GCA_977017645.1_OZ360227.1_127341849-128312278___Tormar	2	full		GE-WI	E	434	no
nav	GCA_977017645.1_OZ360227.1_127341849-128312278___Tormar_m3	GCA_977017645.1_OZ360227.1_127341849-128312278___Tormar	3	full		FKGWM	K	434	no
nav	GCA_977017645.1_OZ360227.1_127341849-128312278___Tormar_m4	GCA_977017645.1_OZ360227.1_127341849-128312278___Tormar	4	full		SAGWD	A	434	no
nav	GCA_977017645.1_OZ360247.1_44489461-44988068-__Tormar_m1	GCA_977017645.1_OZ360247.1_44489461-44988068-__Tormar	1	full		QDYWE	D	434	no
nav	GCA_977017645.1_OZ360247.1_44489461-44988068-__Tormar_m2	GCA_977017645.1_OZ360247.1_44489461-44988068-__Tormar	2	full		GE-WI	E	434	no
nav	GCA_977017645.1_OZ360247.1_44489461-44988068-__Tormar_m3	GCA_977017645.1_OZ360247.1_44489461-44988068-__Tormar	3	full		FKGWL	K	434	no
nav	GCA_977017645.1_OZ360247.1_44489461-44988068-__Tormar_m4	GCA_977017645.1_OZ360247.1_44489461-44988068-__Tormar	4	full		SAGWD	A	434	no
nav	GCA_977017645.1_OZ360258.1_2523351-3473841___Tormar_m1	GCA_977017645.1_OZ360258.1_2523351-3473841___Tormar	1	full		QDYWE	D	434	no
nav	GCA_977017645.1_OZ360258.1_2523351-3473841___Tormar_m2	GCA_977017645.1_OZ360258.1_2523351-3473841___Tormar	2	full		GE-WI	E	434	no
nav	GCA_977017645.1_OZ360258.1_2523351-3473841___Tormar_m3	GCA_977017645.1_OZ360258.1_2523351-3473841___Tormar	3	full		FKGWM	K	434	no
nav	GCA_977017645.1_OZ360258.1_2523351-3473841___Tormar_m4	GCA_977017645.1_OZ360258.1_2523351-3473841___Tormar	4	full		SAGWD	A	434	no
cav	O00555__Homsap_m1	O00555__Homsap	1	full		MEGWT	E	434	no
cav	O00555__Homsap_m2	O00555__Homsap	2	full		GEDWN	E	434	no
cav	O00555__Homsap_m3	O00555__Homsap	3	full		GEGWP	E	434	no
cav	O00555__Homsap_m4	O00555__Homsap	4	full		GEAWH	E	434	no
cav	O43497__Homsap_m1	O43497__Homsap	1	full		LEGWV	E	434	no
cav	O43497__Homsap_m2	O43497__Homsap	2	full		QEDWN	E	434	no
cav	O43497__Homsap_m3	O43497__Homsap	3	full		KDGWV	D	434	no
cav	O43497__Homsap_m4	O43497__Homsap	4	full		GDNWN	D	434	no
cav	O54898__Ratnor_m1	O54898__Ratnor	1	full		LEGWV	E	434	no
cav	O54898__Ratnor_m2	O54898__Ratnor	2	full		QEDWN	E	434	no
cav	O54898__Ratnor_m3	O54898__Ratnor	3	full		KDGWV	D	434	no
cav	O54898__Ratnor_m4	O54898__Ratnor	4	full		GDNWN	D	434	no
cav	O55017__Musmus_m1	O55017__Musmus	1	full		MEGWT	E	434	no
cav	O55017__Musmus_m2	O55017__Musmus	2	full		GEDWN	E	434	no
cav	O55017__Musmus_m3	O55017__Musmus	3	full		GEGWP	E	434	no
cav	O55017__Musmus_m4	O55017__Musmus	4	full		GEAWH	E	434	no
cav	O60840__Homsap_m1	O60840__Homsap	1	full		MEGWT	E	434	no
cav	O60840__Homsap_m2	O60840__Homsap	2	full		GEDWN	E	434	no
cav	O60840__Homsap_m3	O60840__Homsap	3	full		FEGWP	E	434	no
cav	O60840__Homsap_m4	O60840__Homsap	4	full		GEAWQ	E	434	no
cav	O73700__Galgal_m1	O73700__Galgal	1	full		MEGWT	E	434	no
cav	O73700__Galgal_m2	O73700__Galgal	2	full		GEDWN	E	434	no
cav	O73700__Galgal_m3	O73700__Galgal	3	full		FEGWP	E	434	no
cav	O73700__Galgal_m4	O73700__Galgal	4	full		GEAWQ	E	434	no
cav	O88427__Musmus_m1	O88427__Musmus	1	full		LEGWV	E	434	no
cav	O88427__Musmus_m2	O88427__Musmus	2	full		QEDWN	E	434	no
cav	O88427__Musmus_m3	O88427__Musmus	3	full		KDGWV	D	434	no
cav	O88427__Musmus_m4	O88427__Musmus	4	full		GDNWN	D	434	no
cav	O95180__Homsap_m1	O95180__Homsap	1	full		LEGWV	E	434	no
cav	O95180__Homsap_m2	O95180__Homsap	2	full		QEDWN	E	434	no
cav	O95180__Homsap_m3	O95180__Homsap	3	full		KDGWV	D	434	no
cav	O95180__Homsap_m4	O95180__Homsap	4	full		GDNWN	D	434	no
cav	P22002__Ratnor_m1	P22002__Ratnor	1	full		MEGWT	E	434	no
cav	P22002__Ratnor_m2	P22002__Ratnor	2	full		GEDWN	E	434	no
cav	P22002__Ratnor_m3	P22002__Ratnor	3	full		FEGWP	E	434	no
cav	P22002__Ratnor_m4	P22002__Ratnor	4	full		GEAWQ	E	434	no
cav	P27732__Ratnor_m1	P27732__Ratnor	1	full		MEGWT	E	434	no
cav	P27732__Ratnor_m2	P27732__Ratnor	2	full		GEDWN	E	434	no
cav	P27732__Ratnor_m3	P27732__Ratnor	3	full		FEGWP	E	434	no
cav	P27732__Ratnor_m4	P27732__Ratnor	4	full		GEAWQ	E	434	no
cav	P54282__Ratnor_m1	P54282__Ratnor	1	full		MEGWT	E	434	no
cav	P54282__Ratnor_m2	P54282__Ratnor	2	full		GEDWN	E	434	no
cav	P54282__Ratnor_m3	P54282__Ratnor	3	full		GEGWP	E	434	no
cav	P54282__Ratnor_m4	P54282__Ratnor	4	full		GEAWH	E	434	no
cav	P91645__Dromel_m1	P91645__Dromel	1	full		MEGWT	E	434	no
cav	P91645__Dromel_m2	P91645__Dromel	2	full		GEDWN	E	434	no
cav	P91645__Dromel_m3	P91645__Dromel	3	full		GEGWP	E	434	no
cav	P91645__Dromel_m4	P91645__Dromel	4	full		GEAWP	E	434	no
cav	P97445__Musmus_m1	P97445__Musmus	1	full		MEGWT	E	434	no
cav	P97445__Musmus_m2	P97445__Musmus	2	full		GEDWN	E	434	no
cav	P97445__Musmus_m3	P97445__Musmus	3	full		GEGWP	E	434	no
cav	P97445__Musmus_m4	P97445__Musmus	4	full		GEAWH	E	434	no
cav	Q00975__Homsap_m1	Q00975__Homsap	1	full		MEGWT	E	434	no
cav	Q00975__Homsap_m2	Q00975__Homsap	2	full		GEDWN	E	434	no
cav	Q00975__Homsap_m3	Q00975__Homsap	3	full		GEGWP	E	434	no
cav	Q00975__Homsap_m4	Q00975__Homsap	4	full		GEAWH	E	434	no
cav	Q01668__Homsap_m1	Q01668__Homsap	1	full		MEGWT	E	434	no
cav	Q01668__Homsap_m2	Q01668__Homsap	2	full		GEDWN	E	434	no
cav	Q01668__Homsap_m3	Q01668__Homsap	3	full		FEGWP	E	434	no
cav	Q01668__Homsap_m4	Q01668__Homsap	4	full		GEAWQ	E	434	no
cav	Q01815__Musmus_m1	Q01815__Musmus	1	full		MEGWT	E	434	no
cav	Q01815__Musmus_m2	Q01815__Musmus	2	full		GEDWN	E	434	no
cav	Q01815__Musmus_m3	Q01815__Musmus	3	full		FEGWP	E	434	no
cav	Q01815__Musmus_m4	Q01815__Musmus	4	full		GEAWQ	E	434	no
cav	Q02294__Ratnor_m1	Q02294__Ratnor	1	full		MEGWT	E	434	no
cav	Q02294__Ratnor_m2	Q02294__Ratnor	2	full		GEDWN	E	434	no
cav	Q02294__Ratnor_m3	Q02294__Ratnor	3	full		GEGWP	E	434	no
cav	Q02294__Ratnor_m4	Q02294__Ratnor	4	full		GEAWH	E	434	no
cav	Q02485__Ratnor_m1	Q02485__Ratnor	1	full		MEGWT	E	434	no
cav	Q02485__Ratnor_m2	Q02485__Ratnor	2	full		GEDWN	E	434	no
cav	Q02485__Ratnor_m3	Q02485__Ratnor	3	full		FEGWP	E	434	no
cav	Q02485__Ratnor_m4	Q02485__Ratnor	4	full		GEAWQ	E	434	no
cav	Q02789__Musmus_m1	Q02789__Musmus	1	full		MEGWT	E	434	no
cav	Q02789__Musmus_m2	Q02789__Musmus	2	full		GEDWN	E	434	no
cav	Q02789__Musmus_m3	Q02789__Musmus	3	full		FEGWP	E	434	no
cav	Q02789__Musmus_m4	Q02789__Musmus	4	full		GEAWQ	E	434	no
cav	Q07652__Ratnor_m1	Q07652__Ratnor	1	full		MEGWT	E	434	no
cav	Q07652__Ratnor_m2	Q07652__Ratnor	2	full		GEDWN	E	434	no
cav	Q07652__Ratnor_m3	Q07652__Ratnor	3	full		GEGWP	E	434	no
cav	Q07652__Ratnor_m4	Q07652__Ratnor	4	full		GEAWQ	E	434	no
cav	Q13698__Homsap_m1	Q13698__Homsap	1	full		MEGWT	E	434	no
cav	Q13698__Homsap_m2	Q13698__Homsap	2	full		GEDWT	E	434	no
cav	Q13698__Homsap_m3	Q13698__Homsap	3	full		FEGWP	E	434	no
cav	Q13698__Homsap_m4	Q13698__Homsap	4	full		GEAWQ	E	434	no
cav	Q13936__Homsap_m1	Q13936__Homsap	1	full		MEGWT	E	434	no
cav	Q13936__Homsap_m2	Q13936__Homsap	2	full		GEDWN	E	434	no
cav	Q13936__Homsap_m3	Q13936__Homsap	3	full		FEGWP	E	434	no
cav	Q13936__Homsap_m4	Q13936__Homsap	4	full		GEAWQ	E	434	no
cav	Q15878__Homsap_m1	Q15878__Homsap	1	full		MEGWT	E	434	no
cav	Q15878__Homsap_m2	Q15878__Homsap	2	full		GEDWN	E	434	no
cav	Q15878__Homsap_m3	Q15878__Homsap	3	full		GEGWP	E	434	no
cav	Q15878__Homsap_m4	Q15878__Homsap	4	full		GEAWQ	E	434	no
cav	Q24270__Dromel_m1	Q24270__Dromel	1	full		LEGWT	E	434	no
cav	Q24270__Dromel_m2	Q24270__Dromel	2	full		GEDWN	E	434	no
cav	Q24270__Dromel_m3	Q24270__Dromel	3	full		FEGWP	E	434	no
cav	Q24270__Dromel_m4	Q24270__Dromel	4	full		GEAWQ	E	434	no
cav	Q61290__Musmus_m1	Q61290__Musmus	1	full		MEGWT	E	434	no
cav	Q61290__Musmus_m2	Q61290__Musmus	2	full		GEDWN	E	434	no
cav	Q61290__Musmus_m3	Q61290__Musmus	3	full		GEGWP	E	434	no
cav	Q61290__Musmus_m4	Q61290__Musmus	4	full		GEAWQ	E	434	no
cav	Q99246__Musmus_m1	Q99246__Musmus	1	full		MEGWT	E	434	no
cav	Q99246__Musmus_m2	Q99246__Musmus	2	full		GEDWN	E	434	no
cav	Q99246__Musmus_m3	Q99246__Musmus	3	full		FEGWP	E	434	no
cav	Q99246__Musmus_m4	Q99246__Musmus	4	full		GEAWQ	E	434	no
cav	Q9EQ60__Ratnor_m1	Q9EQ60__Ratnor	1	full		LEGWV	E	434	no
cav	Q9EQ60__Ratnor_m2	Q9EQ60__Ratnor	2	full		QEDWN	E	434	no
cav	Q9EQ60__Ratnor_m3	Q9EQ60__Ratnor	3	full		KDGWV	D	434	no
cav	Q9EQ60__Ratnor_m4	Q9EQ60__Ratnor	4	full		GDNWN	D	434	no
cav	Q9JIS7__Musmus_m1	Q9JIS7__Musmus	1	full		MEGWT	E	434	no
cav	Q9JIS7__Musmus_m2	Q9JIS7__Musmus	2	full		GEDWN	E	434	no
cav	Q9JIS7__Musmus_m3	Q9JIS7__Musmus	3	full		FEGWP	E	434	no
cav	Q9JIS7__Musmus_m4	Q9JIS7__Musmus	4	full		GEAWQ	E	434	no
cav	Q9P0X4__Homsap_m1	Q9P0X4__Homsap	1	full		LEGWV	E	434	no
cav	Q9P0X4__Homsap_m2	Q9P0X4__Homsap	2	full		QEDWN	E	434	no
cav	Q9P0X4__Homsap_m3	Q9P0X4__Homsap	3	full		KDGWV	D	434	no
cav	Q9P0X4__Homsap_m4	Q9P0X4__Homsap	4	full		GDNWN	D	434	no
cav	Q9Z0Y8__Ratnor_m1	Q9Z0Y8__Ratnor	1	full		LEGWV	E	434	no
cav	Q9Z0Y8__Ratnor_m2	Q9Z0Y8__Ratnor	2	full		QEDWN	E	434	no
cav	Q9Z0Y8__Ratnor_m3	Q9Z0Y8__Ratnor	3	full		KDGWV	D	434	no
cav	Q9Z0Y8__Ratnor_m4	Q9Z0Y8__Ratnor	4	full		GDNWN	D	434	no
cav	A0A1D5PV02__Galgal_m1	A0A1D5PV02__Galgal	1	full		MEGWT	E	434	no
cav	A0A1D5PV02__Galgal_m2	A0A1D5PV02__Galgal	2	full		GEDWN	E	434	no
cav	A0A1D5PV02__Galgal_m3	A0A1D5PV02__Galgal	3	full		FEGWP	E	434	no
cav	A0A1D5PV02__Galgal_m4	A0A1D5PV02__Galgal	4	full		GEAWQ	E	434	no
cav	A0A1X7VQE5__Ampque_m1	A0A1X7VQE5__Ampque	1	full		LEGWT	E	434	no
cav	A0A1X7VQE5__Ampque_m2	A0A1X7VQE5__Ampque	2	full		TEDWN	E	434	no
cav	A0A1X7VQE5__Ampque_m3	A0A1X7VQE5__Ampque	3	full		KEGWQ	E	434	no
cav	A0A1X7VQE5__Ampque_m4	A0A1X7VQE5__Ampque	4	full		GENWE	E	434	no
cav	A0A2K3CQ96__Chlrei_m1	A0A2K3CQ96__Chlrei	1	full		MEGWT	E	434	no
cav	A0A2K3CQ96__Chlrei_m2	A0A2K3CQ96__Chlrei	2	full		GENWN	E	434	no
cav	A0A2K3CQ96__Chlrei_m3	A0A2K3CQ96__Chlrei	3	full		TELWV	E	434	no
cav	A0A2K3CQ96__Chlrei_m4	A0A2K3CQ96__Chlrei	4	full		GESWD	E	434	no
cav	A0A2K3DAR0__Chlrei_m1	A0A2K3DAR0__Chlrei	1	full		LTGWV	T	434	no
cav	A0A2K3DAR0__Chlrei_m2	A0A2K3DAR0__Chlrei	2	full		LENWQ	E	434	no
cav	A0A2K3DAR0__Chlrei_m3	A0A2K3DAR0__Chlrei	3	full		LNGYT	N	434	no
cav	A0A2K3DAR0__Chlrei_m4	A0A2K3DAR0__Chlrei	4	full		GDNWT	D	434	no
cav	A0A3B1E663__Caeele_m1	A0A3B1E663__Caeele	1	full		MEGWT	E	434	no
cav	A0A3B1E663__Caeele_m2	A0A3B1E663__Caeele	2	full		GEDWN	E	434	no
cav	A0A3B1E663__Caeele_m3	A0A3B1E663__Caeele	3	full		GEGWP	E	434	no
cav	A0A3B1E663__Caeele_m4	A0A3B1E663__Caeele	4	full		GEGWQ	E	434	no
cav	A0A4W3GR47__Calmil_m1	A0A4W3GR47__Calmil	1	full		MEGWT	E	434	no
cav	A0A4W3GR47__Calmil_m2	A0A4W3GR47__Calmil	2	full		GEDWN	E	434	no
cav	A0A4W3GR47__Calmil_m3	A0A4W3GR47__Calmil	3	full		GEGWP	E	434	no
cav	A0A4W3GR47__Calmil_m4	A0A4W3GR47__Calmil	4	full		GESWQ	E	434	no
cav	A0A4W3H6Q2__Calmil_m1	A0A4W3H6Q2__Calmil	1	full		LEGWV	E	434	no
cav	A0A4W3H6Q2__Calmil_m2	A0A4W3H6Q2__Calmil	2	full		QEDWN	E	434	no
cav	A0A4W3H6Q2__Calmil_m3	A0A4W3H6Q2__Calmil	3	full		KDGWV	D	434	no
cav	A0A4W3H6Q2__Calmil_m4	A0A4W3H6Q2__Calmil	4	full		GDNWN	D	434	no
cav	A0A4W3H9U9__Calmil_m1	A0A4W3H9U9__Calmil	1	absent					no
cav	A0A4W3H9U9__Calmil_m2	A0A4W3H9U9__Calmil	2	full		GEDWN	E	434	no
cav	A0A4W3H9U9__Calmil_m3	A0A4W3H9U9__Calmil	3	full		FEGWP	E	434	no
cav	A0A4W3H9U9__Calmil_m4	A0A4W3H9U9__Calmil	4	full		GEAWQ	E	434	no
cav	A0A4W3IH64__Calmil_m1	A0A4W3IH64__Calmil	1	full		MEGWV	E	434	no
cav	A0A4W3IH64__Calmil_m2	A0A4W3IH64__Calmil	2	full		GEDWN	E	434	no
cav	A0A4W3IH64__Calmil_m3	A0A4W3IH64__Calmil	3	full		GEGWP	E	434	no
cav	A0A4W3IH64__Calmil_m4	A0A4W3IH64__Calmil	4	full		GEAWH	E	434	no
cav	A0A4W3III4__Calmil_m1	A0A4W3III4__Calmil	1	full		MEGWT	E	434	no
cav	A0A4W3III4__Calmil_m2	A0A4W3III4__Calmil	2	full		GEDWN	E	434	no
cav	A0A4W3III4__Calmil_m3	A0A4W3III4__Calmil	3	full		FEGWP	E	434	no
cav	A0A4W3III4__Calmil_m4	A0A4W3III4__Calmil	4	full		GEAWQ	E	434	no
cav	A0A4W3JE72__Calmil_m1	A0A4W3JE72__Calmil	1	full		MEGWT	E	434	no
cav	A0A4W3JE72__Calmil_m2	A0A4W3JE72__Calmil	2	full		GEDWN	E	434	no
cav	A0A4W3JE72__Calmil_m3	A0A4W3JE72__Calmil	3	full		FEGWP	E	434	no
cav	A0A4W3JE72__Calmil_m4	A0A4W3JE72__Calmil	4	full		GEAWQ	E	434	no
cav	A0A5F8GBU5__Mondom_m1	A0A5F8GBU5__Mondom	1	full		MEGWT	E	434	no
cav	A0A5F8GBU5__Mondom_m2	A0A5F8GBU5__Mondom	2	full		GEDWN	E	434	no
cav	A0A5F8GBU5__Mondom_m3	A0A5F8GBU5__Mondom	3	full		GEGWP	E	434	no
cav	A0A5F8GBU5__Mondom_m4	A0A5F8GBU5__Mondom	4	full		GEAWH	E	434	no
cav	A0A5F8GTU1__Mondom_m1	A0A5F8GTU1__Mondom	1	full		MEGWT	E	434	no
cav	A0A5F8GTU1__Mondom_m2	A0A5F8GTU1__Mondom	2	full		GEDWN	E	434	no
cav	A0A5F8GTU1__Mondom_m3	A0A5F8GTU1__Mondom	3	full		FEGWP	E	434	no
cav	A0A5F8GTU1__Mondom_m4	A0A5F8GTU1__Mondom	4	full		GEAWQ	E	434	no
cav	A0A5F8H7I3__Mondom_m1	A0A5F8H7I3__Mondom	1	full		LEGWV	E	434	no
cav	A0A5F8H7I3__Mondom_m2	A0A5F8H7I3__Mondom	2	full		QEDWN	E	434	no
cav	A0A5F8H7I3__Mondom_m3	A0A5F8H7I3__Mondom	3	full		KDGWV	D	434	no
cav	A0A5F8H7I3__Mondom_m4	A0A5F8H7I3__Mondom	4	full		GDNWN	D	434	no
cav	A0A5F8HIN4__Mondom_m1	A0A5F8HIN4__Mondom	1	full		LEGWV	E	434	no
cav	A0A5F8HIN4__Mondom_m2	A0A5F8HIN4__Mondom	2	full		QEDWN	E	434	no
cav	A0A5F8HIN4__Mondom_m3	A0A5F8HIN4__Mondom	3	full		KDGWV	D	434	no
cav	A0A5F8HIN4__Mondom_m4	A0A5F8HIN4__Mondom	4	full		GDNWN	D	434	no
cav	A0A674MWH0__Takrub_m1	A0A674MWH0__Takrub	1	full		LEGWV	E	434	no
cav	A0A674MWH0__Takrub_m2	A0A674MWH0__Takrub	2	full		QEDWN	E	434	no
cav	A0A674MWH0__Takrub_m3	A0A674MWH0__Takrub	3	full		KDGWV	D	434	no
cav	A0A674MWH0__Takrub_m4	A0A674MWH0__Takrub	4	full		GDNWN	D	434	no
cav	A0A674N5R6__Takrub_m1	A0A674N5R6__Takrub	1	full		LEGWV	E	434	no
cav	A0A674N5R6__Takrub_m2	A0A674N5R6__Takrub	2	full		QEDWN	E	434	no
cav	A0A674N5R6__Takrub_m3	A0A674N5R6__Takrub	3	full		KDGWV	D	434	no
cav	A0A674N5R6__Takrub_m4	A0A674N5R6__Takrub	4	full		GDNWN	D	434	no
cav	A0A674NPA3__Takrub_m1	A0A674NPA3__Takrub	1	full		MEGWT	E	434	no
cav	A0A674NPA3__Takrub_m2	A0A674NPA3__Takrub	2	full		GEDWN	E	434	no
cav	A0A674NPA3__Takrub_m3	A0A674NPA3__Takrub	3	full		GEGWP	E	434	no
cav	A0A674NPA3__Takrub_m4	A0A674NPA3__Takrub	4	full		GESWQ	E	434	no
cav	A0A674NRZ3__Takrub_m1	A0A674NRZ3__Takrub	1	full		MEGWT	E	434	no
cav	A0A674NRZ3__Takrub_m2	A0A674NRZ3__Takrub	2	full		GEDWN	E	434	no
cav	A0A674NRZ3__Takrub_m3	A0A674NRZ3__Takrub	3	full		GEGWP	E	434	no
cav	A0A674NRZ3__Takrub_m4	A0A674NRZ3__Takrub	4	full		GEAWH	E	434	no
cav	A0A674NYC8__Takrub_m1	A0A674NYC8__Takrub	1	full		TQGWT	Q	434	no
cav	A0A674NYC8__Takrub_m2	A0A674NYC8__Takrub	2	full		GEDWN	E	434	no
cav	A0A674NYC8__Takrub_m3	A0A674NYC8__Takrub	3	full		FEGWP	E	434	no
cav	A0A674NYC8__Takrub_m4	A0A674NYC8__Takrub	4	full		GEAWH	E	434	no
cav	A0A674P897__Takrub_m1	A0A674P897__Takrub	1	full		MEGWT	E	434	no
cav	A0A674P897__Takrub_m2	A0A674P897__Takrub	2	full		GEEWT	E	434	no
cav	A0A674P897__Takrub_m3	A0A674P897__Takrub	3	full		IEGWP	E	434	no
cav	A0A674P897__Takrub_m4	A0A674P897__Takrub	4	full		GEDWQ	E	434	no
cav	A0A674PBV2__Takrub_m1	A0A674PBV2__Takrub	1	full		MEGWT	E	434	no
cav	A0A674PBV2__Takrub_m2	A0A674PBV2__Takrub	2	full		GEDWN	E	434	no
cav	A0A674PBV2__Takrub_m3	A0A674PBV2__Takrub	3	full		FEGWP	E	434	no
cav	A0A674PBV2__Takrub_m4	A0A674PBV2__Takrub	4	full		GEAWQ	E	434	no
cav	A0A6I8MXJ0__Ornana_m1	A0A6I8MXJ0__Ornana	1	full		MEGWT	E	434	no
cav	A0A6I8MXJ0__Ornana_m2	A0A6I8MXJ0__Ornana	2	full		GEDWN	E	434	no
cav	A0A6I8MXJ0__Ornana_m3	A0A6I8MXJ0__Ornana	3	full		GEGWP	E	434	no
cav	A0A6I8MXJ0__Ornana_m4	A0A6I8MXJ0__Ornana	4	full		GEAWQ	E	434	no
cav	A0A6I8N8W3__Ornana_m1	A0A6I8N8W3__Ornana	1	full		LEGWV	E	434	no
cav	A0A6I8N8W3__Ornana_m2	A0A6I8N8W3__Ornana	2	full		QEDWN	E	434	no
cav	A0A6I8N8W3__Ornana_m3	A0A6I8N8W3__Ornana	3	full		KDGWV	D	434	no
cav	A0A6I8N8W3__Ornana_m4	A0A6I8N8W3__Ornana	4	full		GDNWN	D	434	no
cav	A0A6I8NDL2__Ornana_m1	A0A6I8NDL2__Ornana	1	full		LEGWV	E	434	no
cav	A0A6I8NDL2__Ornana_m2	A0A6I8NDL2__Ornana	2	full		QEDWN	E	434	no
cav	A0A6I8NDL2__Ornana_m3	A0A6I8NDL2__Ornana	3	full		KDGWV	D	434	no
cav	A0A6I8NDL2__Ornana_m4	A0A6I8NDL2__Ornana	4	full		GDNWN	D	434	no
cav	A0A6I8NEU4__Ornana_m1	A0A6I8NEU4__Ornana	1	full		MEGWT	E	434	no
cav	A0A6I8NEU4__Ornana_m2	A0A6I8NEU4__Ornana	2	full		GEDWN	E	434	no
cav	A0A6I8NEU4__Ornana_m3	A0A6I8NEU4__Ornana	3	full		FEGWP	E	434	no
cav	A0A6I8NEU4__Ornana_m4	A0A6I8NEU4__Ornana	4	full		GEAWQ	E	434	no
cav	A0A6I8NVA2__Ornana_m1	A0A6I8NVA2__Ornana	1	full		MEGWT	E	434	no
cav	A0A6I8NVA2__Ornana_m2	A0A6I8NVA2__Ornana	2	full		GEDWN	E	434	no
cav	A0A6I8NVA2__Ornana_m3	A0A6I8NVA2__Ornana	3	full		GEGWP	E	434	no
cav	A0A6I8NVA2__Ornana_m4	A0A6I8NVA2__Ornana	4	full		GEAWH	E	434	no
cav	A0A6I8P675__Ornana_m1	A0A6I8P675__Ornana	1	full		LEGWV	E	434	no
cav	A0A6I8P675__Ornana_m2	A0A6I8P675__Ornana	2	full		QEDWN	E	434	no
cav	A0A6I8P675__Ornana_m3	A0A6I8P675__Ornana	3	full		KDGWV	D	434	no
cav	A0A6I8P675__Ornana_m4	A0A6I8P675__Ornana	4	full		GDNWN	D	434	no
cav	A0A6I8P9C5__Ornana_m1	A0A6I8P9C5__Ornana	1	full		MEGWT	E	434	no
cav	A0A6I8P9C5__Ornana_m2	A0A6I8P9C5__Ornana	2	full		GEDWN	E	434	no
cav	A0A6I8P9C5__Ornana_m3	A0A6I8P9C5__Ornana	3	full		FEGWP	E	434	no
cav	A0A6I8P9C5__Ornana_m4	A0A6I8P9C5__Ornana	4	full		GEAWQ	E	434	no
cav	A0A6I8PN25__Ornana_m1	A0A6I8PN25__Ornana	1	full		MEGWT	E	434	no
cav	A0A6I8PN25__Ornana_m2	A0A6I8PN25__Ornana	2	full		GEDWN	E	434	no
cav	A0A6I8PN25__Ornana_m3	A0A6I8PN25__Ornana	3	full		GEGWP	E	434	no
cav	A0A6I8PN25__Ornana_m4	A0A6I8PN25__Ornana	4	full		GEAWH	E	434	no
cav	A0A6I8QW04__Xentro_m1	A0A6I8QW04__Xentro	1	full		MEGWT	E	434	no
cav	A0A6I8QW04__Xentro_m2	A0A6I8QW04__Xentro	2	full		GEDWN	E	434	no
cav	A0A6I8QW04__Xentro_m3	A0A6I8QW04__Xentro	3	full		FEGWP	E	434	no
cav	A0A6I8QW04__Xentro_m4	A0A6I8QW04__Xentro	4	full		GEAWQ	E	434	no
cav	A0A6I8RY91__Xentro_m1	A0A6I8RY91__Xentro	1	full		MEGWT	E	434	no
cav	A0A6I8RY91__Xentro_m2	A0A6I8RY91__Xentro	2	full		GEDWN	E	434	no
cav	A0A6I8RY91__Xentro_m3	A0A6I8RY91__Xentro	3	full		GEGWP	E	434	no
cav	A0A6I8RY91__Xentro_m4	A0A6I8RY91__Xentro	4	full		GEAWQ	E	434	no
cav	A0A7M6W896__Strpur_m1	A0A7M6W896__Strpur	1	full		MEGWT	E	434	no
cav	A0A7M6W896__Strpur_m2	A0A7M6W896__Strpur	2	full		GEDWN	E	434	no
cav	A0A7M6W896__Strpur_m3	A0A7M6W896__Strpur	3	full		FEGWP	E	434	no
cav	A0A7M6W896__Strpur_m4	A0A7M6W896__Strpur	4	full		GEAWQ	E	434	no
cav	A0A7M7MY86__Strpur_m1	A0A7M7MY86__Strpur	1	full		MEGWT	E	434	no
cav	A0A7M7MY86__Strpur_m2	A0A7M7MY86__Strpur	2	full		GEDWN	E	434	no
cav	A0A7M7MY86__Strpur_m3	A0A7M7MY86__Strpur	3	full		FEGWP	E	434	no
cav	A0A7M7MY86__Strpur_m4	A0A7M7MY86__Strpur	4	full		GEAWQ	E	434	no
cav	A0A7M7NVE1__Strpur_m1	A0A7M7NVE1__Strpur	1	full		LEGWV	E	434	no
cav	A0A7M7NVE1__Strpur_m2	A0A7M7NVE1__Strpur	2	full		QEDWN	E	434	no
cav	A0A7M7NVE1__Strpur_m3	A0A7M7NVE1__Strpur	3	full		KDGWV	D	434	no
cav	A0A7M7NVE1__Strpur_m4	A0A7M7NVE1__Strpur	4	full		GDNWN	D	434	no
cav	A0A7M7PNC3__Strpur_m1	A0A7M7PNC3__Strpur	1	full		MEGWT	E	434	no
cav	A0A7M7PNC3__Strpur_m2	A0A7M7PNC3__Strpur	2	full		GEDWN	E	434	no
cav	A0A7M7PNC3__Strpur_m3	A0A7M7PNC3__Strpur	3	full		GEGWP	E	434	no
cav	A0A7M7PNC3__Strpur_m4	A0A7M7PNC3__Strpur	4	full		GEAWQ	E	434	no
cav	A0A803TA00__Anocar_m1	A0A803TA00__Anocar	1	full		MEGWT	E	434	no
cav	A0A803TA00__Anocar_m2	A0A803TA00__Anocar	2	full		GEDWN	E	434	no
cav	A0A803TA00__Anocar_m3	A0A803TA00__Anocar	3	full		GEGWP	E	434	no
cav	A0A803TA00__Anocar_m4	A0A803TA00__Anocar	4	full		GEAWH	E	434	no
cav	A0A803TDB3__Anocar_m1	A0A803TDB3__Anocar	1	full		LEGWV	E	434	no
cav	A0A803TDB3__Anocar_m2	A0A803TDB3__Anocar	2	full		QEDWN	E	434	no
cav	A0A803TDB3__Anocar_m3	A0A803TDB3__Anocar	3	full		KDGWV	D	434	no
cav	A0A803TDB3__Anocar_m4	A0A803TDB3__Anocar	4	full		GDNWN	D	434	no
cav	A0A803TEJ4__Anocar_m1	A0A803TEJ4__Anocar	1	full		LEGWV	E	434	no
cav	A0A803TEJ4__Anocar_m2	A0A803TEJ4__Anocar	2	full		EQEKR	Q	434	no
cav	A0A803TEJ4__Anocar_m3	A0A803TEJ4__Anocar	3	full		KDGWV	D	434	no
cav	A0A803TEJ4__Anocar_m4	A0A803TEJ4__Anocar	4	full		GDNWN	D	434	no
cav	A0A803TMU8__Anocar_m1	A0A803TMU8__Anocar	1	full		MEGWT	E	434	no
cav	A0A803TMU8__Anocar_m2	A0A803TMU8__Anocar	2	full		GEDWN	E	434	no
cav	A0A803TMU8__Anocar_m3	A0A803TMU8__Anocar	3	full		GEGWP	E	434	no
cav	A0A803TMU8__Anocar_m4	A0A803TMU8__Anocar	4	full		GEAWQ	E	434	no
cav	A0A803TS66__Anocar_m1	A0A803TS66__Anocar	1	full		MEGWT	E	434	no
cav	A0A803TS66__Anocar_m2	A0A803TS66__Anocar	2	full		GEDWN	E	434	no
cav	A0A803TS66__Anocar_m3	A0A803TS66__Anocar	3	full		FEGWP	E	434	no
cav	A0A803TS66__Anocar_m4	A0A803TS66__Anocar	4	full		GEAWQ	E	434	no
cav	A0A803TWM4__Anocar_m1	A0A803TWM4__Anocar	1	full		MEGWT	E	434	no
cav	A0A803TWM4__Anocar_m2	A0A803TWM4__Anocar	2	full		GEDWN	E	434	no
cav	A0A803TWM4__Anocar_m3	A0A803TWM4__Anocar	3	full		GEGWP	E	434	no
cav	A0A803TWM4__Anocar_m4	A0A803TWM4__Anocar	4	full		GEAWH	E	434	no
cav	A0A8J0S9X9__Xentro_m1	A0A8J0S9X9__Xentro	1	full		MEGWT	E	434	no
cav	A0A8J0S9X9__Xentro_m2	A0A8J0S9X9__Xentro	2	full		GEDWN	E	434	no
cav	A0A8J0S9X9__Xentro_m3	A0A8J0S9X9__Xentro	3	full		FEGWP	E	434	no
cav	A0A8J0S9X9__Xentro_m4	A0A8J0S9X9__Xentro	4	full		GEAWQ	E	434	no
cav	A0A8J0ST41__Xentro_m1	A0A8J0ST41__Xentro	1	full		LEGWV	E	434	no
cav	A0A8J0ST41__Xentro_m2	A0A8J0ST41__Xentro	2	full		QEDWN	E	434	no
cav	A0A8J0ST41__Xentro_m3	A0A8J0ST41__Xentro	3	full		KDGWV	D	434	no
cav	A0A8J0ST41__Xentro_m4	A0A8J0ST41__Xentro	4	full		GDNWN	D	434	no
cav	A0A8J1IMU9__Xentro_m1	A0A8J1IMU9__Xentro	1	full		MEGWT	E	434	no
cav	A0A8J1IMU9__Xentro_m2	A0A8J1IMU9__Xentro	2	full		GEDWN	E	434	no
cav	A0A8J1IMU9__Xentro_m3	A0A8J1IMU9__Xentro	3	full		GEGWP	E	434	no
cav	A0A8J1IMU9__Xentro_m4	A0A8J1IMU9__Xentro	4	full		GEGWH	E	434	no
cav	A0A8J1IRF3__Xentro_m1	A0A8J1IRF3__Xentro	1	full		MEGWT	E	434	no
cav	A0A8J1IRF3__Xentro_m2	A0A8J1IRF3__Xentro	2	full		GEDWN	E	434	no
cav	A0A8J1IRF3__Xentro_m3	A0A8J1IRF3__Xentro	3	full		FEGWP	E	434	no
cav	A0A8J1IRF3__Xentro_m4	A0A8J1IRF3__Xentro	4	full		GEAWQ	E	434	no
cav	A0A8J1IT67__Xentro_m1	A0A8J1IT67__Xentro	1	full		LEGWV	E	434	no
cav	A0A8J1IT67__Xentro_m2	A0A8J1IT67__Xentro	2	full		QEDWN	E	434	no
cav	A0A8J1IT67__Xentro_m3	A0A8J1IT67__Xentro	3	full		KDGWV	D	434	no
cav	A0A8J1IT67__Xentro_m4	A0A8J1IT67__Xentro	4	full		GDNWN	D	434	no
cav	A0A8J1J139__Xentro_m1	A0A8J1J139__Xentro	1	full		LEGWV	E	434	no
cav	A0A8J1J139__Xentro_m2	A0A8J1J139__Xentro	2	full		QEDWN	E	434	no
cav	A0A8J1J139__Xentro_m3	A0A8J1J139__Xentro	3	full		KDGWV	D	434	no
cav	A0A8J1J139__Xentro_m4	A0A8J1J139__Xentro	4	full		GDNWN	D	434	no
cav	A0A8J1JBR0__Xentro_m1	A0A8J1JBR0__Xentro	1	full		MEGWT	E	434	no
cav	A0A8J1JBR0__Xentro_m2	A0A8J1JBR0__Xentro	2	full		GEDWN	E	434	no
cav	A0A8J1JBR0__Xentro_m3	A0A8J1JBR0__Xentro	3	full		GEGWP	E	434	no
cav	A0A8J1JBR0__Xentro_m4	A0A8J1JBR0__Xentro	4	full		GEAWH	E	434	no
cav	A0A8M2BFL7__Danrer_m1	A0A8M2BFL7__Danrer	1	full		TQGWT	Q	434	no
cav	A0A8M2BFL7__Danrer_m2	A0A8M2BFL7__Danrer	2	full		GEGWN	E	434	no
cav	A0A8M2BFL7__Danrer_m3	A0A8M2BFL7__Danrer	3	full		FEGWP	E	434	no
cav	A0A8M2BFL7__Danrer_m4	A0A8M2BFL7__Danrer	4	full		GEGWH	E	434	no
cav	A0A8M6Z381__Danrer_m1	A0A8M6Z381__Danrer	1	full		MEGWT	E	434	no
cav	A0A8M6Z381__Danrer_m2	A0A8M6Z381__Danrer	2	full		GEDWN	E	434	no
cav	A0A8M6Z381__Danrer_m3	A0A8M6Z381__Danrer	3	full		GEGWP	E	434	no
cav	A0A8M6Z381__Danrer_m4	A0A8M6Z381__Danrer	4	full		GEAWH	E	434	no
cav	A0A8M6Z865__Danrer_m1	A0A8M6Z865__Danrer	1	full		MEGWT	E	434	no
cav	A0A8M6Z865__Danrer_m2	A0A8M6Z865__Danrer	2	full		GEDWN	E	434	no
cav	A0A8M6Z865__Danrer_m3	A0A8M6Z865__Danrer	3	full		GEGWP	E	434	no
cav	A0A8M6Z865__Danrer_m4	A0A8M6Z865__Danrer	4	full		GESWQ	E	434	no
cav	A0A8M9PQW6__Danrer_m1	A0A8M9PQW6__Danrer	1	full		MEGWT	E	434	no
cav	A0A8M9PQW6__Danrer_m2	A0A8M9PQW6__Danrer	2	full		GEDWN	E	434	no
cav	A0A8M9PQW6__Danrer_m3	A0A8M9PQW6__Danrer	3	full		FEGWP	E	434	no
cav	A0A8M9PQW6__Danrer_m4	A0A8M9PQW6__Danrer	4	full		GEAWQ	E	434	no
cav	A0A8M9PUS4__Danrer_m1	A0A8M9PUS4__Danrer	1	full		MEGWT	E	434	no
cav	A0A8M9PUS4__Danrer_m2	A0A8M9PUS4__Danrer	2	full		GEDWN	E	434	no
cav	A0A8M9PUS4__Danrer_m3	A0A8M9PUS4__Danrer	3	full		FEGWP	E	434	no
cav	A0A8M9PUS4__Danrer_m4	A0A8M9PUS4__Danrer	4	full		GEAWQ	E	434	no
cav	A0A8M9PXN1__Danrer_m1	A0A8M9PXN1__Danrer	1	full		MEGWV	E	434	no
cav	A0A8M9PXN1__Danrer_m2	A0A8M9PXN1__Danrer	2	full		GEDWN	E	434	no
cav	A0A8M9PXN1__Danrer_m3	A0A8M9PXN1__Danrer	3	full		GEGWP	E	434	no
cav	A0A8M9PXN1__Danrer_m4	A0A8M9PXN1__Danrer	4	full		GEAWH	E	434	no
cav	A0A8M9Q409__Danrer_m1	A0A8M9Q409__Danrer	1	full		MEGWT	E	434	no
cav	A0A8M9Q409__Danrer_m2	A0A8M9Q409__Danrer	2	full		GEDWN	E	434	no
cav	A0A8M9Q409__Danrer_m3	A0A8M9Q409__Danrer	3	full		FEGWP	E	434	no
cav	A0A8M9Q409__Danrer_m4	A0A8M9Q409__Danrer	4	full		GEQWQ	E	434	no
cav	A0A8M9Q7Y9__Danrer_m1	A0A8M9Q7Y9__Danrer	1	full		LEGWA	E	434	no
cav	A0A8M9Q7Y9__Danrer_m2	A0A8M9Q7Y9__Danrer	2	full		QEDWN	E	434	no
cav	A0A8M9Q7Y9__Danrer_m3	A0A8M9Q7Y9__Danrer	3	full		KDGWV	D	434	no
cav	A0A8M9Q7Y9__Danrer_m4	A0A8M9Q7Y9__Danrer	4	full		GDNWN	D	434	no
cav	A0A8V0X294__Galgal_m1	A0A8V0X294__Galgal	1	full		MEGWT	E	434	no
cav	A0A8V0X294__Galgal_m2	A0A8V0X294__Galgal	2	full		GEDWN	E	434	no
cav	A0A8V0X294__Galgal_m3	A0A8V0X294__Galgal	3	full		FEGWP	E	434	no
cav	A0A8V0X294__Galgal_m4	A0A8V0X294__Galgal	4	full		GEAWQ	E	434	no
cav	A0A8V0YNE5__Galgal_m1	A0A8V0YNE5__Galgal	1	full		LEGWV	E	434	no
cav	A0A8V0YNE5__Galgal_m2	A0A8V0YNE5__Galgal	2	full		QEDWN	E	434	no
cav	A0A8V0YNE5__Galgal_m3	A0A8V0YNE5__Galgal	3	full		KDGWV	D	434	no
cav	A0A8V0YNE5__Galgal_m4	A0A8V0YNE5__Galgal	4	full		GDNWN	D	434	no
cav	A0A8V0YQE9__Galgal_m1	A0A8V0YQE9__Galgal	1	full		MEGWT	E	434	no
cav	A0A8V0YQE9__Galgal_m2	A0A8V0YQE9__Galgal	2	full		GEDWN	E	434	no
cav	A0A8V0YQE9__Galgal_m3	A0A8V0YQE9__Galgal	3	full		FEGWP	E	434	no
cav	A0A8V0YQE9__Galgal_m4	A0A8V0YQE9__Galgal	4	full		GEAWQ	E	434	no
cav	A0A8V0Z855__Galgal_m1	A0A8V0Z855__Galgal	1	full		LEGWV	E	434	no
cav	A0A8V0Z855__Galgal_m2	A0A8V0Z855__Galgal	2	full		QEDWN	E	434	no
cav	A0A8V0Z855__Galgal_m3	A0A8V0Z855__Galgal	3	full		KDGWV	D	434	no
cav	A0A8V0Z855__Galgal_m4	A0A8V0Z855__Galgal	4	full		GDNWN	D	434	no
cav	A0A8V1AJW5__Galgal_m1	A0A8V1AJW5__Galgal	1	full		MEGWT	E	434	no
cav	A0A8V1AJW5__Galgal_m2	A0A8V1AJW5__Galgal	2	full		GEDWN	E	434	no
cav	A0A8V1AJW5__Galgal_m3	A0A8V1AJW5__Galgal	3	full		GEGWP	E	434	no
cav	A0A8V1AJW5__Galgal_m4	A0A8V1AJW5__Galgal	4	full		GEAWH	E	434	no
cav	A0A8V1AKA8__Galgal_m1	A0A8V1AKA8__Galgal	1	full		LEGWV	E	434	no
cav	A0A8V1AKA8__Galgal_m2	A0A8V1AKA8__Galgal	2	full		QEDWN	E	434	no
cav	A0A8V1AKA8__Galgal_m3	A0A8V1AKA8__Galgal	3	full		KDGWV	D	434	no
cav	A0A8V1AKA8__Galgal_m4	A0A8V1AKA8__Galgal	4	full		GDNWN	D	434	no
cav	A0A9J7LJZ1__Braflo_m1	A0A9J7LJZ1__Braflo	1	full		MEGWT	E	434	no
cav	A0A9J7LJZ1__Braflo_m2	A0A9J7LJZ1__Braflo	2	full		GEDWN	E	434	no
cav	A0A9J7LJZ1__Braflo_m3	A0A9J7LJZ1__Braflo	3	full		GEGWP	E	434	no
cav	A0A9J7LJZ1__Braflo_m4	A0A9J7LJZ1__Braflo	4	full		GEAWQ	E	434	no
cav	A0A9J7M7P5__Braflo_m1	A0A9J7M7P5__Braflo	1	full		LEGWV	E	434	no
cav	A0A9J7M7P5__Braflo_m2	A0A9J7M7P5__Braflo	2	full		QEDWN	E	434	no
cav	A0A9J7M7P5__Braflo_m3	A0A9J7M7P5__Braflo	3	full		KDGWV	D	434	no
cav	A0A9J7M7P5__Braflo_m4	A0A9J7M7P5__Braflo	4	full		GDNWN	D	434	no
cav	A0A9J7MRS2__Braflo_m1	A0A9J7MRS2__Braflo	1	full		MEGWT	E	434	no
cav	A0A9J7MRS2__Braflo_m2	A0A9J7MRS2__Braflo	2	full		GEDWN	E	434	no
cav	A0A9J7MRS2__Braflo_m3	A0A9J7MRS2__Braflo	3	full		FEGWP	E	434	no
cav	A0A9J7MRS2__Braflo_m4	A0A9J7MRS2__Braflo	4	full		GEAWQ	E	434	no
cav	A0AAJ7T466__Petmar_m1	A0AAJ7T466__Petmar	1	full		MEGWT	E	434	no
cav	A0AAJ7T466__Petmar_m2	A0AAJ7T466__Petmar	2	full		GEDWN	E	434	no
cav	A0AAJ7T466__Petmar_m3	A0AAJ7T466__Petmar	3	full		FEGWP	E	434	no
cav	A0AAJ7T466__Petmar_m4	A0AAJ7T466__Petmar	4	full		GEAWQ	E	434	no
cav	A0AAJ7X5W9__Petmar_m1	A0AAJ7X5W9__Petmar	1	full		MEGWT	E	434	no
cav	A0AAJ7X5W9__Petmar_m2	A0AAJ7X5W9__Petmar	2	full		GEDWN	E	434	no
cav	A0AAJ7X5W9__Petmar_m3	A0AAJ7X5W9__Petmar	3	full		FEGWP	E	434	no
cav	A0AAJ7X5W9__Petmar_m4	A0AAJ7X5W9__Petmar	4	full		GEAWQ	E	434	no
cav	A0AAV2H0I3__Lymsta_m1	A0AAV2H0I3__Lymsta	1	full		MEGWT	E	434	no
cav	A0AAV2H0I3__Lymsta_m2	A0AAV2H0I3__Lymsta	2	full		GEDWN	E	434	no
cav	A0AAV2H0I3__Lymsta_m3	A0AAV2H0I3__Lymsta	3	full		FEGWP	E	434	no
cav	A0AAV2H0I3__Lymsta_m4	A0AAV2H0I3__Lymsta	4	full		GESWQ	E	434	no
cav	A0AAV2H3M8__Lymsta_m1	A0AAV2H3M8__Lymsta	1	full		LESWV	E	434	no
cav	A0AAV2H3M8__Lymsta_m2	A0AAV2H3M8__Lymsta	2	full		QEDWN	E	434	no
cav	A0AAV2H3M8__Lymsta_m3	A0AAV2H3M8__Lymsta	3	full		KDGWV	D	434	no
cav	A0AAV2H3M8__Lymsta_m4	A0AAV2H3M8__Lymsta	4	full		GDNWN	D	434	no
cav	A0AAV2IH62__Lymsta_m1	A0AAV2IH62__Lymsta	1	full		MEGWT	E	434	no
cav	A0AAV2IH62__Lymsta_m2	A0AAV2IH62__Lymsta	2	full		GEDWN	E	434	no
cav	A0AAV2IH62__Lymsta_m3	A0AAV2IH62__Lymsta	3	full		GEGWP	E	434	no
cav	A0AAV2IH62__Lymsta_m4	A0AAV2IH62__Lymsta	4	full		GEAWQ	E	434	no
cav	A0AB32TNI5__Danrer_m1	A0AB32TNI5__Danrer	1	full		MEGWT	E	434	no
cav	A0AB32TNI5__Danrer_m2	A0AB32TNI5__Danrer	2	full		GEDWN	E	434	no
cav	A0AB32TNI5__Danrer_m3	A0AB32TNI5__Danrer	3	full		FEGWP	E	434	no
cav	A0AB32TNI5__Danrer_m4	A0AB32TNI5__Danrer	4	full		GEAWQ	E	434	no
cav	A0AB32TTQ4__Danrer_m1	A0AB32TTQ4__Danrer	1	full		LEGWV	E	434	no
cav	A0AB32TTQ4__Danrer_m2	A0AB32TTQ4__Danrer	2	full		QEDWN	E	434	no
cav	A0AB32TTQ4__Danrer_m3	A0AB32TTQ4__Danrer	3	full		KDGWV	D	434	no
cav	A0AB32TTQ4__Danrer_m4	A0AB32TTQ4__Danrer	4	full		GDNWN	D	434	no
cav	A0AB40E8N7__Danrer_m1	A0AB40E8N7__Danrer	1	full		MEGWT	E	434	no
cav	A0AB40E8N7__Danrer_m2	A0AB40E8N7__Danrer	2	full		GEDWN	E	434	no
cav	A0AB40E8N7__Danrer_m3	A0AB40E8N7__Danrer	3	full		GEGWP	E	434	no
cav	A0AB40E8N7__Danrer_m4	A0AB40E8N7__Danrer	4	full		GESWQ	E	434	no
cav	A0ABM1VUE8__Aplcal_m1	A0ABM1VUE8__Aplcal	1	full		LESWV	E	434	no
cav	A0ABM1VUE8__Aplcal_m2	A0ABM1VUE8__Aplcal	2	full		QEDWN	E	434	no
cav	A0ABM1VUE8__Aplcal_m3	A0ABM1VUE8__Aplcal	3	full		KDGWV	D	434	no
cav	A0ABM1VUE8__Aplcal_m4	A0ABM1VUE8__Aplcal	4	full		GDNWN	D	434	no
cav	A0ABM1W3I9__Aplcal_m1	A0ABM1W3I9__Aplcal	1	absent					no
cav	A0ABM1W3I9__Aplcal_m2	A0ABM1W3I9__Aplcal	2	partial					no
cav	A0ABM1W3I9__Aplcal_m3	A0ABM1W3I9__Aplcal	3	full		FEGWP	E	434	no
cav	A0ABM1W3I9__Aplcal_m4	A0ABM1W3I9__Aplcal	4	full		GEAWQ	E	434	no
cav	A0ABM4BDL9__Hydvul_m1	A0ABM4BDL9__Hydvul	1	full		CEGWS	E	434	no
cav	A0ABM4BDL9__Hydvul_m2	A0ABM4BDL9__Hydvul	2	full		GEDWN	E	434	no
cav	A0ABM4BDL9__Hydvul_m3	A0ABM4BDL9__Hydvul	3	full		GEGWP	E	434	no
cav	A0ABM4BDL9__Hydvul_m4	A0ABM4BDL9__Hydvul	4	full		GENWH	E	434	no
cav	A0ABM4BFT6__Hydvul_m1	A0ABM4BFT6__Hydvul	1	full		TEGWS	E	434	no
cav	A0ABM4BFT6__Hydvul_m2	A0ABM4BFT6__Hydvul	2	full		GEDWN	E	434	no
cav	A0ABM4BFT6__Hydvul_m3	A0ABM4BFT6__Hydvul	3	full		EDNWP	D	434	no
cav	A0ABM4BFT6__Hydvul_m4	A0ABM4BFT6__Hydvul	4	full		GDNWS	D	434	no
cav	A0ABM4BFU0__Hydvul_m1	A0ABM4BFU0__Hydvul	1	full		TDGWS	D	434	no
cav	A0ABM4BFU0__Hydvul_m2	A0ABM4BFU0__Hydvul	2	full		GEDWS	E	434	no
cav	A0ABM4BFU0__Hydvul_m3	A0ABM4BFU0__Hydvul	3	full		EDNWP	D	434	no
cav	A0ABM4BFU0__Hydvul_m4	A0ABM4BFU0__Hydvul	4	full		GDNWS	D	434	no
cav	A0ABM4BFU2__Hydvul_m1	A0ABM4BFU2__Hydvul	1	full		TEGWS	E	434	no
cav	A0ABM4BFU2__Hydvul_m2	A0ABM4BFU2__Hydvul	2	full		GEDWY	E	434	no
cav	A0ABM4BFU2__Hydvul_m3	A0ABM4BFU2__Hydvul	3	full		EDNWP	D	434	no
cav	A0ABM4BFU2__Hydvul_m4	A0ABM4BFU2__Hydvul	4	full		GDNWS	D	434	no
cav	A0ABM4BFU4__Hydvul_m1	A0ABM4BFU4__Hydvul	1	full		LEGWT	E	434	no
cav	A0ABM4BFU4__Hydvul_m2	A0ABM4BFU4__Hydvul	2	full		GEDWN	E	434	no
cav	A0ABM4BFU4__Hydvul_m3	A0ABM4BFU4__Hydvul	3	full		EDNWP	D	434	no
cav	A0ABM4BFU4__Hydvul_m4	A0ABM4BFU4__Hydvul	4	full		GENWS	E	434	no
cav	A0ABM4BY15__Hydvul_m1	A0ABM4BY15__Hydvul	1	full		LESWT	E	434	no
cav	A0ABM4BY15__Hydvul_m2	A0ABM4BY15__Hydvul	2	full		GESWN	E	434	no
cav	A0ABM4BY15__Hydvul_m3	A0ABM4BY15__Hydvul	3	full		GEAWP	E	434	no
cav	A0ABM4BY15__Hydvul_m4	A0ABM4BY15__Hydvul	4	full		GEGWH	E	434	no
cav	A0ABM4BYD6__Hydvul_m1	A0ABM4BYD6__Hydvul	1	full		LEGWA	E	434	no
cav	A0ABM4BYD6__Hydvul_m2	A0ABM4BYD6__Hydvul	2	full		GEDWY	E	434	no
cav	A0ABM4BYD6__Hydvul_m3	A0ABM4BYD6__Hydvul	3	full		EDNWP	D	434	no
cav	A0ABM4BYD6__Hydvul_m4	A0ABM4BYD6__Hydvul	4	full		GENWS	E	434	no
cav	A0ABM4C2H3__Hydvul_m1	A0ABM4C2H3__Hydvul	1	full		GEGWT	E	434	no
cav	A0ABM4C2H3__Hydvul_m2	A0ABM4C2H3__Hydvul	2	full		GEDWN	E	434	no
cav	A0ABM4C2H3__Hydvul_m3	A0ABM4C2H3__Hydvul	3	full		GDGWY	D	434	no
cav	A0ABM4C2H3__Hydvul_m4	A0ABM4C2H3__Hydvul	4	full		GENWP	E	434	no
cav	A0ABM4C2J8__Hydvul_m1	A0ABM4C2J8__Hydvul	1	full		CEGWT	E	434	no
cav	A0ABM4C2J8__Hydvul_m2	A0ABM4C2J8__Hydvul	2	full		GEDWN	E	434	no
cav	A0ABM4C2J8__Hydvul_m3	A0ABM4C2J8__Hydvul	3	full		GDGWY	D	434	no
cav	A0ABM4C2J8__Hydvul_m4	A0ABM4C2J8__Hydvul	4	full		GENWP	E	434	no
cav	A0ABM4C2K7__Hydvul_m1	A0ABM4C2K7__Hydvul	1	full		GEGWT	E	434	no
cav	A0ABM4C2K7__Hydvul_m2	A0ABM4C2K7__Hydvul	2	full		GVDWN	V	434	no
cav	A0ABM4C2K7__Hydvul_m3	A0ABM4C2K7__Hydvul	3	full		GDGWY	D	434	no
cav	A0ABM4C2K7__Hydvul_m4	A0ABM4C2K7__Hydvul	4	full		GENWP	E	434	no
cav	A0ABM4C2L3__Hydvul_m1	A0ABM4C2L3__Hydvul	1	full		CEGWT	E	434	no
cav	A0ABM4C2L3__Hydvul_m2	A0ABM4C2L3__Hydvul	2	full		GEDWN	E	434	no
cav	A0ABM4C2L3__Hydvul_m3	A0ABM4C2L3__Hydvul	3	full		GDAWY	D	434	no
cav	A0ABM4C2L3__Hydvul_m4	A0ABM4C2L3__Hydvul	4	full		GENWP	E	434	no
cav	A0ABM4C2N6__Hydvul_m1	A0ABM4C2N6__Hydvul	1	full		GQGWT	Q	434	no
cav	A0ABM4C2N6__Hydvul_m2	A0ABM4C2N6__Hydvul	2	full		GADWF	A	434	no
cav	A0ABM4C2N6__Hydvul_m3	A0ABM4C2N6__Hydvul	3	full		GSGWY	S	434	no
cav	A0ABM4C2N6__Hydvul_m4	A0ABM4C2N6__Hydvul	4	full		GENWP	E	434	no
cav	A0ABM4C5U1__Hydvul_m1	A0ABM4C5U1__Hydvul	1	full		KEGWT	E	434	no
cav	A0ABM4C5U1__Hydvul_m2	A0ABM4C5U1__Hydvul	2	full		GEDWN	E	434	no
cav	A0ABM4C5U1__Hydvul_m3	A0ABM4C5U1__Hydvul	3	full		FEGWP	E	434	no
cav	A0ABM4C5U1__Hydvul_m4	A0ABM4C5U1__Hydvul	4	full		GENWQ	E	434	no
cav	A0ABM4C6L4__Hydvul_m1	A0ABM4C6L4__Hydvul	1	full		CEGWI	E	434	no
cav	A0ABM4C6L4__Hydvul_m2	A0ABM4C6L4__Hydvul	2	full		GDGWN	D	434	no
cav	A0ABM4C6L4__Hydvul_m3	A0ABM4C6L4__Hydvul	3	full		GERWS	E	434	no
cav	A0ABM4C6L4__Hydvul_m4	A0ABM4C6L4__Hydvul	4	full		GENWP	E	434	no
cav	A0ABM4C6N7__Hydvul_m1	A0ABM4C6N7__Hydvul	1	full		CEGWT	E	434	no
cav	A0ABM4C6N7__Hydvul_m2	A0ABM4C6N7__Hydvul	2	full		GEGWN	E	434	no
cav	A0ABM4C6N7__Hydvul_m3	A0ABM4C6N7__Hydvul	3	full		GSGWP	S	434	no
cav	A0ABM4C6N7__Hydvul_m4	A0ABM4C6N7__Hydvul	4	full		GDNWP	D	434	no
cav	A0ABM4C9N6__Hydvul_m1	A0ABM4C9N6__Hydvul	1	full		LEGWS	E	434	no
cav	A0ABM4C9N6__Hydvul_m2	A0ABM4C9N6__Hydvul	2	full		QEDWN	E	434	no
cav	A0ABM4C9N6__Hydvul_m3	A0ABM4C9N6__Hydvul	3	full		KDGWV	D	434	no
cav	A0ABM4C9N6__Hydvul_m4	A0ABM4C9N6__Hydvul	4	full		GDNWS	D	434	no
cav	A0AC58GCE5__Danrer_m1	A0AC58GCE5__Danrer	1	full		MEGWT	E	434	no
cav	A0AC58GCE5__Danrer_m2	A0AC58GCE5__Danrer	2	full		GEDWN	E	434	no
cav	A0AC58GCE5__Danrer_m3	A0AC58GCE5__Danrer	3	full		FEGWP	E	434	no
cav	A0AC58GCE5__Danrer_m4	A0AC58GCE5__Danrer	4	full		GEAWQ	E	434	no
cav	A0AC58GQZ8__Danrer_m1	A0AC58GQZ8__Danrer	1	full		MEGWT	E	434	no
cav	A0AC58GQZ8__Danrer_m2	A0AC58GQZ8__Danrer	2	full		GEDWN	E	434	no
cav	A0AC58GQZ8__Danrer_m3	A0AC58GQZ8__Danrer	3	full		GEGWP	E	434	no
cav	A0AC58GQZ8__Danrer_m4	A0AC58GQZ8__Danrer	4	full		GEAWH	E	434	no
cav	A0AC58GY43__Danrer_m1	A0AC58GY43__Danrer	1	full		LEGWV	E	434	no
cav	A0AC58GY43__Danrer_m2	A0AC58GY43__Danrer	2	full		QEDWN	E	434	no
cav	A0AC58GY43__Danrer_m3	A0AC58GY43__Danrer	3	full		KDGWV	D	434	no
cav	A0AC58GY43__Danrer_m4	A0AC58GY43__Danrer	4	full		GDNWN	D	434	no
cav	A0AC58J2D3__Danrer_m1	A0AC58J2D3__Danrer	1	full		LEGWV	E	434	no
cav	A0AC58J2D3__Danrer_m2	A0AC58J2D3__Danrer	2	full		QEDWN	E	434	no
cav	A0AC58J2D3__Danrer_m3	A0AC58J2D3__Danrer	3	full		KDGWV	D	434	no
cav	A0AC58J2D3__Danrer_m4	A0AC58J2D3__Danrer	4	full		GDNWN	D	434	no
cav	A0AC58J2J0__Danrer_m1	A0AC58J2J0__Danrer	1	full		MEGWT	E	434	no
cav	A0AC58J2J0__Danrer_m2	A0AC58J2J0__Danrer	2	full		GEDWN	E	434	no
cav	A0AC58J2J0__Danrer_m3	A0AC58J2J0__Danrer	3	full		GEGWP	E	434	no
cav	A0AC58J2J0__Danrer_m4	A0AC58J2J0__Danrer	4	full		GEAWH	E	434	no
cav	A0AC58J3C4__Danrer_m1	A0AC58J3C4__Danrer	1	full		LEGWV	E	434	no
cav	A0AC58J3C4__Danrer_m2	A0AC58J3C4__Danrer	2	full		QEDWN	E	434	no
cav	A0AC58J3C4__Danrer_m3	A0AC58J3C4__Danrer	3	full		KDGWV	D	434	no
cav	A0AC58J3C4__Danrer_m4	A0AC58J3C4__Danrer	4	full		GDNWN	D	434	no
cav	A0ACM8AAZ5__Petmar_m1	A0ACM8AAZ5__Petmar	1	full		LEGWV	E	434	no
cav	A0ACM8AAZ5__Petmar_m2	A0ACM8AAZ5__Petmar	2	full		QEDWN	E	434	no
cav	A0ACM8AAZ5__Petmar_m3	A0ACM8AAZ5__Petmar	3	full		RDGWV	D	434	no
cav	A0ACM8AAZ5__Petmar_m4	A0ACM8AAZ5__Petmar	4	full		GDNWN	D	434	no
cav	A0ACM8AB44__Petmar_m1	A0ACM8AB44__Petmar	1	full		MEGWT	E	434	no
cav	A0ACM8AB44__Petmar_m2	A0ACM8AB44__Petmar	2	full		GEDWN	E	434	no
cav	A0ACM8AB44__Petmar_m3	A0ACM8AB44__Petmar	3	full		GEGWP	E	434	no
cav	A0ACM8AB44__Petmar_m4	A0ACM8AB44__Petmar	4	full		GEAWH	E	434	no
cav	A0ACM8AZ93__Petmar_m1	A0ACM8AZ93__Petmar	1	full		MEGWV	E	434	no
cav	A0ACM8AZ93__Petmar_m2	A0ACM8AZ93__Petmar	2	full		GEDWN	E	434	no
cav	A0ACM8AZ93__Petmar_m3	A0ACM8AZ93__Petmar	3	full		GEGWP	E	434	no
cav	A0ACM8AZ93__Petmar_m4	A0ACM8AZ93__Petmar	4	full		GEAWH	E	434	no
cav	A0ACM8BLR3__Petmar_m1	A0ACM8BLR3__Petmar	1	full		MEGWT	E	434	no
cav	A0ACM8BLR3__Petmar_m2	A0ACM8BLR3__Petmar	2	full		GEDWN	E	434	no
cav	A0ACM8BLR3__Petmar_m3	A0ACM8BLR3__Petmar	3	full		GEGWP	E	434	no
cav	A0ACM8BLR3__Petmar_m4	A0ACM8BLR3__Petmar	4	full		GEAWQ	E	434	no
cav	A0ACM8BPF4__Petmar_m1	A0ACM8BPF4__Petmar	1	full		LEGWV	E	434	no
cav	A0ACM8BPF4__Petmar_m2	A0ACM8BPF4__Petmar	2	full		QEDWN	E	434	no
cav	A0ACM8BPF4__Petmar_m3	A0ACM8BPF4__Petmar	3	full		KDGWV	D	434	no
cav	A0ACM8BPF4__Petmar_m4	A0ACM8BPF4__Petmar	4	full		GDNWN	D	434	no
cav	A0ACM8BRV9__Petmar_m1	A0ACM8BRV9__Petmar	1	full		TEGWT	E	434	no
cav	A0ACM8BRV9__Petmar_m2	A0ACM8BRV9__Petmar	2	full		GEDWE	E	434	no
cav	A0ACM8BRV9__Petmar_m3	A0ACM8BRV9__Petmar	3	full		FEGWP	E	434	no
cav	A0ACM8BRV9__Petmar_m4	A0ACM8BRV9__Petmar	4	full		GERWH	E	434	no
cav	A0ACM8C0F8__Petmar_m1	A0ACM8C0F8__Petmar	1	full		LEGWV	E	434	no
cav	A0ACM8C0F8__Petmar_m2	A0ACM8C0F8__Petmar	2	full		QEDWN	E	434	no
cav	A0ACM8C0F8__Petmar_m3	A0ACM8C0F8__Petmar	3	full		KDGWV	D	434	no
cav	A0ACM8C0F8__Petmar_m4	A0ACM8C0F8__Petmar	4	full		GDNWN	D	434	no
cav	A0ACM8C2W9__Petmar_m1	A0ACM8C2W9__Petmar	1	full		LEGWT	E	434	no
cav	A0ACM8C2W9__Petmar_m2	A0ACM8C2W9__Petmar	2	full		GEDWN	E	434	no
cav	A0ACM8C2W9__Petmar_m3	A0ACM8C2W9__Petmar	3	full		FEGWP	E	434	no
cav	A0ACM8C2W9__Petmar_m4	A0ACM8C2W9__Petmar	4	full		GEAWQ	E	434	no
cav	A0ACM8C3U8__Petmar_m1	A0ACM8C3U8__Petmar	1	full		MEGWT	E	434	no
cav	A0ACM8C3U8__Petmar_m2	A0ACM8C3U8__Petmar	2	full		GEDWN	E	434	no
cav	A0ACM8C3U8__Petmar_m3	A0ACM8C3U8__Petmar	3	full		GEGWP	E	434	no
cav	A0ACM8C3U8__Petmar_m4	A0ACM8C3U8__Petmar	4	full		GEAWQ	E	434	no
cav	A0ACM8Q2V4__Danrer_m1	A0ACM8Q2V4__Danrer	1	full		TESWT	E	434	no
cav	A0ACM8Q2V4__Danrer_m2	A0ACM8Q2V4__Danrer	2	full		GEEWD	E	434	no
cav	A0ACM8Q2V4__Danrer_m3	A0ACM8Q2V4__Danrer	3	full		FEGWP	E	434	no
cav	A0ACM8Q2V4__Danrer_m4	A0ACM8Q2V4__Danrer	4	full		GEQWP	E	434	no
cav	A0BDK4__Partet_m1	A0BDK4__Partet	1	full		VNDWT	N	434	no
cav	A0BDK4__Partet_m2	A0BDK4__Partet	2	full		SDDWY	D	434	no
cav	A0BDK4__Partet_m3	A0BDK4__Partet	3	full		FDLWA	D	434	no
cav	A0BDK4__Partet_m4	A0BDK4__Partet	4	full		ENGWR	N	434	no
cav	A0BJ71__Partet_m1	A0BJ71__Partet	1	full		VNDWT	N	434	no
cav	A0BJ71__Partet_m2	A0BJ71__Partet	2	full		GDDWY	D	434	no
cav	A0BJ71__Partet_m3	A0BJ71__Partet	3	full		LDGWG	D	434	no
cav	A0BJ71__Partet_m4	A0BJ71__Partet	4	full		ENGWR	N	434	no
cav	A0BKE9__Partet_m1	A0BKE9__Partet	1	full		MDDWS	D	434	no
cav	A0BKE9__Partet_m2	A0BKE9__Partet	2	full		NDDWY	D	434	no
cav	A0BKE9__Partet_m3	A0BKE9__Partet	3	full		FDGWG	D	434	no
cav	A0BKE9__Partet_m4	A0BKE9__Partet	4	full		GDDFR	D	434	no
cav	A0BKF4__Partet_m1	A0BKF4__Partet	1	full		MDDWS	D	434	no
cav	A0BKF4__Partet_m2	A0BKF4__Partet	2	full		NDDWY	D	434	no
cav	A0BKF4__Partet_m3	A0BKF4__Partet	3	full		LDGWG	D	434	no
cav	A0BKF4__Partet_m4	A0BKF4__Partet	4	full		GDDWR	D	434	no
cav	A0BW97__Partet_m1	A0BW97__Partet	1	full		MDDWS	D	434	no
cav	A0BW97__Partet_m2	A0BW97__Partet	2	full		NDDWY	D	434	no
cav	A0BW97__Partet_m3	A0BW97__Partet	3	full		FDGWG	D	434	no
cav	A0BW97__Partet_m4	A0BW97__Partet	4	full		GDDWR	D	434	no
cav	A0BXM3__Partet_m1	A0BXM3__Partet	1	full		MDNWT	D	434	no
cav	A0BXM3__Partet_m2	A0BXM3__Partet	2	full		NDDAV	D	434	no
cav	A0BXM3__Partet_m3	A0BXM3__Partet	3	full		LDGWG	D	434	no
cav	A0BXM3__Partet_m4	A0BXM3__Partet	4	full		GDDWR	D	434	no
cav	A0BZH2__Partet_m1	A0BZH2__Partet	1	full		IEGWV	E	434	no
cav	A0BZH2__Partet_m2	A0BZH2__Partet	2	full		SDQWQ	D	434	no
cav	A0BZH2__Partet_m3	A0BZH2__Partet	3	full		GEGWT	E	434	no
cav	A0BZH2__Partet_m4	A0BZH2__Partet	4	full		GQYWS	Q	434	no
cav	A0C5N7__Partet_m1	A0C5N7__Partet	1	full		MDDWT	D	434	no
cav	A0C5N7__Partet_m2	A0C5N7__Partet	2	full		NDDWY	D	434	no
cav	A0C5N7__Partet_m3	A0C5N7__Partet	3	full		FDGWG	D	434	no
cav	A0C5N7__Partet_m4	A0C5N7__Partet	4	full		CDNFR	D	434	no
cav	A0CDM5__Partet_m1	A0CDM5__Partet	1	full		VTGWS	T	434	no
cav	A0CDM5__Partet_m2	A0CDM5__Partet	2	full		NEEWH	E	434	no
cav	A0CDM5__Partet_m3	A0CDM5__Partet	3	full		TEAWL	E	434	no
cav	A0CDM5__Partet_m4	A0CDM5__Partet	4	full		SEQWW	E	434	no
cav	A0CIL4__Partet_m1	A0CIL4__Partet	1	full		MDDWS	D	434	no
cav	A0CIL4__Partet_m2	A0CIL4__Partet	2	full		NDDWY	D	434	no
cav	A0CIL4__Partet_m3	A0CIL4__Partet	3	full		LDGWG	D	434	no
cav	A0CIL4__Partet_m4	A0CIL4__Partet	4	full		GDDWR	D	434	no
cav	A0CIL5__Partet_m1	A0CIL5__Partet	1	full		MDDWS	D	434	no
cav	A0CIL5__Partet_m2	A0CIL5__Partet	2	full		NDDWY	D	434	no
cav	A0CIL5__Partet_m3	A0CIL5__Partet	3	full		FDGWG	D	434	no
cav	A0CIL5__Partet_m4	A0CIL5__Partet	4	full		GDDFR	D	434	no
cav	A0D5W4__Partet_m1	A0D5W4__Partet	1	full		MDNWT	D	434	no
cav	A0D5W4__Partet_m2	A0D5W4__Partet	2	full		NDDAV	D	434	no
cav	A0D5W4__Partet_m3	A0D5W4__Partet	3	full		LDGWG	D	434	no
cav	A0D5W4__Partet_m4	A0D5W4__Partet	4	full		GDDWR	D	434	no
cav	A0DB70__Partet_m1	A0DB70__Partet	1	full		MDNWT	D	434	no
cav	A0DB70__Partet_m2	A0DB70__Partet	2	full		NDDAV	D	434	no
cav	A0DB70__Partet_m3	A0DB70__Partet	3	full		LDAWG	D	434	no
cav	A0DB70__Partet_m4	A0DB70__Partet	4	full		GDDWR	D	434	no
cav	A0DI39__Partet_m1	A0DI39__Partet	1	full		MDDWS	D	434	no
cav	A0DI39__Partet_m2	A0DI39__Partet	2	full		NDDWY	D	434	no
cav	A0DI39__Partet_m3	A0DI39__Partet	3	full		FDGWG	D	434	no
cav	A0DI39__Partet_m4	A0DI39__Partet	4	full		GDDWR	D	434	no
cav	A0DI68__Partet_m1	A0DI68__Partet	1	full		MDDWT	D	434	no
cav	A0DI68__Partet_m2	A0DI68__Partet	2	full		NDDWY	D	434	no
cav	A0DI68__Partet_m3	A0DI68__Partet	3	full		FDGWG	D	434	no
cav	A0DI68__Partet_m4	A0DI68__Partet	4	full		CDNFR	D	434	no
cav	A0DX61__Partet_m1	A0DX61__Partet	1	full		FNEWT	N	434	no
cav	A0DX61__Partet_m2	A0DX61__Partet	2	full		NDDWI	D	434	no
cav	A0DX61__Partet_m3	A0DX61__Partet	3	full		CDEWV	D	434	no
cav	A0DX61__Partet_m4	A0DX61__Partet	4	full		KNNWV	N	434	no
cav	A7RNU9__Nemvec_m1	A7RNU9__Nemvec	1	full		LEGWT	E	434	no
cav	A7RNU9__Nemvec_m2	A7RNU9__Nemvec	2	full		GEDWN	E	434	no
cav	A7RNU9__Nemvec_m3	A7RNU9__Nemvec	3	full		FEGWP	E	434	no
cav	A7RNU9__Nemvec_m4	A7RNU9__Nemvec	4	full		GENWQ	E	434	no
cav	A7SHI0__Nemvec_m1	A7SHI0__Nemvec	1	full		LEGWT	E	434	no
cav	A7SHI0__Nemvec_m2	A7SHI0__Nemvec	2	full		QEDWN	E	434	no
cav	A7SHI0__Nemvec_m3	A7SHI0__Nemvec	3	full		KDGWV	D	434	no
cav	A7SHI0__Nemvec_m4	A7SHI0__Nemvec	4	full		GDNWN	D	434	no
cav	B3RIC6__Triadh_m1	B3RIC6__Triadh	1	full		MEGWT	E	434	no
cav	B3RIC6__Triadh_m2	B3RIC6__Triadh	2	full		GEDWN	E	434	no
cav	B3RIC6__Triadh_m3	B3RIC6__Triadh	3	full		FEGWP	E	434	no
cav	B3RIC6__Triadh_m4	B3RIC6__Triadh	4	full		GENWQ	E	434	no
cav	B3RN16__Triadh_m1	B3RN16__Triadh	1	full		LEGWT	E	434	no
cav	B3RN16__Triadh_m2	B3RN16__Triadh	2	full		GEDWN	E	434	no
cav	B3RN16__Triadh_m3	B3RN16__Triadh	3	full		DNSFI	N	434	no
cav	B3RN16__Triadh_m4	B3RN16__Triadh	4	full		GENWP	E	434	no
cav	B3RPW0__Triadh_m1	B3RPW0__Triadh	1	full		LEAWV	E	434	no
cav	B3RPW0__Triadh_m2	B3RPW0__Triadh	2	full		QEDWN	E	434	no
cav	B3RPW0__Triadh_m3	B3RPW0__Triadh	3	full		KDGWM	D	434	no
cav	B3RPW0__Triadh_m4	B3RPW0__Triadh	4	full		GDNWQ	D	434	no
cav	E9FTR1__Dappul_m1	E9FTR1__Dappul	1	full		LEGWT	E	434	no
cav	E9FTR1__Dappul_m2	E9FTR1__Dappul	2	full		GEDWN	E	434	no
cav	E9FTR1__Dappul_m3	E9FTR1__Dappul	3	full		FEGWP	E	434	no
cav	E9FTR1__Dappul_m4	E9FTR1__Dappul	4	full		GEAWQ	E	434	no
cav	E9HRP6__Dappul_m1	E9HRP6__Dappul	1	full		MEGWT	E	434	no
cav	E9HRP6__Dappul_m2	E9HRP6__Dappul	2	full		GEDWN	E	434	no
cav	E9HRP6__Dappul_m3	E9HRP6__Dappul	3	full		GEGWP	E	434	no
cav	E9HRP6__Dappul_m4	E9HRP6__Dappul	4	full		GEAWP	E	434	no
cav	E9Q7P2__Musmus_m1	E9Q7P2__Musmus	1	full		LEGWV	E	434	no
cav	E9Q7P2__Musmus_m2	E9Q7P2__Musmus	2	full		QEDWN	E	434	no
cav	E9Q7P2__Musmus_m3	E9Q7P2__Musmus	3	full		KDGWV	D	434	no
cav	E9Q7P2__Musmus_m4	E9Q7P2__Musmus	4	full		GDNWN	D	434	no
cav	F1NFD4__Galgal_m1	F1NFD4__Galgal	1	full		MEGWT	E	434	no
cav	F1NFD4__Galgal_m2	F1NFD4__Galgal	2	full		GEDWN	E	434	no
cav	F1NFD4__Galgal_m3	F1NFD4__Galgal	3	full		GEGWP	E	434	no
cav	F1NFD4__Galgal_m4	F1NFD4__Galgal	4	full		GEAWQ	E	434	no
cav	F6Q8W5__Cioint_m1	F6Q8W5__Cioint	1	full		MEGWT	E	434	no
cav	F6Q8W5__Cioint_m2	F6Q8W5__Cioint	2	full		GEDWN	E	434	no
cav	F6Q8W5__Cioint_m3	F6Q8W5__Cioint	3	full		GEGWP	E	434	no
cav	F6Q8W5__Cioint_m4	F6Q8W5__Cioint	4	full		GEAWQ	E	434	no
cav	F6SKF5__Cioint_m1	F6SKF5__Cioint	1	full		LEGWV	E	434	no
cav	F6SKF5__Cioint_m2	F6SKF5__Cioint	2	full		QEDWN	E	434	no
cav	F6SKF5__Cioint_m3	F6SKF5__Cioint	3	full		KDGWV	D	434	no
cav	F6SKF5__Cioint_m4	F6SKF5__Cioint	4	full		GDNWN	D	434	no
cav	F6X5E1__Cioint_m1	F6X5E1__Cioint	1	full		MEGWT	E	434	no
cav	F6X5E1__Cioint_m2	F6X5E1__Cioint	2	full		GEDWN	E	434	no
cav	F6X5E1__Cioint_m3	F6X5E1__Cioint	3	full		FEGWP	E	434	no
cav	F6X5E1__Cioint_m4	F6X5E1__Cioint	4	full		GESWQ	E	434	no
cav	F7AXC5__Mondom_m1	F7AXC5__Mondom	1	full		MEGWT	E	434	no
cav	F7AXC5__Mondom_m2	F7AXC5__Mondom	2	full		GEDWN	E	434	no
cav	F7AXC5__Mondom_m3	F7AXC5__Mondom	3	full		FEGWP	E	434	no
cav	F7AXC5__Mondom_m4	F7AXC5__Mondom	4	full		GEAWQ	E	434	no
cav	F7CX37__Mondom_m1	F7CX37__Mondom	1	full		MEGWT	E	434	no
cav	F7CX37__Mondom_m2	F7CX37__Mondom	2	full		GEDWN	E	434	no
cav	F7CX37__Mondom_m3	F7CX37__Mondom	3	full		GEGWP	E	434	no
cav	F7CX37__Mondom_m4	F7CX37__Mondom	4	full		GEAWQ	E	434	no
cav	F7DM64__Ornana_m1	F7DM64__Ornana	1	full		MESWT	E	434	no
cav	F7DM64__Ornana_m2	F7DM64__Ornana	2	full		GEDWN	E	434	no
cav	F7DM64__Ornana_m3	F7DM64__Ornana	3	full		FEGWP	E	434	no
cav	F7DM64__Ornana_m4	F7DM64__Ornana	4	full		GEAWQ	E	434	no
cav	F7G4I5__Mondom_m1	F7G4I5__Mondom	1	full		MEGWT	E	434	no
cav	F7G4I5__Mondom_m2	F7G4I5__Mondom	2	full		GF---	F	434	no
cav	F7G4I5__Mondom_m3	F7G4I5__Mondom	3	full		GEGWP	E	434	no
cav	F7G4I5__Mondom_m4	F7G4I5__Mondom	4	full		GEAWH	E	434	no
cav	G1KJH5__Anocar_m1	G1KJH5__Anocar	1	full		MEGWT	E	434	no
cav	G1KJH5__Anocar_m2	G1KJH5__Anocar	2	full		GEDWT	E	434	no
cav	G1KJH5__Anocar_m3	G1KJH5__Anocar	3	full		FEGWP	E	434	no
cav	G1KJH5__Anocar_m4	G1KJH5__Anocar	4	full		GEGWQ	E	434	no
cav	G1KLA9__Anocar_m1	G1KLA9__Anocar	1	full		MEGWT	E	434	no
cav	G1KLA9__Anocar_m2	G1KLA9__Anocar	2	full		GEDWN	E	434	no
cav	G1KLA9__Anocar_m3	G1KLA9__Anocar	3	full		FE---	E	434	no
cav	G1KLA9__Anocar_m4	G1KLA9__Anocar	4	absent					no
cav	G1KNS0__Anocar_m1	G1KNS0__Anocar	1	full		MEGWT	E	434	no
cav	G1KNS0__Anocar_m2	G1KNS0__Anocar	2	full		GEDWN	E	434	no
cav	G1KNS0__Anocar_m3	G1KNS0__Anocar	3	full		FEGWP	E	434	no
cav	G1KNS0__Anocar_m4	G1KNS0__Anocar	4	full		GEAWQ	E	434	no
cav	G3V9W8__Ratnor_m1	G3V9W8__Ratnor	1	full		MEGWT	E	434	no
cav	G3V9W8__Ratnor_m2	G3V9W8__Ratnor	2	full		GEDWN	E	434	no
cav	G3V9W8__Ratnor_m3	G3V9W8__Ratnor	3	full		FEGWP	E	434	no
cav	G3V9W8__Ratnor_m4	G3V9W8__Ratnor	4	full		GEAWQ	E	434	no
cav	G8JY72__Caeele_m1	G8JY72__Caeele	1	full		LEGWT	E	434	no
cav	G8JY72__Caeele_m2	G8JY72__Caeele	2	full		QEDWN	E	434	no
cav	G8JY72__Caeele_m3	G8JY72__Caeele	3	full		KDGWV	D	434	no
cav	G8JY72__Caeele_m4	G8JY72__Caeele	4	full		GDNWN	D	434	no
cav	H2RZU8__Takrub_m1	H2RZU8__Takrub	1	full		MEGWT	E	434	no
cav	H2RZU8__Takrub_m2	H2RZU8__Takrub	2	full		GEDWN	E	434	no
cav	H2RZU8__Takrub_m3	H2RZU8__Takrub	3	full		GEGWP	E	434	no
cav	H2RZU8__Takrub_m4	H2RZU8__Takrub	4	full		GEAWH	E	434	no
cav	H2SUM0__Takrub_m1	H2SUM0__Takrub	1	full		MEGWV	E	434	no
cav	H2SUM0__Takrub_m2	H2SUM0__Takrub	2	full		GEDWN	E	434	no
cav	H2SUM0__Takrub_m3	H2SUM0__Takrub	3	full		GEGWP	E	434	no
cav	H2SUM0__Takrub_m4	H2SUM0__Takrub	4	full		GEAWH	E	434	no
cav	H2T0F2__Takrub_m1	H2T0F2__Takrub	1	full		LEGWV	E	434	no
cav	H2T0F2__Takrub_m2	H2T0F2__Takrub	2	full		QEDWN	E	434	no
cav	H2T0F2__Takrub_m3	H2T0F2__Takrub	3	full		KDGWV	D	434	no
cav	H2T0F2__Takrub_m4	H2T0F2__Takrub	4	full		GDNWN	D	434	no
cav	H2UWT8__Takrub_m1	H2UWT8__Takrub	1	full		MEGWT	E	434	no
cav	H2UWT8__Takrub_m2	H2UWT8__Takrub	2	full		GEDWN	E	434	no
cav	H2UWT8__Takrub_m3	H2UWT8__Takrub	3	full		FEGWP	E	434	no
cav	H2UWT8__Takrub_m4	H2UWT8__Takrub	4	full		GEAWQ	E	434	no
cav	H2V4A0__Takrub_m1	H2V4A0__Takrub	1	full		LEGWV	E	434	no
cav	H2V4A0__Takrub_m2	H2V4A0__Takrub	2	full		QEDWN	E	434	no
cav	H2V4A0__Takrub_m3	H2V4A0__Takrub	3	full		KDGWV	D	434	no
cav	H2V4A0__Takrub_m4	H2V4A0__Takrub	4	full		GDNWN	D	434	no
cav	H3A6R0__Latcha_m1	H3A6R0__Latcha	1	absent					no
cav	H3A6R0__Latcha_m2	H3A6R0__Latcha	2	full		GEDWN	E	434	no
cav	H3A6R0__Latcha_m3	H3A6R0__Latcha	3	full		GEGWP	E	434	no
cav	H3A6R0__Latcha_m4	H3A6R0__Latcha	4	full		GEAWH	E	434	no
cav	H3AD48__Latcha_m1	H3AD48__Latcha	1	full		MEGWT	E	434	no
cav	H3AD48__Latcha_m2	H3AD48__Latcha	2	full		GEDWN	E	434	no
cav	H3AD48__Latcha_m3	H3AD48__Latcha	3	full		FEGWP	E	434	no
cav	H3AD48__Latcha_m4	H3AD48__Latcha	4	partial					no
cav	H3AD80__Latcha_m1	H3AD80__Latcha	1	full		LEGWV	E	434	no
cav	H3AD80__Latcha_m2	H3AD80__Latcha	2	full		QEDWN	E	434	no
cav	H3AD80__Latcha_m3	H3AD80__Latcha	3	full		KDGWV	D	434	no
cav	H3AD80__Latcha_m4	H3AD80__Latcha	4	full		GDNWN	D	434	no
cav	H3AH42__Latcha_m1	H3AH42__Latcha	1	partial					no
cav	H3AH42__Latcha_m2	H3AH42__Latcha	2	full		QEDWN	E	434	no
cav	H3AH42__Latcha_m3	H3AH42__Latcha	3	full		KDGWV	D	434	no
cav	H3AH42__Latcha_m4	H3AH42__Latcha	4	full		GDNWN	D	434	no
cav	H3ATC4__Latcha_m1	H3ATC4__Latcha	1	full		MEGWT	E	434	no
cav	H3ATC4__Latcha_m2	H3ATC4__Latcha	2	full		GEDWN	E	434	no
cav	H3ATC4__Latcha_m3	H3ATC4__Latcha	3	full		GEGWP	E	434	no
cav	H3ATC4__Latcha_m4	H3ATC4__Latcha	4	full		GEAWH	E	434	no
cav	H3ATD9__Latcha_m1	H3ATD9__Latcha	1	full		MEGWT	E	434	no
cav	H3ATD9__Latcha_m2	H3ATD9__Latcha	2	full		GEDWN	E	434	no
cav	H3ATD9__Latcha_m3	H3ATD9__Latcha	3	full		FEGWP	E	434	no
cav	H3ATD9__Latcha_m4	H3ATD9__Latcha	4	full		GEAWQ	E	434	no
cav	H3AUU1__Latcha_m1	H3AUU1__Latcha	1	full		MEGWT	E	434	no
cav	H3AUU1__Latcha_m2	H3AUU1__Latcha	2	full		GEDWN	E	434	no
cav	H3AUU1__Latcha_m3	H3AUU1__Latcha	3	full		GEGWP	E	434	no
cav	H3AUU1__Latcha_m4	H3AUU1__Latcha	4	full		GEAWQ	E	434	no
cav	H3BA90__Latcha_m1	H3BA90__Latcha	1	full		MEGWT	E	434	no
cav	H3BA90__Latcha_m2	H3BA90__Latcha	2	full		GEDWN	E	434	no
cav	H3BA90__Latcha_m3	H3BA90__Latcha	3	full		FEGWP	E	434	no
cav	H3BA90__Latcha_m4	H3BA90__Latcha	4	full		GEAWQ	E	434	no
cav	H3BDR9__Latcha_m1	H3BDR9__Latcha	1	full		MEGWT	E	434	no
cav	H3BDR9__Latcha_m2	H3BDR9__Latcha	2	full		GEDWN	E	434	no
cav	H3BDR9__Latcha_m3	H3BDR9__Latcha	3	full		FEGWP	E	434	no
cav	H3BDR9__Latcha_m4	H3BDR9__Latcha	4	full		GEAWQ	E	434	no
cav	I7MGB5__Tetthe_m1	I7MGB5__Tetthe	1	full		SIGWS	I	434	no
cav	I7MGB5__Tetthe_m2	I7MGB5__Tetthe	2	full		NEEWH	E	434	no
cav	I7MGB5__Tetthe_m3	I7MGB5__Tetthe	3	full		CEGWS	E	434	no
cav	I7MGB5__Tetthe_m4	I7MGB5__Tetthe	4	full		SEFWF	E	434	no
cav	M9PGH9__Dromel_m1	M9PGH9__Dromel	1	full		LEGWT	E	434	no
cav	M9PGH9__Dromel_m2	M9PGH9__Dromel	2	full		QEDWN	E	434	no
cav	M9PGH9__Dromel_m3	M9PGH9__Dromel	3	full		RDGWV	D	434	no
cav	M9PGH9__Dromel_m4	M9PGH9__Dromel	4	full		GDNWN	D	434	no
cav	Q22YS7__Tetthe_m1	Q22YS7__Tetthe	1	full		VNGWS	N	434	no
cav	Q22YS7__Tetthe_m2	Q22YS7__Tetthe	2	full		DEEWH	E	434	no
cav	Q22YS7__Tetthe_m3	Q22YS7__Tetthe	3	full		SEGWT	E	434	no
cav	Q22YS7__Tetthe_m4	Q22YS7__Tetthe	4	full		SELWF	E	434	no
cav	Q23FG9__Tetthe_m1	Q23FG9__Tetthe	1	full		LEGWT	E	434	no
cav	Q23FG9__Tetthe_m2	Q23FG9__Tetthe	2	full		IENWN	E	434	no
cav	Q23FG9__Tetthe_m3	Q23FG9__Tetthe	3	full		LEGWP	E	434	no
cav	Q23FG9__Tetthe_m4	Q23FG9__Tetthe	4	full		GENWY	E	434	no
cav	Q5SUF7__Musmus_m1	Q5SUF7__Musmus	1	full		LEGWV	E	434	no
cav	Q5SUF7__Musmus_m2	Q5SUF7__Musmus	2	full		QEDWN	E	434	no
cav	Q5SUF7__Musmus_m3	Q5SUF7__Musmus	3	full		KDGWV	D	434	no
cav	Q5SUF7__Musmus_m4	Q5SUF7__Musmus	4	full		GDNWN	D	434	no
cav	Q8MQA1__Caeele_m1	Q8MQA1__Caeele	1	full		LEGWT	E	434	no
cav	Q8MQA1__Caeele_m2	Q8MQA1__Caeele	2	full		GEDWN	E	434	no
cav	Q8MQA1__Caeele_m3	Q8MQA1__Caeele	3	full		FEGWP	E	434	no
cav	Q8MQA1__Caeele_m4	Q8MQA1__Caeele	4	full		GEAWQ	E	434	no
cav	V3ZSQ2__Lotgig_m1	V3ZSQ2__Lotgig	1	full		LESWV	E	434	no
cav	V3ZSQ2__Lotgig_m2	V3ZSQ2__Lotgig	2	full		QEDWN	E	434	no
cav	V3ZSQ2__Lotgig_m3	V3ZSQ2__Lotgig	3	full		KDGWV	D	434	no
cav	V3ZSQ2__Lotgig_m4	V3ZSQ2__Lotgig	4	full		GDNWN	D	434	no
cav	V4BRF3__Lotgig_m1	V4BRF3__Lotgig	1	full		MEGWT	E	434	no
cav	V4BRF3__Lotgig_m2	V4BRF3__Lotgig	2	full		GEDWN	E	434	no
cav	V4BRF3__Lotgig_m3	V4BRF3__Lotgig	3	full		FEGWP	E	434	no
cav	V4BRF3__Lotgig_m4	V4BRF3__Lotgig	4	full		GEAWQ	E	434	no
cav	GCA_964187895.1_OZ076460.1_64483513-65491245-__Corasp_m1	GCA_964187895.1_OZ076460.1_64483513-65491245-__Corasp	1	full		MEGWT	E	434	no
cav	GCA_964187895.1_OZ076460.1_64483513-65491245-__Corasp_m2	GCA_964187895.1_OZ076460.1_64483513-65491245-__Corasp	2	full		GEDWN	E	434	no
cav	GCA_964187895.1_OZ076460.1_64483513-65491245-__Corasp_m3	GCA_964187895.1_OZ076460.1_64483513-65491245-__Corasp	3	full		GEGWP	E	434	no
cav	GCA_964187895.1_OZ076460.1_64483513-65491245-__Corasp_m4	GCA_964187895.1_OZ076460.1_64483513-65491245-__Corasp	4	full		GEAWQ	E	434	no
cav	GCA_964187895.1_OZ076450.1_89941935-90890692___Corasp_m1	GCA_964187895.1_OZ076450.1_89941935-90890692___Corasp	1	full		MEGWT	E	434	no
cav	GCA_964187895.1_OZ076450.1_89941935-90890692___Corasp_m2	GCA_964187895.1_OZ076450.1_89941935-90890692___Corasp	2	full		GEDWN	E	434	no
cav	GCA_964187895.1_OZ076450.1_89941935-90890692___Corasp_m3	GCA_964187895.1_OZ076450.1_89941935-90890692___Corasp	3	full		GEGWP	E	434	no
cav	GCA_964187895.1_OZ076450.1_89941935-90890692___Corasp_m4	GCA_964187895.1_OZ076450.1_89941935-90890692___Corasp	4	full		GEAWQ	E	434	no
cav	GCA_964187895.1_OZ076447.1_136940437-138624824___Corasp_m1	GCA_964187895.1_OZ076447.1_136940437-138624824___Corasp	1	full		LESWV	E	434	no
cav	GCA_964187895.1_OZ076447.1_136940437-138624824___Corasp_m2	GCA_964187895.1_OZ076447.1_136940437-138624824___Corasp	2	full		QEDWN	E	434	no
cav	GCA_964187895.1_OZ076447.1_136940437-138624824___Corasp_m3	GCA_964187895.1_OZ076447.1_136940437-138624824___Corasp	3	full		KDGWV	D	434	no
cav	GCA_964187895.1_OZ076447.1_136940437-138624824___Corasp_m4	GCA_964187895.1_OZ076447.1_136940437-138624824___Corasp	4	full		GDNWN	D	434	no
cav	GCA_977017645.1_OZ360233.1_52728737-53939254___Tormar_m1	GCA_977017645.1_OZ360233.1_52728737-53939254___Tormar	1	full		MEGWT	E	434	no
cav	GCA_977017645.1_OZ360233.1_52728737-53939254___Tormar_m2	GCA_977017645.1_OZ360233.1_52728737-53939254___Tormar	2	full		GEDWN	E	434	no
cav	GCA_977017645.1_OZ360233.1_52728737-53939254___Tormar_m3	GCA_977017645.1_OZ360233.1_52728737-53939254___Tormar	3	full		FEGWP	E	434	no
cav	GCA_977017645.1_OZ360233.1_52728737-53939254___Tormar_m4	GCA_977017645.1_OZ360233.1_52728737-53939254___Tormar	4	full		GEAWQ	E	434	no
nalcn	Q6Q760__Ratnor_m1	Q6Q760__Ratnor	1	full		QEGWV	E	434	no
nalcn	Q6Q760__Ratnor_m2	Q6Q760__Ratnor	2	full		QEGWV	E	434	no
nalcn	Q6Q760__Ratnor_m3	Q6Q760__Ratnor	3	full		LKGWV	K	434	no
nalcn	Q6Q760__Ratnor_m4	Q6Q760__Ratnor	4	full		GEDWN	E	434	no
nalcn	Q8BXR5__Musmus_m1	Q8BXR5__Musmus	1	full		QEGWV	E	434	no
nalcn	Q8BXR5__Musmus_m2	Q8BXR5__Musmus	2	full		QEGWV	E	434	no
nalcn	Q8BXR5__Musmus_m3	Q8BXR5__Musmus	3	full		LKGWV	K	434	no
nalcn	Q8BXR5__Musmus_m4	Q8BXR5__Musmus	4	full		GEDWN	E	434	no
nalcn	Q8IZF0__Homsap_m1	Q8IZF0__Homsap	1	full		QEGWV	E	434	no
nalcn	Q8IZF0__Homsap_m2	Q8IZF0__Homsap	2	full		QEGWV	E	434	no
nalcn	Q8IZF0__Homsap_m3	Q8IZF0__Homsap	3	full		LKGWV	K	434	no
nalcn	Q8IZF0__Homsap_m4	Q8IZF0__Homsap	4	full		GEDWN	E	434	no
nalcn	A0A4W3GNL9__Calmil_m1	A0A4W3GNL9__Calmil	1	full		QEGWV	E	434	no
nalcn	A0A4W3GNL9__Calmil_m2	A0A4W3GNL9__Calmil	2	full		QEGWV	E	434	no
nalcn	A0A4W3GNL9__Calmil_m3	A0A4W3GNL9__Calmil	3	full		LKGWV	K	434	no
nalcn	A0A4W3GNL9__Calmil_m4	A0A4W3GNL9__Calmil	4	full		GEDWN	E	434	no
nalcn	A0A674NZF7__Takrub_m1	A0A674NZF7__Takrub	1	full		QEGWV	E	434	no
nalcn	A0A674NZF7__Takrub_m2	A0A674NZF7__Takrub	2	full		QEGWI	E	434	no
nalcn	A0A674NZF7__Takrub_m3	A0A674NZF7__Takrub	3	full		LKGWV	K	434	no
nalcn	A0A674NZF7__Takrub_m4	A0A674NZF7__Takrub	4	full		GEDWN	E	434	no
nalcn	A0A6I8RAR9__Xentro_m1	A0A6I8RAR9__Xentro	1	full		QEGWV	E	434	no
nalcn	A0A6I8RAR9__Xentro_m2	A0A6I8RAR9__Xentro	2	full		QEGWV	E	434	no
nalcn	A0A6I8RAR9__Xentro_m3	A0A6I8RAR9__Xentro	3	full		LKGWV	K	434	no
nalcn	A0A6I8RAR9__Xentro_m4	A0A6I8RAR9__Xentro	4	full		GEDWN	E	434	no
nalcn	A0A7M7NPU0__Strpur_m1	A0A7M7NPU0__Strpur	1	full		LEGWV	E	434	no
nalcn	A0A7M7NPU0__Strpur_m2	A0A7M7NPU0__Strpur	2	full		QKGWA	K	434	no
nalcn	A0A7M7NPU0__Strpur_m3	A0A7M7NPU0__Strpur	3	full		LEGWL	E	434	no
nalcn	A0A7M7NPU0__Strpur_m4	A0A7M7NPU0__Strpur	4	full		GEDWN	E	434	no
nalcn	A0A8M2BF56__Danrer_m1	A0A8M2BF56__Danrer	1	full		QEGWV	E	434	no
nalcn	A0A8M2BF56__Danrer_m2	A0A8M2BF56__Danrer	2	full		QEGWV	E	434	no
nalcn	A0A8M2BF56__Danrer_m3	A0A8M2BF56__Danrer	3	full		LKGWV	K	434	no
nalcn	A0A8M2BF56__Danrer_m4	A0A8M2BF56__Danrer	4	full		GEDWN	E	434	no
nalcn	A0AAJ7XH90__Petmar_m1	A0AAJ7XH90__Petmar	1	full		QEGWV	E	434	no
nalcn	A0AAJ7XH90__Petmar_m2	A0AAJ7XH90__Petmar	2	full		QEGWV	E	434	no
nalcn	A0AAJ7XH90__Petmar_m3	A0AAJ7XH90__Petmar	3	full		LKGWV	K	434	no
nalcn	A0AAJ7XH90__Petmar_m4	A0AAJ7XH90__Petmar	4	full		GEDWN	E	434	no
nalcn	A0ABM0ZUK7__Aplcal_m1	A0ABM0ZUK7__Aplcal	1	full		QEGWV	E	434	no
nalcn	A0ABM0ZUK7__Aplcal_m2	A0ABM0ZUK7__Aplcal	2	full		QKGWI	K	434	no
nalcn	A0ABM0ZUK7__Aplcal_m3	A0ABM0ZUK7__Aplcal	3	full		LEGWL	E	434	no
nalcn	A0ABM0ZUK7__Aplcal_m4	A0ABM0ZUK7__Aplcal	4	full		GEDWN	E	434	no
nalcn	A7RTZ7__Nemvec_m1	A7RTZ7__Nemvec	1	full		QEGWV	E	434	no
nalcn	A7RTZ7__Nemvec_m2	A7RTZ7__Nemvec	2	full		QDGWV	D	434	no
nalcn	A7RTZ7__Nemvec_m3	A7RTZ7__Nemvec	3	full		LEGWL	E	434	no
nalcn	A7RTZ7__Nemvec_m4	A7RTZ7__Nemvec	4	full		GEDWN	E	434	no
nalcn	A8JUW5__Dromel_m1	A8JUW5__Dromel	1	full		QEGWV	E	434	no
nalcn	A8JUW5__Dromel_m2	A8JUW5__Dromel	2	full		QEAWV	E	434	no
nalcn	A8JUW5__Dromel_m3	A8JUW5__Dromel	3	full		FKGWL	K	434	no
nalcn	A8JUW5__Dromel_m4	A8JUW5__Dromel	4	full		GEDWN	E	434	no
nalcn	B3RI47__Triadh_m1	B3RI47__Triadh	1	full		LEGWV	E	434	no
nalcn	B3RI47__Triadh_m2	B3RI47__Triadh	2	full		QEGWP	E	434	no
nalcn	B3RI47__Triadh_m3	B3RI47__Triadh	3	full		LEGWT	E	434	no
nalcn	B3RI47__Triadh_m4	B3RI47__Triadh	4	absent					no
nalcn	E1BSL8__Galgal_m1	E1BSL8__Galgal	1	full		QEGWV	E	434	no
nalcn	E1BSL8__Galgal_m2	E1BSL8__Galgal	2	full		QEGWV	E	434	no
nalcn	E1BSL8__Galgal_m3	E1BSL8__Galgal	3	full		LKGWV	K	434	no
nalcn	E1BSL8__Galgal_m4	E1BSL8__Galgal	4	full		GEDWN	E	434	no
nalcn	E9H0I3__Dappul_m1	E9H0I3__Dappul	1	full		QEGWV	E	434	no
nalcn	E9H0I3__Dappul_m2	E9H0I3__Dappul	2	full		QEAWV	E	434	no
nalcn	E9H0I3__Dappul_m3	E9H0I3__Dappul	3	full		FKGWL	K	434	no
nalcn	E9H0I3__Dappul_m4	E9H0I3__Dappul	4	full		GEDWY	E	434	no
nalcn	F7ADE7__Mondom_m1	F7ADE7__Mondom	1	full		QEGWV	E	434	no
nalcn	F7ADE7__Mondom_m2	F7ADE7__Mondom	2	full		QEGWV	E	434	no
nalcn	F7ADE7__Mondom_m3	F7ADE7__Mondom	3	full		LKGWV	K	434	no
nalcn	F7ADE7__Mondom_m4	F7ADE7__Mondom	4	full		GEDWN	E	434	no
nalcn	F7CU75__Ornana_m1	F7CU75__Ornana	1	full		QEGWV	E	434	no
nalcn	F7CU75__Ornana_m2	F7CU75__Ornana	2	full		QEGWV	E	434	no
nalcn	F7CU75__Ornana_m3	F7CU75__Ornana	3	full		LKGWV	K	434	no
nalcn	F7CU75__Ornana_m4	F7CU75__Ornana	4	full		GEDWN	E	434	no
nalcn	G1KVE7__Anocar_m1	G1KVE7__Anocar	1	full		QEGWV	E	434	no
nalcn	G1KVE7__Anocar_m2	G1KVE7__Anocar	2	full		QEGWV	E	434	no
nalcn	G1KVE7__Anocar_m3	G1KVE7__Anocar	3	full		LKGWV	K	434	no
nalcn	G1KVE7__Anocar_m4	G1KVE7__Anocar	4	full		GEDWN	E	434	no
nalcn	G5EDM1__Caeele_m1	G5EDM1__Caeele	1	full		QEGWV	E	434	no
nalcn	G5EDM1__Caeele_m2	G5EDM1__Caeele	2	full		QEGWT	E	434	no
nalcn	G5EDM1__Caeele_m3	G5EDM1__Caeele	3	full		YKGWN	K	434	no
nalcn	G5EDM1__Caeele_m4	G5EDM1__Caeele	4	full		GEDWN	E	434	no
nalcn	V4ASM1__Lotgig_m1	V4ASM1__Lotgig	1	absent					no
nalcn	V4ASM1__Lotgig_m2	V4ASM1__Lotgig	2	full		QKGWI	K	434	no
nalcn	V4ASM1__Lotgig_m3	V4ASM1__Lotgig	3	full		LEGWL	E	434	no
nalcn	V4ASM1__Lotgig_m4	V4ASM1__Lotgig	4	full		GEDWN	E	434	no
nalcn	V6CKM5__Caeele_m1	V6CKM5__Caeele	1	full		EEGWV	E	434	no
nalcn	V6CKM5__Caeele_m2	V6CKM5__Caeele	2	full		QEGWT	E	434	no
nalcn	V6CKM5__Caeele_m3	V6CKM5__Caeele	3	full		FKGWN	K	434	no
nalcn	V6CKM5__Caeele_m4	V6CKM5__Caeele	4	full		GEDWN	E	434	no
nalcn	GCA_000224145.2_HT000008.2_5606980-5741671___Cioint_m1	GCA_000224145.2_HT000008.2_5606980-5741671___Cioint	1	full		QEGWV	E	434	no
nalcn	GCA_000224145.2_HT000008.2_5606980-5741671___Cioint_m2	GCA_000224145.2_HT000008.2_5606980-5741671___Cioint	2	full		QEGWI	E	434	no
nalcn	GCA_000224145.2_HT000008.2_5606980-5741671___Cioint_m3	GCA_000224145.2_HT000008.2_5606980-5741671___Cioint	3	full		LKGWI	K	434	no
nalcn	GCA_000224145.2_HT000008.2_5606980-5741671___Cioint_m4	GCA_000224145.2_HT000008.2_5606980-5741671___Cioint	4	full		GEDWN	E	434	no
nalcn	GCA_964187895.1_OZ076459.1_46324261-47767439___Corasp_m1	GCA_964187895.1_OZ076459.1_46324261-47767439___Corasp	1	full		QEGWV	E	434	no
nalcn	GCA_964187895.1_OZ076459.1_46324261-47767439___Corasp_m2	GCA_964187895.1_OZ076459.1_46324261-47767439___Corasp	2	full		SEGWI	E	434	no
nalcn	GCA_964187895.1_OZ076459.1_46324261-47767439___Corasp_m3	GCA_964187895.1_OZ076459.1_46324261-47767439___Corasp	3	full		LEGWL	E	434	no
nalcn	GCA_964187895.1_OZ076459.1_46324261-47767439___Corasp_m4	GCA_964187895.1_OZ076459.1_46324261-47767439___Corasp	4	full		GEDWN	E	434	no
nalcn	GCA_977017645.1_OZ360226.1_27460530-28606203___Tormar_m1	GCA_977017645.1_OZ360226.1_27460530-28606203___Tormar	1	full		QEGWV	E	434	no
nalcn	GCA_977017645.1_OZ360226.1_27460530-28606203___Tormar_m2	GCA_977017645.1_OZ360226.1_27460530-28606203___Tormar	2	full		QEGWV	E	434	no
nalcn	GCA_977017645.1_OZ360226.1_27460530-28606203___Tormar_m3	GCA_977017645.1_OZ360226.1_27460530-28606203___Tormar	3	full		LKGWV	K	434	no
nalcn	GCA_977017645.1_OZ360226.1_27460530-28606203___Tormar_m4	GCA_977017645.1_OZ360226.1_27460530-28606203___Tormar	4	full		GEDWN	E	434	no
catsper	A2ARP9__Musmus	A2ARP9__Musmus	1	full		LDHWY	D	434	no
catsper	Q6AXP6__Ratnor	Q6AXP6__Ratnor	1	full		LDHWY	D	434	no
catsper	Q7RTX7__Homsap	Q7RTX7__Homsap	1	full		QDGWV	D	434	no
catsper	Q80W99__Musmus	Q80W99__Musmus	1	full		VDGWT	D	434	no
catsper	Q86XQ3__Homsap	Q86XQ3__Homsap	1	full		VDGWT	D	434	no
catsper	Q8BVN3__Musmus	Q8BVN3__Musmus	1	full		QDGWL	D	434	no
catsper	Q8NEC5__Homsap	Q8NEC5__Homsap	1	full		LDDWS	D	434	no
catsper	Q91ZR5__Musmus	Q91ZR5__Musmus	1	full		LDDWS	D	434	no
catsper	Q96P56__Homsap	Q96P56__Homsap	1	full		LDHWY	D	434	no
catsper	A0A1X7U8D4__Ampque	A0A1X7U8D4__Ampque	1	full		LDGWT	D	434	no
catsper	A0A1X7UVE0__Ampque	A0A1X7UVE0__Ampque	1	full		FEGWH	E	434	no
catsper	A0A4W3GN01__Calmil	A0A4W3GN01__Calmil	1	full		LDHWY	D	434	no
catsper	A0A4W3HBM0__Calmil	A0A4W3HBM0__Calmil	1	full		VDHWT	D	434	no
catsper	A0A5F8GRG6__Mondom	A0A5F8GRG6__Mondom	1	full		LDDWS	D	434	no
catsper	A0A6I8MXW2__Ornana	A0A6I8MXW2__Ornana	1	full		VDGWT	D	434	no
catsper	A0A6I8NAW1__Ornana	A0A6I8NAW1__Ornana	1	full		MDHWY	D	434	no
catsper	A0A6I8NVB3__Ornana	A0A6I8NVB3__Ornana	1	full		LDDWS	D	434	no
catsper	A0A7M7N7C9__Strpur	A0A7M7N7C9__Strpur	1	full		LDQWY	D	434	no
catsper	A0A7M7NFY1__Strpur	A0A7M7NFY1__Strpur	1	full		VEGWT	E	434	no
catsper	A0A7M7P6A5__Strpur	A0A7M7P6A5__Strpur	1	full		QDGWM	D	434	no
catsper	A0A803TUM2__Anocar	A0A803TUM2__Anocar	1	full		VDGWT	D	434	no
catsper	A0A8I6A342__Ratnor	A0A8I6A342__Ratnor	1	full		LDDWS	D	434	no
catsper	A0A9J7KNE3__Braflo	A0A9J7KNE3__Braflo	1	full		LDHWH	D	434	no
catsper	A0A9J7KRC7__Braflo	A0A9J7KRC7__Braflo	1	full		VDGWT	D	434	no
catsper	A0A9J7MNW0__Braflo	A0A9J7MNW0__Braflo	1	full		QDGWM	D	434	no
catsper	A7S9M8__Nemvec	A7S9M8__Nemvec	1	full		QDGWM	D	434	no
catsper	A7SGC6__Nemvec	A7SGC6__Nemvec	1	full		LDHWY	D	434	no
catsper	D4A0V7__Ratnor	D4A0V7__Ratnor	1	full		QDGWL	D	434	no
catsper	F1LZS9__Ratnor	F1LZS9__Ratnor	1	full		VDGWT	D	434	no
catsper	F6SP61__Cioint	F6SP61__Cioint	1	full		VDGWF	D	434	no
catsper	F6TI60__Mondom	F6TI60__Mondom	1	full		VDGWT	D	434	no
catsper	F6X307__Mondom	F6X307__Mondom	1	full		QDGWV	D	434	no
catsper	F7A9W3__Cioint	F7A9W3__Cioint	1	full		LDHWL	D	434	no
catsper	F7F7P6__Ornana	F7F7P6__Ornana	1	full		QDGWV	D	434	no
catsper	G1K8B4__Anocar	G1K8B4__Anocar	1	full		MDHWY	D	434	no
catsper	H3A794__Latcha	H3A794__Latcha	1	full		VDGWT	D	434	no
catsper	H3AZ44__Latcha	H3AZ44__Latcha	1	full		MDHWY	D	434	no
catsper	H3BDW1__Latcha	H3BDW1__Latcha	1	full		LDDWS	D	434	no
catsper	H9G9E7__Anocar	H9G9E7__Anocar	1	full		QDGWI	D	434	no
catsper	M3XIP6__Latcha	M3XIP6__Latcha	1	full		QDGWM	D	434	no
catsper	GCA_977017645.1_OZ360249.1_31190989-31226380___Tormar	GCA_977017645.1_OZ360249.1_31190989-31226380___Tormar	1	full		LDHWH	D	434	no
tpc	A0JMD4__Danrer_m1	A0JMD4__Danrer	1	full		TANNP	A	434	no
tpc	A0JMD4__Danrer_m2	A0JMD4__Danrer	2	full		VNNWH	N	434	no
tpc	Q5QM84__Orysat_m1	Q5QM84__Orysat	1	full		TSNNP	S	434	no
tpc	Q5QM84__Orysat_m2	Q5QM84__Orysat	2	full		MGNWQ	G	434	no
tpc	Q8BWC0__Musmus_m1	Q8BWC0__Musmus	1	full		TSNNP	S	434	no
tpc	Q8BWC0__Musmus_m2	Q8BWC0__Musmus	2	full		VNNWQ	N	434	no
tpc	Q8NHX9__Homsap_m1	Q8NHX9__Homsap	1	full		TANNP	A	434	no
tpc	Q8NHX9__Homsap_m2	Q8NHX9__Homsap	2	full		VNNWQ	N	434	no
tpc	Q94KI8__Aratha_m1	Q94KI8__Aratha	1	full		TSNNP	S	434	no
tpc	Q94KI8__Aratha_m2	Q94KI8__Aratha	2	full		MGNWQ	G	434	no
tpc	Q9EQJ0__Musmus_m1	Q9EQJ0__Musmus	1	full		TANFP	A	434	no
tpc	Q9EQJ0__Musmus_m2	Q9EQJ0__Musmus	2	full		VNNWY	N	434	no
tpc	Q9ULQ1__Homsap_m1	Q9ULQ1__Homsap	1	full		TANFP	A	434	no
tpc	Q9ULQ1__Homsap_m2	Q9ULQ1__Homsap	2	full		VNNWY	N	434	no
tpc	Q9WTN5__Ratnor_m1	Q9WTN5__Ratnor	1	full		TANFP	A	434	no
tpc	Q9WTN5__Ratnor_m2	Q9WTN5__Ratnor	2	full		VNNWY	N	434	no
tpc	A0A0D2WPJ7__Capowc_m1	A0A0D2WPJ7__Capowc	1	full		TSNFP	S	434	no
tpc	A0A0D2WPJ7__Capowc_m2	A0A0D2WPJ7__Capowc	2	full		ANNNN	N	434	no
tpc	A0A1X7T0J8__Ampque_m1	A0A1X7T0J8__Ampque	1	full		TANSP	A	434	no
tpc	A0A1X7T0J8__Ampque_m2	A0A1X7T0J8__Ampque	2	full		VNNWH	N	434	no
tpc	A0A1X7USA3__Ampque_m1	A0A1X7USA3__Ampque	1	full		TANHP	A	434	no
tpc	A0A1X7USA3__Ampque_m2	A0A1X7USA3__Ampque	2	full		VNNWF	N	434	no
tpc	A0A2K1IRL4__Phypat_m1	A0A2K1IRL4__Phypat	1	full		TANNP	A	434	no
tpc	A0A2K1IRL4__Phypat_m2	A0A2K1IRL4__Phypat	2	full		VNKWY	N	434	no
tpc	A0A2K1J0K4__Phypat_m1	A0A2K1J0K4__Phypat	1	full		TANNP	A	434	no
tpc	A0A2K1J0K4__Phypat_m2	A0A2K1J0K4__Phypat	2	full		VNKWY	N	434	no
tpc	A0A2K1JIK9__Phypat_m1	A0A2K1JIK9__Phypat	1	full		TANNP	A	434	no
tpc	A0A2K1JIK9__Phypat_m2	A0A2K1JIK9__Phypat	2	full		VNKWY	N	434	no
tpc	A0A2K1KUT0__Phypat_m1	A0A2K1KUT0__Phypat	1	full		TANNP	A	434	no
tpc	A0A2K1KUT0__Phypat_m2	A0A2K1KUT0__Phypat	2	full		VNNWY	N	434	no
tpc	A0A2K1L0Z0__Phypat_m1	A0A2K1L0Z0__Phypat	1	full		TANNP	A	434	no
tpc	A0A2K1L0Z0__Phypat_m2	A0A2K1L0Z0__Phypat	2	full		VNKWY	N	434	no
tpc	A0A4W3HLX2__Calmil_m1	A0A4W3HLX2__Calmil	1	full		TANFP	A	434	no
tpc	A0A4W3HLX2__Calmil_m2	A0A4W3HLX2__Calmil	2	full		VNNWY	N	434	no
tpc	A0A4W3IZC1__Calmil_m1	A0A4W3IZC1__Calmil	1	full		TANSP	A	434	no
tpc	A0A4W3IZC1__Calmil_m2	A0A4W3IZC1__Calmil	2	full		VNQWH	N	434	no
tpc	A0A5F8GT68__Mondom_m1	A0A5F8GT68__Mondom	1	full		TANSP	A	434	no
tpc	A0A5F8GT68__Mondom_m2	A0A5F8GT68__Mondom	2	absent					no
tpc	A0A674MGX5__Takrub_m1	A0A674MGX5__Takrub	1	full		TANNP	A	434	no
tpc	A0A674MGX5__Takrub_m2	A0A674MGX5__Takrub	2	full		VNNWQ	N	434	no
tpc	A0A6I8PJ64__Ornana_m1	A0A6I8PJ64__Ornana	1	full		TANFP	A	434	no
tpc	A0A6I8PJ64__Ornana_m2	A0A6I8PJ64__Ornana	2	full		VNNWY	N	434	no
tpc	A0A6I8S6D1__Xentro_m1	A0A6I8S6D1__Xentro	1	full		TANSP	A	434	no
tpc	A0A6I8S6D1__Xentro_m2	A0A6I8S6D1__Xentro	2	full		VNQWH	N	434	no
tpc	A0A7D9NKP3__Ornana_m1	A0A7D9NKP3__Ornana	1	full		TANSP	A	434	no
tpc	A0A7D9NKP3__Ornana_m2	A0A7D9NKP3__Ornana	2	full		VNQWH	N	434	no
tpc	A0A7I4BW18__Phypat_m1	A0A7I4BW18__Phypat	1	full		TANNP	A	434	no
tpc	A0A7I4BW18__Phypat_m2	A0A7I4BW18__Phypat	2	full		VNKWY	N	434	no
tpc	A0A7I4C695__Phypat_m1	A0A7I4C695__Phypat	1	full		TSNSP	S	434	no
tpc	A0A7I4C695__Phypat_m2	A0A7I4C695__Phypat	2	full		MGSWQ	G	434	no
tpc	A0A7I4F4W7__Phypat_m1	A0A7I4F4W7__Phypat	1	full		TSNNP	S	434	no
tpc	A0A7I4F4W7__Phypat_m2	A0A7I4F4W7__Phypat	2	full		TGNWH	G	434	no
tpc	A0A7M6URD4__Strpur_m1	A0A7M6URD4__Strpur	1	full		TANNP	A	434	no
tpc	A0A7M6URD4__Strpur_m2	A0A7M6URD4__Strpur	2	full		VNNWH	N	434	no
tpc	A0A7M6UWQ5__Strpur_m1	A0A7M6UWQ5__Strpur	1	full		TANFP	A	434	no
tpc	A0A7M6UWQ5__Strpur_m2	A0A7M6UWQ5__Strpur	2	full		VNNWH	N	434	no
tpc	A0A7M6W5L7__Strpur_m1	A0A7M6W5L7__Strpur	1	full		TANSP	A	434	no
tpc	A0A7M6W5L7__Strpur_m2	A0A7M6W5L7__Strpur	2	full		VNQWH	N	434	no
tpc	A0A7M7NAA2__Strpur_m1	A0A7M7NAA2__Strpur	1	full		TENYP	E	434	no
tpc	A0A7M7NAA2__Strpur_m2	A0A7M7NAA2__Strpur	2	full		TSNWH	S	434	no
tpc	A0A7M7PIY7__Strpur_m1	A0A7M7PIY7__Strpur	1	full		TANNP	A	434	no
tpc	A0A7M7PIY7__Strpur_m2	A0A7M7PIY7__Strpur	2	full		VNNWH	N	434	no
tpc	A0A7M7PPP8__Strpur_m1	A0A7M7PPP8__Strpur	1	full		TENYP	E	434	no
tpc	A0A7M7PPP8__Strpur_m2	A0A7M7PPP8__Strpur	2	full		TSNWH	S	434	no
tpc	A0A803TLV2__Anocar_m1	A0A803TLV2__Anocar	1	full		TANSP	A	434	no
tpc	A0A803TLV2__Anocar_m2	A0A803TLV2__Anocar	2	full		VNQC-	N	434	no
tpc	A0A8J0SMJ5__Xentro_m1	A0A8J0SMJ5__Xentro	1	full		TANFP	A	434	no
tpc	A0A8J0SMJ5__Xentro_m2	A0A8J0SMJ5__Xentro	2	full		VNNWY	N	434	no
tpc	A0A8N7TFG5__Danrer_m1	A0A8N7TFG5__Danrer	1	full		TANFP	A	434	no
tpc	A0A8N7TFG5__Danrer_m2	A0A8N7TFG5__Danrer	2	full		VNNWY	N	434	no
tpc	A0A8V0YZ15__Galgal_m1	A0A8V0YZ15__Galgal	1	full		TANSP	A	434	no
tpc	A0A8V0YZ15__Galgal_m2	A0A8V0YZ15__Galgal	2	full		VNQWH	N	434	no
tpc	A0A8V1AA60__Galgal_m1	A0A8V1AA60__Galgal	1	full		TANNP	A	434	no
tpc	A0A8V1AA60__Galgal_m2	A0A8V1AA60__Galgal	2	full		VNNWQ	N	434	no
tpc	A0A9J7HQV7__Braflo_m1	A0A9J7HQV7__Braflo	1	full		TANNP	A	434	no
tpc	A0A9J7HQV7__Braflo_m2	A0A9J7HQV7__Braflo	2	full		VNNWM	N	434	no
tpc	A0A9J7HVK7__Braflo_m1	A0A9J7HVK7__Braflo	1	full		TANSP	A	434	no
tpc	A0A9J7HVK7__Braflo_m2	A0A9J7HVK7__Braflo	2	full		VNQWH	N	434	no
tpc	A0A9J7LAZ0__Braflo_m1	A0A9J7LAZ0__Braflo	1	full		TENYP	E	434	no
tpc	A0A9J7LAZ0__Braflo_m2	A0A9J7LAZ0__Braflo	2	full		TSNWH	S	434	no
tpc	A0A9J7M0H4__Braflo_m1	A0A9J7M0H4__Braflo	1	full		TANYP	A	434	no
tpc	A0A9J7M0H4__Braflo_m2	A0A9J7M0H4__Braflo	2	full		VNNWY	N	434	no
tpc	A0AAJ7SQZ7__Petmar_m1	A0AAJ7SQZ7__Petmar	1	full		TSNSP	S	434	no
tpc	A0AAJ7SQZ7__Petmar_m2	A0AAJ7SQZ7__Petmar	2	full		VNQWH	N	434	no
tpc	A0AAN0IZV0__Ampque_m1	A0AAN0IZV0__Ampque	1	full		TANHP	A	434	no
tpc	A0AAN0IZV0__Ampque_m2	A0AAN0IZV0__Ampque	2	full		VNNWF	N	434	no
tpc	A0AAN0J029__Ampque_m1	A0AAN0J029__Ampque	1	full		TANHP	A	434	no
tpc	A0AAN0J029__Ampque_m2	A0AAN0J029__Ampque	2	full		VNNWF	N	434	no
tpc	A0AAN0JJ15__Ampque_m1	A0AAN0JJ15__Ampque	1	full		TANNP	A	434	no
tpc	A0AAN0JJ15__Ampque_m2	A0AAN0JJ15__Ampque	2	full		VNNWS	N	434	no
tpc	A0AAV2H3C9__Lymsta_m1	A0AAV2H3C9__Lymsta	1	full		TANYP	A	434	no
tpc	A0AAV2H3C9__Lymsta_m2	A0AAV2H3C9__Lymsta	2	full		VNNWF	N	434	no
tpc	A0AAV2HMA9__Lymsta_m1	A0AAV2HMA9__Lymsta	1	full		TANHP	A	434	no
tpc	A0AAV2HMA9__Lymsta_m2	A0AAV2HMA9__Lymsta	2	full		VNNWM	N	434	no
tpc	A0AAV2I2U3__Lymsta_m1	A0AAV2I2U3__Lymsta	1	full		TANNP	A	434	no
tpc	A0AAV2I2U3__Lymsta_m2	A0AAV2I2U3__Lymsta	2	full		VNQWH	N	434	no
tpc	A0ABM0JAJ5__Aplcal_m1	A0ABM0JAJ5__Aplcal	1	full		TANYP	A	434	no
tpc	A0ABM0JAJ5__Aplcal_m2	A0ABM0JAJ5__Aplcal	2	full		VNNWF	N	434	no
tpc	A0ABM1A837__Aplcal_m1	A0ABM1A837__Aplcal	1	full		TANNP	A	434	no
tpc	A0ABM1A837__Aplcal_m2	A0ABM1A837__Aplcal	2	full		VNQWH	N	434	no
tpc	A0ABM1W0K7__Aplcal_m1	A0ABM1W0K7__Aplcal	1	full		TANNP	A	434	no
tpc	A0ABM1W0K7__Aplcal_m2	A0ABM1W0K7__Aplcal	2	full		VNNWH	N	434	no
tpc	A0ABM4CII0__Hydvul_m1	A0ABM4CII0__Hydvul	1	full		TANNP	A	434	no
tpc	A0ABM4CII0__Hydvul_m2	A0ABM4CII0__Hydvul	2	full		VNQWH	N	434	no
tpc	A0ABM4D7I9__Hydvul_m1	A0ABM4D7I9__Hydvul	1	full		TANNP	A	434	no
tpc	A0ABM4D7I9__Hydvul_m2	A0ABM4D7I9__Hydvul	2	full		VNNWY	N	434	no
tpc	A0ACM8ANK3__Petmar_m1	A0ACM8ANK3__Petmar	1	full		TANNP	A	434	no
tpc	A0ACM8ANK3__Petmar_m2	A0ACM8ANK3__Petmar	2	full		VNNWQ	N	434	no
tpc	A0ACM8QJJ8__Danrer_m1	A0ACM8QJJ8__Danrer	1	full		TANSP	A	434	no
tpc	A0ACM8QJJ8__Danrer_m2	A0ACM8QJJ8__Danrer	2	full		VNQWH	N	434	no
tpc	A0BF28__Partet_m1	A0BF28__Partet	1	full		LDFYP	D	434	no
tpc	A0BF28__Partet_m2	A0BF28__Partet	2	full		AASWG	A	434	no
tpc	A0CA88__Partet_m1	A0CA88__Partet	1	full		LDFYP	D	434	no
tpc	A0CA88__Partet_m2	A0CA88__Partet	2	full		ASSWG	S	434	no
tpc	A0CES0__Partet_m1	A0CES0__Partet	1	full		LDFYP	D	434	no
tpc	A0CES0__Partet_m2	A0CES0__Partet	2	full		ASSWG	S	434	no
tpc	A0CKD9__Partet_m1	A0CKD9__Partet	1	full		TVNQP	V	434	no
tpc	A0CKD9__Partet_m2	A0CKD9__Partet	2	full		INNWN	N	434	no
tpc	A0CNH5__Partet_m1	A0CNH5__Partet	1	full		TVNSP	V	434	no
tpc	A0CNH5__Partet_m2	A0CNH5__Partet	2	full		INNWN	N	434	no
tpc	A0D071__Partet_m1	A0D071__Partet	1	full		LDFYP	D	434	no
tpc	A0D071__Partet_m2	A0D071__Partet	2	full		AAEWN	A	434	no
tpc	A0D4P8__Partet_m1	A0D4P8__Partet	1	full		LDFYP	D	434	no
tpc	A0D4P8__Partet_m2	A0D4P8__Partet	2	full		AAEWN	A	434	no
tpc	A0EAP2__Partet_m1	A0EAP2__Partet	1	full		LDFYP	D	434	no
tpc	A0EAP2__Partet_m2	A0EAP2__Partet	2	full		AAEWN	A	434	no
tpc	A7RM05__Nemvec_m1	A7RM05__Nemvec	1	full		TANYP	A	434	no
tpc	A7RM05__Nemvec_m2	A7RM05__Nemvec	2	full		VNNWF	N	434	no
tpc	A7SNJ0__Nemvec_m1	A7SNJ0__Nemvec	1	full		TANNP	A	434	no
tpc	A7SNJ0__Nemvec_m2	A7SNJ0__Nemvec	2	full		VNNWH	N	434	no
tpc	A7STF7__Nemvec_m1	A7STF7__Nemvec	1	absent					no
tpc	A7STF7__Nemvec_m2	A7STF7__Nemvec	2	full		VNQWH	N	434	no
tpc	A9T5T5__Phypat_m1	A9T5T5__Phypat	1	full		TANNP	A	434	no
tpc	A9T5T5__Phypat_m2	A9T5T5__Phypat	2	full		VNKWY	N	434	no
tpc	A9UQH3__Monbre_m1	A9UQH3__Monbre	1	full		TANYP	A	434	no
tpc	A9UQH3__Monbre_m2	A9UQH3__Monbre	2	full		VNNWF	N	434	no
tpc	A9UUV2__Monbre_m1	A9UUV2__Monbre	1	absent					no
tpc	A9UUV2__Monbre_m2	A9UUV2__Monbre	2	full		-----	-	434	no
tpc	A9V831__Monbre_m1	A9V831__Monbre	1	full		TANYP	A	434	no
tpc	A9V831__Monbre_m2	A9V831__Monbre	2	full		VNNWQ	N	434	no
tpc	A9VDS1__Monbre_m1	A9VDS1__Monbre	1	full		TANYP	A	434	no
tpc	A9VDS1__Monbre_m2	A9VDS1__Monbre	2	full		VNNWQ	N	434	no
tpc	B3RNF3__Triadh_m1	B3RNF3__Triadh	1	absent					no
tpc	B3RNF3__Triadh_m2	B3RNF3__Triadh	2	full		VNNWQ	N	434	no
tpc	D3ZTJ6__Ratnor_m1	D3ZTJ6__Ratnor	1	full		TSNNP	S	434	no
tpc	D3ZTJ6__Ratnor_m2	D3ZTJ6__Ratnor	2	full		VNNWQ	N	434	no
tpc	E1BQ97__Galgal_m1	E1BQ97__Galgal	1	full		TSNFP	S	434	no
tpc	E1BQ97__Galgal_m2	E1BQ97__Galgal	2	full		VNDWY	N	434	no
tpc	E9GLT0__Dappul_m1	E9GLT0__Dappul	1	full		TANFP	A	434	no
tpc	E9GLT0__Dappul_m2	E9GLT0__Dappul	2	full		INNWY	N	434	no
tpc	F6QHM7__Cioint_m1	F6QHM7__Cioint	1	full		TANNP	A	434	no
tpc	F6QHM7__Cioint_m2	F6QHM7__Cioint	2	full		VNNWG	N	434	no
tpc	F6ZZ82__Xentro_m1	F6ZZ82__Xentro	1	full		TANNP	A	434	no
tpc	F6ZZ82__Xentro_m2	F6ZZ82__Xentro	2	full		VNNWQ	N	434	no
tpc	F7D475__Ornana_m1	F7D475__Ornana	1	full		TANNP	A	434	no
tpc	F7D475__Ornana_m2	F7D475__Ornana	2	full		VNNWQ	N	434	no
tpc	F7DBM4__Mondom_m1	F7DBM4__Mondom	1	full		TANFP	A	434	no
tpc	F7DBM4__Mondom_m2	F7DBM4__Mondom	2	full		VNNWY	N	434	no
tpc	G1KRY0__Anocar_m1	G1KRY0__Anocar	1	full		TANNP	A	434	no
tpc	G1KRY0__Anocar_m2	G1KRY0__Anocar	2	full		VNNWQ	N	434	no
tpc	H2SVD9__Takrub_m1	H2SVD9__Takrub	1	full		TANNP	A	434	no
tpc	H2SVD9__Takrub_m2	H2SVD9__Takrub	2	full		VNNWQ	N	434	no
tpc	H2UDP9__Takrub_m1	H2UDP9__Takrub	1	full		TANSP	A	434	no
tpc	H2UDP9__Takrub_m2	H2UDP9__Takrub	2	full		VNQWH	N	434	no
tpc	H2UX12__Takrub_m1	H2UX12__Takrub	1	full		TANFP	A	434	no
tpc	H2UX12__Takrub_m2	H2UX12__Takrub	2	full		VNNWY	N	434	no
tpc	H2XPE2__Cioint_m1	H2XPE2__Cioint	1	full		TANSP	A	434	no
tpc	H2XPE2__Cioint_m2	H2XPE2__Cioint	2	full		VNQWH	N	434	no
tpc	H3AQL6__Latcha_m1	H3AQL6__Latcha	1	full		TANFP	A	434	no
tpc	H3AQL6__Latcha_m2	H3AQL6__Latcha	2	full		VNNWY	N	434	no
tpc	H3BCK6__Latcha_m1	H3BCK6__Latcha	1	full		AANSP	A	434	no
tpc	H3BCK6__Latcha_m2	H3BCK6__Latcha	2	full		VNQWH	N	434	no
tpc	H9G9M0__Anocar_m1	H9G9M0__Anocar	1	full		TANFP	A	434	no
tpc	H9G9M0__Anocar_m2	H9G9M0__Anocar	2	full		VNDWY	N	434	no
tpc	I7MDP9__Tetthe_m1	I7MDP9__Tetthe	1	full		TSNFP	S	434	no
tpc	I7MDP9__Tetthe_m2	I7MDP9__Tetthe	2	full		VNNWM	N	434	no
tpc	Q22BI8__Tetthe_m1	Q22BI8__Tetthe	1	full		FDSYP	D	434	no
tpc	Q22BI8__Tetthe_m2	Q22BI8__Tetthe	2	full		EANWS	A	434	no
tpc	Q22SA3__Tetthe_m1	Q22SA3__Tetthe	1	full		LDLFP	D	434	no
tpc	Q22SA3__Tetthe_m2	Q22SA3__Tetthe	2	full		GAGWG	A	434	no
tpc	Q23RF4__Tetthe_m1	Q23RF4__Tetthe	1	full		LDTYP	D	434	no
tpc	Q23RF4__Tetthe_m2	Q23RF4__Tetthe	2	full		ESKWT	S	434	no
tpc	Q54HZ8__Dicdis_m1	Q54HZ8__Dicdis	1	full		TCNFP	C	434	no
tpc	Q54HZ8__Dicdis_m2	Q54HZ8__Dicdis	2	full		LNNWL	N	434	no
tpc	Q6BFJ3__Partet_m1	Q6BFJ3__Partet	1	full		TVNSP	V	434	no
tpc	Q6BFJ3__Partet_m2	Q6BFJ3__Partet	2	full		VNNWN	N	434	no
tpc	V3Z0U0__Lotgig_m1	V3Z0U0__Lotgig	1	full		TANNP	A	434	no
tpc	V3Z0U0__Lotgig_m2	V3Z0U0__Lotgig	2	full		VNNWH	N	434	no
tpc	V3ZK60__Lotgig_m1	V3ZK60__Lotgig	1	full		TANFP	A	434	no
tpc	V3ZK60__Lotgig_m2	V3ZK60__Lotgig	2	full		VNNWF	N	434	no
tpc	V4BYZ2__Lotgig_m1	V4BYZ2__Lotgig	1	full		TANNP	A	434	no
tpc	V4BYZ2__Lotgig_m2	V4BYZ2__Lotgig	2	full		---W-	-	434	no
tpc	GCA_964187895.1_OZ076454.1_5067339-5506990-__Corasp_m1	GCA_964187895.1_OZ076454.1_5067339-5506990-__Corasp	1	full		TANNP	A	434	no
tpc	GCA_964187895.1_OZ076454.1_5067339-5506990-__Corasp_m2	GCA_964187895.1_OZ076454.1_5067339-5506990-__Corasp	2	full		VNNWQ	N	434	no
tpc	GCA_964187895.1_OZ076461.1_33660343-34214259___Corasp_m1	GCA_964187895.1_OZ076461.1_33660343-34214259___Corasp	1	full		TANYP	A	434	no
tpc	GCA_964187895.1_OZ076461.1_33660343-34214259___Corasp_m2	GCA_964187895.1_OZ076461.1_33660343-34214259___Corasp	2	full		VNNWF	N	434	no
tpc	GCA_977017645.1_OZ360222.1_222880200-223377857___Tormar_m1	GCA_977017645.1_OZ360222.1_222880200-223377857___Tormar	1	full		TANFP	A	434	no
tpc	GCA_977017645.1_OZ360222.1_222880200-223377857___Tormar_m2	GCA_977017645.1_OZ360222.1_222880200-223377857___Tormar	2	full		VNNWY	N	434	no
tpc	GCA_977017645.1_OZ360237.1_39344424-40024866___Tormar_m1	GCA_977017645.1_OZ360237.1_39344424-40024866___Tormar	1	full		TANNP	A	434	no
tpc	GCA_977017645.1_OZ360237.1_39344424-40024866___Tormar_m2	GCA_977017645.1_OZ360237.1_39344424-40024866___Tormar	2	full		VNNWQ	N	434	no
cng	A0A8I5ZN27__Ratnor	A0A8I5ZN27__Ratnor	1	full		TIG-G	I	434	no
cng	E1AZ71__Musmus	E1AZ71__Musmus	1	full		TIG-G	I	434	no
cng	P29973__Homsap	P29973__Homsap	1	full	AIGFG	TIG-E	I	434	no
cng	P29974__Musmus	P29974__Musmus	1	full	AIGFG	TIG-E	I	434	no
cng	Q00195__Ratnor	Q00195__Ratnor	1	full	SIGFG	TIG-E	I	434	no
cng	Q03611__Caeele	Q03611__Caeele	1	full		TIG-E	I	434	no
cng	Q14028__Homsap	Q14028__Homsap	1	full		TIG-G	I	434	no
cng	Q16280__Homsap	Q16280__Homsap	1	full	SIGFG	TIG-E	I	434	no
cng	Q16281__Homsap	Q16281__Homsap	1	full		TIG-E	I	434	no
cng	Q24278__Dromel	Q24278__Dromel	1	full		TIG-E	I	434	no
cng	Q3UW12__Musmus	Q3UW12__Musmus	1	full		TVG-D	V	434	no
cng	Q62398__Musmus	Q62398__Musmus	1	full	SIGFG	TIG-E	I	434	no
cng	Q62927__Ratnor	Q62927__Ratnor	1	full	AIGFG	TIG-E	I	434	no
cng	Q64359__Ratnor	Q64359__Ratnor	1	full		TVG-D	V	434	no
cng	Q8IV77__Homsap	Q8IV77__Homsap	1	full		TVG-D	V	434	no
cng	Q90805__Galgal	Q90805__Galgal	1	full		TIG-E	I	434	no
cng	Q90980__Galgal	Q90980__Galgal	1	full	AIGFG	TIG-E	I	434	no
cng	Q9ER33__Ratnor	Q9ER33__Ratnor	1	full		TIG-E	I	434	no
cng	Q9JJZ8__Musmus	Q9JJZ8__Musmus	1	full		TIG-E	I	434	no
cng	Q9JJZ9__Musmus	Q9JJZ9__Musmus	1	full		TIG-G	I	434	no
cng	Q9NQW8__Homsap	Q9NQW8__Homsap	1	full		TIG-G	I	434	no
cng	A0A1X7V4G0__Ampque	A0A1X7V4G0__Ampque	1	full		TIG-E	I	434	no
cng	A0A1X7VIZ6__Ampque	A0A1X7VIZ6__Ampque	1	full		IHDLN	H	434	no
cng	A0A2K3E5M5__Chlrei	A0A2K3E5M5__Chlrei	1	full		AMGDA	M	434	no
cng	A0A2K3E893__Chlrei	A0A2K3E893__Chlrei	1	full		---LG	-	434	no
cng	A0A4P7VAE4__Dromel	A0A4P7VAE4__Dromel	1	full		TIG-D	I	434	no
cng	A0A4W3HCU6__Calmil	A0A4W3HCU6__Calmil	1	full		TIG-G	I	434	no
cng	A0A4W3HXE9__Calmil	A0A4W3HXE9__Calmil	1	full		MIG-E	I	434	no
cng	A0A4W3IX37__Calmil	A0A4W3IX37__Calmil	1	full		TIG-E	I	434	no
cng	A0A4W3KC36__Calmil	A0A4W3KC36__Calmil	1	full		TIG-E	I	434	no
cng	A0A5F8G8C1__Mondom	A0A5F8G8C1__Mondom	1	full		TIG-E	I	434	no
cng	A0A674MWJ5__Takrub	A0A674MWJ5__Takrub	1	full	SLGFG	TIG-E	I	434	no
cng	A0A674N4T8__Takrub	A0A674N4T8__Takrub	1	full		NIG-G	I	434	no
cng	A0A674NJC1__Takrub	A0A674NJC1__Takrub	1	full		TIG-E	I	434	no
cng	A0A674PB48__Takrub	A0A674PB48__Takrub	1	full		TIG-G	I	434	no
cng	A0A674PRS0__Takrub	A0A674PRS0__Takrub	1	full		TIG-E	I	434	no
cng	A0A6I8NSF5__Ornana	A0A6I8NSF5__Ornana	1	full	SIGFG	TIG-E	I	434	no
cng	A0A6I8P9C4__Ornana	A0A6I8P9C4__Ornana	1	full		TIG-G	I	434	no
cng	A0A6I8PNK9__Xentro	A0A6I8PNK9__Xentro	1	full	AIGFG	TIG-D	I	434	no
cng	A0A6I8QFI8__Xentro	A0A6I8QFI8__Xentro	1	full	AIGFG	TIG-E	I	434	no
cng	A0A7M7HQN7__Strpur	A0A7M7HQN7__Strpur	1	full		TIG-D	I	434	no
cng	A0A7M7N5A0__Strpur	A0A7M7N5A0__Strpur	1	full		VIG-N	I	434	no
cng	A0A7M7P895__Strpur	A0A7M7P895__Strpur	1	full		TIG-D	I	434	no
cng	A0A7M7P9I8__Strpur	A0A7M7P9I8__Strpur	1	full		TIG-D	I	434	no
cng	A0A7M7PR54__Strpur	A0A7M7PR54__Strpur	1	full		TIG-G	I	434	no
cng	A0A7M7RDI5__Strpur	A0A7M7RDI5__Strpur	1	full		TIG-E	I	434	no
cng	A0A8J0T3R8__Xentro	A0A8J0T3R8__Xentro	1	full		TIG-G	I	434	no
cng	A0A8J1JH40__Xentro	A0A8J1JH40__Xentro	1	full		TIG-G	I	434	no
cng	A0A8M1RHG3__Danrer	A0A8M1RHG3__Danrer	1	full		TVG-D	V	434	no
cng	A0A8M1RJV4__Danrer	A0A8M1RJV4__Danrer	1	full	TLGFG	TIG-E	I	434	no
cng	A0A8M2BDH8__Danrer	A0A8M2BDH8__Danrer	1	full	TIGFG	TIG-E	I	434	no
cng	A0A8M3ANQ6__Danrer	A0A8M3ANQ6__Danrer	1	full		NIG-G	I	434	no
cng	A0A8M3AS70__Danrer	A0A8M3AS70__Danrer	1	full		TIG-G	I	434	no
cng	A0A8V0X2U3__Galgal	A0A8V0X2U3__Galgal	1	full		TVG-D	V	434	no
cng	A0A8V0Y8D1__Galgal	A0A8V0Y8D1__Galgal	1	full		TIG-G	I	434	no
cng	A0A8V0YJP3__Galgal	A0A8V0YJP3__Galgal	1	full	AIGFG	TIG-E	I	434	no
cng	A0A8V0YSP2__Galgal	A0A8V0YSP2__Galgal	1	full		TIG-E	I	434	no
cng	A0A8V0ZJZ3__Galgal	A0A8V0ZJZ3__Galgal	1	full		TIG-G	I	434	no
cng	A0A9J7KLP2__Braflo	A0A9J7KLP2__Braflo	1	full		SIG-G	I	434	no
cng	A0A9J7L303__Braflo	A0A9J7L303__Braflo	1	full		LVG-G	V	434	no
cng	A0A9J7LFK6__Braflo	A0A9J7LFK6__Braflo	1	full	SLGFG	TIG-E	I	434	no
cng	A0A9J7LX79__Braflo	A0A9J7LX79__Braflo	1	full		TIG-G	I	434	no
cng	A0A9J7LZA9__Braflo	A0A9J7LZA9__Braflo	1	full		TIG-D	I	434	no
cng	A0A9J7M2P6__Braflo	A0A9J7M2P6__Braflo	1	full		TIG-E	I	434	no
cng	A0AAJ7T9B3__Petmar	A0AAJ7T9B3__Petmar	1	full		VIG-D	I	434	no
cng	A0AAV2HH78__Lymsta	A0AAV2HH78__Lymsta	1	full	AIGFG	TIG-E	I	434	no
cng	A0AAV2ID23__Lymsta	A0AAV2ID23__Lymsta	1	full		SIG-N	I	434	no
cng	A0AB32TKR5__Danrer	A0AB32TKR5__Danrer	1	full		TIG-G	I	434	no
cng	A0ABM0K8X5__Aplcal	A0ABM0K8X5__Aplcal	1	full		TIG-D	I	434	no
cng	A0ABM0ZVJ7__Aplcal	A0ABM0ZVJ7__Aplcal	1	full	AIGFG	TIG-E	I	434	no
cng	A0ABM1ABQ7__Aplcal	A0ABM1ABQ7__Aplcal	1	full		TIG-D	I	434	no
cng	A0ABM4D0Y5__Hydvul	A0ABM4D0Y5__Hydvul	1	full		NIG-E	I	434	no
cng	A0AC58IXZ3__Danrer	A0AC58IXZ3__Danrer	1	full		TIG-G	I	434	no
cng	A0AC58JH82__Danrer	A0AC58JH82__Danrer	1	full	SLGFG	TIG-E	I	434	no
cng	A0ACD6B5U3__Danrer	A0ACD6B5U3__Danrer	1	full	AIGFG	TIG-E	I	434	no
cng	A0ACM8ACY0__Petmar	A0ACM8ACY0__Petmar	1	full		TIG-N	I	434	no
cng	A0ACM8AE00__Petmar	A0ACM8AE00__Petmar	1	full		TIG-G	I	434	no
cng	A0ACM8AS74__Petmar	A0ACM8AS74__Petmar	1	full	AVGFG	TIG-E	I	434	no
cng	A0ACM8BVP3__Petmar	A0ACM8BVP3__Petmar	1	full		TVG-N	V	434	no
cng	A0ACM8C159__Petmar	A0ACM8C159__Petmar	1	full		TIG-E	I	434	no
cng	A0ACM8QAS9__Danrer	A0ACM8QAS9__Danrer	1	full	SLGFG	TIG-E	I	434	no
cng	A0BCE4__Partet	A0BCE4__Partet	1	full	TIGYG	TIGYG	I	434	yes
cng	A0BD51__Partet	A0BD51__Partet	1	full	TVGYG	DVHPN	V	434	no
cng	A0BDM5__Partet	A0BDM5__Partet	1	full	SVGYG	DIVPL	I	434	no
cng	A0BDQ5__Partet	A0BDQ5__Partet	1	full	TVGYG	TVGYG	V	434	yes
cng	A0BE10__Partet	A0BE10__Partet	1	full	TIGYG	DVVPI	V	434	no
cng	A0BEJ4__Partet	A0BEJ4__Partet	1	full	TIGYG	DIVPQ	I	434	no
cng	A0BEK7__Partet	A0BEK7__Partet	1	full	TIGYG	DNVPK	N	434	no
cng	A0BG52__Partet	A0BG52__Partet	1	full	TVGYG	TVGYG	V	434	yes
cng	A0BHQ4__Partet	A0BHQ4__Partet	1	full	TVGYG	TVGYG	V	434	yes
cng	A0BKG0__Partet	A0BKG0__Partet	1	full	TVGYG	DVTPQ	V	434	no
cng	A0BKG1__Partet	A0BKG1__Partet	1	full	TVGYG	DVTPQ	V	434	no
cng	A0BLC7__Partet	A0BLC7__Partet	1	full	TIGYG	DITPQ	I	434	no
cng	A0BPG0__Partet	A0BPG0__Partet	1	full	TVGYG	TVGYG	V	434	yes
cng	A0BR60__Partet	A0BR60__Partet	1	full	TIGYG	DIAPQ	I	434	no
cng	A0BS43__Partet	A0BS43__Partet	1	full	TIGYG	DNVPK	N	434	no
cng	A0BT32__Partet	A0BT32__Partet	1	full	TVGYG	DVAPV	V	434	no
cng	A0BVG8__Partet	A0BVG8__Partet	1	full	TVGYG	TVGYG	V	434	yes
cng	A0BVI4__Partet	A0BVI4__Partet	1	full		SSGLS	S	434	no
cng	A0BWG9__Partet	A0BWG9__Partet	1	full		XXXXX	X	434	no
cng	A0BWZ0__Partet	A0BWZ0__Partet	1	full	TIGYG	DFAPT	F	434	no
cng	A0BX91__Partet	A0BX91__Partet	1	full	TIGYG	DMVPK	M	434	no
cng	A0BZN4__Partet	A0BZN4__Partet	1	full	TIGYG	DVTPQ	V	434	no
cng	A0C2M6__Partet	A0C2M6__Partet	1	full	TVGYG	TVGYG	V	434	yes
cng	A0C6D7__Partet	A0C6D7__Partet	1	full	TVGYG	TVGYG	V	434	yes
cng	A0C7V8__Partet	A0C7V8__Partet	1	full	TVGYG	TVGYG	V	434	yes
cng	A0C9Y5__Partet	A0C9Y5__Partet	1	full	TVGYG	DLTPQ	L	434	no
cng	A0CB14__Partet	A0CB14__Partet	1	full	TVGYG	TVGYG	V	434	yes
cng	A0CB19__Partet	A0CB19__Partet	1	full	TVGYG	DITPQ	I	434	no
cng	A0CB36__Partet	A0CB36__Partet	1	full	SVGYG	DIVPL	I	434	no
cng	A0CBN9__Partet	A0CBN9__Partet	1	full	TVGYG	TVGYG	V	434	yes
cng	A0CBR5__Partet	A0CBR5__Partet	1	full	TIGYG	DVTPQ	V	434	no
cng	A0CBX7__Partet	A0CBX7__Partet	1	full	TVGYG	TVGYG	V	434	yes
cng	A0CDV2__Partet	A0CDV2__Partet	1	full	TVGYG	DIHPI	I	434	no
cng	A0CF18__Partet	A0CF18__Partet	1	full	TIGYG	TIGYG	I	434	yes
cng	A0CF88__Partet	A0CF88__Partet	1	full	TVGYG	TVGYG	V	434	yes
cng	A0CIL3__Partet	A0CIL3__Partet	1	full	TVGYG	DVTPQ	V	434	no
cng	A0CJ04__Partet	A0CJ04__Partet	1	full		SAGFS	A	434	no
cng	A0CK44__Partet	A0CK44__Partet	1	full	TVGYG	TVGYG	V	434	yes
cng	A0CKZ1__Partet	A0CKZ1__Partet	1	full		VIGYG	I	434	no
cng	A0CMF0__Partet	A0CMF0__Partet	1	full	TIGYG	DVVPI	V	434	no
cng	A0CPH5__Partet	A0CPH5__Partet	1	full	TIGYG	DITPL	I	434	no
cng	A0CQ31__Partet	A0CQ31__Partet	1	full	TVGYG	DITPV	I	434	no
cng	A0CSV1__Partet	A0CSV1__Partet	1	full		NVGST	V	434	no
cng	A0D169__Partet	A0D169__Partet	1	full		TVSYG	V	434	no
cng	A0D296__Partet	A0D296__Partet	1	full	TVGYG	DIHPI	I	434	no
cng	A0D372__Partet	A0D372__Partet	1	full	TIGYG	DVVPI	V	434	no
cng	A0D3R7__Partet	A0D3R7__Partet	1	full	TVGYG	DLTPQ	L	434	no
cng	A0D498__Partet	A0D498__Partet	1	full	TVGYG	DIHPI	I	434	no
cng	A0D5X1__Partet	A0D5X1__Partet	1	full	TVGYG	TVGYG	V	434	yes
cng	A0D5Y9__Partet	A0D5Y9__Partet	1	full	TVGYG	TVGYG	V	434	yes
cng	A0D683__Partet	A0D683__Partet	1	full	TVGYG	TVGYG	V	434	yes
cng	A0D6P3__Partet	A0D6P3__Partet	1	full	TIGYG	DITPQ	I	434	no
cng	A0D743__Partet	A0D743__Partet	1	full	TVGYG	TVGYG	V	434	yes
cng	A0D7S0__Partet	A0D7S0__Partet	1	full	TIGYG	DNVPK	N	434	no
cng	A0D7S5__Partet	A0D7S5__Partet	1	full	TIGYG	DNVPK	N	434	no
cng	A0D965__Partet	A0D965__Partet	1	full	TMGYG	TMGYG	M	434	yes
cng	A0DBT1__Partet	A0DBT1__Partet	1	full	TVGYG	TVGYG	V	434	yes
cng	A0DCZ8__Partet	A0DCZ8__Partet	1	full	TIGYG	DVVPI	V	434	no
cng	A0DE73__Partet	A0DE73__Partet	1	full	TIGYG	DFTPQ	F	434	no
cng	A0DF65__Partet	A0DF65__Partet	1	full	TVGYG	TVGYG	V	434	yes
cng	A0DFY4__Partet	A0DFY4__Partet	1	full	TIGYG	DSVPQ	S	434	no
cng	A0DIZ2__Partet	A0DIZ2__Partet	1	full	TVGYG	TVGYG	V	434	yes
cng	A0DJS6__Partet	A0DJS6__Partet	1	full	TVGYG	TVGYG	V	434	yes
cng	A0DKH8__Partet	A0DKH8__Partet	1	full	TVGYG	TVGYG	V	434	yes
cng	A0DLJ6__Partet	A0DLJ6__Partet	1	full	TVGYG	TVGYG	V	434	yes
cng	A0DV88__Partet	A0DV88__Partet	1	full	TVGYG	TVGYG	V	434	yes
cng	A0DVJ1__Partet	A0DVJ1__Partet	1	full		RIGYG	I	434	no
cng	A0DX91__Partet	A0DX91__Partet	1	full	TVGYG	TVGYG	V	434	yes
cng	A0DX96__Partet	A0DX96__Partet	1	full	TVGYG	DITPQ	I	434	no
cng	A0E0P5__Partet	A0E0P5__Partet	1	full	TVGYG	TVGYG	V	434	yes
cng	A0E0Z7__Partet	A0E0Z7__Partet	1	full	TVGYG	TVGYG	V	434	yes
cng	A0E111__Partet	A0E111__Partet	1	full	TVGYG	TVGYG	V	434	yes
cng	A0E2K9__Partet	A0E2K9__Partet	1	full	TVGYG	DVTPQ	V	434	no
cng	A0E7A0__Partet	A0E7A0__Partet	1	full	TVGYG	TVGYG	V	434	yes
cng	A0E7Y4__Partet	A0E7Y4__Partet	1	full	TVGYG	TVGYG	V	434	yes
cng	A0EBK6__Partet	A0EBK6__Partet	1	full	TIGYG	DNVPK	N	434	no
cng	A0EBL2__Partet	A0EBL2__Partet	1	full	TIGYG	DNVPK	N	434	no
cng	A0EBM1__Partet	A0EBM1__Partet	1	full	TIGYG	DNVPQ	N	434	no
cng	A0ECZ2__Partet	A0ECZ2__Partet	1	full	TVGYG	TVGYG	V	434	yes
cng	A0EDE0__Partet	A0EDE0__Partet	1	full		NVGST	V	434	no
cng	A0EEV9__Partet	A0EEV9__Partet	1	full	TVGYG	TVGYG	V	434	yes
cng	A7RGK0__Nemvec	A7RGK0__Nemvec	1	full		TIG-E	I	434	no
cng	A7S8S2__Nemvec	A7S8S2__Nemvec	1	full		AIG-D	I	434	no
cng	A7SLM8__Nemvec	A7SLM8__Nemvec	1	full		TIG-E	I	434	no
cng	A7SLM9__Nemvec	A7SLM9__Nemvec	1	full		TIG-T	I	434	no
cng	A7SNW2__Nemvec	A7SNW2__Nemvec	1	full	SIGFG	TGE-S	G	434	no
cng	A8WI01__Caeele	A8WI01__Caeele	1	full		TLG-E	L	434	no
cng	A9VB25__Monbre	A9VB25__Monbre	1	full		DVGGE	V	434	no
cng	A9VCQ9__Monbre	A9VCQ9__Monbre	1	full		GAFVI	A	434	no
cng	B3S1X3__Triadh	B3S1X3__Triadh	1	full		TIG-E	I	434	no
cng	B8JHY6__Danrer	B8JHY6__Danrer	1	full	SIGFG	TIG-E	I	434	no
cng	E9FQW8__Dappul	E9FQW8__Dappul	1	full	AIGFG	TIG-E	I	434	no
cng	E9GW19__Dappul	E9GW19__Dappul	1	full		TIG-D	I	434	no
cng	E9H807__Dappul	E9H807__Dappul	1	full		KIG-K	I	434	no
cng	E9HH50__Dappul	E9HH50__Dappul	1	full		TTG-G	T	434	no
cng	F1LX27__Ratnor	F1LX27__Ratnor	1	full		TIG-G	I	434	no
cng	F6PG43__Mondom	F6PG43__Mondom	1	full		TIG-G	I	434	no
cng	F6R707__Ornana	F6R707__Ornana	1	full		TVG-D	V	434	no
cng	F6SPJ8__Ornana	F6SPJ8__Ornana	1	full	AVGFG	TIG-E	I	434	no
cng	F6TAP2__Cioint	F6TAP2__Cioint	1	full	AIGFG	TIG-E	I	434	no
cng	F6TBQ4__Xentro	F6TBQ4__Xentro	1	full	AIGFG	TIG-E	I	434	no
cng	F6VIY1__Xentro	F6VIY1__Xentro	1	full		TVG-D	V	434	no
cng	F6Z6F8__Ornana	F6Z6F8__Ornana	1	full		TIG-E	I	434	no
cng	F6Z9W5__Ornana	F6Z9W5__Ornana	1	full		TIG-G	I	434	no
cng	F7AR07__Mondom	F7AR07__Mondom	1	full	SIGFG	TIG-E	I	434	no
cng	F7EIJ8__Mondom	F7EIJ8__Mondom	1	full		-----	-	434	no
cng	F7EUQ9__Mondom	F7EUQ9__Mondom	1	full		TIG-E	I	434	no
cng	F7FCU2__Mondom	F7FCU2__Mondom	1	full		TVG-D	V	434	no
cng	G1KJT5__Anocar	G1KJT5__Anocar	1	full		TIG-G	I	434	no
cng	G1KLY2__Anocar	G1KLY2__Anocar	1	full		TIG-E	I	434	no
cng	G5EEE2__Caeele	G5EEE2__Caeele	1	full		STG-N	T	434	no
cng	H2S0B3__Takrub	H2S0B3__Takrub	1	full		MIA-E	I	434	no
cng	H2SUH5__Takrub	H2SUH5__Takrub	1	full	TIGFG	TIG-E	I	434	no
cng	H2TMF3__Takrub	H2TMF3__Takrub	1	full	SIGFG	TIG-E	I	434	no
cng	H2ULR2__Takrub	H2ULR2__Takrub	1	full		TVG-D	V	434	no
cng	H3A5H8__Latcha	H3A5H8__Latcha	1	full		TVG-D	V	434	no
cng	H3A9A8__Latcha	H3A9A8__Latcha	1	full	AIGFG	TIG-E	I	434	no
cng	H3AAZ8__Latcha	H3AAZ8__Latcha	1	full		TIG-G	I	434	no
cng	H3AIP1__Latcha	H3AIP1__Latcha	1	full		TIG-G	I	434	no
cng	H3B0L7__Latcha	H3B0L7__Latcha	1	full	SIGFG	TIG-E	I	434	no
cng	H3B226__Latcha	H3B226__Latcha	1	full	SIGFG	TIG-E	I	434	no
cng	H9GBP5__Anocar	H9GBP5__Anocar	1	full	AIGFG	TIG-E	I	434	no
cng	H9GHD3__Anocar	H9GHD3__Anocar	1	full		TVG-D	V	434	no
cng	H9GQC1__Anocar	H9GQC1__Anocar	1	full		TIG-E	I	434	no
cng	I7LT02__Tetthe	I7LT02__Tetthe	1	full	TVGYG	TVGYG	V	434	yes
cng	I7LTJ6__Tetthe	I7LTJ6__Tetthe	1	full		NAIVY	A	434	no
cng	I7LU08__Tetthe	I7LU08__Tetthe	1	full	TVGYG	TVGYG	V	434	yes
cng	I7LVA4__Tetthe	I7LVA4__Tetthe	1	full	TVGYG	TVGYG	V	434	yes
cng	I7LVI3__Tetthe	I7LVI3__Tetthe	1	full	TVGYG	TVGYG	V	434	yes
cng	I7LVV8__Tetthe	I7LVV8__Tetthe	1	full	TVGYG	TVGYG	V	434	yes
cng	I7LW55__Tetthe	I7LW55__Tetthe	1	full	TVGYG	TVGYG	V	434	yes
cng	I7LY21__Tetthe	I7LY21__Tetthe	1	full		GSSFG	S	434	no
cng	I7M039__Tetthe	I7M039__Tetthe	1	full	TVGYG	TVGYG	V	434	yes
cng	I7M0H3__Tetthe	I7M0H3__Tetthe	1	full	TIGYG	TIGYG	I	434	yes
cng	I7M1M6__Tetthe	I7M1M6__Tetthe	1	full	TIGYG	TIGYG	I	434	yes
cng	I7M6G3__Tetthe	I7M6G3__Tetthe	1	full		--MLN	-	434	no
cng	I7M7B4__Tetthe	I7M7B4__Tetthe	1	full	TVGYG	TVGYG	V	434	yes
cng	I7M7Z2__Tetthe	I7M7Z2__Tetthe	1	full	TLGYG	TLGYG	L	434	yes
cng	I7M8Y8__Tetthe	I7M8Y8__Tetthe	1	full	TVGYG	TVGYG	V	434	yes
cng	I7M953__Tetthe	I7M953__Tetthe	1	full	TIGYG	TIGYG	I	434	yes
cng	I7MAE8__Tetthe	I7MAE8__Tetthe	1	full	TVGYG	TVGYG	V	434	yes
cng	I7MAT8__Tetthe	I7MAT8__Tetthe	1	full	TVGYG	TVGYG	V	434	yes
cng	I7MAY4__Tetthe	I7MAY4__Tetthe	1	full	TVGYG	TVGYG	V	434	yes
cng	I7MB04__Tetthe	I7MB04__Tetthe	1	full	TVGYG	TVGYG	V	434	yes
cng	I7MCT5__Tetthe	I7MCT5__Tetthe	1	full	TIGYG	TIGYG	I	434	yes
cng	I7MDT3__Tetthe	I7MDT3__Tetthe	1	full	TVGYG	TVGYG	V	434	yes
cng	I7MFA9__Tetthe	I7MFA9__Tetthe	1	full	TIGYG	TIGYG	I	434	yes
cng	I7MFM3__Tetthe	I7MFM3__Tetthe	1	full	TVGLG	TVGLG	V	434	yes
cng	I7MFZ5__Tetthe	I7MFZ5__Tetthe	1	full	TVGYG	TVGYG	V	434	yes
cng	I7MG36__Tetthe	I7MG36__Tetthe	1	full	TVGYG	TVGYG	V	434	yes
cng	I7MGU7__Tetthe	I7MGU7__Tetthe	1	full	TIGFG	TIGFG	I	434	yes
cng	I7MKG1__Tetthe	I7MKG1__Tetthe	1	full	TIGYG	TIGYG	I	434	yes
cng	I7ML05__Tetthe	I7ML05__Tetthe	1	full	TIGYG	TIGYG	I	434	yes
cng	I7ML17__Tetthe	I7ML17__Tetthe	1	full	TVGYG	TVGYG	V	434	yes
cng	I7MMR0__Tetthe	I7MMR0__Tetthe	1	full	TVGYG	TVGYG	V	434	yes
cng	M9NEI3__Dromel	M9NEI3__Dromel	1	full		TIG-D	I	434	no
cng	O61827__Caeele	O61827__Caeele	1	full		TCG-Q	C	434	no
cng	Q229S2__Tetthe	Q229S2__Tetthe	1	full	TVGYG	TVGYG	V	434	yes
cng	Q229T3__Tetthe	Q229T3__Tetthe	1	full	TIGYG	TIGYG	I	434	yes
cng	Q22D28__Tetthe	Q22D28__Tetthe	1	full	TVGYG	TVGYG	V	434	yes
cng	Q22EI7__Tetthe	Q22EI7__Tetthe	1	full		NVIYG	V	434	no
cng	Q22KJ7__Tetthe	Q22KJ7__Tetthe	1	full	TVGYG	TVGYG	V	434	yes
cng	Q22KJ8__Tetthe	Q22KJ8__Tetthe	1	full	TVGYG	TVGYG	V	434	yes
cng	Q22N02__Tetthe	Q22N02__Tetthe	1	full	TVGFG	TVGFG	V	434	yes
cng	Q22N95__Tetthe	Q22N95__Tetthe	1	full	TVGYG	TVGYG	V	434	yes
cng	Q22SL6__Tetthe	Q22SL6__Tetthe	1	full		--TTG	-	434	no
cng	Q22U44__Tetthe	Q22U44__Tetthe	1	full	TIGYG	TIGYG	I	434	yes
cng	Q22VW7__Tetthe	Q22VW7__Tetthe	1	full	TVGYG	TVGYG	V	434	yes
cng	Q22XU4__Tetthe	Q22XU4__Tetthe	1	full	TVGYG	TVGYG	V	434	yes
cng	Q22YI7__Tetthe	Q22YI7__Tetthe	1	full		--STG	-	434	no
cng	Q231J0__Tetthe	Q231J0__Tetthe	1	full	TIGYG	TIGYG	I	434	yes
cng	Q232U7__Tetthe	Q232U7__Tetthe	1	full	TIGYG	TIGYG	I	434	yes
cng	Q233Q3__Tetthe	Q233Q3__Tetthe	1	full	TVGYG	TVGYG	V	434	yes
cng	Q233Q7__Tetthe	Q233Q7__Tetthe	1	full	TVGYG	TVGYG	V	434	yes
cng	Q235E1__Tetthe	Q235E1__Tetthe	1	full		SSYSS	S	434	no
cng	Q237N2__Tetthe	Q237N2__Tetthe	1	full	TVGYG	TVGYG	V	434	yes
cng	Q239Z5__Tetthe	Q239Z5__Tetthe	1	full	TVGYG	TVGYG	V	434	yes
cng	Q23AA6__Tetthe	Q23AA6__Tetthe	1	full	TVGYG	TVGYG	V	434	yes
cng	Q23AJ8__Tetthe	Q23AJ8__Tetthe	1	full		--TTG	-	434	no
cng	Q23AP2__Tetthe	Q23AP2__Tetthe	1	full	TVGLG	TVGLG	V	434	yes
cng	Q23EB1__Tetthe	Q23EB1__Tetthe	1	full	TVGYG	TVGYG	V	434	yes
cng	Q23EB2__Tetthe	Q23EB2__Tetthe	1	full	TVGYG	TVGYG	V	434	yes
cng	Q23EB7__Tetthe	Q23EB7__Tetthe	1	full	TVGYG	TVGYG	V	434	yes
cng	Q23K40__Tetthe	Q23K40__Tetthe	1	full	TVGFG	TVGFG	V	434	yes
cng	Q23R01__Tetthe	Q23R01__Tetthe	1	full	TVGYG	TVGYG	V	434	yes
cng	Q23R03__Tetthe	Q23R03__Tetthe	1	full	TVGYG	TVGYG	V	434	yes
cng	Q23R06__Tetthe	Q23R06__Tetthe	1	full	TVGYG	TVGYG	V	434	yes
cng	Q23R07__Tetthe	Q23R07__Tetthe	1	full	TVGYG	TVGYG	V	434	yes
cng	Q23R08__Tetthe	Q23R08__Tetthe	1	full	TVGYG	TVGYG	V	434	yes
cng	Q23U76__Tetthe	Q23U76__Tetthe	1	full	TVGYG	TVGYG	V	434	yes
cng	Q23YG4__Tetthe	Q23YG4__Tetthe	1	full	TIGYG	TIGYG	I	434	yes
cng	Q245W7__Tetthe	Q245W7__Tetthe	1	full		--MHN	-	434	no
cng	Q245W8__Tetthe	Q245W8__Tetthe	1	full		--VHN	-	434	no
cng	Q248C6__Tetthe	Q248C6__Tetthe	1	full	TTGLG	TIGYG	I	434	yes
cng	Q248D2__Tetthe	Q248D2__Tetthe	1	full	TIGYG	TIGYG	I	434	yes
cng	Q24BX3__Tetthe	Q24BX3__Tetthe	1	full		--LNV	-	434	no
cng	Q24C49__Tetthe	Q24C49__Tetthe	1	full		--ATG	-	434	no
cng	Q24CD2__Tetthe	Q24CD2__Tetthe	1	full	TVGFG	TVGFG	V	434	yes
cng	Q24GH5__Tetthe	Q24GH5__Tetthe	1	full	TVGYG	TVGYG	V	434	yes
cng	Q24GN9__Tetthe	Q24GN9__Tetthe	1	full	TVGYG	TVGYG	V	434	yes
cng	Q7Z205__Caeele	Q7Z205__Caeele	1	full		TLG-E	L	434	no
cng	Q9N4C1__Caeele	Q9N4C1__Caeele	1	full		KCG-Q	C	434	no
cng	Q9W2D5__Dromel	Q9W2D5__Dromel	1	full		SIG-K	I	434	no
cng	V3ZRE4__Lotgig	V3ZRE4__Lotgig	1	full		AIG-D	I	434	no
cng	V4AXB6__Lotgig	V4AXB6__Lotgig	1	full	AIGFG	TIG-E	I	434	no
cng	V4C8W9__Lotgig	V4C8W9__Lotgig	1	full		SIG-N	I	434	no
cng	V4CCP0__Lotgig	V4CCP0__Lotgig	1	full		TIG-E	I	434	no
cng	W7X0R1__Tetthe	W7X0R1__Tetthe	1	full	TIGYG	TIGYG	I	434	yes
cng	W7X2T7__Tetthe	W7X2T7__Tetthe	1	full	TIGYG	TIGYG	I	434	yes
cng	W7X482__Tetthe	W7X482__Tetthe	1	full	TLGYG	TLGYG	L	434	yes
cng	W7X5G0__Tetthe	W7X5G0__Tetthe	1	full	TIGYG	TIGYG	I	434	yes
cng	W7X6G1__Tetthe	W7X6G1__Tetthe	1	full	TVGYG	TVGYG	V	434	yes
cng	W7X6R4__Tetthe	W7X6R4__Tetthe	1	full		--MNT	-	434	no
cng	W7X8F8__Tetthe	W7X8F8__Tetthe	1	full	TVGYG	TVGYG	V	434	yes
cng	W7X8W2__Tetthe	W7X8W2__Tetthe	1	full		TVGNG	V	434	no
cng	W7XAF6__Tetthe	W7XAF6__Tetthe	1	full	TIGYG	TIGYG	I	434	yes
cng	W7XAS1__Tetthe	W7XAS1__Tetthe	1	full		--TTG	-	434	no
cng	W7XB07__Tetthe	W7XB07__Tetthe	1	full	TIGYG	TIGYG	I	434	yes
cng	W7XEE0__Tetthe	W7XEE0__Tetthe	1	full	TVGYG	TVGYG	V	434	yes
cng	W7XFG0__Tetthe	W7XFG0__Tetthe	1	full	TIGFG	TIGFG	I	434	yes
cng	W7XI67__Tetthe	W7XI67__Tetthe	1	full		--ATG	-	434	no
cng	W7XIU2__Tetthe	W7XIU2__Tetthe	1	full	TIGYG	TIGYG	I	434	yes
cng	W7XJA8__Tetthe	W7XJA8__Tetthe	1	full		NSYSS	S	434	no
cng	W7XK36__Tetthe	W7XK36__Tetthe	1	full	TVGYG	TVGYG	V	434	yes
cng	W7XL09__Tetthe	W7XL09__Tetthe	1	full	TIGYG	TIGYG	I	434	yes
cng	GCA_964187895.1_OZ076463.1_10527694-11302650-__Corasp	GCA_964187895.1_OZ076463.1_10527694-11302650-__Corasp	1	full	AIGFG	TIG-E	I	434	no
cng	GCA_964187895.1_OZ076459.1_78264321-78470064___Corasp	GCA_964187895.1_OZ076459.1_78264321-78470064___Corasp	1	full		TIG-D	I	434	no
cng	GCA_964187895.1_OZ076450.1_82760141-82886736-__Corasp	GCA_964187895.1_OZ076450.1_82760141-82886736-__Corasp	1	full		TIG-D	I	434	no
cng	GCA_964187895.1_OZ076468.1_271612-852790___Corasp	GCA_964187895.1_OZ076468.1_271612-852790___Corasp	1	full	ALGFG	TIG-E	I	434	no
cng	GCA_977017645.1_OZ360219.1_191802614-192746776-__Tormar	GCA_977017645.1_OZ360219.1_191802614-192746776-__Tormar	1	full	AIGFG	TIG-E	I	434	no
cng	GCA_977017645.1_OZ360226.1_106761646-107651755-__Tormar	GCA_977017645.1_OZ360226.1_106761646-107651755-__Tormar	1	full	SIGFG	TIG-E	I	434	no
cng	GCA_977017645.1_OZ360238.1_15010258-15333837-__Tormar	GCA_977017645.1_OZ360238.1_15010258-15333837-__Tormar	1	full		TIG-G	I	434	no
hcn	O60741__Homsap	O60741__Homsap	1	full	CIGYG	CIGYG	I	434	yes
hcn	O70507__Musmus	O70507__Musmus	1	full	CIGYG	CIGYG	I	434	yes
hcn	O88703__Musmus	O88703__Musmus	1	full	CIGYG	CIGYG	I	434	yes
hcn	O88704__Musmus	O88704__Musmus	1	full	CIGYG	CIGYG	I	434	yes
hcn	O88705__Musmus	O88705__Musmus	1	full	CIGYG	CIGYG	I	434	yes
hcn	Q9JKA7__Ratnor	Q9JKA7__Ratnor	1	full	CIGYG	CIGYG	I	434	yes
hcn	Q9JKA8__Ratnor	Q9JKA8__Ratnor	1	full	CIGYG	CIGYG	I	434	yes
hcn	Q9JKA9__Ratnor	Q9JKA9__Ratnor	1	full	CIGYG	CIGYG	I	434	yes
hcn	Q9JKB0__Ratnor	Q9JKB0__Ratnor	1	full	CIGYG	CIGYG	I	434	yes
hcn	Q9P1Z3__Homsap	Q9P1Z3__Homsap	1	full	CIGYG	CIGYG	I	434	yes
hcn	Q9UL51__Homsap	Q9UL51__Homsap	1	full	CIGYG	CIGYG	I	434	yes
hcn	Q9Y3Q4__Homsap	Q9Y3Q4__Homsap	1	full	CIGYG	CIGYG	I	434	yes
hcn	A0A2K3DB39__Chlrei	A0A2K3DB39__Chlrei	1	full		GSNVD	S	434	no
hcn	A0A4W3GH47__Calmil	A0A4W3GH47__Calmil	1	full		-----	-	434	no
hcn	A0A4W3IAG1__Calmil	A0A4W3IAG1__Calmil	1	full	CIGYG	CIGYG	I	434	yes
hcn	A0A4W3K9W4__Calmil	A0A4W3K9W4__Calmil	1	full	CIGYG	CIGYG	I	434	yes
hcn	A0A674MJT9__Takrub	A0A674MJT9__Takrub	1	full	CIGYG	CIGYG	I	434	yes
hcn	A0A674MWA1__Takrub	A0A674MWA1__Takrub	1	full	CIGYG	CIGYG	I	434	yes
hcn	A0A674N9Q7__Takrub	A0A674N9Q7__Takrub	1	full	CIGYG	CIGYG	I	434	yes
hcn	A0A674NN74__Takrub	A0A674NN74__Takrub	1	full	CIGYG	CIGYG	I	434	yes
hcn	A0A674NWA2__Takrub	A0A674NWA2__Takrub	1	full	CIGYG	CIGYG	I	434	yes
hcn	A0A6I8MZ99__Ornana	A0A6I8MZ99__Ornana	1	full	CIGYG	CIGYG	I	434	yes
hcn	A0A6I8NBZ8__Ornana	A0A6I8NBZ8__Ornana	1	full	CIGYG	CIGYG	I	434	yes
hcn	A0A6I8NZZ3__Ornana	A0A6I8NZZ3__Ornana	1	full	CIGYG	CIGYG	I	434	yes
hcn	A0A7M6UNH6__Strpur	A0A7M6UNH6__Strpur	1	full	CIGYG	CIGYG	I	434	yes
hcn	A0A8J0QZ60__Xentro	A0A8J0QZ60__Xentro	1	full	CIGYG	CIGYG	I	434	yes
hcn	A0A8J0T2N6__Xentro	A0A8J0T2N6__Xentro	1	full	CIGYG	CIGYG	I	434	yes
hcn	A0A8J1JZ60__Xentro	A0A8J1JZ60__Xentro	1	full	CIGYG	CIGYG	I	434	yes
hcn	A0A8M9PBF9__Danrer	A0A8M9PBF9__Danrer	1	full	CIGYG	CIGYG	I	434	yes
hcn	A0A8N7T6V3__Danrer	A0A8N7T6V3__Danrer	1	full	CIGYG	CIGYG	I	434	yes
hcn	A0A8N7TEJ3__Danrer	A0A8N7TEJ3__Danrer	1	full	CIGYG	CIGYG	I	434	yes
hcn	A0A8N7UQR8__Danrer	A0A8N7UQR8__Danrer	1	full	CIGYG	CIGYG	I	434	yes
hcn	A0A8V0ZDQ7__Galgal	A0A8V0ZDQ7__Galgal	1	full	CIGYG	CIGYG	I	434	yes
hcn	A0A8V1A6I2__Galgal	A0A8V1A6I2__Galgal	1	full	CIGYG	CIGYG	I	434	yes
hcn	A0A8V1AGR5__Galgal	A0A8V1AGR5__Galgal	1	full	CIGYG	CIGYG	I	434	yes
hcn	A0A9J7KNR1__Braflo	A0A9J7KNR1__Braflo	1	full	CIGYG	CIGYG	I	434	yes
hcn	A0AAJ7T1M1__Petmar	A0AAJ7T1M1__Petmar	1	full	CIGYG	CIGYG	I	434	yes
hcn	A0AAJ7WQR8__Petmar	A0AAJ7WQR8__Petmar	1	full	CIGYG	CIGYG	I	434	yes
hcn	A0AAJ7XCH2__Petmar	A0AAJ7XCH2__Petmar	1	full	CIGYG	CIGYG	I	434	yes
hcn	A0AAV2HNG1__Lymsta	A0AAV2HNG1__Lymsta	1	full	CIGYG	CIGYG	I	434	yes
hcn	A0AB32TAQ9__Danrer	A0AB32TAQ9__Danrer	1	full	CIGYG	CIGYG	I	434	yes
hcn	A0ABM0GHE6__Aplcal	A0ABM0GHE6__Aplcal	1	full	CIGYG	CIGYG	I	434	yes
hcn	A0AC58HI71__Danrer	A0AC58HI71__Danrer	1	full	CIGYG	CIGYG	I	434	yes
hcn	A0ACM8AAB6__Petmar	A0ACM8AAB6__Petmar	1	full	CIGYG	CIGYG	I	434	yes
hcn	A1Z9N7__Dromel	A1Z9N7__Dromel	1	full	CIGYG	CIGYG	I	434	yes
hcn	F1N9K1__Galgal	F1N9K1__Galgal	1	full	CIGYG	CIGYG	I	434	yes
hcn	F6NQL8__Danrer	F6NQL8__Danrer	1	full	CIGYG	CIGYG	I	434	yes
hcn	F6VD23__Mondom	F6VD23__Mondom	1	full	CIGYG	CIGYG	I	434	yes
hcn	F6XHS5__Mondom	F6XHS5__Mondom	1	full	CIGYG	CIGYG	I	434	yes
hcn	F6XY65__Xentro	F6XY65__Xentro	1	full	CIGYG	CIGYG	I	434	yes
hcn	F7C1B1__Mondom	F7C1B1__Mondom	1	full	CIGYG	CIGYG	I	434	yes
hcn	G1KL10__Anocar	G1KL10__Anocar	1	full	CIGYG	CIGYG	I	434	yes
hcn	H2SKR7__Takrub	H2SKR7__Takrub	1	full	CIGYG	CIGYG	I	434	yes
hcn	H2VAK5__Takrub	H2VAK5__Takrub	1	full	CIGYG	CIGYG	I	434	yes
hcn	H2ZWQ5__Latcha	H2ZWQ5__Latcha	1	full	CIGYG	CIGYG	I	434	yes
hcn	H3AWT8__Latcha	H3AWT8__Latcha	1	full	CIGYG	CIGYG	I	434	yes
hcn	H3B5W3__Latcha	H3B5W3__Latcha	1	absent					no
hcn	L7MZQ3__Anocar	L7MZQ3__Anocar	1	full	CIGYG	CIGYG	I	434	yes
hcn	V4ACG9__Lotgig	V4ACG9__Lotgig	1	full	CIGYG	CIGYG	I	434	yes
hcn	GCA_964187895.1_OZ076446.1_34600112-35653617-__Corasp	GCA_964187895.1_OZ076446.1_34600112-35653617-__Corasp	1	full	CIGYG	CIGYG	I	434	yes
hcn	GCA_964187895.1_OZ076444.1_156207030-157274361___Corasp	GCA_964187895.1_OZ076444.1_156207030-157274361___Corasp	1	full	CIGYG	CIGYG	I	434	yes
hcn	GCA_000187875.1_GL732543.1_620808-711654___Dappul	GCA_000187875.1_GL732543.1_620808-711654___Dappul	1	full	CIGYG	CIGYG	I	434	yes
hcn	GCA_977017645.1_OZ360219.1_232834760-234172456___Tormar	GCA_977017645.1_OZ360219.1_232834760-234172456___Tormar	1	full	CIGYG	CIGYG	I	434	yes
hcn	GCA_977017645.1_OZ360253.1_23064242-24378332___Tormar	GCA_977017645.1_OZ360253.1_23064242-24378332___Tormar	1	full	CIGYG	CIGYG	I	434	yes
trpc	O35119__Ratnor	O35119__Ratnor	1	full		GLNLY	L	434	no
trpc	P19334__Dromel	P19334__Dromel	1	full		GLDLV	L	434	no
trpc	P34586__Caeele	P34586__Caeele	1	full		SIKPE	I	434	no
trpc	P48994__Dromel	P48994__Dromel	1	full		GMGLD	M	434	no
trpc	P48995__Homsap	P48995__Homsap	1	full		SLAHV	L	434	no
trpc	Q13507__Homsap	Q13507__Homsap	1	full		GLEVT	L	434	no
trpc	Q61056__Musmus	Q61056__Musmus	1	full		SLAHV	L	434	no
trpc	Q61143__Musmus	Q61143__Musmus	1	full		GLEVK	L	434	no
trpc	Q9HCX4__Homsap	Q9HCX4__Homsap	1	full		GLEVI	L	434	no
trpc	Q9JMI9__Ratnor	Q9JMI9__Ratnor	1	full		GLEVT	L	434	no
trpc	Q9QUQ5__Musmus	Q9QUQ5__Musmus	1	full		GLNLY	L	434	no
trpc	Q9QX01__Ratnor	Q9QX01__Ratnor	1	full		SLAHV	L	434	no
trpc	Q9QX29__Musmus	Q9QX29__Musmus	1	full		GLNLY	L	434	no
trpc	Q9QZC1__Musmus	Q9QZC1__Musmus	1	full		GLEVT	L	434	no
trpc	Q9R244__Musmus	Q9R244__Musmus	1	full		GMEHT	M	434	no
trpc	Q9R283__Ratnor	Q9R283__Ratnor	1	full		GMEHS	M	434	no
trpc	Q9UBN4__Homsap	Q9UBN4__Homsap	1	full		GLNLY	L	434	no
trpc	Q9UL62__Homsap	Q9UL62__Homsap	1	full		GLNLY	L	434	no
trpc	Q9VJJ7__Dromel	Q9VJJ7__Dromel	1	full		GLDLD	L	434	no
trpc	Q9WVC5__Musmus	Q9WVC5__Musmus	1	full		GLEVI	L	434	no
trpc	Q9Y210__Homsap	Q9Y210__Homsap	1	full		GLEVK	L	434	no
trpc	A0A0R4IM91__Danrer	A0A0R4IM91__Danrer	1	full		GLSLY	L	434	no
trpc	A0A4W3HAH6__Calmil	A0A4W3HAH6__Calmil	1	full		SLAHV	L	434	no
trpc	A0A4W3HDJ9__Calmil	A0A4W3HDJ9__Calmil	1	full		GLEVI	L	434	no
trpc	A0A4W3HV36__Calmil	A0A4W3HV36__Calmil	1	full		GLEVS	L	434	no
trpc	A0A4W3IG68__Calmil	A0A4W3IG68__Calmil	1	full		GMEPK	M	434	no
trpc	A0A4W3IKF4__Calmil	A0A4W3IKF4__Calmil	1	full		GLEVK	L	434	no
trpc	A0A4W3JCR9__Calmil	A0A4W3JCR9__Calmil	1	full		GLNLY	L	434	no
trpc	A0A4W3JN76__Calmil	A0A4W3JN76__Calmil	1	full		GLNLY	L	434	no
trpc	A0A5F8GPI0__Mondom	A0A5F8GPI0__Mondom	1	full		SLAHV	L	434	no
trpc	A0A674MGY6__Takrub	A0A674MGY6__Takrub	1	full		GLSLY	L	434	no
trpc	A0A674MJM4__Takrub	A0A674MJM4__Takrub	1	full		SLAHI	L	434	no
trpc	A0A674MM39__Takrub	A0A674MM39__Takrub	1	full		GLEVK	L	434	no
trpc	A0A674N0R5__Takrub	A0A674N0R5__Takrub	1	full		GVNQD	V	434	no
trpc	A0A674N1A0__Takrub	A0A674N1A0__Takrub	1	full		GVNQD	V	434	no
trpc	A0A674PGX6__Takrub	A0A674PGX6__Takrub	1	full		GLEVR	L	434	no
trpc	A0A6D2WSK7__Takrub	A0A6D2WSK7__Takrub	1	full		GLSLY	L	434	no
trpc	A0A6I8N4A5__Ornana	A0A6I8N4A5__Ornana	1	full		SLAHV	L	434	no
trpc	A0A6I8NNR3__Ornana	A0A6I8NNR3__Ornana	1	full		GMEHS	M	434	no
trpc	A0A6I8SHG4__Xentro	A0A6I8SHG4__Xentro	1	full		SLAHV	L	434	no
trpc	A0A7M7GKZ9__Strpur	A0A7M7GKZ9__Strpur	1	full		GESVD	E	434	no
trpc	A0A7M7HDZ7__Strpur	A0A7M7HDZ7__Strpur	1	full		GLDRD	L	434	no
trpc	A0A7M7HKX2__Strpur	A0A7M7HKX2__Strpur	1	full		GLSLS	L	434	no
trpc	A0A7M7N4Z2__Strpur	A0A7M7N4Z2__Strpur	1	full		GLNPS	L	434	no
trpc	A0A7M7NAW4__Strpur	A0A7M7NAW4__Strpur	1	full		GMGID	M	434	no
trpc	A0A7M7NDV4__Strpur	A0A7M7NDV4__Strpur	1	full		AVRGQ	V	434	no
trpc	A0A7M7NE40__Strpur	A0A7M7NE40__Strpur	1	full		AVRGQ	V	434	no
trpc	A0A7M7NEL3__Strpur	A0A7M7NEL3__Strpur	1	full		GD---	D	434	no
trpc	A0A7M7NGW0__Strpur	A0A7M7NGW0__Strpur	1	full		GQQVS	Q	434	no
trpc	A0A7M7NIH4__Strpur	A0A7M7NIH4__Strpur	1	full		GLQNT	L	434	no
trpc	A0A7M7P7S9__Strpur	A0A7M7P7S9__Strpur	1	full		GESVD	E	434	no
trpc	A0A7M7PL58__Strpur	A0A7M7PL58__Strpur	1	full		GLDMN	L	434	no
trpc	A0A7M7PQM1__Strpur	A0A7M7PQM1__Strpur	1	full		GLEMN	L	434	no
trpc	A0A7M7RBA1__Strpur	A0A7M7RBA1__Strpur	1	full		GLDAA	L	434	no
trpc	A0A7M7RGD2__Strpur	A0A7M7RGD2__Strpur	1	full		GLDPS	L	434	no
trpc	A0A7M7SUY8__Strpur	A0A7M7SUY8__Strpur	1	full		GLSES	L	434	no
trpc	A0A7M7SVU7__Strpur	A0A7M7SVU7__Strpur	1	full		GD---	D	434	no
trpc	A0A803JVP3__Xentro	A0A803JVP3__Xentro	1	full		GLEVT	L	434	no
trpc	A0A803KC62__Xentro	A0A803KC62__Xentro	1	full		GLNLY	L	434	no
trpc	A0A803TFD5__Anocar	A0A803TFD5__Anocar	1	full		GLEVI	L	434	no
trpc	A0A8J1J549__Xentro	A0A8J1J549__Xentro	1	partial					no
trpc	A0A8M1N7L4__Danrer	A0A8M1N7L4__Danrer	1	full		GMDQT	M	434	no
trpc	A0A8M1NVB3__Danrer	A0A8M1NVB3__Danrer	1	full		SLAHV	L	434	no
trpc	A0A8M1P0G4__Danrer	A0A8M1P0G4__Danrer	1	full		GLEVS	L	434	no
trpc	A0A8M1RKV1__Danrer	A0A8M1RKV1__Danrer	1	full		GLEVK	L	434	no
trpc	A0A8M3AXK0__Danrer	A0A8M3AXK0__Danrer	1	full		GLNLY	L	434	no
trpc	A0A8M6Z1M8__Danrer	A0A8M6Z1M8__Danrer	1	full		GMNQG	M	434	no
trpc	A0A8V0X594__Galgal	A0A8V0X594__Galgal	1	full		GLNLY	L	434	no
trpc	A0A8V0XJK0__Galgal	A0A8V0XJK0__Galgal	1	full		GLEVT	L	434	no
trpc	A0A8V0XUZ1__Galgal	A0A8V0XUZ1__Galgal	1	full		GLEVK	L	434	no
trpc	A0A8V0YFR1__Galgal	A0A8V0YFR1__Galgal	1	full		GLNLY	L	434	no
trpc	A0A8V0YLU5__Galgal	A0A8V0YLU5__Galgal	1	full		SLAHV	L	434	no
trpc	A0A8V0Z017__Galgal	A0A8V0Z017__Galgal	1	full		GLEVI	L	434	no
trpc	A0A9J7L410__Braflo	A0A9J7L410__Braflo	1	full		GVDLT	V	434	no
trpc	A0A9J7L6Q9__Braflo	A0A9J7L6Q9__Braflo	1	full		GKDFT	K	434	no
trpc	A0A9J7L6R4__Braflo	A0A9J7L6R4__Braflo	1	full		GIDLS	I	434	no
trpc	A0A9J7L728__Braflo	A0A9J7L728__Braflo	1	full		GVDLS	V	434	no
trpc	A0A9J7L7D7__Braflo	A0A9J7L7D7__Braflo	1	absent					no
trpc	A0A9J7L8A0__Braflo	A0A9J7L8A0__Braflo	1	full		GIDLS	I	434	no
trpc	A0A9J7LD61__Braflo	A0A9J7LD61__Braflo	1	full		GSPTN	S	434	no
trpc	A0A9J7LEV7__Braflo	A0A9J7LEV7__Braflo	1	full		KLGQE	L	434	no
trpc	A0A9J7LEZ4__Braflo	A0A9J7LEZ4__Braflo	1	full		GMELD	M	434	no
trpc	A0A9J7LIG1__Braflo	A0A9J7LIG1__Braflo	1	full		GLPLT	L	434	no
trpc	A0A9J7LIW5__Braflo	A0A9J7LIW5__Braflo	1	full		GLNLY	L	434	no
trpc	A0A9J7LXP6__Braflo	A0A9J7LXP6__Braflo	1	full		GLSKD	L	434	no
trpc	A0A9J7M4Z2__Braflo	A0A9J7M4Z2__Braflo	1	full		SMAHV	M	434	no
trpc	A0A9J7MLQ3__Braflo	A0A9J7MLQ3__Braflo	1	full		GIDLS	I	434	no
trpc	A0A9J7MQQ4__Braflo	A0A9J7MQQ4__Braflo	1	full		GKEFT	K	434	no
trpc	A0A9J7MR38__Braflo	A0A9J7MR38__Braflo	1	full		VIGYG	I	434	no
trpc	A0A9J7MS31__Braflo	A0A9J7MS31__Braflo	1	partial					no
trpc	A0A9J7MVU3__Braflo	A0A9J7MVU3__Braflo	1	full		GLEVK	L	434	no
trpc	A0A9J7N5B4__Braflo	A0A9J7N5B4__Braflo	1	full		GLAKD	L	434	no
trpc	A0AAJ7T4P0__Petmar	A0AAJ7T4P0__Petmar	1	full		GLNLY	L	434	no
trpc	A0AAJ7T6V5__Petmar	A0AAJ7T6V5__Petmar	1	full		GLGVD	L	434	no
trpc	A0AAJ7T974__Petmar	A0AAJ7T974__Petmar	1	full		GLNLY	L	434	no
trpc	A0AAJ7UAD8__Petmar	A0AAJ7UAD8__Petmar	1	full		SLAHV	L	434	no
trpc	A0AAJ7UBW5__Petmar	A0AAJ7UBW5__Petmar	1	full		GMDRR	M	434	no
trpc	A0AAJ7UDV7__Petmar	A0AAJ7UDV7__Petmar	1	full		GLEVA	L	434	no
trpc	A0AAV2H8N6__Lymsta	A0AAV2H8N6__Lymsta	1	full		GLDVR	L	434	no
trpc	A0AAV2HA44__Lymsta	A0AAV2HA44__Lymsta	1	full		GREDK	R	434	no
trpc	A0AAV2HG16__Lymsta	A0AAV2HG16__Lymsta	1	full		GREPD	R	434	no
trpc	A0AAV2IEP2__Lymsta	A0AAV2IEP2__Lymsta	1	full		GMNSQ	M	434	no
trpc	A0AAV2IJJ8__Lymsta	A0AAV2IJJ8__Lymsta	1	full		GLDLD	L	434	no
trpc	A0ABK0M635__Ratnor	A0ABK0M635__Ratnor	1	full		GLEVK	L	434	no
trpc	A0ABM0ZUX7__Aplcal	A0ABM0ZUX7__Aplcal	1	full		GLDLD	L	434	no
trpc	A0ABM1VRX0__Aplcal	A0ABM1VRX0__Aplcal	1	absent					no
trpc	A0ABM1VUU3__Aplcal	A0ABM1VUU3__Aplcal	1	full		GMSVS	M	434	no
trpc	A0ABM1VWT5__Aplcal	A0ABM1VWT5__Aplcal	1	full		SLTPS	L	434	no
trpc	A0ABM1VYU9__Aplcal	A0ABM1VYU9__Aplcal	1	full		GRKRE	R	434	no
trpc	A0ABM4DJ03__Hydvul	A0ABM4DJ03__Hydvul	1	full		NLGLD	L	434	no
trpc	A0AC58GIR7__Danrer	A0AC58GIR7__Danrer	1	full		GLALH	L	434	no
trpc	A0AC58GKD4__Danrer	A0AC58GKD4__Danrer	1	full		GLEVI	L	434	no
trpc	A0AC58H5H2__Danrer	A0AC58H5H2__Danrer	1	full		GLEVI	L	434	no
trpc	A0AC58I9M9__Danrer	A0AC58I9M9__Danrer	1	full		GLEVK	L	434	no
trpc	A0AC58IBC9__Danrer	A0AC58IBC9__Danrer	1	full		GLNLY	L	434	no
trpc	A0ACM8Q208__Ratnor	A0ACM8Q208__Ratnor	1	full		GLNLY	L	434	no
trpc	A7RH68__Nemvec	A7RH68__Nemvec	1	partial					no
trpc	A7RJX1__Nemvec	A7RJX1__Nemvec	1	full		DKELE	K	434	no
trpc	A7RSZ7__Nemvec	A7RSZ7__Nemvec	1	full		DMGLD	M	434	no
trpc	A9V4X3__Monbre	A9V4X3__Monbre	1	full		GLELG	L	434	no
trpc	E9G3A4__Dappul	E9G3A4__Dappul	1	full		GLDLQ	L	434	no
trpc	E9GT78__Dappul	E9GT78__Dappul	1	full		GLDLG	L	434	no
trpc	E9GZL1__Dappul	E9GZL1__Dappul	1	full		GLDLD	L	434	no
trpc	F1LQF7__Ratnor	F1LQF7__Ratnor	1	full		GLEVI	L	434	no
trpc	F6SU74__Cioint	F6SU74__Cioint	1	full		GYPTA	Y	434	no
trpc	F6TA59__Mondom	F6TA59__Mondom	1	full		GLNLY	L	434	no
trpc	F6U734__Cioint	F6U734__Cioint	1	full		GQNID	Q	434	no
trpc	F6V4A4__Xentro	F6V4A4__Xentro	1	full		GLEVK	L	434	no
trpc	F6V6Z5__Xentro	F6V6Z5__Xentro	1	full		GLNLY	L	434	no
trpc	F6VDU4__Cioint	F6VDU4__Cioint	1	full		GHDIA	H	434	no
trpc	F6XN03__Mondom	F6XN03__Mondom	1	full		GLEVK	L	434	no
trpc	F6XTG1__Ornana	F6XTG1__Ornana	1	full		GLEVT	L	434	no
trpc	F6XZZ3__Ornana	F6XZZ3__Ornana	1	full		GLNLY	L	434	no
trpc	F6ZEH0__Mondom	F6ZEH0__Mondom	1	full		GMEHS	M	434	no
trpc	F7AT60__Mondom	F7AT60__Mondom	1	absent					no
trpc	F7B2E9__Ornana	F7B2E9__Ornana	1	full		GLEVK	L	434	no
trpc	F7BAZ0__Ornana	F7BAZ0__Ornana	1	full		GLNLY	L	434	no
trpc	F7CZL9__Mondom	F7CZL9__Mondom	1	full		GLEVI	L	434	no
trpc	F7E7D6__Ornana	F7E7D6__Ornana	1	full		GLEVI	L	434	no
trpc	F7GJV8__Mondom	F7GJV8__Mondom	1	full		GLEVT	L	434	no
trpc	G1KD53__Anocar	G1KD53__Anocar	1	full		SLAHV	L	434	no
trpc	G1KME8__Anocar	G1KME8__Anocar	1	full		GLEVT	L	434	no
trpc	G1KMX6__Anocar	G1KMX6__Anocar	1	full		GLEVK	L	434	no
trpc	G1KU62__Anocar	G1KU62__Anocar	1	full		GLNLY	L	434	no
trpc	G5EF09__Caeele	G5EF09__Caeele	1	full		GYTFT	Y	434	no
trpc	H2TGM5__Takrub	H2TGM5__Takrub	1	full		GLEVI	L	434	no
trpc	H2UBH9__Takrub	H2UBH9__Takrub	1	full		GLNLY	L	434	no
trpc	H2XK29__Cioint	H2XK29__Cioint	1	partial					no
trpc	H2XRS2__Cioint	H2XRS2__Cioint	1	full		GHDIT	H	434	no
trpc	H2XS61__Cioint	H2XS61__Cioint	1	full		QQADA	Q	434	no
trpc	H2ZV05__Latcha	H2ZV05__Latcha	1	full		GLEVK	L	434	no
trpc	H2ZXH2__Latcha	H2ZXH2__Latcha	1	full		GLNLY	L	434	no
trpc	H3A1P8__Latcha	H3A1P8__Latcha	1	full		GLEVI	L	434	no
trpc	H3A6A4__Latcha	H3A6A4__Latcha	1	full		GLEVT	L	434	no
trpc	H3A8E9__Latcha	H3A8E9__Latcha	1	full		GMEHS	M	434	no
trpc	H3ATN1__Latcha	H3ATN1__Latcha	1	full		SLAHV	L	434	no
trpc	H9GK00__Anocar	H9GK00__Anocar	1	full		GLNLY	L	434	no
trpc	Q8I6Y9__Caeele	Q8I6Y9__Caeele	1	full		GLDLT	L	434	no
trpc	V4A7H8__Lotgig	V4A7H8__Lotgig	1	full		GREPG	R	434	no
trpc	V4AET5__Lotgig	V4AET5__Lotgig	1	full		SLPPK	L	434	no
trpc	V4AQE6__Lotgig	V4AQE6__Lotgig	1	full		GMETS	M	434	no
trpc	V4B2L8__Lotgig	V4B2L8__Lotgig	1	full		GREPT	R	434	no
trpc	GCA_964187895.1_OZ076463.1_19504106-20090064___Corasp	GCA_964187895.1_OZ076463.1_19504106-20090064___Corasp	1	full		SLAPN	L	434	no
trpc	GCA_964187895.1_OZ076464.1_58811533-58909826___Corasp	GCA_964187895.1_OZ076464.1_58811533-58909826___Corasp	1	full		GIDIS	I	434	no
trpc	GCA_964187895.1_OZ076447.1_94844571-94944527___Corasp	GCA_964187895.1_OZ076447.1_94844571-94944527___Corasp	1	full		GQS--	Q	434	no
trpc	GCA_964187895.1_OZ076468.1_20605645-21404812___Corasp	GCA_964187895.1_OZ076468.1_20605645-21404812___Corasp	1	full		GLDLD	L	434	no
trpc	GCA_964187895.1_OZ076468.1_9338057-10057131-__Corasp	GCA_964187895.1_OZ076468.1_9338057-10057131-__Corasp	1	full		SLAPN	L	434	no
trpc	GCA_964187895.1_OZ076470.1_31512328-32344216-__Corasp	GCA_964187895.1_OZ076470.1_31512328-32344216-__Corasp	1	full		GREPE	R	434	no
trpc	GCA_977017645.1_OZ360219.1_150365666-150664001___Tormar	GCA_977017645.1_OZ360219.1_150365666-150664001___Tormar	1	full		GLEVS	L	434	no
trpc	GCA_977017645.1_OZ360226.1_67245167-67393519___Tormar	GCA_977017645.1_OZ360226.1_67245167-67393519___Tormar	1	full		GLEVK	L	434	no
trpc	GCA_977017645.1_OZ360226.1_120585133-121368590___Tormar	GCA_977017645.1_OZ360226.1_120585133-121368590___Tormar	1	full		GLNLY	L	434	no
trpc	GCA_977017645.1_OZ360234.1_2537287-3468841-__Tormar	GCA_977017645.1_OZ360234.1_2537287-3468841-__Tormar	1	full		GLSLY	L	434	no
trpc	GCA_977017645.1_OZ360232.1_5957534-6546004___Tormar	GCA_977017645.1_OZ360232.1_5957534-6546004___Tormar	1	full		GLEVI	L	434	no
trpc	GCA_977017645.1_OZ360230.1_44166668-44251257___Tormar	GCA_977017645.1_OZ360230.1_44166668-44251257___Tormar	1	full		SLAHV	L	434	no
trpv	A0A1D5PXA5__Galgal	A0A1D5PXA5__Galgal	1	full		GMDLE	M	434	no
trpv	O35433__Ratnor	O35433__Ratnor	1	full		GMDLE	M	434	no
trpv	P69744__Musmus	P69744__Musmus	1	full		TINYR	I	434	no
trpv	Q704Y3__Musmus	Q704Y3__Musmus	1	full		GMDLE	M	434	no
trpv	Q8K424__Musmus	Q8K424__Musmus	1	full	TIGLG	GLDLN	L	434	no
trpv	Q8NER1__Homsap	Q8NER1__Homsap	1	full		GMDLE	M	434	no
trpv	Q8NET8__Homsap	Q8NET8__Homsap	1	full	TIGLG	GLDLN	L	434	no
trpv	Q91WD2__Musmus	Q91WD2__Musmus	1	full		TINYD	I	434	no
trpv	Q9EPK8__Musmus	Q9EPK8__Musmus	1	full		GMDLE	M	434	no
trpv	Q9ERZ8__Ratnor	Q9ERZ8__Ratnor	1	full		GMDLE	M	434	no
trpv	Q9H1D0__Homsap	Q9H1D0__Homsap	1	full		TINYN	I	434	no
trpv	Q9HBA0__Homsap	Q9HBA0__Homsap	1	full		GMDLE	M	434	no
trpv	Q9JIP0__Ratnor	Q9JIP0__Ratnor	1	full		TINYS	I	434	no
trpv	Q9NQA5__Homsap	Q9NQA5__Homsap	1	full		TVNYD	V	434	no
trpv	Q9R186__Ratnor	Q9R186__Ratnor	1	full		TINYD	I	434	no
trpv	Q9WTR1__Musmus	Q9WTR1__Musmus	1	full		GMELA	M	434	no
trpv	Q9WUD2__Ratnor	Q9WUD2__Ratnor	1	full		GMELA	M	434	no
trpv	Q9Y5S1__Homsap	Q9Y5S1__Homsap	1	full		GMELA	M	434	no
trpv	A0A2K3CP03__Chlrei	A0A2K3CP03__Chlrei	1	absent					no
trpv	A0A4W3GJU0__Calmil	A0A4W3GJU0__Calmil	1	full		GLNGK	L	434	no
trpv	A0A4W3GKI1__Calmil	A0A4W3GKI1__Calmil	1	full		GLNYE	L	434	no
trpv	A0A4W3J0F3__Calmil	A0A4W3J0F3__Calmil	1	full		GMDLE	M	434	no
trpv	A0A4W3J0M8__Calmil	A0A4W3J0M8__Calmil	1	full	TLGLG	GLDLQ	L	434	no
trpv	A0A4W3JXF8__Calmil	A0A4W3JXF8__Calmil	1	full		GMDLD	M	434	no
trpv	A0A4W3K4I8__Calmil	A0A4W3K4I8__Calmil	1	full		GLTPH	L	434	no
trpv	A0A4W3KGD6__Calmil	A0A4W3KGD6__Calmil	1	full		GLPYD	L	434	no
trpv	A0A5F8GJ81__Mondom	A0A5F8GJ81__Mondom	1	full		GMELE	M	434	no
trpv	A0A674NNT6__Takrub	A0A674NNT6__Takrub	1	full		GMELD	M	434	no
trpv	A0A674PBN5__Takrub	A0A674PBN5__Takrub	1	full		GMDME	M	434	no
trpv	A0A6I8MZ36__Ornana	A0A6I8MZ36__Ornana	1	full		GMDLE	M	434	no
trpv	A0A6I8P008__Ornana	A0A6I8P008__Ornana	1	full		TINYD	I	434	no
trpv	A0A6I8RQZ3__Xentro	A0A6I8RQZ3__Xentro	1	full		GMDLE	M	434	no
trpv	A0A6I8SB07__Xentro	A0A6I8SB07__Xentro	1	full		GLPAN	L	434	no
trpv	A0A6I8SB12__Xentro	A0A6I8SB12__Xentro	1	full		GMDLE	M	434	no
trpv	A0A6I8T2G1__Xentro	A0A6I8T2G1__Xentro	1	full		GMDLE	M	434	no
trpv	A0A7D9NJV4__Xentro	A0A7D9NJV4__Xentro	1	full		GMDLE	M	434	no
trpv	A0A7M7N0U3__Strpur	A0A7M7N0U3__Strpur	1	full		-----	-	434	no
trpv	A0A7M7PSW1__Strpur	A0A7M7PSW1__Strpur	1	full		GENWR	E	434	no
trpv	A0A7M7RBR9__Strpur	A0A7M7RBR9__Strpur	1	full		GE-FG	E	434	no
trpv	A0A7M7SZ34__Strpur	A0A7M7SZ34__Strpur	1	full		GE-FG	E	434	no
trpv	A0A803JUC1__Xentro	A0A803JUC1__Xentro	1	full		NINYA	I	434	no
trpv	A0A803K330__Xentro	A0A803K330__Xentro	1	full		NVNYA	V	434	no
trpv	A0A803KCI2__Xentro	A0A803KCI2__Xentro	1	full		TINYA	I	434	no
trpv	A0A8J0QGS4__Xentro	A0A8J0QGS4__Xentro	1	full		NVNYD	V	434	no
trpv	A0A8J0SN35__Xentro	A0A8J0SN35__Xentro	1	full		GLPMD	L	434	no
trpv	A0A8J0SQF6__Xentro	A0A8J0SQF6__Xentro	1	full		GMDLE	M	434	no
trpv	A0A8J0SUQ6__Xentro	A0A8J0SUQ6__Xentro	1	full		GMDLE	M	434	no
trpv	A0A8J1J3Q0__Xentro	A0A8J1J3Q0__Xentro	1	full		GLGLE	L	434	no
trpv	A0A8J1JTV5__Xentro	A0A8J1JTV5__Xentro	1	full		GMDLE	M	434	no
trpv	A0A8M2BCH8__Danrer	A0A8M2BCH8__Danrer	1	full		GIDLD	I	434	no
trpv	A0A8V0Z8C7__Galgal	A0A8V0Z8C7__Galgal	1	full		GMDLE	M	434	no
trpv	A0A8V0ZQY1__Galgal	A0A8V0ZQY1__Galgal	1	full		TINYD	I	434	no
trpv	A0A8V1AM03__Galgal	A0A8V1AM03__Galgal	1	full		GMDLD	M	434	no
trpv	A0A8V1ANN1__Galgal	A0A8V1ANN1__Galgal	1	full	TLGLG	GLDLE	L	434	no
trpv	A0A9J7K718__Braflo	A0A9J7K718__Braflo	1	full		GVDVT	V	434	no
trpv	A0A9J7L112__Braflo	A0A9J7L112__Braflo	1	full		GE-FS	E	434	no
trpv	A0A9J7L6L9__Braflo	A0A9J7L6L9__Braflo	1	full		GEDYP	E	434	no
trpv	A0AAJ7THY5__Petmar	A0AAJ7THY5__Petmar	1	full		GLPYD	L	434	no
trpv	A0AAJ7TI49__Petmar	A0AAJ7TI49__Petmar	1	full		GLPYD	L	434	no
trpv	A0AAJ7X7N0__Petmar	A0AAJ7X7N0__Petmar	1	full		GLNVR	L	434	no
trpv	A0AAJ7X7Q1__Petmar	A0AAJ7X7Q1__Petmar	1	full		GLNYE	L	434	no
trpv	A0AAV2HFF5__Lymsta	A0AAV2HFF5__Lymsta	1	full		GEKYG	E	434	no
trpv	A0AAV2IIY6__Lymsta	A0AAV2IIY6__Lymsta	1	full		GD-FD	D	434	no
trpv	A0ABM0K0A1__Aplcal	A0ABM0K0A1__Aplcal	1	full		GLDIE	L	434	no
trpv	A0ABM0K2Q6__Aplcal	A0ABM0K2Q6__Aplcal	1	full		GD-FE	D	434	no
trpv	A0AC58JJJ2__Danrer	A0AC58JJJ2__Danrer	1	full		GMDLE	M	434	no
trpv	A0ACM8ASE3__Petmar	A0ACM8ASE3__Petmar	1	full		GIDLD	I	434	no
trpv	A0ACM8ASF9__Petmar	A0ACM8ASF9__Petmar	1	partial					no
trpv	A0ACM8BQY1__Petmar	A0ACM8BQY1__Petmar	1	full		GLPNN	L	434	no
trpv	A7SGQ7__Nemvec	A7SGQ7__Nemvec	1	full		GE-FG	E	434	no
trpv	B3S2T9__Triadh	B3S2T9__Triadh	1	full		GE-FE	E	434	no
trpv	B3SDA4__Triadh	B3SDA4__Triadh	1	partial					no
trpv	E9FVS1__Dappul	E9FVS1__Dappul	1	full		GDNYN	D	434	no
trpv	E9G142__Dappul	E9G142__Dappul	1	full		YN-FG	N	434	no
trpv	E9PU00__Ratnor	E9PU00__Ratnor	1	full	TIGLG	GLDLN	L	434	no
trpv	F1NJH8__Galgal	F1NJH8__Galgal	1	full		GMDLE	M	434	no
trpv	F1QN56__Danrer	F1QN56__Danrer	1	full		GQDLP	Q	434	no
trpv	F6TGT3__Ornana	F6TGT3__Ornana	1	full		DIDMT	I	434	no
trpv	F6UY90__Xentro	F6UY90__Xentro	1	full		GMDLE	M	434	no
trpv	F6WJB2__Ornana	F6WJB2__Ornana	1	full		GMELE	M	434	no
trpv	F6YRT9__Mondom	F6YRT9__Mondom	1	full		TVNYD	V	434	no
trpv	F6Z2M4__Mondom	F6Z2M4__Mondom	1	full		GMDLE	M	434	no
trpv	F6ZFD1__Mondom	F6ZFD1__Mondom	1	full		TINYD	I	434	no
trpv	F6ZFT5__Ornana	F6ZFT5__Ornana	1	full	TIGLG	GLDLD	L	434	no
trpv	F6ZFY7__Ornana	F6ZFY7__Ornana	1	full	TLGLG	GLDLA	L	434	no
trpv	F7A7B4__Ornana	F7A7B4__Ornana	1	full		GMDLE	M	434	no
trpv	F7CJL7__Ornana	F7CJL7__Ornana	1	partial					no
trpv	F7CJP9__Ornana	F7CJP9__Ornana	1	full		GLPVD	L	434	no
trpv	G5EDR9__Caeele	G5EDR9__Caeele	1	full		GE-FS	E	434	no
trpv	H2SFF1__Takrub	H2SFF1__Takrub	1	full		GMDLE	M	434	no
trpv	H2TER5__Takrub	H2TER5__Takrub	1	full		GLDHR	L	434	no
trpv	H2Y2B7__Cioint	H2Y2B7__Cioint	1	full		GE-FS	E	434	no
trpv	H2ZVV3__Latcha	H2ZVV3__Latcha	1	full		GMDLE	M	434	no
trpv	H3A6P6__Latcha	H3A6P6__Latcha	1	full	TLGLG	GLDLE	L	434	no
trpv	H3A6X6__Latcha	H3A6X6__Latcha	1	full		GLNYE	L	434	no
trpv	H3A8I3__Latcha	H3A8I3__Latcha	1	full	TLGLG	GLDLE	L	434	no
trpv	H3AY32__Latcha	H3AY32__Latcha	1	full		GLPPD	L	434	no
trpv	H3AZ90__Latcha	H3AZ90__Latcha	1	full		GLPID	L	434	no
trpv	H9G4E8__Anocar	H9G4E8__Anocar	1	full		TINYD	I	434	no
trpv	H9GDW0__Anocar	H9GDW0__Anocar	1	full		TINYE	I	434	no
trpv	M9PI57__Dromel	M9PI57__Dromel	1	full		TN-FG	N	434	no
trpv	O61220__Caeele	O61220__Caeele	1	full		GE-FT	E	434	no
trpv	Q22374__Caeele	Q22374__Caeele	1	full		GE-FG	E	434	no
trpv	Q7KPR0__Caeele	Q7KPR0__Caeele	1	full		GGDYE	G	434	no
trpv	Q9N3Y9__Caeele	Q9N3Y9__Caeele	1	full		TE-FT	E	434	no
trpv	Q9W3W0__Dromel	Q9W3W0__Dromel	1	full		GDNYP	D	434	no
trpv	V3ZJ74__Lotgig	V3ZJ74__Lotgig	1	full		GEKYE	E	434	no
trpv	V3ZN78__Lotgig	V3ZN78__Lotgig	1	full		GQ-FA	Q	434	no
trpv	GCA_964187895.1_OZ076452.1_96714147-96831366___Corasp	GCA_964187895.1_OZ076452.1_96714147-96831366___Corasp	1	full		GEKYE	E	434	no
trpv	GCA_964187895.1_OZ076453.1_85568581-86430969-__Corasp	GCA_964187895.1_OZ076453.1_85568581-86430969-__Corasp	1	full		GEKYD	E	434	no
trpv	GCA_964187895.1_OZ076450.1_99450429-99858584___Corasp	GCA_964187895.1_OZ076450.1_99450429-99858584___Corasp	1	full		GQ-FG	Q	434	no
trpv	GCA_977017645.1_OZ360222.1_178572478-179587221___Tormar	GCA_977017645.1_OZ360222.1_178572478-179587221___Tormar	1	full		GMDLD	M	434	no
trpv	GCA_977017645.1_OZ360230.1_7720250-7815924-__Tormar	GCA_977017645.1_OZ360230.1_7720250-7815924-__Tormar	1	full		GLPPD	L	434	no
trpv	GCA_977017645.1_OZ360240.1_79157807-79218046___Tormar	GCA_977017645.1_OZ360240.1_79157807-79218046___Tormar	1	full		GLNMP	L	434	no
trpv	GCA_977017645.1_OZ360245.1_3396426-4521788___Tormar	GCA_977017645.1_OZ360245.1_3396426-4521788___Tormar	1	full		GMDLE	M	434	no
trpm	A0A0R4IMY7__Danrer	A0A0R4IMY7__Danrer	1	full		GNFP-	N	434	no
trpm	A7T1N0__Nemvec	A7T1N0__Nemvec	1	full		GELFL	E	434	no
trpm	A8DYE2__Dromel	A8DYE2__Dromel	1	full		GEVFA	E	434	no
trpm	E9PTA2__Ratnor	E9PTA2__Ratnor	1	full		GQIP-	Q	434	no
trpm	J9SQF3__Musmus	J9SQF3__Musmus	1	full		GEVFA	E	434	no
trpm	O94759__Homsap	O94759__Homsap	1	full		GQIPG	Q	434	no
trpm	Q2TV84__Musmus	Q2TV84__Musmus	1	full		GEVFA	E	434	no
trpm	Q2WEA5__Ratnor	Q2WEA5__Ratnor	1	full		GEVFA	E	434	no
trpm	Q7TN37__Musmus	Q7TN37__Musmus	1	full		GQIPQ	Q	434	no
trpm	Q7Z2W7__Homsap	Q7Z2W7__Homsap	1	full		GQVPS	Q	434	no
trpm	Q7Z4N2__Homsap	Q7Z4N2__Homsap	1	full		GEVFA	E	434	no
trpm	Q8CIR4__Musmus	Q8CIR4__Musmus	1	full		GEVYA	E	434	no
trpm	Q8R455__Ratnor	Q8R455__Ratnor	1	full		GQVPS	Q	434	no
trpm	Q8R4D5__Musmus	Q8R4D5__Musmus	1	full		GQVPS	Q	434	no
trpm	Q8TD43__Homsap	Q8TD43__Homsap	1	full		GQIPQ	Q	434	no
trpm	Q91YD4__Musmus	Q91YD4__Musmus	1	full		GQIPT	Q	434	no
trpm	Q923J1__Musmus	Q923J1__Musmus	1	full		GEVYA	E	434	no
trpm	Q925B3__Ratnor	Q925B3__Ratnor	1	full		GEVYA	E	434	no
trpm	Q93971__Caeele	Q93971__Caeele	1	full		GEVYA	E	434	no
trpm	Q96QT4__Homsap	Q96QT4__Homsap	1	full		GEVYA	E	434	no
trpm	Q9BX84__Homsap	Q9BX84__Homsap	1	full		GEVYA	E	434	no
trpm	Q9ESQ5__Ratnor	Q9ESQ5__Ratnor	1	full		GQIPQ	Q	434	no
trpm	Q9HCF6__Homsap	Q9HCF6__Homsap	1	full		GEVFA	E	434	no
trpm	Q9JJH7__Musmus	Q9JJH7__Musmus	1	full		GQIPL	Q	434	no
trpm	Q9NZQ8__Homsap	Q9NZQ8__Homsap	1	full		GQIPL	Q	434	no
trpm	S5UH55__Danrer	S5UH55__Danrer	1	full		GQIPL	Q	434	no
trpm	A0A1D5PAY3__Galgal	A0A1D5PAY3__Galgal	1	full		GEVFA	E	434	no
trpm	A0A3B5K1D1__Takrub	A0A3B5K1D1__Takrub	1	full		GDFP-	D	434	no
trpm	A0A4W3H5R4__Calmil	A0A4W3H5R4__Calmil	1	full		GEIP-	E	434	no
trpm	A0A4W3HLK6__Calmil	A0A4W3HLK6__Calmil	1	full		GQIPL	Q	434	no
trpm	A0A4W3I298__Calmil	A0A4W3I298__Calmil	1	full		GEVFA	E	434	no
trpm	A0A4W3I6J4__Calmil	A0A4W3I6J4__Calmil	1	full		GEVFA	E	434	no
trpm	A0A4W3IUZ1__Calmil	A0A4W3IUZ1__Calmil	1	full		GEVYA	E	434	no
trpm	A0A4W3JQF9__Calmil	A0A4W3JQF9__Calmil	1	full		GEVYA	E	434	no
trpm	A0A5F8GGW2__Mondom	A0A5F8GGW2__Mondom	1	full		GEVFA	E	434	no
trpm	A0A5F8HBL9__Mondom	A0A5F8HBL9__Mondom	1	full		GEVYA	E	434	no
trpm	A0A5F8HKA3__Mondom	A0A5F8HKA3__Mondom	1	full		GEVFA	E	434	no
trpm	A0A674MFY6__Takrub	A0A674MFY6__Takrub	1	full		GEVFA	E	434	no
trpm	A0A674MVZ8__Takrub	A0A674MVZ8__Takrub	1	full		GEVYA	E	434	no
trpm	A0A674NGR2__Takrub	A0A674NGR2__Takrub	1	full		GEVYA	E	434	no
trpm	A0A674NQ94__Takrub	A0A674NQ94__Takrub	1	full		GEVFA	E	434	no
trpm	A0A6I8MXJ9__Ornana	A0A6I8MXJ9__Ornana	1	full		GEVFA	E	434	no
trpm	A0A6I8N2M5__Ornana	A0A6I8N2M5__Ornana	1	full		GEVYA	E	434	no
trpm	A0A6I8NW21__Ornana	A0A6I8NW21__Ornana	1	full		GEVFA	E	434	no
trpm	A0A6I8P3C3__Ornana	A0A6I8P3C3__Ornana	1	full		GQIPL	Q	434	no
trpm	A0A6I8QZK1__Xentro	A0A6I8QZK1__Xentro	1	full		GEVFA	E	434	no
trpm	A0A6I8R8S4__Xentro	A0A6I8R8S4__Xentro	1	full		GEVFA	E	434	no
trpm	A0A7M7HJW5__Strpur	A0A7M7HJW5__Strpur	1	full		GELFL	E	434	no
trpm	A0A7M7MY43__Strpur	A0A7M7MY43__Strpur	1	full		GELFL	E	434	no
trpm	A0A7M7N0X8__Strpur	A0A7M7N0X8__Strpur	1	full		GELFL	E	434	no
trpm	A0A7M7N7B4__Strpur	A0A7M7N7B4__Strpur	1	full		GEVYA	E	434	no
trpm	A0A7M7N993__Strpur	A0A7M7N993__Strpur	1	full		GELFI	E	434	no
trpm	A0A7M7PBT2__Strpur	A0A7M7PBT2__Strpur	1	full		GELYL	E	434	no
trpm	A0A7M7PF05__Strpur	A0A7M7PF05__Strpur	1	full		GELFL	E	434	no
trpm	A0A7M7SZA9__Strpur	A0A7M7SZA9__Strpur	1	full		GELYL	E	434	no
trpm	A0A803JG29__Xentro	A0A803JG29__Xentro	1	full		GQIP-	Q	434	no
trpm	A0A803K450__Xentro	A0A803K450__Xentro	1	full		GQIP-	Q	434	no
trpm	A0A803THH9__Anocar	A0A803THH9__Anocar	1	full		GEVYA	E	434	no
trpm	A0A8I6AG64__Ratnor	A0A8I6AG64__Ratnor	1	full		GQIPL	Q	434	no
trpm	A0A8I6ALW5__Ratnor	A0A8I6ALW5__Ratnor	1	full		GEVFA	E	434	no
trpm	A0A8J0QEZ6__Xentro	A0A8J0QEZ6__Xentro	1	full		GQYI-	Q	434	no
trpm	A0A8J0QP05__Xentro	A0A8J0QP05__Xentro	1	full		GQIPQ	Q	434	no
trpm	A0A8J0QVH9__Xentro	A0A8J0QVH9__Xentro	1	full		GEVYA	E	434	no
trpm	A0A8J1IMG9__Xentro	A0A8J1IMG9__Xentro	1	full		GEVYA	E	434	no
trpm	A0A8J1JEE5__Xentro	A0A8J1JEE5__Xentro	1	full		GEVFA	E	434	no
trpm	A0A8M1P545__Danrer	A0A8M1P545__Danrer	1	full		GQIPV	Q	434	no
trpm	A0A8M1P6E5__Danrer	A0A8M1P6E5__Danrer	1	full		GQIPL	Q	434	no
trpm	A0A8M2BJ81__Danrer	A0A8M2BJ81__Danrer	1	full		GEVFA	E	434	no
trpm	A0A8M3AY04__Danrer	A0A8M3AY04__Danrer	1	full		GDIPV	D	434	no
trpm	A0A8M6Z1K6__Danrer	A0A8M6Z1K6__Danrer	1	full		GEVFA	E	434	no
trpm	A0A8M9Q2T2__Danrer	A0A8M9Q2T2__Danrer	1	full		GEVYA	E	434	no
trpm	A0A8V0YGF8__Galgal	A0A8V0YGF8__Galgal	1	full		GQYP-	Q	434	no
trpm	A0A8V0YTN5__Galgal	A0A8V0YTN5__Galgal	1	full		GEVYA	E	434	no
trpm	A0A8V0YTP2__Galgal	A0A8V0YTP2__Galgal	1	full		GEVYA	E	434	no
trpm	A0A8V1A0I2__Galgal	A0A8V1A0I2__Galgal	1	full		GQIPL	Q	434	no
trpm	A0A8V1A1W4__Galgal	A0A8V1A1W4__Galgal	1	full		GEVFA	E	434	no
trpm	A0A8V1A3H4__Galgal	A0A8V1A3H4__Galgal	1	full		GQIP-	Q	434	no
trpm	A0A9J7HJB3__Braflo	A0A9J7HJB3__Braflo	1	full		GDLFT	D	434	no
trpm	A0A9J7HUV3__Braflo	A0A9J7HUV3__Braflo	1	full		GEVYA	E	434	no
trpm	A0A9J7MGS6__Braflo	A0A9J7MGS6__Braflo	1	full		AQLLT	Q	434	no
trpm	A0A9J7N0B5__Braflo	A0A9J7N0B5__Braflo	1	full		GNSWY	N	434	no
trpm	A0A9J7NBM0__Braflo	A0A9J7NBM0__Braflo	1	full		GELFL	E	434	no
trpm	A0AAJ7SN79__Petmar	A0AAJ7SN79__Petmar	1	full		GQFP-	Q	434	no
trpm	A0AAJ7SXA8__Petmar	A0AAJ7SXA8__Petmar	1	full		GEVYA	E	434	no
trpm	A0AAJ7TDV6__Petmar	A0AAJ7TDV6__Petmar	1	full		GQIPL	Q	434	no
trpm	A0AAV2H583__Lymsta	A0AAV2H583__Lymsta	1	full		GEIFF	E	434	no
trpm	A0AAV2HF24__Lymsta	A0AAV2HF24__Lymsta	1	full		GELFA	E	434	no
trpm	A0AAV2HGA3__Lymsta	A0AAV2HGA3__Lymsta	1	full		GELFA	E	434	no
trpm	A0AAV2HQN9__Lymsta	A0AAV2HQN9__Lymsta	1	full		GELFL	E	434	no
trpm	A0AAV2HQZ0__Lymsta	A0AAV2HQZ0__Lymsta	1	full		GELFM	E	434	no
trpm	A0AAV2HSQ6__Lymsta	A0AAV2HSQ6__Lymsta	1	full		GELFL	E	434	no
trpm	A0ABM0JEM3__Aplcal	A0ABM0JEM3__Aplcal	1	full		GELFI	E	434	no
trpm	A0ABM0JIE3__Aplcal	A0ABM0JIE3__Aplcal	1	full		GEIFL	E	434	no
trpm	A0ABM0JRT2__Aplcal	A0ABM0JRT2__Aplcal	1	full		GELFL	E	434	no
trpm	A0ABM0ZYE3__Aplcal	A0ABM0ZYE3__Aplcal	1	full		---FL	-	434	no
trpm	A0ABM1A4K4__Aplcal	A0ABM1A4K4__Aplcal	1	full		GEEIE	E	434	no
trpm	A0ABM1W055__Aplcal	A0ABM1W055__Aplcal	1	full		GELLL	E	434	no
trpm	A0ABM4CX55__Hydvul	A0ABM4CX55__Hydvul	1	full		GQLNF	Q	434	no
trpm	A0ABM4D2Q4__Hydvul	A0ABM4D2Q4__Hydvul	1	full		GELFV	E	434	no
trpm	A0ABM4D2R4__Hydvul	A0ABM4D2R4__Hydvul	1	full		GELFV	E	434	no
trpm	A0ABM4D2R6__Hydvul	A0ABM4D2R6__Hydvul	1	full		GELFI	E	434	no
trpm	A0ABM4D2R9__Hydvul	A0ABM4D2R9__Hydvul	1	full		GELFI	E	434	no
trpm	A0AC58HSD6__Danrer	A0AC58HSD6__Danrer	1	full		GEVYA	E	434	no
trpm	A0AC58IVU6__Danrer	A0AC58IVU6__Danrer	1	full		GEVFA	E	434	no
trpm	A0ACM8B8W4__Petmar	A0ACM8B8W4__Petmar	1	full		GEVFA	E	434	no
trpm	A0ACM8RD05__Danrer	A0ACM8RD05__Danrer	1	full		GDIPV	D	434	no
trpm	A7RLT7__Nemvec	A7RLT7__Nemvec	1	full		GELFI	E	434	no
trpm	A9V5A7__Monbre	A9V5A7__Monbre	1	full		GELFL	E	434	no
trpm	A9VAJ3__Monbre	A9VAJ3__Monbre	1	full		GELFL	E	434	no
trpm	B3S4D3__Triadh	B3S4D3__Triadh	1	full		GELYL	E	434	no
trpm	B3S8M2__Triadh	B3S8M2__Triadh	1	full		GELFL	E	434	no
trpm	E9GJ26__Dappul	E9GJ26__Dappul	1	full		GELFA	E	434	no
trpm	E9GJF9__Dappul	E9GJF9__Dappul	1	full		GELFA	E	434	no
trpm	F1M7G0__Ratnor	F1M7G0__Ratnor	1	full		GEVYA	E	434	no
trpm	F6QPM0__Ornana	F6QPM0__Ornana	1	full		GQIPQ	Q	434	no
trpm	F6TBS4__Xentro	F6TBS4__Xentro	1	full		GGPF-	G	434	no
trpm	F7C3C3__Ornana	F7C3C3__Ornana	1	full		GEVYA	E	434	no
trpm	F7E019__Ornana	F7E019__Ornana	1	full		GQIP-	Q	434	no
trpm	F7GDX3__Mondom	F7GDX3__Mondom	1	full		GEVYA	E	434	no
trpm	G1KDW7__Anocar	G1KDW7__Anocar	1	full		GEVYA	E	434	no
trpm	G1KH74__Anocar	G1KH74__Anocar	1	full		GQIPL	Q	434	no
trpm	G1KI10__Anocar	G1KI10__Anocar	1	full		GQIP-	Q	434	no
trpm	G1KIK3__Anocar	G1KIK3__Anocar	1	full		GEVFA	E	434	no
trpm	G1KN72__Anocar	G1KN72__Anocar	1	full		GQIPL	Q	434	no
trpm	G5ECM4__Caeele	G5ECM4__Caeele	1	full		GEVYA	E	434	no
trpm	H2T3X9__Takrub	H2T3X9__Takrub	1	full		GEVFA	E	434	no
trpm	H2TVL8__Takrub	H2TVL8__Takrub	1	full		GQIPV	Q	434	no
trpm	H2UXP9__Takrub	H2UXP9__Takrub	1	full		GQIPL	Q	434	no
trpm	H2Y089__Cioint	H2Y089__Cioint	1	full		GEVYA	E	434	no
trpm	H3A629__Latcha	H3A629__Latcha	1	full		GQIRL	Q	434	no
trpm	H3AGJ3__Latcha	H3AGJ3__Latcha	1	full		GEVFA	E	434	no
trpm	H3AK46__Latcha	H3AK46__Latcha	1	full		GEVYA	E	434	no
trpm	H3B0C1__Latcha	H3B0C1__Latcha	1	full		GEIP-	E	434	no
trpm	H3B2C4__Latcha	H3B2C4__Latcha	1	full		GEIP-	E	434	no
trpm	H3B456__Latcha	H3B456__Latcha	1	full		GQIPL	Q	434	no
trpm	H3BG72__Latcha	H3BG72__Latcha	1	full		GEVYA	E	434	no
trpm	H3BGC2__Latcha	H3BGC2__Latcha	1	full		GEVFA	E	434	no
trpm	Q20766__Caeele	Q20766__Caeele	1	full		GEVYA	E	434	no
trpm	V4BKQ3__Lotgig	V4BKQ3__Lotgig	1	full		GELFL	E	434	no
trpm	V4BWY1__Lotgig	V4BWY1__Lotgig	1	full		GELFL	E	434	no
trpm	GCA_964187895.1_OZ076449.1_101050687-101617085___Corasp	GCA_964187895.1_OZ076449.1_101050687-101617085___Corasp	1	full		GELFL	E	434	no
trpm	GCA_964187895.1_OZ076444.1_153326555-154395915___Corasp	GCA_964187895.1_OZ076444.1_153326555-154395915___Corasp	1	full		GELFA	E	434	no
trpm	GCA_977017645.1_OZ360220.1_191885695-192860590-__Tormar	GCA_977017645.1_OZ360220.1_191885695-192860590-__Tormar	1	full		GEVFA	E	434	no
trpm	GCA_977017645.1_OZ360249.1_23130303-24124130___Tormar	GCA_977017645.1_OZ360249.1_23130303-24124130___Tormar	1	full		GEVYA	E	434	no
trpm	GCA_977017645.1_OZ360253.1_38090311-38658018-__Tormar	GCA_977017645.1_OZ360253.1_38090311-38658018-__Tormar	1	full		GEVFA	E	434	no
trpa	O75762__Homsap	O75762__Homsap	1	full		GDNYR	D	434	no
trpa	Q18297__Caeele	Q18297__Caeele	1	full		GEEFT	E	434	no
trpa	Q6RI86__Ratnor	Q6RI86__Ratnor	1	full		GDNYR	D	434	no
trpa	Q7Z020__Dromel	Q7Z020__Dromel	1	full		GEDFV	E	434	no
trpa	Q8BLA8__Musmus	Q8BLA8__Musmus	1	full		GDNYR	D	434	no
trpa	A0A1X7VAZ0__Ampque	A0A1X7VAZ0__Ampque	1	full		GENYE	E	434	no
trpa	A0A4W3GKR7__Calmil	A0A4W3GKR7__Calmil	1	full		GDNYQ	D	434	no
trpa	A0A674NZZ9__Takrub	A0A674NZZ9__Takrub	1	full		GENYQ	E	434	no
trpa	A0A7M7LPA6__Strpur	A0A7M7LPA6__Strpur	1	full		GENKD	E	434	no
trpa	A0A7M7NMR6__Strpur	A0A7M7NMR6__Strpur	1	full		ELDYL	L	434	no
trpa	A0A7M7NP06__Strpur	A0A7M7NP06__Strpur	1	full		ELDFI	L	434	no
trpa	A0A7M7NQE5__Strpur	A0A7M7NQE5__Strpur	1	full		GENKD	E	434	no
trpa	A0A7M7PG02__Strpur	A0A7M7PG02__Strpur	1	full		GEDFE	E	434	no
trpa	A0A7M7PGY9__Strpur	A0A7M7PGY9__Strpur	1	full		GEDYA	E	434	no
trpa	A0A7M7PHS7__Strpur	A0A7M7PHS7__Strpur	1	full		GEDFG	E	434	no
trpa	A0A7M7PIA0__Strpur	A0A7M7PIA0__Strpur	1	full		GEEFD	E	434	no
trpa	A0A7M7PIM8__Strpur	A0A7M7PIM8__Strpur	1	full		GEDYA	E	434	no
trpa	A0A7M7PLA6__Strpur	A0A7M7PLA6__Strpur	1	full		GEEFD	E	434	no
trpa	A0A7M7RF00__Strpur	A0A7M7RF00__Strpur	1	full		GEDFG	E	434	no
trpa	A0A7M7SYM3__Strpur	A0A7M7SYM3__Strpur	1	full		GENRG	E	434	no
trpa	A0A7M7T2Z4__Strpur	A0A7M7T2Z4__Strpur	1	full		GEDFG	E	434	no
trpa	A0A8J0QD66__Xentro	A0A8J0QD66__Xentro	1	full		GDNYE	D	434	no
trpa	A0A8M1N2Z4__Danrer	A0A8M1N2Z4__Danrer	1	full		GENYQ	E	434	no
trpa	A0A8M6Z942__Danrer	A0A8M6Z942__Danrer	1	full		GENYQ	E	434	no
trpa	A0A8V0X6M5__Galgal	A0A8V0X6M5__Galgal	1	full		GDNYH	D	434	no
trpa	A0A9J7KM04__Braflo	A0A9J7KM04__Braflo	1	full		EGPE-	G	434	no
trpa	A0A9J7LWX4__Braflo	A0A9J7LWX4__Braflo	1	full		GEELN	E	434	no
trpa	A0A9J7LXJ5__Braflo	A0A9J7LXJ5__Braflo	1	full		GEDIN	E	434	no
trpa	A0A9J7MZ65__Braflo	A0A9J7MZ65__Braflo	1	full		GEEFD	E	434	no
trpa	A0AAJ7TCJ4__Petmar	A0AAJ7TCJ4__Petmar	1	full		GEQYT	E	434	no
trpa	A0AAN0J3U5__Ampque	A0AAN0J3U5__Ampque	1	full		GEEFD	E	434	no
trpa	A0AAN0JKY9__Ampque	A0AAN0JKY9__Ampque	1	full		GENMD	E	434	no
trpa	A0ABM0ZZ81__Aplcal	A0ABM0ZZ81__Aplcal	1	full		EIDFI	I	434	no
trpa	A0ABM1VV37__Aplcal	A0ABM1VV37__Aplcal	1	full		GEEFD	E	434	no
trpa	A0ABM1VVH9__Aplcal	A0ABM1VVH9__Aplcal	1	full		ELDYM	L	434	no
trpa	A0ABM4BJE0__Hydvul	A0ABM4BJE0__Hydvul	1	full		GETFD	E	434	no
trpa	A0ABM4BKD8__Hydvul	A0ABM4BKD8__Hydvul	1	full		GESYD	E	434	no
trpa	A0ABM4BKE7__Hydvul	A0ABM4BKE7__Hydvul	1	full		GENYD	E	434	no
trpa	A0ABM4BNB8__Hydvul	A0ABM4BNB8__Hydvul	1	full		GEDYD	E	434	no
trpa	A0ABM4BNC9__Hydvul	A0ABM4BNC9__Hydvul	1	full		GDTYD	D	434	no
trpa	A0ABM4BND3__Hydvul	A0ABM4BND3__Hydvul	1	full		GEDFN	E	434	no
trpa	F6WSN6__Mondom	F6WSN6__Mondom	1	full	AFGLG	GDNYH	D	434	no
trpa	F7DXN8__Ornana	F7DXN8__Ornana	1	full		GDNYQ	D	434	no
trpa	G1KQ06__Anocar	G1KQ06__Anocar	1	full		GDNYH	D	434	no
trpa	H3AYS5__Latcha	H3AYS5__Latcha	1	full		GENYQ	E	434	no
trpa	GCA_964187895.1_OZ076451.1_43678242-44522198-__Corasp	GCA_964187895.1_OZ076451.1_43678242-44522198-__Corasp	1	full		ELDYL	L	434	no
trpa	GCA_964187895.1_OZ076462.1_61183426-62064903___Corasp	GCA_964187895.1_OZ076462.1_61183426-62064903___Corasp	1	full		ELDYM	L	434	no
trpa	GCA_000327385.1_KB201459.1_602869-606480-__Lotgig	GCA_000327385.1_KB201459.1_602869-606480-__Lotgig	1	full		GEEFD	E	434	no
trpa	GCA_977017645.1_OZ360225.1_120465809-120986013-__Tormar	GCA_977017645.1_OZ360225.1_120465809-120986013-__Tormar	1	full		GDNYH	D	434	no
trpml	Q8IZK6__Homsap	Q8IZK6__Homsap	1	full		GDDMF	D	434	no
trpml	Q8K595__Musmus	Q8K595__Musmus	1	full		GDDMF	D	434	no
trpml	Q8R4F0__Musmus	Q8R4F0__Musmus	1	full		GDDMF	D	434	no
trpml	Q8TDD5__Homsap	Q8TDD5__Homsap	1	full		GDDMF	D	434	no
trpml	Q99J21__Musmus	Q99J21__Musmus	1	full		GDDMF	D	434	no
trpml	Q9GZU1__Homsap	Q9GZU1__Homsap	1	full		GDDMF	D	434	no
trpml	A0A1X7U9W6__Ampque	A0A1X7U9W6__Ampque	1	full		GDDMF	D	434	no
trpml	A0A1X7VCY3__Ampque	A0A1X7VCY3__Ampque	1	full		GDSIW	D	434	no
trpml	A0A1X7VED8__Ampque	A0A1X7VED8__Ampque	1	full		GDDIY	D	434	no
trpml	A0A4W3H2B0__Calmil	A0A4W3H2B0__Calmil	1	full		GDDMF	D	434	no
trpml	A0A4W3HMW0__Calmil	A0A4W3HMW0__Calmil	1	full		GDDMF	D	434	no
trpml	A0A4W3HQG1__Calmil	A0A4W3HQG1__Calmil	1	full		GDDMF	D	434	no
trpml	A0A5F8GB17__Mondom	A0A5F8GB17__Mondom	1	full		GDDMF	D	434	no
trpml	A0A7M7PKX2__Strpur	A0A7M7PKX2__Strpur	1	full		GDDMY	D	434	no
trpml	A0A803SNM0__Anocar	A0A803SNM0__Anocar	1	full		GDDMF	D	434	no
trpml	A0A803TLQ1__Anocar	A0A803TLQ1__Anocar	1	full		GDDMF	D	434	no
trpml	A0A803TYU9__Anocar	A0A803TYU9__Anocar	1	full		GDDMF	D	434	no
trpml	A0A8I6G3L4__Ratnor	A0A8I6G3L4__Ratnor	1	full		GDDMF	D	434	no
trpml	A0A8J0PFZ3__Xentro	A0A8J0PFZ3__Xentro	1	full		GDDMF	D	434	no
trpml	A0A8J0QK14__Xentro	A0A8J0QK14__Xentro	1	full		GDDMF	D	434	no
trpml	A0A8J1JDK1__Xentro	A0A8J1JDK1__Xentro	1	full		GDDMF	D	434	no
trpml	A0A8M1PFP4__Danrer	A0A8M1PFP4__Danrer	1	full		GDDMF	D	434	no
trpml	A0A8M9P7U6__Danrer	A0A8M9P7U6__Danrer	1	full		GDEIY	D	434	no
trpml	A0A8M9PLH2__Danrer	A0A8M9PLH2__Danrer	1	full		GDDMF	D	434	no
trpml	A0A8V0XA19__Galgal	A0A8V0XA19__Galgal	1	full		GDDMF	D	434	no
trpml	A0A8V0ZFT9__Galgal	A0A8V0ZFT9__Galgal	1	full		GDDMF	D	434	no
trpml	A0A8V0ZM58__Galgal	A0A8V0ZM58__Galgal	1	full		GDDMF	D	434	no
trpml	A0A9J7NB51__Braflo	A0A9J7NB51__Braflo	1	full		GDDMF	D	434	no
trpml	A0AAJ7T420__Petmar	A0AAJ7T420__Petmar	1	full		GDDMF	D	434	no
trpml	A0AAV2IF99__Lymsta	A0AAV2IF99__Lymsta	1	full		GDDMY	D	434	no
trpml	A0ABK0LPM3__Ratnor	A0ABK0LPM3__Ratnor	1	full		GDDMF	D	434	no
trpml	A0ABM0JRL6__Aplcal	A0ABM0JRL6__Aplcal	1	full		GDDMF	D	434	no
trpml	A0ABM4BH92__Hydvul	A0ABM4BH92__Hydvul	1	full		GDDMY	D	434	no
trpml	A0ABM4DIF9__Hydvul	A0ABM4DIF9__Hydvul	1	full		GDDIY	D	434	no
trpml	A0ABM4DIG0__Hydvul	A0ABM4DIG0__Hydvul	1	full		GDDIY	D	434	no
trpml	A0AC58IZS0__Danrer	A0AC58IZS0__Danrer	1	full		GDDMF	D	434	no
trpml	A2BGV1__Danrer	A2BGV1__Danrer	1	full		GDDMF	D	434	no
trpml	A7S161__Nemvec	A7S161__Nemvec	1	full		GDDMF	D	434	no
trpml	A7S163__Nemvec	A7S163__Nemvec	1	full		GDDMY	D	434	no
trpml	B3S1R4__Triadh	B3S1R4__Triadh	1	full		GDDMF	D	434	no
trpml	E9GV70__Dappul	E9GV70__Dappul	1	full		GDDMF	D	434	no
trpml	F6PR01__Cioint	F6PR01__Cioint	1	full		GDDMY	D	434	no
trpml	F6R835__Ornana	F6R835__Ornana	1	full		GDDMF	D	434	no
trpml	F6R8D1__Mondom	F6R8D1__Mondom	1	full		APSLF	P	434	no
trpml	F6R8U5__Mondom	F6R8U5__Mondom	1	full		GDDMF	D	434	no
trpml	F6V118__Ornana	F6V118__Ornana	1	full		GDDMF	D	434	no
trpml	F7EL19__Ratnor	F7EL19__Ratnor	1	full		GDDMF	D	434	no
trpml	F7FKB0__Ornana	F7FKB0__Ornana	1	full		GDDMF	D	434	no
trpml	G8JY13__Caeele	G8JY13__Caeele	1	full		GDDMF	D	434	no
trpml	H2S2I2__Takrub	H2S2I2__Takrub	1	full		GDDMF	D	434	no
trpml	H2V6X8__Takrub	H2V6X8__Takrub	1	full		GDDMF	D	434	no
trpml	H2VDB2__Takrub	H2VDB2__Takrub	1	full		GDDMF	D	434	no
trpml	H3ASE8__Latcha	H3ASE8__Latcha	1	full		GDDMF	D	434	no
trpml	H3B935__Latcha	H3B935__Latcha	1	full		GDDMF	D	434	no
trpml	H3B9I6__Latcha	H3B9I6__Latcha	1	full		GDDMF	D	434	no
trpml	Q54EY0__Dicdis	Q54EY0__Dicdis	1	full		GDDVQ	D	434	no
trpml	Q9VW35__Dromel	Q9VW35__Dromel	1	full		GDDMF	D	434	no
trpml	V4AH67__Lotgig	V4AH67__Lotgig	1	full		GDDMF	D	434	no
trpml	GCA_964187895.1_OZ076462.1_24628936-25166722___Corasp	GCA_964187895.1_OZ076462.1_24628936-25166722___Corasp	1	full		GDDMY	D	434	no
trpml	GCA_964187895.1_OZ076451.1_83801469-84483445___Corasp	GCA_964187895.1_OZ076451.1_83801469-84483445___Corasp	1	full		GDDMF	D	434	no
trpml	GCA_977017645.1_OZ360223.1_254782166-255365077-__Tormar	GCA_977017645.1_OZ360223.1_254782166-255365077-__Tormar	1	full		GDDMF	D	434	no
trpml	GCA_977017645.1_OZ360254.1_14799454-15653377-__Tormar	GCA_977017645.1_OZ360254.1_14799454-15653377-__Tormar	1	full		GDDMF	D	434	no
trpp	A2A259__Musmus	A2A259__Musmus	1	full		GDDYN	D	434	no
trpp	O35245__Musmus	O35245__Musmus	1	full		GDNFA	D	434	no
trpp	Q13563__Homsap	Q13563__Homsap	1	full		GDNFA	D	434	no
trpp	Q6IVV8__Danrer	Q6IVV8__Danrer	1	full		GDDFS	D	434	no
trpp	Q9JLG4__Musmus	Q9JLG4__Musmus	1	full		GDNFA	D	434	no
trpp	Q9NZM6__Homsap	Q9NZM6__Homsap	1	full		GDNFA	D	434	no
trpp	Q9P0L9__Homsap	Q9P0L9__Homsap	1	full		GDDYN	D	434	no
trpp	Q9U1S7__Caeele	Q9U1S7__Caeele	1	full		GDNFS	D	434	no
trpp	A0A4W3GDS1__Calmil	A0A4W3GDS1__Calmil	1	full		GDNYD	D	434	no
trpp	A0A4W3H8Z4__Calmil	A0A4W3H8Z4__Calmil	1	full		GDNFA	D	434	no
trpp	A0A4W3J2G4__Calmil	A0A4W3J2G4__Calmil	1	full		GDDFI	D	434	no
trpp	A0A6I8NZ03__Ornana	A0A6I8NZ03__Ornana	1	full		GDDYN	D	434	no
trpp	A0A6I8Q1J1__Xentro	A0A6I8Q1J1__Xentro	1	full		GDDFT	D	434	no
trpp	A0A6I8Q340__Xentro	A0A6I8Q340__Xentro	1	full		GDDYD	D	434	no
trpp	A0A7M7NHS7__Strpur	A0A7M7NHS7__Strpur	1	full		GDNFH	D	434	no
trpp	A0A803TG61__Anocar	A0A803TG61__Anocar	1	full		GDDYN	D	434	no
trpp	A0A8I6G7P9__Ratnor	A0A8I6G7P9__Ratnor	1	full		GDDYN	D	434	no
trpp	A0A8N7UVH6__Danrer	A0A8N7UVH6__Danrer	1	full		GDDYD	D	434	no
trpp	A0A8V0XIE4__Galgal	A0A8V0XIE4__Galgal	1	full		GDNFT	D	434	no
trpp	A0A8V0YL71__Galgal	A0A8V0YL71__Galgal	1	full		GDNFE	D	434	no
trpp	A0A8V0ZIM4__Galgal	A0A8V0ZIM4__Galgal	1	full		GDDYN	D	434	no
trpp	A0A9J7KHP8__Braflo	A0A9J7KHP8__Braflo	1	full		GEDFS	E	434	no
trpp	A0A9J7KS07__Braflo	A0A9J7KS07__Braflo	1	full		GDDFN	D	434	no
trpp	A0AAJ7SW14__Petmar	A0AAJ7SW14__Petmar	1	full		GDDFN	D	434	no
trpp	A0AAJ7WPY5__Petmar	A0AAJ7WPY5__Petmar	1	full		GDDFH	D	434	no
trpp	A0AAJ7XCS7__Petmar	A0AAJ7XCS7__Petmar	1	full		GDDFS	D	434	no
trpp	A0AAV2HBM3__Lymsta	A0AAV2HBM3__Lymsta	1	full		GTDYK	T	434	no
trpp	A0AAV2HJG0__Lymsta	A0AAV2HJG0__Lymsta	1	full		GDDFH	D	434	no
trpp	A0ABM0JPU9__Aplcal	A0ABM0JPU9__Aplcal	1	full		GDDFH	D	434	no
trpp	A0ABM0JPV0__Aplcal	A0ABM0JPV0__Aplcal	1	full		GDDFH	D	434	no
trpp	A0ABM4D6R8__Hydvul	A0ABM4D6R8__Hydvul	1	full		GDAWS	D	434	no
trpp	A0ABM4D6S7__Hydvul	A0ABM4D6S7__Hydvul	1	full		GDTFS	D	434	no
trpp	A0ABM4D6T8__Hydvul	A0ABM4D6T8__Hydvul	1	full		GDDFG	D	434	no
trpp	A0ABM4D6T9__Hydvul	A0ABM4D6T9__Hydvul	1	full		GDDFP	D	434	no
trpp	A0ABM4D6U2__Hydvul	A0ABM4D6U2__Hydvul	1	full		GDTFS	D	434	no
trpp	A0D267__Partet	A0D267__Partet	1	full		NTDVQ	T	434	no
trpp	A7RIZ7__Nemvec	A7RIZ7__Nemvec	1	full		GGDWE	G	434	no
trpp	A7RJ00__Nemvec	A7RJ00__Nemvec	1	full		GGHFF	G	434	no
trpp	A7RJ04__Nemvec	A7RJ04__Nemvec	1	full		GGHFF	G	434	no
trpp	A7RN85__Nemvec	A7RN85__Nemvec	1	full		GDDFH	D	434	no
trpp	A7S8E5__Nemvec	A7S8E5__Nemvec	1	full		GKTLK	K	434	no
trpp	A7SB30__Nemvec	A7SB30__Nemvec	1	full		GGRIN	G	434	no
trpp	B3S5C8__Triadh	B3S5C8__Triadh	1	full		GDNFS	D	434	no
trpp	D4A828__Ratnor	D4A828__Ratnor	1	full		GDNFA	D	434	no
trpp	F6V6N1__Cioint	F6V6N1__Cioint	1	full		GDDFH	D	434	no
trpp	F6YGJ6__Mondom	F6YGJ6__Mondom	1	full		GDNFA	D	434	no
trpp	F7ANU1__Mondom	F7ANU1__Mondom	1	full		GDNFT	D	434	no
trpp	F7EC32__Ornana	F7EC32__Ornana	1	full		GDNFT	D	434	no
trpp	F7EJ71__Ornana	F7EJ71__Ornana	1	full		GDNFV	D	434	no
trpp	F7G814__Mondom	F7G814__Mondom	1	full		GDDYN	D	434	no
trpp	G1KMS9__Anocar	G1KMS9__Anocar	1	full		GDDFT	D	434	no
trpp	G1KTH6__Anocar	G1KTH6__Anocar	1	full		GDNFA	D	434	no
trpp	H2TX05__Takrub	H2TX05__Takrub	1	full		GDEFS	D	434	no
trpp	H3A5K1__Latcha	H3A5K1__Latcha	1	full		GDSFT	D	434	no
trpp	H3AZW3__Latcha	H3AZW3__Latcha	1	full		GDDFA	D	434	no
trpp	H3BCQ8__Latcha	H3BCQ8__Latcha	1	full		GDDYD	D	434	no
trpp	I7MHL0__Tetthe	I7MHL0__Tetthe	1	full		GYNAD	Y	434	no
trpp	Q558Y3__Dicdis	Q558Y3__Dicdis	1	full		GNDYE	N	434	no
trpp	Q9VK95__Dromel	Q9VK95__Dromel	1	full		GDQYN	D	434	no
trpp	V3Z0D8__Lotgig	V3Z0D8__Lotgig	1	full		GDDFQ	D	434	no
trpp	V4AIV7__Lotgig	V4AIV7__Lotgig	1	full		GSDFE	S	434	no
trpp	GCA_964187895.1_OZ076464.1_6752703-7781514___Corasp	GCA_964187895.1_OZ076464.1_6752703-7781514___Corasp	1	full		GDDFH	D	434	no
trpp	GCA_964187895.1_OZ076447.1_20700174-21651127-__Corasp	GCA_964187895.1_OZ076447.1_20700174-21651127-__Corasp	1	full		GDDFN	D	434	no
trpp	GCA_977017645.1_OZ360219.1_92863461-93795111___Tormar	GCA_977017645.1_OZ360219.1_92863461-93795111___Tormar	1	full		GDDFA	D	434	no
trpp	GCA_977017645.1_OZ360232.1_2974158-3909638-__Tormar	GCA_977017645.1_OZ360232.1_2974158-3909638-__Tormar	1	full		GDNFG	D	434	no
trpn	A0A4W3GDN1__Calmil	A0A4W3GDN1__Calmil	1	full		GMDPD	M	434	no
trpn	A0A6I8RQW0__Xentro	A0A6I8RQW0__Xentro	1	full		GLEPG	L	434	no
trpn	A0A7M7SXN6__Strpur	A0A7M7SXN6__Strpur	1	full		GLEPE	L	434	no
trpn	A0A8N7UZV9__Danrer	A0A8N7UZV9__Danrer	1	full		GLEPD	L	434	no
trpn	A0A9J7MIF4__Braflo	A0A9J7MIF4__Braflo	1	full		GLEPD	L	434	no
trpn	A0AAJ7WVZ0__Petmar	A0AAJ7WVZ0__Petmar	1	full		GLEPE	L	434	no
trpn	A0ABM4D246__Hydvul	A0ABM4D246__Hydvul	1	full		GF-TS	F	434	no
trpn	A0ABM4D247__Hydvul	A0ABM4D247__Hydvul	1	full		GF-TQ	F	434	no
trpn	A0ABM4D248__Hydvul	A0ABM4D248__Hydvul	1	full		GL-SS	L	434	no
trpn	A0ABM4D268__Hydvul	A0ABM4D268__Hydvul	1	full		GM-GQ	M	434	no
trpn	H2ZZG0__Latcha	H2ZZG0__Latcha	1	full		GLDPD	L	434	no
trpn	Q9GRV5__Caeele	Q9GRV5__Caeele	1	full		GLEPD	L	434	no
trpn	Q9VMR4__Dromel	Q9VMR4__Dromel	1	full		GQEQT	Q	434	no
trpn	GCA_964187895.1_OZ076451.1_21542518-22136895-__Corasp	GCA_964187895.1_OZ076451.1_21542518-22136895-__Corasp	1	full		GLDPS	L	434	no
trpn	GCA_000187875.1_GL732610.1_266836-274588___Dappul	GCA_000187875.1_GL732610.1_266836-274588___Dappul	1	full		GLQPA	L	434	no
trpn	GCA_000327385.1_KB200701.1_2033299-2105148-__Lotgig	GCA_000327385.1_KB200701.1_2033299-2105148-__Lotgig	1	full		GLEPD	L	434	no
trpn	GCA_000209225.1_DS469639.1_301437-364960___Nemvec	GCA_000209225.1_DS469639.1_301437-364960___Nemvec	1	full		GLQSD	L	434	no
trpn	GCA_977017645.1_OZ360225.1_191331440-191808554___Tormar	GCA_977017645.1_OZ360225.1_191331440-191808554___Tormar	1	full		GMDPD	M	434	no
trpn	GCA_000150275.1_DS985247.1_1154322-1165298-__Triadh	GCA_000150275.1_DS985247.1_1154322-1165298-__Triadh	1	full		GLELS	L	434	no
