species	group	family	locus	gene_id	gene_name	gene_span	annotated_max_intron	n_exons	miniprot_max_intron	annotation_accession
Escherichia coli	prokaryote	mscl	U00096.3:3438006-3438419+	gene-b3291	mscL	411	0	0	0	GCA_000005845.2
Escherichia coli	prokaryote	mscs	U00096.3:3068980-3069741-	gene-b2924	mscS	861	0	0	0	GCA_000005845.2
Bacillus subtilis	prokaryote	mscl	AL009126.3:3743273-3743692-	gene-BSU_36360	mscL	393	0	0	0	GCA_000009045.1
Streptomyces lividans	prokaryote	mscl	CP009124.1:4844591-4845028-	gene-SLIV_21740	SLIV_21740	545	0	0	0	GCA_000739105.1
Synechocystis sp. PCC 6803	prokaryote	mscl	BA000022.2:1131819-1132247+	gene-mscL	mscL	438	0	0	0	GCA_000009725.1
Synechocystis sp. PCC 6803	prokaryote	mscs	BA000022.2:2660938-2661699+	gene-slr0639	slr0639	891	0	0	0	GCA_000009725.1
Gloeobacter violaceus	prokaryote	mscl	BA000045.2:1149543-1149935+	gene-glr1073	glr1073	447	0	0	0	GCA_000011385.1
Aliarcobacter butzleri	prokaryote	mscs	CP000361.1:389430-390191+	gene-Abu_0389	mscS	891	0	0	0	GCA_000014025.1
Thermus thermophilus	prokaryote	mscl	AP008226.1:599236-599625-	gene-TTHA0627	TTHA0627	375	0	0	0	GCA_000091545.1
Schizosaccharomyces pombe	fungi	osca_tmem63	CU329670.1:457076-459667-	gene-SPOM_SPAC24H6.13	SPOM_SPAC24H6.13	2966	0	0	0	GCA_000002945.3
Arabidopsis thaliana	plant	osca_tmem63	CP002684.1:4039886-4043143-	gene-AT1G11960	AT1G11960	4481	553	12	171	GCA_000001735.2
Arabidopsis thaliana	plant	clic	CP002684.1:6773462-6774413-	gene-AT1G19570	DHAR1	1222	186	3	186	GCA_000001735.2
Arabidopsis thaliana	plant	osca_tmem63	CP002684.1:11540427-11544041-	gene-AT1G32090	AT1G32090	4174	617	11	617	GCA_000001735.2
Arabidopsis thaliana	plant	osca_tmem63	CP002684.1:23041692-23044855-	gene-AT1G62320	AT1G62320	4019	107	12	107	GCA_000001735.2
Arabidopsis thaliana	plant	ano_scramblase	CP002684.1:27469777-27473184-	gene-AT1G73020	AT1G73020	4165	302	16	302	GCA_000001735.2
Arabidopsis thaliana	plant	clic	CP002684.1:28250255-28251237-	gene-AT1G75270	DHAR2	1395	190	3	190	GCA_000001735.2
Arabidopsis thaliana	plant	mscs	CP002684.1:29569271-29632590-	gene-AT1G78610	MSL6	3612	94	5	94	GCA_000001735.2
Arabidopsis thaliana	plant	mscs	CP002688.1:3898194-3900788-	gene-AT5G12080	MSL10	3898	372	7	277	GCA_000001735.2
Arabidopsis thaliana	plant	vdac	CP002688.1:4889641-4891389-	gene-AT5G15090	VDAC3	2640	456	7	456	GCA_000001735.2
Arabidopsis thaliana	plant	k2p	CP002688.1:18744730-18811669-	gene-AT5G46370	KCO2	2375	766	2	766	GCA_000001735.2
Arabidopsis thaliana	plant	mscs	CP002685.1:7389264-7391598-	gene-AT2G17000	AT2G17000	3410	326	6	87	GCA_000001735.2
Arabidopsis thaliana	plant	mscs	CP002685.1:7392968-7451233-	gene-AT2G17010	AT2G17010	3224	112	5	55794	GCA_000001735.2
Arabidopsis thaliana	plant	iglur_nonvertebrate	CP002685.1:13748504-13756194-	gene-AT2G32390	GLR3.5	4002	215	7	207	GCA_000001735.2
Arabidopsis thaliana	plant	iglur_nonvertebrate	CP002684.1:1505801-1508969+	gene-AT1G05200	GLR3.4	4212	407	7	123	GCA_000001735.2
Arabidopsis thaliana	plant	iglur_nonvertebrate	CP002684.1:15973561-15999060+	gene-AT1G42540	GLR3.3	3760	186	7	92	GCA_000001735.2
Arabidopsis thaliana	plant	mscs	CP002684.1:19958983-19961542+	gene-AT1G53470	MSL4	3448	94	5	94	GCA_000001735.2
Arabidopsis thaliana	plant	k2p	CP002687.1:793461-867019+	gene-AT4G01840	KCO5	2061	304	2	304	GCA_000001735.2
Arabidopsis thaliana	plant	osca_tmem63	CP002687.1:1284066-1287606+	gene-AT4G02900	AT4G02900	4178	279	12	279	GCA_000001735.2
Arabidopsis thaliana	plant	tpc	CP002687.1:1580253-1585658+	gene-AT4G03560	TPC1	6052	328	23	328	GCA_000001735.2
Arabidopsis thaliana	plant	osca_tmem63	CP002687.1:2123235-2126624+	gene-AT4G04340	AT4G04340	4404	298	12	264	GCA_000001735.2
Arabidopsis thaliana	plant	osca_tmem63	CP002687.1:8828214-8840063+	gene-AT4G15430	AT4G15430	3974	186	12	95	GCA_000001735.2
Arabidopsis thaliana	plant	k2p	CP002687.1:10055705-10117077+	gene-AT4G18160	KCO6	2807	540	2	540	GCA_000001735.2
Arabidopsis thaliana	plant	iglur_nonvertebrate	CP002687.1:16790353-16793452+	gene-AT4G35290	GLUR2	4155	602	8	92	GCA_000001735.2
Arabidopsis thaliana	plant	mscs	CP002686.1:4971232-4973865-	gene-AT3G14810	MSL5	3591	99	6	93	GCA_000001735.2
Arabidopsis thaliana	plant	osca_tmem63	CP002686.1:7605445-7614041-	gene-AT3G21620	AT3G21620	3536	233	11	5563	GCA_000001735.2
Arabidopsis thaliana	plant	iglur_nonvertebrate	CP002685.1:7471329-7573152+	gene-AT2G17260	GLR2	3647	93	5	93	GCA_000001735.2
Arabidopsis thaliana	plant	vdac	CP002686.1:85754-87612+	gene-AT3G01280	VDAC1	2520	499	6	499	GCA_000001735.2
Arabidopsis thaliana	plant	iglur_nonvertebrate	CP002686.1:19101268-19104663+	gene-AT3G51480	GLR3.6	4169	283	7	283	GCA_000001735.2
Arabidopsis thaliana	plant	clic	CP002688.1:5483372-5484926+	gene-AT5G16710	DHAR3	1926	321	6	321	GCA_000001735.2
Arabidopsis thaliana	plant	mscs	CP002688.1:6586163-6588759+	gene-AT5G19520	MSL9	3612	522	6	154	GCA_000001735.2
Arabidopsis thaliana	plant	k2p	CP002688.1:22531823-22611323+	gene-AT5G55630	KCO1	1765	250	3	84	GCA_000001735.2
Arabidopsis thaliana	plant	osca_tmem63	CP002687.1:11716000-11719144-	gene-AT4G22120	AT4G22120	4267	545	10	224	GCA_000001735.2
Arabidopsis thaliana	plant	gphr	r4_CP002684.1:24140183-24145875-	gene-AT1G64990	GTG1	6431	609	14	609	GCA_000001735.2
Arabidopsis thaliana	plant	tmco1	r4_CP002688.1:2046863-2047453+	gene-AT5G06660	AT5G06660	1177	0	1	0	GCA_000001735.2
Arabidopsis thaliana	plant	gphr	r4_CP002687.1:13791980-13802049-	gene-AT4G27630	GTG2	5664	798	15	798	GCA_000001735.2
Arabidopsis thaliana	plant	tmco1	r4_CP002686.1:3834465-3835055-	gene-AT3G12030	AT3G12030	747	0	1	0	GCA_000001735.2
Oryza sativa	plant	vdac	AP014959.1:5348616-5351821-	gene-OSNPB_030202200	Os03g0202200	3209	2026	6	2026	GCA_001433935.1
Oryza sativa	plant	k2p	AP014959.1:31015086-31016221-	gene-OSNPB_030752300	Os03g0752300	1130	86	2	86	GCA_001433935.1
Oryza sativa	plant	osca_tmem63	AP014957.1:19394708-19403227-	gene-OSNPB_010534900	Os01g0534900	8550	1156	11	1156	GCA_001433935.1
Oryza sativa	plant	vdac	AP014957.1:22908545-22910548-	gene-OSNPB_010588200	Os01g0588200	2385	666	6	666	GCA_001433935.1
Oryza sativa	plant	tpc	AP014957.1:27907674-27920729-	gene-OSNPB_010678500	Os01g0678500	14290	1182	24	1182	GCA_001433935.1
Oryza sativa	plant	ano_scramblase	AP014957.1:29318516-29322404-	gene-OSNPB_010706700	Os01g0706700	3937	472	16	472	GCA_001433935.1
Oryza sativa	plant	vdac	AP014957.1:29770481-29773125-	gene-OSNPB_010715500	Os01g0715500	1077	221	4	1213	GCA_001433935.1
Oryza sativa	plant	mcu	AP014957.1:34769732-34857486-	gene-OSNPB_010817000	Os01g0817000	2461	1543	2	49212	GCA_001433935.1
Oryza sativa	plant	mscs	AP014962.1:5345625-5348544-	gene-OSNPB_060205600	Os06g0205600	3097	465	5	465	GCA_001433935.1
Oryza sativa	plant	clic	AP014962.1:6892952-6895491-	gene-OSNPB_060232600	Os06g0232600	2809	704	6	704	GCA_001433935.1
Oryza sativa	plant	vdac	AP014965.1:11805716-11808707+	gene-OSNPB_090361400	Os09g0361400	3409	936	8	936	GCA_001433935.1
Oryza sativa	plant	iglur_nonvertebrate	AP014960.1:29565962-29569644-	gene-OSNPB_040585200	Os04g0585200	2427	103	5	498	GCA_001433935.1
Oryza sativa	plant	osca_tmem63	AP014961.1:19160792-19167113+	gene-OSNPB_050393800	Os05g0393800	5214	914	11	914	GCA_001433935.1
Oryza sativa	plant	vdac	AP014961.1:26628276-26631172+	gene-OSNPB_050536200	Os05g0536200	2921	1319	6	1319	GCA_001433935.1
Oryza sativa	plant	osca_tmem63	AP014961.1:29609639-29616004+	gene-OSNPB_050594700	Os05g0594700	8145	1220	12	880	GCA_001433935.1
Oryza sativa	plant	iglur_nonvertebrate	AP014962.1:28345730-28350499+	gene-OSNPB_060680500	Os06g0680500	4880	1471	7	1471	GCA_001433935.1
Oryza sativa	plant	iglur_nonvertebrate	AP014963.1:191598-196165+	gene-OSNPB_070103100	Os07g0103100	4601	1645	3	1645	GCA_001433935.1
Oryza sativa	plant	k2p	AP014963.1:467368-468438+	gene-OSNPB_070108800	Os07g0108800	1050	0	0	0	GCA_001433935.1
Oryza sativa	plant	iglur_nonvertebrate	AP014963.1:20221732-20225402+	gene-OSNPB_070522600	Os07g0522600	3275	498	6	498	GCA_001433935.1
Oryza sativa	plant	clic	AP014961.1:877444-880364-	gene-OSNPB_050116100	Os05g0116100	2936	1232	6	1232	GCA_001433935.1
Oryza sativa	plant	iglur_nonvertebrate	AP014965.1:15573164-15594285-	gene-OSNPB_090429000	Os09g0429000	6109	1198	5	14805	GCA_001433935.1
Oryza sativa	plant	osca_tmem63	AP014966.1:23088512-23093286-	gene-OSNPB_100579100	Os10g0579100	4970	1242	11	1242	GCA_001433935.1
Oryza sativa	plant	gphr	r4_AP014960.1:30312129-30316149-	gene-OSNPB_040600800	Os04g0600800	4021	600	12	600	GCA_001433935.1
Oryza sativa	plant	tmco1	r4_AP014959.1:29277818-29278447-	gene-OSNPB_030721400	Os03g0721400	3035	1845	2	0	GCA_001433935.1
Physcomitrium patens	plant	k2p	CM009323.2:10075295-10076923-	gene-LOC112285814	LOC112285814	2248	672	2	672	GCF_000002425.5
Physcomitrium patens	plant	mscs	CM009322.2:14005043-14007987+	gene-LOC112284424	LOC112284424	3845	211	5	211	GCF_000002425.5
Physcomitrium patens	plant	ano_scramblase	CM009322.2:15421291-15425168+	gene-LOC112284292	LOC112284292	5077	478	16	478	GCF_000002425.5
Physcomitrium patens	plant	vdac	CM009330.2:5976676-5978154+	gene-LOC112292873	LOC112292873	2904	987	7	169	GCF_000002425.5
Physcomitrium patens	plant	tpc	CM009330.2:8155820-8161529+	gene-LOC112292695	LOC112292695	6555	511	23	511	GCF_000002425.5
Physcomitrium patens	plant	iglur_nonvertebrate	CM009330.2:16700118-16704460+	gene-LOC112292047	LOC112292047	5195	574	8	574	GCF_000002425.5
Physcomitrium patens	plant	osca_tmem63	CM009325.2:9954002-9959495-	gene-LOC112287535	LOC112287535	7529	616	11	616	GCF_000002425.5
Physcomitrium patens	plant	iglur_nonvertebrate	CM009327.2:3893045-3897627+	gene-LOC112289643	LOC112289643	5707	515	10	507	GCF_000002425.5
Physcomitrium patens	plant	osca_tmem63	CM009319.2:10845675-10850879-	gene-LOC112281438	LOC112281438	7935	578	11	516	GCF_000002425.5
Physcomitrium patens	plant	mscs	CM009316.2:7653767-7656410+	gene-LOC112288572	LOC112288572	3948	160	6	160	GCF_000002425.5
Physcomitrium patens	plant	osca_tmem63	CM009323.2:2027971-2032334+	gene-LOC112285336	LOC112285336	5084	468	11	468	GCF_000002425.5
Physcomitrium patens	plant	tpc	CM009316.2:4810613-4817113-	gene-LOC112289367	LOC112289367	7573	454	24	454	GCF_000002425.5
Physcomitrium patens	plant	osca_tmem63	CM009316.2:23548245-23552800-	gene-LOC112282674	LOC112282674	5105	488	11	488	GCF_000002425.5
Physcomitrium patens	plant	tpc	CM009318.2:11974747-11977195+	gene-LOC112279983	LOC112279983	6494	655	15	289	GCF_000002425.5
Physcomitrium patens	plant	clic	CM009337.2:3135399-3138546+	gene-LOC112275199	LOC112275199	3865	1257	6	1257	GCF_000002425.5
Physcomitrium patens	plant	k2p	CM009335.2:351013-352166+	gene-LOC112273118	LOC112273118	2602	724	4	143	GCF_000002425.5
Physcomitrium patens	plant	k2p	CM009335.2:3862351-3870244+	gene-LOC112273488	LOC112273488	3759	507	4	5044	GCF_000002425.5
Physcomitrium patens	plant	vdac	CM009324.2:14236451-14238024+	gene-LOC112286994	LOC112286994	2993	969	7	267	GCF_000002425.5
Physcomitrium patens	plant	mscs	CM009326.2:2025297-2028242-	gene-LOC112288830	LOC112288830	4565	231	5	231	GCF_000002425.5
Physcomitrium patens	plant	mscs	CM009341.2:7892551-7896885-	gene-LOC112277913	LOC112277913	7207	418	12	1499	GCF_000002425.5
Physcomitrium patens	plant	osca_tmem63	CM009331.2:10732681-10737677+	gene-LOC112293655	LOC112293655	7453	837	14	455	GCF_000002425.5
Physcomitrium patens	plant	tmco1	r4_CM009336.2:7220070-7220645+	gene-LOC112274256	LOC112274256	1015	0	1	0	GCF_000002425.5
Chlamydomonas reinhardtii	algae	cav	CM008977.1:3035805-3141877+	gene-CHLRE_16g665050v5	CHLRE_16g665050v5	10962	256	23	31543	GCA_000002595.3
Chlamydomonas reinhardtii	algae	cav	CM008978.1:2939693-3148811+	gene-CHLRE_17g720600v5	CHLRE_17g720600v5	14442	614	29	28438	GCA_000002595.3
Chlamydomonas reinhardtii	algae	cav	CM008971.1:3373729-3477436+	gene-CHLRE_10g444850v5	CHLRE_10g444850v5	16964	236	30	67668	GCA_000002595.3
Chlamydomonas reinhardtii	algae	gphr	r4_CM008977.1:6805224-6809791+	gene-CHLRE_16g674739v5	CHLRE_16g674739v5	5352	396	11	396	GCA_000002595.3
Dictyostelium discoideum	amoebozoa	kca_slo	CM000150.2:3713365-3815928-	gene-DDB_G0269896	kcnma1	3864	129	2	369	GCA_000004695.1
Dictyostelium discoideum	amoebozoa	osca_tmem63	CM000151.3:1665797-1667994-	gene-DDB_G0272114	orfR1062	2549	227	2	227	GCA_000004695.1
Dictyostelium discoideum	amoebozoa	tpc	CM000154.2:2363470-2448408+	gene-DDB_G0289105	DDB_G0289105	6260	77	2	822	GCA_000004695.1
Dictyostelium discoideum	amoebozoa	piezo	CM000152.2:6081996-6183334-	gene-DDB_G0282801	DDB_G0282801	9690	135	5	354	GCA_000004695.1
Dictyostelium discoideum	amoebozoa	kca_slo	CM000151.3:4950135-5087645+	gene-DDB_G0275169	DDB_G0275169	4273	178	4	61799	GCA_000004695.1
Dictyostelium discoideum	amoebozoa	gphr	r4_CM000153.2:1060594-1063298+	gene-DDB_G0283855	DDB_G0283855	1834	100	3	100	GCA_000004695.1
Dictyostelium discoideum	amoebozoa	tmem87	r4_CM000153.2:3726537-3727872-	gene-DDB_G0285943	DDB_G0285943	2255	170	5	170	GCA_000004695.1
Dictyostelium discoideum	amoebozoa	tmco1	r4_CM000152.2:4605058-4605740-	gene-DDB_G0281489	DDB_G0281489	686	125	2	125	GCA_000004695.1
Paramecium tetraurelia	ciliate	kca_sk	CT868230.1:135174-136354+	gene-GSPATT00011730001	GSPATT00011730001	1470	25	5	25	GCA_000165425.1
Paramecium tetraurelia	ciliate	cav	CT868655.1:312419-317007+	gene-GSPATT00022811001	GSPATT00022811001	5255	34	7	123	GCA_000165425.1
Paramecium tetraurelia	ciliate	cav	CT868000.1:156252-160982-	gene-GSPATT00029716001	GSPATT00029716001	5290	27	8	140	GCA_000165425.1
Paramecium tetraurelia	ciliate	cng	CT868058.1:34501-85788-	gene-GSPATT00036989001	GSPATT00036989001	3113	37	4	48007	GCA_000165425.1
Paramecium tetraurelia	ciliate	cng	CT868056.1:32956-34540+	gene-GSPATT00036764001	GSPATT00036764001	3239	26	6	133	GCA_000165425.1
Paramecium tetraurelia	ciliate	kca_slo	CT868219.1:116173-119084-	gene-GSPATT00011423001	GSPATT00011423001	3139	35	6	28	GCA_000165425.1
Paramecium tetraurelia	ciliate	kca_slo	CT868152.1:440612-443552+	gene-GSPATT00009781001	GSPATT00009781001	3111	36	6	89	GCA_000165425.1
Paramecium tetraurelia	ciliate	kca_slo	CT868208.1:320189-322950+	gene-GSPATT00011240001	GSPATT00011240001	3107	31	7	40	GCA_000165425.1
Paramecium tetraurelia	ciliate	gphr	r4_CT867999.1:283229-284601-	gene-GSPATT00029617001	GSPATT00029617001	1432	34	4	40	GCA_000165425.1
Paramecium tetraurelia	ciliate	tmco1	r4_CT868255.1:1873-2383-	gene-GSPATT00039181001	GSPATT00039181001	660	28	3	28	GCA_000165425.1
Paramecium tetraurelia	ciliate	tmco1	r4_CT868052.1:623887-624397-	gene-GSPATT00006911001	GSPATT00006911001	652	28	3	28	GCA_000165425.1
Tetrahymena thermophila	ciliate	kca_slo	GG662749.1:280600-284496+	gene-TTHERM_00091590	TTHERM_00091590	4965	451	12	451	GCA_000189635.1
Tetrahymena thermophila	ciliate	cav	GG662706.1:116289-123900-	gene-TTHERM_00378480	TTHERM_00378480	11440	648	13	2361	GCA_000189635.1
Tetrahymena thermophila	ciliate	cng	GG662793.1:547658-549289+	gene-TTHERM_000145118	TTHERM_000145118	4044	120	2	120	GCA_000189635.1
Tetrahymena thermophila	ciliate	kca_slo	GG662734.1:112573-115874+	gene-TTHERM_00927280	TTHERM_00927280	4147	173	14	208	GCA_000189635.1
Monosiga brevicollis	holozoa	clc_channel	CH991563.1:379269-505089+	gene-MONBRDRAFT_27904	MONBRDRAFT_27904	5458	289	23	98467	GCA_000002865.1
Monosiga brevicollis	holozoa	tpc	CH991543.1:2530796-2534065-	gene-MONBRDRAFT_13744	MONBRDRAFT_13744	2848	127	9	209	GCA_000002865.1
Monosiga brevicollis	holozoa	kca_slo	CH991567.1:229358-356100+	gene-MONBRDRAFT_33881	MONBRDRAFT_33881	7394	426	19	61969	GCA_000002865.1
Monosiga brevicollis	holozoa	itpr	CH991559.1:502095-516068+	gene-MONBRDRAFT_37956	MONBRDRAFT_37956	10896	208	21	289	GCA_000002865.1
Monosiga brevicollis	holozoa	trpc	CH991559.1:528360-645732+	gene-MONBRDRAFT_27307	MONBRDRAFT_27307	3846	222	11	173	GCA_000002865.1
Monosiga brevicollis	holozoa	itpr	CH991554.1:235496-339931+	gene-MONBRDRAFT_26146	MONBRDRAFT_26146	13244	190	47	91742	GCA_000002865.1
Monosiga brevicollis	holozoa	k2p	CH991573.1:272027-354107-	gene-MONBRDRAFT_29197	MONBRDRAFT_29197	4004	244	10	80933	GCA_000002865.1
Monosiga brevicollis	holozoa	trpm	CH991573.1:475400-481852-	gene-MONBRDRAFT_29245	MONBRDRAFT_29245	7204	201	24	310	GCA_000002865.1
Monosiga brevicollis	holozoa	trpm	CH991560.1:353117-428776+	gene-MONBRDRAFT_27446	MONBRDRAFT_27446	7663	266	27	654	GCA_000002865.1
Monosiga brevicollis	holozoa	p2x	CH991544.1:2408233-2410527-	gene-MONBRDRAFT_31366	MONBRDRAFT_31366	3232	181	18	307	GCA_000002865.1
Monosiga brevicollis	holozoa	kir	CH991551.1:646683-648085+	gene-MONBRDRAFT_32445	MONBRDRAFT_32445	1278	109	3	132	GCA_000002865.1
Monosiga brevicollis	holozoa	mcu	CH991568.1:469561-470857+	gene-MONBRDRAFT_33945	MONBRDRAFT_33945	4656	420	17	255	GCA_000002865.1
Monosiga brevicollis	holozoa	tpc	CH991590.1:26470-29938-	gene-MONBRDRAFT_30365	MONBRDRAFT_30365	3820	153	7	948	GCA_000002865.1
Monosiga brevicollis	holozoa	gphr	r4_CH991560.1:231230-233745+	gene-MONBRDRAFT_33399	MONBRDRAFT_33399	3260	169	15	250	GCA_000002865.1
Monosiga brevicollis	holozoa	tmem87	r4_CH991544.1:1598198-1666369-	gene-MONBRDRAFT_35943	MONBRDRAFT_35943	3376	413	13	12612	GCA_000002865.1
Capsaspora owczarzaki	holozoa	osca_tmem63	KE346363.1:67157-163632+	gene-CAOG_002857	CAOG_002857	3048	141	2	141	GCA_000151315.2
Capsaspora owczarzaki	holozoa	clc_channel	KE346369.1:662019-875603+	gene-CAOG_006060	CAOG_006060	4206	565	12	54702	GCA_000151315.2
Capsaspora owczarzaki	holozoa	clc_channel	KE346367.1:105876-111462-	gene-CAOG_004981	CAOG_004981	4435	285	17	137	GCA_000151315.2
Capsaspora owczarzaki	holozoa	piezo	KE346365.1:467067-732456-	gene-CAOG_004166	CAOG_004166	9889	234	6	1505	GCA_000151315.2
Capsaspora owczarzaki	holozoa	p2x	KE346360.1:939201-941049+	gene-CAOG_000277	CAOG_000277	1867	102	6	102	GCA_000151315.2
Capsaspora owczarzaki	holozoa	ryr	KE346376.1:62271-87258+	gene-CAOG_007989	CAOG_007989	20522	397	2	858	GCA_000151315.2
Capsaspora owczarzaki	holozoa	itpr	KE346366.1:9847-22566-	gene-CAOG_009776	CAOG_009776	10524	1886	6	2542	GCA_000151315.2
Capsaspora owczarzaki	holozoa	itpr	KE346366.1:1086820-1096951-	gene-CAOG_004826	CAOG_004826	11666	1257	5	558	GCA_000151315.2
Capsaspora owczarzaki	holozoa	gphr	r4_KE346368.1:857409-866712+	gene-CAOG_005654	CAOG_005654	2342	120	12	120	GCA_000151315.2
Capsaspora owczarzaki	holozoa	tmco1	r4_KE346365.1:1047333-1048280+	gene-CAOG_004306	CAOG_004306	948	147	4	147	GCA_000151315.2
Capsaspora owczarzaki	holozoa	tmem87	r4_KE346367.1:314696-315845+	gene-CAOG_005036	CAOG_005036	2585	572	7	109	GCA_000151315.2
Amphimedon queenslandica	basal_metazoan	asic	GL345188.1:150945-152339+	gene-LOC105312164	LOC105312164	5744	0	1	0	GCF_000090795.2
Amphimedon queenslandica	basal_metazoan	mcu	GL345235.1:162167-163735-	gene-LOC100641043	LOC100641043	1998	231	7	231	GCF_000090795.2
Amphimedon queenslandica	basal_metazoan	kca_slo	GL345282.1:124428-195662-	gene-LOC105312965	LOC105312965	7064	288	26	46645	GCF_000090795.2
Amphimedon queenslandica	basal_metazoan	catsper	GL345255.1:63774-65779-	gene-LOC109582113	LOC109582113	2667	155	12	198	GCF_000090795.2
Amphimedon queenslandica	basal_metazoan	catsper	GL345316.1:55284-56843-	gene-LOC100634777	LOC100634777	1315	246	6	246	GCF_000090795.2
Amphimedon queenslandica	basal_metazoan	cav	GL345140.1:147500-196583+	gene-LOC100638198	LOC100638198	12255	575	40	1036	GCF_000090795.2
Amphimedon queenslandica	basal_metazoan	clc_channel	GL345146.1:615470-631943+	gene-LOC100632905	LOC100632905	11837	2537	21	2540	GCF_000090795.2
Amphimedon queenslandica	basal_metazoan	clic	GL345218.1:126895-127576+	gene-LOC100640996	LOC100640996	1601	114	5	114	GCF_000090795.2
Amphimedon queenslandica	basal_metazoan	cng	GL345208.1:23192-105309-	gene-LOC100639778	LOC100639778	4122	968	6	78559	GCF_000090795.2
Amphimedon queenslandica	basal_metazoan	itpr	GL345141.1:797151-811053+	gene-LOC100639431	LOC100639431	18715	4533	52	2219	GCF_000090795.2
Amphimedon queenslandica	basal_metazoan	k2p	GL345204.1:297134-298205+	gene-LOC100632575	LOC100632575	1123	61	2	61	GCF_000090795.2
Amphimedon queenslandica	basal_metazoan	kca_slo	GL345587.1:31944-54307-	gene-LOC105314193	LOC105314193	4015	357	4	357	GCF_000090795.2
Amphimedon queenslandica	basal_metazoan	kir	GL345333.1:143487-144398-	gene-LOC105313314	LOC105313314	1136	0	1	0	GCF_000090795.2
Amphimedon queenslandica	basal_metazoan	kir	GL345333.1:144834-145910-	gene-KirA	KirA	1050	0	1	0	GCF_000090795.2
Amphimedon queenslandica	basal_metazoan	nalcn	GL345353.1:16397-23503+	gene-LOC105313445	LOC105313445	13381	1349	42	529	GCF_000090795.2
Amphimedon queenslandica	basal_metazoan	osca_tmem63	GL345188.1:117902-121392-	gene-LOC100633972	LOC100633972	6129	452	23	452	GCF_000090795.2
Amphimedon queenslandica	basal_metazoan	p2x	GL345156.1:237038-320958+	gene-LOC100636400	LOC100636400	4750	1270	13	77550	GCF_000090795.2
Amphimedon queenslandica	basal_metazoan	p2x_nonmetazoan	GL345186.1:170052-171478-	gene-LOC100641967	LOC100641967	6156	4644	5	132	GCF_000090795.2
Amphimedon queenslandica	basal_metazoan	piezo	GL345167.1:58780-268693-	gene-LOC100637032	LOC100637032	13067	1621	40	51565	GCF_000090795.2
Amphimedon queenslandica	basal_metazoan	ryr	GL345419.1:95944-119671-	gene-LOC100637092	LOC100637092	25639	1434	87	1434	GCF_000090795.2
Amphimedon queenslandica	basal_metazoan	tmc	GL345137.1:224786-259714-	gene-LOC100632188	LOC100632188	5185	568	13	8430	GCF_000090795.2
Amphimedon queenslandica	basal_metazoan	tmem175	GL345645.1:14541-24773+	gene-LOC105314295	LOC105314295	3112	131	21	315	GCF_000090795.2
Amphimedon queenslandica	basal_metazoan	tpc	GL345185.1:177550-196180-	gene-LOC105312128	LOC105312128	4322	198	26	8555	GCF_000090795.2
Amphimedon queenslandica	basal_metazoan	tpc	GL345274.1:38741-46171+	gene-LOC100638902	LOC100638902	10988	1564	27	1893	GCF_000090795.2
Amphimedon queenslandica	basal_metazoan	tpc	GL345546.1:23935-28648+	gene-LOC105314080	LOC105314080	2936	170	4	2177	GCF_000090795.2
Amphimedon queenslandica	basal_metazoan	trpa	GL345178.1:266826-276524+	gene-LOC105312063	LOC105312063	3800	0	1	114	GCF_000090795.2
Amphimedon queenslandica	basal_metazoan	vdac	GL345165.1:102578-105601-	gene-LOC100637825	LOC100637825	3686	424	10	424	GCF_000090795.2
Amphimedon queenslandica	basal_metazoan	tmem87	r4_GL345206.1:244819-247360+	gene-LOC100638638	LOC100638638	4794	792	18	701	GCF_000090795.2
Amphimedon queenslandica	basal_metazoan	gphr	r4_GL345446.1:87595-90631+	gene-LOC100635955	LOC100635955	3159	544	18	547	GCF_000090795.2
Amphimedon queenslandica	basal_metazoan	gphr	r4_GL345446.1:91909-99730+	gene-LOC100636084	LOC100636084	7875	4833	16	4832	GCF_000090795.2
Amphimedon queenslandica	basal_metazoan	tmco1	r4_GL345301.1:42390-43655+	gene-LOC100634235	LOC100634235	1366	420	6	420	GCF_000090795.2
Trichoplax adhaerens	basal_metazoan	nalcn	DS985241.1:145758-161298+	gene-TRIADDRAFT_18273	TRIADDRAFT_18273	12189	2556	32	1909	GCA_000150275.1
Trichoplax adhaerens	basal_metazoan	vdac	DS985241.1:1412432-1415318+	gene-TRIADDRAFT_51380	TRIADDRAFT_51380	3037	1607	5	1607	GCA_000150275.1
Trichoplax adhaerens	basal_metazoan	orai	DS985241.1:11727081-11729963+	gene-TRIADDRAFT_52705	TRIADDRAFT_52705	549	0	1	2205	GCA_000150275.1
Trichoplax adhaerens	basal_metazoan	itpr	DS985244.1:1089890-1115613+	gene-TRIADDRAFT_55241	TRIADDRAFT_55241	25784	1502	83	1547	GCA_000150275.1
Trichoplax adhaerens	basal_metazoan	kca_slo	DS985244.1:3729942-3739785+	gene-TRIADDRAFT_23687	TRIADDRAFT_23687	7243	785	24	1846	GCA_000150275.1
Trichoplax adhaerens	basal_metazoan	hv1	DS985243.1:3139044-3146166-	gene-TRIADDRAFT_54341	TRIADDRAFT_54341	1615	170	8	164	GCA_000150275.1
Trichoplax adhaerens	basal_metazoan	kv_eag	DS985243.1:8963639-8973530-	gene-TRIADDRAFT_55030	TRIADDRAFT_55030	9958	4825	10	4825	GCA_000150275.1
Trichoplax adhaerens	basal_metazoan	clc_channel	DS985246.1:3924347-3932253-	gene-TRIADDRAFT_26270	TRIADDRAFT_26270	3636	177	17	662	GCA_000150275.1
Trichoplax adhaerens	basal_metazoan	ano_scramblase	DS985246.1:5135809-5188488-	gene-TRIADDRAFT_10718	TRIADDRAFT_10718	7695	731	23	18406	GCA_000150275.1
Trichoplax adhaerens	basal_metazoan	ano_scramblase	DS985243.1:1050904-1054202+	gene-TRIADDRAFT_22642	TRIADDRAFT_22642	3353	230	10	230	GCA_000150275.1
Trichoplax adhaerens	basal_metazoan	hv1	DS985243.1:3098718-3156271+	gene-TRIADDRAFT_54343	TRIADDRAFT_54343	2161	185	8	229	GCA_000150275.1
Trichoplax adhaerens	basal_metazoan	nav	DS985243.1:6274492-6336605+	gene-TRIADDRAFT_54699	TRIADDRAFT_54699	10717	874	20	807	GCA_000150275.1
Trichoplax adhaerens	basal_metazoan	nav	DS985243.1:6508512-6598134+	gene-TRIADDRAFT_23340	TRIADDRAFT_23340	13979	1323	24	45828	GCA_000150275.1
Trichoplax adhaerens	basal_metazoan	ano_scramblase	DS985259.1:732232-737362-	gene-TRIADDRAFT_60984	TRIADDRAFT_60984	5429	682	20	682	GCA_000150275.1
Trichoplax adhaerens	basal_metazoan	asic	DS985247.1:3072861-3075826-	gene-TRIADDRAFT_58138	TRIADDRAFT_58138	4039	568	12	568	GCA_000150275.1
Trichoplax adhaerens	basal_metazoan	cng	DS985247.1:5085626-5110318-	gene-TRIADDRAFT_13081	TRIADDRAFT_13081	2945	540	8	19849	GCA_000150275.1
Trichoplax adhaerens	basal_metazoan	asic	DS985250.1:1957920-1961593+	gene-TRIADDRAFT_29260	TRIADDRAFT_29260	3884	887	7	887	GCA_000150275.1
Trichoplax adhaerens	basal_metazoan	trpml	DS985247.1:824145-864828+	gene-TRIADDRAFT_27592	TRIADDRAFT_27592	3384	727	9	626	GCA_000150275.1
Trichoplax adhaerens	basal_metazoan	asic	DS985247.1:3080011-3083367+	gene-TRIADDRAFT_58139	TRIADDRAFT_58139	4026	779	9	779	GCA_000150275.1
Trichoplax adhaerens	basal_metazoan	p2x	DS985246.1:1694528-1699127+	gene-TRIADDRAFT_57279	TRIADDRAFT_57279	4685	2196	11	1318	GCA_000150275.1
Trichoplax adhaerens	basal_metazoan	osca_tmem63	DS985241.1:8021056-8105581-	gene-TRIADDRAFT_52212	TRIADDRAFT_52212	6290	733	20	1725	GCA_000150275.1
Trichoplax adhaerens	basal_metazoan	cav	DS985241.1:9753922-9778676-	gene-TRIADDRAFT_18642	TRIADDRAFT_18642	13323	1245	37	1245	GCA_000150275.1
Trichoplax adhaerens	basal_metazoan	ryr	DS985241.1:12001435-12026510-	gene-TRIADDRAFT_52741	TRIADDRAFT_52741	20120	1054	40	5998	GCA_000150275.1
Trichoplax adhaerens	basal_metazoan	trpm	DS985248.1:1883916-1910919+	gene-TRIADDRAFT_28218	TRIADDRAFT_28218	6812	911	15	911	GCA_000150275.1
Trichoplax adhaerens	basal_metazoan	cav	DS985242.1:6781753-6793235+	gene-TRIADDRAFT_21513	TRIADDRAFT_21513	11504	687	26	687	GCA_000150275.1
Trichoplax adhaerens	basal_metazoan	tmc	DS985242.1:7507132-7511478+	gene-TRIADDRAFT_53750	TRIADDRAFT_53750	8144	1775	17	541	GCA_000150275.1
Trichoplax adhaerens	basal_metazoan	tmc	DS985242.1:7517649-7522899+	gene-TRIADDRAFT_53751	TRIADDRAFT_53751	5830	616	17	862	GCA_000150275.1
Trichoplax adhaerens	basal_metazoan	vdac	DS985252.1:192228-194030+	gene-TRIADDRAFT_38158	TRIADDRAFT_38158	2369	311	9	258	GCA_000150275.1
Trichoplax adhaerens	basal_metazoan	p2x	DS985252.1:1064129-1067151+	gene-TRIADDRAFT_59819	TRIADDRAFT_59819	3032	540	10	506	GCA_000150275.1
Trichoplax adhaerens	basal_metazoan	itpr	DS985245.1:2342846-2359949-	gene-TRIADDRAFT_56365	TRIADDRAFT_56365	17113	2112	48	2112	GCA_000150275.1
Trichoplax adhaerens	basal_metazoan	trpp	DS985250.1:1017280-1028707-	gene-TRIADDRAFT_28988	TRIADDRAFT_28988	3732	435	13	3756	GCA_000150275.1
Trichoplax adhaerens	basal_metazoan	kir	DS985242.1:1072287-1073249-	gene-TRIADDRAFT_3835	TRIADDRAFT_3835	930	0	1	0	GCA_000150275.1
Trichoplax adhaerens	basal_metazoan	cav	DS985242.1:1513721-1596792-	gene-TRIADDRAFT_53006	TRIADDRAFT_53006	17253	1590	40	5471	GCA_000150275.1
Trichoplax adhaerens	basal_metazoan	tmc	DS985242.1:2638831-2656820-	gene-TRIADDRAFT_63632	TRIADDRAFT_63632	7960	927	19	13483	GCA_000150275.1
Trichoplax adhaerens	basal_metazoan	tmc	DS985242.1:7487485-7586738-	gene-TRIADDRAFT_53748	TRIADDRAFT_53748	4584	696	15	1147	GCA_000150275.1
Trichoplax adhaerens	basal_metazoan	kv_eag	DS985261.1:719065-727790+	gene-TRIADDRAFT_51027	TRIADDRAFT_51027	8744	5047	9	5047	GCA_000150275.1
Trichoplax adhaerens	basal_metazoan	kv_eag	DS985255.1:1293071-1310146+	gene-TRIADDRAFT_30951	TRIADDRAFT_30951	4675	946	9	576	GCA_000150275.1
Trichoplax adhaerens	basal_metazoan	k2p	DS985260.1:968714-976241-	gene-TRIADDRAFT_51003	TRIADDRAFT_51003	16737	8354	4	6511	GCA_000150275.1
Trichoplax adhaerens	basal_metazoan	kv_shaker	DS985262.1:388399-390225+	gene-TRIADDRAFT_2482	TRIADDRAFT_2482	1107	0	1	0	GCA_000150275.1
Trichoplax adhaerens	basal_metazoan	piezo	DS985244.1:3948004-3960813-	gene-TRIADDRAFT_55613	TRIADDRAFT_55613	13309	1238	29	1238	GCA_000150275.1
Trichoplax adhaerens	basal_metazoan	trpv	DS985248.1:185068-190380-	gene-TRIADDRAFT_58478	TRIADDRAFT_58478	5757	400	18	501	GCA_000150275.1
Trichoplax adhaerens	basal_metazoan	trpm	DS985256.1:914114-926754-	gene-TRIADDRAFT_60588	TRIADDRAFT_60588	13512	1341	28	1341	GCA_000150275.1
Trichoplax adhaerens	basal_metazoan	trpv	DS985277.1:194744-201484+	gene-TRIADDRAFT_62262	TRIADDRAFT_62262	7600	1490	13	1490	GCA_000150275.1
Trichoplax adhaerens	basal_metazoan	tmco1	r4_DS985242.1:2513769-2515808-	gene-TRIADDRAFT_20690	TRIADDRAFT_20690	1938	402	7	402	GCA_000150275.1
Trichoplax adhaerens	basal_metazoan	gphr	r4_DS985244.1:6853477-6859692-	gene-TRIADDRAFT_23402	TRIADDRAFT_23402	6222	2401	18	2401	GCA_000150275.1
Nematostella vectensis	cnidarian	kv_shaker	DS469579.1:937380-939051+	gene-NEMVEDRAFT_v1g206803	NEMVEDRAFT_v1g206803	2842	897	3	508	GCA_000209225.1
Nematostella vectensis	cnidarian	tmc	DS469514.1:1696501-1713273+	gene-NEMVEDRAFT_v1g198158	NEMVEDRAFT_v1g198158	10849	1865	13	5035	GCA_000209225.1
Nematostella vectensis	cnidarian	trpc	DS469514.1:2190909-2195140+	gene-NEMVEDRAFT_v1g31537	NEMVEDRAFT_v1g31537	4052	783	7	756	GCA_000209225.1
Nematostella vectensis	cnidarian	ano_scramblase	DS469507.1:660704-769954+	gene-NEMVEDRAFT_v1g79192	NEMVEDRAFT_v1g79192	13225	1478	22	25281	GCA_000209225.1
Nematostella vectensis	cnidarian	ano_scramblase	DS469619.1:406475-412984-	gene-NEMVEDRAFT_v1g244207	NEMVEDRAFT_v1g244207	8670	821	14	702	GCA_000209225.1
Nematostella vectensis	cnidarian	osca_tmem63	DS469573.1:270524-364712+	gene-NEMVEDRAFT_v1g242587	NEMVEDRAFT_v1g242587	10060	1947	10	85663	GCA_000209225.1
Nematostella vectensis	cnidarian	ano_scramblase	DS469573.1:446227-454374+	gene-NEMVEDRAFT_v1g103014	NEMVEDRAFT_v1g103014	6829	866	14	1653	GCA_000209225.1
Nematostella vectensis	cnidarian	ano_scramblase	DS469794.1:182574-192815+	gene-NEMVEDRAFT_v1g10892	NEMVEDRAFT_v1g10892	11279	3151	11	3151	GCA_000209225.1
Nematostella vectensis	cnidarian	k2p	DS469518.1:89528-93017-	gene-NEMVEDRAFT_v1g85807	NEMVEDRAFT_v1g85807	3277	2680	2	2680	GCA_000209225.1
Nematostella vectensis	cnidarian	k2p	DS469518.1:96661-99302-	gene-NEMVEDRAFT_v1g198789	NEMVEDRAFT_v1g198789	2735	1850	2	1850	GCA_000209225.1
Nematostella vectensis	cnidarian	osca_tmem63	DS469509.1:1457220-1561028+	gene-NEMVEDRAFT_v1g177567	NEMVEDRAFT_v1g177567	13146	2021	17	2021	GCA_000209225.1
Nematostella vectensis	cnidarian	asic	DS469509.1:2550318-2556306+	gene-NEMVEDRAFT_v1g80340	NEMVEDRAFT_v1g80340	6034	1726	8	1726	GCA_000209225.1
Nematostella vectensis	cnidarian	asic	DS469798.1:202823-204091-	gene-NEMVEDRAFT_v1g131241	NEMVEDRAFT_v1g131241	1263	0	1	0	GCA_000209225.1
Nematostella vectensis	cnidarian	k2p	DS469694.1:419468-423256-	gene-NEMVEDRAFT_v1g13571	NEMVEDRAFT_v1g13571	3516	2787	2	2787	GCA_000209225.1
Nematostella vectensis	cnidarian	k2p	DS469547.1:730223-732336-	gene-NEMVEDRAFT_v1g203229	NEMVEDRAFT_v1g203229	2183	1238	2	1238	GCA_000209225.1
Nematostella vectensis	cnidarian	nachr	DS469615.1:220383-261709+	gene-NEMVEDRAFT_v1g50745	NEMVEDRAFT_v1g50745	6447	2978	6	2978	GCA_000209225.1
Nematostella vectensis	cnidarian	nachr	DS469540.1:420361-494967-	gene-NEMVEDRAFT_v1g240779	NEMVEDRAFT_v1g240779	7455	2621	7	2621	GCA_000209225.1
Nematostella vectensis	cnidarian	kir	DS469540.1:1159231-1186104-	gene-NEMVEDRAFT_v1g93919	NEMVEDRAFT_v1g93919	960	0	1	0	GCA_000209225.1
Nematostella vectensis	cnidarian	nachr	DS469523.1:122130-124472-	gene-NEMVEDRAFT_v1g199721	NEMVEDRAFT_v1g199721	3461	1043	5	445	GCA_000209225.1
Nematostella vectensis	cnidarian	cav	DS469523.1:1459697-1605329-	gene-NEMVEDRAFT_v1g88037	NEMVEDRAFT_v1g88037	31625	3683	47	43622	GCA_000209225.1
Nematostella vectensis	cnidarian	catsper	DS469636.1:151496-155054+	gene-NEMVEDRAFT_v1g115192	NEMVEDRAFT_v1g115192	3586	1900	5	732	GCA_000209225.1
Nematostella vectensis	cnidarian	catsper	DS469651.1:263121-271295-	gene-NEMVEDRAFT_v1g170340	NEMVEDRAFT_v1g170340	11915	2465	11	2238	GCA_000209225.1
Nematostella vectensis	cnidarian	cav	DS469660.1:251828-285023-	gene-NEMVEDRAFT_v1g170705	NEMVEDRAFT_v1g170705	31496	4417	26	4083	GCA_000209225.1
Nematostella vectensis	cnidarian	kv_shaker	DS469513.1:108673-109749-	gene-NEMVEDRAFT_v1g83086	NEMVEDRAFT_v1g83086	1149	0	1	0	GCA_000209225.1
Nematostella vectensis	cnidarian	nav	DS469524.1:1284071-1372289+	gene-NEMVEDRAFT_v1g88459	NEMVEDRAFT_v1g88459	22360	3052	23	65556	GCA_000209225.1
Nematostella vectensis	cnidarian	tpc	DS469519.1:581831-687902-	gene-NEMVEDRAFT_v1g86198	NEMVEDRAFT_v1g86198	17182	2509	22	88854	GCA_000209225.1
Nematostella vectensis	cnidarian	cng	DS469700.1:112149-226133-	gene-NEMVEDRAFT_v1g21809	NEMVEDRAFT_v1g21809	3038	1475	3	79451	GCA_000209225.1
Nematostella vectensis	cnidarian	cng	DS469724.1:333284-347136-	gene-NEMVEDRAFT_v1g125284	NEMVEDRAFT_v1g125284	1954	625	2	625	GCA_000209225.1
Nematostella vectensis	cnidarian	trpp	DS469522.1:655635-713020+	gene-NEMVEDRAFT_v1g160849	NEMVEDRAFT_v1g160849	20570	4876	20	2525	GCA_000209225.1
Nematostella vectensis	cnidarian	kv_eag	DS470128.1:30543-43592-	gene-NEMVEDRAFT_v1g236199	NEMVEDRAFT_v1g236199	14086	3023	12	2465	GCA_000209225.1
Nematostella vectensis	cnidarian	kv_eag	DS469662.1:258422-289878-	gene-NEMVEDRAFT_v1g118813	NEMVEDRAFT_v1g118813	31487	12060	10	21717	GCA_000209225.1
Nematostella vectensis	cnidarian	cng	DS469509.1:1896262-1962864-	gene-NEMVEDRAFT_v1g81021	NEMVEDRAFT_v1g81021	5992	688	13	55962	GCA_000209225.1
Nematostella vectensis	cnidarian	cng	DS469599.1:415969-425349-	gene-NEMVEDRAFT_v1g20862	NEMVEDRAFT_v1g20862	8372	3903	6	3903	GCA_000209225.1
Nematostella vectensis	cnidarian	cng	DS469700.1:222437-231455+	gene-NEMVEDRAFT_v1g122927	NEMVEDRAFT_v1g122927	7282	4058	5	4058	GCA_000209225.1
Nematostella vectensis	cnidarian	nmda	DS469695.1:75343-86409+	gene-NEMVEDRAFT_v1g171792	NEMVEDRAFT_v1g171792	12133	1783	15	1783	GCA_000209225.1
Nematostella vectensis	cnidarian	kv_shaker	DS469611.1:364590-365903+	gene-NEMVEDRAFT_v1g23227	NEMVEDRAFT_v1g23227	1140	0	1	0	GCA_000209225.1
Nematostella vectensis	cnidarian	nachr	DS469568.1:703225-772778+	gene-NEMVEDRAFT_v1g205764	NEMVEDRAFT_v1g205764	7128	3132	6	3952	GCA_000209225.1
Nematostella vectensis	cnidarian	kir	DS469657.1:364784-451035-	gene-NEMVEDRAFT_v1g170615	NEMVEDRAFT_v1g170615	9607	4418	5	74827	GCA_000209225.1
Nematostella vectensis	cnidarian	nmda	DS469511.1:224861-228013-	gene-NEMVEDRAFT_v1g61547	NEMVEDRAFT_v1g61547	1950	379	5	435	GCA_000209225.1
Nematostella vectensis	cnidarian	nachr	DS469853.1:53897-93988-	gene-NEMVEDRAFT_v1g40806	NEMVEDRAFT_v1g40806	4266	2948	3	2948	GCA_000209225.1
Nematostella vectensis	cnidarian	nachr	DS469516.1:1824219-1939063+	gene-NEMVEDRAFT_v1g85091	NEMVEDRAFT_v1g85091	4224	1942	5	42262	GCA_000209225.1
Nematostella vectensis	cnidarian	nachr	DS469569.1:638169-732108+	gene-NEMVEDRAFT_v1g205855	NEMVEDRAFT_v1g205855	9500	3333	8	1745	GCA_000209225.1
Nematostella vectensis	cnidarian	nachr	DS469569.1:138529-145742-	gene-NEMVEDRAFT_v1g205808	NEMVEDRAFT_v1g205808	3408	979	5	979	GCA_000209225.1
Nematostella vectensis	cnidarian	nachr	DS469569.1:668263-680115-	gene-NEMVEDRAFT_v1g60450	NEMVEDRAFT_v1g60450	8392	2929	7	2929	GCA_000209225.1
Nematostella vectensis	cnidarian	hv1	DS469733.1:113611-116945-	gene-NEMVEDRAFT_v1g246569	NEMVEDRAFT_v1g246569	5357	830	8	830	GCA_000209225.1
Nematostella vectensis	cnidarian	kv_shaker	DS469575.1:587203-588435+	gene-NEMVEDRAFT_v1g12053	NEMVEDRAFT_v1g12053	1071	0	1	0	GCA_000209225.1
Nematostella vectensis	cnidarian	itpr	DS469637.1:475518-523238+	gene-NEMVEDRAFT_v1g244707	NEMVEDRAFT_v1g244707	47996	6269	58	6269	GCA_000209225.1
Nematostella vectensis	cnidarian	k2p	DS469785.1:109552-110949-	gene-NEMVEDRAFT_v1g130406	NEMVEDRAFT_v1g130406	1230	459	2	459	GCA_000209225.1
Nematostella vectensis	cnidarian	kv_shaker	DS469683.1:341793-398848+	gene-NEMVEDRAFT_v1g21645	NEMVEDRAFT_v1g21645	7059	5928	2	5928	GCA_000209225.1
Nematostella vectensis	cnidarian	otop	DS469515.1:866053-867783+	gene-NEMVEDRAFT_v1g198303	NEMVEDRAFT_v1g198303	1845	0	1	0	GCA_000209225.1
Nematostella vectensis	cnidarian	kv_shaker	DS469645.1:382791-386058-	gene-NEMVEDRAFT_v1g116534	NEMVEDRAFT_v1g116534	3184	2068	2	2068	GCA_000209225.1
Nematostella vectensis	cnidarian	kca_slo	DS469808.1:173273-186943+	gene-NEMVEDRAFT_v1g10122	NEMVEDRAFT_v1g10122	13656	1375	25	1381	GCA_000209225.1
Nematostella vectensis	cnidarian	kir	DS469634.1:124344-125423+	gene-NEMVEDRAFT_v1g52170	NEMVEDRAFT_v1g52170	951	0	1	0	GCA_000209225.1
Nematostella vectensis	cnidarian	kir	DS469567.1:95201-98945+	gene-NEMVEDRAFT_v1g101684	NEMVEDRAFT_v1g101684	3526	2575	2	2575	GCA_000209225.1
Nematostella vectensis	cnidarian	kv_eag	DS469532.1:1074241-1087193-	gene-NEMVEDRAFT_v1g91046	NEMVEDRAFT_v1g91046	13450	5760	11	5760	GCA_000209225.1
Nematostella vectensis	cnidarian	kv_shaker	DS469659.1:67464-68984-	gene-NEMVEDRAFT_v1g189854	NEMVEDRAFT_v1g189854	2139	543	2	0	GCA_000209225.1
Nematostella vectensis	cnidarian	kv_shaker	DS469683.1:407918-438976-	gene-NEMVEDRAFT_v1g51665	NEMVEDRAFT_v1g51665	1158	0	1	0	GCA_000209225.1
Nematostella vectensis	cnidarian	kv_shaker	DS470097.1:43553-44644-	gene-NEMVEDRAFT_v1g1146	NEMVEDRAFT_v1g1146	1119	0	1	0	GCA_000209225.1
Nematostella vectensis	cnidarian	kv_shaker	DS469870.1:131299-139269+	gene-NEMVEDRAFT_v1g135889	NEMVEDRAFT_v1g135889	8001	5500	4	5500	GCA_000209225.1
Nematostella vectensis	cnidarian	lrrc8	DS469924.1:171940-174148+	gene-NEMVEDRAFT_v1g11702	NEMVEDRAFT_v1g11702	1554	0	1	0	GCA_000209225.1
Nematostella vectensis	cnidarian	mcu	DS469857.1:87253-89932-	gene-NEMVEDRAFT_v1g227549	NEMVEDRAFT_v1g227549	6756	3309	6	749	GCA_000209225.1
Nematostella vectensis	cnidarian	nachr	DS469759.1:21446-27408+	gene-NEMVEDRAFT_v1g11255	NEMVEDRAFT_v1g11255	4999	1190	6	1169	GCA_000209225.1
Nematostella vectensis	cnidarian	nachr	DS469605.1:622952-685013+	gene-NEMVEDRAFT_v1g110265	NEMVEDRAFT_v1g110265	4672	2337	4	37988	GCA_000209225.1
Nematostella vectensis	cnidarian	nachr	DS469530.1:1328885-1334299-	gene-NEMVEDRAFT_v1g200917	NEMVEDRAFT_v1g200917	6295	1122	7	1122	GCA_000209225.1
Nematostella vectensis	cnidarian	nachr	DS469533.1:663554-739287-	gene-NEMVEDRAFT_v1g91696	NEMVEDRAFT_v1g91696	7040	2435	5	2435	GCA_000209225.1
Nematostella vectensis	cnidarian	nachr	DS469508.1:589305-659396-	gene-NEMVEDRAFT_v1g80076	NEMVEDRAFT_v1g80076	3584	858	6	54671	GCA_000209225.1
Nematostella vectensis	cnidarian	nachr	DS469620.1:100090-107307-	gene-NEMVEDRAFT_v1g52909	NEMVEDRAFT_v1g52909	2957	937	5	3984	GCA_000209225.1
Nematostella vectensis	cnidarian	nachr	DS469647.1:487373-497593-	gene-NEMVEDRAFT_v1g116716	NEMVEDRAFT_v1g116716	4217	1975	4	2920	GCA_000209225.1
Nematostella vectensis	cnidarian	nachr	DS469523.1:736321-741733+	gene-NEMVEDRAFT_v1g87907	NEMVEDRAFT_v1g87907	5248	2766	5	2766	GCA_000209225.1
Nematostella vectensis	cnidarian	nalcn	DS469538.1:1141813-1241288-	gene-NEMVEDRAFT_v1g93026	NEMVEDRAFT_v1g93026	4671	0	1	0	GCA_000209225.1
Nematostella vectensis	cnidarian	nav	DS469691.1:5948-23631+	gene-NEMVEDRAFT_v1g122010	NEMVEDRAFT_v1g122010	17276	2033	22	1942	GCA_000209225.1
Nematostella vectensis	cnidarian	orai	DS469581.1:194678-270080+	gene-NEMVEDRAFT_v1g105108	NEMVEDRAFT_v1g105108	1664	1076	2	1076	GCA_000209225.1
Nematostella vectensis	cnidarian	trpm	DS469518.1:1766361-1798026+	gene-NEMVEDRAFT_v1g85952	NEMVEDRAFT_v1g85952	21440	5955	20	5973	GCA_000209225.1
Nematostella vectensis	cnidarian	p2x	DS469579.1:717386-726648-	gene-NEMVEDRAFT_v1g104653	NEMVEDRAFT_v1g104653	4400	809	11	809	GCA_000209225.1
Nematostella vectensis	cnidarian	p2x_nonmetazoan	DS469556.1:224834-231625-	gene-NEMVEDRAFT_v1g241712	NEMVEDRAFT_v1g241712	7888	1846	7	1846	GCA_000209225.1
Nematostella vectensis	cnidarian	tmc	DS469519.1:84266-158929+	gene-NEMVEDRAFT_v1g86631	NEMVEDRAFT_v1g86631	11967	5718	13	61386	GCA_000209225.1
Nematostella vectensis	cnidarian	tmc	DS469813.1:15867-17945+	gene-NEMVEDRAFT_v1g132272	NEMVEDRAFT_v1g132272	1839	0	1	0	GCA_000209225.1
Nematostella vectensis	cnidarian	tmem175	DS469622.1:393641-394930-	gene-NEMVEDRAFT_v1g244271	NEMVEDRAFT_v1g244271	2193	0	1	0	GCA_000209225.1
Nematostella vectensis	cnidarian	tpc	DS469721.1:38917-71240+	gene-NEMVEDRAFT_v1g124913	NEMVEDRAFT_v1g124913	33929	10188	19	8091	GCA_000209225.1
Nematostella vectensis	cnidarian	trpc	DS469536.1:350934-358525+	gene-NEMVEDRAFT_v1g92648	NEMVEDRAFT_v1g92648	7247	4586	4	4586	GCA_000209225.1
Nematostella vectensis	cnidarian	trpm	DS470128.1:51059-70312+	gene-NEMVEDRAFT_v1g248535	NEMVEDRAFT_v1g248535	20992	1907	31	1907	GCA_000209225.1
Nematostella vectensis	cnidarian	trpml	DS469563.1:508356-585822-	gene-NEMVEDRAFT_v1g100508	NEMVEDRAFT_v1g100508	8977	1290	11	1290	GCA_000209225.1
Nematostella vectensis	cnidarian	trpml	DS469563.1:469668-476322+	gene-NEMVEDRAFT_v1g21552	NEMVEDRAFT_v1g21552	6415	1150	11	1150	GCA_000209225.1
Nematostella vectensis	cnidarian	trpv	DS469654.1:386839-418254+	gene-NEMVEDRAFT_v1g170467	NEMVEDRAFT_v1g170467	16531	1687	18	16207	GCA_000209225.1
Nematostella vectensis	cnidarian	vdac	DS469867.1:105236-112457-	gene-NEMVEDRAFT_v1g194326	NEMVEDRAFT_v1g194326	5545	1404	11	662	GCA_000209225.1
Nematostella vectensis	cnidarian	gphr	r4_DS469733.1:142674-144308-	gene-NEMVEDRAFT_v1g192049	NEMVEDRAFT_v1g192049	1711	252	2	252	GCA_000209225.1
Nematostella vectensis	cnidarian	tmco1	r4_DS469521.1:1331211-1335779+	gene-NEMVEDRAFT_v1g179997	NEMVEDRAFT_v1g179997	4697	1210	7	1210	GCA_000209225.1
Nematostella vectensis	cnidarian	tmem87	r4_DS469564.1:543476-572227+	gene-NEMVEDRAFT_v1g165271	NEMVEDRAFT_v1g165271	12053	3347	15	3347	GCA_000209225.1
Hydra vulgaris	cnidarian	ano_scramblase	NC_088931.1:10163873-10223124+	gene-LOC100197120	LOC100197120	82766	15450	20	15359	GCF_038396675.1
Hydra vulgaris	cnidarian	trpn	NC_088931.1:13547436-13631539+	gene-LOC105846758	LOC105846758	100260	15223	32	14838	GCF_038396675.1
Hydra vulgaris	cnidarian	trpn	NC_088931.1:13655001-13776380+	gene-LOC101235649	LOC101235649	133213	28454	32	28454	GCF_038396675.1
Hydra vulgaris	cnidarian	trpn	NC_088931.1:13800712-13873636+	gene-LOC101235555	LOC101235555	95314	23747	32	20508	GCF_038396675.1
Hydra vulgaris	cnidarian	trpn	NC_088931.1:14205749-14270906+	gene-LOC101240612	LOC101240612	99515	16591	32	15121	GCF_038396675.1
Hydra vulgaris	cnidarian	trpm	NC_088931.1:19818757-19857576+	gene-LOC100206201	LOC100206201	39294	11761	16	11761	GCF_038396675.1
Hydra vulgaris	cnidarian	trpm	NC_088931.1:19957935-20026730+	gene-LOC100210951	LOC100210951	51592	14039	16	18109	GCF_038396675.1
Hydra vulgaris	cnidarian	trpm	NC_088931.1:20124117-20162437+	gene-LOC101239020	LOC101239020	40070	16816	17	16816	GCF_038396675.1
Hydra vulgaris	cnidarian	k2p	NC_088931.1:27476731-27477496+	gene-LOC100201241	LOC100201241	32834	30122	5	82	GCF_038396675.1
Hydra vulgaris	cnidarian	itpr	NC_088931.1:35436767-35568905+	gene-LOC100202979	LOC100202979	139702	16225	57	16225	GCF_038396675.1
Hydra vulgaris	cnidarian	trpp	NC_088931.1:60125879-60197400+	gene-LOC100198472	LOC100198472	93581	19569	16	13999	GCF_038396675.1
Hydra vulgaris	cnidarian	trpp	NC_088931.1:60234527-60558341+	gene-LOC100198291	LOC100198291	58500	24001	16	16738	GCF_038396675.1
Hydra vulgaris	cnidarian	nachr	NC_088931.1:67589770-67605005+	gene-LOC101240830	LOC101240830	15720	8234	7	8234	GCF_038396675.1
Hydra vulgaris	cnidarian	vdac	NC_088931.1:74007189-74010446+	gene-LOC100207044	LOC100207044	3991	1660	5	1660	GCF_038396675.1
Hydra vulgaris	cnidarian	nachr	NC_088931.1:76471107-76485215+	gene-LOC100203342	LOC100203342	22515	11574	7	7193	GCF_038396675.1
Hydra vulgaris	cnidarian	nmda	NC_088931.1:79118226-79191001+	gene-LOC100197210	LOC100197210	73153	27402	14	27402	GCF_038396675.1
Hydra vulgaris	cnidarian	ano_scramblase	NC_088925.1:12375419-12565892+	gene-LOC136081652	LOC136081652	42224	14520	25	14520	GCF_038396675.1
Hydra vulgaris	cnidarian	kv_shaker	NC_088925.1:21074400-21099372+	gene-LOC100210973	LOC100210973	25596	16067	3	16067	GCF_038396675.1
Hydra vulgaris	cnidarian	cav	NC_088925.1:24681232-24906931+	gene-LOC105847844	LOC105847844	240515	20933	40	20933	GCF_038396675.1
Hydra vulgaris	cnidarian	cav	NC_088925.1:24932788-25044687+	gene-LOC101236982	LOC101236982	115669	18200	41	18200	GCF_038396675.1
Hydra vulgaris	cnidarian	cav	NC_088925.1:25330260-25497055+	gene-LOC101237421	LOC101237421	171320	18196	40	18196	GCF_038396675.1
Hydra vulgaris	cnidarian	cav	NC_088925.1:26931908-27028050+	gene-LOC100202002	LOC100202002	109667	11159	41	11159	GCF_038396675.1
Hydra vulgaris	cnidarian	nav	NC_088925.1:52285855-52319004+	gene-LOC100198170	LOC100198170	33439	4323	21	4323	GCF_038396675.1
Hydra vulgaris	cnidarian	tmc	NC_088927.1:36435544-36509671+	gene-LOC100210491	LOC100210491	120915	19286	18	19286	GCF_038396675.1
Hydra vulgaris	cnidarian	kir	NC_088927.1:62726175-62734183+	gene-LOC100212716	LOC100212716	23010	14478	5	7031	GCF_038396675.1
Hydra vulgaris	cnidarian	cav	NC_088927.1:3223118-3279695-	gene-LOC100215717	LOC100215717	83854	24158	27	14736	GCF_038396675.1
Hydra vulgaris	cnidarian	nav	NC_088932.1:10399664-10535719+	gene-LOC100210184	LOC100210184	68309	10080	27	9435	GCF_038396675.1
Hydra vulgaris	cnidarian	tmem175	NC_088932.1:22602616-22603929+	gene-LOC136089485	LOC136089485	2286	527	2	0	GCF_038396675.1
Hydra vulgaris	cnidarian	k2p	NC_088932.1:30487207-30513807+	gene-LOC100211770	LOC100211770	3917	1732	3	181	GCF_038396675.1
Hydra vulgaris	cnidarian	ano_scramblase	NC_088928.1:48613599-48628840+	gene-LOC100206780	LOC100206780	24206	8229	12	4283	GCF_038396675.1
Hydra vulgaris	cnidarian	nav	NC_088928.1:55267574-55324246+	gene-LOC100199933	LOC100199933	81019	21466	23	21466	GCF_038396675.1
Hydra vulgaris	cnidarian	asic	NC_088930.1:2198761-2243004-	gene-LOC100192260	LOC100192260	11078	3462	9	3462	GCF_038396675.1
Hydra vulgaris	cnidarian	asic	NC_088930.1:24086931-24089848-	gene-LOC100204327	LOC100204327	3570	1134	7	721	GCF_038396675.1
Hydra vulgaris	cnidarian	asic	NC_088922.1:10573144-10584889-	gene-LOC100192259	LOC100192259	24212	11084	7	5215	GCF_038396675.1
Hydra vulgaris	cnidarian	trpa	NC_088922.1:47428624-47519333-	gene-LOC101237623	LOC101237623	100591	18809	28	18821	GCF_038396675.1
Hydra vulgaris	cnidarian	nalcn	NC_088922.1:69466141-69479166-	gene-LOC100208516	LOC100208516	57472	24031	4	8256	GCF_038396675.1
Hydra vulgaris	cnidarian	kca_slo	NC_088923.1:4939193-5064705-	gene-LOC105848876	LOC105848876	108370	27168	28	27168	GCF_038396675.1
Hydra vulgaris	cnidarian	kv_kcnq	NC_088923.1:37622340-37623728-	gene-LOC105848757	LOC105848757	1870	0	1	0	GCF_038396675.1
Hydra vulgaris	cnidarian	kv_kcnq	NC_088923.1:40427477-40502174-	gene-LOC101235969	LOC101235969	63258	16558	17	16148	GCF_038396675.1
Hydra vulgaris	cnidarian	orai	NC_088929.1:33307315-33325859+	gene-LOC100213417	LOC100213417	18977	17870	2	17870	GCF_038396675.1
Hydra vulgaris	cnidarian	p2x	NC_088929.1:48406676-48454776+	gene-LOC100211566	LOC100211566	51008	14253	12	14253	GCF_038396675.1
Hydra vulgaris	cnidarian	kv_shaker	NC_088925.1:20971625-20993761-	gene-LOC100214532	LOC100214532	54333	31341	5	13287	GCF_038396675.1
Hydra vulgaris	cnidarian	kv_kcnq	NC_088934.1:6677482-6720909-	gene-LOC136071980	LOC136071980	60067	12590	15	12322	GCF_038396675.1
Hydra vulgaris	cnidarian	piezo	NC_088934.1:8486514-8655441-	gene-LOC136072017	LOC136072017	169344	21614	42	21614	GCF_038396675.1
Hydra vulgaris	cnidarian	kv_shaker	NC_088929.1:19870369-19871508-	gene-LOC100212155	LOC100212155	3933	2284	3	0	GCF_038396675.1
Hydra vulgaris	cnidarian	kv_shaker	NC_088929.1:19878501-19883376-	gene-LOC100215768	LOC100215768	12300	10440	3	3628	GCF_038396675.1
Hydra vulgaris	cnidarian	cav	NC_088924.1:35410907-35551662+	gene-LOC100204665	LOC100204665	196755	35258	47	14648	GCF_038396675.1
Hydra vulgaris	cnidarian	mcu	NC_088924.1:41417103-41518417-	gene-LOC100206887	LOC100206887	31595	11450	7	56877	GCF_038396675.1
Hydra vulgaris	cnidarian	cav	NC_088926.1:6356141-6471353-	gene-LOC100215858	LOC100215858	117832	10279	43	10279	GCF_038396675.1
Hydra vulgaris	cnidarian	otop	NC_088926.1:13511520-13513480-	gene-LOC100202150	LOC100202150	2276	242	2	242	GCF_038396675.1
Hydra vulgaris	cnidarian	trpml	NC_088922.1:10382030-10412689+	gene-LOC101236894	LOC101236894	57464	13152	13	9876	GCF_038396675.1
Hydra vulgaris	cnidarian	clic	NC_088922.1:57976449-57977051+	gene-LOC100214219	LOC100214219	5831	4431	3	0	GCF_038396675.1
Hydra vulgaris	cnidarian	cav	NC_088921.1:42398207-42482088-	gene-LOC100204204	LOC100204204	93314	9295	43	9288	GCF_038396675.1
Hydra vulgaris	cnidarian	kv_shaker	NC_088921.1:58172905-58174128-	gene-LOC100206883	LOC100206883	40579	28871	4	0	GCF_038396675.1
Hydra vulgaris	cnidarian	cav	NC_088921.1:67359054-67474240-	gene-LOC105849888	LOC105849888	123185	13322	43	17463	GCF_038396675.1
Hydra vulgaris	cnidarian	cav	NC_088921.1:67710594-67924999-	gene-LOC101237741	LOC101237741	112444	17301	41	14347	GCF_038396675.1
Hydra vulgaris	cnidarian	trpm	NC_088930.1:18353283-18532725+	gene-LOC100206830	LOC100206830	70267	11983	32	11928	GCF_038396675.1
Hydra vulgaris	cnidarian	kca_slo	NC_088923.1:5153804-5469042+	gene-LOC101236626	LOC101236626	119029	19160	30	22272	GCF_038396675.1
Hydra vulgaris	cnidarian	kv_kcnq	NC_088923.1:39817837-39908754+	gene-LOC101235562	LOC101235562	61228	11469	17	11469	GCF_038396675.1
Hydra vulgaris	cnidarian	trpml	NC_088933.1:9585783-9639147+	gene-LOC100208356	LOC100208356	54678	25202	13	25202	GCF_038396675.1
Hydra vulgaris	cnidarian	trpml	NC_088933.1:9658920-9689311+	gene-LOC101241828	LOC101241828	30979	20889	12	12526	GCF_038396675.1
Hydra vulgaris	cnidarian	nachr	NC_088932.1:9625023-9653293-	gene-LOC100215454	LOC100215454	72252	22253	10	13825	GCF_038396675.1
Hydra vulgaris	cnidarian	hv1	NC_088932.1:46924458-46936884-	gene-LOC101236972	LOC101236972	15511	5758	9	5758	GCF_038396675.1
Hydra vulgaris	cnidarian	nachr	NC_088932.1:55023266-55141454-	gene-LOC100207717	LOC100207717	40908	22102	9	5404	GCF_038396675.1
Hydra vulgaris	cnidarian	kv_shaker	NC_088921.1:43370232-43371419+	gene-LOC100200553	LOC100200553	2417	884	2	0	GCF_038396675.1
Hydra vulgaris	cnidarian	trpm	NC_088931.1:19881912-19932919-	gene-LOC100197824	LOC100197824	62136	18859	17	18859	GCF_038396675.1
Hydra vulgaris	cnidarian	tpc	NC_088931.1:67260568-67337468-	gene-LOC101236940	LOC101236940	98757	18637	30	17573	GCF_038396675.1
Hydra vulgaris	cnidarian	nachr	NC_088931.1:76453312-76470092-	gene-LOC100199590	LOC100199590	17316	5741	7	5741	GCF_038396675.1
Hydra vulgaris	cnidarian	trpc	NC_088933.1:21823660-21845229-	gene-LOC100206197	LOC100206197	57061	33882	11	14230	GCF_038396675.1
Hydra vulgaris	cnidarian	k2p	NC_088933.1:22712501-22719395-	gene-LOC101235039	LOC101235039	12680	4666	6	1721	GCF_038396675.1
Hydra vulgaris	cnidarian	kv_shaker	NC_088933.1:39684242-39685641-	gene-LOC100198702	LOC100198702	8294	5680	4	143	GCF_038396675.1
Hydra vulgaris	cnidarian	tmem87	r4_NC_088925.1:10540847-10558245+	gene-LOC100198744	LOC100198744	52916	14613	20	5437	GCF_038396675.1
Hydra vulgaris	cnidarian	tmco1	r4_NC_088931.1:54461762-54462322-	gene-LOC100212676	LOC100212676	688	0	1	0	GCF_038396675.1
Hydra vulgaris	cnidarian	gphr	r4_NC_088932.1:9700017-9725112-	gene-LOC100203020	LOC100203020	26385	23719	4	23719	GCF_038396675.1
Caenorhabditis elegans	invertebrate	bestrophin	BX284603.4:607964-609642-	gene-CELE_T19C3.1	best-17	2725	348	11	348	GCA_000002985.3
Caenorhabditis elegans	invertebrate	otop	BX284605.5:4074563-4077473+	gene-CELE_D1065.1	otpl-2	3819	590	8	590	GCA_000002985.3
Caenorhabditis elegans	invertebrate	otop	BX284605.5:8522711-8532405+	gene-CELE_F45F2.7	otpl-7	3176	372	7	7867	GCA_000002985.3
Caenorhabditis elegans	invertebrate	bestrophin	BX284605.5:10558004-10560511+	gene-CELE_F32G8.4	best-14	2813	928	6	928	GCA_000002985.3
Caenorhabditis elegans	invertebrate	trpv	BX284605.5:10764366-10768262+	gene-CELE_F28H7.10	ocr-1	4225	336	14	366	GCA_000002985.3
Caenorhabditis elegans	invertebrate	plgic_invertebrate	BX284605.5:16220156-16221797+	gene-CELE_F11A5.10	glc-1	2284	297	5	297	GCA_000002985.3
Caenorhabditis elegans	invertebrate	kca_slo	BX284605.5:18492321-18588249+	gene-CELE_Y51A2D.19	slo-1	15952	1707	21	1675	GCA_000002985.3
Caenorhabditis elegans	invertebrate	k2p	BX284605.5:19063214-19070585+	gene-CELE_Y39B6A.19	twk-46	6862	1771	6	1771	GCA_000002985.3
Caenorhabditis elegans	invertebrate	innexin	BX284601.5:2452088-2456402-	gene-CELE_T16H5.1	inx-19	11564	6882	6	1305	GCA_000002985.3
Caenorhabditis elegans	invertebrate	innexin	BX284601.5:3748810-3753875-	gene-CELE_Y8G1A.2	inx-13	5436	1242	7	1242	GCA_000002985.3
Caenorhabditis elegans	invertebrate	nachr	BX284601.5:4897727-4900900-	gene-CELE_F21F3.5	unc-38	3355	671	8	671	GCA_000002985.3
Caenorhabditis elegans	invertebrate	plgic_invertebrate	BX284601.5:5968135-5973338-	gene-CELE_B0207.12	avr-14	6080	1299	19	1124	GCA_000002985.3
Caenorhabditis elegans	invertebrate	trpm	BX284601.5:8551022-8564343-	gene-CELE_T01H8.5	gon-2	17626	3977	29	667	GCA_000002985.3
Caenorhabditis elegans	invertebrate	nachr	BX284601.5:8897863-8927533-	gene-CELE_T08G11.5	unc-29	3804	720	12	540	GCA_000002985.3
Caenorhabditis elegans	invertebrate	nachr	BX284601.5:8947931-9102015-	gene-CELE_C31H5.3	acr-19	5452	2756	9	800	GCA_000002985.3
Caenorhabditis elegans	invertebrate	bestrophin	BX284604.4:278501-286122+	gene-CELE_T21D12.15	best-19	3569	1111	9	1111	GCA_000002985.3
Caenorhabditis elegans	invertebrate	innexin	BX284604.4:609135-612346+	gene-CELE_C18H7.2	inx-18	7708	2622	7	1688	GCA_000002985.3
Caenorhabditis elegans	invertebrate	bestrophin	BX284604.4:3756242-3757849+	gene-CELE_Y37E11AR.1	best-20	3720	763	12	375	GCA_000002985.3
Caenorhabditis elegans	invertebrate	bestrophin	BX284604.4:6562698-6564660+	gene-CELE_C43G2.4	best-9	2570	1809	10	298	GCA_000002985.3
Caenorhabditis elegans	invertebrate	cav	BX284604.4:7407965-7497639+	gene-CELE_C48A7.1	egl-19	13159	1760	17	1155	GCA_000002985.3
Caenorhabditis elegans	invertebrate	itpr	BX284604.4:7681752-7696682+	gene-CELE_F33D4.2	itr-1	21757	4127	33	2354	GCA_000002985.3
Caenorhabditis elegans	invertebrate	bestrophin	BX284604.4:9903912-9905431+	gene-CELE_F32B6.9	best-13	2003	280	8	280	GCA_000002985.3
Caenorhabditis elegans	invertebrate	trpm	BX284604.4:11274786-11281030+	gene-CELE_F54D1.5	gtl-2	5113	1107	26	999	GCA_000002985.3
Caenorhabditis elegans	invertebrate	trpa	BX284604.4:11849707-11875429+	gene-CELE_C29E6.2	trpa-1	2482	5929	11	5929	GCA_000002985.3
Caenorhabditis elegans	invertebrate	bestrophin	BX284604.4:12349998-12352317+	gene-CELE_ZC518.1	best-22	5786	1232	14	567	GCA_000002985.3
Caenorhabditis elegans	invertebrate	bestrophin	BX284604.4:15302462-15309085+	gene-CELE_Y73F8A.11	best-21	476	2634	8	2634	GCA_000002985.3
Caenorhabditis elegans	invertebrate	orai	BX284603.4:653255-653824+	gene-CELE_C09F5.2	orai-1	7649	3713	8	72	GCA_000002985.3
Caenorhabditis elegans	invertebrate	trpc	BX284603.4:991872-999370+	gene-CELE_R06B10.4	trp-2	10051	1885	20	794	GCA_000002985.3
Caenorhabditis elegans	invertebrate	nalcn	BX284603.4:4971274-5021832+	gene-CELE_C27F2.2	nca-2	14168	4522	23	462	GCA_000002985.3
Caenorhabditis elegans	invertebrate	nachr	BX284603.4:6583463-6584950+	gene-CELE_F27B3.2	acr-21	4696	1491	12	298	GCA_000002985.3
Caenorhabditis elegans	invertebrate	trpml	BX284603.4:7584689-7636811+	gene-CELE_R13A5.1	cup-5	7401	2659	10	2659	GCA_000002985.3
Caenorhabditis elegans	invertebrate	bestrophin	BX284603.4:7901017-7988476+	gene-CELE_ZK688.2	best-24	3441	433	8	433	GCA_000002985.3
Caenorhabditis elegans	invertebrate	trpc	BX284603.4:8536913-8539924+	gene-CELE_ZC21.2	trp-1	7618	1794	16	253	GCA_000002985.3
Caenorhabditis elegans	invertebrate	cng	BX284603.4:9178633-9185052+	gene-CELE_ZC84.2	tax-4	4343	369	10	364	GCA_000002985.3
Caenorhabditis elegans	invertebrate	ano_scramblase	BX284603.4:13247947-13253380+	gene-CELE_F56A8.1	anoh-1	7137	1327	17	758	GCA_000002985.3
Caenorhabditis elegans	invertebrate	asic	BX284601.5:4095559-4107240+	gene-CELE_C24G7.2	acd-1	4470	665	14	9201	GCA_000002985.3
Caenorhabditis elegans	invertebrate	innexin	BX284601.5:4162048-4164299+	gene-CELE_R12E2.5	inx-16	2980	469	6	469	GCA_000002985.3
Caenorhabditis elegans	invertebrate	nachr	BX284601.5:4359346-4361389+	gene-CELE_ZK973.5	acr-6	3342	387	14	356	GCA_000002985.3
Caenorhabditis elegans	invertebrate	nachr	BX284601.5:5074824-5154088+	gene-CELE_Y110A7A.3	unc-63	7554	2106	10	2106	GCA_000002985.3
Caenorhabditis elegans	invertebrate	kca_sk	BX284601.5:8052539-8278096+	gene-CELE_F08A10.1	kcnl-2	33857	6416	20	59566	GCA_000002985.3
Caenorhabditis elegans	invertebrate	trpn	BX284601.5:13885525-13913833+	gene-CELE_Y71A12B.4	trp-4	14924	2906	24	990	GCA_000002985.3
Caenorhabditis elegans	invertebrate	tmc	BX284606.5:1167947-1173382+	gene-CELE_T13G4.3	tmc-1	14014	3132	27	1835	GCA_000002985.3
Caenorhabditis elegans	invertebrate	innexin	BX284606.5:5996214-5997725+	gene-CELE_F22F4.2	inx-3	2088	399	3	399	GCA_000002985.3
Caenorhabditis elegans	invertebrate	kv_kcnq	BX284606.5:6620947-6693845+	gene-CELE_C25B8.1	kqt-1	8984	2476	17	66415	GCA_000002985.3
Caenorhabditis elegans	invertebrate	nachr	BX284606.5:6704423-6709021+	gene-CELE_K11G12.2	acr-2	6760	1743	13	1743	GCA_000002985.3
Caenorhabditis elegans	invertebrate	nachr	BX284606.5:6709724-6712598+	gene-CELE_K11G12.7	acr-3	3388	602	14	602	GCA_000002985.3
Caenorhabditis elegans	invertebrate	tmc	BX284606.5:9304362-9308121+	gene-CELE_B0416.1	tmc-2	6717	383	26	447	GCA_000002985.3
Caenorhabditis elegans	invertebrate	innexin	BX284606.5:13212426-13215803+	gene-CELE_R12H7.1	unc-9	4336	649	8	649	GCA_000002985.3
Caenorhabditis elegans	invertebrate	nachr	BX284606.5:13533082-13536264+	gene-CELE_R01E6.4	acr-12	3607	401	12	401	GCA_000002985.3
Caenorhabditis elegans	invertebrate	trpv	BX284606.5:15168768-15172715+	gene-CELE_T10B10.7	ocr-3	4913	744	16	811	GCA_000002985.3
Caenorhabditis elegans	invertebrate	k2p	BX284606.5:16301624-16303254+	gene-CELE_T01B4.1	twk-21	4300	819	9	845	GCA_000002985.3
Caenorhabditis elegans	invertebrate	k2p	BX284606.5:16310316-16335691+	gene-CELE_T01B4.2	twk-22	8535	2287	13	858	GCA_000002985.3
Caenorhabditis elegans	invertebrate	bestrophin	BX284602.5:12986-14726+	gene-CELE_C01B12.3	best-3	3020	407	11	407	GCA_000002985.3
Caenorhabditis elegans	invertebrate	kv_shaker	BX284602.5:9765694-9767957+	gene-CELE_ZK1321.2	shk-1	10054	7047	15	444	GCA_000002985.3
Caenorhabditis elegans	invertebrate	clc_channel	BX284602.5:11293036-11369360+	gene-CELE_B0491.8	clh-2	18418	13303	16	408	GCA_000002985.3
Caenorhabditis elegans	invertebrate	kv_kcnq	BX284602.5:13708459-13711850+	gene-CELE_Y54G9A.3	kqt-3	9023	4452	8	996	GCA_000002985.3
Caenorhabditis elegans	invertebrate	kir	BX284606.5:705295-710170-	gene-CELE_M02A10.2	irk-2	11528	4380	16	927	GCA_000002985.3
Caenorhabditis elegans	invertebrate	cav	BX284606.5:2716921-2806415-	gene-CELE_T02C5.5	unc-2	25392	13020	34	1026	GCA_000002985.3
Caenorhabditis elegans	invertebrate	clc_channel	BX284606.5:4095623-4099989-	gene-CELE_T06F4.2	clh-4	5707	423	20	423	GCA_000002985.3
Caenorhabditis elegans	invertebrate	kir	BX284606.5:6766603-6769954-	gene-CELE_R03E9.4	irk-1	6975	4993	12	460	GCA_000002985.3
Caenorhabditis elegans	invertebrate	innexin	BX284606.5:6947787-6949568-	gene-CELE_C16E9.4	inx-1	5837	4805	12	356	GCA_000002985.3
Caenorhabditis elegans	invertebrate	cav	BX284606.5:7849573-7857807-	gene-CELE_C54D2.5	cca-1	13630	14503	31	810	GCA_000002985.3
Caenorhabditis elegans	invertebrate	kca_slo	BX284606.5:11395446-11399469-	gene-CELE_F08B12.3	slo-2	10340	3517	20	385	GCA_000002985.3
Caenorhabditis elegans	invertebrate	otop	BX284606.5:12267197-12273901-	gene-CELE_H19J13.1	otpl-8	3989	730	14	3750	GCA_000002985.3
Caenorhabditis elegans	invertebrate	kir	BX284606.5:14336438-14357533-	gene-CELE_K04G11.5	irk-3	17081	11284	11	17398	GCA_000002985.3
Caenorhabditis elegans	invertebrate	innexin	BX284606.5:15121897-15124973-	gene-CELE_R07D5.1	unc-7	6737	20089	11	1059	GCA_000002985.3
Caenorhabditis elegans	invertebrate	trpv	BX284604.4:3552567-3556568-	gene-CELE_B0212.5	osm-9	6342	722	14	580	GCA_000002985.3
Caenorhabditis elegans	invertebrate	mcu	BX284604.4:5937670-5988810-	gene-CELE_K02B2.3	mcu-1	1784	233	6	49776	GCA_000002985.3
Caenorhabditis elegans	invertebrate	nalcn	BX284604.4:6158496-6171383-	gene-CELE_C11D2.6	unc-77	2835	7800	30	1004	GCA_000002985.3
Caenorhabditis elegans	invertebrate	kv_shaker	BX284604.4:6372896-6383985-	gene-CELE_Y73B6BL.19	shl-1	5786	838	10	838	GCA_000002985.3
Caenorhabditis elegans	invertebrate	bestrophin	BX284604.4:7131135-7195691-	gene-CELE_R13A1.9	best-16	1952	193	13	51147	GCA_000002985.3
Caenorhabditis elegans	invertebrate	trpv	BX284604.4:7284578-7332744-	gene-CELE_Y40C5A.2	ocr-4	3185	245	10	245	GCA_000002985.3
Caenorhabditis elegans	invertebrate	vdac	BX284604.4:7506603-7507891-	gene-CELE_R05G6.7	vdac-1	1471	167	5	167	GCA_000002985.3
Caenorhabditis elegans	invertebrate	trpv	BX284604.4:8214126-8220036-	gene-CELE_T09A12.3	ocr-2	6300	1110	13	1110	GCA_000002985.3
Caenorhabditis elegans	invertebrate	piezo	BX284604.4:9343749-9395692-	gene-CELE_C10C5.1	pezo-1	18613	5855	33	5804	GCA_000002985.3
Caenorhabditis elegans	invertebrate	bestrophin	BX284604.4:10830611-10832582-	gene-CELE_R13.3	best-15	2700	174	12	174	GCA_000002985.3
Caenorhabditis elegans	invertebrate	trpm	BX284604.4:11162801-11258595-	gene-CELE_C05C12.3	gtl-1	10652	1952	32	2116	GCA_000002985.3
Caenorhabditis elegans	invertebrate	bestrophin	BX284604.4:13108399-13109829-	gene-CELE_B0564.3	best-1	1640	55	4	55	GCA_000002985.3
Caenorhabditis elegans	invertebrate	bestrophin	BX284604.4:13111607-13113091-	gene-CELE_B0564.4	best-2	1585	204	4	204	GCA_000002985.3
Caenorhabditis elegans	invertebrate	nachr	BX284604.4:13174994-13177738-	gene-CELE_F09E8.7	lev-1	5239	1303	9	623	GCA_000002985.3
Caenorhabditis elegans	invertebrate	bestrophin	BX284602.5:10719-11826-	gene-CELE_C01B12.5	best-4	2440	320	9	46	GCA_000002985.3
Caenorhabditis elegans	invertebrate	k2p	BX284602.5:2684839-2686980-	gene-CELE_F34D6.3	sup-9	2359	578	8	578	GCA_000002985.3
Caenorhabditis elegans	invertebrate	nmda	BX284602.5:5441115-5446208-	gene-CELE_F07F6.6	nmr-1	6369	1776	19	1776	GCA_000002985.3
Caenorhabditis elegans	invertebrate	clc_channel	BX284602.5:7218884-7222525-	gene-CELE_E04F6.11	clh-3	7706	2099	20	500	GCA_000002985.3
Caenorhabditis elegans	invertebrate	bestrophin	BX284602.5:7905136-7907586-	gene-CELE_ZK675.3	best-23	2951	876	9	876	GCA_000002985.3
Caenorhabditis elegans	invertebrate	nachr	BX284602.5:8175515-8176915-	gene-CELE_T05C12.2	acr-14	2259	190	12	123	GCA_000002985.3
Caenorhabditis elegans	invertebrate	clc_channel	BX284602.5:11847014-11850770-	gene-CELE_T27D12.2	clh-1	9955	4950	18	1042	GCA_000002985.3
Caenorhabditis elegans	invertebrate	tric	BX284602.5:12211060-12279355-	gene-CELE_Y57A10A.10	tric-1B.1	9394	6721	3	6721	GCA_000002985.3
Caenorhabditis elegans	invertebrate	kv_eag	BX284605.5:1291350-1299208-	gene-CELE_F16B3.1	egl-2	9960	2112	15	2112	GCA_000002985.3
Caenorhabditis elegans	invertebrate	plgic_invertebrate	BX284605.5:5449450-5451987-	gene-CELE_ZC317.3	glc-3	4441	1417	9	511	GCA_000002985.3
Caenorhabditis elegans	invertebrate	ryr	BX284605.5:6902022-6928949-	gene-CELE_K11C4.5	unc-68	15515	4083	49	4083	GCA_000002985.3
Caenorhabditis elegans	invertebrate	innexin	BX284605.5:9205885-9207342-	gene-CELE_T18H9.5	inx-10	2817	441	6	259	GCA_000002985.3
Caenorhabditis elegans	invertebrate	nachr	BX284605.5:11413911-11414898-	gene-CELE_K03B8.9	deg-3	2290	106	8	72	GCA_000002985.3
Caenorhabditis elegans	invertebrate	k2p	BX284605.5:12387288-12390223-	gene-CELE_K01D12.4	twk-14	3592	4988	9	1294	GCA_000002985.3
Caenorhabditis elegans	invertebrate	plgic_invertebrate	BX284605.5:13498970-13501322-	gene-CELE_R11G10.1	avr-15	12939	6591	7	1092	GCA_000002985.3
Caenorhabditis elegans	invertebrate	nmda	BX284605.5:15006744-15010800-	gene-CELE_T01C3.10	nmr-2	5320	502	20	502	GCA_000002985.3
Caenorhabditis elegans	invertebrate	nachr	BX284605.5:15514695-15554452-	gene-CELE_F21A3.7	lgc-31	2722	2553	14	38367	GCA_000002985.3
Caenorhabditis elegans	invertebrate	k2p	BX284605.5:17727887-17745870-	gene-CELE_W06D12.2	twk-42	5826	2127	8	16191	GCA_000002985.3
Caenorhabditis elegans	invertebrate	tmem87	r4_BX284606.5:4261202-4264276+	gene-CELE_C52B9.4	C52B9.4	3929	693	11	693	GCA_000002985.3
Caenorhabditis elegans	invertebrate	gphr	r4_BX284603.4:12219090-12223828+	gene-CELE_Y75B8A.16	gphr-1	4902	1414	5	1414	GCA_000002985.3
Caenorhabditis elegans	invertebrate	gphr	r4_BX284606.5:14305138-14307727-	gene-CELE_C11H1.2	gphr-2	2838	547	10	547	GCA_000002985.3
Caenorhabditis elegans	invertebrate	mitok	r4_BX284604.4:7103717-7104875+	gene-CELE_ZC477.3	ZC477.3	1547	104	6	104	GCA_000002985.3
Caenorhabditis elegans	invertebrate	tmco1	r4_BX284602.5:8467171-8467798+	gene-CELE_F22B5.10	F22B5.10	837	70	2	70	GCA_000002985.3
Drosophila melanogaster	invertebrate	k2p	AE014296.5:1224995-1241226+	gene-Dmel_CG9194	galene	6300	2544	6	2544	GCA_000001215.4
Drosophila melanogaster	invertebrate	nachr	AE014296.5:4432301-4437630+	gene-Dmel_CG11348	nAChRbeta1	6645	2670	7	782	GCA_000001215.4
Drosophila melanogaster	invertebrate	mcu	AE014296.5:6499442-6591715+	gene-Dmel_CG18769	MCU	43203	28188	9	61	GCA_000001215.4
Drosophila melanogaster	invertebrate	tmc	AE014296.5:9536730-9707452+	gene-Dmel_CG46121	Tmc	16238	5757	19	6863	GCA_000001215.4
Drosophila melanogaster	invertebrate	bestrophin	AE014296.5:15298989-15300350+	gene-Dmel_CG7259	Best4	1985	93	6	93	GCA_000001215.4
Drosophila melanogaster	invertebrate	gabaa	AE014296.5:17829635-17838626+	gene-Dmel_CG7446	Grd	16435	5415	6	5976	GCA_000001215.4
Drosophila melanogaster	invertebrate	nachr	AE014296.5:23210960-23283909+	gene-Dmel_CG12414	nAChRalpha4	80780	35160	12	19459	GCA_000001215.4
Drosophila melanogaster	invertebrate	nmda	AE014297.3:5510033-5524200-	gene-Dmel_CG2902	Nmdar1	14487	6700	15	1369	GCA_000001215.4
Drosophila melanogaster	invertebrate	k2p	AE014297.3:9403431-9420997-	gene-Dmel_CG9361	Task7	1965	66	5	66	GCA_000001215.4
Drosophila melanogaster	invertebrate	bestrophin	AE014297.3:10104428-10167322-	gene-Dmel_CG6264	Best1	9024	2730	8	1014	GCA_000001215.4
Drosophila melanogaster	invertebrate	clc_channel	AE014297.3:11707507-11810417-	gene-Dmel_CG31116	ClC-a	15964	7672	17	1122	GCA_000001215.4
Drosophila melanogaster	invertebrate	k2p	AE014297.3:13670636-13672104-	gene-Dmel_CG9637	Task6	7497	1329	9	450	GCA_000001215.4
Drosophila melanogaster	invertebrate	kir	AE014297.3:23514339-23515492-	gene-Dmel_CG4370	Irk2	5829	2970	6	53	GCA_000001215.4
Drosophila melanogaster	invertebrate	trpc	AE014297.3:29914680-29920018-	gene-Dmel_CG7875	trp	5769	387	14	387	GCA_000001215.4
Drosophila melanogaster	invertebrate	nmda	AE014298.5:1489811-1574668-	gene-Dmel_CG33513	Nmdar2	24185	14167	11	365	GCA_000001215.4
Drosophila melanogaster	invertebrate	otop	AE014298.5:5653881-5655775-	gene-Dmel_CG42265	OtopLc	12295	3538	7	73	GCA_000001215.4
Drosophila melanogaster	invertebrate	cav	AE014298.5:6108483-6145401-	gene-Dmel_CG15899	Ca-alpha1T	88399	26845	27	5487	GCA_000001215.4
Drosophila melanogaster	invertebrate	innexin	AE014298.5:6974436-6977407-	gene-Dmel_CG3039	ogre	17699	13652	8	1028	GCA_000001215.4
Drosophila melanogaster	invertebrate	nachr	AE014298.5:8282975-8389694-	gene-Dmel_CG2302	nAChRalpha3	90970	35348	12	9360	GCA_000001215.4
Drosophila melanogaster	invertebrate	cav	AE014298.5:11835146-12050578-	gene-Dmel_CG43368	cac	53808	8585	34	60783	GCA_000001215.4
Drosophila melanogaster	invertebrate	clic	AE014298.5:13813728-13821987-	gene-Dmel_CG10997	Clic	9337	7038	4	7038	GCA_000001215.4
Drosophila melanogaster	invertebrate	cng	AE014298.5:15396875-15400816-	gene-Dmel_CG43395	Cngl	55215	18888	20	947	GCA_000001215.4
Drosophila melanogaster	invertebrate	nav	AE014298.5:16461994-16591810-	gene-Dmel_CG9907	para	78070	7467	31	5754	GCA_000001215.4
Drosophila melanogaster	invertebrate	kv_shaker	AE014298.5:17869307-17959985-	gene-Dmel_CG12348	Sh	138941	85738	16	12344	GCA_000001215.4
Drosophila melanogaster	invertebrate	innexin	AE014298.5:20772614-20792720-	gene-Dmel_CG34358	shakB	165980	87537	12	8081	GCA_000001215.4
Drosophila melanogaster	invertebrate	trpn	AE014134.6:5346936-5366587+	gene-Dmel_CG11020	nompC	19561	3541	17	3541	GCA_000001215.4
Drosophila melanogaster	invertebrate	piezo	AE014134.6:8173248-8189048+	gene-Dmel_CG44122	Piezo	27065	9558	31	3037	GCA_000001215.4
Drosophila melanogaster	invertebrate	trpp	AE014134.6:12398389-12401310+	gene-Dmel_CG6504	Pkd2	3750	68	9	371	GCA_000001215.4
Drosophila melanogaster	invertebrate	nachr	AE014134.6:14053990-14089233+	gene-Dmel_CG32975	nAChRalpha5	54232	18723	15	14819	GCA_000001215.4
Drosophila melanogaster	invertebrate	ano_scramblase	AE014134.6:15087051-15092308+	gene-Dmel_CG15270	wwk	22140	11160	17	2468	GCA_000001215.4
Drosophila melanogaster	invertebrate	cav	AE014134.6:16170876-16265557+	gene-Dmel_CG4894	Ca-alpha1D	24710	5520	34	36120	GCA_000001215.4
Drosophila melanogaster	invertebrate	vdac	AE013599.5:6225842-6226747+	gene-Dmel_CG8330	tomboy40	1251	0	1	0	GCA_000001215.4
Drosophila melanogaster	invertebrate	osca_tmem63	AE013599.5:8099567-8101847+	gene-Dmel_CG11210	Tmem63	3623	702	3	58	GCA_000001215.4
Drosophila melanogaster	invertebrate	ryr	AE013599.5:8862957-8887800+	gene-Dmel_CG10844	RyR	27734	2845	28	2845	GCA_000001215.4
Drosophila melanogaster	invertebrate	trpc	AE013599.5:9755993-9816268+	gene-Dmel_CG18345	trpl	11822	3593	14	36296	GCA_000001215.4
Drosophila melanogaster	invertebrate	hcn	AE013599.5:14250224-14423619+	gene-Dmel_CG8585	Ih	23966	6059	16	4325	GCA_000001215.4
Drosophila melanogaster	invertebrate	orai	AE013599.5:17794476-17859776+	gene-Dmel_CG11430	Orai	17141	7093	5	63049	GCA_000001215.4
Drosophila melanogaster	invertebrate	kv_eag	AE013599.5:17898304-17925270+	gene-Dmel_CG5076	Elk	52757	23202	17	3410	GCA_000001215.4
Drosophila melanogaster	invertebrate	kv_eag	AE013599.5:23971520-24120232+	gene-Dmel_CG3182	sei	5625	1419	16	38596	GCA_000001215.4
Drosophila melanogaster	invertebrate	nav	AE013599.5:24879363-24915007+	gene-Dmel_CG34405	NaCP60E	30064	6237	29	3225	GCA_000001215.4
Drosophila melanogaster	invertebrate	otop	AE014134.6:3275958-3277756-	gene-Dmel_CG3332	OtopLb	4735	2326	6	65	GCA_000001215.4
Drosophila melanogaster	invertebrate	iglur_nonvertebrate	AE014134.6:4831061-4834639-	gene-Dmel_CG15627	Ir25a	4455	617	10	310	GCA_000001215.4
Drosophila melanogaster	invertebrate	nachr	AE014134.6:9798193-9825732-	gene-Dmel_CG4128	nAChRalpha6	92934	43779	15	9384	GCA_000001215.4
Drosophila melanogaster	invertebrate	vdac	AE014134.6:10847868-10862920-	gene-Dmel_CG6647	porin	3622	1890	4	14015	GCA_000001215.4
Drosophila melanogaster	invertebrate	trpc	AE014134.6:16665520-16669417-	gene-Dmel_CG5996	Trpgamma	13248	5745	18	168	GCA_000001215.4
Drosophila melanogaster	invertebrate	itpr	AE014297.3:5527819-5630544+	gene-Dmel_CG1063	Itpr	22295	9690	20	550	GCA_000001215.4
Drosophila melanogaster	invertebrate	plgic_invertebrate	AE014297.3:19661740-19767646+	gene-Dmel_CG7535	GluClalpha	44517	21249	12	5943	GCA_000001215.4
Drosophila melanogaster	invertebrate	kir	AE014297.3:23182890-23203974+	gene-Dmel_CG44159	Irk1	17326	12465	5	19411	GCA_000001215.4
Drosophila melanogaster	invertebrate	nachr	AE014297.3:24485985-24490967+	gene-Dmel_CG6844	nAChRalpha2	5720	1017	8	1017	GCA_000001215.4
Drosophila melanogaster	invertebrate	kca_slo	AE014297.3:24616591-24796299+	gene-Dmel_CG10693	slo	49105	9851	27	9851	GCA_000001215.4
Drosophila melanogaster	invertebrate	kca_sk	AE014298.5:5293884-5398754+	gene-Dmel_CG10706	SK	64903	23043	16	29808	GCA_000001215.4
Drosophila melanogaster	invertebrate	trpv	AE014298.5:6814514-6816818+	gene-Dmel_CG4536	iav	4179	258	9	66	GCA_000001215.4
Drosophila melanogaster	invertebrate	innexin	AE014298.5:6999129-7000211+	gene-Dmel_CG4590	Inx2	5480	2508	3	0	GCA_000001215.4
Drosophila melanogaster	invertebrate	vdac	AE014298.5:7737644-7739040+	gene-Dmel_CG12157	Tom40	3086	283	5	246	GCA_000001215.4
Drosophila melanogaster	invertebrate	nalcn	AE014298.5:14202448-14321218+	gene-Dmel_CG1517	na	11050	898	16	895	GCA_000001215.4
Drosophila melanogaster	invertebrate	kv_eag	AE014298.5:14971720-15005220+	gene-Dmel_CG10952	eag	54513	14969	18	14477	GCA_000001215.4
Drosophila melanogaster	invertebrate	tric	AE014298.5:16387009-16387960+	gene-Dmel_CG4239	CG4239	3425	1283	5	61	GCA_000001215.4
Drosophila melanogaster	invertebrate	k2p	AE013599.5:9766634-9779684-	gene-Dmel_CG1688	CG1688	40512	13053	9	8901	GCA_000001215.4
Drosophila melanogaster	invertebrate	kv_kcnq	AE013599.5:10147089-10224997-	gene-Dmel_CG33135	KCNQ	46498	37343	19	11024	GCA_000001215.4
Drosophila melanogaster	invertebrate	kca_slo	AE013599.5:10325685-10340228-	gene-Dmel_CG42732	SLO2	94802	72033	29	3687	GCA_000001215.4
Drosophila melanogaster	invertebrate	trpm	AE013599.5:15266866-15337837-	gene-Dmel_CG44240	Trpm	46561	13316	38	2999	GCA_000001215.4
Drosophila melanogaster	invertebrate	cng	AE013599.5:16160868-16319660-	gene-Dmel_CG42701	CngA	16661	5943	9	1212	GCA_000001215.4
Drosophila melanogaster	invertebrate	cng	AE013599.5:22648368-22844208-	gene-Dmel_CG42260	CG42260	57291	19581	12	38251	GCA_000001215.4
Drosophila melanogaster	invertebrate	trpa	AE014296.5:8894694-8956414-	gene-Dmel_CG5751	TrpA1	10797	2140	17	2140	GCA_000001215.4
Drosophila melanogaster	invertebrate	trpv	AE014296.5:14178221-14189422-	gene-Dmel_CG5842	nan	3400	125	9	200	GCA_000001215.4
Drosophila melanogaster	invertebrate	bestrophin	AE014296.5:15301232-15302746-	gene-Dmel_CG12327	Best3	1871	67	4	67	GCA_000001215.4
Drosophila melanogaster	invertebrate	kv_shaker	AE014296.5:19476132-19574698-	gene-Dmel_CG9262	Shal	17718	9262	7	95943	GCA_000001215.4
Drosophila melanogaster	invertebrate	trpml	AE014296.5:19715305-19819702-	gene-Dmel_CG8743	Trpml	3911	701	3	26014	GCA_000001215.4
Drosophila melanogaster	invertebrate	gphr	r4_AE013599.5:15199307-15201030-	gene-Dmel_CG8090	GPHR	2136	67	7	67	GCA_000001215.4
Drosophila melanogaster	invertebrate	tmem87	r4_AE014134.6:1707772-1724192-	gene-Dmel_CG17660	CG17660	3290	284	10	14701	GCA_000001215.4
Drosophila melanogaster	invertebrate	tmco1	r4_AE014134.6:19049163-19049834+	gene-Dmel_CG10470	CG10470	809	57	3	51	GCA_000001215.4
Daphnia pulex	invertebrate	kainate	GL732569.1:218322-294942-	gene-DAPPUDRAFT_55388	DAPPUDRAFT_55388	24498	9040	17	9040	GCA_000187875.1
Daphnia pulex	invertebrate	cng	GL732569.1:542368-550003-	gene-DAPPUDRAFT_322457	DAPPUDRAFT_322457	12887	2118	16	2118	GCA_000187875.1
Daphnia pulex	invertebrate	kv_eag	GL732523.1:461124-513231-	gene-DAPPUDRAFT_39704	DAPPUDRAFT_39704	2287	201	9	27043	GCA_000187875.1
Daphnia pulex	invertebrate	ano_scramblase	GL732523.1:545715-553959-	gene-DAPPUDRAFT_309535	DAPPUDRAFT_309535	4540	356	16	356	GCA_000187875.1
Daphnia pulex	invertebrate	kainate	GL732523.1:1544848-1549032-	gene-DAPPUDRAFT_309661	DAPPUDRAFT_309661	4366	146	19	146	GCA_000187875.1
Daphnia pulex	invertebrate	bestrophin	GL732523.1:1627777-1630452-	gene-DAPPUDRAFT_39792	DAPPUDRAFT_39792	1713	133	9	133	GCA_000187875.1
Daphnia pulex	invertebrate	clic	GL732523.1:2076755-2079279-	gene-DAPPUDRAFT_300086	DAPPUDRAFT_300086	2598	1486	6	1486	GCA_000187875.1
Daphnia pulex	invertebrate	cng	GL732523.1:2360590-2445634-	gene-DAPPUDRAFT_40018	DAPPUDRAFT_40018	2219	74	7	74	GCA_000187875.1
Daphnia pulex	invertebrate	nmda	GL732525.1:254702-263414-	gene-DAPPUDRAFT_41686	DAPPUDRAFT_41686	18572	9556	17	2167	GCA_000187875.1
Daphnia pulex	invertebrate	clc_channel	GL732525.1:537830-549626-	gene-DAPPUDRAFT_310742	DAPPUDRAFT_310742	5264	1195	18	232	GCA_000187875.1
Daphnia pulex	invertebrate	clc_channel	GL732525.1:554357-558824-	gene-DAPPUDRAFT_310743	DAPPUDRAFT_310743	4784	439	20	447	GCA_000187875.1
Daphnia pulex	invertebrate	p2x	GL732525.1:863718-868794-	gene-DAPPUDRAFT_206200	DAPPUDRAFT_206200	2537	175	9	126	GCA_000187875.1
Daphnia pulex	invertebrate	ano_scramblase	GL732525.1:1821436-1823493-	gene-DAPPUDRAFT_233883	DAPPUDRAFT_233883	4326	465	14	83	GCA_000187875.1
Daphnia pulex	invertebrate	trpv	GL732525.1:1408418-1411047+	gene-DAPPUDRAFT_41236	DAPPUDRAFT_41236	3053	101	11	101	GCA_000187875.1
Daphnia pulex	invertebrate	clic	GL732525.1:3615901-3616813+	gene-DAPPUDRAFT_191462	DAPPUDRAFT_191462	1583	77	5	77	GCA_000187875.1
Daphnia pulex	invertebrate	cav	GL732524.1:2709938-2828877-	gene-DAPPUDRAFT_310458	DAPPUDRAFT_310458	14586	1330	37	81827	GCA_000187875.1
Daphnia pulex	invertebrate	trpv	GL732529.1:1718065-1743523-	gene-DAPPUDRAFT_44539	DAPPUDRAFT_44539	4090	418	17	418	GCA_000187875.1
Daphnia pulex	invertebrate	tpc	GL732551.1:921470-942339-	gene-DAPPUDRAFT_52339	DAPPUDRAFT_52339	2494	208	10	135	GCA_000187875.1
Daphnia pulex	invertebrate	nachr	GL732528.1:267189-332266-	gene-DAPPUDRAFT_43617	DAPPUDRAFT_43617	3431	774	7	774	GCA_000187875.1
Daphnia pulex	invertebrate	kv_shaker	GL732578.1:234556-247134+	gene-DAPPUDRAFT_323722	DAPPUDRAFT_323722	12343	5455	7	2509	GCA_000187875.1
Daphnia pulex	invertebrate	trpc	GL732578.1:287580-310458+	gene-DAPPUDRAFT_323725	TRPG	28240	5661	17	5661	GCA_000187875.1
Daphnia pulex	invertebrate	bestrophin	GL732526.1:1187915-1190628-	gene-DAPPUDRAFT_42080	DAPPUDRAFT_42080	2753	579	9	579	GCA_000187875.1
Daphnia pulex	invertebrate	orai	GL732527.1:784595-841694-	gene-DAPPUDRAFT_192146	DAPPUDRAFT_192146	1706	258	4	79	GCA_000187875.1
Daphnia pulex	invertebrate	cav	GL732739.1:107100-135022-	gene-DAPPUDRAFT_333049	DAPPUDRAFT_333049	20984	3741	34	3741	GCA_000187875.1
Daphnia pulex	invertebrate	cng	GL732645.1:98599-111011-	gene-DAPPUDRAFT_329614	DAPPUDRAFT_329614	13070	4273	8	5167	GCA_000187875.1
Daphnia pulex	invertebrate	iglur_nonvertebrate	GL732530.1:1691112-1694645+	gene-DAPPUDRAFT_313288	DAPPUDRAFT_313288	4333	158	20	119	GCA_000187875.1
Daphnia pulex	invertebrate	nav	GL732524.1:1400772-1567486+	gene-DAPPUDRAFT_40660	DAPPUDRAFT_40660	21255	8346	18	8346	GCA_000187875.1
Daphnia pulex	invertebrate	ryr	GL732524.1:2916754-2941504+	gene-DAPPUDRAFT_310496	DAPPUDRAFT_310496	25313	969	83	969	GCA_000187875.1
Daphnia pulex	invertebrate	hcn	GL732543.1:620808-711654+	gene-DAPPUDRAFT_2754	DAPPUDRAFT_2754	4690	2854	5	5891	GCA_000187875.1
Daphnia pulex	invertebrate	nav	GL732543.1:809175-882068+	gene-DAPPUDRAFT_50150	DAPPUDRAFT_50150	24777	4632	28	5676	GCA_000187875.1
Daphnia pulex	invertebrate	nachr	GL732811.1:44131-48609+	gene-DAPPUDRAFT_66098	DAPPUDRAFT_66098	5553	2242	10	2242	GCA_000187875.1
Daphnia pulex	invertebrate	otop	GL732589.1:509879-575517-	gene-DAPPUDRAFT_11317	DAPPUDRAFT_11317	3123	637	6	57186	GCA_000187875.1
Daphnia pulex	invertebrate	hv1	GL732589.1:596353-597205-	gene-DAPPUDRAFT_57983	DAPPUDRAFT_57983	769	71	3	71	GCA_000187875.1
Daphnia pulex	invertebrate	hv1	GL732589.1:657963-658525+	gene-DAPPUDRAFT_253005	DAPPUDRAFT_253005	5196	1823	9	59	GCA_000187875.1
Daphnia pulex	invertebrate	k2p	GL732589.1:672574-676727+	gene-DAPPUDRAFT_23773	DAPPUDRAFT_23773	4073	1246	5	1246	GCA_000187875.1
Daphnia pulex	invertebrate	innexin	GL732580.1:189526-190389+	gene-DAPPUDRAFT_129101	DAPPUDRAFT_129101	2814	1713	2	0	GCA_000187875.1
Daphnia pulex	invertebrate	innexin	GL732580.1:194629-195750+	gene-DAPPUDRAFT_56719	DAPPUDRAFT_56719	1191	0	1	0	GCA_000187875.1
Daphnia pulex	invertebrate	innexin	GL732751.1:67768-81885+	gene-DAPPUDRAFT_303789	DAPPUDRAFT_303789	2495	77	2	12873	GCA_000187875.1
Daphnia pulex	invertebrate	innexin	GL732535.1:1626469-1657106+	gene-DAPPUDRAFT_315242	DAPPUDRAFT_315242	30671	15058	3	15058	GCA_000187875.1
Daphnia pulex	invertebrate	innexin	GL732565.1:443279-444407-	gene-DAPPUDRAFT_306009	DAPPUDRAFT_306009	1622	147	4	58	GCA_000187875.1
Daphnia pulex	invertebrate	innexin	GL732617.1:444185-445565+	gene-DAPPUDRAFT_60881	DAPPUDRAFT_60881	1495	109	3	109	GCA_000187875.1
Daphnia pulex	invertebrate	innexin	GL732660.1:59512-60656+	gene-DAPPUDRAFT_228995	DAPPUDRAFT_228995	1430	65	2	65	GCA_000187875.1
Daphnia pulex	invertebrate	itpr	GL732609.1:507009-518463+	gene-DAPPUDRAFT_227934	DAPPUDRAFT_227934	9649	184	26	193	GCA_000187875.1
Daphnia pulex	invertebrate	k2p	GL732534.1:439322-443120+	gene-DAPPUDRAFT_25421	DAPPUDRAFT_25421	991	74	3	74	GCA_000187875.1
Daphnia pulex	invertebrate	k2p	GL732537.1:371266-374035+	gene-DAPPUDRAFT_48023	DAPPUDRAFT_48023	2387	1360	4	1360	GCA_000187875.1
Daphnia pulex	invertebrate	k2p	GL732656.1:196781-200222+	gene-DAPPUDRAFT_218276	DAPPUDRAFT_218276	5870	2470	6	2470	GCA_000187875.1
Daphnia pulex	invertebrate	k2p	GL732530.1:1237428-1238534-	gene-DAPPUDRAFT_98013	DAPPUDRAFT_98013	2458	513	7	241	GCA_000187875.1
Daphnia pulex	invertebrate	k2p	GL732564.1:762336-766690+	gene-DAPPUDRAFT_305915	DAPPUDRAFT_305915	1226	267	3	2017	GCA_000187875.1
Daphnia pulex	invertebrate	vdac	GL732564.1:774611-776815+	gene-DAPPUDRAFT_231133	DAPPUDRAFT_231133	1879	363	6	69	GCA_000187875.1
Daphnia pulex	invertebrate	nachr	GL732523.1:3055808-3060422+	gene-DAPPUDRAFT_39496	DAPPUDRAFT_39496	4732	1464	6	1464	GCA_000187875.1
Daphnia pulex	invertebrate	kca_sk	GL732523.1:3076177-3186475+	gene-DAPPUDRAFT_94428	DAPPUDRAFT_94428	7108	2127	9	18051	GCA_000187875.1
Daphnia pulex	invertebrate	kca_sk	GL732639.1:295195-399286-	gene-DAPPUDRAFT_258886	DAPPUDRAFT_258886	2203	138	8	39219	GCA_000187875.1
Daphnia pulex	invertebrate	trpc	GL732531.1:569406-662172+	gene-DAPPUDRAFT_309057	TRPC	5223	756	16	756	GCA_000187875.1
Daphnia pulex	invertebrate	kca_slo	GL732531.1:2122134-2157166+	gene-DAPPUDRAFT_313756	DAPPUDRAFT_313756	29775	3865	27	10730	GCA_000187875.1
Daphnia pulex	invertebrate	kca_slo	GL732629.1:206233-218433-	gene-DAPPUDRAFT_61826	DAPPUDRAFT_61826	12739	2202	22	2266	GCA_000187875.1
Daphnia pulex	invertebrate	kir	GL732526.1:2627084-2628623+	gene-DAPPUDRAFT_311738	DAPPUDRAFT_311738	3830	1222	6	150	GCA_000187875.1
Daphnia pulex	invertebrate	kv_eag	GL732575.1:472030-596556+	gene-DAPPUDRAFT_10119	DAPPUDRAFT_10119	27456	6256	11	64662	GCA_000187875.1
Daphnia pulex	invertebrate	kv_kcnq	GL732553.1:219423-337197+	gene-DAPPUDRAFT_52719	DAPPUDRAFT_52719	3968	1907	8	1907	GCA_000187875.1
Daphnia pulex	invertebrate	kv_shaker	GL732560.1:133782-158250+	gene-DAPPUDRAFT_20278	DAPPUDRAFT_20278	28760	8390	7	8390	GCA_000187875.1
Daphnia pulex	invertebrate	mcu	GL732539.1:887322-920195+	gene-DAPPUDRAFT_302367	DAPPUDRAFT_302367	2373	413	6	7591	GCA_000187875.1
Daphnia pulex	invertebrate	nachr	GL732564.1:428452-452426-	gene-DAPPUDRAFT_321681	DAPPUDRAFT_321681	44362	35180	10	1715	GCA_000187875.1
Daphnia pulex	invertebrate	nachr	GL732657.1:51907-58620+	gene-DAPPUDRAFT_11119	DAPPUDRAFT_11119	6597	2271	9	2271	GCA_000187875.1
Daphnia pulex	invertebrate	nachr	GL732598.1:331526-438259+	gene-DAPPUDRAFT_326119	DAPPUDRAFT_326119	19317	6496	10	6496	GCA_000187875.1
Daphnia pulex	invertebrate	plgic_invertebrate	GL732598.1:44184-51295-	gene-DAPPUDRAFT_58889	DAPPUDRAFT_58889	7124	2731	8	2731	GCA_000187875.1
Daphnia pulex	invertebrate	nachr	GL732598.1:439983-466419-	gene-DAPPUDRAFT_58854	DAPPUDRAFT_58854	9257	5993	9	5993	GCA_000187875.1
Daphnia pulex	invertebrate	nachr	GL732528.1:301186-327370+	gene-DAPPUDRAFT_43557	DAPPUDRAFT_43557	26248	10124	10	10124	GCA_000187875.1
Daphnia pulex	invertebrate	nalcn	GL732580.1:716468-723965-	gene-DAPPUDRAFT_56737	DAPPUDRAFT_56737	6696	231	27	112	GCA_000187875.1
Daphnia pulex	invertebrate	nmda	GL732605.1:46275-50094-	gene-DAPPUDRAFT_255143	DAPPUDRAFT_255143	8832	3357	15	252	GCA_000187875.1
Daphnia pulex	invertebrate	plgic_invertebrate	GL732605.1:460210-468635-	gene-DAPPUDRAFT_326785	DAPPUDRAFT_326785	8975	2435	10	2435	GCA_000187875.1
Daphnia pulex	invertebrate	tmc	GL732552.1:502-107174-	gene-DAPPUDRAFT_319521	DAPPUDRAFT_319521	7083	1521	11	1521	GCA_000187875.1
Daphnia pulex	invertebrate	osca_tmem63	GL732552.1:894536-990536-	gene-DAPPUDRAFT_225168	DAPPUDRAFT_225168	5186	605	15	3681	GCA_000187875.1
Daphnia pulex	invertebrate	otop	GL732635.1:650-3169+	gene-DAPPUDRAFT_62148	DAPPUDRAFT_62148	2526	407	8	407	GCA_000187875.1
Daphnia pulex	invertebrate	otop	GL732635.1:43438-45953+	gene-DAPPUDRAFT_202776	DAPPUDRAFT_202776	2924	369	9	303	GCA_000187875.1
Daphnia pulex	invertebrate	otop	GL732635.1:231440-233952-	gene-DAPPUDRAFT_62162	DAPPUDRAFT_62162	2519	407	8	407	GCA_000187875.1
Daphnia pulex	invertebrate	otop	GL732794.1:54382-56170-	gene-DAPPUDRAFT_333874	DAPPUDRAFT_333874	2631	354	10	69	GCA_000187875.1
Daphnia pulex	invertebrate	tmc	GL732657.1:140655-243067-	gene-DAPPUDRAFT_63207	DAPPUDRAFT_63207	4953	2630	7	2441	GCA_000187875.1
Daphnia pulex	invertebrate	trpc	GL732563.1:27440-34041+	gene-DAPPUDRAFT_54362	TRPL	6049	930	20	930	GCA_000187875.1
Daphnia pulex	invertebrate	tric	GL732603.1:445879-447603+	gene-DAPPUDRAFT_59467	DAPPUDRAFT_59467	1728	434	7	434	GCA_000187875.1
Daphnia pulex	invertebrate	trpm	GL732547.1:507627-586061+	gene-DAPPUDRAFT_51380	DAPPUDRAFT_51380	3818	135	6	120	GCA_000187875.1
Daphnia pulex	invertebrate	trpm	GL732547.1:1074229-1151181+	gene-DAPPUDRAFT_51222	DAPPUDRAFT_51222	3922	162	6	81	GCA_000187875.1
Daphnia pulex	invertebrate	trpml	GL732567.1:599658-602132+	gene-DAPPUDRAFT_198851	DAPPUDRAFT_198851	3094	187	9	187	GCA_000187875.1
Daphnia pulex	invertebrate	vdac	GL732561.1:464706-465899+	gene-DAPPUDRAFT_128731	DAPPUDRAFT_128731	1251	70	6	70	GCA_000187875.1
Daphnia pulex	invertebrate	tmco1	r4_GL732543.1:1449175-1456274+	gene-DAPPUDRAFT_303443	DAPPUDRAFT_303443	1130	77	5	77	GCA_000187875.1
Daphnia pulex	invertebrate	tmem87	r4_GL732526.1:1778417-1797928+	gene-DAPPUDRAFT_311546	DAPPUDRAFT_311546	2782	79	13	17267	GCA_000187875.1
Lottia gigantea	invertebrate	kir	KB200869.1:2020957-2021952-	gene-LOTGIDRAFT_158264	LOTGIDRAFT_158264	1077	0	1	0	GCA_000327385.1
Lottia gigantea	invertebrate	kainate	KB202124.1:1160245-1188602+	gene-LOTGIDRAFT_233226	LOTGIDRAFT_233226	24491	7802	15	7802	GCA_000327385.1
Lottia gigantea	invertebrate	k2p	KB200869.1:953708-964337+	gene-LOTGIDRAFT_95453	LOTGIDRAFT_95453	1993	613	4	9067	GCA_000327385.1
Lottia gigantea	invertebrate	trpp	KB203566.1:164965-173125-	gene-LOTGIDRAFT_229509	LOTGIDRAFT_229509	11264	1954	14	1287	GCA_000327385.1
Lottia gigantea	invertebrate	nmda	KB203566.1:2994480-3007271-	gene-LOTGIDRAFT_108357	LOTGIDRAFT_108357	7808	643	17	2441	GCA_000327385.1
Lottia gigantea	invertebrate	tmc	KB202619.1:1483426-1528162+	gene-LOTGIDRAFT_228950	LOTGIDRAFT_228950	17671	5971	19	24641	GCA_000327385.1
Lottia gigantea	invertebrate	ano_scramblase	KB203855.1:334347-355486-	gene-LOTGIDRAFT_134438	LOTGIDRAFT_134438	20444	8375	18	8375	GCA_000327385.1
Lottia gigantea	invertebrate	clic	KB203855.1:456735-457466-	gene-LOTGIDRAFT_56892	LOTGIDRAFT_56892	600	0	1	0	GCA_000327385.1
Lottia gigantea	invertebrate	ano_scramblase	KB202752.1:484864-493384+	gene-LOTGIDRAFT_126614	LOTGIDRAFT_126614	8569	3317	12	3317	GCA_000327385.1
Lottia gigantea	invertebrate	ano_scramblase	KB203049.1:842953-846565-	gene-LOTGIDRAFT_220570	LOTGIDRAFT_220570	5461	1067	11	404	GCA_000327385.1
Lottia gigantea	invertebrate	asic	KB201294.1:100387-103676+	gene-LOTGIDRAFT_174471	LOTGIDRAFT_174471	3807	527	7	527	GCA_000327385.1
Lottia gigantea	invertebrate	asic	KB201205.1:1266768-1268060+	gene-LOTGIDRAFT_56347	LOTGIDRAFT_56347	750	0	1	0	GCA_000327385.1
Lottia gigantea	invertebrate	nachr	KB203567.1:30862-32190+	gene-LOTGIDRAFT_196834	LOTGIDRAFT_196834	2424	0	1	0	GCA_000327385.1
Lottia gigantea	invertebrate	asic	KB203567.1:215083-220079+	gene-LOTGIDRAFT_168888	LOTGIDRAFT_168888	3459	485	8	2026	GCA_000327385.1
Lottia gigantea	invertebrate	itpr	KB200213.1:419-35636+	gene-LOTGIDRAFT_138352	LOTGIDRAFT_138352	25000	8955	24	6932	GCA_000327385.1
Lottia gigantea	invertebrate	asic	KB200213.1:72476-90660+	gene-LOTGIDRAFT_171969	LOTGIDRAFT_171969	6145	2102	6	5519	GCA_000327385.1
Lottia gigantea	invertebrate	hv1	KB201305.1:654924-662524-	gene-LOTGIDRAFT_214105	LOTGIDRAFT_214105	1705	502	3	502	GCA_000327385.1
Lottia gigantea	invertebrate	clc_channel	KB201611.1:933182-1023048-	gene-LOTGIDRAFT_160236	LOTGIDRAFT_160236	15044	2071	25	2071	GCA_000327385.1
Lottia gigantea	invertebrate	deg_invertebrate	KB201611.1:1294668-1296428-	gene-LOTGIDRAFT_160261	LOTGIDRAFT_160261	1689	0	1	0	GCA_000327385.1
Lottia gigantea	invertebrate	mcu	KB202619.1:1237651-1266015-	gene-LOTGIDRAFT_203141	LOTGIDRAFT_203141	20764	11065	7	11065	GCA_000327385.1
Lottia gigantea	invertebrate	tmc	KB202619.1:1477524-1483102-	gene-LOTGIDRAFT_228947	LOTGIDRAFT_228947	8830	1861	18	424	GCA_000327385.1
Lottia gigantea	invertebrate	trpm	KB202619.1:3245378-3255124-	gene-LOTGIDRAFT_229069	LOTGIDRAFT_229069	18699	5577	25	823	GCA_000327385.1
Lottia gigantea	invertebrate	kv_shaker	KB202283.1:4647673-4688910+	gene-LOTGIDRAFT_105753	LOTGIDRAFT_105753	39987	38063	3	38063	GCA_000327385.1
Lottia gigantea	invertebrate	hcn	KB201802.1:1313469-1360435+	gene-LOTGIDRAFT_118006	LOTGIDRAFT_118006	45125	37750	9	37750	GCA_000327385.1
Lottia gigantea	invertebrate	nav	KB201802.1:1374639-1422975+	gene-LOTGIDRAFT_118343	LOTGIDRAFT_118343	17160	3408	23	6936	GCA_000327385.1
Lottia gigantea	invertebrate	kir	KB202954.1:1087741-1088733-	gene-LOTGIDRAFT_220251	LOTGIDRAFT_220251	2201	428	2	0	GCA_000327385.1
Lottia gigantea	invertebrate	k2p	KB202954.1:1223871-1233845-	gene-LOTGIDRAFT_63595	LOTGIDRAFT_63595	9903	8835	2	8835	GCA_000327385.1
Lottia gigantea	invertebrate	cav	KB202917.1:8919-108746+	gene-LOTGIDRAFT_220094	LOTGIDRAFT_220094	33280	7797	27	61186	GCA_000327385.1
Lottia gigantea	invertebrate	otop	KB201890.1:4407726-4411858-	gene-LOTGIDRAFT_104940	LOTGIDRAFT_104940	1128	270	2	1736	GCA_000327385.1
Lottia gigantea	invertebrate	cng	KB201890.1:5170475-5172719-	gene-LOTGIDRAFT_177303	LOTGIDRAFT_177303	4281	1973	3	712	GCA_000327385.1
Lottia gigantea	invertebrate	nachr	KB199650.1:5505334-5597514+	gene-LOTGIDRAFT_102597	LOTGIDRAFT_102597	30323	21065	5	21065	GCA_000327385.1
Lottia gigantea	invertebrate	nachr	KB199650.1:5629453-5699889+	gene-LOTGIDRAFT_52159	LOTGIDRAFT_52159	13568	8451	5	8451	GCA_000327385.1
Lottia gigantea	invertebrate	tric	KB199650.1:9254267-9258563+	gene-LOTGIDRAFT_103317	LOTGIDRAFT_103317	4297	1608	5	1596	GCA_000327385.1
Lottia gigantea	invertebrate	bestrophin	KB203711.1:580549-669132+	gene-LOTGIDRAFT_236683	LOTGIDRAFT_236683	8271	3456	10	56755	GCA_000327385.1
Lottia gigantea	invertebrate	cav	KB202283.1:5514605-5594790-	gene-LOTGIDRAFT_51275	LOTGIDRAFT_51275	26742	4541	44	4505	GCA_000327385.1
Lottia gigantea	invertebrate	nachr	KB199806.1:124738-132598-	gene-LOTGIDRAFT_136425	LOTGIDRAFT_136425	21044	11662	8	4188	GCA_000327385.1
Lottia gigantea	invertebrate	trpv	KB202014.1:1436520-1449810-	gene-LOTGIDRAFT_216486	LOTGIDRAFT_216486	13352	3029	15	3029	GCA_000327385.1
Lottia gigantea	invertebrate	nav	KB203274.1:3019144-3118342+	gene-LOTGIDRAFT_107523	LOTGIDRAFT_107523	28571	4165	26	4165	GCA_000327385.1
Lottia gigantea	invertebrate	tpc	KB203566.1:2951034-2960048+	gene-LOTGIDRAFT_229618	LOTGIDRAFT_229618	11003	1673	26	816	GCA_000327385.1
Lottia gigantea	invertebrate	kir	KB202954.1:1154006-1154959+	gene-LOTGIDRAFT_128013	LOTGIDRAFT_128013	1203	0	1	0	GCA_000327385.1
Lottia gigantea	invertebrate	clic	KB201750.1:2291839-2294068+	gene-LOTGIDRAFT_189089	LOTGIDRAFT_189089	4552	866	4	866	GCA_000327385.1
Lottia gigantea	invertebrate	cng	KB200329.1:4495237-4508345-	gene-LOTGIDRAFT_111466	LOTGIDRAFT_111466	1948	310	2	5775	GCA_000327385.1
Lottia gigantea	invertebrate	cng	KB199780.1:72276-155976+	gene-LOTGIDRAFT_136333	LOTGIDRAFT_136333	1020	0	1	69388	GCA_000327385.1
Lottia gigantea	invertebrate	deg_invertebrate	KB200129.1:2351687-2353273+	gene-LOTGIDRAFT_111045	LOTGIDRAFT_111045	1683	0	1	0	GCA_000327385.1
Lottia gigantea	invertebrate	k2p	KB200129.1:4192730-4206977+	gene-LOTGIDRAFT_111197	LOTGIDRAFT_111197	14251	13015	2	13015	GCA_000327385.1
Lottia gigantea	invertebrate	nachr	KB200828.1:39175-48145-	gene-LOTGIDRAFT_141278	LOTGIDRAFT_141278	1943	258	5	258	GCA_000327385.1
Lottia gigantea	invertebrate	nachr	KB203412.1:249420-256489-	gene-LOTGIDRAFT_131629	LOTGIDRAFT_131629	7274	3608	7	3608	GCA_000327385.1
Lottia gigantea	invertebrate	kir	KB203412.1:436412-437824-	gene-LOTGIDRAFT_131645	LOTGIDRAFT_131645	1287	0	1	0	GCA_000327385.1
Lottia gigantea	invertebrate	vdac	KB203412.1:1114850-1124396-	gene-LOTGIDRAFT_168464	LOTGIDRAFT_168464	11692	5319	9	5319	GCA_000327385.1
Lottia gigantea	invertebrate	innexin	KB199806.1:995255-997654+	gene-LOTGIDRAFT_170919	LOTGIDRAFT_170919	3696	2487	2	1176	GCA_000327385.1
Lottia gigantea	invertebrate	innexin	KB203115.1:465634-468110+	gene-LOTGIDRAFT_220783	LOTGIDRAFT_220783	3255	694	3	694	GCA_000327385.1
Lottia gigantea	invertebrate	innexin	KB203115.1:535587-536759+	gene-LOTGIDRAFT_129424	LOTGIDRAFT_129424	1203	0	1	0	GCA_000327385.1
Lottia gigantea	invertebrate	innexin	KB203115.1:808879-810093+	gene-LOTGIDRAFT_129454	LOTGIDRAFT_129454	1215	0	1	0	GCA_000327385.1
Lottia gigantea	invertebrate	innexin	KB200650.1:379429-380583+	gene-LOTGIDRAFT_200649	LOTGIDRAFT_200649	6201	4677	2	0	GCA_000327385.1
Lottia gigantea	invertebrate	k2p	KB203188.1:1365665-1366444-	gene-LOTGIDRAFT_167587	LOTGIDRAFT_167587	2823	1974	2	0	GCA_000327385.1
Lottia gigantea	invertebrate	k2p	KB202163.1:301272-305570+	gene-LOTGIDRAFT_121567	LOTGIDRAFT_121567	4335	2809	4	2809	GCA_000327385.1
Lottia gigantea	invertebrate	k2p	KB203440.1:55124-56463-	gene-LOTGIDRAFT_131885	LOTGIDRAFT_131885	1385	213	3	264	GCA_000327385.1
Lottia gigantea	invertebrate	kca_sk	KB200521.1:631047-840999+	gene-LOTGIDRAFT_111965	LOTGIDRAFT_111965	67775	24778	9	24778	GCA_000327385.1
Lottia gigantea	invertebrate	kca_sk	KB201262.1:50072-51406+	gene-LOTGIDRAFT_114691	LOTGIDRAFT_114691	1260	0	1	0	GCA_000327385.1
Lottia gigantea	invertebrate	nachr	KB200521.1:1516823-1656107-	gene-LOTGIDRAFT_212843	LOTGIDRAFT_212843	21629	15022	5	15022	GCA_000327385.1
Lottia gigantea	invertebrate	kca_slo	KB200521.1:3154622-3207515-	gene-LOTGIDRAFT_111687	LOTGIDRAFT_111687	50837	17613	22	17613	GCA_000327385.1
Lottia gigantea	invertebrate	kca_slo	KB201205.1:2320817-2342844-	gene-LOTGIDRAFT_91366	LOTGIDRAFT_91366	22282	3056	30	3056	GCA_000327385.1
Lottia gigantea	invertebrate	kir	KB203412.1:413645-414511+	gene-LOTGIDRAFT_94675	LOTGIDRAFT_94675	921	0	1	0	GCA_000327385.1
Lottia gigantea	invertebrate	kv_eag	KB203274.1:956327-982318-	gene-LOTGIDRAFT_107737	LOTGIDRAFT_107737	6171	760	9	19005	GCA_000327385.1
Lottia gigantea	invertebrate	kv_kcnq	KB201750.1:2657496-2686897-	gene-LOTGIDRAFT_81703	LOTGIDRAFT_81703	25067	15460	9	15460	GCA_000327385.1
Lottia gigantea	invertebrate	kv_kcnq	KB201750.1:2737793-2780875-	gene-LOTGIDRAFT_117868	LOTGIDRAFT_117868	19829	6645	8	16644	GCA_000327385.1
Lottia gigantea	invertebrate	kv_shaker	KB203738.1:162909-164430+	gene-LOTGIDRAFT_133730	LOTGIDRAFT_133730	1380	0	1	0	GCA_000327385.1
Lottia gigantea	invertebrate	nachr	KB199650.1:5527665-5537390-	gene-LOTGIDRAFT_52481	LOTGIDRAFT_52481	9222	6329	5	6329	GCA_000327385.1
Lottia gigantea	invertebrate	nachr	KB203796.1:155206-156606-	gene-LOTGIDRAFT_64373	LOTGIDRAFT_64373	1056	0	1	0	GCA_000327385.1
Lottia gigantea	invertebrate	nachr	KB202752.1:940620-943593-	gene-LOTGIDRAFT_219547	LOTGIDRAFT_219547	7326	3861	6	1057	GCA_000327385.1
Lottia gigantea	invertebrate	nalcn	KB200786.1:104474-131599-	gene-LOTGIDRAFT_225940	LOTGIDRAFT_225940	22665	3609	31	3588	GCA_000327385.1
Lottia gigantea	invertebrate	nmda	KB200109.1:129944-150713-	gene-LOTGIDRAFT_137890	LOTGIDRAFT_137890	21073	5732	15	5732	GCA_000327385.1
Lottia gigantea	invertebrate	nmda	KB202953.1:2440132-2454969-	gene-LOTGIDRAFT_107328	LOTGIDRAFT_107328	15713	3717	14	3717	GCA_000327385.1
Lottia gigantea	invertebrate	nmda	KB203357.1:201004-219239-	gene-LOTGIDRAFT_131225	LOTGIDRAFT_131225	18251	6766	15	6757	GCA_000327385.1
Lottia gigantea	invertebrate	orai	KB201656.1:1206670-1208253-	gene-LOTGIDRAFT_215032	LOTGIDRAFT_215032	2619	1083	2	1083	GCA_000327385.1
Lottia gigantea	invertebrate	orai	KB201656.1:1212197-1213500-	gene-LOTGIDRAFT_160514	LOTGIDRAFT_160514	1247	638	2	638	GCA_000327385.1
Lottia gigantea	invertebrate	osca_tmem63	KB203660.1:194532-212767-	gene-LOTGIDRAFT_133162	LOTGIDRAFT_133162	17488	9147	19	8536	GCA_000327385.1
Lottia gigantea	invertebrate	otop	KB203188.1:1251028-1261097+	gene-LOTGIDRAFT_221019	LOTGIDRAFT_221019	3455	407	6	407	GCA_000327385.1
Lottia gigantea	invertebrate	otop	KB203771.1:890542-893167+	gene-LOTGIDRAFT_93565	LOTGIDRAFT_93565	2343	282	6	303	GCA_000327385.1
Lottia gigantea	invertebrate	otop	KB202367.1:252621-256820+	gene-LOTGIDRAFT_93639	LOTGIDRAFT_93639	2691	691	4	1053	GCA_000327385.1
Lottia gigantea	invertebrate	p2x	KB200592.1:88531-170499+	gene-LOTGIDRAFT_207736	LOTGIDRAFT_207736	7994	1483	11	1416	GCA_000327385.1
Lottia gigantea	invertebrate	plgic_prok	KB201504.1:111705-115428+	gene-LOTGIDRAFT_174919	LOTGIDRAFT_174919	6302	2030	8	2030	GCA_000327385.1
Lottia gigantea	invertebrate	ryr	KB202481.1:1820810-1887301-	gene-LOTGIDRAFT_123762	LOTGIDRAFT_123762	56728	2729	110	9749	GCA_000327385.1
Lottia gigantea	invertebrate	tmc	KB200484.1:249112-315515-	gene-LOTGIDRAFT_139638	LOTGIDRAFT_139638	19225	5476	16	5560	GCA_000327385.1
Lottia gigantea	invertebrate	tpc	KB202237.1:2084262-2103217+	gene-LOTGIDRAFT_122118	LOTGIDRAFT_122118	11084	689	23	689	GCA_000327385.1
Lottia gigantea	invertebrate	trpc	KB203854.1:1873461-1886149-	gene-LOTGIDRAFT_108754	LOTGIDRAFT_108754	11258	2198	11	2198	GCA_000327385.1
Lottia gigantea	invertebrate	trpc	KB202284.1:456076-481771-	gene-LOTGIDRAFT_122406	LOTGIDRAFT_122406	13774	5694	12	4770	GCA_000327385.1
Lottia gigantea	invertebrate	trpc	KB201890.1:326239-433494+	gene-LOTGIDRAFT_177244	LOTGIDRAFT_177244	13511	4063	11	88914	GCA_000327385.1
Lottia gigantea	invertebrate	trpm	KB201891.1:1274421-1311865+	gene-LOTGIDRAFT_161660	LOTGIDRAFT_161660	38059	3883	36	3883	GCA_000327385.1
Lottia gigantea	invertebrate	trpml	KB201802.1:1026723-1036964-	gene-LOTGIDRAFT_118439	LOTGIDRAFT_118439	7716	1134	12	2460	GCA_000327385.1
Lottia gigantea	invertebrate	trpv	KB203534.1:269625-276278+	gene-LOTGIDRAFT_132455	LOTGIDRAFT_132455	5486	434	13	434	GCA_000327385.1
Lottia gigantea	invertebrate	vdac	KB201664.1:75117-76031+	gene-LOTGIDRAFT_227257	LOTGIDRAFT_227257	1662	51	2	0	GCA_000327385.1
Lottia gigantea	invertebrate	gphr	r4_KB201166.1:263391-304869+	gene-LOTGIDRAFT_201453	LOTGIDRAFT_201453	42219	29696	15	29696	GCA_000327385.1
Lottia gigantea	invertebrate	tmco1	r4_KB199651.1:392264-394470+	gene-LOTGIDRAFT_211578	LOTGIDRAFT_211578	2706	534	7	534	GCA_000327385.1
Lottia gigantea	invertebrate	tmem87	r4_KB201847.1:855459-864856+	gene-LOTGIDRAFT_232452	LOTGIDRAFT_232452	11565	1101	19	480	GCA_000327385.1
Aplysia californica	invertebrate	cng	NW_004797339.1:1603910-1696523+	gene-LOC101858612	LOC101858612	200372	105527	6	49657	GCF_000002075.1
Aplysia californica	invertebrate	ano_scramblase	NW_004798077.1:58531-82746-	gene-LOC101852578	LOC101852578	35932	8782	21	2261	GCF_000002075.1
Aplysia californica	invertebrate	ano_scramblase	NW_004797409.1:613629-732553+	gene-LOC101846809	LOC101846809	32806	7604	15	7604	GCF_000002075.1
Aplysia californica	invertebrate	ano_scramblase	NW_004797403.1:645950-681378+	gene-LOC101850164	LOC101850164	40085	14415	15	21639	GCF_000002075.1
Aplysia californica	invertebrate	tweety	NW_004797402.1:1193551-1209500-	gene-LOC101863098	LOC101863098	16274	2477	14	2477	GCF_000002075.1
Aplysia californica	invertebrate	mcu	NW_004797402.1:1270634-1360590-	gene-LOC101863578	LOC101863578	11651	2742	7	2742	GCF_000002075.1
Aplysia californica	invertebrate	innexin	NW_004797271.1:1522249-1534577+	gene-LOC100533353	LOC100533353	12169	10943	2	10943	GCF_000002075.1
Aplysia californica	invertebrate	nachr	NW_004797271.1:3400876-3652892+	gene-LOC100533249	LOC100533249	90223	55091	6	55091	GCF_000002075.1
Aplysia californica	invertebrate	nachr	NW_004797271.1:3675617-3728418+	gene-LOC101846927	LOC101846927	86077	37397	6	37397	GCF_000002075.1
Aplysia californica	invertebrate	trpp	NW_004797459.1:444541-556261-	gene-LOC101850803	LOC101850803	29272	9262	17	1592	GCF_000002075.1
Aplysia californica	invertebrate	kv_eag	NW_004797689.1:42937-102395+	gene-LOC101860035	LOC101860035	60392	23407	10	23407	GCF_000002075.1
Aplysia californica	invertebrate	cav	NW_004797496.1:61059-154638+	gene-LOC101864393	LOC101864393	113429	13192	37	22818	GCF_000002075.1
Aplysia californica	invertebrate	trpc	NW_004797324.1:1395991-1513896+	gene-LOC101855406	LOC101855406	381687	204025	14	59178	GCF_000002075.1
Aplysia californica	invertebrate	kca_sk	NW_004797281.1:2459156-2608435-	gene-LOC101854061	LOC101854061	2956	553	2	25697	GCF_000002075.1
Aplysia californica	invertebrate	trpa	NW_004797281.1:3013951-3059978-	gene-LOC101862005	LOC101862005	55805	11738	23	14351	GCF_000002075.1
Aplysia californica	invertebrate	nmda	NW_004797289.1:140123-252486-	gene-LOC100533321	LOC100533321	34495	6649	18	6649	GCF_000002075.1
Aplysia californica	invertebrate	kv_kcnq	NW_004797289.1:1085670-1278726-	gene-LOC101863638	LOC101863638	73255	32564	14	92585	GCF_000002075.1
Aplysia californica	invertebrate	clic	NW_004797289.1:2328775-2367431-	gene-LOC101856625	LOC101856625	44794	35201	4	35201	GCF_000002075.1
Aplysia californica	invertebrate	clic	NW_004797278.1:3227193-3227720+	gene-LOC101853274	LOC101853274	984	0	1	0	GCF_000002075.1
Aplysia californica	invertebrate	kv_eag	NW_004797846.1:4358-283873-	gene-LOC101863051	LOC101863051	270601	90735	19	90735	GCF_000002075.1
Aplysia californica	invertebrate	cng	NW_004797802.1:322293-341730-	gene-LOC101864547	LOC101864547	17951	3598	13	3598	GCF_000002075.1
Aplysia californica	invertebrate	deg_invertebrate	NW_004797492.1:660176-668859+	gene-LOC100533386	LOC100533386	28686	19418	5	3086	GCF_000002075.1
Aplysia californica	invertebrate	hcn	NW_004797309.1:914405-1117124+	gene-LOC100533424	LOC100533424	135047	62539	12	62539	GCF_000002075.1
Aplysia californica	invertebrate	nachr	NW_004797741.1:376301-377071+	gene-LOC101860837	LOC101860837	4112	2175	2	0	GCF_000002075.1
Aplysia californica	invertebrate	hv1	NW_004797523.1:524633-530919+	gene-LOC101848758	LOC101848758	13996	7009	5	3362	GCF_000002075.1
Aplysia californica	invertebrate	hv1	NW_004797327.1:611198-685457-	gene-LOC101850633	LOC101850633	92888	64524	10	9352	GCF_000002075.1
Aplysia californica	invertebrate	innexin	NW_004799010.1:697-1776+	gene-LOC100533355	LOC100533355	1216	0	1	0	GCF_000002075.1
Aplysia californica	invertebrate	innexin	NW_004797704.1:12763-17132+	gene-LOC101857198	LOC101857198	5365	3356	2	3224	GCF_000002075.1
Aplysia californica	invertebrate	itpr	NW_004797298.1:1779226-1904162+	gene-LOC100533406	LOC100533406	124925	13779	64	18983	GCF_000002075.1
Aplysia californica	invertebrate	itpr	NW_004797395.1:815423-893380+	gene-LOC101852918	LOC101852918	247221	167013	73	6264	GCF_000002075.1
Aplysia californica	invertebrate	k2p	NW_004797843.1:302012-302806-	gene-LOC101856046	LOC101856046	38330	35862	4	0	GCF_000002075.1
Aplysia californica	invertebrate	k2p	NW_004797350.1:542769-550292+	gene-LOC118477392	LOC118477392	6537	2078	4	4143	GCF_000002075.1
Aplysia californica	invertebrate	k2p	NW_004797633.1:541013-700450-	gene-LOC100533285	LOC100533285	159456	158175	2	158175	GCF_000002075.1
Aplysia californica	invertebrate	k2p	NW_004797530.1:554570-600372+	gene-LOC101851353	LOC101851353	47167	32492	6	32492	GCF_000002075.1
Aplysia californica	invertebrate	kca_slo	NW_004797529.1:229544-337644-	gene-LOC101845701	LOC101845701	59588	13066	21	11458	GCF_000002075.1
Aplysia californica	invertebrate	kca_slo	NW_004798094.1:252301-323944-	gene-LOC101855059-2	LOC101855059	28722	12152	17	25680	GCF_000002075.1
Aplysia californica	invertebrate	kir	NW_004797462.1:550672-552078+	gene-LOC101846351	LOC101846351	101593	45361	4	0	GCF_000002075.1
Aplysia californica	invertebrate	kv_shaker	NW_004797576.1:20879-79007+	gene-LOC100533422	LOC100533422	4131	746	2	0	GCF_000002075.1
Aplysia californica	invertebrate	kv_shaker	NW_004797304.1:1413865-1597948+	gene-LOC101856158	LOC101856158	187575	166838	5	166838	GCF_000002075.1
Aplysia californica	invertebrate	nachr	NW_004797481.1:116750-140472-	gene-LOC101856899	LOC101856899	65304	38867	12	11224	GCF_000002075.1
Aplysia californica	invertebrate	nachr	NW_004797286.1:1714124-1761952+	gene-LOC106012547	LOC106012547	91506	43602	6	23241	GCF_000002075.1
Aplysia californica	invertebrate	nalcn	NW_004797318.1:1987380-2145766-	gene-LOC101861494	LOC101861494	77838	8149	38	37327	GCF_000002075.1
Aplysia californica	invertebrate	nav	NW_004797305.1:754293-830320+	gene-LOC101859546	LOC101859546	65608	19422	21	15374	GCF_000002075.1
Aplysia californica	invertebrate	nav	NW_004797530.1:660549-728280-	gene-LOC100533425	LOC100533425	152143	69033	29	13996	GCF_000002075.1
Aplysia californica	invertebrate	orai	NW_004797285.1:2838270-2924974+	gene-LOC101849512	LOC101849512	3798	1141	2	1141	GCF_000002075.1
Aplysia californica	invertebrate	osca_tmem63	NW_004797375.1:6207-44764-	gene-LOC101847948	LOC101847948	37103	9894	24	7218	GCF_000002075.1
Aplysia californica	invertebrate	otop	NW_004797407.1:759538-773219+	gene-LOC101852469	LOC101852469	20167	3110	12	3024	GCF_000002075.1
Aplysia californica	invertebrate	p2x	NW_004797784.1:124101-160942-	gene-LOC100533332	LOC100533332	37434	12158	13	12158	GCF_000002075.1
Aplysia californica	invertebrate	piezo	NW_004797310.1:365712-472678-	gene-LOC101847474	LOC101847474	108746	32728	47	14684	GCF_000002075.1
Aplysia californica	invertebrate	tpc	NW_004797273.1:2730713-2933205+	gene-LOC101854539	LOC101854539	66565	20310	27	10099	GCF_000002075.1
Aplysia californica	invertebrate	tpc	NW_004797915.1:423095-455943-	gene-LOC101864482	LOC101864482	36170	2407	27	2407	GCF_000002075.1
Aplysia californica	invertebrate	tric	NW_004797596.1:85854-102115-	gene-LOC101859715	LOC101859715	22112	11566	5	11566	GCF_000002075.1
Aplysia californica	invertebrate	trpa	NW_004797429.1:535250-609867-	gene-LOC101849923	LOC101849923	35971	4524	26	4524	GCF_000002075.1
Aplysia californica	invertebrate	trpa	NW_004797282.1:2579234-2605209+	gene-LOC101859749	LOC101859749	51425	15997	19	5284	GCF_000002075.1
Aplysia californica	invertebrate	trpc	NW_004797625.1:485053-578781-	gene-LOC101854586	LOC101854586	68424	10185	14	32794	GCF_000002075.1
Aplysia californica	invertebrate	trpc	NW_004797288.1:834277-904217-	gene-LOC101857995	LOC101857995	31961	7004	15	39072	GCF_000002075.1
Aplysia californica	invertebrate	trpm	NW_004797864.1:415722-479835-	gene-LOC101858128	LOC101858128	65403	9595	36	8255	GCF_000002075.1
Aplysia californica	invertebrate	trpm	NW_004797307.1:896202-942150+	gene-LOC101848023	LOC101848023	50699	3693	28	5919	GCF_000002075.1
Aplysia californica	invertebrate	trpml	NW_004797498.1:630338-752025+	gene-LOC101858276	LOC101858276	73219	34495	15	4229	GCF_000002075.1
Aplysia californica	invertebrate	trpv	NW_004797863.1:102540-135001-	gene-LOC101855819	LOC101855819	27131	6776	16	6776	GCF_000002075.1
Aplysia californica	invertebrate	vdac	NW_004799236.1:2235-14650+	gene-LOC101847794	LOC101847794	12398	4523	9	4523	GCF_000002075.1
Aplysia californica	invertebrate	vdac	NW_004799236.1:17400-22695+	gene-LOC101848173	LOC101848173	3952	1811	5	2382	GCF_000002075.1
Aplysia californica	invertebrate	vdac	NW_004798183.1:6071-16799+	gene-LOC101847619	LOC101847619	13367	3174	7	3174	GCF_000002075.1
Aplysia californica	invertebrate	gphr	r4_NW_004797405.1:1228297-1272325+	gene-LOC101855941	LOC101855941	46039	11294	16	11294	GCF_000002075.1
Aplysia californica	invertebrate	tmco1	r4_NW_004797711.1:23953-33910+	gene-LOC106012635	LOC106012635	9995	3382	6	3382	GCF_000002075.1
Aplysia californica	invertebrate	tmem87	r4_NW_004797273.1:4096983-4122885-	gene-LOC101857527	LOC101857527	26549	3953	19	3953	GCF_000002075.1
Lymnaea stagnalis	invertebrate	cav	CAXITT010000013.1:727314-777942-	gene-GSLYS_00001342001	GSLYS_00001342001	50752	10856	42	10820	GCA_964033795.1
Lymnaea stagnalis	invertebrate	ano_scramblase	CAXITT010000694.1:21273-113132+	gene-GSLYS_00018757001	GSLYS_00018757001	41650	19015	14	23886	GCA_964033795.1
Lymnaea stagnalis	invertebrate	ano_scramblase	CAXITT010000140.1:176184-184896+	gene-GSLYS_00007305001	GSLYS_00007305001	13888	2362	15	2362	GCA_964033795.1
Lymnaea stagnalis	invertebrate	ano_scramblase	CAXITT010000688.1:208716-252928-	gene-GSLYS_00018699001	GSLYS_00018699001	24264	2495	24	29385	GCA_964033795.1
Lymnaea stagnalis	invertebrate	trpc	CAXITT010000113.1:847384-866590-	gene-GSLYS_00006402001	GSLYS_00006402001	93029	62949	21	7126	GCA_964033795.1
Lymnaea stagnalis	invertebrate	ano_scramblase	CAXITT010000113.1:1263895-1274252-	gene-GSLYS_00006413001	GSLYS_00006413001	19057	5542	13	2222	GCA_964033795.1
Lymnaea stagnalis	invertebrate	trpm	CAXITT010000116.1:266095-286940+	gene-GSLYS_00006492001	GSLYS_00006492001	33684	3498	30	1981	GCA_964033795.1
Lymnaea stagnalis	invertebrate	trpm	CAXITT010000116.1:391920-506811+	gene-GSLYS_00006493001	GSLYS_00006493001	150435	67213	27	29658	GCA_964033795.1
Lymnaea stagnalis	invertebrate	nav	CAXITT010000022.1:1826066-1880051-	gene-GSLYS_00001974001	GSLYS_00001974001	53977	9154	31	9154	GCA_964033795.1
Lymnaea stagnalis	invertebrate	trpp	CAXITT010000128.1:988533-1022829-	gene-GSLYS_00006939001	GSLYS_00006939001	24019	3617	17	2411	GCA_964033795.1
Lymnaea stagnalis	invertebrate	p2x	CAXITT010001118.1:100094-114285-	gene-GSLYS_00021276001	GSLYS_00021276001	17907	5134	11	5134	GCA_964033795.1
Lymnaea stagnalis	invertebrate	bestrophin	CAXITT010000388.1:193737-199565-	gene-GSLYS_00014213001	GSLYS_00014213001	18716	3036	15	994	GCA_964033795.1
Lymnaea stagnalis	invertebrate	k2p	CAXITT010000433.1:54840-130875+	gene-GSLYS_00015061001	GSLYS_00015061001	49985	43777	3	43777	GCA_964033795.1
Lymnaea stagnalis	invertebrate	cav	CAXITT010000777.1:67503-214583+	gene-GSLYS_00019517001	GSLYS_00019517001	95966	37678	43	37678	GCA_964033795.1
Lymnaea stagnalis	invertebrate	cav	CAXITT010000029.1:2123160-2476232-	gene-GSLYS_00002447001	GSLYS_00002447001	67260	31162	31	188710	GCA_964033795.1
Lymnaea stagnalis	invertebrate	clc_channel	CAXITT010001062.1:98366-126011+	gene-GSLYS_00021078001	GSLYS_00021078001	36752	2811	25	2811	GCA_964033795.1
Lymnaea stagnalis	invertebrate	clic	CAXITT010000125.1:634094-647044-	gene-GSLYS_00006818001	GSLYS_00006818001	22947	6037	5	6037	GCA_964033795.1
Lymnaea stagnalis	invertebrate	clic	CAXITT010000570.1:486094-487208+	gene-GSLYS_00017226001	GSLYS_00017226001	11756	362	2	362	GCA_964033795.1
Lymnaea stagnalis	invertebrate	cng	CAXITT010000107.1:253596-445837+	gene-GSLYS_00006204001	GSLYS_00006204001	93611	66274	5	66274	GCA_964033795.1
Lymnaea stagnalis	invertebrate	cng	CAXITT010000131.1:555059-654677+	gene-GSLYS_00007027001	GSLYS_00007027001	936	0	1	88244	GCA_964033795.1
Lymnaea stagnalis	invertebrate	kv_eag	CAXITT010000038.1:1574054-1848233+	gene-GSLYS_00002973001	GSLYS_00002973001	142825	73608	7	124722	GCA_964033795.1
Lymnaea stagnalis	invertebrate	cng	CAXITT010000058.1:577570-657779-	gene-GSLYS_00004062001	GSLYS_00004062001	74419	29671	9	29671	GCA_964033795.1
Lymnaea stagnalis	invertebrate	cng	CAXITT010000176.1:471063-555583+	gene-GSLYS_00008559001	GSLYS_00008559001	7812	1960	11	68154	GCA_964033795.1
Lymnaea stagnalis	invertebrate	deg_invertebrate	CAXITT010000011.1:1997226-2002244+	gene-GSLYS_00001188001	GSLYS_00001188001	5828	2469	3	2469	GCA_964033795.1
Lymnaea stagnalis	invertebrate	otop	CAXITT010000325.1:817020-841389+	gene-GSLYS_00012911001	GSLYS_00012911001	74430	51164	11	12707	GCA_964033795.1
Lymnaea stagnalis	invertebrate	nmda	CAXITT010000164.1:1011350-1029024+	gene-GSLYS_00008177001	GSLYS_00008177001	19269	3312	16	3324	GCA_964033795.1
Lymnaea stagnalis	invertebrate	gabaa	CAXITT010000130.1:362606-403690-	gene-GSLYS_00007006001	GSLYS_00007006001	44094	28089	10	28089	GCA_964033795.1
Lymnaea stagnalis	invertebrate	hcn	CAXITT010000206.1:605110-781289-	gene-GSLYS_00009555001	GSLYS_00009555001	111173	64795	10	64795	GCA_964033795.1
Lymnaea stagnalis	invertebrate	hv1	CAXITT010000168.1:33966-48323-	gene-GSLYS_00008280001	GSLYS_00008280001	4995	1127	4	1127	GCA_964033795.1
Lymnaea stagnalis	invertebrate	hv1	CAXITT010000582.1:118263-158902+	gene-GSLYS_00017393001	GSLYS_00017393001	96364	50173	9	22197	GCA_964033795.1
Lymnaea stagnalis	invertebrate	innexin	CAXITT010000876.1:86341-97298-	gene-GSLYS_00020276001	GSLYS_00020276001	10964	9734	2	9734	GCA_964033795.1
Lymnaea stagnalis	invertebrate	innexin	CAXITT010000565.1:354693-358167+	gene-GSLYS_00017151001	GSLYS_00017151001	6361	2061	4	2061	GCA_964033795.1
Lymnaea stagnalis	invertebrate	innexin	CAXITT010000001.1:1074960-1076177+	gene-GSLYS_00000026001	GSLYS_00000026001	1218	0	1	0	GCA_964033795.1
Lymnaea stagnalis	invertebrate	itpr	CAXITT010000610.1:94099-154100-	gene-GSLYS_00017757001	GSLYS_00017757001	63583	3844	59	3844	GCA_964033795.1
Lymnaea stagnalis	invertebrate	itpr	CAXITT010000007.1:2990181-3096183-	gene-GSLYS_00000851001	GSLYS_00000851001	92866	6583	67	14038	GCA_964033795.1
Lymnaea stagnalis	invertebrate	k2p	CAXITT010000752.1:59581-176699+	gene-GSLYS_00019308001	GSLYS_00019308001	804	0	1	115901	GCA_964033795.1
Lymnaea stagnalis	invertebrate	k2p	CAXITT010000003.1:1535996-1661673+	gene-GSLYS_00000382001	GSLYS_00000382001	78579	19370	6	85466	GCA_964033795.1
Lymnaea stagnalis	invertebrate	k2p	CAXITT010000413.1:571381-719507+	gene-GSLYS_00014733001	GSLYS_00014733001	942	0	1	146876	GCA_964033795.1
Lymnaea stagnalis	invertebrate	k2p	CAXITT010000273.1:401197-446626+	gene-GSLYS_00011633001	GSLYS_00011633001	61282	38174	7	38174	GCA_964033795.1
Lymnaea stagnalis	invertebrate	kca_sk	CAXITT010000767.1:90673-347212-	gene-GSLYS_00019449001	GSLYS_00019449001	256849	76732	10	76732	GCA_964033795.1
Lymnaea stagnalis	invertebrate	kca_sk	CAXITT010000100.1:1294186-1299235-	gene-GSLYS_00006000001	GSLYS_00006000001	1287	0	1	3631	GCA_964033795.1
Lymnaea stagnalis	invertebrate	kca_slo	CAXITT010000741.1:169624-291598-	gene-GSLYS_00019216001	GSLYS_00019216001	55714	9523	27	9523	GCA_964033795.1
Lymnaea stagnalis	invertebrate	kca_slo	CAXITT010000231.1:91009-117895+	gene-GSLYS_00010379001	GSLYS_00010379001	31711	3366	31	6673	GCA_964033795.1
Lymnaea stagnalis	invertebrate	kca_slo	CAXITT010000016.1:2635276-2648016+	gene-GSLYS_00001558001	GSLYS_00001558001	14888	2441	21	2226	GCA_964033795.1
Lymnaea stagnalis	invertebrate	kir	CAXITT010001155.1:27704-83866+	gene-GSLYS_00021364001	GSLYS_00021364001	14032	12607	2	0	GCA_964033795.1
Lymnaea stagnalis	invertebrate	kv_eag	CAXITT010000069.1:969762-989862-	gene-GSLYS_00004543001	GSLYS_00004543001	19117	6107	11	6107	GCA_964033795.1
Lymnaea stagnalis	invertebrate	kv_kcnq	CAXITT010000296.1:728410-766554-	gene-GSLYS_00012205001	GSLYS_00012205001	38549	8197	15	8197	GCA_964033795.1
Lymnaea stagnalis	invertebrate	kv_kcnq	CAXITT010000946.1:100834-204630-	gene-GSLYS_00020641001	GSLYS_00020641001	73246	41818	9	41818	GCA_964033795.1
Lymnaea stagnalis	invertebrate	kv_shaker	CAXITT010000754.1:104241-161595+	gene-GSLYS_00019329001	GSLYS_00019329001	1548	0	1	0	GCA_964033795.1
Lymnaea stagnalis	invertebrate	kv_shaker	CAXITT010000003.1:2547663-2739211-	gene-GSLYS_00000425001	GSLYS_00000425001	1110	0	1	178761	GCA_964033795.1
Lymnaea stagnalis	invertebrate	tpc	CAXITT010000024.1:1181525-1200423-	gene-GSLYS_00002067001	GSLYS_00002067001	22821	5788	27	5788	GCA_964033795.1
Lymnaea stagnalis	invertebrate	mcu	CAXITT010000629.1:167682-182463-	gene-GSLYS_00018070001	GSLYS_00018070001	22684	8681	7	8681	GCA_964033795.1
Lymnaea stagnalis	invertebrate	nachr	CAXITT010000053.1:1097958-1128476-	gene-GSLYS_00003837001	GSLYS_00003837001	197886	68652	8	19633	GCA_964033795.1
Lymnaea stagnalis	invertebrate	nachr	CAXITT010000008.1:232906-299897+	gene-GSLYS_00000860001	GSLYS_00000860001	67118	28751	7	28751	GCA_964033795.1
Lymnaea stagnalis	invertebrate	nachr	CAXITT010000227.1:484817-542183+	gene-GSLYS_00010260001	GSLYS_00010260001	51834	25874	5	25874	GCA_964033795.1
Lymnaea stagnalis	invertebrate	nachr	CAXITT010000227.1:599033-668531+	gene-GSLYS_00010263001	GSLYS_00010263001	86031	49029	5	49029	GCA_964033795.1
Lymnaea stagnalis	invertebrate	nachr	CAXITT010000035.1:1984871-2025917-	gene-GSLYS_00002814001	GSLYS_00002814001	58121	15457	9	15125	GCA_964033795.1
Lymnaea stagnalis	invertebrate	nachr	CAXITT010000045.1:868203-910446-	gene-GSLYS_00003400001	GSLYS_00003400001	53040	31690	6	9628	GCA_964033795.1
Lymnaea stagnalis	invertebrate	nalcn	CAXITT010000511.1:411373-468645+	gene-GSLYS_00016419001	GSLYS_00016419001	63865	6384	40	8373	GCA_964033795.1
Lymnaea stagnalis	invertebrate	nav	CAXITT010000099.1:1288199-1353011+	gene-GSLYS_00005958001	GSLYS_00005958001	64819	11633	24	6040	GCA_964033795.1
Lymnaea stagnalis	invertebrate	nmda	CAXITT010000282.1:200909-223792-	gene-GSLYS_00011851001	GSLYS_00011851001	28417	7111	18	3056	GCA_964033795.1
Lymnaea stagnalis	invertebrate	orai	CAXITT010000585.1:152530-250853-	gene-GSLYS_00017456001	GSLYS_00017456001	8643	2881	2	2881	GCA_964033795.1
Lymnaea stagnalis	invertebrate	osca_tmem63	CAXITT010000019.1:2235321-2257092-	gene-GSLYS_00001740001	GSLYS_00001740001	27853	2629	23	2629	GCA_964033795.1
Lymnaea stagnalis	invertebrate	otop	CAXITT010000265.1:43082-60492-	gene-GSLYS_00011420001	GSLYS_00011420001	59529	26278	13	2883	GCA_964033795.1
Lymnaea stagnalis	invertebrate	otop	CAXITT010000335.1:636369-672588-	gene-GSLYS_00013124001	GSLYS_00013124001	11190	2006	11	26392	GCA_964033795.1
Lymnaea stagnalis	invertebrate	piezo	CAXITT010000139.1:773333-983999-	gene-GSLYS_00007284001	GSLYS_00007284001	127491	6513	30	128725	GCA_964033795.1
Lymnaea stagnalis	invertebrate	ryr	CAXITT010000484.1:82921-200263-	gene-GSLYS_00016015001	GSLYS_00016015001	120176	39797	124	39797	GCA_964033795.1
Lymnaea stagnalis	invertebrate	tmc	CAXITT010000497.1:191945-209719+	gene-GSLYS_00016167001	GSLYS_00016167001	19121	2124	18	1944	GCA_964033795.1
Lymnaea stagnalis	invertebrate	tmc	CAXITT010000041.1:779019-795468+	gene-GSLYS_00003151001	GSLYS_00003151001	26411	8132	18	8132	GCA_964033795.1
Lymnaea stagnalis	invertebrate	tmc	CAXITT010000357.1:108726-300459-	gene-GSLYS_00013558001	GSLYS_00013558001	20356	7991	15	7991	GCA_964033795.1
Lymnaea stagnalis	invertebrate	tmc	CAXITT010001177.1:135145-141172-	gene-GSLYS_00021431001	GSLYS_00021431001	6979	749	13	749	GCA_964033795.1
Lymnaea stagnalis	invertebrate	tpc	CAXITT010000183.1:1152592-1162195-	gene-GSLYS_00008797001	GSLYS_00008797001	16324	833	28	815	GCA_964033795.1
Lymnaea stagnalis	invertebrate	trpv	CAXITT010000105.1:15880-55898-	gene-GSLYS_00006140001	GSLYS_00006140001	42776	19756	15	19756	GCA_964033795.1
Lymnaea stagnalis	invertebrate	tric	CAXITT010000482.1:70929-77131+	gene-GSLYS_00015951001	GSLYS_00015951001	10317	4206	5	4206	GCA_964033795.1
Lymnaea stagnalis	invertebrate	tric	CAXITT010000482.1:81737-88112-	gene-GSLYS_00015952001	GSLYS_00015952001	9078	3642	5	3642	GCA_964033795.1
Lymnaea stagnalis	invertebrate	trpa	CAXITT010000301.1:793531-812234-	gene-GSLYS_00012345001	GSLYS_00012345001	7689	905	12	5074	GCA_964033795.1
Lymnaea stagnalis	invertebrate	trpc	CAXITT010000009.1:2830122-2869854+	gene-GSLYS_00001026001	GSLYS_00001026001	9854	3001	7	10701	GCA_964033795.1
Lymnaea stagnalis	invertebrate	trpc	CAXITT010000683.1:20458-131816-	gene-GSLYS_00018651001	GSLYS_00018651001	93937	37603	11	37612	GCA_964033795.1
Lymnaea stagnalis	invertebrate	trpc	CAXITT010000528.1:140347-177682+	gene-GSLYS_00016677001	GSLYS_00016677001	26268	24546	4	13954	GCA_964033795.1
Lymnaea stagnalis	invertebrate	trpc	CAXITT010000630.1:212475-342897+	gene-GSLYS_00018080001	GSLYS_00018080001	127293	25625	21	54195	GCA_964033795.1
Lymnaea stagnalis	invertebrate	trpm	CAXITT010000219.1:74954-113840+	gene-GSLYS_00009952001	GSLYS_00009952001	37169	2973	31	2973	GCA_964033795.1
Lymnaea stagnalis	invertebrate	trpm	CAXITT010000215.1:147757-170854-	gene-GSLYS_00009860001	GSLYS_00009860001	24134	3841	24	3841	GCA_964033795.1
Lymnaea stagnalis	invertebrate	trpm	CAXITT010000215.1:243140-262855-	gene-GSLYS_00009864001	GSLYS_00009864001	22886	4714	25	2787	GCA_964033795.1
Lymnaea stagnalis	invertebrate	trpv	CAXITT010000724.1:321096-336526-	gene-GSLYS_00019069001	GSLYS_00019069001	20735	4479	18	2801	GCA_964033795.1
Lymnaea stagnalis	invertebrate	tweety	CAXITT010000637.1:351595-367853-	gene-GSLYS_00018171001	GSLYS_00018171001	19482	4726	14	4726	GCA_964033795.1
Lymnaea stagnalis	invertebrate	vdac	CAXITT010000036.1:1205771-1211795+	gene-GSLYS_00002850001	GSLYS_00002850001	18271	1499	9	1499	GCA_964033795.1
Lymnaea stagnalis	invertebrate	vdac	CAXITT010000097.1:250150-255509+	gene-GSLYS_00005867001	GSLYS_00005867001	7996	2235	7	2235	GCA_964033795.1
Lymnaea stagnalis	invertebrate	tmco1	r4_CAXITT010000001.1:2892964-2896524+	gene-GSLYS_00000098001	GSLYS_00000098001	3856	1775	6	1775	GCA_964033795.1
Lymnaea stagnalis	invertebrate	gphr	r4_CAXITT010000635.1:221494-230268-	gene-GSLYS_00018148001	GSLYS_00018148001	9664	2020	15	2020	GCA_964033795.1
Lymnaea stagnalis	invertebrate	mitok	r4_CAXITT010000505.1:31566-33697+	gene-GSLYS_00016274001	GSLYS_00016274001	4772	1142	2	1142	GCA_964033795.1
Lymnaea stagnalis	invertebrate	tmem87	r4_CAXITT010000094.1:1101732-1125917-	gene-GSLYS_00005737001	GSLYS_00005737001	28996	9016	19	9016	GCA_964033795.1
Strongylocentrotus purpuratus	deuterostome	cng	AAGJ06000011.1:796325-994936+	gene-LOC579326	LOC579326	36672	22109	4	35452	GCF_000002235.5
Strongylocentrotus purpuratus	deuterostome	trpc	AAGJ06000011.1:9271437-9349366+	gene-LOC584852	LOC584852	29587	9408	14	4732	GCF_000002235.5
Strongylocentrotus purpuratus	deuterostome	trpc	AAGJ06000011.1:30047287-30153017+	gene-LOC583250	LOC583250	29689	7332	12	82554	GCF_000002235.5
Strongylocentrotus purpuratus	deuterostome	kainate	AAGJ06000021.1:3795247-4130328+	gene-LOC579779	LOC579779	46196	26329	15	65395	GCF_000002235.5
Strongylocentrotus purpuratus	deuterostome	trpa	AAGJ06000021.1:14304692-14320171+	gene-LOC100892041	LOC100892041	21663	4395	23	1360	GCF_000002235.5
Strongylocentrotus purpuratus	deuterostome	tpc	AAGJ06000017.1:16615016-16649232+	gene-TPC2	TPC2	35767	4620	24	4620	GCF_000002235.5
Strongylocentrotus purpuratus	deuterostome	asic	AAGJ06000017.1:23178258-23189227+	gene-LOC100892043	LOC100892043	41862	23104	10	6621	GCF_000002235.5
Strongylocentrotus purpuratus	deuterostome	asic	AAGJ06000017.1:25841575-25849528+	gene-LOC754559	LOC754559	8454	2171	7	3566	GCF_000002235.5
Strongylocentrotus purpuratus	deuterostome	clc_channel	AAGJ06000016.1:2915059-2949955-	gene-LOC588292	LOC588292	33992	13582	24	11939	GCF_000002235.5
Strongylocentrotus purpuratus	deuterostome	hcn	AAGJ06000009.1:5225106-5365057-	gene-SPIH	SPIH	45256	34836	9	34836	GCF_000002235.5
Strongylocentrotus purpuratus	deuterostome	nachr	AAGJ06000009.1:9810004-9813509-	gene-LOC577316	LOC577316	14153	7956	6	613	GCF_000002235.5
Strongylocentrotus purpuratus	deuterostome	ano_scramblase	AAGJ06000009.1:14753583-14771850-	gene-LOC588981	LOC588981	22061	2922	17	2922	GCF_000002235.5
Strongylocentrotus purpuratus	deuterostome	nav	AAGJ06000009.1:20482261-20522897-	gene-LOC588616	LOC588616	34288	5622	29	5622	GCF_000002235.5
Strongylocentrotus purpuratus	deuterostome	trpm	AAGJ06000009.1:26492746-26612276-	gene-LOC589697	LOC589697	82719	23587	24	35810	GCF_000002235.5
Strongylocentrotus purpuratus	deuterostome	ano_scramblase	AAGJ06000011.1:15619429-15754193-	gene-LOC587178	LOC587178	46701	16024	22	95398	GCF_000002235.5
Strongylocentrotus purpuratus	deuterostome	asic	AAGJ06000011.1:16115718-16127135-	gene-LOC100887843	LOC100887843	15754	4776	11	4776	GCF_000002235.5
Strongylocentrotus purpuratus	deuterostome	gabaa	AAGJ06000011.1:20290051-20354409-	gene-LOC578555	LOC578555	65125	20485	9	20485	GCF_000002235.5
Strongylocentrotus purpuratus	deuterostome	gabaa	AAGJ06000011.1:22516211-22581730-	gene-LOC105447122	LOC105447122	66842	18522	9	18522	GCF_000002235.5
Strongylocentrotus purpuratus	deuterostome	ano_scramblase	AAGJ06000008.1:8523050-8533789+	gene-ano10	ano10	15260	2990	14	2990	GCF_000002235.5
Strongylocentrotus purpuratus	deuterostome	kca_sk	AAGJ06000009.1:8758191-8991936+	gene-LOC575136	LOC575136	40970	10788	9	54454	GCF_000002235.5
Strongylocentrotus purpuratus	deuterostome	nachr	AAGJ06000009.1:9796376-9882229+	gene-LOC577387	LOC577387	7759	1486	8	34227	GCF_000002235.5
Strongylocentrotus purpuratus	deuterostome	trpm	AAGJ06000009.1:18436882-18545002+	gene-LOC577250	LOC577250	30908	3871	25	1952	GCF_000002235.5
Strongylocentrotus purpuratus	deuterostome	nachr	AAGJ06000009.1:21571613-21722010+	gene-LOC581710	LOC581710	33148	14305	7	66427	GCF_000002235.5
Strongylocentrotus purpuratus	deuterostome	catsper	AAGJ06000009.1:22019960-22032712+	gene-LOC578767	LOC578767	12888	3710	11	4784	GCF_000002235.5
Strongylocentrotus purpuratus	deuterostome	asic	AAGJ06000837.1:1491196-1500890-	gene-LOC115918682	LOC115918682	10790	2163	8	2163	GCF_000002235.5
Strongylocentrotus purpuratus	deuterostome	trpv	AAGJ06000006.1:19126857-19214840+	gene-LOC100890406	LOC100890406	28202	12214	15	12214	GCF_000002235.5
Strongylocentrotus purpuratus	deuterostome	asic	AAGJ06000006.1:44604622-44613568+	gene-LOC575477	LOC575477	11080	2360	8	2360	GCF_000002235.5
Strongylocentrotus purpuratus	deuterostome	itpr	AAGJ06000006.1:50950206-51051592+	gene-LOC594527	LOC594527	108209	12789	55	12789	GCF_000002235.5
Strongylocentrotus purpuratus	deuterostome	cav	AAGJ06000004.1:1808028-1976451+	gene-LOC574743	LOC574743	189830	21136	51	19892	GCF_000002235.5
Strongylocentrotus purpuratus	deuterostome	trpc	AAGJ06000004.1:13690173-13763269+	gene-LOC589158	LOC589158	75083	64435	10	64435	GCF_000002235.5
Strongylocentrotus purpuratus	deuterostome	kca_slo	AAGJ06000004.1:34624064-34679222+	gene-LOC100893563	LOC100893563	73518	16716	29	23506	GCF_000002235.5
Strongylocentrotus purpuratus	deuterostome	trpm	AAGJ06000006.1:18488073-18565934-	gene-LOC754831	LOC754831	92628	17669	32	17669	GCF_000002235.5
Strongylocentrotus purpuratus	deuterostome	trpm	AAGJ06000006.1:18590159-18680097-	gene-LOC584520	LOC584520	40353	6671	27	4967	GCF_000002235.5
Strongylocentrotus purpuratus	deuterostome	trpv	AAGJ06000006.1:20848753-20859879-	gene-LOC584846	LOC584846	30867	11831	16	2881	GCF_000002235.5
Strongylocentrotus purpuratus	deuterostome	cav	AAGJ06000006.1:24219832-24431905-	gene-LOC115917871	LOC115917871	76365	12321	43	28909	GCF_000002235.5
Strongylocentrotus purpuratus	deuterostome	kv_shaker	AAGJ06000006.1:54053280-54131079-	gene-LOC582202	LOC582202	47224	24925	4	32423	GCF_000002235.5
Strongylocentrotus purpuratus	deuterostome	k2p	AAGJ06000007.1:20376838-20460003+	gene-LOC105444279	LOC105444279	4283	2044	2	79040	GCF_000002235.5
Strongylocentrotus purpuratus	deuterostome	trpc	AAGJ06000007.1:22031284-22042538+	gene-LOC584724	LOC584724	18328	1794	13	1569	GCF_000002235.5
Strongylocentrotus purpuratus	deuterostome	kv_kcnq	AAGJ06000007.1:22965372-23098031+	gene-LOC579971	LOC579971	49692	27308	12	27308	GCF_000002235.5
Strongylocentrotus purpuratus	deuterostome	tmc	AAGJ06000014.1:5053764-5066644-	gene-LOC100888087	LOC100888087	37484	9420	18	3751	GCF_000002235.5
Strongylocentrotus purpuratus	deuterostome	tmc	AAGJ06000014.1:5104858-5115898+	gene-LOC578478	LOC578478	43491	18917	18	1314	GCF_000002235.5
Strongylocentrotus purpuratus	deuterostome	cav	AAGJ06000014.1:5880124-6030229+	gene-LOC575000	LOC575000	114585	14997	34	57499	GCF_000002235.5
Strongylocentrotus purpuratus	deuterostome	kir	AAGJ06000014.1:26356288-26398883+	gene-LOC115918598	LOC115918598	16137	11344	2	0	GCF_000002235.5
Strongylocentrotus purpuratus	deuterostome	piezo	AAGJ06000008.1:4887959-4975853-	gene-LOC590159	LOC590159	88642	20889	51	19967	GCF_000002235.5
Strongylocentrotus purpuratus	deuterostome	clic	AAGJ06000021.1:6097893-6178640-	gene-LOC115928084	LOC115928084	16767	8807	5	40494	GCF_000002235.5
Strongylocentrotus purpuratus	deuterostome	nachr	AAGJ06000021.1:28876904-28930880-	gene-LOC100892033	LOC100892033	11393	3512	5	31028	GCF_000002235.5
Strongylocentrotus purpuratus	deuterostome	kv_kcnq	AAGJ06000017.1:18862883-19009914-	gene-LOC115925094	LOC115925094	29132	8890	13	62723	GCF_000002235.5
Strongylocentrotus purpuratus	deuterostome	hcn	AAGJ06000019.1:21747643-21885259+	gene-HCN2	HCN2	31861	18376	12	58087	GCF_000002235.5
Strongylocentrotus purpuratus	deuterostome	kca_slo	AAGJ06000010.1:9013117-9206245-	gene-LOC578468	LOC578468	79268	8985	25	53661	GCF_000002235.5
Strongylocentrotus purpuratus	deuterostome	catsper	AAGJ06000010.1:9215883-9222690-	gene-LOC762610	LOC762610	7361	1373	8	1373	GCF_000002235.5
Strongylocentrotus purpuratus	deuterostome	mcu	AAGJ06000010.1:21276089-21385789-	gene-LOC581979	LOC581979	45168	18044	8	14626	GCF_000002235.5
Strongylocentrotus purpuratus	deuterostome	mcu	AAGJ06000010.1:22253220-22275979-	gene-LOC115921735	LOC115921735	41010	15031	8	15031	GCF_000002235.5
Strongylocentrotus purpuratus	deuterostome	trpp	AAGJ06000010.1:28089597-28180285-	gene-pkd2	pkd2	26667	4895	18	4895	GCF_000002235.5
Strongylocentrotus purpuratus	deuterostome	nachr	AAGJ06000015.1:25366413-25406805+	gene-LOC575288	LOC575288	41136	19252	7	19252	GCF_000002235.5
Strongylocentrotus purpuratus	deuterostome	trpv	AAGJ06000015.1:15293123-15349534-	gene-LOC115918652	LOC115918652	28050	5209	17	33534	GCF_000002235.5
Strongylocentrotus purpuratus	deuterostome	trpv	AAGJ06000015.1:15483684-15546191-	gene-LOC581331	LOC581331	24582	5272	16	15543	GCF_000002235.5
Strongylocentrotus purpuratus	deuterostome	nachr	AAGJ06000015.1:25416505-25431843-	gene-LOC575367	LOC575367	28206	10647	7	6444	GCF_000002235.5
Strongylocentrotus purpuratus	deuterostome	k2p	AAGJ06000015.1:33025819-33051173-	gene-LOC115924241	LOC115924241	9128	7436	2	17157	GCF_000002235.5
Strongylocentrotus purpuratus	deuterostome	trpa	AAGJ06000013.1:12960236-13078598-	gene-LOC105444466	LOC105444466	46945	6624	28	45398	GCF_000002235.5
Strongylocentrotus purpuratus	deuterostome	trpn	AAGJ06000013.1:17423513-17492481-	gene-LOC755397	LOC755397	37462	13835	24	14622	GCF_000002235.5
Strongylocentrotus purpuratus	deuterostome	trpa	AAGJ06000013.1:25245186-25348965-	gene-LOC105438813	LOC105438813	46214	7640	26	61423	GCF_000002235.5
Strongylocentrotus purpuratus	deuterostome	trpc	AAGJ06000007.1:194577-205936-	gene-LOC580692	LOC580692	16173	2928	15	1793	GCF_000002235.5
Strongylocentrotus purpuratus	deuterostome	kv_eag	AAGJ06000007.1:5624730-5635088-	gene-LOC100891580	LOC100891580	19035	2697	18	2441	GCF_000002235.5
Strongylocentrotus purpuratus	deuterostome	k2p	AAGJ06000007.1:24731408-24764710-	gene-LOC576928	LOC576928	2273	1418	2	32352	GCF_000002235.5
Strongylocentrotus purpuratus	deuterostome	trpc	AAGJ06000007.1:26117472-26128341-	gene-LOC574873	LOC574873	13090	1830	13	1830	GCF_000002235.5
Strongylocentrotus purpuratus	deuterostome	nachr	AAGJ06000003.1:29091982-29100027-	gene-LOC577385	LOC577385	6918	1844	6	1960	GCF_000002235.5
Strongylocentrotus purpuratus	deuterostome	nachr	AAGJ06000003.1:29129132-29182230-	gene-LOC757171	LOC757171	26938	11199	9	37674	GCF_000002235.5
Strongylocentrotus purpuratus	deuterostome	nachr	AAGJ06000002.1:6167571-6359707+	gene-LOC581601	LOC581601	36316	28691	6	24467	GCF_000002235.5
Strongylocentrotus purpuratus	deuterostome	tpc	AAGJ06000002.1:18767232-18880593+	gene-TPC1	TPC1	48964	7597	23	36883	GCF_000002235.5
Strongylocentrotus purpuratus	deuterostome	cng	AAGJ06000002.1:19567101-19585070+	gene-LOC583141	LOC583141	21941	13033	11	13033	GCF_000002235.5
Strongylocentrotus purpuratus	deuterostome	cng	AAGJ06000002.1:21300857-21340848+	gene-LOC100889593	LOC100889593	24705	11917	12	18415	GCF_000002235.5
Strongylocentrotus purpuratus	deuterostome	hv1	AAGJ06000002.1:22771962-22778541+	gene-LOC115926750	LOC115926750	11175	4265	6	4245	GCF_000002235.5
Strongylocentrotus purpuratus	deuterostome	hv1	AAGJ06000002.1:23773925-23780408+	gene-VSOP	VSOP	15646	7838	7	4124	GCF_000002235.5
Strongylocentrotus purpuratus	deuterostome	nachr	AAGJ06000002.1:27177520-27189152+	gene-LOC115926784	LOC115926784	7313	1422	7	1422	GCF_000002235.5
Strongylocentrotus purpuratus	deuterostome	ryr	AAGJ06000005.1:9951019-10191748+	gene-LOC580223	LOC580223	173182	14851	110	15214	GCF_000002235.5
Strongylocentrotus purpuratus	deuterostome	k2p	AAGJ06000005.1:11801984-11829733+	gene-LOC578865	LOC578865	32445	14964	4	14964	GCF_000002235.5
Strongylocentrotus purpuratus	deuterostome	k2p	AAGJ06000005.1:15274365-15333420+	gene-LOC580077	LOC580077	2152	1180	2	57754	GCF_000002235.5
Strongylocentrotus purpuratus	deuterostome	k2p	AAGJ06000005.1:24129125-24193791+	gene-LOC590684	LOC590684	39736	27889	4	8328	GCF_000002235.5
Strongylocentrotus purpuratus	deuterostome	k2p	AAGJ06000005.1:36428777-36430222+	gene-LOC100891584	LOC100891584	4224	947	3	771	GCF_000002235.5
Strongylocentrotus purpuratus	deuterostome	bestrophin	AAGJ06000005.1:42735818-42753315+	gene-LOC580880	LOC580880	19244	7296	8	7296	GCF_000002235.5
Strongylocentrotus purpuratus	deuterostome	nachr	AAGJ06000002.1:9344883-9356761-	gene-LOC581086	LOC581086	10436	3400	7	1271	GCF_000002235.5
Strongylocentrotus purpuratus	deuterostome	nachr	AAGJ06000002.1:9405798-9496542-	gene-LOC581154	LOC581154	17508	5156	7	10212	GCF_000002235.5
Strongylocentrotus purpuratus	deuterostome	orai	AAGJ06000002.1:13195410-13284199-	gene-LOC575285	LOC575285	2563	845	2	81455	GCF_000002235.5
Strongylocentrotus purpuratus	deuterostome	p2x	AAGJ06000002.1:25366098-25409354-	gene-LOC587360	LOC587360	20999	5466	12	25436	GCF_000002235.5
Strongylocentrotus purpuratus	deuterostome	p2x	AAGJ06000002.1:28527841-28650209-	gene-LOC115926462	LOC115926462	89348	53415	11	60432	GCF_000002235.5
Strongylocentrotus purpuratus	deuterostome	cav	AAGJ06000857.1:802962-1027782-	gene-LOC578128	LOC578128	82157	11615	41	31459	GCF_000002235.5
Strongylocentrotus purpuratus	deuterostome	nachr	AAGJ06000012.1:26601235-26605091-	gene-LOC105443534	LOC105443534	3897	696	5	705	GCF_000002235.5
Strongylocentrotus purpuratus	deuterostome	nalcn	AAGJ06000012.1:15833866-15889071+	gene-LOC755730	LOC755730	55632	6379	39	6379	GCF_000002235.5
Strongylocentrotus purpuratus	deuterostome	osca_tmem63	AAGJ06000005.1:12063590-12179321-	gene-LOC580854	LOC580854	79028	27677	23	10213	GCF_000002235.5
Strongylocentrotus purpuratus	deuterostome	kv_eag	AAGJ06000005.1:29251770-29347540-	gene-LOC582440	LOC582440	25276	7510	10	73707	GCF_000002235.5
Strongylocentrotus purpuratus	deuterostome	nachr	AAGJ06000005.1:31790193-31794867-	gene-LOC577311	LOC577311	6234	1650	6	1671	GCF_000002235.5
Strongylocentrotus purpuratus	deuterostome	nachr	AAGJ06000016.1:6256573-6266401+	gene-LOC576539	LOC576539	10545	5925	5	5925	GCF_000002235.5
Strongylocentrotus purpuratus	deuterostome	clic	AAGJ06000853.1:636504-713843-	gene-LOC753265	LOC753265	17469	8740	5	24601	GCF_000002235.5
Strongylocentrotus purpuratus	deuterostome	trpm	AAGJ06000020.1:44520437-44596839-	gene-LOC105443422	LOC105443422	81526	16651	23	10680	GCF_000002235.5
Strongylocentrotus purpuratus	deuterostome	tric	AAGJ06000003.1:7199927-7204202+	gene-LOC100890448	LOC100890448	6948	2118	6	1694	GCF_000002235.5
Strongylocentrotus purpuratus	deuterostome	trpml	AAGJ06000003.1:10648788-10745789+	gene-LOC584895	LOC584895	17830	3261	14	3261	GCF_000002235.5
Strongylocentrotus purpuratus	deuterostome	kv_shaker	AAGJ06000018.1:30337863-30479241-	gene-LOC584215	LOC584215	3314	0	1	0	GCF_000002235.5
Strongylocentrotus purpuratus	deuterostome	vdac	AAGJ06000010.1:1277471-1284606+	gene-LOC576005	LOC576005	12737	4240	9	1500	GCF_000002235.5
Strongylocentrotus purpuratus	deuterostome	kir	AAGJ06000824.1:304232-390825+	gene-LOC592565	LOC592565	12486	9691	2	0	GCF_000002235.5
Strongylocentrotus purpuratus	deuterostome	kv_kcnq	AAGJ06000841.1:1515438-1673839+	gene-LOC100889209	LOC100889209	42575	17590	12	56653	GCF_000002235.5
Strongylocentrotus purpuratus	deuterostome	nachr	AAGJ06000866.1:337518-345072+	gene-LOC583276	LOC583276	34810	28717	7	1314	GCF_000002235.5
Strongylocentrotus purpuratus	deuterostome	p2x	AAGJ06000866.1:1630280-1767737-	gene-LOC591536	LOC591536	67841	22852	12	80620	GCF_000002235.5
Strongylocentrotus purpuratus	deuterostome	tpc	AAGJ06000849.1:1615882-1739339+	gene-LOC115917870	LOC115917870	67337	13191	24	84020	GCF_000002235.5
Strongylocentrotus purpuratus	deuterostome	gphr	r4_AAGJ06000001.1:27054474-27066125-	gene-LOC575810	LOC575810	11925	1420	13	1420	GCF_000002235.5
Strongylocentrotus purpuratus	deuterostome	tmem87	r4_AAGJ06000005.1:43944861-43968352+	gene-LOC581289	LOC581289	21101	2427	21	14880	GCF_000002235.5
Strongylocentrotus purpuratus	deuterostome	tmco1	r4_AAGJ06000004.1:18266116-18286116+	gene-LOC115929176	LOC115929176	20748	15762	6	15762	GCF_000002235.5
Strongylocentrotus purpuratus	deuterostome	tmco1	r4_AAGJ06000004.1:18942613-18961677+	gene-LOC100892898	LOC100892898	21182	14300	6	14300	GCF_000002235.5
Branchiostoma floridae	deuterostome	trpc	NC_049985.1:3667434-3800088-	gene-LOC118419995	LOC118419995	19035	8358	15	21349	GCF_000003815.2
Branchiostoma floridae	deuterostome	cng	NC_049985.1:4392436-4451238-	gene-LOC118419144	LOC118419144	23721	12054	12	2484	GCF_000003815.2
Branchiostoma floridae	deuterostome	trpc	NC_049985.1:6339574-6438709-	gene-LOC118419520	LOC118419520	60905	41814	13	41814	GCF_000003815.2
Branchiostoma floridae	deuterostome	ano_scramblase	NC_049985.1:14163615-14176580-	gene-LOC118419940	LOC118419940	26857	7930	27	3010	GCF_000003815.2
Branchiostoma floridae	deuterostome	gabaa	NC_049985.1:22644872-22706640-	gene-LOC118419654	LOC118419654	60709	24059	9	24113	GCF_000003815.2
Branchiostoma floridae	deuterostome	nachr	NC_049985.1:23732418-23763272-	gene-LOC118420182	LOC118420182	55987	18415	12	14489	GCF_000003815.2
Branchiostoma floridae	deuterostome	trpc	NC_049985.1:3741962-3811340+	gene-LOC118419311	LOC118419311	14259	6080	14	56024	GCF_000003815.2
Branchiostoma floridae	deuterostome	ampa	NC_049985.1:22469544-22529236+	gene-LOC118419644	LOC118419644	65612	22043	18	22043	GCF_000003815.2
Branchiostoma floridae	deuterostome	gabaa	NC_049985.1:22662092-22752457+	gene-LOC118419656	LOC118419656	47828	12288	10	47034	GCF_000003815.2
Branchiostoma floridae	deuterostome	nachr	NC_049985.1:23637065-23689291+	gene-LOC118419846	LOC118419846	3871	338	2	28748	GCF_000003815.2
Branchiostoma floridae	deuterostome	nav	NC_049997.1:1542218-1689268-	gene-LOC118406715	LOC118406715	72964	10226	30	10226	GCF_000003815.2
Branchiostoma floridae	deuterostome	nav	NC_049997.1:1706809-1745307-	gene-LOC118406716	LOC118406716	71264	29536	30	5761	GCF_000003815.2
Branchiostoma floridae	deuterostome	kv_shaker	NC_049997.1:1810164-1811744-	gene-LOC118406707	LOC118406707	5876	806	3	0	GCF_000003815.2
Branchiostoma floridae	deuterostome	tpc	NC_049997.1:12125312-12129252-	gene-LOC118406642	LOC118406642	14315	8839	6	696	GCF_000003815.2
Branchiostoma floridae	deuterostome	nmda	NC_049997.1:16584384-16643614-	gene-LOC118406774	LOC118406774	30430	7323	20	7323	GCF_000003815.2
Branchiostoma floridae	deuterostome	nav	NC_049997.1:1829884-1906268+	gene-LOC118406397	LOC118406397	77937	28391	30	28391	GCF_000003815.2
Branchiostoma floridae	deuterostome	nalcn	NC_049997.1:2535748-2670869+	gene-LOC118407062	LOC118407062	45603	5005	50	5005	GCF_000003815.2
Branchiostoma floridae	deuterostome	kv_kcnq	NC_049997.1:5616377-5804664+	gene-LOC118407122	LOC118407122	158033	40755	16	40755	GCF_000003815.2
Branchiostoma floridae	deuterostome	itpr	NC_049992.1:4108936-4166775+	gene-LOC118430936	LOC118430936	58720	6361	78	7056	GCF_000003815.2
Branchiostoma floridae	deuterostome	ano_scramblase	NC_049992.1:9735327-9921878+	gene-LOC118430533	LOC118430533	38884	8023	26	65388	GCF_000003815.2
Branchiostoma floridae	deuterostome	nachr	NC_049992.1:12723030-12726461+	gene-LOC118430334	LOC118430334	10101	2624	10	1204	GCF_000003815.2
Branchiostoma floridae	deuterostome	ano_scramblase	NC_049980.1:17305708-17315026+	gene-LOC118405084	LOC118405084	16274	4029	16	2230	GCF_000003815.2
Branchiostoma floridae	deuterostome	nav	NC_049980.1:18603450-18662080+	gene-LOC118407736	LOC118407736	58292	22947	28	22947	GCF_000003815.2
Branchiostoma floridae	deuterostome	nachr	NC_049980.1:26369708-26507265+	gene-LOC118410044	LOC118410044	20337	6466	6	6738	GCF_000003815.2
Branchiostoma floridae	deuterostome	kca_sk	NC_049980.1:28786935-28825734+	gene-LOC118410354	LOC118410354	141176	64120	12	15120	GCF_000003815.2
Branchiostoma floridae	deuterostome	trpa	NC_049980.1:30727434-30788483+	gene-LOC118409155	LOC118409155	30185	10271	27	12781	GCF_000003815.2
Branchiostoma floridae	deuterostome	trpm	NC_049980.1:34647143-34715797+	gene-LOC118409225	LOC118409225	118080	49460	36	26568	GCF_000003815.2
Branchiostoma floridae	deuterostome	bestrophin	NC_049990.1:1397067-1408620+	gene-LOC118427799	LOC118427799	24933	11838	9	5850	GCF_000003815.2
Branchiostoma floridae	deuterostome	bestrophin	NC_049990.1:1428655-1529699+	gene-LOC118427923	LOC118427923	16536	5803	14	1659	GCF_000003815.2
Branchiostoma floridae	deuterostome	asic	NC_049990.1:22395407-22408393+	gene-LOC118427198	LOC118427198	71360	35114	12	5797	GCF_000003815.2
Branchiostoma floridae	deuterostome	asic	NW_023365716.1:283700-298715+	gene-LOC118407612	LOC118407612	10782	2040	12	7596	GCF_000003815.2
Branchiostoma floridae	deuterostome	trpn	NC_049980.1:2891238-2963939-	gene-LOC118410423	LOC118410423	73471	16264	31	16264	GCF_000003815.2
Branchiostoma floridae	deuterostome	catsper	NC_049980.1:3527063-3538766-	gene-LOC118409887	LOC118409887	15196	2264	15	2264	GCF_000003815.2
Branchiostoma floridae	deuterostome	k2p	NC_049980.1:12224073-12244205-	gene-LOC118404117	LOC118404117	22483	12797	7	18870	GCF_000003815.2
Branchiostoma floridae	deuterostome	k2p	NC_049980.1:27382135-27383191-	gene-LOC118409107	LOC118409107	4831	1756	3	195	GCF_000003815.2
Branchiostoma floridae	deuterostome	k2p	NC_049980.1:27384987-27385781-	gene-LOC118409107	LOC118409107	4831	1756	3	0	GCF_000003815.2
Branchiostoma floridae	deuterostome	asic	NC_049980.1:29148640-29156156-	gene-LOC118409465	LOC118409465	11097	1656	12	1671	GCF_000003815.2
Branchiostoma floridae	deuterostome	asic	NW_023365779.1:38557-149133-	gene-LOC118408435	LOC118408435	273733	256433	10	96876	GCF_000003815.2
Branchiostoma floridae	deuterostome	asic	NC_049994.1:13861490-13874203+	gene-LOC118432797	LOC118432797	30023	11046	11	2967	GCF_000003815.2
Branchiostoma floridae	deuterostome	asic	NC_049994.1:13898207-13911174+	gene-LOC118432798	LOC118432798	20562	3687	13	3687	GCF_000003815.2
Branchiostoma floridae	deuterostome	tmc	NC_049986.1:2926083-3061346+	gene-LOC118420432	LOC118420432	55008	17220	24	26550	GCF_000003815.2
Branchiostoma floridae	deuterostome	cav	NC_049986.1:9296468-9400731+	gene-LOC118421257	LOC118421257	128505	10814	56	10714	GCF_000003815.2
Branchiostoma floridae	deuterostome	k2p	NC_049996.1:15059787-15061624+	gene-LOC118406159	LOC118406159	3475	1503	5	402	GCF_000003815.2
Branchiostoma floridae	deuterostome	trpc	NC_049983.1:13170208-13173937+	gene-LOC118416198	LOC118416198	13950	10530	8	624	GCF_000003815.2
Branchiostoma floridae	deuterostome	trpc	NC_049983.1:13174836-13180855+	gene-LOC118416199	LOC118416199	4995	1545	9	1572	GCF_000003815.2
Branchiostoma floridae	deuterostome	itpr	NC_049983.1:20721551-20815974+	gene-LOC118415973	LOC118415973	97079	24645	71	24645	GCF_000003815.2
Branchiostoma floridae	deuterostome	cav	NC_049983.1:140413-347277-	gene-LOC118415799	LOC118415799	160687	36130	50	35505	GCF_000003815.2
Branchiostoma floridae	deuterostome	trpv	NC_049983.1:12246187-12253905-	gene-LOC118415807	LOC118415807	10283	1096	17	1096	GCF_000003815.2
Branchiostoma floridae	deuterostome	kv_shaker	NC_049983.1:18956202-19003307-	gene-LOC118415892	LOC118415892	54329	30610	7	30610	GCF_000003815.2
Branchiostoma floridae	deuterostome	kv_eag	NC_049988.1:3976637-4121682+	gene-LOC118424164	LOC118424164	109685	46444	16	46444	GCF_000003815.2
Branchiostoma floridae	deuterostome	nachr	NC_049988.1:23891813-23897838+	gene-LOC118425128	LOC118425128	8409	1151	11	1133	GCF_000003815.2
Branchiostoma floridae	deuterostome	nachr	NC_049988.1:23914086-23919510+	gene-LOC118424400	LOC118424400	23836	16273	6	1656	GCF_000003815.2
Branchiostoma floridae	deuterostome	trpc	NC_049990.1:20227819-20241119-	gene-LOC118427488	LOC118427488	37028	22843	20	1596	GCF_000003815.2
Branchiostoma floridae	deuterostome	k2p	NC_049979.1:7702958-7798271+	gene-LOC118415279	LOC118415279	5344	1580	6	1580	GCF_000003815.2
Branchiostoma floridae	deuterostome	otop	NC_049979.1:9501698-9503164+	gene-LOC118426388	LOC118426388	2527	390	3	0	GCF_000003815.2
Branchiostoma floridae	deuterostome	vdac	NC_049979.1:15320064-15324304+	gene-LOC118414836	LOC118414836	5680	799	7	799	GCF_000003815.2
Branchiostoma floridae	deuterostome	nachr	NC_049979.1:24359816-24362893+	gene-LOC118423507	LOC118423507	10023	4536	7	1076	GCF_000003815.2
Branchiostoma floridae	deuterostome	kv_shaker	NC_049979.1:24409155-24420131+	gene-LOC118417468	LOC118417468	4577	0	1	0	GCF_000003815.2
Branchiostoma floridae	deuterostome	kv_shaker	NC_049982.1:4718139-4719671-	gene-LOC118413061	LOC118413061	82001	250	2	0	GCF_000003815.2
Branchiostoma floridae	deuterostome	nachr	NC_049981.1:12216011-12218370-	gene-LOC118412047	LOC118412047	2142	422	3	463	GCF_000003815.2
Branchiostoma floridae	deuterostome	nachr	NC_049981.1:12221693-12233273-	gene-LOC118411691	LOC118411691	14026	4917	14	9162	GCF_000003815.2
Branchiostoma floridae	deuterostome	nachr	NC_049981.1:12398330-12427942-	gene-LOC118411694	LOC118411694	14271	5910	9	24822	GCF_000003815.2
Branchiostoma floridae	deuterostome	nachr	NC_049981.1:12429880-12434496-	gene-LOC118411291	LOC118411291	5320	818	9	818	GCF_000003815.2
Branchiostoma floridae	deuterostome	tmem175	NC_049981.1:17410220-17488395-	gene-LOC118411305	LOC118411305	9929	1247	19	70758	GCF_000003815.2
Branchiostoma floridae	deuterostome	vdac	NC_049981.1:20274120-20280026-	gene-LOC118411604	LOC118411604	8614	2058	10	1549	GCF_000003815.2
Branchiostoma floridae	deuterostome	trpp	NC_049981.1:25091482-25130458-	gene-LOC118411327	LOC118411327	24676	6742	17	6742	GCF_000003815.2
Branchiostoma floridae	deuterostome	kca_slo	NC_049981.1:26741343-26897777-	gene-LOC118411517	LOC118411517	42757	4624	29	46924	GCF_000003815.2
Branchiostoma floridae	deuterostome	gabaa	NC_049982.1:143251-174819+	gene-LOC118414627	LOC118414627	33399	15439	12	15439	GCF_000003815.2
Branchiostoma floridae	deuterostome	k2p	NC_049982.1:17043020-17045139+	gene-LOC118414303	LOC118414303	5670	785	2	785	GCF_000003815.2
Branchiostoma floridae	deuterostome	trpv	NC_049982.1:17206639-17216989+	gene-LOC118414293	LOC118414293	12005	1651	18	1651	GCF_000003815.2
Branchiostoma floridae	deuterostome	kv_kcnq	NC_049995.1:846684-898377-	gene-LOC118404938	LOC118404938	102714	45734	19	22795	GCF_000003815.2
Branchiostoma floridae	deuterostome	k2p	NC_049995.1:3253178-3254068-	gene-LOC118404096	LOC118404096	2040	0	1	0	GCF_000003815.2
Branchiostoma floridae	deuterostome	nav	NC_049995.1:10575116-10683209-	gene-LOC118404005	LOC118404005	179678	47951	29	8763	GCF_000003815.2
Branchiostoma floridae	deuterostome	nachr	NC_049995.1:13121819-13130243-	gene-LOC118404295	LOC118404295	11402	2927	8	2927	GCF_000003815.2
Branchiostoma floridae	deuterostome	k2p	NC_049995.1:17039261-17065877-	gene-LOC118404404	LOC118404404	16376	14515	3	14997	GCF_000003815.2
Branchiostoma floridae	deuterostome	k2p	NC_049995.1:17373338-17401757-	gene-LOC118404420	LOC118404420	1642	0	1	27403	GCF_000003815.2
Branchiostoma floridae	deuterostome	kir	NC_049991.1:11865571-11866651+	gene-LOC118428454	LOC118428454	54959	31712	4	0	GCF_000003815.2
Branchiostoma floridae	deuterostome	nmda	NC_049991.1:12864484-12991767+	gene-LOC118429781	LOC118429781	19540	5825	15	51037	GCF_000003815.2
Branchiostoma floridae	deuterostome	tmc	NC_049991.1:18806809-18903766+	gene-LOC118428895	LOC118428895	46887	18422	19	72871	GCF_000003815.2
Branchiostoma floridae	deuterostome	nmda	NC_049991.1:2110922-2189425-	gene-LOC118428376	LOC118428376	18467	4152	13	4152	GCF_000003815.2
Branchiostoma floridae	deuterostome	nmda	NC_049991.1:12937221-13057474-	gene-LOC118429477	LOC118429477	72835	35198	13	16015	GCF_000003815.2
Branchiostoma floridae	deuterostome	cav	NC_049991.1:13400183-13510087-	gene-LOC118429535	LOC118429535	111937	69252	39	69252	GCF_000003815.2
Branchiostoma floridae	deuterostome	k2p	NC_049991.1:18209663-18235254-	gene-LOC118428589	LOC118428589	6170	2867	5	16220	GCF_000003815.2
Branchiostoma floridae	deuterostome	tmc	NC_049991.1:18822387-18832430-	gene-LOC118429192	LOC118429192	17192	3033	19	1357	GCF_000003815.2
Branchiostoma floridae	deuterostome	piezo	NC_049984.1:20543677-20650565+	gene-LOC118417647	LOC118417647	119353	11903	58	11524	GCF_000003815.2
Branchiostoma floridae	deuterostome	orai	NC_049989.1:4653953-4729726+	gene-LOC118425456	LOC118425456	3032	702	3	702	GCF_000003815.2
Branchiostoma floridae	deuterostome	trpc	NC_049989.1:8341346-8345708+	gene-LOC118425539	LOC118425539	9734	2773	11	480	GCF_000003815.2
Branchiostoma floridae	deuterostome	trpc	NC_049989.1:8378289-8382618+	gene-LOC118425535	LOC118425535	30014	22904	11	986	GCF_000003815.2
Branchiostoma floridae	deuterostome	tpc	NC_049989.1:9539865-9562876+	gene-LOC118425979	LOC118425979	16561	1313	27	1169	GCF_000003815.2
Branchiostoma floridae	deuterostome	cng	NC_049989.1:10173996-10186961+	gene-LOC118426306	LOC118426306	17819	7197	13	7197	GCF_000003815.2
Branchiostoma floridae	deuterostome	catsper	NC_049981.1:8755300-8762480+	gene-LOC118411149	LOC118411149	8545	1820	8	1820	GCF_000003815.2
Branchiostoma floridae	deuterostome	nachr	NC_049981.1:12317370-12394983+	gene-LOC118412690	LOC118412690	6844	1843	7	1843	GCF_000003815.2
Branchiostoma floridae	deuterostome	mcu	NC_049981.1:28996323-29035796+	gene-LOC118412371	LOC118412371	37004	17337	8	6613	GCF_000003815.2
Branchiostoma floridae	deuterostome	osca_tmem63	NC_049979.1:5609036-5789247-	gene-LOC118403309	LOC118403309	37366	9170	26	9170	GCF_000003815.2
Branchiostoma floridae	deuterostome	k2p	NC_049979.1:6824965-6834758-	gene-LOC118428199	LOC118428199	1449	0	1	258	GCF_000003815.2
Branchiostoma floridae	deuterostome	k2p	NC_049979.1:7488591-7542952-	gene-LOC118419834	LOC118419834	61143	53099	2	53099	GCF_000003815.2
Branchiostoma floridae	deuterostome	ryr	NC_049979.1:27620451-27748013-	gene-LOC118419221	LOC118419221	129206	7972	132	7972	GCF_000003815.2
Branchiostoma floridae	deuterostome	kv_eag	NC_049979.1:28972781-29069438-	gene-LOC118428981	LOC118428981	98476	53428	16	53428	GCF_000003815.2
Branchiostoma floridae	deuterostome	clc_channel	NC_049992.1:8962494-9081923-	gene-LOC118430085	LOC118430085	42488	8075	28	10092	GCF_000003815.2
Branchiostoma floridae	deuterostome	trpm	NC_049994.1:14550109-14592884-	gene-LOC118432810	LOC118432810	28481	1489	35	1902	GCF_000003815.2
Branchiostoma floridae	deuterostome	nachr	NC_049995.1:13096353-13101253+	gene-LOC118405171	LOC118405171	10812	3769	6	1304	GCF_000003815.2
Branchiostoma floridae	deuterostome	kainate	NC_049987.1:3577219-3589528-	gene-LOC118422802	LOC118422802	16785	3021	14	1859	GCF_000003815.2
Branchiostoma floridae	deuterostome	kainate	NC_049987.1:3533607-3567737+	gene-LOC118423400	LOC118423400	37748	17022	18	17022	GCF_000003815.2
Branchiostoma floridae	deuterostome	nachr	NC_049987.1:4963214-5023051+	gene-LOC118423234	LOC118423234	63955	30247	9	37018	GCF_000003815.2
Branchiostoma floridae	deuterostome	nachr	NC_049993.1:10813831-10825719-	gene-LOC118431921	LOC118431921	28908	14535	7	4405	GCF_000003815.2
Branchiostoma floridae	deuterostome	trpml	NC_049993.1:11458162-11474360-	gene-LOC118432293	LOC118432293	13061	2188	16	2188	GCF_000003815.2
Branchiostoma floridae	deuterostome	trpm	NC_049993.1:15678872-15704083-	gene-LOC118432365	LOC118432365	21226	1948	26	9941	GCF_000003815.2
Branchiostoma floridae	deuterostome	nachr	NW_023365777.1:471138-475782-	gene-LOC118408403	LOC118408403	10374	5427	7	1047	GCF_000003815.2
Branchiostoma floridae	deuterostome	hv1	NC_049989.1:3316227-3371612-	gene-LOC118425733	LOC118425733	4821	745	5	524	GCF_000003815.2
Branchiostoma floridae	deuterostome	k2p	NC_049989.1:5148315-5149367-	gene-LOC118426428	LOC118426428	2077	0	1	162	GCF_000003815.2
Branchiostoma floridae	deuterostome	kir	NC_049989.1:5782197-5783285-	gene-LOC118426478	LOC118426478	2783	0	1	0	GCF_000003815.2
Branchiostoma floridae	deuterostome	kir	NC_049989.1:5789222-5790388-	gene-LOC118426070	LOC118426070	8085	3021	4	0	GCF_000003815.2
Branchiostoma floridae	deuterostome	p2x	NC_049989.1:13739249-13757447-	gene-LOC118426535	LOC118426535	16180	4097	13	1970	GCF_000003815.2
Branchiostoma floridae	deuterostome	kca_slo	NC_049986.1:6704489-6750149-	gene-LOC118421649	LOC118421649	151816	60495	34	11127	GCF_000003815.2
Branchiostoma floridae	deuterostome	tmc	NC_049986.1:7044112-7147959-	gene-LOC118421167	LOC118421167	17773	3005	23	39075	GCF_000003815.2
Branchiostoma floridae	deuterostome	gphr	r4_NC_049989.1:3239240-3267880+	gene-LOC118425714	LOC118425714	8096	1208	7	1208	GCF_000003815.2
Branchiostoma floridae	deuterostome	mitok	r4_NC_049983.1:17758931-17760294+	gene-LOC118415925	LOC118415925	3824	1039	3	389	GCF_000003815.2
Branchiostoma floridae	deuterostome	tmco1	r4_NC_049986.1:10405230-10408153+	gene-LOC118421504	LOC118421504	3835	832	7	832	GCF_000003815.2
Branchiostoma floridae	deuterostome	tmem87	r4_NC_049979.1:29306221-29373215-	gene-LOC118429075	LOC118429075	26619	10674	19	1792	GCF_000003815.2
Ciona intestinalis	deuterostome	trpv	HT000007.2:74643-76835-	gene-LOC100185532	LOC100185532	6671	3562	9	0	GCF_000224145.3
Ciona intestinalis	deuterostome	kv_kcnq	HT000007.2:6594901-6612738-	gene-kcnq4/5	kcnq4/5	23166	6038	18	1859	GCF_000224145.3
Ciona intestinalis	deuterostome	bestrophin	HT000007.2:6790816-6796508-	gene-LOC100175557	LOC100175557	7810	500	13	2606	GCF_000224145.3
Ciona intestinalis	deuterostome	trpc	HT000007.2:7260502-7267769-	gene-LOC100186522	LOC100186522	20579	11784	13	1120	GCF_000224145.3
Ciona intestinalis	deuterostome	trpc	HT000013.2:1009549-1020943-	gene-LOC100184758	LOC100184758	8124	955	13	7262	GCF_000224145.3
Ciona intestinalis	deuterostome	itpr	HT000013.2:4150398-4188624-	gene-LOC101243127	LOC101243127	38717	3652	58	2127	GCF_000224145.3
Ciona intestinalis	deuterostome	trpml	HT000013.2:3190126-3195486+	gene-LOC100184626	LOC100184626	6401	512	14	512	GCF_000224145.3
Ciona intestinalis	deuterostome	ano_scramblase	HT000013.2:4921480-4989354+	gene-LOC100182959	LOC100182959	12513	1278	22	716	GCF_000224145.3
Ciona intestinalis	deuterostome	trpc	HT000002.2:443506-452346+	gene-LOC100186220	LOC100186220	6210	543	12	5076	GCF_000224145.3
Ciona intestinalis	deuterostome	kir	HT000002.2:1622469-1692258+	gene-LOC100180789	LOC100180789	11912	5156	12	65478	GCF_000224145.3
Ciona intestinalis	deuterostome	ano_scramblase	HT000002.2:2360972-2449638+	gene-LOC100182108	LOC100182108	18033	1357	26	38264	GCF_000224145.3
Ciona intestinalis	deuterostome	nav	HT000002.2:4320800-4347184+	gene-LOC100177866	LOC100177866	28429	6583	32	6583	GCF_000224145.3
Ciona intestinalis	deuterostome	ano_scramblase	HT000008.2:3882588-3890146-	gene-LOC100181951	LOC100181951	8443	925	14	925	GCF_000224145.3
Ciona intestinalis	deuterostome	asic	HT000103.2:571384-574453+	gene-LOC100178154	LOC100178154	7185	469	12	412	GCF_000224145.3
Ciona intestinalis	deuterostome	trpa	HT000001.2:1126477-1144346-	gene-LOC108951065	LOC108951065	13775	1056	26	2139	GCF_000224145.3
Ciona intestinalis	deuterostome	kv_shaker	HT000001.2:1775159-1788038-	gene-LOC100185178	LOC100185178	25307	9117	7	8198	GCF_000224145.3
Ciona intestinalis	deuterostome	asic	HT000001.2:9611938-9629821-	gene-LOC100186738	LOC100186738	18506	9556	13	9556	GCF_000224145.3
Ciona intestinalis	deuterostome	k2p	HT000001.2:276666-364182+	gene-LOC101242484	LOC101242484	5302	807	6	83634	GCF_000224145.3
Ciona intestinalis	deuterostome	kca_slo	HT000001.2:2690112-2706532+	gene-LOC100181851	LOC100181851	22860	2888	30	1274	GCF_000224145.3
Ciona intestinalis	deuterostome	nachr	HT000001.2:4375568-4382820+	gene-nachr	nachr	11173	3184	14	2289	GCF_000224145.3
Ciona intestinalis	deuterostome	nav	HT000001.2:8567389-8625808+	gene-LOC104265353	LOC104265353	72000	28393	45	28393	GCF_000224145.3
Ciona intestinalis	deuterostome	kv_shaker	HT000001.2:9296022-9300255+	gene-LOC100185280	LOC100185280	14137	5380	11	1192	GCF_000224145.3
Ciona intestinalis	deuterostome	trpm	HT000010.2:2368116-2383086-	gene-LOC100178950	LOC100178950	20098	1104	38	1104	GCF_000224145.3
Ciona intestinalis	deuterostome	clc_channel	HT000010.2:3863827-3866274-	gene-LOC113474026	LOC113474026	3353	0	1	0	GCF_000224145.3
Ciona intestinalis	deuterostome	gabaa	HT000014.2:2697574-2713301-	gene-LOC100183705	LOC100183705	8006	1049	13	808	GCF_000224145.3
Ciona intestinalis	deuterostome	trpp	HT000014.2:2723826-2778186-	gene-LOC100184544	LOC100184544	18165	2184	22	1301	GCF_000224145.3
Ciona intestinalis	deuterostome	nav	HT000014.2:4059705-4081261-	gene-LOC100180733	LOC100180733	28479	5226	42	1490	GCF_000224145.3
Ciona intestinalis	deuterostome	nalcn	HT000008.2:5606980-5741671+	gene-LOC100175593	LOC100175593	31601	12075	40	90840	GCF_000224145.3
Ciona intestinalis	deuterostome	tmc	HT000014.2:1412378-1419068+	gene-LOC100183991	LOC100183991	11871	3449	22	670	GCF_000224145.3
Ciona intestinalis	deuterostome	gabaa	HT000014.2:2655769-2717670+	gene-LOC100186062	LOC100186062	11539	2363	11	50940	GCF_000224145.3
Ciona intestinalis	deuterostome	connexin	HT000014.2:5266829-5268813+	gene-LOC100177929	LOC100177929	1137	188	3	600	GCF_000224145.3
Ciona intestinalis	deuterostome	tmc	HT000012.2:3997803-4004396+	gene-LOC100183865	LOC100183865	11630	1237	22	1035	GCF_000224145.3
Ciona intestinalis	deuterostome	tmc	HT000006.2:76130-182790-	gene-LOC100182605	LOC100182605	16018	957	30	94739	GCF_000224145.3
Ciona intestinalis	deuterostome	kca_slo	HT000006.2:331495-438520-	gene-LOC100179948	LOC100179948	20606	3037	31	63963	GCF_000224145.3
Ciona intestinalis	deuterostome	connexin	HT000009.2:5272746-5275945-	gene-LOC100185214	LOC100185214	5225	743	6	1371	GCF_000224145.3
Ciona intestinalis	deuterostome	tpc	HT000002.2:1609253-1611655-	gene-LOC100176107	LOC100176107	3087	0	1	0	GCF_000224145.3
Ciona intestinalis	deuterostome	k2p	HT000002.2:3295482-3322143-	gene-LOC100187460	LOC100187460	4884	1812	7	23225	GCF_000224145.3
Ciona intestinalis	deuterostome	connexin	HT000009.2:570413-573005+	gene-LOC100181290	LOC100181290	2963	563	6	1014	GCF_000224145.3
Ciona intestinalis	deuterostome	cav	HT000009.2:2082360-2134736+	gene-LOC100184376	LOC100184376	29104	9489	41	1188	GCF_000224145.3
Ciona intestinalis	deuterostome	connexin	HT000009.2:5174996-5179464+	gene-LOC100182440	LOC100182440	5937	1948	7	1948	GCF_000224145.3
Ciona intestinalis	deuterostome	catsper	HT001065.1:40195-45127-	gene-LOC100177142	LOC100177142	5853	501	13	831	GCF_000224145.3
Ciona intestinalis	deuterostome	cav	HT000005.2:899285-924156+	gene-LOC100184382	LOC100184382	37496	7113	47	2902	GCF_000224145.3
Ciona intestinalis	deuterostome	cav	HT000011.2:1427108-1448666-	gene-LOC100175809	LOC100175809	38700	9878	48	3047	GCF_000224145.3
Ciona intestinalis	deuterostome	connexin	HT000012.2:218746-222733-	gene-LOC100181149	LOC100181149	5816	620	10	1989	GCF_000224145.3
Ciona intestinalis	deuterostome	trpn	HT000012.2:4294893-4318182-	gene-LOC100176746	LOC100176746	10559	1257	18	9099	GCF_000224145.3
Ciona intestinalis	deuterostome	piezo	HT000012.2:5256279-5295291-	gene-LOC100181562	LOC100181562	39708	3118	56	4619	GCF_000224145.3
Ciona intestinalis	deuterostome	clic	HT000004.2:5093021-5116044+	gene-LOC100179685	LOC100179685	11977	6138	7	5440	GCF_000224145.3
Ciona intestinalis	deuterostome	cng	HT000007.2:2432329-2436813+	gene-LOC100178301	LOC100178301	7347	1667	13	515	GCF_000224145.3
Ciona intestinalis	deuterostome	trpc	HT000007.2:3521327-3539299+	gene-LOC100181636	LOC100181636	10509	1908	18	1908	GCF_000224145.3
Ciona intestinalis	deuterostome	kv_eag	HT000003.2:696-104867-	gene-LOC100181038	LOC100181038	15203	2298	26	1728	GCF_000224145.3
Ciona intestinalis	deuterostome	kv_shaker	HT000003.2:470219-481002-	gene-LOC100178775	LOC100178775	11646	4027	7	1632	GCF_000224145.3
Ciona intestinalis	deuterostome	kir	HT000003.2:1711675-1719677-	gene-LOC100175040	LOC100175040	16430	3768	13	2456	GCF_000224145.3
Ciona intestinalis	deuterostome	connexin	HT000003.2:4828589-4831055-	gene-LOC100180595	LOC100180595	15344	8135	12	679	GCF_000224145.3
Ciona intestinalis	deuterostome	cng	HT000125.1:60032-61336+	gene-LOC100180426	LOC100180426	2596	241	2	0	GCF_000224145.3
Ciona intestinalis	deuterostome	ryr	HT000003.2:1778006-1842712+	gene-LOC100178148	LOC100178148	63745	1379	113	1379	GCF_000224145.3
Ciona intestinalis	deuterostome	trpm	HT000003.2:3401947-3424015+	gene-LOC100182201	LOC100182201	23362	14875	22	633	GCF_000224145.3
Ciona intestinalis	deuterostome	connexin	HT000003.2:3855683-3956000+	gene-LOC100183413	LOC100183413	7985	3326	10	95798	GCF_000224145.3
Ciona intestinalis	deuterostome	connexin	HT000068.2:69537-73007+	gene-LOC101242246	LOC101242246	4536	697	6	1795	GCF_000224145.3
Ciona intestinalis	deuterostome	connexin	HT000068.2:75754-79134+	gene-LOC100184800	LOC100184800	5352	516	6	1888	GCF_000224145.3
Ciona intestinalis	deuterostome	connexin	HT001148.1:16254-22799+	gene-LOC100175269	LOC100175269	6931	3272	7	2664	GCF_000224145.3
Ciona intestinalis	deuterostome	connexin	HT001081.1:1575-9315+	gene-LOC100175261	LOC100175261	8265	2539	7	3851	GCF_000224145.3
Ciona intestinalis	deuterostome	hcn	HT000184.2:550023-721754-	gene-LOC100181944	LOC100181944	5637	697	10	75465	GCF_000224145.3
Ciona intestinalis	deuterostome	trpv	HT000006.2:3022168-3032671+	gene-LOC100183328	LOC100183328	12082	1072	18	1072	GCF_000224145.3
Ciona intestinalis	deuterostome	nachr	HT000135.1:10943-18998+	gene-nachr-5	nachr	3117	314	9	314	GCF_000224145.3
Ciona intestinalis	deuterostome	hv1	HT000174.2:44280-45891-	gene-hvcn1	hvcn1	3151	734	6	616	GCF_000224145.3
Ciona intestinalis	deuterostome	k2p	HT000011.2:550470-555003+	gene-LOC100183963	LOC100183963	7630	2582	6	1483	GCF_000224145.3
Ciona intestinalis	deuterostome	kca_sk	HT000174.2:158361-245494+	gene-LOC100181189	LOC100181189	17227	5079	12	22848	GCF_000224145.3
Ciona intestinalis	deuterostome	k2p	HT000177.2:39452-45024+	gene-LOC100184205	LOC100184205	8083	2102	8	2102	GCF_000224145.3
Ciona intestinalis	deuterostome	kir	HT000261.1:2643-11722-	gene-LOC100180954	LOC100180954	10208	3053	8	3053	GCF_000224145.3
Ciona intestinalis	deuterostome	kv_kcnq	HT001056.1:17463-21996+	gene-kcnq1	kcnq1	6695	970	15	553	GCF_000224145.3
Ciona intestinalis	deuterostome	mcu	HT000141.2:2734-12287-	gene-LOC100175007	LOC100175007	11593	3495	8	3495	GCF_000224145.3
Ciona intestinalis	deuterostome	nachr	HT000143.2:13292-18166+	gene-nachr-8	nachr	5477	1031	11	1031	GCF_000224145.3
Ciona intestinalis	deuterostome	nachr	HT000179.2:3325-22534-	gene-nachr-9	nachr	20254	10257	11	10257	GCF_000224145.3
Ciona intestinalis	deuterostome	nav	HT000010.2:3587395-3614098+	gene-LOC100185046	LOC100185046	25176	3967	34	1522	GCF_000224145.3
Ciona intestinalis	deuterostome	orai	HT000004.2:3302278-3458514-	gene-LOC100180182	LOC100180182	5167	950	8	79401	GCF_000224145.3
Ciona intestinalis	deuterostome	trpa	HT000030.2:46809-170428-	gene-LOC100182418	LOC100182418	30870	8774	26	8774	GCF_000224145.3
Ciona intestinalis	deuterostome	trpa	HT000063.1:60673-67853+	gene-LOC494386	LOC494386	4381	402	10	762	GCF_000224145.3
Ciona intestinalis	deuterostome	vdac	HT001098.1:20078-23322-	gene-LOC100184654	LOC100184654	3800	568	8	568	GCF_000224145.3
Ciona intestinalis	deuterostome	tmem87	r4_HT000014.2:682261-684177-	gene-LOC100176466	LOC100176466	2847	0	1	0	GCF_000224145.3
Ciona intestinalis	deuterostome	gphr	r4_HT000005.2:1226492-1227891+	gene-LOC100187369	LOC100187369	7958	630	13	0	GCF_000224145.3
Ciona intestinalis	deuterostome	tmco1	r4_HT000005.2:1532544-1543891-	gene-LOC100178158	LOC100178158	2705	544	5	544	GCF_000224145.3
Petromyzon marinus	vertebrate	nmda	NC_133669.1:2932176-3469794+	gene-LOC116951640	LOC116951640	72376	17207	14	179929	GCF_048934315.1
Petromyzon marinus	vertebrate	ampa	NC_133669.1:10242718-10281076+	gene-LOC116953367	LOC116953367	58832	14489	18	12259	GCF_048934315.1
Petromyzon marinus	vertebrate	bestrophin	NC_133669.1:17064204-17876657+	gene-LOC116955765	LOC116955765	22864	10148	11	458938	GCF_048934315.1
Petromyzon marinus	vertebrate	tweety	NC_133669.1:24759398-25627328+	gene-LOC116957883	LOC116957883	143534	30381	16	30381	GCF_048934315.1
Petromyzon marinus	vertebrate	kv_shaker	NC_133669.1:6335645-6390617-	gene-LOC116952651	LOC116952651	4822	0	1	180	GCF_048934315.1
Petromyzon marinus	vertebrate	kv_shaker	NC_133669.1:6443675-6591235-	gene-LOC116952634	LOC116952634	37548	6676	3	0	GCF_048934315.1
Petromyzon marinus	vertebrate	cng	NC_133669.1:9685434-10788931-	gene-LOC116953379	LOC116953379	22060	2077	15	331488	GCF_048934315.1
Petromyzon marinus	vertebrate	kir	NC_133669.1:13261473-13262774-	gene-LOC116954096	LOC116954096	6377	2113	3	0	GCF_048934315.1
Petromyzon marinus	vertebrate	ampa	NC_133669.1:15283602-15777766-	gene-LOC116955148	LOC116955148	80821	31156	18	9607	GCF_048934315.1
Petromyzon marinus	vertebrate	gabaa	NC_133682.1:132815-166531+	gene-LOC116943055	LOC116943055	14243	2666	9	23525	GCF_048934315.1
Petromyzon marinus	vertebrate	nachr	NC_133682.1:1047298-1051258+	gene-LOC116943031	LOC116943031	9070	834	7	766	GCF_048934315.1
Petromyzon marinus	vertebrate	trpc	NC_133682.1:9250132-9797054+	gene-TRPC4	TRPC4	76439	30480	13	285337	GCF_048934315.1
Petromyzon marinus	vertebrate	ampa	NC_133682.1:13552687-14228935+	gene-LOC116942823	LOC116942823	217349	109044	16	109044	GCF_048934315.1
Petromyzon marinus	vertebrate	ampa	NC_133742.1:966744-1944501-	gene-LOC116937868	LOC116937868	77997	14124	15	14124	GCF_048934315.1
Petromyzon marinus	vertebrate	kv_shaker	NC_133731.1:4356830-4962210+	gene-LOC116956446	LOC116956446	22002	17845	2	221962	GCF_048934315.1
Petromyzon marinus	vertebrate	ano_channel	NC_133731.1:7612921-8413662+	gene-LOC116956436	LOC116956436	177592	72676	29	465792	GCF_048934315.1
Petromyzon marinus	vertebrate	ano_channel	NC_133687.1:15015906-15429835-	gene-LOC116944545	LOC116944545	74306	19932	26	210660	GCF_048934315.1
Petromyzon marinus	vertebrate	ano_channel	NC_133673.1:371687-584767-	gene-LOC116939820	LOC116939820	68017	11186	26	11186	GCF_048934315.1
Petromyzon marinus	vertebrate	ano_scramblase	NC_133690.1:13135994-13564183-	gene-ANO4	ANO4	164666	53158	27	11271	GCF_048934315.1
Petromyzon marinus	vertebrate	ano_scramblase	NC_133706.1:5966142-6048970-	gene-ANO8	ANO8	67687	26238	17	4360	GCF_048934315.1
Petromyzon marinus	vertebrate	nmda	NC_133703.1:22891376-23911632+	gene-LOC116949578	LOC116949578	123420	23617	12	133205	GCF_048934315.1
Petromyzon marinus	vertebrate	nachr	NC_133691.1:9532066-9903466-	gene-LOC116945871	LOC116945871	8488	3451	7	367217	GCF_048934315.1
Petromyzon marinus	vertebrate	ano_scramblase	NC_133691.1:16395540-16418342-	gene-LOC142929094	LOC142929094	56871	41209	13	4717	GCF_048934315.1
Petromyzon marinus	vertebrate	k2p	NC_133683.1:13518459-13529843+	gene-LOC116943315	LOC116943315	16909	3598	5	3598	GCF_048934315.1
Petromyzon marinus	vertebrate	k2p	NC_133683.1:19158190-19170809+	gene-LOC116943209	LOC116943209	20600	11333	3	11333	GCF_048934315.1
Petromyzon marinus	vertebrate	kv_modifier	NC_133691.1:2653252-2658746+	gene-KCNG2	KCNG2	26858	4647	3	3959	GCF_048934315.1
Petromyzon marinus	vertebrate	kv_kcnq	NC_133681.1:4324561-5238663+	gene-LOC116942603	LOC116942603	133272	101551	13	208554	GCF_048934315.1
Petromyzon marinus	vertebrate	kv_eag	NC_133683.1:17315486-17917849-	gene-KCNH1	KCNH1	146622	25337	11	276601	GCF_048934315.1
Petromyzon marinus	vertebrate	pannexin	NC_133730.1:2879903-2900699+	gene-LOC116956353	LOC116956353	40155	13665	8	12719	GCF_048934315.1
Petromyzon marinus	vertebrate	ano_scramblase	NC_133730.1:13039379-13073424+	gene-LOC142906379	LOC142906379	15574	1391	14	14134	GCF_048934315.1
Petromyzon marinus	vertebrate	ano_scramblase	NC_133730.1:14051931-14086001+	gene-LOC142906381	LOC142906381	15574	1391	14	14159	GCF_048934315.1
Petromyzon marinus	vertebrate	ano_scramblase	NC_133730.1:14364456-14396411+	gene-LOC142906385	LOC142906385	15586	1391	14	12046	GCF_048934315.1
Petromyzon marinus	vertebrate	trpn	NC_133681.1:9044695-9321737-	gene-LOC116942644	LOC116942644	100828	16959	28	16959	GCF_048934315.1
Petromyzon marinus	vertebrate	tweety	NC_133703.1:17182474-17521613-	gene-LOC116949658	LOC116949658	27873	11877	16	11877	GCF_048934315.1
Petromyzon marinus	vertebrate	ano_scramblase	NC_133705.1:12117964-12165307-	gene-ANO7	ANO7	58288	5968	23	5968	GCF_048934315.1
Petromyzon marinus	vertebrate	ano_scramblase	NC_133694.1:7301345-8131316+	gene-LOC116946978	LOC116946978	42661	6945	23	6945	GCF_048934315.1
Petromyzon marinus	vertebrate	k2p	NC_133672.1:1921679-2261609-	gene-LOC116939679	LOC116939679	12627	9652	3	9652	GCF_048934315.1
Petromyzon marinus	vertebrate	ryr	NC_133672.1:5707428-6090775-	gene-LOC116939631	LOC116939631	332153	35542	106	35542	GCF_048934315.1
Petromyzon marinus	vertebrate	k2p	NC_133672.1:16989938-17004566-	gene-LOC116939387	LOC116939387	24523	8245	8	8245	GCF_048934315.1
Petromyzon marinus	vertebrate	ano_scramblase	NC_133672.1:17752026-18289382-	gene-LOC116939346	LOC116939346	48095	14661	21	8395	GCF_048934315.1
Petromyzon marinus	vertebrate	kir	NC_133687.1:7196810-7601975+	gene-LOC116944443	LOC116944443	16981	7527	6	264164	GCF_048934315.1
Petromyzon marinus	vertebrate	kv_shaker	NC_133687.1:15085083-15480704+	gene-LOC116944547	LOC116944547	50421	35978	2	151502	GCF_048934315.1
Petromyzon marinus	vertebrate	ano_scramblase	NC_133720.1:966134-974631+	gene-ANO10	ANO10	22260	5701	15	1235	GCF_048934315.1
Petromyzon marinus	vertebrate	kir	NC_133676.1:3557191-4207969+	gene-LOC116941083	LOC116941083	13869	3456	3	496323	GCF_048934315.1
Petromyzon marinus	vertebrate	asic	NC_133676.1:7713623-8101815+	gene-LOC116940995	LOC116940995	215036	162292	11	162292	GCF_048934315.1
Petromyzon marinus	vertebrate	asic	NC_133670.1:14841114-15784760-	gene-LOC116938640	LOC116938640	276037	174469	11	174469	GCF_048934315.1
Petromyzon marinus	vertebrate	kir	NC_133668.1:3246866-3260191+	gene-LOC116949434	LOC116949434	17603	7798	3	7798	GCF_048934315.1
Petromyzon marinus	vertebrate	nav	NC_133668.1:5585035-6357471+	gene-LOC116948895	LOC116948895	60497	7985	27	7985	GCF_048934315.1
Petromyzon marinus	vertebrate	asic	NC_133668.1:11539550-12058254+	gene-LOC116947419	LOC116947419	134938	95626	11	95626	GCF_048934315.1
Petromyzon marinus	vertebrate	cav	NC_133702.1:6092796-7410879+	gene-LOC116949353	LOC116949353	226318	78544	49	78544	GCF_048934315.1
Petromyzon marinus	vertebrate	nav	NC_133685.1:3474613-3979655+	gene-LOC103091816	LOC103091816	60796	8802	24	8802	GCF_048934315.1
Petromyzon marinus	vertebrate	tmc	NC_133685.1:5967778-6987387+	gene-LOC116943737	LOC116943737	43604	5735	20	50448	GCF_048934315.1
Petromyzon marinus	vertebrate	trpm	NC_133670.1:1115388-1823037+	gene-TRPM2	TRPM2	64683	18030	24	282170	GCF_048934315.1
Petromyzon marinus	vertebrate	p2x	NC_133670.1:4698110-4884251+	gene-LOC116938822	LOC116938822	22733	3850	10	4867	GCF_048934315.1
Petromyzon marinus	vertebrate	nav	NC_133670.1:12959747-13559168+	gene-LOC116938683	LOC116938683	92089	8010	29	7076	GCF_048934315.1
Petromyzon marinus	vertebrate	kir	NC_133670.1:14897183-15335444+	gene-LOC116938644	LOC116938644	20071	6755	3	423476	GCF_048934315.1
Petromyzon marinus	vertebrate	kv_eag	NC_133670.1:18682121-19257024+	gene-LOC116938546	LOC116938546	173928	123185	17	123185	GCF_048934315.1
Petromyzon marinus	vertebrate	nav	NC_133676.1:11351008-12286010-	gene-LOC116940894	LOC116940894	75561	7012	28	7012	GCF_048934315.1
Petromyzon marinus	vertebrate	p2x	NC_133676.1:17692239-17965447-	gene-LOC116940805	LOC116940805	30289	6081	12	6081	GCF_048934315.1
Petromyzon marinus	vertebrate	itpr	NC_133714.1:6489574-7209847+	gene-LOC116952798	LOC116952798	275732	55006	58	55006	GCF_048934315.1
Petromyzon marinus	vertebrate	cftr	NC_133708.1:6390922-6431223+	gene-CFTR	CFTR	66103	13604	29	11405	GCF_048934315.1
Petromyzon marinus	vertebrate	itpr	NC_133708.1:13310471-13654853+	gene-LOC116951169	LOC116951169	135410	47829	58	48798	GCF_048934315.1
Petromyzon marinus	vertebrate	cav	NC_133680.1:100224-681278-	gene-LOC116942266	LOC116942266	217346	76985	50	76985	GCF_048934315.1
Petromyzon marinus	vertebrate	kca_slo	NC_133688.1:9289276-10284024+	gene-LOC116945031	LOC116945031	169998	26744	29	160461	GCF_048934315.1
Petromyzon marinus	vertebrate	clic	NC_133688.1:14687065-14716019+	gene-LOC116944961	LOC116944961	29323	13090	6	13090	GCF_048934315.1
Petromyzon marinus	vertebrate	kca_slo	NC_133688.1:21582282-21618515+	gene-LOC116945064	LOC116945064	62057	24404	31	13909	GCF_048934315.1
Petromyzon marinus	vertebrate	tmc	NC_133709.1:4685093-5027381+	gene-LOC116951493	LOC116951493	57170	22103	22	330802	GCF_048934315.1
Petromyzon marinus	vertebrate	nmda	NC_133724.1:2566080-4016851-	gene-LOC116955187	LOC116955187	83467	26892	12	109753	GCF_048934315.1
Petromyzon marinus	vertebrate	kv_modifier	NC_133711.1:4094721-4112933-	gene-LOC116952061	LOC116952061	43391	16965	5	11710	GCF_048934315.1
Petromyzon marinus	vertebrate	connexin	NC_133728.1:937063-1449920-	gene-LOC116955947	LOC116955947	36767	10900	7	473195	GCF_048934315.1
Petromyzon marinus	vertebrate	nmda	NC_133740.1:9129227-9815657+	gene-GRIN1	GRIN1	87250	21736	23	458567	GCF_048934315.1
Petromyzon marinus	vertebrate	lrrc8	NC_133740.1:10243520-10282913-	gene-LOC116958216	LOC116958216	52875	29516	10	29516	GCF_048934315.1
Petromyzon marinus	vertebrate	kca_sk	NC_133667.1:3368331-4265999-	gene-LOC116940030	LOC116940030	191632	23843	8	186246	GCF_048934315.1
Petromyzon marinus	vertebrate	orai	NC_133667.1:9031738-9509316-	gene-LOC116944003	LOC116944003	18025	2786	5	2786	GCF_048934315.1
Petromyzon marinus	vertebrate	nachr	NC_133667.1:34165389-34257494-	gene-LOC116940454	LOC116940454	20577	8261	6	5534	GCF_048934315.1
Petromyzon marinus	vertebrate	nachr	NC_133667.1:34285792-34690489-	gene-LOC116940468	LOC116940468	46838	34632	6	6125	GCF_048934315.1
Petromyzon marinus	vertebrate	ryr	NC_133719.1:6658552-6995165-	gene-LOC116953891	LOC116953891	321447	25305	109	25305	GCF_048934315.1
Petromyzon marinus	vertebrate	trpv	NC_133694.1:12516649-12804740-	gene-LOC116947033	LOC116947033	70891	47207	15	3891	GCF_048934315.1
Petromyzon marinus	vertebrate	k2p	NC_133693.1:3469070-3475786+	gene-KCNK9	KCNK9	11186	5253	2	5253	GCF_048934315.1
Petromyzon marinus	vertebrate	kv_kcnq	NC_133693.1:7380114-8085242+	gene-LOC116946571	LOC116946571	80800	30650	13	30650	GCF_048934315.1
Petromyzon marinus	vertebrate	kca_sk	NC_133723.1:7108050-7601019-	gene-LOC116954943	LOC116954943	53782	15131	10	53972	GCF_048934315.1
Petromyzon marinus	vertebrate	delta_glur	NC_133674.1:5937531-6149171-	gene-LOC116940164	LOC116940164	219091	118335	18	98562	GCF_048934315.1
Petromyzon marinus	vertebrate	vdac	NC_133674.1:8930748-9153034-	gene-LOC116940199	LOC116940199	14778	4885	9	4885	GCF_048934315.1
Petromyzon marinus	vertebrate	kv_shaker	NC_133674.1:9381726-9386601-	gene-LOC116940212	LOC116940212	6466	1888	3	1888	GCF_048934315.1
Petromyzon marinus	vertebrate	trpp	NC_133674.1:13178939-14110707-	gene-LOC116940247	LOC116940247	25009	3130	16	214342	GCF_048934315.1
Petromyzon marinus	vertebrate	tpc	NC_133746.1:7385720-8002904+	gene-LOC116958596	LOC116958596	111086	10427	27	368041	GCF_048934315.1
Petromyzon marinus	vertebrate	kv_shaker	NC_133746.1:11315674-11317125+	gene-LOC116958663	LOC116958663	1808	0	1	0	GCF_048934315.1
Petromyzon marinus	vertebrate	trpa	NC_133689.1:5333759-6030153+	gene-TRPA1	TRPA1	38785	4164	25	71483	GCF_048934315.1
Petromyzon marinus	vertebrate	kv_kcnq	NC_133689.1:11203151-11813555+	gene-LOC103091813	LOC103091813	177191	70488	13	216932	GCF_048934315.1
Petromyzon marinus	vertebrate	cav	NC_133725.1:89266-1423418+	gene-LOC116955429	LOC116955429	164574	16218	52	154819	GCF_048934315.1
Petromyzon marinus	vertebrate	kv_shaker	NC_133690.1:15118841-15120277+	gene-LOC116945592	LOC116945592	8739	2936	2	0	GCF_048934315.1
Petromyzon marinus	vertebrate	trpm	NC_133690.1:16938356-17262485+	gene-LOC116945634	LOC116945634	55221	18214	27	4744	GCF_048934315.1
Petromyzon marinus	vertebrate	nachr	NC_133693.1:3488708-3966771-	gene-LOC116946626	LOC116946626	20612	5427	7	5427	GCF_048934315.1
Petromyzon marinus	vertebrate	calhm	NC_133693.1:13588769-13596379-	gene-LOC116946521	LOC116946521	12451	3916	3	3916	GCF_048934315.1
Petromyzon marinus	vertebrate	calhm	NC_133706.1:5114059-5123020+	gene-LOC116950752	LOC116950752	11570	4668	4	4668	GCF_048934315.1
Petromyzon marinus	vertebrate	cav	NC_133688.1:20464494-21259300-	gene-LOC116945068	LOC116945068	92737	7808	51	102979	GCF_048934315.1
Petromyzon marinus	vertebrate	cav	NC_133714.1:7197573-8447474-	gene-LOC116952741	LOC116952741	71486	10463	43	192070	GCF_048934315.1
Petromyzon marinus	vertebrate	cav	NC_133716.1:7683627-8369688+	gene-LOC103091713	LOC103091713	187684	36360	51	268152	GCF_048934315.1
Petromyzon marinus	vertebrate	cav	NC_133671.1:2912694-3432458-	gene-LOC116938948	LOC116938948	217121	50599	52	129097	GCF_048934315.1
Petromyzon marinus	vertebrate	kv_shaker	NC_133671.1:9346955-9629661-	gene-LOC116939032	LOC116939032	20281	16059	3	174740	GCF_048934315.1
Petromyzon marinus	vertebrate	kv_shaker	NC_133671.1:9664365-9665840-	gene-LOC116939033	LOC116939033	28713	11590	5	0	GCF_048934315.1
Petromyzon marinus	vertebrate	hv1	NC_133671.1:18786802-18881147-	gene-HVCN1	HVCN1	13727	8189	6	90366	GCF_048934315.1
Petromyzon marinus	vertebrate	p2x	NC_133671.1:20614528-21354470-	gene-LOC116939228	LOC116939228	23884	7741	12	7741	GCF_048934315.1
Petromyzon marinus	vertebrate	p2x	NC_133671.1:22948499-22963196-	gene-LOC116939245	LOC116939245	9890	2428	11	2428	GCF_048934315.1
Petromyzon marinus	vertebrate	itpr	NC_133696.1:3935896-4332052-	gene-LOC116947491	LOC116947491	144953	10970	59	10904	GCF_048934315.1
Petromyzon marinus	vertebrate	cav	NC_133696.1:7677136-8696110-	gene-LOC116947543	LOC116947543	88725	14173	43	452153	GCF_048934315.1
Petromyzon marinus	vertebrate	cav	NC_133724.1:8864099-9360580+	gene-LOC116955176	LOC116955176	269045	66903	42	77504	GCF_048934315.1
Petromyzon marinus	vertebrate	cav	NC_133709.1:165362-228520-	gene-LOC116951347	LOC116951347	47929	10430	43	17435	GCF_048934315.1
Petromyzon marinus	vertebrate	nachr	NC_133709.1:7922410-8357491-	gene-LOC116951414	LOC116951414	15316	5875	7	2251	GCF_048934315.1
Petromyzon marinus	vertebrate	kir	NC_133692.1:6898691-7531594-	gene-LOC116946221	LOC116946221	12677	4866	2	193278	GCF_048934315.1
Petromyzon marinus	vertebrate	cav	NC_133692.1:9413163-10442140-	gene-LOC116946253	LOC116946253	363323	123691	36	263084	GCF_048934315.1
Petromyzon marinus	vertebrate	enac	NC_133692.1:11756989-11767402-	gene-SCNN1B	SCNN1B	23189	12452	13	2261	GCF_048934315.1
Petromyzon marinus	vertebrate	nmda	NC_133692.1:11779763-12790556-	gene-LOC116946279	LOC116946279	287976	69666	14	267748	GCF_048934315.1
Petromyzon marinus	vertebrate	enac	NC_133705.1:16661924-16668777+	gene-LOC116950444	LOC116950444	21085	7453	15	1081	GCF_048934315.1
Petromyzon marinus	vertebrate	clc_channel	NC_133705.1:17448838-17787798+	gene-LOC116950414	LOC116950414	97676	58958	26	38528	GCF_048934315.1
Petromyzon marinus	vertebrate	osca_tmem63	NC_133699.1:220847-670796-	gene-LOC142929706	LOC142929706	42933	9713	23	324448	GCF_048934315.1
Petromyzon marinus	vertebrate	osca_tmem63	NC_133699.1:867238-1143429-	gene-LOC116948271	LOC116948271	49032	9570	23	7902	GCF_048934315.1
Petromyzon marinus	vertebrate	k2p	NC_133699.1:2370967-2377428-	gene-LOC116948302	LOC116948302	10761	5114	3	5114	GCF_048934315.1
Petromyzon marinus	vertebrate	k2p	NC_133699.1:5455963-6185630-	gene-LOC116948358	LOC116948358	26487	7944	7	214654	GCF_048934315.1
Petromyzon marinus	vertebrate	kv_eag	NC_133699.1:9401595-9913098-	gene-LOC116948435	LOC116948435	22194	5905	11	308787	GCF_048934315.1
Petromyzon marinus	vertebrate	k2p	NC_133699.1:10766124-10773658-	gene-LOC116948450	LOC116948450	10699	3819	5	3819	GCF_048934315.1
Petromyzon marinus	vertebrate	clic	NC_133715.1:3012292-3813500-	gene-LOC116953033	LOC116953033	79856	54579	6	18254	GCF_048934315.1
Petromyzon marinus	vertebrate	kainate	NC_133715.1:5403879-5985116-	gene-LOC116952928	LOC116952928	99468	21258	20	255122	GCF_048934315.1
Petromyzon marinus	vertebrate	cng	NW_027422619.1:268740-997868-	gene-LOC116958330	LOC116958330	76793	20292	12	18802	GCF_048934315.1
Petromyzon marinus	vertebrate	gabaa	NC_133727.1:546551-556241+	gene-LOC116955690	LOC116955690	20267	8014	10	2548	GCF_048934315.1
Petromyzon marinus	vertebrate	gabaa	NC_133727.1:660695-687906+	gene-LOC116955715	LOC116955715	37664	12027	9	12027	GCF_048934315.1
Petromyzon marinus	vertebrate	cng	NC_133727.1:11856128-11867633+	gene-LOC116955771	LOC116955771	73418	58804	8	4104	GCF_048934315.1
Petromyzon marinus	vertebrate	kv_eag	NC_133722.1:6904135-7369538-	gene-LOC116954674	LOC116954674	86981	20118	18	436842	GCF_048934315.1
Petromyzon marinus	vertebrate	nav	NC_133722.1:10404407-11028585-	gene-LOC116954695	LOC116954695	89615	36063	30	8996	GCF_048934315.1
Petromyzon marinus	vertebrate	cng	NC_133702.1:152888-159914-	gene-LOC116949477	LOC116949477	13753	4157	2	4157	GCF_048934315.1
Petromyzon marinus	vertebrate	k2p	NC_133699.1:5514066-5539206+	gene-LOC116948351	LOC116948351	28336	22888	2	22888	GCF_048934315.1
Petromyzon marinus	vertebrate	connexin	NC_133699.1:14241369-14243356+	gene-LOC116948513	LOC116948513	9027	1013	2	1013	GCF_048934315.1
Petromyzon marinus	vertebrate	connexin	NC_133668.1:908086-908963-	gene-LOC116950290	LOC116950290	11373	4067	5	119	GCF_048934315.1
Petromyzon marinus	vertebrate	connexin	NW_027423024.1:4494226-4495903-	gene-LOC142920221	LOC142920221	16694	9386	4	988	GCF_048934315.1
Petromyzon marinus	vertebrate	connexin	NW_027423009.1:313230-314911-	gene-LOC142918162	LOC142918162	15607	9286	4	992	GCF_048934315.1
Petromyzon marinus	vertebrate	connexin	NW_027423031.1:733982-735663-	gene-LOC142920794	LOC142920794	15615	9294	4	992	GCF_048934315.1
Petromyzon marinus	vertebrate	connexin	NW_027422806.1:1094733-1096412+	gene-LOC142913297	LOC142913297	19300	13143	4	975	GCF_048934315.1
Petromyzon marinus	vertebrate	connexin	NW_027422806.1:1638397-1640518+	gene-LOC142913314	LOC142913314	11385	5397	4	1432	GCF_048934315.1
Petromyzon marinus	vertebrate	connexin	NW_027423042.1:309930-311609-	gene-LOC116938075	LOC116938075	19372	12521	4	975	GCF_048934315.1
Petromyzon marinus	vertebrate	connexin	NW_027422872.1:5183226-5184908+	gene-LOC142915348	LOC142915348	19124	9585	4	978	GCF_048934315.1
Petromyzon marinus	vertebrate	connexin	NW_027422939.1:2070212-2071891+	gene-LOC142915890	LOC142915890	15496	9339	4	975	GCF_048934315.1
Petromyzon marinus	vertebrate	connexin	NW_027423004.1:926125-928277+	gene-LOC116937291	LOC116937291	6981	4586	3	1463	GCF_048934315.1
Petromyzon marinus	vertebrate	connexin	NW_027423003.1:1388164-1390316+	gene-LOC142917426	LOC142917426	6911	4123	3	1463	GCF_048934315.1
Petromyzon marinus	vertebrate	connexin	NW_027423018.1:764235-766388+	gene-LOC116937292	LOC116937292	7037	4245	3	1464	GCF_048934315.1
Petromyzon marinus	vertebrate	connexin	NW_027422728.1:1427407-1429559-	gene-LOC142911191	LOC142911191	6744	3957	3	1463	GCF_048934315.1
Petromyzon marinus	vertebrate	connexin	NW_027422695.1:3784481-3786153+	gene-LOC142910221	LOC142910221	18623	11750	4	935	GCF_048934315.1
Petromyzon marinus	vertebrate	connexin	NW_027422695.1:3797916-3800070+	gene-LOC142910222	LOC142910222	12772	4214	4	1465	GCF_048934315.1
Petromyzon marinus	vertebrate	connexin	NW_027423044.1:164423-166576+	gene-LOC142921739	LOC142921739	7037	4245	3	1464	GCF_048934315.1
Petromyzon marinus	vertebrate	connexin	NW_027423041.1:139115-141267-	gene-LOC142921701	LOC142921701	2050	1439	2	1463	GCF_048934315.1
Petromyzon marinus	vertebrate	connexin	NW_027422906.1:538577-540729-	gene-LOC142915620	LOC142915620	6908	4120	3	1463	GCF_048934315.1
Petromyzon marinus	vertebrate	connexin	NW_027422680.1:112675-114827-	gene-LOC142909555	LOC142909555	6908	4120	3	1463	GCF_048934315.1
Petromyzon marinus	vertebrate	osca_tmem63	NC_133672.1:5288543-5813881+	gene-LOC116939775	LOC116939775	53390	21397	24	29404	GCF_048934315.1
Petromyzon marinus	vertebrate	connexin	NC_133672.1:11037234-11038343+	gene-LOC116939521	LOC116939521	16874	11058	4	237	GCF_048934315.1
Petromyzon marinus	vertebrate	connexin	NW_027423037.1:840501-842194+	gene-LOC142921544	LOC142921544	12538	7670	4	974	GCF_048934315.1
Petromyzon marinus	vertebrate	connexin	NW_027422701.1:261367-263037-	gene-LOC142910485	LOC142910485	17146	10293	4	933	GCF_048934315.1
Petromyzon marinus	vertebrate	connexin	NW_027422750.1:1632961-1635124+	gene-LOC116938302	LOC116938302	13311	5809	4	1474	GCF_048934315.1
Petromyzon marinus	vertebrate	connexin	NW_027422750.1:2842666-2844354+	gene-LOC142912116	LOC142912116	6830	4416	3	969	GCF_048934315.1
Petromyzon marinus	vertebrate	connexin	NW_027422996.1:574081-575775-	gene-LOC116937334	LOC116937334	14716	6371	4	969	GCF_048934315.1
Petromyzon marinus	vertebrate	connexin	NW_027422983.1:413745-415435+	gene-LOC116937364	LOC116937364	12995	5978	4	965	GCF_048934315.1
Petromyzon marinus	vertebrate	connexin	NW_027423029.1:368663-370358+	gene-LOC142920762	LOC142920762	15048	6374	4	970	GCF_048934315.1
Petromyzon marinus	vertebrate	connexin	NW_027422817.1:2820509-2822196-	gene-LOC142913381	LOC142913381	15631	9307	4	962	GCF_048934315.1
Petromyzon marinus	vertebrate	connexin	NW_027422762.1:445285-447548-	gene-LOC142912390	LOC142912390	34299	27157	5	1556	GCF_048934315.1
Petromyzon marinus	vertebrate	connexin	NW_027422762.1:1760728-1762406-	gene-LOC142912449	LOC142912449	15765	7558	4	959	GCF_048934315.1
Petromyzon marinus	vertebrate	connexin	NW_027422817.1:2945868-2947547+	gene-LOC116937936	LOC116937936	7553	5521	3	960	GCF_048934315.1
Petromyzon marinus	vertebrate	connexin	NW_027422917.1:2487698-2489862-	gene-LOC142915706	LOC142915706	38065	30382	4	1475	GCF_048934315.1
Petromyzon marinus	vertebrate	connexin	NW_027423000.1:1568155-1570319-	gene-LOC142917391	LOC142917391	38016	30382	4	1475	GCF_048934315.1
Petromyzon marinus	vertebrate	connexin	NW_027422983.1:943980-945664-	gene-LOC142916581	LOC142916581	16210	9623	4	965	GCF_048934315.1
Petromyzon marinus	vertebrate	connexin	NW_027422999.1:67611-69734-	gene-LOC142917346	LOC142917346	8090	5643	3	1434	GCF_048934315.1
Petromyzon marinus	vertebrate	connexin	NW_027422732.1:67597-69749+	gene-LOC142911201	LOC142911201	5525	3112	3	1463	GCF_048934315.1
Petromyzon marinus	vertebrate	connexin	NW_027423012.1:221549-223701-	gene-LOC142918252	LOC142918252	5525	3112	3	1463	GCF_048934315.1
Petromyzon marinus	vertebrate	connexin	NW_027423046.1:1824368-1825209+	gene-LOC142921787	LOC142921787	5381	2438	4	0	GCF_048934315.1
Petromyzon marinus	vertebrate	connexin	NW_027423046.1:5853485-5855604+	gene-LOC142921861	LOC142921861	14937	9119	4	1430	GCF_048934315.1
Petromyzon marinus	vertebrate	kv_shaker	NW_027423019.1:11586-522175+	gene-LOC142919864	LOC142919864	10475	7861	3	98572	GCF_048934315.1
Petromyzon marinus	vertebrate	connexin	NW_027423019.1:769311-770995+	gene-LOC116937365	LOC116937365	16412	9640	4	965	GCF_048934315.1
Petromyzon marinus	vertebrate	connexin	NW_027422895.1:1188931-1191108+	gene-LOC142915539	LOC142915539	45658	38951	4	1470	GCF_048934315.1
Petromyzon marinus	vertebrate	connexin	NW_027422762.1:1369325-1371502+	gene-LOC116938301	LOC116938301	72007	64970	5	1470	GCF_048934315.1
Petromyzon marinus	vertebrate	connexin	NW_027422762.1:2162282-2163135+	gene-LOC116937304	LOC116937304	7761	3311	4	120	GCF_048934315.1
Petromyzon marinus	vertebrate	connexin	NW_027422662.1:184386-186766+	gene-LOC142908983	LOC142908983	6180	2517	4	1667	GCF_048934315.1
Petromyzon marinus	vertebrate	connexin	NW_027423032.1:59540-61698+	gene-LOC142920805	LOC142920805	29980	21865	4	1451	GCF_048934315.1
Petromyzon marinus	vertebrate	connexin	NW_027422693.1:47426-48398-	gene-LOC142910075	LOC142910075	6270	4687	3	123	GCF_048934315.1
Petromyzon marinus	vertebrate	connexin	NW_027422917.1:511501-512473+	gene-LOC142915709	LOC142915709	5051	3468	3	123	GCF_048934315.1
Petromyzon marinus	vertebrate	connexin	NW_027422993.1:1061073-1062045-	gene-LOC142917087	LOC142917087	5051	3468	3	123	GCF_048934315.1
Petromyzon marinus	vertebrate	connexin	NW_027423007.1:660821-661680-	gene-LOC116937382	LOC116937382	9450	6196	4	126	GCF_048934315.1
Petromyzon marinus	vertebrate	kv_shaker	NW_027422950.1:47391-357028-	gene-LOC142915943	LOC142915943	8809	6561	2	0	GCF_048934315.1
Petromyzon marinus	vertebrate	connexin	NW_027422950.1:722091-722947-	gene-LOC142915947	LOC142915947	6412	4575	3	123	GCF_048934315.1
Petromyzon marinus	vertebrate	connexin	NW_027423030.1:599919-600774+	gene-LOC142920766	LOC142920766	31269	10740	6	148	GCF_048934315.1
Petromyzon marinus	vertebrate	connexin	NW_027423054.1:123434-124290-	gene-LOC142922464	LOC142922464	6210	4755	3	149	GCF_048934315.1
Petromyzon marinus	vertebrate	connexin	NW_027422651.1:1642840-1643693+	gene-LOC142908590	LOC142908590	7761	3311	4	120	GCF_048934315.1
Petromyzon marinus	vertebrate	connexin	NW_027422651.1:2557307-2558161+	gene-LOC142908602	LOC142908602	7591	3148	4	0	GCF_048934315.1
Petromyzon marinus	vertebrate	connexin	NW_027423027.1:204205-205062-	gene-LOC142920526	LOC142920526	12266	7007	4	0	GCF_048934315.1
Petromyzon marinus	vertebrate	connexin	NW_027422761.1:5521609-5522452-	gene-LOC142912338	LOC142912338	3590	1936	3	0	GCF_048934315.1
Petromyzon marinus	vertebrate	connexin	NW_027422706.1:1541883-1542726-	gene-LOC142910670	LOC142910670	5977	2362	4	0	GCF_048934315.1
Petromyzon marinus	vertebrate	connexin	NW_027422706.1:3679516-3680359-	gene-LOC142910698	LOC142910698	5981	2366	4	0	GCF_048934315.1
Petromyzon marinus	vertebrate	connexin	NW_027422683.1:114861-115716-	gene-LOC142909663	LOC142909663	8704	4455	4	0	GCF_048934315.1
Petromyzon marinus	vertebrate	connexin	NW_027422706.1:1287250-1375545+	gene-LOC142910713	LOC142910713	6270	4687	3	87504	GCF_048934315.1
Petromyzon marinus	vertebrate	connexin	NC_133715.1:10919304-10922678+	gene-GJA3	GJA3	13503	2914	3	2001	GCF_048934315.1
Petromyzon marinus	vertebrate	connexin	NC_133728.1:1501772-1748859+	gene-LOC116955954	LOC116955954	29680	13299	5	117018	GCF_048934315.1
Petromyzon marinus	vertebrate	kv_shaker	NC_133732.1:4771056-5607337+	gene-LOC116957910	LOC116957910	6859	4300	4	388412	GCF_048934315.1
Petromyzon marinus	vertebrate	connexin	NC_133732.1:11537130-11573101+	gene-LOC116937600	LOC116937600	22134	6451	7	25830	GCF_048934315.1
Petromyzon marinus	vertebrate	delta_glur	NC_133707.1:6153922-6399101+	gene-LOC116951086	LOC116951086	292747	134247	18	134247	GCF_048934315.1
Petromyzon marinus	vertebrate	delta_glur	NC_133707.1:4911052-5644691-	gene-LOC116951004	LOC116951004	211749	78962	18	134148	GCF_048934315.1
Petromyzon marinus	vertebrate	glyr	NC_133684.1:4041966-4084671+	gene-LOC116943585	LOC116943585	53327	24091	11	24091	GCF_048934315.1
Petromyzon marinus	vertebrate	trpc	NC_133684.1:4472098-4991296+	gene-LOC116943590	LOC116943590	29345	6504	12	244005	GCF_048934315.1
Petromyzon marinus	vertebrate	gabaa	NC_133684.1:13158267-13447678+	gene-LOC116943685	LOC116943685	301742	137843	10	137843	GCF_048934315.1
Petromyzon marinus	vertebrate	gabaa	NC_133726.1:5723356-6197602-	gene-LOC116955556	LOC116955556	19995	3742	10	334307	GCF_048934315.1
Petromyzon marinus	vertebrate	trpc	NC_133684.1:1861582-1885805-	gene-LOC116943543	LOC116943543	65808	35368	13	6537	GCF_048934315.1
Petromyzon marinus	vertebrate	gabaa	NC_133684.1:12755699-12880762-	gene-LOC116943682	LOC116943682	143608	45931	9	45928	GCF_048934315.1
Petromyzon marinus	vertebrate	gabaa	NC_133684.1:13140324-13151512-	gene-LOC116943684	LOC116943684	19013	4912	10	4912	GCF_048934315.1
Petromyzon marinus	vertebrate	gabaa	NW_027422619.1:399613-481064+	gene-LOC116958331	LOC116958331	109360	47181	10	47181	GCF_048934315.1
Petromyzon marinus	vertebrate	glyr	NC_133727.1:6322930-6405915-	gene-LOC116955670	LOC116955670	224304	100257	11	34368	GCF_048934315.1
Petromyzon marinus	vertebrate	trpc	NC_133727.1:11119814-11157063-	gene-LOC116955783	LOC116955783	88267	44011	14	7001	GCF_048934315.1
Petromyzon marinus	vertebrate	kca_sk	NC_133718.1:976196-2057470+	gene-KCNN1	KCNN1	140364	41564	8	485860	GCF_048934315.1
Petromyzon marinus	vertebrate	hcn	NC_133718.1:3024446-4052993+	gene-LOC116953507	LOC116953507	86782	39282	9	295962	GCF_048934315.1
Petromyzon marinus	vertebrate	trpp	NC_133718.1:11865752-12794647+	gene-LOC116953474	LOC116953474	26347	4194	17	286644	GCF_048934315.1
Petromyzon marinus	vertebrate	hcn	NC_133679.1:14284365-15246373+	gene-LOC116942086	LOC116942086	44062	9149	11	251676	GCF_048934315.1
Petromyzon marinus	vertebrate	nachr	NC_133679.1:16028906-16046355+	gene-LOC116942120	LOC116942120	23333	6714	12	6714	GCF_048934315.1
Petromyzon marinus	vertebrate	hcn	NC_133723.1:3422567-4428933+	gene-LOC116954914	LOC116954914	50836	19939	11	226233	GCF_048934315.1
Petromyzon marinus	vertebrate	p2x	NC_133667.1:8740058-9112447+	gene-LOC116944327	LOC116944327	45653	21445	12	21445	GCF_048934315.1
Petromyzon marinus	vertebrate	trpml	NC_133667.1:10811394-11696993+	gene-LOC116942342	LOC116942342	52397	26285	14	487662	GCF_048934315.1
Petromyzon marinus	vertebrate	tmc	NC_133667.1:29429881-30356427+	gene-TMC3	TMC3	36060	4769	25	476976	GCF_048934315.1
Petromyzon marinus	vertebrate	hcn	NC_133667.1:34220108-35089931+	gene-LOC116940524	LOC116940524	45382	9320	8	378902	GCF_048934315.1
Petromyzon marinus	vertebrate	trpm	NC_133667.1:36267628-37163288+	gene-LOC116940949	LOC116940949	63203	12286	42	5658	GCF_048934315.1
Petromyzon marinus	vertebrate	kir	NC_133698.1:844534-854433+	gene-LOC116948049	LOC116948049	25331	9193	3	8634	GCF_048934315.1
Petromyzon marinus	vertebrate	ht3	NC_133698.1:8267476-8286273+	gene-HTR3A	HTR3A	14486	4373	8	4373	GCF_048934315.1
Petromyzon marinus	vertebrate	kainate	NC_133717.1:11927080-12418654+	gene-LOC116953441	LOC116953441	209955	80541	17	80541	GCF_048934315.1
Petromyzon marinus	vertebrate	kainate	NC_133726.1:4149396-4675868+	gene-LOC116955637	LOC116955637	112853	29918	18	18589	GCF_048934315.1
Petromyzon marinus	vertebrate	kir	NC_133698.1:9768749-9774153-	gene-LOC116948152	LOC116948152	18639	6843	7	2301	GCF_048934315.1
Petromyzon marinus	vertebrate	kainate	NC_133698.1:13423808-13728717-	gene-GRIK5	GRIK5	32102	8721	20	4905	GCF_048934315.1
Petromyzon marinus	vertebrate	kv_kcnq	NC_133678.1:11713274-12509476+	gene-LOC116941564	LOC116941564	262834	171279	15	192429	GCF_048934315.1
Petromyzon marinus	vertebrate	kv_kcnq	NC_133678.1:14840391-15742715+	gene-LOC116941495	LOC116941495	234567	133698	15	133698	GCF_048934315.1
Petromyzon marinus	vertebrate	k2p	NC_133689.1:5309778-5728436-	gene-LOC116945228	LOC116945228	32714	20115	3	20115	GCF_048934315.1
Petromyzon marinus	vertebrate	k2p	NC_133695.1:231412-378740-	gene-LOC116947392	LOC116947392	173056	59437	9	59437	GCF_048934315.1
Petromyzon marinus	vertebrate	k2p	NC_133697.1:3739042-3769055+	gene-LOC116947954	LOC116947954	40487	34170	5	26121	GCF_048934315.1
Petromyzon marinus	vertebrate	osca_tmem63	NC_133697.1:9778336-10599450+	gene-LOC116947816	LOC116947816	99372	24886	26	56019	GCF_048934315.1
Petromyzon marinus	vertebrate	kv_eag	NC_133697.1:15226401-15553358+	gene-LOC116947904	LOC116947904	38674	11397	13	97132	GCF_048934315.1
Petromyzon marinus	vertebrate	kv_modifier	NC_133686.1:1390948-1396216-	gene-LOC116944249	LOC116944249	10099	3409	3	2254	GCF_048934315.1
Petromyzon marinus	vertebrate	trpp	NC_133674.1:13419615-14335044+	gene-LOC116940249	LOC116940249	25476	3839	16	206551	GCF_048934315.1
Petromyzon marinus	vertebrate	mcu	NC_133674.1:17256202-17745823+	gene-MCU	MCU	29486	21689	8	203466	GCF_048934315.1
Petromyzon marinus	vertebrate	kca_slo	NC_133674.1:19231168-20033197+	gene-KCNMA1	KCNMA1	104222	11756	32	311661	GCF_048934315.1
Petromyzon marinus	vertebrate	kca_slo	NC_133725.1:7918387-7971391-	gene-LOC116955313	LOC116955313	71291	11404	30	4511	GCF_048934315.1
Petromyzon marinus	vertebrate	tric	NC_133701.1:9184909-9208569-	gene-TMEM38A	TMEM38A	28505	11772	6	11772	GCF_048934315.1
Petromyzon marinus	vertebrate	kir	NC_133722.1:4383173-4694137+	gene-LOC116954686	LOC116954686	12884	3999	5	183883	GCF_048934315.1
Petromyzon marinus	vertebrate	kv_shaker	NC_133700.1:1392070-2066384+	gene-LOC116948563	LOC116948563	3576	0	1	187098	GCF_048934315.1
Petromyzon marinus	vertebrate	kv_eag	NC_133700.1:11980350-12629770+	gene-LOC116948728	LOC116948728	166607	82625	20	82625	GCF_048934315.1
Petromyzon marinus	vertebrate	kv_kcnq	NC_133673.1:8686884-9224658+	gene-KCNQ1	KCNQ1	78506	19783	18	19783	GCF_048934315.1
Petromyzon marinus	vertebrate	kv_shaker	NC_133731.1:5755141-6129034-	gene-LOC116956485	LOC116956485	34157	21256	2	321440	GCF_048934315.1
Petromyzon marinus	vertebrate	kv_shaker	NC_133731.1:6151154-6358859-	gene-LOC116956452	LOC116956452	1824	0	1	0	GCF_048934315.1
Petromyzon marinus	vertebrate	kv_shaker	NC_133731.1:7755978-8602329-	gene-LOC116956444	LOC116956444	2279	0	1	379952	GCF_048934315.1
Petromyzon marinus	vertebrate	kv_shaker	NW_027422806.1:2357976-2365232-	gene-LOC116937631	LOC116937631	3253	661	2	0	GCF_048934315.1
Petromyzon marinus	vertebrate	kv_shaker	NW_027422651.1:2624007-2749188-	gene-LOC116937096	LOC116937096	2621	0	1	58764	GCF_048934315.1
Petromyzon marinus	vertebrate	kv_shaker	NW_027422651.1:5329184-5330584-	gene-LOC142908611	LOC142908611	9368	6698	3	0	GCF_048934315.1
Petromyzon marinus	vertebrate	kv_shaker	NW_027423054.1:47015-256015+	gene-LOC142922454	LOC142922454	9720	7046	3	74445	GCF_048934315.1
Petromyzon marinus	vertebrate	kv_shaker	NC_133696.1:10690696-11289770+	gene-KCND1	KCND1	500895	364747	7	364747	GCF_048934315.1
Petromyzon marinus	vertebrate	lrrc8	NC_133682.1:14468281-14485358-	gene-LOC116942811	LOC116942811	82096	60941	4	12028	GCF_048934315.1
Petromyzon marinus	vertebrate	lrrc8	NC_133671.1:3078879-3097964+	gene-LOC116938942	LOC116938942	34457	7672	16	2975	GCF_048934315.1
Petromyzon marinus	vertebrate	orai	NC_133671.1:21440062-21910289+	gene-LOC116939272	LOC116939272	45110	24273	13	457845	GCF_048934315.1
Petromyzon marinus	vertebrate	p2x	NC_133704.1:13643209-14309141+	gene-LOC116957757	LOC116957757	39415	6974	13	5443	GCF_048934315.1
Petromyzon marinus	vertebrate	nalcn	NC_133733.1:2407050-3535737+	gene-NALCN	NALCN	164462	20385	44	20385	GCF_048934315.1
Petromyzon marinus	vertebrate	tmc	NC_133692.1:6800120-7083699+	gene-TMC7	TMC7	23313	3518	16	4581	GCF_048934315.1
Petromyzon marinus	vertebrate	orai	NW_027422639.1:344647-546406-	gene-LOC116936880	LOC116936880	13199	3562	6	3562	GCF_048934315.1
Petromyzon marinus	vertebrate	otop	NC_133675.1:7849215-7942489-	gene-LOC116940610	LOC116940610	23225	5213	7	80542	GCF_048934315.1
Petromyzon marinus	vertebrate	piezo	NC_133711.1:570826-1039012+	gene-LOC116952108	LOC116952108	154005	41079	49	222466	GCF_048934315.1
Petromyzon marinus	vertebrate	p2x	NC_133743.1:1631181-2436020-	gene-LOC116937928	LOC116937928	86992	58174	13	58174	GCF_048934315.1
Petromyzon marinus	vertebrate	p2x	NC_133704.1:12836902-12865577-	gene-LOC116957763	LOC116957763	23151	5297	13	17752	GCF_048934315.1
Petromyzon marinus	vertebrate	p2x	NC_133704.1:13315157-13325557-	gene-LOC142930397	LOC142930397	35675	5870	18	2746	GCF_048934315.1
Petromyzon marinus	vertebrate	trpc	NC_133721.1:13034838-13321764+	gene-TRPC1	TRPC1	28060	7565	14	263411	GCF_048934315.1
Petromyzon marinus	vertebrate	tpc	NW_027423207.1:55002-144163-	gene-LOC142922965	LOC142922965	46013	10165	11	10577	GCF_048934315.1
Petromyzon marinus	vertebrate	trpm	NW_027423368.1:13448-674357+	gene-LOC116937345	LOC116937345	170128	41613	30	161342	GCF_048934315.1
Petromyzon marinus	vertebrate	trpv	NW_027422624.1:107465-656768+	gene-LOC116937136	LOC116937136	207776	133654	19	133654	GCF_048934315.1
Petromyzon marinus	vertebrate	trpv	NW_027422624.1:28264-701721-	gene-LOC142908244	LOC142908244	57970	9248	13	268077	GCF_048934315.1
Petromyzon marinus	vertebrate	clcc1	r4_NC_133667.1:14284465-14729031-	gene-CLCC1	CLCC1	14610	4121	12	389879	GCF_048934315.1
Petromyzon marinus	vertebrate	gphr	r4_NC_133728.1:1790302-1810434-	gene-LOC116955821	LOC116955821	23556	3677	15	3677	GCF_048934315.1
Petromyzon marinus	vertebrate	mitok	r4_NC_133687.1:4560661-5232882+	gene-LOC116944493	LOC116944493	7670	2150	5	128049	GCF_048934315.1
Petromyzon marinus	vertebrate	tmem87	r4_NC_133697.1:6720396-7201240+	gene-LOC116947737	LOC116947737	31801	19750	21	1238	GCF_048934315.1
Petromyzon marinus	vertebrate	pacc	r4_NC_133695.1:7576621-8045362-	gene-PACC1	PACC1	11996	1906	9	462329	GCF_048934315.1
Petromyzon marinus	vertebrate	tmem87	r4_NC_133695.1:6347881-6831480+	gene-LOC116947271	LOC116947271	21955	2978	23	4781	GCF_048934315.1
Petromyzon marinus	vertebrate	tmco1	r4_NC_133688.1:13652991-13669546+	gene-TMCO1	TMCO1	17476	9451	7	9451	GCF_048934315.1
Callorhinchus milii	vertebrate	ampa	KI635921.1:3634155-3696785-	gene-gria2	gria2	63373	30675	17	30675	GCF_000165045.1
Callorhinchus milii	vertebrate	ampa	KI636058.1:127320-151685-	gene-gria1	gria1	25556	7029	16	7029	GCF_000165045.1
Callorhinchus milii	vertebrate	ampa	KI635977.1:1689142-1803884+	gene-gria4	gria4	115392	33423	16	33423	GCF_000165045.1
Callorhinchus milii	vertebrate	ampa	KI635856.1:14962828-15059559-	gene-gria3	gria3	97882	22717	16	22717	GCF_000165045.1
Callorhinchus milii	vertebrate	trpc	KI635856.1:16122821-16164228-	gene-trpc5	trpc5	37518	21105	12	2561	GCF_000165045.1
Callorhinchus milii	vertebrate	connexin	KI635856.1:16293727-16319861-	gene-LOC103179589	LOC103179589	5429	3686	3	24914	GCF_000165045.1
Callorhinchus milii	vertebrate	ano_channel	KI635973.1:1650744-1683832+	gene-ano2	ano2	37279	7909	27	8104	GCF_000165045.1
Callorhinchus milii	vertebrate	kir	KI635862.1:2121238-2122218+	gene-kcnj11	kcnj11	1803	0	1	0	GCF_000165045.1
Callorhinchus milii	vertebrate	tpc	KI635862.1:9609513-9626939+	gene-tpcn2	tpcn2	21374	2339	27	1987	GCF_000165045.1
Callorhinchus milii	vertebrate	ano_channel	KI635862.1:10032973-10116512+	gene-ano1	ano1	76948	12805	27	12778	GCF_000165045.1
Callorhinchus milii	vertebrate	ano_scramblase	KI635893.1:3945411-4016855+	gene-ano4	ano4	65000	11530	27	14465	GCF_000165045.1
Callorhinchus milii	vertebrate	bestrophin	KI635862.1:547083-653577-	gene-best1	best1	7890	1140	9	1140	GCF_000165045.1
Callorhinchus milii	vertebrate	ano_scramblase	KI635862.1:8402357-8475606-	gene-ano3	ano3	82925	35743	27	10611	GCF_000165045.1
Callorhinchus milii	vertebrate	ano_scramblase	KI635862.1:8810302-8823152-	gene-ano5	ano5	30232	14595	22	1995	GCF_000165045.1
Callorhinchus milii	vertebrate	trpc	KI635858.1:4161160-4206894+	gene-trpc6	trpc6	61395	14906	12	8150	GCF_000165045.1
Callorhinchus milii	vertebrate	ano_scramblase	KI635858.1:11387257-11402941+	gene-ano6	ano6	53652	21319	22	2453	GCF_000165045.1
Callorhinchus milii	vertebrate	ano_scramblase	KI636037.1:94179-104511-	gene-LOC103187641	LOC103187641	27431	15184	23	696	GCF_000165045.1
Callorhinchus milii	vertebrate	trpc	KI635855.1:5107485-5136399-	gene-trpc1	trpc1	30201	5980	13	5980	GCF_000165045.1
Callorhinchus milii	vertebrate	ano_scramblase	KI635855.1:10965948-10982695-	gene-ano7	ano7	27394	4094	25	2718	GCF_000165045.1
Callorhinchus milii	vertebrate	trpv	KI635855.1:16624222-16641263-	gene-LOC103176361	LOC103176361	19107	4831	15	4831	GCF_000165045.1
Callorhinchus milii	vertebrate	kca_sk	KI635918.1:2766740-2891747+	gene-kcnn1	kcnn1	21361	8117	10	8117	GCF_000165045.1
Callorhinchus milii	vertebrate	asic	KI635942.1:2416117-2677415+	gene-asic2	asic2	262382	223342	9	223342	GCF_000165045.1
Callorhinchus milii	vertebrate	asic	KI636334.1:782-27716-	gene-LOC103190644	LOC103190644	26999	21228	4	21228	GCF_000165045.1
Callorhinchus milii	vertebrate	enac	KI636001.1:1379593-1400573-	gene-scnn1g	scnn1g	8547	1129	13	897	GCF_000165045.1
Callorhinchus milii	vertebrate	pannexin	KI635871.1:5848787-5916048-	gene-panx2	panx2	24632	20024	3	20024	GCF_000165045.1
Callorhinchus milii	vertebrate	trpn	KI635861.1:138360-213118-	gene-LOC103174373	LOC103174373	49335	9284	29	9284	GCF_000165045.1
Callorhinchus milii	vertebrate	trpa	KI635861.1:1922326-2059076-	gene-trpa1	trpa1	42531	6829	27	6829	GCF_000165045.1
Callorhinchus milii	vertebrate	lrrc8	KI635861.1:7956254-7960873-	gene-lrrc8c	lrrc8c	11663	2764	5	2190	GCF_000165045.1
Callorhinchus milii	vertebrate	nmda	KI635864.1:2507403-2532809-	gene-grin2c	grin2c	25397	3846	12	3846	GCF_000165045.1
Callorhinchus milii	vertebrate	tmc	KI635864.1:6404750-6412026-	gene-tmc6	tmc6	31717	13281	23	1963	GCF_000165045.1
Callorhinchus milii	vertebrate	kir	KI635864.1:7326452-7327756-	gene-kcnj2	kcnj2	2375	0	1	0	GCF_000165045.1
Callorhinchus milii	vertebrate	trpv	KI635864.1:10010607-10018405-	gene-LOC103175668	LOC103175668	9632	1247	15	1247	GCF_000165045.1
Callorhinchus milii	vertebrate	tmc	KI635884.1:5087850-5097150-	gene-tmc7	tmc7	13400	1680	16	1370	GCF_000165045.1
Callorhinchus milii	vertebrate	ryr	KI635863.1:7169902-7282226+	gene-ryr3	ryr3	113171	10624	106	10624	GCF_000165045.1
Callorhinchus milii	vertebrate	nachr	KI635865.1:10398157-10405221+	gene-chrna9	chrna9	8399	4130	5	4130	GCF_000165045.1
Callorhinchus milii	vertebrate	cav	KI635899.1:4739126-4965660-	gene-cacna1b	cacna1b	127513	38972	48	51399	GCF_000165045.1
Callorhinchus milii	vertebrate	clic	KI636006.1:692668-736524+	gene-clic6	clic6	44117	35835	6	5560	GCF_000165045.1
Callorhinchus milii	vertebrate	kv_eag	KI635868.1:722104-828281-	gene-kcnh7	kcnh7	108221	57619	17	57619	GCF_000165045.1
Callorhinchus milii	vertebrate	kir	KI635868.1:2656049-2705063-	gene-kcnj3	kcnj3	72230	45608	6	45608	GCF_000165045.1
Callorhinchus milii	vertebrate	catsper	KI635859.1:4027794-4036298+	gene-catsper2	catsper2	11773	2053	14	2053	GCF_000165045.1
Callorhinchus milii	vertebrate	tmc	KI635859.1:6432090-6534032+	gene-tmc3	tmc3	17702	4569	22	87411	GCF_000165045.1
Callorhinchus milii	vertebrate	trpm	KI635859.1:11311612-11403980+	gene-trpm1	trpm1	27153	3423	28	3143	GCF_000165045.1
Callorhinchus milii	vertebrate	trpp	KI635857.1:6986004-6999492+	gene-pkd2l1	pkd2l1	13414	3095	15	3095	GCF_000165045.1
Callorhinchus milii	vertebrate	delta_glur	KI635857.1:7228823-7500202+	gene-grid1	grid1	69352	17864	14	109618	GCF_000165045.1
Callorhinchus milii	vertebrate	kca_slo	KI635857.1:12339346-12691714+	gene-kcnma1	kcnma1	325125	79037	31	79037	GCF_000165045.1
Callorhinchus milii	vertebrate	vdac	KI635857.1:13658270-13667330+	gene-vdac2	vdac2	7362	2596	8	2596	GCF_000165045.1
Callorhinchus milii	vertebrate	gabaa	KI635879.1:1029782-1206589+	gene-gabrb1	gabrb1	177022	104012	9	104012	GCF_000165045.1
Callorhinchus milii	vertebrate	kir	KI635898.1:402019-404662+	gene-kcnj5	kcnj5	10954	7798	3	1561	GCF_000165045.1
Callorhinchus milii	vertebrate	tweety	KI635864.1:5702276-5731504+	gene-ttyh2	ttyh2	33717	6778	14	6778	GCF_000165045.1
Callorhinchus milii	vertebrate	otop	KI635864.1:9512181-9515666+	gene-otop2	otop2	3558	550	6	550	GCF_000165045.1
Callorhinchus milii	vertebrate	trpv	KI635864.1:9999849-10008058+	gene-LOC103175667	LOC103175667	9448	1065	15	1065	GCF_000165045.1
Callorhinchus milii	vertebrate	cav	KI635864.1:10359689-10425738+	gene-cacna1g	cacna1g	76943	10535	35	10535	GCF_000165045.1
Callorhinchus milii	vertebrate	piezo	KI635907.1:823654-1087763+	gene-piezo2	piezo2	261526	71244	58	80445	GCF_000165045.1
Callorhinchus milii	vertebrate	kir	KI635907.1:2826781-2827974+	gene-kcnj8	kcnj8	8644	5816	3	0	GCF_000165045.1
Callorhinchus milii	vertebrate	otop	KI635907.1:4500250-4545626+	gene-otop1	otop1	7975	3762	6	3762	GCF_000165045.1
Callorhinchus milii	vertebrate	bestrophin	KI635967.1:284034-347380-	gene-best3	best3	12271	1592	11	1592	GCF_000165045.1
Callorhinchus milii	vertebrate	bestrophin	KI635928.1:3335263-3393894+	gene-best4	best4	28240	22024	10	45134	GCF_000165045.1
Callorhinchus milii	vertebrate	bestrophin	KI636529.1:19093-26821+	gene-best2	best2	7485	2951	7	2762	GCF_000165045.1
Callorhinchus milii	vertebrate	calhm	KI635925.1:112524-115674-	gene-LOC103182568	LOC103182568	10551	6777	3	2293	GCF_000165045.1
Callorhinchus milii	vertebrate	calhm	KI638834.1:223-1244+	gene-calhm3	calhm3	1149	95	2	95	GCF_000165045.1
Callorhinchus milii	vertebrate	calhm	KI638834.1:4470-5038+	gene-calhm1	calhm1	693	35	2	0	GCF_000165045.1
Callorhinchus milii	vertebrate	catsper	KI635890.1:2769437-2777350-	gene-catsper4	catsper4	7918	3052	11	3591	GCF_000165045.1
Callorhinchus milii	vertebrate	catsper	KI635941.1:1381748-1385232+	gene-catsper3	catsper3	3553	753	7	753	GCF_000165045.1
Callorhinchus milii	vertebrate	trpp	KI635941.1:2858841-2863631+	gene-pkd2l2	pkd2l2	7779	1178	13	1178	GCF_000165045.1
Callorhinchus milii	vertebrate	kv_kcnq	KI635889.1:356704-649542-	gene-LOC103179338	LOC103179338	290769	142110	18	142110	GCF_000165045.1
Callorhinchus milii	vertebrate	cav	KI635889.1:6070187-6419947-	gene-LOC103179419	LOC103179419	271173	107151	47	107151	GCF_000165045.1
Callorhinchus milii	vertebrate	cav	KI635955.1:318374-452866+	gene-cacna1e	cacna1e	68930	7029	46	39355	GCF_000165045.1
Callorhinchus milii	vertebrate	cav	KI635961.1:1051895-1348504+	gene-cacna1d	cacna1d	128877	44315	47	44315	GCF_000165045.1
Callorhinchus milii	vertebrate	cav	KI636412.1:3458-54672+	gene-LOC103190861	LOC103190861	56324	7478	34	7478	GCF_000165045.1
Callorhinchus milii	vertebrate	cftr	KI635889.1:2141231-2198498+	gene-cftr	cftr	57382	10721	27	10721	GCF_000165045.1
Callorhinchus milii	vertebrate	clc_channel	KI635949.1:139102-252199-	gene-clcn2	clcn2	44071	12221	22	12221	GCF_000165045.1
Callorhinchus milii	vertebrate	clc_channel	KI636030.1:1066863-1076272+	gene-clcnka	clcnka	11079	904	19	907	GCF_000165045.1
Callorhinchus milii	vertebrate	connexin	KI635874.1:8776453-8777769-	gene-gja8	gja8	1644	0	1	91	GCF_000165045.1
Callorhinchus milii	vertebrate	clic	KI635975.1:738169-838393+	gene-clic4	clic4	29727	14580	6	14580	GCF_000165045.1
Callorhinchus milii	vertebrate	clic	KI635960.1:1453303-1484042-	gene-clic5	clic5	73263	56564	6	19920	GCF_000165045.1
Callorhinchus milii	vertebrate	clic	KI635856.1:4226134-4234256+	gene-LOC103177580	LOC103177580	8428	4689	6	4689	GCF_000165045.1
Callorhinchus milii	vertebrate	gabaa	KI635879.1:709524-743254-	gene-gabrg1	gabrg1	34328	8461	9	8461	GCF_000165045.1
Callorhinchus milii	vertebrate	gabaa	KI635879.1:1002471-1027260-	gene-gabra4	gabra4	26042	12557	9	12557	GCF_000165045.1
Callorhinchus milii	vertebrate	cng	KI635879.1:1454832-1536608-	gene-cnga1	cnga1	37678	21023	9	2499	GCF_000165045.1
Callorhinchus milii	vertebrate	cng	KI635872.1:2861679-2880752-	gene-cnga3	cnga3	19148	9810	7	4296	GCF_000165045.1
Callorhinchus milii	vertebrate	kv_eag	KI635910.1:2195533-2287579-	gene-kcnh8	kcnh8	127008	30601	16	19808	GCF_000165045.1
Callorhinchus milii	vertebrate	connexin	KI635936.1:3192162-3193400+	gene-LOC103183370	LOC103183370	1068	0	1	387	GCF_000165045.1
Callorhinchus milii	vertebrate	nav	KI636061.1:35711-93376-	gene-LOC103188289	LOC103188289	66335	11489	21	8659	GCF_000165045.1
Callorhinchus milii	vertebrate	connexin	KI636061.1:448739-449984-	gene-gjc2	gjc2	9978	8460	2	337	GCF_000165045.1
Callorhinchus milii	vertebrate	connexin	KI635942.1:1597465-1598259-	gene-gjc1	gjc1	11762	9406	2	0	GCF_000165045.1
Callorhinchus milii	vertebrate	connexin	KI635863.1:6067139-6068862-	gene-gjd2	gjd2	1798	890	2	890	GCF_000165045.1
Callorhinchus milii	vertebrate	connexin	KI635880.1:1449694-1450467+	gene-gja10	gja10	28258	14459	7	0	GCF_000165045.1
Callorhinchus milii	vertebrate	connexin	KI636016.1:763007-858689+	gene-gja4	gja4	4722	2760	2	0	GCF_000165045.1
Callorhinchus milii	vertebrate	connexin	AAVX02054526.1:229-918-	gene-LOC103173964	LOC103173964	1150	0	1	0	GCF_000165045.1
Callorhinchus milii	vertebrate	connexin	KI635925.1:3664926-3685237+	gene-gja1	gja1	11365	9263	2	0	GCF_000165045.1
Callorhinchus milii	vertebrate	connexin	KI635883.1:6659629-6660360-	gene-gjd4	gjd4	6109	4096	3	0	GCF_000165045.1
Callorhinchus milii	vertebrate	connexin	KI635999.1:144247-145497+	gene-gja3	gja3	6299	4730	2	0	GCF_000165045.1
Callorhinchus milii	vertebrate	delta_glur	KI635950.1:1364828-1695054-	gene-grid2	grid2	331973	188834	17	188834	GCF_000165045.1
Callorhinchus milii	vertebrate	delta_glur	KI636010.1:939996-1081428-	gene-LOC103186977	LOC103186977	72480	28943	16	34280	GCF_000165045.1
Callorhinchus milii	vertebrate	gabaa	KI635872.1:2342979-2474393+	gene-gabrb3	gabrb3	129346	96297	9	96297	GCF_000165045.1
Callorhinchus milii	vertebrate	trpc	KI635872.1:6908407-6948222+	gene-trpc4	trpc4	54470	14486	11	11739	GCF_000165045.1
Callorhinchus milii	vertebrate	vdac	KI635941.1:790709-795918-	gene-vdac1	vdac1	12139	6333	9	1218	GCF_000165045.1
Callorhinchus milii	vertebrate	trpc	KI635941.1:2438138-2453308-	gene-trpc7	trpc7	16482	5142	11	5142	GCF_000165045.1
Callorhinchus milii	vertebrate	gabaa	KI635941.1:3478732-3527408-	gene-gabrb2	gabrb2	50420	30140	7	30140	GCF_000165045.1
Callorhinchus milii	vertebrate	gabaa	KI636037.1:1015191-1019866+	gene-gabrd	gabrd	11759	4217	9	1763	GCF_000165045.1
Callorhinchus milii	vertebrate	kainate	KI635858.1:676014-831446-	gene-grik1	grik1	156594	72140	17	16672	GCF_000165045.1
Callorhinchus milii	vertebrate	gabaa	KI635858.1:1774766-1782313-	gene-gabrr3	gabrr3	20805	8056	9	1671	GCF_000165045.1
Callorhinchus milii	vertebrate	pannexin	KI635858.1:5855899-5870861-	gene-panx1	panx1	29322	13001	4	10832	GCF_000165045.1
Callorhinchus milii	vertebrate	gabaa	KI635989.1:1866867-1881550-	gene-gabrr2	gabrr2	16679	7677	10	7677	GCF_000165045.1
Callorhinchus milii	vertebrate	gabaa	KI636124.1:300722-332457-	gene-gabrg2	gabrg2	37739	12156	11	12156	GCF_000165045.1
Callorhinchus milii	vertebrate	gabaa	KI636124.1:418306-432644-	gene-gabra6	gabra6	14728	3903	8	3741	GCF_000165045.1
Callorhinchus milii	vertebrate	glyr	KI635897.1:3184102-3256424+	gene-glra3	glra3	72458	32137	10	32137	GCF_000165045.1
Callorhinchus milii	vertebrate	glyr	KI635946.1:1907652-1934242-	gene-glra1	glra1	26629	12537	8	12537	GCF_000165045.1
Callorhinchus milii	vertebrate	glyr	KI635874.1:2576927-2729093+	gene-glra2	glra2	81300	32521	9	73564	GCF_000165045.1
Callorhinchus milii	vertebrate	hcn	KI635876.1:7884450-8121400+	gene-hcn1	hcn1	131070	31942	10	41573	GCF_000165045.1
Callorhinchus milii	vertebrate	trpm	KI635859.1:1074711-1178920-	gene-trpm7	trpm7	57481	17378	40	4560	GCF_000165045.1
Callorhinchus milii	vertebrate	nachr	KI635859.1:7372166-7383678-	gene-chrna7	chrna7	12914	3853	10	3853	GCF_000165045.1
Callorhinchus milii	vertebrate	nachr	KI635859.1:9267520-9283272-	gene-LOC103188367	LOC103188367	7743	2959	6	4680	GCF_000165045.1
Callorhinchus milii	vertebrate	hcn	KI635859.1:13235053-13372129-	gene-hcn4	hcn4	113924	23867	9	21786	GCF_000165045.1
Callorhinchus milii	vertebrate	ht3	KI637172.1:9568-14656-	gene-htr3a	htr3a	5058	649	8	649	GCF_000165045.1
Callorhinchus milii	vertebrate	ht3	KI636049.1:200012-205155-	gene-LOC103187994	LOC103187994	6378	1081	9	943	GCF_000165045.1
Callorhinchus milii	vertebrate	ht3	AAVX02044849.1:1893-8442-	gene-LOC103172212	LOC103172212	9295	2437	9	1751	GCF_000165045.1
Callorhinchus milii	vertebrate	orai	KI635948.1:693459-790722-	gene-orai1	orai1	1591	0	1	7913	GCF_000165045.1
Callorhinchus milii	vertebrate	p2x	KI635948.1:852670-938465-	gene-p2rx4	p2rx4	17854	6844	13	1456	GCF_000165045.1
Callorhinchus milii	vertebrate	hv1	KI635948.1:1021006-1023827-	gene-hvcn1	hvcn1	4479	1499	6	1128	GCF_000165045.1
Callorhinchus milii	vertebrate	kainate	KI635920.1:3406816-3623710-	gene-grik2	grik2	219827	99358	16	99358	GCF_000165045.1
Callorhinchus milii	vertebrate	kainate	KI635890.1:3888575-3949921+	gene-grik3	grik3	61859	11450	14	11450	GCF_000165045.1
Callorhinchus milii	vertebrate	kv_kcnq	KI635890.1:6141038-6283586+	gene-kcnq4	kcnq4	143406	91197	14	91197	GCF_000165045.1
Callorhinchus milii	vertebrate	kainate	KI636507.1:3391-31382+	gene-LOC103191086	LOC103191086	31709	3622	21	3622	GCF_000165045.1
Callorhinchus milii	vertebrate	kv_kcnq	KI635938.1:204462-236575+	gene-kcnq3	kcnq3	33487	6084	15	10973	GCF_000165045.1
Callorhinchus milii	vertebrate	itpr	KI635961.1:1586111-1718551-	gene-itpr1	itpr1	133548	22743	58	22743	GCF_000165045.1
Callorhinchus milii	vertebrate	itpr	KI636089.1:320703-408936+	gene-itpr2	itpr2	89114	18059	57	18059	GCF_000165045.1
Callorhinchus milii	vertebrate	itpr	KI635887.1:4055152-4157818-	gene-itpr3	itpr3	104516	10847	59	10847	GCF_000165045.1
Callorhinchus milii	vertebrate	k2p	KI635880.1:1337025-1415923-	gene-kcnk3	kcnk3	79208	77990	2	77990	GCF_000165045.1
Callorhinchus milii	vertebrate	k2p	KI635938.1:851798-884411-	gene-kcnk9	kcnk9	33271	31222	2	31222	GCF_000165045.1
Callorhinchus milii	vertebrate	k2p	KI636969.1:7427-8410+	gene-LOC103171775	LOC103171775	1037	0	1	0	GCF_000165045.1
Callorhinchus milii	vertebrate	k2p	KI635903.1:1054271-1055170+	gene-kcnk12	kcnk12	8191	7180	2	0	GCF_000165045.1
Callorhinchus milii	vertebrate	k2p	KI636496.1:47025-49220-	gene-LOC103191065	LOC103191065	2155	985	2	985	GCF_000165045.1
Callorhinchus milii	vertebrate	k2p	KI635968.1:607857-623142-	gene-kcnk10	kcnk10	13568	3389	6	3389	GCF_000165045.1
Callorhinchus milii	vertebrate	kv_eag	KI635968.1:1428729-1510647-	gene-kcnh5	kcnh5	82021	20887	12	20887	GCF_000165045.1
Callorhinchus milii	vertebrate	k2p	KI635988.1:1885663-1923539+	gene-kcnk2	kcnk2	52483	22809	10	22809	GCF_000165045.1
Callorhinchus milii	vertebrate	k2p	KI635882.1:4234636-4241363-	gene-LOC103178515	LOC103178515	6478	1377	4	1792	GCF_000165045.1
Callorhinchus milii	vertebrate	k2p	KI635916.1:18642-21365+	gene-kcnk1	kcnk1	4830	2076	2	2076	GCF_000165045.1
Callorhinchus milii	vertebrate	kv_modifier	KI635860.1:3185738-3220699-	gene-kcng1	kcng1	20328	10197	4	6337	GCF_000165045.1
Callorhinchus milii	vertebrate	kv_modifier	KI635934.1:3664807-3680673+	gene-kcng2	kcng2	9538	7961	2	7961	GCF_000165045.1
Callorhinchus milii	vertebrate	kv_modifier	KI635866.1:1842754-1845840+	gene-kcng4	kcng4	3276	1560	2	1560	GCF_000165045.1
Callorhinchus milii	vertebrate	piezo	KI635866.1:3949109-4029764+	gene-piezo1	piezo1	83568	25560	52	25560	GCF_000165045.1
Callorhinchus milii	vertebrate	kca_sk	KI635908.1:3461808-3645633-	gene-kcnn2	kcnn2	93479	37730	9	37730	GCF_000165045.1
Callorhinchus milii	vertebrate	nmda	KI635931.1:990668-1073849-	gene-grin1	grin1	34017	9339	20	5697	GCF_000165045.1
Callorhinchus milii	vertebrate	kca_slo	KI635931.1:2634367-2664988-	gene-kcnt1	kcnt1	88740	54396	30	4405	GCF_000165045.1
Callorhinchus milii	vertebrate	kca_slo	KI635895.1:4925623-5026551-	gene-kcnt2	kcnt2	137729	35126	29	21240	GCF_000165045.1
Callorhinchus milii	vertebrate	kir	KI635963.1:1414923-1416257-	gene-LOC103185142	LOC103185142	7334	5046	2	0	GCF_000165045.1
Callorhinchus milii	vertebrate	kir	AAVX02055323.1:134-1582-	gene-LOC103174031	LOC103174031	1331	0	1	0	GCF_000165045.1
Callorhinchus milii	vertebrate	kir	KI636109.1:331299-333058+	gene-kcnj6	kcnj6	12872	10071	4	436	GCF_000165045.1
Callorhinchus milii	vertebrate	kir	KI636133.1:3-7107-	gene-LOC103189544	LOC103189544	1144	0	1	5280	GCF_000165045.1
Callorhinchus milii	vertebrate	kir	KI636082.1:433504-435155+	gene-LOC103188714	LOC103188714	861	0	1	617	GCF_000165045.1
Callorhinchus milii	vertebrate	kir	KI635985.1:322880-323920+	gene-LOC103186046	LOC103186046	1710	0	1	0	GCF_000165045.1
Callorhinchus milii	vertebrate	nmda	KI635985.1:1391120-1491383+	gene-grin2a	grin2a	100248	47422	12	47422	GCF_000165045.1
Callorhinchus milii	vertebrate	kir	KI635898.1:378915-379862-	gene-kcnj1	kcnj1	28480	27092	2	0	GCF_000165045.1
Callorhinchus milii	vertebrate	pannexin	KI635898.1:563890-565861-	gene-panx3	panx3	2997	618	5	406	GCF_000165045.1
Callorhinchus milii	vertebrate	kir	KI636109.1:255683-256816-	gene-kcnj15	kcnj15	21601	20111	2	0	GCF_000165045.1
Callorhinchus milii	vertebrate	kir	KI637686.1:5014-7134+	gene-LOC103172478	LOC103172478	2546	536	3	536	GCF_000165045.1
Callorhinchus milii	vertebrate	kv_eag	KI635877.1:8544707-8673695-	gene-kcnh1	kcnh1	129416	62006	11	62006	GCF_000165045.1
Callorhinchus milii	vertebrate	kv_kcnq	KI636620.1:7204-26692-	gene-kcnq2	kcnq2	21291	5418	14	5418	GCF_000165045.1
Callorhinchus milii	vertebrate	kv_kcnq	KI635984.1:711024-821274+	gene-kcnq1	kcnq1	111091	32040	15	32040	GCF_000165045.1
Callorhinchus milii	vertebrate	kv_modifier	KI635891.1:2868485-2869897+	gene-kcns2	kcns2	1637	0	1	0	GCF_000165045.1
Callorhinchus milii	vertebrate	kv_modifier	KI636451.1:51128-54048-	gene-kcns1	kcns1	3407	1649	2	1649	GCF_000165045.1
Callorhinchus milii	vertebrate	kv_shaker	KI635973.1:1917812-1991955-	gene-LOC103185568	LOC103185568	5933	1954	2	0	GCF_000165045.1
Callorhinchus milii	vertebrate	kv_shaker	KI635973.1:2011619-2013022-	gene-LOC103185589	LOC103185589	3583	2144	2	0	GCF_000165045.1
Callorhinchus milii	vertebrate	kv_shaker	KI636127.1:232102-258725+	gene-LOC103189448	LOC103189448	2150	0	1	0	GCF_000165045.1
Callorhinchus milii	vertebrate	kv_shaker	KI635887.1:2069177-2082476+	gene-LOC103179087	LOC103179087	20400	11404	4	0	GCF_000165045.1
Callorhinchus milii	vertebrate	kv_shaker	KI635887.1:2124425-2125909+	gene-LOC103179088	LOC103179088	1485	0	1	0	GCF_000165045.1
Callorhinchus milii	vertebrate	kv_shaker	KI635987.1:1468798-1654638-	gene-kcnd2	kcnd2	195044	182078	7	182078	GCF_000165045.1
Callorhinchus milii	vertebrate	kv_shaker	KI635924.1:896763-924113-	gene-kcnd3	kcnd3	32328	26028	5	26028	GCF_000165045.1
Callorhinchus milii	vertebrate	kv_shaker	AAVX02062543.1:3-1079-	gene-LOC103174412	LOC103174412	1074	0	1	0	GCF_000165045.1
Callorhinchus milii	vertebrate	lrrc8	KI635954.1:1028977-1032144-	gene-lrrc8a	lrrc8a	10308	5193	3	729	GCF_000165045.1
Callorhinchus milii	vertebrate	lrrc8	KI636104.1:427819-430323-	gene-LOC103189101	LOC103189101	5048	1870	2	0	GCF_000165045.1
Callorhinchus milii	vertebrate	mcu	KI635857.1:8393846-8470622-	gene-mcu	mcu	77141	64538	8	64538	GCF_000165045.1
Callorhinchus milii	vertebrate	mcu	KI636123.1:34573-53842+	gene-ccdc109b	ccdc109b	11967	3011	7	4695	GCF_000165045.1
Callorhinchus milii	vertebrate	nachr	KI637620.1:4927-10551-	gene-LOC103172408	LOC103172408	5837	1946	5	1946	GCF_000165045.1
Callorhinchus milii	vertebrate	nachr	KI635875.1:6154286-6167351-	gene-chrnb3	chrnb3	27834	13857	6	6683	GCF_000165045.1
Callorhinchus milii	vertebrate	nachr	KI635875.1:6202890-6265668-	gene-LOC103177707	LOC103177707	51274	26776	7	16165	GCF_000165045.1
Callorhinchus milii	vertebrate	nalcn	KI635861.1:4166261-4433816+	gene-nalcn	nalcn	211647	28789	45	28789	GCF_000165045.1
Callorhinchus milii	vertebrate	trpml	KI635861.1:8848857-8867717+	gene-mcoln3	mcoln3	9901	1183	15	864	GCF_000165045.1
Callorhinchus milii	vertebrate	nav	KI635868.1:1187478-1233708+	gene-LOC103176362	LOC103176362	50586	6166	27	6166	GCF_000165045.1
Callorhinchus milii	vertebrate	nav	KI636039.1:85739-202213-	gene-scn4a	scn4a	30328	3651	27	2124	GCF_000165045.1
Callorhinchus milii	vertebrate	nav	KI635876.1:6537126-6602088-	gene-LOC103177883	LOC103177883	66554	7844	23	7844	GCF_000165045.1
Callorhinchus milii	vertebrate	nav	KI636199.1:564-26966+	gene-scn8a	scn8a	26853	8942	19	8885	GCF_000165045.1
Callorhinchus milii	vertebrate	nmda	KI636656.1:16567-30419-	gene-grin2b	grin2b	13839	2597	8	2597	GCF_000165045.1
Callorhinchus milii	vertebrate	p2x	KI635945.1:3215561-3225200+	gene-p2rx2	p2rx2	9676	3709	10	3709	GCF_000165045.1
Callorhinchus milii	vertebrate	trpm	KI635870.1:555276-586256-	gene-trpm2	trpm2	46833	8559	36	1506	GCF_000165045.1
Callorhinchus milii	vertebrate	orai	KI635901.1:1586128-1681750+	gene-LOC103180533	LOC103180533	77135	63772	5	9282	GCF_000165045.1
Callorhinchus milii	vertebrate	trpv	KI635901.1:2781252-2888886+	gene-trpv1	trpv1	13928	2930	16	4742	GCF_000165045.1
Callorhinchus milii	vertebrate	osca_tmem63	KI636173.1:104911-151574-	gene-tmem63c	tmem63c	35026	8927	24	5167	GCF_000165045.1
Callorhinchus milii	vertebrate	osca_tmem63	KI635888.1:525510-664443-	gene-LOC103179195	LOC103179195	57561	8101	24	8101	GCF_000165045.1
Callorhinchus milii	vertebrate	osca_tmem63	KI635888.1:508371-569805+	gene-LOC103179196	LOC103179196	31289	7994	24	22171	GCF_000165045.1
Callorhinchus milii	vertebrate	otop	KI635965.1:2249505-2257285+	gene-LOC103185248	LOC103185248	7763	2855	6	2855	GCF_000165045.1
Callorhinchus milii	vertebrate	piezo	KI635860.1:7200850-7307346+	gene-LOC103173000	LOC103173000	54503	4072	54	4933	GCF_000165045.1
Callorhinchus milii	vertebrate	ryr	KI636237.1:31142-151248+	gene-ryr1	ryr1	116754	7805	105	6559	GCF_000165045.1
Callorhinchus milii	vertebrate	ryr	KI635885.1:2442656-2700605+	gene-ryr2	ryr2	262133	14490	103	14490	GCF_000165045.1
Callorhinchus milii	vertebrate	tmc	KI635923.1:2785573-2923105+	gene-tmc1	tmc1	47096	7748	20	17214	GCF_000165045.1
Callorhinchus milii	vertebrate	tmem175	KI635904.1:1454654-1473167-	gene-tmem175	tmem175	19083	4321	10	4321	GCF_000165045.1
Callorhinchus milii	vertebrate	tpc	KI635948.1:1873044-1970069+	gene-tpcn1	tpcn1	23273	1434	27	1434	GCF_000165045.1
Callorhinchus milii	vertebrate	tric	KI635939.1:848280-862825-	gene-tmem38a	tmem38a	16806	10272	7	10272	GCF_000165045.1
Callorhinchus milii	vertebrate	tric	KI635878.1:2219943-2250384+	gene-LOC103178060	LOC103178060	32080	9864	6	9864	GCF_000165045.1
Callorhinchus milii	vertebrate	trpc	KI636062.1:211669-243707-	gene-trpc3	trpc3	43400	10087	13	8895	GCF_000165045.1
Callorhinchus milii	vertebrate	trpm	KI636021.1:118940-278611-	gene-trpm3	trpm3	292682	208680	27	50784	GCF_000165045.1
Callorhinchus milii	vertebrate	trpm	KI635923.1:3672275-3725397-	gene-trpm6	trpm6	63762	9807	39	4696	GCF_000165045.1
Callorhinchus milii	vertebrate	trpml	KI636397.1:6571-23472-	gene-LOC103190825	LOC103190825	18378	3851	13	3851	GCF_000165045.1
Callorhinchus milii	vertebrate	trpp	KI635875.1:1937507-2008807+	gene-pkd2	pkd2	35853	6751	15	6751	GCF_000165045.1
Callorhinchus milii	vertebrate	trpv	KI635945.1:2225958-2341887-	gene-trpv4	trpv4	27078	7977	16	4011	GCF_000165045.1
Callorhinchus milii	vertebrate	tweety	KI636008.1:118422-237645-	gene-ttyh3	ttyh3	43478	13713	15	13713	GCF_000165045.1
Callorhinchus milii	vertebrate	vdac	KI638886.1:947-3569-	gene-LOC103173361	LOC103173361	3138	846	5	915	GCF_000165045.1
Callorhinchus milii	vertebrate	clcc1	r4_KI635861.1:12551823-12559149-	gene-clcc1	clcc1	10706	1507	11	1513	GCF_000165045.1
Callorhinchus milii	vertebrate	gphr	r4_KI635874.1:8736590-8767034-	gene-gpr89b	gpr89b	32827	13370	14	13370	GCF_000165045.1
Callorhinchus milii	vertebrate	mitok	r4_KI635869.1:1375562-1457943-	gene-ccdc51	ccdc51	3559	1284	3	1284	GCF_000165045.1
Callorhinchus milii	vertebrate	pacc	r4_KI635988.1:1029194-1038237-	gene-tmem206	tmem206	11145	2408	7	2408	GCF_000165045.1
Callorhinchus milii	vertebrate	tmco1	r4_KI635895.1:3945499-3951748+	gene-tmco1	tmco1	7191	1537	7	1537	GCF_000165045.1
Callorhinchus milii	vertebrate	tmem87	r4_KI635885.1:4591249-4613654-	gene-tmem87b	tmem87b	24217	3423	20	3187	GCF_000165045.1
Danio rerio	vertebrate	clic	NC_133176.1:2304002-2725690-	gene-LOC100333907	LOC100333907	29291	11304	8	289680	GCF_049306965.2
Danio rerio	vertebrate	nmda	NC_133176.1:10194355-10333260-	gene-grin2ab	grin2ab	163824	117672	16	94672	GCF_049306965.2
Danio rerio	vertebrate	trpc	NC_133176.1:11472483-11992270-	gene-trpc5a	trpc5a	146383	46737	14	42826	GCF_049306965.2
Danio rerio	vertebrate	tweety	NC_133176.1:13195042-13258996-	gene-ttyh3b	ttyh3b	69070	17517	15	17517	GCF_049306965.2
Danio rerio	vertebrate	ampa	NC_133176.1:22895732-22979636-	gene-gria2a	gria2a	85897	48643	17	48643	GCF_049306965.2
Danio rerio	vertebrate	nachr	NC_133176.1:23804847-23970441-	gene-chrnb3a	chrnb3a	51307	36917	6	8063	GCF_049306965.2
Danio rerio	vertebrate	nachr	NC_133176.1:24053453-24144197-	gene-chrna6	chrna6	29881	12856	6	5225	GCF_049306965.2
Danio rerio	vertebrate	kv_kcnq	NC_133176.1:34611999-35292293-	gene-kcnq5b	kcnq5b	198337	144255	14	144255	GCF_049306965.2
Danio rerio	vertebrate	glyr	NC_133176.1:41535715-41639563-	gene-glra3	glra3	105991	45117	10	45117	GCF_049306965.2
Danio rerio	vertebrate	cng	NC_133176.1:47153069-47155630-	gene-cnga1a	cnga1a	4898	1378	7	405	GCF_049306965.2
Danio rerio	vertebrate	nmda	NC_133176.1:48203933-49305525-	gene-grin2bb	grin2bb	193567	69465	17	496694	GCF_049306965.2
Danio rerio	vertebrate	calhm	NC_133176.1:52815435-52818633-	gene-calhm1b	calhm1b	6259	1969	4	1969	GCF_049306965.2
Danio rerio	vertebrate	otop	NC_133189.1:75234-145119+	gene-otop1	otop1	9955	2424	6	2237	GCF_049306965.2
Danio rerio	vertebrate	trpc	NC_133189.1:2046973-2110535+	gene-trpc7b	trpc7b	102566	26142	12	19659	GCF_049306965.2
Danio rerio	vertebrate	trpc	NC_133189.1:3919385-3972505+	gene-trpc3	trpc3	64899	18947	12	18941	GCF_049306965.2
Danio rerio	vertebrate	k2p	NC_133189.1:9267430-9295152+	gene-kcnk4a	kcnk4a	23470	17402	9	17402	GCF_049306965.2
Danio rerio	vertebrate	cng	NC_133189.1:13900825-14405000+	gene-cnga2a	cnga2a	91347	42464	6	42464	GCF_049306965.2
Danio rerio	vertebrate	gabaa	NC_133189.1:26206818-26561783+	gene-gabrb2a	gabrb2a	101912	35306	10	35306	GCF_049306965.2
Danio rerio	vertebrate	glyr	NC_133189.1:30047821-30179408+	gene-glra1	glra1	89054	35028	10	35028	GCF_049306965.2
Danio rerio	vertebrate	clic	NC_133189.1:38463191-38468137+	gene-clic2	clic2	9289	3657	6	1959	GCF_049306965.2
Danio rerio	vertebrate	ampa	NC_133189.1:39989908-40420507+	gene-gria2b	gria2b	67498	31455	17	31455	GCF_049306965.2
Danio rerio	vertebrate	nachr	NC_133189.1:46113405-46141471+	gene-chrnb5b	chrnb5b	39562	24015	7	9389	GCF_049306965.2
Danio rerio	vertebrate	lrrc8	NC_133196.1:5160337-5180940+	gene-lrrc8aa	lrrc8aa	48588	27376	7	5236	GCF_049306965.2
Danio rerio	vertebrate	nmda	NC_133196.1:12838558-13393571+	gene-grin1a	grin1a	34375	9304	23	9304	GCF_049306965.2
Danio rerio	vertebrate	p2x	NC_133196.1:16906471-17201571+	gene-p2rx4a	p2rx4a	9318	2961	12	225299	GCF_049306965.2
Danio rerio	vertebrate	k2p	NC_133196.1:22812763-22816720+	gene-kcnk12l	kcnk12l	6455	2611	3	2611	GCF_049306965.2
Danio rerio	vertebrate	ampa	NC_133196.1:23365706-23541688+	gene-gria4b	gria4b	177795	87363	17	87363	GCF_049306965.2
Danio rerio	vertebrate	ht3	NC_133196.1:24550522-24591754+	gene-htr3a	htr3a	16422	4470	9	4470	GCF_049306965.2
Danio rerio	vertebrate	k2p	NC_133196.1:29666954-29677480+	gene-kcnk4b	kcnk4b	21278	5452	9	5307	GCF_049306965.2
Danio rerio	vertebrate	trpc	NC_133196.1:37869651-38321271+	gene-trpc5b	trpc5b	69687	20246	11	20196	GCF_049306965.2
Danio rerio	vertebrate	gabaa	NC_133196.1:45933805-46085330+	gene-gabrb2b	gabrb2b	153431	64573	10	64573	GCF_049306965.2
Danio rerio	vertebrate	ano_scramblase	NC_133190.1:4321856-4344279-	gene-ano7	ano7	33496	7938	24	3786	GCF_049306965.2
Danio rerio	vertebrate	kir	NC_133190.1:39752081-40186238-	gene-kcnj20	kcnj20	16909	6602	4	374905	GCF_049306965.2
Danio rerio	vertebrate	trpc	NC_133190.1:41051870-41330150-	gene-trpc2a	trpc2a	23725	4409	13	177061	GCF_049306965.2
Danio rerio	vertebrate	ampa	NC_133190.1:47273016-47797965-	gene-gria4a	gria4a	203329	50341	17	50341	GCF_049306965.2
Danio rerio	vertebrate	nachr	NC_133189.1:888671-895904-	gene-LOC798522	LOC798522	11881	2708	10	2708	GCF_049306965.2
Danio rerio	vertebrate	gabaa	NC_133189.1:5142701-5217402-	gene-gabra4	gabra4	75946	21408	9	21408	GCF_049306965.2
Danio rerio	vertebrate	ampa	NC_133189.1:13097729-13628594-	gene-gria3b	gria3b	302038	74738	16	74738	GCF_049306965.2
Danio rerio	vertebrate	p2x	NC_133189.1:26257000-26267981-	gene-p2rx3a	p2rx3a	14021	2974	13	2974	GCF_049306965.2
Danio rerio	vertebrate	ampa	NC_133189.1:38718565-38902916-	gene-gria1a	gria1a	402867	166885	18	39435	GCF_049306965.2
Danio rerio	vertebrate	glyr	NC_133189.1:43600195-43677043-	gene-glra4a	glra4a	77772	49009	9	49009	GCF_049306965.2
Danio rerio	vertebrate	trpv	NC_133180.1:20042250-20561302-	gene-trpv4	trpv4	51110	9292	17	9092	GCF_049306965.2
Danio rerio	vertebrate	glyr	NC_133180.1:23204210-23231245-	gene-glra4b	glra4b	31887	9307	11	12834	GCF_049306965.2
Danio rerio	vertebrate	ampa	NC_133180.1:24036381-24108554-	gene-gria3a	gria3a	76862	15110	18	15110	GCF_049306965.2
Danio rerio	vertebrate	tmc	NC_133180.1:26239421-26289927-	gene-tmc2b	tmc2b	27251	5941	20	5941	GCF_049306965.2
Danio rerio	vertebrate	cav	NC_133180.1:29651767-30108311-	gene-cacna1ba	cacna1ba	189849	52565	50	52565	GCF_049306965.2
Danio rerio	vertebrate	nmda	NC_133180.1:30143511-30267465-	gene-grin1b	grin1b	43352	11798	21	4941	GCF_049306965.2
Danio rerio	vertebrate	p2x	NC_133180.1:32062194-32086674-	gene-p2rx1	p2rx1	38677	19363	13	9072	GCF_049306965.2
Danio rerio	vertebrate	tric	NC_133196.1:307212-769834-	gene-tmem38b	tmem38b	25164	7637	6	439019	GCF_049306965.2
Danio rerio	vertebrate	kca_slo	NC_133196.1:5746191-5789733-	gene-kcnt1a	kcnt1a	64263	10216	31	4182	GCF_049306965.2
Danio rerio	vertebrate	hcn	NC_133196.1:11218873-12223483-	gene-hcn1	hcn1	196676	72129	9	72129	GCF_049306965.2
Danio rerio	vertebrate	cav	NC_133196.1:15802378-16034384-	gene-cacna1bb	cacna1bb	264119	81950	50	81950	GCF_049306965.2
Danio rerio	vertebrate	trpc	NC_133196.1:23824843-24269687-	gene-trpc6a	trpc6a	13172	3253	13	3253	GCF_049306965.2
Danio rerio	vertebrate	ampa	NC_133196.1:29231753-29338351-	gene-gria1b	gria1b	111088	18876	16	18876	GCF_049306965.2
Danio rerio	vertebrate	nachr	NC_133196.1:43601112-43611858-	gene-LOC101882637	LOC101882637	20290	4020	5	3569	GCF_049306965.2
Danio rerio	vertebrate	gabaa	NC_133196.1:45561545-45637449-	gene-gabrg2	gabrg2	101988	32749	10	32749	GCF_049306965.2
Danio rerio	vertebrate	gabaa	NC_133196.1:45823384-45864408-	gene-gabra6b	gabra6b	58352	18198	10	16006	GCF_049306965.2
Danio rerio	vertebrate	gabaa	NC_133196.1:48180857-48534815-	gene-gabrb4	gabrb4	110294	48824	10	48824	GCF_049306965.2
Danio rerio	vertebrate	vdac	NC_133196.1:49352686-49504079-	gene-vdac1	vdac1	19511	7087	9	3827	GCF_049306965.2
Danio rerio	vertebrate	ano_channel	NC_133179.1:4244364-5207010+	gene-ano2b	ano2b	90691	27512	27	27512	GCF_049306965.2
Danio rerio	vertebrate	kv_shaker	NC_133179.1:10933474-11541184+	gene-kcnd2	kcnd2	196082	174164	7	423329	GCF_049306965.2
Danio rerio	vertebrate	kir	NC_133179.1:15299991-15302094+	gene-kcnj8	kcnj8	6798	1102	2	1102	GCF_049306965.2
Danio rerio	vertebrate	cav	NC_133179.1:20584415-21641637+	gene-cacna1c	cacna1c	171219	62667	49	56235	GCF_049306965.2
Danio rerio	vertebrate	kv_shaker	NC_133200.1:21067336-21201071+	gene-kcna6a	kcna6a	7948	1695	2	0	GCF_049306965.2
Danio rerio	vertebrate	kv_shaker	NC_133200.1:21207931-21209409+	gene-kcna1a	kcna1a	8284	323	2	0	GCF_049306965.2
Danio rerio	vertebrate	kir	NC_133200.1:24061218-24062294+	gene-kcnj11	kcnj11	1146	0	1	0	GCF_049306965.2
Danio rerio	vertebrate	trpm	NC_133200.1:37025594-38245533+	gene-trpm1b	trpm1b	152538	51419	30	423787	GCF_049306965.2
Danio rerio	vertebrate	ano_channel	NC_133200.1:39896494-40278176+	gene-ano1b	ano1b	29883	4254	25	3304	GCF_049306965.2
Danio rerio	vertebrate	ano_channel	NC_133193.1:8414846-9017446+	gene-ano2a	ano2a	72329	15632	27	15623	GCF_049306965.2
Danio rerio	vertebrate	kv_modifier	NC_133193.1:15369731-15882640+	gene-kcng4a	kcng4a	52893	48603	3	48603	GCF_049306965.2
Danio rerio	vertebrate	itpr	NC_133193.1:17195811-17751485+	gene-itpr2	itpr2	164623	29190	57	29190	GCF_049306965.2
Danio rerio	vertebrate	cftr	NC_133193.1:22065903-22111379+	gene-cftr	cftr	46201	6141	27	6141	GCF_049306965.2
Danio rerio	vertebrate	trpc	NC_133193.1:44712972-44743251+	gene-trpc6b	trpc6b	36395	8750	12	8750	GCF_049306965.2
Danio rerio	vertebrate	kir	NC_133193.1:51537312-51742294+	gene-kcnj5	kcnj5	71126	36065	4	19366	GCF_049306965.2
Danio rerio	vertebrate	nachr	NC_133193.1:53730176-53851152+	gene-chrna3	chrna3	11925	2667	8	2667	GCF_049306965.2
Danio rerio	vertebrate	tmc	NC_133182.1:11584641-11640433-	gene-tmc3	tmc3	86049	14545	26	14545	GCF_049306965.2
Danio rerio	vertebrate	trpm	NC_133182.1:29356307-29704106-	gene-trpm1a	trpm1a	163655	123419	27	304378	GCF_049306965.2
Danio rerio	vertebrate	kv_shaker	NC_133182.1:32645678-32647447-	gene-kcna4	kcna4	61891	56829	3	0	GCF_049306965.2
Danio rerio	vertebrate	ano_scramblase	NC_133182.1:32885835-32915712-	gene-ano5b	ano5b	61613	14791	20	6937	GCF_049306965.2
Danio rerio	vertebrate	piezo	NC_133182.1:56287917-56808945-	gene-piezo1	piezo1	190526	63415	51	63415	GCF_049306965.2
Danio rerio	vertebrate	nachr	NC_133182.1:68595484-68610397-	gene-chrna7a	chrna7a	28397	5890	10	5890	GCF_049306965.2
Danio rerio	vertebrate	ano_channel	NC_133182.1:68931922-69635033-	gene-ano1a	ano1a	330571	192872	30	17421	GCF_049306965.2
Danio rerio	vertebrate	tpc	NC_133182.1:69983785-70027050-	gene-tpcn2	tpcn2	47068	6880	25	6880	GCF_049306965.2
Danio rerio	vertebrate	kainate	NC_133179.1:1267313-1762314-	gene-LOC101885658	LOC101885658	100505	51806	18	16515	GCF_049306965.2
Danio rerio	vertebrate	ano_scramblase	NC_133179.1:2208186-2236126-	gene-ano6	ano6	37533	5147	20	3365	GCF_049306965.2
Danio rerio	vertebrate	osca_tmem63	NC_133179.1:6089371-6382983-	gene-tmem63a	tmem63a	83890	38767	28	2774	GCF_049306965.2
Danio rerio	vertebrate	kv_shaker	NC_133179.1:71276639-71578239-	gene-LOC100004160	LOC100004160	76831	73344	2	0	GCF_049306965.2
Danio rerio	vertebrate	kv_shaker	NC_133179.1:71671605-71680117-	gene-kcna1b	kcna1b	5965	2581	2	0	GCF_049306965.2
Danio rerio	vertebrate	kv_shaker	NC_133179.1:71731749-71869105-	gene-LOC100536252	LOC100536252	1970	0	1	0	GCF_049306965.2
Danio rerio	vertebrate	k2p	NC_133198.1:219612-647510-	gene-kcnk15	kcnk15	4244	2523	2	2523	GCF_049306965.2
Danio rerio	vertebrate	ano_scramblase	NC_133198.1:27113753-27134187-	gene-ano11	ano11	26310	4031	24	4031	GCF_049306965.2
Danio rerio	vertebrate	nav	NC_133198.1:29839498-30256474-	gene-scn8aa	scn8aa	95454	17837	27	17837	GCF_049306965.2
Danio rerio	vertebrate	trpml	NC_133198.1:49808819-50386093-	gene-mcoln3b	mcoln3b	23549	6867	14	2301	GCF_049306965.2
Danio rerio	vertebrate	nav	NC_133187.1:5281222-5922265+	gene-scn4aa	scn4aa	39947	12627	26	7232	GCF_049306965.2
Danio rerio	vertebrate	kv_eag	NC_133187.1:9877085-10037221+	gene-kcnh6b	kcnh6b	33335	4813	12	3814	GCF_049306965.2
Danio rerio	vertebrate	delta_glur	NC_133187.1:12668280-13405317+	gene-grid1b	grid1b	737720	398608	17	398608	GCF_049306965.2
Danio rerio	vertebrate	cav	NC_133187.1:29699071-29922653+	gene-cacna1g	cacna1g	403758	153927	39	25296	GCF_049306965.2
Danio rerio	vertebrate	gabaa	NC_133187.1:30504635-30940775+	gene-gabrz	gabrz	48673	17889	10	193664	GCF_049306965.2
Danio rerio	vertebrate	k2p	NC_133187.1:32593876-32599588+	gene-kcnk1a	kcnk1a	6634	2540	4	2540	GCF_049306965.2
Danio rerio	vertebrate	tweety	NC_133187.1:40528879-40652418+	gene-ttyh2	ttyh2	125778	41512	15	41512	GCF_049306965.2
Danio rerio	vertebrate	ryr	NC_133187.1:49242073-49517655+	gene-ryr2a	ryr2a	276683	48214	105	48214	GCF_049306965.2
Danio rerio	vertebrate	kca_slo	NC_133187.1:51061295-51627666+	gene-kcnma1b	kcnma1b	144706	52026	32	52026	GCF_049306965.2
Danio rerio	vertebrate	ano_scramblase	NC_133186.1:6094207-6118142-	gene-ano8b	ano8b	41130	10318	24	3272	GCF_049306965.2
Danio rerio	vertebrate	nachr	NC_133186.1:13471287-13484509-	gene-chrna4b	chrna4b	21960	8315	6	6628	GCF_049306965.2
Danio rerio	vertebrate	itpr	NC_133186.1:38163541-38399643-	gene-itpr1b	itpr1b	246804	32184	64	32184	GCF_049306965.2
Danio rerio	vertebrate	cav	NC_133186.1:38790877-39788697-	gene-cacna1da	cacna1da	175938	35388	50	35388	GCF_049306965.2
Danio rerio	vertebrate	osca_tmem63	NC_133186.1:45597802-45960915-	gene-tmem63bb	tmem63bb	101542	35976	24	13736	GCF_049306965.2
Danio rerio	vertebrate	clc_channel	NC_133177.1:19259048-19760617-	gene-clcn2a	clcn2a	165629	62531	25	58075	GCF_049306965.2
Danio rerio	vertebrate	ano_scramblase	NC_133177.1:27656821-27675723-	gene-ano8a	ano8a	29117	4158	17	2750	GCF_049306965.2
Danio rerio	vertebrate	kca_sk	NC_133177.1:27744347-28115919-	gene-kcnn1a	kcnn1a	72125	39418	11	227337	GCF_049306965.2
Danio rerio	vertebrate	bestrophin	NC_133177.1:29716543-29848008-	gene-best4	best4	10060	2098	11	1645	GCF_049306965.2
Danio rerio	vertebrate	trpa	NC_133177.1:33076755-33477199-	gene-trpa1a	trpa1a	18975	2145	28	2145	GCF_049306965.2
Danio rerio	vertebrate	kv_kcnq	NC_133177.1:45654364-46228865-	gene-kcnq3	kcnq3	85946	50243	16	493907	GCF_049306965.2
Danio rerio	vertebrate	kir	NC_133177.1:52150831-52314910-	gene-kcnj9	kcnj9	45107	15404	9	6819	GCF_049306965.2
Danio rerio	vertebrate	nav	NC_133177.1:55281303-55409473-	gene-scn12aa	scn12aa	155028	24816	27	19104	GCF_049306965.2
Danio rerio	vertebrate	nachr	NC_133200.1:1476211-1505030-	gene-LOC101882451	LOC101882451	31895	6102	10	6102	GCF_049306965.2
Danio rerio	vertebrate	kv_kcnq	NC_133200.1:2775048-3212186-	gene-kcnq1.2	kcnq1.2	234546	73702	20	73702	GCF_049306965.2
Danio rerio	vertebrate	bestrophin	NC_133200.1:3271017-3664710-	gene-best1	best1	25270	6294	11	5171	GCF_049306965.2
Danio rerio	vertebrate	ano_scramblase	NC_133200.1:14460551-14468305-	gene-ano10b	ano10b	24928	5124	15	2485	GCF_049306965.2
Danio rerio	vertebrate	hcn	NC_133200.1:31360829-32013795-	gene-hcn4l	hcn4l	109168	39918	8	39918	GCF_049306965.2
Danio rerio	vertebrate	kir	NC_133178.1:698695-1563750+	gene-kcnj4	kcnj4	18491	8423	3	0	GCF_049306965.2
Danio rerio	vertebrate	kir	NC_133178.1:10902829-11369807+	gene-kcnj2b	kcnj2b	9946	2962	2	0	GCF_049306965.2
Danio rerio	vertebrate	kir	NC_133178.1:15128899-15130188+	gene-kcnj12b	kcnj12b	12775	8980	2	0	GCF_049306965.2
Danio rerio	vertebrate	nav	NC_133178.1:21009131-21252933+	gene-scn4ab	scn4ab	72071	29905	25	6802	GCF_049306965.2
Danio rerio	vertebrate	nmda	NC_133178.1:25814910-26349164+	gene-grin2aa	grin2aa	205628	113578	14	113578	GCF_049306965.2
Danio rerio	vertebrate	cav	NC_133178.1:27927173-28095448+	gene-cacna1ia	cacna1ia	413851	116909	39	27081	GCF_049306965.2
Danio rerio	vertebrate	kv_shaker	NC_133178.1:28729864-28744189+	gene-kcna7	kcna7	19119	12868	3	12889	GCF_049306965.2
Danio rerio	vertebrate	trpm	NC_133178.1:31045569-31329696+	gene-trpm4a	trpm4a	26300	3914	29	262051	GCF_049306965.2
Danio rerio	vertebrate	asic	NC_133178.1:36697416-37498991+	gene-asic2	asic2	805805	681667	11	681667	GCF_049306965.2
Danio rerio	vertebrate	kir	NC_133178.1:37668144-37733830+	gene-kcnj19a	kcnj19a	164811	112085	3	50031	GCF_049306965.2
Danio rerio	vertebrate	cav	NC_133178.1:38799848-39325066+	gene-cacna1ha	cacna1ha	260158	89372	36	421717	GCF_049306965.2
Danio rerio	vertebrate	tweety	NC_133178.1:54064628-54166505+	gene-ttyh2l	ttyh2l	103044	34727	14	34727	GCF_049306965.2
Danio rerio	vertebrate	otop	NC_133178.1:61027784-61038366+	gene-otop2	otop2	68224	51617	8	2517	GCF_049306965.2
Danio rerio	vertebrate	cav	NC_133197.1:472569-1177906-	gene-cacna1sa	cacna1sa	58002	7039	44	7039	GCF_049306965.2
Danio rerio	vertebrate	asic	NC_133197.1:7437147-7803532-	gene-asic1b	asic1b	383191	271736	11	271736	GCF_049306965.2
Danio rerio	vertebrate	asic	NC_133183.1:8172362-8858876+	gene-asic1a	asic1a	54762	23631	11	23631	GCF_049306965.2
Danio rerio	vertebrate	kv_shaker	NC_133183.1:11432029-11550074+	gene-kcnd1	kcnd1	138312	93145	11	93145	GCF_049306965.2
Danio rerio	vertebrate	cav	NC_133183.1:16475034-17047891+	gene-cacna1ea	cacna1ea	219037	57990	49	273674	GCF_049306965.2
Danio rerio	vertebrate	itpr	NC_133183.1:23155025-23590080+	gene-itpr3	itpr3	98874	25365	60	6011	GCF_049306965.2
Danio rerio	vertebrate	cav	NC_133183.1:24273259-25236714+	gene-cacna1fb	cacna1fb	76131	13597	48	13597	GCF_049306965.2
Danio rerio	vertebrate	cav	NC_133183.1:27540231-27705836+	gene-cacna1sb	cacna1sb	40765	5673	45	5673	GCF_049306965.2
Danio rerio	vertebrate	kv_shaker	NC_133183.1:30005640-30163677+	gene-kcnd3	kcnd3	170735	131490	8	131490	GCF_049306965.2
Danio rerio	vertebrate	delta_glur	NC_133183.1:30982722-31669757+	gene-grid2	grid2	704448	284791	18	284791	GCF_049306965.2
Danio rerio	vertebrate	p2x	NC_133183.1:32422809-32837725+	gene-p2rx4b	p2rx4b	10226	1746	13	1746	GCF_049306965.2
Danio rerio	vertebrate	orai	NC_133183.1:48469358-48866581+	gene-orai1a	orai1a	12112	8375	2	25426	GCF_049306965.2
Danio rerio	vertebrate	cav	NC_133183.1:62940031-63983547+	gene-cacna1db	cacna1db	64088	11265	48	11265	GCF_049306965.2
Danio rerio	vertebrate	asic	NC_133199.1:38031905-38217841-	gene-asic1c	asic1c	190325	151165	12	151165	GCF_049306965.2
Danio rerio	vertebrate	kir	NC_133199.1:42562333-43063145-	gene-kcnj12a	kcnj12a	26951	21347	2	0	GCF_049306965.2
Danio rerio	vertebrate	asic	NC_133184.1:10971552-11348021+	gene-asic4a	asic4a	190694	163827	10	163827	GCF_049306965.2
Danio rerio	vertebrate	connexin	NC_133184.1:23023727-23025031+	gene-gja3	gja3	5780	1190	3	0	GCF_049306965.2
Danio rerio	vertebrate	cng	NC_133184.1:34471956-34627051+	gene-cnga4	cnga4	39921	23513	9	5103	GCF_049306965.2
Danio rerio	vertebrate	kv_eag	NC_133184.1:52915800-53151260+	gene-kcnh7b	kcnh7b	186357	67198	16	67198	GCF_049306965.2
Danio rerio	vertebrate	glyr	NC_133184.1:57143486-57195848+	gene-glra2	glra2	56799	15409	9	15409	GCF_049306965.2
Danio rerio	vertebrate	cav	NC_133181.1:626431-684328+	gene-cacna1ib	cacna1ib	98319	29468	38	11694	GCF_049306965.2
Danio rerio	vertebrate	kv_eag	NC_133181.1:11408166-11534992+	gene-kcnh7a	kcnh7a	156973	35590	17	35590	GCF_049306965.2
Danio rerio	vertebrate	asic	NC_133181.1:14576972-14657884+	gene-asic4b	asic4b	750743	728175	10	59319	GCF_049306965.2
Danio rerio	vertebrate	connexin	NC_133181.1:19468281-19469147+	gene-si:dkey-91f15.8	si:dkey-91f15.8	10014	3943	3	0	GCF_049306965.2
Danio rerio	vertebrate	connexin	NC_133181.1:19508626-19509444+	gene-gjc4a.2	gjc4a.2	12230	8587	3	0	GCF_049306965.2
Danio rerio	vertebrate	gabaa	NC_133181.1:40975635-41068474+	gene-gabrb3	gabrb3	138869	44339	11	44339	GCF_049306965.2
Danio rerio	vertebrate	itpr	NC_133181.1:42482322-42545935+	gene-itpr1a	itpr1a	69235	7631	61	4110	GCF_049306965.2
Danio rerio	vertebrate	kv_shaker	NC_133181.1:51992051-51993502+	gene-kcna3a	kcna3a	3223	0	1	0	GCF_049306965.2
Danio rerio	vertebrate	kv_shaker	NC_133181.1:52039075-52040556+	gene-LOC100537815	LOC100537815	11583	2613	3	0	GCF_049306965.2
Danio rerio	vertebrate	kv_kcnq	NC_133181.1:60798386-61747821+	gene-kcnq2b	kcnq2b	117437	34657	20	34657	GCF_049306965.2
Danio rerio	vertebrate	nmda	NC_133178.1:190265-269769-	gene-grin2ba	grin2ba	48937	16863	18	16863	GCF_049306965.2
Danio rerio	vertebrate	trpml	NC_133178.1:4326388-4863154-	gene-mcoln1b	mcoln1b	71284	16650	14	356821	GCF_049306965.2
Danio rerio	vertebrate	nmda	NC_133178.1:17468251-17875169-	gene-grin2ca	grin2ca	129601	41897	14	21354	GCF_049306965.2
Danio rerio	vertebrate	kv_eag	NC_133178.1:30520520-30574474-	gene-kcnh6a	kcnh6a	55329	16680	16	16689	GCF_049306965.2
Danio rerio	vertebrate	cav	NC_133178.1:32567019-32731387-	gene-cacna1aa	cacna1aa	156211	23739	53	23739	GCF_049306965.2
Danio rerio	vertebrate	tweety	NC_133178.1:40985740-41109275-	gene-ttyh3a	ttyh3a	125792	29800	14	29800	GCF_049306965.2
Danio rerio	vertebrate	kca_slo	NC_133178.1:47998205-48111696-	gene-kcnt2b	kcnt2b	187773	71505	30	34522	GCF_049306965.2
Danio rerio	vertebrate	kv_shaker	NC_133198.1:5062494-5063942+	gene-LOC100330283	LOC100330283	2152	41	2	0	GCF_049306965.2
Danio rerio	vertebrate	kv_shaker	NC_133198.1:5110697-5112184+	gene-kcna2b	kcna2b	24178	20622	3	0	GCF_049306965.2
Danio rerio	vertebrate	kv_modifier	NC_133198.1:42177818-42621231+	gene-kcng1	kcng1	54100	41671	3	9294	GCF_049306965.2
Danio rerio	vertebrate	cng	NC_133198.1:47396179-47942815+	gene-cnga1b	cnga1b	19558	4752	10	3428	GCF_049306965.2
Danio rerio	vertebrate	lrrc8	NC_133181.1:194612-198558-	gene-si:zfos-323e3.4	si:zfos-323e3.4	6162	1571	3	1571	GCF_049306965.2
Danio rerio	vertebrate	nav	NC_133181.1:11137331-11523101-	gene-scn1lab	scn1lab	76979	15507	27	7693	GCF_049306965.2
Danio rerio	vertebrate	kir	NC_133181.1:14247604-14277040-	gene-kcnj3b	kcnj3b	32621	26955	4	26955	GCF_049306965.2
Danio rerio	vertebrate	kv_modifier	NC_133181.1:20088409-20102337-	gene-si:dkey-43k4.5	si:dkey-43k4.5	37641	19106	3	12678	GCF_049306965.2
Danio rerio	vertebrate	lrrc8	NC_133181.1:27670064-27675990-	gene-lrrc8c	lrrc8c	13783	5936	3	3542	GCF_049306965.2
Danio rerio	vertebrate	cng	NC_133181.1:41344459-41590872-	gene-cnga3a	cnga3a	25856	9098	9	8555	GCF_049306965.2
Danio rerio	vertebrate	nav	NC_133181.1:41851341-42060389-	gene-scn8ab	scn8ab	101046	15095	27	15095	GCF_049306965.2
Danio rerio	vertebrate	cav	NC_133177.1:1156366-1757894+	gene-cacna1eb	cacna1eb	119518	10236	45	282071	GCF_049306965.2
Danio rerio	vertebrate	trpml	NC_133177.1:2106311-2517939+	gene-mcoln3a	mcoln3a	28214	6331	12	6331	GCF_049306965.2
Danio rerio	vertebrate	kv_eag	NC_133177.1:27200021-27793033+	gene-kcnh2a	kcnh2a	90235	46601	15	46601	GCF_049306965.2
Danio rerio	vertebrate	piezo	NC_133177.1:57277266-57638898+	gene-piezo2b	piezo2b	252724	30522	56	30522	GCF_049306965.2
Danio rerio	vertebrate	hcn	NC_133177.1:57718450-58519520+	gene-LOC101885373	LOC101885373	179272	65073	9	120434	GCF_049306965.2
Danio rerio	vertebrate	pannexin	NC_133190.1:2522008-2534828+	gene-panx1a	panx1a	14033	4125	6	4125	GCF_049306965.2
Danio rerio	vertebrate	connexin	NC_133190.1:6975389-7023344+	gene-gjd1b	gjd1b	54168	47074	2	47074	GCF_049306965.2
Danio rerio	vertebrate	kainate	NC_133190.1:25401240-25650234+	gene-grik4	grik4	647232	180477	23	48264	GCF_049306965.2
Danio rerio	vertebrate	connexin	NC_133190.1:33877825-33878580+	gene-LOC556987	LOC556987	3740	0	1	0	GCF_049306965.2
Danio rerio	vertebrate	trpc	NC_133190.1:34809716-35652666+	gene-trpc4b	trpc4b	59340	24281	11	24281	GCF_049306965.2
Danio rerio	vertebrate	kainate	NC_133190.1:45002936-45388548+	gene-grik1b	grik1b	87418	28225	18	10433	GCF_049306965.2
Danio rerio	vertebrate	clc_channel	NC_133190.1:48156332-48787322+	gene-clcn2b	clcn2b	107825	41835	26	41835	GCF_049306965.2
Danio rerio	vertebrate	trpm	NC_133187.1:4895575-5398290-	gene-trpm4b.2	trpm4b.2	47970	4911	28	374935	GCF_049306965.2
Danio rerio	vertebrate	kir	NC_133187.1:17652656-17674073-	gene-kcnj19b	kcnj19b	22180	11455	3	11455	GCF_049306965.2
Danio rerio	vertebrate	nmda	NC_133187.1:33805619-33890687-	gene-grin2cb	grin2cb	133791	37021	15	37021	GCF_049306965.2
Danio rerio	vertebrate	kir	NC_133187.1:38189068-38198586-	gene-kcnj2a	kcnj2a	7795	2761	2	0	GCF_049306965.2
Danio rerio	vertebrate	vdac	NC_133187.1:51512495-51517551-	gene-LOC141376901	LOC141376901	13035	6240	10	2159	GCF_049306965.2
Danio rerio	vertebrate	piezo	NC_133199.1:500068-1039522+	gene-piezo2a	piezo2a	150032	17916	54	17916	GCF_049306965.2
Danio rerio	vertebrate	trpc	NC_133199.1:6031870-6060279+	gene-trpc1	trpc1	33080	8513	13	8513	GCF_049306965.2
Danio rerio	vertebrate	trpa	NC_133199.1:15108167-15221393+	gene-trpa1b	trpa1b	365399	103739	35	9547	GCF_049306965.2
Danio rerio	vertebrate	kv_eag	NC_133199.1:43901549-44364465+	gene-kcnh2b	kcnh2b	319713	139976	16	139976	GCF_049306965.2
Danio rerio	vertebrate	nav	NC_133199.1:44678872-45232619+	gene-scn5lab	scn5lab	267011	46900	28	41739	GCF_049306965.2
Danio rerio	vertebrate	mcu	NC_133188.1:4680360-4801393-	gene-mcu	mcu	125271	59418	9	82700	GCF_049306965.2
Danio rerio	vertebrate	vdac	NC_133188.1:19700557-20119653-	gene-vdac2	vdac2	15173	5840	9	2426	GCF_049306965.2
Danio rerio	vertebrate	kv_kcnq	NC_133188.1:30188233-30990838-	gene-kcnq5a	kcnq5a	251683	174457	17	370666	GCF_049306965.2
Danio rerio	vertebrate	kv_eag	NC_133188.1:40666022-40851037-	gene-kcnh5b	kcnh5b	82813	19466	11	19466	GCF_049306965.2
Danio rerio	vertebrate	k2p	NC_133188.1:51932834-52001158-	gene-kcnk12	kcnk12	71589	67092	4	67092	GCF_049306965.2
Danio rerio	vertebrate	k2p	NC_133192.1:3750901-3789814+	gene-kcnk10b	kcnk10b	40148	17063	7	17063	GCF_049306965.2
Danio rerio	vertebrate	nachr	NC_133192.1:6940046-7262745+	gene-chrna2a	chrna2a	21940	8393	6	5278	GCF_049306965.2
Danio rerio	vertebrate	connexin	NC_133192.1:16673229-16674293+	gene-gja1a	gja1a	7823	2717	4	0	GCF_049306965.2
Danio rerio	vertebrate	gabaa	NC_133192.1:17134374-17150808+	gene-gabrr2a	gabrr2a	65813	33396	12	6367	GCF_049306965.2
Danio rerio	vertebrate	clic	NC_133192.1:26839951-26871423+	gene-clic4	clic4	33676	21996	6	21996	GCF_049306965.2
Danio rerio	vertebrate	delta_glur	NC_133192.1:27074638-27801287+	gene-grid1a	grid1a	492247	264418	18	264418	GCF_049306965.2
Danio rerio	vertebrate	osca_tmem63	NC_133192.1:49821212-50282194+	gene-tmem63c	tmem63c	143213	53359	23	12100	GCF_049306965.2
Danio rerio	vertebrate	k2p	NC_133192.1:50446569-50808913+	gene-kcnk3b	kcnk3b	11644	2672	2	2672	GCF_049306965.2
Danio rerio	vertebrate	cav	NC_133176.1:9736917-9941219+	gene-cacna1hb	cacna1hb	187618	81135	35	70195	GCF_049306965.2
Danio rerio	vertebrate	cng	NC_133176.1:11918385-12183151+	gene-LOC100334711	LOC100334711	19349	6749	9	1599	GCF_049306965.2
Danio rerio	vertebrate	nachr	NC_133176.1:24994759-25002713+	gene-chrna9a	chrna9a	10935	3427	6	3427	GCF_049306965.2
Danio rerio	vertebrate	p2x	NC_133176.1:48006223-48016730+	gene-p2rx3b	p2rx3b	12235	2826	12	2826	GCF_049306965.2
Danio rerio	vertebrate	trpml	NC_133176.1:48633245-48979333+	gene-mcoln1a	mcoln1a	27198	10557	15	2632	GCF_049306965.2
Danio rerio	vertebrate	connexin	NC_133176.1:50755083-50755796+	gene-gja8b	gja8b	2717	360	2	0	GCF_049306965.2
Danio rerio	vertebrate	trpp	NC_133176.1:53857068-54322707+	gene-pkd2	pkd2	18336	2842	14	2839	GCF_049306965.2
Danio rerio	vertebrate	bestrophin	NC_133176.1:55487434-55878956+	gene-best2	best2	21906	3609	15	136452	GCF_049306965.2
Danio rerio	vertebrate	tmc	NC_133176.1:62928775-62934446+	gene-tmc7	tmc7	8286	1528	16	1528	GCF_049306965.2
Danio rerio	vertebrate	tric	NC_133186.1:7251060-7271150+	gene-tmem38a	tmem38a	20598	9130	6	9130	GCF_049306965.2
Danio rerio	vertebrate	cav	NC_133186.1:33055305-33566809+	gene-cacna1ab	cacna1ab	277521	59250	51	137070	GCF_049306965.2
Danio rerio	vertebrate	cng	NC_133180.1:23703527-24191259+	gene-cnga2b	cnga2b	13757	5066	8	2527	GCF_049306965.2
Danio rerio	vertebrate	connexin	NC_133180.1:24314811-24315821+	gene-gja2	gja2	7042	4123	2	0	GCF_049306965.2
Danio rerio	vertebrate	trpm	NC_133180.1:25928686-25981229+	gene-trpm6	trpm6	50751	7431	40	7431	GCF_049306965.2
Danio rerio	vertebrate	trpm	NC_133180.1:26560334-26912274+	gene-trpm3	trpm3	226440	108167	26	24244	GCF_049306965.2
Danio rerio	vertebrate	connexin	NC_133180.1:37875711-37897925+	gene-gjd1a	gjd1a	22316	21348	2	21348	GCF_049306965.2
Danio rerio	vertebrate	pannexin	NC_133180.1:38744603-38753465+	gene-panx1b	panx1b	11646	2517	7	2359	GCF_049306965.2
Danio rerio	vertebrate	tmem175	NC_133180.1:40926540-40935862+	gene-tmem175	tmem175	9415	3391	10	3391	GCF_049306965.2
Danio rerio	vertebrate	trpv	NC_133180.1:42455811-42965079+	gene-trpv1	trpv1	22542	5405	17	391391	GCF_049306965.2
Danio rerio	vertebrate	tmc	NC_133180.1:60154902-61053150+	gene-tmc2a	tmc2a	30413	12718	20	12718	GCF_049306965.2
Danio rerio	vertebrate	orai	NC_133180.1:67075148-67725623+	gene-orai2	orai2	20722	10376	4	4246	GCF_049306965.2
Danio rerio	vertebrate	lrrc8	NC_133180.1:70771984-70774464+	gene-lrrc8ab	lrrc8ab	9648	1924	4	90	GCF_049306965.2
Danio rerio	vertebrate	kca_slo	NC_133180.1:71416612-71517724+	gene-kcnt1b	kcnt1b	180926	68862	34	13947	GCF_049306965.2
Danio rerio	vertebrate	k2p	NC_133195.1:612192-633413+	gene-kcnk2b	kcnk2b	24069	11618	7	11618	GCF_049306965.2
Danio rerio	vertebrate	k2p	NC_133195.1:9387701-9401420+	gene-kcnk5b	kcnk5b	15521	4868	5	4868	GCF_049306965.2
Danio rerio	vertebrate	k2p	NC_133195.1:10062439-10386240+	gene-kcnk10a	kcnk10a	54716	27193	7	27193	GCF_049306965.2
Danio rerio	vertebrate	k2p	NC_133195.1:17918567-17924843+	gene-kcnk13b	kcnk13b	6289	5050	2	5050	GCF_049306965.2
Danio rerio	vertebrate	nachr	NC_133195.1:22274570-22283489+	gene-chrna2b	chrna2b	31669	22636	7	2401	GCF_049306965.2
Danio rerio	vertebrate	connexin	NC_133195.1:26577232-26578077+	gene-gja10b	gja10b	4862	1601	3	0	GCF_049306965.2
Danio rerio	vertebrate	clic	NC_133195.1:47259571-47278628+	gene-clic5b	clic5b	39066	23821	7	7249	GCF_049306965.2
Danio rerio	vertebrate	vdac	NC_133185.1:3777419-3793965+	gene-zgc:56235	zgc:56235	24026	5624	10	5624	GCF_049306965.2
Danio rerio	vertebrate	hv1	NC_133185.1:8961881-8968893+	gene-hvcn1	hvcn1	11348	6228	6	3102	GCF_049306965.2
Danio rerio	vertebrate	kca_sk	NC_133185.1:21987780-22853130+	gene-kcnn2	kcnn2	95928	50984	9	50984	GCF_049306965.2
Danio rerio	vertebrate	trpc	NC_133185.1:25961041-26298417+	gene-trpc7a	trpc7a	52125	19114	14	6696	GCF_049306965.2
Danio rerio	vertebrate	ryr	NC_133185.1:38404220-38545690+	gene-ryr1a	ryr1a	142288	12410	107	12410	GCF_049306965.2
Danio rerio	vertebrate	orai	NC_133185.1:46838799-47140878+	gene-orai1b	orai1b	11263	4547	2	284013	GCF_049306965.2
Danio rerio	vertebrate	gabaa	NC_133188.1:12539393-12793871+	gene-gabrb1	gabrb1	87893	27936	9	27936	GCF_049306965.2
Danio rerio	vertebrate	kca_slo	NC_133188.1:18200652-19312211+	gene-kcnma1a	kcnma1a	368363	99503	32	99512	GCF_049306965.2
Danio rerio	vertebrate	calhm	NC_133188.1:28630490-28633744+	gene-calhm1a	calhm1a	4445	2211	3	2211	GCF_049306965.2
Danio rerio	vertebrate	calhm	NC_133188.1:28636380-28637364+	gene-calhm2.2	calhm2.2	1911	82	2	82	GCF_049306965.2
Danio rerio	vertebrate	calhm	NC_133188.1:28640031-28641028+	gene-calhm2.1	calhm2.1	2513	174	3	98	GCF_049306965.2
Danio rerio	vertebrate	trpp	NC_133188.1:28673106-29142594+	gene-pkd2l1	pkd2l1	28062	10740	18	2265	GCF_049306965.2
Danio rerio	vertebrate	k2p	NC_133188.1:39318538-39333965+	gene-kcnk1b	kcnk1b	22538	9441	3	9441	GCF_049306965.2
Danio rerio	vertebrate	osca_tmem63	NC_133188.1:50438781-50512682+	gene-tmem63ba	tmem63ba	80930	30793	24	8956	GCF_049306965.2
Danio rerio	vertebrate	kainate	NC_133191.1:1659168-2221345+	gene-grik2	grik2	339915	90984	21	80549	GCF_049306965.2
Danio rerio	vertebrate	kainate	NC_133191.1:11745627-11841094+	gene-grik5	grik5	220668	106090	22	28137	GCF_049306965.2
Danio rerio	vertebrate	kir	NC_133191.1:16881759-16899166+	gene-kcnj14	kcnj14	68837	41512	8	13931	GCF_049306965.2
Danio rerio	vertebrate	nachr	NC_133191.1:23674898-23987412+	gene-chrnb2	chrnb2	56450	31189	6	12275	GCF_049306965.2
Danio rerio	vertebrate	kca_sk	NC_133191.1:24438689-25010785+	gene-kcnn3	kcnn3	120754	36122	10	34436	GCF_049306965.2
Danio rerio	vertebrate	connexin	NC_133191.1:36381374-36382153+	gene-gja9a	gja9a	7958	4389	2	0	GCF_049306965.2
Danio rerio	vertebrate	kv_modifier	NC_133191.1:59656202-59657620+	gene-kcns2	kcns2	2625	0	1	0	GCF_049306965.2
Danio rerio	vertebrate	trpn	NC_133194.1:1489554-1833023+	gene-trpn1	trpn1	48745	5666	29	5666	GCF_049306965.2
Danio rerio	vertebrate	k2p	NC_133194.1:4842863-4909933+	gene-kcnk9	kcnk9	71869	65598	2	65598	GCF_049306965.2
Danio rerio	vertebrate	hcn	NC_133194.1:9790536-10434889+	gene-hcn3	hcn3	23828	10850	8	131757	GCF_049306965.2
Danio rerio	vertebrate	vdac	NC_133194.1:11929922-11939080+	gene-tomm40l	tomm40l	10345	2079	10	2079	GCF_049306965.2
Danio rerio	vertebrate	clic	NC_133194.1:20585309-21016996+	gene-clic1	clic1	7642	2433	6	2433	GCF_049306965.2
Danio rerio	vertebrate	kv_kcnq	NC_133194.1:44566485-45057612+	gene-kcnq4	kcnq4	120588	68433	14	196159	GCF_049306965.2
Danio rerio	vertebrate	connexin	NC_133182.1:12801926-12802642+	gene-gjd6	gjd6	1178	0	1	0	GCF_049306965.2
Danio rerio	vertebrate	k2p	NC_133182.1:17944873-17951319+	gene-kcnk7	kcnk7	10090	3666	3	3666	GCF_049306965.2
Danio rerio	vertebrate	trpm	NC_133182.1:50024321-50535076+	gene-trpm5	trpm5	32761	5755	26	406076	GCF_049306965.2
Danio rerio	vertebrate	kv_modifier	NC_133182.1:57603639-57638811+	gene-kcng4b	kcng4b	7454	2961	3	31152	GCF_049306965.2
Danio rerio	vertebrate	trpm	NC_133193.1:104623-276864-	gene-trpm7	trpm7	53201	14262	40	4380	GCF_049306965.2
Danio rerio	vertebrate	hcn	NC_133193.1:769127-2191314-	gene-hcn4	hcn4	140998	43994	9	43994	GCF_049306965.2
Danio rerio	vertebrate	pannexin	NC_133193.1:16085351-16270284-	gene-panx2	panx2	19549	5463	8	5463	GCF_049306965.2
Danio rerio	vertebrate	ryr	NC_133193.1:38415161-38656806-	gene-ryr1b	ryr1b	245458	55548	111	55548	GCF_049306965.2
Danio rerio	vertebrate	nachr	NC_133193.1:43410644-43421099-	gene-chrna5	chrna5	23499	12254	9	2385	GCF_049306965.2
Danio rerio	vertebrate	k2p	NC_133193.1:49175895-49185013-	gene-kcnk6	kcnk6	13237	8103	4	8103	GCF_049306965.2
Danio rerio	vertebrate	kainate	NC_133191.1:3672963-4284719-	gene-grik3	grik3	215350	94575	16	394336	GCF_049306965.2
Danio rerio	vertebrate	trpv	NC_133191.1:12640343-12662706-	gene-trpv6	trpv6	25594	4183	17	4183	GCF_049306965.2
Danio rerio	vertebrate	nmda	NC_133191.1:13328855-13816197-	gene-grin2db	grin2db	299170	133785	17	218134	GCF_049306965.2
Danio rerio	vertebrate	tweety	NC_133191.1:14088169-14120850-	gene-ttyh1	ttyh1	62144	13824	15	9262	GCF_049306965.2
Danio rerio	vertebrate	clc_channel	NC_133191.1:17327986-17993709-	gene-clcn1b	clcn1b	70194	16384	24	12703	GCF_049306965.2
Danio rerio	vertebrate	calhm	NC_133191.1:35406739-35409304-	gene-LOC110437808	LOC110437808	3214	1651	2	1651	GCF_049306965.2
Danio rerio	vertebrate	calhm	NC_133191.1:35418012-35421852-	gene-calhm5.1	calhm5.1	4768	2968	2	2968	GCF_049306965.2
Danio rerio	vertebrate	kir	NC_133191.1:46616266-46631302-	gene-kcnj21	kcnj21	44957	25951	4	13804	GCF_049306965.2
Danio rerio	vertebrate	hcn	NC_133191.1:59026137-59793174-	gene-LOC101882339	LOC101882339	26665	6858	9	369480	GCF_049306965.2
Danio rerio	vertebrate	gabaa	NC_133195.1:1202549-1215734-	gene-gabrr2b	gabrr2b	16058	6422	10	3262	GCF_049306965.2
Danio rerio	vertebrate	connexin	NC_133195.1:10127956-10130753-	gene-gjd2b	gjd2b	5410	1949	2	1949	GCF_049306965.2
Danio rerio	vertebrate	k2p	NC_133195.1:14597921-14631943-	gene-kcnk3a	kcnk3a	34239	33066	2	33066	GCF_049306965.2
Danio rerio	vertebrate	kv_eag	NC_133195.1:22189300-22724930-	gene-kcnh5a	kcnh5a	227768	66134	12	138996	GCF_049306965.2
Danio rerio	vertebrate	ryr	NC_133195.1:32011058-32158952-	gene-ryr3	ryr3	149116	23695	103	23695	GCF_049306965.2
Danio rerio	vertebrate	connexin	NC_133195.1:44008372-44009517-	gene-gja1b	gja1b	5291	2442	2	0	GCF_049306965.2
Danio rerio	vertebrate	connexin	NC_133195.1:44049319-44050029-	gene-gja11	gja11	3077	1749	2	0	GCF_049306965.2
Danio rerio	vertebrate	vdac	NC_133183.1:3642895-3656232-	gene-vdac3	vdac3	21659	7669	10	4518	GCF_049306965.2
Danio rerio	vertebrate	kca_sk	NC_133183.1:15002491-15339888-	gene-kcnn1b	kcnn1b	100403	22647	10	245504	GCF_049306965.2
Danio rerio	vertebrate	kv_kcnq	NC_133183.1:27264011-27319620-	gene-kcnq2a	kcnq2a	55477	13671	19	13671	GCF_049306965.2
Danio rerio	vertebrate	p2x	NC_133183.1:32380044-32861068-	gene-p2rx7	p2rx7	22044	7960	14	6997	GCF_049306965.2
Danio rerio	vertebrate	cav	NC_133183.1:54076722-54902448-	gene-cacna1fa	cacna1fa	67189	6699	48	6699	GCF_049306965.2
Danio rerio	vertebrate	gabaa	NC_133183.1:63187654-63195903-	gene-gabrd	gabrd	16622	2825	9	2099	GCF_049306965.2
Danio rerio	vertebrate	kainate	NC_133194.1:6722586-6799834-	gene-si:ch211-264f5.8	si:ch211-264f5.8	198374	102817	23	8454	GCF_049306965.2
Danio rerio	vertebrate	nachr	NC_133194.1:9643257-9782960-	gene-chrna11	chrna11	54625	13424	12	78729	GCF_049306965.2
Danio rerio	vertebrate	clc_channel	NC_133194.1:10394765-11236153-	gene-clcn1a	clcn1a	51898	14240	24	5539	GCF_049306965.2
Danio rerio	vertebrate	kv_modifier	NC_133194.1:12611906-12979369-	gene-kcng2	kcng2	56479	35916	3	35916	GCF_049306965.2
Danio rerio	vertebrate	ryr	NC_133192.1:877263-1151039-	gene-LOC101884734	LOC101884734	275344	48226	107	48226	GCF_049306965.2
Danio rerio	vertebrate	clic	NC_133192.1:6701226-7126202-	gene-clic5a	clic5a	17784	9664	6	9664	GCF_049306965.2
Danio rerio	vertebrate	connexin	NC_133192.1:17003984-17004769-	gene-gja10a	gja10a	5806	972	3	0	GCF_049306965.2
Danio rerio	vertebrate	k2p	NC_133192.1:17598530-17603874-	gene-kcnk13a	kcnk13a	11057	4130	2	4130	GCF_049306965.2
Danio rerio	vertebrate	ryr	NC_133192.1:21309403-21423322-	gene-ryr2b	ryr2b	119842	7392	103	7392	GCF_049306965.2
Danio rerio	vertebrate	k2p	NC_133192.1:34336171-34803660-	gene-kcnk2a	kcnk2a	41285	11696	7	11696	GCF_049306965.2
Danio rerio	vertebrate	k2p	NC_133192.1:54707573-54765957-	gene-kcnk17	kcnk17	7027	2137	5	53334	GCF_049306965.2
Danio rerio	vertebrate	connexin	NC_133192.1:57070193-57072914-	gene-LOC100334937	LOC100334937	5208	1858	2	1858	GCF_049306965.2
Danio rerio	vertebrate	piezo	NC_133184.1:61272-826332-	gene-si:dkey-11f4.7	si:dkey-11f4.7	62517	3328	53	159769	GCF_049306965.2
Danio rerio	vertebrate	kir	NC_133184.1:4481900-4508947-	gene-kcnj3a	kcnj3a	34306	21708	4	21708	GCF_049306965.2
Danio rerio	vertebrate	connexin	NC_133184.1:32105068-32107197-	gene-gja8a	gja8a	2130	0	1	579	GCF_049306965.2
Danio rerio	vertebrate	nalcn	NC_133184.1:33269051-33647148-	gene-nalcn	nalcn	192020	31712	50	31712	GCF_049306965.2
Danio rerio	vertebrate	nav	NC_133184.1:51687973-51904937-	gene-scn1laa	scn1laa	99283	26945	28	10831	GCF_049306965.2
Danio rerio	vertebrate	trpm	NC_133184.1:55119033-55195356-	gene-trpm2	trpm2	93423	10387	37	10387	GCF_049306965.2
Danio rerio	vertebrate	hcn	NC_133197.1:18377784-19176354+	gene-hcn2b	hcn2b	55680	13105	8	184906	GCF_049306965.2
Danio rerio	vertebrate	trpml	NC_133197.1:25174779-25434620+	gene-mcoln2	mcoln2	19121	3065	14	206066	GCF_049306965.2
Danio rerio	vertebrate	kv_eag	NC_133197.1:40042080-40789053+	gene-kcnh1b	kcnh1b	58813	15019	11	443356	GCF_049306965.2
Danio rerio	vertebrate	kir	NC_133185.1:432035-442415-	gene-kcnj6	kcnj6	32278	18183	3	9268	GCF_049306965.2
Danio rerio	vertebrate	kainate	NC_133185.1:30396332-30466339-	gene-grik1a	grik1a	105685	35329	18	12989	GCF_049306965.2
Danio rerio	vertebrate	trpc	NC_133185.1:30639408-30790725-	gene-trpc4a	trpc4a	30913	10760	11	10760	GCF_049306965.2
Danio rerio	vertebrate	pannexin	NC_133185.1:35994425-36004352-	gene-panx3	panx3	16888	4842	6	4842	GCF_049306965.2
Danio rerio	vertebrate	tmem87	r4_NC_133188.1:51201703-51437610+	gene-tmem87b	tmem87b	43828	7998	20	7998	GCF_049306965.2
Danio rerio	vertebrate	pacc	r4_NC_133192.1:50370336-50378199-	gene-pacc1	pacc1	8542	3489	8	3489	GCF_049306965.2
Danio rerio	vertebrate	mitok	r4_NC_133197.1:5904967-5909761-	gene-ccdc51	ccdc51	6508	2953	4	2953	GCF_049306965.2
Danio rerio	vertebrate	clcc1	r4_NC_133197.1:25397028-25895529+	gene-clcc1	clcc1	18470	5248	11	5248	GCF_049306965.2
Danio rerio	vertebrate	gphr	r4_NC_133184.1:5982162-6313686-	gene-gphra	gphra	20062	2699	15	2339	GCF_049306965.2
Danio rerio	vertebrate	tmco1	r4_NC_133183.1:22979176-22984333-	gene-tmco1	tmco1	5708	1586	7	1586	GCF_049306965.2
Danio rerio	vertebrate	tmem87	r4_NC_133190.1:31595940-32062956-	gene-zgc:162698	zgc:162698	22473	3186	21	3186	GCF_049306965.2
Danio rerio	vertebrate	tmem109	r4_NC_133189.1:25355859-25366457-	gene-si:dkey-74k8.3	si:dkey-74k8.3	64975	58278	4	4807	GCF_049306965.2
Takifugu rubripes	vertebrate	cng	LR584244.1:508748-710976+	gene-LOC101079334	LOC101079334	7988	1509	11	1509	GCF_901000725.3
Takifugu rubripes	vertebrate	hv1	LR584244.1:1222956-1225098+	gene-hvcn1	hvcn1	4276	1180	6	728	GCF_901000725.3
Takifugu rubripes	vertebrate	gabaa	LR584244.1:2119470-2136820+	gene-gabra4	gabra4	8805	2163	10	2163	GCF_901000725.3
Takifugu rubripes	vertebrate	k2p	LR584244.1:3805516-3806818+	gene-kcnk4a	kcnk4a	6469	1738	8	269	GCF_901000725.3
Takifugu rubripes	vertebrate	trpc	LR584244.1:5320275-5345553+	gene-trpc7b	trpc7b	34146	6888	12	6888	GCF_901000725.3
Takifugu rubripes	vertebrate	ampa	LR584244.1:7946421-8013882+	gene-LOC101075609	LOC101075609	70976	18912	16	18912	GCF_901000725.3
Takifugu rubripes	vertebrate	ampa	LR584244.1:9383178-9438189+	gene-gria1a	gria1a	57516	16064	17	16064	GCF_901000725.3
Takifugu rubripes	vertebrate	clic	LR584244.1:10635071-10636745+	gene-clic2	clic2	3438	870	6	445	GCF_901000725.3
Takifugu rubripes	vertebrate	glyr	LR584244.1:11293676-11302450+	gene-glra4a	glra4a	18341	9073	9	2025	GCF_901000725.3
Takifugu rubripes	vertebrate	ampa	LR584244.1:13405045-13434133+	gene-gria2b	gria2b	31259	15124	16	15124	GCF_901000725.3
Takifugu rubripes	vertebrate	pannexin	LR584240.2:2778256-2781600-	gene-LOC101065081	LOC101065081	4896	1932	6	1932	GCF_901000725.3
Takifugu rubripes	vertebrate	trpv	LR584240.2:4057455-4160901-	gene-trpv1	trpv1	7082	710	17	665	GCF_901000725.3
Takifugu rubripes	vertebrate	p2x	LR584240.2:4170841-4182975-	gene-p2rx5	p2rx5	9566	3375	12	3375	GCF_901000725.3
Takifugu rubripes	vertebrate	nachr	LR584240.2:6108124-6110361-	gene-LOC446028	LOC446028	5862	2385	7	498	GCF_901000725.3
Takifugu rubripes	vertebrate	ampa	LR584240.2:6230566-6253734-	gene-LOC101078054	LOC101078054	26715	5656	18	5656	GCF_901000725.3
Takifugu rubripes	vertebrate	kir	LR584240.2:6447348-6495545-	gene-LOC101069451	LOC101069451	7636	3749	3	928	GCF_901000725.3
Takifugu rubripes	vertebrate	orai	LR584240.2:8240295-8389565-	gene-orai2	orai2	3936	1702	3	192	GCF_901000725.3
Takifugu rubripes	vertebrate	ampa	LR584240.2:8630923-8752312-	gene-gria4b	gria4b	28219	5594	16	5594	GCF_901000725.3
Takifugu rubripes	vertebrate	gabaa	LR584240.2:9164203-9283738-	gene-gabrg2	gabrg2	33907	10507	10	11505	GCF_901000725.3
Takifugu rubripes	vertebrate	vdac	LR584240.2:10007390-10009914-	gene-vdac1	vdac1	4870	1455	9	569	GCF_901000725.3
Takifugu rubripes	vertebrate	k2p	LR584240.2:11324313-11327000-	gene-kcnk4b	kcnk4b	5178	1214	8	1214	GCF_901000725.3
Takifugu rubripes	vertebrate	connexin	LR584240.2:12308383-12309174-	gene-LOC101062417	LOC101062417	1664	364	2	0	GCF_901000725.3
Takifugu rubripes	vertebrate	glyr	LR584240.2:12559003-12563844-	gene-glra4b	glra4b	7109	880	10	880	GCF_901000725.3
Takifugu rubripes	vertebrate	cng	LR584240.2:12740553-12744291-	gene-cnga2b	cnga2b	5195	734	7	640	GCF_901000725.3
Takifugu rubripes	vertebrate	ampa	LR584240.2:12987846-13028050-	gene-LOC101064121	LOC101064121	42308	10121	16	10121	GCF_901000725.3
Takifugu rubripes	vertebrate	ryr	LR584240.2:14254983-14295195-	gene-LOC101072939	LOC101072939	35810	2779	108	2761	GCF_901000725.3
Takifugu rubripes	vertebrate	kainate	LR584240.2:15583319-15605440-	gene-grik1a	grik1a	16257	2620	17	2537	GCF_901000725.3
Takifugu rubripes	vertebrate	pannexin	LR584241.1:2956554-2961193+	gene-panx1a	panx1a	7458	2597	8	2597	GCF_901000725.3
Takifugu rubripes	vertebrate	ampa	LR584241.1:6454007-6543521+	gene-gria4a	gria4a	102598	34942	20	34942	GCF_901000725.3
Takifugu rubripes	vertebrate	nachr	LR584241.1:12167271-12169428+	gene-chrna10a	chrna10a	3475	796	5	342	GCF_901000725.3
Takifugu rubripes	vertebrate	ryr	LR584241.1:13840876-13933231+	gene-ryr1b	ryr1b	40256	4844	110	4844	GCF_901000725.3
Takifugu rubripes	vertebrate	k2p	LR584241.1:14255555-14260151+	gene-kcnk6	kcnk6	5641	2344	3	2344	GCF_901000725.3
Takifugu rubripes	vertebrate	clc_channel	LR584241.1:14834474-14903601+	gene-clcn2c	clcn2c	61101	20552	27	20552	GCF_901000725.3
Takifugu rubripes	vertebrate	cav	LR584252.2:5934233-6139186-	gene-cacna1c	cacna1c	111180	30983	54	37919	GCF_901000725.3
Takifugu rubripes	vertebrate	ano_scramblase	LR584252.2:6607042-6613869-	gene-ano6	ano6	10845	1427	20	1054	GCF_901000725.3
Takifugu rubripes	vertebrate	ano_channel	LR584252.2:9499448-9588047-	gene-ano2b	ano2b	89950	52849	28	6270	GCF_901000725.3
Takifugu rubripes	vertebrate	kv_shaker	LR584252.2:10176753-10183262-	gene-kcnd2	kcnd2	11060	3846	8	3846	GCF_901000725.3
Takifugu rubripes	vertebrate	ano_channel	LR584246.2:23643-164087+	gene-ano1b	ano1b	15776	2036	25	1339	GCF_901000725.3
Takifugu rubripes	vertebrate	kir	LR584246.2:6535833-6537303+	gene-kcnj11l	kcnj11l	2778	438	6	194	GCF_901000725.3
Takifugu rubripes	vertebrate	itpr	LR584246.2:7118208-7167334+	gene-itpr2	itpr2	37855	6634	57	6634	GCF_901000725.3
Takifugu rubripes	vertebrate	pannexin	LR584246.2:9165812-9255986+	gene-panx2	panx2	6373	1162	6	703	GCF_901000725.3
Takifugu rubripes	vertebrate	trpm	LR584246.2:9901269-9969600+	gene-trpm1b	trpm1b	16312	5227	26	1358	GCF_901000725.3
Takifugu rubripes	vertebrate	kv_shaker	LR584246.2:12930945-12957050+	gene-LOC101077937	LOC101077937	29012	23213	7	23213	GCF_901000725.3
Takifugu rubripes	vertebrate	cftr	LR584246.2:13689668-13708673+	gene-cftr	cftr	18949	1675	27	1675	GCF_901000725.3
Takifugu rubripes	vertebrate	ano_scramblase	LR584246.2:14067792-14201792+	gene-ano3	ano3	23595	6507	26	4730	GCF_901000725.3
Takifugu rubripes	vertebrate	hcn	LR584246.2:14387493-14517755+	gene-LOC101070518	LOC101070518	11283	2859	8	2859	GCF_901000725.3
Takifugu rubripes	vertebrate	ano_channel	LR584232.1:624687-735619+	gene-LOC105418548	LOC105418548	38968	8917	26	5131	GCF_901000725.3
Takifugu rubripes	vertebrate	ano_channel	LR584232.1:854831-901996+	gene-LOC105419895	LOC105419895	28147	5091	25	5091	GCF_901000725.3
Takifugu rubripes	vertebrate	connexin	LR584232.1:1486371-1487189+	gene-LOC101064362	LOC101064362	1459	0	1	0	GCF_901000725.3
Takifugu rubripes	vertebrate	nachr	LR584232.1:9721214-9724972+	gene-LOC446032	LOC446032	6420	1712	10	1159	GCF_901000725.3
Takifugu rubripes	vertebrate	trpm	LR584232.1:10669898-10679179+	gene-LOC101066720	LOC101066720	20012	9530	28	872	GCF_901000725.3
Takifugu rubripes	vertebrate	kv_modifier	LR584232.1:11476654-11559712+	gene-LOC101076660	LOC101076660	5439	961	4	861	GCF_901000725.3
Takifugu rubripes	vertebrate	kv_shaker	LR584232.1:13494099-13495763+	gene-kcna4	kcna4	3221	278	2	0	GCF_901000725.3
Takifugu rubripes	vertebrate	ano_channel	LR584246.2:2011290-2110049-	gene-ano2a	ano2a	13313	1626	28	89175	GCF_901000725.3
Takifugu rubripes	vertebrate	kv_modifier	LR584246.2:4865601-4986819-	gene-kcng4a	kcng4a	27307	21078	5	21078	GCF_901000725.3
Takifugu rubripes	vertebrate	kir	LR584246.2:8843716-8844702-	gene-kcnj11	kcnj11	2323	0	1	0	GCF_901000725.3
Takifugu rubripes	vertebrate	kv_kcnq	LR584246.2:11626815-11850277-	gene-kcnq1.2	kcnq1.2	104491	44981	19	44981	GCF_901000725.3
Takifugu rubripes	vertebrate	kv_shaker	LR584246.2:12609841-12651687-	gene-LOC101075457	LOC101075457	5446	540	2	0	GCF_901000725.3
Takifugu rubripes	vertebrate	kv_shaker	LR584246.2:12655050-12656462-	gene-LOC101068472	LOC101068472	2893	0	1	0	GCF_901000725.3
Takifugu rubripes	vertebrate	bestrophin	LR584246.2:13945161-13948021-	gene-best1	best1	3963	148	9	148	GCF_901000725.3
Takifugu rubripes	vertebrate	tpc	LR584232.1:161073-179879-	gene-LOC101071852	LOC101071852	17148	3322	26	1716	GCF_901000725.3
Takifugu rubripes	vertebrate	tmc	LR584232.1:1310904-1644693-	gene-LOC105419436	LOC105419436	13607	1547	22	35198	GCF_901000725.3
Takifugu rubripes	vertebrate	k2p	LR584232.1:6121115-6126593-	gene-kcnk2a	kcnk2a	7362	1703	8	1703	GCF_901000725.3
Takifugu rubripes	vertebrate	hcn	LR584232.1:9383501-9484724-	gene-hcn4	hcn4	46649	11510	8	11510	GCF_901000725.3
Takifugu rubripes	vertebrate	nachr	LR584232.1:9734382-9746325-	gene-chrnb4	chrnb4	5956	1701	6	2248	GCF_901000725.3
Takifugu rubripes	vertebrate	trpm	LR584232.1:10434405-10492315-	gene-trpm7	trpm7	32730	10709	43	1152	GCF_901000725.3
Takifugu rubripes	vertebrate	kv_kcnq	LR584232.1:13191441-13229026-	gene-kcnq1.1	kcnq1.1	28909	5548	17	7235	GCF_901000725.3
Takifugu rubripes	vertebrate	ano_scramblase	LR584232.1:17726667-17770619-	gene-ano5b	ano5b	14070	5522	22	655	GCF_901000725.3
Takifugu rubripes	vertebrate	cav	LR584237.1:202158-358978+	gene-cacna1fb	cacna1fb	31061	9997	50	9997	GCF_901000725.3
Takifugu rubripes	vertebrate	ano_scramblase	LR584237.1:3898510-3905279+	gene-ano11	ano11	12876	1976	25	848	GCF_901000725.3
Takifugu rubripes	vertebrate	kv_kcnq	LR584237.1:4645629-4752875+	gene-LOC101078901	LOC101078901	22187	6224	19	69324	GCF_901000725.3
Takifugu rubripes	vertebrate	nachr	LR584237.1:4775248-4783482+	gene-LOC446090	LOC446090	8043	2536	6	1306	GCF_901000725.3
Takifugu rubripes	vertebrate	piezo	LR584237.1:6807679-6909037+	gene-LOC101064279	LOC101064279	20555	2404	55	2404	GCF_901000725.3
Takifugu rubripes	vertebrate	nav	LR584237.1:9363437-9456282+	gene-scn8aa	scn8aa	37281	4618	28	4618	GCF_901000725.3
Takifugu rubripes	vertebrate	kv_shaker	LR584237.1:11340289-11437804+	gene-kcnd3	kcnd3	61748	47652	8	47652	GCF_901000725.3
Takifugu rubripes	vertebrate	cav	LR584237.1:15463265-15645571+	gene-cacna1fa	cacna1fa	13202	1235	46	1398	GCF_901000725.3
Takifugu rubripes	vertebrate	gabaa	LR584236.2:3810473-3821267-	gene-gabrb3	gabrb3	23763	10371	11	5443	GCF_901000725.3
Takifugu rubripes	vertebrate	cav	LR584236.2:9039347-9169046-	gene-cacna1ea	cacna1ea	59540	12218	48	41639	GCF_901000725.3
Takifugu rubripes	vertebrate	ht3	LR584236.2:10122010-10127742-	gene-LOC101070931	LOC101070931	8289	3351	11	3084	GCF_901000725.3
Takifugu rubripes	vertebrate	kca_sk	LR584236.2:12286016-12407140-	gene-LOC115247164	LOC115247164	5248	587	10	64048	GCF_901000725.3
Takifugu rubripes	vertebrate	tric	LR584236.2:12463835-12467670-	gene-tmem38a	tmem38a	4671	2038	6	2038	GCF_901000725.3
Takifugu rubripes	vertebrate	ano_scramblase	LR584236.2:13161332-13168996-	gene-ano8b	ano8b	18253	8873	19	1462	GCF_901000725.3
Takifugu rubripes	vertebrate	kir	LR584243.1:225999-229642+	gene-kcnj9	kcnj9	6539	869	9	869	GCF_901000725.3
Takifugu rubripes	vertebrate	asic	LR584243.1:2311116-2415203+	gene-asic1c	asic1c	63307	46744	13	46744	GCF_901000725.3
Takifugu rubripes	vertebrate	piezo	LR584243.1:3146434-3211320+	gene-piezo2b	piezo2b	47500	8243	55	8243	GCF_901000725.3
Takifugu rubripes	vertebrate	bestrophin	LR584243.1:5618606-5621092+	gene-best4	best4	2709	673	9	673	GCF_901000725.3
Takifugu rubripes	vertebrate	kv_eag	LR584243.1:7302006-7372279+	gene-LOC101069094	LOC101069094	16495	2082	22	52239	GCF_901000725.3
Takifugu rubripes	vertebrate	hcn	LR584243.1:10357311-10449806+	gene-LOC101061753	LOC101061753	21830	5523	8	35352	GCF_901000725.3
Takifugu rubripes	vertebrate	kca_sk	LR584243.1:11275877-11382685+	gene-kcnn1a	kcnn1a	27065	12150	12	62299	GCF_901000725.3
Takifugu rubripes	vertebrate	ano_scramblase	LR584243.1:11418844-11424276+	gene-ano8a	ano8a	9314	1362	18	865	GCF_901000725.3
Takifugu rubripes	vertebrate	kv_shaker	LR584235.1:6116694-6117899-	gene-LOC101075697	LOC101075697	4163	756	3	0	GCF_901000725.3
Takifugu rubripes	vertebrate	kv_shaker	LR584235.1:6132757-6134253-	gene-LOC101075923	LOC101075923	3533	881	2	0	GCF_901000725.3
Takifugu rubripes	vertebrate	kv_shaker	LR584235.1:6141725-6143242-	gene-LOC101076146	LOC101076146	2549	0	1	0	GCF_901000725.3
Takifugu rubripes	vertebrate	asic	LR584235.1:6710313-6901041-	gene-asic1b	asic1b	115057	84354	11	84354	GCF_901000725.3
Takifugu rubripes	vertebrate	itpr	LR584235.1:7267888-7316167-	gene-LOC101074739	LOC101074739	44580	5696	60	5696	GCF_901000725.3
Takifugu rubripes	vertebrate	cav	LR584235.1:8721331-8835725-	gene-cacna1da	cacna1da	36872	7598	50	7598	GCF_901000725.3
Takifugu rubripes	vertebrate	k2p	LR584235.1:16479203-16480621-	gene-LOC101067351	LOC101067351	2179	471	2	405	GCF_901000725.3
Takifugu rubripes	vertebrate	itpr	LR584235.1:16988458-17054516-	gene-itpr1b	itpr1b	46136	5781	64	4833	GCF_901000725.3
Takifugu rubripes	vertebrate	gabaa	LR584237.1:3657613-3661579-	gene-gabrd	gabrd	12643	7757	9	936	GCF_901000725.3
Takifugu rubripes	vertebrate	itpr	LR584237.1:5625780-5664909-	gene-itpr3	itpr3	31490	3476	94	3476	GCF_901000725.3
Takifugu rubripes	vertebrate	kv_shaker	LR584237.1:5708230-5729054-	gene-kcnd1	kcnd1	25495	13479	8	13479	GCF_901000725.3
Takifugu rubripes	vertebrate	cav	LR584237.1:6687611-6841262-	gene-cacna1db	cacna1db	47345	17637	52	17637	GCF_901000725.3
Takifugu rubripes	vertebrate	cav	LR584237.1:9764148-9866416-	gene-LOC101065120	LOC101065120	13120	1271	45	1271	GCF_901000725.3
Takifugu rubripes	vertebrate	kv_shaker	LR584237.1:10826208-10827491-	gene-kcna10a	kcna10a	6553	4576	2	0	GCF_901000725.3
Takifugu rubripes	vertebrate	kv_shaker	LR584237.1:10839793-10841292-	gene-kcna2b	kcna2b	6025	1037	3	0	GCF_901000725.3
Takifugu rubripes	vertebrate	kv_shaker	LR584237.1:10851671-10853143-	gene-LOC101070805	LOC101070805	5526	1585	3	0	GCF_901000725.3
Takifugu rubripes	vertebrate	k2p	LR584237.1:13847096-13848146-	gene-LOC101069354	LOC101069354	2158	127	2	127	GCF_901000725.3
Takifugu rubripes	vertebrate	asic	LR584237.1:14062352-14087953-	gene-LOC101077772	LOC101077772	28467	20482	10	20482	GCF_901000725.3
Takifugu rubripes	vertebrate	kv_modifier	LR584237.1:16308365-16392344-	gene-kcng1	kcng1	9873	6430	3	1176	GCF_901000725.3
Takifugu rubripes	vertebrate	nmda	LR584247.1:1613070-1695893-	gene-grin2ba	grin2ba	86528	25224	16	25224	GCF_901000725.3
Takifugu rubripes	vertebrate	cav	LR584247.1:6220544-6360918-	gene-cacna1aa	cacna1aa	55406	10074	51	10068	GCF_901000725.3
Takifugu rubripes	vertebrate	otop	LR584247.1:8894354-8896313-	gene-LOC101065649	LOC101065649	1588	75	4	75	GCF_901000725.3
Takifugu rubripes	vertebrate	tweety	LR584247.1:9269948-9398128-	gene-LOC101072688	LOC101072688	14264	2917	15	2917	GCF_901000725.3
Takifugu rubripes	vertebrate	kca_slo	LR584247.1:9682529-9697755-	gene-kcnt2b	kcnt2b	24675	7808	30	2134	GCF_901000725.3
Takifugu rubripes	vertebrate	kir	LR584247.1:12173750-12209811-	gene-kcnj19a	kcnj19a	7478	3933	3	29430	GCF_901000725.3
Takifugu rubripes	vertebrate	asic	LR584247.1:12221963-12378176-	gene-asic2	asic2	162401	149854	11	149854	GCF_901000725.3
Takifugu rubripes	vertebrate	nmda	LR584247.1:13302034-13349160-	gene-grin2ca	grin2ca	28961	8962	13	4804	GCF_901000725.3
Takifugu rubripes	vertebrate	tweety	LR584231.2:1003159-1097440-	gene-ttyh2	ttyh2	19054	4224	15	3137	GCF_901000725.3
Takifugu rubripes	vertebrate	vdac	LR584231.2:5018022-5026865-	gene-LOC101065268	LOC101065268	2809	784	9	172	GCF_901000725.3
Takifugu rubripes	vertebrate	ryr	LR584231.2:5860143-5953174-	gene-ryr2a	ryr2a	94942	6132	114	6132	GCF_901000725.3
Takifugu rubripes	vertebrate	cav	LR584231.2:8771112-8867418-	gene-cacna1g	cacna1g	161689	54346	36	15318	GCF_901000725.3
Takifugu rubripes	vertebrate	kir	LR584231.2:11326321-11327628-	gene-kcnj12a	kcnj12a	7962	2901	2	0	GCF_901000725.3
Takifugu rubripes	vertebrate	kv_shaker	LR584231.2:12247098-12249922-	gene-LOC101073116	LOC101073116	3896	1307	3	1334	GCF_901000725.3
Takifugu rubripes	vertebrate	kv_eag	LR584231.2:12789207-12793840-	gene-LOC105416663	LOC105416663	6419	674	13	674	GCF_901000725.3
Takifugu rubripes	vertebrate	connexin	LR584231.2:17807921-17809171-	gene-LOC101080031	LOC101080031	1308	0	1	0	GCF_901000725.3
Takifugu rubripes	vertebrate	glyr	LR584231.2:18277224-18291859-	gene-glra2	glra2	9100	1534	9	1534	GCF_901000725.3
Takifugu rubripes	vertebrate	nav	LR584231.2:19852408-19971582-	gene-LOC115251097	LOC115251097	18088	2764	26	1239	GCF_901000725.3
Takifugu rubripes	vertebrate	kir	LR584231.2:20527579-20542065-	gene-kcnj3a	kcnj3a	15886	12360	3	12360	GCF_901000725.3
Takifugu rubripes	vertebrate	trpm	LR584231.2:20877696-20887133-	gene-trpm2	trpm2	11777	994	34	485	GCF_901000725.3
Takifugu rubripes	vertebrate	asic	LR584231.2:22825110-22881348-	gene-asic4a	asic4a	58066	47024	10	47024	GCF_901000725.3
Takifugu rubripes	vertebrate	connexin	LR584231.2:24609799-24610554-	gene-gjc4b	gjc4b	6281	3522	3	0	GCF_901000725.3
Takifugu rubripes	vertebrate	kir	LR584252.2:2608073-2610307+	gene-kcnj8	kcnj8	3073	460	6	460	GCF_901000725.3
Takifugu rubripes	vertebrate	bestrophin	LR584252.2:9786748-9889511+	gene-LOC101073712	LOC101073712	6230	1385	14	49915	GCF_901000725.3
Takifugu rubripes	vertebrate	kv_shaker	LR584252.2:9996122-10101147+	gene-LOC101078669	LOC101078669	3949	0	1	0	GCF_901000725.3
Takifugu rubripes	vertebrate	kv_shaker	LR584252.2:10102715-10119989+	gene-kcna1b	kcna1b	2953	1	3	0	GCF_901000725.3
Takifugu rubripes	vertebrate	gabaa	LR584251.2:10981226-10983816-	gene-LOC101063211	LOC101063211	8651	2743	13	534	GCF_901000725.3
Takifugu rubripes	vertebrate	nav	LR584251.2:11509816-11642167-	gene-LOC115251225	LOC115251225	56692	11181	31	6525	GCF_901000725.3
Takifugu rubripes	vertebrate	kir	LR584247.1:1890978-1892360+	gene-kcnj4	kcnj4	6586	2877	4	0	GCF_901000725.3
Takifugu rubripes	vertebrate	cav	LR584247.1:5382907-5438222+	gene-cacna1ha	cacna1ha	60843	28340	38	28325	GCF_901000725.3
Takifugu rubripes	vertebrate	nmda	LR584247.1:5460549-5539749+	gene-grin2aa	grin2aa	90808	50234	15	50234	GCF_901000725.3
Takifugu rubripes	vertebrate	cav	LR584247.1:6525189-6557057+	gene-LOC101067096	LOC101067096	82920	22900	37	3975	GCF_901000725.3
Takifugu rubripes	vertebrate	otop	LR584247.1:8908222-8910279+	gene-otop2	otop2	3444	709	7	90	GCF_901000725.3
Takifugu rubripes	vertebrate	kir	LR584247.1:8920135-8974073+	gene-LOC101067011	LOC101067011	3699	1401	2	0	GCF_901000725.3
Takifugu rubripes	vertebrate	tweety	LR584247.1:11050982-11060497+	gene-ttyh3a	ttyh3a	11703	1509	15	1509	GCF_901000725.3
Takifugu rubripes	vertebrate	kv_eag	LR584247.1:11538087-11545369+	gene-kcnh4a	kcnh4a	10571	1594	16	1594	GCF_901000725.3
Takifugu rubripes	vertebrate	kv_eag	LR584247.1:12661356-12750086+	gene-kcnh6a	kcnh6a	12463	3812	16	3821	GCF_901000725.3
Takifugu rubripes	vertebrate	kv_shaker	LR584247.1:13944854-13969908+	gene-LOC101068911	LOC101068911	2948	1264	3	21795	GCF_901000725.3
Takifugu rubripes	vertebrate	nav	LR584247.1:14430512-14566894+	gene-scn4ab	scn4ab	38694	12408	32	3554	GCF_901000725.3
Takifugu rubripes	vertebrate	clic	LR584234.2:4842307-4885749+	gene-clic5a	clic5a	4051	1915	6	36864	GCF_901000725.3
Takifugu rubripes	vertebrate	connexin	LR584234.2:5407871-5409748+	gene-LOC101074708	LOC101074708	4709	1891	5	216	GCF_901000725.3
Takifugu rubripes	vertebrate	nav	LR584234.2:6062980-6128492+	gene-scn1lab	scn1lab	23162	3254	28	3254	GCF_901000725.3
Takifugu rubripes	vertebrate	clic	LR584234.2:6352147-6358442+	gene-LOC101073897	LOC101073897	6414	2091	7	2091	GCF_901000725.3
Takifugu rubripes	vertebrate	nmda	LR584231.2:938966-1028068+	gene-LOC101068341	LOC101068341	25425	5214	17	5214	GCF_901000725.3
Takifugu rubripes	vertebrate	nav	LR584231.2:1696863-1802617+	gene-scn4aa	scn4aa	10281	1198	24	1198	GCF_901000725.3
Takifugu rubripes	vertebrate	kir	LR584231.2:3069747-3071045+	gene-kcnj2a	kcnj2a	4844	1708	2	0	GCF_901000725.3
Takifugu rubripes	vertebrate	delta_glur	LR584231.2:3353173-3462914+	gene-grid1b	grid1b	112141	74665	18	74665	GCF_901000725.3
Takifugu rubripes	vertebrate	kca_slo	LR584231.2:4718279-4852960+	gene-LOC101064381	LOC101064381	54671	11990	34	44333	GCF_901000725.3
Takifugu rubripes	vertebrate	trpm	LR584231.2:12312995-12389168+	gene-LOC101061927	LOC101061927	11444	1868	28	974	GCF_901000725.3
Takifugu rubripes	vertebrate	cng	LR584231.2:14865792-14869091+	gene-cnga4	cnga4	6680	2015	9	727	GCF_901000725.3
Takifugu rubripes	vertebrate	nalcn	LR584231.2:15341539-15447999+	gene-nalcn	nalcn	51848	17599	46	7239	GCF_901000725.3
Takifugu rubripes	vertebrate	kv_eag	LR584231.2:20108073-20133159+	gene-kcnh7b	kcnh7b	25502	7971	16	7971	GCF_901000725.3
Takifugu rubripes	vertebrate	connexin	LR584231.2:26555228-26556610+	gene-gja3	gja3	4180	1548	3	0	GCF_901000725.3
Takifugu rubripes	vertebrate	trpa	LR584251.2:5904532-5920971+	gene-trpa1b	trpa1b	14878	2335	28	4974	GCF_901000725.3
Takifugu rubripes	vertebrate	trpc	LR584251.2:7559414-7566252+	gene-trpc1	trpc1	7841	1704	13	1704	GCF_901000725.3
Takifugu rubripes	vertebrate	piezo	LR584251.2:11689949-11755021+	gene-LOC101078730	LOC101078730	19643	1824	56	1824	GCF_901000725.3
Takifugu rubripes	vertebrate	kv_eag	LR584251.2:12389056-12530883+	gene-kcnh2b	kcnh2b	105001	42698	23	42698	GCF_901000725.3
Takifugu rubripes	vertebrate	clc_channel	LR584243.1:500078-745144-	gene-LOC101061460	LOC101061460	23804	10437	25	68233	GCF_901000725.3
Takifugu rubripes	vertebrate	cav	LR584243.1:1943918-2044540-	gene-LOC101069694	LOC101069694	33744	5637	49	14358	GCF_901000725.3
Takifugu rubripes	vertebrate	trpml	LR584243.1:3070804-3120577-	gene-LOC101068189	LOC101068189	3458	194	13	194	GCF_901000725.3
Takifugu rubripes	vertebrate	lrrc8	LR584243.1:11675815-11678340-	gene-lrrc8da	lrrc8da	5026	1139	2	0	GCF_901000725.3
Takifugu rubripes	vertebrate	nav	LR584243.1:13019017-13177549-	gene-LOC101080087	LOC101080087	22414	3024	27	3024	GCF_901000725.3
Takifugu rubripes	vertebrate	kv_kcnq	LR584243.1:15179708-15323132-	gene-kcnq3	kcnq3	20984	10853	16	69972	GCF_901000725.3
Takifugu rubripes	vertebrate	connexin	CAAJGN030000067.1:261084-458425+	gene-LOC115248484	LOC115248484	1514	0	1	0	GCF_901000725.3
Takifugu rubripes	vertebrate	piezo	LR584242.2:684870-787943-	gene-LOC115249545	LOC115249545	42940	7242	55	7242	GCF_901000725.3
Takifugu rubripes	vertebrate	ryr	LR584242.2:5114135-5161520-	gene-ryr2b	ryr2b	47750	2427	105	2427	GCF_901000725.3
Takifugu rubripes	vertebrate	delta_glur	LR584242.2:5279456-5408688-	gene-grid1a	grid1a	130265	71159	16	71159	GCF_901000725.3
Takifugu rubripes	vertebrate	kv_eag	LR584242.2:6452493-6472270-	gene-kcnh1a	kcnh1a	22609	4424	14	4424	GCF_901000725.3
Takifugu rubripes	vertebrate	kv_kcnq	LR584242.2:6850179-6960410-	gene-kcnq5a	kcnq5a	53151	31887	16	44733	GCF_901000725.3
Takifugu rubripes	vertebrate	nachr	LR584242.2:7620655-7623352-	gene-chrna1	chrna1	6836	3114	10	431	GCF_901000725.3
Takifugu rubripes	vertebrate	kca_slo	LR584242.2:11422720-11669737-	gene-kcnma1a	kcnma1a	85903	18935	34	18935	GCF_901000725.3
Takifugu rubripes	vertebrate	k2p	LR584242.2:14111758-14115184-	gene-LOC115249524	LOC115249524	5166	1296	3	1296	GCF_901000725.3
Takifugu rubripes	vertebrate	k2p	LR584242.2:14206817-14210254-	gene-kcnk1b	kcnk1b	4705	1297	3	1297	GCF_901000725.3
Takifugu rubripes	vertebrate	k2p	LR584242.2:14699549-14712563-	gene-kcnk12	kcnk12	18107	11782	2	11782	GCF_901000725.3
Takifugu rubripes	vertebrate	mcu	LR584242.2:14903779-14939070-	gene-mcu	mcu	38403	18067	9	16742	GCF_901000725.3
Takifugu rubripes	vertebrate	osca_tmem63	LR584242.2:15139845-15149749-	gene-LOC101064306	LOC101064306	16674	4143	24	2402	GCF_901000725.3
Takifugu rubripes	vertebrate	glyr	LR584239.2:4467860-4479839+	gene-glra3	glra3	21883	6041	9	5147	GCF_901000725.3
Takifugu rubripes	vertebrate	kv_kcnq	LR584239.2:5297091-5359063+	gene-LOC101062564	LOC101062564	59361	35993	15	35993	GCF_901000725.3
Takifugu rubripes	vertebrate	nachr	LR584239.2:6546726-6549791+	gene-chrna9a	chrna9a	3575	615	7	579	GCF_901000725.3
Takifugu rubripes	vertebrate	cav	LR584239.2:9647643-9733133+	gene-cacna1ab	cacna1ab	86788	13346	53	13346	GCF_901000725.3
Takifugu rubripes	vertebrate	nmda	LR584239.2:11445070-11549002+	gene-grin2ab	grin2ab	63327	26757	20	26757	GCF_901000725.3
Takifugu rubripes	vertebrate	cav	LR584239.2:11955531-11984251+	gene-LOC101064573	LOC101064573	35939	5240	36	5246	GCF_901000725.3
Takifugu rubripes	vertebrate	tmc	LR584239.2:15642149-15652578+	gene-nomo	nomo	17261	1016	47	6100	GCF_901000725.3
Takifugu rubripes	vertebrate	nachr	LR584239.2:16330866-16382773+	gene-chrna6	chrna6	12815	5771	8	1219	GCF_901000725.3
Takifugu rubripes	vertebrate	lrrc8	LR584239.2:16674514-16677044+	gene-LOC101072798	LOC101072798	3776	506	3	158	GCF_901000725.3
Takifugu rubripes	vertebrate	nav	LR584235.1:7197546-7264789+	gene-LOC101074076	LOC101074076	27377	4788	28	4788	GCF_901000725.3
Takifugu rubripes	vertebrate	kv_shaker	LR584235.1:11699314-11747319+	gene-LOC101064716	LOC101064716	52064	39458	7	39458	GCF_901000725.3
Takifugu rubripes	vertebrate	kv_shaker	LR584235.1:11802719-11927658+	gene-LOC115246799	LOC115246799	51581	39309	7	77029	GCF_901000725.3
Takifugu rubripes	vertebrate	otop	LR584235.1:14258192-14347007+	gene-otop1	otop1	3810	770	6	770	GCF_901000725.3
Takifugu rubripes	vertebrate	kv_kcnq	LR584235.1:19023150-19211323+	gene-LOC101067198	LOC101067198	16985	3240	20	3240	GCF_901000725.3
Takifugu rubripes	vertebrate	lrrc8	LR584236.2:3067712-3071211+	gene-lrrc8c	lrrc8c	8998	2581	4	1112	GCF_901000725.3
Takifugu rubripes	vertebrate	cng	LR584236.2:3745901-3776940+	gene-cnga3a	cnga3a	6568	1335	9	441	GCF_901000725.3
Takifugu rubripes	vertebrate	hcn	LR584236.2:6546290-6767214+	gene-hcn2b	hcn2b	23975	6620	8	102835	GCF_901000725.3
Takifugu rubripes	vertebrate	trpml	LR584236.2:9965464-10065225+	gene-mcoln2	mcoln2	8264	1751	14	5595	GCF_901000725.3
Takifugu rubripes	vertebrate	ht3	LR584236.2:10134617-10136721+	gene-LOC101070468	LOC101070468	2883	241	9	241	GCF_901000725.3
Takifugu rubripes	vertebrate	ht3	LR584236.2:10138169-10140889+	gene-LOC101070239	LOC101070239	3630	618	9	446	GCF_901000725.3
Takifugu rubripes	vertebrate	ht3	LR584236.2:10149977-10152710+	gene-LOC105419573	LOC105419573	7589	4500	9	446	GCF_901000725.3
Takifugu rubripes	vertebrate	ht3	LR584236.2:10156362-10159074+	gene-LOC115247248	LOC115247248	5062	2322	9	442	GCF_901000725.3
Takifugu rubripes	vertebrate	ht3	LR584236.2:10167948-10170767+	gene-LOC115247155	LOC115247155	3679	455	9	455	GCF_901000725.3
Takifugu rubripes	vertebrate	ht3	LR584236.2:10172381-10175178+	gene-LOC101065947	LOC101065947	3168	444	9	444	GCF_901000725.3
Takifugu rubripes	vertebrate	ht3	LR584236.2:10177346-10180143+	gene-LOC105417948	LOC105417948	3801	453	9	453	GCF_901000725.3
Takifugu rubripes	vertebrate	trpml	LR584236.2:14606187-14646301+	gene-mcoln3b	mcoln3b	4206	519	14	254	GCF_901000725.3
Takifugu rubripes	vertebrate	nmda	LR584239.2:365822-385096-	gene-grin2bb	grin2bb	22364	3137	14	3137	GCF_901000725.3
Takifugu rubripes	vertebrate	cng	LR584239.2:2912845-2915065-	gene-cnga1a	cnga1a	3099	210	8	127	GCF_901000725.3
Takifugu rubripes	vertebrate	p2x	LR584239.2:4542337-4572754-	gene-p2rx3b	p2rx3b	3693	383	12	383	GCF_901000725.3
Takifugu rubripes	vertebrate	trpml	LR584239.2:4793409-4799594-	gene-mcoln1a	mcoln1a	10682	2225	14	1461	GCF_901000725.3
Takifugu rubripes	vertebrate	osca_tmem63	LR584239.2:8542259-8577920-	gene-tmem63bb	tmem63bb	11269	2540	25	1119	GCF_901000725.3
Takifugu rubripes	vertebrate	cav	LR584239.2:9991752-10098186-	gene-LOC115253331	LOC115253331	44278	6028	32	57567	GCF_901000725.3
Takifugu rubripes	vertebrate	tweety	LR584239.2:11255283-11268166-	gene-LOC101072944	LOC101072944	16375	4720	15	4720	GCF_901000725.3
Takifugu rubripes	vertebrate	trpp	LR584239.2:13715519-13811080-	gene-pkd2	pkd2	6553	599	16	599	GCF_901000725.3
Takifugu rubripes	vertebrate	mcu	LR584239.2:14109508-14113014-	gene-LOC101075177	LOC101075177	9531	5429	8	1893	GCF_901000725.3
Takifugu rubripes	vertebrate	calhm	LR584239.2:15415348-15433950-	gene-calhm1b	calhm1b	5261	697	3	697	GCF_901000725.3
Takifugu rubripes	vertebrate	tmc	LR584239.2:15636854-15644330-	gene-tmc5	tmc5	8711	1477	21	4328	GCF_901000725.3
Takifugu rubripes	vertebrate	pannexin	LR584239.2:15843008-15845732-	gene-panx1b	panx1b	3454	898	5	898	GCF_901000725.3
Takifugu rubripes	vertebrate	bestrophin	LR584239.2:16031922-16034683-	gene-LOC101075617	LOC101075617	3416	280	10	280	GCF_901000725.3
Takifugu rubripes	vertebrate	kir	LR584239.2:16777667-16779304-	gene-LOC101067193	LOC101067193	6597	4234	3	0	GCF_901000725.3
Takifugu rubripes	vertebrate	nachr	LR584244.1:4752528-4797228-	gene-LOC446030	LOC446030	9796	4732	7	10923	GCF_901000725.3
Takifugu rubripes	vertebrate	p2x	LR584244.1:4889858-4892973-	gene-p2rx3a	p2rx3a	3550	656	12	656	GCF_901000725.3
Takifugu rubripes	vertebrate	nachr	LR584244.1:6115764-6184385-	gene-LOC446027	LOC446027	3922	524	7	66048	GCF_901000725.3
Takifugu rubripes	vertebrate	gabaa	LR584244.1:7060697-7088864-	gene-gabrb2a	gabrb2a	23651	7934	10	7934	GCF_901000725.3
Takifugu rubripes	vertebrate	gabaa	LR584244.1:9271683-9274613-	gene-gabrp	gabrp	4748	1018	10	1018	GCF_901000725.3
Takifugu rubripes	vertebrate	gabaa	LR584245.2:430426-453554-	gene-gabrr2a	gabrr2a	26620	6065	9	6065	GCF_901000725.3
Takifugu rubripes	vertebrate	k2p	LR584245.2:940760-945158-	gene-kcnk5a	kcnk5a	5740	3245	5	3245	GCF_901000725.3
Takifugu rubripes	vertebrate	k2p	LR584245.2:947760-950531-	gene-kcnk17	kcnk17	2514	1334	4	1334	GCF_901000725.3
Takifugu rubripes	vertebrate	connexin	LR584245.2:1276733-1277446-	gene-LOC101064818	LOC101064818	2778	690	3	0	GCF_901000725.3
Takifugu rubripes	vertebrate	connexin	LR584245.2:6302365-6303858-	gene-gjd2b	gjd2b	3184	645	2	645	GCF_901000725.3
Takifugu rubripes	vertebrate	ryr	LR584245.2:10200686-10264429-	gene-LOC101061096	LOC101061096	64926	11725	106	11725	GCF_901000725.3
Takifugu rubripes	vertebrate	k2p	LR584245.2:14708272-14710279-	gene-kcnk3b	kcnk3b	4833	1051	3	1051	GCF_901000725.3
Takifugu rubripes	vertebrate	cav	LR584245.2:1298192-1496110+	gene-LOC101064508	LOC101064508	54529	8710	40	8710	GCF_901000725.3
Takifugu rubripes	vertebrate	k2p	LR584245.2:6716411-6726630+	gene-kcnk10b	kcnk10b	12960	5045	7	5045	GCF_901000725.3
Takifugu rubripes	vertebrate	osca_tmem63	LR584245.2:9442105-9543929+	gene-tmem63c	tmem63c	17009	4585	24	1125	GCF_901000725.3
Takifugu rubripes	vertebrate	clic	LR584245.2:11747056-11845970+	gene-clic4	clic4	11115	6302	6	6302	GCF_901000725.3
Takifugu rubripes	vertebrate	kv_eag	LR584245.2:13592731-13719028+	gene-kcnh5b	kcnh5b	40144	10136	18	28202	GCF_901000725.3
Takifugu rubripes	vertebrate	trpv	LR584241.1:3030985-3036141-	gene-LOC101079749	LOC101079749	6143	927	15	927	GCF_901000725.3
Takifugu rubripes	vertebrate	kir	LR584241.1:3650707-3653858-	gene-kcnj5	kcnj5	16025	8735	4	1859	GCF_901000725.3
Takifugu rubripes	vertebrate	kainate	LR584241.1:7904428-7971478-	gene-grik4	grik4	172257	42093	24	13967	GCF_901000725.3
Takifugu rubripes	vertebrate	trpc	LR584241.1:12506964-12528412-	gene-trpc4b	trpc4b	5501	1384	11	1384	GCF_901000725.3
Takifugu rubripes	vertebrate	trpc	LR584241.1:13243655-13247509-	gene-trpc6b	trpc6b	5399	1187	12	267	GCF_901000725.3
Takifugu rubripes	vertebrate	kainate	LR584241.1:13809198-13820066-	gene-grik1b	grik1b	12469	3889	16	1320	GCF_901000725.3
Takifugu rubripes	vertebrate	connexin	LR584241.1:15559072-15572123-	gene-gjd1b	gjd1b	14707	12164	2	12164	GCF_901000725.3
Takifugu rubripes	vertebrate	trpp	LR584242.2:2752232-2755956+	gene-pkd2l1	pkd2l1	4694	643	15	643	GCF_901000725.3
Takifugu rubripes	vertebrate	vdac	LR584242.2:11281367-11283423+	gene-vdac2	vdac2	3717	844	9	574	GCF_901000725.3
Takifugu rubripes	vertebrate	ht3	LR584240.2:8339978-8348161+	gene-htr3a	htr3a	3788	643	9	643	GCF_901000725.3
Takifugu rubripes	vertebrate	gabaa	LR584240.2:9273488-9306182+	gene-gabrb2b	gabrb2b	36487	16118	10	16118	GCF_901000725.3
Takifugu rubripes	vertebrate	gabaa	LR584240.2:11486771-11518213+	gene-gabrb4	gabrb4	33269	16239	10	16239	GCF_901000725.3
Takifugu rubripes	vertebrate	connexin	LR584240.2:12662767-12724929+	gene-gja2	gja2	2529	1171	2	61080	GCF_901000725.3
Takifugu rubripes	vertebrate	k2p	LR584240.2:12779767-12781471+	gene-kcnk12l	kcnk12l	3382	361	3	361	GCF_901000725.3
Takifugu rubripes	vertebrate	connexin	LR584240.2:12794188-12877687+	gene-LOC101062925	LOC101062925	13367	9753	3	9753	GCF_901000725.3
Takifugu rubripes	vertebrate	trpc	LR584240.2:13076397-13134755+	gene-LOC101070073	LOC101070073	4960	401	13	55230	GCF_901000725.3
Takifugu rubripes	vertebrate	trpc	LR584240.2:14637468-14641874+	gene-trpc6a	trpc6a	5334	356	14	356	GCF_901000725.3
Takifugu rubripes	vertebrate	trpc	LR584240.2:15900212-16100693+	gene-LOC101076517	LOC101076517	15647	4826	16	2662	GCF_901000725.3
Takifugu rubripes	vertebrate	kv_kcnq	LR584248.2:1991864-2090206+	gene-kcnq4	kcnq4	27697	14890	14	36828	GCF_901000725.3
Takifugu rubripes	vertebrate	k2p	LR584248.2:6265693-6284261+	gene-kcnk9	kcnk9	23636	17081	2	17081	GCF_901000725.3
Takifugu rubripes	vertebrate	kv_modifier	LR584248.2:6527782-6607846+	gene-kcng2	kcng2	14544	7368	4	7368	GCF_901000725.3
Takifugu rubripes	vertebrate	nmda	LR584248.2:7511680-7579476+	gene-grin2da	grin2da	92785	26009	21	23858	GCF_901000725.3
Takifugu rubripes	vertebrate	kv_eag	LR584248.2:10720607-10746539+	gene-kcnh8	kcnh8	31625	9590	16	9590	GCF_901000725.3
Takifugu rubripes	vertebrate	hcn	LR584248.2:11687269-11704537+	gene-LOC101064641	LOC101064641	5127	1933	7	11966	GCF_901000725.3
Takifugu rubripes	vertebrate	nachr	LR584248.2:12158667-12162873+	gene-chrna11	chrna11	8260	1457	10	1457	GCF_901000725.3
Takifugu rubripes	vertebrate	connexin	LR584238.1:1403840-1404556+	gene-gja9a	gja9a	1669	0	1	0	GCF_901000725.3
Takifugu rubripes	vertebrate	calhm	LR584238.1:3311358-3312966+	gene-LOC101069048	LOC101069048	2318	646	2	646	GCF_901000725.3
Takifugu rubripes	vertebrate	nachr	LR584238.1:14369719-14374930+	gene-chrnb2	chrnb2	13588	6094	6	1581	GCF_901000725.3
Takifugu rubripes	vertebrate	kca_sk	LR584238.1:14549055-14647164+	gene-kcnn3	kcnn3	36247	10037	12	10037	GCF_901000725.3
Takifugu rubripes	vertebrate	clc_channel	LR584238.1:15683530-15746758+	gene-clcn1b	clcn1b	19228	7241	23	1575	GCF_901000725.3
Takifugu rubripes	vertebrate	kainate	LR584238.1:16570691-16588717+	gene-grik5	grik5	64745	37145	23	3288	GCF_901000725.3
Takifugu rubripes	vertebrate	vdac	LR584238.1:16865604-16868335+	gene-LOC101075999	LOC101075999	3928	714	9	714	GCF_901000725.3
Takifugu rubripes	vertebrate	kir	CAAJGN030000090.1:68517-69404+	gene-LOC101065431	LOC101065431	2159	0	1	0	GCF_901000725.3
Takifugu rubripes	vertebrate	cav	LR584250.1:2742358-2902389+	gene-cacna1bb	cacna1bb	103339	29669	53	64057	GCF_901000725.3
Takifugu rubripes	vertebrate	tric	LR584250.1:5152550-5155925+	gene-tmem38b	tmem38b	5171	2282	6	2282	GCF_901000725.3
Takifugu rubripes	vertebrate	orai	LR584250.1:10871593-11017519+	gene-orai1b	orai1b	1412	71	2	65643	GCF_901000725.3
Takifugu rubripes	vertebrate	connexin	LR584249.2:2042910-2142861+	gene-gja10b	gja10b	3797	2080	3	98699	GCF_901000725.3
Takifugu rubripes	vertebrate	clic	LR584249.2:5496232-5525068+	gene-clic5b	clic5b	9010	4566	6	1474	GCF_901000725.3
Takifugu rubripes	vertebrate	osca_tmem63	LR584249.2:7333902-7339085+	gene-tmem63a	tmem63a	7112	796	23	453	GCF_901000725.3
Takifugu rubripes	vertebrate	nachr	LR584249.2:8182815-8188462+	gene-chrna2b	chrna2b	5773	2406	6	2406	GCF_901000725.3
Takifugu rubripes	vertebrate	kv_eag	LR584249.2:8463952-8515415+	gene-LOC101069541	LOC101069541	10333	1348	12	30959	GCF_901000725.3
Takifugu rubripes	vertebrate	kainate	LR584249.2:11488399-11589472+	gene-LOC101075174	LOC101075174	41452	13144	16	13144	GCF_901000725.3
Takifugu rubripes	vertebrate	clc_channel	CAAJGN030000077.1:144732-150774-	gene-LOC115248661	LOC115248661	6913	1248	17	1248	GCF_901000725.3
Takifugu rubripes	vertebrate	cng	LR584234.2:952803-957143-	gene-LOC101068564	LOC101068564	4969	841	7	688	GCF_901000725.3
Takifugu rubripes	vertebrate	gabaa	LR584234.2:4580999-4607081-	gene-LOC101073140	LOC101073140	29653	8625	10	8625	GCF_901000725.3
Takifugu rubripes	vertebrate	kv_eag	LR584234.2:5858772-5951273-	gene-kcnh7a	kcnh7a	40520	13983	18	13983	GCF_901000725.3
Takifugu rubripes	vertebrate	trpc	LR584234.2:15763963-15906334-	gene-trpc5a	trpc5a	45869	22785	18	6242	GCF_901000725.3
Takifugu rubripes	vertebrate	connexin	LR584248.2:999484-1000200-	gene-gja9b	gja9b	1717	88	2	0	GCF_901000725.3
Takifugu rubripes	vertebrate	connexin	LR584248.2:4998591-4999400-	gene-gja4	gja4	6145	1316	2	0	GCF_901000725.3
Takifugu rubripes	vertebrate	connexin	LR584248.2:6683519-6686294-	gene-LOC101062102	LOC101062102	741	0	1	2005	GCF_901000725.3
Takifugu rubripes	vertebrate	kainate	LR584248.2:8552147-8557571-	gene-LOC101065139	LOC101065139	13733	6617	20	725	GCF_901000725.3
Takifugu rubripes	vertebrate	kca_sk	LR584248.2:12148725-12164404-	gene-LOC101078024	LOC101078024	4680	705	11	705	GCF_901000725.3
Takifugu rubripes	vertebrate	connexin	LR584249.2:2594693-2595859-	gene-gja1b	gja1b	6264	2664	2	0	GCF_901000725.3
Takifugu rubripes	vertebrate	k2p	LR584249.2:4753581-4758099-	gene-LOC101068024	LOC101068024	6109	2210	4	2210	GCF_901000725.3
Takifugu rubripes	vertebrate	k2p	LR584249.2:8533672-8604029-	gene-LOC101071825	LOC101071825	14241	3419	7	59596	GCF_901000725.3
Takifugu rubripes	vertebrate	ryr	LR584249.2:9850796-9907006-	gene-ryr3	ryr3	57094	7523	108	7523	GCF_901000725.3
Takifugu rubripes	vertebrate	k2p	LR584249.2:10508538-10526629-	gene-kcnk3a	kcnk3a	20460	17228	2	17228	GCF_901000725.3
Takifugu rubripes	vertebrate	connexin	LR584249.2:13167829-13223337-	gene-LOC101078651	LOC101078651	1941	607	2	39931	GCF_901000725.3
Takifugu rubripes	vertebrate	tmc	LR584233.2:1685322-1874444-	gene-tmc2b	tmc2b	7957	932	21	568	GCF_901000725.3
Takifugu rubripes	vertebrate	p2x	LR584233.2:7714178-7753248-	gene-p2rx7	p2rx7	4410	471	13	471	GCF_901000725.3
Takifugu rubripes	vertebrate	delta_glur	LR584233.2:11604603-11870707-	gene-grid2	grid2	269350	92663	17	92663	GCF_901000725.3
Takifugu rubripes	vertebrate	p2x	LR584233.2:13871518-13874267-	gene-p2rx2	p2rx2	4743	577	12	577	GCF_901000725.3
Takifugu rubripes	vertebrate	tpc	LR584233.2:13952071-13962866-	gene-tpcn1	tpcn1	8170	2061	26	2061	GCF_901000725.3
Takifugu rubripes	vertebrate	vdac	LR584233.2:14068343-14070789-	gene-vdac3	vdac3	5703	2578	11	701	GCF_901000725.3
Takifugu rubripes	vertebrate	kca_slo	LR584233.2:15276289-15293518-	gene-kcnt1b	kcnt1b	40774	16997	37	2690	GCF_901000725.3
Takifugu rubripes	vertebrate	lrrc8	LR584233.2:15395226-15397714-	gene-lrrc8ab	lrrc8ab	7369	1331	5	104	GCF_901000725.3
Takifugu rubripes	vertebrate	tmem175	LR584233.2:16861967-16864581-	gene-tmem175	tmem175	3519	234	10	234	GCF_901000725.3
Takifugu rubripes	vertebrate	trpm	LR584233.2:19085629-19231380-	gene-trpm3	trpm3	70591	20366	28	9216	GCF_901000725.3
Takifugu rubripes	vertebrate	tmc	LR584250.1:2481975-2515563-	gene-tmc2a	tmc2a	9289	2120	20	807	GCF_901000725.3
Takifugu rubripes	vertebrate	nmda	LR584250.1:3126935-3142934-	gene-grin1a	grin1a	26165	7560	22	4360	GCF_901000725.3
Takifugu rubripes	vertebrate	hcn	LR584250.1:5506738-5725454-	gene-hcn1	hcn1	40419	13431	8	13431	GCF_901000725.3
Takifugu rubripes	vertebrate	kca_slo	LR584250.1:6122841-6233067-	gene-kcnt1a	kcnt1a	16653	2635	31	2455	GCF_901000725.3
Takifugu rubripes	vertebrate	lrrc8	LR584250.1:6356624-6359104-	gene-lrrc8aa	lrrc8aa	7516	2407	3	90	GCF_901000725.3
Takifugu rubripes	vertebrate	vdac	LR584250.1:8684329-8785512-	gene-LOC101069276	LOC101069276	4360	1002	10	1002	GCF_901000725.3
Takifugu rubripes	vertebrate	kca_sk	LR584250.1:11215253-11320699-	gene-kcnn2	kcnn2	17781	6419	9	6419	GCF_901000725.3
Takifugu rubripes	vertebrate	kainate	LR584238.1:2009278-2080266-	gene-grik3	grik3	70422	37064	16	37064	GCF_901000725.3
Takifugu rubripes	vertebrate	kainate	LR584238.1:3571519-3629778-	gene-grik2	grik2	64257	17295	17	17295	GCF_901000725.3
Takifugu rubripes	vertebrate	kainate	LR584238.1:3649190-3766460-	gene-LOC101071348	LOC101071348	88568	27298	23	27298	GCF_901000725.3
Takifugu rubripes	vertebrate	kv_modifier	LR584238.1:6778257-6779696-	gene-kcns2	kcns2	2561	269	2	0	GCF_901000725.3
Takifugu rubripes	vertebrate	k2p	LR584238.1:12702279-12703758-	gene-LOC101066263	LOC101066263	3925	505	5	505	GCF_901000725.3
Takifugu rubripes	vertebrate	nachr	LR584238.1:14589039-14592144-	gene-LOC446089	LOC446089	4842	485	10	584	GCF_901000725.3
Takifugu rubripes	vertebrate	trpv	LR584238.1:14768349-14773280-	gene-trpv6	trpv6	6323	1167	17	1167	GCF_901000725.3
Takifugu rubripes	vertebrate	nmda	LR584238.1:14981614-15004283-	gene-grin2db	grin2db	37061	12206	17	3589	GCF_901000725.3
Takifugu rubripes	vertebrate	tweety	LR584238.1:15125837-15134635-	gene-ttyh1	ttyh1	16113	2861	16	2483	GCF_901000725.3
Takifugu rubripes	vertebrate	nachr	CAAJGN030000098.1:30334-40010-	gene-LOC115246419	LOC115246419	5956	1701	6	2244	GCF_901000725.3
Takifugu rubripes	vertebrate	nachr	CAAJGN030000036.1:18-11690-	gene-LOC446019	LOC446019	5753	1701	6	2243	GCF_901000725.3
Takifugu rubripes	vertebrate	nachr	CAAJGN030000098.1:17242-20986+	gene-LOC105419552	LOC105419552	6413	1709	10	1159	GCF_901000725.3
Takifugu rubripes	vertebrate	trpm	LR584233.2:679546-699044+	gene-trpm6	trpm6	22837	3063	40	3063	GCF_901000725.3
Takifugu rubripes	vertebrate	orai	LR584233.2:2916037-3044261+	gene-LOC101071466	LOC101071466	3146	632	2	85056	GCF_901000725.3
Takifugu rubripes	vertebrate	nmda	LR584233.2:6333940-6350218+	gene-grin1b	grin1b	19812	5969	21	5969	GCF_901000725.3
Takifugu rubripes	vertebrate	p2x	LR584233.2:9261408-9367708+	gene-LOC101070550	LOC101070550	2733	292	12	292	GCF_901000725.3
Takifugu rubripes	vertebrate	trpv	LR584233.2:13710794-13748181+	gene-trpv4	trpv4	8816	1176	17	1176	GCF_901000725.3
Takifugu rubripes	vertebrate	tmc	CAAJGN030000067.1:261342-477470-	gene-LOC446003	LOC446003	13403	1545	22	81178	GCF_901000725.3
Takifugu rubripes	vertebrate	piezo	CAAJGN030000084.1:63-101963+	gene-LOC101071632	LOC101071632	43458	7324	55	7324	GCF_901000725.3
Takifugu rubripes	vertebrate	trpc	CAAJGN030000037.1:1719-26345+	gene-LOC115248190	LOC115248190	4166	239	13	21672	GCF_901000725.3
Takifugu rubripes	vertebrate	tmem87	r4_LR584242.2:14805203-14813353-	gene-tmem87b	tmem87b	5988	635	20	725	GCF_901000725.3
Takifugu rubripes	vertebrate	tmco1	r4_LR584236.2:1332199-1334285+	gene-tmco1	tmco1	2315	810	7	810	GCF_901000725.3
Takifugu rubripes	vertebrate	clcc1	r4_LR584236.2:10049388-10052132+	gene-clcc1	clcc1	4401	441	12	376	GCF_901000725.3
Takifugu rubripes	vertebrate	gphr	r4_LR584231.2:17622317-17627587-	gene-si:ch73-390b10.2	si:ch73-390b10.2	4320	607	14	607	GCF_901000725.3
Takifugu rubripes	vertebrate	mitok	r4_LR584235.1:1308636-1310138-	gene-ccdc51	ccdc51	4248	709	7	232	GCF_901000725.3
Takifugu rubripes	vertebrate	tmem87	r4_LR584241.1:527255-629817-	gene-LOC101066087	LOC101066087	7451	946	21	35224	GCF_901000725.3
Takifugu rubripes	vertebrate	tmem87	r4_LR584245.2:14636898-14754054+	gene-LOC101061158	LOC101061158	6170	847	20	490	GCF_901000725.3
Latimeria chalumnae	vertebrate	ampa	JH127421.1:339877-748199+	gene-GRIA4	GRIA4	375420	174650	17	174650	GCF_000225785.1
Latimeria chalumnae	vertebrate	ampa	JH126585.1:2882960-3604465+	gene-GRIA1	GRIA1	212286	87999	16	71946	GCF_000225785.1
Latimeria chalumnae	vertebrate	ampa	JH128044.1:5014-220830-	gene-LOC102354725	LOC102354725	214069	49904	11	49904	GCF_000225785.1
Latimeria chalumnae	vertebrate	ano_channel	JH127586.1:249424-591633-	gene-ANO2	ANO2	215775	47145	26	62791	GCF_000225785.1
Latimeria chalumnae	vertebrate	ano_channel	JH126862.1:32177-959569-	gene-ANO1	ANO1	162823	65275	27	30021	GCF_000225785.1
Latimeria chalumnae	vertebrate	tpc	JH126862.1:1192894-1286248-	gene-TPCN2	TPCN2	38132	4411	24	4411	GCF_000225785.1
Latimeria chalumnae	vertebrate	ano_scramblase	JH126798.1:1119414-1350339-	gene-ANO3	ANO3	92481	20417	26	56206	GCF_000225785.1
Latimeria chalumnae	vertebrate	ano_scramblase	JH127380.1:743117-936379-	gene-ANO4	ANO4	195772	52949	25	52949	GCF_000225785.1
Latimeria chalumnae	vertebrate	ano_scramblase	JH128896.1:167197-296412-	gene-ANO6	ANO6	152979	35736	20	21290	GCF_000225785.1
Latimeria chalumnae	vertebrate	ano_scramblase	JH126936.1:1418143-1445424+	gene-ANO5	ANO5	59360	26115	19	3616	GCF_000225785.1
Latimeria chalumnae	vertebrate	ano_scramblase	JH126865.1:909552-1196744-	gene-ANO7P1	ANO7P1	24477	5633	12	21078	GCF_000225785.1
Latimeria chalumnae	vertebrate	ano_scramblase	JH127163.1:200374-314617-	gene-LOC102353806	LOC102353806	162657	40868	23	31355	GCF_000225785.1
Latimeria chalumnae	vertebrate	ano_scramblase	JH127278.1:251371-315203+	gene-ANO8	ANO8	35984	7113	15	26798	GCF_000225785.1
Latimeria chalumnae	vertebrate	asic	JH128166.1:26107-325524+	gene-LOC102360694	LOC102360694	144205	62754	10	39156	GCF_000225785.1
Latimeria chalumnae	vertebrate	asic	JH127143.1:241104-715755+	gene-LOC102350460	LOC102350460	143462	60859	10	60859	GCF_000225785.1
Latimeria chalumnae	vertebrate	asic	JH126836.1:443213-835769+	gene-ASIC4	ASIC4	188412	171739	10	171739	GCF_000225785.1
Latimeria chalumnae	vertebrate	kv_eag	JH126776.1:528315-1062784+	gene-KCNH6	KCNH6	82453	36515	14	36515	GCF_000225785.1
Latimeria chalumnae	vertebrate	k2p	JH126565.1:101593-167730-	gene-KCNK10	KCNK10	71978	38228	8	38228	GCF_000225785.1
Latimeria chalumnae	vertebrate	cav	JH126708.1:2996-1054167-	gene-CACNA1D	CACNA1D	305383	99253	49	99253	GCF_000225785.1
Latimeria chalumnae	vertebrate	gabaa	JH128028.1:509231-572480+	gene-LOC102356786	LOC102356786	56949	15603	9	15885	GCF_000225785.1
Latimeria chalumnae	vertebrate	clic	JH126701.1:1105705-1240301+	gene-CLIC6	CLIC6	46562	32576	6	88791	GCF_000225785.1
Latimeria chalumnae	vertebrate	kir	JH126571.1:3607163-3611685-	gene-LOC102349783	LOC102349783	8628	3477	3	3359	GCF_000225785.1
Latimeria chalumnae	vertebrate	otop	JH127000.1:460800-486906-	gene-LOC102364371	LOC102364371	11554	2948	6	2948	GCF_000225785.1
Latimeria chalumnae	vertebrate	otop	JH127000.1:506500-513072-	gene-LOC102364624	LOC102364624	22309	15661	7	1735	GCF_000225785.1
Latimeria chalumnae	vertebrate	kir	JH126627.1:1691530-1692522+	gene-KCNJ11	KCNJ11	2388	0	1	0	GCF_000225785.1
Latimeria chalumnae	vertebrate	kir	JH127043.1:237443-248124+	gene-KCNJ8	KCNJ8	12027	9671	2	9671	GCF_000225785.1
Latimeria chalumnae	vertebrate	bestrophin	JH126580.1:2059621-2412448+	gene-BEST1	BEST1	30919	10404	9	10404	GCF_000225785.1
Latimeria chalumnae	vertebrate	bestrophin	JH127931.1:87141-503965+	gene-BEST3	BEST3	34189	14451	10	6936	GCF_000225785.1
Latimeria chalumnae	vertebrate	bestrophin	JH127879.1:193498-290888+	gene-BEST4	BEST4	14333	3528	9	3528	GCF_000225785.1
Latimeria chalumnae	vertebrate	bestrophin	JH128434.1:450704-462006+	gene-BEST2	BEST2	11300	2876	6	2876	GCF_000225785.1
Latimeria chalumnae	vertebrate	catsper	JH126748.1:1412164-1615622-	gene-CATSPER4	CATSPER4	17342	2860	11	189376	GCF_000225785.1
Latimeria chalumnae	vertebrate	catsper	JH126611.1:813154-922244-	gene-CATSPER2	CATSPER2	26139	13410	9	4891	GCF_000225785.1
Latimeria chalumnae	vertebrate	cav	JH126587.1:1862323-2739260+	gene-CACNA1S	CACNA1S	70441	12151	43	259718	GCF_000225785.1
Latimeria chalumnae	vertebrate	cav	JH126566.1:182277-766489-	gene-CACNA1B	CACNA1B	630684	248376	48	248376	GCF_000225785.1
Latimeria chalumnae	vertebrate	cav	JH126604.1:1146360-2099664-	gene-CACNA1C	CACNA1C	368611	160363	51	160363	GCF_000225785.1
Latimeria chalumnae	vertebrate	cav	JH126766.1:594020-1357612+	gene-CACNA1A	CACNA1A	312058	77599	47	260278	GCF_000225785.1
Latimeria chalumnae	vertebrate	cav	JH126647.1:344701-1157194+	gene-CACNA1E	CACNA1E	472596	123121	44	123121	GCF_000225785.1
Latimeria chalumnae	vertebrate	cav	JH127099.1:250927-667040-	gene-CACNA1G	CACNA1G	433594	261390	37	261390	GCF_000225785.1
Latimeria chalumnae	vertebrate	cav	JH127040.1:119188-944467-	gene-CACNA1H	CACNA1H	864354	346621	33	346621	GCF_000225785.1
Latimeria chalumnae	vertebrate	cav	JH128069.1:263028-374199+	gene-CACNA1I	CACNA1I	122974	26507	35	26507	GCF_000225785.1
Latimeria chalumnae	vertebrate	cftr	JH127658.1:39165-198916+	gene-CFTR	CFTR	137863	29204	28	29204	GCF_000225785.1
Latimeria chalumnae	vertebrate	clc_channel	JH127253.1:481214-1041943-	gene-CLCN1	CLCN1	47635	11870	18	35930	GCF_000225785.1
Latimeria chalumnae	vertebrate	clc_channel	JH129010.1:102097-316374+	gene-LOC102362637	LOC102362637	214269	77235	15	77235	GCF_000225785.1
Latimeria chalumnae	vertebrate	clc_channel	JH127111.1:109707-890749-	gene-LOC102361100	LOC102361100	29205	5645	21	4964	GCF_000225785.1
Latimeria chalumnae	vertebrate	clc_channel	JH126865.1:163342-371770+	gene-CLCNKA	CLCNKA	47697	11727	16	11727	GCF_000225785.1
Latimeria chalumnae	vertebrate	clic	JH128045.1:504753-514667-	gene-LOC102361030	LOC102361030	12092	7464	6	7464	GCF_000225785.1
Latimeria chalumnae	vertebrate	connexin	JH126592.1:410871-411626-	gene-GJA9	GJA9	1599	0	1	0	GCF_000225785.1
Latimeria chalumnae	vertebrate	clic	JH126592.1:1052422-1566658-	gene-CLIC4	CLIC4	42766	25496	6	25496	GCF_000225785.1
Latimeria chalumnae	vertebrate	clic	JH127041.1:988658-1266779-	gene-CLIC5	CLIC5	125335	98843	6	98843	GCF_000225785.1
Latimeria chalumnae	vertebrate	clic	JH126781.1:1313269-1352306-	gene-CLIC2	CLIC2	9953	3244	6	1031	GCF_000225785.1
Latimeria chalumnae	vertebrate	gabaa	JH126781.1:1667442-1816943-	gene-LOC102364193	LOC102364193	214552	63846	10	56388	GCF_000225785.1
Latimeria chalumnae	vertebrate	cng	JH126842.1:458311-1308759+	gene-CNGA3	CNGA3	62192	29578	8	29670	GCF_000225785.1
Latimeria chalumnae	vertebrate	cng	JH127249.1:482795-967123+	gene-CNGA2	CNGA2	14472	2969	6	2969	GCF_000225785.1
Latimeria chalumnae	vertebrate	cng	JH128744.1:119425-142072-	gene-CNGA4	CNGA4	25793	14331	5	14331	GCF_000225785.1
Latimeria chalumnae	vertebrate	nav	JH126563.1:5142374-5523185+	gene-SCN8A	SCN8A	114203	14661	28	14661	GCF_000225785.1
Latimeria chalumnae	vertebrate	kv_eag	JH126563.1:6755836-6779074+	gene-KCNH3	KCNH3	28544	9980	15	9980	GCF_000225785.1
Latimeria chalumnae	vertebrate	kv_eag	JH127425.1:165024-891129+	gene-KCNH2	KCNH2	134762	41421	12	334531	GCF_000225785.1
Latimeria chalumnae	vertebrate	connexin	JH126578.1:3028660-3034161+	gene-LOC102366134	LOC102366134	5568	4665	2	4665	GCF_000225785.1
Latimeria chalumnae	vertebrate	ryr	JH126578.1:3492786-3651012+	gene-RYR1	RYR1	159419	16198	101	16198	GCF_000225785.1
Latimeria chalumnae	vertebrate	connexin	JH127890.1:12416-13207+	gene-GJC2	GJC2	1245	0	1	0	GCF_000225785.1
Latimeria chalumnae	vertebrate	connexin	JH126912.1:702628-703374-	gene-LOC102361693	LOC102361693	1229	0	1	0	GCF_000225785.1
Latimeria chalumnae	vertebrate	connexin	JH126667.1:1205038-1205916+	gene-LOC102356650	LOC102356650	47902	24244	4	0	GCF_000225785.1
Latimeria chalumnae	vertebrate	connexin	JH127561.1:596795-598516-	gene-GJD2	GJD2	1861	873	2	873	GCF_000225785.1
Latimeria chalumnae	vertebrate	connexin	JH129371.1:154700-155500+	gene-LOC102358833	LOC102358833	25370	23741	2	0	GCF_000225785.1
Latimeria chalumnae	vertebrate	connexin	JH127813.1:369857-371008-	gene-GJA1	GJA1	12833	9658	2	0	GCF_000225785.1
Latimeria chalumnae	vertebrate	connexin	JH127554.1:305944-307188+	gene-GJA3	GJA3	1245	0	1	0	GCF_000225785.1
Latimeria chalumnae	vertebrate	connexin	JH127756.1:47703-104122-	gene-LOC102362258	LOC102362258	6662	3963	2	0	GCF_000225785.1
Latimeria chalumnae	vertebrate	connexin	JH128711.1:271622-272575-	gene-LOC102357045	LOC102357045	10994	9769	2	0	GCF_000225785.1
Latimeria chalumnae	vertebrate	delta_glur	JH126679.1:812793-2153064+	gene-GRID1	GRID1	1312951	637219	14	637219	GCF_000225785.1
Latimeria chalumnae	vertebrate	enac	JH127449.1:621644-726356+	gene-SCNN1G	SCNN1G	29250	9242	12	9242	GCF_000225785.1
Latimeria chalumnae	vertebrate	enac	JH128489.1:348987-384554+	gene-SCNN1A	SCNN1A	38720	10964	13	10964	GCF_000225785.1
Latimeria chalumnae	vertebrate	gabaa	JH126900.1:1285439-1449984+	gene-GABRB2	GABRB2	161991	70770	9	70770	GCF_000225785.1
Latimeria chalumnae	vertebrate	gabaa	JH128111.1:88743-478691-	gene-LOC102345344	LOC102345344	167109	110054	9	110054	GCF_000225785.1
Latimeria chalumnae	vertebrate	gabaa	JH127637.1:509643-736123-	gene-GABRB1	GABRB1	226475	117913	6	117913	GCF_000225785.1
Latimeria chalumnae	vertebrate	gabaa	JH129208.1:204507-238310-	gene-LOC102363997	LOC102363997	33804	11587	8	11587	GCF_000225785.1
Latimeria chalumnae	vertebrate	gabaa	JH126562.1:8700779-8725919-	gene-GABRD	GABRD	24210	8677	9	12893	GCF_000225785.1
Latimeria chalumnae	vertebrate	gabaa	JH126723.1:1439037-1491476+	gene-GABRR3	GABRR3	63486	26899	9	26899	GCF_000225785.1
Latimeria chalumnae	vertebrate	gabaa	JH126900.1:974047-1079037-	gene-GABRG2	GABRG2	119034	48339	11	48339	GCF_000225785.1
Latimeria chalumnae	vertebrate	gabaa	JH126900.1:1250430-1265407-	gene-GABRA6	GABRA6	15801	4204	9	4204	GCF_000225785.1
Latimeria chalumnae	vertebrate	gabaa	JH128111.1:201912-528035+	gene-LOC102345788	LOC102345788	108694	55098	9	55098	GCF_000225785.1
Latimeria chalumnae	vertebrate	glyr	JH126707.1:1195402-1417210-	gene-GLRA3	GLRA3	114294	38384	8	107548	GCF_000225785.1
Latimeria chalumnae	vertebrate	glyr	JH126585.1:2577064-2664204-	gene-GLRA1	GLRA1	21741	10439	7	35401	GCF_000225785.1
Latimeria chalumnae	vertebrate	glyr	JH126674.1:2124404-2164259-	gene-LOC102351742	LOC102351742	39184	12067	8	12067	GCF_000225785.1
Latimeria chalumnae	vertebrate	hcn	JH127279.1:247246-986441-	gene-HCN3	HCN3	85965	50742	8	36791	GCF_000225785.1
Latimeria chalumnae	vertebrate	hcn	JH126673.1:251060-1047603-	gene-HCN2	HCN2	79518	15619	8	291543	GCF_000225785.1
Latimeria chalumnae	vertebrate	hcn	JH126905.1:453425-1518660+	gene-HCN1	HCN1	333339	101944	8	101944	GCF_000225785.1
Latimeria chalumnae	vertebrate	ht3	JH126571.1:3711494-4216415+	gene-LOC102350588	LOC102350588	20643	5020	9	4029	GCF_000225785.1
Latimeria chalumnae	vertebrate	ht3	JH127352.1:741967-851716+	gene-LOC102350808	LOC102350808	12842	2896	10	100694	GCF_000225785.1
Latimeria chalumnae	vertebrate	hv1	JH126873.1:1299953-1376333+	gene-HVCN1	HVCN1	10286	4881	8	4881	GCF_000225785.1
Latimeria chalumnae	vertebrate	kainate	JH126983.1:204855-688274+	gene-GRIK5	GRIK5	32434	7078	16	7078	GCF_000225785.1
Latimeria chalumnae	vertebrate	kainate	JH126582.1:181421-408170-	gene-GRIK4	GRIK4	220090	85950	21	12807	GCF_000225785.1
Latimeria chalumnae	vertebrate	kainate	JH127308.1:407519-497990-	gene-LOC102352505	LOC102352505	159612	75285	17	14793	GCF_000225785.1
Latimeria chalumnae	vertebrate	kainate	JH126809.1:18651-537395-	gene-GRIK2	GRIK2	518739	218632	14	218632	GCF_000225785.1
Latimeria chalumnae	vertebrate	kv_kcnq	JH126899.1:19359-696997-	gene-KCNQ5	KCNQ5	131882	27394	14	369070	GCF_000225785.1
Latimeria chalumnae	vertebrate	itpr	JH128555.1:69717-334014-	gene-ITPR1	ITPR1	276580	45544	57	45544	GCF_000225785.1
Latimeria chalumnae	vertebrate	itpr	JH127283.1:358298-728049+	gene-ITPR2	ITPR2	370879	51120	55	51120	GCF_000225785.1
Latimeria chalumnae	vertebrate	itpr	JH126819.1:1488851-1557832+	gene-ITPR3	ITPR3	70308	6875	56	6875	GCF_000225785.1
Latimeria chalumnae	vertebrate	k2p	JH127217.1:518461-693478-	gene-KCNK9	KCNK9	174706	173581	2	173581	GCF_000225785.1
Latimeria chalumnae	vertebrate	k2p	JH127977.1:535462-545417-	gene-LOC102356950	LOC102356950	9941	8741	3	8741	GCF_000225785.1
Latimeria chalumnae	vertebrate	k2p	JH127922.1:267806-321123-	gene-LOC102362531	LOC102362531	53321	52088	2	52088	GCF_000225785.1
Latimeria chalumnae	vertebrate	k2p	JH126696.1:1002605-1026762-	gene-KCNK13	KCNK13	24158	22916	2	22916	GCF_000225785.1
Latimeria chalumnae	vertebrate	k2p	JH128694.1:134599-231615-	gene-KCNK12	KCNK12	97014	95775	2	95775	GCF_000225785.1
Latimeria chalumnae	vertebrate	k2p	JH126593.1:198111-200859-	gene-LOC102360190	LOC102360190	15295	8116	5	1447	GCF_000225785.1
Latimeria chalumnae	vertebrate	kv_eag	JH126564.1:2430735-2886595+	gene-KCNH5	KCNH5	231018	50019	11	50019	GCF_000225785.1
Latimeria chalumnae	vertebrate	k2p	JH126564.1:4479009-4487535+	gene-LOC102349940	LOC102349940	10670	6471	5	6471	GCF_000225785.1
Latimeria chalumnae	vertebrate	k2p	JH126986.1:240439-270323+	gene-KCNK1	KCNK1	30141	25348	3	25348	GCF_000225785.1
Latimeria chalumnae	vertebrate	k2p	JH127632.1:414423-421557-	gene-KCNK7	KCNK7	7324	5203	3	5203	GCF_000225785.1
Latimeria chalumnae	vertebrate	kv_modifier	JH127353.1:467114-492301-	gene-KCNG1	KCNG1	2248	697	2	697	GCF_000225785.1
Latimeria chalumnae	vertebrate	k2p	JH126663.1:1705656-1716648-	gene-KCNK6	KCNK6	11851	8843	3	8843	GCF_000225785.1
Latimeria chalumnae	vertebrate	k2p	JH127021.1:17347-112126-	gene-KCNK2	KCNK2	94933	37002	11	62762	GCF_000225785.1
Latimeria chalumnae	vertebrate	kainate	JH126592.1:2473292-2764043+	gene-GRIK3	GRIK3	283314	146768	15	146768	GCF_000225785.1
Latimeria chalumnae	vertebrate	kca_sk	JH128607.1:129252-371625+	gene-LOC102364416	LOC102364416	179156	78936	9	78936	GCF_000225785.1
Latimeria chalumnae	vertebrate	kca_sk	JH127278.1:708593-1019570-	gene-KCNN1	KCNN1	74463	23044	8	23044	GCF_000225785.1
Latimeria chalumnae	vertebrate	kca_sk	JH126876.1:876337-1585662-	gene-LOC102363209	LOC102363209	147777	75784	4	75784	GCF_000225785.1
Latimeria chalumnae	vertebrate	kca_sk	JH126831.1:875492-1315986+	gene-LOC102364025	LOC102364025	13099	5263	8	177385	GCF_000225785.1
Latimeria chalumnae	vertebrate	kca_slo	JH126584.1:380565-1954601+	gene-KCNMA1	KCNMA1	1078759	235496	29	235496	GCF_000225785.1
Latimeria chalumnae	vertebrate	kir	JH127066.1:205743-399594-	gene-LOC102356212	LOC102356212	6372	2901	3	2901	GCF_000225785.1
Latimeria chalumnae	vertebrate	kir	JH127066.1:909024-1153154-	gene-LOC102353803	LOC102353803	84270	77050	3	237940	GCF_000225785.1
Latimeria chalumnae	vertebrate	kir	JH126612.1:1425268-1813916+	gene-KCNJ5	KCNJ5	13673	12410	2	194776	GCF_000225785.1
Latimeria chalumnae	vertebrate	kir	JH126684.1:173840-175153+	gene-LOC102359024	LOC102359024	1299	0	1	0	GCF_000225785.1
Latimeria chalumnae	vertebrate	kir	JH126764.1:172482-429924-	gene-KCNJ4	KCNJ4	3076	1795	2	1795	GCF_000225785.1
Latimeria chalumnae	vertebrate	kir	JH126678.1:871419-872717-	gene-KCNJ2	KCNJ2	11808	7453	2	0	GCF_000225785.1
Latimeria chalumnae	vertebrate	trpm	JH126644.1:1078378-1327076+	gene-LOC102365897	LOC102365897	77806	31725	26	122488	GCF_000225785.1
Latimeria chalumnae	vertebrate	kir	JH126644.1:1915691-1916833+	gene-LOC102359288	LOC102359288	1243	0	1	0	GCF_000225785.1
Latimeria chalumnae	vertebrate	kir	JH128176.1:91580-114751+	gene-LOC102353246	LOC102353246	23403	8833	5	8833	GCF_000225785.1
Latimeria chalumnae	vertebrate	kir	JH127920.1:200184-224570+	gene-KCNJ6	KCNJ6	31438	23256	3	23256	GCF_000225785.1
Latimeria chalumnae	vertebrate	kir	JH127077.1:1077419-1106985+	gene-KCNJ9	KCNJ9	29711	28445	2	28445	GCF_000225785.1
Latimeria chalumnae	vertebrate	kir	JH127204.1:712107-770900+	gene-LOC102353550	LOC102353550	32549	25947	3	25947	GCF_000225785.1
Latimeria chalumnae	vertebrate	kir	JH127187.1:358917-370389-	gene-LOC102362785	LOC102362785	31358	19016	3	10495	GCF_000225785.1
Latimeria chalumnae	vertebrate	nmda	JH127187.1:644075-1093735-	gene-GRIN2D	GRIN2D	67062	10071	13	349690	GCF_000225785.1
Latimeria chalumnae	vertebrate	kir	JH127077.1:924531-925583-	gene-KCNJ10	KCNJ10	1137	0	1	0	GCF_000225785.1
Latimeria chalumnae	vertebrate	kir	JH129192.1:57147-279568+	gene-KCNJ3	KCNJ3	222999	220328	3	220328	GCF_000225785.1
Latimeria chalumnae	vertebrate	kv_eag	JH128753.1:118374-347309+	gene-LOC102353685	LOC102353685	229081	89891	11	89891	GCF_000225785.1
Latimeria chalumnae	vertebrate	kv_kcnq	JH126957.1:19074-873242+	gene-KCNQ1	KCNQ1	653211	247805	19	241673	GCF_000225785.1
Latimeria chalumnae	vertebrate	kv_kcnq	JH126929.1:410023-1336811-	gene-KCNQ4	KCNQ4	167678	95292	13	136203	GCF_000225785.1
Latimeria chalumnae	vertebrate	kv_kcnq	JH127576.1:145794-645686+	gene-LOC102355956	LOC102355956	247367	128957	17	128957	GCF_000225785.1
Latimeria chalumnae	vertebrate	kv_kcnq	JH126727.1:38256-327079+	gene-KCNQ2	KCNQ2	151884	55335	15	55335	GCF_000225785.1
Latimeria chalumnae	vertebrate	nachr	JH126727.1:397738-512110+	gene-CHRNA4	CHRNA4	15925	5488	5	5488	GCF_000225785.1
Latimeria chalumnae	vertebrate	kv_modifier	JH127219.1:892112-893551+	gene-KCNS2	KCNS2	1440	0	1	0	GCF_000225785.1
Latimeria chalumnae	vertebrate	kv_modifier	JH129085.1:41422-149925+	gene-LOC102346251	LOC102346251	90462	49262	4	28067	GCF_000225785.1
Latimeria chalumnae	vertebrate	kv_modifier	JH127141.1:1103949-1127415-	gene-KCNG4	KCNG4	23577	21988	2	21988	GCF_000225785.1
Latimeria chalumnae	vertebrate	kv_shaker	JH126891.1:1387841-1394367+	gene-LOC102356670	LOC102356670	19745	11843	3	5039	GCF_000225785.1
Latimeria chalumnae	vertebrate	kv_shaker	JH126600.1:3126912-3128355+	gene-LOC102354483	LOC102354483	7407	0	1	0	GCF_000225785.1
Latimeria chalumnae	vertebrate	kv_shaker	JH126600.1:3306060-3307529+	gene-LOC102355173	LOC102355173	40747	38729	2	0	GCF_000225785.1
Latimeria chalumnae	vertebrate	kv_shaker	JH126576.1:17868-30188-	gene-LOC102363804	LOC102363804	1772	0	1	0	GCF_000225785.1
Latimeria chalumnae	vertebrate	kv_shaker	JH126576.1:81771-83267-	gene-LOC102358186	LOC102358186	1497	0	1	0	GCF_000225785.1
Latimeria chalumnae	vertebrate	kv_shaker	JH126576.1:111585-128448-	gene-LOC102364318	LOC102364318	1578	0	1	0	GCF_000225785.1
Latimeria chalumnae	vertebrate	kv_shaker	JH126652.1:350805-352595-	gene-KCNA4	KCNA4	2091	0	1	0	GCF_000225785.1
Latimeria chalumnae	vertebrate	kv_shaker	JH126576.1:3209497-3763063+	gene-KCND3	KCND3	180351	134431	7	303813	GCF_000225785.1
Latimeria chalumnae	vertebrate	kv_shaker	JH127752.1:409705-651772-	gene-KCND1	KCND1	138506	96082	6	96082	GCF_000225785.1
Latimeria chalumnae	vertebrate	kv_shaker	JH127027.1:774431-1254645-	gene-KCND2	KCND2	420211	391553	7	391553	GCF_000225785.1
Latimeria chalumnae	vertebrate	lrrc8	JH126968.1:589118-592471+	gene-LOC102345408	LOC102345408	28043	22092	4	915	GCF_000225785.1
Latimeria chalumnae	vertebrate	lrrc8	JH127339.1:772034-774944+	gene-LRRC8E	LRRC8E	3058	508	2	508	GCF_000225785.1
Latimeria chalumnae	vertebrate	lrrc8	JH126677.1:1360144-1365040+	gene-LRRC8A	LRRC8A	40203	18594	4	2467	GCF_000225785.1
Latimeria chalumnae	vertebrate	mcu	JH127907.1:606784-624553-	gene-MCU	MCU	22280	5516	7	5516	GCF_000225785.1
Latimeria chalumnae	vertebrate	mcu	JH127098.1:73193-452128-	gene-LOC102357177	LOC102357177	47046	16906	9	240389	GCF_000225785.1
Latimeria chalumnae	vertebrate	nachr	JH127300.1:59816-198462-	gene-CHRNA3	CHRNA3	21208	6400	6	6400	GCF_000225785.1
Latimeria chalumnae	vertebrate	nachr	JH127267.1:431353-448586-	gene-CHRNA9	CHRNA9	25403	8021	5	7273	GCF_000225785.1
Latimeria chalumnae	vertebrate	nachr	JH128121.1:45547-90421+	gene-CHRNB3	CHRNB3	69865	24443	6	16311	GCF_000225785.1
Latimeria chalumnae	vertebrate	nachr	JH126876.1:1203637-1331558+	gene-CHRNB2	CHRNB2	56649	40122	7	6263	GCF_000225785.1
Latimeria chalumnae	vertebrate	nachr	JH128810.1:79873-95181-	gene-CHRNA2	CHRNA2	24372	9457	6	6331	GCF_000225785.1
Latimeria chalumnae	vertebrate	nachr	JH129417.1:183522-221573+	gene-CHRNA7	CHRNA7	39933	20338	10	20338	GCF_000225785.1
Latimeria chalumnae	vertebrate	nachr	JH126941.1:1223882-1392259+	gene-CHRND	CHRND	18448	4662	12	103957	GCF_000225785.1
Latimeria chalumnae	vertebrate	nalcn	JH126821.1:7001-468190+	gene-NALCN	NALCN	461875	90955	42	90955	GCF_000225785.1
Latimeria chalumnae	vertebrate	nav	JH128252.1:69841-408584-	gene-LOC102361559	LOC102361559	339076	65930	26	65930	GCF_000225785.1
Latimeria chalumnae	vertebrate	nav	JH127510.1:284600-661266-	gene-LOC102364907	LOC102364907	160675	35509	26	35509	GCF_000225785.1
Latimeria chalumnae	vertebrate	nav	JH127469.1:5514-701605+	gene-LOC102366443	LOC102366443	102536	27488	26	9533	GCF_000225785.1
Latimeria chalumnae	vertebrate	nav	JH127291.1:734512-816518-	gene-LOC102354872	LOC102354872	54530	6915	19	20043	GCF_000225785.1
Latimeria chalumnae	vertebrate	nav	JH127625.1:7682-114340-	gene-LOC102348434	LOC102348434	143629	25484	21	20995	GCF_000225785.1
Latimeria chalumnae	vertebrate	nmda	JH127000.1:634425-1143275+	gene-GRIN2C	GRIN2C	69640	29357	12	440861	GCF_000225785.1
Latimeria chalumnae	vertebrate	nmda	JH128285.1:49693-297733-	gene-GRIN2A	GRIN2A	248498	98167	12	98167	GCF_000225785.1
Latimeria chalumnae	vertebrate	nmda	JH127994.1:36463-559350+	gene-GRIN2B	GRIN2B	234092	93772	10	93772	GCF_000225785.1
Latimeria chalumnae	vertebrate	pannexin	JH126763.1:1874752-1994881-	gene-PANX2	PANX2	29536	19978	5	19978	GCF_000225785.1
Latimeria chalumnae	vertebrate	p2x	JH126594.1:3097769-3573065-	gene-P2RX4	P2RX4	21413	6059	12	6059	GCF_000225785.1
Latimeria chalumnae	vertebrate	orai	JH127334.1:65647-302173-	gene-ORAI3	ORAI3	23200	20709	2	20709	GCF_000225785.1
Latimeria chalumnae	vertebrate	orai	JH126681.1:441858-785744-	gene-LOC102346192	LOC102346192	11565	9754	3	2057	GCF_000225785.1
Latimeria chalumnae	vertebrate	osca_tmem63	JH126565.1:723446-1287464+	gene-TMEM63C	TMEM63C	122152	44302	24	424434	GCF_000225785.1
Latimeria chalumnae	vertebrate	osca_tmem63	JH127079.1:99134-802512-	gene-TMEM63B	TMEM63B	166446	86557	21	18269	GCF_000225785.1
Latimeria chalumnae	vertebrate	osca_tmem63	JH127830.1:113967-140373+	gene-TMEM63A	TMEM63A	26509	4800	11	4800	GCF_000225785.1
Latimeria chalumnae	vertebrate	otop	JH128463.1:75536-385008-	gene-OTOP1	OTOP1	25175	9903	7	9903	GCF_000225785.1
Latimeria chalumnae	vertebrate	p2x	JH126589.1:3237466-3282420-	gene-P2RX1	P2RX1	65485	19750	13	16912	GCF_000225785.1
Latimeria chalumnae	vertebrate	p2x	JH129245.1:116204-137217+	gene-P2RX3	P2RX3	18071	7479	10	7479	GCF_000225785.1
Latimeria chalumnae	vertebrate	p2x	JH126719.1:31905-55242-	gene-LOC102346368	LOC102346368	24910	5120	10	5120	GCF_000225785.1
Latimeria chalumnae	vertebrate	p2x	JH126720.1:2076422-2103302-	gene-P2RX2	P2RX2	29359	4275	12	4275	GCF_000225785.1
Latimeria chalumnae	vertebrate	pannexin	JH129072.1:142625-211530-	gene-PANX1	PANX1	69966	49254	5	49254	GCF_000225785.1
Latimeria chalumnae	vertebrate	pannexin	JH126739.1:391470-410795+	gene-PANX3	PANX3	20991	11598	5	11598	GCF_000225785.1
Latimeria chalumnae	vertebrate	piezo	JH127323.1:57257-636465+	gene-PIEZO1	PIEZO1	262585	37577	53	129778	GCF_000225785.1
Latimeria chalumnae	vertebrate	piezo	JH126860.1:578543-1335545+	gene-PIEZO2	PIEZO2	592590	110531	48	110531	GCF_000225785.1
Latimeria chalumnae	vertebrate	piezo	JH126732.1:356523-948609-	gene-LOC102359305	LOC102359305	95337	5566	52	5796	GCF_000225785.1
Latimeria chalumnae	vertebrate	ryr	JH126610.1:613105-1545729-	gene-RYR2	RYR2	653415	64638	103	291145	GCF_000225785.1
Latimeria chalumnae	vertebrate	ryr	JH127233.1:524661-893736-	gene-RYR3	RYR3	369191	86185	104	86185	GCF_000225785.1
Latimeria chalumnae	vertebrate	tmc	JH127999.1:226534-268093-	gene-TMC7	TMC7	66939	18135	16	10490	GCF_000225785.1
Latimeria chalumnae	vertebrate	tmc	JH126608.1:732125-1044214-	gene-TMC3	TMC3	34840	4789	22	284752	GCF_000225785.1
Latimeria chalumnae	vertebrate	trpm	JH126608.1:2686423-3211855-	gene-TRPM7	TRPM7	115393	22388	40	11302	GCF_000225785.1
Latimeria chalumnae	vertebrate	tmc	JH127281.1:8288-758302-	gene-LOC102349571	LOC102349571	78259	14701	20	14701	GCF_000225785.1
Latimeria chalumnae	vertebrate	tmem175	JH127863.1:591023-653664+	gene-TMEM175	TMEM175	63413	25513	9	25513	GCF_000225785.1
Latimeria chalumnae	vertebrate	tpc	JH127754.1:426905-600634+	gene-TPCN1	TPCN1	121915	27083	28	27083	GCF_000225785.1
Latimeria chalumnae	vertebrate	tric	JH126613.1:2786679-2807751-	gene-TMEM38A	TMEM38A	25707	13935	6	9667	GCF_000225785.1
Latimeria chalumnae	vertebrate	tric	JH128522.1:128919-227738+	gene-TMEM38B	TMEM38B	100927	39515	6	39515	GCF_000225785.1
Latimeria chalumnae	vertebrate	trpa	JH126702.1:556910-915434+	gene-TRPA1	TRPA1	116786	20695	27	165433	GCF_000225785.1
Latimeria chalumnae	vertebrate	trpc	JH128061.1:129586-179362-	gene-TRPC3	TRPC3	61002	12622	12	12622	GCF_000225785.1
Latimeria chalumnae	vertebrate	trpc	JH128729.1:10002-64798-	gene-LOC102353063	LOC102353063	180332	121024	9	15639	GCF_000225785.1
Latimeria chalumnae	vertebrate	trpc	JH127450.1:56213-197171+	gene-LOC102358696	LOC102358696	47621	11924	14	104010	GCF_000225785.1
Latimeria chalumnae	vertebrate	trpc	JH127415.1:603798-655169+	gene-TRPC1	TRPC1	51893	13355	14	13355	GCF_000225785.1
Latimeria chalumnae	vertebrate	trpm	JH127063.1:867838-953372-	gene-TRPM2	TRPM2	73159	12730	29	17242	GCF_000225785.1
Latimeria chalumnae	vertebrate	trpm	JH127310.1:236270-908967-	gene-TRPM3	TRPM3	568814	282592	23	49155	GCF_000225785.1
Latimeria chalumnae	vertebrate	trpm	JH127741.1:44149-481026-	gene-TRPM6	TRPM6	140013	19227	37	19227	GCF_000225785.1
Latimeria chalumnae	vertebrate	trpml	JH127430.1:224766-589904-	gene-MCOLN1	MCOLN1	25013	7103	14	7103	GCF_000225785.1
Latimeria chalumnae	vertebrate	trpml	JH126745.1:1483337-2055470-	gene-LOC102362398	LOC102362398	184439	59944	17	7119	GCF_000225785.1
Latimeria chalumnae	vertebrate	trpn	JH129277.1:20441-124338+	gene-LOC102365890	LOC102365890	104243	23669	20	23669	GCF_000225785.1
Latimeria chalumnae	vertebrate	trpp	JH128070.1:120245-504334-	gene-PKD2	PKD2	54042	10173	15	10173	GCF_000225785.1
Latimeria chalumnae	vertebrate	trpp	JH126686.1:1708063-2060685-	gene-LOC102345471	LOC102345471	80412	41218	18	306613	GCF_000225785.1
Latimeria chalumnae	vertebrate	trpp	JH126602.1:848684-882804+	gene-PKD2L2	PKD2L2	42695	8087	15	8087	GCF_000225785.1
Latimeria chalumnae	vertebrate	vdac	JH126602.1:1713095-2028489+	gene-VDAC1	VDAC1	32775	9387	8	291471	GCF_000225785.1
Latimeria chalumnae	vertebrate	trpv	JH127089.1:16993-59073-	gene-TRPV4	TRPV4	52424	9692	16	7033	GCF_000225785.1
Latimeria chalumnae	vertebrate	trpv	JH127253.1:134672-514141+	gene-LOC102353392	LOC102353392	38893	6035	13	5826	GCF_000225785.1
Latimeria chalumnae	vertebrate	tweety	JH126581.1:2289968-2363831-	gene-TTYH2	TTYH2	66621	26679	12	26679	GCF_000225785.1
Latimeria chalumnae	vertebrate	tweety	JH126642.1:1252826-1430530-	gene-TTYH3	TTYH3	179341	69241	14	69241	GCF_000225785.1
Latimeria chalumnae	vertebrate	tweety	JH127187.1:678647-726435+	gene-TTYH1	TTYH1	58253	17319	14	17319	GCF_000225785.1
Latimeria chalumnae	vertebrate	vdac	JH127692.1:360340-390836-	gene-VDAC2	VDAC2	68570	32803	10	9299	GCF_000225785.1
Latimeria chalumnae	vertebrate	vdac	JH127022.1:973784-1005459-	gene-VDAC3	VDAC3	33335	23183	7	21781	GCF_000225785.1
Latimeria chalumnae	vertebrate	calhm	JH130315.1:41324-49701+	gene-FAM26E	FAM26E	8641	7460	2	7460	GCF_000225785.1
Latimeria chalumnae	vertebrate	calhm	JH129829.1:73592-94757+	gene-CALHM1	CALHM1	21163	20140	2	20140	GCF_000225785.1
Latimeria chalumnae	vertebrate	cng	JH129722.1:145839-183506-	gene-CNGA1	CNGA1	11641	8107	3	8107	GCF_000225785.1
Latimeria chalumnae	vertebrate	kv_eag	JH129694.1:9830-206952+	gene-KCNH7	KCNH7	173683	47721	10	47721	GCF_000225785.1
Latimeria chalumnae	vertebrate	connexin	JH132483.1:8375-9773+	gene-LOC102367667	LOC102367667	1967	211	2	0	GCF_000225785.1
Latimeria chalumnae	vertebrate	gabaa	JH129934.1:88270-161797-	gene-LOC102360805	LOC102360805	73651	25481	6	25481	GCF_000225785.1
Latimeria chalumnae	vertebrate	gabaa	JH129833.1:51141-106426+	gene-GABRA4	GABRA4	55292	26690	9	26690	GCF_000225785.1
Latimeria chalumnae	vertebrate	hcn	JH129754.1:22090-141349-	gene-LOC102345376	LOC102345376	116508	51662	8	51662	GCF_000225785.1
Latimeria chalumnae	vertebrate	kv_shaker	JH130430.1:112060-113781+	gene-LOC102356567	LOC102356567	1765	0	1	0	GCF_000225785.1
Latimeria chalumnae	vertebrate	nachr	JH130452.1:10421-31049-	gene-LOC102362835	LOC102362835	24909	8058	10	8058	GCF_000225785.1
Latimeria chalumnae	vertebrate	nachr	JH132148.1:319-15595-	gene-LOC102362843	LOC102362843	23461	8035	7	5745	GCF_000225785.1
Latimeria chalumnae	vertebrate	p2x	JH130358.1:17442-50543+	gene-P2RX5	P2RX5	34156	19212	11	19212	GCF_000225785.1
Latimeria chalumnae	vertebrate	trpc	JH130009.1:36859-141060-	gene-TRPC4	TRPC4	104242	36646	9	36646	GCF_000225785.1
Latimeria chalumnae	vertebrate	trpv	JH129978.1:137387-174598-	gene-LOC102357232	LOC102357232	76228	26506	15	21643	GCF_000225785.1
Latimeria chalumnae	vertebrate	clcc1	r4_JH126970.1:663163-1132245+	gene-CLCC1	CLCC1	50085	20381	12	329810	GCF_000225785.1
Latimeria chalumnae	vertebrate	gphr	r4_JH129371.1:169961-209996+	gene-LOC102359113	LOC102359113	39317	11539	14	6683	GCF_000225785.1
Latimeria chalumnae	vertebrate	mitok	r4_JH126903.1:962719-1341245+	gene-CCDC51	CCDC51	3559	2532	2	247210	GCF_000225785.1
Latimeria chalumnae	vertebrate	tmco1	r4_JH126783.1:395354-428146+	gene-TMCO1	TMCO1	33928	15897	7	15897	GCF_000225785.1
Latimeria chalumnae	vertebrate	tmem87	r4_JH126578.1:116109-591720-	gene-LOC102367449	LOC102367449	21847	4096	20	71850	GCF_000225785.1
Latimeria chalumnae	vertebrate	tmem87	r4_JH126731.1:324422-789515-	gene-TMEM87B	TMEM87B	96840	25924	21	25924	GCF_000225785.1
Latimeria chalumnae	vertebrate	tmem87	r4_JH127627.1:251144-744881-	gene-TMEM87A	TMEM87A	35592	3572	18	4688	GCF_000225785.1
Latimeria chalumnae	vertebrate	pacc	r4_JH130587.1:57942-93869-	gene-TMEM206	TMEM206	36474	15284	8	15284	GCF_000225785.1
Xenopus tropicalis	vertebrate	cng	NC_030677.2:38739233-39161621-	gene-cnga1	cnga1	11561	3177	9	2649	GCF_000004195.4
Xenopus tropicalis	vertebrate	ampa	NC_030677.2:53322907-53824104-	gene-gria2	gria2	79340	44030	17	44030	GCF_000004195.4
Xenopus tropicalis	vertebrate	delta_glur	NC_030677.2:76966560-77512053-	gene-grid2	grid2	546810	158107	16	158107	GCF_000004195.4
Xenopus tropicalis	vertebrate	trpp	NC_030677.2:79243988-79735905-	gene-pkd2	pkd2	22364	3025	15	3025	GCF_000004195.4
Xenopus tropicalis	vertebrate	tric	NC_030677.2:112207894-112220136-	gene-tmem38a	tmem38a	12984	8121	6	8121	GCF_000004195.4
Xenopus tropicalis	vertebrate	ano_scramblase	NC_030677.2:113418692-113897096-	gene-ano8	ano8	57965	19730	19	448606	GCF_000004195.4
Xenopus tropicalis	vertebrate	trpm	NC_030677.2:129458233-130034735-	gene-trpm3	trpm3	167794	79134	26	255245	GCF_000004195.4
Xenopus tropicalis	vertebrate	trpm	NC_030677.2:131086349-131465329-	gene-trpm6	trpm6	92582	9222	40	9222	GCF_000004195.4
Xenopus tropicalis	vertebrate	trpv	NC_030677.2:146759051-147266935-	gene-trpv4	trpv4	73309	19647	16	15464	GCF_000004195.4
Xenopus tropicalis	vertebrate	p2x	NC_030677.2:162234777-162754627-	gene-p2rx4	p2rx4	16422	3335	12	3335	GCF_000004195.4
Xenopus tropicalis	vertebrate	hv1	NC_030677.2:162911079-162919179-	gene-hvcn1	hvcn1	21178	11476	6	3514	GCF_000004195.4
Xenopus tropicalis	vertebrate	kca_sk	NC_030677.2:172363566-172946477-	gene-kcnn2	kcnn2	111714	53827	9	53827	GCF_000004195.4
Xenopus tropicalis	vertebrate	nmda	NC_030684.2:1621939-1979621+	gene-grin1	grin1	51006	20381	22	5157	GCF_000004195.4
Xenopus tropicalis	vertebrate	cav	NC_030684.2:4084211-5705394+	gene-cacna1b	cacna1b	130836	41571	50	733978	GCF_000004195.4
Xenopus tropicalis	vertebrate	kca_slo	NC_030684.2:5721999-5977377+	gene-kcnt1	kcnt1	128185	68816	32	7210	GCF_000004195.4
Xenopus tropicalis	vertebrate	cng	NC_030684.2:38617389-38687222+	gene-cnga2	cnga2	13403	5149	9	5149	GCF_000004195.4
Xenopus tropicalis	vertebrate	gabaa	NC_030684.2:38845235-38870814+	gene-gabra3	gabra3	44646	11970	10	11970	GCF_000004195.4
Xenopus tropicalis	vertebrate	ampa	NC_030684.2:48578944-48750285+	gene-gria3	gria3	176827	50983	16	50983	GCF_000004195.4
Xenopus tropicalis	vertebrate	clic	NC_030684.2:74971534-74991578+	gene-clic1	clic1	20277	12256	6	12256	GCF_000004195.4
Xenopus tropicalis	vertebrate	k2p	NC_030684.2:77314462-77321834+	gene-kcnk6	kcnk6	20272	11046	4	5977	GCF_000004195.4
Xenopus tropicalis	vertebrate	connexin	NC_030684.2:79678148-79702763+	gene-LOC100494762	LOC100494762	28913	23776	2	23776	GCF_000004195.4
Xenopus tropicalis	vertebrate	ryr	NC_030684.2:80282968-80394579+	gene-ryr1	ryr1	114304	21098	108	21098	GCF_000004195.4
Xenopus tropicalis	vertebrate	osca_tmem63	NC_030684.2:82382558-82705845+	gene-tmem63c	tmem63c	44936	8153	25	5359	GCF_000004195.4
Xenopus tropicalis	vertebrate	k2p	NC_030684.2:86593321-86638125+	gene-kcnk13	kcnk13	50977	43584	2	43584	GCF_000004195.4
Xenopus tropicalis	vertebrate	kv_eag	NC_030684.2:101591717-101839718+	gene-kcnh5	kcnh5	197523	78515	13	96611	GCF_000004195.4
Xenopus tropicalis	vertebrate	k2p	NC_030684.2:103122345-103130097+	gene-XB5727110	XB5727110	8956	4139	5	4139	GCF_000004195.4
Xenopus tropicalis	vertebrate	k2p	NC_030684.2:103544455-104145102+	gene-kcnk7	kcnk7	6777	4250	3	4250	GCF_000004195.4
Xenopus tropicalis	vertebrate	connexin	NC_030684.2:111790352-111795189+	gene-gjd2	gjd2	7375	3989	2	3989	GCF_000004195.4
Xenopus tropicalis	vertebrate	kca_sk	NC_030684.2:141751644-142661748+	gene-kcnn3	kcnn3	44727	23306	7	257166	GCF_000004195.4
Xenopus tropicalis	vertebrate	hcn	NC_030684.2:145851702-146751507+	gene-hcn3	hcn3	24195	5499	8	177646	GCF_000004195.4
Xenopus tropicalis	vertebrate	kir	NC_030684.2:146775777-146776775+	gene-kcnj10	kcnj10	36620	34501	2	0	GCF_000004195.4
Xenopus tropicalis	vertebrate	itpr	NC_030679.2:2224667-2554608-	gene-itpr2	itpr2	121807	16776	57	16776	GCF_000004195.4
Xenopus tropicalis	vertebrate	cav	NC_030679.2:8142859-9411525-	gene-cacna1c	cacna1c	291786	104260	49	81593	GCF_000004195.4
Xenopus tropicalis	vertebrate	kv_kcnq	NC_030679.2:10170657-10779734-	gene-LOC100492908	LOC100492908	40663	17546	20	17546	GCF_000004195.4
Xenopus tropicalis	vertebrate	ampa	NC_030679.2:12145042-12441097-	gene-gria1	gria1	173907	90058	16	90058	GCF_000004195.4
Xenopus tropicalis	vertebrate	kv_shaker	NC_030679.2:19119440-19123653-	gene-kcna5	kcna5	2960	0	1	0	GCF_000004195.4
Xenopus tropicalis	vertebrate	kv_shaker	NC_030679.2:19194580-19199969-	gene-kcna1	kcna1	10472	304	2	0	GCF_000004195.4
Xenopus tropicalis	vertebrate	kv_shaker	NC_030679.2:19272975-19274420-	gene-kcna6	kcna6	4403	0	1	0	GCF_000004195.4
Xenopus tropicalis	vertebrate	gabaa	NC_030679.2:24041000-24596842-	gene-gabrb2	gabrb2	151357	52846	9	52846	GCF_000004195.4
Xenopus tropicalis	vertebrate	gabaa	NC_030679.2:31990471-32472031-	gene-gabrp	gabrp	24800	8519	8	321733	GCF_000004195.4
Xenopus tropicalis	vertebrate	bestrophin	NC_030679.2:58664582-59159967-	gene-best3	best3	24423	9770	10	6118	GCF_000004195.4
Xenopus tropicalis	vertebrate	ano_scramblase	NC_030679.2:63960687-63996623-	gene-ano6	ano6	98891	58745	20	10223	GCF_000004195.4
Xenopus tropicalis	vertebrate	nachr	NC_030679.2:90025483-90492563-	gene-chrnb4	chrnb4	14918	4023	6	6967	GCF_000004195.4
Xenopus tropicalis	vertebrate	hcn	NC_030679.2:91908054-92893486-	gene-hcn4	hcn4	45326	24645	8	114852	GCF_000004195.4
Xenopus tropicalis	vertebrate	nachr	NC_030679.2:95366389-95376158-	gene-chrna5	chrna5	21580	6414	7	5517	GCF_000004195.4
Xenopus tropicalis	vertebrate	lrrc8	NC_030679.2:134108922-134113248-	gene-lrrc8e	lrrc8e	22982	17071	3	1906	GCF_000004195.4
Xenopus tropicalis	vertebrate	kca_slo	NC_030679.2:138589414-138622874-	gene-kcnt2l	kcnt2l	62237	23940	30	5954	GCF_000004195.4
Xenopus tropicalis	vertebrate	cav	NC_030679.2:140239706-140818037-	gene-cacna1a	cacna1a	132006	14649	47	140402	GCF_000004195.4
Xenopus tropicalis	vertebrate	connexin	NC_030678.2:8073938-8601340-	gene-gja8	gja8	7714	3194	3	390	GCF_000004195.4
Xenopus tropicalis	vertebrate	kir	NC_030678.2:12256558-12257592-	gene-kcnj15	kcnj15	36495	32441	2	0	GCF_000004195.4
Xenopus tropicalis	vertebrate	trpv	NC_030678.2:30589276-30609495-	gene-trpv1	trpv1	30815	10088	17	3016	GCF_000004195.4
Xenopus tropicalis	vertebrate	p2x	NC_030678.2:30618858-30716152-	gene-p2rx5	p2rx5	36071	15799	12	15799	GCF_000004195.4
Xenopus tropicalis	vertebrate	trpv	NC_030678.2:30840040-31248648-	gene-trpv2	trpv2	40459	7751	18	213891	GCF_000004195.4
Xenopus tropicalis	vertebrate	connexin	NC_030678.2:33115401-33116258-	gene-XB5805949	XB5805949	68786	65622	3	0	GCF_000004195.4
Xenopus tropicalis	vertebrate	connexin	NC_030678.2:80456670-80457590-	gene-gja9	gja9	5749	3304	2	0	GCF_000004195.4
Xenopus tropicalis	vertebrate	kainate	NC_030678.2:85321072-85876091-	gene-grik3	grik3	254320	131692	16	131692	GCF_000004195.4
Xenopus tropicalis	vertebrate	gabaa	NC_030678.2:113723613-113823965-	gene-gabrb3	gabrb3	106099	58626	9	58626	GCF_000004195.4
Xenopus tropicalis	vertebrate	nav	NC_030678.2:143075552-143146718-	gene-scn8a	scn8a	98582	23388	27	14390	GCF_000004195.4
Xenopus tropicalis	vertebrate	connexin	NC_030678.2:158819384-158820628-	gene-gja3	gja3	24008	21535	3	0	GCF_000004195.4
Xenopus tropicalis	vertebrate	ampa	NC_030678.2:160710772-161000313-	gene-gria4	gria4	200926	70564	17	70564	GCF_000004195.4
Xenopus tropicalis	vertebrate	pannexin	NC_030678.2:165569518-165591005-	gene-panx1	panx1	23146	15683	5	15683	GCF_000004195.4
Xenopus tropicalis	vertebrate	nachr	NC_030678.2:177408671-177417072-	gene-chrna10	chrna10	14982	5614	5	4416	GCF_000004195.4
Xenopus tropicalis	vertebrate	glyr	NC_030679.2:13129134-13233372+	gene-glra1	glra1	106072	55971	9	55971	GCF_000004195.4
Xenopus tropicalis	vertebrate	ano_channel	NC_030679.2:18239712-19275118+	gene-ano2	ano2	155589	26044	26	26044	GCF_000004195.4
Xenopus tropicalis	vertebrate	vdac	NC_030679.2:22885525-22892606+	gene-vdac1	vdac1	16281	8394	9	1665	GCF_000004195.4
Xenopus tropicalis	vertebrate	gabaa	NC_030679.2:24288756-24308744+	gene-gabra6	gabra6	21264	4924	10	4838	GCF_000004195.4
Xenopus tropicalis	vertebrate	gabaa	NC_030679.2:24324290-24616913+	gene-gabrg2	gabrg2	66003	27237	10	22875	GCF_000004195.4
Xenopus tropicalis	vertebrate	ano_scramblase	NC_030679.2:48248393-48676700+	gene-ano4	ano4	88755	33570	29	33570	GCF_000004195.4
Xenopus tropicalis	vertebrate	trpml	NC_030679.2:63921321-64613204+	gene-mcoln1	mcoln1	25189	7378	14	390722	GCF_000004195.4
Xenopus tropicalis	vertebrate	cftr	NC_030679.2:68498653-68568702+	gene-cftr	cftr	73044	17171	27	17171	GCF_000004195.4
Xenopus tropicalis	vertebrate	kv_shaker	NC_030679.2:69069380-69712589+	gene-kcnd2	kcnd2	171378	153782	6	262689	GCF_000004195.4
Xenopus tropicalis	vertebrate	pannexin	NC_030679.2:71850807-72353691+	gene-panx2	panx2	14656	5212	4	5212	GCF_000004195.4
Xenopus tropicalis	vertebrate	trpm	NC_030679.2:96809397-97399921+	gene-trpm1	trpm1	79650	27727	27	10779	GCF_000004195.4
Xenopus tropicalis	vertebrate	trpm	NC_030679.2:104773549-105291134+	gene-trpm7	trpm7	71482	22403	39	6767	GCF_000004195.4
Xenopus tropicalis	vertebrate	tmc	NC_030679.2:106624237-107053299+	gene-tmc3	tmc3	35121	5994	22	357465	GCF_000004195.4
Xenopus tropicalis	vertebrate	vdac	NC_030679.2:130616796-130621113+	gene-vdac3	vdac3	6301	1226	10	1099	GCF_000004195.4
Xenopus tropicalis	vertebrate	clc_channel	NC_030679.2:151853883-152154584+	gene-clcnkb	clcnkb	34098	7725	22	178346	GCF_000004195.4
Xenopus tropicalis	vertebrate	ano_scramblase	NC_030680.2:5338166-5682026-	gene-ano5	ano5	55105	22628	22	3712	GCF_000004195.4
Xenopus tropicalis	vertebrate	ano_channel	NC_030680.2:12226819-13053240-	gene-ano1	ano1	128297	55575	25	23221	GCF_000004195.4
Xenopus tropicalis	vertebrate	tpc	NC_030680.2:14067123-14563518-	gene-tpcn2	tpcn2	24012	3427	25	3427	GCF_000004195.4
Xenopus tropicalis	vertebrate	piezo	NC_030680.2:58204473-58732897-	gene-piezo1	piezo1	94188	27474	51	27474	GCF_000004195.4
Xenopus tropicalis	vertebrate	trpml	NC_030680.2:72804212-73756830-	gene-mcoln2	mcoln2	26978	14213	14	2739	GCF_000004195.4
Xenopus tropicalis	vertebrate	cav	NC_030680.2:100016261-100644314-	gene-cacna1e	cacna1e	362844	97584	49	233188	GCF_000004195.4
Xenopus tropicalis	vertebrate	lrrc8	NC_030680.2:105606649-105611862-	gene-lrrc8c	lrrc8c	17491	10351	3	2814	GCF_000004195.4
Xenopus tropicalis	vertebrate	nmda	NC_030680.2:114157269-114382282-	gene-grin2b	grin2b	273173	101506	14	90651	GCF_000004195.4
Xenopus tropicalis	vertebrate	kir	NC_030680.2:122427334-122428644-	gene-kcnj4	kcnj4	34712	23192	3	0	GCF_000004195.4
Xenopus tropicalis	vertebrate	cav	NC_030680.2:149859904-151137788-	gene-cacna1d	cacna1d	165034	30716	47	30716	GCF_000004195.4
Xenopus tropicalis	vertebrate	kir	NC_030680.2:1217449-1218570+	gene-kcnj11	kcnj11	3692	0	1	0	GCF_000004195.4
Xenopus tropicalis	vertebrate	kv_shaker	NC_030680.2:19914737-19947344+	gene-kcna4	kcna4	11607	4315	4	0	GCF_000004195.4
Xenopus tropicalis	vertebrate	bestrophin	NC_030680.2:22808605-23288272+	gene-best1	best1	8687	1605	9	1605	GCF_000004195.4
Xenopus tropicalis	vertebrate	kv_kcnq	NC_030680.2:24701994-25075197+	gene-kcnq1	kcnq1	89032	43507	17	43507	GCF_000004195.4
Xenopus tropicalis	vertebrate	ano_scramblase	NC_030680.2:26047790-26453456+	gene-ano3	ano3	192385	43325	27	32162	GCF_000004195.4
Xenopus tropicalis	vertebrate	kv_modifier	NC_030680.2:62097968-62538842+	gene-kcng4	kcng4	31661	28618	3	28618	GCF_000004195.4
Xenopus tropicalis	vertebrate	trpml	NC_030680.2:76869770-77403135+	gene-mcoln3	mcoln3	44646	17893	14	17893	GCF_000004195.4
Xenopus tropicalis	vertebrate	bestrophin	NC_030680.2:90966044-91045221+	gene-best4	best4	15243	2113	9	2113	GCF_000004195.4
Xenopus tropicalis	vertebrate	kca_slo	NC_030680.2:112556160-112684823+	gene-kcnt2	kcnt2	196843	61210	29	22584	GCF_000004195.4
Xenopus tropicalis	vertebrate	cav	NC_030680.2:121197189-121471805+	gene-cacna1i	cacna1i	163886	40536	35	121496	GCF_000004195.4
Xenopus tropicalis	vertebrate	itpr	NC_030680.2:130063610-130386520+	gene-itpr1	itpr1	96525	30590	62	7725	GCF_000004195.4
Xenopus tropicalis	vertebrate	k2p	NC_030681.2:3887725-3905874-	gene-kcnk16	kcnk16	10212	3077	5	3077	GCF_000004195.4
Xenopus tropicalis	vertebrate	k2p	NC_030681.2:13007793-13493223-	gene-kcnk2	kcnk2	72307	26417	7	26417	GCF_000004195.4
Xenopus tropicalis	vertebrate	kv_eag	NC_030681.2:15323506-15959569-	gene-kcnh1	kcnh1	209006	49111	12	237042	GCF_000004195.4
Xenopus tropicalis	vertebrate	k2p	NC_030681.2:20872205-20915691-	gene-kcnk12	kcnk12	53272	42248	4	42248	GCF_000004195.4
Xenopus tropicalis	vertebrate	connexin	NC_030681.2:72395094-72396236-	gene-gja1	gja1	51615	47548	2	0	GCF_000004195.4
Xenopus tropicalis	vertebrate	calhm	NC_030681.2:74932004-74935070-	gene-calhm5	calhm5	3688	2134	2	2134	GCF_000004195.4
Xenopus tropicalis	vertebrate	kainate	NC_030681.2:80520126-80939639-	gene-grik2	grik2	277175	110317	17	110317	GCF_000004195.4
Xenopus tropicalis	vertebrate	connexin	NC_030681.2:85289334-85290419-	gene-gja10	gja10	1696	0	1	0	GCF_000004195.4
Xenopus tropicalis	vertebrate	kv_kcnq	NC_030681.2:91369040-92635589-	gene-kcnq5	kcnq5	291724	204366	15	301103	GCF_000004195.4
Xenopus tropicalis	vertebrate	nachr	NC_030681.2:153362309-153585434-	gene-chrna2	chrna2	38154	12530	7	8906	GCF_000004195.4
Xenopus tropicalis	vertebrate	trpv	NC_030683.2:53643-139048+	gene-trpv5	trpv5	47715	10323	16	60727	GCF_000004195.4
Xenopus tropicalis	vertebrate	clc_channel	NC_030683.2:440016-1310923+	gene-clcn1	clcn1	33424	11387	23	11387	GCF_000004195.4
Xenopus tropicalis	vertebrate	enac	NC_030683.2:10176255-10193941+	gene-scnn1a	scnn1a	26438	8245	13	3507	GCF_000004195.4
Xenopus tropicalis	vertebrate	calhm	NC_030683.2:28532458-28535208+	gene-calhm1	calhm1	2959	1734	2	1734	GCF_000004195.4
Xenopus tropicalis	vertebrate	calhm	NC_030683.2:28545028-28555382+	gene-calhm2	calhm2	14918	9395	4	9395	GCF_000004195.4
Xenopus tropicalis	vertebrate	mcu	NC_030683.2:40243902-40709684+	gene-mcu	mcu	63500	53238	8	53238	GCF_000004195.4
Xenopus tropicalis	vertebrate	kca_slo	NC_030683.2:53470373-54514265+	gene-kcnma1	kcnma1	305326	78475	33	393698	GCF_000004195.4
Xenopus tropicalis	vertebrate	kir	NC_030683.2:72392094-72398517+	gene-kcnj5	kcnj5	69514	52448	6	5356	GCF_000004195.4
Xenopus tropicalis	vertebrate	kir	NC_030683.2:85877574-85886265+	gene-kcnj20	kcnj20	23663	9785	5	7600	GCF_000004195.4
Xenopus tropicalis	vertebrate	tweety	NC_030683.2:111995863-112058623+	gene-ttyh1	ttyh1	69233	26138	14	26138	GCF_000004195.4
Xenopus tropicalis	vertebrate	kir	NC_030683.2:114542152-114547587+	gene-kcnj14	kcnj14	34926	27855	3	4440	GCF_000004195.4
Xenopus tropicalis	vertebrate	ano_scramblase	NC_030683.2:132652216-133138689+	gene-ano7	ano7	44994	8686	24	8686	GCF_000004195.4
Xenopus tropicalis	vertebrate	piezo	NC_030686.2:2888526-3303323-	gene-LOC100498074	LOC100498074	43245	3842	53	115127	GCF_000004195.4
Xenopus tropicalis	vertebrate	nav	NC_030686.2:15227586-15654419-	gene-scn4a	scn4a	102047	54943	28	4117	GCF_000004195.4
Xenopus tropicalis	vertebrate	asic	NC_030686.2:15924306-16215160-	gene-asic2	asic2	286936	217542	10	217542	GCF_000004195.4
Xenopus tropicalis	vertebrate	kv_eag	NC_030686.2:16368030-16538049-	gene-kcnh6	kcnh6	92703	33490	14	33490	GCF_000004195.4
Xenopus tropicalis	vertebrate	tweety	NC_030686.2:33098602-33155147-	gene-ttyh2	ttyh2	58913	14060	14	14060	GCF_000004195.4
Xenopus tropicalis	vertebrate	nmda	NC_030686.2:43802400-44092245-	gene-grin2c	grin2c	19817	5424	13	179430	GCF_000004195.4
Xenopus tropicalis	vertebrate	k2p	NC_030686.2:48048892-48055055-	gene-kcnk1	kcnk1	6737	2634	3	2634	GCF_000004195.4
Xenopus tropicalis	vertebrate	kir	NC_030678.2:12462119-12499502+	gene-kcnj6	kcnj6	94519	80782	3	8333	GCF_000004195.4
Xenopus tropicalis	vertebrate	clic	NC_030678.2:14184648-14570829+	gene-clic6	clic6	21810	11989	6	265413	GCF_000004195.4
Xenopus tropicalis	vertebrate	kainate	NC_030678.2:16333273-16572597+	gene-grik1	grik1	273219	126973	18	39293	GCF_000004195.4
Xenopus tropicalis	vertebrate	gabaa	NC_030678.2:20648854-20656538+	gene-gabrr3	gabrr3	14285	5840	9	3754	GCF_000004195.4
Xenopus tropicalis	vertebrate	glyr	NC_030678.2:29213121-29322079+	gene-glra2	glra2	112963	45091	10	29044	GCF_000004195.4
Xenopus tropicalis	vertebrate	orai	NC_030678.2:46579872-47431740+	gene-orai2	orai2	12579	7630	3	3017	GCF_000004195.4
Xenopus tropicalis	vertebrate	kv_shaker	NC_030678.2:52353443-52497845+	gene-kcna3	kcna3	24468	20016	2	0	GCF_000004195.4
Xenopus tropicalis	vertebrate	kv_shaker	NC_030678.2:52555060-52657506+	gene-kcna2	kcna2	7817	1393	2	0	GCF_000004195.4
Xenopus tropicalis	vertebrate	cav	NC_030678.2:63469723-64351096+	gene-cacna1s	cacna1s	83730	10992	42	216033	GCF_000004195.4
Xenopus tropicalis	vertebrate	itpr	NC_030678.2:65519874-66266255+	gene-itpr3	itpr3	350279	35729	58	398110	GCF_000004195.4
Xenopus tropicalis	vertebrate	kv_kcnq	NC_030678.2:87909069-88405586+	gene-kcnq4	kcnq4	68727	32265	14	32265	GCF_000004195.4
Xenopus tropicalis	vertebrate	clic	NC_030678.2:89964142-90012437+	gene-clic4	clic4	50306	23176	6	23176	GCF_000004195.4
Xenopus tropicalis	vertebrate	p2x	NC_030678.2:101623577-101669207+	gene-p2rx1	p2rx1	54448	20464	14	20464	GCF_000004195.4
Xenopus tropicalis	vertebrate	cng	NC_030678.2:112841694-113796508+	gene-cnga3	cnga3	24084	7622	9	4989	GCF_000004195.4
Xenopus tropicalis	vertebrate	gabaa	NC_030678.2:114008046-114274884+	gene-gabrg3	gabrg3	270143	141003	9	141003	GCF_000004195.4
Xenopus tropicalis	vertebrate	nalcn	NC_030678.2:120217242-120382111+	gene-nalcn	nalcn	140515	20062	45	18523	GCF_000004195.4
Xenopus tropicalis	vertebrate	asic	NC_030678.2:148321830-149208429+	gene-asic1	asic1	166894	63213	12	63213	GCF_000004195.4
Xenopus tropicalis	vertebrate	trpc	NC_030678.2:151295115-151775124+	gene-trpc4	trpc4	113052	57826	11	14353	GCF_000004195.4
Xenopus tropicalis	vertebrate	trpc	NC_030678.2:162552191-162588386+	gene-trpc6	trpc6	88009	50495	12	7815	GCF_000004195.4
Xenopus tropicalis	vertebrate	cng	NC_030678.2:178827958-179264755+	gene-cnga4	cnga4	7428	2776	5	430939	GCF_000004195.4
Xenopus tropicalis	vertebrate	trpm	NC_030678.2:180296348-180804406+	gene-trpm2l	trpm2l	80787	11484	34	9662	GCF_000004195.4
Xenopus tropicalis	vertebrate	asic	NC_030682.2:567323-951251+	gene-LOC116411522	LOC116411522	29257	14175	8	145157	GCF_000004195.4
Xenopus tropicalis	vertebrate	kv_eag	NC_030682.2:1499305-1995994+	gene-kcnh2	kcnh2	228442	109925	17	109925	GCF_000004195.4
Xenopus tropicalis	vertebrate	connexin	NC_030682.2:9570956-9571741+	gene-gjc2	gjc2	17897	15337	2	0	GCF_000004195.4
Xenopus tropicalis	vertebrate	nav	NC_030682.2:13183335-14099882+	gene-scn5a	scn5a	221575	55807	28	30435	GCF_000004195.4
Xenopus tropicalis	vertebrate	tmc	NC_030682.2:54487985-54855107+	gene-tmc2	tmc2	48839	8299	18	8299	GCF_000004195.4
Xenopus tropicalis	vertebrate	piezo	NC_030682.2:103922570-104393800+	gene-piezo2	piezo2	223941	59705	56	59705	GCF_000004195.4
Xenopus tropicalis	vertebrate	trpv	NC_030682.2:137875323-138229645+	gene-trpv4l.2	trpv4l.2	28335	8541	17	77699	GCF_000004195.4
Xenopus tropicalis	vertebrate	enac	NC_030685.2:22707103-22802076-	gene-scnn1g	scnn1g	14339	3338	13	3338	GCF_000004195.4
Xenopus tropicalis	vertebrate	tweety	NC_030685.2:31592456-31672765-	gene-ttyh3	ttyh3	86151	34880	14	34880	GCF_000004195.4
Xenopus tropicalis	vertebrate	trpm	NC_030685.2:58956227-59472169-	gene-trpm8b	trpm8b	38745	8584	27	321720	GCF_000004195.4
Xenopus tropicalis	vertebrate	trpm	NC_030685.2:59488569-59950899-	gene-trpm8	trpm8	32502	6707	27	445401	GCF_000004195.4
Xenopus tropicalis	vertebrate	nav	NC_030685.2:70264059-70329890-	gene-scn2a	scn2a	161118	83289	28	5660	GCF_000004195.4
Xenopus tropicalis	vertebrate	kir	NC_030685.2:75098362-75238558-	gene-kcnj3	kcnj3	142337	120406	3	120406	GCF_000004195.4
Xenopus tropicalis	vertebrate	asic	NC_030685.2:82764663-83319026-	gene-asic4	asic4	122481	113404	10	291686	GCF_000004195.4
Xenopus tropicalis	vertebrate	kv_modifier	NC_030682.2:97103823-97574562-	gene-kcng2	kcng2	69643	44501	3	22564	GCF_000004195.4
Xenopus tropicalis	vertebrate	trpa	NC_030682.2:120747788-121251492-	gene-trpa1	trpa1	34604	5720	27	169669	GCF_000004195.4
Xenopus tropicalis	vertebrate	kv_modifier	NC_030682.2:129142792-129144225-	gene-kcns2	kcns2	3036	449	2	0	GCF_000004195.4
Xenopus tropicalis	vertebrate	k2p	NC_030682.2:146135802-146210619-	gene-kcnk9	kcnk9	76558	73396	2	73396	GCF_000004195.4
Xenopus tropicalis	vertebrate	trpn	NC_030682.2:147046202-147424489-	gene-XB5813854	XB5813854	56454	13704	29	13704	GCF_000004195.4
Xenopus tropicalis	vertebrate	kv_kcnq	NC_030686.2:1518053-2439471+	gene-kcnq2	kcnq2	33985	15124	17	265679	GCF_000004195.4
Xenopus tropicalis	vertebrate	k2p	NC_030686.2:12303462-12325303+	gene-kcnk15	kcnk15	22353	15472	3	15472	GCF_000004195.4
Xenopus tropicalis	vertebrate	connexin	NC_030686.2:17928264-17929022+	gene-gjc1	gjc1	14154	10247	3	0	GCF_000004195.4
Xenopus tropicalis	vertebrate	kir	NC_030686.2:29206952-29516280+	gene-kcnj2	kcnj2	17165	7120	3	0	GCF_000004195.4
Xenopus tropicalis	vertebrate	kv_modifier	NC_030686.2:35445567-36088677+	gene-kcng1	kcng1	17187	11126	3	3022	GCF_000004195.4
Xenopus tropicalis	vertebrate	cav	NC_030686.2:43728695-44114921+	gene-cacna1g	cacna1g	101814	45976	39	45976	GCF_000004195.4
Xenopus tropicalis	vertebrate	otop	NC_030686.2:44161594-44231079+	gene-otop2	otop2	13705	5355	7	2081	GCF_000004195.4
Xenopus tropicalis	vertebrate	cav	NC_030685.2:18010611-18809854+	gene-cacna1h	cacna1h	312629	156592	36	166251	GCF_000004195.4
Xenopus tropicalis	vertebrate	tmc	NC_030685.2:32416832-32468980+	gene-tmc7	tmc7	24281	5449	16	3053	GCF_000004195.4
Xenopus tropicalis	vertebrate	nmda	NC_030685.2:36955945-37706659+	gene-grin2a	grin2a	303301	210195	14	210195	GCF_000004195.4
Xenopus tropicalis	vertebrate	kir	NC_030685.2:47197980-47199245+	gene-kcnj12	kcnj12	28866	24528	2	0	GCF_000004195.4
Xenopus tropicalis	vertebrate	trpm	NC_030685.2:48113163-48638022+	gene-trpm2	trpm2	84538	13136	34	13136	GCF_000004195.4
Xenopus tropicalis	vertebrate	nachr	NC_030685.2:66276901-66282704+	gene-chrna1	chrna1	9852	1886	10	1886	GCF_000004195.4
Xenopus tropicalis	vertebrate	nav	NC_030685.2:69633485-71042396+	gene-scn1a	scn1a	138631	61939	27	10958	GCF_000004195.4
Xenopus tropicalis	vertebrate	kv_eag	NC_030685.2:71479451-71869650+	gene-kcnh7	kcnh7	235827	107854	17	107854	GCF_000004195.4
Xenopus tropicalis	vertebrate	connexin	NC_030685.2:84983708-84984571+	gene-gja7	gja7	24989	17996	3	0	GCF_000004195.4
Xenopus tropicalis	vertebrate	otop	NC_030677.2:25954823-26410230+	gene-otop1	otop1	23384	6541	7	6541	GCF_000004195.4
Xenopus tropicalis	vertebrate	nachr	NC_030677.2:36327336-36427475+	gene-chrna9	chrna9	8875	2243	5	2015	GCF_000004195.4
Xenopus tropicalis	vertebrate	gabaa	NC_030677.2:37924066-38419385+	gene-gabrb1	gabrb1	221227	79807	9	79807	GCF_000004195.4
Xenopus tropicalis	vertebrate	glyr	NC_030677.2:48138978-48216784+	gene-glra3	glra3	79209	28751	9	28751	GCF_000004195.4
Xenopus tropicalis	vertebrate	trpc	NC_030677.2:66745706-66789409+	gene-trpc3	trpc3	63881	18374	12	7433	GCF_000004195.4
Xenopus tropicalis	vertebrate	mcu	NC_030677.2:67777647-67788108+	gene-mcub	mcub	51182	39409	8	3134	GCF_000004195.4
Xenopus tropicalis	vertebrate	nachr	NC_030677.2:84079913-84346096+	gene-chrna6	chrna6	9735	3877	6	2923	GCF_000004195.4
Xenopus tropicalis	vertebrate	hcn	NC_030677.2:105676576-106208833+	gene-hcn2	hcn2	43954	14353	9	196578	GCF_000004195.4
Xenopus tropicalis	vertebrate	kca_sk	NC_030677.2:111108331-111744157+	gene-kcnn1	kcnn1	60127	17997	10	228057	GCF_000004195.4
Xenopus tropicalis	vertebrate	tric	NC_030677.2:120367364-120380444+	gene-tmem38b	tmem38b	14578	4995	6	4995	GCF_000004195.4
Xenopus tropicalis	vertebrate	tmc	NC_030677.2:130175166-131121841+	gene-tmc2l	tmc2l	38878	6223	20	458659	GCF_000004195.4
Xenopus tropicalis	vertebrate	p2x	NC_030677.2:144100388-144115138+	gene-p2rx2	p2rx2	19520	3246	12	3240	GCF_000004195.4
Xenopus tropicalis	vertebrate	tpc	NC_030677.2:145291770-145393770+	gene-tpcn1	tpcn1	23972	3044	28	3044	GCF_000004195.4
Xenopus tropicalis	vertebrate	hcn	NC_030677.2:193563652-194707623+	gene-hcn1	hcn1	227630	81046	8	81046	GCF_000004195.4
Xenopus tropicalis	vertebrate	trpv	NC_030683.2:177854-198103-	gene-LOC116412277	LOC116412277	31943	9616	15	5857	GCF_000004195.4
Xenopus tropicalis	vertebrate	gabaa	NC_030683.2:27513866-27518940-	gene-XB5799637	XB5799637	21415	11794	8	2131	GCF_000004195.4
Xenopus tropicalis	vertebrate	trpp	NC_030683.2:38104869-38508252-	gene-pkd2l1	pkd2l1	27920	7837	15	7837	GCF_000004195.4
Xenopus tropicalis	vertebrate	delta_glur	NC_030683.2:48433686-48916113-	gene-grid1	grid1	482837	197363	16	197363	GCF_000004195.4
Xenopus tropicalis	vertebrate	vdac	NC_030683.2:54936901-54953657-	gene-vdac2	vdac2	23019	5737	9	4483	GCF_000004195.4
Xenopus tropicalis	vertebrate	kir	NC_030683.2:72345792-72346748-	gene-kcnj1	kcnj1	7974	4726	2	0	GCF_000004195.4
Xenopus tropicalis	vertebrate	pannexin	NC_030683.2:73323867-73334604-	gene-panx3	panx3	16231	5104	5	5104	GCF_000004195.4
Xenopus tropicalis	vertebrate	kainate	NC_030683.2:78320138-78575100-	gene-grik4	grik4	339069	160500	20	130248	GCF_000004195.4
Xenopus tropicalis	vertebrate	ht3	NC_030683.2:85655525-85753015-	gene-htr3a	htr3a	15114	2642	10	85905	GCF_000004195.4
Xenopus tropicalis	vertebrate	gabaa	NC_030683.2:91549100-91656649-	gene-gabrd	gabrd	119733	96430	9	96430	GCF_000004195.4
Xenopus tropicalis	vertebrate	kainate	NC_030683.2:107008602-107515720-	gene-grik5	grik5	106914	36006	20	10968	GCF_000004195.4
Xenopus tropicalis	vertebrate	kir	NC_030683.2:110770467-110876366-	gene-LOC100492679	LOC100492679	4995	2989	2	0	GCF_000004195.4
Xenopus tropicalis	vertebrate	kv_shaker	NC_030683.2:113638665-113660367-	gene-kcna7	kcna7	23072	20341	2	20341	GCF_000004195.4
Xenopus tropicalis	vertebrate	nmda	NC_030683.2:114970860-115511721-	gene-grin2d	grin2d	133442	28871	13	28871	GCF_000004195.4
Xenopus tropicalis	vertebrate	kir	NC_030683.2:124127337-124538628-	gene-kcnj22	kcnj22	72366	67171	3	408587	GCF_000004195.4
Xenopus tropicalis	vertebrate	kir	NC_030683.2:128527921-128921575-	gene-LOC100495085	LOC100495085	5083	2580	3	691	GCF_000004195.4
Xenopus tropicalis	vertebrate	clc_channel	NC_030683.2:130993513-131695731-	gene-clcnka	clcnka	26287	4594	19	393611	GCF_000004195.4
Xenopus tropicalis	vertebrate	kv_shaker	NC_030684.2:78542-337108-	gene-kcnd1	kcnd1	41656	18458	7	191274	GCF_000004195.4
Xenopus tropicalis	vertebrate	lrrc8	NC_030684.2:22873471-22877821-	gene-lrrc8a	lrrc8a	10165	3944	4	1921	GCF_000004195.4
Xenopus tropicalis	vertebrate	cav	NC_030684.2:25399789-26244430-	gene-cacna1f	cacna1f	36601	3134	49	3134	GCF_000004195.4
Xenopus tropicalis	vertebrate	gabaa	NC_030684.2:38735575-38763926-	gene-LOC100496398	LOC100496398	70654	38889	9	9934	GCF_000004195.4
Xenopus tropicalis	vertebrate	connexin	NC_030684.2:44054810-44339988-	gene-MGC69466	MGC69466	1567	83	2	108270	GCF_000004195.4
Xenopus tropicalis	vertebrate	trpc	NC_030684.2:51864757-52000057-	gene-trpc5	trpc5	112381	50902	11	18396	GCF_000004195.4
Xenopus tropicalis	vertebrate	k2p	NC_030684.2:85815985-85865659-	gene-kcnk10	kcnk10	53332	17247	7	15837	GCF_000004195.4
Xenopus tropicalis	vertebrate	ryr	NC_030684.2:110182588-110425395-	gene-ryr3	ryr3	244769	47214	105	47158	GCF_000004195.4
Xenopus tropicalis	vertebrate	nachr	NC_030684.2:142295634-142309408-	gene-chrnb2	chrnb2	22423	14551	6	5085	GCF_000004195.4
Xenopus tropicalis	vertebrate	kir	NC_030684.2:146583386-146709836-	gene-kcnj9	kcnj9	18694	8483	3	7672	GCF_000004195.4
Xenopus tropicalis	vertebrate	osca_tmem63	NC_030681.2:2001437-2468251+	gene-tmem63b	tmem63b	35558	15598	24	3150	GCF_000004195.4
Xenopus tropicalis	vertebrate	osca_tmem63	NC_030681.2:7828635-8690689+	gene-tmem63a	tmem63a	36216	10866	23	452177	GCF_000004195.4
Xenopus tropicalis	vertebrate	gabaa	NC_030681.2:85652598-85677980+	gene-LOC100486148	LOC100486148	31311	14408	9	14408	GCF_000004195.4
Xenopus tropicalis	vertebrate	gabaa	NC_030681.2:86220487-86241135+	gene-gabrr1	gabrr1	33135	17828	10	6651	GCF_000004195.4
Xenopus tropicalis	vertebrate	trpc	NC_030681.2:119709598-119741233+	gene-trpc1	trpc1	33570	6326	13	6326	GCF_000004195.4
Xenopus tropicalis	vertebrate	clic	NC_030681.2:146847258-147302966+	gene-clic5	clic5	63172	37081	7	356014	GCF_000004195.4
Xenopus tropicalis	vertebrate	k2p	NC_030681.2:159795616-159821195+	gene-kcnk3	kcnk3	26594	24525	2	24525	GCF_000004195.4
Xenopus tropicalis	vertebrate	gphr	r4_NC_030678.2:8081338-8474369-	gene-gpr89b	gpr89b	19531	5741	15	5741	GCF_000004195.4
Xenopus tropicalis	vertebrate	pacc	r4_NC_030681.2:14164281-14607436+	gene-pacc1	pacc1	13200	4267	8	430457	GCF_000004195.4
Xenopus tropicalis	vertebrate	tmem87	r4_NC_030681.2:38032048-38513851+	gene-tmem87b	tmem87b	30029	6100	20	6103	GCF_000004195.4
Xenopus tropicalis	vertebrate	clcc1	r4_NC_030680.2:111949761-111973905+	gene-clcc1	clcc1	30114	4578	13	4578	GCF_000004195.4
Xenopus tropicalis	vertebrate	tmco1	r4_NC_030680.2:119252827-119268178-	gene-tmco1	tmco1	16002	4529	7	4529	GCF_000004195.4
Xenopus tropicalis	vertebrate	mitok	r4_NC_030680.2:139423529-139430073-	gene-ccdc51	ccdc51	30179	21936	6	4554	GCF_000004195.4
Xenopus tropicalis	vertebrate	tmem87	r4_NC_030684.2:113579236-113986674+	gene-tmem87a	tmem87a	24027	3865	20	3865	GCF_000004195.4
Anolis carolinensis	vertebrate	ano_scramblase	CM000941.1:28389112-28620173-	gene-ano4	ano4	107069	27332	27	52179	GCF_000090745.2
Anolis carolinensis	vertebrate	ano_scramblase	CM000941.1:53825622-53868427-	gene-ano6	ano6	79626	30026	20	9576	GCF_000090745.2
Anolis carolinensis	vertebrate	kv_shaker	CM000941.1:80751125-80752675-	gene-LOC100567003	LOC100567003	5692	0	1	0	GCF_000090745.2
Anolis carolinensis	vertebrate	kv_shaker	CM000941.1:80804519-81292384-	gene-LOC100563080	LOC100563080	4059	685	2	0	GCF_000090745.2
Anolis carolinensis	vertebrate	ano_channel	CM000941.1:81430881-82008704-	gene-ano2	ano2	150688	34128	20	175119	GCF_000090745.2
Anolis carolinensis	vertebrate	itpr	CM000941.1:90617106-91032298-	gene-itpr2	itpr2	270339	37153	57	37047	GCF_000090745.2
Anolis carolinensis	vertebrate	gabaa	CM000941.1:102816178-103279351-	gene-gabrg1	gabrg1	122818	45969	9	387403	GCF_000090745.2
Anolis carolinensis	vertebrate	ampa	CM000941.1:128788261-129251666-	gene-gria2	gria2	101154	52744	17	52744	GCF_000090745.2
Anolis carolinensis	vertebrate	mcu	CM000941.1:144468183-144478947-	gene-ccdc109b	ccdc109b	79722	67440	8	3320	GCF_000090745.2
Anolis carolinensis	vertebrate	trpc	CM000939.1:21735262-21759881-	gene-trpc1	trpc1	27175	5998	13	5998	GCF_000090745.2
Anolis carolinensis	vertebrate	calhm	CM000939.1:40697056-40700518-	gene-calhm2	calhm2	17682	11787	6	2503	GCF_000090745.2
Anolis carolinensis	vertebrate	calhm	CM000939.1:40725917-40729283-	gene-calhm1	calhm1	3364	2356	2	2356	GCF_000090745.2
Anolis carolinensis	vertebrate	nalcn	CM000939.1:99721107-100623297-	gene-nalcn	nalcn	293283	61904	46	61904	GCF_000090745.2
Anolis carolinensis	vertebrate	gabaa	CM000939.1:110242994-110405908-	gene-gabrb3	gabrb3	28492	11559	6	90634	GCF_000090745.2
Anolis carolinensis	vertebrate	connexin	CM000939.1:161538661-161996428-	gene-gja8	gja8	2986	0	1	0	GCF_000090745.2
Anolis carolinensis	vertebrate	connexin	CM000939.1:187268285-187269814-	gene-gja3	gja3	1601	0	1	0	GCF_000090745.2
Anolis carolinensis	vertebrate	ampa	CM000939.1:190106424-190757689-	gene-gria4	gria4	331738	135302	17	135302	GCF_000090745.2
Anolis carolinensis	vertebrate	pannexin	CM000939.1:195679731-195960999-	gene-panx1	panx1	23504	13477	5	13477	GCF_000090745.2
Anolis carolinensis	vertebrate	ampa	GL343248.1:1523546-1912139+	gene-gria1	gria1	329342	170122	17	170122	GCF_000090745.2
Anolis carolinensis	vertebrate	ampa	GL343522.1:182078-503508+	gene-gria3	gria3	131098	42603	14	42603	GCF_000090745.2
Anolis carolinensis	vertebrate	ano_channel	GL343283.1:1652-106219+	gene-LOC100567152	LOC100567152	60572	8287	18	8287	GCF_000090745.2
Anolis carolinensis	vertebrate	k2p	CM000937.1:12716320-12778166-	gene-kcnk13	kcnk13	65071	60626	2	60626	GCF_000090745.2
Anolis carolinensis	vertebrate	osca_tmem63	CM000937.1:20487500-20936226-	gene-tmem63c	tmem63c	100736	56360	27	3298	GCF_000090745.2
Anolis carolinensis	vertebrate	connexin	CM000937.1:30267983-30272224-	gene-gjd2	gjd2	9674	3393	2	3393	GCF_000090745.2
Anolis carolinensis	vertebrate	tpc	CM000937.1:55833046-56209314-	gene-tpcn2	tpcn2	43167	10154	26	184525	GCF_000090745.2
Anolis carolinensis	vertebrate	kv_shaker	CM000937.1:59350772-59352631-	gene-kcna4	kcna4	9404	1031	2	0	GCF_000090745.2
Anolis carolinensis	vertebrate	kir	CM000937.1:66773774-66774799-	gene-kcnj11	kcnj11	2640	0	1	0	GCF_000090745.2
Anolis carolinensis	vertebrate	kv_kcnq	CM000937.1:68991408-69709932-	gene-kcnq1	kcnq1	405808	137154	18	137154	GCF_000090745.2
Anolis carolinensis	vertebrate	p2x	CM000937.1:92003645-92506448-	gene-p2rx3	p2rx3	40186	13444	13	272121	GCF_000090745.2
Anolis carolinensis	vertebrate	asic	CM000937.1:94408173-95312703-	gene-asic4	asic4	120632	84506	10	302779	GCF_000090745.2
Anolis carolinensis	vertebrate	gabaa	CM000937.1:106426715-106574478-	gene-gabrb2	gabrb2	158636	63172	12	63172	GCF_000090745.2
Anolis carolinensis	vertebrate	trpm	CM000937.1:119306295-119360583-	gene-trpm8	trpm8	75357	17537	24	17537	GCF_000090745.2
Anolis carolinensis	vertebrate	kainate	CM000937.1:169804408-170573035-	gene-grik2	grik2	780148	253513	18	253513	GCF_000090745.2
Anolis carolinensis	vertebrate	connexin	CM000937.1:174622372-174623151-	gene-gja10	gja10	2042	0	1	0	GCF_000090745.2
Anolis carolinensis	vertebrate	connexin	CM000937.1:182897779-182898927-	gene-gja1	gja1	13904	10050	2	0	GCF_000090745.2
Anolis carolinensis	vertebrate	ryr	CM000937.1:218291482-218677806-	gene-ryr2	ryr2	387875	108049	104	108049	GCF_000090745.2
Anolis carolinensis	vertebrate	k2p	CM000937.1:220522393-220545443-	gene-kcnk1	kcnk1	26542	18335	3	18335	GCF_000090745.2
Anolis carolinensis	vertebrate	kv_eag	CM000937.1:237157275-237757451-	gene-kcnh1	kcnh1	269895	127989	10	127989	GCF_000090745.2
Anolis carolinensis	vertebrate	k2p	CM000937.1:246501702-246691078-	gene-kcnk16	kcnk16	15136	5618	5	140429	GCF_000090745.2
Anolis carolinensis	vertebrate	k2p	CM000937.1:254921270-254991264-	gene-kcnk12	kcnk12	72923	68756	4	68756	GCF_000090745.2
Anolis carolinensis	vertebrate	kv_eag	CM000937.1:2566080-3203256+	gene-kcnh5	kcnh5	231297	69887	12	278372	GCF_000090745.2
Anolis carolinensis	vertebrate	k2p	CM000937.1:13449903-13884984+	gene-kcnk10	kcnk10	91740	34395	7	34395	GCF_000090745.2
Anolis carolinensis	vertebrate	ryr	CM000937.1:33180694-33516390+	gene-ryr3	ryr3	336827	67306	104	67306	GCF_000090745.2
Anolis carolinensis	vertebrate	ano_scramblase	CM000937.1:58280809-58610980+	gene-ano5	ano5	69476	24248	22	253551	GCF_000090745.2
Anolis carolinensis	vertebrate	connexin	CM000937.1:94509806-94510549+	gene-LOC100561092	LOC100561092	15576	12214	3	0	GCF_000090745.2
Anolis carolinensis	vertebrate	gabaa	CM000937.1:106692077-107073096+	gene-gabrg2	gabrg2	87073	37734	10	29037	GCF_000090745.2
Anolis carolinensis	vertebrate	clic	CM000937.1:138216582-138715606+	gene-clic5	clic5	47384	19837	6	218342	GCF_000090745.2
Anolis carolinensis	vertebrate	gabaa	CM000937.1:174860283-175064695+	gene-LOC100559434	LOC100559434	39265	12063	9	177598	GCF_000090745.2
Anolis carolinensis	vertebrate	osca_tmem63	CM000937.1:227148266-227492087+	gene-tmem63b	tmem63b	108903	65484	24	7682	GCF_000090745.2
Anolis carolinensis	vertebrate	k2p	CM000937.1:240270581-240384678+	gene-kcnk2	kcnk2	179112	59285	7	49542	GCF_000090745.2
Anolis carolinensis	vertebrate	osca_tmem63	CM000937.1:251657478-252181579+	gene-tmem63a	tmem63a	75575	35191	23	449685	GCF_000090745.2
Anolis carolinensis	vertebrate	ano_scramblase	GL343240.1:664213-860166+	gene-ano3	ano3	327157	199820	28	73310	GCF_000090745.2
Anolis carolinensis	vertebrate	ano_scramblase	CM000939.1:30121116-30203765+	gene-ano7	ano7	50794	7490	25	2946	GCF_000090745.2
Anolis carolinensis	vertebrate	trpm	CM000939.1:33699150-33741420+	gene-trpm2	trpm2	50183	5848	33	2571	GCF_000090745.2
Anolis carolinensis	vertebrate	mcu	CM000939.1:52264588-52401155+	gene-mcu	mcu	138544	114779	8	114779	GCF_000090745.2
Anolis carolinensis	vertebrate	cng	CM000939.1:109211943-110006863+	gene-LOC100553370	LOC100553370	5335	1375	3	3887	GCF_000090745.2
Anolis carolinensis	vertebrate	glyr	CM000939.1:120924240-121094057+	gene-glra2	glra2	174248	52634	9	52634	GCF_000090745.2
Anolis carolinensis	vertebrate	kir	CM000939.1:140658699-140678236+	gene-kcnj6	kcnj6	175786	152509	3	18395	GCF_000090745.2
Anolis carolinensis	vertebrate	glyr	CM000939.1:143681512-143802968+	gene-glra3	glra3	124009	38956	9	38956	GCF_000090745.2
Anolis carolinensis	vertebrate	kainate	CM000939.1:146264508-146826338+	gene-grik1	grik1	253087	100512	18	42160	GCF_000090745.2
Anolis carolinensis	vertebrate	gabaa	CM000939.1:163689301-164041796+	gene-gabrr3	gabrr3	30508	13516	9	336848	GCF_000090745.2
Anolis carolinensis	vertebrate	trpc	CM000939.1:192753848-192920447+	gene-trpc6	trpc6	85571	52961	12	134727	GCF_000090745.2
Anolis carolinensis	vertebrate	tmc	CM000938.1:47500899-48518729-	gene-tmc1	tmc1	90115	9293	21	326475	GCF_000090745.2
Anolis carolinensis	vertebrate	cav	CM000938.1:88474561-89456990-	gene-cacna1f	cacna1f	90297	8713	47	8713	GCF_000090745.2
Anolis carolinensis	vertebrate	asic	CM000938.1:91356955-91940703-	gene-asic1	asic1	239579	211338	11	211338	GCF_000090745.2
Anolis carolinensis	vertebrate	otop	CM000938.1:115076358-115086499-	gene-otop3	otop3	11394	2821	6	2821	GCF_000090745.2
Anolis carolinensis	vertebrate	otop	CM000938.1:115118194-115125367-	gene-otop2	otop2	71574	53697	9	1279	GCF_000090745.2
Anolis carolinensis	vertebrate	vdac	CM000938.1:130560180-130577361-	gene-vdac1	vdac1	30516	11345	9	6332	GCF_000090745.2
Anolis carolinensis	vertebrate	trpp	CM000938.1:142045070-142275476-	gene-pkd2l2	pkd2l2	41078	14523	15	4074	GCF_000090745.2
Anolis carolinensis	vertebrate	itpr	CM000938.1:173158416-173406108-	gene-itpr1	itpr1	284259	42323	60	38459	GCF_000090745.2
Anolis carolinensis	vertebrate	nav	CM000942.1:205776-511375-	gene-LOC100560187	LOC100560187	48525	6609	28	6609	GCF_000090745.2
Anolis carolinensis	vertebrate	kv_eag	CM000942.1:60503735-61470145-	gene-kcnh6	kcnh6	163753	41546	15	41546	GCF_000090745.2
Anolis carolinensis	vertebrate	nav	CM000942.1:63185245-63533608-	gene-scn4a	scn4a	101286	30383	26	12920	GCF_000090745.2
Anolis carolinensis	vertebrate	connexin	CM000942.1:64183183-64183962-	gene-gjc1	gjc1	41922	39880	2	0	GCF_000090745.2
Anolis carolinensis	vertebrate	asic	CM000942.1:71791852-72333444-	gene-asic2	asic2	554344	471577	11	471577	GCF_000090745.2
Anolis carolinensis	vertebrate	trpm	CM000942.1:79465164-80221268-	gene-trpm4	trpm4	21048	3539	21	202988	GCF_000090745.2
Anolis carolinensis	vertebrate	ryr	GL343427.1:413165-736995+	gene-ryr1	ryr1	177833	33930	99	33930	GCF_000090745.2
Anolis carolinensis	vertebrate	hcn	CM000938.1:4635287-5816423+	gene-hcn1	hcn1	244904	78900	8	78900	GCF_000090745.2
Anolis carolinensis	vertebrate	trpm	CM000938.1:46933557-47441611+	gene-trpm6	trpm6	70984	7729	36	7729	GCF_000090745.2
Anolis carolinensis	vertebrate	trpm	CM000938.1:48447864-49341492+	gene-trpm3	trpm3	161646	33185	27	183990	GCF_000090745.2
Anolis carolinensis	vertebrate	trpml	CM000938.1:79872314-79997835+	gene-mcoln1	mcoln1	29893	9794	15	4356	GCF_000090745.2
Anolis carolinensis	vertebrate	trpc	CM000938.1:82054689-82761734+	gene-trpc4	trpc4	176199	70901	11	47588	GCF_000090745.2
Anolis carolinensis	vertebrate	nav	CM000938.1:90865054-91425227+	gene-scn8a	scn8a	119508	28307	27	16145	GCF_000090745.2
Anolis carolinensis	vertebrate	tweety	CM000938.1:98138855-98238772+	gene-ttyh2	ttyh2	25848	11834	10	32800	GCF_000090745.2
Anolis carolinensis	vertebrate	nmda	CM000938.1:115436083-116033143+	gene-grin2c	grin2c	109914	51804	12	35513	GCF_000090745.2
Anolis carolinensis	vertebrate	cav	CM000938.1:116795323-117323370+	gene-cacna1g	cacna1g	233157	47400	38	47400	GCF_000090745.2
Anolis carolinensis	vertebrate	lrrc8	CM000938.1:119595222-119598363+	gene-lrrc8e	lrrc8e	14704	9096	4	754	GCF_000090745.2
Anolis carolinensis	vertebrate	cav	CM000938.1:159898751-161479262+	gene-cacna1d	cacna1d	311308	102870	51	102870	GCF_000090745.2
Anolis carolinensis	vertebrate	kv_kcnq	CM000940.1:323766-488471-	gene-kcnq3	kcnq3	176605	142734	16	142727	GCF_000090745.2
Anolis carolinensis	vertebrate	trpa	CM000940.1:33024928-33062713-	gene-trpa1	trpa1	48994	9561	29	5598	GCF_000090745.2
Anolis carolinensis	vertebrate	cav	CM000940.1:68694775-69452707-	gene-cacna1e	cacna1e	582658	153670	50	247414	GCF_000090745.2
Anolis carolinensis	vertebrate	lrrc8	CM000940.1:95733139-95741841-	gene-lrrc8c	lrrc8c	48259	38421	3	6288	GCF_000090745.2
Anolis carolinensis	vertebrate	kv_shaker	CM000940.1:106714652-107097259-	gene-kcna2	kcna2	5705	1218	2	0	GCF_000090745.2
Anolis carolinensis	vertebrate	itpr	CM000940.1:122604352-123184663-	gene-itpr3	itpr3	144759	41163	58	41163	GCF_000090745.2
Anolis carolinensis	vertebrate	kv_shaker	CM000940.1:126513393-127135661-	gene-kcnd3	kcnd3	379187	291877	8	291877	GCF_000090745.2
Anolis carolinensis	vertebrate	k2p	CM000940.1:143831579-143840973-	gene-kcnk15	kcnk15	9798	8177	3	8177	GCF_000090745.2
Anolis carolinensis	vertebrate	kv_kcnq	CM000940.1:153723488-154594467-	gene-kcnq2	kcnq2	81838	25858	17	338623	GCF_000090745.2
Anolis carolinensis	vertebrate	kir	CM000942.1:78302417-78337508+	gene-LOC100556126	LOC100556126	37417	26673	3	26673	GCF_000090745.2
Anolis carolinensis	vertebrate	kv_shaker	CM000942.1:79653854-80527109+	gene-kcna7	kcna7	27924	21756	2	21766	GCF_000090745.2
Anolis carolinensis	vertebrate	otop	GL343239.1:175777-182999-	gene-LOC103279683	LOC103279683	9774	2174	7	1658	GCF_000090745.2
Anolis carolinensis	vertebrate	cav	CM000941.1:12964707-14054356+	gene-cacna1c	cacna1c	621653	258340	50	258340	GCF_000090745.2
Anolis carolinensis	vertebrate	cav	CM000941.1:25036159-25623720+	gene-cacna1i	cacna1i	348402	155509	35	211183	GCF_000090745.2
Anolis carolinensis	vertebrate	trpp	CM000941.1:45532221-45614616+	gene-pkd2	pkd2	16882	3492	15	3492	GCF_000090745.2
Anolis carolinensis	vertebrate	delta_glur	CM000941.1:47622494-48820348+	gene-grid2	grid2	799693	332066	14	332066	GCF_000090745.2
Anolis carolinensis	vertebrate	cftr	CM000941.1:61523870-61635869+	gene-cftr	cftr	114587	21359	27	21359	GCF_000090745.2
Anolis carolinensis	vertebrate	kv_shaker	CM000941.1:62965506-63698457+	gene-kcnd2	kcnd2	373231	346732	7	346732	GCF_000090745.2
Anolis carolinensis	vertebrate	pannexin	CM000941.1:63908449-63959251+	gene-panx2	panx2	35322	21140	4	21140	GCF_000090745.2
Anolis carolinensis	vertebrate	nachr	CM000941.1:99695748-99995171+	gene-chrna9	chrna9	11920	3740	5	291896	GCF_000090745.2
Anolis carolinensis	vertebrate	trpc	CM000941.1:138950309-139363979+	gene-trpc3	trpc3	100160	42544	12	17476	GCF_000090745.2
Anolis carolinensis	vertebrate	bestrophin	GL343256.1:1256073-1702651-	gene-best3	best3	27597	6051	10	6051	GCF_000090745.2
Anolis carolinensis	vertebrate	bestrophin	GL343235.1:2249184-2311963+	gene-best1	best1	39256	12031	10	6383	GCF_000090745.2
Anolis carolinensis	vertebrate	cav	GL343286.1:268980-1353768+	gene-cacna1a	cacna1a	407064	74242	52	282270	GCF_000090745.2
Anolis carolinensis	vertebrate	k2p	CM000940.1:15842840-16127712+	gene-kcnk9	kcnk9	87763	85084	2	85084	GCF_000090745.2
Anolis carolinensis	vertebrate	catsper	CM000940.1:16274678-16279564+	gene-LOC100555851	LOC100555851	4206	0	1	3693	GCF_000090745.2
Anolis carolinensis	vertebrate	catsper	CM000940.1:16294479-16660010+	gene-LOC100558081	LOC100558081	2011	0	1	305248	GCF_000090745.2
Anolis carolinensis	vertebrate	kv_modifier	CM000940.1:20882192-20883625+	gene-kcns2	kcns2	7009	1154	2	0	GCF_000090745.2
Anolis carolinensis	vertebrate	kv_modifier	CM000940.1:52511399-53033111+	gene-kcng2	kcng2	115970	85021	3	28784	GCF_000090745.2
Anolis carolinensis	vertebrate	bestrophin	CM000940.1:111038153-111389903+	gene-best4	best4	16147	3532	9	3532	GCF_000090745.2
Anolis carolinensis	vertebrate	cav	CM000940.1:124339953-125028556+	gene-cacna1s	cacna1s	81767	7745	44	448596	GCF_000090745.2
Anolis carolinensis	vertebrate	catsper	GL344429.1:8687-22280+	gene-catsper4	catsper4	18607	3464	14	3464	GCF_000090745.2
Anolis carolinensis	vertebrate	cav	GL343556.1:118135-330154-	gene-cacna1b	cacna1b	224477	66400	46	66400	GCF_000090745.2
Anolis carolinensis	vertebrate	clc_channel	GL343391.1:421752-923939-	gene-clcn1	clcn1	74387	32413	23	82669	GCF_000090745.2
Anolis carolinensis	vertebrate	clc_channel	GL343609.1:28727-383587+	gene-LOC100557982	LOC100557982	22812	5385	21	127928	GCF_000090745.2
Anolis carolinensis	vertebrate	clc_channel	GL343245.1:9642-37101+	gene-clcn2	clcn2	28795	8234	16	8234	GCF_000090745.2
Anolis carolinensis	vertebrate	clic	GL343464.1:102266-608330-	gene-clic4	clic4	14348	6956	5	6956	GCF_000090745.2
Anolis carolinensis	vertebrate	clic	GL343570.1:208320-289695+	gene-clic1	clic1	74425	67914	6	46717	GCF_000090745.2
Anolis carolinensis	vertebrate	kca_sk	GL343193.1:7206940-7779821+	gene-kcnn2	kcnn2	97511	38729	9	38729	GCF_000090745.2
Anolis carolinensis	vertebrate	gabaa	GL343293.1:11103-92290-	gene-gabra4	gabra4	81369	45547	8	45547	GCF_000090745.2
Anolis carolinensis	vertebrate	cng	GL343293.1:474364-1030645-	gene-cnga1	cnga1	11750	3288	5	432519	GCF_000090745.2
Anolis carolinensis	vertebrate	trpc	GL343376.1:47363-1004373-	gene-trpc5	trpc5	124347	47299	11	24754	GCF_000090745.2
Anolis carolinensis	vertebrate	cng	GL343376.1:1007965-1021835-	gene-LOC100556535	LOC100556535	9465	1962	6	1962	GCF_000090745.2
Anolis carolinensis	vertebrate	connexin	GL344678.1:42813-43592+	gene-LOC100564888	LOC100564888	38454	36014	2	0	GCF_000090745.2
Anolis carolinensis	vertebrate	delta_glur	GL343331.1:46449-809443+	gene-LOC100551761	LOC100551761	232418	74013	13	74004	GCF_000090745.2
Anolis carolinensis	vertebrate	enac	GL343936.1:15353-50570-	gene-scnn1g	scnn1g	35244	23195	12	24741	GCF_000090745.2
Anolis carolinensis	vertebrate	enac	GL344322.1:22773-42657-	gene-scnn1b	scnn1b	19903	8207	10	8207	GCF_000090745.2
Anolis carolinensis	vertebrate	gabaa	GL343293.1:153705-301301+	gene-gabrb1	gabrb1	149255	100911	8	100911	GCF_000090745.2
Anolis carolinensis	vertebrate	gabaa	GL343376.1:788896-999283+	gene-LOC100556337	LOC100556337	12910	3974	11	177306	GCF_000090745.2
Anolis carolinensis	vertebrate	glyr	GL343248.1:114481-488701-	gene-glra1	glra1	95245	33181	9	33181	GCF_000090745.2
Anolis carolinensis	vertebrate	glyr	GL343686.1:127744-142282+	gene-glra4	glra4	16276	6453	10	4018	GCF_000090745.2
Anolis carolinensis	vertebrate	hcn	GL343517.1:149381-424229-	gene-hcn4	hcn4	88048	37139	8	37139	GCF_000090745.2
Anolis carolinensis	vertebrate	ht3	GL343354.1:178093-190388-	gene-LOC100558102	LOC100558102	24160	11112	9	2377	GCF_000090745.2
Anolis carolinensis	vertebrate	hv1	GL343423.1:128986-376520-	gene-hvcn1	hvcn1	5712	2172	6	999	GCF_000090745.2
Anolis carolinensis	vertebrate	kainate	GL343426.1:28627-263901-	gene-grik3	grik3	208847	125279	16	125279	GCF_000090745.2
Anolis carolinensis	vertebrate	kainate	CM000943.1:1724656-2483731+	gene-grik4	grik4	590263	160428	21	35654	GCF_000090745.2
Anolis carolinensis	vertebrate	kainate	GL344447.1:1483-24106+	gene-grik5	grik5	24674	3856	16	3856	GCF_000090745.2
Anolis carolinensis	vertebrate	tric	GL343218.1:1341890-1384105+	gene-tmem38b	tmem38b	44625	23656	6	23656	GCF_000090745.2
Anolis carolinensis	vertebrate	k2p	GL343261.1:1886685-1896461+	gene-LOC100556850	LOC100556850	13452	5617	5	5617	GCF_000090745.2
Anolis carolinensis	vertebrate	kv_modifier	GL343226.1:1982217-1985709+	gene-kcng1	kcng1	18733	10954	3	1677	GCF_000090745.2
Anolis carolinensis	vertebrate	k2p	CM000947.1:1878548-1895578+	gene-kcnk6	kcnk6	18417	14946	3	14946	GCF_000090745.2
Anolis carolinensis	vertebrate	kca_slo	GL343196.1:4342061-5098731-	gene-kcnma1	kcnma1	648928	183331	32	183331	GCF_000090745.2
Anolis carolinensis	vertebrate	kca_slo	GL343440.1:442366-620937-	gene-kcnt2	kcnt2	286945	105977	29	28402	GCF_000090745.2
Anolis carolinensis	vertebrate	kca_slo	GL343625.1:302897-369871-	gene-kcnt1	kcnt1	72934	12077	30	11528	GCF_000090745.2
Anolis carolinensis	vertebrate	kir	GL343460.1:408355-567434-	gene-kcnj4	kcnj4	35661	29692	3	0	GCF_000090745.2
Anolis carolinensis	vertebrate	kir	GL343258.1:1512516-2028575-	gene-kcnj2	kcnj2	9518	6996	2	0	GCF_000090745.2
Anolis carolinensis	vertebrate	kir	GL343385.1:938915-940252+	gene-kcnj12	kcnj12	19936	15084	3	0	GCF_000090745.2
Anolis carolinensis	vertebrate	kir	GL343197.1:4325677-4326651+	gene-kcnj1	kcnj1	16969	15338	2	0	GCF_000090745.2
Anolis carolinensis	vertebrate	kir	GL343197.1:4212007-4244645-	gene-kcnj5	kcnj5	63304	31386	5	31386	GCF_000090745.2
Anolis carolinensis	vertebrate	kir	GL344012.1:52358-54969-	gene-kcnj9	kcnj9	5669	2415	3	1424	GCF_000090745.2
Anolis carolinensis	vertebrate	kir	GL343354.1:282020-284334+	gene-LOC107983335	LOC107983335	3266	1631	2	1118	GCF_000090745.2
Anolis carolinensis	vertebrate	kir	GL343329.1:776431-1218089-	gene-kcnj14	kcnj14	4058	1790	2	1790	GCF_000090745.2
Anolis carolinensis	vertebrate	kir	GL343296.1:134793-147099-	gene-LOC100559481	LOC100559481	14751	11356	2	11356	GCF_000090745.2
Anolis carolinensis	vertebrate	kv_eag	GL343359.1:145505-771909+	gene-kcnh7	kcnh7	183289	39023	14	39023	GCF_000090745.2
Anolis carolinensis	vertebrate	kv_kcnq	GL343579.1:128597-384311+	gene-LOC100564878	LOC100564878	233576	88005	18	88005	GCF_000090745.2
Anolis carolinensis	vertebrate	kv_kcnq	GL343308.1:147696-359708+	gene-kcnq4	kcnq4	79772	44848	14	133161	GCF_000090745.2
Anolis carolinensis	vertebrate	kv_kcnq	GL343341.1:159918-738185-	gene-kcnq5	kcnq5	416837	309862	16	309862	GCF_000090745.2
Anolis carolinensis	vertebrate	kv_modifier	GL343849.1:75090-114647+	gene-kcng4	kcng4	34852	15161	6	8244	GCF_000090745.2
Anolis carolinensis	vertebrate	kv_shaker	GL343326.1:1134769-1217711+	gene-LOC103280208	LOC103280208	5352	3398	2	42112	GCF_000090745.2
Anolis carolinensis	vertebrate	lrrc8	AAWZ02037432.1:5903-11778-	gene-lrrc8a	lrrc8a	8586	3443	2	3443	GCF_000090745.2
Anolis carolinensis	vertebrate	piezo	GL343319.1:586059-1376678-	gene-piezo2	piezo2	237680	43344	53	43344	GCF_000090745.2
Anolis carolinensis	vertebrate	nachr	GL343339.1:295471-770510+	gene-chrna6	chrna6	23147	11707	6	11707	GCF_000090745.2
Anolis carolinensis	vertebrate	nachr	GL344076.1:74151-84443-	gene-chrnb2	chrnb2	11390	5026	5	5026	GCF_000090745.2
Anolis carolinensis	vertebrate	nachr	GL343696.1:65342-199227+	gene-chrna2	chrna2	20572	10000	6	2558	GCF_000090745.2
Anolis carolinensis	vertebrate	nachr	GL343339.1:477044-802649-	gene-chrnb3	chrnb3	19018	10097	5	311690	GCF_000090745.2
Anolis carolinensis	vertebrate	nachr	GL344222.1:37406-54604-	gene-LOC100562855	LOC100562855	24256	6641	9	6641	GCF_000090745.2
Anolis carolinensis	vertebrate	nachr	GL343486.1:222115-245197+	gene-LOC100566708	LOC100566708	24297	15136	6	15136	GCF_000090745.2
Anolis carolinensis	vertebrate	nachr	GL343486.1:249782-260333+	gene-LOC100566901	LOC100566901	10920	4445	5	4445	GCF_000090745.2
Anolis carolinensis	vertebrate	nachr	GL343304.1:161780-222619-	gene-chrnd	chrnd	23133	3333	12	41703	GCF_000090745.2
Anolis carolinensis	vertebrate	nachr	GL344444.1:2621-11567+	gene-LOC100555962	LOC100555962	9257	3233	4	3233	GCF_000090745.2
Anolis carolinensis	vertebrate	nav	GL343214.1:460907-1609235+	gene-scn3a	scn3a	111604	17766	30	14175	GCF_000090745.2
Anolis carolinensis	vertebrate	nav	GL343214.1:1261133-1409322-	gene-scn2a	scn2a	143442	66088	27	14513	GCF_000090745.2
Anolis carolinensis	vertebrate	nav	GL343530.1:10907-146084+	gene-scn5a	scn5a	139882	29174	18	22767	GCF_000090745.2
Anolis carolinensis	vertebrate	nmda	GL343943.1:85672-112646-	gene-grin1	grin1	49969	21301	20	5777	GCF_000090745.2
Anolis carolinensis	vertebrate	nmda	GL343279.1:1346902-1749737-	gene-grin2d	grin2d	64228	30021	14	208283	GCF_000090745.2
Anolis carolinensis	vertebrate	nmda	GL343397.1:106372-506948+	gene-grin2b	grin2b	319290	97469	13	71639	GCF_000090745.2
Anolis carolinensis	vertebrate	nmda	GL343592.1:3397-164497-	gene-grin2a	grin2a	175098	115630	12	115630	GCF_000090745.2
Anolis carolinensis	vertebrate	orai	GL343220.1:1845119-2265984+	gene-orai3	orai3	13323	12204	2	12204	GCF_000090745.2
Anolis carolinensis	vertebrate	orai	GL343550.1:117344-296383+	gene-orai1	orai1	18959	17247	2	17247	GCF_000090745.2
Anolis carolinensis	vertebrate	otop	GL343236.1:558509-591223-	gene-otop1	otop1	34167	17044	7	17044	GCF_000090745.2
Anolis carolinensis	vertebrate	p2x	CM000944.1:1863043-2295083+	gene-p2rx4	p2rx4	11062	2370	12	301019	GCF_000090745.2
Anolis carolinensis	vertebrate	p2x	GL343417.1:424743-810775+	gene-p2rx6	p2rx6	9671	1365	12	1060	GCF_000090745.2
Anolis carolinensis	vertebrate	pannexin	GL343322.1:177662-182891-	gene-panx3	panx3	9671	2476	5	2476	GCF_000090745.2
Anolis carolinensis	vertebrate	piezo	GL343475.1:206019-498320-	gene-LOC100558965	LOC100558965	51739	3782	44	3883	GCF_000090745.2
Anolis carolinensis	vertebrate	piezo	GL343670.1:170456-274875-	gene-piezo1	piezo1	104965	11454	49	11454	GCF_000090745.2
Anolis carolinensis	vertebrate	tmc	GL344017.1:53009-70801-	gene-tmc7	tmc7	23211	3706	16	3697	GCF_000090745.2
Anolis carolinensis	vertebrate	tmc	GL343224.1:1614024-2484672+	gene-tmc2	tmc2	85727	17259	18	17259	GCF_000090745.2
Anolis carolinensis	vertebrate	tmem175	GL343201.1:674122-688700+	gene-tmem175	tmem175	16107	3126	10	3126	GCF_000090745.2
Anolis carolinensis	vertebrate	tpc	GL343338.1:637625-1126907+	gene-tpcn1	tpcn1	21955	9234	28	9198	GCF_000090745.2
Anolis carolinensis	vertebrate	trpc	GL343223.1:1506173-1896165-	gene-trpc7	trpc7	169085	50810	12	50810	GCF_000090745.2
Anolis carolinensis	vertebrate	trpm	GL343747.1:104352-135944-	gene-trpm7	trpm7	51808	18180	40	3212	GCF_000090745.2
Anolis carolinensis	vertebrate	trpm	GL343428.1:82641-589416-	gene-trpm1	trpm1	51893	20837	27	3754	GCF_000090745.2
Anolis carolinensis	vertebrate	trpml	GL343194.1:9729067-10542979-	gene-mcoln3	mcoln3	23904	7102	14	2939	GCF_000090745.2
Anolis carolinensis	vertebrate	trpp	GL343388.1:1884-102834-	gene-pkd2l1	pkd2l1	51378	21719	15	21719	GCF_000090745.2
Anolis carolinensis	vertebrate	trpv	GL343499.1:113587-143493+	gene-LOC100566195	LOC100566195	123653	76509	15	8417	GCF_000090745.2
Anolis carolinensis	vertebrate	trpv	GL345059.1:1408-11036+	gene-trpv1	trpv1	9611	2481	8	2481	GCF_000090745.2
Anolis carolinensis	vertebrate	tweety	GL343340.1:263884-299628-	gene-ttyh3	ttyh3	40024	12612	13	12612	GCF_000090745.2
Anolis carolinensis	vertebrate	vdac	GL343196.1:2701910-2712106+	gene-vdac2	vdac2	28412	17026	10	1967	GCF_000090745.2
Anolis carolinensis	vertebrate	vdac	GL343545.1:368344-376133-	gene-vdac3	vdac3	9832	2250	11	2250	GCF_000090745.2
Anolis carolinensis	vertebrate	mitok	r4_CM000938.1:190227763-190399593+	gene-ccdc51	ccdc51	19154	11466	4	11466	GCF_000090745.2
Anolis carolinensis	vertebrate	pacc	r4_CM000937.1:238495821-238840616-	gene-tmem206	tmem206	18182	4975	8	249700	GCF_000090745.2
Anolis carolinensis	vertebrate	clcc1	r4_GL343211.1:1735702-2592043+	gene-clcc1	clcc1	21435	6316	13	495276	GCF_000090745.2
Anolis carolinensis	vertebrate	gphr	r4_CM000939.1:161957686-161984290-	gene-gpr89b	gpr89b	24171	7039	14	7039	GCF_000090745.2
Anolis carolinensis	vertebrate	tmco1	r4_CM000940.1:73812906-73827493-	gene-tmco1	tmco1	14975	3118	7	3118	GCF_000090745.2
Anolis carolinensis	vertebrate	tmem109	r4_GL343235.1:380625-384121+	gene-tmem109	tmem109	12321	7768	4	1790	GCF_000090745.2
Anolis carolinensis	vertebrate	tmem87	r4_GL343635.1:29102-379276-	gene-LOC100567292	LOC100567292	35801	4759	19	4759	GCF_000090745.2
Anolis carolinensis	vertebrate	tmem87	r4_CM000937.1:39634471-40037782+	gene-tmem87a	tmem87a	30723	5412	20	5412	GCF_000090745.2
Gallus gallus	vertebrate	glyr	CM028485.1:1777760-2122889+	gene-GLRA4	GLRA4	7979	2390	9	1592	GCF_016699485.2
Gallus gallus	vertebrate	gabaa	CM028485.1:10712553-10816487+	gene-GABRA3	GABRA3	62044	18160	10	53260	GCF_016699485.2
Gallus gallus	vertebrate	trpc	CM028485.1:12751720-13470073+	gene-TRPC5	TRPC5	96235	28165	11	15238	GCF_016699485.2
Gallus gallus	vertebrate	ampa	CM028485.1:20864318-20954391+	gene-GRIA2	GRIA2	94762	40817	17	40817	GCF_016699485.2
Gallus gallus	vertebrate	delta_glur	CM028485.1:35914260-36608401+	gene-GRID2	GRID2	696754	277552	17	261400	GCF_016699485.2
Gallus gallus	vertebrate	trpc	CM028485.1:53402852-53573249+	gene-TRPC3	TRPC3	40048	8760	12	7877	GCF_016699485.2
Gallus gallus	vertebrate	cng	CM028485.1:65678929-66106686+	gene-CNGA1	CNGA1	7487	2741	8	724	GCF_016699485.2
Gallus gallus	vertebrate	gabaa	CM028485.1:66367045-66484420+	gene-GABRA4	GABRA4	46005	13897	9	13897	GCF_016699485.2
Gallus gallus	vertebrate	gabaa	CM028485.1:66510827-66716931+	gene-GABRG1	GABRG1	56535	17254	9	175008	GCF_016699485.2
Gallus gallus	vertebrate	kv_shaker	CM028482.1:23337631-23947209-	gene-KCND2	KCND2	267993	246360	7	246360	GCF_016699485.2
Gallus gallus	vertebrate	cftr	CM028482.1:24715684-24799237-	gene-CFTR	CFTR	84025	11651	27	11651	GCF_016699485.2
Gallus gallus	vertebrate	bestrophin	CM028482.1:35172034-35674797-	gene-BEST3	BEST3	34009	7361	11	4641	GCF_016699485.2
Gallus gallus	vertebrate	nmda	CM028482.1:48145152-49001213-	gene-GRIN2B	GRIN2B	214578	48239	14	48239	GCF_016699485.2
Gallus gallus	vertebrate	cav	CM028482.1:49970870-50598596-	gene-CACNA1I	CACNA1I	158445	64349	38	172237	GCF_016699485.2
Gallus gallus	vertebrate	itpr	CM028482.1:67515603-68004138-	gene-ITPR2	ITPR2	264932	39008	57	39008	GCF_016699485.2
Gallus gallus	vertebrate	ano_channel	CM028482.1:74023750-74735585-	gene-ANO2	ANO2	203288	28609	25	28609	GCF_016699485.2
Gallus gallus	vertebrate	clc_channel	CM028482.1:77264832-78066540-	gene-CLCN1	CLCN1	59028	28237	24	6326	GCF_016699485.2
Gallus gallus	vertebrate	gabaa	CM028482.1:91541654-91560112-	gene-GABRR3	GABRR3	35995	8397	13	8397	GCF_016699485.2
Gallus gallus	vertebrate	connexin	CM028482.1:92397384-92600899-	gene-GJA5	GJA5	20840	17880	3	0	GCF_016699485.2
Gallus gallus	vertebrate	kainate	CM028482.1:103915835-104772354-	gene-GRIK1	GRIK1	161469	85782	17	13941	GCF_016699485.2
Gallus gallus	vertebrate	kir	CM028482.1:107308344-107345721-	gene-KCNJ6	KCNJ6	161092	120376	5	36235	GCF_016699485.2
Gallus gallus	vertebrate	glyr	CM028482.1:122503190-122627316-	gene-GLRA2	GLRA2	128290	53082	10	53082	GCF_016699485.2
Gallus gallus	vertebrate	gabaa	CM028482.1:131064845-131362393-	gene-GABRG3	GABRG3	309089	145132	11	145132	GCF_016699485.2
Gallus gallus	vertebrate	cng	CM028482.1:131916613-132524843-	gene-CNGA3	CNGA3	32751	11993	9	5118	GCF_016699485.2
Gallus gallus	vertebrate	ampa	CM028482.1:181043478-181264719-	gene-GRIA4	GRIA4	222562	70422	16	70422	GCF_016699485.2
Gallus gallus	vertebrate	pannexin	CM028482.1:185488268-185569988-	gene-PANX1	PANX1	27110	12410	5	12410	GCF_016699485.2
Gallus gallus	vertebrate	nachr	CM028482.1:195756399-195759025-	gene-CHRNA10	CHRNA10	3673	741	5	706	GCF_016699485.2
Gallus gallus	vertebrate	gabaa	CM028494.1:6669573-6712073-	gene-GABRG2	GABRG2	70555	28785	10	28785	GCF_016699485.2
Gallus gallus	vertebrate	gabaa	CM028494.1:6902286-6919810-	gene-GABRA6	GABRA6	25322	10431	10	10353	GCF_016699485.2
Gallus gallus	vertebrate	ampa	CM028494.1:11853243-12201668-	gene-GRIA1	GRIA1	109912	47240	16	47240	GCF_016699485.2
Gallus gallus	vertebrate	trpp	CM028494.1:14012216-14019412-	gene-PKD2L2	PKD2L2	10428	1088	14	1088	GCF_016699485.2
Gallus gallus	vertebrate	clic	CM028485.1:1776198-2271284-	gene-CLIC2	CLIC2	4852	1999	6	242797	GCF_016699485.2
Gallus gallus	vertebrate	gabaa	CM028485.1:10294415-10668484-	gene-GABRQ	GABRQ	66696	22362	9	22362	GCF_016699485.2
Gallus gallus	vertebrate	cng	CM028485.1:10701534-11319100-	gene-CNGA2	CNGA2	9039	2067	7	2067	GCF_016699485.2
Gallus gallus	vertebrate	ampa	CM028485.1:15701319-15842329-	gene-GRIA3	GRIA3	141809	33158	16	33158	GCF_016699485.2
Gallus gallus	vertebrate	glyr	CM028485.1:43430084-43502312-	gene-GLRA3	GLRA3	77697	18799	9	18799	GCF_016699485.2
Gallus gallus	vertebrate	trpp	CM028485.1:45219935-45294295-	gene-PKD2	PKD2	15210	3846	15	3846	GCF_016699485.2
Gallus gallus	vertebrate	mcu	CM028485.1:57673925-57751565-	gene-MCUB	MCUB	34265	25296	8	4140	GCF_016699485.2
Gallus gallus	vertebrate	nachr	CM028485.1:68481462-68484700-	gene-CHRNA9	CHRNA9	6267	1127	5	805	GCF_016699485.2
Gallus gallus	vertebrate	otop	CM028485.1:78028482-78040453-	gene-OTOP1	OTOP1	12653	3615	6	3615	GCF_016699485.2
Gallus gallus	vertebrate	ano_scramblase	CM028486.1:2653204-2973194+	gene-ANO5	ANO5	50269	23887	25	4301	GCF_016699485.2
Gallus gallus	vertebrate	ano_scramblase	CM028486.1:3463653-3584374+	gene-ANO3	ANO3	179197	92438	27	40303	GCF_016699485.2
Gallus gallus	vertebrate	tpc	CM028486.1:16373895-16692431+	gene-TPCN2	TPCN2	21952	2370	25	102586	GCF_016699485.2
Gallus gallus	vertebrate	ano_channel	CM028486.1:17079868-17822536+	gene-ANO1	ANO1	73108	31541	28	151117	GCF_016699485.2
Gallus gallus	vertebrate	connexin	CM028486.1:31789898-31791239+	gene-GJD2	GJD2	2742	493	2	493	GCF_016699485.2
Gallus gallus	vertebrate	osca_tmem63	CM028486.1:38635700-39114589+	gene-TMEM63C	TMEM63C	27416	15522	27	1007	GCF_016699485.2
Gallus gallus	vertebrate	k2p	CM028486.1:43238293-43290256+	gene-KCNK13	KCNK13	61504	50746	2	50746	GCF_016699485.2
Gallus gallus	vertebrate	kv_eag	CM028486.1:53008769-53721005+	gene-KCNH5	KCNH5	155049	40381	11	215254	GCF_016699485.2
Gallus gallus	vertebrate	k2p	CM028486.1:54243026-54617694+	gene-KCNK4	KCNK4	17495	8028	6	60329	GCF_016699485.2
Gallus gallus	vertebrate	pannexin	CM028482.1:20355591-20398711+	gene-PANX2	PANX2	21201	15150	5	15150	GCF_016699485.2
Gallus gallus	vertebrate	ano_scramblase	CM028482.1:30773155-30806158+	gene-ANO6	ANO6	70379	33126	20	6792	GCF_016699485.2
Gallus gallus	vertebrate	ano_scramblase	CM028482.1:47143340-47648807+	gene-ANO4	ANO4	173144	55574	28	83214	GCF_016699485.2
Gallus gallus	vertebrate	kir	CM028482.1:50954240-51178397+	gene-KCNJ4	KCNJ4	11333	7116	3	0	GCF_016699485.2
Gallus gallus	vertebrate	cav	CM028482.1:60960027-62077493+	gene-CACNA1C	CACNA1C	472560	194484	50	194484	GCF_016699485.2
Gallus gallus	vertebrate	kir	CM028482.1:67007452-67012243+	gene-KCNJ8	KCNJ8	7852	3640	3	3640	GCF_016699485.2
Gallus gallus	vertebrate	kv_shaker	CM028482.1:73381960-73839299+	gene-KCNA6	KCNA6	16651	0	1	0	GCF_016699485.2
Gallus gallus	vertebrate	kv_shaker	CM028482.1:73977121-73978596+	gene-KCNA1	KCNA1	10386	4475	5	0	GCF_016699485.2
Gallus gallus	vertebrate	kv_shaker	CM028482.1:74068296-74070191+	gene-KCNA5	KCNA5	5751	0	1	0	GCF_016699485.2
Gallus gallus	vertebrate	enac	CM028482.1:76851786-76858257+	gene-SCNN1A	SCNN1A	8411	810	13	810	GCF_016699485.2
Gallus gallus	vertebrate	trpv	CM028482.1:77874029-77903038+	gene-TRPV6	TRPV6	33341	10094	16	10094	GCF_016699485.2
Gallus gallus	vertebrate	connexin	CM028482.1:92656336-92657538+	gene-GJA8	GJA8	10345	0	1	0	GCF_016699485.2
Gallus gallus	vertebrate	clic	CM028482.1:106047077-106083845+	gene-CLIC6	CLIC6	29422	21442	6	21442	GCF_016699485.2
Gallus gallus	vertebrate	kir	CM028482.1:107621293-107622327+	gene-KCNJ15	KCNJ15	25151	22946	2	0	GCF_016699485.2
Gallus gallus	vertebrate	gabaa	CM028482.1:131042475-131565428+	gene-GABRB3	GABRB3	109882	81103	9	81103	GCF_016699485.2
Gallus gallus	vertebrate	nalcn	CM028482.1:143243631-144015874+	gene-NALCN	NALCN	214682	31333	44	31333	GCF_016699485.2
Gallus gallus	vertebrate	trpc	CM028482.1:171736015-172299655+	gene-TRPC4	TRPC4	141026	48246	11	26951	GCF_016699485.2
Gallus gallus	vertebrate	connexin	CM028482.1:178857067-178858602+	gene-GJA3	GJA3	13700	5974	2	0	GCF_016699485.2
Gallus gallus	vertebrate	trpc	CM028482.1:182950685-182984108+	gene-TRPC6	TRPC6	95164	58563	13	7735	GCF_016699485.2
Gallus gallus	vertebrate	ano_scramblase	CM028509.1:3369873-3866169-	gene-ANO8	ANO8	10247	2541	19	129860	GCF_016699485.2
Gallus gallus	vertebrate	tric	CM028509.1:4733000-4737345-	gene-TMEM38A	TMEM38A	6262	1713	7	1713	GCF_016699485.2
Gallus gallus	vertebrate	nav	CM028508.1:855420-1832969-	gene-SCN4A	SCN4A	31586	6138	27	158807	GCF_016699485.2
Gallus gallus	vertebrate	kir	CM028508.1:2981870-3391099-	gene-LOC429785	LOC429785	7767	4252	3	4252	GCF_016699485.2
Gallus gallus	vertebrate	kv_eag	CM028508.1:4526912-4855475-	gene-KCNH4	KCNH4	8726	2445	16	321841	GCF_016699485.2
Gallus gallus	vertebrate	nav	CM028515.1:66901-835674-	gene-SCN8A	SCN8A	51822	8721	27	6785	GCF_016699485.2
Gallus gallus	vertebrate	asic	CM028483.1:320901-469332-	gene-LOC107055878	LOC107055878	6645	2503	10	2503	GCF_016699485.2
Gallus gallus	vertebrate	kv_modifier	CM028483.1:55997801-56481949-	gene-KCNG2	KCNG2	72135	69120	4	23823	GCF_016699485.2
Gallus gallus	vertebrate	trpa	CM028483.1:117005916-117444364-	gene-TRPA1	TRPA1	35074	3475	27	3475	GCF_016699485.2
Gallus gallus	vertebrate	k2p	CM028483.1:143909471-144017026-	gene-KCNK9	KCNK9	90644	77667	2	77667	GCF_016699485.2
Gallus gallus	vertebrate	nav	CM028488.1:19105873-19496033-	gene-SCN2A	SCN2A	73418	17648	27	9842	GCF_016699485.2
Gallus gallus	vertebrate	asic	CM028488.1:21393921-21747808-	gene-ASIC4	ASIC4	20615	14970	10	34273	GCF_016699485.2
Gallus gallus	vertebrate	cav	CM028493.1:6771259-7395712+	gene-CACNA1D	CACNA1D	165734	55855	50	55855	GCF_016699485.2
Gallus gallus	vertebrate	itpr	CM028493.1:18595444-18733810+	gene-ITPR1	ITPR1	150712	21451	62	21451	GCF_016699485.2
Gallus gallus	vertebrate	cav	CM028489.1:5285734-5775160-	gene-CACNA1E	CACNA1E	84804	9990	50	337262	GCF_016699485.2
Gallus gallus	vertebrate	lrrc8	CM028489.1:14728378-14730921-	gene-LRRC8D	LRRC8D	49036	43664	3	0	GCF_016699485.2
Gallus gallus	vertebrate	lrrc8	CM028489.1:14800508-14805045-	gene-LRRC8C	LRRC8C	17527	8990	3	2123	GCF_016699485.2
Gallus gallus	vertebrate	bestrophin	CM028489.1:19984967-20465432-	gene-BEST4	BEST4	3602	750	9	426298	GCF_016699485.2
Gallus gallus	vertebrate	cav	CM028499.1:10336621-11263951-	gene-CACNA1G	CACNA1G	108362	23511	38	79523	GCF_016699485.2
Gallus gallus	vertebrate	nmda	CM028495.1:9263915-9679978+	gene-GRIN2A	GRIN2A	160918	84332	14	84332	GCF_016699485.2
Gallus gallus	vertebrate	kv_eag	CM028483.1:359985-834875+	gene-KCNH2	KCNH2	24411	9013	16	9013	GCF_016699485.2
Gallus gallus	vertebrate	nav	CM028483.1:5215289-6060293+	gene-SCN5A	SCN5A	205374	40191	28	425399	GCF_016699485.2
Gallus gallus	vertebrate	tmc	CM028483.1:43890826-44743676+	gene-TMC2	TMC2	28945	3008	20	3008	GCF_016699485.2
Gallus gallus	vertebrate	piezo	CM028483.1:97349229-98071774+	gene-PIEZO2	PIEZO2	395935	61017	62	55252	GCF_016699485.2
Gallus gallus	vertebrate	kv_modifier	CM028483.1:127237020-127238453+	gene-KCNS2	KCNS2	24053	13740	4	0	GCF_016699485.2
Gallus gallus	vertebrate	kca_slo	CM028487.1:14142122-14692356+	gene-KCNMA1	KCNMA1	443671	118815	33	118815	GCF_016699485.2
Gallus gallus	vertebrate	trpp	CM028487.1:17944239-18546800+	gene-PKD2L1	PKD2L1	19089	2697	15	2697	GCF_016699485.2
Gallus gallus	vertebrate	trpm	CM028490.1:4361308-5335558-	gene-TRPM2	TRPM2	14166	547	33	683	GCF_016699485.2
Gallus gallus	vertebrate	gabaa	CM028494.1:6634464-7317470+	gene-GABRB2	GABRB2	335870	85684	19	49525	GCF_016699485.2
Gallus gallus	vertebrate	glyr	CM028494.1:12125933-12472571+	gene-GLRA1	GLRA1	51757	16359	9	16359	GCF_016699485.2
Gallus gallus	vertebrate	trpc	CM028494.1:14600978-14659003+	gene-TRPC7	TRPC7	64992	17048	13	17048	GCF_016699485.2
Gallus gallus	vertebrate	vdac	CM028494.1:15641820-15649859+	gene-VDAC1	VDAC1	61023	47165	11	2947	GCF_016699485.2
Gallus gallus	vertebrate	k2p	CM028484.1:8883864-8897017-	gene-KCNK12	KCNK12	27464	11906	4	11906	GCF_016699485.2
Gallus gallus	vertebrate	k2p	CM028484.1:20528779-20600004-	gene-KCNK2	KCNK2	126410	31924	9	31924	GCF_016699485.2
Gallus gallus	vertebrate	osca_tmem63	CM028484.1:29587126-30044181-	gene-TMEM63B	TMEM63B	38629	20784	24	3546	GCF_016699485.2
Gallus gallus	vertebrate	ryr	CM028484.1:36848359-37502675-	gene-RYR2	RYR2	361102	90815	107	90815	GCF_016699485.2
Gallus gallus	vertebrate	k2p	CM028484.1:38353830-38381026-	gene-KCNK7	KCNK7	29920	23038	3	23038	GCF_016699485.2
Gallus gallus	vertebrate	connexin	CM028484.1:61411819-61413003-	gene-GJA1	GJA1	9132	5936	2	0	GCF_016699485.2
Gallus gallus	vertebrate	calhm	CM028484.1:63535203-63549122-	gene-FAM26E	FAM26E	7899	2765	2	2765	GCF_016699485.2
Gallus gallus	vertebrate	kainate	CM028484.1:69850657-70214115-	gene-GRIK2	GRIK2	371621	122794	18	122794	GCF_016699485.2
Gallus gallus	vertebrate	connexin	CM028484.1:75104267-75105001-	gene-GJA10	GJA10	1596	0	1	0	GCF_016699485.2
Gallus gallus	vertebrate	kv_kcnq	CM028484.1:81121361-81506080-	gene-KCNQ5	KCNQ5	263525	180569	15	180569	GCF_016699485.2
Gallus gallus	vertebrate	nachr	CM028484.1:104869572-105245528-	gene-CHRNA2	CHRNA2	4600	1152	6	853	GCF_016699485.2
Gallus gallus	vertebrate	clic	CM028484.1:109426989-109893934-	gene-CLIC5	CLIC5	71048	38373	7	38373	GCF_016699485.2
Gallus gallus	vertebrate	k2p	CM028501.1:5230260-5910336-	gene-KCNK15	KCNK15	4317	2264	2	2264	GCF_016699485.2
Gallus gallus	vertebrate	kv_kcnq	CM028501.1:9056466-9800588-	gene-KCNQ2	KCNQ2	67401	19778	17	451566	GCF_016699485.2
Gallus gallus	vertebrate	trpc	CM028490.1:10200060-10220587+	gene-TRPC1	TRPC1	22308	3891	13	3891	GCF_016699485.2
Gallus gallus	vertebrate	nachr	CM028490.1:15299391-15717353+	gene-CHRND	CHRND	3362	399	12	208240	GCF_016699485.2
Gallus gallus	vertebrate	pannexin	CM028505.1:360311-362449-	gene-PANX3	PANX3	3287	846	5	707	GCF_016699485.2
Gallus gallus	vertebrate	kir	CM028505.1:1124087-1125052-	gene-KCNJ1	KCNJ1	16451	11502	2	0	GCF_016699485.2
Gallus gallus	vertebrate	kainate	CM028505.1:3208017-4810300-	gene-GRIK4	GRIK4	124266	35577	20	165382	GCF_016699485.2
Gallus gallus	vertebrate	kir	CM028505.1:488477-1370385+	gene-KCNJ5	KCNJ5	127097	28555	5	444645	GCF_016699485.2
Gallus gallus	vertebrate	ht3	CM028505.1:4512727-4516944+	gene-HTR3A	HTR3A	12619	2194	10	837	GCF_016699485.2
Gallus gallus	vertebrate	kv_modifier	CM028492.1:16304984-16466529-	gene-KCNG4	KCNG4	17286	13743	3	13743	GCF_016699485.2
Gallus gallus	vertebrate	piezo	CM028492.1:18085358-18539428-	gene-PIEZO1	PIEZO1	19345	3977	50	3977	GCF_016699485.2
Gallus gallus	vertebrate	tweety	CM028495.1:3250014-3314355-	gene-TTYH3	TTYH3	70163	33091	15	33091	GCF_016699485.2
Gallus gallus	vertebrate	cav	CM028495.1:4451111-5443407-	gene-CACNA1H	CACNA1H	201603	91366	35	171746	GCF_016699485.2
Gallus gallus	vertebrate	enac	CM028495.1:6971165-6979547-	gene-SCNN1B	SCNN1B	11754	3140	14	1962	GCF_016699485.2
Gallus gallus	vertebrate	enac	CM028495.1:6988498-6997570-	gene-SCNN1G	SCNN1G	10463	2740	13	2740	GCF_016699485.2
Gallus gallus	vertebrate	tmc	CM028495.1:8494504-8761385-	gene-TMC7	TMC7	14080	2044	17	1384	GCF_016699485.2
Gallus gallus	vertebrate	osca_tmem63	CM028484.1:16435549-17281648+	gene-TMEM63A	TMEM63A	28980	2845	24	262552	GCF_016699485.2
Gallus gallus	vertebrate	kv_eag	CM028484.1:22020515-22657914+	gene-KCNH1	KCNH1	193590	68101	19	255579	GCF_016699485.2
Gallus gallus	vertebrate	k2p	CM028484.1:28775517-28782463+	gene-KCNK16	KCNK16	16073	2348	5	2348	GCF_016699485.2
Gallus gallus	vertebrate	k2p	CM028484.1:28787781-29187265+	gene-KCNK17	KCNK17	27045	10787	5	99828	GCF_016699485.2
Gallus gallus	vertebrate	gabaa	CM028484.1:75264746-75423373+	gene-GABRR2	GABRR2	30072	8925	9	139116	GCF_016699485.2
Gallus gallus	vertebrate	kv_shaker	CM028486.1:4688040-4689899-	gene-KCNA4	KCNA4	5284	803	2	0	GCF_016699485.2
Gallus gallus	vertebrate	kir	CM028486.1:11478058-11479493-	gene-KCNJ11	KCNJ11	1907	0	1	0	GCF_016699485.2
Gallus gallus	vertebrate	kv_kcnq	CM028486.1:12540709-13432856-	gene-KCNQ1	KCNQ1	321505	109578	17	109578	GCF_016699485.2
Gallus gallus	vertebrate	p2x	CM028486.1:16582381-16585392-	gene-P2RX3	P2RX3	4005	515	12	515	GCF_016699485.2
Gallus gallus	vertebrate	ryr	CM028486.1:29658378-29842261-	gene-RYR3	RYR3	184748	36215	104	36215	GCF_016699485.2
Gallus gallus	vertebrate	k2p	CM028486.1:42491656-42646606-	gene-KCNK10	KCNK10	73686	31895	8	22284	GCF_016699485.2
Gallus gallus	vertebrate	delta_glur	CM028487.1:2344911-2862292-	gene-GRID1	GRID1	522559	210176	18	210176	GCF_016699485.2
Gallus gallus	vertebrate	mcu	CM028487.1:11983350-12356160-	gene-MCU	MCU	80734	67065	10	67065	GCF_016699485.2
Gallus gallus	vertebrate	vdac	CM028487.1:15623813-15629784-	gene-VDAC2	VDAC2	15046	3743	11	1163	GCF_016699485.2
Gallus gallus	vertebrate	calhm	CM028487.1:24425983-24427020-	gene-CALHM2	CALHM2	4641	1385	3	78	GCF_016699485.2
Gallus gallus	vertebrate	calhm	CM028487.1:24431982-24433826-	gene-CALHM1	CALHM1	3059	813	2	813	GCF_016699485.2
Gallus gallus	vertebrate	cav	CM028498.1:2775964-3314882+	gene-CACNA1B	CACNA1B	260207	84990	50	84990	GCF_016699485.2
Gallus gallus	vertebrate	lrrc8	CM028498.1:5980853-5986131+	gene-LRRC8A	LRRC8A	21270	8482	4	2846	GCF_016699485.2
Gallus gallus	vertebrate	cav	JAENSK010000622.1:2633-45899-	gene-LOC101752139	LOC101752139	35432	3380	50	3380	GCF_016699485.2
Gallus gallus	vertebrate	cav	CM028507.1:99015-830788+	gene-CACNA1S	CACNA1S	29674	3193	45	3193	GCF_016699485.2
Gallus gallus	vertebrate	clic	CM028504.1:2868560-3248868-	gene-CLIC4	CLIC4	21566	10400	8	8909	GCF_016699485.2
Gallus gallus	vertebrate	connexin	CM028504.1:4378386-4810067-	gene-GJA4	GJA4	2886	741	2	208500	GCF_016699485.2
Gallus gallus	vertebrate	p2x	CM028500.1:3800259-3806953+	gene-P2RX1	P2RX1	7755	1953	13	1953	GCF_016699485.2
Gallus gallus	vertebrate	orai	CM028500.1:4255991-4850819+	gene-ORAI3	ORAI3	12359	4455	5	4455	GCF_016699485.2
Gallus gallus	vertebrate	trpv	CM028500.1:6796146-7582685+	gene-TRPV1	TRPV1	16825	4123	20	731	GCF_016699485.2
Gallus gallus	vertebrate	clic	CM028498.1:1083174-1093684-	gene-CLIC3	CLIC3	2622	381	6	8610	GCF_016699485.2
Gallus gallus	vertebrate	nmda	CM028498.1:1189564-1709065-	gene-GRIN1	GRIN1	31653	8191	22	305546	GCF_016699485.2
Gallus gallus	vertebrate	kca_slo	CM028498.1:8735289-8835084-	gene-KCNT1	KCNT1	56958	39233	32	3280	GCF_016699485.2
Gallus gallus	vertebrate	trpm	CM028488.1:5638619-5662871+	gene-TRPM8	TRPM8	75712	39127	26	4007	GCF_016699485.2
Gallus gallus	vertebrate	nachr	CM028488.1:16427095-16432901+	gene-CHRNA1	CHRNA1	11802	4431	9	1394	GCF_016699485.2
Gallus gallus	vertebrate	nav	CM028488.1:18931753-19589976+	gene-SCN3A	SCN3A	73302	10787	29	10787	GCF_016699485.2
Gallus gallus	vertebrate	kv_eag	CM028488.1:20156014-21108774+	gene-KCNH7	KCNH7	205257	114656	18	114656	GCF_016699485.2
Gallus gallus	vertebrate	kir	CM028488.1:35347862-35794707+	gene-KCNJ3	KCNJ3	32705	25078	3	249273	GCF_016699485.2
Gallus gallus	vertebrate	kv_eag	CM028508.1:2324284-2833848+	gene-KCNH6	KCNH6	28157	6405	16	6405	GCF_016699485.2
Gallus gallus	vertebrate	ryr	CM028519.1:99829-176180-	gene-LOC101748756	LOC101748756	70827	2575	97	2575	GCF_016699485.2
Gallus gallus	vertebrate	connexin	CM028519.1:247651-249942-	gene-LOC107049826	LOC107049826	3517	1491	2	1491	GCF_016699485.2
Gallus gallus	vertebrate	connexin	CM028504.1:3619813-4044318+	gene-GJA9	GJA9	5816	1379	3	275231	GCF_016699485.2
Gallus gallus	vertebrate	kainate	CM028504.1:4213188-4556863+	gene-GRIK3	GRIK3	72604	36133	16	36133	GCF_016699485.2
Gallus gallus	vertebrate	kv_kcnq	CM028504.1:4833419-5671146+	gene-KCNQ4	KCNQ4	12653	5445	15	241975	GCF_016699485.2
Gallus gallus	vertebrate	hcn	CM028491.1:1591279-2631528-	gene-HCN4	HCN4	146125	67609	10	29487	GCF_016699485.2
Gallus gallus	vertebrate	nachr	CM028491.1:3652416-3658223-	gene-CHRNA5	CHRNA5	16893	9303	7	1894	GCF_016699485.2
Gallus gallus	vertebrate	nachr	CM028491.1:6679521-6717173-	gene-CHRNA7	CHRNA7	42340	21442	10	21442	GCF_016699485.2
Gallus gallus	vertebrate	hcn	CM028509.1:2653044-4000611+	gene-HCN2	HCN2	12672	4884	8	209810	GCF_016699485.2
Gallus gallus	vertebrate	hcn	CM028506.1:1552613-2611423+	gene-HCN3	HCN3	7137	1395	8	384600	GCF_016699485.2
Gallus gallus	vertebrate	hcn	CM028522.1:14500687-15465935-	gene-HCN1	HCN1	198453	78589	8	238812	GCF_016699485.2
Gallus gallus	vertebrate	trpm	CM028522.1:35284809-36259784-	gene-TRPM3	TRPM3	426369	294756	27	17400	GCF_016699485.2
Gallus gallus	vertebrate	trpm	CM028522.1:36872601-37391793-	gene-TRPM6	TRPM6	69187	14574	33	5228	GCF_016699485.2
Gallus gallus	vertebrate	nachr	CM028522.1:54305245-54312245-	gene-CHRNB3	CHRNB3	17782	3374	7	3374	GCF_016699485.2
Gallus gallus	vertebrate	kca_sk	CM028522.1:73468238-73944404-	gene-KCNN2	KCNN2	74070	26999	9	26999	GCF_016699485.2
Gallus gallus	vertebrate	hv1	CM028496.1:6006169-6484824-	gene-HVCN1	HVCN1	10311	1951	7	1951	GCF_016699485.2
Gallus gallus	vertebrate	trpv	CM028496.1:6581306-7079617-	gene-TRPV4	TRPV4	7161	1328	17	635	GCF_016699485.2
Gallus gallus	vertebrate	tpc	CM028496.1:12598330-12650531-	gene-CATSPER4	CATSPER4	55285	26689	28	26689	GCF_016699485.2
Gallus gallus	vertebrate	kca_slo	CM028489.1:2725640-2807794+	gene-KCNT2	KCNT2	117025	22967	30	20922	GCF_016699485.2
Gallus gallus	vertebrate	trpml	CM028489.1:15769488-16321215+	gene-MCOLN3	MCOLN3	42737	16183	22	3274	GCF_016699485.2
Gallus gallus	vertebrate	kir	CM028499.1:8803412-8825584+	gene-KCNJ2	KCNJ2	10137	4628	2	0	GCF_016699485.2
Gallus gallus	vertebrate	tweety	CM028499.1:9737262-9743108+	gene-TTYH1	TTYH1	6910	1332	14	1332	GCF_016699485.2
Gallus gallus	vertebrate	otop	CM028499.1:11141826-11200299+	gene-OTOP2	OTOP2	6926	969	7	969	GCF_016699485.2
Gallus gallus	vertebrate	kv_shaker	CM028507.1:1474736-1511643-	gene-KCNA2	KCNA2	2276	0	1	0	GCF_016699485.2
Gallus gallus	vertebrate	kv_shaker	CM028507.1:1528227-1530366-	gene-KCNA3	KCNA3	12496	0	1	0	GCF_016699485.2
Gallus gallus	vertebrate	kv_shaker	CM028507.1:3231277-3426649-	gene-KCND3	KCND3	99109	63926	8	63926	GCF_016699485.2
Gallus gallus	vertebrate	itpr	CM028507.1:4312968-4700198-	gene-ITPR3	ITPR3	39988	6401	58	6401	GCF_016699485.2
Gallus gallus	vertebrate	kv_modifier	CM028501.1:13608494-13713631+	gene-KCNG1	KCNG1	13860	5158	5	504	GCF_016699485.2
Gallus gallus	vertebrate	kca_sk	CM028506.1:1780154-2502691-	gene-KCNN3	KCNN3	26634	5525	8	5525	GCF_016699485.2
Gallus gallus	vertebrate	kca_slo	CM028503.1:1997864-2515815+	gene-KCNU1	KCNU1	73820	35652	27	229849	GCF_016699485.2
Gallus gallus	vertebrate	nachr	CM028491.1:3474857-3649866+	gene-CHRNA3	CHRNA3	6835	1346	6	3008	GCF_016699485.2
Gallus gallus	vertebrate	trpm	CM028491.1:5308543-5743754+	gene-TRPM1	TRPM1	130639	37181	31	4150	GCF_016699485.2
Gallus gallus	vertebrate	trpm	CM028491.1:10477652-11328339+	gene-TRPM7	TRPM7	53229	20338	41	2281	GCF_016699485.2
Gallus gallus	vertebrate	tmc	CM028491.1:12096597-12544129+	gene-TMC3	TMC3	36081	9988	29	253419	GCF_016699485.2
Gallus gallus	vertebrate	tmc	CM028522.1:36065029-36834651+	gene-TMC1	TMC1	123616	68114	21	375809	GCF_016699485.2
Gallus gallus	vertebrate	tmem175	CM028522.1:53797926-54169399+	gene-TMEM175	TMEM175	13681	2594	10	2594	GCF_016699485.2
Gallus gallus	vertebrate	nachr	CM028522.1:54287475-54299491+	gene-CHRNA6	CHRNA6	30815	22037	7	2838	GCF_016699485.2
Gallus gallus	vertebrate	tric	CM028522.1:55788491-55801273+	gene-TMEM38B	TMEM38B	15148	3949	8	3949	GCF_016699485.2
Gallus gallus	vertebrate	p2x	CM028496.1:4980693-6058753+	gene-P2RX4	P2RX4	6417	1712	12	465754	GCF_016699485.2
Gallus gallus	vertebrate	trpml	CM028511.1:6544-400325-	gene-MCOLN1	MCOLN1	7314	1574	14	1574	GCF_016699485.2
Gallus gallus	vertebrate	vdac	CM028503.1:2906495-2912962-	gene-VDAC3	VDAC3	9081	2169	11	1475	GCF_016699485.2
Gallus gallus	vertebrate	pacc	r4_CM028484.1:21543145-21641454+	gene-TMEM206	TMEM206	118533	43601	13	78887	GCF_016699485.2
Gallus gallus	vertebrate	clcc1	r4_CM028489.1:1319765-1355320-	gene-CLCC1	CLCC1	16008	4401	12	26805	GCF_016699485.2
Gallus gallus	vertebrate	tmco1	r4_CM028489.1:5488146-5505472-	gene-TMCO1	TMCO1	17625	5150	7	5150	GCF_016699485.2
Gallus gallus	vertebrate	gphr	r4_CM028482.1:92666548-92686211+	gene-GPR89A	GPR89A	23164	3709	14	3709	GCF_016699485.2
Gallus gallus	vertebrate	mitok	r4_CM028493.1:11444591-11452881+	gene-CCDC51	CCDC51	4657	1574	5	1574	GCF_016699485.2
Gallus gallus	vertebrate	tmem87	r4_CM028486.1:24796495-25632028-	gene-TMEM87B	TMEM87B	22490	3488	20	3488	GCF_016699485.2
Ornithorhynchus anatinus	vertebrate	connexin	CM014219.1:240400-241779-	gene-GJA3	GJA3	8396	3361	3	0	GCF_004115215.2
Ornithorhynchus anatinus	vertebrate	trpc	CM014219.1:5320600-6464399-	gene-TRPC4	TRPC4	115043	47682	12	23164	GCF_004115215.2
Ornithorhynchus anatinus	vertebrate	ampa	CM014219.1:19623275-20217992-	gene-GRIA4	GRIA4	244609	92758	16	92758	GCF_004115215.2
Ornithorhynchus anatinus	vertebrate	pannexin	CM014219.1:25108213-25132884-	gene-PANX1	PANX1	25068	17513	5	17513	GCF_004115215.2
Ornithorhynchus anatinus	vertebrate	gabaa	CM014221.1:26032781-26424310-	gene-GABRG2	GABRG2	95673	38033	10	38033	GCF_004115215.2
Ornithorhynchus anatinus	vertebrate	ampa	CM014221.1:31454281-31987358-	gene-GRIA1	GRIA1	229561	105833	16	105833	GCF_004115215.2
Ornithorhynchus anatinus	vertebrate	vdac	CM014221.1:43635672-43658754-	gene-VDAC1	VDAC1	48797	24791	9	11155	GCF_004115215.2
Ornithorhynchus anatinus	vertebrate	trpc	CM014221.1:46571240-46686960-	gene-TRPC7	TRPC7	57099	14896	9	30331	GCF_004115215.2
Ornithorhynchus anatinus	vertebrate	cav	CM014221.1:74501612-75580895-	gene-CACNA1D	CACNA1D	428992	221191	49	221191	GCF_004115215.2
Ornithorhynchus anatinus	vertebrate	itpr	CM014221.1:96002253-96865509-	gene-ITPR1	ITPR1	336719	84208	62	84208	GCF_004115215.2
Ornithorhynchus anatinus	vertebrate	lrrc8	CM014221.1:110144482-111035435-	gene-LRRC8E	LRRC8E	7296	2462	5	980	GCF_004115215.2
Ornithorhynchus anatinus	vertebrate	kca_sk	CM014221.1:115665334-116174550-	gene-KCNN1	KCNN1	11862	2974	11	3657	GCF_004115215.2
Ornithorhynchus anatinus	vertebrate	cng	CM014205.1:11685587-12068684+	gene-CNGA2	CNGA2	10530	2847	7	2847	GCF_004115215.2
Ornithorhynchus anatinus	vertebrate	gabaa	CM014205.1:12343047-12754173+	gene-LOC100083721	LOC100083721	131603	51043	9	51043	GCF_004115215.2
Ornithorhynchus anatinus	vertebrate	clic	CM014205.1:13098402-13442806+	gene-CLIC2	CLIC2	17044	7476	6	149691	GCF_004115215.2
Ornithorhynchus anatinus	vertebrate	cav	CM014205.1:21212416-22165704+	gene-CACNA1F	CACNA1F	34454	2172	46	442689	GCF_004115215.2
Ornithorhynchus anatinus	vertebrate	ampa	CM014205.1:36076366-36333596+	gene-GRIA3	GRIA3	261251	62820	17	62820	GCF_004115215.2
Ornithorhynchus anatinus	vertebrate	ampa	CM014211.1:17459341-17560276-	gene-GRIA2	GRIA2	104248	38759	20	38759	GCF_004115215.2
Ornithorhynchus anatinus	vertebrate	delta_glur	CM014211.1:28938870-30210258-	gene-GRID2	GRID2	873695	349260	19	349260	GCF_004115215.2
Ornithorhynchus anatinus	vertebrate	mcu	CM014211.1:36710020-36724440-	gene-MCUB	MCUB	61650	47174	8	4804	GCF_004115215.2
Ornithorhynchus anatinus	vertebrate	trpc	CM014211.1:53183170-53586050-	gene-TRPC3	TRPC3	46973	12514	12	7688	GCF_004115215.2
Ornithorhynchus anatinus	vertebrate	trpp	CM014211.1:54241720-54650431-	gene-PKD2	PKD2	49023	13449	15	13449	GCF_004115215.2
Ornithorhynchus anatinus	vertebrate	cng	CM014211.1:60049656-60427265-	gene-CNGA1	CNGA1	8681	2456	7	2456	GCF_004115215.2
Ornithorhynchus anatinus	vertebrate	ano_channel	CM014224.1:498059-1459643-	gene-ANO2	ANO2	69492	14640	24	396597	GCF_004115215.2
Ornithorhynchus anatinus	vertebrate	cav	CM014224.1:1772165-2652487-	gene-CACNA1C	CACNA1C	150281	54433	49	54433	GCF_004115215.2
Ornithorhynchus anatinus	vertebrate	kv_kcnq	CM014202.1:958279-1749868-	gene-KCNQ1	KCNQ1	124066	43666	17	43666	GCF_004115215.2
Ornithorhynchus anatinus	vertebrate	k2p	CM014202.1:4849717-5314815-	gene-KCNK7	KCNK7	4442	2466	3	336660	GCF_004115215.2
Ornithorhynchus anatinus	vertebrate	k2p	CM014202.1:14797307-14800604-	gene-KCNK4	KCNK4	5507	1366	7	1378	GCF_004115215.2
Ornithorhynchus anatinus	vertebrate	bestrophin	CM014202.1:16166277-16686476-	gene-BEST1	BEST1	23284	6108	9	6108	GCF_004115215.2
Ornithorhynchus anatinus	vertebrate	p2x	CM014202.1:19480351-19510702-	gene-P2RX3	P2RX3	30783	13509	12	13509	GCF_004115215.2
Ornithorhynchus anatinus	vertebrate	ano_channel	CM014202.1:31923858-32823761-	gene-ANO1	ANO1	171749	67436	28	23357	GCF_004115215.2
Ornithorhynchus anatinus	vertebrate	tpc	CM014202.1:33625200-33663317-	gene-TPCN2	TPCN2	55715	13681	25	3801	GCF_004115215.2
Ornithorhynchus anatinus	vertebrate	mcu	CM014202.1:84515892-84691380-	gene-MCU	MCU	177472	143769	8	143769	GCF_004115215.2
Ornithorhynchus anatinus	vertebrate	vdac	CM014202.1:119108877-119410523-	gene-VDAC2	VDAC2	17003	5199	10	5199	GCF_004115215.2
Ornithorhynchus anatinus	vertebrate	kv_eag	CM014213.1:513568-1049116+	gene-KCNH5	KCNH5	94982	30548	19	201939	GCF_004115215.2
Ornithorhynchus anatinus	vertebrate	k2p	CM014213.1:1508900-1700973+	gene-LOC100086831	LOC100086831	6884	1875	6	1875	GCF_004115215.2
Ornithorhynchus anatinus	vertebrate	ano_scramblase	CM014213.1:37542146-37951707+	gene-ANO4	ANO4	173046	56000	32	9746	GCF_004115215.2
Ornithorhynchus anatinus	vertebrate	cav	CM014213.1:45872778-46446263+	gene-CACNA1I	CACNA1I	101192	23526	35	231888	GCF_004115215.2
Ornithorhynchus anatinus	vertebrate	ano_scramblase	CM014202.1:35489550-35998223+	gene-ANO5	ANO5	94352	32553	23	468859	GCF_004115215.2
Ornithorhynchus anatinus	vertebrate	ano_scramblase	CM014202.1:37257859-37733007+	gene-ANO3	ANO3	249457	77373	27	77373	GCF_004115215.2
Ornithorhynchus anatinus	vertebrate	kv_shaker	CM014202.1:44847397-44853412+	gene-KCNA4	KCNA4	7445	3674	2	0	GCF_004115215.2
Ornithorhynchus anatinus	vertebrate	delta_glur	CM014202.1:82018896-82861170+	gene-GRID1	GRID1	842873	291932	17	291932	GCF_004115215.2
Ornithorhynchus anatinus	vertebrate	kca_slo	CM014202.1:116548021-117431939+	gene-KCNMA1	KCNMA1	879166	251102	32	251102	GCF_004115215.2
Ornithorhynchus anatinus	vertebrate	tpc	CM014201.1:1518685-1762285+	gene-TPCN1	TPCN1	40287	7587	31	5999	GCF_004115215.2
Ornithorhynchus anatinus	vertebrate	enac	CM014201.1:30592442-30616493+	gene-SCNN1G	SCNN1G	25139	6635	12	6635	GCF_004115215.2
Ornithorhynchus anatinus	vertebrate	enac	CM014201.1:30733530-30769715+	gene-SCNN1B	SCNN1B	67987	30498	14	8927	GCF_004115215.2
Ornithorhynchus anatinus	vertebrate	kir	CM014201.1:36265933-36419067+	gene-LOC100081081	LOC100081081	104982	52618	3	0	GCF_004115215.2
Ornithorhynchus anatinus	vertebrate	tweety	CM014201.1:39587803-39880408+	gene-TTYH3	TTYH3	119891	66183	15	178683	GCF_004115215.2
Ornithorhynchus anatinus	vertebrate	tmc	CM014201.1:47458386-47480365+	gene-TMC7	TMC7	39440	11940	16	4751	GCF_004115215.2
Ornithorhynchus anatinus	vertebrate	nmda	CM014201.1:53068298-53394669+	gene-GRIN2A	GRIN2A	325890	173334	14	173334	GCF_004115215.2
Ornithorhynchus anatinus	vertebrate	nachr	CM014201.1:140002436-140018627+	gene-CHRNA10	CHRNA10	5874	1540	5	5925	GCF_004115215.2
Ornithorhynchus anatinus	vertebrate	ano_scramblase	CM014201.1:153790301-153876529+	gene-ANO6	ANO6	230809	64396	20	21674	GCF_004115215.2
Ornithorhynchus anatinus	vertebrate	itpr	CM014201.1:161914803-162570718+	gene-ITPR2	ITPR2	428831	55015	57	55015	GCF_004115215.2
Ornithorhynchus anatinus	vertebrate	kir	CM014201.1:166276976-166292893+	gene-KCNJ8	KCNJ8	19141	14931	3	14931	GCF_004115215.2
Ornithorhynchus anatinus	vertebrate	trpv	CM014201.1:170024981-170115604+	gene-LOC100088427	LOC100088427	33904	12525	15	12525	GCF_004115215.2
Ornithorhynchus anatinus	vertebrate	trpa	CM014206.1:1870412-2189993+	gene-TRPA1	TRPA1	38948	2616	26	280926	GCF_004115215.2
Ornithorhynchus anatinus	vertebrate	ano_scramblase	CM014206.1:42907332-43130495+	gene-ANO7	ANO7	57361	8960	23	7639	GCF_004115215.2
Ornithorhynchus anatinus	vertebrate	kv_shaker	CM014206.1:57310240-57867080+	gene-KCND3	KCND3	185152	155553	8	232755	GCF_004115215.2
Ornithorhynchus anatinus	vertebrate	itpr	CM014206.1:67217739-67744752+	gene-ITPR3	ITPR3	73791	14705	58	14705	GCF_004115215.2
Ornithorhynchus anatinus	vertebrate	kv_shaker	CM014206.1:69342201-69799300+	gene-LOC100077542	LOC100077542	24170	10329	7	0	GCF_004115215.2
Ornithorhynchus anatinus	vertebrate	kv_shaker	CM014206.1:69866042-69950955+	gene-LOC100076742	LOC100076742	5417	721	2	0	GCF_004115215.2
Ornithorhynchus anatinus	vertebrate	nalcn	CM014209.1:14447970-14980516-	gene-NALCN	NALCN	209976	31636	45	31636	GCF_004115215.2
Ornithorhynchus anatinus	vertebrate	tweety	CM014209.1:52645429-52655658-	gene-TTYH1	TTYH1	11094	1965	14	1965	GCF_004115215.2
Ornithorhynchus anatinus	vertebrate	kir	CM014209.1:52914686-52916601-	gene-KCNJ14	KCNJ14	7959	4007	3	785	GCF_004115215.2
Ornithorhynchus anatinus	vertebrate	kv_shaker	CM014209.1:53320801-53616023-	gene-KCNA7	KCNA7	5245	3892	2	3892	GCF_004115215.2
Ornithorhynchus anatinus	vertebrate	nav	CM014209.1:55352784-55608186-	gene-SCN8A	SCN8A	63244	12475	26	7322	GCF_004115215.2
Ornithorhynchus anatinus	vertebrate	asic	CM014209.1:55997805-56486980-	gene-ASIC1	ASIC1	22753	11877	12	11877	GCF_004115215.2
Ornithorhynchus anatinus	vertebrate	gabaa	CM014221.1:26374290-26621836+	gene-GABRB2	GABRB2	194120	67808	11	67808	GCF_004115215.2
Ornithorhynchus anatinus	vertebrate	glyr	CM014221.1:32681213-32756914+	gene-GLRA1	GLRA1	104542	63462	9	34652	GCF_004115215.2
Ornithorhynchus anatinus	vertebrate	trpp	CM014221.1:47845290-48462919+	gene-PKD2L2	PKD2L2	25268	4589	15	4589	GCF_004115215.2
Ornithorhynchus anatinus	vertebrate	tric	CM014221.1:112058862-112075093+	gene-TMEM38A	TMEM38A	16795	8836	6	8836	GCF_004115215.2
Ornithorhynchus anatinus	vertebrate	ano_scramblase	CM014221.1:115237597-115683780+	gene-ANO8	ANO8	23913	7306	17	203956	GCF_004115215.2
Ornithorhynchus anatinus	vertebrate	hcn	CM014221.1:115984226-117302451+	gene-HCN2	HCN2	28498	13091	10	167753	GCF_004115215.2
Ornithorhynchus anatinus	vertebrate	pannexin	CM014210.1:3219229-3224186+	gene-PANX3	PANX3	13485	5546	6	2337	GCF_004115215.2
Ornithorhynchus anatinus	vertebrate	kir	CM014210.1:10571294-10572199+	gene-KCNJ1	KCNJ1	30662	28357	6	0	GCF_004115215.2
Ornithorhynchus anatinus	vertebrate	nav	CM014210.1:15469430-16379743+	gene-SCN4A	SCN4A	70461	12908	25	12908	GCF_004115215.2
Ornithorhynchus anatinus	vertebrate	piezo	CM014210.1:41967709-42442566+	gene-PIEZO1	PIEZO1	117274	41567	51	41567	GCF_004115215.2
Ornithorhynchus anatinus	vertebrate	kv_modifier	CM014210.1:47702194-47871181+	gene-KCNG4	KCNG4	29631	25171	2	25171	GCF_004115215.2
Ornithorhynchus anatinus	vertebrate	asic	CM014210.1:63138386-63480551+	gene-ASIC2	ASIC2	217506	160498	10	160498	GCF_004115215.2
Ornithorhynchus anatinus	vertebrate	hcn	CM014200.1:6260501-7599898+	gene-HCN1	HCN1	380055	164380	9	164380	GCF_004115215.2
Ornithorhynchus anatinus	vertebrate	osca_tmem63	CM014200.1:40308478-40927912+	gene-TMEM63C	TMEM63C	95235	44239	26	2739	GCF_004115215.2
Ornithorhynchus anatinus	vertebrate	k2p	CM014200.1:51190942-51289522+	gene-KCNK13	KCNK13	100220	97360	2	97360	GCF_004115215.2
Ornithorhynchus anatinus	vertebrate	kv_kcnq	CM014200.1:84281508-85146305+	gene-KCNQ5	KCNQ5	564859	410530	14	410530	GCF_004115215.2
Ornithorhynchus anatinus	vertebrate	asic	CM014200.1:182222391-182261217+	gene-ASIC4	ASIC4	40712	29398	10	29398	GCF_004115215.2
Ornithorhynchus anatinus	vertebrate	asic	CM014212.1:3360159-3366630+	gene-ASIC3	ASIC3	8078	1533	11	1533	GCF_004115215.2
Ornithorhynchus anatinus	vertebrate	clc_channel	CM014212.1:37124295-37983893+	gene-CLCN1	CLCN1	17542	5188	23	5188	GCF_004115215.2
Ornithorhynchus anatinus	vertebrate	connexin	CM014212.1:41692957-41695121+	gene-GJD2	GJD2	2315	1253	2	1253	GCF_004115215.2
Ornithorhynchus anatinus	vertebrate	k2p	CM014200.1:49733577-49897379-	gene-KCNK10	KCNK10	105467	35218	7	35218	GCF_004115215.2
Ornithorhynchus anatinus	vertebrate	trpc	CM014200.1:107000725-107068379-	gene-TRPC1	TRPC1	68943	19817	14	19817	GCF_004115215.2
Ornithorhynchus anatinus	vertebrate	nachr	CM014204.1:10823027-10867294-	gene-CHRNA3	CHRNA3	27801	13718	6	7396	GCF_004115215.2
Ornithorhynchus anatinus	vertebrate	tmc	CM014204.1:16466818-16895661-	gene-TMC3	TMC3	42334	7069	22	284906	GCF_004115215.2
Ornithorhynchus anatinus	vertebrate	trpm	CM014204.1:17706949-18557280-	gene-TRPM7	TRPM7	101309	41238	41	4060	GCF_004115215.2
Ornithorhynchus anatinus	vertebrate	nachr	CM014204.1:40805296-41066329-	gene-CHRNA6	CHRNA6	8887	3091	6	3091	GCF_004115215.2
Ornithorhynchus anatinus	vertebrate	clc_channel	CM014204.1:62582394-63409554-	gene-LOC100081169	LOC100081169	16549	3578	20	442326	GCF_004115215.2
Ornithorhynchus anatinus	vertebrate	kv_shaker	CM014224.1:486319-796692+	gene-KCNA6	KCNA6	10360	6285	3	136	GCF_004115215.2
Ornithorhynchus anatinus	vertebrate	kv_shaker	CM014224.1:816658-818109+	gene-KCNA1	KCNA1	3447	0	1	0	GCF_004115215.2
Ornithorhynchus anatinus	vertebrate	kv_shaker	CM014224.1:858522-1080988+	gene-LOC100080163	LOC100080163	1949	0	1	0	GCF_004115215.2
Ornithorhynchus anatinus	vertebrate	nmda	CM014224.1:1417236-2379508+	gene-GRIN2B	GRIN2B	107317	32730	13	32730	GCF_004115215.2
Ornithorhynchus anatinus	vertebrate	cav	CM014224.1:3311944-4340840+	gene-CACNA1B	CACNA1B	175257	50609	49	333313	GCF_004115215.2
Ornithorhynchus anatinus	vertebrate	nmda	CM014224.1:4365243-4793475+	gene-GRIN1	GRIN1	59803	10936	22	200402	GCF_004115215.2
Ornithorhynchus anatinus	vertebrate	kir	CM014210.1:10103809-10499705-	gene-KCNJ5	KCNJ5	20737	17722	3	1422	GCF_004115215.2
Ornithorhynchus anatinus	vertebrate	kainate	CM014210.1:52212800-52997912-	gene-GRIK4	GRIK4	189947	46989	20	353431	GCF_004115215.2
Ornithorhynchus anatinus	vertebrate	ht3	CM014210.1:55919699-56236397-	gene-HTR3A	HTR3A	12782	3160	10	1653	GCF_004115215.2
Ornithorhynchus anatinus	vertebrate	connexin	CM014210.1:60560696-60561472-	gene-GJC1	GJC1	8630	4405	4	0	GCF_004115215.2
Ornithorhynchus anatinus	vertebrate	kv_eag	CM014210.1:61241254-61763472-	gene-KCNH6	KCNH6	49013	23194	14	23194	GCF_004115215.2
Ornithorhynchus anatinus	vertebrate	nav	CM014212.1:40748-352105-	gene-LOC100087403	LOC100087403	64096	8277	28	5925	GCF_004115215.2
Ornithorhynchus anatinus	vertebrate	connexin	CM014212.1:1338411-1339345-	gene-GJC2	GJC2	19813	17863	4	0	GCF_004115215.2
Ornithorhynchus anatinus	vertebrate	kv_eag	CM014212.1:2798017-3295182-	gene-KCNH2	KCNH2	38199	13396	16	13396	GCF_004115215.2
Ornithorhynchus anatinus	vertebrate	ryr	CM014212.1:41754597-42009686-	gene-RYR3	RYR3	70495	7798	106	7798	GCF_004115215.2
Ornithorhynchus anatinus	vertebrate	kv_eag	CM014208.1:11558704-12145748-	gene-KCNH7	KCNH7	312948	185895	18	185895	GCF_004115215.2
Ornithorhynchus anatinus	vertebrate	nav	CM014208.1:13149124-14182454-	gene-SCN3A	SCN3A	113879	23189	28	15197	GCF_004115215.2
Ornithorhynchus anatinus	vertebrate	k2p	CM014208.1:40787061-41065584-	gene-KCNK3	KCNK3	48635	37995	4	37995	GCF_004115215.2
Ornithorhynchus anatinus	vertebrate	cftr	CM014209.1:39905672-40088399+	gene-CFTR	CFTR	188949	32052	31	32052	GCF_004115215.2
Ornithorhynchus anatinus	vertebrate	kv_shaker	CM014209.1:41340327-42170593+	gene-KCND2	KCND2	382809	364977	8	364977	GCF_004115215.2
Ornithorhynchus anatinus	vertebrate	tmc	CM014209.1:52277371-52782920+	gene-TMC4	TMC4	7901	1101	15	149257	GCF_004115215.2
Ornithorhynchus anatinus	vertebrate	nmda	CM014209.1:52854142-53226137+	gene-GRIN2D	GRIN2D	13639	1676	12	1676	GCF_004115215.2
Ornithorhynchus anatinus	vertebrate	kv_kcnq	CM014203.1:5807973-6547874-	gene-KCNQ3	KCNQ3	131519	103682	15	214342	GCF_004115215.2
Ornithorhynchus anatinus	vertebrate	kca_slo	CM014203.1:41862821-41964558-	gene-KCNT1	KCNT1	278660	155293	32	19965	GCF_004115215.2
Ornithorhynchus anatinus	vertebrate	lrrc8	CM014203.1:98501588-98530852-	gene-LRRC8C	LRRC8C	33924	26856	2	26856	GCF_004115215.2
Ornithorhynchus anatinus	vertebrate	otop	CM014203.1:125750974-126093181-	gene-OTOP1	OTOP1	35898	14869	8	17506	GCF_004115215.2
Ornithorhynchus anatinus	vertebrate	cav	CM014214.1:308746-1268732-	gene-CACNA1G	CACNA1G	58386	7565	38	171422	GCF_004115215.2
Ornithorhynchus anatinus	vertebrate	k2p	CM014204.1:1575422-1850538+	gene-KCNK6	KCNK6	3622	1329	3	147096	GCF_004115215.2
Ornithorhynchus anatinus	vertebrate	ryr	CM014204.1:2642098-2851019+	gene-RYR1	RYR1	70578	2792	106	2792	GCF_004115215.2
Ornithorhynchus anatinus	vertebrate	kainate	CM014204.1:3999409-4473638+	gene-GRIK5	GRIK5	31843	4956	21	4532	GCF_004115215.2
Ornithorhynchus anatinus	vertebrate	nachr	CM014204.1:10810702-10819268+	gene-CHRNA5	CHRNA5	25275	16198	6	4279	GCF_004115215.2
Ornithorhynchus anatinus	vertebrate	kca_slo	CM014204.1:36624319-37369263+	gene-KCNU1	KCNU1	109384	24567	27	368522	GCF_004115215.2
Ornithorhynchus anatinus	vertebrate	vdac	CM014204.1:40551151-40567646+	gene-VDAC3	VDAC3	23548	6496	11	4677	GCF_004115215.2
Ornithorhynchus anatinus	vertebrate	nachr	CM014204.1:40774807-40800421+	gene-CHRNB3	CHRNB3	33666	18769	6	18769	GCF_004115215.2
Ornithorhynchus anatinus	vertebrate	hcn	CM014204.1:45748127-46519842+	gene-HCN4	HCN4	129215	54946	10	54946	GCF_004115215.2
Ornithorhynchus anatinus	vertebrate	trpm	CM014204.1:53627975-54506090+	gene-TRPM1	TRPM1	80030	12831	30	12852	GCF_004115215.2
Ornithorhynchus anatinus	vertebrate	gabaa	CM014204.1:57561705-57573910+	gene-GABRD	GABRD	22149	8248	9	2751	GCF_004115215.2
Ornithorhynchus anatinus	vertebrate	piezo	CM014204.1:93148803-93742106+	gene-PIEZO2	PIEZO2	522557	99251	53	99251	GCF_004115215.2
Ornithorhynchus anatinus	vertebrate	kir	CM014217.1:4763052-4804720-	gene-KCNJ6	KCNJ6	126098	47472	4	40526	GCF_004115215.2
Ornithorhynchus anatinus	vertebrate	gabaa	CM014217.1:13055225-13606024-	gene-GABRB3	GABRB3	144663	93145	9	93145	GCF_004115215.2
Ornithorhynchus anatinus	vertebrate	nachr	CM014217.1:28403959-28446968-	gene-CHRNA9	CHRNA9	17548	12130	6	34710	GCF_004115215.2
Ornithorhynchus anatinus	vertebrate	kca_sk	CM014225.1:411019-1310228+	gene-KCNN3	KCNN3	31574	7292	10	7292	GCF_004115215.2
Ornithorhynchus anatinus	vertebrate	kir	CM014225.1:3200498-3202732+	gene-KCNJ9	KCNJ9	4109	1865	3	877	GCF_004115215.2
Ornithorhynchus anatinus	vertebrate	clic	CM014225.1:7867308-7978205+	gene-CLIC1	CLIC1	9669	3502	6	3502	GCF_004115215.2
Ornithorhynchus anatinus	vertebrate	kca_sk	CM014225.1:15896112-16605618+	gene-KCNN2	KCNN2	114479	53582	9	53582	GCF_004115215.2
Ornithorhynchus anatinus	vertebrate	tmc	CM014225.1:58916223-59658573+	gene-TMC1	TMC1	106472	22712	21	199968	GCF_004115215.2
Ornithorhynchus anatinus	vertebrate	catsper	CM014207.1:1128176-1144174-	gene-CATSPER2	CATSPER2	19605	5074	13	5074	GCF_004115215.2
Ornithorhynchus anatinus	vertebrate	nachr	CM014207.1:2428331-2447092-	gene-CHRNA7	CHRNA7	22774	12903	10	12903	GCF_004115215.2
Ornithorhynchus anatinus	vertebrate	kv_modifier	CM014207.1:9001113-9401566-	gene-KCNG1	KCNG1	14069	7477	3	4395	GCF_004115215.2
Ornithorhynchus anatinus	vertebrate	piezo	CM014207.1:13847671-14173230-	gene-LOC100080288	LOC100080288	79960	9147	54	4310	GCF_004115215.2
Ornithorhynchus anatinus	vertebrate	nachr	CM014207.1:18719008-18785563-	gene-CHRNA4	CHRNA4	38146	14655	6	7496	GCF_004115215.2
Ornithorhynchus anatinus	vertebrate	kv_kcnq	CM014207.1:18836405-19260874-	gene-KCNQ2	KCNQ2	115147	44844	17	44844	GCF_004115215.2
Ornithorhynchus anatinus	vertebrate	trpv	CM014216.1:6588265-7419332-	gene-TRPV1	TRPV1	21743	3892	16	3677	GCF_004115215.2
Ornithorhynchus anatinus	vertebrate	p2x	CM014216.1:1294922-1311834+	gene-P2RX1	P2RX1	18385	3581	13	3581	GCF_004115215.2
Ornithorhynchus anatinus	vertebrate	orai	CM014216.1:1912195-2642478+	gene-ORAI2	ORAI2	8972	5058	3	5010	GCF_004115215.2
Ornithorhynchus anatinus	vertebrate	kainate	CM014216.1:17671004-17697229+	gene-GRIK1	GRIK1	37133	6555	22	4493	GCF_004115215.2
Ornithorhynchus anatinus	vertebrate	glyr	CM014211.1:6659618-6728642+	gene-GLRA3	GLRA3	71009	21557	9	21557	GCF_004115215.2
Ornithorhynchus anatinus	vertebrate	k2p	CM014203.1:829824-850038+	gene-KCNK9	KCNK9	21055	18715	2	18715	GCF_004115215.2
Ornithorhynchus anatinus	vertebrate	lrrc8	CM014203.1:32757207-32767177+	gene-LRRC8A	LRRC8A	29542	13778	4	7541	GCF_004115215.2
Ornithorhynchus anatinus	vertebrate	kv_modifier	CM014203.1:61004009-61005433+	gene-KCNS2	KCNS2	4922	0	1	0	GCF_004115215.2
Ornithorhynchus anatinus	vertebrate	trpml	CM014203.1:102872666-103717669+	gene-MCOLN3	MCOLN3	37866	9267	14	9267	GCF_004115215.2
Ornithorhynchus anatinus	vertebrate	orai	CM014201.1:18257664-18367487-	gene-ORAI1	ORAI1	17646	15748	2	15748	GCF_004115215.2
Ornithorhynchus anatinus	vertebrate	p2x	CM014201.1:18369330-18694029-	gene-P2RX4	P2RX4	26567	7608	12	7608	GCF_004115215.2
Ornithorhynchus anatinus	vertebrate	hv1	CM014201.1:19205263-19216543-	gene-HVCN1	HVCN1	26002	14166	7	4677	GCF_004115215.2
Ornithorhynchus anatinus	vertebrate	orai	CM014201.1:25950232-26418174-	gene-ORAI3	ORAI3	6007	3315	2	3315	GCF_004115215.2
Ornithorhynchus anatinus	vertebrate	cav	CM014201.1:61816956-62462919-	gene-CACNA1H	CACNA1H	219303	97787	35	97772	GCF_004115215.2
Ornithorhynchus anatinus	vertebrate	connexin	CM014201.1:102658073-102659224-	gene-GJA1	GJA1	12328	9017	2	0	GCF_004115215.2
Ornithorhynchus anatinus	vertebrate	calhm	CM014201.1:105535098-105539253-	gene-CALHM5	CALHM5	6239	3280	2	3280	GCF_004115215.2
Ornithorhynchus anatinus	vertebrate	calhm	CM014201.1:105549661-105555682-	gene-LOC114805417	LOC114805417	6106	5140	2	5140	GCF_004115215.2
Ornithorhynchus anatinus	vertebrate	cng	CM014201.1:137839349-138341078-	gene-CNGA4	CNGA4	16424	7602	6	7602	GCF_004115215.2
Ornithorhynchus anatinus	vertebrate	trpc	CM014201.1:140046046-140505278-	gene-TRPC2	TRPC2	12859	2134	14	244764	GCF_004115215.2
Ornithorhynchus anatinus	vertebrate	bestrophin	CM014222.1:8883242-9379383-	gene-BEST2	BEST2	7400	2565	9	2565	GCF_004115215.2
Ornithorhynchus anatinus	vertebrate	kv_modifier	CM014222.1:27868285-28133764-	gene-KCNG2	KCNG2	11669	8453	3	8453	GCF_004115215.2
Ornithorhynchus anatinus	vertebrate	bestrophin	CM014217.1:2979026-3480689+	gene-BEST4	BEST4	3855	1004	9	220390	GCF_004115215.2
Ornithorhynchus anatinus	vertebrate	kir	CM014217.1:5033928-5034941+	gene-KCNJ15	KCNJ15	297724	73972	17	0	GCF_004115215.2
Ornithorhynchus anatinus	vertebrate	cng	CM014217.1:12232716-12720767+	gene-CNGA3	CNGA3	13369	2947	8	476237	GCF_004115215.2
Ornithorhynchus anatinus	vertebrate	bestrophin	CM014213.1:17098402-17527431-	gene-BEST3	BEST3	26918	8678	9	8678	GCF_004115215.2
Ornithorhynchus anatinus	vertebrate	kir	CM014213.1:44668286-45425997-	gene-KCNJ4	KCNJ4	26975	24298	2	0	GCF_004115215.2
Ornithorhynchus anatinus	vertebrate	pannexin	CM014213.1:47999064-48462394-	gene-PANX2	PANX2	16905	12978	3	12978	GCF_004115215.2
Ornithorhynchus anatinus	vertebrate	connexin	CM014215.1:959146-1162482+	gene-GJA8	GJA8	1365	105	2	202086	GCF_004115215.2
Ornithorhynchus anatinus	vertebrate	cav	CM014215.1:9964785-10667002+	gene-CACNA1E	CACNA1E	271336	45398	51	150306	GCF_004115215.2
Ornithorhynchus anatinus	vertebrate	calhm	CM014215.1:34234620-34237576+	gene-CALHM1	CALHM1	2954	1928	2	1928	GCF_004115215.2
Ornithorhynchus anatinus	vertebrate	calhm	CM014215.1:34247773-34249754+	gene-CALHM2	CALHM2	7448	4107	3	1010	GCF_004115215.2
Ornithorhynchus anatinus	vertebrate	trpp	CM014215.1:36525514-37164244+	gene-PKD2L1	PKD2L1	19402	4287	15	3614	GCF_004115215.2
Ornithorhynchus anatinus	vertebrate	kainate	CM014215.1:38337460-38865327+	gene-GRIK3	GRIK3	153085	94288	18	94288	GCF_004115215.2
Ornithorhynchus anatinus	vertebrate	kv_kcnq	CM014215.1:40552015-41396618+	gene-KCNQ4	KCNQ4	55472	29297	14	279358	GCF_004115215.2
Ornithorhynchus anatinus	vertebrate	clic	CM014215.1:42923915-43387439+	gene-CLIC4	CLIC4	60531	27432	6	27432	GCF_004115215.2
Ornithorhynchus anatinus	vertebrate	catsper	CM014215.1:44030152-44197286+	gene-CATSPER4	CATSPER4	10524	1360	11	159394	GCF_004115215.2
Ornithorhynchus anatinus	vertebrate	nachr	CM014222.1:29583-33785+	gene-CHRNA2	CHRNA2	9572	2024	7	1036	GCF_004115215.2
Ornithorhynchus anatinus	vertebrate	cav	CM014222.1:8613348-9173637+	gene-CACNA1A	CACNA1A	187571	41978	49	41978	GCF_004115215.2
Ornithorhynchus anatinus	vertebrate	trpm	CM014206.1:41777837-42105070-	gene-TRPM2	TRPM2	49277	6091	34	3611	GCF_004115215.2
Ornithorhynchus anatinus	vertebrate	cav	CM014206.1:70991905-72007054-	gene-CACNA1S	CACNA1S	63149	13602	44	13602	GCF_004115215.2
Ornithorhynchus anatinus	vertebrate	kir	CM014214.1:6156995-6158293+	gene-KCNJ2	KCNJ2	7826	5870	2	0	GCF_004115215.2
Ornithorhynchus anatinus	vertebrate	tweety	CM014214.1:8543236-9017822+	gene-TTYH2	TTYH2	30846	10869	14	203060	GCF_004115215.2
Ornithorhynchus anatinus	vertebrate	glyr	CM014214.1:22801840-23220265+	gene-GLRA2	GLRA2	54111	17952	7	18099	GCF_004115215.2
Ornithorhynchus anatinus	vertebrate	kir	CM014208.1:7693499-8073527+	gene-KCNJ3	KCNJ3	127287	125209	3	174491	GCF_004115215.2
Ornithorhynchus anatinus	vertebrate	nav	CM014208.1:13574043-14031707+	gene-LOC100077291	LOC100077291	90326	18811	27	15898	GCF_004115215.2
Ornithorhynchus anatinus	vertebrate	clic	CM014208.1:36176924-36519583+	gene-CLIC5	CLIC5	76903	46991	6	242817	GCF_004115215.2
Ornithorhynchus anatinus	vertebrate	kv_modifier	CM014207.1:5193367-5195865+	gene-KCNS1	KCNS1	3012	1233	2	1233	GCF_004115215.2
Ornithorhynchus anatinus	vertebrate	tmc	CM014207.1:34493827-35425289+	gene-TMC2	TMC2	67624	27620	22	4264	GCF_004115215.2
Ornithorhynchus anatinus	vertebrate	kv_eag	CM014207.1:42786805-43188968+	gene-KCNH8	KCNH8	256175	76068	18	76068	GCF_004115215.2
Ornithorhynchus anatinus	vertebrate	connexin	CM014215.1:830577-940114-	gene-GJA5	GJA5	876	0	1	31488	GCF_004115215.2
Ornithorhynchus anatinus	vertebrate	kca_slo	CM014215.1:17541789-18519114-	gene-KCNT2	KCNT2	397559	98551	30	56952	GCF_004115215.2
Ornithorhynchus anatinus	vertebrate	k2p	CM014218.1:10351075-10586198-	gene-KCNK2	KCNK2	136586	51875	7	113987	GCF_004115215.2
Ornithorhynchus anatinus	vertebrate	k2p	CM014218.1:15928836-16040249-	gene-KCNK5	KCNK5	54664	44005	5	60496	GCF_004115215.2
Ornithorhynchus anatinus	vertebrate	k2p	CM014218.1:16095406-16131981-	gene-KCNK16	KCNK16	10772	4088	6	23547	GCF_004115215.2
Ornithorhynchus anatinus	vertebrate	gabaa	CM014218.1:27970558-27979544-	gene-LOC100076186	LOC100076186	9632	2778	8	2778	GCF_004115215.2
Ornithorhynchus anatinus	vertebrate	gabaa	CM014218.1:28018540-28027527-	gene-LOC114805694	LOC114805694	16515	6036	10	2779	GCF_004115215.2
Ornithorhynchus anatinus	vertebrate	gabaa	CM014218.1:28045944-28055279-	gene-LOC100082926	LOC100082926	15506	5097	9	1608	GCF_004115215.2
Ornithorhynchus anatinus	vertebrate	glyr	CM014205.1:11355996-11368282-	gene-LOC100083010	LOC100083010	13828	3221	8	2496	GCF_004115215.2
Ornithorhynchus anatinus	vertebrate	gabaa	CM014205.1:12232061-12491637-	gene-GABRA3	GABRA3	150594	49887	10	87392	GCF_004115215.2
Ornithorhynchus anatinus	vertebrate	trpc	CM014205.1:41864563-42824567-	gene-TRPC5	TRPC5	173920	87378	11	30605	GCF_004115215.2
Ornithorhynchus anatinus	vertebrate	k2p	CM014218.1:926618-1390782+	gene-KCNK1	KCNK1	12547	9602	3	9602	GCF_004115215.2
Ornithorhynchus anatinus	vertebrate	ryr	CM014218.1:1800239-2031660+	gene-RYR2	RYR2	232928	42424	108	42424	GCF_004115215.2
Ornithorhynchus anatinus	vertebrate	osca_tmem63	CM014218.1:5385023-6157683+	gene-TMEM63A	TMEM63A	23124	3027	24	2222	GCF_004115215.2
Ornithorhynchus anatinus	vertebrate	kv_eag	CM014218.1:12698040-13178297+	gene-KCNH1	KCNH1	257772	93140	13	260416	GCF_004115215.2
Ornithorhynchus anatinus	vertebrate	osca_tmem63	CM014218.1:14760286-15251948+	gene-TMEM63B	TMEM63B	29559	7047	24	3117	GCF_004115215.2
Ornithorhynchus anatinus	vertebrate	kainate	CM014218.1:32048405-32380873+	gene-GRIK2	GRIK2	299192	107738	17	107738	GCF_004115215.2
Ornithorhynchus anatinus	vertebrate	trpv	CM014220.1:21207168-21719219+	gene-TRPV4	TRPV4	31557	10927	16	4204	GCF_004115215.2
Ornithorhynchus anatinus	vertebrate	trpc	CM014219.1:21663993-21695237+	gene-TRPC6	TRPC6	64162	32388	14	6081	GCF_004115215.2
Ornithorhynchus anatinus	vertebrate	nachr	CM014225.1:971502-975918-	gene-CHRNB2	CHRNB2	5874	1428	6	1428	GCF_004115215.2
Ornithorhynchus anatinus	vertebrate	tric	CM014225.1:21630480-21663006-	gene-TMEM38B	TMEM38B	34307	20320	7	20320	GCF_004115215.2
Ornithorhynchus anatinus	vertebrate	trpm	CM014225.1:57300003-58167742-	gene-TRPM3	TRPM3	213209	31115	25	99688	GCF_004115215.2
Ornithorhynchus anatinus	vertebrate	trpm	CM014225.1:60483524-60929736-	gene-TRPM6	TRPM6	143246	44954	39	11059	GCF_004115215.2
Ornithorhynchus anatinus	vertebrate	nmda	RZJT02000087.1:500695-507577-	gene-GRIN2C	GRIN2C	11239	1627	15	1149	GCF_004115215.2
Ornithorhynchus anatinus	vertebrate	otop	RZJT02000087.1:540383-544365+	gene-OTOP2	OTOP2	16623	12052	9	762	GCF_004115215.2
Ornithorhynchus anatinus	vertebrate	tmem175	CM014223.1:30803424-31208175+	gene-TMEM175	TMEM175	81178	14310	22	7515	GCF_004115215.2
Ornithorhynchus anatinus	vertebrate	gphr	r4_CM014215.1:849220-984155+	gene-GPR89B	GPR89B	12463	4654	14	4654	GCF_004115215.2
Ornithorhynchus anatinus	vertebrate	tmco1	r4_CM014215.1:2967901-3082483-	gene-TMCO1	TMCO1	8325	3002	8	3002	GCF_004115215.2
Ornithorhynchus anatinus	vertebrate	clcc1	r4_CM014203.1:82168355-82189049+	gene-CLCC1	CLCC1	30931	13130	13	4367	GCF_004115215.2
Ornithorhynchus anatinus	vertebrate	pacc	r4_CM014218.1:12047753-12064903+	gene-PACC1	PACC1	57550	37972	9	3845	GCF_004115215.2
Ornithorhynchus anatinus	vertebrate	mitok	r4_CM014221.1:86847548-87192321+	gene-CCDC51	CCDC51	26741	21888	4	1217	GCF_004115215.2
Ornithorhynchus anatinus	vertebrate	tmem87	r4_CM014204.1:3046486-3469678+	gene-LOC107548049	LOC107548049	12044	3724	20	1552	GCF_004115215.2
Ornithorhynchus anatinus	vertebrate	tmem87	r4_CM014212.1:39205622-39834840+	gene-TMEM87A	TMEM87A	22038	4068	20	4068	GCF_004115215.2
Ornithorhynchus anatinus	vertebrate	tmem109	r4_CM014202.1:17790053-17804740-	gene-TMEM109	TMEM109	14667	8150	5	4189	GCF_004115215.2
Monodelphis domestica	vertebrate	kainate	CM000371.1:3437479-3959539-	gene-GRIK1	GRIK1	115153	31142	17	15402	GCF_000002295.2
Monodelphis domestica	vertebrate	kir	CM000371.1:4135929-4137026-	gene-KCNJ15	KCNJ15	43220	41383	4	0	GCF_000002295.2
Monodelphis domestica	vertebrate	clic	CM000371.1:12720537-12852935-	gene-CLIC6	CLIC6	84190	75857	6	75857	GCF_000002295.2
Monodelphis domestica	vertebrate	kv_eag	CM000371.1:168387948-169138607-	gene-KCNH7	KCNH7	627641	426137	16	426137	GCF_000002295.2
Monodelphis domestica	vertebrate	nav	CM000371.1:173109015-173511981-	gene-SCN3A	SCN3A	152678	38155	28	18499	GCF_000002295.2
Monodelphis domestica	vertebrate	nav	CM000371.1:174056557-175397952-	gene-SCN1A	SCN1A	253310	117779	31	28741	GCF_000002295.2
Monodelphis domestica	vertebrate	kainate	CM000371.1:227720807-228021317-	gene-GRIK4	GRIK4	687492	185313	23	92455	GCF_000002295.2
Monodelphis domestica	vertebrate	ht3	CM000371.1:238277520-238289110-	gene-HTR3A	HTR3A	12724	3079	9	3079	GCF_000002295.2
Monodelphis domestica	vertebrate	ampa	CM000371.1:248751848-249361873-	gene-GRIA4	GRIA4	612057	316615	18	316615	GCF_000002295.2
Monodelphis domestica	vertebrate	trpc	CM000371.1:257672610-257750062-	gene-TRPC6	TRPC6	151711	73663	12	25044	GCF_000002295.2
Monodelphis domestica	vertebrate	pannexin	CM000371.1:265002762-265064611-	gene-PANX1	PANX1	68567	38558	5	38558	GCF_000002295.2
Monodelphis domestica	vertebrate	connexin	CM000371.1:289097245-289098633-	gene-GJA3	GJA3	37557	35492	3	0	GCF_000002295.2
Monodelphis domestica	vertebrate	trpc	CM000371.1:310825699-311524665-	gene-TRPC4	TRPC4	278191	87857	12	87857	GCF_000002295.2
Monodelphis domestica	vertebrate	kv_shaker	CM000371.1:412865899-413115392-	gene-KCNA7	KCNA7	5557	1111	2	1141	GCF_000002295.2
Monodelphis domestica	vertebrate	kainate	CM000371.1:420044891-420653998-	gene-GRIK3	GRIK3	338225	179909	16	179909	GCF_000002295.2
Monodelphis domestica	vertebrate	nachr	CM000368.1:8667881-8900012+	gene-CHRNA3	CHRNA3	23322	7859	6	14773	GCF_000002295.2
Monodelphis domestica	vertebrate	delta_glur	CM000368.1:11063984-12188602+	gene-GRID1	GRID1	1125381	375491	16	375491	GCF_000002295.2
Monodelphis domestica	vertebrate	trpp	CM000368.1:15042794-15934880+	gene-PKD2L1	PKD2L1	22694	5008	14	5008	GCF_000002295.2
Monodelphis domestica	vertebrate	mcu	CM000368.1:49528897-49772730+	gene-MCU	MCU	168811	133394	8	133394	GCF_000002295.2
Monodelphis domestica	vertebrate	vdac	CM000368.1:51629371-52091937+	gene-VDAC2	VDAC2	24165	11467	10	11467	GCF_000002295.2
Monodelphis domestica	vertebrate	calhm	CM000368.1:108591215-108594329+	gene-CALHM1	CALHM1	3355	2086	2	2086	GCF_000002295.2
Monodelphis domestica	vertebrate	calhm	CM000368.1:108608979-108613061+	gene-CALHM2	CALHM2	7813	3111	3	3111	GCF_000002295.2
Monodelphis domestica	vertebrate	tmc	CM000368.1:116537353-117525157+	gene-TMC3	TMC3	67181	11869	22	211684	GCF_000002295.2
Monodelphis domestica	vertebrate	k2p	CM000368.1:228049208-228280584+	gene-KCNK10	KCNK10	202838	69957	7	64941	GCF_000002295.2
Monodelphis domestica	vertebrate	vdac	CM000368.1:303005367-303357593+	gene-VDAC1	VDAC1	38489	17004	9	331705	GCF_000002295.2
Monodelphis domestica	vertebrate	trpp	CM000368.1:328270155-329236676+	gene-PKD2L2	PKD2L2	38219	11318	15	280510	GCF_000002295.2
Monodelphis domestica	vertebrate	ampa	CM000368.1:347432754-348339485+	gene-GRIA1	GRIA1	412330	171617	16	171617	GCF_000002295.2
Monodelphis domestica	vertebrate	gabaa	CM000368.1:357571291-357636370+	gene-GABRA6	GABRA6	65716	53934	9	38480	GCF_000002295.2
Monodelphis domestica	vertebrate	gabaa	CM000368.1:358348891-358493015+	gene-GABRG2	GABRG2	146004	128089	10	128089	GCF_000002295.2
Monodelphis domestica	vertebrate	lrrc8	CM000368.1:454717826-454730295+	gene-LRRC8A	LRRC8A	41226	21831	5	10052	GCF_000002295.2
Monodelphis domestica	vertebrate	cav	CM000368.1:471458630-472138934+	gene-CACNA1B	CACNA1B	266041	63767	46	63767	GCF_000002295.2
Monodelphis domestica	vertebrate	kv_kcnq	CM000368.1:473476764-474388455+	gene-KCNQ2	KCNQ2	169524	89599	17	89599	GCF_000002295.2
Monodelphis domestica	vertebrate	piezo	CM000368.1:483701616-484357372+	gene-LOC100027145	LOC100027145	76792	4937	40	9505	GCF_000002295.2
Monodelphis domestica	vertebrate	kv_modifier	CM000368.1:494118243-494761299+	gene-KCNG1	KCNG1	20413	14222	3	4182	GCF_000002295.2
Monodelphis domestica	vertebrate	k2p	CM000368.1:500521936-500687328+	gene-KCNK15	KCNK15	4628	2343	2	2343	GCF_000002295.2
Monodelphis domestica	vertebrate	nachr	CM000368.1:504367949-504382053+	gene-CHRNA2	CHRNA2	79280	62877	8	6121	GCF_000002295.2
Monodelphis domestica	vertebrate	k2p	CM000368.1:507724620-508103767+	gene-KCNK3	KCNK3	61327	56531	2	56531	GCF_000002295.2
Monodelphis domestica	vertebrate	vdac	CM000368.1:577936119-577948497+	gene-VDAC3	VDAC3	18738	3861	11	3613	GCF_000002295.2
Monodelphis domestica	vertebrate	nachr	CM000368.1:578293219-578327824+	gene-CHRNB3	CHRNB3	54412	22419	6	22419	GCF_000002295.2
Monodelphis domestica	vertebrate	k2p	CM000368.1:649943710-650000145+	gene-KCNK12	KCNK12	66188	55209	3	55209	GCF_000002295.2
Monodelphis domestica	vertebrate	kv_modifier	CM000368.1:728338497-728339975+	gene-KCNS3	KCNS3	31846	21443	3	0	GCF_000002295.2
Monodelphis domestica	vertebrate	kir	CM000371.1:4402814-4478726+	gene-KCNJ6	KCNJ6	192226	74770	7	74770	GCF_000002295.2
Monodelphis domestica	vertebrate	kir	CM000371.1:158403556-158641262+	gene-KCNJ3	KCNJ3	247948	236714	4	225108	GCF_000002295.2
Monodelphis domestica	vertebrate	nav	CM000371.1:173633420-173744422+	gene-SCN2A	SCN2A	147322	39063	28	11773	GCF_000002295.2
Monodelphis domestica	vertebrate	pannexin	CM000371.1:271637321-271643566+	gene-PANX3	PANX3	7341	2315	4	2315	GCF_000002295.2
Monodelphis domestica	vertebrate	kir	CM000371.1:278621304-279055749+	gene-KCNJ5	KCNJ5	48346	40625	4	147475	GCF_000002295.2
Monodelphis domestica	vertebrate	clic	CM000371.1:361102511-361532497+	gene-CLIC4	CLIC4	48074	17569	6	17569	GCF_000002295.2
Monodelphis domestica	vertebrate	catsper	CM000371.1:363547597-363565724+	gene-CATSPER4	CATSPER4	21121	6461	11	6040	GCF_000002295.2
Monodelphis domestica	vertebrate	ano_scramblase	CM000371.1:374608769-375658628+	gene-ANO7P1	ANO7P1	21995	3524	23	3524	GCF_000002295.2
Monodelphis domestica	vertebrate	ryr	CM000371.1:382330481-382668932+	gene-RYR1	RYR1	91533	6441	94	5604	GCF_000002295.2
Monodelphis domestica	vertebrate	enac	CM000371.1:389423129-389583202+	gene-SCNN1D	SCNN1D	7756	2006	12	152980	GCF_000002295.2
Monodelphis domestica	vertebrate	tweety	CM000371.1:406134131-406140782+	gene-TTYH1	TTYH1	7335	1305	14	1305	GCF_000002295.2
Monodelphis domestica	vertebrate	cng	CM000371.1:413830906-414870226+	gene-CNGA4	CNGA4	11478	3658	7	423878	GCF_000002295.2
Monodelphis domestica	vertebrate	connexin	CM000371.1:417636568-417637620+	gene-GJA4	GJA4	3886	1702	2	0	GCF_000002295.2
Monodelphis domestica	vertebrate	kv_kcnq	CM000371.1:424400763-425173898+	gene-KCNQ4	KCNQ4	74925	45198	14	208398	GCF_000002295.2
Monodelphis domestica	vertebrate	piezo	CM000370.1:278183186-278743747-	gene-PIEZO2	PIEZO2	544710	116290	56	116290	GCF_000002295.2
Monodelphis domestica	vertebrate	k2p	CM000370.1:421401219-421948131-	gene-KCNK9	KCNK9	193378	190599	2	190599	GCF_000002295.2
Monodelphis domestica	vertebrate	bestrophin	CM000370.1:428786377-429651975-	gene-BEST2	BEST2	3575	569	8	358	GCF_000002295.2
Monodelphis domestica	vertebrate	hcn	CM000370.1:459080996-460037069-	gene-HCN2	HCN2	21474	8838	9	225910	GCF_000002295.2
Monodelphis domestica	vertebrate	lrrc8	CM000370.1:462784386-462787227-	gene-LRRC8E	LRRC8E	9817	5593	4	478	GCF_000002295.2
Monodelphis domestica	vertebrate	trpml	CM000370.1:463224724-463500863-	gene-MCOLN1	MCOLN1	17694	9029	14	1863	GCF_000002295.2
Monodelphis domestica	vertebrate	ano_scramblase	CM000370.1:481207362-481218233-	gene-ANO8	ANO8	14755	2684	16	2684	GCF_000002295.2
Monodelphis domestica	vertebrate	tpc	CM000370.1:495919144-495975600-	gene-TPCN1	TPCN1	60303	22735	28	22735	GCF_000002295.2
Monodelphis domestica	vertebrate	bestrophin	CM000369.1:9651126-10103131+	gene-BEST4	BEST4	7718	1603	10	122851	GCF_000002295.2
Monodelphis domestica	vertebrate	trpml	CM000369.1:42794761-43600143+	gene-MCOLN3	MCOLN3	55289	14527	13	14527	GCF_000002295.2
Monodelphis domestica	vertebrate	cav	CM000369.1:75821961-76673434+	gene-CACNA1E	CACNA1E	761257	229809	49	205859	GCF_000002295.2
Monodelphis domestica	vertebrate	k2p	CM000369.1:124064928-124277585+	gene-KCNK2	KCNK2	283451	120356	8	58191	GCF_000002295.2
Monodelphis domestica	vertebrate	kir	CM000369.1:165838494-165839504+	gene-KCNJ10	KCNJ10	26064	20205	2	0	GCF_000002295.2
Monodelphis domestica	vertebrate	nachr	CM000369.1:188242577-189014244+	gene-CHRNB2	CHRNB2	22570	8840	6	8840	GCF_000002295.2
Monodelphis domestica	vertebrate	hcn	CM000369.1:189511527-190380298+	gene-HCN3	HCN3	10444	2304	9	406846	GCF_000002295.2
Monodelphis domestica	vertebrate	kv_eag	CM000369.1:210699624-211126883+	gene-KCNH6	KCNH6	51278	10668	15	380201	GCF_000002295.2
Monodelphis domestica	vertebrate	nmda	CM000369.1:214419400-215239533+	gene-GRIN2C	GRIN2C	35799	14837	12	8830	GCF_000002295.2
Monodelphis domestica	vertebrate	itpr	CM000369.1:271270161-271743150+	gene-ITPR3	ITPR3	147444	30527	56	326760	GCF_000002295.2
Monodelphis domestica	vertebrate	osca_tmem63	CM000369.1:288716699-289202157+	gene-TMEM63B	TMEM63B	35732	13332	24	13332	GCF_000002295.2
Monodelphis domestica	vertebrate	kv_kcnq	CM000369.1:324556716-325596894+	gene-KCNQ5	KCNQ5	704504	449706	16	206242	GCF_000002295.2
Monodelphis domestica	vertebrate	connexin	CM000369.1:347442312-347443100+	gene-GJA10	GJA10	6554	4252	2	0	GCF_000002295.2
Monodelphis domestica	vertebrate	kainate	CM000369.1:363710925-364527253+	gene-GRIK2	GRIK2	823858	259632	17	259632	GCF_000002295.2
Monodelphis domestica	vertebrate	calhm	CM000369.1:384574354-384669289+	gene-FAM26E	FAM26E	11933	10216	2	10216	GCF_000002295.2
Monodelphis domestica	vertebrate	connexin	CM000369.1:391690044-391691219+	gene-GJA1	GJA1	17266	15816	2	0	GCF_000002295.2
Monodelphis domestica	vertebrate	connexin	CM000369.1:494061127-494289889+	gene-GJA8	GJA8	14553	13083	2	186257	GCF_000002295.2
Monodelphis domestica	vertebrate	asic	CM000369.1:501124904-503255344+	gene-ASIC2	ASIC2	395439	253770	10	1463096	GCF_000002295.2
Monodelphis domestica	vertebrate	trpv	CM000369.1:519999242-520520458+	gene-TRPV2	TRPV2	45335	9845	17	320461	GCF_000002295.2
Monodelphis domestica	vertebrate	orai	CM000369.1:528329794-528911197+	gene-ORAI2	ORAI2	7512	3998	4	3831	GCF_000002295.2
Monodelphis domestica	vertebrate	ht3	CM000369.1:537699724-537709118+	gene-LOC100022664	LOC100022664	9616	3297	9	3297	GCF_000002295.2
Monodelphis domestica	vertebrate	ht3	CM000369.1:537719541-537729641+	gene-LOC100022690	LOC100022690	10101	5389	9	5392	GCF_000002295.2
Monodelphis domestica	vertebrate	ht3	CM000369.1:537738106-537748693+	gene-LOC100022714	LOC100022714	11781	5232	8	5232	GCF_000002295.2
Monodelphis domestica	vertebrate	nachr	CM000368.1:8905125-9324294-	gene-CHRNA5	CHRNA5	21825	5916	6	5516	GCF_000002295.2
Monodelphis domestica	vertebrate	hcn	CM000368.1:19810941-20719665-	gene-HCN4	HCN4	133609	57371	10	57371	GCF_000002295.2
Monodelphis domestica	vertebrate	kca_slo	CM000368.1:53795468-55004332-	gene-KCNMA1	KCNMA1	888329	203775	33	203775	GCF_000002295.2
Monodelphis domestica	vertebrate	trpm	CM000368.1:142187035-142919132-	gene-TRPM1	TRPM1	198358	98751	27	22830	GCF_000002295.2
Monodelphis domestica	vertebrate	nachr	CM000368.1:160970548-161344112-	gene-LOC100027128	LOC100027128	209967	114010	10	114010	GCF_000002295.2
Monodelphis domestica	vertebrate	trpm	CM000368.1:180791981-181655880-	gene-TRPM7	TRPM7	166483	55741	40	11121	GCF_000002295.2
Monodelphis domestica	vertebrate	ryr	CM000368.1:187415527-188200656-	gene-RYR3	RYR3	786139	240205	105	240205	GCF_000002295.2
Monodelphis domestica	vertebrate	connexin	CM000368.1:189482337-189484330-	gene-GJD2	GJD2	4403	1099	5	1099	GCF_000002295.2
Monodelphis domestica	vertebrate	catsper	CM000368.1:201670545-201680705-	gene-CATSPER2	CATSPER2	13592	3190	14	3190	GCF_000002295.2
Monodelphis domestica	vertebrate	k2p	CM000368.1:225573804-225804852-	gene-KCNK13	KCNK13	233699	229822	3	229822	GCF_000002295.2
Monodelphis domestica	vertebrate	osca_tmem63	CM000368.1:245220527-245640021-	gene-TMEM63C	TMEM63C	118083	47661	25	285914	GCF_000002295.2
Monodelphis domestica	vertebrate	kv_eag	CM000368.1:264885819-265424221-	gene-KCNH5	KCNH5	538498	169569	11	169569	GCF_000002295.2
Monodelphis domestica	vertebrate	trpc	CM000368.1:292506366-292926503-	gene-LOC100012798	LOC100012798	279417	97163	10	140763	GCF_000002295.2
Monodelphis domestica	vertebrate	glyr	CM000368.1:345918149-346371412-	gene-GLRA1	GLRA1	102700	36448	9	36448	GCF_000002295.2
Monodelphis domestica	vertebrate	gabaa	CM000368.1:357054250-357330518-	gene-GABRB2	GABRB2	282120	78535	10	78535	GCF_000002295.2
Monodelphis domestica	vertebrate	kca_slo	CM000368.1:466917331-466995374-	gene-KCNT1	KCNT1	262813	123244	32	11915	GCF_000002295.2
Monodelphis domestica	vertebrate	nmda	CM000368.1:470202491-470630292-	gene-GRIN1	GRIN1	41124	7217	22	7217	GCF_000002295.2
Monodelphis domestica	vertebrate	nachr	CM000368.1:578335955-578591260-	gene-CHRNA6	CHRNA6	25187	14801	7	6034	GCF_000002295.2
Monodelphis domestica	vertebrate	kv_modifier	CM000368.1:687691197-688086839-	gene-KCNG4	KCNG4	35325	33721	2	33721	GCF_000002295.2
Monodelphis domestica	vertebrate	piezo	CM000368.1:695726947-696159012-	gene-PIEZO1	PIEZO1	179701	80206	51	80206	GCF_000002295.2
Monodelphis domestica	vertebrate	lrrc8	CM000369.1:14738898-14741453-	gene-LRRC8D	LRRC8D	161222	106800	3	0	GCF_000002295.2
Monodelphis domestica	vertebrate	lrrc8	CM000369.1:15049257-15083686-	gene-LRRC8C	LRRC8C	121844	81937	3	31994	GCF_000002295.2
Monodelphis domestica	vertebrate	kca_slo	CM000369.1:96286580-96616748-	gene-KCNT2	KCNT2	514941	169890	28	101965	GCF_000002295.2
Monodelphis domestica	vertebrate	cav	CM000369.1:103995777-105028466-	gene-CACNA1S	CACNA1S	106331	19416	44	131951	GCF_000002295.2
Monodelphis domestica	vertebrate	kv_eag	CM000369.1:118309145-119044361-	gene-KCNH1	KCNH1	578008	189407	11	189407	GCF_000002295.2
Monodelphis domestica	vertebrate	osca_tmem63	CM000369.1:137170819-138160580-	gene-TMEM63A	TMEM63A	47662	8863	24	423299	GCF_000002295.2
Monodelphis domestica	vertebrate	ryr	CM000369.1:151319328-152474475-	gene-RYR2	RYR2	539441	51112	108	220770	GCF_000002295.2
Monodelphis domestica	vertebrate	k2p	CM000369.1:157093186-157150922-	gene-KCNK1	KCNK1	61759	53060	3	53060	GCF_000002295.2
Monodelphis domestica	vertebrate	kir	CM000369.1:165549522-165779808-	gene-KCNJ9	KCNJ9	10609	8522	2	220565	GCF_000002295.2
Monodelphis domestica	vertebrate	kca_sk	CM000369.1:188664374-189624479-	gene-KCNN3	KCNN3	312058	112550	8	112550	GCF_000002295.2
Monodelphis domestica	vertebrate	connexin	CM000369.1:204978499-204979326-	gene-GJC1	GJC1	43843	35267	4	0	GCF_000002295.2
Monodelphis domestica	vertebrate	zac	CM000369.1:212650025-213056441-	gene-ZACN	ZACN	9265	1830	8	2350	GCF_000002295.2
Monodelphis domestica	vertebrate	otop	CM000369.1:214568792-214593019-	gene-OTOP3	OTOP3	11658	3065	7	19121	GCF_000002295.2
Monodelphis domestica	vertebrate	tweety	CM000369.1:215458977-215552792-	gene-TTYH2	TTYH2	94392	29001	14	29001	GCF_000002295.2
Monodelphis domestica	vertebrate	kir	CM000369.1:222052174-222053472-	gene-KCNJ2	KCNJ2	10980	5420	2	0	GCF_000002295.2
Monodelphis domestica	vertebrate	kir	CM000369.1:222107535-222108503-	gene-KCNJ16	KCNJ16	166024	162392	4	0	GCF_000002295.2
Monodelphis domestica	vertebrate	clic	CM000369.1:267897897-268397294-	gene-CLIC1	CLIC1	5991	2679	6	2679	GCF_000002295.2
Monodelphis domestica	vertebrate	k2p	CM000369.1:280374860-280382198-	gene-KCNK16	KCNK16	11214	5860	5	5860	GCF_000002295.2
Monodelphis domestica	vertebrate	clic	CM000369.1:291490295-291851081-	gene-CLIC5	CLIC5	248247	140844	7	140844	GCF_000002295.2
Monodelphis domestica	vertebrate	gabaa	CM000369.1:346436897-346464509-	gene-GABRR1	GABRR1	75167	23638	10	13111	GCF_000002295.2
Monodelphis domestica	vertebrate	gabaa	CM000369.1:346573464-346613316-	gene-LOC100025711	LOC100025711	51692	14399	9	14399	GCF_000002295.2
Monodelphis domestica	vertebrate	calhm	CM000369.1:384624712-384626878-	gene-LOC100029911	LOC100029911	2519	1282	2	1282	GCF_000002295.2
Monodelphis domestica	vertebrate	kv_shaker	CM000369.1:479701524-480822999-	gene-KCNA2	KCNA2	5192	484	2	0	GCF_000002295.2
Monodelphis domestica	vertebrate	kv_shaker	CM000369.1:481326513-482220920-	gene-KCND3	KCND3	360524	312875	8	402229	GCF_000002295.2
Monodelphis domestica	vertebrate	connexin	CM000369.1:493540126-493814225-	gene-GJA5	GJA5	29384	26239	2	234320	GCF_000002295.2
Monodelphis domestica	vertebrate	connexin	CM000369.1:507253435-507254196-	gene-LOC100025691	LOC100025691	1041	0	1	0	GCF_000002295.2
Monodelphis domestica	vertebrate	clc_channel	CM000369.1:539804183-540775010-	gene-CLCN2	CLCN2	15953	2409	24	2409	GCF_000002295.2
Monodelphis domestica	vertebrate	kca_sk	CM000370.1:55121246-55816449+	gene-KCNN2	KCNN2	199976	117433	9	117433	GCF_000002295.2
Monodelphis domestica	vertebrate	trpa	CM000370.1:164146234-164678927+	gene-TRPA1	TRPA1	69933	9929	28	9929	GCF_000002295.2
Monodelphis domestica	vertebrate	hcn	CM000370.1:227514126-228935151+	gene-HCN1	HCN1	592243	222786	8	222786	GCF_000002295.2
Monodelphis domestica	vertebrate	kv_modifier	CM000370.1:311075656-311512594+	gene-KCNG2	KCNG2	170021	89132	4	91546	GCF_000002295.2
Monodelphis domestica	vertebrate	kv_modifier	CM000370.1:363105729-363107162+	gene-KCNS2	KCNS2	4865	982	2	0	GCF_000002295.2
Monodelphis domestica	vertebrate	cav	CM000370.1:446915346-447600936+	gene-CACNA1A	CACNA1A	263595	71514	51	80701	GCF_000002295.2
Monodelphis domestica	vertebrate	p2x	CM000370.1:463905040-463911645+	gene-P2RX2	P2RX2	9964	2617	12	1605	GCF_000002295.2
Monodelphis domestica	vertebrate	kca_sk	CM000370.1:476260442-477129880+	gene-KCNN1	KCNN1	27171	8987	10	180899	GCF_000002295.2
Monodelphis domestica	vertebrate	tric	CM000370.1:480103803-480126571+	gene-TMEM38A	TMEM38A	34468	14825	6	13956	GCF_000002295.2
Monodelphis domestica	vertebrate	hv1	CM000370.1:483923592-483946067+	gene-HVCN1	HVCN1	49080	13925	7	9822	GCF_000002295.2
Monodelphis domestica	vertebrate	p2x	CM000370.1:484466636-484845190+	gene-P2RX4	P2RX4	34729	9894	11	9894	GCF_000002295.2
Monodelphis domestica	vertebrate	orai	CM000370.1:485028945-485262117+	gene-ORAI1	ORAI1	21665	19656	2	19656	GCF_000002295.2
Monodelphis domestica	vertebrate	trpv	CM000370.1:511841660-511923909+	gene-TRPV4	TRPV4	62088	30375	13	13982	GCF_000002295.2
Monodelphis domestica	vertebrate	delta_glur	CM000372.1:29346572-31351612-	gene-GRID2	GRID2	1915375	560242	16	560242	GCF_000002295.2
Monodelphis domestica	vertebrate	trpp	CM000372.1:53285277-53490356-	gene-PKD2	PKD2	68628	23768	15	15250	GCF_000002295.2
Monodelphis domestica	vertebrate	ampa	CM000372.1:118481167-118930197-	gene-GRIA2	GRIA2	184815	90312	17	90312	GCF_000002295.2
Monodelphis domestica	vertebrate	gabaa	CM000372.1:175676938-176137951-	gene-GABRB1	GABRB1	462321	229028	9	229028	GCF_000002295.2
Monodelphis domestica	vertebrate	nachr	CM000372.1:183661125-184386185-	gene-CHRNA9	CHRNA9	30978	21862	6	132742	GCF_000002295.2
Monodelphis domestica	vertebrate	tmem175	CM000372.1:238963900-239270819-	gene-TMEM175	TMEM175	43975	10875	11	10875	GCF_000002295.2
Monodelphis domestica	vertebrate	kv_shaker	CM000372.1:265234453-265846979-	gene-KCNA4	KCNA4	8400	4071	3	0	GCF_000002295.2
Monodelphis domestica	vertebrate	clic	CM000376.1:4708572-5069297+	gene-CLIC2	CLIC2	35177	22586	6	21472	GCF_000002295.2
Monodelphis domestica	vertebrate	ampa	CM000376.1:16723088-17241358+	gene-GRIA3	GRIA3	273882	82202	15	82202	GCF_000002295.2
Monodelphis domestica	vertebrate	cng	CM000376.1:40615980-41568493+	gene-LOC100026102	LOC100026102	3784	1249	3	2580	GCF_000002295.2
Monodelphis domestica	vertebrate	gabaa	CM000376.1:41648274-41907854+	gene-GABRQ	GABRQ	65442	25276	10	25276	GCF_000002295.2
Monodelphis domestica	vertebrate	glyr	CM000376.1:78738618-78759231+	gene-GLRA4	GLRA4	26385	11130	9	6390	GCF_000002295.2
Monodelphis domestica	vertebrate	bestrophin	CM000375.1:36641606-37021316-	gene-BEST3	BEST3	46063	16131	10	16131	GCF_000002295.2
Monodelphis domestica	vertebrate	kv_shaker	CM000375.1:43752678-44036148-	gene-KCNC2	KCNC2	298295	282058	6	282058	GCF_000002295.2
Monodelphis domestica	vertebrate	ano_channel	CM000375.1:106511482-107205468-	gene-ANO2	ANO2	568734	104715	26	116294	GCF_000002295.2
Monodelphis domestica	vertebrate	enac	CM000375.1:107710537-107733180-	gene-SCNN1A	SCNN1A	127086	98525	15	5844	GCF_000002295.2
Monodelphis domestica	vertebrate	itpr	CM000375.1:126097546-126634978-	gene-ITPR2	ITPR2	541015	86447	57	86447	GCF_000002295.2
Monodelphis domestica	vertebrate	trpv	CM000375.1:205496588-205517371-	gene-TRPV6	TRPV6	21527	13850	15	13850	GCF_000002295.2
Monodelphis domestica	vertebrate	trpv	CM000375.1:205565049-205584736-	gene-LOC100011049	LOC100011049	20752	4045	15	4045	GCF_000002295.2
Monodelphis domestica	vertebrate	kv_eag	CM000375.1:214989389-215535476-	gene-KCNH2	KCNH2	56711	25183	15	25183	GCF_000002295.2
Monodelphis domestica	vertebrate	connexin	CM000375.1:236953722-236954429-	gene-GJD4	GJD4	4017	1634	2	0	GCF_000002295.2
Monodelphis domestica	vertebrate	tmc	CM000375.1:265908957-266840911-	gene-TMC2	TMC2	83197	14868	20	77865	GCF_000002295.2
Monodelphis domestica	vertebrate	ano_channel	DS029347.1:18454-386618-	gene-ANO1	ANO1	158567	78710	25	13585	GCF_000002295.2
Monodelphis domestica	vertebrate	pannexin	CM000375.1:14759078-14776885+	gene-PANX2	PANX2	19438	9396	3	9396	GCF_000002295.2
Monodelphis domestica	vertebrate	ano_scramblase	CM000375.1:78231372-78840555+	gene-ANO4	ANO4	473282	198854	30	45376	GCF_000002295.2
Monodelphis domestica	vertebrate	kir	CM000375.1:97213054-97219204+	gene-KCNJ8	KCNJ8	9405	5128	3	5128	GCF_000002295.2
Monodelphis domestica	vertebrate	kv_shaker	CM000375.1:105261887-105298335+	gene-KCNA6	KCNA6	4136	0	1	120	GCF_000002295.2
Monodelphis domestica	vertebrate	kv_shaker	CM000375.1:105308130-105431062+	gene-KCNA1	KCNA1	8681	494	2	0	GCF_000002295.2
Monodelphis domestica	vertebrate	kv_shaker	CM000375.1:105614631-105962111+	gene-KCNA5	KCNA5	3438	0	1	69	GCF_000002295.2
Monodelphis domestica	vertebrate	nmda	CM000375.1:109593497-110800456+	gene-GRIN2B	GRIN2B	463840	187915	14	187915	GCF_000002295.2
Monodelphis domestica	vertebrate	cav	CM000375.1:119093854-120318332+	gene-CACNA1C	CACNA1C	996004	408137	49	408137	GCF_000002295.2
Monodelphis domestica	vertebrate	cftr	CM000375.1:173125850-173327898+	gene-CFTR	CFTR	204606	31952	28	31952	GCF_000002295.2
Monodelphis domestica	vertebrate	kv_shaker	CM000375.1:177272258-178065045+	gene-KCND2	KCND2	603805	571204	7	571204	GCF_000002295.2
Monodelphis domestica	vertebrate	clc_channel	CM000375.1:205863439-206671447+	gene-CLCN1	CLCN1	36291	8823	23	8823	GCF_000002295.2
Monodelphis domestica	vertebrate	asic	CM000375.1:215622490-215626087+	gene-ASIC3	ASIC3	7443	2610	10	890	GCF_000002295.2
Monodelphis domestica	vertebrate	p2x	CM000375.1:236239282-236240424+	gene-LOC100022424	LOC100022424	1146	0	1	0	GCF_000002295.2
Monodelphis domestica	vertebrate	kv_eag	CM000375.1:279448019-280245511+	gene-KCNH8	KCNH8	390506	113041	16	348493	GCF_000002295.2
Monodelphis domestica	vertebrate	trpc	CM000372.1:7773574-8146390+	gene-TRPC3	TRPC3	108052	27051	12	27051	GCF_000002295.2
Monodelphis domestica	vertebrate	mcu	CM000372.1:61988844-62414535+	gene-CCDC109B	CCDC109B	88244	72566	8	3907	GCF_000002295.2
Monodelphis domestica	vertebrate	glyr	CM000372.1:94082360-94377701+	gene-GLRA3	GLRA3	296073	127200	9	127200	GCF_000002295.2
Monodelphis domestica	vertebrate	cng	CM000372.1:174776779-175207548+	gene-CNGA1	CNGA1	17613	3950	8	3950	GCF_000002295.2
Monodelphis domestica	vertebrate	gabaa	CM000372.1:176210266-176313603+	gene-GABRA4	GABRA4	104625	56395	10	56395	GCF_000002295.2
Monodelphis domestica	vertebrate	gabaa	CM000372.1:177029676-177562140+	gene-GABRG1	GABRG1	115647	29987	9	28065	GCF_000002295.2
Monodelphis domestica	vertebrate	kir	CM000372.1:244145303-244146295+	gene-KCNJ11	KCNJ11	2703	0	1	0	GCF_000002295.2
Monodelphis domestica	vertebrate	ano_scramblase	CM000372.1:257831605-258214864+	gene-ANO5	ANO5	142846	59132	23	9028	GCF_000002295.2
Monodelphis domestica	vertebrate	ano_scramblase	CM000372.1:261045819-261565823+	gene-ANO3	ANO3	618554	382680	27	88563	GCF_000002295.2
Monodelphis domestica	vertebrate	p2x	CM000372.1:291469167-291522861+	gene-P2RX3	P2RX3	54963	20976	12	20976	GCF_000002295.2
Monodelphis domestica	vertebrate	bestrophin	CM000372.1:299841034-300312052+	gene-BEST1	BEST1	14305	5381	8	220971	GCF_000002295.2
Monodelphis domestica	vertebrate	gabaa	CM000374.1:56491016-57095893+	gene-GABRB3	GABRB3	261935	184210	9	184210	GCF_000002295.2
Monodelphis domestica	vertebrate	nalcn	CM000374.1:95411032-96220930+	gene-NALCN	NALCN	519213	81473	44	81473	GCF_000002295.2
Monodelphis domestica	vertebrate	ano_scramblase	CM000374.1:251278406-252200666+	gene-ANO7	ANO7	78096	15935	28	15935	GCF_000002295.2
Monodelphis domestica	vertebrate	asic	AAFR03067595.1:12431-17588-	gene-LOC100016248	LOC100016248	5995	1287	8	1287	GCF_000002295.2
Monodelphis domestica	vertebrate	tmc	CM000373.1:58317108-58747721-	gene-TMC7	TMC7	74279	16485	16	389727	GCF_000002295.2
Monodelphis domestica	vertebrate	tweety	CM000373.1:77453880-77826153-	gene-TTYH3	TTYH3	197591	109970	14	109970	GCF_000002295.2
Monodelphis domestica	vertebrate	kir	CM000373.1:83830079-83831524-	gene-KCNJ12	KCNJ12	14346	4794	2	0	GCF_000002295.2
Monodelphis domestica	vertebrate	tmc	CM000373.1:92821526-93745795-	gene-TMC1	TMC1	167306	31814	21	47827	GCF_000002295.2
Monodelphis domestica	vertebrate	enac	CM000373.1:120530532-120573391-	gene-SCNN1B	SCNN1B	91635	48176	13	10507	GCF_000002295.2
Monodelphis domestica	vertebrate	enac	CM000373.1:120758238-120779402-	gene-SCNN1G	SCNN1G	28470	6142	13	5128	GCF_000002295.2
Monodelphis domestica	vertebrate	connexin	CM000373.1:147415677-147416327-	gene-LOC100017233	LOC100017233	2638	723	3	0	GCF_000002295.2
Monodelphis domestica	vertebrate	cav	CM000373.1:281396866-283440020-	gene-CACNA1D	CACNA1D	342969	155828	41	155828	GCF_000002295.2
Monodelphis domestica	vertebrate	nav	CM000373.1:287667682-288896542-	gene-SCN10A	SCN10A	110581	16402	28	15133	GCF_000002295.2
Monodelphis domestica	vertebrate	orai	CM000373.1:85657420-86080081+	gene-ORAI3	ORAI3	4651	1674	2	1674	GCF_000002295.2
Monodelphis domestica	vertebrate	trpm	CM000373.1:88891564-89691323+	gene-TRPM6	TRPM6	256000	76376	39	17250	GCF_000002295.2
Monodelphis domestica	vertebrate	trpm	CM000373.1:95765201-96539978+	gene-TRPM3	TRPM3	1168467	801144	26	191511	GCF_000002295.2
Monodelphis domestica	vertebrate	kv_modifier	CM000373.1:102079171-102090071+	gene-KCNV2	KCNV2	11949	9602	2	9602	GCF_000002295.2
Monodelphis domestica	vertebrate	nmda	CM000373.1:111060096-112531412+	gene-GRIN2A	GRIN2A	520053	301731	16	301731	GCF_000002295.2
Monodelphis domestica	vertebrate	connexin	CM000373.1:147388590-147873824+	gene-LOC100017183	LOC100017183	3717	1360	4	302426	GCF_000002295.2
Monodelphis domestica	vertebrate	cav	CM000373.1:154581067-154998430+	gene-CACNA1H	CACNA1H	446520	274239	36	274239	GCF_000002295.2
Monodelphis domestica	vertebrate	tric	CM000373.1:184223881-184680680+	gene-TMEM38B	TMEM38B	66610	29240	6	295908	GCF_000002295.2
Monodelphis domestica	vertebrate	connexin	CM000373.1:199212515-199706714+	gene-GJC2	GJC2	3464	0	1	67119	GCF_000002295.2
Monodelphis domestica	vertebrate	itpr	CM000373.1:236057115-236608888+	gene-ITPR1	ITPR1	411093	124285	62	124285	GCF_000002295.2
Monodelphis domestica	vertebrate	gabaa	CM000376.1:41326495-41373647-	gene-GABRE	GABRE	49718	33016	8	33016	GCF_000002295.2
Monodelphis domestica	vertebrate	gabaa	CM000376.1:41451469-41596093-	gene-GABRA3	GABRA3	209014	60568	10	60568	GCF_000002295.2
Monodelphis domestica	vertebrate	trpc	CM000376.1:68698701-69209342-	gene-LOC100011748	LOC100011748	41287	24086	5	24086	GCF_000002295.2
Monodelphis domestica	vertebrate	connexin	CM000376.1:69516302-70011664-	gene-GJB1	GJB1	9741	8288	2	396134	GCF_000002295.2
Monodelphis domestica	vertebrate	cav	CM000376.1:71699584-72540752-	gene-CACNA1F	CACNA1F	23957	3683	50	997	GCF_000002295.2
Monodelphis domestica	vertebrate	glyr	CM000374.1:25805030-26152579-	gene-GLRA2	GLRA2	342770	121120	10	121120	GCF_000002295.2
Monodelphis domestica	vertebrate	gabaa	CM000374.1:55210741-56062491-	gene-LOC100011485	LOC100011485	378494	245894	8	474165	GCF_000002295.2
Monodelphis domestica	vertebrate	cng	CM000374.1:58597535-58870317-	gene-CNGA3	CNGA3	102247	47578	10	38285	GCF_000002295.2
Monodelphis domestica	vertebrate	trpc	CM000374.1:217263842-217320632-	gene-TRPC1	TRPC1	58061	11989	13	11989	GCF_000002295.2
Monodelphis domestica	vertebrate	cav	DS029331.1:420339-495471+	gene-CACNA1G	CACNA1G	89541	25885	36	25885	GCF_000002295.2
Monodelphis domestica	vertebrate	gabaa	DS029414.1:77237-94294+	gene-GABRD	GABRD	40778	19973	10	5905	GCF_000002295.2
Monodelphis domestica	vertebrate	kainate	DS029413.1:66820-88515-	gene-GRIK5	GRIK5	18387	4690	17	2983	GCF_000002295.2
Monodelphis domestica	vertebrate	k2p	DS029572.1:205-14148-	gene-KCNK4	KCNK4	2891	1206	4	1206	GCF_000002295.2
Monodelphis domestica	vertebrate	kir	DS029518.1:36487-37866-	gene-KCNJ4	KCNJ4	2260	0	1	0	GCF_000002295.2
Monodelphis domestica	vertebrate	p2x	DS029348.1:293-404203+	gene-P2RX1	P2RX1	14259	4850	13	2447	GCF_000002295.2
Monodelphis domestica	vertebrate	p2x	DS029593.1:32826-38386+	gene-P2RX5	P2RX5	8173	3345	7	3345	GCF_000002295.2
Monodelphis domestica	vertebrate	tmem87	r4_CM000368.1:199208644-200129246-	gene-TMEM87A	TMEM87A	38582	5378	20	5298	GCF_000002295.2
Monodelphis domestica	vertebrate	tmco1	r4_CM000369.1:57303297-57356633-	gene-TMCO1	TMCO1	54808	23634	7	23634	GCF_000002295.2
Monodelphis domestica	vertebrate	pacc	r4_CM000369.1:120488651-120813870-	gene-TMEM206	TMEM206	42138	14209	8	14209	GCF_000002295.2
Monodelphis domestica	vertebrate	clcc1	r4_CM000369.1:477502281-477961878-	gene-CLCC1	CLCC1	29425	7637	11	3659	GCF_000002295.2
Monodelphis domestica	vertebrate	gphr	r4_CM000369.1:494087205-494128335+	gene-LOC100014708	LOC100014708	56407	19425	15	7418	GCF_000002295.2
Monodelphis domestica	vertebrate	tmem109	r4_CM000372.1:299025836-299032170+	gene-TMEM109	TMEM109	7404	5074	4	606	GCF_000002295.2
Monodelphis domestica	vertebrate	mitok	r4_CM000373.1:194226936-194709495-	gene-CCDC51	CCDC51	14049	7587	5	2360	GCF_000002295.2
Mus musculus	vertebrate	trpc	CM000996.3:36675431-36725812-	gene-Trpc3	Trpc3	69651	18154	12	9954	GCF_000001635.27
Mus musculus	vertebrate	ampa	CM000996.3:80231929-80870973-	gene-Gria2	Gria2	122778	60446	16	60446	GCF_000001635.27
Mus musculus	vertebrate	hcn	CM000996.3:88579683-89641069-	gene-Hcn3	Hcn3	13457	6724	8	197250	GCF_000001635.27
Mus musculus	vertebrate	nachr	CM000996.3:89664422-89876101-	gene-Chrnb2	Chrnb2	11185	3401	6	3401	GCF_000001635.27
Mus musculus	vertebrate	connexin	CM000996.3:96394089-96827660-	gene-Gja8	Gja8	12486	5515	2	209999	GCF_000001635.27
Mus musculus	vertebrate	mcu	CM000996.3:129708758-129763697-	gene-Mcub	Mcub	55242	43480	8	35249	GCF_000001635.27
Mus musculus	vertebrate	ampa	CM001002.3:4420152-4795274-	gene-Gria4	Gria4	378358	128802	17	128802	GCF_000001635.27
Mus musculus	vertebrate	pannexin	CM001002.3:14610826-14956333-	gene-Panx1	Panx1	39694	23335	5	23335	GCF_000001635.27
Mus musculus	vertebrate	kir	CM001002.3:32060748-32731009-	gene-Kcnj5	Kcnj5	29639	21084	5	4178	GCF_000001635.27
Mus musculus	vertebrate	pannexin	CM001002.3:37572412-37580351-	gene-Panx3	Panx3	9321	2368	4	2368	GCF_000001635.27
Mus musculus	vertebrate	kainate	CM001002.3:42432398-42797502-	gene-Grik4	Grik4	424589	135702	21	24937	GCF_000001635.27
Mus musculus	vertebrate	ht3	CM001002.3:48810992-49231799-	gene-Htr3a	Htr3a	11939	2998	9	2998	GCF_000001635.27
Mus musculus	vertebrate	nachr	CM001002.3:54920085-55132165-	gene-Chrna3	Chrna3	16446	6030	6	6030	GCF_000001635.27
Mus musculus	vertebrate	trpc	CM001002.3:95588793-95631892-	gene-Trpc1	Trpc1	45314	17458	13	6316	GCF_000001635.27
Mus musculus	vertebrate	nav	CM001002.3:118888171-119914354-	gene-Scn5a	Scn5a	95627	16170	28	396563	GCF_000001635.27
Mus musculus	vertebrate	gabaa	CM001004.3:42312177-42517718+	gene-Gabrb2	Gabrb2	213077	64547	11	64547	GCF_000001635.27
Mus musculus	vertebrate	vdac	CM001004.3:52116437-52279350+	gene-Vdac1	Vdac1	28320	13146	10	148584	GCF_000001635.27
Mus musculus	vertebrate	ampa	CM001004.3:56654588-57309218+	gene-Gria1	Gria1	318729	170501	16	170501	GCF_000001635.27
Mus musculus	vertebrate	kir	CM001004.3:60959983-61354383+	gene-Kcnj12	Kcnj12	51126	46959	3	0	GCF_000001635.27
Mus musculus	vertebrate	trpv	CM001004.3:62469231-62489156+	gene-Trpv2	Trpv2	25820	5488	17	4976	GCF_000001635.27
Mus musculus	vertebrate	trpv	CM001004.3:72564900-73649261+	gene-Trpv1	Trpv1	27174	5450	16	5450	GCF_000001635.27
Mus musculus	vertebrate	kv_eag	CM001004.3:105899029-106411433+	gene-Kcnh6	Kcnh6	27551	6045	13	6018	GCF_000001635.27
Mus musculus	vertebrate	kir	CM001004.3:110962610-110963896+	gene-Kcnj2	Kcnj2	10662	5214	2	0	GCF_000001635.27
Mus musculus	vertebrate	tweety	CM001004.3:114566123-114610029+	gene-Ttyh2	Ttyh2	45517	10721	14	10721	GCF_000001635.27
Mus musculus	vertebrate	otop	CM001004.3:114951268-115237271+	gene-Otop2	Otop2	25144	15625	8	1996	GCF_000001635.27
Mus musculus	vertebrate	cftr	CM000999.3:18170811-18321032+	gene-Cftr	Cftr	152084	27245	27	27245	GCF_000001635.27
Mus musculus	vertebrate	kv_shaker	CM000999.3:21216298-21862315+	gene-Kcnd2	Kcnd2	517704	496721	6	496721	GCF_000001635.27
Mus musculus	vertebrate	clc_channel	CM000999.3:41891133-42291112+	gene-Clcn1	Clcn1	29142	4868	24	4868	GCF_000001635.27
Mus musculus	vertebrate	delta_glur	CM000999.3:63233841-64942903+	gene-Grid2	Grid2	1451188	405418	17	405418	GCF_000001635.27
Mus musculus	vertebrate	itpr	CM000999.3:108213937-108526800+	gene-Itpr1	Itpr1	338034	98172	63	98172	GCF_000001635.27
Mus musculus	vertebrate	enac	CM000999.3:125299048-125320958+	gene-Scnn1a	Scnn1a	35250	18666	13	8536	GCF_000001635.27
Mus musculus	vertebrate	ano_channel	CM000999.3:125443604-126438855+	gene-Ano2	Ano2	349734	74945	26	74945	GCF_000001635.27
Mus musculus	vertebrate	kainate	CM001000.3:24710142-24767561-	gene-Grik5	Grik5	66148	22777	21	22777	GCF_000001635.27
Mus musculus	vertebrate	ryr	CM001000.3:28702883-28824449-	gene-Ryr1	Ryr1	121835	11635	108	11635	GCF_000001635.27
Mus musculus	vertebrate	k2p	CM001000.3:28924536-28934173-	gene-Kcnk6	Kcnk6	10595	6294	3	6294	GCF_000001635.27
Mus musculus	vertebrate	nachr	CM001000.3:62748996-63182654-	gene-Chrna7	Chrna7	113835	52526	10	279641	GCF_000001635.27
Mus musculus	vertebrate	nachr	CM001000.3:101285152-101764295-	gene-Chrna10	Chrna10	6096	1142	6	476049	GCF_000001635.27
Mus musculus	vertebrate	tmc	CM001000.3:118137360-118163584-	gene-Tmc7	Tmc7	48989	18178	16	3058	GCF_000001635.27
Mus musculus	vertebrate	ano_scramblase	CM001000.3:140681946-141044421-	gene-Ano9	Ano9	16595	6484	24	355685	GCF_000001635.27
Mus musculus	vertebrate	ano_channel	CM001000.3:143838387-144317239-	gene-Ano1	Ano1	163477	73106	28	12229	GCF_000001635.27
Mus musculus	vertebrate	tpc	CM001000.3:144412918-144837645-	gene-Tpcn2	Tpcn2	102374	59730	26	4290	GCF_000001635.27
Mus musculus	vertebrate	calhm	CM001003.3:33968194-33972433-	gene-Calhm5	Calhm5	5168	3382	2	3382	GCF_000001635.27
Mus musculus	vertebrate	kainate	CM001003.3:48977204-49659355-	gene-Grik2	Grik2	696748	204842	19	204842	GCF_000001635.27
Mus musculus	vertebrate	mcu	CM001003.3:59002472-59658405-	gene-Mcu	Mcu	170426	125367	10	125367	GCF_000001635.27
Mus musculus	vertebrate	trpm	CM001003.3:77650674-78228155-	gene-Trpm2	Trpm2	62191	10507	34	10507	GCF_000001635.27
Mus musculus	vertebrate	ano_scramblase	CM001003.3:88788056-89346684-	gene-Ano4	Ano4	396266	167646	30	167646	GCF_000001635.27
Mus musculus	vertebrate	cav	CM000995.3:24001206-25208910-	gene-Cacna1b	Cacna1b	159339	24245	49	222096	GCF_000001635.27
Mus musculus	vertebrate	kv_eag	CM000995.3:62394862-63014421-	gene-Kcnh7	Kcnh7	490553	304698	17	304698	GCF_000001635.27
Mus musculus	vertebrate	nav	CM000995.3:65179316-66774454-	gene-Scn1a	Scn1a	170057	89473	27	812307	GCF_000001635.27
Mus musculus	vertebrate	nachr	CM000995.3:73396556-73404964-	gene-Chrna1	Chrna1	17058	5613	9	2091	GCF_000001635.27
Mus musculus	vertebrate	p2x	CM000995.3:84829357-84865643-	gene-P2rx3	P2rx3	40554	20978	16	20978	GCF_000001635.27
Mus musculus	vertebrate	ano_scramblase	CM000995.3:110488485-111075866-	gene-Ano3	Ano3	295309	67748	27	67748	GCF_000001635.27
Mus musculus	vertebrate	ryr	CM000995.3:112462468-113047344-	gene-Ryr3	Ryr3	586057	188244	106	188244	GCF_000001635.27
Mus musculus	vertebrate	connexin	CM000995.3:113841573-113843612-	gene-Gjd2	Gjd2	4470	1140	3	1140	GCF_000001635.27
Mus musculus	vertebrate	catsper	CM000995.3:121224937-121242736-	gene-Catsper2	Catsper2	22974	10301	15	6106	GCF_000001635.27
Mus musculus	vertebrate	trpm	CM000995.3:126165804-127182246-	gene-Trpm7	Trpm7	84704	17481	39	3731	GCF_000001635.27
Mus musculus	vertebrate	kv_modifier	CM000995.3:168104303-168349627-	gene-Kcng1	Kcng1	21417	12112	3	5318	GCF_000001635.27
Mus musculus	vertebrate	kv_kcnq	CM000995.3:180302437-181275627-	gene-Kcnq2	Kcnq2	59997	20067	19	323598	GCF_000001635.27
Mus musculus	vertebrate	kv_modifier	CM001008.3:34838639-34840072+	gene-Kcns2	Kcns2	6053	597	2	0	GCF_000001635.27
Mus musculus	vertebrate	cav	CM001008.3:80204546-80273454+	gene-Cacna1i	Cacna1i	111055	21714	37	15314	GCF_000001635.27
Mus musculus	vertebrate	pannexin	CM001008.3:88944277-89338236+	gene-Panx2	Panx2	15973	7509	4	7258	GCF_000001635.27
Mus musculus	vertebrate	ano_scramblase	CM001008.3:95521374-95870519+	gene-Ano6	Ano6	184630	73168	21	14715	GCF_000001635.27
Mus musculus	vertebrate	asic	CM001008.3:99477016-100069956+	gene-Asic1	Asic1	30922	21630	12	21630	GCF_000001635.27
Mus musculus	vertebrate	nav	CM001008.3:100834206-101216726+	gene-Scn8a	Scn8a	177220	65937	27	18809	GCF_000001635.27
Mus musculus	vertebrate	cng	CM000994.3:36911932-37492478+	gene-Cnga3	Cnga3	45149	12980	8	9481	GCF_000001635.27
Mus musculus	vertebrate	asic	CM000994.3:75427590-75449739+	gene-Asic4	Asic4	24518	17697	10	17697	GCF_000001635.27
Mus musculus	vertebrate	trpm	CM000994.3:87923140-88684382+	gene-Trpm8	Trpm8	84453	12173	27	323300	GCF_000001635.27
Mus musculus	vertebrate	ano_scramblase	CM000994.3:93308136-93336911+	gene-Ano7	Ano7	30509	7478	25	4265	GCF_000001635.27
Mus musculus	vertebrate	cav	CM000994.3:135626231-136506656+	gene-Cacna1s	Cacna1s	66720	14236	44	14236	GCF_000001635.27
Mus musculus	vertebrate	kca_slo	CM000994.3:140278935-140523801+	gene-Kcnt2	Kcnt2	368411	104856	30	42097	GCF_000001635.27
Mus musculus	vertebrate	osca_tmem63	CM000994.3:180526694-181205689+	gene-Tmem63a	Tmem63a	32773	4055	23	238736	GCF_000001635.27
Mus musculus	vertebrate	kv_eag	CM000994.3:191873322-192537895+	gene-Kcnh1	Kcnh1	320709	75187	11	194423	GCF_000001635.27
Mus musculus	vertebrate	vdac	CM001001.3:23067527-23078811-	gene-Vdac3	Vdac3	16739	4889	10	3816	GCF_000001635.27
Mus musculus	vertebrate	nachr	CM001001.3:27894419-28381994-	gene-Chrna6	Chrna6	10733	2349	6	2349	GCF_000001635.27
Mus musculus	vertebrate	kca_sk	CM001001.3:70982063-71777859-	gene-Kcnn1	Kcnn1	22534	6220	12	235778	GCF_000001635.27
Mus musculus	vertebrate	ano_scramblase	CM001001.3:71931365-71937752-	gene-Ano8	Ano8	10076	1799	19	1093	GCF_000001635.27
Mus musculus	vertebrate	kv_modifier	CM001001.3:119893854-120379414-	gene-Kcng4	Kcng4	11905	6466	5	6466	GCF_000001635.27
Mus musculus	vertebrate	piezo	CM001001.3:123208721-123622890-	gene-Piezo1	Piezo1	69632	37165	51	37165	GCF_000001635.27
Mus musculus	vertebrate	tweety	CM001000.3:4122654-4136700+	gene-Ttyh1	Ttyh1	16789	4839	14	2696	GCF_000001635.27
Mus musculus	vertebrate	kv_shaker	CM001000.3:44746315-45263196+	gene-Kcna7	Kcna7	5423	1929	2	251229	GCF_000001635.27
Mus musculus	vertebrate	gabaa	CM001000.3:57241024-57538685+	gene-Gabrb3	Gabrb3	238285	173585	9	173585	GCF_000001635.27
Mus musculus	vertebrate	trpm	CM001000.3:63379007-64351276+	gene-Trpm1	Trpm1	120048	43170	27	248847	GCF_000001635.27
Mus musculus	vertebrate	tmc	CM001000.3:83204773-83517908+	gene-Tmc3	Tmc3	41949	5345	23	30611	GCF_000001635.27
Mus musculus	vertebrate	cng	CM001000.3:105054133-105057020+	gene-Cnga4	Cnga4	8735	3401	8	673	GCF_000001635.27
Mus musculus	vertebrate	enac	CM001000.3:121337135-121366772+	gene-Scnn1g	Scnn1g	34063	13640	13	13640	GCF_000001635.27
Mus musculus	vertebrate	enac	CM001000.3:121498453-121517279+	gene-Scnn1b	Scnn1b	53691	34093	13	7509	GCF_000001635.27
Mus musculus	vertebrate	orai	CM001000.3:126883933-127571928+	gene-Orai3	Orai3	5336	3340	2	187215	GCF_000001635.27
Mus musculus	vertebrate	kv_kcnq	CM001000.3:142661096-143412838+	gene-Kcnq1	Kcnq1	320174	164533	17	97333	GCF_000001635.27
Mus musculus	vertebrate	gabaa	CM001004.3:41803143-42400512-	gene-Gabrg2	Gabrg2	90668	46983	11	46983	GCF_000001635.27
Mus musculus	vertebrate	glyr	CM001004.3:55405639-55498550-	gene-Glra1	Glra1	93960	33268	9	33268	GCF_000001635.27
Mus musculus	vertebrate	asic	CM001004.3:80615136-81859010-	gene-Asic2	Asic2	1088234	996015	10	996015	GCF_000001635.27
Mus musculus	vertebrate	cav	CM001004.3:93887239-94753099-	gene-Cacna1g	Cacna1g	66010	12781	38	86514	GCF_000001635.27
Mus musculus	vertebrate	connexin	CM001004.3:102691225-102692001-	gene-Gjc1	Gjc1	20210	16587	4	0	GCF_000001635.27
Mus musculus	vertebrate	nav	CM001004.3:105819420-106724671-	gene-Scn4a	Scn4a	48012	15683	26	391136	GCF_000001635.27
Mus musculus	vertebrate	nmda	CM001004.3:114739269-115151964-	gene-Grin2c	Grin2c	18129	5842	15	2362	GCF_000001635.27
Mus musculus	vertebrate	asic	CM000998.3:24611857-24622203+	gene-Asic3	Asic3	4388	1141	11	6817	GCF_000001635.27
Mus musculus	vertebrate	k2p	CM000998.3:30745604-31273436+	gene-Kcnk3	Kcnk3	37101	33291	2	33291	GCF_000001635.27
Mus musculus	vertebrate	otop	CM000998.3:38177968-38460237+	gene-Otop1	Otop1	26813	10072	6	10072	GCF_000001635.27
Mus musculus	vertebrate	nachr	CM000998.3:66125154-66134581+	gene-Chrna9	Chrna9	42507	32747	6	5357	GCF_000001635.27
Mus musculus	vertebrate	gabaa	CM000998.3:71738879-72308796+	gene-Gabrb1	Gabrb1	491652	168526	10	168526	GCF_000001635.27
Mus musculus	vertebrate	trpp	CM000998.3:104325763-105139258+	gene-Pkd2	Pkd2	54307	10046	15	10046	GCF_000001635.27
Mus musculus	vertebrate	lrrc8	CM000998.3:105727254-105756638+	gene-Lrrc8c	Lrrc8c	94035	59837	5	26889	GCF_000001635.27
Mus musculus	vertebrate	tmem175	CM000998.3:108786213-108794371+	gene-Tmem175	Tmem175	17988	8766	11	2252	GCF_000001635.27
Mus musculus	vertebrate	hv1	CM000998.3:122371480-122378735+	gene-Hvcn1	Hvcn1	35489	17056	8	3988	GCF_000001635.27
Mus musculus	vertebrate	p2x	CM000998.3:122841373-123392316+	gene-P2rx4	P2rx4	22222	10525	12	6611	GCF_000001635.27
Mus musculus	vertebrate	osca_tmem63	CM001005.3:87103267-87435093+	gene-Tmem63c	Tmem63c	70485	31365	25	3914	GCF_000001635.27
Mus musculus	vertebrate	k2p	CM001005.3:99932194-100028144+	gene-Kcnk13	Kcnk13	100810	94721	3	94721	GCF_000001635.27
Mus musculus	vertebrate	k2p	CM001007.3:20313321-20319194-	gene-Kcnk16	Kcnk16	7895	3669	5	3675	GCF_000001635.27
Mus musculus	vertebrate	kca_slo	CM001007.3:22896157-24054266-	gene-Kcnma1	Kcnma1	712818	353561	33	200446	GCF_000001635.27
Mus musculus	vertebrate	cav	CM001007.3:28627222-30182339-	gene-Cacna1d	Cacna1d	451216	149934	50	149934	GCF_000001635.27
Mus musculus	vertebrate	connexin	CM001007.3:57273117-57274370-	gene-Gja3	Gja3	23571	20875	3	0	GCF_000001635.27
Mus musculus	vertebrate	nalcn	CM001007.3:122430830-124109554-	gene-Nalcn	Nalcn	350801	84069	46	56166	GCF_000001635.27
Mus musculus	vertebrate	kca_slo	CM000995.3:25778064-26299269+	gene-Kcnt1	Kcnt1	54479	24006	32	4422	GCF_000001635.27
Mus musculus	vertebrate	lrrc8	CM000995.3:30145188-30152135+	gene-Lrrc8a	Lrrc8a	26022	14490	4	4515	GCF_000001635.27
Mus musculus	vertebrate	kir	CM000995.3:55327330-55485106+	gene-Kcnj3	Kcnj3	186344	156908	13	147768	GCF_000001635.27
Mus musculus	vertebrate	nav	CM000995.3:65144670-65983090+	gene-Scn2a	Scn2a	146684	49536	27	11499	GCF_000001635.27
Mus musculus	vertebrate	kv_shaker	CM000995.3:107125397-107598543+	gene-Kcna4	Kcna4	36216	3072	2	0	GCF_000001635.27
Mus musculus	vertebrate	tmc	CM000995.3:129694147-130506551+	gene-Tmc2	Tmc2	69252	11138	20	11138	GCF_000001635.27
Mus musculus	vertebrate	k2p	CM000995.3:163695640-163763258+	gene-Kcnk15	Kcnk15	5125	4093	2	4093	GCF_000001635.27
Mus musculus	vertebrate	trpc	CM001002.3:8609690-8680530+	gene-Trpc6	Trpc6	136886	65101	14	21178	GCF_000001635.27
Mus musculus	vertebrate	kir	CM001002.3:32307686-32308645+	gene-Kcnj1	Kcnj1	26780	23707	2	0	GCF_000001635.27
Mus musculus	vertebrate	nachr	CM001002.3:54890192-54913835+	gene-Chrna5	Chrna5	30593	22614	6	2288	GCF_000001635.27
Mus musculus	vertebrate	hcn	CM001002.3:58324395-59087811+	gene-Hcn4	Hcn4	40227	19581	8	19581	GCF_000001635.27
Mus musculus	vertebrate	gabaa	CM001009.3:59226016-59623842+	gene-Gabrr3	Gabrr3	54358	13258	9	355029	GCF_000001635.27
Mus musculus	vertebrate	clic	CM001009.3:91919535-92336484+	gene-Clic6	Clic6	43095	28502	6	180710	GCF_000001635.27
Mus musculus	vertebrate	trpp	CM001011.3:34083813-34956661+	gene-Pkd2l2	Pkd2l2	34290	7966	15	108182	GCF_000001635.27
Mus musculus	vertebrate	kca_sk	CM001011.3:45325010-46188554+	gene-Kcnn2	Kcnn2	417201	157170	12	62773	GCF_000001635.27
Mus musculus	vertebrate	vdac	CM001007.3:21400066-21895305+	gene-Vdac2	Vdac2	14319	3893	10	3893	GCF_000001635.27
Mus musculus	vertebrate	delta_glur	CM001007.3:34542185-35302766+	gene-Grid1	Grid1	763594	224743	17	224743	GCF_000001635.27
Mus musculus	vertebrate	nachr	CM001007.3:65932768-66388525+	gene-Chrna2	Chrna2	19713	6872	8	345661	GCF_000001635.27
Mus musculus	vertebrate	trpa	CM000994.3:14943730-15236367-	gene-Trpa1	Trpa1	46219	6205	27	6205	GCF_000001635.27
Mus musculus	vertebrate	kv_kcnq	CM000994.3:21236335-22031553-	gene-Kcnq5	Kcnq5	564252	367566	15	367566	GCF_000001635.27
Mus musculus	vertebrate	cav	CM000994.3:153422583-154601464-	gene-Cacna1e	Cacna1e	493823	158023	51	290656	GCF_000001635.27
Mus musculus	vertebrate	kir	CM000994.3:172150592-172154110-	gene-Kcnj9	Kcnj9	8815	2511	4	2511	GCF_000001635.27
Mus musculus	vertebrate	k2p	CM000994.3:188666420-189072293-	gene-Kcnk2	Kcnk2	194825	80886	7	222708	GCF_000001635.27
Mus musculus	vertebrate	k2p	CM001012.3:6475566-6910259-	gene-Kcnk4	Kcnk4	9232	4548	8	4294	GCF_000001635.27
Mus musculus	vertebrate	bestrophin	CM001012.3:9679903-9974542-	gene-Best1	Best1	16462	4243	12	3704	GCF_000001635.27
Mus musculus	vertebrate	tmc	CM001012.3:20295282-20897090-	gene-Tmc1	Tmc1	170747	30297	21	359208	GCF_000001635.27
Mus musculus	vertebrate	trpp	CM001012.3:43680864-44627718-	gene-Pkd2l1	Pkd2l1	99280	33656	23	33656	GCF_000001635.27
Mus musculus	vertebrate	calhm	CM001012.3:47121196-47124342-	gene-Calhm2	Calhm2	6063	2175	3	2175	GCF_000001635.27
Mus musculus	vertebrate	calhm	CM001012.3:47129474-47132616-	gene-Calhm1	Calhm1	3140	2093	2	2093	GCF_000001635.27
Mus musculus	vertebrate	connexin	CM000997.3:32122863-32602382-	gene-Gja10	Gja10	12788	4870	3	171020	GCF_000001635.27
Mus musculus	vertebrate	kv_kcnq	CM000997.3:120077488-121053523-	gene-Kcnq4	Kcnq4	52479	30959	14	364477	GCF_000001635.27
Mus musculus	vertebrate	connexin	CM000997.3:126734948-127206761-	gene-Gja4	Gja4	2620	934	2	150270	GCF_000001635.27
Mus musculus	vertebrate	catsper	CM000997.3:133939631-133954648-	gene-Catsper4	Catsper4	15468	4940	11	4940	GCF_000001635.27
Mus musculus	vertebrate	clic	CM000997.3:134944412-135406493-	gene-Clic4	Clic4	58792	33546	6	33546	GCF_000001635.27
Mus musculus	vertebrate	gabaa	CM000997.3:155470419-155473124-	gene-Gabrd	Gabrd	13092	8848	10	598	GCF_000001635.27
Mus musculus	vertebrate	trpc	CM000996.3:54102101-54642949+	gene-Trpc4	Trpc4	162452	43372	12	43372	GCF_000001635.27
Mus musculus	vertebrate	kca_sk	CM000996.3:88998489-89959927+	gene-Kcnn3	Kcnn3	152331	44363	8	44363	GCF_000001635.27
Mus musculus	vertebrate	connexin	CM000996.3:96957945-97402634+	gene-Gja5	Gja5	21233	18110	3	273196	GCF_000001635.27
Mus musculus	vertebrate	kv_shaker	CM000996.3:105366132-105952120+	gene-Kcnd3	Kcnd3	222113	198689	9	300172	GCF_000001635.27
Mus musculus	vertebrate	kv_shaker	CM000996.3:106815554-106945325+	gene-Kcna3	Kcna3	3738	0	1	0	GCF_000001635.27
Mus musculus	vertebrate	kv_shaker	CM000996.3:107011421-107012920+	gene-Kcna2	Kcna2	24119	12143	4	0	GCF_000001635.27
Mus musculus	vertebrate	kv_shaker	CM000996.3:107101626-107102837+	gene-Kcna10	Kcna10	12579	10753	2	0	GCF_000001635.27
Mus musculus	vertebrate	trpml	CM000996.3:145559956-146334964+	gene-Mcoln3	Mcoln3	48532	31436	13	3268	GCF_000001635.27
Mus musculus	vertebrate	nmda	CM001009.3:8918444-10237885-	gene-Grin2a	Grin2a	427980	230136	14	230136	GCF_000001635.27
Mus musculus	vertebrate	kainate	CM001009.3:87252869-88316879-	gene-Grik1	Grik1	394963	255248	18	38311	GCF_000001635.27
Mus musculus	vertebrate	kir	CM001009.3:94259063-94643806-	gene-Kcnj6	Kcnj6	252881	107961	5	69613	GCF_000001635.27
Mus musculus	vertebrate	connexin	CM001003.3:56263607-56264791+	gene-Gja1	Gja1	13223	10191	2	0	GCF_000001635.27
Mus musculus	vertebrate	hcn	CM001003.3:79183968-80029534+	gene-Hcn2	Hcn2	19475	7168	8	124476	GCF_000001635.27
Mus musculus	vertebrate	bestrophin	CM001003.3:116824533-117342659+	gene-Best3	Best3	43470	14895	10	14895	GCF_000001635.27
Mus musculus	vertebrate	trpml	CM001001.3:3388976-3784540+	gene-Mcoln1	Mcoln1	14775	5110	14	1917	GCF_000001635.27
Mus musculus	vertebrate	lrrc8	CM001001.3:4281667-4286164+	gene-Lrrc8e	Lrrc8e	13202	7250	4	2110	GCF_000001635.27
Mus musculus	vertebrate	kca_slo	CM001001.3:26339717-26798771+	gene-Kcnu1	Kcnu1	89316	15595	27	203929	GCF_000001635.27
Mus musculus	vertebrate	nachr	CM001001.3:27875105-27886813+	gene-Chrnb3	Chrnb3	31071	24282	6	6473	GCF_000001635.27
Mus musculus	vertebrate	glyr	CM001001.3:56393891-56578387+	gene-Glra3	Glra3	189658	50151	10	50151	GCF_000001635.27
Mus musculus	vertebrate	tric	CM001001.3:73325948-73339930+	gene-Tmem38a	Tmem38a	16096	7335	7	7335	GCF_000001635.27
Mus musculus	vertebrate	cav	CM001001.3:85142505-85754045+	gene-Cacna1a	Cacna1a	301624	58518	52	213078	GCF_000001635.27
Mus musculus	vertebrate	k2p	CM001001.3:126722199-126756445+	gene-Kcnk1	Kcnk1	38733	29197	4	29197	GCF_000001635.27
Mus musculus	vertebrate	piezo	CM001011.3:63144619-63665485-	gene-Piezo2	Piezo2	377504	80870	56	80870	GCF_000001635.27
Mus musculus	vertebrate	kv_modifier	CM001011.3:80338889-80771655-	gene-Kcng2	Kcng2	69739	40428	4	405076	GCF_000001635.27
Mus musculus	vertebrate	kv_eag	CM000998.3:23895308-24556292-	gene-Kcnh2	Kcnh2	32089	15254	16	15254	GCF_000001635.27
Mus musculus	vertebrate	gabaa	CM000998.3:70911365-71065568-	gene-Gabrg1	Gabrg1	93449	26010	10	21243	GCF_000001635.27
Mus musculus	vertebrate	gabaa	CM000998.3:71729048-71815152-	gene-Gabra4	Gabra4	88575	84947	9	51631	GCF_000001635.27
Mus musculus	vertebrate	cng	CM000998.3:72374725-73205039-	gene-Cnga1	Cnga1	39057	23369	9	4319	GCF_000001635.27
Mus musculus	vertebrate	p2x	CM000998.3:110467685-110490782-	gene-P2rx2	P2rx2	3509	451	12	319	GCF_000001635.27
Mus musculus	vertebrate	trpv	CM000998.3:114479473-115156004-	gene-Trpv4	Trpv4	36285	13411	16	4217	GCF_000001635.27
Mus musculus	vertebrate	tpc	CM000998.3:120215726-120973350-	gene-Tpcn1	Tpcn1	54510	24841	28	24841	GCF_000001635.27
Mus musculus	vertebrate	orai	CM000998.3:135716657-136601527-	gene-Orai2	Orai2	25109	10534	4	10534	GCF_000001635.27
Mus musculus	vertebrate	tweety	CM000998.3:140363151-140634585-	gene-Ttyh3	Ttyh3	28495	12638	16	12638	GCF_000001635.27
Mus musculus	vertebrate	itpr	CM001010.3:27026957-27731105+	gene-Itpr3	Itpr3	65222	15423	58	15423	GCF_000001635.27
Mus musculus	vertebrate	clic	CM001010.3:34888585-35277467+	gene-Clic1	Clic1	8477	2921	6	2921	GCF_000001635.27
Mus musculus	vertebrate	clic	CM001010.3:44054677-44586268+	gene-Clic5	Clic5	145389	101474	6	48171	GCF_000001635.27
Mus musculus	vertebrate	trpv	CM000999.3:41598011-41613023-	gene-Trpv6	Trpv6	15787	8264	15	8264	GCF_000001635.27
Mus musculus	vertebrate	trpv	CM000999.3:41630064-41657553-	gene-Trpv5	Trpv5	29564	10232	16	10232	GCF_000001635.27
Mus musculus	vertebrate	cav	CM000999.3:118158843-119309434-	gene-Cacna1c	Cacna1c	610145	272276	50	272276	GCF_000001635.27
Mus musculus	vertebrate	kv_shaker	CM000999.3:126510456-126559458-	gene-Kcna5	Kcna5	3005	0	1	0	GCF_000001635.27
Mus musculus	vertebrate	kv_shaker	CM000999.3:126618831-126620378-	gene-Kcna1	Kcna1	9339	369	2	0	GCF_000001635.27
Mus musculus	vertebrate	kv_shaker	CM000999.3:126715319-127215427-	gene-Kcna6	Kcna6	32319	28573	3	108	GCF_000001635.27
Mus musculus	vertebrate	nmda	CM000999.3:135218908-136129760-	gene-Grin2b	Grin2b	460440	127096	15	120420	GCF_000001635.27
Mus musculus	vertebrate	kir	CM000999.3:142511526-142516081-	gene-Kcnj8	Kcnj8	6778	3534	3	3500	GCF_000001635.27
Mus musculus	vertebrate	itpr	CM000999.3:145651539-146403376-	gene-Itpr2	Itpr2	393961	50279	57	50116	GCF_000001635.27
Mus musculus	vertebrate	cav	CM001010.3:25201816-25651953-	gene-Cacna1h	Cacna1h	62050	35024	36	74721	GCF_000001635.27
Mus musculus	vertebrate	osca_tmem63	CM001010.3:45826925-46304611-	gene-Tmem63b	Tmem63b	26111	6402	25	3136	GCF_000001635.27
Mus musculus	vertebrate	k2p	CM001010.3:88053368-88104828-	gene-Kcnk12	Kcnk12	57230	50222	3	50222	GCF_000001635.27
Mus musculus	vertebrate	ryr	CM001006.3:11569402-12121338-	gene-Ryr2	Ryr2	553847	160396	107	160396	GCF_000001635.27
Mus musculus	vertebrate	trpc	CM001006.3:56921604-57035904-	gene-Trpc7	Trpc7	122868	64697	13	29439	GCF_000001635.27
Mus musculus	vertebrate	kv_kcnq	CM001008.3:65867698-66397531-	gene-Kcnq3	Kcnq3	300263	254365	15	254365	GCF_000001635.27
Mus musculus	vertebrate	k2p	CM001008.3:71903121-72439523-	gene-Kcnk9	Kcnk9	48694	32952	3	32952	GCF_000001635.27
Mus musculus	vertebrate	kir	CM001008.3:78877269-79865710-	gene-Kcnj4	Kcnj4	32286	25247	2	0	GCF_000001635.27
Mus musculus	vertebrate	hcn	CM001006.3:117344691-118575722+	gene-Hcn1	Hcn1	378709	152877	8	152877	GCF_000001635.27
Mus musculus	vertebrate	gabaa	CM000997.3:32744467-33095570+	gene-Gabrr2	Gabrr2	38151	12740	9	326776	GCF_000001635.27
Mus musculus	vertebrate	gabaa	CM000997.3:33148988-33161814+	gene-Gabrr1	Gabrr1	31051	14161	10	4423	GCF_000001635.27
Mus musculus	vertebrate	tric	CM000997.3:53826109-53877651+	gene-Tmem38b	Tmem38b	36032	22645	6	14406	GCF_000001635.27
Mus musculus	vertebrate	kainate	CM000997.3:125384624-126005582+	gene-Grik3	Grik3	223942	132535	16	132535	GCF_000001635.27
Mus musculus	vertebrate	kv_modifier	CM001005.3:11141222-11142697-	gene-Kcns3	Kcns3	60449	31003	4	0	GCF_000001635.27
Mus musculus	vertebrate	kv_eag	CM001005.3:74721958-75223302-	gene-Kcnh5	Kcnh5	280635	79605	11	79605	GCF_000001635.27
Mus musculus	vertebrate	k2p	CM001005.3:97964486-98883788-	gene-Kcnk10	Kcnk10	148782	58953	8	55324	GCF_000001635.27
Mus musculus	vertebrate	trpm	CM001012.3:18606145-18869501+	gene-Trpm6	Trpm6	162320	40670	41	15221	GCF_000001635.27
Mus musculus	vertebrate	trpm	CM001012.3:22565872-23299072+	gene-Trpm3	Trpm3	857986	558120	28	63223	GCF_000001635.27
Mus musculus	vertebrate	cav	CM001013.3:7088556-8167231+	gene-Cacna1f	Cacna1f	28094	1852	48	1852	GCF_000001635.27
Mus musculus	vertebrate	ampa	CM001013.3:40199615-40761341+	gene-Gria3	Gria3	278128	75600	17	75600	GCF_000001635.27
Mus musculus	vertebrate	cng	CM001013.3:70600517-71336192+	gene-Cnga2	Cnga2	18370	11078	8	1513	GCF_000001635.27
Mus musculus	vertebrate	gabaa	CM001013.3:71790383-71882087+	gene-Gabrq	Gabrq	17445	4018	10	80690	GCF_000001635.27
Mus musculus	vertebrate	connexin	CM001013.3:99916280-100893919+	gene-Gjb1	Gjb1	9254	7739	3	381909	GCF_000001635.27
Mus musculus	vertebrate	gabaa	CM001013.3:71301058-71583822-	gene-Gabra3	Gabra3	224244	103945	11	28690	GCF_000001635.27
Mus musculus	vertebrate	glyr	CM001013.3:135614714-136154462-	gene-Glra4	Glra4	25829	7034	9	477718	GCF_000001635.27
Mus musculus	vertebrate	trpc	CM001013.3:142511155-143306840-	gene-Trpc5	Trpc5	310854	163936	11	53138	GCF_000001635.27
Mus musculus	vertebrate	connexin	CM001013.3:159286130-159686954-	gene-Gja6	Gja6	4937	2920	2	0	GCF_000001635.27
Mus musculus	vertebrate	glyr	CM001013.3:163832412-164387070-	gene-Glra2	Glra2	198851	68497	10	68497	GCF_000001635.27
Mus musculus	vertebrate	tmem87	r4_CM000995.3:119880597-120562117-	gene-Tmem87a	Tmem87a	48808	6289	21	6289	GCF_000001635.27
Mus musculus	vertebrate	tmem109	r4_CM001012.3:10849122-10851842-	gene-Tmem109	Tmem109	11087	7165	4	1552	GCF_000001635.27
Mus musculus	vertebrate	clcc1	r4_CM000996.3:108568674-109080199+	gene-Clcc1	Clcc1	24963	7374	13	4331	GCF_000001635.27
Mus musculus	vertebrate	gphr	r4_CM000996.3:96778704-96812542-	gene-Gpr89	Gpr89	37033	7280	14	7280	GCF_000001635.27
Mus musculus	vertebrate	mitok	r4_CM001002.3:108778252-108921335+	gene-Ccdc51	Ccdc51	10868	6769	4	1193	GCF_000001635.27
Mus musculus	vertebrate	tmco1	r4_CM000994.3:167136286-167157834+	gene-Tmco1	Tmco1	25309	6546	7	6546	GCF_000001635.27
Mus musculus	vertebrate	pacc	r4_CM000994.3:190830218-191082047+	gene-Pacc1	Pacc1	25383	10502	8	10502	GCF_000001635.27
Rattus norvegicus	vertebrate	trpc	CM070392.1:121410214-121457823-	gene-Trpc3	Trpc3	66388	17693	12	11066	GCF_036323735.1
Rattus norvegicus	vertebrate	ampa	CM070392.1:168243961-168367186-	gene-Gria2	Gria2	123507	54639	17	54639	GCF_036323735.1
Rattus norvegicus	vertebrate	hcn	CM070392.1:176346165-177427617-	gene-Hcn3	Hcn3	14019	6763	8	392128	GCF_036323735.1
Rattus norvegicus	vertebrate	nachr	CM070392.1:177479597-177486076-	gene-Chrnb2	Chrnb2	8216	3655	6	3655	GCF_036323735.1
Rattus norvegicus	vertebrate	connexin	CM070392.1:186690550-187181207-	gene-Gja8	Gja8	6834	4813	2	272651	GCF_036323735.1
Rattus norvegicus	vertebrate	mcu	CM070392.1:221153656-221463139-	gene-Mcub	Mcub	70290	47675	9	47675	GCF_036323735.1
Rattus norvegicus	vertebrate	ampa	CM070398.1:9587422-10793487-	gene-Gria4	Gria4	474461	161291	17	161291	GCF_036323735.1
Rattus norvegicus	vertebrate	pannexin	CM070398.1:19969805-20170766-	gene-Panx1	Panx1	42418	20414	5	20414	GCF_036323735.1
Rattus norvegicus	vertebrate	kir	CM070398.1:38984919-39445650-	gene-Kcnj5	Kcnj5	29612	20408	5	4346	GCF_036323735.1
Rattus norvegicus	vertebrate	pannexin	CM070398.1:45556550-45566075-	gene-Panx3	Panx3	10878	3953	4	3953	GCF_036323735.1
Rattus norvegicus	vertebrate	kainate	CM070398.1:51550280-51972586-	gene-Grik4	Grik4	428754	137889	21	255613	GCF_036323735.1
Rattus norvegicus	vertebrate	ht3	CM070398.1:58138957-58346311-	gene-Htr3a	Htr3a	12421	3025	9	3025	GCF_036323735.1
Rattus norvegicus	vertebrate	nachr	CM070398.1:64298068-64564811-	gene-Chrna3	Chrna3	13497	5391	6	5391	GCF_036323735.1
Rattus norvegicus	vertebrate	trpc	CM070398.1:105144621-105193310-	gene-Trpc1	Trpc1	50905	17194	13	9296	GCF_036323735.1
Rattus norvegicus	vertebrate	nav	CM070398.1:127367909-128896735-	gene-Scn5a	Scn5a	97876	16915	28	39997	GCF_036323735.1
Rattus norvegicus	vertebrate	nmda	CM070400.1:6016982-6896132+	gene-Grin2a	Grin2a	423546	221719	14	221719	GCF_036323735.1
Rattus norvegicus	vertebrate	gabaa	CM070400.1:27434909-27651976+	gene-Gabrb2	Gabrb2	219569	66275	10	66275	GCF_036323735.1
Rattus norvegicus	vertebrate	vdac	CM070400.1:36719582-37059659+	gene-Vdac1	Vdac1	27334	12374	9	326010	GCF_036323735.1
Rattus norvegicus	vertebrate	ampa	CM070400.1:41624483-42456507+	gene-Gria1	Gria1	318989	166234	16	166234	GCF_036323735.1
Rattus norvegicus	vertebrate	kir	CM070400.1:46240966-46716444+	gene-Kcnj12	Kcnj12	48904	44551	2	0	GCF_036323735.1
Rattus norvegicus	vertebrate	trpv	CM070400.1:47775007-47791712+	gene-Trpv2	Trpv2	21321	2461	15	2344	GCF_036323735.1
Rattus norvegicus	vertebrate	trpv	CM070400.1:58096986-58673408+	gene-Trpv1	Trpv1	25555	4654	16	4654	GCF_036323735.1
Rattus norvegicus	vertebrate	kv_eag	CM070400.1:91449683-91960258+	gene-Kcnh6	Kcnh6	21385	4838	14	4838	GCF_036323735.1
Rattus norvegicus	vertebrate	kir	CM070400.1:96565651-96817808+	gene-Kcnj2	Kcnj2	30767	25269	2	0	GCF_036323735.1
Rattus norvegicus	vertebrate	tweety	CM070400.1:100208175-100250701+	gene-Ttyh2	Ttyh2	44377	10417	14	10417	GCF_036323735.1
Rattus norvegicus	vertebrate	otop	CM070400.1:100983667-101087209+	gene-Otop2	Otop2	9571	2304	7	2304	GCF_036323735.1
Rattus norvegicus	vertebrate	kv_eag	CM070394.1:11719771-12111656+	gene-Kcnh2	Kcnh2	32052	15295	15	15295	GCF_036323735.1
Rattus norvegicus	vertebrate	cftr	CM070394.1:47527736-47692924+	gene-Cftr	Cftr	167821	34758	28	34758	GCF_036323735.1
Rattus norvegicus	vertebrate	kv_shaker	CM070394.1:50743038-51613282+	gene-Kcnd2	Kcnd2	501056	481343	6	481343	GCF_036323735.1
Rattus norvegicus	vertebrate	clc_channel	CM070394.1:71652387-72166485+	gene-Clcn1	Clcn1	28954	4725	23	4725	GCF_036323735.1
Rattus norvegicus	vertebrate	delta_glur	CM070394.1:93745476-95403033+	gene-Grid2	Grid2	1477719	408780	16	408780	GCF_036323735.1
Rattus norvegicus	vertebrate	itpr	CM070394.1:142764588-143065233+	gene-Itpr1	Itpr1	367566	89679	62	89679	GCF_036323735.1
Rattus norvegicus	vertebrate	enac	CM070394.1:159809756-159831409+	gene-Scnn1a	Scnn1a	23223	8688	12	8688	GCF_036323735.1
Rattus norvegicus	vertebrate	ano_channel	CM070394.1:160167046-160756397+	gene-Ano2	Ano2	359685	75806	25	75806	GCF_036323735.1
Rattus norvegicus	vertebrate	tweety	CM070391.1:79127823-79143998-	gene-Ttyh1	Ttyh1	18511	3447	14	3447	GCF_036323735.1
Rattus norvegicus	vertebrate	kainate	CM070391.1:89734334-89790802-	gene-Grik5	Grik5	62037	22294	20	22294	GCF_036323735.1
Rattus norvegicus	vertebrate	ryr	CM070391.1:93379909-93955403-	gene-Ryr1	Ryr1	131228	12030	106	12030	GCF_036323735.1
Rattus norvegicus	vertebrate	nachr	CM070391.1:125735116-126398716-	gene-Chrna7	Chrna7	125705	54306	10	392012	GCF_036323735.1
Rattus norvegicus	vertebrate	nachr	CM070391.1:165900048-165902755-	gene-Chrna10	Chrna10	5670	1046	6	623	GCF_036323735.1
Rattus norvegicus	vertebrate	tmc	CM070391.1:182290033-182317517-	gene-Tmc7	Tmc7	52206	18827	16	5927	GCF_036323735.1
Rattus norvegicus	vertebrate	trpm	CM070391.1:207298994-208125918-	gene-Trpm5	Trpm5	22178	4143	27	423264	GCF_036323735.1
Rattus norvegicus	vertebrate	ano_channel	CM070391.1:208885837-209567300-	gene-Ano1	Ano1	148584	57785	28	295872	GCF_036323735.1
Rattus norvegicus	vertebrate	tpc	CM070391.1:209846492-209875438-	gene-Tpcn2	Tpcn2	29667	4217	26	4217	GCF_036323735.1
Rattus norvegicus	vertebrate	k2p	CM070391.1:213347901-213591004-	gene-Kcnk4	Kcnk4	8561	3707	7	3707	GCF_036323735.1
Rattus norvegicus	vertebrate	bestrophin	CM070391.1:215584220-216066403-	gene-Best1	Best1	16621	4403	12	3132	GCF_036323735.1
Rattus norvegicus	vertebrate	tmc	CM070391.1:227293399-228209590-	gene-Tmc1	Tmc1	170759	47028	21	373555	GCF_036323735.1
Rattus norvegicus	vertebrate	trpp	CM070391.1:252491032-253484495-	gene-Pkd2l1	Pkd2l1	37140	26085	15	466586	GCF_036323735.1
Rattus norvegicus	vertebrate	calhm	CM070391.1:255964153-255967097-	gene-Calhm2	Calhm2	5727	1973	3	1973	GCF_036323735.1
Rattus norvegicus	vertebrate	calhm	CM070391.1:255971606-255974328-	gene-Calhm1	Calhm1	2720	1673	2	1673	GCF_036323735.1
Rattus norvegicus	vertebrate	hcn	CM070397.1:10132437-11079925-	gene-Hcn2	Hcn2	19036	7111	8	155314	GCF_036323735.1
Rattus norvegicus	vertebrate	ano_scramblase	CM070397.1:25219248-25825895-	gene-Ano4	Ano4	409454	170886	30	170886	GCF_036323735.1
Rattus norvegicus	vertebrate	kv_kcnq	CM070397.1:99383297-99963130-	gene-Kcnq3	Kcnq3	299734	255543	16	255543	GCF_036323735.1
Rattus norvegicus	vertebrate	k2p	CM070397.1:106315125-106362446-	gene-Kcnk9	Kcnk9	43899	33615	3	33615	GCF_036323735.1
Rattus norvegicus	vertebrate	kir	CM070397.1:112596418-113345264-	gene-Kcnj4	Kcnj4	28715	24398	2	0	GCF_036323735.1
Rattus norvegicus	vertebrate	cav	CM070393.1:27494726-27943945-	gene-Cacna1b	Cacna1b	165153	22856	48	95892	GCF_036323735.1
Rattus norvegicus	vertebrate	nmda	CM070393.1:28253756-28528442-	gene-Grin1	Grin1	26919	4832	21	97628	GCF_036323735.1
Rattus norvegicus	vertebrate	kv_eag	CM070393.1:67359860-68275012-	gene-Kcnh7	Kcnh7	483609	322596	16	322596	GCF_036323735.1
Rattus norvegicus	vertebrate	nav	CM070393.1:70143226-72029238-	gene-Scn1a	Scn1a	118935	47135	27	13030	GCF_036323735.1
Rattus norvegicus	vertebrate	nachr	CM070393.1:78670654-79050851-	gene-Chrna1	Chrna1	15222	5898	9	179448	GCF_036323735.1
Rattus norvegicus	vertebrate	p2x	CM070393.1:90489881-90529120-	gene-P2rx3	P2rx3	43810	22088	13	22088	GCF_036323735.1
Rattus norvegicus	vertebrate	ano_scramblase	CM070393.1:117693104-118004482-	gene-Ano3	Ano3	367429	100502	28	76079	GCF_036323735.1
Rattus norvegicus	vertebrate	ryr	CM070393.1:119879398-120433336-	gene-Ryr3	Ryr3	547352	163560	103	163560	GCF_036323735.1
Rattus norvegicus	vertebrate	connexin	CM070393.1:121227246-121229249-	gene-Gjd2	Gjd2	4606	1104	3	1104	GCF_036323735.1
Rattus norvegicus	vertebrate	catsper	CM070393.1:128822490-128840539-	gene-Catsper2	Catsper2	20122	6452	13	6452	GCF_036323735.1
Rattus norvegicus	vertebrate	trpm	CM070393.1:134249336-135066538-	gene-Trpm7	Trpm7	88497	16501	40	5051	GCF_036323735.1
Rattus norvegicus	vertebrate	kv_modifier	CM070393.1:177238349-177604165-	gene-Kcng1	Kcng1	31623	16642	3	5144	GCF_036323735.1
Rattus norvegicus	vertebrate	kv_kcnq	CM070393.1:188152976-189003256-	gene-Kcnq2	Kcnq2	59030	19680	18	63308	GCF_036323735.1
Rattus norvegicus	vertebrate	bestrophin	CM070397.1:54501675-55026882+	gene-Best3	Best3	49133	14579	10	14579	GCF_036323735.1
Rattus norvegicus	vertebrate	kv_modifier	CM070397.1:67908629-67910062+	gene-Kcns2	Kcns2	6071	595	3	0	GCF_036323735.1
Rattus norvegicus	vertebrate	cav	CM070397.1:113748459-114294416+	gene-Cacna1i	Cacna1i	111694	21235	37	141020	GCF_036323735.1
Rattus norvegicus	vertebrate	pannexin	CM070397.1:122019260-122426693+	gene-Panx2	Panx2	13095	6704	5	6657	GCF_036323735.1
Rattus norvegicus	vertebrate	ano_scramblase	CM070397.1:128914117-128990021+	gene-Ano6	Ano6	179815	73794	22	18829	GCF_036323735.1
Rattus norvegicus	vertebrate	asic	CM070397.1:132225239-132879252+	gene-Asic1	Asic1	29447	20627	12	20627	GCF_036323735.1
Rattus norvegicus	vertebrate	nav	CM070397.1:133790759-134434313+	gene-Scn8a	Scn8a	173861	60936	27	20537	GCF_036323735.1
Rattus norvegicus	vertebrate	tmc	CM070391.1:74457372-74465959+	gene-Tmc4	Tmc4	11909	3763	15	3763	GCF_036323735.1
Rattus norvegicus	vertebrate	kv_shaker	CM070391.1:104568145-105395663+	gene-Kcna7	Kcna7	5493	1901	2	1955	GCF_036323735.1
Rattus norvegicus	vertebrate	ano_scramblase	CM070391.1:110251299-110318630+	gene-Ano5	Ano5	99159	16651	22	16618	GCF_036323735.1
Rattus norvegicus	vertebrate	gabaa	CM070391.1:117603531-117834166+	gene-Gabrb3	Gabrb3	235435	169228	9	169228	GCF_036323735.1
Rattus norvegicus	vertebrate	trpm	CM070391.1:126740035-127649031+	gene-Trpm1	Trpm1	115705	49947	27	324932	GCF_036323735.1
Rattus norvegicus	vertebrate	tmc	CM070391.1:146962703-147385051+	gene-Tmc3	Tmc3	47095	7266	23	246484	GCF_036323735.1
Rattus norvegicus	vertebrate	cng	CM070391.1:168692527-169167569+	gene-Cnga4	Cnga4	4013	659	6	450468	GCF_036323735.1
Rattus norvegicus	vertebrate	enac	CM070391.1:185739637-185769167+	gene-Scnn1g	Scnn1g	33875	14186	13	14186	GCF_036323735.1
Rattus norvegicus	vertebrate	enac	CM070391.1:185894684-185915254+	gene-Scnn1b	Scnn1b	54408	33262	14	6345	GCF_036323735.1
Rattus norvegicus	vertebrate	orai	CM070391.1:191526249-192011851+	gene-Orai3	Orai3	4860	3036	2	109064	GCF_036323735.1
Rattus norvegicus	vertebrate	kv_kcnq	CM070391.1:207597382-208263798+	gene-Kcnq1	Kcnq1	332881	94154	16	94154	GCF_036323735.1
Rattus norvegicus	vertebrate	trpm	CM070391.1:225628110-225746727+	gene-Trpm6	Trpm6	170161	50190	40	15327	GCF_036323735.1
Rattus norvegicus	vertebrate	trpm	CM070391.1:229471556-230461857+	gene-Trpm3	Trpm3	884432	595686	25	119377	GCF_036323735.1
Rattus norvegicus	vertebrate	osca_tmem63	CM070399.1:22817872-23267599+	gene-Tmem63b	Tmem63b	26832	6406	24	3622	GCF_036323735.1
Rattus norvegicus	vertebrate	cng	CM070399.1:46509820-47241225+	gene-Cnga3	Cnga3	46510	13989	7	9298	GCF_036323735.1
Rattus norvegicus	vertebrate	asic	CM070399.1:84390602-84449172+	gene-Asic4	Asic4	21369	14956	10	38676	GCF_036323735.1
Rattus norvegicus	vertebrate	trpm	CM070399.1:96372676-96822097+	gene-Trpm8	Trpm8	86277	12763	26	400165	GCF_036323735.1
Rattus norvegicus	vertebrate	ano_scramblase	CM070399.1:101198752-101392446+	gene-Ano7	Ano7	29432	3757	24	90604	GCF_036323735.1
Rattus norvegicus	vertebrate	cav	CM070406.1:4105368-5829675-	gene-Cacna1d	Cacna1d	294407	143305	51	143305	GCF_036323735.1
Rattus norvegicus	vertebrate	tric	CM070406.1:17293380-17307429-	gene-Tmem38a	Tmem38a	15490	7914	6	7914	GCF_036323735.1
Rattus norvegicus	vertebrate	ano_scramblase	CM070406.1:17931531-18206286-	gene-Ano8	Ano8	9321	1460	18	9451	GCF_036323735.1
Rattus norvegicus	vertebrate	glyr	CM070406.1:39216030-39856565-	gene-Glra3	Glra3	646471	491240	10	491240	GCF_036323735.1
Rattus norvegicus	vertebrate	nachr	CM070406.1:71418113-71438966-	gene-Chrnb3	Chrnb3	37918	15065	6	10603	GCF_036323735.1
Rattus norvegicus	vertebrate	kca_slo	CM070406.1:72535321-72942762-	gene-Kcnu1	Kcnu1	87675	13783	27	232389	GCF_036323735.1
Rattus norvegicus	vertebrate	hcn	CM070392.1:50793388-52110889+	gene-Hcn1	Hcn1	404097	184546	8	184546	GCF_036323735.1
Rattus norvegicus	vertebrate	trpc	CM070392.1:140501296-141114386+	gene-Trpc4	Trpc4	168674	43597	12	43597	GCF_036323735.1
Rattus norvegicus	vertebrate	kca_sk	CM070392.1:176816063-177791785+	gene-Kcnn3	Kcnn3	144510	44521	8	44521	GCF_036323735.1
Rattus norvegicus	vertebrate	connexin	CM070392.1:186994075-187753739+	gene-Gja5	Gja5	19544	16461	2	204215	GCF_036323735.1
Rattus norvegicus	vertebrate	kv_shaker	CM070392.1:195633081-196283427+	gene-Kcnd3	Kcnd3	217903	193917	8	193917	GCF_036323735.1
Rattus norvegicus	vertebrate	kv_shaker	CM070392.1:197075873-197322155+	gene-Kcna3	Kcna3	1954	0	1	0	GCF_036323735.1
Rattus norvegicus	vertebrate	kv_shaker	CM070392.1:197395920-197397440+	gene-Kcna2	Kcna2	13812	2056	3	0	GCF_036323735.1
Rattus norvegicus	vertebrate	kv_shaker	CM070392.1:197485366-197486628+	gene-Kcna10	Kcna10	12076	10321	2	0	GCF_036323735.1
Rattus norvegicus	vertebrate	trpml	CM070392.1:237327763-238090713+	gene-Mcoln3	Mcoln3	109188	54026	15	5022	GCF_036323735.1
Rattus norvegicus	vertebrate	cav	CM070400.1:14507137-14952101-	gene-Cacna1h	Cacna1h	57686	34321	34	105556	GCF_036323735.1
Rattus norvegicus	vertebrate	gabaa	CM070400.1:26879038-27281714-	gene-Gabrg2	Gabrg2	88598	41330	10	41330	GCF_036323735.1
Rattus norvegicus	vertebrate	gabaa	CM070400.1:27312785-27326710-	gene-Gabra6	Gabra6	15366	8069	9	7952	GCF_036323735.1
Rattus norvegicus	vertebrate	glyr	CM070400.1:40130712-40227622-	gene-Glra1	Glra1	97695	35745	9	35745	GCF_036323735.1
Rattus norvegicus	vertebrate	asic	CM070400.1:66369163-67438084-	gene-Asic2	Asic2	1069930	975271	10	975271	GCF_036323735.1
Rattus norvegicus	vertebrate	cav	CM070400.1:79121359-80125133-	gene-Cacna1g	Cacna1g	68027	14268	38	325642	GCF_036323735.1
Rattus norvegicus	vertebrate	kv_eag	CM070400.1:86113758-86501025-	gene-Kcnh4	Kcnh4	19833	3083	17	316258	GCF_036323735.1
Rattus norvegicus	vertebrate	connexin	CM070400.1:87772334-88264431-	gene-Gjc1	Gjc1	22650	19396	4	156776	GCF_036323735.1
Rattus norvegicus	vertebrate	nav	CM070400.1:91258999-92276164-	gene-Scn4a	Scn4a	50894	15732	25	395518	GCF_036323735.1
Rattus norvegicus	vertebrate	nmda	CM070400.1:100933187-101048728-	gene-Grin2c	Grin2c	18653	5314	16	2160	GCF_036323735.1
Rattus norvegicus	vertebrate	asic	CM070394.1:11653397-11657089-	gene-Asic3	Asic3	5119	1205	12	1205	GCF_036323735.1
Rattus norvegicus	vertebrate	trpv	CM070394.1:71474457-71489362-	gene-Trpv6	Trpv6	15598	7957	15	7957	GCF_036323735.1
Rattus norvegicus	vertebrate	trpv	CM070394.1:71505587-71529181-	gene-Trpv5	Trpv5	26298	8376	15	8376	GCF_036323735.1
Rattus norvegicus	vertebrate	cav	CM070394.1:153024457-154186110-	gene-Cacna1c	Cacna1c	622068	276789	50	276789	GCF_036323735.1
Rattus norvegicus	vertebrate	kv_shaker	CM070394.1:161041773-161138846-	gene-Kcna5	Kcna5	2957	625	2	0	GCF_036323735.1
Rattus norvegicus	vertebrate	kv_shaker	CM070394.1:161155753-161173094-	gene-Kcna1	Kcna1	8311	369	2	0	GCF_036323735.1
Rattus norvegicus	vertebrate	kv_shaker	CM070394.1:161196653-161754836-	gene-Kcna6	Kcna6	33250	26554	2	111	GCF_036323735.1
Rattus norvegicus	vertebrate	nmda	CM070394.1:169909133-171069906-	gene-Grin2b	Grin2b	555853	126321	22	123929	GCF_036323735.1
Rattus norvegicus	vertebrate	kir	CM070394.1:177201244-177245505-	gene-Kcnj8	Kcnj8	5857	3437	3	21881	GCF_036323735.1
Rattus norvegicus	vertebrate	itpr	CM070394.1:180610025-181134621-	gene-Itpr2	Itpr2	375597	47957	57	47957	GCF_036323735.1
Rattus norvegicus	vertebrate	cav	CM070403.1:49554894-50552519+	gene-Cacna1s	Cacna1s	70236	16487	44	16487	GCF_036323735.1
Rattus norvegicus	vertebrate	kca_slo	CM070403.1:54310386-54691429+	gene-Kcnt2	Kcnt2	394992	94880	29	43047	GCF_036323735.1
Rattus norvegicus	vertebrate	kir	CM070403.1:87362792-87363847+	gene-Kcnj10	Kcnj10	29505	28067	2	0	GCF_036323735.1
Rattus norvegicus	vertebrate	osca_tmem63	CM070403.1:95199509-95636022+	gene-Tmem63a	Tmem63a	32754	4271	23	277893	GCF_036323735.1
Rattus norvegicus	vertebrate	kv_eag	CM070403.1:106253428-107010639+	gene-Kcnh1	Kcnh1	302515	69944	11	179439	GCF_036323735.1
Rattus norvegicus	vertebrate	k2p	CM070396.1:31104713-31663089-	gene-Kcnk3	Kcnk3	37717	33888	2	33888	GCF_036323735.1
Rattus norvegicus	vertebrate	kv_modifier	CM070396.1:39527895-39529370-	gene-Kcns3	Kcns3	56696	27550	4	0	GCF_036323735.1
Rattus norvegicus	vertebrate	kv_eag	CM070396.1:99158140-99643590-	gene-Kcnh5	Kcnh5	286694	91838	11	109074	GCF_036323735.1
Rattus norvegicus	vertebrate	k2p	CM070396.1:122984449-123921482-	gene-Kcnk10	Kcnk10	133164	56040	7	55174	GCF_036323735.1
Rattus norvegicus	vertebrate	trpc	CM070407.1:7722350-8283152+	gene-Trpc7	Trpc7	123845	29428	12	29428	GCF_036323735.1
Rattus norvegicus	vertebrate	ryr	CM070407.1:62990967-63665704+	gene-Ryr2	Ryr2	585627	173100	104	118119	GCF_036323735.1
Rattus norvegicus	vertebrate	trpc	CM070398.1:14103979-14148794+	gene-Trpc6	Trpc6	107138	59607	14	10736	GCF_036323735.1
Rattus norvegicus	vertebrate	kir	CM070398.1:39063968-39064915+	gene-Kcnj1	Kcnj1	28736	25742	4	0	GCF_036323735.1
Rattus norvegicus	vertebrate	nachr	CM070398.1:64106709-64292663+	gene-Chrna5	Chrna5	28842	18144	6	2600	GCF_036323735.1
Rattus norvegicus	vertebrate	hcn	CM070398.1:67657907-68554586+	gene-Hcn4	Hcn4	37421	19630	8	19630	GCF_036323735.1
Rattus norvegicus	vertebrate	trpp	CM070408.1:26061501-26736691+	gene-Pkd2l2	Pkd2l2	45429	11717	16	216054	GCF_036323735.1
Rattus norvegicus	vertebrate	kca_sk	CM070408.1:39891495-40444726+	gene-Kcnn2	Kcnn2	440337	156400	13	72846	GCF_036323735.1
Rattus norvegicus	vertebrate	cng	CM070404.1:35488869-36387024+	gene-Cnga1	Cnga1	38118	22163	9	4051	GCF_036323735.1
Rattus norvegicus	vertebrate	gabaa	CM070404.1:36944838-37019716+	gene-Gabra4	Gabra4	77237	50851	10	42312	GCF_036323735.1
Rattus norvegicus	vertebrate	gabaa	CM070404.1:37771884-37821411+	gene-Gabrg1	Gabrg1	71360	21382	9	15057	GCF_036323735.1
Rattus norvegicus	vertebrate	vdac	CM070405.1:2512857-2984921-	gene-Vdac2	Vdac2	13673	3747	9	3747	GCF_036323735.1
Rattus norvegicus	vertebrate	connexin	CM070405.1:35297069-35298325-	gene-Gja3	Gja3	25460	23870	2	0	GCF_036323735.1
Rattus norvegicus	vertebrate	nalcn	CM070405.1:106317086-107542762-	gene-Nalcn	Nalcn	342709	50627	45	50627	GCF_036323735.1
Rattus norvegicus	vertebrate	trpa	CM070395.1:9087314-9216435+	gene-Trpa1	Trpa1	54591	10534	28	10534	GCF_036323735.1
Rattus norvegicus	vertebrate	gabaa	CM070395.1:52257125-52285929+	gene-Gabrr2	Gabrr2	43284	13723	11	8563	GCF_036323735.1
Rattus norvegicus	vertebrate	gabaa	CM070395.1:52336610-52354901+	gene-Gabrr1	Gabrr1	68942	45826	10	6910	GCF_036323735.1
Rattus norvegicus	vertebrate	tric	CM070395.1:73255690-73289606+	gene-Tmem38b	Tmem38b	35722	17073	6	17073	GCF_036323735.1
Rattus norvegicus	vertebrate	bestrophin	CM070395.1:135860018-136352034+	gene-Best4	Best4	3739	870	9	167800	GCF_036323735.1
Rattus norvegicus	vertebrate	kainate	CM070395.1:142810680-143268170+	gene-Grik3	Grik3	216432	132014	16	132014	GCF_036323735.1
Rattus norvegicus	vertebrate	piezo	CM070408.1:58695594-59306881-	gene-Piezo2	Piezo2	376498	82268	56	82268	GCF_036323735.1
Rattus norvegicus	vertebrate	kv_modifier	CM070408.1:76018328-76405425-	gene-Kcng2	Kcng2	67705	38805	3	359638	GCF_036323735.1
Rattus norvegicus	vertebrate	tmem175	CM070404.1:1218077-1226339-	gene-Tmem175	Tmem175	16839	7957	11	2192	GCF_036323735.1
Rattus norvegicus	vertebrate	lrrc8	CM070404.1:4532824-4561113-	gene-Lrrc8c	Lrrc8c	91338	84716	4	25830	GCF_036323735.1
Rattus norvegicus	vertebrate	trpp	CM070404.1:5160135-5872052-	gene-Pkd2	Pkd2	43320	7435	15	7435	GCF_036323735.1
Rattus norvegicus	vertebrate	gabaa	CM070404.1:36434780-36902822-	gene-Gabrb1	Gabrb1	468555	177488	9	177488	GCF_036323735.1
Rattus norvegicus	vertebrate	nachr	CM070404.1:42589364-42846626-	gene-Chrna9	Chrna9	6722	2500	5	191825	GCF_036323735.1
Rattus norvegicus	vertebrate	otop	CM070404.1:76717330-77089903-	gene-Otop1	Otop1	29029	12188	6	12188	GCF_036323735.1
Rattus norvegicus	vertebrate	connexin	CM070395.1:51566258-51792928-	gene-Gja10	Gja10	10507	4856	3	143393	GCF_036323735.1
Rattus norvegicus	vertebrate	kv_kcnq	CM070395.1:139102546-139843791-	gene-Kcnq4	Kcnq4	51797	29643	14	358167	GCF_036323735.1
Rattus norvegicus	vertebrate	connexin	CM070395.1:144777485-144919333-	gene-Gja4	Gja4	2534	944	2	2879	GCF_036323735.1
Rattus norvegicus	vertebrate	catsper	CM070395.1:151446165-151780398-	gene-Catsper4	Catsper4	19182	5574	11	5574	GCF_036323735.1
Rattus norvegicus	vertebrate	clic	CM070395.1:152740488-153258498-	gene-Clic4	Clic4	59748	32326	6	32326	GCF_036323735.1
Rattus norvegicus	vertebrate	k2p	CM070396.1:12495392-12544111+	gene-Kcnk12	Kcnk12	53789	47481	3	47481	GCF_036323735.1
Rattus norvegicus	vertebrate	osca_tmem63	CM070396.1:112430140-112467324+	gene-Tmem63c	Tmem63c	71469	25845	26	9404	GCF_036323735.1
Rattus norvegicus	vertebrate	k2p	CM070396.1:124971893-125074155+	gene-Kcnk13	Kcnk13	104448	101033	4	101033	GCF_036323735.1
Rattus norvegicus	vertebrate	cav	CM070403.1:68657635-69801691-	gene-Cacna1e	Cacna1e	488179	95287	49	303675	GCF_036323735.1
Rattus norvegicus	vertebrate	kir	CM070403.1:87314236-87317796-	gene-Kcnj9	Kcnj9	8803	2553	5	2553	GCF_036323735.1
Rattus norvegicus	vertebrate	k2p	CM070403.1:102967094-103468575-	gene-Kcnk2	Kcnk2	197300	58912	7	288894	GCF_036323735.1
Rattus norvegicus	vertebrate	kainate	CM070401.1:40530581-41118101-	gene-Grik1	Grik1	400701	241923	18	41811	GCF_036323735.1
Rattus norvegicus	vertebrate	kir	CM070401.1:47436544-48092654-	gene-Kcnj6	Kcnj6	247037	100789	5	109736	GCF_036323735.1
Rattus norvegicus	vertebrate	clic	CM070401.1:44899649-45269643+	gene-Clic6	Clic6	42547	29791	6	178970	GCF_036323735.1
Rattus norvegicus	vertebrate	kir	CM070401.1:48086963-48087985+	gene-Kcnj15	Kcnj15	47214	39364	5	0	GCF_036323735.1
Rattus norvegicus	vertebrate	trpml	CM070402.1:5866083-6738615+	gene-Mcoln1	Mcoln1	13894	3979	15	2442	GCF_036323735.1
Rattus norvegicus	vertebrate	lrrc8	CM070402.1:7380977-7386705+	gene-Lrrc8e	Lrrc8e	11128	8242	5	3341	GCF_036323735.1
Rattus norvegicus	vertebrate	tweety	CM070402.1:19110987-19317752+	gene-Ttyh3	Ttyh3	28594	12822	15	12822	GCF_036323735.1
Rattus norvegicus	vertebrate	orai	CM070402.1:26146104-26625412+	gene-Orai2	Orai2	20120	16311	3	7068	GCF_036323735.1
Rattus norvegicus	vertebrate	tpc	CM070402.1:41529734-42096375+	gene-Tpcn1	Tpcn1	56782	26143	28	26143	GCF_036323735.1
Rattus norvegicus	vertebrate	trpv	CM070402.1:47203095-47934516+	gene-Trpv4	Trpv4	38961	13392	16	5939	GCF_036323735.1
Rattus norvegicus	vertebrate	p2x	CM070402.1:51999469-52001943+	gene-P2rx2	P2rx2	3220	335	12	322	GCF_036323735.1
Rattus norvegicus	vertebrate	kca_slo	CM070393.1:29106357-29569738+	gene-Kcnt1	Kcnt1	53471	24821	32	4350	GCF_036323735.1
Rattus norvegicus	vertebrate	lrrc8	CM070393.1:33926400-33933311+	gene-Lrrc8a	Lrrc8a	27147	15076	5	4479	GCF_036323735.1
Rattus norvegicus	vertebrate	kir	CM070393.1:60354462-60515034+	gene-Kcnj3	Kcnj3	165030	159704	3	150583	GCF_036323735.1
Rattus norvegicus	vertebrate	nav	CM070393.1:70416393-71312515+	gene-Scn2a	Scn2a	134765	49796	27	13292	GCF_036323735.1
Rattus norvegicus	vertebrate	kv_shaker	CM070393.1:114081487-114227365+	gene-Kcna4	Kcna4	7409	3057	2	1469	GCF_036323735.1
Rattus norvegicus	vertebrate	tmc	CM070393.1:137403091-138360367+	gene-Tmc2	Tmc2	67950	13602	19	13602	GCF_036323735.1
Rattus norvegicus	vertebrate	k2p	CM070393.1:172472750-173395585+	gene-Kcnk15	Kcnk15	6219	3834	2	328604	GCF_036323735.1
Rattus norvegicus	vertebrate	delta_glur	CM070406.1:10145163-10891630+	gene-Grid1	Grid1	746917	219378	17	219378	GCF_036323735.1
Rattus norvegicus	vertebrate	kca_sk	CM070406.1:18178906-19043942+	gene-Kcnn1	Kcnn1	22073	6865	11	346434	GCF_036323735.1
Rattus norvegicus	vertebrate	nachr	CM070406.1:71251949-71407220+	gene-Chrna6	Chrna6	6701	1752	6	1752	GCF_036323735.1
Rattus norvegicus	vertebrate	vdac	CM070406.1:76142052-76153513+	gene-Vdac3	Vdac3	16445	4489	9	3787	GCF_036323735.1
Rattus norvegicus	vertebrate	kca_slo	CM070405.1:321754-1153401+	gene-Kcnma1	Kcnma1	705274	194883	31	194883	GCF_036323735.1
Rattus norvegicus	vertebrate	k2p	CM070405.1:4091762-4463266+	gene-Kcnk16	Kcnk16	7245	3460	5	225458	GCF_036323735.1
Rattus norvegicus	vertebrate	nachr	CM070405.1:44285599-44534053+	gene-Chrna2	Chrna2	19814	7063	8	65367	GCF_036323735.1
Rattus norvegicus	vertebrate	clic	CM070399.1:24213526-24724921-	gene-Clic5	Clic5	150753	95964	6	157646	GCF_036323735.1
Rattus norvegicus	vertebrate	kv_kcnq	CM070399.1:31046754-32342587-	gene-Kcnq5	Kcnq5	565283	365874	15	365874	GCF_036323735.1
Rattus norvegicus	vertebrate	p2x	CM070402.1:38713041-40017019-	gene-P2rx4	P2rx4	17919	5763	12	5389	GCF_036323735.1
Rattus norvegicus	vertebrate	glyr	CM070411.1:32376413-32965211+	gene-Glra2	Glra2	221091	90801	9	90801	GCF_036323735.1
Rattus norvegicus	vertebrate	connexin	CM070411.1:37652393-38305770+	gene-Gja6	Gja6	4897	2844	2	270416	GCF_036323735.1
Rattus norvegicus	vertebrate	connexin	CM070411.1:70548318-71046861+	gene-Gjb1	Gjb1	7977	6391	3	0	GCF_036323735.1
Rattus norvegicus	vertebrate	ampa	CM070411.1:125104637-125362513+	gene-Gria3	Gria3	265909	72366	17	72366	GCF_036323735.1
Rattus norvegicus	vertebrate	cng	CM070411.1:154305105-155115819+	gene-Cnga2	Cnga2	18086	11003	7	1422	GCF_036323735.1
Rattus norvegicus	vertebrate	gabaa	CM070411.1:155734549-155751186+	gene-Gabrq	Gabrq	16788	4012	10	6197	GCF_036323735.1
Rattus norvegicus	vertebrate	bestrophin	CM070409.1:40047362-40538912+	gene-Best2	Best2	7291	1212	10	275087	GCF_036323735.1
Rattus norvegicus	vertebrate	k2p	CM070409.1:70500525-71380389+	gene-Kcnk1	Kcnk1	38573	31530	4	321924	GCF_036323735.1
Rattus norvegicus	vertebrate	clic	CM070410.1:85786-172255+	gene-Clic2	Clic2	15564	9145	7	39804	GCF_036323735.1
Rattus norvegicus	vertebrate	itpr	CM070410.1:5069466-5599279+	gene-Itpr3	Itpr3	65529	14486	59	316779	GCF_036323735.1
Rattus norvegicus	vertebrate	trpm	CM070410.1:10251089-11100420+	gene-Trpm2	Trpm2	50381	4862	34	3296	GCF_036323735.1
Rattus norvegicus	vertebrate	connexin	CM070410.1:36312042-36444462+	gene-Gja1	Gja1	12532	9490	2	0	GCF_036323735.1
Rattus norvegicus	vertebrate	cav	CM070411.1:16873930-18217369-	gene-Cacna1f	Cacna1f	28317	1577	48	9221	GCF_036323735.1
Rattus norvegicus	vertebrate	glyr	CM070411.1:104902827-105083592-	gene-Glra4	Glra4	24180	4901	9	4886	GCF_036323735.1
Rattus norvegicus	vertebrate	trpc	CM070411.1:112315555-113056143-	gene-Trpc5	Trpc5	284811	144421	11	47624	GCF_036323735.1
Rattus norvegicus	vertebrate	gabaa	CM070411.1:155103566-155427422-	gene-Gabra3	Gabra3	241892	93954	10	29332	GCF_036323735.1
Rattus norvegicus	vertebrate	cav	CM070409.1:40032845-41571900-	gene-Cacna1a	Cacna1a	298959	56936	49	159032	GCF_036323735.1
Rattus norvegicus	vertebrate	kv_modifier	CM070409.1:63409426-64927130-	gene-Kcng4	Kcng4	13361	6300	5	6300	GCF_036323735.1
Rattus norvegicus	vertebrate	piezo	CM070409.1:67232948-67918788-	gene-Piezo1	Piezo1	62197	32422	52	32422	GCF_036323735.1
Rattus norvegicus	vertebrate	calhm	CM070410.1:26610132-26615371-	gene-Calhm5	Calhm5	6079	4382	2	4382	GCF_036323735.1
Rattus norvegicus	vertebrate	calhm	CM070410.1:26638799-26640345-	gene-Calhm6	Calhm6	10375	8349	3	605	GCF_036323735.1
Rattus norvegicus	vertebrate	mcu	CM070410.1:26987834-28278741-	gene-Mcu	Mcu	162584	119690	10	119690	GCF_036323735.1
Rattus norvegicus	vertebrate	kainate	CM070410.1:53455022-54587886-	gene-Grik2	Grik2	704451	225797	18	225797	GCF_036323735.1
Rattus norvegicus	vertebrate	tmem87	r4_CM070393.1:127343263-128250685-	gene-Tmem87a	Tmem87a	45825	6590	20	6590	GCF_036323735.1
Rattus norvegicus	vertebrate	tmem109	r4_CM070391.1:216945606-216948246-	gene-Tmem109	Tmem109	10608	6774	6	1470	GCF_036323735.1
Rattus norvegicus	vertebrate	clcc1	r4_CM070392.1:198994397-199486726+	gene-Clcc1	Clcc1	30514	9855	12	6791	GCF_036323735.1
Rattus norvegicus	vertebrate	mitok	r4_CM070398.1:118616563-118619720+	gene-Ccdc51	Ccdc51	18928	15185	4	1496	GCF_036323735.1
Rattus norvegicus	vertebrate	gphr	r4_CM070392.1:187097291-187134296-	gene-Gphra	Gphra	37422	9680	14	9680	GCF_036323735.1
Rattus norvegicus	vertebrate	tmco1	r4_CM070403.1:81993076-82015956+	gene-Tmco1	Tmco1	23325	6913	7	6913	GCF_036323735.1
Rattus norvegicus	vertebrate	pacc	r4_CM070403.1:105041955-105460442+	gene-Pacc1	Pacc1	25056	13754	8	12054	GCF_036323735.1
Homo sapiens	vertebrate	tmem175	CM000666.2:947740-958496+	gene-TMEM175	TMEM175	26197	17883	12	2266	GCF_000001405.40
Homo sapiens	vertebrate	gabaa	CM000666.2:47031652-47426018+	gene-GABRB1	GABRB1	432801	158657	10	158657	GCF_000001405.40
Homo sapiens	vertebrate	trpp	CM000666.2:87754234-88542114+	gene-PKD2	PKD2	70143	16648	15	16648	GCF_000001405.40
Homo sapiens	vertebrate	delta_glur	CM000666.2:92304657-93772498+	gene-GRID2	GRID2	1506491	520461	17	494708	GCF_000001405.40
Homo sapiens	vertebrate	ampa	CM000666.2:157221043-157530117+	gene-GRIA2	GRIA2	145956	81744	16	81744	GCF_000001405.40
Homo sapiens	vertebrate	kv_kcnq	CM000673.2:2330754-3204391+	gene-KCNQ1	KCNQ1	404098	106762	17	106762	GCF_000001405.40
Homo sapiens	vertebrate	ano_scramblase	CM000673.2:22221109-22279687+	gene-ANO5	ANO5	90885	17246	22	10552	GCF_000001405.40
Homo sapiens	vertebrate	ano_scramblase	CM000673.2:26332252-26660444+	gene-ANO3	ANO3	474482	132198	28	44955	GCF_000001405.40
Homo sapiens	vertebrate	p2x	CM000673.2:57338536-57369997+	gene-P2RX3	P2RX3	36447	17110	13	17110	GCF_000001405.40
Homo sapiens	vertebrate	bestrophin	CM000673.2:61951807-62413993+	gene-BEST1	BEST1	15695	4790	11	3148	GCF_000001405.40
Homo sapiens	vertebrate	k2p	CM000673.2:64293019-64544047+	gene-KCNK4	KCNK4	8730	3670	7	3670	GCF_000001405.40
Homo sapiens	vertebrate	tpc	CM000673.2:68603359-69087953+	gene-TPCN2	TPCN2	41666	5480	25	212093	GCF_000001405.40
Homo sapiens	vertebrate	ano_channel	CM000673.2:69595102-70613378+	gene-ANO1	ANO1	223534	111896	28	92375	GCF_000001405.40
Homo sapiens	vertebrate	pannexin	CM000673.2:94129313-94180175+	gene-PANX1	PANX1	53128	24738	6	24738	GCF_000001405.40
Homo sapiens	vertebrate	ampa	CM000673.2:105345011-105979739+	gene-GRIA4	GRIA4	372097	140546	17	140546	GCF_000001405.40
Homo sapiens	vertebrate	ht3	CM000673.2:113812117-113989763+	gene-HTR3A	HTR3A	15206	2725	9	2725	GCF_000001405.40
Homo sapiens	vertebrate	kainate	CM000673.2:120802731-120982215+	gene-GRIK4	GRIK4	477159	154977	23	34853	GCF_000001405.40
Homo sapiens	vertebrate	pannexin	CM000673.2:124611557-124619893+	gene-PANX3	PANX3	8929	4151	4	4151	GCF_000001405.40
Homo sapiens	vertebrate	kir	CM000673.2:128911361-129403226+	gene-KCNJ5	KCNJ5	29808	19542	4	4198	GCF_000001405.40
Homo sapiens	vertebrate	kca_sk	CM000667.2:113889380-114549745+	gene-KCNN2	KCNN2	440519	164308	13	58192	GCF_000001405.40
Homo sapiens	vertebrate	trpp	CM000667.2:137890480-137925078+	gene-PKD2L2	PKD2L2	53291	16454	15	12689	GCF_000001405.40
Homo sapiens	vertebrate	ampa	CM000667.2:153411092-154028883+	gene-GRIA1	GRIA1	324255	156264	17	152862	GCF_000001405.40
Homo sapiens	vertebrate	gabaa	CM000667.2:161672505-161701764+	gene-GABRA6	GABRA6	16872	9297	9	13655	GCF_000001405.40
Homo sapiens	vertebrate	gabaa	CM000667.2:161943141-162153368+	gene-GABRG2	GABRG2	88075	38140	11	38137	GCF_000001405.40
Homo sapiens	vertebrate	ano_channel	CM000674.2:5085684-6123741-	gene-ANO2	ANO2	383578	84718	27	84718	GCF_000001405.40
Homo sapiens	vertebrate	enac	CM000674.2:6348128-6374765-	gene-SCNN1A	SCNN1A	30513	10657	13	10657	GCF_000001405.40
Homo sapiens	vertebrate	nmda	CM000674.2:13160285-13866238-	gene-GRIN2B	GRIN2B	444798	115115	15	111882	GCF_000001405.40
Homo sapiens	vertebrate	itpr	CM000674.2:25958571-26832781-	gene-ITPR2	ITPR2	497843	64391	59	64391	GCF_000001405.40
Homo sapiens	vertebrate	bestrophin	CM000674.2:69253073-69697798-	gene-BEST3	BEST3	55796	27640	10	15614	GCF_000001405.40
Homo sapiens	vertebrate	trpv	CM000674.2:109451595-110257421-	gene-TRPV4	TRPV4	50312	18522	16	5942	GCF_000001405.40
Homo sapiens	vertebrate	hv1	CM000674.2:110647195-110661448-	gene-HVCN1	HVCN1	56267	27176	9	5825	GCF_000001405.40
Homo sapiens	vertebrate	cav	CM000674.2:1896581-3167962+	gene-CACNA1C	CACNA1C	727171	328545	53	328545	GCF_000001405.40
Homo sapiens	vertebrate	kv_shaker	CM000674.2:4809465-4874171+	gene-KCNA6	KCNA6	41779	33934	3	66	GCF_000001405.40
Homo sapiens	vertebrate	kv_shaker	CM000674.2:4911379-4912866+	gene-KCNA1	KCNA1	8352	367	2	0	GCF_000001405.40
Homo sapiens	vertebrate	kv_shaker	CM000674.2:5044400-5045764+	gene-KCNA5	KCNA5	2910	0	1	0	GCF_000001405.40
Homo sapiens	vertebrate	ano_scramblase	CM000674.2:44924491-45429248+	gene-ANO6	ANO6	224310	114903	21	20324	GCF_000001405.40
Homo sapiens	vertebrate	asic	CM000674.2:49706376-50429191+	gene-ASIC1	ASIC1	26027	17258	13	17258	GCF_000001405.40
Homo sapiens	vertebrate	nav	CM000674.2:51601277-52258580+	gene-SCN8A	SCN8A	221632	71404	27	23994	GCF_000001405.40
Homo sapiens	vertebrate	ano_scramblase	CM000674.2:100623793-101127070+	gene-ANO4	ANO4	411381	161540	30	161540	GCF_000001405.40
Homo sapiens	vertebrate	tpc	CM000674.2:113226853-113496059+	gene-TPCN1	TPCN1	77122	38741	29	33403	GCF_000001405.40
Homo sapiens	vertebrate	p2x	CM000674.2:120710354-121324030+	gene-P2RX4	P2RX4	23978	18234	13	6835	GCF_000001405.40
Homo sapiens	vertebrate	p2x	CM000674.2:132618850-132621690+	gene-P2RX2	P2RX2	3613	922	12	449	GCF_000001405.40
Homo sapiens	vertebrate	kv_modifier	CM000664.2:17931009-17932484+	gene-KCNS3	KCNS3	55112	39633	4	0	GCF_000001405.40
Homo sapiens	vertebrate	k2p	CM000664.2:26545811-26932120+	gene-KCNK3	KCNK3	40699	34508	2	34508	GCF_000001405.40
Homo sapiens	vertebrate	cng	CM000664.2:97942960-98580275+	gene-CNGA3	CNGA3	52146	23404	9	9303	GCF_000001405.40
Homo sapiens	vertebrate	kir	CM000664.2:154698893-154854887+	gene-KCNJ3	KCNJ3	159660	155249	3	144907	GCF_000001405.40
Homo sapiens	vertebrate	nav	CM000664.2:165295824-165840600+	gene-SCN2A	SCN2A	152891	56132	28	10727	GCF_000001405.40
Homo sapiens	vertebrate	asic	CM000664.2:219514839-219537324+	gene-ASIC4	ASIC4	31680	16451	10	16451	GCF_000001405.40
Homo sapiens	vertebrate	trpm	CM000664.2:233937363-233996515+	gene-TRPM8	TRPM8	102150	20782	26	10460	GCF_000001405.40
Homo sapiens	vertebrate	ano_scramblase	CM000664.2:240763786-241223826+	gene-ANO7	ANO7	51632	21009	25	4762	GCF_000001405.40
Homo sapiens	vertebrate	tweety	CM000669.2:2476379-2833924+	gene-TTYH3	TTYH3	32817	14574	14	14574	GCF_000001405.40
Homo sapiens	vertebrate	orai	CM000669.2:102008372-102512277+	gene-ORAI2	ORAI2	23251	10179	4	7331	GCF_000001405.40
Homo sapiens	vertebrate	cftr	CM000669.2:117480095-117667108+	gene-CFTR	CFTR	188641	28083	27	28083	GCF_000001405.40
Homo sapiens	vertebrate	kv_shaker	CM000669.2:120274633-120745914+	gene-KCND2	KCND2	477430	457155	7	457155	GCF_000001405.40
Homo sapiens	vertebrate	clc_channel	CM000669.2:142843190-143643955+	gene-CLCN1	CLCN1	35973	6379	23	6379	GCF_000001405.40
Homo sapiens	vertebrate	asic	CM000669.2:151048886-151052065+	gene-ASIC3	ASIC3	4465	686	11	686	GCF_000001405.40
Homo sapiens	vertebrate	kv_eag	CM000676.2:62582763-63045186-	gene-KCNH5	KCNH5	345995	100280	11	100280	GCF_000001405.40
Homo sapiens	vertebrate	k2p	CM000676.2:87870862-88322798-	gene-KCNK10	KCNK10	146805	62867	7	59195	GCF_000001405.40
Homo sapiens	vertebrate	itpr	CM000665.2:4516483-5026637+	gene-ITPR1	ITPR1	354159	106668	62	106668	GCF_000001405.40
Homo sapiens	vertebrate	kv_eag	CM000665.2:19148720-19456967+	gene-KCNH8	KCNH8	387133	132402	16	104858	GCF_000001405.40
Homo sapiens	vertebrate	cav	CM000665.2:53046235-55074206+	gene-CACNA1D	CACNA1D	319123	149274	50	149058	GCF_000001405.40
Homo sapiens	vertebrate	trpc	CM000665.2:142724560-142806235+	gene-TRPC1	TRPC1	83855	77437	13	29171	GCF_000001405.40
Homo sapiens	vertebrate	ht3	CM000665.2:184054720-184060352+	gene-HTR3C	HTR3C	7627	1573	9	1382	GCF_000001405.40
Homo sapiens	vertebrate	ht3	CM000665.2:184100484-184106693+	gene-HTR3E	HTR3E	9932	3530	9	2652	GCF_000001405.40
Homo sapiens	vertebrate	connexin	CM000672.2:35607547-35608273+	gene-GJD4	GJD4	3595	1946	2	0	GCF_000001405.40
Homo sapiens	vertebrate	mcu	CM000672.2:72599514-72885822+	gene-MCU	MCU	195552	142057	8	142057	GCF_000001405.40
Homo sapiens	vertebrate	vdac	CM000672.2:74812281-75230989+	gene-VDAC2	VDAC2	21279	7241	12	7241	GCF_000001405.40
Homo sapiens	vertebrate	k2p	CM000664.2:47520907-47570277-	gene-KCNK12	KCNK12	61696	48132	2	48132	GCF_000001405.40
Homo sapiens	vertebrate	kv_eag	CM000664.2:162083983-162838518-	gene-KCNH7	KCNH7	467361	299456	17	299456	GCF_000001405.40
Homo sapiens	vertebrate	nav	CM000664.2:165089210-165176394-	gene-SCN3A	SCN3A	116525	17075	29	12460	GCF_000001405.40
Homo sapiens	vertebrate	nav	CM000664.2:165493751-166311771-	gene-SCN1A	SCN1A	164521	75376	29	20320	GCF_000001405.40
Homo sapiens	vertebrate	nachr	CM000664.2:174748163-174759622-	gene-CHRNA1	CHRNA1	16881	4718	10	3333	GCF_000001405.40
Homo sapiens	vertebrate	gabaa	CM000663.2:2025333-2029741+	gene-GABRD	GABRD	11414	5450	9	1838	GCF_000001405.40
Homo sapiens	vertebrate	clic	CM000663.2:24297989-25248953+	gene-CLIC4	CLIC4	98875	52116	6	52116	GCF_000001405.40
Homo sapiens	vertebrate	catsper	CM000663.2:26190637-26336565+	gene-CATSPER4	CATSPER4	12363	3797	10	3797	GCF_000001405.40
Homo sapiens	vertebrate	connexin	CM000663.2:34794214-35192277+	gene-GJA4	GJA4	2749	1128	2	70721	GCF_000001405.40
Homo sapiens	vertebrate	kv_kcnq	CM000663.2:40760609-41918173+	gene-KCNQ4	KCNQ4	56666	32857	14	259817	GCF_000001405.40
Homo sapiens	vertebrate	lrrc8	CM000663.2:89686468-89714982+	gene-LRRC8C	LRRC8C	103710	79386	4	26097	GCF_000001405.40
Homo sapiens	vertebrate	connexin	CM000663.2:147907956-148362738+	gene-GJA8	GJA8	11692	5083	2	0	GCF_000001405.40
Homo sapiens	vertebrate	nachr	CM000663.2:154531445-154575917+	gene-CHRNB2	CHRNB2	12236	3600	6	3600	GCF_000001405.40
Homo sapiens	vertebrate	hcn	CM000663.2:154787270-155716775+	gene-HCN3	HCN3	12386	4542	8	259278	GCF_000001405.40
Homo sapiens	vertebrate	kir	CM000663.2:160046861-160556579+	gene-KCNJ9	KCNJ9	9026	2605	4	62226	GCF_000001405.40
Homo sapiens	vertebrate	cav	CM000663.2:181483943-182242209+	gene-CACNA1E	CACNA1E	490386	95009	50	170395	GCF_000001405.40
Homo sapiens	vertebrate	k2p	CM000663.2:215086490-215383977+	gene-KCNK2	KCNK2	231549	80412	8	44448	GCF_000001405.40
Homo sapiens	vertebrate	k2p	CM000663.2:233614172-233671485+	gene-KCNK1	KCNK1	58409	52068	5	52068	GCF_000001405.40
Homo sapiens	vertebrate	ryr	CM000663.2:237042522-237832647+	gene-RYR2	RYR2	791805	227927	107	227927	GCF_000001405.40
Homo sapiens	vertebrate	cav	CM000678.2:1194973-1704867+	gene-CACNA1H	CACNA1H	68663	40935	35	169076	GCF_000001405.40
Homo sapiens	vertebrate	tmc	CM000678.2:19016454-19494369+	gene-TMC7	TMC7	80009	25041	17	434767	GCF_000001405.40
Homo sapiens	vertebrate	enac	CM000678.2:23186269-23215469+	gene-SCNN1G	SCNN1G	34139	12322	13	12322	GCF_000001405.40
Homo sapiens	vertebrate	enac	CM000678.2:23348591-23380798+	gene-SCNN1B	SCNN1B	103064	64787	14	12366	GCF_000001405.40
Homo sapiens	vertebrate	orai	CM000678.2:30727047-31185183+	gene-ORAI3	ORAI3	5871	3667	2	201162	GCF_000001405.40
Homo sapiens	vertebrate	nmda	CM000678.2:9283210-10538163-	gene-GRIN2A	GRIN2A	429505	241446	14	241446	GCF_000001405.40
Homo sapiens	vertebrate	kv_modifier	CM000678.2:84222259-84412604-	gene-KCNG4	KCNG4	21356	13709	3	13709	GCF_000001405.40
Homo sapiens	vertebrate	piezo	CM000678.2:88714621-89108034-	gene-PIEZO1	PIEZO1	69883	35421	51	35421	GCF_000001405.40
Homo sapiens	vertebrate	kca_slo	CM000670.2:36784338-36935764+	gene-KCNU1	KCNU1	151752	41186	27	31875	GCF_000001405.40
Homo sapiens	vertebrate	vdac	CM000670.2:42394212-42405462+	gene-VDAC3	VDAC3	14058	4433	11	3578	GCF_000001405.40
Homo sapiens	vertebrate	nachr	CM000670.2:42708746-42736594+	gene-CHRNB3	CHRNB3	40042	20159	7	20159	GCF_000001405.40
Homo sapiens	vertebrate	kv_modifier	CM000670.2:98427980-98429413+	gene-KCNS2	KCNS2	5896	608	2	0	GCF_000001405.40
Homo sapiens	vertebrate	kainate	CM000663.2:36562707-37310171-	gene-GRIK3	GRIK3	238989	142897	16	142897	GCF_000001405.40
Homo sapiens	vertebrate	connexin	CM000663.2:38875286-38876098-	gene-GJA9	GJA9	7519	5238	2	0	GCF_000001405.40
Homo sapiens	vertebrate	bestrophin	CM000663.2:44372953-44787705-	gene-BEST4	BEST4	10989	2788	11	177704	GCF_000001405.40
Homo sapiens	vertebrate	trpml	CM000663.2:84605908-85215668-	gene-MCOLN3	MCOLN3	30419	10881	14	6758	GCF_000001405.40
Homo sapiens	vertebrate	kv_shaker	CM000663.2:110517270-110518532-	gene-KCNA10	KCNA10	1959	0	1	0	GCF_000001405.40
Homo sapiens	vertebrate	kv_shaker	CM000663.2:110603283-110604782-	gene-KCNA2	KCNA2	37861	25672	5	0	GCF_000001405.40
Homo sapiens	vertebrate	kv_shaker	CM000663.2:110673082-110674653-	gene-KCNA3	KCNA3	21381	0	1	0	GCF_000001405.40
Homo sapiens	vertebrate	kv_shaker	CM000663.2:111777070-111982726-	gene-KCND3	KCND3	219007	194514	8	194514	GCF_000001405.40
Homo sapiens	vertebrate	connexin	CM000663.2:147423330-147759238-	gene-GJA5	GJA5	17153	13980	2	194379	GCF_000001405.40
Homo sapiens	vertebrate	kca_sk	CM000663.2:154325727-155273406-	gene-KCNN3	KCNN3	172827	49695	9	49695	GCF_000001405.40
Homo sapiens	vertebrate	kir	CM000663.2:160041396-160042451-	gene-KCNJ10	KCNJ10	32694	27489	2	0	GCF_000001405.40
Homo sapiens	vertebrate	kca_slo	CM000663.2:196235982-196492367-	gene-KCNT2	KCNT2	382662	115873	29	35535	GCF_000001405.40
Homo sapiens	vertebrate	cav	CM000663.2:200617737-201592233-	gene-CACNA1S	CACNA1S	72915	16142	44	16142	GCF_000001405.40
Homo sapiens	vertebrate	kv_eag	CM000663.2:210326204-211133939-	gene-KCNH1	KCNH1	455835	214697	12	265024	GCF_000001405.40
Homo sapiens	vertebrate	osca_tmem63	CM000663.2:225653384-225877592-	gene-TMEM63A	TMEM63A	41825	4709	25	195225	GCF_000001405.40
Homo sapiens	vertebrate	kca_slo	CM000672.2:76440155-77637715-	gene-KCNMA1	KCNMA1	768207	386008	32	233241	GCF_000001405.40
Homo sapiens	vertebrate	delta_glur	CM000672.2:85602273-86366392-	gene-GRID1	GRID1	767244	222579	16	222579	GCF_000001405.40
Homo sapiens	vertebrate	trpp	CM000672.2:99853813-100791809-	gene-PKD2L1	PKD2L1	42080	29492	16	29492	GCF_000001405.40
Homo sapiens	vertebrate	calhm	CM000672.2:103447152-103449941-	gene-CALHM2	CALHM2	5585	2056	5	1818	GCF_000001405.40
Homo sapiens	vertebrate	calhm	CM000672.2:103455262-103458751-	gene-CALHM1	CALHM1	5661	2449	2	2449	GCF_000001405.40
Homo sapiens	vertebrate	hcn	CM000667.2:45153221-45696273-	gene-HCN1	HCN1	441433	183177	8	183177	GCF_000001405.40
Homo sapiens	vertebrate	vdac	CM000667.2:133972771-134421689-	gene-VDAC1	VDAC1	142670	112447	12	9898	GCF_000001405.40
Homo sapiens	vertebrate	trpc	CM000667.2:136213462-136357360-	gene-TRPC7	TRPC7	152801	90171	12	40828	GCF_000001405.40
Homo sapiens	vertebrate	glyr	CM000667.2:151822673-151924540-	gene-GLRA1	GLRA1	102339	37705	9	32055	GCF_000001405.40
Homo sapiens	vertebrate	gabaa	CM000667.2:161294081-161546643-	gene-GABRB2	GABRB2	259969	85382	11	85382	GCF_000001405.40
Homo sapiens	vertebrate	nachr	CM000670.2:27461629-27866018-	gene-CHRNA2	CHRNA2	19506	7825	8	3235	GCF_000001405.40
Homo sapiens	vertebrate	nachr	CM000670.2:42753179-42879602-	gene-CHRNA6	CHRNA6	16167	8027	7	5951	GCF_000001405.40
Homo sapiens	vertebrate	trpa	CM000670.2:72022921-72075409-	gene-TRPA1	TRPA1	68761	14485	29	6715	GCF_000001405.40
Homo sapiens	vertebrate	kv_kcnq	CM000670.2:132129271-132674151-	gene-KCNQ3	KCNQ3	360235	293965	15	293965	GCF_000001405.40
Homo sapiens	vertebrate	k2p	CM000670.2:139618258-139703376-	gene-KCNK9	KCNK9	102286	83610	2	83610	GCF_000001405.40
Homo sapiens	vertebrate	trpm	CM000673.2:2348438-2780106-	gene-TRPM5	TRPM5	40524	9332	29	357037	GCF_000001405.40
Homo sapiens	vertebrate	nachr	CM000673.2:3666113-3669915-	gene-CHRNA10	CHRNA10	5798	1431	5	1431	GCF_000001405.40
Homo sapiens	vertebrate	kv_shaker	CM000673.2:30010717-30012678-	gene-KCNA4	KCNA4	7301	3111	2	0	GCF_000001405.40
Homo sapiens	vertebrate	trpc	CM000673.2:101452991-101504809-	gene-TRPC6	TRPC6	132444	79133	13	16081	GCF_000001405.40
Homo sapiens	vertebrate	kir	CM000673.2:128839236-128840195-	gene-KCNJ1	KCNJ1	29277	26908	4	0	GCF_000001405.40
Homo sapiens	vertebrate	connexin	CM000675.2:20141981-20143288-	gene-GJA3	GJA3	23311	17960	2	0	GCF_000001405.40
Homo sapiens	vertebrate	trpc	CM000675.2:37264954-37783336-	gene-TRPC4	TRPC4	237710	90620	12	53601	GCF_000001405.40
Homo sapiens	vertebrate	nalcn	CM000675.2:100864372-101837198-	gene-NALCN	NALCN	363404	52899	45	52899	GCF_000001405.40
Homo sapiens	vertebrate	tmc	CM000671.2:72271394-73185063+	gene-TMC1	TMC1	316690	72231	24	260877	GCF_000001405.40
Homo sapiens	vertebrate	tric	CM000671.2:105694661-105859952+	gene-TMEM38B	TMEM38B	82089	42319	7	25674	GCF_000001405.40
Homo sapiens	vertebrate	lrrc8	CM000671.2:128907165-128916371+	gene-LRRC8A	LRRC8A	35907	24906	6	6774	GCF_000001405.40
Homo sapiens	vertebrate	kca_slo	CM000671.2:135750081-135791885+	gene-KCNT1	KCNT1	93318	47729	31	5275	GCF_000001405.40
Homo sapiens	vertebrate	nmda	CM000671.2:137139487-137569598+	gene-GRIN1	GRIN1	29603	7559	21	380219	GCF_000001405.40
Homo sapiens	vertebrate	cav	CM000671.2:137878150-138278933+	gene-CACNA1B	CACNA1B	246838	34842	47	84855	GCF_000001405.40
Homo sapiens	vertebrate	itpr	CM000668.2:33621588-34049437+	gene-ITPR3	ITPR3	75241	18792	59	18792	GCF_000001405.40
Homo sapiens	vertebrate	osca_tmem63	CM000668.2:44134519-44592429+	gene-TMEM63B	TMEM63B	28887	7488	26	5748	GCF_000001405.40
Homo sapiens	vertebrate	kv_kcnq	CM000668.2:72622114-73660719+	gene-KCNQ5	KCNQ5	576790	381320	15	381320	GCF_000001405.40
Homo sapiens	vertebrate	connexin	CM000668.2:89894472-89895230+	gene-GJA10	GJA10	1652	0	1	0	GCF_000001405.40
Homo sapiens	vertebrate	kainate	CM000668.2:101399275-102068511+	gene-GRIK2	GRIK2	676376	222556	18	222556	GCF_000001405.40
Homo sapiens	vertebrate	calhm	CM000668.2:116461858-116463675+	gene-CALHM6	CALHM6	2397	1853	3	828	GCF_000001405.40
Homo sapiens	vertebrate	calhm	CM000668.2:116511697-116515917+	gene-CALHM5	CALHM5	13150	3363	2	3363	GCF_000001405.40
Homo sapiens	vertebrate	calhm	CM000668.2:116553806-116887418+	gene-CALHM4	CALHM4	32085	14629	6	329240	GCF_000001405.40
Homo sapiens	vertebrate	connexin	CM000668.2:121446818-121447996+	gene-GJA1	GJA1	14082	10999	2	0	GCF_000001405.40
Homo sapiens	vertebrate	gabaa	CM000677.2:26547793-27116600-	gene-GABRB3	GABRB3	230212	150867	10	150867	GCF_000001405.40
Homo sapiens	vertebrate	nachr	CM000677.2:30362317-30373143-	gene-CHRFAM7A	CHRFAM7A	33335	8286	11	4031	GCF_000001405.40
Homo sapiens	vertebrate	trpm	CM000677.2:30788756-31346009-	gene-TRPM1	TRPM1	160096	83921	28	196254	GCF_000001405.40
Homo sapiens	vertebrate	connexin	CM000677.2:34752541-34754485-	gene-GJD2	GJD2	3967	1363	2	1045	GCF_000001405.40
Homo sapiens	vertebrate	catsper	CM000677.2:43630701-43648055-	gene-CATSPER2	CATSPER2	20382	6553	14	6553	GCF_000001405.40
Homo sapiens	vertebrate	trpm	CM000677.2:50561678-51081986-	gene-TRPM7	TRPM7	129640	23484	39	8895	GCF_000001405.40
Homo sapiens	vertebrate	hcn	CM000677.2:72826015-73806918-	gene-HCN4	HCN4	49100	23677	8	23677	GCF_000001405.40
Homo sapiens	vertebrate	nachr	CM000677.2:78596604-79015756-	gene-CHRNA3	CHRNA3	27945	14759	6	14759	GCF_000001405.40
Homo sapiens	vertebrate	tmc	CM000677.2:80861593-81662080-	gene-TMC3	TMC3	43126	5951	22	175462	GCF_000001405.40
Homo sapiens	vertebrate	nav	CM000665.2:38184924-39227160-	gene-SCN5A	SCN5A	101626	16171	28	10155	GCF_000001405.40
Homo sapiens	vertebrate	clic	CM000668.2:31730842-32048630-	gene-CLIC1	CLIC1	6738	1998	7	105035	GCF_000001405.40
Homo sapiens	vertebrate	k2p	CM000668.2:39191529-39558614-	gene-KCNK16	KCNK16	8399	3194	6	3194	GCF_000001405.40
Homo sapiens	vertebrate	clic	CM000668.2:45903088-46080242-	gene-CLIC5	CLIC5	248993	174259	8	124458	GCF_000001405.40
Homo sapiens	vertebrate	connexin	CM000668.2:87284274-87284912-	gene-GJB7	GJB7	46299	37926	3	0	GCF_000001405.40
Homo sapiens	vertebrate	gabaa	CM000668.2:89180304-89201198-	gene-GABRR1	GABRR1	53785	16580	12	7772	GCF_000001405.40
Homo sapiens	vertebrate	gabaa	CM000668.2:89264424-89325696-	gene-GABRR2	GABRR2	60836	28036	10	28036	GCF_000001405.40
Homo sapiens	vertebrate	trpv	CM000669.2:142871716-142885516-	gene-TRPV6	TRPV6	14538	7362	15	7362	GCF_000001405.40
Homo sapiens	vertebrate	trpv	CM000669.2:142908514-142933447-	gene-TRPV5	TRPV5	25646	9960	15	9960	GCF_000001405.40
Homo sapiens	vertebrate	kv_eag	CM000669.2:150472736-150977924-	gene-KCNH2	KCNH2	33361	14974	15	14974	GCF_000001405.40
Homo sapiens	vertebrate	osca_tmem63	CM000676.2:77218796-77256726+	gene-TMEM63C	TMEM63C	77698	31551	24	6318	GCF_000001405.40
Homo sapiens	vertebrate	k2p	CM000676.2:90062239-90185003+	gene-KCNK13	KCNK13	123860	121571	2	121571	GCF_000001405.40
Homo sapiens	vertebrate	otop	CM000666.2:4188803-4408448-	gene-OTOP1	OTOP1	38204	13457	6	13457	GCF_000001405.40
Homo sapiens	vertebrate	gabaa	CM000666.2:46040988-46273554-	gene-GABRG1	GABRG1	88286	26460	9	18401	GCF_000001405.40
Homo sapiens	vertebrate	gabaa	CM000666.2:46928231-46993424-	gene-GABRA4	GABRA4	74682	36214	9	36214	GCF_000001405.40
Homo sapiens	vertebrate	cng	CM000666.2:47936424-48410701-	gene-CNGA1	CNGA1	80705	63779	11	6420	GCF_000001405.40
Homo sapiens	vertebrate	trpc	CM000666.2:121879763-121933017-	gene-TRPC3	TRPC3	77580	20422	13	18060	GCF_000001405.40
Homo sapiens	vertebrate	glyr	CM000666.2:174643786-174828826-	gene-GLRA3	GLRA3	192328	39797	11	39797	GCF_000001405.40
Homo sapiens	vertebrate	nachr	CM000677.2:32030918-32168434+	gene-CHRNA7	CHRNA7	142536	70265	10	70265	GCF_000001405.40
Homo sapiens	vertebrate	ryr	CM000677.2:33311046-33865226+	gene-RYR3	RYR3	555136	162322	104	162322	GCF_000001405.40
Homo sapiens	vertebrate	nachr	CM000677.2:78580789-78593187+	gene-CHRNA5	CHRNA5	29750	14985	6	5682	GCF_000001405.40
Homo sapiens	vertebrate	trpm	CM000671.2:70208313-70932118-	gene-TRPM3	TRPM3	917912	582141	28	80022	GCF_000001405.40
Homo sapiens	vertebrate	trpm	CM000671.2:74620472-75333970-	gene-TRPM6	TRPM6	165427	29075	39	13183	GCF_000001405.40
Homo sapiens	vertebrate	glyr	CM000685.2:14514055-14730485+	gene-GLRA2	GLRA2	283034	81504	11	81504	GCF_000001405.40
Homo sapiens	vertebrate	connexin	CM000685.2:71223705-71710697+	gene-GJB1	GJB1	10278	8401	3	365734	GCF_000001405.40
Homo sapiens	vertebrate	ampa	CM000685.2:122795070-123483044+	gene-GRIA3	GRIA3	306638	72483	16	72483	GCF_000001405.40
Homo sapiens	vertebrate	cng	CM000685.2:151362495-152135467+	gene-CNGA2	CNGA2	10819	3514	7	1634	GCF_000001405.40
Homo sapiens	vertebrate	gabaa	CM000685.2:152640376-152653281+	gene-GABRQ	GABRQ	21071	7046	9	5060	GCF_000001405.40
Homo sapiens	vertebrate	tmc	CM000682.2:2074059-3093042+	gene-TMC2	TMC2	107008	21139	20	12253	GCF_000001405.40
Homo sapiens	vertebrate	k2p	CM000682.2:44745743-45223102+	gene-KCNK15	KCNK15	6449	3935	2	109140	GCF_000001405.40
Homo sapiens	vertebrate	kir	CM000684.2:38000727-38570282-	gene-KCNJ4	KCNJ4	28873	26808	2	0	GCF_000001405.40
Homo sapiens	vertebrate	cav	CM000681.2:12779433-13505999-	gene-CACNA1A	CACNA1A	300038	81096	48	173672	GCF_000001405.40
Homo sapiens	vertebrate	ano_scramblase	CM000681.2:16831001-17333798-	gene-ANO8	ANO8	11633	1848	18	404375	GCF_000001405.40
Homo sapiens	vertebrate	kainate	CM000681.2:41562699-42452943-	gene-GRIK5	GRIK5	71883	20197	20	196227	GCF_000001405.40
Homo sapiens	vertebrate	kv_shaker	CM000681.2:48594979-49197436-	gene-KCNA7	KCNA7	5303	1152	2	195549	GCF_000001405.40
Homo sapiens	vertebrate	tmc	CM000681.2:54160883-54168699-	gene-TMC4	TMC4	13053	5011	15	2604	GCF_000001405.40
Homo sapiens	vertebrate	trpv	CM000679.2:3260366-3964505-	gene-TRPV1	TRPV1	43966	16043	17	4536	GCF_000001405.40
Homo sapiens	vertebrate	asic	CM000679.2:33013965-34156532-	gene-ASIC2	ASIC2	1143682	1043910	10	1043910	GCF_000001405.40
Homo sapiens	vertebrate	kv_eag	CM000679.2:42050428-42180957-	gene-KCNH4	KCNH4	24252	3583	17	63611	GCF_000001405.40
Homo sapiens	vertebrate	connexin	CM000679.2:44324520-44805820-	gene-GJC1	GJC1	37261	23871	4	198638	GCF_000001405.40
Homo sapiens	vertebrate	nav	CM000679.2:63446586-63972841-	gene-SCN4A	SCN4A	34365	5261	24	5261	GCF_000001405.40
Homo sapiens	vertebrate	nmda	CM000679.2:74345723-75239444-	gene-GRIN2C	GRIN2C	19510	6320	14	110481	GCF_000001405.40
Homo sapiens	vertebrate	hcn	CM000681.2:146293-1249396+	gene-HCN2	HCN2	27279	12966	8	140651	GCF_000001405.40
Homo sapiens	vertebrate	trpml	CM000681.2:7225871-7884589+	gene-MCOLN1	MCOLN1	11386	3021	14	3021	GCF_000001405.40
Homo sapiens	vertebrate	lrrc8	CM000681.2:7895604-7900913+	gene-LRRC8E	LRRC8E	13507	10060	4	2919	GCF_000001405.40
Homo sapiens	vertebrate	bestrophin	CM000681.2:12752590-13488591+	gene-BEST2	BEST2	6668	1355	10	1355	GCF_000001405.40
Homo sapiens	vertebrate	tric	CM000681.2:16661218-16688371+	gene-TMEM38A	TMEM38A	28885	18642	6	18642	GCF_000001405.40
Homo sapiens	vertebrate	kca_sk	CM000681.2:17475629-18280154+	gene-KCNN1	KCNN1	48796	19126	12	8409	GCF_000001405.40
Homo sapiens	vertebrate	ryr	CM000681.2:38282317-38724811+	gene-RYR1	RYR1	153874	12692	106	12692	GCF_000001405.40
Homo sapiens	vertebrate	nmda	CM000681.2:47978154-49439546+	gene-GRIN2D	GRIN2D	51264	19823	14	19823	GCF_000001405.40
Homo sapiens	vertebrate	tweety	CM000681.2:53832398-54473864+	gene-TTYH1	TTYH1	21441	4350	14	4350	GCF_000001405.40
Homo sapiens	vertebrate	piezo	CM000680.2:10671527-11273868-	gene-PIEZO2	PIEZO2	479323	86466	56	86466	GCF_000001405.40
Homo sapiens	vertebrate	nachr	CM000679.2:7446836-7454523+	gene-CHRNB1	CHRNB1	12650	5508	11	5508	GCF_000001405.40
Homo sapiens	vertebrate	trpv	CM000679.2:15944792-16872384+	gene-TRPV2	TRPV2	21433	4591	15	355520	GCF_000001405.40
Homo sapiens	vertebrate	kir	CM000679.2:21002752-21670953+	gene-KCNJ12	KCNJ12	43514	31605	3	0	GCF_000001405.40
Homo sapiens	vertebrate	kir	CM000679.2:21702691-22055039+	gene-KCNJ18	KCNJ18	12090	6626	3	0	GCF_000001405.40
Homo sapiens	vertebrate	cav	CM000679.2:50176100-51120511+	gene-CACNA1G	CACNA1G	66760	11906	38	412243	GCF_000001405.40
Homo sapiens	vertebrate	kv_eag	CM000679.2:63523402-64018264+	gene-KCNH6	KCNH6	25635	5854	15	5721	GCF_000001405.40
Homo sapiens	vertebrate	kir	CM000679.2:70175040-70286532+	gene-KCNJ2	KCNJ2	10513	5122	2	0	GCF_000001405.40
Homo sapiens	vertebrate	otop	CM000679.2:73986925-74949416+	gene-OTOP2	OTOP2	9640	2480	7	2489	GCF_000001405.40
Homo sapiens	vertebrate	zac	CM000679.2:76079492-76082653+	gene-ZACN	ZACN	3625	853	9	853	GCF_000001405.40
Homo sapiens	vertebrate	clic	CM000683.2:34669389-34716482+	gene-CLIC6	CLIC6	49230	36517	7	36517	GCF_000001405.40
Homo sapiens	vertebrate	kir	CM000683.2:38299343-38300365+	gene-KCNJ15	KCNJ15	77432	66902	5	0	GCF_000001405.40
Homo sapiens	vertebrate	trpm	CM000683.2:43982861-44542800+	gene-TRPM2	TRPM2	92504	9377	33	8083	GCF_000001405.40
Homo sapiens	vertebrate	cav	CM000685.2:48733430-49726436-	gene-CACNA1F	CACNA1F	28278	1772	48	2633	GCF_000001405.40
Homo sapiens	vertebrate	trpc	CM000685.2:111330926-111952423-	gene-TRPC5	TRPC5	314766	129437	12	58184	GCF_000001405.40
Homo sapiens	vertebrate	gabaa	CM000685.2:151954701-152453999-	gene-GABRA3	GABRA3	285082	86549	10	62501	GCF_000001405.40
Homo sapiens	vertebrate	kainate	CM000683.2:29073258-29940888-	gene-GRIK1	GRIK1	403064	266218	18	43888	GCF_000001405.40
Homo sapiens	vertebrate	kir	CM000683.2:37625183-37715051-	gene-KCNJ6	KCNJ6	309085	125526	4	88726	GCF_000001405.40
Homo sapiens	vertebrate	kv_modifier	CM000682.2:45094894-45098657-	gene-KCNS1	KCNS1	9914	2321	5	2321	GCF_000001405.40
Homo sapiens	vertebrate	kv_modifier	CM000682.2:51004042-51493303-	gene-KCNG1	KCNG1	19452	12505	5	4758	GCF_000001405.40
Homo sapiens	vertebrate	kv_kcnq	CM000682.2:62952628-63909130-	gene-KCNQ2	KCNQ2	72448	25330	17	274813	GCF_000001405.40
Homo sapiens	vertebrate	nachr	KI270905.1:4316032-4453777+	gene-CHRNA7-4	CHRNA7	142751	70287	10	70287	GCF_000001405.40
Homo sapiens	vertebrate	cav	KZ208916.1:238725-1039315+	gene-CACNA1C-2	CACNA1C	734371	334517	53	334517	GCF_000001405.40
Homo sapiens	vertebrate	cav	CM000684.2:39598152-40007537+	gene-CACNA1I	CACNA1I	118983	27162	37	307909	GCF_000001405.40
Homo sapiens	vertebrate	pannexin	CM000684.2:50170731-50601015+	gene-PANX2	PANX2	9565	5982	4	5982	GCF_000001405.40
Homo sapiens	vertebrate	clic	GL000252.2:2978603-3290039-	gene-CLIC1-3	CLIC1	6740	2000	7	2000	GCF_000001405.40
Homo sapiens	vertebrate	clic	GL000256.2:2963163-3513659-	gene-CLIC1-7	CLIC1	6744	2004	7	2004	GCF_000001405.40
Homo sapiens	vertebrate	clic	GL000251.2:3208130-3635803-	gene-CLIC1-2	CLIC1	6742	2002	7	2002	GCF_000001405.40
Homo sapiens	vertebrate	clic	GL000254.2:3072717-3539470-	gene-CLIC1-5	CLIC1	6742	2002	7	2002	GCF_000001405.40
Homo sapiens	vertebrate	clic	GL000253.2:3035889-3493399-	gene-CLIC1-4	CLIC1	6742	2002	7	2002	GCF_000001405.40
Homo sapiens	vertebrate	clic	GL000255.2:2919703-3420652-	gene-CLIC1-6	CLIC1	6746	2006	7	2006	GCF_000001405.40
Homo sapiens	vertebrate	connexin	KV766194.1:92157-93083+	gene-GJA10-2	GJA10	1652	0	1	0	GCF_000001405.40
Homo sapiens	vertebrate	gabaa	MU273395.1:255483-268390+	gene-GABRQ-2	GABRQ	29324	7048	9	5060	GCF_000001405.40
Homo sapiens	vertebrate	hcn	GL383519.1:49484-100735+	gene-HCN3-2	HCN3	12386	4542	8	6700	GCF_000001405.40
Homo sapiens	vertebrate	nachr	KN538374.1:4203586-4341319+	gene-CHRNA7-2	CHRNA7	142751	70287	10	70287	GCF_000001405.40
Homo sapiens	vertebrate	nachr	KN538374.1:2534808-2545634-	gene-CHRFAM7A-2	CHRFAM7A	33000	6463	10	4031	GCF_000001405.40
Homo sapiens	vertebrate	trpm	KN538374.1:2731391-3726613-	gene-TRPM1-2	TRPM1	160100	83938	28	184077	GCF_000001405.40
Homo sapiens	vertebrate	nachr	KV575245.1:67293-74980+	gene-CHRNB1-2	CHRNB1	12650	5508	11	5508	GCF_000001405.40
Homo sapiens	vertebrate	kv_modifier	CM000680.2:79756093-79899795+	gene-KCNG2	KCNG2	102163	58364	4	74450	GCF_000001405.40
Homo sapiens	vertebrate	kca_slo	MU273331.1:85658-342043-	gene-KCNT2-2	KCNT2	382650	115861	29	35535	GCF_000001405.40
Homo sapiens	vertebrate	kv_shaker	MU273397.1:125407-129106-	gene-KCND1-2	KCND1	10465	3248	6	2044	GCF_000001405.40
Homo sapiens	vertebrate	nachr	KQ031389.1:359643-497379-	gene-CHRNA7-3	CHRNA7	142743	70207	10	70207	GCF_000001405.40
Homo sapiens	vertebrate	nachr	KI270905.1:2647292-2658118-	gene-CHRFAM7A-3	CHRFAM7A	33000	6463	10	4031	GCF_000001405.40
Homo sapiens	vertebrate	trpm	KI270905.1:2843843-3839065-	gene-TRPM1-3	TRPM1	160100	83938	28	184077	GCF_000001405.40
Homo sapiens	vertebrate	orai	KZ208917.1:32519-47414+	gene-ORAI1-2	ORAI1	16575	13990	2	13990	GCF_000001405.40
Homo sapiens	vertebrate	tmc	GL949752.1:135734-143551-	gene-TMC4-8	TMC4	12980	5011	15	2604	GCF_000001405.40
Homo sapiens	vertebrate	tmc	GL949751.2:135734-143539-	gene-TMC4-7	TMC4	13010	5004	15	2596	GCF_000001405.40
Homo sapiens	vertebrate	tmc	GL949750.2:135734-143539-	gene-TMC4-6	TMC4	13010	5004	15	2596	GCF_000001405.40
Homo sapiens	vertebrate	tmc	GL949749.2:135734-143539-	gene-TMC4-5	TMC4	13010	5004	15	2596	GCF_000001405.40
Homo sapiens	vertebrate	tmc	GL949753.2:135734-143539-	gene-TMC4-9	TMC4	13010	5004	15	2596	GCF_000001405.40
Homo sapiens	vertebrate	tmc	GL949746.1:135733-143543-	gene-TMC4-2	TMC4	12975	5009	15	2603	GCF_000001405.40
Homo sapiens	vertebrate	tmc	GL949748.2:135734-143539-	gene-TMC4-4	TMC4	13010	5004	15	2596	GCF_000001405.40
Homo sapiens	vertebrate	tmc	KI270938.1:135734-143539-	gene-TMC4-10	TMC4	13010	5004	15	2596	GCF_000001405.40
Homo sapiens	vertebrate	trpv	KI270803.1:894757-908556-	gene-TRPV6-2	TRPV6	14536	7362	15	7362	GCF_000001405.40
Homo sapiens	vertebrate	trpv	KI270803.1:931581-956514-	gene-TRPV5-2	TRPV5	25646	9960	15	9960	GCF_000001405.40
Homo sapiens	vertebrate	tweety	GL949752.1:320247-340817+	gene-TTYH1-3	TTYH1	21435	4352	14	4352	GCF_000001405.40
Homo sapiens	vertebrate	tweety	GL949746.1:322071-342653+	gene-TTYH1-2	TTYH1	21447	4351	14	4351	GCF_000001405.40
Homo sapiens	vertebrate	tweety	KI270938.1:397841-418423+	gene-TTYH1-4	TTYH1	21447	4352	14	4352	GCF_000001405.40
Homo sapiens	vertebrate	gphr	r4_CM000663.2:145608131-145670040+	gene-GPR89A	GPR89A	62663	16061	15	16061	GCF_000001405.40
Homo sapiens	vertebrate	gphr	r4_CM000663.2:147724576-147992917+	gene-GPR89B	GPR89B	97515	16239	15	16239	GCF_000001405.40
Homo sapiens	vertebrate	clcc1	r4_CM000663.2:108560215-108950446-	gene-CLCC1	CLCC1	33980	12952	13	3553	GCF_000001405.40
Homo sapiens	vertebrate	tmco1	r4_CM000663.2:165728023-165768751-	gene-TMCO1	TMCO1	44632	15045	7	15045	GCF_000001405.40
Homo sapiens	vertebrate	pacc	r4_CM000663.2:212365215-212760926-	gene-PACC1	PACC1	50959	24999	9	23324	GCF_000001405.40
Homo sapiens	vertebrate	tmem87	r4_CM000677.2:42211708-42701346-	gene-TMEM87A	TMEM87A	63138	23342	20	16790	GCF_000001405.40
Homo sapiens	vertebrate	mitok	r4_CM000665.2:48432408-48919144-	gene-CCDC51	CCDC51	14480	5661	5	945	GCF_000001405.40
Homo sapiens	vertebrate	tmem109	r4_CM000673.2:60919691-61214517+	gene-TMEM109	TMEM109	9286	5417	4	955	GCF_000001405.40
