bait	family	superfamily	family_status	rule	accession	species	group	length	win_score
ampa|A0A9J7LFU9	ampa	iglur	channel	B1B2	A0A9J7LFU9	Branchiostoma floridae	deuterostome	947	1034.1
ampa|P48058	ampa	iglur	channel	B1B2	P48058	Homo sapiens	vertebrate	902	1904.8
ampa|Q9Z2W8	ampa	iglur	channel	B1B2	Q9Z2W8	Mus musculus	vertebrate	902	1903.8
ampa|P19493	ampa	iglur	channel	B1B2	P19493	Rattus norvegicus	vertebrate	902	1902.4
ampa|A0A6I8NC02	ampa	iglur	channel	B1B2	A0A6I8NC02	Ornithorhynchus anatinus	vertebrate	902	1896.5
ampa|A0A1D5PJ69	ampa	iglur	channel	B1B2	A0A1D5PJ69	Gallus gallus	vertebrate	902	1895.7
ampa|A0A803TD99	ampa	iglur	channel	B1B2	A0A803TD99	Anolis carolinensis	vertebrate	902	1869.4
ampa|H3AIN5	ampa	iglur	channel	B1B2	H3AIN5	Latimeria chalumnae	vertebrate	903	1861.0
ampa|A0A8J1J485	ampa	iglur	channel	B1B2	A0A8J1J485	Xenopus tropicalis	vertebrate	902	1860.7
ampa|A0A5F8G9Y0	ampa	iglur	channel	B1B2	A0A5F8G9Y0	Monodelphis domestica	vertebrate	883	1849.0
ampa|A0A4W3JPK7	ampa	iglur	channel	B1B2	A0A4W3JPK7	Callorhinchus milii	vertebrate	904	1838.4
ampa|A0A8M9P377	ampa	iglur	channel	B1B2	A0A8M9P377	Danio rerio	vertebrate	904	1821.1
ampa|A0A674PMG9	ampa	iglur	channel	B1B2	A0A674PMG9	Takifugu rubripes	vertebrate	893	1751.6
ampa|A0AAJ7T498	ampa	iglur	channel	B1B2	A0AAJ7T498	Petromyzon marinus	vertebrate	934	1558.6
ano_channel|Q9NQ90	ano_channel	tmem16_like	channel	B1B2	Q9NQ90	Homo sapiens	vertebrate	998	2148.2
ano_channel|Q8CFW1	ano_channel	tmem16_like	channel	B1B2	Q8CFW1	Mus musculus	vertebrate	1002	2006.4
ano_channel|A0A0G2JXB5	ano_channel	tmem16_like	channel	B1B2	A0A0G2JXB5	Rattus norvegicus	vertebrate	1002	2005.3
ano_channel|A0A6I8P0Q9	ano_channel	tmem16_like	channel	B1B2	A0A6I8P0Q9	Ornithorhynchus anatinus	vertebrate	1070	1923.2
ano_channel|A0A8V1A870	ano_channel	tmem16_like	channel	B1B2	A0A8V1A870	Gallus gallus	vertebrate	1020	1809.3
ano_channel|A0A8J0QE68	ano_channel	tmem16_like	channel	B1B2	A0A8J0QE68	Xenopus tropicalis	vertebrate	979	1737.1
ano_channel|H3AL09	ano_channel	tmem16_like	channel	B1B2	H3AL09	Latimeria chalumnae	vertebrate	995	1734.9
ano_channel|A0A4W3KAR0	ano_channel	tmem16_like	channel	B1B2	A0A4W3KAR0	Callorhinchus milii	vertebrate	1027	1659.1
ano_channel|F7AKG3	ano_channel	tmem16_like	channel	B1B2	F7AKG3	Monodelphis domestica	vertebrate	879	1604.1
ano_channel|A0A2R8RJ22	ano_channel	tmem16_like	channel	B1B2	A0A2R8RJ22	Danio rerio	vertebrate	1065	1521.5
ano_channel|A0A674MRW8	ano_channel	tmem16_like	channel	B1B2	A0A674MRW8	Takifugu rubripes	vertebrate	973	1455.5
ano_channel|A0ACM8BL13	ano_channel	tmem16_like	channel	B1B2	A0ACM8BL13	Petromyzon marinus	vertebrate	1072	1303.2
ano_scramblase|B3RRJ5	ano_scramblase	tmem16_like	channel_contested	B1B2	B3RRJ5	Trichoplax adhaerens	basal_metazoan	900	934.5
ano_scramblase|Q233Y7	ano_scramblase	tmem16_like	channel_contested	B1B2	Q233Y7	Tetrahymena thermophila	ciliate	840	169.0
ano_scramblase|A0ABM4C1C4	ano_scramblase	tmem16_like	channel_contested	B1B2	A0ABM4C1C4	Hydra vulgaris	cnidarian	851	914.2
ano_scramblase|A0A9J7MAE9	ano_scramblase	tmem16_like	channel_contested	B1B2	A0A9J7MAE9	Branchiostoma floridae	deuterostome	919	1005.9
ano_scramblase|O13621	ano_scramblase	tmem16_like	channel_contested	B1B2	O13621	Schizosaccharomyces pombe	fungi	668	158.3
ano_scramblase|A0A0D2X3X3	ano_scramblase	tmem16_like	channel_contested	B1B2	A0A0D2X3X3	Capsaspora owczarzaki	holozoa	937	728.2
ano_scramblase|A0ABM1VTN3	ano_scramblase	tmem16_like	channel_contested	B1B2	A0ABM1VTN3	Aplysia californica	invertebrate	654	669.4
ano_scramblase|A0A2K1KCL4	ano_scramblase	tmem16_like	channel_contested	B1B2	A0A2K1KCL4	Physcomitrium patens	plant	670	248.5
ano_scramblase|Q32M45	ano_scramblase	tmem16_like	channel_contested	B1B2	Q32M45	Homo sapiens	vertebrate	955	1383.3
ano_scramblase|A0D751	ano_scramblase	tmem16_like	channel_contested	B1B2	A0D751	Paramecium tetraurelia	ciliate	1050	160.1
ano_scramblase|A7SBX8	ano_scramblase	tmem16_like	channel_contested	B1B2	A7SBX8	Nematostella vectensis	cnidarian	697	494.9
ano_scramblase|F6YFE4	ano_scramblase	tmem16_like	channel_contested	B1B2	F6YFE4	Ciona intestinalis	deuterostome	841	959.0
ano_scramblase|A0AAV2HH63	ano_scramblase	tmem16_like	channel_contested	B1B2	A0AAV2HH63	Lymnaea stagnalis	invertebrate	1157	495.7
ano_scramblase|Q0JJZ6	ano_scramblase	tmem16_like	channel_contested	B1B2	Q0JJZ6	Oryza sativa	plant	665	216.6
ano_scramblase|Q8C5H1	ano_scramblase	tmem16_like	channel_contested	B1B2	Q8C5H1	Mus musculus	vertebrate	955	1378.1
ano_scramblase|A0A7M7N9U7	ano_scramblase	tmem16_like	channel_contested	B1B2	A0A7M7N9U7	Strongylocentrotus purpuratus	deuterostome	858	464.4
ano_scramblase|V4A829	ano_scramblase	tmem16_like	channel_contested	B1B2	V4A829	Lottia gigantea	invertebrate	987	484.0
ano_scramblase|A0MFS9	ano_scramblase	tmem16_like	channel_contested	B1B2	A0MFS9	Arabidopsis thaliana	plant	665	214.6
ano_scramblase|A0A8I5ZNA1	ano_scramblase	tmem16_like	channel_contested	B1B2	A0A8I5ZNA1	Rattus norvegicus	vertebrate	955	1374.8
ano_scramblase|H2L2L3	ano_scramblase	tmem16_like	channel_contested	B1B2	H2L2L3	Caenorhabditis elegans	invertebrate	893	441.7
ano_scramblase|F7FL71	ano_scramblase	tmem16_like	channel_contested	B1B2	F7FL71	Monodelphis domestica	vertebrate	1158	1372.6
ano_scramblase|O97132	ano_scramblase	tmem16_like	channel_contested	B1B2	O97132	Drosophila melanogaster	invertebrate	646	300.7
ano_scramblase|A0A6I8NNC1	ano_scramblase	tmem16_like	channel_contested	B1B2	A0A6I8NNC1	Ornithorhynchus anatinus	vertebrate	1170	1350.7
ano_scramblase|E9FW08	ano_scramblase	tmem16_like	channel_contested	B1B2	E9FW08	Daphnia pulex	invertebrate	730	298.6
ano_scramblase|A0A8V0Y5J5	ano_scramblase	tmem16_like	channel_contested	B1B2	A0A8V0Y5J5	Gallus gallus	vertebrate	1009	1336.6
ano_scramblase|A0A4W3IFM1	ano_scramblase	tmem16_like	channel_contested	B1B2	A0A4W3IFM1	Callorhinchus milii	vertebrate	917	1320.4
ano_scramblase|F6ZLF5	ano_scramblase	tmem16_like	channel_contested	B1B2	F6ZLF5	Xenopus tropicalis	vertebrate	1157	1317.1
ano_scramblase|A0A803TFV1	ano_scramblase	tmem16_like	channel_contested	B1B2	A0A803TFV1	Anolis carolinensis	vertebrate	1002	1288.0
ano_scramblase|H2TZE9	ano_scramblase	tmem16_like	channel_contested	B1B2	H2TZE9	Takifugu rubripes	vertebrate	969	1281.2
ano_scramblase|H3B4R3	ano_scramblase	tmem16_like	channel_contested	B1B2	H3B4R3	Latimeria chalumnae	vertebrate	993	1254.1
ano_scramblase|A0AB32TLC9	ano_scramblase	tmem16_like	channel_contested	B1B2	A0AB32TLC9	Danio rerio	vertebrate	1027	1238.4
ano_scramblase|A0AAJ7TDJ2	ano_scramblase	tmem16_like	channel_contested	B1B2	A0AAJ7TDJ2	Petromyzon marinus	vertebrate	1095	1216.3
asic|B3S4X1	asic	deg_enac	channel	B1B2	B3S4X1	Trichoplax adhaerens	basal_metazoan	555	369.3
asic|A7RGQ6	asic	deg_enac	channel	B1B2	A7RGQ6	Nematostella vectensis	cnidarian	447	364.1
asic|A0A9J7HSQ7	asic	deg_enac	channel	B1B2	A0A9J7HSQ7	Branchiostoma floridae	deuterostome	511	660.7
asic|V4ALL5	asic	deg_enac	channel	B1B2	V4ALL5	Lottia gigantea	invertebrate	477	252.6
asic|P78348	asic	deg_enac	channel	B1B2	P78348	Homo sapiens	vertebrate	528	945.5
asic|A0A1X7V336	asic	deg_enac	channel	B1B2	A0A1X7V336	Amphimedon queenslandica	basal_metazoan	498	203.0
asic|A0ABM4CXB9	asic	deg_enac	channel	B1B2	A0ABM4CXB9	Hydra vulgaris	cnidarian	413	318.9
asic|F6SR69	asic	deg_enac	channel	B1B2	F6SR69	Ciona intestinalis	deuterostome	576	647.0
asic|P91100	asic	deg_enac	channel	B1B2	P91100	Caenorhabditis elegans	invertebrate	693	242.8
asic|P55926	asic	deg_enac	channel	B1B2	P55926	Rattus norvegicus	vertebrate	526	941.6
asic|A0A7M7NWM0	asic	deg_enac	channel	B1B2	A0A7M7NWM0	Strongylocentrotus purpuratus	deuterostome	497	359.6
asic|A0ABM1VT56	asic	deg_enac	channel	B1B2	A0ABM1VT56	Aplysia californica	invertebrate	391	241.3
asic|Q6NXK8	asic	deg_enac	channel	B1B2	Q6NXK8	Mus musculus	vertebrate	526	941.2
asic|E9FVN7	asic	deg_enac	channel	B1B2	E9FVN7	Daphnia pulex	invertebrate	576	198.5
asic|A0A6I8P2B0	asic	deg_enac	channel	B1B2	A0A6I8P2B0	Ornithorhynchus anatinus	vertebrate	526	933.6
asic|Q9W250	asic	deg_enac	channel	B1B2	Q9W250	Drosophila melanogaster	invertebrate	569	128.2
asic|Q1XA76	asic	deg_enac	channel	B1B2	Q1XA76	Gallus gallus	vertebrate	527	909.1
asic|A0A6I8R312	asic	deg_enac	channel	B1B2	A0A6I8R312	Xenopus tropicalis	vertebrate	525	874.5
asic|Q708S6	asic	deg_enac	channel	B1B2	Q708S6	Danio rerio	vertebrate	529	805.0
asic|A0A803TTZ0	asic	deg_enac	channel	B1B2	A0A803TTZ0	Anolis carolinensis	vertebrate	560	789.8
asic|H2V052	asic	deg_enac	channel	B1B2	H2V052	Takifugu rubripes	vertebrate	586	775.4
asic|A0AAJ7SMQ1	asic	deg_enac	channel	B1B2	A0AAJ7SMQ1	Petromyzon marinus	vertebrate	529	761.1
asic|H3A9X2	asic	deg_enac	channel	B1B2	H3A9X2	Latimeria chalumnae	vertebrate	477	681.2
asic|A0A4W3IHK2	asic	deg_enac	channel	B1B2	A0A4W3IHK2	Callorhinchus milii	vertebrate	555	652.6
assoc_catsper_aux|Q9H7T0	assoc_catsper_aux	ploop	channel_associated	B1B2	Q9H7T0	Homo sapiens	vertebrate	1116	1236.3
assoc_catsper_aux|A0A8I6AWH2	assoc_catsper_aux	ploop	channel_associated	B1B2	A0A8I6AWH2	Rattus norvegicus	vertebrate	1110	606.1
assoc_catsper_aux|A2RTF1	assoc_catsper_aux	ploop	channel_associated	B1B2	A2RTF1	Mus musculus	vertebrate	1109	600.9
assoc_catsper_aux|F7FIN7	assoc_catsper_aux	ploop	channel_associated	B1B2	F7FIN7	Monodelphis domestica	vertebrate	1120	434.9
assoc_catsper_aux|A0A6I8PRR1	assoc_catsper_aux	ploop	channel_associated	B1B2	A0A6I8PRR1	Ornithorhynchus anatinus	vertebrate	1153	421.4
assoc_catsper_aux|M3XJG3	assoc_catsper_aux	ploop	channel_associated	B1B2	M3XJG3	Latimeria chalumnae	vertebrate	1084	219.8
assoc_catsper_aux|A0A803SMQ7	assoc_catsper_aux	ploop	channel_associated	B1B2	A0A803SMQ7	Anolis carolinensis	vertebrate	795	212.9
assoc_catsper_aux|A0A4W3GRK7	assoc_catsper_aux	ploop	channel_associated	B1B2	A0A4W3GRK7	Callorhinchus milii	vertebrate	1183	163.0
assoc_cav_aux|A0ABM4BQY7	assoc_cav_aux	ploop	channel_associated	B1B2	A0ABM4BQY7	Hydra vulgaris	cnidarian	1078	154.9
assoc_cav_aux|A0A9J7MQA4	assoc_cav_aux	ploop	channel_associated	B1B2	A0A9J7MQA4	Branchiostoma floridae	deuterostome	1103	408.1
assoc_cav_aux|A0ABM0JQH3	assoc_cav_aux	ploop	channel_associated	B1B2	A0ABM0JQH3	Aplysia californica	invertebrate	590	319.5
assoc_cav_aux|Q8IZS8	assoc_cav_aux	ploop	channel_associated	B1B2	Q8IZS8	Homo sapiens	vertebrate	1091	834.9
assoc_cav_aux|A7RNH2	assoc_cav_aux	ploop	channel_associated	B1B2	A7RNH2	Nematostella vectensis	cnidarian	680	61.0
assoc_cav_aux|F6VJS2	assoc_cav_aux	ploop	channel_associated	B1B2	F6VJS2	Ciona intestinalis	deuterostome	461	337.1
assoc_cav_aux|A0AAV2HHI1	assoc_cav_aux	ploop	channel_associated	B1B2	A0AAV2HHI1	Lymnaea stagnalis	invertebrate	568	318.7
assoc_cav_aux|Q9Z1L5	assoc_cav_aux	ploop	channel_associated	B1B2	Q9Z1L5	Mus musculus	vertebrate	1091	819.5
assoc_cav_aux|A0A7M7MZD9	assoc_cav_aux	ploop	channel_associated	B1B2	A0A7M7MZD9	Strongylocentrotus purpuratus	deuterostome	1111	320.3
assoc_cav_aux|E9GER3	assoc_cav_aux	ploop	channel_associated	B1B2	E9GER3	Daphnia pulex	invertebrate	1102	296.5
assoc_cav_aux|Q8CFG5	assoc_cav_aux	ploop	channel_associated	B1B2	Q8CFG5	Rattus norvegicus	vertebrate	1085	814.6
assoc_cav_aux|V4B1U9	assoc_cav_aux	ploop	channel_associated	B1B2	V4B1U9	Lottia gigantea	invertebrate	1119	264.6
assoc_cav_aux|A0A8V1A5V8	assoc_cav_aux	ploop	channel_associated	B1B2	A0A8V1A5V8	Gallus gallus	vertebrate	1090	799.6
assoc_cav_aux|Q8IP22	assoc_cav_aux	ploop	channel_associated	B1B2	Q8IP22	Drosophila melanogaster	invertebrate	1215	261.5
assoc_cav_aux|A0A803TMZ1	assoc_cav_aux	ploop	channel_associated	B1B2	A0A803TMZ1	Anolis carolinensis	vertebrate	1098	787.3
assoc_cav_aux|A0A8J1JKF0	assoc_cav_aux	ploop	channel_associated	B1B2	A0A8J1JKF0	Xenopus tropicalis	vertebrate	1094	760.2
assoc_cav_aux|A0A5F8GXK4	assoc_cav_aux	ploop	channel_associated	B1B2	A0A5F8GXK4	Monodelphis domestica	vertebrate	997	749.2
assoc_cav_aux|A0A6I8NV48	assoc_cav_aux	ploop	channel_associated	B1B2	A0A6I8NV48	Ornithorhynchus anatinus	vertebrate	997	749.0
assoc_cav_aux|H2ZT85	assoc_cav_aux	ploop	channel_associated	B1B2	H2ZT85	Latimeria chalumnae	vertebrate	999	718.4
assoc_cav_aux|A0A674MA95	assoc_cav_aux	ploop	channel_associated	B1B2	A0A674MA95	Takifugu rubripes	vertebrate	1097	708.2
assoc_cav_aux|A0AC58GTN5	assoc_cav_aux	ploop	channel_associated	B1B2	A0AC58GTN5	Danio rerio	vertebrate	1082	702.0
assoc_cav_aux|A0A4W3HFS5	assoc_cav_aux	ploop	channel_associated	B1B2	A0A4W3HFS5	Callorhinchus milii	vertebrate	1069	657.2
assoc_cav_aux|A0AAJ7TSZ4	assoc_cav_aux	ploop	channel_associated	B1B2	A0AAJ7TSZ4	Petromyzon marinus	vertebrate	1104	627.7
assoc_clc_aux|B3RZ89	assoc_clc_aux	clc	channel_associated	B1B2	B3RZ89	Trichoplax adhaerens	basal_metazoan	933	435.6
assoc_clc_aux|A0A7M7MZC3	assoc_clc_aux	clc	channel_associated	B1B2	A0A7M7MZC3	Strongylocentrotus purpuratus	deuterostome	982	621.4
assoc_clc_aux|V3ZDR8	assoc_clc_aux	clc	channel_associated	B1B2	V3ZDR8	Lottia gigantea	invertebrate	975	515.0
assoc_clc_aux|Q14CN2	assoc_clc_aux	clc	channel_associated	B1B2	Q14CN2	Homo sapiens	vertebrate	919	1755.2
assoc_clc_aux|A0A9J7N794	assoc_clc_aux	clc	channel_associated	B1B2	A0A9J7N794	Branchiostoma floridae	deuterostome	1014	611.4
assoc_clc_aux|E9H9A9	assoc_clc_aux	clc	channel_associated	B1B2	E9H9A9	Daphnia pulex	invertebrate	930	506.7
assoc_clc_aux|Q9D7Z6	assoc_clc_aux	clc	channel_associated	B1B2	Q9D7Z6	Mus musculus	vertebrate	913	1467.7
assoc_clc_aux|F6W254	assoc_clc_aux	clc	channel_associated	B1B2	F6W254	Ciona intestinalis	deuterostome	909	582.7
assoc_clc_aux|A0AAV2HDU9	assoc_clc_aux	clc	channel_associated	B1B2	A0AAV2HDU9	Lymnaea stagnalis	invertebrate	982	500.6
assoc_clc_aux|A0A0G2JWX9	assoc_clc_aux	clc	channel_associated	B1B2	A0A0G2JWX9	Rattus norvegicus	vertebrate	910	1431.7
assoc_clc_aux|A0ABM1A1A3	assoc_clc_aux	clc	channel_associated	B1B2	A0ABM1A1A3	Aplysia californica	invertebrate	978	455.3
assoc_clc_aux|A0A5F8GWJ8	assoc_clc_aux	clc	channel_associated	B1B2	A0A5F8GWJ8	Monodelphis domestica	vertebrate	932	1322.1
assoc_clc_aux|A0A6I8PBF7	assoc_clc_aux	clc	channel_associated	B1B2	A0A6I8PBF7	Ornithorhynchus anatinus	vertebrate	918	1271.1
assoc_clc_aux|G1KAR6	assoc_clc_aux	clc	channel_associated	B1B2	G1KAR6	Anolis carolinensis	vertebrate	932	1152.2
assoc_clc_aux|A0A8V0ZL29	assoc_clc_aux	clc	channel_associated	B1B2	A0A8V0ZL29	Gallus gallus	vertebrate	952	1131.7
assoc_clc_aux|A0A8J0QGK5	assoc_clc_aux	clc	channel_associated	B1B2	A0A8J0QGK5	Xenopus tropicalis	vertebrate	933	1117.1
assoc_clc_aux|H2ZVV8	assoc_clc_aux	clc	channel_associated	B1B2	H2ZVV8	Latimeria chalumnae	vertebrate	866	1093.6
assoc_clc_aux|A0A4W3HJK6	assoc_clc_aux	clc	channel_associated	B1B2	A0A4W3HJK6	Callorhinchus milii	vertebrate	934	1018.1
assoc_clc_aux|A0ACM8BLA6	assoc_clc_aux	clc	channel_associated	B1B2	A0ACM8BLA6	Petromyzon marinus	vertebrate	909	905.7
assoc_clc_aux|A0A8M3APN3	assoc_clc_aux	clc	channel_associated	B1B2	A0A8M3APN3	Danio rerio	vertebrate	902	834.9
assoc_iglur_aux|Q6ZSJ9	assoc_iglur_aux	iglur	channel_associated	B1B2	Q6ZSJ9	Homo sapiens	vertebrate	500	456.3
assoc_iglur_aux|A0A8I6ACW8	assoc_iglur_aux	iglur	channel_associated	B1B2	A0A8I6ACW8	Rattus norvegicus	vertebrate	465	415.4
assoc_iglur_aux|Q9CZN4	assoc_iglur_aux	iglur	channel_associated	B1B2	Q9CZN4	Mus musculus	vertebrate	424	413.2
assoc_iglur_aux|F7C941	assoc_iglur_aux	iglur	channel_associated	B1B2	F7C941	Monodelphis domestica	vertebrate	525	383.4
assoc_iglur_aux|F7AM47	assoc_iglur_aux	iglur	channel_associated	B1B2	F7AM47	Ornithorhynchus anatinus	vertebrate	525	371.7
assoc_iglur_aux|A0A8J0PMU6	assoc_iglur_aux	iglur	channel_associated	B1B2	A0A8J0PMU6	Xenopus tropicalis	vertebrate	525	353.4
assoc_iglur_aux|A0A3Q2TVY9	assoc_iglur_aux	iglur	channel_associated	B1B2	A0A3Q2TVY9	Gallus gallus	vertebrate	520	349.1
assoc_iglur_aux|H9GK82	assoc_iglur_aux	iglur	channel_associated	B1B2	H9GK82	Anolis carolinensis	vertebrate	525	348.1
assoc_iglur_aux|A0A4W3J7Y9	assoc_iglur_aux	iglur	channel_associated	B1B2	A0A4W3J7Y9	Callorhinchus milii	vertebrate	505	318.7
assoc_iglur_aux|H3A3G7	assoc_iglur_aux	iglur	channel_associated	B1B2	H3A3G7	Latimeria chalumnae	vertebrate	521	313.8
assoc_iglur_aux|A0A8M9PGC0	assoc_iglur_aux	iglur	channel_associated	B1B2	A0A8M9PGC0	Danio rerio	vertebrate	548	287.6
assoc_iglur_aux|A0A674MSU3	assoc_iglur_aux	iglur	channel_associated	B1B2	A0A674MSU3	Takifugu rubripes	vertebrate	613	270.3
assoc_iglur_aux|A0AAJ7TZ81	assoc_iglur_aux	iglur	channel_associated	B1B2	A0AAJ7TZ81	Petromyzon marinus	vertebrate	833	201.7
assoc_k_beta|B3S3J9	assoc_k_beta	ploop	channel_associated	B1B2	B3S3J9	Trichoplax adhaerens	basal_metazoan	1396	177.5
assoc_k_beta|Q23TY7	assoc_k_beta	ploop	channel_associated	B1B2	Q23TY7	Tetrahymena thermophila	ciliate	365	44.7
assoc_k_beta|A0A9J7L5T4	assoc_k_beta	ploop	channel_associated	B1B2	A0A9J7L5T4	Branchiostoma floridae	deuterostome	3253	562.2
assoc_k_beta|A0A0D2UQQ7	assoc_k_beta	ploop	channel_associated	B1B2	A0A0D2UQQ7	Capsaspora owczarzaki	holozoa	1400	88.4
assoc_k_beta|A0ABM0ZZP4	assoc_k_beta	ploop	channel_associated	B1B2	A0ABM0ZZP4	Aplysia californica	invertebrate	1490	267.8
assoc_k_beta|A9SIQ5	assoc_k_beta	ploop	channel_associated	B1B2	A9SIQ5	Physcomitrium patens	plant	323	66.1
assoc_k_beta|Q5SMB6	assoc_k_beta	ploop	channel_associated	B1B2	Q5SMB6	Thermus thermophilus	prokaryote	316	43.8
assoc_k_beta|P42658	assoc_k_beta	ploop	channel_associated	B1B2	P42658	Homo sapiens	vertebrate	865	384.0
assoc_k_beta|F7AWF9	assoc_k_beta	ploop	channel_associated	B1B2	F7AWF9	Ciona intestinalis	deuterostome	1331	217.6
assoc_k_beta|E9GML1	assoc_k_beta	ploop	channel_associated	B1B2	E9GML1	Daphnia pulex	invertebrate	1467	256.3
assoc_k_beta|Q40648	assoc_k_beta	ploop	channel_associated	B1B2	Q40648	Oryza sativa	plant	328	59.7
assoc_k_beta|P46101	assoc_k_beta	ploop	channel_associated	B1B2	P46101	Rattus norvegicus	vertebrate	859	350.4
assoc_k_beta|A0A7M7NUV7	assoc_k_beta	ploop	channel_associated	B1B2	A0A7M7NUV7	Strongylocentrotus purpuratus	deuterostome	1273	201.1
assoc_k_beta|P24014	assoc_k_beta	ploop	channel_associated	B1B2	P24014	Drosophila melanogaster	invertebrate	1504	252.4
assoc_k_beta|O23016	assoc_k_beta	ploop	channel_associated	B1B2	O23016	Arabidopsis thaliana	plant	328	55.7
assoc_k_beta|K7E1D6	assoc_k_beta	ploop	channel_associated	B1B2	K7E1D6	Monodelphis domestica	vertebrate	807	350.4
assoc_k_beta|A0AAV2IM90	assoc_k_beta	ploop	channel_associated	B1B2	A0AAV2IM90	Lymnaea stagnalis	invertebrate	377	166.5
assoc_k_beta|Q9Z218	assoc_k_beta	ploop	channel_associated	B1B2	Q9Z218	Mus musculus	vertebrate	804	346.4
assoc_k_beta|V4A382	assoc_k_beta	ploop	channel_associated	B1B2	V4A382	Lottia gigantea	invertebrate	328	150.8
assoc_k_beta|A0A6I8NLT6	assoc_k_beta	ploop	channel_associated	B1B2	A0A6I8NLT6	Ornithorhynchus anatinus	vertebrate	801	328.0
assoc_k_beta|Q1ENI8	assoc_k_beta	ploop	channel_associated	B1B2	Q1ENI8	Caenorhabditis elegans	invertebrate	1285	60.0
assoc_k_beta|A0A8V0ZD29	assoc_k_beta	ploop	channel_associated	B1B2	A0A8V0ZD29	Gallus gallus	vertebrate	801	322.8
assoc_k_beta|A0A803TV43	assoc_k_beta	ploop	channel_associated	B1B2	A0A803TV43	Anolis carolinensis	vertebrate	828	307.1
assoc_k_beta|A0A8J0Q8Q9	assoc_k_beta	ploop	channel_associated	B1B2	A0A8J0Q8Q9	Xenopus tropicalis	vertebrate	846	278.0
assoc_k_beta|A0AC58H141	assoc_k_beta	ploop	channel_associated	B1B2	A0AC58H141	Danio rerio	vertebrate	1524	277.3
assoc_k_beta|A0AAJ7SW43	assoc_k_beta	ploop	channel_associated	B1B2	A0AAJ7SW43	Petromyzon marinus	vertebrate	1559	276.7
assoc_k_beta|H2TBP5	assoc_k_beta	ploop	channel_associated	B1B2	H2TBP5	Takifugu rubripes	vertebrate	1546	274.7
assoc_k_beta|H3AMB4	assoc_k_beta	ploop	channel_associated	B1B2	H3AMB4	Latimeria chalumnae	vertebrate	400	272.8
assoc_k_beta|A0A4W3HKM1	assoc_k_beta	ploop	channel_associated	B1B2	A0A4W3HKM1	Callorhinchus milii	vertebrate	382	257.5
assoc_kcne|P15382	assoc_kcne	ploop	channel_associated	B1B2	P15382	Homo sapiens	vertebrate	129	145.3
assoc_kcne|Q9WTW2	assoc_kcne	ploop	channel_associated	B1B2	Q9WTW2	Mus musculus	vertebrate	103	133.6
assoc_kcne|Q9JJV7	assoc_kcne	ploop	channel_associated	B1B2	Q9JJV7	Rattus norvegicus	vertebrate	107	129.5
assoc_kcne|F7E665	assoc_kcne	ploop	channel_associated	B1B2	F7E665	Monodelphis domestica	vertebrate	123	109.1
assoc_kcne|H9GJ38	assoc_kcne	ploop	channel_associated	B1B2	H9GJ38	Anolis carolinensis	vertebrate	125	103.0
assoc_kcne|A0A8V1A955	assoc_kcne	ploop	channel_associated	B1B2	A0A8V1A955	Gallus gallus	vertebrate	189	95.1
assoc_kcne|F6ZQG6	assoc_kcne	ploop	channel_associated	B1B2	F6ZQG6	Ornithorhynchus anatinus	vertebrate	150	90.1
assoc_kcne|H3B263	assoc_kcne	ploop	channel_associated	B1B2	H3B263	Latimeria chalumnae	vertebrate	125	86.4
assoc_kcne|A0A803J9E2	assoc_kcne	ploop	channel_associated	B1B2	A0A803J9E2	Xenopus tropicalis	vertebrate	99	79.6
assoc_kcne|A0A4W3JBW3	assoc_kcne	ploop	channel_associated	B1B2	A0A4W3JBW3	Callorhinchus milii	vertebrate	119	68.5
assoc_kcne|Q1LVA7	assoc_kcne	ploop	channel_associated	B1B2	Q1LVA7	Danio rerio	vertebrate	166	57.2
assoc_mcu_reg|A8JGI1	assoc_mcu_reg	mcu	channel_associated	B1B2	A8JGI1	Chlamydomonas reinhardtii	algae	451	150.6
assoc_mcu_reg|Q54JS1	assoc_mcu_reg	mcu	channel_associated	B1B2	Q54JS1	Dictyostelium discoideum	amoebozoa	461	211.0
assoc_mcu_reg|A0A1X7U881	assoc_mcu_reg	mcu	channel_associated	B1B2	A0A1X7U881	Amphimedon queenslandica	basal_metazoan	419	275.8
assoc_mcu_reg|A7RPR4	assoc_mcu_reg	mcu	channel_associated	B1B2	A7RPR4	Nematostella vectensis	cnidarian	408	344.9
assoc_mcu_reg|F6Y437	assoc_mcu_reg	mcu	channel_associated	B1B2	F6Y437	Ciona intestinalis	deuterostome	423	385.2
assoc_mcu_reg|Q581Z7	assoc_mcu_reg	mcu	channel_associated	B1B2	Q581Z7	Trypanosoma brucei	excavate	410	69.6
assoc_mcu_reg|A0A0D2X184	assoc_mcu_reg	mcu	channel_associated	B1B2	A0A0D2X184	Capsaspora owczarzaki	holozoa	476	322.3
assoc_mcu_reg|V4CDP9	assoc_mcu_reg	mcu	channel_associated	B1B2	V4CDP9	Lottia gigantea	invertebrate	409	385.7
assoc_mcu_reg|Q9SZ45	assoc_mcu_reg	mcu	channel_associated	B1B2	Q9SZ45	Arabidopsis thaliana	plant	498	185.8
assoc_mcu_reg|Q86XE3	assoc_mcu_reg	mcu	channel_associated	B1B2	Q86XE3	Homo sapiens	vertebrate	530	693.9
assoc_mcu_reg|B3RWH9	assoc_mcu_reg	mcu	channel_associated	B1B2	B3RWH9	Trichoplax adhaerens	basal_metazoan	373	179.5
assoc_mcu_reg|A0ABM4BYF0	assoc_mcu_reg	mcu	channel_associated	B1B2	A0ABM4BYF0	Hydra vulgaris	cnidarian	498	299.7
assoc_mcu_reg|A0A9J7LGE8	assoc_mcu_reg	mcu	channel_associated	B1B2	A0A9J7LGE8	Branchiostoma floridae	deuterostome	492	380.0
assoc_mcu_reg|A9V0P9	assoc_mcu_reg	mcu	channel_associated	B1B2	A9V0P9	Monosiga brevicollis	holozoa	553	235.3
assoc_mcu_reg|A0AAV2HKW4	assoc_mcu_reg	mcu	channel_associated	B1B2	A0AAV2HKW4	Lymnaea stagnalis	invertebrate	464	384.6
assoc_mcu_reg|Q0DZK7	assoc_mcu_reg	mcu	channel_associated	B1B2	Q0DZK7	Oryza sativa	plant	478	183.8
assoc_mcu_reg|Q9CTY5	assoc_mcu_reg	mcu	channel_associated	B1B2	Q9CTY5	Mus musculus	vertebrate	523	631.7
assoc_mcu_reg|A0A7M7HNV9	assoc_mcu_reg	mcu	channel_associated	B1B2	A0A7M7HNV9	Strongylocentrotus purpuratus	deuterostome	479	362.2
assoc_mcu_reg|A0ABM0JG81	assoc_mcu_reg	mcu	channel_associated	B1B2	A0ABM0JG81	Aplysia californica	invertebrate	536	369.3
assoc_mcu_reg|A0A2K1JY40	assoc_mcu_reg	mcu	channel_associated	B1B2	A0A2K1JY40	Physcomitrium patens	plant	498	168.9
assoc_mcu_reg|A0A8I6A2H6	assoc_mcu_reg	mcu	channel_associated	B1B2	A0A8I6A2H6	Rattus norvegicus	vertebrate	523	630.0
assoc_mcu_reg|A2VEI2	assoc_mcu_reg	mcu	channel_associated	B1B2	A2VEI2	Drosophila melanogaster	invertebrate	525	368.9
assoc_mcu_reg|A0A6I8PHK8	assoc_mcu_reg	mcu	channel_associated	B1B2	A0A6I8PHK8	Ornithorhynchus anatinus	vertebrate	485	569.4
assoc_mcu_reg|E9GZJ9	assoc_mcu_reg	mcu	channel_associated	B1B2	E9GZJ9	Daphnia pulex	invertebrate	480	349.9
assoc_mcu_reg|B1H2N3	assoc_mcu_reg	mcu	channel_associated	B1B2	B1H2N3	Xenopus tropicalis	vertebrate	473	567.7
assoc_mcu_reg|Q95PZ2	assoc_mcu_reg	mcu	channel_associated	B1B2	Q95PZ2	Caenorhabditis elegans	invertebrate	534	318.5
assoc_mcu_reg|G1KF30	assoc_mcu_reg	mcu	channel_associated	B1B2	G1KF30	Anolis carolinensis	vertebrate	612	550.5
assoc_mcu_reg|A0A8V0ZK39	assoc_mcu_reg	mcu	channel_associated	B1B2	A0A8V0ZK39	Gallus gallus	vertebrate	482	543.7
assoc_mcu_reg|H3BDU9	assoc_mcu_reg	mcu	channel_associated	B1B2	H3BDU9	Latimeria chalumnae	vertebrate	499	535.4
assoc_mcu_reg|A4IG32	assoc_mcu_reg	mcu	channel_associated	B1B2	A4IG32	Danio rerio	vertebrate	489	524.4
assoc_mcu_reg|A0A674P7K8	assoc_mcu_reg	mcu	channel_associated	B1B2	A0A674P7K8	Takifugu rubripes	vertebrate	488	517.1
assoc_mcu_reg|A0A4W3H5J0	assoc_mcu_reg	mcu	channel_associated	B1B2	A0A4W3H5J0	Callorhinchus milii	vertebrate	488	513.5
assoc_mcu_reg|A0A5F8GVT6	assoc_mcu_reg	mcu	channel_associated	B1B2	A0A5F8GVT6	Monodelphis domestica	vertebrate	455	492.4
assoc_mcu_reg|A0AAJ7SW59	assoc_mcu_reg	mcu	channel_associated	B1B2	A0AAJ7SW59	Petromyzon marinus	vertebrate	493	489.4
assoc_nav_beta|A0A9J7HGS2	assoc_nav_beta	ploop	channel_associated	B1B2	A0A9J7HGS2	Branchiostoma floridae	deuterostome	715	46.4
assoc_nav_beta|Q8IWT1	assoc_nav_beta	ploop	channel_associated	B1B2	Q8IWT1	Homo sapiens	vertebrate	228	317.1
assoc_nav_beta|P54900	assoc_nav_beta	ploop	channel_associated	B1B2	P54900	Rattus norvegicus	vertebrate	215	296.8
assoc_nav_beta|P97952	assoc_nav_beta	ploop	channel_associated	B1B2	P97952	Mus musculus	vertebrate	218	294.3
assoc_nav_beta|F7G1T5	assoc_nav_beta	ploop	channel_associated	B1B2	F7G1T5	Monodelphis domestica	vertebrate	215	278.4
assoc_nav_beta|F6PQ19	assoc_nav_beta	ploop	channel_associated	B1B2	F6PQ19	Ornithorhynchus anatinus	vertebrate	196	258.7
assoc_nav_beta|A0A8V1A579	assoc_nav_beta	ploop	channel_associated	B1B2	A0A8V1A579	Gallus gallus	vertebrate	214	237.8
assoc_nav_beta|H9GAJ2	assoc_nav_beta	ploop	channel_associated	B1B2	H9GAJ2	Anolis carolinensis	vertebrate	221	233.8
assoc_nav_beta|H3A6Y1	assoc_nav_beta	ploop	channel_associated	B1B2	H3A6Y1	Latimeria chalumnae	vertebrate	221	219.8
assoc_nav_beta|F7B7Y5	assoc_nav_beta	ploop	channel_associated	B1B2	F7B7Y5	Xenopus tropicalis	vertebrate	215	218.0
assoc_nav_beta|A0A674NBA5	assoc_nav_beta	ploop	channel_associated	B1B2	A0A674NBA5	Takifugu rubripes	vertebrate	217	184.0
assoc_nav_beta|A0ACM8QB20	assoc_nav_beta	ploop	channel_associated	B1B2	A0ACM8QB20	Danio rerio	vertebrate	230	183.6
assoc_nav_beta|A0A4W3H861	assoc_nav_beta	ploop	channel_associated	B1B2	A0A4W3H861	Callorhinchus milii	vertebrate	216	168.3
assoc_nav_beta|A0AAJ7TMC3	assoc_nav_beta	ploop	channel_associated	B1B2	A0AAJ7TMC3	Petromyzon marinus	vertebrate	232	121.5
assoc_polycystin1|B3RPM8	assoc_polycystin1	ploop	channel_associated	B1B2	B3RPM8	Trichoplax adhaerens	basal_metazoan	2734	796.3
assoc_polycystin1|A0ABM4CPT9	assoc_polycystin1	ploop	channel_associated	B1B2	A0ABM4CPT9	Hydra vulgaris	cnidarian	3348	791.7
assoc_polycystin1|A0A9J7N6R0	assoc_polycystin1	ploop	channel_associated	B1B2	A0A9J7N6R0	Branchiostoma floridae	deuterostome	4657	1173.9
assoc_polycystin1|A0ABM0JA52	assoc_polycystin1	ploop	channel_associated	B1B2	A0ABM0JA52	Aplysia californica	invertebrate	4547	958.1
assoc_polycystin1|Q8TDX9	assoc_polycystin1	ploop	channel_associated	B1B2	Q8TDX9	Homo sapiens	vertebrate	2849	3794.5
assoc_polycystin1|A7RKU3	assoc_polycystin1	ploop	channel_associated	B1B2	A7RKU3	Nematostella vectensis	cnidarian	2702	676.5
assoc_polycystin1|A0A7M6UT73	assoc_polycystin1	ploop	channel_associated	B1B2	A0A7M6UT73	Strongylocentrotus purpuratus	deuterostome	2681	888.3
assoc_polycystin1|A0AAV2HBS1	assoc_polycystin1	ploop	channel_associated	B1B2	A0AAV2HBS1	Lymnaea stagnalis	invertebrate	3835	914.7
assoc_polycystin1|O08852	assoc_polycystin1	ploop	channel_associated	B1B2	O08852	Mus musculus	vertebrate	4293	2896.4
assoc_polycystin1|H2Y0K6	assoc_polycystin1	ploop	channel_associated	B1B2	H2Y0K6	Ciona intestinalis	deuterostome	3252	849.0
assoc_polycystin1|V3ZD37	assoc_polycystin1	ploop	channel_associated	B1B2	V3ZD37	Lottia gigantea	invertebrate	3521	794.0
assoc_polycystin1|F1MAD3	assoc_polycystin1	ploop	channel_associated	B1B2	F1MAD3	Rattus norvegicus	vertebrate	4292	2893.4
assoc_polycystin1|F6YV18	assoc_polycystin1	ploop	channel_associated	B1B2	F6YV18	Monodelphis domestica	vertebrate	4343	2609.4
assoc_polycystin1|A0A8V0YXP6	assoc_polycystin1	ploop	channel_associated	B1B2	A0A8V0YXP6	Gallus gallus	vertebrate	4382	2070.2
assoc_polycystin1|H9GEP4	assoc_polycystin1	ploop	channel_associated	B1B2	H9GEP4	Anolis carolinensis	vertebrate	2472	2048.8
assoc_polycystin1|A0A6I8N4K5	assoc_polycystin1	ploop	channel_associated	B1B2	A0A6I8N4K5	Ornithorhynchus anatinus	vertebrate	4265	2034.2
assoc_polycystin1|A0A6I8PPD8	assoc_polycystin1	ploop	channel_associated	B1B2	A0A6I8PPD8	Xenopus tropicalis	vertebrate	2458	1959.3
assoc_polycystin1|H3A0G5	assoc_polycystin1	ploop	channel_associated	B1B2	H3A0G5	Latimeria chalumnae	vertebrate	2422	1928.0
assoc_polycystin1|A0A4W3IKV2	assoc_polycystin1	ploop	channel_associated	B1B2	A0A4W3IKV2	Callorhinchus milii	vertebrate	4207	1629.8
assoc_polycystin1|A0A9Y8LYD5	assoc_polycystin1	ploop	channel_associated	B1B2	A0A9Y8LYD5	Danio rerio	vertebrate	2484	1599.9
assoc_polycystin1|A0AAJ7TDS6	assoc_polycystin1	ploop	channel_associated	B1B2	A0AAJ7TDS6	Petromyzon marinus	vertebrate	2749	1359.4
assoc_stim|A0A9J7LE92	assoc_stim	orai	channel_associated	B1B2	A0A9J7LE92	Branchiostoma floridae	deuterostome	715	547.8
assoc_stim|A0ABM0ZZ03	assoc_stim	orai	channel_associated	B1B2	A0ABM0ZZ03	Aplysia californica	invertebrate	586	432.2
assoc_stim|Q9P246	assoc_stim	orai	channel_associated	B1B2	Q9P246	Homo sapiens	vertebrate	746	1577.6
assoc_stim|P83094	assoc_stim	orai	channel_associated	B1B2	P83094	Drosophila melanogaster	invertebrate	570	408.3
assoc_stim|D4A5X1	assoc_stim	orai	channel_associated	B1B2	D4A5X1	Rattus norvegicus	vertebrate	809	1487.1
assoc_stim|P83093	assoc_stim	orai	channel_associated	B1B2	P83093	Mus musculus	vertebrate	746	1486.6
assoc_stim|F6UL86	assoc_stim	orai	channel_associated	B1B2	F6UL86	Ornithorhynchus anatinus	vertebrate	770	1345.1
assoc_stim|A0A8V0YEH4	assoc_stim	orai	channel_associated	B1B2	A0A8V0YEH4	Gallus gallus	vertebrate	740	1317.8
assoc_stim|A0A803SNW2	assoc_stim	orai	channel_associated	B1B2	A0A803SNW2	Anolis carolinensis	vertebrate	733	1257.8
assoc_stim|F6QSU2	assoc_stim	orai	channel_associated	B1B2	F6QSU2	Monodelphis domestica	vertebrate	771	1239.4
assoc_stim|A0A803K290	assoc_stim	orai	channel_associated	B1B2	A0A803K290	Xenopus tropicalis	vertebrate	748	1131.7
assoc_stim|H2ZV27	assoc_stim	orai	channel_associated	B1B2	H2ZV27	Latimeria chalumnae	vertebrate	639	1057.2
assoc_stim|A0A4W3ICY2	assoc_stim	orai	channel_associated	B1B2	A0A4W3ICY2	Callorhinchus milii	vertebrate	721	951.1
assoc_stim|A0AC36JWC5	assoc_stim	orai	channel_associated	B1B2	A0AC36JWC5	Danio rerio	vertebrate	727	902.3
assoc_stim|A0A674NMQ2	assoc_stim	orai	channel_associated	B1B2	A0A674NMQ2	Takifugu rubripes	vertebrate	692	890.1
assoc_sur|Q09428	assoc_sur	abc_channel	channel_associated	B1B2	Q09428	Homo sapiens	vertebrate	1581	3496.2
assoc_sur|Q09429	assoc_sur	abc_channel	channel_associated	B1B2	Q09429	Rattus norvegicus	vertebrate	1582	3394.9
assoc_sur|F6VJT4	assoc_sur	abc_channel	channel_associated	B1B2	F6VJT4	Mus musculus	vertebrate	1588	3384.5
assoc_sur|A0A5F8G687	assoc_sur	abc_channel	channel_associated	B1B2	A0A5F8G687	Monodelphis domestica	vertebrate	1552	3279.0
assoc_sur|F6W7R8	assoc_sur	abc_channel	channel_associated	B1B2	F6W7R8	Ornithorhynchus anatinus	vertebrate	1579	3184.4
assoc_sur|A0A8V0YHU1	assoc_sur	abc_channel	channel_associated	B1B2	A0A8V0YHU1	Gallus gallus	vertebrate	1558	3171.3
assoc_sur|G1K878	assoc_sur	abc_channel	channel_associated	B1B2	G1K878	Anolis carolinensis	vertebrate	1592	3125.2
assoc_sur|H2ZXU9	assoc_sur	abc_channel	channel_associated	B1B2	H2ZXU9	Latimeria chalumnae	vertebrate	1555	3086.3
assoc_sur|A0A803JFZ7	assoc_sur	abc_channel	channel_associated	B1B2	A0A803JFZ7	Xenopus tropicalis	vertebrate	1580	3070.7
assoc_sur|A0A4W3JAY2	assoc_sur	abc_channel	channel_associated	B1B2	A0A4W3JAY2	Callorhinchus milii	vertebrate	1561	2992.3
assoc_sur|F1QMZ9	assoc_sur	abc_channel	channel_associated	B1B2	F1QMZ9	Danio rerio	vertebrate	1594	2929.9
assoc_sur|A0AAJ7WZG9	assoc_sur	abc_channel	channel_associated	B1B2	A0AAJ7WZG9	Petromyzon marinus	vertebrate	1604	2894.5
assoc_sur|A0A674PG15	assoc_sur	abc_channel	channel_associated	B1B2	A0A674PG15	Takifugu rubripes	vertebrate	1561	2882.9
bestrophin|A0A9J7M3I7	bestrophin	bestrophin	channel	B1B2	A0A9J7M3I7	Branchiostoma floridae	deuterostome	752	618.0
bestrophin|O18303	bestrophin	bestrophin	channel	B1B2	O18303	Caenorhabditis elegans	invertebrate	602	595.7
bestrophin|P76146	bestrophin	bestrophin	channel	B1B2	P76146	Escherichia coli	prokaryote	304	123.9
bestrophin|O76090	bestrophin	bestrophin	channel	B1B2	O76090	Homo sapiens	vertebrate	585	880.2
bestrophin|F7B065	bestrophin	bestrophin	channel	B1B2	F7B065	Ciona intestinalis	deuterostome	367	585.2
bestrophin|E9FWV7	bestrophin	bestrophin	channel	B1B2	E9FWV7	Daphnia pulex	invertebrate	425	525.1
bestrophin|P72926	bestrophin	bestrophin	channel	B1B2	P72926	Synechocystis sp. PCC 6803	prokaryote	307	43.6
bestrophin|O88870	bestrophin	bestrophin	channel	B1B2	O88870	Mus musculus	vertebrate	551	810.9
bestrophin|A0A7M7PVG1	bestrophin	bestrophin	channel	B1B2	A0A7M7PVG1	Strongylocentrotus purpuratus	deuterostome	663	509.0
bestrophin|V3YZ11	bestrophin	bestrophin	channel	B1B2	V3YZ11	Lottia gigantea	invertebrate	368	521.3
bestrophin|D4A3A7	bestrophin	bestrophin	channel	B1B2	D4A3A7	Rattus norvegicus	vertebrate	508	775.7
bestrophin|A0A0B4K651	bestrophin	bestrophin	channel	B1B2	A0A0B4K651	Drosophila melanogaster	invertebrate	784	510.5
bestrophin|F7F684	bestrophin	bestrophin	channel	B1B2	F7F684	Monodelphis domestica	vertebrate	676	758.5
bestrophin|A0AAV2I353	bestrophin	bestrophin	channel	B1B2	A0AAV2I353	Lymnaea stagnalis	invertebrate	654	496.4
bestrophin|F7BVY7	bestrophin	bestrophin	channel	B1B2	F7BVY7	Ornithorhynchus anatinus	vertebrate	678	752.1
bestrophin|A0ABM1VUU1	bestrophin	bestrophin	channel	B1B2	A0ABM1VUU1	Aplysia californica	invertebrate	337	417.0
bestrophin|A0A8V0ZZU7	bestrophin	bestrophin	channel	B1B2	A0A8V0ZZU7	Gallus gallus	vertebrate	762	743.1
bestrophin|H3BCY9	bestrophin	bestrophin	channel	B1B2	H3BCY9	Latimeria chalumnae	vertebrate	675	735.6
bestrophin|H9GPF0	bestrophin	bestrophin	channel	B1B2	H9GPF0	Anolis carolinensis	vertebrate	765	731.5
bestrophin|A0A8J0QFE8	bestrophin	bestrophin	channel	B1B2	A0A8J0QFE8	Xenopus tropicalis	vertebrate	670	726.0
bestrophin|A0AAJ7XG61	bestrophin	bestrophin	channel	B1B2	A0AAJ7XG61	Petromyzon marinus	vertebrate	687	709.1
bestrophin|A0A8N7TBM7	bestrophin	bestrophin	channel	B1B2	A0A8N7TBM7	Danio rerio	vertebrate	589	708.3
bestrophin|A0A674NGH3	bestrophin	bestrophin	channel	B1B2	A0A674NGH3	Takifugu rubripes	vertebrate	655	704.8
bestrophin|A0A4W3K6Q0	bestrophin	bestrophin	channel	B1B2	A0A4W3K6Q0	Callorhinchus milii	vertebrate	671	695.3
calhm|A7RTL0	calhm	calhm	channel	B1B2	A7RTL0	Nematostella vectensis	cnidarian	304	84.4
calhm|F6Y4T2	calhm	calhm	channel	B1B2	F6Y4T2	Ciona intestinalis	deuterostome	273	153.3
calhm|Q18593	calhm	calhm	channel	B1B2	Q18593	Caenorhabditis elegans	invertebrate	329	349.7
calhm|Q9HA72	calhm	calhm	channel	B1B2	Q9HA72	Homo sapiens	vertebrate	323	413.0
calhm|A4FUN9	calhm	calhm	channel	B1B2	A4FUN9	Danio rerio	vertebrate	310	405.9
calhm|Q8VEC4	calhm	calhm	channel	B1B2	Q8VEC4	Mus musculus	vertebrate	323	405.5
calhm|Q5RJQ8	calhm	calhm	channel	B1B2	Q5RJQ8	Rattus norvegicus	vertebrate	323	404.3
calhm|A0A6I8P834	calhm	calhm	channel	B1B2	A0A6I8P834	Ornithorhynchus anatinus	vertebrate	323	394.0
calhm|F7F446	calhm	calhm	channel	B1B2	F7F446	Monodelphis domestica	vertebrate	323	388.5
calhm|H3A1Q1	calhm	calhm	channel	B1B2	H3A1Q1	Latimeria chalumnae	vertebrate	341	379.0
calhm|G1KHQ2	calhm	calhm	channel	B1B2	G1KHQ2	Anolis carolinensis	vertebrate	336	378.1
calhm|E1C257	calhm	calhm	channel	B1B2	E1C257	Gallus gallus	vertebrate	319	375.8
calhm|A0A6I8PQI6	calhm	calhm	channel	B1B2	A0A6I8PQI6	Xenopus tropicalis	vertebrate	337	373.7
calhm|H2UHH3	calhm	calhm	channel	B1B2	H2UHH3	Takifugu rubripes	vertebrate	351	367.0
calhm|A0A4W3GWB1	calhm	calhm	channel	B1B2	A0A4W3GWB1	Callorhinchus milii	vertebrate	379	314.4
calhm|A0AAJ7TIS7	calhm	calhm	channel	B1B2	A0AAJ7TIS7	Petromyzon marinus	vertebrate	328	266.3
catsper|A0A1X7U8D4	catsper	ploop	channel	B1B2	A0A1X7U8D4	Amphimedon queenslandica	basal_metazoan	509	204.8
catsper|A7SGC6	catsper	ploop	channel	B1B2	A7SGC6	Nematostella vectensis	cnidarian	498	199.3
catsper|A0A7M7NFY1	catsper	ploop	channel	B1B2	A0A7M7NFY1	Strongylocentrotus purpuratus	deuterostome	394	253.1
catsper|Q7RTX7	catsper	ploop	channel	B1B2	Q7RTX7	Homo sapiens	vertebrate	472	631.3
catsper|A0A9J7KRC7	catsper	ploop	channel	B1B2	A0A9J7KRC7	Branchiostoma floridae	deuterostome	381	250.6
catsper|D4A0V7	catsper	ploop	channel	B1B2	D4A0V7	Rattus norvegicus	vertebrate	448	459.8
catsper|F7A9W3	catsper	ploop	channel	B1B2	F7A9W3	Ciona intestinalis	deuterostome	586	201.6
catsper|A2ARP9	catsper	ploop	channel	B1B2	A2ARP9	Mus musculus	vertebrate	588	448.4
catsper|F6X307	catsper	ploop	channel	B1B2	F6X307	Monodelphis domestica	vertebrate	449	409.7
catsper|F7F7P6	catsper	ploop	channel	B1B2	F7F7P6	Ornithorhynchus anatinus	vertebrate	532	369.3
catsper|G1K8B4	catsper	ploop	channel	B1B2	G1K8B4	Anolis carolinensis	vertebrate	492	306.2
catsper|M3XIP6	catsper	ploop	channel	B1B2	M3XIP6	Latimeria chalumnae	vertebrate	443	262.4
catsper|A0A4W3GN01	catsper	ploop	channel	B1B2	A0A4W3GN01	Callorhinchus milii	vertebrate	401	219.8
cav|A0A2K3CQ96	cav	ploop	channel	B1B2	A0A2K3CQ96	Chlamydomonas reinhardtii	algae	2253	1034.8
cav|B3RN16	cav	ploop	channel	B1B2	B3RN16	Trichoplax adhaerens	basal_metazoan	1556	1659.5
cav|A0BXM3	cav	ploop	channel	B1B2	A0BXM3	Paramecium tetraurelia	ciliate	2184	446.0
cav|A0ABM4C5U1	cav	ploop	channel	B1B2	A0ABM4C5U1	Hydra vulgaris	cnidarian	1727	2079.0
cav|A0A9J7MRS2	cav	ploop	channel	B1B2	A0A9J7MRS2	Branchiostoma floridae	deuterostome	2477	2604.8
cav|E9FTR1	cav	ploop	channel	B1B2	E9FTR1	Daphnia pulex	invertebrate	1836	2581.1
cav|Q13936	cav	ploop	channel	B1B2	Q13936	Homo sapiens	vertebrate	2221	3039.9
cav|A0A1X7VQE5	cav	ploop	channel	B1B2	A0A1X7VQE5	Amphimedon queenslandica	basal_metazoan	2023	1158.6
cav|I7MGB5	cav	ploop	channel	B1B2	I7MGB5	Tetrahymena thermophila	ciliate	1999	429.1
cav|A7SHI0	cav	ploop	channel	B1B2	A7SHI0	Nematostella vectensis	cnidarian	1794	1301.8
cav|F6X5E1	cav	ploop	channel	B1B2	F6X5E1	Ciona intestinalis	deuterostome	1645	2512.5
cav|P91645	cav	ploop	channel	B1B2	P91645	Drosophila melanogaster	invertebrate	1851	2559.5
cav|O73700	cav	ploop	channel	B1B2	O73700	Gallus gallus	vertebrate	2190	3015.1
cav|A0A7M6W896	cav	ploop	channel	B1B2	A0A7M6W896	Strongylocentrotus purpuratus	deuterostome	2212	2485.6
cav|Q8MQA1	cav	ploop	channel	B1B2	Q8MQA1	Caenorhabditis elegans	invertebrate	1877	2429.1
cav|Q99246	cav	ploop	channel	B1B2	Q99246	Mus musculus	vertebrate	2179	2998.3
cav|A0AAV2IH62	cav	ploop	channel	B1B2	A0AAV2IH62	Lymnaea stagnalis	invertebrate	2156	2414.9
cav|A0A8J0S9X9	cav	ploop	channel	B1B2	A0A8J0S9X9	Xenopus tropicalis	vertebrate	2196	2978.4
cav|A0ABM1VUE8	cav	ploop	channel	B1B2	A0ABM1VUE8	Aplysia californica	invertebrate	2922	1563.1
cav|P27732	cav	ploop	channel	B1B2	P27732	Rattus norvegicus	vertebrate	2203	2961.4
cav|V3ZSQ2	cav	ploop	channel	B1B2	V3ZSQ2	Lottia gigantea	invertebrate	1575	1547.2
cav|A0AB32TNI5	cav	ploop	channel	B1B2	A0AB32TNI5	Danio rerio	vertebrate	2230	2929.1
cav|A0A6I8NEU4	cav	ploop	channel	B1B2	A0A6I8NEU4	Ornithorhynchus anatinus	vertebrate	2070	2926.2
cav|A0AAJ7X5W9	cav	ploop	channel	B1B2	A0AAJ7X5W9	Petromyzon marinus	vertebrate	2258	2876.9
cav|A0A4W3JE72	cav	ploop	channel	B1B2	A0A4W3JE72	Callorhinchus milii	vertebrate	2175	2863.8
cav|H3BDR9	cav	ploop	channel	B1B2	H3BDR9	Latimeria chalumnae	vertebrate	1866	2847.9
cav|F7AXC5	cav	ploop	channel	B1B2	F7AXC5	Monodelphis domestica	vertebrate	1873	2835.1
cav|A0A803TS66	cav	ploop	channel	B1B2	A0A803TS66	Anolis carolinensis	vertebrate	2037	2808.4
cav|A0A674PBV2	cav	ploop	channel	B1B2	A0A674PBV2	Takifugu rubripes	vertebrate	2128	2765.6
cftr|P13569	cftr	abc_channel	channel	B1B2	P13569	Homo sapiens	vertebrate	1480	3232.1
cftr|F6ZS67	cftr	abc_channel	channel	B1B2	F6ZS67	Monodelphis domestica	vertebrate	1481	3092.8
cftr|Q07DZ6	cftr	abc_channel	channel	B1B2	Q07DZ6	Ornithorhynchus anatinus	vertebrate	1484	3051.1
cftr|P26361	cftr	abc_channel	channel	B1B2	P26361	Mus musculus	vertebrate	1476	2950.5
cftr|P34158	cftr	abc_channel	channel	B1B2	P34158	Rattus norvegicus	vertebrate	1476	2929.4
cftr|A0A8V0X9Y7	cftr	abc_channel	channel	B1B2	A0A8V0X9Y7	Gallus gallus	vertebrate	1486	2905.2
cftr|A0A6I8RH73	cftr	abc_channel	channel	B1B2	A0A6I8RH73	Xenopus tropicalis	vertebrate	1485	2900.8
cftr|H3A114	cftr	abc_channel	channel	B1B2	H3A114	Latimeria chalumnae	vertebrate	1491	2777.3
cftr|A0A803SV80	cftr	abc_channel	channel	B1B2	A0A803SV80	Anolis carolinensis	vertebrate	1409	2720.7
cftr|A0A4W3IV96	cftr	abc_channel	channel	B1B2	A0A4W3IV96	Callorhinchus milii	vertebrate	1518	2685.1
cftr|Q1LX78	cftr	abc_channel	channel	B1B2	Q1LX78	Danio rerio	vertebrate	1485	2511.0
cftr|Q9I8E2	cftr	abc_channel	channel	B1B2	Q9I8E2	Takifugu rubripes	vertebrate	1511	2412.6
cftr|A0AAJ7TXA8	cftr	abc_channel	channel	B1B2	A0AAJ7TXA8	Petromyzon marinus	vertebrate	1466	1672.1
clc_channel|A0AAN0JWI9	clc_channel	clc	channel	B1B2	A0AAN0JWI9	Amphimedon queenslandica	basal_metazoan	762	674.1
clc_channel|A0A7M7NY22	clc_channel	clc	channel	B1B2	A0A7M7NY22	Strongylocentrotus purpuratus	deuterostome	853	1033.4
clc_channel|A0A0D2UKQ8	clc_channel	clc	channel	B1B2	A0A0D2UKQ8	Capsaspora owczarzaki	holozoa	868	690.2
clc_channel|V4ALP8	clc_channel	clc	channel	B1B2	V4ALP8	Lottia gigantea	invertebrate	926	960.6
clc_channel|P51788	clc_channel	clc	channel	B1B2	P51788	Homo sapiens	vertebrate	898	1643.9
clc_channel|A0A9J7M8V4	clc_channel	clc	channel	B1B2	A0A9J7M8V4	Branchiostoma floridae	deuterostome	947	965.7
clc_channel|A9V6T5	clc_channel	clc	channel	B1B2	A9V6T5	Monosiga brevicollis	holozoa	1004	564.2
clc_channel|A0AAV2INJ6	clc_channel	clc	channel	B1B2	A0AAV2INJ6	Lymnaea stagnalis	invertebrate	955	945.9
clc_channel|P35525	clc_channel	clc	channel	B1B2	P35525	Rattus norvegicus	vertebrate	907	1569.5
clc_channel|H2XTS9	clc_channel	clc	channel	B1B2	H2XTS9	Ciona intestinalis	deuterostome	773	953.8
clc_channel|Q9VGH7	clc_channel	clc	channel	B1B2	Q9VGH7	Drosophila melanogaster	invertebrate	1193	919.1
clc_channel|Q9R0A1	clc_channel	clc	channel	B1B2	Q9R0A1	Mus musculus	vertebrate	908	1567.7
clc_channel|E9FVD4	clc_channel	clc	channel	B1B2	E9FVD4	Daphnia pulex	invertebrate	885	893.9
clc_channel|A0A6I8PMR2	clc_channel	clc	channel	B1B2	A0A6I8PMR2	Ornithorhynchus anatinus	vertebrate	903	1499.2
clc_channel|A0ABM1W436	clc_channel	clc	channel	B1B2	A0ABM1W436	Aplysia californica	invertebrate	762	847.7
clc_channel|F7GFC3	clc_channel	clc	channel	B1B2	F7GFC3	Monodelphis domestica	vertebrate	899	1496.9
clc_channel|Q9BMK9	clc_channel	clc	channel	B1B2	Q9BMK9	Caenorhabditis elegans	invertebrate	1001	733.6
clc_channel|A0A8V0Z3D0	clc_channel	clc	channel	B1B2	A0A8V0Z3D0	Gallus gallus	vertebrate	885	1367.2
clc_channel|F6V0E2	clc_channel	clc	channel	B1B2	F6V0E2	Xenopus tropicalis	vertebrate	882	1347.0
clc_channel|A0A8M3AV81	clc_channel	clc	channel	B1B2	A0A8M3AV81	Danio rerio	vertebrate	911	1322.5
clc_channel|A0A674MFM1	clc_channel	clc	channel	B1B2	A0A674MFM1	Takifugu rubripes	vertebrate	908	1317.1
clc_channel|H9GCB3	clc_channel	clc	channel	B1B2	H9GCB3	Anolis carolinensis	vertebrate	988	1289.6
clc_channel|A0ACM8BYH0	clc_channel	clc	channel	B1B2	A0ACM8BYH0	Petromyzon marinus	vertebrate	907	1240.6
clc_channel|A0A4W3HZF0	clc_channel	clc	channel	B1B2	A0A4W3HZF0	Callorhinchus milii	vertebrate	844	1150.5
clc_channel|H3B1N9	clc_channel	clc	channel	B1B2	H3B1N9	Latimeria chalumnae	vertebrate	821	1140.6
clc_prokaryotic|P37019	clc_prokaryotic	clc	transporter	B1B2	P37019	Escherichia coli	prokaryote	473	1094.4
clc_prokaryotic|P73745	clc_prokaryotic	clc	transporter	B1B2	P73745	Synechocystis sp. PCC 6803	prokaryote	451	324.1
clc_prokaryotic|A8EVP7	clc_prokaryotic	clc	transporter	B1B2	A8EVP7	Aliarcobacter butzleri	prokaryote	465	65.4
clc_transporter|A0A2K3E782	clc_transporter	clc	transporter	B1B2	A0A2K3E782	Chlamydomonas reinhardtii	algae	969	419.5
clc_transporter|Q1ZXJ0	clc_transporter	clc	transporter	B1B2	Q1ZXJ0	Dictyostelium discoideum	amoebozoa	1000	489.5
clc_transporter|B3SD67	clc_transporter	clc	transporter	B1B2	B3SD67	Trichoplax adhaerens	basal_metazoan	768	920.5
clc_transporter|A7SSG7	clc_transporter	clc	transporter	B1B2	A7SSG7	Nematostella vectensis	cnidarian	746	1076.8
clc_transporter|A0A9J7LHD6	clc_transporter	clc	transporter	B1B2	A0A9J7LHD6	Branchiostoma floridae	deuterostome	832	1152.9
clc_transporter|Q38EB7	clc_transporter	clc	transporter	B1B2	Q38EB7	Trypanosoma brucei	excavate	938	406.5
clc_transporter|O60159	clc_transporter	clc	transporter	B1B2	O60159	Schizosaccharomyces pombe	fungi	766	447.3
clc_transporter|A0A0D2UGG9	clc_transporter	clc	transporter	B1B2	A0A0D2UGG9	Capsaspora owczarzaki	holozoa	976	828.5
clc_transporter|A0AAV2HEW6	clc_transporter	clc	transporter	B1B2	A0AAV2HEW6	Lymnaea stagnalis	invertebrate	843	1088.6
clc_transporter|A0A7I4CS77	clc_transporter	clc	transporter	B1B2	A0A7I4CS77	Physcomitrium patens	plant	788	495.1
clc_transporter|P51790	clc_transporter	clc	transporter	B1B2	P51790	Homo sapiens	vertebrate	818	1495.9
clc_transporter|A0A1X7TWT4	clc_transporter	clc	transporter	B1B2	A0A1X7TWT4	Amphimedon queenslandica	basal_metazoan	827	911.8
clc_transporter|A0ABM4D416	clc_transporter	clc	transporter	B1B2	A0ABM4D416	Hydra vulgaris	cnidarian	790	962.2
clc_transporter|F6TV75	clc_transporter	clc	transporter	B1B2	F6TV75	Ciona intestinalis	deuterostome	762	1075.3
clc_transporter|P37020	clc_transporter	clc	transporter	B1B2	P37020	Saccharomyces cerevisiae	fungi	779	441.0
clc_transporter|A9V2G7	clc_transporter	clc	transporter	B1B2	A9V2G7	Monosiga brevicollis	holozoa	860	811.0
clc_transporter|V4ABB2	clc_transporter	clc	transporter	B1B2	V4ABB2	Lottia gigantea	invertebrate	826	1074.7
clc_transporter|P92943	clc_transporter	clc	transporter	B1B2	P92943	Arabidopsis thaliana	plant	792	481.3
clc_transporter|P51792	clc_transporter	clc	transporter	B1B2	P51792	Rattus norvegicus	vertebrate	818	1493.7
clc_transporter|A0A7M7NHL5	clc_transporter	clc	transporter	B1B2	A0A7M7NHL5	Strongylocentrotus purpuratus	deuterostome	842	1044.2
clc_transporter|Q9VUY1	clc_transporter	clc	transporter	B1B2	Q9VUY1	Drosophila melanogaster	invertebrate	893	1059.0
clc_transporter|Q6YVX5	clc_transporter	clc	transporter	B1B2	Q6YVX5	Oryza sativa	plant	804	431.8
clc_transporter|P51791	clc_transporter	clc	transporter	B1B2	P51791	Mus musculus	vertebrate	818	1490.7
clc_transporter|A0ABM0K500	clc_transporter	clc	transporter	B1B2	A0ABM0K500	Aplysia californica	invertebrate	717	1056.9
clc_transporter|A0A8V0Y6E9	clc_transporter	clc	transporter	B1B2	A0A8V0Y6E9	Gallus gallus	vertebrate	818	1484.6
clc_transporter|E9GKY3	clc_transporter	clc	transporter	B1B2	E9GKY3	Daphnia pulex	invertebrate	759	1037.9
clc_transporter|A0A5F8G2D3	clc_transporter	clc	transporter	B1B2	A0A5F8G2D3	Monodelphis domestica	vertebrate	866	1463.8
clc_transporter|Q7JM01	clc_transporter	clc	transporter	B1B2	Q7JM01	Caenorhabditis elegans	invertebrate	797	873.1
clc_transporter|A0A6I8NIL3	clc_transporter	clc	transporter	B1B2	A0A6I8NIL3	Ornithorhynchus anatinus	vertebrate	866	1461.4
clc_transporter|A0A8J0SF99	clc_transporter	clc	transporter	B1B2	A0A8J0SF99	Xenopus tropicalis	vertebrate	867	1441.8
clc_transporter|H9GMP4	clc_transporter	clc	transporter	B1B2	H9GMP4	Anolis carolinensis	vertebrate	867	1441.0
clc_transporter|M3XJQ9	clc_transporter	clc	transporter	B1B2	M3XJQ9	Latimeria chalumnae	vertebrate	866	1439.7
clc_transporter|A0A4W3IEF2	clc_transporter	clc	transporter	B1B2	A0A4W3IEF2	Callorhinchus milii	vertebrate	808	1409.4
clc_transporter|A0A8M1NBJ7	clc_transporter	clc	transporter	B1B2	A0A8M1NBJ7	Danio rerio	vertebrate	768	1379.8
clc_transporter|A0A674P7R8	clc_transporter	clc	transporter	B1B2	A0A674P7R8	Takifugu rubripes	vertebrate	866	1376.7
clc_transporter|A0AAJ7XII7	clc_transporter	clc	transporter	B1B2	A0AAJ7XII7	Petromyzon marinus	vertebrate	816	1201.3
clic|A8I0K9	clic	clic	channel_contested	B1B2	A8I0K9	Chlamydomonas reinhardtii	algae	226	58.5
clic|B3RWE0	clic	clic	channel_contested	B1B2	B3RWE0	Trichoplax adhaerens	basal_metazoan	215	145.4
clic|A0BEM1	clic	clic	channel_contested	B1B2	A0BEM1	Paramecium tetraurelia	ciliate	239	37.0
clic|A0ABM4BLG6	clic	clic	channel_contested	B1B2	A0ABM4BLG6	Hydra vulgaris	cnidarian	237	191.6
clic|F6RMW3	clic	clic	channel_contested	B1B2	F6RMW3	Ciona intestinalis	deuterostome	276	289.6
clic|A9VB92	clic	clic	channel_contested	B1B2	A9VB92	Monosiga brevicollis	holozoa	325	59.3
clic|Q9VY78	clic	clic	channel_contested	B1B2	Q9VY78	Drosophila melanogaster	invertebrate	260	340.5
clic|A0A7I4CIH2	clic	clic	channel_contested	B1B2	A0A7I4CIH2	Physcomitrium patens	plant	280	110.9
clic|Q9Y696	clic	clic	channel_contested	B1B2	Q9Y696	Homo sapiens	vertebrate	253	451.5
clic|A0A1X7V0I6	clic	clic	channel_contested	B1B2	A0A1X7V0I6	Amphimedon queenslandica	basal_metazoan	220	121.7
clic|A7S5C0	clic	clic	channel_contested	B1B2	A7S5C0	Nematostella vectensis	cnidarian	253	133.4
clic|A0A9J7MZX2	clic	clic	channel_contested	B1B2	A0A9J7MZX2	Branchiostoma floridae	deuterostome	260	282.7
clic|Q8WQA4	clic	clic	channel_contested	B1B2	Q8WQA4	Caenorhabditis elegans	invertebrate	290	339.2
clic|Q8LE52	clic	clic	channel_contested	B1B2	Q8LE52	Arabidopsis thaliana	plant	258	104.3
clic|Q9QYB1	clic	clic	channel_contested	B1B2	Q9QYB1	Mus musculus	vertebrate	253	449.6
clic|A0A7M7PIB2	clic	clic	channel_contested	B1B2	A0A7M7PIB2	Strongylocentrotus purpuratus	deuterostome	318	156.8
clic|E9FQR4	clic	clic	channel_contested	B1B2	E9FQR4	Daphnia pulex	invertebrate	253	306.1
clic|Q65XA0	clic	clic	channel_contested	B1B2	Q65XA0	Oryza sativa	plant	213	99.4
clic|A0A6I8NQM3	clic	clic	channel_contested	B1B2	A0A6I8NQM3	Ornithorhynchus anatinus	vertebrate	253	446.7
clic|A0AAV2IFN4	clic	clic	channel_contested	B1B2	A0AAV2IFN4	Lymnaea stagnalis	invertebrate	250	199.1
clic|Q9Z0W7	clic	clic	channel_contested	B1B2	Q9Z0W7	Rattus norvegicus	vertebrate	253	444.8
clic|A0ABM0JBE3	clic	clic	channel_contested	B1B2	A0ABM0JBE3	Aplysia californica	invertebrate	250	192.2
clic|H3B3R5	clic	clic	channel_contested	B1B2	H3B3R5	Latimeria chalumnae	vertebrate	252	444.1
clic|V4ADC8	clic	clic	channel_contested	B1B2	V4ADC8	Lottia gigantea	invertebrate	290	133.6
clic|H2RW98	clic	clic	channel_contested	B1B2	H2RW98	Takifugu rubripes	vertebrate	252	442.9
clic|A0A8V0YVJ1	clic	clic	channel_contested	B1B2	A0A8V0YVJ1	Gallus gallus	vertebrate	253	442.4
clic|A0A8J0PEH8	clic	clic	channel_contested	B1B2	A0A8J0PEH8	Xenopus tropicalis	vertebrate	252	439.7
clic|A0A4W3IZ10	clic	clic	channel_contested	B1B2	A0A4W3IZ10	Callorhinchus milii	vertebrate	252	436.7
clic|A0A8N7V0C8	clic	clic	channel_contested	B1B2	A0A8N7V0C8	Danio rerio	vertebrate	408	435.4
clic|F6VJL1	clic	clic	channel_contested	B1B2	F6VJL1	Monodelphis domestica	vertebrate	710	432.7
clic|A0A803TGU7	clic	clic	channel_contested	B1B2	A0A803TGU7	Anolis carolinensis	vertebrate	401	426.5
clic|A0AAJ7U2Q5	clic	clic	channel_contested	B1B2	A0AAJ7U2Q5	Petromyzon marinus	vertebrate	402	419.1
cng|A0A1X7V4G0	cng	ploop	channel	B1B2	A0A1X7V4G0	Amphimedon queenslandica	basal_metazoan	695	749.2
cng|A0D6P3	cng	ploop	channel	B1B2	A0D6P3	Paramecium tetraurelia	ciliate	943	161.7
cng|A7SNW2	cng	ploop	channel	B1B2	A7SNW2	Nematostella vectensis	cnidarian	442	655.1
cng|A0A9J7LFK6	cng	ploop	channel	B1B2	A0A9J7LFK6	Branchiostoma floridae	deuterostome	788	974.3
cng|A9VCQ9	cng	ploop	channel	B1B2	A9VCQ9	Monosiga brevicollis	holozoa	931	278.9
cng|Q03611	cng	ploop	channel	B1B2	Q03611	Caenorhabditis elegans	invertebrate	733	931.3
cng|P29973	cng	ploop	channel	B1B2	P29973	Homo sapiens	vertebrate	686	1175.8
cng|W7X8F8	cng	ploop	channel	B1B2	W7X8F8	Tetrahymena thermophila	ciliate	1307	153.2
cng|A0ABM4D0Y5	cng	ploop	channel	B1B2	A0ABM4D0Y5	Hydra vulgaris	cnidarian	911	490.1
cng|F6TAP2	cng	ploop	channel	B1B2	F6TAP2	Ciona intestinalis	deuterostome	564	914.5
cng|Q24278	cng	ploop	channel	B1B2	Q24278	Drosophila melanogaster	invertebrate	665	928.3
cng|P29974	cng	ploop	channel	B1B2	P29974	Mus musculus	vertebrate	684	1169.4
cng|A0A7M7RDI5	cng	ploop	channel	B1B2	A0A7M7RDI5	Strongylocentrotus purpuratus	deuterostome	688	880.3
cng|V4AXB6	cng	ploop	channel	B1B2	V4AXB6	Lottia gigantea	invertebrate	545	922.8
cng|Q62927	cng	ploop	channel	B1B2	Q62927	Rattus norvegicus	vertebrate	683	1167.4
cng|A0ABM0ZVJ7	cng	ploop	channel	B1B2	A0ABM0ZVJ7	Aplysia californica	invertebrate	669	918.5
cng|Q90805	cng	ploop	channel	B1B2	Q90805	Gallus gallus	vertebrate	735	1150.2
cng|A0AAV2HH78	cng	ploop	channel	B1B2	A0AAV2HH78	Lymnaea stagnalis	invertebrate	664	911.6
cng|A0A4W3KC36	cng	ploop	channel	B1B2	A0A4W3KC36	Callorhinchus milii	vertebrate	716	1112.1
cng|E9FQW8	cng	ploop	channel	B1B2	E9FQW8	Daphnia pulex	invertebrate	602	856.9
cng|A0A5F8G8C1	cng	ploop	channel	B1B2	A0A5F8G8C1	Monodelphis domestica	vertebrate	675	1102.0
cng|F6TBQ4	cng	ploop	channel	B1B2	F6TBQ4	Xenopus tropicalis	vertebrate	676	1098.2
cng|H3B0L7	cng	ploop	channel	B1B2	H3B0L7	Latimeria chalumnae	vertebrate	662	1095.1
cng|A0AC58JH82	cng	ploop	channel	B1B2	A0AC58JH82	Danio rerio	vertebrate	682	1053.1
cng|G1KLY2	cng	ploop	channel	B1B2	G1KLY2	Anolis carolinensis	vertebrate	616	1047.5
cng|A0A674MWJ5	cng	ploop	channel	B1B2	A0A674MWJ5	Takifugu rubripes	vertebrate	682	1038.3
cng|A0A6I8NSF5	cng	ploop	channel	B1B2	A0A6I8NSF5	Ornithorhynchus anatinus	vertebrate	659	1026.7
cng|A0ACM8AS74	cng	ploop	channel	B1B2	A0ACM8AS74	Petromyzon marinus	vertebrate	814	1003.3
connexin|F6S9Q0	connexin	connexin	channel	B1B2	F6S9Q0	Ciona intestinalis	deuterostome	278	299.7
connexin|P08050	connexin	connexin	channel	B1B2	P08050	Rattus norvegicus	vertebrate	382	426.3
connexin|P23242	connexin	connexin	channel	B1B2	P23242	Mus musculus	vertebrate	382	426.3
connexin|F7E4P6	connexin	connexin	channel	B1B2	F7E4P6	Monodelphis domestica	vertebrate	382	426.1
connexin|P17302	connexin	connexin	channel	B1B2	P17302	Homo sapiens	vertebrate	382	426.0
connexin|P14154	connexin	connexin	channel	B1B2	P14154	Gallus gallus	vertebrate	381	423.6
connexin|O57474	connexin	connexin	channel	B1B2	O57474	Danio rerio	vertebrate	381	422.0
connexin|F6TH76	connexin	connexin	channel	B1B2	F6TH76	Ornithorhynchus anatinus	vertebrate	527	421.7
connexin|A0A8J0QAH5	connexin	connexin	channel	B1B2	A0A8J0QAH5	Xenopus tropicalis	vertebrate	414	421.6
connexin|A0A4W3HGM7	connexin	connexin	channel	B1B2	A0A4W3HGM7	Callorhinchus milii	vertebrate	416	421.3
connexin|H3AH16	connexin	connexin	channel	B1B2	H3AH16	Latimeria chalumnae	vertebrate	414	419.5
connexin|A0A3B5K4W3	connexin	connexin	channel	B1B2	A0A3B5K4W3	Takifugu rubripes	vertebrate	460	415.6
connexin|G1KAD3	connexin	connexin	channel	B1B2	G1KAD3	Anolis carolinensis	vertebrate	482	415.5
connexin|A0AAJ7U2P2	connexin	connexin	channel	B1B2	A0AAJ7U2P2	Petromyzon marinus	vertebrate	456	395.6
deg_invertebrate|P24612	deg_invertebrate	deg_enac	channel	B1B2	P24612	Caenorhabditis elegans	invertebrate	768	1558.7
deg_invertebrate|A0ABM1A168	deg_invertebrate	deg_enac	channel	B1B2	A0ABM1A168	Aplysia californica	invertebrate	689	780.0
deg_invertebrate|A0AAV2H1G8	deg_invertebrate	deg_enac	channel	B1B2	A0AAV2H1G8	Lymnaea stagnalis	invertebrate	616	680.2
deg_invertebrate|V4C2H5	deg_invertebrate	deg_enac	channel	B1B2	V4C2H5	Lottia gigantea	invertebrate	562	614.4
delta_glur|O43424	delta_glur	iglur	channel_contested	B1B2	O43424	Homo sapiens	vertebrate	1007	2180.4
delta_glur|Q61627	delta_glur	iglur	channel_contested	B1B2	Q61627	Mus musculus	vertebrate	1009	2153.5
delta_glur|Q62640	delta_glur	iglur	channel_contested	B1B2	Q62640	Rattus norvegicus	vertebrate	1009	2152.5
delta_glur|A0A8V0Y0B5	delta_glur	iglur	channel_contested	B1B2	A0A8V0Y0B5	Gallus gallus	vertebrate	1010	2052.4
delta_glur|A0A803J7I0	delta_glur	iglur	channel_contested	B1B2	A0A803J7I0	Xenopus tropicalis	vertebrate	1007	2043.3
delta_glur|F7E998	delta_glur	iglur	channel_contested	B1B2	F7E998	Ornithorhynchus anatinus	vertebrate	927	1896.5
delta_glur|Q68Y21	delta_glur	iglur	channel_contested	B1B2	Q68Y21	Danio rerio	vertebrate	1009	1891.1
delta_glur|A0A4W3I5H5	delta_glur	iglur	channel_contested	B1B2	A0A4W3I5H5	Callorhinchus milii	vertebrate	996	1884.5
delta_glur|A0A674NS65	delta_glur	iglur	channel_contested	B1B2	A0A674NS65	Takifugu rubripes	vertebrate	1018	1832.9
delta_glur|A0A5F8GIM2	delta_glur	iglur	channel_contested	B1B2	A0A5F8GIM2	Monodelphis domestica	vertebrate	809	1586.4
delta_glur|A0A803T3T7	delta_glur	iglur	channel_contested	B1B2	A0A803T3T7	Anolis carolinensis	vertebrate	780	1479.1
delta_glur|H3BCG5	delta_glur	iglur	channel_contested	B1B2	H3BCG5	Latimeria chalumnae	vertebrate	758	1439.4
delta_glur|A0AAJ7SVJ2	delta_glur	iglur	channel_contested	B1B2	A0AAJ7SVJ2	Petromyzon marinus	vertebrate	1100	1417.8
enac|P51170	enac	deg_enac	channel	B1B2	P51170	Homo sapiens	vertebrate	649	1077.5
enac|P37091	enac	deg_enac	channel	B1B2	P37091	Rattus norvegicus	vertebrate	650	991.5
enac|Q9WU39	enac	deg_enac	channel	B1B2	Q9WU39	Mus musculus	vertebrate	655	989.5
enac|F7C6F7	enac	deg_enac	channel	B1B2	F7C6F7	Ornithorhynchus anatinus	vertebrate	657	937.3
enac|F6Q7G2	enac	deg_enac	channel	B1B2	F6Q7G2	Monodelphis domestica	vertebrate	657	927.8
enac|F1NW62	enac	deg_enac	channel	B1B2	F1NW62	Gallus gallus	vertebrate	650	845.6
enac|A0A6I8S1S4	enac	deg_enac	channel	B1B2	A0A6I8S1S4	Xenopus tropicalis	vertebrate	662	824.8
enac|H3AU95	enac	deg_enac	channel	B1B2	H3AU95	Latimeria chalumnae	vertebrate	661	793.6
enac|H9GBX2	enac	deg_enac	channel	B1B2	H9GBX2	Anolis carolinensis	vertebrate	636	763.5
enac|A0AAJ7TG26	enac	deg_enac	channel	B1B2	A0AAJ7TG26	Petromyzon marinus	vertebrate	669	741.2
enac|A0A4W3IS43	enac	deg_enac	channel	B1B2	A0A4W3IS43	Callorhinchus milii	vertebrate	653	668.2
gabaa|A0ABM4CTQ3	gabaa	cysloop	channel	B1B2	A0ABM4CTQ3	Hydra vulgaris	cnidarian	478	365.9
gabaa|A0A9J7LFL2	gabaa	cysloop	channel	B1B2	A0A9J7LFL2	Branchiostoma floridae	deuterostome	512	556.1
gabaa|Q6BET0	gabaa	cysloop	channel	B1B2	Q6BET0	Caenorhabditis elegans	invertebrate	536	345.3
gabaa|A0A803T7J4	gabaa	cysloop	channel	B1B2	A0A803T7J4	Anolis carolinensis	vertebrate	474	630.1
gabaa|A0A7M7HFZ6	gabaa	cysloop	channel	B1B2	A0A7M7HFZ6	Strongylocentrotus purpuratus	deuterostome	507	530.4
gabaa|A0ABM0ZX07	gabaa	cysloop	channel	B1B2	A0ABM0ZX07	Aplysia californica	invertebrate	369	296.3
gabaa|A0A1D5PMW7	gabaa	cysloop	channel	B1B2	A0A1D5PMW7	Gallus gallus	vertebrate	474	629.5
gabaa|F6YFX5	gabaa	cysloop	channel	B1B2	F6YFX5	Ciona intestinalis	deuterostome	482	510.6
gabaa|P63138	gabaa	cysloop	channel	B1B2	P63138	Rattus norvegicus	vertebrate	474	628.7
gabaa|F7FRW7	gabaa	cysloop	channel	B1B2	F7FRW7	Ornithorhynchus anatinus	vertebrate	474	628.7
gabaa|P18505	gabaa	cysloop	channel	B1B2	P18505	Homo sapiens	vertebrate	474	628.6
gabaa|P50571	gabaa	cysloop	channel	B1B2	P50571	Mus musculus	vertebrate	474	626.4
gabaa|A0A5F8GFD2	gabaa	cysloop	channel	B1B2	A0A5F8GFD2	Monodelphis domestica	vertebrate	473	625.1
gabaa|A0A803KBP9	gabaa	cysloop	channel	B1B2	A0A803KBP9	Xenopus tropicalis	vertebrate	477	624.8
gabaa|A0A8M1N5Q6	gabaa	cysloop	channel	B1B2	A0A8M1N5Q6	Danio rerio	vertebrate	557	620.0
gabaa|H3B2F3	gabaa	cysloop	channel	B1B2	H3B2F3	Latimeria chalumnae	vertebrate	476	617.6
gabaa|A0A4W3I9F5	gabaa	cysloop	channel	B1B2	A0A4W3I9F5	Callorhinchus milii	vertebrate	474	616.2
gabaa|A0A674PMM9	gabaa	cysloop	channel	B1B2	A0A674PMM9	Takifugu rubripes	vertebrate	527	615.0
gabaa|A0AAJ7WXT4	gabaa	cysloop	channel	B1B2	A0AAJ7WXT4	Petromyzon marinus	vertebrate	523	602.3
glyr|O75311	glyr	cysloop	channel	B1B2	O75311	Homo sapiens	vertebrate	464	959.0
glyr|Q91XP5	glyr	cysloop	channel	B1B2	Q91XP5	Mus musculus	vertebrate	464	955.1
glyr|P24524	glyr	cysloop	channel	B1B2	P24524	Rattus norvegicus	vertebrate	464	949.2
glyr|F7AZW7	glyr	cysloop	channel	B1B2	F7AZW7	Monodelphis domestica	vertebrate	462	927.9
glyr|A0A8V0X6X8	glyr	cysloop	channel	B1B2	A0A8V0X6X8	Gallus gallus	vertebrate	503	909.6
glyr|A0A803TJV3	glyr	cysloop	channel	B1B2	A0A803TJV3	Anolis carolinensis	vertebrate	489	902.7
glyr|A0A803JBM6	glyr	cysloop	channel	B1B2	A0A803JBM6	Xenopus tropicalis	vertebrate	449	896.9
glyr|A0A4W3GSH8	glyr	cysloop	channel	B1B2	A0A4W3GSH8	Callorhinchus milii	vertebrate	486	888.5
glyr|H3B5R8	glyr	cysloop	channel	B1B2	H3B5R8	Latimeria chalumnae	vertebrate	467	887.4
glyr|F7C100	glyr	cysloop	channel	B1B2	F7C100	Ornithorhynchus anatinus	vertebrate	433	878.3
glyr|O93430	glyr	cysloop	channel	B1B2	O93430	Danio rerio	vertebrate	444	858.8
glyr|A0AAJ7T755	glyr	cysloop	channel	B1B2	A0AAJ7T755	Petromyzon marinus	vertebrate	492	841.1
glyr|A0A674PQH5	glyr	cysloop	channel	B1B2	A0A674PQH5	Takifugu rubripes	vertebrate	455	818.6
hcn|A0A9J7KNR1	hcn	ploop	channel	B1B2	A0A9J7KNR1	Branchiostoma floridae	deuterostome	748	883.1
hcn|A1Z9N7	hcn	ploop	channel	B1B2	A1Z9N7	Drosophila melanogaster	invertebrate	1327	858.6
hcn|Q9JKA7	hcn	ploop	channel	B1B2	Q9JKA7	Rattus norvegicus	vertebrate	1198	2041.8
hcn|A0A7M6UNH6	hcn	ploop	channel	B1B2	A0A7M6UNH6	Strongylocentrotus purpuratus	deuterostome	767	806.7
hcn|A0ABM0GHE6	hcn	ploop	channel	B1B2	A0ABM0GHE6	Aplysia californica	invertebrate	626	848.3
hcn|O70507	hcn	ploop	channel	B1B2	O70507	Mus musculus	vertebrate	1201	2039.8
hcn|A0AAV2HNG1	hcn	ploop	channel	B1B2	A0AAV2HNG1	Lymnaea stagnalis	invertebrate	1094	821.9
hcn|Q9Y3Q4	hcn	ploop	channel	B1B2	Q9Y3Q4	Homo sapiens	vertebrate	1203	2039.2
hcn|A0A6I8NBZ8	hcn	ploop	channel	B1B2	A0A6I8NBZ8	Ornithorhynchus anatinus	vertebrate	1193	1672.9
hcn|F6VD23	hcn	ploop	channel	B1B2	F6VD23	Monodelphis domestica	vertebrate	1199	1662.2
hcn|L7MZQ3	hcn	ploop	channel	B1B2	L7MZQ3	Anolis carolinensis	vertebrate	1209	1634.7
hcn|A0A8V0ZDQ7	hcn	ploop	channel	B1B2	A0A8V0ZDQ7	Gallus gallus	vertebrate	1265	1632.8
hcn|H2ZWQ5	hcn	ploop	channel	B1B2	H2ZWQ5	Latimeria chalumnae	vertebrate	1184	1602.1
hcn|A0A674MWA1	hcn	ploop	channel	B1B2	A0A674MWA1	Takifugu rubripes	vertebrate	1031	1528.4
hcn|A0A8N7UQR8	hcn	ploop	channel	B1B2	A0A8N7UQR8	Danio rerio	vertebrate	1140	1507.6
hcn|A0A8J0T2N6	hcn	ploop	channel	B1B2	A0A8J0T2N6	Xenopus tropicalis	vertebrate	1042	1492.4
hcn|A0A4W3K9W4	hcn	ploop	channel	B1B2	A0A4W3K9W4	Callorhinchus milii	vertebrate	800	1420.5
hcn|A0AAJ7WQR8	hcn	ploop	channel	B1B2	A0AAJ7WQR8	Petromyzon marinus	vertebrate	1313	1416.8
ht3|A5X5Y0	ht3	cysloop	channel	B1B2	A5X5Y0	Homo sapiens	vertebrate	456	824.6
ht3|P23979	ht3	cysloop	channel	B1B2	P23979	Mus musculus	vertebrate	489	639.8
ht3|P35563	ht3	cysloop	channel	B1B2	P35563	Rattus norvegicus	vertebrate	483	636.5
ht3|F6WDK8	ht3	cysloop	channel	B1B2	F6WDK8	Monodelphis domestica	vertebrate	429	630.4
ht3|A0A8V0ZXM9	ht3	cysloop	channel	B1B2	A0A8V0ZXM9	Gallus gallus	vertebrate	488	574.5
ht3|H3BH03	ht3	cysloop	channel	B1B2	H3BH03	Latimeria chalumnae	vertebrate	481	573.2
ht3|A0A8J1JZS4	ht3	cysloop	channel	B1B2	A0A8J1JZS4	Xenopus tropicalis	vertebrate	474	564.6
ht3|A0AC58IB39	ht3	cysloop	channel	B1B2	A0AC58IB39	Danio rerio	vertebrate	494	556.5
ht3|A0A4W3GI92	ht3	cysloop	channel	B1B2	A0A4W3GI92	Callorhinchus milii	vertebrate	437	544.9
ht3|H2U8T4	ht3	cysloop	channel	B1B2	H2U8T4	Takifugu rubripes	vertebrate	419	519.7
ht3|A0A6I8NM51	ht3	cysloop	channel	B1B2	A0A6I8NM51	Ornithorhynchus anatinus	vertebrate	393	513.1
ht3|A0AAJ7X3J8	ht3	cysloop	channel	B1B2	A0AAJ7X3J8	Petromyzon marinus	vertebrate	406	494.2
ht3|H9GEY9	ht3	cysloop	channel	B1B2	H9GEY9	Anolis carolinensis	vertebrate	459	456.6
hv1|B3RRR9	hv1	hv	channel	B1B2	B3RRR9	Trichoplax adhaerens	basal_metazoan	255	201.9
hv1|A7SPG1	hv1	hv	channel	B1B2	A7SPG1	Nematostella vectensis	cnidarian	237	187.0
hv1|Q1JV40	hv1	hv	channel	B1B2	Q1JV40	Ciona intestinalis	deuterostome	342	393.3
hv1|A0ABM0JSS7	hv1	hv	channel	B1B2	A0ABM0JSS7	Aplysia californica	invertebrate	281	201.8
hv1|Q9SGX2	hv1	hv	channel	B1B2	Q9SGX2	Arabidopsis thaliana	plant	236	31.1
hv1|Q96D96	hv1	hv	channel	B1B2	Q96D96	Homo sapiens	vertebrate	273	474.6
hv1|A0ABM4DDB8	hv1	hv	channel	B1B2	A0ABM4DDB8	Hydra vulgaris	cnidarian	230	131.4
hv1|C3Z488	hv1	hv	channel	B1B2	C3Z488	Branchiostoma floridae	deuterostome	291	197.1
hv1|V4C6I8	hv1	hv	channel	B1B2	V4C6I8	Lottia gigantea	invertebrate	226	200.5
hv1|Q3U2S8	hv1	hv	channel	B1B2	Q3U2S8	Mus musculus	vertebrate	269	466.5
hv1|A0AAV2HJX3	hv1	hv	channel	B1B2	A0AAV2HJX3	Lymnaea stagnalis	invertebrate	218	165.9
hv1|Q5F4C0	hv1	hv	channel	B1B2	Q5F4C0	Gallus gallus	vertebrate	235	426.4
hv1|E9H3Y1	hv1	hv	channel	B1B2	E9H3Y1	Daphnia pulex	invertebrate	212	136.3
hv1|A0ABK0LXC6	hv1	hv	channel	B1B2	A0ABK0LXC6	Rattus norvegicus	vertebrate	266	406.1
hv1|A0A5F8GS39	hv1	hv	channel	B1B2	A0A5F8GS39	Monodelphis domestica	vertebrate	266	384.1
hv1|F7FMV2	hv1	hv	channel	B1B2	F7FMV2	Ornithorhynchus anatinus	vertebrate	238	381.6
hv1|H9G5V6	hv1	hv	channel	B1B2	H9G5V6	Anolis carolinensis	vertebrate	246	348.1
hv1|A0A4W3HGS3	hv1	hv	channel	B1B2	A0A4W3HGS3	Callorhinchus milii	vertebrate	228	273.8
hv1|Q5M8L8	hv1	hv	channel	B1B2	Q5M8L8	Xenopus tropicalis	vertebrate	230	271.9
hv1|Q6DHQ1	hv1	hv	channel	B1B2	Q6DHQ1	Danio rerio	vertebrate	235	269.3
hv1|H2S3D2	hv1	hv	channel	B1B2	H2S3D2	Takifugu rubripes	vertebrate	226	246.0
hv1|A0AAJ7WNM6	hv1	hv	channel	B1B2	A0AAJ7WNM6	Petromyzon marinus	vertebrate	229	219.0
iglur_nonvertebrate|E9NA96	iglur_nonvertebrate	iglur	channel	B1B2	E9NA96	Drosophila melanogaster	invertebrate	947	1742.4
iglur_nonvertebrate|Q8GXJ4	iglur_nonvertebrate	iglur	channel	B1B2	Q8GXJ4	Arabidopsis thaliana	plant	959	1766.4
iglur_nonvertebrate|E9G2B0	iglur_nonvertebrate	iglur	channel	B1B2	E9G2B0	Daphnia pulex	invertebrate	942	789.7
iglur_nonvertebrate|A0A0P0X1D8	iglur_nonvertebrate	iglur	channel	B1B2	A0A0P0X1D8	Oryza sativa	plant	956	868.3
iglur_nonvertebrate|A0A2K1JPL9	iglur_nonvertebrate	iglur	channel	B1B2	A0A2K1JPL9	Physcomitrium patens	plant	999	582.6
iglur_prok|P73797	iglur_prok	iglur	channel	B1B2	P73797	Synechocystis sp. PCC 6803	prokaryote	397	937.1
innexin|Q03412	innexin	innexin_like	channel	B1B2	Q03412	Caenorhabditis elegans	invertebrate	522	1089.4
innexin|P27716	innexin	innexin_like	channel	B1B2	P27716	Drosophila melanogaster	invertebrate	362	687.7
innexin|E9HSG3	innexin	innexin_like	channel	B1B2	E9HSG3	Daphnia pulex	invertebrate	362	434.8
innexin|V3ZUL3	innexin	innexin_like	channel	B1B2	V3ZUL3	Lottia gigantea	invertebrate	404	292.6
innexin|A0AAV2IIM8	innexin	innexin_like	channel	B1B2	A0AAV2IIM8	Lymnaea stagnalis	invertebrate	407	287.0
innexin|A0ABM0GHA1	innexin	innexin_like	channel	B1B2	A0ABM0GHA1	Aplysia californica	invertebrate	406	283.4
itpr|B3RXX7	itpr	ca_release	channel	B1B2	B3RXX7	Trichoplax adhaerens	basal_metazoan	2524	3625.3
itpr|Q23K98	itpr	ca_release	channel	B1B2	Q23K98	Tetrahymena thermophila	ciliate	2827	585.5
itpr|A7SEK1	itpr	ca_release	channel	B1B2	A7SEK1	Nematostella vectensis	cnidarian	2623	4135.9
itpr|A0A7M7MY00	itpr	ca_release	channel	B1B2	A0A7M7MY00	Strongylocentrotus purpuratus	deuterostome	2820	4466.3
itpr|A0A0D2UGF9	itpr	ca_release	channel	B1B2	A0A0D2UGF9	Capsaspora owczarzaki	holozoa	3232	2957.8
itpr|P29993	itpr	ca_release	channel	B1B2	P29993	Drosophila melanogaster	invertebrate	2837	4626.3
itpr|P11881	itpr	ca_release	channel	B1B2	P11881	Mus musculus	vertebrate	2749	5320.9
itpr|A0AAN0JIF7	itpr	ca_release	channel	B1B2	A0AAN0JIF7	Amphimedon queenslandica	basal_metazoan	2766	2703.9
itpr|A0C2J2	itpr	ca_release	channel	B1B2	A0C2J2	Paramecium tetraurelia	ciliate	2886	420.8
itpr|A0ABM4D4D9	itpr	ca_release	channel	B1B2	A0ABM4D4D9	Hydra vulgaris	cnidarian	2668	3747.2
itpr|A0A9J7MRS8	itpr	ca_release	channel	B1B2	A0A9J7MRS8	Branchiostoma floridae	deuterostome	2960	4454.9
itpr|A9V4T6	itpr	ca_release	channel	B1B2	A9V4T6	Monosiga brevicollis	holozoa	2669	2095.6
itpr|A0AAV2IEK8	itpr	ca_release	channel	B1B2	A0AAV2IEK8	Lymnaea stagnalis	invertebrate	2753	4115.9
itpr|P29994	itpr	ca_release	channel	B1B2	P29994	Rattus norvegicus	vertebrate	2750	5314.2
itpr|F6YKH7	itpr	ca_release	channel	B1B2	F6YKH7	Ciona intestinalis	deuterostome	1937	2657.8
itpr|A0ABM0GHD2	itpr	ca_release	channel	B1B2	A0ABM0GHD2	Aplysia californica	invertebrate	2762	4095.2
itpr|Q14643	itpr	ca_release	channel	B1B2	Q14643	Homo sapiens	vertebrate	2758	5313.3
itpr|Q9Y0A1	itpr	ca_release	channel	B1B2	Q9Y0A1	Caenorhabditis elegans	invertebrate	2892	4042.9
itpr|A0A6I8NN70	itpr	ca_release	channel	B1B2	A0A6I8NN70	Ornithorhynchus anatinus	vertebrate	2747	5216.1
itpr|E9H9P2	itpr	ca_release	channel	B1B2	E9H9P2	Daphnia pulex	invertebrate	2510	3784.6
itpr|A0A8V0ZJT0	itpr	ca_release	channel	B1B2	A0A8V0ZJT0	Gallus gallus	vertebrate	2779	5205.5
itpr|V3ZN73	itpr	ca_release	channel	B1B2	V3ZN73	Lottia gigantea	invertebrate	2621	488.7
itpr|F6VQP7	itpr	ca_release	channel	B1B2	F6VQP7	Monodelphis domestica	vertebrate	2733	5166.6
itpr|A0A8J0T3U5	itpr	ca_release	channel	B1B2	A0A8J0T3U5	Xenopus tropicalis	vertebrate	2743	5047.8
itpr|H2TJZ0	itpr	ca_release	channel	B1B2	H2TJZ0	Takifugu rubripes	vertebrate	2743	4980.6
itpr|A0AB32TXG4	itpr	ca_release	channel	B1B2	A0AB32TXG4	Danio rerio	vertebrate	2819	4917.8
itpr|G1KJX4	itpr	ca_release	channel	B1B2	G1KJX4	Anolis carolinensis	vertebrate	2702	4879.9
itpr|H3A1P5	itpr	ca_release	channel	B1B2	H3A1P5	Latimeria chalumnae	vertebrate	2725	4732.3
itpr|A0A4W3JQ24	itpr	ca_release	channel	B1B2	A0A4W3JQ24	Callorhinchus milii	vertebrate	2667	4701.2
itpr|A0AAJ7U4X1	itpr	ca_release	channel	B1B2	A0AAJ7U4X1	Petromyzon marinus	vertebrate	2838	4695.3
k2p|B3SA79	k2p	ploop	channel	B1B2	B3SA79	Trichoplax adhaerens	basal_metazoan	292	239.1
k2p|A0ABM4DA75	k2p	ploop	channel	B1B2	A0ABM4DA75	Hydra vulgaris	cnidarian	324	245.0
k2p|A0A9J7LH47	k2p	ploop	channel	B1B2	A0A9J7LH47	Branchiostoma floridae	deuterostome	433	303.6
k2p|O17185	k2p	ploop	channel	B1B2	O17185	Caenorhabditis elegans	invertebrate	329	338.0
k2p|Q69TN4	k2p	ploop	channel	B1B2	Q69TN4	Oryza sativa	plant	456	222.4
k2p|P57789	k2p	ploop	channel	B1B2	P57789	Homo sapiens	vertebrate	538	435.4
k2p|A0AAN0I8A4	k2p	ploop	channel	B1B2	A0AAN0I8A4	Amphimedon queenslandica	basal_metazoan	353	235.4
k2p|A7RLC5	k2p	ploop	channel	B1B2	A7RLC5	Nematostella vectensis	cnidarian	294	226.8
k2p|F6XMP2	k2p	ploop	channel	B1B2	F6XMP2	Ciona intestinalis	deuterostome	248	277.8
k2p|E9HIP1	k2p	ploop	channel	B1B2	E9HIP1	Daphnia pulex	invertebrate	369	311.4
k2p|Q8LBL1	k2p	ploop	channel	B1B2	Q8LBL1	Arabidopsis thaliana	plant	363	219.7
k2p|Q8BUW1	k2p	ploop	channel	B1B2	Q8BUW1	Mus musculus	vertebrate	535	428.1
k2p|A0A7M7HJU6	k2p	ploop	channel	B1B2	A0A7M7HJU6	Strongylocentrotus purpuratus	deuterostome	433	263.4
k2p|Q9VFS9	k2p	ploop	channel	B1B2	Q9VFS9	Drosophila melanogaster	invertebrate	408	307.7
k2p|A0A2K1ITF6	k2p	ploop	channel	B1B2	A0A2K1ITF6	Physcomitrium patens	plant	380	163.5
k2p|K7EHJ4	k2p	ploop	channel	B1B2	K7EHJ4	Ornithorhynchus anatinus	vertebrate	536	427.9
k2p|V4BAV2	k2p	ploop	channel	B1B2	V4BAV2	Lottia gigantea	invertebrate	411	302.1
k2p|Q9JIS4	k2p	ploop	channel	B1B2	Q9JIS4	Rattus norvegicus	vertebrate	538	427.0
k2p|A0ABM0GH58	k2p	ploop	channel	B1B2	A0ABM0GH58	Aplysia californica	invertebrate	426	297.0
k2p|A0A5F8GXD9	k2p	ploop	channel	B1B2	A0A5F8GXD9	Monodelphis domestica	vertebrate	534	424.5
k2p|A0AAV2HVZ9	k2p	ploop	channel	B1B2	A0AAV2HVZ9	Lymnaea stagnalis	invertebrate	348	291.4
k2p|F1NUZ5	k2p	ploop	channel	B1B2	F1NUZ5	Gallus gallus	vertebrate	537	423.6
k2p|G1KNM0	k2p	ploop	channel	B1B2	G1KNM0	Anolis carolinensis	vertebrate	539	415.5
k2p|A0A6I8RBB8	k2p	ploop	channel	B1B2	A0A6I8RBB8	Xenopus tropicalis	vertebrate	473	405.7
k2p|H2TG43	k2p	ploop	channel	B1B2	H2TG43	Takifugu rubripes	vertebrate	495	403.6
k2p|A0A8M1NHJ6	k2p	ploop	channel	B1B2	A0A8M1NHJ6	Danio rerio	vertebrate	399	402.9
k2p|A0A4W3JCV9	k2p	ploop	channel	B1B2	A0A4W3JCV9	Callorhinchus milii	vertebrate	463	392.5
k2p|H3ADL9	k2p	ploop	channel	B1B2	H3ADL9	Latimeria chalumnae	vertebrate	340	389.5
k2p|A0AAJ7TJ58	k2p	ploop	channel	B1B2	A0AAJ7TJ58	Petromyzon marinus	vertebrate	555	373.0
kainate|A0A9J7LQK4	kainate	iglur	channel	B1B2	A0A9J7LQK4	Branchiostoma floridae	deuterostome	871	1198.5
kainate|E9FS57	kainate	iglur	channel	B1B2	E9FS57	Daphnia pulex	invertebrate	915	949.5
kainate|Q13002	kainate	iglur	channel	B1B2	Q13002	Homo sapiens	vertebrate	908	1788.3
kainate|A0A7M7PGF5	kainate	iglur	channel	B1B2	A0A7M7PGF5	Strongylocentrotus purpuratus	deuterostome	953	977.0
kainate|V4BSX7	kainate	iglur	channel	B1B2	V4BSX7	Lottia gigantea	invertebrate	877	945.1
kainate|P42260	kainate	iglur	channel	B1B2	P42260	Rattus norvegicus	vertebrate	908	1781.3
kainate|A0ABM0GH79	kainate	iglur	channel	B1B2	A0ABM0GH79	Aplysia californica	invertebrate	890	907.3
kainate|P39087	kainate	iglur	channel	B1B2	P39087	Mus musculus	vertebrate	908	1780.1
kainate|A0A1D5PFB0	kainate	iglur	channel	B1B2	A0A1D5PFB0	Gallus gallus	vertebrate	908	1776.5
kainate|A0A6I8P458	kainate	iglur	channel	B1B2	A0A6I8P458	Ornithorhynchus anatinus	vertebrate	908	1768.0
kainate|F7CFG2	kainate	iglur	channel	B1B2	F7CFG2	Monodelphis domestica	vertebrate	919	1763.6
kainate|A0A4W3HVE9	kainate	iglur	channel	B1B2	A0A4W3HVE9	Callorhinchus milii	vertebrate	907	1739.7
kainate|A0A2R8QF68	kainate	iglur	channel	B1B2	A0A2R8QF68	Danio rerio	vertebrate	908	1733.8
kainate|A0A6I8SEA9	kainate	iglur	channel	B1B2	A0A6I8SEA9	Xenopus tropicalis	vertebrate	913	1724.2
kainate|H9GP90	kainate	iglur	channel	B1B2	H9GP90	Anolis carolinensis	vertebrate	946	1695.0
kainate|A0A674ML65	kainate	iglur	channel	B1B2	A0A674ML65	Takifugu rubripes	vertebrate	912	1693.1
kainate|H3ALI5	kainate	iglur	channel	B1B2	H3ALI5	Latimeria chalumnae	vertebrate	863	1642.9
kainate|A0AAJ7XCP0	kainate	iglur	channel	B1B2	A0AAJ7XCP0	Petromyzon marinus	vertebrate	919	1607.4
kca_sk|Q22LW9	kca_sk	ploop	channel	B1B2	Q22LW9	Tetrahymena thermophila	ciliate	767	104.3
kca_sk|F7ACB9	kca_sk	ploop	channel	B1B2	F7ACB9	Ciona intestinalis	deuterostome	582	797.2
kca_sk|Q7KVW5	kca_sk	ploop	channel	B1B2	Q7KVW5	Drosophila melanogaster	invertebrate	927	1017.7
kca_sk|Q9UGI6	kca_sk	ploop	channel	B1B2	Q9UGI6	Homo sapiens	vertebrate	731	1108.4
kca_sk|A0EGI3	kca_sk	ploop	channel	B1B2	A0EGI3	Paramecium tetraurelia	ciliate	467	88.9
kca_sk|A0A9J7KPR6	kca_sk	ploop	channel	B1B2	A0A9J7KPR6	Branchiostoma floridae	deuterostome	674	790.5
kca_sk|Q11122	kca_sk	ploop	channel	B1B2	Q11122	Caenorhabditis elegans	invertebrate	692	841.7
kca_sk|P70605	kca_sk	ploop	channel	B1B2	P70605	Rattus norvegicus	vertebrate	732	1098.9
kca_sk|A0A7M7N904	kca_sk	ploop	channel	B1B2	A0A7M7N904	Strongylocentrotus purpuratus	deuterostome	462	611.2
kca_sk|E9FRA4	kca_sk	ploop	channel	B1B2	E9FRA4	Daphnia pulex	invertebrate	437	793.9
kca_sk|P58391	kca_sk	ploop	channel	B1B2	P58391	Mus musculus	vertebrate	732	1098.4
kca_sk|V4B5G3	kca_sk	ploop	channel	B1B2	V4B5G3	Lottia gigantea	invertebrate	564	728.5
kca_sk|R4GCW1	kca_sk	ploop	channel	B1B2	R4GCW1	Anolis carolinensis	vertebrate	915	1006.5
kca_sk|A0AAV2IJW9	kca_sk	ploop	channel	B1B2	A0AAV2IJW9	Lymnaea stagnalis	invertebrate	813	700.6
kca_sk|A0A1D5NU20	kca_sk	ploop	channel	B1B2	A0A1D5NU20	Gallus gallus	vertebrate	671	1003.0
kca_sk|A0ABM0JBT9	kca_sk	ploop	channel	B1B2	A0ABM0JBT9	Aplysia californica	invertebrate	519	497.4
kca_sk|A0A8J0SE91	kca_sk	ploop	channel	B1B2	A0A8J0SE91	Xenopus tropicalis	vertebrate	743	997.8
kca_sk|H3AAN8	kca_sk	ploop	channel	B1B2	H3AAN8	Latimeria chalumnae	vertebrate	748	997.5
kca_sk|A0A6I8N022	kca_sk	ploop	channel	B1B2	A0A6I8N022	Ornithorhynchus anatinus	vertebrate	879	983.3
kca_sk|F7E0I4	kca_sk	ploop	channel	B1B2	F7E0I4	Monodelphis domestica	vertebrate	850	982.2
kca_sk|A0AC58GLV1	kca_sk	ploop	channel	B1B2	A0AC58GLV1	Danio rerio	vertebrate	674	961.1
kca_sk|A0A4W3H742	kca_sk	ploop	channel	B1B2	A0A4W3H742	Callorhinchus milii	vertebrate	617	934.0
kca_sk|H2TG67	kca_sk	ploop	channel	B1B2	H2TG67	Takifugu rubripes	vertebrate	542	928.3
kca_sk|A0AAJ7STZ3	kca_sk	ploop	channel	B1B2	A0AAJ7STZ3	Petromyzon marinus	vertebrate	766	915.4
kca_slo|Q55CU6	kca_slo	ploop	channel	B1B2	Q55CU6	Dictyostelium discoideum	amoebozoa	1244	387.6
kca_slo|A0AAN0JJ70	kca_slo	ploop	channel	B1B2	A0AAN0JJ70	Amphimedon queenslandica	basal_metazoan	932	415.6
kca_slo|A0C1L5	kca_slo	ploop	channel	B1B2	A0C1L5	Paramecium tetraurelia	ciliate	1038	378.4
kca_slo|A0ABM4BQF9	kca_slo	ploop	channel	B1B2	A0ABM4BQF9	Hydra vulgaris	cnidarian	1065	972.9
kca_slo|F6QI54	kca_slo	ploop	channel	B1B2	F6QI54	Ciona intestinalis	deuterostome	1118	1626.1
kca_slo|A0A0D2UAP2	kca_slo	ploop	channel	B1B2	A0A0D2UAP2	Capsaspora owczarzaki	holozoa	1480	352.2
kca_slo|Q95V25	kca_slo	ploop	channel	B1B2	Q95V25	Caenorhabditis elegans	invertebrate	1140	1695.0
kca_slo|A0A2K1IB39	kca_slo	ploop	channel	B1B2	A0A2K1IB39	Physcomitrium patens	plant	1055	303.5
kca_slo|Q8AYS8	kca_slo	ploop	channel	B1B2	Q8AYS8	Gallus gallus	vertebrate	1137	1974.0
kca_slo|Q22T07	kca_slo	ploop	channel	B1B2	Q22T07	Tetrahymena thermophila	ciliate	986	377.4
kca_slo|A0A9J7KTZ0	kca_slo	ploop	channel	B1B2	A0A9J7KTZ0	Branchiostoma floridae	deuterostome	943	1260.3
kca_slo|A9V851	kca_slo	ploop	channel	B1B2	A9V851	Monosiga brevicollis	holozoa	1506	256.1
kca_slo|Q03720	kca_slo	ploop	channel	B1B2	Q03720	Drosophila melanogaster	invertebrate	1200	1680.4
kca_slo|Q12791	kca_slo	ploop	channel	B1B2	Q12791	Homo sapiens	vertebrate	1236	1973.4
kca_slo|A0A7M7NFM0	kca_slo	ploop	channel	B1B2	A0A7M7NFM0	Strongylocentrotus purpuratus	deuterostome	1084	997.4
kca_slo|E9G429	kca_slo	ploop	channel	B1B2	E9G429	Daphnia pulex	invertebrate	1028	1552.9
kca_slo|Q62976	kca_slo	ploop	channel	B1B2	Q62976	Rattus norvegicus	vertebrate	1209	1957.1
kca_slo|A0AAV2ILT9	kca_slo	ploop	channel	B1B2	A0AAV2ILT9	Lymnaea stagnalis	invertebrate	1154	1525.1
kca_slo|Q08460	kca_slo	ploop	channel	B1B2	Q08460	Mus musculus	vertebrate	1209	1956.1
kca_slo|A0ABM1VV19	kca_slo	ploop	channel	B1B2	A0ABM1VV19	Aplysia californica	invertebrate	1097	1514.4
kca_slo|B7ZC96	kca_slo	ploop	channel	B1B2	B7ZC96	Danio rerio	vertebrate	1184	1941.0
kca_slo|V4B1X9	kca_slo	ploop	channel	B1B2	V4B1X9	Lottia gigantea	invertebrate	1026	1421.1
kca_slo|A0A8J1JVH8	kca_slo	ploop	channel	B1B2	A0A8J1JVH8	Xenopus tropicalis	vertebrate	1334	1931.6
kca_slo|A0A803SZW3	kca_slo	ploop	channel	B1B2	A0A803SZW3	Anolis carolinensis	vertebrate	1302	1915.7
kca_slo|A0A674N8P0	kca_slo	ploop	channel	B1B2	A0A674N8P0	Takifugu rubripes	vertebrate	1262	1894.9
kca_slo|A0A4W3HWA2	kca_slo	ploop	channel	B1B2	A0A4W3HWA2	Callorhinchus milii	vertebrate	1244	1893.4
kca_slo|A0ACM8BCS2	kca_slo	ploop	channel	B1B2	A0ACM8BCS2	Petromyzon marinus	vertebrate	1203	1775.3
kca_slo|A0A6I8NKT8	kca_slo	ploop	channel	B1B2	A0A6I8NKT8	Ornithorhynchus anatinus	vertebrate	1062	1620.9
kca_slo|A0A5F8GWM2	kca_slo	ploop	channel	B1B2	A0A5F8GWM2	Monodelphis domestica	vertebrate	1201	1271.3
kca_slo|H2ZT11	kca_slo	ploop	channel	B1B2	H2ZT11	Latimeria chalumnae	vertebrate	1101	1111.4
kcsa_prok|O27564	kcsa_prok	ploop	channel	B1B2	O27564	Methanothermobacter thermautotrophicus	prokaryote	336	363.3
kcsa_prok|A0ABN4DJJ3	kcsa_prok	ploop	channel	B1B2	A0ABN4DJJ3	Streptomyces lividans	prokaryote	157	250.5
kcsa_prok|Q7NM36	kcsa_prok	ploop	channel	B1B2	Q7NM36	Gloeobacter violaceus	prokaryote	346	60.3
kcsa_prok|A8EVQ9	kcsa_prok	ploop	channel	B1B2	A8EVQ9	Aliarcobacter butzleri	prokaryote	375	33.1
kir|A0A2K3E712	kir	ploop	channel	B1B2	A0A2K3E712	Chlamydomonas reinhardtii	algae	574	137.1
kir|A0AAN0I871	kir	ploop	channel	B1B2	A0AAN0I871	Amphimedon queenslandica	basal_metazoan	349	335.2
kir|A7SH65	kir	ploop	channel	B1B2	A7SH65	Nematostella vectensis	cnidarian	307	361.0
kir|A0A9J7N316	kir	ploop	channel	B1B2	A0A9J7N316	Branchiostoma floridae	deuterostome	533	531.8
kir|A9UZJ5	kir	ploop	channel	B1B2	A9UZJ5	Monosiga brevicollis	holozoa	288	203.7
kir|A0AAV2IQF8	kir	ploop	channel	B1B2	A0AAV2IQF8	Lymnaea stagnalis	invertebrate	474	540.2
kir|A0A7I3Z5Z2	kir	ploop	channel	B1B2	A0A7I3Z5Z2	Physcomitrium patens	plant	485	182.5
kir|Q6ZEQ2	kir	ploop	channel	B1B2	Q6ZEQ2	Synechocystis sp. PCC 6803	prokaryote	312	131.9
kir|Q64273	kir	ploop	channel	B1B2	Q64273	Rattus norvegicus	vertebrate	427	645.7
kir|B3RQ87	kir	ploop	channel	B1B2	B3RQ87	Trichoplax adhaerens	basal_metazoan	423	63.6
kir|A0ABM4CEU3	kir	ploop	channel	B1B2	A0ABM4CEU3	Hydra vulgaris	cnidarian	433	340.7
kir|A0A7M7NRA6	kir	ploop	channel	B1B2	A0A7M7NRA6	Strongylocentrotus purpuratus	deuterostome	532	502.3
kir|V3ZUX5	kir	ploop	channel	B1B2	V3ZUX5	Lottia gigantea	invertebrate	428	536.8
kir|A0A8V1AFB2	kir	ploop	channel	B1B2	A0A8V1AFB2	Gallus gallus	vertebrate	427	645.5
kir|F6QHN7	kir	ploop	channel	B1B2	F6QHN7	Ciona intestinalis	deuterostome	343	501.7
kir|A0ABM0JPX6	kir	ploop	channel	B1B2	A0ABM0JPX6	Aplysia californica	invertebrate	503	533.5
kir|F7G9G2	kir	ploop	channel	B1B2	F7G9G2	Ornithorhynchus anatinus	vertebrate	427	645.4
kir|P52192	kir	ploop	channel	B1B2	P52192	Caenorhabditis elegans	invertebrate	544	530.8
kir|P63252	kir	ploop	channel	B1B2	P63252	Homo sapiens	vertebrate	427	645.2
kir|E9FXS0	kir	ploop	channel	B1B2	E9FXS0	Daphnia pulex	invertebrate	557	517.7
kir|P35561	kir	ploop	channel	B1B2	P35561	Mus musculus	vertebrate	428	644.0
kir|A0A0B4LHI9	kir	ploop	channel	B1B2	A0A0B4LHI9	Drosophila melanogaster	invertebrate	454	483.2
kir|A0A4W3JTB6	kir	ploop	channel	B1B2	A0A4W3JTB6	Callorhinchus milii	vertebrate	429	643.8
kir|F7F885	kir	ploop	channel	B1B2	F7F885	Monodelphis domestica	vertebrate	427	643.5
kir|H3B0E1	kir	ploop	channel	B1B2	H3B0E1	Latimeria chalumnae	vertebrate	427	639.2
kir|H9GII1	kir	ploop	channel	B1B2	H9GII1	Anolis carolinensis	vertebrate	425	636.9
kir|A0A803JFK0	kir	ploop	channel	B1B2	A0A803JFK0	Xenopus tropicalis	vertebrate	425	636.2
kir|A0A8M1P9I8	kir	ploop	channel	B1B2	A0A8M1P9I8	Danio rerio	vertebrate	427	621.0
kir|H2S3P1	kir	ploop	channel	B1B2	H2S3P1	Takifugu rubripes	vertebrate	427	619.0
kir|A0AAJ7XEL8	kir	ploop	channel	B1B2	A0AAJ7XEL8	Petromyzon marinus	vertebrate	437	618.4
kv_eag|B3RQL4	kv_eag	ploop	channel	B1B2	B3RQL4	Trichoplax adhaerens	basal_metazoan	1063	997.6
kv_eag|A0BV66	kv_eag	ploop	channel	B1B2	A0BV66	Paramecium tetraurelia	ciliate	788	98.1
kv_eag|A7T1M9	kv_eag	ploop	channel	B1B2	A7T1M9	Nematostella vectensis	cnidarian	790	984.9
kv_eag|A0A9J7LUV5	kv_eag	ploop	channel	B1B2	A0A9J7LUV5	Branchiostoma floridae	deuterostome	1176	1283.6
kv_eag|Q02280	kv_eag	ploop	channel	B1B2	Q02280	Drosophila melanogaster	invertebrate	1174	1262.4
kv_eag|Q12809	kv_eag	ploop	channel	B1B2	Q12809	Homo sapiens	vertebrate	1159	1598.7
kv_eag|I7MAP2	kv_eag	ploop	channel	B1B2	I7MAP2	Tetrahymena thermophila	ciliate	1144	96.5
kv_eag|A0ABM4CYI8	kv_eag	ploop	channel	B1B2	A0ABM4CYI8	Hydra vulgaris	cnidarian	715	729.6
kv_eag|A0A7M7PRH4	kv_eag	ploop	channel	B1B2	A0A7M7PRH4	Strongylocentrotus purpuratus	deuterostome	952	1005.2
kv_eag|A0ABM1VZZ3	kv_eag	ploop	channel	B1B2	A0ABM1VZZ3	Aplysia californica	invertebrate	1365	1257.9
kv_eag|O08962	kv_eag	ploop	channel	B1B2	O08962	Rattus norvegicus	vertebrate	1163	1598.0
kv_eag|A0A0K3AVF4	kv_eag	ploop	channel	B1B2	A0A0K3AVF4	Caenorhabditis elegans	invertebrate	959	1055.2
kv_eag|O35219	kv_eag	ploop	channel	B1B2	O35219	Mus musculus	vertebrate	1162	1594.1
kv_eag|F6ZK39	kv_eag	ploop	channel	B1B2	F6ZK39	Monodelphis domestica	vertebrate	1162	1539.3
kv_eag|A0A6I8P0F5	kv_eag	ploop	channel	B1B2	A0A6I8P0F5	Ornithorhynchus anatinus	vertebrate	1113	1511.2
kv_eag|A0A8V0ZHU5	kv_eag	ploop	channel	B1B2	A0A8V0ZHU5	Gallus gallus	vertebrate	1209	1503.3
kv_eag|A0A8J1JNY0	kv_eag	ploop	channel	B1B2	A0A8J1JNY0	Xenopus tropicalis	vertebrate	1194	1445.8
kv_eag|H3ARA5	kv_eag	ploop	channel	B1B2	H3ARA5	Latimeria chalumnae	vertebrate	1204	1414.5
kv_eag|A0AC58ISV6	kv_eag	ploop	channel	B1B2	A0AC58ISV6	Danio rerio	vertebrate	1177	1413.5
kv_eag|A0A4W3HIK8	kv_eag	ploop	channel	B1B2	A0A4W3HIK8	Callorhinchus milii	vertebrate	1185	1404.7
kv_eag|A0AAJ7SLQ4	kv_eag	ploop	channel	B1B2	A0AAJ7SLQ4	Petromyzon marinus	vertebrate	1321	1369.1
kv_eag|A0A674NBM8	kv_eag	ploop	channel	B1B2	A0A674NBM8	Takifugu rubripes	vertebrate	1200	1353.4
kv_eag|A0A803TW11	kv_eag	ploop	channel	B1B2	A0A803TW11	Anolis carolinensis	vertebrate	1157	1327.4
kv_kcnq|A0ABM4BTC9	kv_kcnq	ploop	channel	B1B2	A0ABM4BTC9	Hydra vulgaris	cnidarian	735	415.9
kv_kcnq|A0A9J7HS96	kv_kcnq	ploop	channel	B1B2	A0A9J7HS96	Branchiostoma floridae	deuterostome	678	807.2
kv_kcnq|A0ABM1VZ13	kv_kcnq	ploop	channel	B1B2	A0ABM1VZ13	Aplysia californica	invertebrate	560	769.3
kv_kcnq|P97414	kv_kcnq	ploop	channel	B1B2	P97414	Mus musculus	vertebrate	668	1106.4
kv_kcnq|F7BEC5	kv_kcnq	ploop	channel	B1B2	F7BEC5	Ciona intestinalis	deuterostome	520	672.0
kv_kcnq|A0AAV2HVZ4	kv_kcnq	ploop	channel	B1B2	A0AAV2HVZ4	Lymnaea stagnalis	invertebrate	533	768.5
kv_kcnq|Q9Z0N7	kv_kcnq	ploop	channel	B1B2	Q9Z0N7	Rattus norvegicus	vertebrate	669	1102.1
kv_kcnq|A0A7M7HM08	kv_kcnq	ploop	channel	B1B2	A0A7M7HM08	Strongylocentrotus purpuratus	deuterostome	818	655.9
kv_kcnq|Q9XWG9	kv_kcnq	ploop	channel	B1B2	Q9XWG9	Caenorhabditis elegans	invertebrate	621	756.5
kv_kcnq|P51787	kv_kcnq	ploop	channel	B1B2	P51787	Homo sapiens	vertebrate	676	1095.0
kv_kcnq|A1Z856	kv_kcnq	ploop	channel	B1B2	A1Z856	Drosophila melanogaster	invertebrate	993	676.5
kv_kcnq|A0A6I8S7B1	kv_kcnq	ploop	channel	B1B2	A0A6I8S7B1	Xenopus tropicalis	vertebrate	659	1046.9
kv_kcnq|A0A8V0ZY91	kv_kcnq	ploop	channel	B1B2	A0A8V0ZY91	Gallus gallus	vertebrate	699	1022.5
kv_kcnq|R4GA42	kv_kcnq	ploop	channel	B1B2	R4GA42	Anolis carolinensis	vertebrate	707	1002.3
kv_kcnq|F6WQP9	kv_kcnq	ploop	channel	B1B2	F6WQP9	Monodelphis domestica	vertebrate	874	984.3
kv_kcnq|A0A6I8ND69	kv_kcnq	ploop	channel	B1B2	A0A6I8ND69	Ornithorhynchus anatinus	vertebrate	1045	981.4
kv_kcnq|E7FEC8	kv_kcnq	ploop	channel	B1B2	E7FEC8	Danio rerio	vertebrate	840	958.5
kv_kcnq|A0A674MWC9	kv_kcnq	ploop	channel	B1B2	A0A674MWC9	Takifugu rubripes	vertebrate	852	931.2
kv_kcnq|A0A4W3HTM3	kv_kcnq	ploop	channel	B1B2	A0A4W3HTM3	Callorhinchus milii	vertebrate	668	871.4
kv_kcnq|A0ACM8BFD7	kv_kcnq	ploop	channel	B1B2	A0ACM8BFD7	Petromyzon marinus	vertebrate	1053	867.0
kv_kcnq|H3A4K8	kv_kcnq	ploop	channel	B1B2	H3A4K8	Latimeria chalumnae	vertebrate	788	851.5
kv_modifier|Q9BQ31	kv_modifier	ploop	channel	B1B2	Q9BQ31	Homo sapiens	vertebrate	491	683.5
kv_modifier|Q8BQZ8	kv_modifier	ploop	channel	B1B2	Q8BQZ8	Mus musculus	vertebrate	491	678.4
kv_modifier|O88759	kv_modifier	ploop	channel	B1B2	O88759	Rattus norvegicus	vertebrate	491	678.2
kv_modifier|F7E3Z0	kv_modifier	ploop	channel	B1B2	F7E3Z0	Monodelphis domestica	vertebrate	477	666.6
kv_modifier|A0A1D5PCF8	kv_modifier	ploop	channel	B1B2	A0A1D5PCF8	Gallus gallus	vertebrate	477	663.7
kv_modifier|G1KS67	kv_modifier	ploop	channel	B1B2	G1KS67	Anolis carolinensis	vertebrate	477	658.8
kv_modifier|A0A803JUL8	kv_modifier	ploop	channel	B1B2	A0A803JUL8	Xenopus tropicalis	vertebrate	477	653.8
kv_modifier|F6QC72	kv_modifier	ploop	channel	B1B2	F6QC72	Ornithorhynchus anatinus	vertebrate	510	642.9
kv_modifier|H3B0U9	kv_modifier	ploop	channel	B1B2	H3B0U9	Latimeria chalumnae	vertebrate	479	641.1
kv_modifier|A0A4W3INP6	kv_modifier	ploop	channel	B1B2	A0A4W3INP6	Callorhinchus milii	vertebrate	506	639.7
kv_modifier|H2TT92	kv_modifier	ploop	channel	B1B2	H2TT92	Takifugu rubripes	vertebrate	479	637.0
kv_modifier|E7FFQ6	kv_modifier	ploop	channel	B1B2	E7FFQ6	Danio rerio	vertebrate	546	634.7
kv_modifier|A0ACM8BJU6	kv_modifier	ploop	channel	B1B2	A0ACM8BJU6	Petromyzon marinus	vertebrate	632	584.0
kv_shaker|A0ABM4BF42	kv_shaker	ploop	channel	B1B2	A0ABM4BF42	Hydra vulgaris	cnidarian	541	600.8
kv_shaker|A0A9J7KX70	kv_shaker	ploop	channel	B1B2	A0A9J7KX70	Branchiostoma floridae	deuterostome	562	672.5
kv_shaker|P08510	kv_shaker	ploop	channel	B1B2	P08510	Drosophila melanogaster	invertebrate	655	696.4
kv_shaker|F7EBT4	kv_shaker	ploop	channel	B1B2	F7EBT4	Monodelphis domestica	vertebrate	494	734.9
kv_shaker|A7SWW6	kv_shaker	ploop	channel	B1B2	A7SWW6	Nematostella vectensis	cnidarian	491	576.9
kv_shaker|A0A7M7HLZ1	kv_shaker	ploop	channel	B1B2	A0A7M7HLZ1	Strongylocentrotus purpuratus	deuterostome	567	634.7
kv_shaker|E9GZK8	kv_shaker	ploop	channel	B1B2	E9GZK8	Daphnia pulex	invertebrate	536	689.4
kv_shaker|Q09470	kv_shaker	ploop	channel	B1B2	Q09470	Homo sapiens	vertebrate	495	734.7
kv_shaker|F6REB0	kv_shaker	ploop	channel	B1B2	F6REB0	Ciona intestinalis	deuterostome	798	607.4
kv_shaker|V3ZQT8	kv_shaker	ploop	channel	B1B2	V3ZQT8	Lottia gigantea	invertebrate	459	685.6
kv_shaker|P16388	kv_shaker	ploop	channel	B1B2	P16388	Mus musculus	vertebrate	495	733.1
kv_shaker|A0ABM0GHE5	kv_shaker	ploop	channel	B1B2	A0ABM0GHE5	Aplysia californica	invertebrate	515	683.5
kv_shaker|P10499	kv_shaker	ploop	channel	B1B2	P10499	Rattus norvegicus	vertebrate	495	733.0
kv_shaker|A0AAV2IJL6	kv_shaker	ploop	channel	B1B2	A0AAV2IJL6	Lymnaea stagnalis	invertebrate	515	680.7
kv_shaker|A0A8V1A5U9	kv_shaker	ploop	channel	B1B2	A0A8V1A5U9	Gallus gallus	vertebrate	499	732.2
kv_shaker|Q95XD1	kv_shaker	ploop	channel	B1B2	Q95XD1	Caenorhabditis elegans	invertebrate	578	593.8
kv_shaker|F7A2Q7	kv_shaker	ploop	channel	B1B2	F7A2Q7	Ornithorhynchus anatinus	vertebrate	499	731.1
kv_shaker|G1KUR8	kv_shaker	ploop	channel	B1B2	G1KUR8	Anolis carolinensis	vertebrate	499	729.7
kv_shaker|A0A803K5T1	kv_shaker	ploop	channel	B1B2	A0A803K5T1	Xenopus tropicalis	vertebrate	499	728.3
kv_shaker|H3A2D7	kv_shaker	ploop	channel	B1B2	H3A2D7	Latimeria chalumnae	vertebrate	498	726.1
kv_shaker|A0AC58IKA3	kv_shaker	ploop	channel	B1B2	A0AC58IKA3	Danio rerio	vertebrate	495	720.2
kv_shaker|A0A3B5KBV0	kv_shaker	ploop	channel	B1B2	A0A3B5KBV0	Takifugu rubripes	vertebrate	498	719.9
kv_shaker|A0A4W3IS90	kv_shaker	ploop	channel	B1B2	A0A4W3IS90	Callorhinchus milii	vertebrate	494	715.6
kv_shaker|A0AAJ7WZN7	kv_shaker	ploop	channel	B1B2	A0AAJ7WZN7	Petromyzon marinus	vertebrate	478	706.3
lrrc8|Q8TDW0	lrrc8	innexin_like	channel	B1B2	Q8TDW0	Homo sapiens	vertebrate	803	1466.3
lrrc8|Q68F79	lrrc8	innexin_like	channel	B1B2	Q68F79	Xenopus tropicalis	vertebrate	806	1465.4
lrrc8|Q498T9	lrrc8	innexin_like	channel	B1B2	Q498T9	Rattus norvegicus	vertebrate	803	1464.5
lrrc8|Q8R502	lrrc8	innexin_like	channel	B1B2	Q8R502	Mus musculus	vertebrate	803	1460.0
lrrc8|F6QUQ7	lrrc8	innexin_like	channel	B1B2	F6QUQ7	Ornithorhynchus anatinus	vertebrate	840	1443.4
lrrc8|E1C957	lrrc8	innexin_like	channel	B1B2	E1C957	Gallus gallus	vertebrate	802	1438.7
lrrc8|G1K985	lrrc8	innexin_like	channel	B1B2	G1K985	Anolis carolinensis	vertebrate	802	1438.2
lrrc8|F7F2H1	lrrc8	innexin_like	channel	B1B2	F7F2H1	Monodelphis domestica	vertebrate	810	1422.2
lrrc8|H3ASH1	lrrc8	innexin_like	channel	B1B2	H3ASH1	Latimeria chalumnae	vertebrate	805	1408.9
lrrc8|A0A4W3HKB8	lrrc8	innexin_like	channel	B1B2	A0A4W3HKB8	Callorhinchus milii	vertebrate	809	1398.5
lrrc8|E7F333	lrrc8	innexin_like	channel	B1B2	E7F333	Danio rerio	vertebrate	792	1386.4
lrrc8|H2U6A1	lrrc8	innexin_like	channel	B1B2	H2U6A1	Takifugu rubripes	vertebrate	795	1365.0
lrrc8|A0AAJ7UK00	lrrc8	innexin_like	channel	B1B2	A0AAJ7UK00	Petromyzon marinus	vertebrate	881	1247.3
mcu|A0A1X7UY12	mcu	mcu	channel	B1B2	A0A1X7UY12	Amphimedon queenslandica	basal_metazoan	326	261.6
mcu|A0E7U6	mcu	mcu	channel	B1B2	A0E7U6	Paramecium tetraurelia	ciliate	352	48.9
mcu|A7SWC7	mcu	mcu	channel	B1B2	A7SWC7	Nematostella vectensis	cnidarian	327	355.7
mcu|A0A9J7KVB5	mcu	mcu	channel	B1B2	A0A9J7KVB5	Branchiostoma floridae	deuterostome	336	372.3
mcu|A0A0D2WKY6	mcu	mcu	channel	B1B2	A0A0D2WKY6	Capsaspora owczarzaki	holozoa	308	170.6
mcu|V3ZX85	mcu	mcu	channel	B1B2	V3ZX85	Lottia gigantea	invertebrate	333	364.1
mcu|Q9NWR8	mcu	mcu	channel	B1B2	Q9NWR8	Homo sapiens	vertebrate	336	621.2
mcu|A0ABM4BYH7	mcu	mcu	channel	B1B2	A0ABM4BYH7	Hydra vulgaris	cnidarian	314	286.6
mcu|F6UJB5	mcu	mcu	channel	B1B2	F6UJB5	Ciona intestinalis	deuterostome	322	346.8
mcu|A0AAV2ICJ0	mcu	mcu	channel	B1B2	A0AAV2ICJ0	Lymnaea stagnalis	invertebrate	346	351.7
mcu|Q3UMR5	mcu	mcu	channel	B1B2	Q3UMR5	Mus musculus	vertebrate	350	569.5
mcu|A0A7M7NJ37	mcu	mcu	channel	B1B2	A0A7M7NJ37	Strongylocentrotus purpuratus	deuterostome	336	346.4
mcu|A0ABM0JLR0	mcu	mcu	channel	B1B2	A0ABM0JLR0	Aplysia californica	invertebrate	345	351.5
mcu|A0A5F8GW32	mcu	mcu	channel	B1B2	A0A5F8GW32	Monodelphis domestica	vertebrate	353	563.5
mcu|E9GCX4	mcu	mcu	channel	B1B2	E9GCX4	Daphnia pulex	invertebrate	315	319.0
mcu|A0A8V0ZQG9	mcu	mcu	channel	B1B2	A0A8V0ZQG9	Gallus gallus	vertebrate	353	532.1
mcu|Q8IQ70	mcu	mcu	channel	B1B2	Q8IQ70	Drosophila melanogaster	invertebrate	366	301.4
mcu|A0A0G2K059	mcu	mcu	channel	B1B2	A0A0G2K059	Rattus norvegicus	vertebrate	331	531.1
mcu|Q21121	mcu	mcu	channel	B1B2	Q21121	Caenorhabditis elegans	invertebrate	333	254.9
mcu|A0A6I8MXY7	mcu	mcu	channel	B1B2	A0A6I8MXY7	Ornithorhynchus anatinus	vertebrate	362	524.7
mcu|G1K8V1	mcu	mcu	channel	B1B2	G1K8V1	Anolis carolinensis	vertebrate	352	524.5
mcu|A0A8J0QCT1	mcu	mcu	channel	B1B2	A0A8J0QCT1	Xenopus tropicalis	vertebrate	339	494.6
mcu|A0A4W3GNN6	mcu	mcu	channel	B1B2	A0A4W3GNN6	Callorhinchus milii	vertebrate	344	474.6
mcu|H3ATQ5	mcu	mcu	channel	B1B2	H3ATQ5	Latimeria chalumnae	vertebrate	297	472.5
mcu|Q08BI9	mcu	mcu	channel	B1B2	Q08BI9	Danio rerio	vertebrate	376	463.8
mcu|A0A674MDL6	mcu	mcu	channel	B1B2	A0A674MDL6	Takifugu rubripes	vertebrate	416	459.6
mcu|A0AAJ7WQ14	mcu	mcu	channel	B1B2	A0AAJ7WQ14	Petromyzon marinus	vertebrate	343	436.8
mscl|P0A742	mscl	msc	channel	B1B2	P0A742	Escherichia coli	prokaryote	136	193.9
mscl|P94585	mscl	msc	channel	B1B2	P94585	Bacillus subtilis	prokaryote	130	172.7
mscl|Q7NLP8	mscl	msc	channel	B1B2	Q7NLP8	Gloeobacter violaceus	prokaryote	148	126.8
mscl|Q5SKL6	mscl	msc	channel	B1B2	Q5SKL6	Thermus thermophilus	prokaryote	124	109.5
mscl|A0ABM5R4R5	mscl	msc	channel	B1B2	A0ABM5R4R5	Streptomyces lividans	prokaryote	156	108.7
mscl|P73553	mscl	msc	channel	B1B2	P73553	Synechocystis sp. PCC 6803	prokaryote	145	89.5
mscs|Q54ZV3	mscs	msc	channel	B1B2	Q54ZV3	Dictyostelium discoideum	amoebozoa	870	102.4
mscs|O14050	mscs	msc	channel	B1B2	O14050	Schizosaccharomyces pombe	fungi	840	66.5
mscs|A9UXV1	mscs	msc	channel	B1B2	A9UXV1	Monosiga brevicollis	holozoa	918	47.5
mscs|Q9LYG9	mscs	msc	channel	B1B2	Q9LYG9	Arabidopsis thaliana	plant	734	360.7
mscs|P0C0S1	mscs	msc	channel	B1B2	P0C0S1	Escherichia coli	prokaryote	286	448.5
mscs|Q69NN6	mscs	msc	channel	B1B2	Q69NN6	Oryza sativa	plant	745	171.0
mscs|Q55717	mscs	msc	channel	B1B2	Q55717	Synechocystis sp. PCC 6803	prokaryote	296	374.9
mscs|A0A2K1KC96	mscs	msc	channel	B1B2	A0A2K1KC96	Physcomitrium patens	plant	918	153.7
mscs|A8ERU0	mscs	msc	channel	B1B2	A8ERU0	Aliarcobacter butzleri	prokaryote	296	261.0
mscs|A0ABN4DM57	mscs	msc	channel	B1B2	A0ABN4DM57	Streptomyces lividans	prokaryote	359	161.8
mscs|Q7NM32	mscs	msc	channel	B1B2	Q7NM32	Gloeobacter violaceus	prokaryote	269	158.0
mscs|O07594	mscs	msc	channel	B1B2	O07594	Bacillus subtilis	prokaryote	371	157.9
mscs|O27858	mscs	msc	channel	B1B2	O27858	Methanothermobacter thermautotrophicus	prokaryote	248	134.2
mscs|Q5SHL5	mscs	msc	channel	B1B2	Q5SHL5	Thermus thermophilus	prokaryote	355	107.6
nachr|A7S2J7	nachr	cysloop	channel	B1B2	A7S2J7	Nematostella vectensis	cnidarian	462	478.1
nachr|A0A9J7LR82	nachr	cysloop	channel	B1B2	A0A9J7LR82	Branchiostoma floridae	deuterostome	632	688.2
nachr|V4ABC4	nachr	cysloop	channel	B1B2	V4ABC4	Lottia gigantea	invertebrate	512	635.6
nachr|P32297	nachr	cysloop	channel	B1B2	P32297	Homo sapiens	vertebrate	505	726.2
nachr|A0ABM4DEY4	nachr	cysloop	channel	B1B2	A0ABM4DEY4	Hydra vulgaris	cnidarian	479	435.3
nachr|A0A7M7RBP8	nachr	cysloop	channel	B1B2	A0A7M7RBP8	Strongylocentrotus purpuratus	deuterostome	552	679.1
nachr|A0ABM0GH40	nachr	cysloop	channel	B1B2	A0ABM0GH40	Aplysia californica	invertebrate	536	631.7
nachr|H3A717	nachr	cysloop	channel	B1B2	H3A717	Latimeria chalumnae	vertebrate	552	718.6
nachr|A0ACM8QMI3	nachr	cysloop	channel	B1B2	A0ACM8QMI3	Ciona intestinalis	deuterostome	486	669.8
nachr|P09478	nachr	cysloop	channel	B1B2	P09478	Drosophila melanogaster	invertebrate	567	616.2
nachr|Q8R4G9	nachr	cysloop	channel	B1B2	Q8R4G9	Mus musculus	vertebrate	499	717.1
nachr|Q9N587	nachr	cysloop	channel	B1B2	Q9N587	Caenorhabditis elegans	invertebrate	502	604.2
nachr|P04757	nachr	cysloop	channel	B1B2	P04757	Rattus norvegicus	vertebrate	499	715.9
nachr|E9G088	nachr	cysloop	channel	B1B2	E9G088	Daphnia pulex	invertebrate	484	598.3
nachr|F7DET6	nachr	cysloop	channel	B1B2	F7DET6	Ornithorhynchus anatinus	vertebrate	624	715.1
nachr|A0AAV2HSE4	nachr	cysloop	channel	B1B2	A0AAV2HSE4	Lymnaea stagnalis	invertebrate	506	564.2
nachr|F6WNN6	nachr	cysloop	channel	B1B2	F6WNN6	Monodelphis domestica	vertebrate	496	714.5
nachr|A0A8V0YLH7	nachr	cysloop	channel	B1B2	A0A8V0YLH7	Gallus gallus	vertebrate	494	711.3
nachr|G1KER0	nachr	cysloop	channel	B1B2	G1KER0	Anolis carolinensis	vertebrate	625	709.7
nachr|A0A6I8T284	nachr	cysloop	channel	B1B2	A0A6I8T284	Xenopus tropicalis	vertebrate	510	706.5
nachr|A0AAJ7TCJ2	nachr	cysloop	channel	B1B2	A0AAJ7TCJ2	Petromyzon marinus	vertebrate	652	704.4
nachr|F1R808	nachr	cysloop	channel	B1B2	F1R808	Danio rerio	vertebrate	550	703.4
nachr|H2SW50	nachr	cysloop	channel	B1B2	H2SW50	Takifugu rubripes	vertebrate	514	697.7
nachr|A0A4W3JIZ2	nachr	cysloop	channel	B1B2	A0A4W3JIZ2	Callorhinchus milii	vertebrate	498	693.2
nalcn|B3RI47	nalcn	ploop	channel	B1B2	B3RI47	Trichoplax adhaerens	basal_metazoan	1256	980.8
nalcn|A0ABM4BM93	nalcn	ploop	channel	B1B2	A0ABM4BM93	Hydra vulgaris	cnidarian	1774	1187.3
nalcn|A0A9J7KKG7	nalcn	ploop	channel	B1B2	A0A9J7KKG7	Branchiostoma floridae	deuterostome	1668	2294.0
nalcn|A8JUW5	nalcn	ploop	channel	B1B2	A8JUW5	Drosophila melanogaster	invertebrate	2233	2166.4
nalcn|Q6Q760	nalcn	ploop	channel	B1B2	Q6Q760	Rattus norvegicus	vertebrate	1738	4233.6
nalcn|A0A1X7UFQ1	nalcn	ploop	channel	B1B2	A0A1X7UFQ1	Amphimedon queenslandica	basal_metazoan	1809	520.6
nalcn|A0A7M7NPU0	nalcn	ploop	channel	B1B2	A0A7M7NPU0	Strongylocentrotus purpuratus	deuterostome	1765	2081.2
nalcn|A0AAV2IB63	nalcn	ploop	channel	B1B2	A0AAV2IB63	Lymnaea stagnalis	invertebrate	1751	2141.2
nalcn|Q8BXR5	nalcn	ploop	channel	B1B2	Q8BXR5	Mus musculus	vertebrate	1738	4233.6
nalcn|E9H0I3	nalcn	ploop	channel	B1B2	E9H0I3	Daphnia pulex	invertebrate	1577	2001.6
nalcn|Q8IZF0	nalcn	ploop	channel	B1B2	Q8IZF0	Homo sapiens	vertebrate	1738	4226.7
nalcn|A0ABM0ZUK7	nalcn	ploop	channel	B1B2	A0ABM0ZUK7	Aplysia californica	invertebrate	1614	1994.6
nalcn|F7ADE7	nalcn	ploop	channel	B1B2	F7ADE7	Monodelphis domestica	vertebrate	1738	4165.5
nalcn|V6CKM5	nalcn	ploop	channel	B1B2	V6CKM5	Caenorhabditis elegans	invertebrate	1867	1700.6
nalcn|F7CU75	nalcn	ploop	channel	B1B2	F7CU75	Ornithorhynchus anatinus	vertebrate	1738	4163.7
nalcn|V4ASM1	nalcn	ploop	channel	B1B2	V4ASM1	Lottia gigantea	invertebrate	1236	1558.2
nalcn|E1BSL8	nalcn	ploop	channel	B1B2	E1BSL8	Gallus gallus	vertebrate	1738	4097.9
nalcn|A0A6I8RAR9	nalcn	ploop	channel	B1B2	A0A6I8RAR9	Xenopus tropicalis	vertebrate	1736	4053.3
nalcn|A0A674NZF7	nalcn	ploop	channel	B1B2	A0A674NZF7	Takifugu rubripes	vertebrate	1745	3849.8
nalcn|A0A4W3GNL9	nalcn	ploop	channel	B1B2	A0A4W3GNL9	Callorhinchus milii	vertebrate	1755	3832.4
nalcn|A0A8M2BF56	nalcn	ploop	channel	B1B2	A0A8M2BF56	Danio rerio	vertebrate	1743	3784.7
nalcn|H2ZUH6	nalcn	ploop	channel	B1B2	H2ZUH6	Latimeria chalumnae	vertebrate	1590	3527.1
nalcn|G1KVE7	nalcn	ploop	channel	B1B2	G1KVE7	Anolis carolinensis	vertebrate	1501	3491.0
nalcn|A0AAJ7XH90	nalcn	ploop	channel	B1B2	A0AAJ7XH90	Petromyzon marinus	vertebrate	1911	3292.4
nav|B3RSR3	nav	ploop	channel	B1B2	B3RSR3	Trichoplax adhaerens	basal_metazoan	1816	1039.0
nav|A0ABM4CK63	nav	ploop	channel	B1B2	A0ABM4CK63	Hydra vulgaris	cnidarian	1725	1439.5
nav|F6QCF9	nav	ploop	channel	B1B2	F6QCF9	Ciona intestinalis	deuterostome	2069	2436.6
nav|P35500	nav	ploop	channel	B1B2	P35500	Drosophila melanogaster	invertebrate	2131	2645.0
nav|Q99250	nav	ploop	channel	B1B2	Q99250	Homo sapiens	vertebrate	2005	3323.8
nav|A0A9J7HQ16	nav	ploop	channel	B1B2	A0A9J7HQ16	Branchiostoma floridae	deuterostome	1908	2243.7
nav|E9GGF2	nav	ploop	channel	B1B2	E9GGF2	Daphnia pulex	invertebrate	2057	2446.1
nav|B1AWN6	nav	ploop	channel	B1B2	B1AWN6	Mus musculus	vertebrate	2006	3322.3
nav|A0A7M7SUY6	nav	ploop	channel	B1B2	A0A7M7SUY6	Strongylocentrotus purpuratus	deuterostome	2030	1790.1
nav|A0ABM0GHE7	nav	ploop	channel	B1B2	A0ABM0GHE7	Aplysia californica	invertebrate	1993	2186.1
nav|A0A6I8MZN6	nav	ploop	channel	B1B2	A0A6I8MZN6	Ornithorhynchus anatinus	vertebrate	2008	3320.2
nav|A0AAV2H4T9	nav	ploop	channel	B1B2	A0AAV2H4T9	Lymnaea stagnalis	invertebrate	2016	2152.0
nav|E1BQT2	nav	ploop	channel	B1B2	E1BQT2	Gallus gallus	vertebrate	2006	3311.0
nav|V3ZMP2	nav	ploop	channel	B1B2	V3ZMP2	Lottia gigantea	invertebrate	1911	2148.5
nav|P04775	nav	ploop	channel	B1B2	P04775	Rattus norvegicus	vertebrate	2005	3307.4
nav|A0A5F8HFU9	nav	ploop	channel	B1B2	A0A5F8HFU9	Monodelphis domestica	vertebrate	2002	3270.7
nav|H9G6C5	nav	ploop	channel	B1B2	H9G6C5	Anolis carolinensis	vertebrate	2011	3251.4
nav|A0A8J0SZI9	nav	ploop	channel	B1B2	A0A8J0SZI9	Xenopus tropicalis	vertebrate	2020	3250.3
nav|A0A8M9Q653	nav	ploop	channel	B1B2	A0A8M9Q653	Danio rerio	vertebrate	1996	3189.7
nav|A0A4W3HP65	nav	ploop	channel	B1B2	A0A4W3HP65	Callorhinchus milii	vertebrate	2006	3140.9
nav|H3AMW3	nav	ploop	channel	B1B2	H3AMW3	Latimeria chalumnae	vertebrate	1836	3129.8
nav|A0A674NU94	nav	ploop	channel	B1B2	A0A674NU94	Takifugu rubripes	vertebrate	2024	3114.0
nav|A0AAJ7U9S2	nav	ploop	channel	B1B2	A0AAJ7U9S2	Petromyzon marinus	vertebrate	2002	3106.4
nmda|A7SL56	nmda	iglur	channel	B1B2	A7SL56	Nematostella vectensis	cnidarian	893	768.2
nmda|A0A9J7M7C4	nmda	iglur	channel	B1B2	A0A9J7M7C4	Branchiostoma floridae	deuterostome	1084	872.9
nmda|Q24418	nmda	iglur	channel	B1B2	Q24418	Drosophila melanogaster	invertebrate	997	744.7
nmda|Q13224	nmda	iglur	channel	B1B2	Q13224	Homo sapiens	vertebrate	1484	1806.5
nmda|A0ABM4D8J4	nmda	iglur	channel	B1B2	A0ABM4D8J4	Hydra vulgaris	cnidarian	881	684.4
nmda|V4B6G6	nmda	iglur	channel	B1B2	V4B6G6	Lottia gigantea	invertebrate	888	740.1
nmda|Q00960	nmda	iglur	channel	B1B2	Q00960	Rattus norvegicus	vertebrate	1482	1799.9
nmda|A0ABM0GH11	nmda	iglur	channel	B1B2	A0ABM0GH11	Aplysia californica	invertebrate	964	722.7
nmda|Q01097	nmda	iglur	channel	B1B2	Q01097	Mus musculus	vertebrate	1482	1797.2
nmda|E9H8K2	nmda	iglur	channel	B1B2	E9H8K2	Daphnia pulex	invertebrate	1046	720.6
nmda|F6PGX6	nmda	iglur	channel	B1B2	F6PGX6	Monodelphis domestica	vertebrate	1463	1765.5
nmda|A0AAV2I108	nmda	iglur	channel	B1B2	A0AAV2I108	Lymnaea stagnalis	invertebrate	968	720.4
nmda|F1NMB0	nmda	iglur	channel	B1B2	F1NMB0	Gallus gallus	vertebrate	1504	1752.1
nmda|G5EEH3	nmda	iglur	channel	B1B2	G5EEH3	Caenorhabditis elegans	invertebrate	990	661.9
nmda|A0A6I8P641	nmda	iglur	channel	B1B2	A0A6I8P641	Ornithorhynchus anatinus	vertebrate	1504	1727.7
nmda|H9GGI2	nmda	iglur	channel	B1B2	H9GGI2	Anolis carolinensis	vertebrate	1500	1720.0
nmda|A0A6I8QFJ2	nmda	iglur	channel	B1B2	A0A6I8QFJ2	Xenopus tropicalis	vertebrate	1449	1709.4
nmda|A0AC58IZX9	nmda	iglur	channel	B1B2	A0AC58IZX9	Danio rerio	vertebrate	1606	1541.2
nmda|A0A4W3IH80	nmda	iglur	channel	B1B2	A0A4W3IH80	Callorhinchus milii	vertebrate	1463	1539.8
nmda|A0A674MHA8	nmda	iglur	channel	B1B2	A0A674MHA8	Takifugu rubripes	vertebrate	1702	1520.6
nmda|H3AUN9	nmda	iglur	channel	B1B2	H3AUN9	Latimeria chalumnae	vertebrate	1375	1441.6
nmda|A0ACM8BX32	nmda	iglur	channel	B1B2	A0ACM8BX32	Petromyzon marinus	vertebrate	1483	1311.1
nonchannel_abc_transporter|A0A2K3DX98	nonchannel_abc_transporter	abc_channel	non_channel_homolog	B1B2	A0A2K3DX98	Chlamydomonas reinhardtii	algae	1497	1313.5
nonchannel_abc_transporter|Q54P13	nonchannel_abc_transporter	abc_channel	non_channel_homolog	B1B2	Q54P13	Dictyostelium discoideum	amoebozoa	1593	1502.4
nonchannel_abc_transporter|Q7K6A5	nonchannel_abc_transporter	abc_channel	non_channel_homolog	B1B2	Q7K6A5	Plasmodium falciparum	apicomplexa	1419	555.8
nonchannel_abc_transporter|B3SCI9	nonchannel_abc_transporter	abc_channel	non_channel_homolog	B1B2	B3SCI9	Trichoplax adhaerens	basal_metazoan	1304	1669.3
nonchannel_abc_transporter|Q237T3	nonchannel_abc_transporter	abc_channel	non_channel_homolog	B1B2	Q237T3	Tetrahymena thermophila	ciliate	2840	1511.1
nonchannel_abc_transporter|A0ABM4B4T7	nonchannel_abc_transporter	abc_channel	non_channel_homolog	B1B2	A0ABM4B4T7	Hydra vulgaris	cnidarian	1455	1521.6
nonchannel_abc_transporter|A0A9J7M5R8	nonchannel_abc_transporter	abc_channel	non_channel_homolog	B1B2	A0A9J7M5R8	Branchiostoma floridae	deuterostome	1596	1717.6
nonchannel_abc_transporter|Q581W6	nonchannel_abc_transporter	abc_channel	non_channel_homolog	B1B2	Q581W6	Trypanosoma brucei	excavate	1581	1042.1
nonchannel_abc_transporter|P39109	nonchannel_abc_transporter	abc_channel	non_channel_homolog	B1B2	P39109	Saccharomyces cerevisiae	fungi	1515	1418.6
nonchannel_abc_transporter|A0A0D2USZ6	nonchannel_abc_transporter	abc_channel	non_channel_homolog	B1B2	A0A0D2USZ6	Capsaspora owczarzaki	holozoa	1492	1587.9
nonchannel_abc_transporter|A0ABM0ZUW4	nonchannel_abc_transporter	abc_channel	non_channel_homolog	B1B2	A0ABM0ZUW4	Aplysia californica	invertebrate	2703	2157.6
nonchannel_abc_transporter|Q9C8G9	nonchannel_abc_transporter	abc_channel	non_channel_homolog	B1B2	Q9C8G9	Arabidopsis thaliana	plant	1622	1369.2
nonchannel_abc_transporter|P68579	nonchannel_abc_transporter	abc_channel	non_channel_homolog	B1B2	P68579	Bacillus subtilis	prokaryote	705	650.2
nonchannel_abc_transporter|P33527	nonchannel_abc_transporter	abc_channel	non_channel_homolog	B1B2	P33527	Homo sapiens	vertebrate	1531	1954.7
nonchannel_abc_transporter|A0AAN0JGE4	nonchannel_abc_transporter	abc_channel	non_channel_homolog	B1B2	A0AAN0JGE4	Amphimedon queenslandica	basal_metazoan	1476	1572.9
nonchannel_abc_transporter|A0BTN4	nonchannel_abc_transporter	abc_channel	non_channel_homolog	B1B2	A0BTN4	Paramecium tetraurelia	ciliate	1348	1102.1
nonchannel_abc_transporter|A7SII0	nonchannel_abc_transporter	abc_channel	non_channel_homolog	B1B2	A7SII0	Nematostella vectensis	cnidarian	1222	1514.4
nonchannel_abc_transporter|A0A7M6USZ5	nonchannel_abc_transporter	abc_channel	non_channel_homolog	B1B2	A0A7M6USZ5	Strongylocentrotus purpuratus	deuterostome	1577	1635.2
nonchannel_abc_transporter|Q10185	nonchannel_abc_transporter	abc_channel	non_channel_homolog	B1B2	Q10185	Schizosaccharomyces pombe	fungi	1478	1349.9
nonchannel_abc_transporter|A9UX43	nonchannel_abc_transporter	abc_channel	non_channel_homolog	B1B2	A9UX43	Monosiga brevicollis	holozoa	1269	1506.0
nonchannel_abc_transporter|E9H667	nonchannel_abc_transporter	abc_channel	non_channel_homolog	B1B2	E9H667	Daphnia pulex	invertebrate	1547	1683.9
nonchannel_abc_transporter|A0A2K1JQH6	nonchannel_abc_transporter	abc_channel	non_channel_homolog	B1B2	A0A2K1JQH6	Physcomitrium patens	plant	1632	1359.3
nonchannel_abc_transporter|A0ABM5RBU8	nonchannel_abc_transporter	abc_channel	non_channel_homolog	B1B2	A0ABM5RBU8	Streptomyces lividans	prokaryote	566	163.6
nonchannel_abc_transporter|A0A6I8PAG5	nonchannel_abc_transporter	abc_channel	non_channel_homolog	B1B2	A0A6I8PAG5	Ornithorhynchus anatinus	vertebrate	1618	1886.9
nonchannel_abc_transporter|F6PGX9	nonchannel_abc_transporter	abc_channel	non_channel_homolog	B1B2	F6PGX9	Ciona intestinalis	deuterostome	1230	1601.9
nonchannel_abc_transporter|Q7KTC0	nonchannel_abc_transporter	abc_channel	non_channel_homolog	B1B2	Q7KTC0	Drosophila melanogaster	invertebrate	1549	1636.4
nonchannel_abc_transporter|Q10RX7	nonchannel_abc_transporter	abc_channel	non_channel_homolog	B1B2	Q10RX7	Oryza sativa	plant	1505	1300.1
nonchannel_abc_transporter|P22040	nonchannel_abc_transporter	abc_channel	non_channel_homolog	B1B2	P22040	Synechocystis sp. PCC 6803	prokaryote	354	42.4
nonchannel_abc_transporter|O35379	nonchannel_abc_transporter	abc_channel	non_channel_homolog	B1B2	O35379	Mus musculus	vertebrate	1528	1877.5
nonchannel_abc_transporter|A0AAV2HAB3	nonchannel_abc_transporter	abc_channel	non_channel_homolog	B1B2	A0AAV2HAB3	Lymnaea stagnalis	invertebrate	1564	1622.8
nonchannel_abc_transporter|F7C573	nonchannel_abc_transporter	abc_channel	non_channel_homolog	B1B2	F7C573	Monodelphis domestica	vertebrate	1510	1870.3
nonchannel_abc_transporter|Q20943	nonchannel_abc_transporter	abc_channel	non_channel_homolog	B1B2	Q20943	Caenorhabditis elegans	invertebrate	1525	1535.5
nonchannel_abc_transporter|Q8CG09	nonchannel_abc_transporter	abc_channel	non_channel_homolog	B1B2	Q8CG09	Rattus norvegicus	vertebrate	1532	1869.4
nonchannel_abc_transporter|V4A387	nonchannel_abc_transporter	abc_channel	non_channel_homolog	B1B2	V4A387	Lottia gigantea	invertebrate	1401	1518.6
nonchannel_abc_transporter|Q5F364	nonchannel_abc_transporter	abc_channel	non_channel_homolog	B1B2	Q5F364	Gallus gallus	vertebrate	1525	1857.8
nonchannel_abc_transporter|A0A6I8QSY5	nonchannel_abc_transporter	abc_channel	non_channel_homolog	B1B2	A0A6I8QSY5	Xenopus tropicalis	vertebrate	1525	1835.6
nonchannel_abc_transporter|A0AB32TKI2	nonchannel_abc_transporter	abc_channel	non_channel_homolog	B1B2	A0AB32TKI2	Danio rerio	vertebrate	1532	1795.4
nonchannel_abc_transporter|G1K9J3	nonchannel_abc_transporter	abc_channel	non_channel_homolog	B1B2	G1K9J3	Anolis carolinensis	vertebrate	1528	1785.9
nonchannel_abc_transporter|A0A674P482	nonchannel_abc_transporter	abc_channel	non_channel_homolog	B1B2	A0A674P482	Takifugu rubripes	vertebrate	1544	1768.6
nonchannel_abc_transporter|H3B762	nonchannel_abc_transporter	abc_channel	non_channel_homolog	B1B2	H3B762	Latimeria chalumnae	vertebrate	1433	1757.4
nonchannel_abc_transporter|A0A4W3IKJ5	nonchannel_abc_transporter	abc_channel	non_channel_homolog	B1B2	A0A4W3IKJ5	Callorhinchus milii	vertebrate	1664	1741.0
nonchannel_abc_transporter|A0AAJ7X9A3	nonchannel_abc_transporter	abc_channel	non_channel_homolog	B1B2	A0AAJ7X9A3	Petromyzon marinus	vertebrate	1535	1736.0
nonchannel_achbp|A0AAV2HA99	nonchannel_achbp	cysloop	non_channel_homolog	B1B2	A0AAV2HA99	Lymnaea stagnalis	invertebrate	230	532.4
nonchannel_achbp|A0ABM0JC62	nonchannel_achbp	cysloop	non_channel_homolog	B1B2	A0ABM0JC62	Aplysia californica	invertebrate	232	70.1
nonchannel_class_c_gpcr|Q54ET0	nonchannel_class_c_gpcr	iglur	non_channel_homolog	B1B2	Q54ET0	Dictyostelium discoideum	amoebozoa	816	253.5
nonchannel_class_c_gpcr|B3RY99	nonchannel_class_c_gpcr	iglur	non_channel_homolog	B1B2	B3RY99	Trichoplax adhaerens	basal_metazoan	873	727.2
nonchannel_class_c_gpcr|A7S4N3	nonchannel_class_c_gpcr	iglur	non_channel_homolog	B1B2	A7S4N3	Nematostella vectensis	cnidarian	801	781.2
nonchannel_class_c_gpcr|A0A9J7N6I7	nonchannel_class_c_gpcr	iglur	non_channel_homolog	B1B2	A0A9J7N6I7	Branchiostoma floridae	deuterostome	1860	1082.5
nonchannel_class_c_gpcr|A0A0D2WW06	nonchannel_class_c_gpcr	iglur	non_channel_homolog	B1B2	A0A0D2WW06	Capsaspora owczarzaki	holozoa	1279	249.1
nonchannel_class_c_gpcr|A0AAV2HIF7	nonchannel_class_c_gpcr	iglur	non_channel_homolog	B1B2	A0AAV2HIF7	Lymnaea stagnalis	invertebrate	2879	1052.2
nonchannel_class_c_gpcr|O00222	nonchannel_class_c_gpcr	iglur	non_channel_homolog	B1B2	O00222	Homo sapiens	vertebrate	908	1312.3
nonchannel_class_c_gpcr|A0A1X7UH63	nonchannel_class_c_gpcr	iglur	non_channel_homolog	B1B2	A0A1X7UH63	Amphimedon queenslandica	basal_metazoan	903	715.3
nonchannel_class_c_gpcr|A0ABM4B885	nonchannel_class_c_gpcr	iglur	non_channel_homolog	B1B2	A0ABM4B885	Hydra vulgaris	cnidarian	818	592.9
nonchannel_class_c_gpcr|A0A7M7NE72	nonchannel_class_c_gpcr	iglur	non_channel_homolog	B1B2	A0A7M7NE72	Strongylocentrotus purpuratus	deuterostome	2307	1019.5
nonchannel_class_c_gpcr|A0ABM1A5L6	nonchannel_class_c_gpcr	iglur	non_channel_homolog	B1B2	A0ABM1A5L6	Aplysia californica	invertebrate	2895	1034.8
nonchannel_class_c_gpcr|P47743	nonchannel_class_c_gpcr	iglur	non_channel_homolog	B1B2	P47743	Mus musculus	vertebrate	908	1306.3
nonchannel_class_c_gpcr|F7AA31	nonchannel_class_c_gpcr	iglur	non_channel_homolog	B1B2	F7AA31	Ciona intestinalis	deuterostome	906	753.1
nonchannel_class_c_gpcr|V3ZLI4	nonchannel_class_c_gpcr	iglur	non_channel_homolog	B1B2	V3ZLI4	Lottia gigantea	invertebrate	862	1033.6
nonchannel_class_c_gpcr|P31423	nonchannel_class_c_gpcr	iglur	non_channel_homolog	B1B2	P31423	Rattus norvegicus	vertebrate	912	1303.9
nonchannel_class_c_gpcr|A0A0B4KF15	nonchannel_class_c_gpcr	iglur	non_channel_homolog	B1B2	A0A0B4KF15	Drosophila melanogaster	invertebrate	1472	1003.9
nonchannel_class_c_gpcr|F6PLI7	nonchannel_class_c_gpcr	iglur	non_channel_homolog	B1B2	F6PLI7	Ornithorhynchus anatinus	vertebrate	908	1301.8
nonchannel_class_c_gpcr|E9FZM4	nonchannel_class_c_gpcr	iglur	non_channel_homolog	B1B2	E9FZM4	Daphnia pulex	invertebrate	891	947.5
nonchannel_class_c_gpcr|A0A8V0XA35	nonchannel_class_c_gpcr	iglur	non_channel_homolog	B1B2	A0A8V0XA35	Gallus gallus	vertebrate	908	1295.7
nonchannel_class_c_gpcr|Q09630	nonchannel_class_c_gpcr	iglur	non_channel_homolog	B1B2	Q09630	Caenorhabditis elegans	invertebrate	999	818.2
nonchannel_class_c_gpcr|F6R6X5	nonchannel_class_c_gpcr	iglur	non_channel_homolog	B1B2	F6R6X5	Monodelphis domestica	vertebrate	914	1292.5
nonchannel_class_c_gpcr|A0A803KEE0	nonchannel_class_c_gpcr	iglur	non_channel_homolog	B1B2	A0A803KEE0	Xenopus tropicalis	vertebrate	913	1292.1
nonchannel_class_c_gpcr|G1KS01	nonchannel_class_c_gpcr	iglur	non_channel_homolog	B1B2	G1KS01	Anolis carolinensis	vertebrate	916	1277.8
nonchannel_class_c_gpcr|A0A674NG88	nonchannel_class_c_gpcr	iglur	non_channel_homolog	B1B2	A0A674NG88	Takifugu rubripes	vertebrate	913	1269.1
nonchannel_class_c_gpcr|H3A2R3	nonchannel_class_c_gpcr	iglur	non_channel_homolog	B1B2	H3A2R3	Latimeria chalumnae	vertebrate	909	1268.9
nonchannel_class_c_gpcr|A0A8M1P1K6	nonchannel_class_c_gpcr	iglur	non_channel_homolog	B1B2	A0A8M1P1K6	Danio rerio	vertebrate	912	1257.3
nonchannel_class_c_gpcr|A0AAJ7TYS4	nonchannel_class_c_gpcr	iglur	non_channel_homolog	B1B2	A0AAJ7TYS4	Petromyzon marinus	vertebrate	943	1255.0
nonchannel_class_c_gpcr|A0A4W3JYN4	nonchannel_class_c_gpcr	iglur	non_channel_homolog	B1B2	A0A4W3JYN4	Callorhinchus milii	vertebrate	896	1243.3
nonchannel_gasdermin|A7T146	nonchannel_gasdermin		non_channel_homolog	B1B2	A7T146	Nematostella vectensis	cnidarian	472	96.5
nonchannel_gasdermin|A0A9J7MAZ5	nonchannel_gasdermin		non_channel_homolog	B1B2	A0A9J7MAZ5	Branchiostoma floridae	deuterostome	366	138.2
nonchannel_gasdermin|P57764	nonchannel_gasdermin		non_channel_homolog	B1B2	P57764	Homo sapiens	vertebrate	484	621.0
nonchannel_gasdermin|A0A7M7N407	nonchannel_gasdermin		non_channel_homolog	B1B2	A0A7M7N407	Strongylocentrotus purpuratus	deuterostome	502	115.5
nonchannel_gasdermin|Q9EST1	nonchannel_gasdermin		non_channel_homolog	B1B2	Q9EST1	Mus musculus	vertebrate	446	529.2
nonchannel_gasdermin|D3ZA32	nonchannel_gasdermin		non_channel_homolog	B1B2	D3ZA32	Rattus norvegicus	vertebrate	446	518.8
nonchannel_gasdermin|F6WJL6	nonchannel_gasdermin		non_channel_homolog	B1B2	F6WJL6	Monodelphis domestica	vertebrate	446	490.3
nonchannel_gasdermin|F7GCS6	nonchannel_gasdermin		non_channel_homolog	B1B2	F7GCS6	Ornithorhynchus anatinus	vertebrate	433	372.2
nonchannel_gasdermin|A0A8V0ZN76	nonchannel_gasdermin		non_channel_homolog	B1B2	A0A8V0ZN76	Gallus gallus	vertebrate	357	288.9
nonchannel_gasdermin|G1KNI3	nonchannel_gasdermin		non_channel_homolog	B1B2	G1KNI3	Anolis carolinensis	vertebrate	507	287.8
nonchannel_gasdermin|A0A6I8SVR2	nonchannel_gasdermin		non_channel_homolog	B1B2	A0A6I8SVR2	Xenopus tropicalis	vertebrate	359	285.8
nonchannel_gasdermin|H3A539	nonchannel_gasdermin		non_channel_homolog	B1B2	H3A539	Latimeria chalumnae	vertebrate	355	276.2
nonchannel_gasdermin|A0A4W3IS58	nonchannel_gasdermin		non_channel_homolog	B1B2	A0A4W3IS58	Callorhinchus milii	vertebrate	347	274.9
nonchannel_gasdermin|A0A8M9QAQ7	nonchannel_gasdermin		non_channel_homolog	B1B2	A0A8M9QAQ7	Danio rerio	vertebrate	370	272.6
nonchannel_gasdermin|H2U9V8	nonchannel_gasdermin		non_channel_homolog	B1B2	H2U9V8	Takifugu rubripes	vertebrate	344	262.5
nonchannel_gasdermin|A0ACM8BJL1	nonchannel_gasdermin		non_channel_homolog	B1B2	A0ACM8BJL1	Petromyzon marinus	vertebrate	409	206.7
nonchannel_kctd|Q54KH0	nonchannel_kctd	ploop	non_channel_homolog	B1B2	Q54KH0	Dictyostelium discoideum	amoebozoa	780	155.4
nonchannel_kctd|A0A144A4I8	nonchannel_kctd	ploop	non_channel_homolog	B1B2	A0A144A4I8	Plasmodium falciparum	apicomplexa	505	66.2
nonchannel_kctd|A0AAN0JBG9	nonchannel_kctd	ploop	non_channel_homolog	B1B2	A0AAN0JBG9	Amphimedon queenslandica	basal_metazoan	297	183.0
nonchannel_kctd|A0ABM4CP07	nonchannel_kctd	ploop	non_channel_homolog	B1B2	A0ABM4CP07	Hydra vulgaris	cnidarian	302	222.3
nonchannel_kctd|F6XML2	nonchannel_kctd	ploop	non_channel_homolog	B1B2	F6XML2	Ciona intestinalis	deuterostome	306	239.8
nonchannel_kctd|Q03900	nonchannel_kctd	ploop	non_channel_homolog	B1B2	Q03900	Saccharomyces cerevisiae	fungi	495	164.8
nonchannel_kctd|A0A0D2WL39	nonchannel_kctd	ploop	non_channel_homolog	B1B2	A0A0D2WL39	Capsaspora owczarzaki	holozoa	474	185.8
nonchannel_kctd|V4ANT3	nonchannel_kctd	ploop	non_channel_homolog	B1B2	V4ANT3	Lottia gigantea	invertebrate	289	236.9
nonchannel_kctd|O65555	nonchannel_kctd	ploop	non_channel_homolog	B1B2	O65555	Arabidopsis thaliana	plant	441	151.7
nonchannel_kctd|Q5F3E8	nonchannel_kctd	ploop	non_channel_homolog	B1B2	Q5F3E8	Gallus gallus	vertebrate	314	298.7
nonchannel_kctd|B3RY70	nonchannel_kctd	ploop	non_channel_homolog	B1B2	B3RY70	Trichoplax adhaerens	basal_metazoan	230	162.5
nonchannel_kctd|A7SER8	nonchannel_kctd	ploop	non_channel_homolog	B1B2	A7SER8	Nematostella vectensis	cnidarian	272	196.4
nonchannel_kctd|A0A9J7LX54	nonchannel_kctd	ploop	non_channel_homolog	B1B2	A0A9J7LX54	Branchiostoma floridae	deuterostome	291	235.0
nonchannel_kctd|A9V3U1	nonchannel_kctd	ploop	non_channel_homolog	B1B2	A9V3U1	Monosiga brevicollis	holozoa	597	110.0
nonchannel_kctd|A0AAV2H523	nonchannel_kctd	ploop	non_channel_homolog	B1B2	A0AAV2H523	Lymnaea stagnalis	invertebrate	290	235.0
nonchannel_kctd|Q8LMQ6	nonchannel_kctd	ploop	non_channel_homolog	B1B2	Q8LMQ6	Oryza sativa	plant	303	114.3
nonchannel_kctd|Q28DC9	nonchannel_kctd	ploop	non_channel_homolog	B1B2	Q28DC9	Xenopus tropicalis	vertebrate	319	297.1
nonchannel_kctd|A0A7M7RHC9	nonchannel_kctd	ploop	non_channel_homolog	B1B2	A0A7M7RHC9	Strongylocentrotus purpuratus	deuterostome	336	234.8
nonchannel_kctd|A1Z6E7	nonchannel_kctd	ploop	non_channel_homolog	B1B2	A1Z6E7	Drosophila melanogaster	invertebrate	301	231.2
nonchannel_kctd|A9RAZ0	nonchannel_kctd	ploop	non_channel_homolog	B1B2	A9RAZ0	Physcomitrium patens	plant	447	103.0
nonchannel_kctd|Q13829	nonchannel_kctd	ploop	non_channel_homolog	B1B2	Q13829	Homo sapiens	vertebrate	316	292.9
nonchannel_kctd|E9FRU3	nonchannel_kctd	ploop	non_channel_homolog	B1B2	E9FRU3	Daphnia pulex	invertebrate	309	230.6
nonchannel_kctd|A0A5F8GQD3	nonchannel_kctd	ploop	non_channel_homolog	B1B2	A0A5F8GQD3	Monodelphis domestica	vertebrate	319	291.3
nonchannel_kctd|A0ABM0JGJ3	nonchannel_kctd	ploop	non_channel_homolog	B1B2	A0ABM0JGJ3	Aplysia californica	invertebrate	289	220.2
nonchannel_kctd|O70479	nonchannel_kctd	ploop	non_channel_homolog	B1B2	O70479	Mus musculus	vertebrate	316	291.1
nonchannel_kctd|O17001	nonchannel_kctd	ploop	non_channel_homolog	B1B2	O17001	Caenorhabditis elegans	invertebrate	670	162.3
nonchannel_kctd|H3BF17	nonchannel_kctd	ploop	non_channel_homolog	B1B2	H3BF17	Latimeria chalumnae	vertebrate	319	288.0
nonchannel_kctd|Q7TNY1	nonchannel_kctd	ploop	non_channel_homolog	B1B2	Q7TNY1	Rattus norvegicus	vertebrate	316	287.8
nonchannel_kctd|F7G4Q1	nonchannel_kctd	ploop	non_channel_homolog	B1B2	F7G4Q1	Ornithorhynchus anatinus	vertebrate	320	285.9
nonchannel_kctd|A0ACM8Q3E8	nonchannel_kctd	ploop	non_channel_homolog	B1B2	A0ACM8Q3E8	Danio rerio	vertebrate	313	281.7
nonchannel_kctd|A0A4W3J7C3	nonchannel_kctd	ploop	non_channel_homolog	B1B2	A0A4W3J7C3	Callorhinchus milii	vertebrate	311	278.8
nonchannel_kctd|A0A3B5KIC2	nonchannel_kctd	ploop	non_channel_homolog	B1B2	A0A3B5KIC2	Takifugu rubripes	vertebrate	313	278.3
nonchannel_kctd|H9GL17	nonchannel_kctd	ploop	non_channel_homolog	B1B2	H9GL17	Anolis carolinensis	vertebrate	337	274.5
nonchannel_kctd|A0AAJ7TVL2	nonchannel_kctd	ploop	non_channel_homolog	B1B2	A0AAJ7TVL2	Petromyzon marinus	vertebrate	399	270.0
nonchannel_pomt|A0AAN0K4Z9	nonchannel_pomt	ca_release	non_channel_homolog	B1B2	A0AAN0K4Z9	Amphimedon queenslandica	basal_metazoan	765	684.3
nonchannel_pomt|A7SZW5	nonchannel_pomt	ca_release	non_channel_homolog	B1B2	A7SZW5	Nematostella vectensis	cnidarian	776	736.5
nonchannel_pomt|A0A7M7RGN3	nonchannel_pomt	ca_release	non_channel_homolog	B1B2	A0A7M7RGN3	Strongylocentrotus purpuratus	deuterostome	771	834.6
nonchannel_pomt|P31382	nonchannel_pomt	ca_release	non_channel_homolog	B1B2	P31382	Saccharomyces cerevisiae	fungi	759	485.4
nonchannel_pomt|A0A0D2WM45	nonchannel_pomt	ca_release	non_channel_homolog	B1B2	A0A0D2WM45	Capsaspora owczarzaki	holozoa	835	684.6
nonchannel_pomt|A0AAV2IPU4	nonchannel_pomt	ca_release	non_channel_homolog	B1B2	A0AAV2IPU4	Lymnaea stagnalis	invertebrate	773	764.7
nonchannel_pomt|Q9Y6A1	nonchannel_pomt	ca_release	non_channel_homolog	B1B2	Q9Y6A1	Homo sapiens	vertebrate	747	1510.4
nonchannel_pomt|B3S6J8	nonchannel_pomt	ca_release	non_channel_homolog	B1B2	B3S6J8	Trichoplax adhaerens	basal_metazoan	641	665.8
nonchannel_pomt|A0ABM4CFT2	nonchannel_pomt	ca_release	non_channel_homolog	B1B2	A0ABM4CFT2	Hydra vulgaris	cnidarian	770	710.3
nonchannel_pomt|A0A9J7HW26	nonchannel_pomt	ca_release	non_channel_homolog	B1B2	A0A9J7HW26	Branchiostoma floridae	deuterostome	731	825.1
nonchannel_pomt|Q9C100	nonchannel_pomt	ca_release	non_channel_homolog	B1B2	Q9C100	Schizosaccharomyces pombe	fungi	739	451.5
nonchannel_pomt|A9VB02	nonchannel_pomt	ca_release	non_channel_homolog	B1B2	A9VB02	Monosiga brevicollis	holozoa	513	340.7
nonchannel_pomt|A0ABM0JFN1	nonchannel_pomt	ca_release	non_channel_homolog	B1B2	A0ABM0JFN1	Aplysia californica	invertebrate	776	750.2
nonchannel_pomt|Q8BGQ4	nonchannel_pomt	ca_release	non_channel_homolog	B1B2	Q8BGQ4	Mus musculus	vertebrate	820	1344.4
nonchannel_pomt|F6RQZ5	nonchannel_pomt	ca_release	non_channel_homolog	B1B2	F6RQZ5	Ciona intestinalis	deuterostome	664	224.4
nonchannel_pomt|V4ASM5	nonchannel_pomt	ca_release	non_channel_homolog	B1B2	V4ASM5	Lottia gigantea	invertebrate	734	746.2
nonchannel_pomt|Q14U74	nonchannel_pomt	ca_release	non_channel_homolog	B1B2	Q14U74	Rattus norvegicus	vertebrate	820	1327.9
nonchannel_pomt|E9G6D1	nonchannel_pomt	ca_release	non_channel_homolog	B1B2	E9G6D1	Daphnia pulex	invertebrate	691	732.7
nonchannel_pomt|F7EGE8	nonchannel_pomt	ca_release	non_channel_homolog	B1B2	F7EGE8	Ornithorhynchus anatinus	vertebrate	725	1186.6
nonchannel_pomt|Q9W5D4	nonchannel_pomt	ca_release	non_channel_homolog	B1B2	Q9W5D4	Drosophila melanogaster	invertebrate	765	710.3
nonchannel_pomt|F6PJ87	nonchannel_pomt	ca_release	non_channel_homolog	B1B2	F6PJ87	Monodelphis domestica	vertebrate	725	1184.4
nonchannel_pomt|F1NMM0	nonchannel_pomt	ca_release	non_channel_homolog	B1B2	F1NMM0	Gallus gallus	vertebrate	724	1160.4
nonchannel_pomt|H3BD43	nonchannel_pomt	ca_release	non_channel_homolog	B1B2	H3BD43	Latimeria chalumnae	vertebrate	747	1109.5
nonchannel_pomt|G1KTL9	nonchannel_pomt	ca_release	non_channel_homolog	B1B2	G1KTL9	Anolis carolinensis	vertebrate	735	1085.5
nonchannel_pomt|A0A4W3K4K0	nonchannel_pomt	ca_release	non_channel_homolog	B1B2	A0A4W3K4K0	Callorhinchus milii	vertebrate	732	1068.8
nonchannel_pomt|F6YEH0	nonchannel_pomt	ca_release	non_channel_homolog	B1B2	F6YEH0	Xenopus tropicalis	vertebrate	725	1049.3
nonchannel_pomt|F1QF89	nonchannel_pomt	ca_release	non_channel_homolog	B1B2	F1QF89	Danio rerio	vertebrate	720	1005.9
nonchannel_pomt|A0A674MI13	nonchannel_pomt	ca_release	non_channel_homolog	B1B2	A0A674MI13	Takifugu rubripes	vertebrate	765	963.5
nonchannel_pomt|A0AAJ7WVL3	nonchannel_pomt	ca_release	non_channel_homolog	B1B2	A0AAJ7WVL3	Petromyzon marinus	vertebrate	772	842.0
nonchannel_vsp|Q54MG8	nonchannel_vsp	hv	non_channel_homolog	B1B2	Q54MG8	Dictyostelium discoideum	amoebozoa	998	253.9
nonchannel_vsp|A0A1X7VTV1	nonchannel_vsp	hv	non_channel_homolog	B1B2	A0A1X7VTV1	Amphimedon queenslandica	basal_metazoan	457	235.2
nonchannel_vsp|A0BN98	nonchannel_vsp	hv	non_channel_homolog	B1B2	A0BN98	Paramecium tetraurelia	ciliate	373	233.8
nonchannel_vsp|A0ABM4D3R5	nonchannel_vsp	hv	non_channel_homolog	B1B2	A0ABM4D3R5	Hydra vulgaris	cnidarian	558	555.8
nonchannel_vsp|F6XHE4	nonchannel_vsp	hv	non_channel_homolog	B1B2	F6XHE4	Ciona intestinalis	deuterostome	570	969.7
nonchannel_vsp|A9URU8	nonchannel_vsp	hv	non_channel_homolog	B1B2	A9URU8	Monosiga brevicollis	holozoa	934	427.0
nonchannel_vsp|A0AAV2HFN8	nonchannel_vsp	hv	non_channel_homolog	B1B2	A0AAV2HFN8	Lymnaea stagnalis	invertebrate	546	575.3
nonchannel_vsp|Q8H106	nonchannel_vsp	hv	non_channel_homolog	B1B2	Q8H106	Arabidopsis thaliana	plant	632	215.1
nonchannel_vsp|Q6XPS3	nonchannel_vsp	hv	non_channel_homolog	B1B2	Q6XPS3	Homo sapiens	vertebrate	522	1086.9
nonchannel_vsp|B3S4N1	nonchannel_vsp	hv	non_channel_homolog	B1B2	B3S4N1	Trichoplax adhaerens	basal_metazoan	351	232.5
nonchannel_vsp|I7M716	nonchannel_vsp	hv	non_channel_homolog	B1B2	I7M716	Tetrahymena thermophila	ciliate	492	215.8
nonchannel_vsp|A7STQ6	nonchannel_vsp	hv	non_channel_homolog	B1B2	A7STQ6	Nematostella vectensis	cnidarian	338	244.2
nonchannel_vsp|A0A7M7NGK5	nonchannel_vsp	hv	non_channel_homolog	B1B2	A0A7M7NGK5	Strongylocentrotus purpuratus	deuterostome	587	589.9
nonchannel_vsp|A0A0D2VJA7	nonchannel_vsp	hv	non_channel_homolog	B1B2	A0A0D2VJA7	Capsaspora owczarzaki	holozoa	350	228.9
nonchannel_vsp|A0ABM1VY89	nonchannel_vsp	hv	non_channel_homolog	B1B2	A0ABM1VY89	Aplysia californica	invertebrate	547	570.1
nonchannel_vsp|A0A2K1IYW2	nonchannel_vsp	hv	non_channel_homolog	B1B2	A0A2K1IYW2	Physcomitrium patens	plant	662	204.7
nonchannel_vsp|D4ADC8	nonchannel_vsp	hv	non_channel_homolog	B1B2	D4ADC8	Rattus norvegicus	vertebrate	674	803.3
nonchannel_vsp|A0A9J7HQY6	nonchannel_vsp	hv	non_channel_homolog	B1B2	A0A9J7HQY6	Branchiostoma floridae	deuterostome	614	487.9
nonchannel_vsp|V4AXW4	nonchannel_vsp	hv	non_channel_homolog	B1B2	V4AXW4	Lottia gigantea	invertebrate	391	515.1
nonchannel_vsp|G5E8H5	nonchannel_vsp	hv	non_channel_homolog	B1B2	G5E8H5	Mus musculus	vertebrate	664	796.8
nonchannel_vsp|Q0E8R6	nonchannel_vsp	hv	non_channel_homolog	B1B2	Q0E8R6	Drosophila melanogaster	invertebrate	514	216.1
nonchannel_vsp|A0A8V0XDN9	nonchannel_vsp	hv	non_channel_homolog	B1B2	A0A8V0XDN9	Gallus gallus	vertebrate	511	733.8
nonchannel_vsp|E9GV68	nonchannel_vsp	hv	non_channel_homolog	B1B2	E9GV68	Daphnia pulex	invertebrate	1214	92.2
nonchannel_vsp|F7DBU7	nonchannel_vsp	hv	non_channel_homolog	B1B2	F7DBU7	Xenopus tropicalis	vertebrate	509	709.8
nonchannel_vsp|F6X178	nonchannel_vsp	hv	non_channel_homolog	B1B2	F6X178	Ornithorhynchus anatinus	vertebrate	588	699.0
nonchannel_vsp|A0A8M1N726	nonchannel_vsp	hv	non_channel_homolog	B1B2	A0A8M1N726	Danio rerio	vertebrate	511	695.1
nonchannel_vsp|H2TT08	nonchannel_vsp	hv	non_channel_homolog	B1B2	H2TT08	Takifugu rubripes	vertebrate	511	688.3
nonchannel_vsp|A0A4W3JMC7	nonchannel_vsp	hv	non_channel_homolog	B1B2	A0A4W3JMC7	Callorhinchus milii	vertebrate	495	675.5
nonchannel_vsp|A0A803U0R2	nonchannel_vsp	hv	non_channel_homolog	B1B2	A0A803U0R2	Anolis carolinensis	vertebrate	530	662.2
nonchannel_vsp|A0ACM8BII0	nonchannel_vsp	hv	non_channel_homolog	B1B2	A0ACM8BII0	Petromyzon marinus	vertebrate	524	661.9
nonchannel_vsp|H3AHA4	nonchannel_vsp	hv	non_channel_homolog	B1B2	H3AHA4	Latimeria chalumnae	vertebrate	511	645.3
nonchannel_vsp|A0A5F8G9S3	nonchannel_vsp	hv	non_channel_homolog	B1B2	A0A5F8G9S3	Monodelphis domestica	vertebrate	664	640.0
orai|A0AAN0IVG6	orai	orai	channel	B1B2	A0AAN0IVG6	Amphimedon queenslandica	basal_metazoan	195	80.0
orai|A0ABM4CQ18	orai	orai	channel	B1B2	A0ABM4CQ18	Hydra vulgaris	cnidarian	230	248.9
orai|C3Z407	orai	orai	channel	B1B2	C3Z407	Branchiostoma floridae	deuterostome	204	301.1
orai|A0A0D2U178	orai	orai	channel	B1B2	A0A0D2U178	Capsaspora owczarzaki	holozoa	202	113.2
orai|Q9U6B8	orai	orai	channel	B1B2	Q9U6B8	Drosophila melanogaster	invertebrate	351	385.5
orai|Q96D31	orai	orai	channel	B1B2	Q96D31	Homo sapiens	vertebrate	301	471.2
orai|A0A7M7RA55	orai	orai	channel	B1B2	A0A7M7RA55	Strongylocentrotus purpuratus	deuterostome	201	288.0
orai|Q09232	orai	orai	channel	B1B2	Q09232	Caenorhabditis elegans	invertebrate	293	323.5
orai|Q5M848	orai	orai	channel	B1B2	Q5M848	Rattus norvegicus	vertebrate	304	469.5
orai|F6Z2T6	orai	orai	channel	B1B2	F6Z2T6	Ciona intestinalis	deuterostome	312	287.0
orai|V4C1Q9	orai	orai	channel	B1B2	V4C1Q9	Lottia gigantea	invertebrate	202	302.4
orai|Q8BWG9	orai	orai	channel	B1B2	Q8BWG9	Mus musculus	vertebrate	304	467.9
orai|A0ABM0JCB0	orai	orai	channel	B1B2	A0ABM0JCB0	Aplysia californica	invertebrate	226	298.8
orai|A0A803KD49	orai	orai	channel	B1B2	A0A803KD49	Xenopus tropicalis	vertebrate	259	462.5
orai|A0AAV2IAV2	orai	orai	channel	B1B2	A0AAV2IAV2	Lymnaea stagnalis	invertebrate	222	292.9
orai|A0A5F8GMY8	orai	orai	channel	B1B2	A0A5F8GMY8	Monodelphis domestica	vertebrate	314	453.6
orai|E9FYC1	orai	orai	channel	B1B2	E9FYC1	Daphnia pulex	invertebrate	219	278.3
orai|H3BGF5	orai	orai	channel	B1B2	H3BGF5	Latimeria chalumnae	vertebrate	256	441.0
orai|A0A3Q2U112	orai	orai	channel	B1B2	A0A3Q2U112	Gallus gallus	vertebrate	226	434.2
orai|H9G5R2	orai	orai	channel	B1B2	H9G5R2	Anolis carolinensis	vertebrate	226	428.3
orai|Q6TLE6	orai	orai	channel	B1B2	Q6TLE6	Danio rerio	vertebrate	222	418.6
orai|A0A6I8P586	orai	orai	channel	B1B2	A0A6I8P586	Ornithorhynchus anatinus	vertebrate	256	413.9
orai|A0A4W3IN02	orai	orai	channel	B1B2	A0A4W3IN02	Callorhinchus milii	vertebrate	256	411.7
orai|A0A3B5KCH5	orai	orai	channel	B1B2	A0A3B5KCH5	Takifugu rubripes	vertebrate	223	408.4
orai|A0AAJ7SIC8	orai	orai	channel	B1B2	A0AAJ7SIC8	Petromyzon marinus	vertebrate	387	382.9
osca_tmem63|Q75JR4	osca_tmem63	tmem16_like	channel	B1B2	Q75JR4	Dictyostelium discoideum	amoebozoa	773	405.0
osca_tmem63|Q8I4T2	osca_tmem63	tmem16_like	channel	B1B2	Q8I4T2	Plasmodium falciparum	apicomplexa	1039	139.4
osca_tmem63|A0A1X7V7H7	osca_tmem63	tmem16_like	channel	B1B2	A0A1X7V7H7	Amphimedon queenslandica	basal_metazoan	840	436.4
osca_tmem63|Q234H4	osca_tmem63	tmem16_like	channel	B1B2	Q234H4	Tetrahymena thermophila	ciliate	849	112.5
osca_tmem63|A7RGG4	osca_tmem63	tmem16_like	channel	B1B2	A7RGG4	Nematostella vectensis	cnidarian	760	574.0
osca_tmem63|A0A9J7HGE9	osca_tmem63	tmem16_like	channel	B1B2	A0A9J7HGE9	Branchiostoma floridae	deuterostome	792	715.1
osca_tmem63|Q03516	osca_tmem63	tmem16_like	channel	B1B2	Q03516	Saccharomyces cerevisiae	fungi	953	749.2
osca_tmem63|A0A0D2VNA4	osca_tmem63	tmem16_like	channel	B1B2	A0A0D2VNA4	Capsaspora owczarzaki	holozoa	968	453.1
osca_tmem63|Q6NP91	osca_tmem63	tmem16_like	channel	B1B2	Q6NP91	Drosophila melanogaster	invertebrate	760	841.6
osca_tmem63|Q5XEZ5	osca_tmem63	tmem16_like	channel	B1B2	Q5XEZ5	Arabidopsis thaliana	plant	771	872.0
osca_tmem63|Q5T3F8	osca_tmem63	tmem16_like	channel	B1B2	Q5T3F8	Homo sapiens	vertebrate	832	1129.9
osca_tmem63|B3RM29	osca_tmem63	tmem16_like	channel	B1B2	B3RM29	Trichoplax adhaerens	basal_metazoan	655	354.5
osca_tmem63|A0DI07	osca_tmem63	tmem16_like	channel	B1B2	A0DI07	Paramecium tetraurelia	ciliate	764	52.9
osca_tmem63|A0ABM4D8W6	osca_tmem63	tmem16_like	channel	B1B2	A0ABM4D8W6	Hydra vulgaris	cnidarian	767	457.2
osca_tmem63|A0A7M7PT56	osca_tmem63	tmem16_like	channel	B1B2	A0A7M7PT56	Strongylocentrotus purpuratus	deuterostome	817	708.2
osca_tmem63|O43022	osca_tmem63	tmem16_like	channel	B1B2	O43022	Schizosaccharomyces pombe	fungi	865	743.8
osca_tmem63|A9UQI6	osca_tmem63	tmem16_like	channel	B1B2	A9UQI6	Monosiga brevicollis	holozoa	968	422.6
osca_tmem63|A0AAV2H1R2	osca_tmem63	tmem16_like	channel	B1B2	A0AAV2H1R2	Lymnaea stagnalis	invertebrate	805	679.3
osca_tmem63|Q5JLH8	osca_tmem63	tmem16_like	channel	B1B2	Q5JLH8	Oryza sativa	plant	768	784.6
osca_tmem63|Q3TWI9	osca_tmem63	tmem16_like	channel	B1B2	Q3TWI9	Mus musculus	vertebrate	832	1124.2
osca_tmem63|A0ABM1VR63	osca_tmem63	tmem16_like	channel	B1B2	A0ABM1VR63	Aplysia californica	invertebrate	803	674.3
osca_tmem63|A0A2K1J849	osca_tmem63	tmem16_like	channel	B1B2	A0A2K1J849	Physcomitrium patens	plant	813	583.2
osca_tmem63|D4A105	osca_tmem63	tmem16_like	channel	B1B2	D4A105	Rattus norvegicus	vertebrate	832	1123.6
osca_tmem63|E9GMG1	osca_tmem63	tmem16_like	channel	B1B2	E9GMG1	Daphnia pulex	invertebrate	885	670.6
osca_tmem63|A0A8V0ZB02	osca_tmem63	tmem16_like	channel	B1B2	A0A8V0ZB02	Gallus gallus	vertebrate	816	1116.5
osca_tmem63|G1K9L6	osca_tmem63	tmem16_like	channel	B1B2	G1K9L6	Anolis carolinensis	vertebrate	832	1103.1
osca_tmem63|A0A6I8PA24	osca_tmem63	tmem16_like	channel	B1B2	A0A6I8PA24	Ornithorhynchus anatinus	vertebrate	849	1096.7
osca_tmem63|A0A803JS56	osca_tmem63	tmem16_like	channel	B1B2	A0A803JS56	Xenopus tropicalis	vertebrate	838	1083.1
osca_tmem63|A0AC58GR04	osca_tmem63	tmem16_like	channel	B1B2	A0AC58GR04	Danio rerio	vertebrate	843	1060.3
osca_tmem63|A0A5F8GHN8	osca_tmem63	tmem16_like	channel	B1B2	A0A5F8GHN8	Monodelphis domestica	vertebrate	966	1058.3
osca_tmem63|A0A4W3H235	osca_tmem63	tmem16_like	channel	B1B2	A0A4W3H235	Callorhinchus milii	vertebrate	798	1043.8
osca_tmem63|A0A3B5KL19	osca_tmem63	tmem16_like	channel	B1B2	A0A3B5KL19	Takifugu rubripes	vertebrate	851	1038.4
osca_tmem63|H3AY61	osca_tmem63	tmem16_like	channel	B1B2	H3AY61	Latimeria chalumnae	vertebrate	830	963.3
osca_tmem63|A0AAJ7TKY3	osca_tmem63	tmem16_like	channel	B1B2	A0AAJ7TKY3	Petromyzon marinus	vertebrate	885	902.6
otop|A7RK62	otop	otopetrin	channel	B1B2	A7RK62	Nematostella vectensis	cnidarian	614	131.7
otop|A0A7M7HJE1	otop	otopetrin	channel	B1B2	A0A7M7HJE1	Strongylocentrotus purpuratus	deuterostome	713	172.2
otop|E9HFC5	otop	otopetrin	channel	B1B2	E9HFC5	Daphnia pulex	invertebrate	539	169.3
otop|Q7RTM1	otop	otopetrin	channel	B1B2	Q7RTM1	Homo sapiens	vertebrate	612	905.2
otop|A0ABM4C6I9	otop	otopetrin	channel	B1B2	A0ABM4C6I9	Hydra vulgaris	cnidarian	596	104.3
otop|A0A9J7MX82	otop	otopetrin	channel	B1B2	A0A9J7MX82	Branchiostoma floridae	deuterostome	675	148.1
otop|V4BAS2	otop	otopetrin	channel	B1B2	V4BAS2	Lottia gigantea	invertebrate	561	168.2
otop|Q7M734	otop	otopetrin	channel	B1B2	Q7M734	Rattus norvegicus	vertebrate	600	893.4
otop|A0ABM0ZZ39	otop	otopetrin	channel	B1B2	A0ABM0ZZ39	Aplysia californica	invertebrate	644	139.4
otop|Q80VM9	otop	otopetrin	channel	B1B2	Q80VM9	Mus musculus	vertebrate	600	878.7
otop|A0AAV2HYQ0	otop	otopetrin	channel	B1B2	A0AAV2HYQ0	Lymnaea stagnalis	invertebrate	520	132.1
otop|Q7ZWK8	otop	otopetrin	channel	B1B2	Q7ZWK8	Danio rerio	vertebrate	586	869.5
otop|Q95QL0	otop	otopetrin	channel	B1B2	Q95QL0	Caenorhabditis elegans	invertebrate	566	100.2
otop|A9JTM7	otop	otopetrin	channel	B1B2	A9JTM7	Xenopus tropicalis	vertebrate	681	785.4
otop|F6UF84	otop	otopetrin	channel	B1B2	F6UF84	Monodelphis domestica	vertebrate	556	782.1
otop|A0A8V0XZI6	otop	otopetrin	channel	B1B2	A0A8V0XZI6	Gallus gallus	vertebrate	576	776.1
otop|H9GGY3	otop	otopetrin	channel	B1B2	H9GGY3	Anolis carolinensis	vertebrate	597	748.2
otop|H2UI65	otop	otopetrin	channel	B1B2	H2UI65	Takifugu rubripes	vertebrate	593	700.9
otop|H3A1U9	otop	otopetrin	channel	B1B2	H3A1U9	Latimeria chalumnae	vertebrate	584	696.1
otop|A0A4W3JE50	otop	otopetrin	channel	B1B2	A0A4W3JE50	Callorhinchus milii	vertebrate	598	653.3
otop|F6ZJ00	otop	otopetrin	channel	B1B2	F6ZJ00	Ornithorhynchus anatinus	vertebrate	514	646.5
otop|A0AAJ7WQN1	otop	otopetrin	channel	B1B2	A0AAJ7WQN1	Petromyzon marinus	vertebrate	674	477.3
outofscope_aquaporin|A0A2K3D6A8	outofscope_aquaporin		out_of_scope	B1B2	A0A2K3D6A8	Chlamydomonas reinhardtii	algae	300	125.0
outofscope_aquaporin|Q9U8P7	outofscope_aquaporin		out_of_scope	B1B2	Q9U8P7	Dictyostelium discoideum	amoebozoa	279	177.7
outofscope_aquaporin|Q8II36	outofscope_aquaporin		out_of_scope	B1B2	Q8II36	Plasmodium falciparum	apicomplexa	258	164.2
outofscope_aquaporin|A0A1X7VPT7	outofscope_aquaporin		out_of_scope	B1B2	A0A1X7VPT7	Amphimedon queenslandica	basal_metazoan	310	244.0
outofscope_aquaporin|A0E453	outofscope_aquaporin		out_of_scope	B1B2	A0E453	Paramecium tetraurelia	ciliate	243	86.6
outofscope_aquaporin|A7RU64	outofscope_aquaporin		out_of_scope	B1B2	A7RU64	Nematostella vectensis	cnidarian	319	256.2
outofscope_aquaporin|A0A9J7KRM1	outofscope_aquaporin		out_of_scope	B1B2	A0A9J7KRM1	Branchiostoma floridae	deuterostome	356	281.6
outofscope_aquaporin|Q388I6	outofscope_aquaporin		out_of_scope	B1B2	Q388I6	Trypanosoma brucei	excavate	304	204.5
outofscope_aquaporin|P43549	outofscope_aquaporin		out_of_scope	B1B2	P43549	Saccharomyces cerevisiae	fungi	646	197.6
outofscope_aquaporin|A9VCA9	outofscope_aquaporin		out_of_scope	B1B2	A9VCA9	Monosiga brevicollis	holozoa	292	207.0
outofscope_aquaporin|A0ABM1ADK3	outofscope_aquaporin		out_of_scope	B1B2	A0ABM1ADK3	Aplysia californica	invertebrate	292	268.8
outofscope_aquaporin|Q675A3	outofscope_aquaporin		out_of_scope	B1B2	Q675A3	Physcomitrium patens	plant	279	202.1
outofscope_aquaporin|A0ABN4DU63	outofscope_aquaporin		out_of_scope	B1B2	A0ABN4DU63	Streptomyces lividans	prokaryote	278	210.4
outofscope_aquaporin|O43315	outofscope_aquaporin		out_of_scope	B1B2	O43315	Homo sapiens	vertebrate	295	355.5
outofscope_aquaporin|B3RKX8	outofscope_aquaporin		out_of_scope	B1B2	B3RKX8	Trichoplax adhaerens	basal_metazoan	268	229.5
outofscope_aquaporin|A0ABM4C5V9	outofscope_aquaporin		out_of_scope	B1B2	A0ABM4C5V9	Hydra vulgaris	cnidarian	286	218.8
outofscope_aquaporin|A0A7M7NBV2	outofscope_aquaporin		out_of_scope	B1B2	A0A7M7NBV2	Strongylocentrotus purpuratus	deuterostome	304	270.1
outofscope_aquaporin|Q9P7T9	outofscope_aquaporin		out_of_scope	B1B2	Q9P7T9	Schizosaccharomyces pombe	fungi	598	193.8
outofscope_aquaporin|A0A0D2WY68	outofscope_aquaporin		out_of_scope	B1B2	A0A0D2WY68	Capsaspora owczarzaki	holozoa	389	197.6
outofscope_aquaporin|A0AAV2HKF6	outofscope_aquaporin		out_of_scope	B1B2	A0AAV2HKF6	Lymnaea stagnalis	invertebrate	405	255.9
outofscope_aquaporin|P30302	outofscope_aquaporin		out_of_scope	B1B2	P30302	Arabidopsis thaliana	plant	285	201.6
outofscope_aquaporin|P0AER0	outofscope_aquaporin		out_of_scope	B1B2	P0AER0	Escherichia coli	prokaryote	281	199.9
outofscope_aquaporin|Q8R2N1	outofscope_aquaporin		out_of_scope	B1B2	Q8R2N1	Mus musculus	vertebrate	292	343.7
outofscope_aquaporin|F7AXY8	outofscope_aquaporin		out_of_scope	B1B2	F7AXY8	Ciona intestinalis	deuterostome	415	171.3
outofscope_aquaporin|E9H0T3	outofscope_aquaporin		out_of_scope	B1B2	E9H0T3	Daphnia pulex	invertebrate	266	252.6
outofscope_aquaporin|Q651D5	outofscope_aquaporin		out_of_scope	B1B2	Q651D5	Oryza sativa	plant	290	197.4
outofscope_aquaporin|Q7NNP3	outofscope_aquaporin		out_of_scope	B1B2	Q7NNP3	Gloeobacter violaceus	prokaryote	248	174.2
outofscope_aquaporin|P47862	outofscope_aquaporin		out_of_scope	B1B2	P47862	Rattus norvegicus	vertebrate	292	343.2
outofscope_aquaporin|V4B1U8	outofscope_aquaporin		out_of_scope	B1B2	V4B1U8	Lottia gigantea	invertebrate	285	251.5
outofscope_aquaporin|P73809	outofscope_aquaporin		out_of_scope	B1B2	P73809	Synechocystis sp. PCC 6803	prokaryote	247	167.1
outofscope_aquaporin|F7DJC3	outofscope_aquaporin		out_of_scope	B1B2	F7DJC3	Ornithorhynchus anatinus	vertebrate	403	339.6
outofscope_aquaporin|Q17571	outofscope_aquaporin		out_of_scope	B1B2	Q17571	Caenorhabditis elegans	invertebrate	290	228.1
outofscope_aquaporin|P18156	outofscope_aquaporin		out_of_scope	B1B2	P18156	Bacillus subtilis	prokaryote	274	155.2
outofscope_aquaporin|F7GJE9	outofscope_aquaporin		out_of_scope	B1B2	F7GJE9	Monodelphis domestica	vertebrate	431	336.5
outofscope_aquaporin|A0A0B4K855	outofscope_aquaporin		out_of_scope	B1B2	A0A0B4K855	Drosophila melanogaster	invertebrate	270	218.9
outofscope_aquaporin|O26206	outofscope_aquaporin		out_of_scope	B1B2	O26206	Methanothermobacter thermautotrophicus	prokaryote	246	151.3
outofscope_aquaporin|A0A803SPZ3	outofscope_aquaporin		out_of_scope	B1B2	A0A803SPZ3	Anolis carolinensis	vertebrate	292	329.6
outofscope_aquaporin|A0A8V0Y9J6	outofscope_aquaporin		out_of_scope	B1B2	A0A8V0Y9J6	Gallus gallus	vertebrate	297	324.2
outofscope_aquaporin|A0A8J0PIK4	outofscope_aquaporin		out_of_scope	B1B2	A0A8J0PIK4	Xenopus tropicalis	vertebrate	294	316.1
outofscope_aquaporin|M3XHS6	outofscope_aquaporin		out_of_scope	B1B2	M3XHS6	Latimeria chalumnae	vertebrate	290	309.7
outofscope_aquaporin|A0A4W3I8I7	outofscope_aquaporin		out_of_scope	B1B2	A0A4W3I8I7	Callorhinchus milii	vertebrate	294	307.1
outofscope_aquaporin|A0AAJ7TXE1	outofscope_aquaporin		out_of_scope	B1B2	A0AAJ7TXE1	Petromyzon marinus	vertebrate	373	304.5
outofscope_aquaporin|A0AB13A8Z8	outofscope_aquaporin		out_of_scope	B1B2	A0AB13A8Z8	Danio rerio	vertebrate	346	302.7
outofscope_aquaporin|H2V8W6	outofscope_aquaporin		out_of_scope	B1B2	H2V8W6	Takifugu rubripes	vertebrate	288	296.7
outofscope_bacterial_porin|P02931	outofscope_bacterial_porin	porin	out_of_scope	B1B2	P02931	Escherichia coli	prokaryote	362	834.6
p2x|A0A1X7VID9	p2x	p2x	channel	B1B2	A0A1X7VID9	Amphimedon queenslandica	basal_metazoan	421	381.0
p2x|A7S4Q4	p2x	p2x	channel	B1B2	A7S4Q4	Nematostella vectensis	cnidarian	402	478.6
p2x|A0A9J7N538	p2x	p2x	channel	B1B2	A0A9J7N538	Branchiostoma floridae	deuterostome	424	507.0
p2x|A0A0D2WGT6	p2x	p2x	channel	B1B2	A0A0D2WGT6	Capsaspora owczarzaki	holozoa	474	381.9
p2x|V4B103	p2x	p2x	channel	B1B2	V4B103	Lottia gigantea	invertebrate	415	478.8
p2x|Q93086	p2x	p2x	channel	B1B2	Q93086	Homo sapiens	vertebrate	444	666.7
p2x|B3S6I7	p2x	p2x	channel	B1B2	B3S6I7	Trichoplax adhaerens	basal_metazoan	343	358.8
p2x|A0ABM4CQX0	p2x	p2x	channel	B1B2	A0ABM4CQX0	Hydra vulgaris	cnidarian	429	454.8
p2x|A0A7M7PAM8	p2x	p2x	channel	B1B2	A0A7M7PAM8	Strongylocentrotus purpuratus	deuterostome	421	474.2
p2x|A9URI5	p2x	p2x	channel	B1B2	A9URI5	Monosiga brevicollis	holozoa	425	324.9
p2x|E9FVI5	p2x	p2x	channel	B1B2	E9FVI5	Daphnia pulex	invertebrate	402	446.7
p2x|Q9JJX6	p2x	p2x	channel	B1B2	Q9JJX6	Mus musculus	vertebrate	388	642.2
p2x|A0ABM0GH89	p2x	p2x	channel	B1B2	A0ABM0GH89	Aplysia californica	invertebrate	434	442.5
p2x|P51577	p2x	p2x	channel	B1B2	P51577	Rattus norvegicus	vertebrate	388	641.3
p2x|A0AAV2IRP8	p2x	p2x	channel	B1B2	A0AAV2IRP8	Lymnaea stagnalis	invertebrate	441	431.9
p2x|F6TF38	p2x	p2x	channel	B1B2	F6TF38	Ornithorhynchus anatinus	vertebrate	467	622.2
p2x|A0A8V1A1U9	p2x	p2x	channel	B1B2	A0A8V1A1U9	Gallus gallus	vertebrate	385	619.8
p2x|A0A6I8SK99	p2x	p2x	channel	B1B2	A0A6I8SK99	Xenopus tropicalis	vertebrate	412	617.9
p2x|M3XJ04	p2x	p2x	channel	B1B2	M3XJ04	Latimeria chalumnae	vertebrate	391	606.2
p2x|A0A4W3H8R9	p2x	p2x	channel	B1B2	A0A4W3H8R9	Callorhinchus milii	vertebrate	403	600.6
p2x|F7AML6	p2x	p2x	channel	B1B2	F7AML6	Monodelphis domestica	vertebrate	390	597.4
p2x|A0ACM8BXU4	p2x	p2x	channel	B1B2	A0ACM8BXU4	Petromyzon marinus	vertebrate	408	570.2
p2x|G1KGM4	p2x	p2x	channel	B1B2	G1KGM4	Anolis carolinensis	vertebrate	407	570.0
p2x|F8W463	p2x	p2x	channel	B1B2	F8W463	Danio rerio	vertebrate	389	565.5
p2x|H2RPY1	p2x	p2x	channel	B1B2	H2RPY1	Takifugu rubripes	vertebrate	460	556.7
p2x_nonmetazoan|Q86JM7	p2x_nonmetazoan	p2x	channel	B1B2	Q86JM7	Dictyostelium discoideum	amoebozoa	378	900.5
p2x_nonmetazoan|A0A1X7V9H7	p2x_nonmetazoan	p2x	channel	B1B2	A0A1X7V9H7	Amphimedon queenslandica	basal_metazoan	354	119.1
p2x_nonmetazoan|A7RZ68	p2x_nonmetazoan	p2x	channel	B1B2	A7RZ68	Nematostella vectensis	cnidarian	397	103.2
p2x_nonmetazoan|A0A0D2VGJ3	p2x_nonmetazoan	p2x	channel	B1B2	A0A0D2VGJ3	Capsaspora owczarzaki	holozoa	521	255.2
p2x_nonmetazoan|A0ABM4BEI7	p2x_nonmetazoan	p2x	channel	B1B2	A0ABM4BEI7	Hydra vulgaris	cnidarian	369	89.4
pannexin|A0A9J7MD86	pannexin	innexin_like	channel	B1B2	A0A9J7MD86	Branchiostoma floridae	deuterostome	483	274.0
pannexin|Q96RD7	pannexin	innexin_like	channel	B1B2	Q96RD7	Homo sapiens	vertebrate	426	725.2
pannexin|P60571	pannexin	innexin_like	channel	B1B2	P60571	Rattus norvegicus	vertebrate	674	671.3
pannexin|Q6IMP4	pannexin	innexin_like	channel	B1B2	Q6IMP4	Mus musculus	vertebrate	677	668.8
pannexin|F7BXZ6	pannexin	innexin_like	channel	B1B2	F7BXZ6	Monodelphis domestica	vertebrate	815	651.3
pannexin|A0A8V0XA00	pannexin	innexin_like	channel	B1B2	A0A8V0XA00	Gallus gallus	vertebrate	572	630.2
pannexin|F6REB3	pannexin	innexin_like	channel	B1B2	F6REB3	Ornithorhynchus anatinus	vertebrate	645	624.1
pannexin|G1KAJ7	pannexin	innexin_like	channel	B1B2	G1KAJ7	Anolis carolinensis	vertebrate	685	617.3
pannexin|A0A8J0SJZ3	pannexin	innexin_like	channel	B1B2	A0A8J0SJZ3	Xenopus tropicalis	vertebrate	675	600.1
pannexin|H3BCF1	pannexin	innexin_like	channel	B1B2	H3BCF1	Latimeria chalumnae	vertebrate	681	598.7
pannexin|A0A8M6YTH1	pannexin	innexin_like	channel	B1B2	A0A8M6YTH1	Danio rerio	vertebrate	651	586.0
pannexin|A0A3B5K011	pannexin	innexin_like	channel	B1B2	A0A3B5K011	Takifugu rubripes	vertebrate	656	580.6
pannexin|A0A4W3JI34	pannexin	innexin_like	channel	B1B2	A0A4W3JI34	Callorhinchus milii	vertebrate	575	574.0
pannexin|A0AAJ7UCG9	pannexin	innexin_like	channel	B1B2	A0AAJ7UCG9	Petromyzon marinus	vertebrate	453	420.0
piezo|Q54S52	piezo	piezo	channel	B1B2	Q54S52	Dictyostelium discoideum	amoebozoa	3080	472.2
piezo|B3RVD4	piezo	piezo	channel	B1B2	B3RVD4	Trichoplax adhaerens	basal_metazoan	2171	1250.5
piezo|A0ABM4DN12	piezo	piezo	channel	B1B2	A0ABM4DN12	Hydra vulgaris	cnidarian	2266	1596.0
piezo|A0A9J7LBH6	piezo	piezo	channel	B1B2	A0A9J7LBH6	Branchiostoma floridae	deuterostome	2909	2395.4
piezo|A0A0D2VR93	piezo	piezo	channel	B1B2	A0A0D2VR93	Capsaspora owczarzaki	holozoa	2964	853.5
piezo|M9MSG8	piezo	piezo	channel	B1B2	M9MSG8	Drosophila melanogaster	invertebrate	2551	3452.6
piezo|E2JF22	piezo	piezo	channel	B1B2	E2JF22	Mus musculus	vertebrate	2547	4495.1
piezo|A0A1X7VF12	piezo	piezo	channel	B1B2	A0A1X7VF12	Amphimedon queenslandica	basal_metazoan	2317	986.5
piezo|A0A7M7SU87	piezo	piezo	channel	B1B2	A0A7M7SU87	Strongylocentrotus purpuratus	deuterostome	2467	1924.4
piezo|A0A061ACU2	piezo	piezo	channel	B1B2	A0A061ACU2	Caenorhabditis elegans	invertebrate	2442	3106.0
piezo|Q0KL00	piezo	piezo	channel	B1B2	Q0KL00	Rattus norvegicus	vertebrate	2535	4464.0
piezo|A0ABM1W5D3	piezo	piezo	channel	B1B2	A0ABM1W5D3	Aplysia californica	invertebrate	2123	1824.5
piezo|Q92508	piezo	piezo	channel	B1B2	Q92508	Homo sapiens	vertebrate	2521	4371.2
piezo|F7CB39	piezo	piezo	channel	B1B2	F7CB39	Monodelphis domestica	vertebrate	2810	3856.0
piezo|A0A6I8NRG1	piezo	piezo	channel	B1B2	A0A6I8NRG1	Ornithorhynchus anatinus	vertebrate	2563	3798.7
piezo|A0A8V0X9F8	piezo	piezo	channel	B1B2	A0A8V0X9F8	Gallus gallus	vertebrate	2795	3693.7
piezo|A0A803SZJ2	piezo	piezo	channel	B1B2	A0A803SZJ2	Anolis carolinensis	vertebrate	2794	3535.2
piezo|A0A8J0SP08	piezo	piezo	channel	B1B2	A0A8J0SP08	Xenopus tropicalis	vertebrate	2822	3491.5
piezo|A0A4W3JHF6	piezo	piezo	channel	B1B2	A0A4W3JHF6	Callorhinchus milii	vertebrate	2705	3335.8
piezo|A0AC58IT82	piezo	piezo	channel	B1B2	A0AC58IT82	Danio rerio	vertebrate	2753	3312.0
piezo|A0A674MXB7	piezo	piezo	channel	B1B2	A0A674MXB7	Takifugu rubripes	vertebrate	2937	3252.2
piezo|H3AQB6	piezo	piezo	channel	B1B2	H3AQB6	Latimeria chalumnae	vertebrate	2125	2946.9
piezo|A0ACM8C1F6	piezo	piezo	channel	B1B2	A0ACM8C1F6	Petromyzon marinus	vertebrate	2666	2788.3
plgic_invertebrate|G5EBR3	plgic_invertebrate	cysloop	channel	B1B2	G5EBR3	Caenorhabditis elegans	invertebrate	461	934.0
plgic_invertebrate|Q94900	plgic_invertebrate	cysloop	channel	B1B2	Q94900	Drosophila melanogaster	invertebrate	456	932.8
plgic_invertebrate|E9H8S4	plgic_invertebrate	cysloop	channel	B1B2	E9H8S4	Daphnia pulex	invertebrate	443	652.7
plgic_prok|A0A9J7KP96	plgic_prok	cysloop	channel	B1B2	A0A9J7KP96	Branchiostoma floridae	deuterostome	373	74.9
plgic_prok|V4AGW4	plgic_prok	cysloop	channel	B1B2	V4AGW4	Lottia gigantea	invertebrate	376	97.3
plgic_prok|Q7NDN8	plgic_prok	cysloop	channel	B1B2	Q7NDN8	Gloeobacter violaceus	prokaryote	359	672.5
ryr|B3RK74	ryr	ca_release	channel	B1B2	B3RK74	Trichoplax adhaerens	basal_metazoan	4949	4170.8
ryr|H2XSF3	ryr	ca_release	channel	B1B2	H2XSF3	Ciona intestinalis	deuterostome	5075	6586.5
ryr|Q24498	ryr	ca_release	channel	B1B2	Q24498	Drosophila melanogaster	invertebrate	5127	8525.6
ryr|P21817	ryr	ca_release	channel	B1B2	P21817	Homo sapiens	vertebrate	5038	10080.5
ryr|A0AAN0JF00	ryr	ca_release	channel	B1B2	A0AAN0JF00	Amphimedon queenslandica	basal_metazoan	4753	1906.9
ryr|A0A9J7MUA9	ryr	ca_release	channel	B1B2	A0A9J7MUA9	Branchiostoma floridae	deuterostome	4992	6260.4
ryr|E9FTU9	ryr	ca_release	channel	B1B2	E9FTU9	Daphnia pulex	invertebrate	5119	7277.4
ryr|E9PZQ0	ryr	ca_release	channel	B1B2	E9PZQ0	Mus musculus	vertebrate	5035	9974.0
ryr|A0A7M7T5D0	ryr	ca_release	channel	B1B2	A0A7M7T5D0	Strongylocentrotus purpuratus	deuterostome	4609	5465.0
ryr|A0AAV2I6U5	ryr	ca_release	channel	B1B2	A0AAV2I6U5	Lymnaea stagnalis	invertebrate	5191	6611.2
ryr|B0LPN4	ryr	ca_release	channel	B1B2	B0LPN4	Rattus norvegicus	vertebrate	4955	9923.2
ryr|V4AA46	ryr	ca_release	channel	B1B2	V4AA46	Lottia gigantea	invertebrate	5045	6556.7
ryr|A0A8V0Y8K1	ryr	ca_release	channel	B1B2	A0A8V0Y8K1	Gallus gallus	vertebrate	4968	9733.6
ryr|A0A2C9C3E8	ryr	ca_release	channel	B1B2	A0A2C9C3E8	Caenorhabditis elegans	invertebrate	5202	5508.4
ryr|A0A5F8GGE3	ryr	ca_release	channel	B1B2	A0A5F8GGE3	Monodelphis domestica	vertebrate	4900	9564.6
ryr|A0A8J0R451	ryr	ca_release	channel	B1B2	A0A8J0R451	Xenopus tropicalis	vertebrate	5044	9509.4
ryr|A0AC58GZ77	ryr	ca_release	channel	B1B2	A0AC58GZ77	Danio rerio	vertebrate	4961	9451.8
ryr|A0A6I8PHX0	ryr	ca_release	channel	B1B2	A0A6I8PHX0	Ornithorhynchus anatinus	vertebrate	5024	9286.5
ryr|A0A4W3J4U7	ryr	ca_release	channel	B1B2	A0A4W3J4U7	Callorhinchus milii	vertebrate	4873	9233.0
ryr|A0A803TRD3	ryr	ca_release	channel	B1B2	A0A803TRD3	Anolis carolinensis	vertebrate	4856	9145.8
ryr|H3BGR5	ryr	ca_release	channel	B1B2	H3BGR5	Latimeria chalumnae	vertebrate	5024	9118.0
ryr|A0ACM8B4R3	ryr	ca_release	channel	B1B2	A0ACM8B4R3	Petromyzon marinus	vertebrate	5029	8891.8
tmc|B3RQ25	tmc	tmem16_like	channel_contested	B1B2	B3RQ25	Trichoplax adhaerens	basal_metazoan	747	535.3
tmc|A0ABM4CDB1	tmc	tmem16_like	channel_contested	B1B2	A0ABM4CDB1	Hydra vulgaris	cnidarian	709	512.6
tmc|A0A9J7MVP0	tmc	tmem16_like	channel_contested	B1B2	A0A9J7MVP0	Branchiostoma floridae	deuterostome	1017	805.5
tmc|A0A0D2X2Z4	tmc	tmem16_like	channel_contested	B1B2	A0A0D2X2Z4	Capsaspora owczarzaki	holozoa	851	386.3
tmc|D3KZG3	tmc	tmem16_like	channel_contested	B1B2	D3KZG3	Caenorhabditis elegans	invertebrate	1285	913.7
tmc|Q8TDI7	tmc	tmem16_like	channel_contested	B1B2	Q8TDI7	Homo sapiens	vertebrate	906	988.7
tmc|A0A1X7V9Z5	tmc	tmem16_like	channel_contested	B1B2	A0A1X7V9Z5	Amphimedon queenslandica	basal_metazoan	878	519.5
tmc|A7RJT8	tmc	tmem16_like	channel_contested	B1B2	A7RJT8	Nematostella vectensis	cnidarian	612	451.5
tmc|F6WWM2	tmc	tmem16_like	channel_contested	B1B2	F6WWM2	Ciona intestinalis	deuterostome	662	741.1
tmc|A9UV08	tmc	tmem16_like	channel_contested	B1B2	A9UV08	Monosiga brevicollis	holozoa	879	212.5
tmc|E9GM03	tmc	tmem16_like	channel_contested	B1B2	E9GM03	Daphnia pulex	invertebrate	748	673.0
tmc|E7FFT2	tmc	tmem16_like	channel_contested	B1B2	E7FFT2	Danio rerio	vertebrate	916	980.0
tmc|A0A7M7NVC4	tmc	tmem16_like	channel_contested	B1B2	A0A7M7NVC4	Strongylocentrotus purpuratus	deuterostome	815	681.7
tmc|V4AC09	tmc	tmem16_like	channel_contested	B1B2	V4AC09	Lottia gigantea	invertebrate	742	657.6
tmc|A0A8V0YTZ8	tmc	tmem16_like	channel_contested	B1B2	A0A8V0YTZ8	Gallus gallus	vertebrate	864	943.3
tmc|A0ABM0K4S0	tmc	tmem16_like	channel_contested	B1B2	A0ABM0K4S0	Aplysia californica	invertebrate	775	539.9
tmc|D4A3U8	tmc	tmem16_like	channel_contested	B1B2	D4A3U8	Rattus norvegicus	vertebrate	888	937.0
tmc|A0AAV2HAF3	tmc	tmem16_like	channel_contested	B1B2	A0AAV2HAF3	Lymnaea stagnalis	invertebrate	699	505.6
tmc|Q8R4P4	tmc	tmem16_like	channel_contested	B1B2	Q8R4P4	Mus musculus	vertebrate	888	936.3
tmc|F7D6A7	tmc	tmem16_like	channel_contested	B1B2	F7D6A7	Ornithorhynchus anatinus	vertebrate	789	934.9
tmc|F7APF5	tmc	tmem16_like	channel_contested	B1B2	F7APF5	Monodelphis domestica	vertebrate	867	921.6
tmc|A0A8J1JV22	tmc	tmem16_like	channel_contested	B1B2	A0A8J1JV22	Xenopus tropicalis	vertebrate	812	920.5
tmc|H3A3S0	tmc	tmem16_like	channel_contested	B1B2	H3A3S0	Latimeria chalumnae	vertebrate	908	919.1
tmc|H2TXS6	tmc	tmem16_like	channel_contested	B1B2	H2TXS6	Takifugu rubripes	vertebrate	926	913.5
tmc|G1KMK8	tmc	tmem16_like	channel_contested	B1B2	G1KMK8	Anolis carolinensis	vertebrate	780	889.6
tmc|A0ACM8BJJ2	tmc	tmem16_like	channel_contested	B1B2	A0ACM8BJJ2	Petromyzon marinus	vertebrate	988	889.5
tmc|A0A4W3IRV3	tmc	tmem16_like	channel_contested	B1B2	A0A4W3IRV3	Callorhinchus milii	vertebrate	948	869.1
tmem175|A0A1X7TVD6	tmem175	tmem175	channel	B1B2	A0A1X7TVD6	Amphimedon queenslandica	basal_metazoan	529	179.6
tmem175|A7SCC1	tmem175	tmem175	channel	B1B2	A7SCC1	Nematostella vectensis	cnidarian	489	231.0
tmem175|A0A9J7KTR7	tmem175	tmem175	channel	B1B2	A0A9J7KTR7	Branchiostoma floridae	deuterostome	484	451.8
tmem175|Q9CXY1	tmem175	tmem175	channel	B1B2	Q9CXY1	Mus musculus	vertebrate	499	1011.5
tmem175|A0ABM4DEZ6	tmem175	tmem175	channel	B1B2	A0ABM4DEZ6	Hydra vulgaris	cnidarian	541	170.5
tmem175|H2XWH6	tmem175	tmem175	channel	B1B2	H2XWH6	Ciona intestinalis	deuterostome	494	185.0
tmem175|Q6AY05	tmem175	tmem175	channel	B1B2	Q6AY05	Rattus norvegicus	vertebrate	499	1011.4
tmem175|A0A7M7ND24	tmem175	tmem175	channel	B1B2	A0A7M7ND24	Strongylocentrotus purpuratus	deuterostome	580	111.7
tmem175|Q9BSA9	tmem175	tmem175	channel	B1B2	Q9BSA9	Homo sapiens	vertebrate	504	1004.4
tmem175|A5PN43	tmem175	tmem175	channel	B1B2	A5PN43	Danio rerio	vertebrate	520	945.1
tmem175|Q5ZKY0	tmem175	tmem175	channel	B1B2	Q5ZKY0	Gallus gallus	vertebrate	501	941.7
tmem175|A0A5F8H9J7	tmem175	tmem175	channel	B1B2	A0A5F8H9J7	Monodelphis domestica	vertebrate	502	914.0
tmem175|A0A6I8NV35	tmem175	tmem175	channel	B1B2	A0A6I8NV35	Ornithorhynchus anatinus	vertebrate	498	893.9
tmem175|H9G4Z7	tmem175	tmem175	channel	B1B2	H9G4Z7	Anolis carolinensis	vertebrate	491	847.7
tmem175|H3AT91	tmem175	tmem175	channel	B1B2	H3AT91	Latimeria chalumnae	vertebrate	511	842.9
tmem175|A0A4W3HGT2	tmem175	tmem175	channel	B1B2	A0A4W3HGT2	Callorhinchus milii	vertebrate	497	665.9
tpc|A0AAN0JJ15	tpc	ploop	channel	B1B2	A0AAN0JJ15	Amphimedon queenslandica	basal_metazoan	806	459.2
tpc|I7MDP9	tpc	ploop	channel	B1B2	I7MDP9	Tetrahymena thermophila	ciliate	718	182.8
tpc|A7RM05	tpc	ploop	channel	B1B2	A7RM05	Nematostella vectensis	cnidarian	722	546.9
tpc|A0A9J7M0H4	tpc	ploop	channel	B1B2	A0A9J7M0H4	Branchiostoma floridae	deuterostome	793	631.3
tpc|A9UQH3	tpc	ploop	channel	B1B2	A9UQH3	Monosiga brevicollis	holozoa	663	460.5
tpc|A0AAV2H3C9	tpc	ploop	channel	B1B2	A0AAV2H3C9	Lymnaea stagnalis	invertebrate	816	592.8
tpc|Q94KI8	tpc	ploop	channel	B1B2	Q94KI8	Arabidopsis thaliana	plant	733	1172.0
tpc|Q8NHX9	tpc	ploop	channel	B1B2	Q8NHX9	Homo sapiens	vertebrate	752	1193.7
tpc|B3RNF3	tpc	ploop	channel	B1B2	B3RNF3	Trichoplax adhaerens	basal_metazoan	743	185.9
tpc|A0CNH5	tpc	ploop	channel	B1B2	A0CNH5	Paramecium tetraurelia	ciliate	633	112.6
tpc|A0ABM4D7I9	tpc	ploop	channel	B1B2	A0ABM4D7I9	Hydra vulgaris	cnidarian	832	511.5
tpc|A0A7M6UWQ5	tpc	ploop	channel	B1B2	A0A7M6UWQ5	Strongylocentrotus purpuratus	deuterostome	881	616.8
tpc|A0A0D2WPJ7	tpc	ploop	channel	B1B2	A0A0D2WPJ7	Capsaspora owczarzaki	holozoa	1082	384.3
tpc|A0ABM0JAJ5	tpc	ploop	channel	B1B2	A0ABM0JAJ5	Aplysia californica	invertebrate	779	578.9
tpc|Q5QM84	tpc	ploop	channel	B1B2	Q5QM84	Oryza sativa	plant	757	773.1
tpc|Q9EQJ0	tpc	ploop	channel	B1B2	Q9EQJ0	Mus musculus	vertebrate	817	1066.3
tpc|F6QHM7	tpc	ploop	channel	B1B2	F6QHM7	Ciona intestinalis	deuterostome	725	469.6
tpc|V3Z0U0	tpc	ploop	channel	B1B2	V3Z0U0	Lottia gigantea	invertebrate	854	545.9
tpc|A0A7I4C695	tpc	ploop	channel	B1B2	A0A7I4C695	Physcomitrium patens	plant	752	685.7
tpc|Q9WTN5	tpc	ploop	channel	B1B2	Q9WTN5	Rattus norvegicus	vertebrate	817	1048.6
tpc|F7DBM4	tpc	ploop	channel	B1B2	F7DBM4	Monodelphis domestica	vertebrate	816	1004.9
tpc|E1BQ97	tpc	ploop	channel	B1B2	E1BQ97	Gallus gallus	vertebrate	817	973.7
tpc|H9G9M0	tpc	ploop	channel	B1B2	H9G9M0	Anolis carolinensis	vertebrate	806	956.5
tpc|F7D475	tpc	ploop	channel	B1B2	F7D475	Ornithorhynchus anatinus	vertebrate	763	904.6
tpc|A0A8J0SMJ5	tpc	ploop	channel	B1B2	A0A8J0SMJ5	Xenopus tropicalis	vertebrate	798	873.8
tpc|A0A8N7TFG5	tpc	ploop	channel	B1B2	A0A8N7TFG5	Danio rerio	vertebrate	811	868.8
tpc|H2UX12	tpc	ploop	channel	B1B2	H2UX12	Takifugu rubripes	vertebrate	825	868.3
tpc|A0A4W3HLX2	tpc	ploop	channel	B1B2	A0A4W3HLX2	Callorhinchus milii	vertebrate	750	841.7
tpc|H3AQL6	tpc	ploop	channel	B1B2	H3AQL6	Latimeria chalumnae	vertebrate	708	729.0
tpc|A0ACM8ANK3	tpc	ploop	channel	B1B2	A0ACM8ANK3	Petromyzon marinus	vertebrate	1114	634.1
transporter_slc26|A0A2K3DBM3	transporter_slc26		transporter	B1B2	A0A2K3DBM3	Chlamydomonas reinhardtii	algae	702	479.3
transporter_slc26|Q551C0	transporter_slc26		transporter	B1B2	Q551C0	Dictyostelium discoideum	amoebozoa	944	526.3
transporter_slc26|B3RXX5	transporter_slc26		transporter	B1B2	B3RXX5	Trichoplax adhaerens	basal_metazoan	599	650.8
transporter_slc26|A0CH81	transporter_slc26		transporter	B1B2	A0CH81	Paramecium tetraurelia	ciliate	592	52.8
transporter_slc26|A7RG03	transporter_slc26		transporter	B1B2	A7RG03	Nematostella vectensis	cnidarian	726	636.9
transporter_slc26|A0A9J7L7Q0	transporter_slc26		transporter	B1B2	A0A9J7L7Q0	Branchiostoma floridae	deuterostome	758	812.5
transporter_slc26|Q57VD7	transporter_slc26		transporter	B1B2	Q57VD7	Trypanosoma brucei	excavate	573	107.4
transporter_slc26|Q9URY8	transporter_slc26		transporter	B1B2	Q9URY8	Schizosaccharomyces pombe	fungi	840	346.1
transporter_slc26|A0A0D2VKY1	transporter_slc26		transporter	B1B2	A0A0D2VKY1	Capsaspora owczarzaki	holozoa	813	382.5
transporter_slc26|A0ABM0ZW39	transporter_slc26		transporter	B1B2	A0ABM0ZW39	Aplysia californica	invertebrate	1022	790.4
transporter_slc26|A0A2K1KH23	transporter_slc26		transporter	B1B2	A0A2K1KH23	Physcomitrium patens	plant	706	448.0
transporter_slc26|P72770	transporter_slc26		transporter	B1B2	P72770	Synechocystis sp. PCC 6803	prokaryote	566	299.0
transporter_slc26|P40879	transporter_slc26		transporter	B1B2	P40879	Homo sapiens	vertebrate	764	1019.8
transporter_slc26|A0AAN0K4D2	transporter_slc26		transporter	B1B2	A0AAN0K4D2	Amphimedon queenslandica	basal_metazoan	760	576.5
transporter_slc26|A0ABM4C837	transporter_slc26		transporter	B1B2	A0ABM4C837	Hydra vulgaris	cnidarian	715	635.9
transporter_slc26|F7BAF2	transporter_slc26		transporter	B1B2	F7BAF2	Ciona intestinalis	deuterostome	766	770.8
transporter_slc26|P38359	transporter_slc26		transporter	B1B2	P38359	Saccharomyces cerevisiae	fungi	859	320.5
transporter_slc26|A9V046	transporter_slc26		transporter	B1B2	A9V046	Monosiga brevicollis	holozoa	556	363.9
transporter_slc26|A0AAV2HY38	transporter_slc26		transporter	B1B2	A0AAV2HY38	Lymnaea stagnalis	invertebrate	841	763.1
transporter_slc26|Q9FY46	transporter_slc26		transporter	B1B2	Q9FY46	Arabidopsis thaliana	plant	685	443.4
transporter_slc26|O06984	transporter_slc26		transporter	B1B2	O06984	Bacillus subtilis	prokaryote	530	191.9
transporter_slc26|Q99NH7	transporter_slc26		transporter	B1B2	Q99NH7	Mus musculus	vertebrate	744	997.7
transporter_slc26|A0A7M7HIG5	transporter_slc26		transporter	B1B2	A0A7M7HIG5	Strongylocentrotus purpuratus	deuterostome	848	714.4
transporter_slc26|V4AG35	transporter_slc26		transporter	B1B2	V4AG35	Lottia gigantea	invertebrate	606	682.9
transporter_slc26|Q68UR2	transporter_slc26		transporter	B1B2	Q68UR2	Oryza sativa	plant	689	441.8
transporter_slc26|A8EWW7	transporter_slc26		transporter	B1B2	A8EWW7	Aliarcobacter butzleri	prokaryote	541	172.1
transporter_slc26|Q9EPH0	transporter_slc26		transporter	B1B2	Q9EPH0	Rattus norvegicus	vertebrate	744	992.9
transporter_slc26|E9HGF2	transporter_slc26		transporter	B1B2	E9HGF2	Daphnia pulex	invertebrate	713	633.4
transporter_slc26|P0AFR2	transporter_slc26		transporter	B1B2	P0AFR2	Escherichia coli	prokaryote	559	162.1
transporter_slc26|F7F6U5	transporter_slc26		transporter	B1B2	F7F6U5	Monodelphis domestica	vertebrate	777	969.3
transporter_slc26|G5EEA7	transporter_slc26		transporter	B1B2	G5EEA7	Caenorhabditis elegans	invertebrate	749	589.1
transporter_slc26|A0ABM5R4B8	transporter_slc26		transporter	B1B2	A0ABM5R4B8	Streptomyces lividans	prokaryote	499	98.4
transporter_slc26|G1KQS1	transporter_slc26		transporter	B1B2	G1KQS1	Anolis carolinensis	vertebrate	799	967.1
transporter_slc26|Q9VVM6	transporter_slc26		transporter	B1B2	Q9VVM6	Drosophila melanogaster	invertebrate	742	570.7
transporter_slc26|F6V6F2	transporter_slc26		transporter	B1B2	F6V6F2	Ornithorhynchus anatinus	vertebrate	745	960.4
transporter_slc26|A0FKN5	transporter_slc26		transporter	B1B2	A0FKN5	Gallus gallus	vertebrate	742	939.7
transporter_slc26|H3A6G7	transporter_slc26		transporter	B1B2	H3A6G7	Latimeria chalumnae	vertebrate	771	935.1
transporter_slc26|F6WBF8	transporter_slc26		transporter	B1B2	F6WBF8	Xenopus tropicalis	vertebrate	775	922.0
transporter_slc26|A0A4W3JEE3	transporter_slc26		transporter	B1B2	A0A4W3JEE3	Callorhinchus milii	vertebrate	766	898.8
transporter_slc26|A0ACM8Q9V7	transporter_slc26		transporter	B1B2	A0ACM8Q9V7	Danio rerio	vertebrate	762	888.1
transporter_slc26|A0A674NS55	transporter_slc26		transporter	B1B2	A0A674NS55	Takifugu rubripes	vertebrate	751	888.0
transporter_slc26|A0AAJ7TX64	transporter_slc26		transporter	B1B2	A0AAJ7TX64	Petromyzon marinus	vertebrate	799	862.0
tric|A8IQZ0	tric	tric	channel	B1B2	A8IQZ0	Chlamydomonas reinhardtii	algae	348	41.5
tric|A0AAN0ICB8	tric	tric	channel	B1B2	A0AAN0ICB8	Amphimedon queenslandica	basal_metazoan	290	121.8
tric|A0ABM4C6K0	tric	tric	channel	B1B2	A0ABM4C6K0	Hydra vulgaris	cnidarian	268	202.9
tric|A0A9J7MTH5	tric	tric	channel	B1B2	A0A9J7MTH5	Branchiostoma floridae	deuterostome	265	286.8
tric|A0A0D2WXS3	tric	tric	channel	B1B2	A0A0D2WXS3	Capsaspora owczarzaki	holozoa	338	103.4
tric|Q9NA73	tric	tric	channel	B1B2	Q9NA73	Caenorhabditis elegans	invertebrate	313	407.6
tric|Q9H6F2	tric	tric	channel	B1B2	Q9H6F2	Homo sapiens	vertebrate	299	547.1
tric|A7SYB0	tric	tric	channel	B1B2	A7SYB0	Nematostella vectensis	cnidarian	263	185.0
tric|A0A7M7GI48	tric	tric	channel	B1B2	A0A7M7GI48	Strongylocentrotus purpuratus	deuterostome	279	282.4
tric|E9H8B8	tric	tric	channel	B1B2	E9H8B8	Daphnia pulex	invertebrate	292	310.7
tric|Q3TMP8	tric	tric	channel	B1B2	Q3TMP8	Mus musculus	vertebrate	298	541.7
tric|F6ZL37	tric	tric	channel	B1B2	F6ZL37	Ciona intestinalis	deuterostome	252	40.7
tric|A0AAV2I895	tric	tric	channel	B1B2	A0AAV2I895	Lymnaea stagnalis	invertebrate	291	298.6
tric|A6ZIQ8	tric	tric	channel	B1B2	A6ZIQ8	Rattus norvegicus	vertebrate	297	532.8
tric|A0ABM0JVH6	tric	tric	channel	B1B2	A0ABM0JVH6	Aplysia californica	invertebrate	291	297.3
tric|F7E8B1	tric	tric	channel	B1B2	F7E8B1	Ornithorhynchus anatinus	vertebrate	303	524.2
tric|V4B595	tric	tric	channel	B1B2	V4B595	Lottia gigantea	invertebrate	288	291.0
tric|A0A8V1AG80	tric	tric	channel	B1B2	A0A8V1AG80	Gallus gallus	vertebrate	296	517.7
tric|X2JC76	tric	tric	channel	B1B2	X2JC76	Drosophila melanogaster	invertebrate	276	286.7
tric|F7FI88	tric	tric	channel	B1B2	F7FI88	Monodelphis domestica	vertebrate	303	516.0
tric|Q6P2T0	tric	tric	channel	B1B2	Q6P2T0	Danio rerio	vertebrate	295	510.9
tric|H3BFG3	tric	tric	channel	B1B2	H3BFG3	Latimeria chalumnae	vertebrate	300	495.4
tric|Q6P8F8	tric	tric	channel	B1B2	Q6P8F8	Xenopus tropicalis	vertebrate	295	494.4
tric|A0A4W3JMV2	tric	tric	channel	B1B2	A0A4W3JMV2	Callorhinchus milii	vertebrate	300	476.9
tric|H2SXH9	tric	tric	channel	B1B2	H2SXH9	Takifugu rubripes	vertebrate	292	469.4
tric|A0A803TEN5	tric	tric	channel	B1B2	A0A803TEN5	Anolis carolinensis	vertebrate	290	417.9
tric|A0AAJ7X6R7	tric	tric	channel	B1B2	A0AAJ7X6R7	Petromyzon marinus	vertebrate	293	390.9
trpa|A0A1X7VAZ0	trpa	ploop	channel	B1B2	A0A1X7VAZ0	Amphimedon queenslandica	basal_metazoan	1167	364.3
trpa|A0ABM4BKD8	trpa	ploop	channel	B1B2	A0ABM4BKD8	Hydra vulgaris	cnidarian	1105	410.1
trpa|A0A9J7KM04	trpa	ploop	channel	B1B2	A0A9J7KM04	Branchiostoma floridae	deuterostome	1219	753.3
trpa|A0ABM1VVH9	trpa	ploop	channel	B1B2	A0ABM1VVH9	Aplysia californica	invertebrate	1264	741.7
trpa|O75762	trpa	ploop	channel	B1B2	O75762	Homo sapiens	vertebrate	1119	2735.4
trpa|A0A7M7NMR6	trpa	ploop	channel	B1B2	A0A7M7NMR6	Strongylocentrotus purpuratus	deuterostome	1233	716.4
trpa|Q7Z020	trpa	ploop	channel	B1B2	Q7Z020	Drosophila melanogaster	invertebrate	1197	696.0
trpa|Q8BLA8	trpa	ploop	channel	B1B2	Q8BLA8	Mus musculus	vertebrate	1125	2154.3
trpa|Q18297	trpa	ploop	channel	B1B2	Q18297	Caenorhabditis elegans	invertebrate	1211	283.8
trpa|Q6RI86	trpa	ploop	channel	B1B2	Q6RI86	Rattus norvegicus	vertebrate	1125	2152.2
trpa|F6WSN6	trpa	ploop	channel	B1B2	F6WSN6	Monodelphis domestica	vertebrate	1123	1789.9
trpa|F7DXN8	trpa	ploop	channel	B1B2	F7DXN8	Ornithorhynchus anatinus	vertebrate	1112	1721.3
trpa|A0A8V0X6M5	trpa	ploop	channel	B1B2	A0A8V0X6M5	Gallus gallus	vertebrate	1176	1643.6
trpa|G1KQ06	trpa	ploop	channel	B1B2	G1KQ06	Anolis carolinensis	vertebrate	1098	1605.2
trpa|A0A8J0QD66	trpa	ploop	channel	B1B2	A0A8J0QD66	Xenopus tropicalis	vertebrate	1144	1344.8
trpa|H3AYS5	trpa	ploop	channel	B1B2	H3AYS5	Latimeria chalumnae	vertebrate	1138	1224.4
trpa|A0A8M6Z942	trpa	ploop	channel	B1B2	A0A8M6Z942	Danio rerio	vertebrate	1115	1175.0
trpa|A0A674NZZ9	trpa	ploop	channel	B1B2	A0A674NZZ9	Takifugu rubripes	vertebrate	1133	1147.6
trpa|A0A4W3GKR7	trpa	ploop	channel	B1B2	A0A4W3GKR7	Callorhinchus milii	vertebrate	1027	1036.0
trpa|A0AAJ7TCJ4	trpa	ploop	channel	B1B2	A0AAJ7TCJ4	Petromyzon marinus	vertebrate	1081	962.4
trpc|A0ABM4DJ03	trpc	ploop	channel	B1B2	A0ABM4DJ03	Hydra vulgaris	cnidarian	661	374.7
trpc|A0A9J7MVU3	trpc	ploop	channel	B1B2	A0A9J7MVU3	Branchiostoma floridae	deuterostome	880	1097.7
trpc|A9V4X3	trpc	ploop	channel	B1B2	A9V4X3	Monosiga brevicollis	holozoa	840	254.2
trpc|Q9VJJ7	trpc	ploop	channel	B1B2	Q9VJJ7	Drosophila melanogaster	invertebrate	1128	1274.2
trpc|Q9UBN4	trpc	ploop	channel	B1B2	Q9UBN4	Homo sapiens	vertebrate	977	1311.1
trpc|A7RH68	trpc	ploop	channel	B1B2	A7RH68	Nematostella vectensis	cnidarian	571	301.0
trpc|A0A7M7NGW0	trpc	ploop	channel	B1B2	A0A7M7NGW0	Strongylocentrotus purpuratus	deuterostome	1150	1067.7
trpc|P34586	trpc	ploop	channel	B1B2	P34586	Caenorhabditis elegans	invertebrate	1027	1249.6
trpc|Q61056	trpc	ploop	channel	B1B2	Q61056	Mus musculus	vertebrate	793	1302.1
trpc|F6VDU4	trpc	ploop	channel	B1B2	F6VDU4	Ciona intestinalis	deuterostome	616	447.8
trpc|E9GZL1	trpc	ploop	channel	B1B2	E9GZL1	Daphnia pulex	invertebrate	1185	1157.1
trpc|O35119	trpc	ploop	channel	B1B2	O35119	Rattus norvegicus	vertebrate	977	1297.1
trpc|A0ABM0ZUX7	trpc	ploop	channel	B1B2	A0ABM0ZUX7	Aplysia californica	invertebrate	1145	1082.6
trpc|F6TA59	trpc	ploop	channel	B1B2	F6TA59	Monodelphis domestica	vertebrate	975	1291.3
trpc|V4AET5	trpc	ploop	channel	B1B2	V4AET5	Lottia gigantea	invertebrate	746	890.1
trpc|G1KU62	trpc	ploop	channel	B1B2	G1KU62	Anolis carolinensis	vertebrate	976	1279.0
trpc|A0AAV2HG16	trpc	ploop	channel	B1B2	A0AAV2HG16	Lymnaea stagnalis	invertebrate	1020	778.5
trpc|F6XZZ3	trpc	ploop	channel	B1B2	F6XZZ3	Ornithorhynchus anatinus	vertebrate	978	1273.8
trpc|A0A8V0YFR1	trpc	ploop	channel	B1B2	A0A8V0YFR1	Gallus gallus	vertebrate	989	1267.3
trpc|A0A803KC62	trpc	ploop	channel	B1B2	A0A803KC62	Xenopus tropicalis	vertebrate	982	1262.8
trpc|H2UBH9	trpc	ploop	channel	B1B2	H2UBH9	Takifugu rubripes	vertebrate	1087	1253.4
trpc|A0A4W3JCR9	trpc	ploop	channel	B1B2	A0A4W3JCR9	Callorhinchus milii	vertebrate	994	1251.4
trpc|A0AC58IBC9	trpc	ploop	channel	B1B2	A0AC58IBC9	Danio rerio	vertebrate	1026	1248.3
trpc|H3ATN1	trpc	ploop	channel	B1B2	H3ATN1	Latimeria chalumnae	vertebrate	793	1238.3
trpc|A0AAJ7T974	trpc	ploop	channel	B1B2	A0AAJ7T974	Petromyzon marinus	vertebrate	1031	1214.9
trpm|B3S8M2	trpm	ploop	channel	B1B2	B3S8M2	Trichoplax adhaerens	basal_metazoan	1592	1158.7
trpm|A7T1N0	trpm	ploop	channel	B1B2	A7T1N0	Nematostella vectensis	cnidarian	1551	1177.3
trpm|A0A9J7HUV3	trpm	ploop	channel	B1B2	A0A9J7HUV3	Branchiostoma floridae	deuterostome	2012	1828.6
trpm|A9VAJ3	trpm	ploop	channel	B1B2	A9VAJ3	Monosiga brevicollis	holozoa	1444	587.6
trpm|A8DYE2	trpm	ploop	channel	B1B2	A8DYE2	Drosophila melanogaster	invertebrate	2023	2205.1
trpm|Q9BX84	trpm	ploop	channel	B1B2	Q9BX84	Homo sapiens	vertebrate	2022	2689.2
trpm|A0ABM4CX55	trpm	ploop	channel	B1B2	A0ABM4CX55	Hydra vulgaris	cnidarian	1580	1067.8
trpm|H2Y089	trpm	ploop	channel	B1B2	H2Y089	Ciona intestinalis	deuterostome	1310	1491.5
trpm|A0AAV2HGA3	trpm	ploop	channel	B1B2	A0AAV2HGA3	Lymnaea stagnalis	invertebrate	1735	1518.6
trpm|Q923J1	trpm	ploop	channel	B1B2	Q923J1	Mus musculus	vertebrate	1863	2665.8
trpm|A0A7M7N7B4	trpm	ploop	channel	B1B2	A0A7M7N7B4	Strongylocentrotus purpuratus	deuterostome	1634	1431.9
trpm|E9GJF9	trpm	ploop	channel	B1B2	E9GJF9	Daphnia pulex	invertebrate	1137	1461.4
trpm|Q925B3	trpm	ploop	channel	B1B2	Q925B3	Rattus norvegicus	vertebrate	1862	2663.8
trpm|Q93971	trpm	ploop	channel	B1B2	Q93971	Caenorhabditis elegans	invertebrate	2032	1371.0
trpm|F7GDX3	trpm	ploop	channel	B1B2	F7GDX3	Monodelphis domestica	vertebrate	1896	2588.4
trpm|A0ABM1W055	trpm	ploop	channel	B1B2	A0ABM1W055	Aplysia californica	invertebrate	1632	1180.0
trpm|A0A8V0YTP2	trpm	ploop	channel	B1B2	A0A8V0YTP2	Gallus gallus	vertebrate	2029	2516.3
trpm|V4BKQ3	trpm	ploop	channel	B1B2	V4BKQ3	Lottia gigantea	invertebrate	1552	1034.3
trpm|A0A803THH9	trpm	ploop	channel	B1B2	A0A803THH9	Anolis carolinensis	vertebrate	1883	2502.9
trpm|A0A8J0QVH9	trpm	ploop	channel	B1B2	A0A8J0QVH9	Xenopus tropicalis	vertebrate	1875	2442.8
trpm|A0A6I8N2M5	trpm	ploop	channel	B1B2	A0A6I8N2M5	Ornithorhynchus anatinus	vertebrate	2046	2428.5
trpm|H3BG72	trpm	ploop	channel	B1B2	H3BG72	Latimeria chalumnae	vertebrate	1887	2417.3
trpm|A0A4W3JQF9	trpm	ploop	channel	B1B2	A0A4W3JQF9	Callorhinchus milii	vertebrate	1831	2353.1
trpm|A0AC58HSD6	trpm	ploop	channel	B1B2	A0AC58HSD6	Danio rerio	vertebrate	1870	2339.0
trpm|A0A674MVZ8	trpm	ploop	channel	B1B2	A0A674MVZ8	Takifugu rubripes	vertebrate	1799	2278.7
trpm|A0AAJ7SXA8	trpm	ploop	channel	B1B2	A0AAJ7SXA8	Petromyzon marinus	vertebrate	2146	2156.9
trpml|B3S1R4	trpml	ploop	channel	B1B2	B3S1R4	Trichoplax adhaerens	basal_metazoan	454	408.2
trpml|A0ABM4DIG0	trpml	ploop	channel	B1B2	A0ABM4DIG0	Hydra vulgaris	cnidarian	720	433.4
trpml|A0A9J7NB51	trpml	ploop	channel	B1B2	A0A9J7NB51	Branchiostoma floridae	deuterostome	633	600.3
trpml|V4AH67	trpml	ploop	channel	B1B2	V4AH67	Lottia gigantea	invertebrate	588	550.7
trpml|Q8TDD5	trpml	ploop	channel	B1B2	Q8TDD5	Homo sapiens	vertebrate	553	1083.8
trpml|A0A1X7U9W6	trpml	ploop	channel	B1B2	A0A1X7U9W6	Amphimedon queenslandica	basal_metazoan	742	296.8
trpml|A0A7M7PKX2	trpml	ploop	channel	B1B2	A0A7M7PKX2	Strongylocentrotus purpuratus	deuterostome	708	509.8
trpml|Q9VW35	trpml	ploop	channel	B1B2	Q9VW35	Drosophila melanogaster	invertebrate	652	532.2
trpml|Q8K595	trpml	ploop	channel	B1B2	Q8K595	Mus musculus	vertebrate	566	1069.8
trpml|F6PR01	trpml	ploop	channel	B1B2	F6PR01	Ciona intestinalis	deuterostome	558	509.6
trpml|E9GV70	trpml	ploop	channel	B1B2	E9GV70	Daphnia pulex	invertebrate	673	511.4
trpml|A0ABK0LPM3	trpml	ploop	channel	B1B2	A0ABK0LPM3	Rattus norvegicus	vertebrate	553	1053.3
trpml|G8JY13	trpml	ploop	channel	B1B2	G8JY13	Caenorhabditis elegans	invertebrate	668	405.0
trpml|F6R8U5	trpml	ploop	channel	B1B2	F6R8U5	Monodelphis domestica	vertebrate	569	1033.6
trpml|A0A8V0ZFT9	trpml	ploop	channel	B1B2	A0A8V0ZFT9	Gallus gallus	vertebrate	562	1020.8
trpml|A0A803TYU9	trpml	ploop	channel	B1B2	A0A803TYU9	Anolis carolinensis	vertebrate	554	1009.8
trpml|F7FKB0	trpml	ploop	channel	B1B2	F7FKB0	Ornithorhynchus anatinus	vertebrate	651	1003.4
trpml|A0A8J1JDK1	trpml	ploop	channel	B1B2	A0A8J1JDK1	Xenopus tropicalis	vertebrate	557	969.8
trpml|H3B9I6	trpml	ploop	channel	B1B2	H3B9I6	Latimeria chalumnae	vertebrate	558	968.4
trpml|A0A4W3H2B0	trpml	ploop	channel	B1B2	A0A4W3H2B0	Callorhinchus milii	vertebrate	569	872.8
trpml|H2S2I2	trpml	ploop	channel	B1B2	H2S2I2	Takifugu rubripes	vertebrate	562	869.1
trpml|A2BGV1	trpml	ploop	channel	B1B2	A2BGV1	Danio rerio	vertebrate	581	864.4
trpml|A0AAJ7T420	trpml	ploop	channel	B1B2	A0AAJ7T420	Petromyzon marinus	vertebrate	637	819.0
trpn|A0ABM4D246	trpn	ploop	channel	B1B2	A0ABM4D246	Hydra vulgaris	cnidarian	1646	1288.0
trpn|A0A9J7MIF4	trpn	ploop	channel	B1B2	A0A9J7MIF4	Branchiostoma floridae	deuterostome	1660	2017.2
trpn|Q9GRV5	trpn	ploop	channel	B1B2	Q9GRV5	Caenorhabditis elegans	invertebrate	1924	4023.5
trpn|A0A6I8RQW0	trpn	ploop	channel	B1B2	A0A6I8RQW0	Xenopus tropicalis	vertebrate	1640	1943.7
trpn|A0A7M7SXN6	trpn	ploop	channel	B1B2	A0A7M7SXN6	Strongylocentrotus purpuratus	deuterostome	1416	1773.0
trpn|Q9VMR4	trpn	ploop	channel	B1B2	Q9VMR4	Drosophila melanogaster	invertebrate	1761	3230.0
trpn|A0A4W3GDN1	trpn	ploop	channel	B1B2	A0A4W3GDN1	Callorhinchus milii	vertebrate	1639	1923.6
trpn|A0AAJ7WVZ0	trpn	ploop	channel	B1B2	A0AAJ7WVZ0	Petromyzon marinus	vertebrate	1656	1915.6
trpn|A0A8N7UZV9	trpn	ploop	channel	B1B2	A0A8N7UZV9	Danio rerio	vertebrate	1614	1814.7
trpn|H2ZZG0	trpn	ploop	channel	B1B2	H2ZZG0	Latimeria chalumnae	vertebrate	1301	1469.3
trpp|Q558Y3	trpp	ploop	channel	B1B2	Q558Y3	Dictyostelium discoideum	amoebozoa	698	181.6
trpp|A0D267	trpp	ploop	channel	B1B2	A0D267	Paramecium tetraurelia	ciliate	882	39.9
trpp|A7RN85	trpp	ploop	channel	B1B2	A7RN85	Nematostella vectensis	cnidarian	903	1082.1
trpp|F6V6N1	trpp	ploop	channel	B1B2	F6V6N1	Ciona intestinalis	deuterostome	807	1109.7
trpp|A0AAV2HJG0	trpp	ploop	channel	B1B2	A0AAV2HJG0	Lymnaea stagnalis	invertebrate	856	1103.1
trpp|Q13563	trpp	ploop	channel	B1B2	Q13563	Homo sapiens	vertebrate	968	1427.4
trpp|I7MHL0	trpp	ploop	channel	B1B2	I7MHL0	Tetrahymena thermophila	ciliate	958	32.1
trpp|A0ABM4D6T8	trpp	ploop	channel	B1B2	A0ABM4D6T8	Hydra vulgaris	cnidarian	849	962.2
trpp|A0A7M7NHS7	trpp	ploop	channel	B1B2	A0A7M7NHS7	Strongylocentrotus purpuratus	deuterostome	1121	1065.5
trpp|V3Z0D8	trpp	ploop	channel	B1B2	V3Z0D8	Lottia gigantea	invertebrate	851	1097.0
trpp|Q6IVV8	trpp	ploop	channel	B1B2	Q6IVV8	Danio rerio	vertebrate	904	1410.5
trpp|A0A9J7KS07	trpp	ploop	channel	B1B2	A0A9J7KS07	Branchiostoma floridae	deuterostome	871	1046.4
trpp|A0ABM0JPV0	trpp	ploop	channel	B1B2	A0ABM0JPV0	Aplysia californica	invertebrate	883	1084.3
trpp|O35245	trpp	ploop	channel	B1B2	O35245	Mus musculus	vertebrate	966	1370.2
trpp|Q9U1S7	trpp	ploop	channel	B1B2	Q9U1S7	Caenorhabditis elegans	invertebrate	716	998.7
trpp|F7ANU1	trpp	ploop	channel	B1B2	F7ANU1	Monodelphis domestica	vertebrate	997	1365.0
trpp|Q9VK95	trpp	ploop	channel	B1B2	Q9VK95	Drosophila melanogaster	invertebrate	924	446.6
trpp|H2TX05	trpp	ploop	channel	B1B2	H2TX05	Takifugu rubripes	vertebrate	901	1364.7
trpp|A0A8V0XIE4	trpp	ploop	channel	B1B2	A0A8V0XIE4	Gallus gallus	vertebrate	881	1361.9
trpp|F7EC32	trpp	ploop	channel	B1B2	F7EC32	Ornithorhynchus anatinus	vertebrate	903	1360.7
trpp|H3A5K1	trpp	ploop	channel	B1B2	H3A5K1	Latimeria chalumnae	vertebrate	890	1353.0
trpp|A0A4W3J2G4	trpp	ploop	channel	B1B2	A0A4W3J2G4	Callorhinchus milii	vertebrate	842	1325.1
trpp|A0A6I8Q1J1	trpp	ploop	channel	B1B2	A0A6I8Q1J1	Xenopus tropicalis	vertebrate	947	1311.4
trpp|G1KMS9	trpp	ploop	channel	B1B2	G1KMS9	Anolis carolinensis	vertebrate	873	1303.0
trpp|A0A8I6G7P9	trpp	ploop	channel	B1B2	A0A8I6G7P9	Rattus norvegicus	vertebrate	763	1263.1
trpp|A0AAJ7WPY5	trpp	ploop	channel	B1B2	A0AAJ7WPY5	Petromyzon marinus	vertebrate	758	1037.9
trpv|B3S2T9	trpv	ploop	channel	B1B2	B3S2T9	Trichoplax adhaerens	basal_metazoan	837	216.9
trpv|A7SGQ7	trpv	ploop	channel	B1B2	A7SGQ7	Nematostella vectensis	cnidarian	736	244.3
trpv|A0A9J7K718	trpv	ploop	channel	B1B2	A0A9J7K718	Branchiostoma floridae	deuterostome	712	436.5
trpv|A0AAV2HFF5	trpv	ploop	channel	B1B2	A0AAV2HFF5	Lymnaea stagnalis	invertebrate	1035	305.2
trpv|Q8NER1	trpv	ploop	channel	B1B2	Q8NER1	Homo sapiens	vertebrate	839	1310.2
trpv|A0A7M7RBR9	trpv	ploop	channel	B1B2	A0A7M7RBR9	Strongylocentrotus purpuratus	deuterostome	786	267.9
trpv|A0ABM0K2Q6	trpv	ploop	channel	B1B2	A0ABM0K2Q6	Aplysia californica	invertebrate	776	285.6
trpv|Q9ERZ8	trpv	ploop	channel	B1B2	Q9ERZ8	Rattus norvegicus	vertebrate	871	1225.7
trpv|H2Y2B7	trpv	ploop	channel	B1B2	H2Y2B7	Ciona intestinalis	deuterostome	737	247.3
trpv|Q9N3Y9	trpv	ploop	channel	B1B2	Q9N3Y9	Caenorhabditis elegans	invertebrate	756	280.7
trpv|Q9EPK8	trpv	ploop	channel	B1B2	Q9EPK8	Mus musculus	vertebrate	871	1220.1
trpv|V3ZN78	trpv	ploop	channel	B1B2	V3ZN78	Lottia gigantea	invertebrate	770	276.8
trpv|A0A8V0Z8C7	trpv	ploop	channel	B1B2	A0A8V0Z8C7	Gallus gallus	vertebrate	852	1162.1
trpv|E9G142	trpv	ploop	channel	B1B2	E9G142	Daphnia pulex	invertebrate	718	265.1
trpv|H2ZVV3	trpv	ploop	channel	B1B2	H2ZVV3	Latimeria chalumnae	vertebrate	870	1152.6
trpv|M9PI57	trpv	ploop	channel	B1B2	M9PI57	Drosophila melanogaster	invertebrate	834	260.9
trpv|F7A7B4	trpv	ploop	channel	B1B2	F7A7B4	Ornithorhynchus anatinus	vertebrate	842	1137.7
trpv|A0A6I8RQZ3	trpv	ploop	channel	B1B2	A0A6I8RQZ3	Xenopus tropicalis	vertebrate	868	1121.5
trpv|A0A674NNT6	trpv	ploop	channel	B1B2	A0A674NNT6	Takifugu rubripes	vertebrate	888	1094.9
trpv|A0A4W3JXF8	trpv	ploop	channel	B1B2	A0A4W3JXF8	Callorhinchus milii	vertebrate	887	1080.9
trpv|A0A8M2BCH8	trpv	ploop	channel	B1B2	A0A8M2BCH8	Danio rerio	vertebrate	859	1062.1
trpv|A0A5F8GJ81	trpv	ploop	channel	B1B2	A0A5F8GJ81	Monodelphis domestica	vertebrate	777	950.0
trpv|A0ACM8ASE3	trpv	ploop	channel	B1B2	A0ACM8ASE3	Petromyzon marinus	vertebrate	944	911.2
trpv|H9GDW0	trpv	ploop	channel	B1B2	H9GDW0	Anolis carolinensis	vertebrate	733	820.3
tweety|Q54G87	tweety	tweety	channel_contested	B1B2	Q54G87	Dictyostelium discoideum	amoebozoa	551	73.6
tweety|A0A1X7VTT9	tweety	tweety	channel_contested	B1B2	A0A1X7VTT9	Amphimedon queenslandica	basal_metazoan	510	162.7
tweety|A0ABM4CC34	tweety	tweety	channel_contested	B1B2	A0ABM4CC34	Hydra vulgaris	cnidarian	513	208.0
tweety|A0A9J7M9F8	tweety	tweety	channel_contested	B1B2	A0A9J7M9F8	Branchiostoma floridae	deuterostome	504	346.7
tweety|A9V149	tweety	tweety	channel_contested	B1B2	A9V149	Monosiga brevicollis	holozoa	561	84.9
tweety|Q9W5A5	tweety	tweety	channel_contested	B1B2	Q9W5A5	Drosophila melanogaster	invertebrate	655	595.4
tweety|A9RMS1	tweety	tweety	channel_contested	B1B2	A9RMS1	Physcomitrium patens	plant	535	30.8
tweety|Q3TH73	tweety	tweety	channel_contested	B1B2	Q3TH73	Mus musculus	vertebrate	532	825.3
tweety|A7SE28	tweety	tweety	channel_contested	B1B2	A7SE28	Nematostella vectensis	cnidarian	504	172.4
tweety|A0A7M7HKD7	tweety	tweety	channel_contested	B1B2	A0A7M7HKD7	Strongylocentrotus purpuratus	deuterostome	588	310.4
tweety|Q20332	tweety	tweety	channel_contested	B1B2	Q20332	Caenorhabditis elegans	invertebrate	519	571.2
tweety|D4A4P8	tweety	tweety	channel_contested	B1B2	D4A4P8	Rattus norvegicus	vertebrate	614	813.7
tweety|E9G5V7	tweety	tweety	channel_contested	B1B2	E9G5V7	Daphnia pulex	invertebrate	540	292.4
tweety|Q9BSA4	tweety	tweety	channel_contested	B1B2	Q9BSA4	Homo sapiens	vertebrate	534	810.2
tweety|A0ABM0JLQ8	tweety	tweety	channel_contested	B1B2	A0ABM0JLQ8	Aplysia californica	invertebrate	523	239.0
tweety|Q32LT7	tweety	tweety	channel_contested	B1B2	Q32LT7	Danio rerio	vertebrate	560	797.9
tweety|A0AAV2II62	tweety	tweety	channel_contested	B1B2	A0AAV2II62	Lymnaea stagnalis	invertebrate	516	195.6
tweety|F7DGW4	tweety	tweety	channel_contested	B1B2	F7DGW4	Monodelphis domestica	vertebrate	535	778.2
tweety|Q0V9V9	tweety	tweety	channel_contested	B1B2	Q0V9V9	Xenopus tropicalis	vertebrate	449	757.7
tweety|F6SZA6	tweety	tweety	channel_contested	B1B2	F6SZA6	Ornithorhynchus anatinus	vertebrate	524	752.8
tweety|A0A8V1AME6	tweety	tweety	channel_contested	B1B2	A0A8V1AME6	Gallus gallus	vertebrate	534	743.6
tweety|H3B6H5	tweety	tweety	channel_contested	B1B2	H3B6H5	Latimeria chalumnae	vertebrate	523	741.5
tweety|A0A674NQZ6	tweety	tweety	channel_contested	B1B2	A0A674NQZ6	Takifugu rubripes	vertebrate	543	700.7
tweety|G1KQH1	tweety	tweety	channel_contested	B1B2	G1KQH1	Anolis carolinensis	vertebrate	504	696.8
tweety|A0A4W3K9U4	tweety	tweety	channel_contested	B1B2	A0A4W3K9U4	Callorhinchus milii	vertebrate	531	683.7
tweety|A0AAJ7XK36	tweety	tweety	channel_contested	B1B2	A0AAJ7XK36	Petromyzon marinus	vertebrate	531	642.5
vdac|A8I528	vdac	porin	channel	B1B2	A8I528	Chlamydomonas reinhardtii	algae	276	162.3
vdac|Q01501	vdac	porin	channel	B1B2	Q01501	Dictyostelium discoideum	amoebozoa	275	229.6
vdac|Q8ILE3	vdac	porin	channel	B1B2	Q8ILE3	Plasmodium falciparum	apicomplexa	289	41.7
vdac|B3S657	vdac	porin	channel	B1B2	B3S657	Trichoplax adhaerens	basal_metazoan	281	279.3
vdac|A7SWS9	vdac	porin	channel	B1B2	A7SWS9	Nematostella vectensis	cnidarian	284	304.7
vdac|A0A9J7KTM4	vdac	porin	channel	B1B2	A0A9J7KTM4	Branchiostoma floridae	deuterostome	284	342.0
vdac|Q586M2	vdac	porin	channel	B1B2	Q586M2	Trypanosoma brucei	excavate	270	39.2
vdac|P04840	vdac	porin	channel	B1B2	P04840	Saccharomyces cerevisiae	fungi	283	295.3
vdac|A0A0D2WY38	vdac	porin	channel	B1B2	A0A0D2WY38	Capsaspora owczarzaki	holozoa	281	245.1
vdac|V3ZV16	vdac	porin	channel	B1B2	V3ZV16	Lottia gigantea	invertebrate	282	327.2
vdac|Q7F4F8	vdac	porin	channel	B1B2	Q7F4F8	Oryza sativa	plant	275	338.1
vdac|P45880	vdac	porin	channel	B1B2	P45880	Homo sapiens	vertebrate	294	388.0
vdac|A0A1X7VE66	vdac	porin	channel	B1B2	A0A1X7VE66	Amphimedon queenslandica	basal_metazoan	285	218.4
vdac|A0ABM4D815	vdac	porin	channel	B1B2	A0ABM4D815	Hydra vulgaris	cnidarian	282	272.4
vdac|A0A7M7NDV3	vdac	porin	channel	B1B2	A0A7M7NDV3	Strongylocentrotus purpuratus	deuterostome	283	309.4
vdac|Q9P544	vdac	porin	channel	B1B2	Q9P544	Schizosaccharomyces pombe	fungi	282	225.6
vdac|A9VCR5	vdac	porin	channel	B1B2	A9VCR5	Monosiga brevicollis	holozoa	278	159.4
vdac|A0AAV2H4V4	vdac	porin	channel	B1B2	A0AAV2H4V4	Lymnaea stagnalis	invertebrate	282	326.6
vdac|Q9SRH5	vdac	porin	channel	B1B2	Q9SRH5	Arabidopsis thaliana	plant	276	307.2
vdac|Q60930	vdac	porin	channel	B1B2	Q60930	Mus musculus	vertebrate	295	384.8
vdac|F6YA02	vdac	porin	channel	B1B2	F6YA02	Ciona intestinalis	deuterostome	283	305.4
vdac|E9GTP4	vdac	porin	channel	B1B2	E9GTP4	Daphnia pulex	invertebrate	281	322.1
vdac|A9TKC4	vdac	porin	channel	B1B2	A9TKC4	Physcomitrium patens	plant	276	285.7
vdac|P81155	vdac	porin	channel	B1B2	P81155	Rattus norvegicus	vertebrate	295	383.1
vdac|Q94920	vdac	porin	channel	B1B2	Q94920	Drosophila melanogaster	invertebrate	282	320.7
vdac|F7A7G7	vdac	porin	channel	B1B2	F7A7G7	Monodelphis domestica	vertebrate	283	383.1
vdac|A0ABM0KB61	vdac	porin	channel	B1B2	A0ABM0KB61	Aplysia californica	invertebrate	295	319.3
vdac|F6QN79	vdac	porin	channel	B1B2	F6QN79	Ornithorhynchus anatinus	vertebrate	296	382.7
vdac|Q18090	vdac	porin	channel	B1B2	Q18090	Caenorhabditis elegans	invertebrate	301	252.4
vdac|A0A8J0PH35	vdac	porin	channel	B1B2	A0A8J0PH35	Xenopus tropicalis	vertebrate	283	377.3
vdac|A0A3B5KIJ5	vdac	porin	channel	B1B2	A0A3B5KIJ5	Takifugu rubripes	vertebrate	317	372.7
vdac|A0A8M1PD37	vdac	porin	channel	B1B2	A0A8M1PD37	Danio rerio	vertebrate	283	369.5
vdac|H3AJJ9	vdac	porin	channel	B1B2	H3AJJ9	Latimeria chalumnae	vertebrate	313	367.9
vdac|A0A803TD02	vdac	porin	channel	B1B2	A0A803TD02	Anolis carolinensis	vertebrate	319	366.9
vdac|A0A4W3HZG8	vdac	porin	channel	B1B2	A0A4W3HZG8	Callorhinchus milii	vertebrate	307	365.6
vdac|E1BYN7	vdac	porin	channel	B1B2	E1BYN7	Gallus gallus	vertebrate	283	365.4
vdac|S4RF01	vdac	porin	channel	B1B2	S4RF01	Petromyzon marinus	vertebrate	283	354.7
viroporin|P05919	viroporin	viroporin	channel	B1B2	P05919	Human immunodeficiency virus type 1	virus	82	131.4
viroporin|P06821	viroporin	viroporin	channel	B1B2	P06821	Influenza A virus	virus	97	83.8
viroporin|P0DTC4	viroporin	viroporin	channel	B1B2	P0DTC4	Severe acute respiratory syndrome coronavirus 2	virus	75	79.4
zac|Q401N2	zac	cysloop	channel	B1B2	Q401N2	Homo sapiens	vertebrate	412	987.3
zac|F6ZYC6	zac	cysloop	channel	B1B2	F6ZYC6	Monodelphis domestica	vertebrate	377	509.4
