Proteome Id	Organism	Organism Id	kingdom	phylum	class	order	family	proteins	busco_c
UP000002311	Saccharomyces cerevisiae (strain ATCC 204508 / S288c) (Baker's yeast)	559292	Fungi	Ascomycota	Saccharomycetes	Saccharomycetales	Saccharomycetaceae	6067	99.6
UP000000589	Mus musculus (Mouse)	10090	Metazoa	Chordata	Mammalia	Rodentia	Muridae	54855	99.8
UP000002494	Rattus norvegicus (Rat)	10116	Metazoa	Chordata	Mammalia	Rodentia	Muridae	52824	95.9
UP000005640	Homo sapiens (Human)	9606	Metazoa	Chordata	Mammalia	Primates	Hominidae	147520	99.5
UP000006548	Arabidopsis thaliana (Mouse-ear cress)	3702	Viridiplantae	Streptophyta	Magnoliopsida	Brassicales	Brassicaceae	39272	100.0
UP000009136	Bos taurus (Bovine)	9913	Metazoa	Chordata	Mammalia	Artiodactyla	Bovidae	51611	97.7
UP000000437	Danio rerio (Zebrafish) (Brachydanio rerio)	7955	Metazoa	Chordata	Actinopteri	Cypriniformes	Danionidae	69241	99.1
UP000000803	Drosophila melanogaster (Fruit fly)	7227	Metazoa	Arthropoda	Insecta	Diptera	Drosophilidae	21947	100.0
UP000001940	Caenorhabditis elegans	6239	Metazoa	Nematoda	Chromadorea	Rhabditida	Rhabditidae	26629	100.0
UP000002195	Dictyostelium discoideum (Social amoeba)	44689		Evosea	Eumycetozoa	Dictyosteliales	Dictyosteliaceae	12726	93.7
UP000059680	Oryza sativa subsp. japonica (Rice)	39947	Viridiplantae	Streptophyta	Magnoliopsida	Poales	Poaceae	48896	84.3
UP000008549	Caenorhabditis briggsae	6238	Metazoa	Nematoda	Chromadorea	Rhabditida	Rhabditidae	21744	0.9
UP000002485	Schizosaccharomyces pombe (strain 972 / ATCC 24843) (Fission yeast)	284812	Fungi	Ascomycota	Schizosaccharomycetes	Schizosaccharomycetales	Schizosaccharomycetaceae	5130	81.8
UP000000559	Candida albicans (strain SC5314 / ATCC MYA-2876) (Yeast)	237561	Fungi	Ascomycota	Pichiomycetes	Serinales	Debaryomycetaceae	6041	96.4
UP000001073	Nomascus leucogenys (Northern white-cheeked gibbon) (Hylobates leucogenys)	61853	Metazoa	Chordata	Mammalia	Primates	Hylobatidae	40414	92.3
UP000001074	Myotis lucifugus (Little brown bat)	59463	Metazoa	Chordata	Mammalia	Chiroptera	Vespertilionidae	20651	88.7
UP000001595	Pongo abelii (Sumatran orangutan) (Pongo pygmaeus abelii)	9601	Metazoa	Chordata	Mammalia	Primates	Hominidae	39473	97.4
UP000001811	Oryctolagus cuniculus (Rabbit)	9986	Metazoa	Chordata	Mammalia	Lagomorpha	Leporidae	41466	84.8
UP000002279	Ornithorhynchus anatinus (Duckbill platypus)	9258	Metazoa	Chordata	Mammalia	Monotremata	Ornithorhynchidae	32824	85.6
UP000005215	Ictidomys tridecemlineatus (Thirteen-lined ground squirrel) (Spermophilus tridecemlineatus)	43179	Metazoa	Chordata	Mammalia	Rodentia	Sciuridae	25333	92.9
UP000005225	Otolemur garnettii (Small-eared galago) (Garnett's greater bushbaby)	30611	Metazoa	Chordata	Mammalia	Primates	Galagidae	19931	92.5
UP000005447	Cavia porcellus (Guinea pig)	10141	Metazoa	Chordata	Mammalia	Rodentia	Caviidae	25047	92.6
UP000007267	Pelodiscus sinensis (Chinese softshell turtle) (Trionyx sinensis)	13735	Metazoa	Chordata		Testudines	Trionychidae	20509	91.2
UP000007646	Loxodonta africana (African elephant)	9785	Metazoa	Chordata	Mammalia	Proboscidea	Elephantidae	25615	91.5
UP000007648	Sarcophilus harrisii (Tasmanian devil) (Sarcophilus laniarius)	9305	Metazoa	Chordata	Mammalia	Dasyuromorphia	Dasyuridae	36299	91.1
UP000007754	Taeniopygia guttata (Zebra finch) (Poephila guttata)	59729	Metazoa	Chordata	Aves	Passeriformes	Estrildidae	31341	95.0
UP000008227	Sus scrofa (Pig)	9823	Metazoa	Chordata	Mammalia	Artiodactyla	Suidae	46004	96.7
UP000008912	Ailuropoda melanoleuca (Giant panda)	9646	Metazoa	Chordata	Mammalia	Carnivora	Ursidae	38536	95.0
UP000029965	Chlorocebus sabaeus (Green monkey) (Simia sabaea)	60711	Metazoa	Chordata	Mammalia	Primates	Cercopithecidae	19229	94.0
UP000069940	Aedes albopictus (Asian tiger mosquito) (Stegomyia albopicta)	7160	Metazoa	Arthropoda	Insecta	Diptera	Culicidae	26331	98.4
UP000233040	Cebus imitator (Panamanian white-faced capuchin) (Cebus capucinus imitator)	2715852	Metazoa	Chordata	Mammalia	Primates	Cebidae	40117	94.3
UP000243839	Ipomoea nil (Japanese morning glory) (Pharbitis nil)	35883	Viridiplantae	Streptophyta	Magnoliopsida	Solanales	Convolvulaceae	109	0.1
UP000291000	Capra hircus (Goat)	9925	Metazoa	Chordata	Mammalia	Artiodactyla	Bovidae	32605	96.5
UP000472240	Rhinolophus ferrumequinum (Greater horseshoe bat)	59479	Metazoa	Chordata	Mammalia	Chiroptera	Rhinolophidae	33505	97.3
UP000472266	Strigops habroptila (Kakapo)	2489341	Metazoa	Chordata	Aves	Psittaciformes	Psittacidae	24356	93.2
UP000472275	Aquila chrysaetos chrysaetos	223781	Metazoa	Chordata	Aves	Accipitriformes	Accipitridae	24817	95.7
UP000594220	Crocodylus porosus (Saltwater crocodile) (Estuarine crocodile)	8502	Metazoa	Chordata		Crocodylia	Crocodylidae	27142	91.7
UP000681084	Bothrops jararaca (Jararaca) (Bothrops jajaraca)	8724	Metazoa	Chordata	Lepidosauria	Squamata	Viperidae	84	0.1
UP000694381	Nannospalax galili (Northern Israeli blind subterranean mole rat) (Spalax galili)	1026970	Metazoa	Chordata	Mammalia	Rodentia	Spalacidae	26759	89.8
UP000694385	Jaculus jaculus (Lesser Egyptian jerboa)	51337	Metazoa	Chordata	Mammalia	Rodentia	Dipodidae	25129	84.9
UP000694391	Canis lupus dingo (dingo)	286419	Metazoa	Chordata	Mammalia	Carnivora	Canidae	33928	91.2
UP000694394	Microcebus murinus (Gray mouse lemur) (Lemur murinus)	30608	Metazoa	Chordata	Mammalia	Primates	Cheirogaleidae	36769	92.7
UP000694398	Chinchilla lanigera (Long-tailed chinchilla) (Chinchilla villidera)	34839	Metazoa	Chordata	Mammalia	Rodentia	Chinchillidae	25185	94.1
UP000694399	Panthera leo (Lion)	9689	Metazoa	Chordata	Mammalia	Carnivora	Felidae	31097	95.7
UP000694407	Marmota marmota marmota (Alpine marmot)	9994	Metazoa	Chordata	Mammalia	Rodentia	Sciuridae	27309	91.0
UP000694409	Serinus canaria (Island canary) (Fringilla canaria)	9135	Metazoa	Chordata	Aves	Passeriformes	Fringillidae	23421	92.0
UP000694412	Coturnix japonica (Japanese quail) (Coturnix coturnix japonica)	93934	Metazoa	Chordata	Aves	Galliformes	Phasianidae	27309	95.3
UP000694414	Prolemur simus (Greater bamboo lemur) (Hapalemur simus)	1328070	Metazoa	Chordata	Mammalia	Primates	Lemuridae	37838	93.0
UP000694417	Urocitellus parryii (Arctic ground squirrel) (Spermophilus parryii)	9999	Metazoa	Chordata	Mammalia	Rodentia	Sciuridae	29187	94.6
UP000694426	Anser brachyrhynchus (Pink-footed goose)	132585	Metazoa	Chordata	Aves	Anseriformes	Anatidae	26558	95.0
UP000694540	Catagonus wagneri (Chacoan peccary)	51154	Metazoa	Chordata	Mammalia	Artiodactyla	Tayassuidae	29374	95.5
UP000694544	Moschus moschiferus (Siberian musk deer) (Moschus sibiricus)	68415	Metazoa	Chordata	Mammalia	Artiodactyla	Moschidae	32989	96.8
UP000694547	Peromyscus maniculatus bairdii (Prairie deer mouse)	230844	Metazoa	Chordata	Mammalia	Rodentia	Cricetidae	28057	96.5
UP000694554	Phocoena sinus (Vaquita)	42100	Metazoa	Chordata	Mammalia	Artiodactyla	Phocoenidae	31318	94.5
UP000694561	Monodon monoceros (Narwhal) (Ceratodon monodon)	40151	Metazoa	Chordata	Mammalia	Artiodactyla	Monodontidae	30226	95.8
UP000694564	Sciurus vulgaris (Eurasian red squirrel)	55149	Metazoa	Chordata	Mammalia	Rodentia	Sciuridae	33006	95.9
UP000805418	Canis lupus familiaris (Dog) (Canis familiaris)	9615	Metazoa	Chordata	Mammalia	Carnivora	Canidae	43615	96.2
UP001501940	Amphiprion ocellaris (Clown anemonefish)	80972	Metazoa	Chordata	Actinopteri		Pomacentridae	69194	97.7
UP000000226	Phaseolus vulgaris (Kidney bean) (French bean)	3885	Viridiplantae	Streptophyta	Magnoliopsida	Fabales	Fabaceae	31051	98.1
UP000000267	Vanderwaltozyma polyspora (strain ATCC 22028 / DSM 70294 / BCRC 21397 / CBS 2163 / NBRC 10782 / NRRL Y-8283 / UCD 57-17) (Kluyveromyces polysporus)	436907	Fungi	Ascomycota	Saccharomycetes	Saccharomycetales	Saccharomycetaceae	5353	95.4
UP000000304	Drosophila simulans (Fruit fly)	7240	Metazoa	Arthropoda	Insecta	Diptera	Drosophilidae	15361	81.1
UP000000305	Daphnia pulex (Water flea)	6669	Metazoa	Arthropoda	Branchiopoda	Diplostraca	Daphniidae	30137	94.7
UP000000311	Camponotus floridanus (Florida carpenter ant)	104421	Metazoa	Arthropoda	Insecta	Hymenoptera	Formicidae	14787	89.8
UP000000314	Komagataella phaffii (strain GS115 / ATCC 20864) (Yeast) (Pichia pastoris)	644223	Fungi	Ascomycota	Pichiomycetes	Pichiales	Pichiaceae	5075	93.5
UP000000539	Gallus gallus (Chicken)	9031	Metazoa	Chordata	Aves	Galliformes	Phasianidae	43712	98.2
UP000000542	Leishmania major	5664		Euglenozoa	Kinetoplastea	Trypanosomatida	Trypanosomatidae	8039	100.0
UP000000560	Aspergillus nidulans (strain FGSC A4 / ATCC 38163 / CBS 112.46 / NRRL 194 / M139) (Emericella nidulans)	227321	Fungi	Ascomycota	Eurotiomycetes	Eurotiales	Aspergillaceae	10561	94.2
UP000000561	Mycosarcoma maydis (Corn smut fungus) (Ustilago maydis)	5270	Fungi	Basidiomycota	Ustilaginomycetes	Ustilaginales		6805	99.4
UP000000591	Eremothecium gossypii (strain ATCC 10895 / CBS 109.51 / FGSC 9923 / NRRL Y-1056) (Yeast) (Ashbya gossypii)	284811	Fungi	Ascomycota	Saccharomycetes	Saccharomycetales	Saccharomycetaceae	4760	99.5
UP000000598	Kluyveromyces lactis (strain ATCC 8585 / CBS 2359 / DSM 70799 / NBRC 1267 / NRRL Y-1140 / WM37) (Yeast) (Candida sphaerica)	284590	Fungi	Ascomycota	Saccharomycetes	Saccharomycetales	Saccharomycetaceae	5071	99.5
UP000000599	Debaryomyces hansenii (strain ATCC 36239 / CBS 767 / BCRC 21394 / JCM 1990 / NBRC 0083 / IGC 2968) (Yeast) (Torulaspora hansenii)	284592	Fungi	Ascomycota	Pichiomycetes	Serinales	Debaryomycetaceae	6284	98.7
UP000000600	Paramecium tetraurelia	5888		Ciliophora	Oligohymenophorea	Peniculida	Parameciidae	39350	98.8
UP000000673	Anopheles darlingi (Mosquito)	43151	Metazoa	Arthropoda	Insecta	Diptera	Culicidae	10595	92.5
UP000000689	Naumovozyma dairenensis (strain ATCC 10597 / BCRC 20456 / CBS 421 / NBRC 0211 / NRRL Y-12639) (Saccharomyces dairenensis)	1071378	Fungi	Ascomycota	Saccharomycetes	Saccharomycetales	Saccharomycetaceae	5523	99.3
UP000000707	Candida tenuis (strain ATCC 10573 / BCRC 21748 / CBS 615 / JCM 9827 / NBRC 10315 / NRRL Y-1498 / VKM Y-70) (Yeast) (Yamadazyma tenuis)	590646	Fungi	Ascomycota	Pichiomycetes	Serinales	Debaryomycetaceae	6051	91.1
UP000000709	Spathaspora passalidarum (strain NRRL Y-27907 / 11-Y1)	619300	Fungi	Ascomycota	Pichiomycetes	Serinales	Debaryomycetaceae	5973	92.9
UP000000715	Mustela putorius furo (European domestic ferret) (Mustela furo)	9669	Metazoa	Chordata	Mammalia	Carnivora	Mustelidae	46261	99.2
UP000000724	Penicillium rubens (strain ATCC 28089 / DSM 1075 / NRRL 1951 / Wisconsin 54-1255) (Penicillium chrysogenum)	500485	Fungi	Ascomycota	Eurotiomycetes	Eurotiales	Aspergillaceae	12788	97.2
UP000000759	Phaeodactylum tricornutum (strain CCAP 1055/1)	556484		Bacillariophyta	Bacillariophyceae	Naviculales	Phaeodactylaceae	10465	97.0
UP000000768	Sorghum bicolor (Sorghum) (Sorghum vulgare)	4558	Viridiplantae	Streptophyta	Magnoliopsida	Poales	Poaceae	41412	98.9
UP000000819	Encephalitozoon cuniculi (strain GB-M1) (Microsporidian parasite)	284813	Fungi	Microsporidia			Unikaryonidae	2041	100.0
UP000001038	Oryzias latipes (Japanese rice fish) (Japanese killifish)	8090	Metazoa	Chordata	Actinopteri	Beloniformes	Adrianichthyidae	36128	95.9
UP000001056	Chaetomium globosum (strain ATCC 6205 / CBS 148.51 / DSM 1962 / NBRC 6347 / NRRL 1970) (Soil fungus)	306901	Fungi	Ascomycota	Sordariomycetes	Sordariales	Chaetomiaceae	11036	85.8
UP000001058	Volvox carteri f. nagariensis	3068	Viridiplantae	Chlorophyta	Chlorophyceae	Chlamydomonadales	Volvocaceae	14335	96.6
UP000001064	Dictyostelium purpureum (Slime mold)	5786		Evosea	Eumycetozoa	Dictyosteliales	Dictyosteliaceae	12347	89.0
UP000001067	Pyrenophora teres f. teres (strain 0-1) (Barley net blotch fungus) (Drechslera teres f. teres)	861557	Fungi	Ascomycota	Dothideomycetes	Pleosporales	Pleosporaceae	11705	97.5
UP000001070	Drosophila grimshawi (Hawaiian fruit fly) (Idiomyia grimshawi)	7222	Metazoa	Arthropoda	Insecta	Diptera	Drosophilidae	14754	98.2
UP000001072	Melampsora larici-populina (strain 98AG31 / pathotype 3-4-7) (Poplar leaf rust fungus)	747676	Fungi	Basidiomycota	Pucciniomycetes	Pucciniales	Melampsoraceae	16237	91.4
UP000001197	Podospora anserina (strain S / ATCC MYA-4624 / DSM 980 / FGSC 10383) (Pleurage anserina)	515849	Fungi	Ascomycota	Sordariomycetes	Sordariales	Podosporaceae	10657	98.1
UP000001261	Coccidioides immitis (strain RS) (Valley fever fungus)	246410	Fungi	Ascomycota	Eurotiomycetes	Onygenales	Onygenaceae	9712	98.7
UP000001292	Drosophila sechellia (Fruit fly)	7238	Metazoa	Arthropoda	Insecta	Diptera	Drosophilidae	16129	92.7
UP000001294	Talaromyces marneffei (strain ATCC 18224 / CBS 334.59 / QM 7333) (Penicillium marneffei)	441960	Fungi	Ascomycota	Eurotiomycetes	Eurotiales	Trichocomaceae	10448	97.6
UP000001300	Yarrowia lipolytica (strain CLIB 122 / E 150) (Yeast) (Candida lipolytica)	284591	Fungi	Ascomycota	Dipodascomycetes	Dipodascales		6454	93.2
UP000001307	Oikopleura dioica (Tunicate)	34765	Metazoa	Chordata	Appendicularia	Copelata	Oikopleuridae	17050	66.2
UP000001312	Sclerotinia sclerotiorum (strain ATCC 18683 / 1980 / Ss-1) (White mold) (Whetzelinia sclerotiorum)	665079	Fungi	Ascomycota	Leotiomycetes	Helotiales	Sclerotiniaceae	14445	88.4
UP000001357	Monosiga brevicollis (Choanoflagellate)	81824			Choanoflagellata	Craspedida	Salpingoecidae	9156	78.8
UP000001396	Heterostelium pallidum (strain ATCC 26659 / Pp 5 / PN500) (Cellular slime mold) (Polysphondylium pallidum)	670386		Evosea	Eumycetozoa	Acytosteliales	Acytosteliaceae	12351	86.7
UP000001429	Candida albicans (strain WO-1) (Yeast)	294748	Fungi	Ascomycota	Pichiomycetes	Serinales	Debaryomycetaceae	5742	89.2
UP000001449	Thalassiosira pseudonana (Marine diatom) (Cyclotella nana)	35128		Bacillariophyta	Coscinodiscophyceae	Thalassiosirales	Thalassiosiraceae	11753	97.0
UP000001450	Plasmodium falciparum (isolate 3D7)	36329		Apicomplexa	Aconoidasida	Haemosporida	Plasmodiidae	5361	99.1
UP000001460	Cryptosporidium muris (strain RN66)	441375		Apicomplexa	Conoidasida	Eucoccidiorida	Cryptosporidiidae	3930	99.4
UP000001514	Selaginella moellendorffii (Gemmiferous spikemoss) (Kungiselaginella moellendorffii)	88036	Viridiplantae	Streptophyta	Lycopodiopsida	Selaginellales	Selaginellaceae	33150	77.6
UP000001519	Gorilla gorilla gorilla (Western lowland gorilla)	9595	Metazoa	Chordata	Mammalia	Primates	Hominidae	44723	95.9
UP000001529	Toxoplasma gondii (strain ATCC 50611 / Me49)	508771		Apicomplexa	Conoidasida	Eucoccidiorida	Sarcocystidae	8307	100.0
UP000001554	Branchiostoma floridae (Florida lancelet) (Amphioxus)	7739	Metazoa	Chordata	Leptocardii	Amphioxiformes	Branchiostomatidae	38650	97.5
UP000001568	Ostreococcus lucimarinus (strain CCE9901)	436017	Viridiplantae	Chlorophyta	Mamiellophyceae	Mamiellales	Bathycoccaceae	7403	97.4
UP000001593	Nematostella vectensis (Starlet sea anemone)	45351	Metazoa	Cnidaria	Anthozoa	Actiniaria	Edwardsiidae	24435	89.7
UP000001610	Cordyceps militaris (strain CM01) (Caterpillar fungus)	983644	Fungi	Ascomycota	Sordariomycetes	Hypocreales	Cordycipitaceae	9651	95.9
UP000001628	Paracoccidioides brasiliensis (strain Pb18)	502780	Fungi	Ascomycota	Eurotiomycetes	Onygenales	Ajellomycetaceae	8399	96.6
UP000001631	Ajellomyces capsulatus (strain G186AR / H82 / ATCC MYA-2454 / RMSCC 2432) (Darling's disease fungus) (Histoplasma capsulatum)	447093	Fungi	Ascomycota	Eurotiomycetes	Onygenales	Ajellomycetaceae	9214	96.4
UP000001640	Naumovozyma castellii (Yeast) (Saccharomyces castellii)	27288	Fungi	Ascomycota	Saccharomycetes	Saccharomycetales	Saccharomycetaceae	5565	98.8
UP000001645	Meleagris gallopavo (Wild turkey)	9103	Metazoa	Chordata	Aves	Galliformes	Phasianidae	28235	87.5
UP000001646	Anolis carolinensis (Green anole) (American chameleon)	28377	Metazoa	Chordata	Lepidosauria	Squamata	Dactyloidae	32752	86.3
UP000001699	Aspergillus fumigatus (strain CBS 144.89 / FGSC A1163 / CEA10) (Neosartorya fumigata)	451804	Fungi	Ascomycota	Eurotiomycetes	Eurotiales	Aspergillaceae	9942	96.0
UP000001744	Schizosaccharomyces japonicus (strain yFS275 / FY16936) (Fission yeast)	402676	Fungi	Ascomycota	Schizosaccharomycetes	Schizosaccharomycetales	Schizosaccharomycetaceae	4862	81.2
UP000001745	Talaromyces stipitatus (strain ATCC 10500 / CBS 375.48 / QM 6759 / NRRL 1006) (Penicillium stipitatum)	441959	Fungi	Ascomycota	Eurotiomycetes	Eurotiales	Trichocomaceae	13021	97.3
UP000001798	Botrytis cinerea (strain B05.10) (Noble rot fungus) (Botryotinia fuckeliana)	332648	Fungi	Ascomycota	Leotiomycetes	Helotiales	Sclerotiniaceae	13036	99.8
UP000001805	Neurospora crassa (strain ATCC 24698 / 74-OR23-1A / CBS 708.71 / DSM 1257 / FGSC 987)	367110	Fungi	Ascomycota	Sordariomycetes	Sordariales	Sordariaceae	10255	99.2
UP000001819	Drosophila pseudoobscura pseudoobscura (Fruit fly)	46245	Metazoa	Arthropoda	Insecta	Diptera	Drosophilidae	23331	99.8
UP000001861	Coprinopsis cinerea (strain Okayama-7 / 130 / ATCC MYA-4618 / FGSC 9003) (Inky cap fungus) (Hormographiella aspergillata)	240176	Fungi	Basidiomycota	Agaricomycetes	Agaricales	Psathyrellaceae	13335	95.8
UP000001876	Micromonas pusilla (strain CCMP1545) (Picoplanktonic green alga)	564608	Viridiplantae	Chlorophyta	Mamiellophyceae	Mamiellales	Mamiellaceae	10250	97.0
UP000001881	Sordaria macrospora (strain ATCC MYA-333 / DSM 997 / K(L3346) / K-hell)	771870	Fungi	Ascomycota	Sordariomycetes	Sordariales	Sordariaceae	9890	96.4
UP000001926	Entamoeba histolytica (strain ATCC 30459 / HM-1:IMSS / ABRM)	294381		Evosea		Mastigamoebida	Entamoebidae	7967	52.5
UP000001949	Theileria parva (East coast fever infection agent)	5875		Apicomplexa	Aconoidasida	Piroplasmida	Theileriidae	2788	98.1
UP000001950	Theileria annulata	5874		Apicomplexa	Aconoidasida	Piroplasmida	Theileriidae	3790	93.5
UP000001996	Lodderomyces elongisporus (strain ATCC 11503 / CBS 2605 / JCM 1781 / NBRC 1676 / NRRL YB-4239) (Yeast) (Saccharomyces elongisporus)	379508	Fungi	Ascomycota	Pichiomycetes	Serinales	Debaryomycetaceae	5779	87.6
UP000001997	Meyerozyma guilliermondii (strain ATCC 6260 / CBS 566 / DSM 6381 / JCM 1539 / NBRC 10279 / NRRL Y-324) (Yeast) (Candida guilliermondii)	294746	Fungi	Ascomycota	Pichiomycetes	Serinales	Debaryomycetaceae	5919	90.7
UP000002009	Micromonas commoda (Picoplanktonic green alga)	296587	Viridiplantae	Chlorophyta	Mamiellophyceae	Mamiellales	Mamiellaceae	10115	98.0
UP000002035	Arthroderma otae (strain ATCC MYA-4605 / CBS 113480) (Microsporum canis)	554155	Fungi	Ascomycota	Eurotiomycetes	Onygenales	Arthrodermataceae	8764	97.8
UP000002036	Lachancea thermotolerans (strain ATCC 56472 / CBS 6340 / NRRL Y-8284) (Yeast) (Kluyveromyces thermotolerans)	559295	Fungi	Ascomycota	Saccharomycetes	Saccharomycetales	Saccharomycetaceae	5093	99.8
UP000002037	Candida tropicalis (strain ATCC MYA-3404 / T1) (Yeast)	294747	Fungi	Ascomycota	Pichiomycetes	Serinales	Debaryomycetaceae	6226	90.6
UP000002038	Blastomyces gilchristii (strain SLH14081) (Blastomyces dermatitidis)	559298	Fungi	Ascomycota	Eurotiomycetes	Onygenales	Ajellomycetaceae	10303	97.3
UP000002039	Ajellomyces dermatitidis (strain ER-3 / ATCC MYA-2586) (Blastomyces dermatitidis)	559297	Fungi	Ascomycota	Eurotiomycetes	Onygenales	Ajellomycetaceae	10398	97.7
UP000002058	Uncinocarpus reesii (strain UAMH 1704) (Gymnoascus siglerae)	336963	Fungi	Ascomycota	Eurotiomycetes	Onygenales	Onygenaceae	7760	85.6
UP000002059	Paracoccidioides lutzii (strain ATCC MYA-826 / Pb01) (Paracoccidioides brasiliensis)	502779	Fungi	Ascomycota	Eurotiomycetes	Onygenales	Ajellomycetaceae	8811	97.2
UP000002149	Cryptococcus deneoformans (strain JEC21 / ATCC MYA-565) (Cryptococcus neoformans var. neoformans serotype D)	214684	Fungi	Basidiomycota	Tremellomycetes	Tremellales	Cryptococcaceae	6740	99.5
UP000002226	Toxoplasma gondii (strain ATCC 50861 / VEG)	432359		Apicomplexa	Conoidasida	Eucoccidiorida	Sarcocystidae	8404	99.4
UP000002258	Scheffersomyces stipitis (strain ATCC 58785 / CBS 6054 / NBRC 10063 / NRRL Y-11545) (Yeast) (Pichia stipitis)	322104	Fungi	Ascomycota	Pichiomycetes	Serinales	Debaryomycetaceae	5797	96.4
UP000002277	Pan troglodytes (Chimpanzee)	9598	Metazoa	Chordata	Mammalia	Primates	Hominidae	48769	97.8
UP000002280	Monodelphis domestica (Gray short-tailed opossum)	13616	Metazoa	Chordata	Mammalia	Didelphimorphia	Didelphidae	36220	87.4
UP000002281	Equus caballus (Horse)	9796	Metazoa	Chordata	Mammalia	Perissodactyla	Equidae	69432	96.4
UP000002282	Drosophila yakuba (Fruit fly)	7245	Metazoa	Arthropoda	Insecta	Diptera	Drosophilidae	20727	99.4
UP000002296	Trypanosoma cruzi (strain CL Brener)	353153		Euglenozoa	Kinetoplastea	Trypanosomatida	Trypanosomatidae	19242	97.7
UP000002313	Encephalitozoon intestinalis (strain ATCC 50506) (Microsporidian parasite) (Septata intestinalis)	876142	Fungi	Microsporidia			Unikaryonidae	1934	99.3
UP000002320	Culex quinquefasciatus (Southern house mosquito) (Culex pungens)	7176	Metazoa	Arthropoda	Insecta	Diptera	Culicidae	18868	91.0
UP000002358	Nasonia vitripennis (Parasitic wasp)	7425	Metazoa	Arthropoda	Insecta	Hymenoptera	Pteromalidae	24858	96.2
UP000002428	Candida glabrata (strain ATCC 2001 / BCRC 20586 / JCM 3761 / NBRC 0622 / NRRL Y-65 / CBS 138) (Yeast) (Nakaseomyces glabratus)	284593	Fungi	Ascomycota	Saccharomycetes	Saccharomycetales	Saccharomycetaceae	5200	99.4
UP000002498	Metarhizium robertsii (strain ARSEF 23 / ATCC MYA-3075) (Metarhizium anisopliae (strain ARSEF 23))	655844	Fungi	Ascomycota	Sordariomycetes	Hypocreales	Clavicipitaceae	11684	98.6
UP000002499	Metarhizium acridum (strain CQMa 102)	655827	Fungi	Ascomycota	Sordariomycetes	Hypocreales	Clavicipitaceae	9830	95.3
UP000002530	Aspergillus fumigatus (strain ATCC MYA-4609 / CBS 101355 / FGSC A1100 / Af293) (Neosartorya fumigata)	330879	Fungi	Ascomycota	Eurotiomycetes	Eurotiales	Aspergillaceae	9647	96.9
UP000002605	Candida dubliniensis (strain CD36 / ATCC MYA-646 / CBS 7987 / NCPF 3949 / NRRL Y-17841) (Yeast)	573826	Fungi	Ascomycota	Pichiomycetes	Serinales	Debaryomycetaceae	5829	97.1
UP000002640	Phytophthora sojae (strain P6497) (Soybean stem and root rot agent) (Phytophthora megasperma f. sp. glycines)	1094619		Oomycota	Peronosporomycetes	Peronosporales	Peronosporaceae	25721	99.0
UP000002668	Leptosphaeria maculans (strain JN3 / isolate v23.1.3 / race Av1-4-5-6-7-8) (Blackleg fungus) (Phoma lingam)	985895	Fungi	Ascomycota	Dothideomycetes	Pleosporales	Leptosphaeriaceae	12608	90.7
UP000002669	Nannizzia gypsea (strain ATCC MYA-4604 / CBS 118893) (Arthroderma gypseum)	535722	Fungi	Ascomycota	Eurotiomycetes	Onygenales	Arthrodermataceae	8921	98.5
UP000002729	Aureococcus anophagefferens (Harmful bloom alga)	44056			Pelagophyceae	Pelagomonadales	Pelagomonadaceae	11501	85.0
UP000002753	Saccharomyces kudriavzevii (strain ATCC MYA-4449 / AS 2.2408 / CBS 8840 / NBRC 1802 / NCYC 2889) (Yeast)	226230	Fungi	Ascomycota	Saccharomycetes	Saccharomycetales	Saccharomycetaceae	3745	64.3
UP000002762	Beauveria bassiana (strain ARSEF 2860) (White muscardine disease fungus) (Tritirachium shiotae)	655819	Fungi	Ascomycota	Sordariomycetes	Hypocreales	Cordycipitaceae	10363	98.3
UP000002852	Xiphophorus maculatus (Southern platyfish) (Platypoecilus maculatus)	8083	Metazoa	Chordata	Actinopteri	Cyprinodontiformes	Poeciliidae	35279	92.5
UP000002866	Henningerozyma blattae (strain ATCC 34711 / CBS 6284 / DSM 70876 / NBRC 10599 / NRRL Y-10934 / UCD 77-7) (Yeast) (Tetrapisispora blattae)	1071380	Fungi	Ascomycota	Saccharomycetes	Saccharomycetales	Saccharomycetaceae	5385	97.8
UP000002872	Nematocida parisii (strain ERTm3) (Nematode killer fungus)	935791	Fungi	Microsporidia				2724	95.0
UP000002899	Babesia microti (strain RI)	1133968		Apicomplexa	Aconoidasida	Piroplasmida	Babesiidae	3595	95.1
UP000003786	Theileria orientalis strain Shintoku	869250		Apicomplexa	Aconoidasida	Piroplasmida	Theileriidae	3996	94.2
UP000004994	Solanum lycopersicum (Tomato) (Lycopersicon esculentum)	4081	Viridiplantae	Streptophyta	Magnoliopsida	Solanales	Solanaceae	34663	92.4
UP000004995	Setaria italica (Foxtail millet) (Panicum italicum)	4555	Viridiplantae	Streptophyta	Magnoliopsida	Poales	Poaceae	39466	94.2
UP000005018	Lodderomyces orthopsilosis (strain 90-125) (Yeast) (Candida orthopsilosis)	1136231	Fungi	Ascomycota	Pichiomycetes	Serinales	Debaryomycetaceae	5676	96.7
UP000005203	Apis mellifera (Honeybee)	7460	Metazoa	Arthropoda	Insecta	Hymenoptera	Apidae	19057	98.9
UP000005204	Bombyx mori (Silk moth)	7091	Metazoa	Arthropoda	Insecta	Lepidoptera	Bombycidae	23640	93.7
UP000005205	Atta cephalotes (Leafcutter ant)	12957	Metazoa	Arthropoda	Insecta	Hymenoptera	Formicidae	10634	95.3
UP000005207	Oreochromis niloticus (Nile tilapia) (Tilapia nilotica)	8128	Metazoa	Chordata	Actinopteri	Cichliformes	Cichlidae	74622	97.3
UP000005220	Kazachstania africana (strain ATCC 22294 / BCRC 22015 / CBS 2517 / CECT 1963 / NBRC 1671 / NRRL Y-8276) (Yeast) (Kluyveromyces africanus)	1071382	Fungi	Ascomycota	Saccharomycetes	Saccharomycetales	Saccharomycetaceae	5354	99.3
UP000005221	Lodderomyces parapsilosis (strain CDC 317 / ATCC MYA-4646) (Yeast) (Candida parapsilosis)	578454	Fungi	Ascomycota	Pichiomycetes	Serinales	Debaryomycetaceae	5777	96.2
UP000005222	Pichia sorbitophila (strain ATCC MYA-4447 / BCRC 22081 / CBS 7064 / NBRC 10061 / NRRL Y-12695) (Hybrid yeast)	559304	Fungi	Ascomycota	Pichiomycetes	Serinales	Debaryomycetaceae	8826	96.7
UP000005226	Takifugu rubripes (Japanese pufferfish) (Fugu rubripes)	31033	Metazoa	Chordata	Actinopteri	Tetraodontiformes	Tetraodontidae	51079	92.8
UP000005237	Caenorhabditis japonica	281687	Metazoa	Nematoda	Chromadorea	Rhabditida	Rhabditidae	35024	81.2
UP000005238	Phytophthora ramorum (Sudden oak death agent)	164328		Oomycota	Peronosporomycetes	Peronosporales	Peronosporaceae	15350	97.0
UP000005239	Pristionchus pacificus (Parasitic nematode worm)	54126	Metazoa	Nematoda	Chromadorea	Rhabditida	Neodiplogasteridae	26122	80.1
UP000005240	Puccinia triticina (isolate 1-1 / race 1 (BBBD)) (Brown leaf rust fungus)	630390	Fungi	Basidiomycota	Pucciniomycetes	Pucciniales	Pucciniaceae	15356	72.1
UP000005242	Wallemia mellicola (strain ATCC MYA-4683 / CBS 633.66) (Wallemia sebi (CBS 633.66))	671144	Fungi	Basidiomycota	Wallemiomycetes	Wallemiales	Wallemiaceae	5262	90.6
UP000005408	Magallana gigas (Pacific oyster) (Crassostrea gigas)	29159	Metazoa	Mollusca	Bivalvia	Ostreida	Ostreidae	57874	96.1
UP000005426	Trichoderma atroviride (strain ATCC 20476 / IMI 206040) (Hypocrea atroviridis)	452589	Fungi	Ascomycota	Sordariomycetes	Hypocreales	Hypocreaceae	11815	97.9
UP000005446	Glarea lozoyensis (strain ATCC 74030 / MF5533)	1104152	Fungi	Ascomycota	Leotiomycetes	Helotiales	Helotiaceae	7926	32.4
UP000005627	Torulaspora delbrueckii (strain ATCC 10662 / CBS 1146 / NBRC 0425 / NCYC 2629 / NRRL Y-866) (Yeast) (Candida colliculosa)	1076872	Fungi	Ascomycota	Saccharomycetes	Saccharomycetales	Saccharomycetaceae	4974	99.9
UP000005666	Tetrapisispora phaffii (strain ATCC 24235 / CBS 4417 / NBRC 1672 / NRRL Y-8282 / UCD 70-5) (Yeast) (Fabospora phaffii)	1071381	Fungi	Ascomycota	Saccharomycetes	Saccharomycetales	Saccharomycetaceae	5235	99.5
UP000006038	Oryza brachyantha (Wild rice)	4533	Viridiplantae	Streptophyta	Magnoliopsida	Poales	Poaceae	31989	90.1
UP000006039	Gaeumannomyces tritici (strain R3-111a-1) (Wheat and barley take-all root rot fungus) (Gaeumannomyces graminis var. tritici)	644352	Fungi	Ascomycota	Sordariomycetes	Magnaporthales	Magnaporthaceae	14597	98.1
UP000006174	Ustilago hordei (Barley covered smut fungus)	120017	Fungi	Basidiomycota	Ustilaginomycetes	Ustilaginales	Ustilaginaceae	7111	99.4
UP000006310	Huiozyma naganishii (strain ATCC MYA-139 / BCRC 22969 / CBS 8797 / KCTC 17520 / NBRC 10181 / NCYC 3082 / Yp74L-3) (Yeast) (Kazachstania naganishii)	1071383	Fungi	Ascomycota	Saccharomycetes	Saccharomycetales	Saccharomycetaceae	5301	99.2
UP000006319	Plasmodium cynomolgi (strain B)	1120755		Apicomplexa	Aconoidasida	Haemosporida	Plasmodiidae	5713	79.1
UP000006352	Fibroporia radiculosa	599839	Fungi	Basidiomycota	Agaricomycetes	Polyporales	Fibroporiaceae	9251	90.7
UP000006564	Aspergillus oryzae (strain ATCC 42149 / RIB 40) (Yellow koji mold)	510516	Fungi	Ascomycota	Eurotiomycetes	Eurotiales	Aspergillaceae	12061	83.6
UP000006591	Oryza nivara (Indian wild rice) (Oryza sativa f. spontanea)	4536	Viridiplantae	Streptophyta	Magnoliopsida	Poales	Poaceae	46176	95.8
UP000006643	Phytophthora infestans (strain T30-4) (Potato late blight agent)	403677		Oomycota	Peronosporomycetes	Peronosporales	Peronosporaceae	17610	100.0
UP000006671	Naegleria gruberi (Amoeba)	5762		Heterolobosea	Eutetramitea	Acrasida	Naegleriidae	15636	79.6
UP000006672	Brugia malayi (Filarial nematode worm)	6279	Metazoa	Nematoda	Chromadorea	Rhabditida	Onchocercidae	15168	98.9
UP000006701	Aspergillus clavatus (strain ATCC 1007 / CBS 513.65 / DSM 816 / NCTC 3887 / NRRL 1 / QM 1276 / 107)	344612	Fungi	Ascomycota	Eurotiomycetes	Eurotiales	Aspergillaceae	9120	98.7
UP000006702	Aspergillus fischeri (strain ATCC 1020 / DSM 3700 / CBS 544.65 / FGSC A1164 / JCM 1740 / NRRL 181 / WB 181) (Neosartorya fischeri)	331117	Fungi	Ascomycota	Eurotiomycetes	Eurotiales	Aspergillaceae	10387	98.3
UP000006706	Aspergillus niger (strain ATCC MYA-4892 / CBS 513.88 / FGSC A1513)	425011	Fungi	Ascomycota	Eurotiomycetes	Eurotiales	Aspergillaceae	14085	93.6
UP000006718	Macaca mulatta (Rhesus macaque)	9544	Metazoa	Chordata	Mammalia	Primates	Cercopithecidae	44389	97.6
UP000006729	Populus trichocarpa (Western balsam poplar) (Populus balsamifera subsp. trichocarpa)	3694	Viridiplantae	Streptophyta	Magnoliopsida	Malpighiales	Salicaceae	77340	99.0
UP000006753	Drepanopeziza brunnea f. sp. multigermtubi (strain MB_m1) (Marssonina leaf spot fungus) (Marssonina brunnea f. sp. multigermtubi)	1072389	Fungi	Ascomycota	Leotiomycetes	Helotiales	Drepanopezizaceae	10037	97.7
UP000006757	Trichosporon asahii var. asahii (strain CBS 8904) (Yeast)	1220162	Fungi	Basidiomycota	Tremellomycetes	Trichosporonales	Trichosporonaceae	8515	83.5
UP000006790	Eremothecium cymbalariae (strain CBS 270.75 / DBVPG 7215 / KCTC 17166 / NRRL Y-17582) (Yeast)	931890	Fungi	Ascomycota	Saccharomycetes	Saccharomycetales	Saccharomycetaceae	4429	93.9
UP000006853	Komagataella phaffii (strain ATCC 76273 / CBS 7435 / CECT 11047 / NRRL Y-11430 / Wegner 21-1) (Yeast) (Pichia pastoris)	981350	Fungi	Ascomycota	Pichiomycetes	Pichiales	Pichiaceae	5284	94.2
UP000006882	Prunus persica (Peach) (Amygdalus persica)	3760	Viridiplantae	Streptophyta	Magnoliopsida	Rosales	Rosaceae	38738	99.1
UP000006906	Chlamydomonas reinhardtii (Chlamydomonas smithii)	3055	Viridiplantae	Chlorophyta	Chlorophyceae	Chlamydomonadales	Chlamydomonadaceae	18840	98.9
UP000006911	Tuber melanosporum (strain Mel28) (Perigord black truffle)	656061	Fungi	Ascomycota	Pezizomycetes	Pezizales	Tuberaceae	7494	90.2
UP000006968	Saccharomyces arboricola (strain H-6 / AS 2.3317 / CBS 10644) (Yeast)	1160507	Fungi	Ascomycota	Saccharomycetes	Saccharomycetales	Saccharomycetaceae	3653	74.7
UP000007014	Cyanidioschyzon merolae (strain NIES-3377 / 10D) (Unicellular red alga)	280699		Rhodophyta	Bangiophyceae	Cyanidiales	Cyanidiaceae	5029	72.5
UP000007015	Oryza sativa subsp. indica (Rice)	39946	Viridiplantae	Streptophyta	Magnoliopsida	Poales	Poaceae	37440	93.4
UP000007062	Anopheles gambiae (African malaria mosquito)	7165	Metazoa	Arthropoda	Insecta	Diptera	Culicidae	14559	99.0
UP000007110	Strongylocentrotus purpuratus (Purple sea urchin)	7668	Metazoa	Echinodermata	Echinoidea	Camarodonta	Strongylocentrotidae	34417	99.4
UP000007115	Hypocrea virens (strain Gv29-8 / FGSC 10586) (Gliocladium virens) (Trichoderma virens)	413071	Fungi	Ascomycota	Sordariomycetes	Hypocreales	Hypocreaceae	12389	98.7
UP000007148	Serendipita indica (strain DSM 11827) (Root endophyte fungus) (Piriformospora indica)	1109443	Fungi	Basidiomycota	Agaricomycetes	Sebacinales	Serendipitaceae	11780	88.9
UP000007151	Danaus plexippus plexippus	278856	Metazoa	Arthropoda	Insecta	Lepidoptera	Nymphalidae	15140	93.0
UP000007241	Batrachochytrium dendrobatidis (strain JAM81 / FGSC 10211) (Frog chytrid fungus)	684364	Fungi	Chytridiomycota	Chytridiomycetes	Rhizophydiales		8610	89.7
UP000007258	Leishmania braziliensis	5660		Euglenozoa	Kinetoplastea	Trypanosomatida	Trypanosomatidae	8084	97.7
UP000007259	Leishmania mexicana (strain MHOM/GT/2001/U1103)	929439		Euglenozoa	Kinetoplastea	Trypanosomatida	Trypanosomatidae	8044	99.2
UP000007264	Coccomyxa subellipsoidea (strain C-169) (Green microalga)	574566	Viridiplantae	Chlorophyta	Trebouxiophyceae		Coccomyxaceae	9799	98.1
UP000007266	Tribolium castaneum (Red flour beetle)	7070	Metazoa	Arthropoda	Insecta	Coleoptera	Tenebrionidae	18505	98.0
UP000007303	Tetraodon nigroviridis (Spotted green pufferfish) (Chelonodon nigroviridis)	99883	Metazoa	Chordata	Actinopteri	Tetraodontiformes	Tetraodontidae	23074	83.2
UP000007304	Exophiala dermatitidis (strain ATCC 34100 / CBS 525.76 / NIH/UT8656) (Black yeast) (Wangiella dermatitidis)	858893	Fungi	Ascomycota	Eurotiomycetes	Chaetothyriales	Herpotrichiellaceae	9391	97.3
UP000007305	Zea mays (Maize)	4577	Viridiplantae	Streptophyta	Magnoliopsida	Poales	Poaceae	63237	96.6
UP000007306	Oryza glaberrima (African rice)	4538	Viridiplantae	Streptophyta	Magnoliopsida	Poales	Poaceae	31807	87.4
UP000007322	Thermothelomyces thermophilus (strain ATCC 42464 / BCRC 31852 / DSM 1799) (Sporotrichum thermophile)	573729	Fungi	Ascomycota	Sordariomycetes	Sordariales	Chaetomiaceae	9079	95.5
UP000007350	Trypanosoma cruzi marinkellei	85056		Euglenozoa	Kinetoplastea	Trypanosomatida	Trypanosomatidae	10052	98.5
UP000007635	Gasterosteus aculeatus aculeatus (three-spined stickleback)	481459	Metazoa	Chordata	Actinopteri	Perciformes	Gasterosteidae	61640	96.5
UP000007703	Clavispora lusitaniae (strain ATCC 42720) (Yeast) (Candida lusitaniae)	306902	Fungi	Ascomycota	Pichiomycetes	Serinales	Metschnikowiaceae	5932	88.0
UP000007755	Acromyrmex echinatior (Panamanian leafcutter ant) (Acromyrmex octospinosus echinatior)	103372	Metazoa	Arthropoda	Insecta	Hymenoptera	Formicidae	13962	89.5
UP000007796	Grosmannia clavigera (strain kw1407 / UAMH 11150) (Blue stain fungus) (Graphiocladiella clavigera)	655863	Fungi	Ascomycota	Sordariomycetes	Ophiostomatales	Ophiostomataceae	8311	93.7
UP000007797	Cavenderia fasciculata (Slime mold) (Dictyostelium fasciculatum)	261658		Evosea	Eumycetozoa	Acytosteliales	Cavenderiaceae	12152	90.6
UP000007798	Drosophila willistoni (Fruit fly)	7260	Metazoa	Arthropoda	Insecta	Diptera	Drosophilidae	14806	99.0
UP000007799	Salpingoeca rosetta (Choanoflagellate)	946362			Choanoflagellata	Craspedida	Salpingoecidae	11698	83.1
UP000007800	Perkinsus marinus (strain ATCC 50983 / TXsc)	423536		Perkinsozoa		Perkinsida	Perkinsidae	23114	96.5
UP000007801	Drosophila ananassae (Fruit fly)	7217	Metazoa	Arthropoda	Insecta	Diptera	Drosophilidae	19362	99.5
UP000007805	Cryptococcus gattii serotype B (strain WM276 / ATCC MYA-4071) (Filobasidiella gattii) (Cryptococcus bacillisporus)	367775	Fungi	Basidiomycota	Tremellomycetes	Tremellales	Cryptococcaceae	6560	97.9
UP000007819	Acyrthosiphon pisum (Pea aphid)	7029	Metazoa	Arthropoda	Insecta	Hemiptera	Aphididae	23442	99.2
UP000007875	Ciona savignyi (Pacific transparent sea squirt)	51511	Metazoa	Chordata	Ascidiacea	Phlebobranchia	Cionidae	20004	68.3
UP000007879	Amphimedon queenslandica (Sponge)	400682	Metazoa	Porifera	Demospongiae	Haplosclerida	Niphatidae	22831	90.8
UP000008021	Oryza meridionalis	40149	Viridiplantae	Streptophyta	Magnoliopsida	Poales	Poaceae	40192	83.1
UP000008022	Oryza rufipogon (Brownbeard rice) (Asian wild rice)	4529	Viridiplantae	Streptophyta	Magnoliopsida	Poales	Poaceae	45598	95.6
UP000008062	Zymoseptoria tritici (strain CBS 115943 / IPO323) (Speckled leaf blotch fungus) (Septoria tritici)	336722	Fungi	Ascomycota	Dothideomycetes	Mycosphaerellales	Mycosphaerellaceae	10951	93.4
UP000008063	Serpula lacrymans var. lacrymans (strain S7.3) (Dry rot fungus)	936435	Fungi	Basidiomycota	Agaricomycetes	Boletales	Serpulaceae	14339	88.7
UP000008065	Neurospora tetrasperma (strain FGSC 2508 / ATCC MYA-4615 / P0657)	510951	Fungi	Ascomycota	Sordariomycetes	Sordariales	Sordariaceae	10378	95.7
UP000008066	Thermochaetoides thermophila (strain DSM 1495 / CBS 144.50 / DAOM 24625 / IMI 039719) (Chaetomium thermophilum)	759272	Fungi	Ascomycota	Sordariomycetes	Sordariales	Chaetomiaceae	7186	93.7
UP000008068	Caenorhabditis brenneri (Nematode worm)	135651	Metazoa	Nematoda	Chromadorea	Rhabditida	Rhabditidae	29982	94.7
UP000008076	Entamoeba dispar (strain ATCC PRA-260 / SAW760)	370354		Evosea		Mastigamoebida	Entamoebidae	8606	51.8
UP000008141	Chlorella variabilis (Green alga)	554065	Viridiplantae	Chlorophyta	Trebouxiophyceae	Chlorellales	Chlorellaceae	9751	92.9
UP000008143	Xenopus tropicalis (Western clawed frog) (Silurana tropicalis)	8364	Metazoa	Chordata	Amphibia	Anura	Pipidae	37711	96.8
UP000008144	Ciona intestinalis (Transparent sea squirt) (Ascidia intestinalis)	7719	Metazoa	Chordata	Ascidiacea	Phlebobranchia	Cionidae	17311	78.7
UP000008153	Leishmania infantum	5671		Euglenozoa	Kinetoplastea	Trypanosomatida	Trypanosomatidae	8045	100.0
UP000008181	Thermothielavioides terrestris (strain ATCC 38088 / NRRL 8126) (Thielavia terrestris)	578455	Fungi	Ascomycota	Sordariomycetes	Sordariales	Chaetomiaceae	9760	95.5
UP000008225	Callithrix jacchus (White-tufted-ear marmoset) (Simia Jacchus)	9483	Metazoa	Chordata	Mammalia	Primates	Cebidae	48338	96.0
UP000008237	Harpegnathos saltator (Jerdon's jumping ant)	610380	Metazoa	Arthropoda	Insecta	Hymenoptera	Formicidae	15029	87.2
UP000008281	Caenorhabditis remanei (Caenorhabditis vulgaris)	31234	Metazoa	Nematoda	Chromadorea	Rhabditida	Rhabditidae	31252	98.8
UP000008312	Blastocystis hominis	12968			Bigyra	Opalinata	Blastocystidae	5820	85.0
UP000008335	Saccharomyces cerevisiae (strain RM11-1a) (Baker's yeast)	285006	Fungi	Ascomycota	Saccharomycetes	Saccharomycetales	Saccharomycetaceae	5357	95.0
UP000008370	Phanerochaete carnosa (strain HHB-10118-sp) (White-rot fungus) (Peniophora carnosa)	650164	Fungi	Basidiomycota	Agaricomycetes	Polyporales	Phanerochaetaceae	13867	88.6
UP000008383	Trichophyton verrucosum (strain HKI 0517)	663202	Fungi	Ascomycota	Eurotiomycetes	Onygenales	Arthrodermataceae	8028	86.6
UP000008493	Agaricus bisporus var. burnettii (strain JB137-S8 / ATCC MYA-4627 / FGSC 10392) (White button mushroom)	597362	Fungi	Basidiomycota	Agaricomycetes	Agaricales	Agaricaceae	11211	92.2
UP000008524	Trypanosoma brucei brucei (strain 927/4 GUTat10.1)	185431		Euglenozoa	Kinetoplastea	Trypanosomatida	Trypanosomatidae	8588	97.7
UP000008672	Latimeria chalumnae (Coelacanth)	7897	Metazoa	Chordata		Coelacanthiformes	Coelacanthidae	23431	89.1
UP000008673	Ogataea parapolymorpha (strain ATCC 26012 / BCRC 20466 / JCM 22074 / NRRL Y-7560 / DL-1) (Yeast) (Hansenula polymorpha)	871575	Fungi	Ascomycota	Pichiomycetes	Pichiales	Pichiaceae	5319	93.0
UP000008694	Arabidopsis lyrata subsp. lyrata (Lyre-leaved rock-cress)	81972	Viridiplantae	Streptophyta	Magnoliopsida	Brassicales	Brassicaceae	32161	95.9
UP000008698	Verticillium alfalfae (strain VaMs.102 / ATCC MYA-4576 / FGSC 10136) (Verticillium wilt of alfalfa) (Verticillium albo-atrum)	526221	Fungi	Ascomycota	Sordariomycetes	Glomerellales	Plectosphaerellaceae	10233	63.8
UP000008711	Drosophila erecta (Fruit fly)	7220	Metazoa	Arthropoda	Insecta	Diptera	Drosophilidae	17348	99.3
UP000008743	Capsaspora owczarzaki (strain ATCC 30864)	595528			Filasterea			9794	93.7
UP000008744	Drosophila persimilis (Fruit fly)	7234	Metazoa	Arthropoda	Insecta	Diptera	Drosophilidae	16754	88.8
UP000008782	Colletotrichum graminicola (strain M1.001 / M2 / FGSC 10212) (Maize anthracnose fungus) (Glomerella graminicola)	645133	Fungi	Ascomycota	Sordariomycetes	Glomerellales	Glomerellaceae	12019	98.5
UP000008783	Puccinia graminis f. sp. tritici (strain CRL 75-36-700-3 / race SCCL) (Black stem rust fungus)	418459	Fungi	Basidiomycota	Pucciniomycetes	Pucciniales	Pucciniaceae	15808	91.8
UP000008784	Arthrobotrys oligospora (strain ATCC 24927 / CBS 115.81 / DSM 1491) (Nematode-trapping fungus) (Didymozoophaga oligospora)	756982	Fungi	Ascomycota	Orbiliomycetes	Orbiliales	Orbiliaceae	11478	96.1
UP000008792	Drosophila virilis (Fruit fly)	7244	Metazoa	Arthropoda	Insecta	Diptera	Drosophilidae	18316	99.2
UP000008810	Brachypodium distachyon (Purple false brome) (Trachynia distachya)	15368	Viridiplantae	Streptophyta	Magnoliopsida	Poales	Poaceae	44786	99.0
UP000008820	Aedes aegypti (Yellowfever mosquito) (Culex aegypti)	7159	Metazoa	Arthropoda	Insecta	Diptera	Culicidae	20643	99.5
UP000008827	Glycine max (Soybean) (Glycine hispida)	3847	Viridiplantae	Streptophyta	Magnoliopsida	Fabales	Fabaceae	74859	99.2
UP000008837	Malassezia globosa (strain ATCC MYA-4612 / CBS 7966) (Dandruff-associated fungus)	425265	Fungi	Basidiomycota	Malasseziomycetes	Malasseziales	Malasseziaceae	4271	73.8
UP000008854	Schistosoma mansoni (Blood fluke)	6183	Metazoa	Platyhelminthes	Trematoda	Strigeidida	Schistosomatidae	10771	75.3
UP000008864	Trichophyton rubrum (strain ATCC MYA-4607 / CBS 118892) (Athlete's foot fungus)	559305	Fungi	Ascomycota	Eurotiomycetes	Onygenales	Arthrodermataceae	10005	84.4
UP000008866	Trichophyton mentagrophytes (strain ATCC MYA-4681 / CBS 112371) (Arthroderma benhamiae)	663331	Fungi	Ascomycota	Eurotiomycetes	Onygenales	Arthrodermataceae	7976	88.0
UP000008867	Sporisorium reilianum (strain SRZ2) (Maize head smut fungus)	999809	Fungi	Basidiomycota	Ustilaginomycetes	Ustilaginales	Ustilaginaceae	6673	99.8
UP000008909	Clonorchis sinensis (Chinese liver fluke)	79923	Metazoa	Platyhelminthes	Trematoda	Opisthorchiida	Opisthorchiidae	13606	59.1
UP000008983	Ichthyophthirius multifiliis (White spot disease agent) (Ich)	5932		Ciliophora	Oligohymenophorea	Hymenostomatida		8049	82.5
UP000008984	Trichoderma reesei (strain QM6a) (Filamentous fungus) (Hypocrea jecorina)	431241	Fungi	Ascomycota	Sordariomycetes	Hypocreales	Hypocreaceae	9115	97.2
UP000009009	Saccharomyces cerevisiae x Saccharomyces kudriavzevii (strain VIN7) (Yeast)	1095631	Fungi	Ascomycota	Saccharomycetes	Saccharomycetales	Saccharomycetaceae	9076	92.5
UP000009022	Trichoplax adhaerens (Trichoplax reptans)	10228	Metazoa	Placozoa	Uniplacotomia	Trichoplacea	Trichoplacidae	11520	89.3
UP000009046	Pediculus humanus subsp. corporis (Body louse)	121224	Metazoa	Arthropoda	Insecta	Psocodea	Pediculidae	10776	95.8
UP000009058	Pyricularia oryzae (strain 70-15 / ATCC MYA-4617 / FGSC 8958) (Rice blast fungus) (Magnaporthe oryzae)	242507	Fungi	Ascomycota	Sordariomycetes	Magnaporthales	Pyriculariaceae	12811	98.6
UP000009096	Gibberella moniliformis (strain M3125 / FGSC 7600) (Maize ear and stalk rot fungus) (Fusarium verticillioides)	334819	Fungi	Ascomycota	Sordariomycetes	Hypocreales	Nectriaceae	17955	98.7
UP000009131	Mixia osmundae (strain CBS 9802 / IAM 14324 / JCM 22182 / KY 12970)	764103	Fungi	Basidiomycota	Mixiomycetes	Mixiales	Mixiaceae	6725	94.6
UP000009138	Rhizopus delemar (strain RA 99-880 / ATCC MYA-4621 / FGSC 9543 / NRRL 43880) (Mucormycosis agent) (Rhizopus arrhizus var. delemar)	246409	Fungi	Mucoromycota	Mucoromycetes	Mucorales	Rhizopodaceae	16971	80.2
UP000009168	Tetrahymena thermophila (strain SB210)	312017		Ciliophora	Oligohymenophorea	Hymenostomatida	Tetrahymenidae	26975	98.2
UP000009169	Trichophyton equinum (strain ATCC MYA-4606 / CBS 127.97) (Horse ringworm fungus)	559882	Fungi	Ascomycota	Eurotiomycetes	Onygenales	Arthrodermataceae	8676	93.0
UP000009170	Ostreococcus tauri (Marine green alga)	70448	Viridiplantae	Chlorophyta	Mamiellophyceae	Mamiellales	Bathycoccaceae	7751	98.2
UP000009172	Trichophyton tonsurans (strain CBS 112818) (Scalp ringworm fungus)	647933	Fungi	Ascomycota	Eurotiomycetes	Onygenales	Arthrodermataceae	8520	96.1
UP000009183	Vitis vinifera (Grape)	29760	Viridiplantae	Streptophyta	Magnoliopsida	Vitales	Vitaceae	29867	93.3
UP000009192	Drosophila mojavensis (Fruit fly)	7230	Metazoa	Arthropoda	Insecta	Diptera	Drosophilidae	18165	99.3
UP000009297	Histoplasma mississippiense (Darling's disease fungus)	2059318	Fungi	Ascomycota	Eurotiomycetes	Onygenales	Ajellomycetaceae	9252	80.8
UP000009882	Penicillium digitatum (strain PHI26 / CECT 20796) (Green mold)	1170229	Fungi	Ascomycota	Eurotiomycetes	Eurotiales	Aspergillaceae	9101	94.9
UP000010091	Cryptococcus neoformans (strain H99 / ATCC 208821 / CBS 10515 / FGSC 9487) (Cryptococcus neoformans var. grubii serotype A)	235443	Fungi	Basidiomycota	Tremellomycetes	Tremellales	Cryptococcaceae	7427	99.6
UP000010094	Encephalitozoon romaleae (strain SJ-2008) (Microsporidian parasite)	1178016	Fungi	Microsporidia			Unikaryonidae	1826	98.3
UP000010552	Pteropus alecto (Black flying fox)	9402	Metazoa	Chordata	Mammalia	Chiroptera	Pteropodidae	19520	81.7
UP000010556	Myotis davidii (David's myotis) (Vespertilio davidii)	225400	Metazoa	Chordata	Mammalia	Chiroptera	Vespertilionidae	15446	57.0
UP000011064	Pseudogymnoascus destructans (strain ATCC MYA-4855 / 20631-21) (Bat white-nose syndrome fungus) (Geomyces destructans)	658429	Fungi	Ascomycota	Leotiomycetes	Thelebolales	Thelebolaceae	9122	97.6
UP000011081	Vavraia culicis subsp. floridensis (Microsporidian parasite) (Vavraia culicis (isolate floridensis))	948595	Fungi	Microsporidia			Pleistophoridae	2768	96.0
UP000011082	Vittaforma corneae (strain ATCC 50505) (Microsporidian parasite) (Nosema corneum)	993615	Fungi	Microsporidia			Nosematidae	2236	75.0
UP000011083	Acanthamoeba castellanii (strain ATCC 30010 / Neff)	1257118		Discosea		Longamoebia	Acanthamoebidae	14939	77.6
UP000011087	Guillardia theta (strain CCMP2712) (Cryptophyte)	905079			Cryptophyceae	Pyrenomonadales	Geminigeraceae	24738	79.6
UP000011096	Colletotrichum fructicola (strain Nara gc5) (Anthracnose fungus) (Colletotrichum gloeosporioides (strain Nara gc5))	1213859	Fungi	Ascomycota	Sordariomycetes	Glomerellales	Glomerellaceae	17182	98.2
UP000011115	Solanum tuberosum (Potato)	4113	Viridiplantae	Streptophyta	Magnoliopsida	Solanales	Solanaceae	53020	81.7
UP000011116	Hordeum vulgare subsp. vulgare (Domesticated barley)	112509	Viridiplantae	Streptophyta	Magnoliopsida	Poales	Poaceae	35906	94.0
UP000011518	Tupaia belangeri chinensis (Chinese tree shrew) (Tupaia chinensis)	246437	Metazoa	Chordata	Mammalia	Scandentia	Tupaiidae	20824	65.0
UP000011668	Thanatephorus cucumeris (strain AG1-IA) (Rice sheath blight fungus) (Rhizoctonia solani)	983506	Fungi	Basidiomycota	Agaricomycetes	Cantharellales	Ceratobasidiaceae	10482	55.7
UP000011713	Hyaloperonospora arabidopsidis (strain Emoy2) (Downy mildew agent) (Peronospora arabidopsidis)	559515		Oomycota	Peronosporomycetes	Peronosporales	Peronosporaceae	13837	89.0
UP000011715	Magnaporthiopsis poae (strain ATCC 64411 / 73-15) (Kentucky bluegrass fungus) (Magnaporthe poae)	644358	Fungi	Ascomycota	Sordariomycetes	Magnaporthales	Magnaporthaceae	11303	76.1
UP000011750	Brassica campestris (Field mustard)	3711	Viridiplantae	Streptophyta	Magnoliopsida	Brassicales	Brassicaceae	40824	92.0
UP000011761	Baudoinia panamericana (strain UAMH 10762) (Angels' share fungus) (Baudoinia compniacensis (strain UAMH 10762))	717646	Fungi	Ascomycota	Dothideomycetes	Mycosphaerellales	Teratosphaeriaceae	10508	95.4
UP000011777	Candida maltosa (strain Xu316) (Yeast)	1245528	Fungi	Ascomycota	Pichiomycetes	Serinales	Debaryomycetaceae	5976	87.4
UP000011958	Pneumocystis murina (strain B123) (Mouse pneumocystis pneumonia agent) (Pneumocystis carinii f. sp. muris)	1069680	Fungi	Ascomycota	Pneumocystomycetes	Pneumocystales	Pneumocystaceae	3635	75.9
UP000012073	Chondrus crispus (Carrageen Irish moss) (Polymorpha crispa)	2769		Rhodophyta	Florideophyceae	Gigartinales	Gigartinaceae	9598	63.9
UP000012174	Eutypa lata (strain UCR-EL1) (Grapevine dieback disease fungus) (Eutypa armeniacae)	1287681	Fungi	Ascomycota	Sordariomycetes	Xylariales	Diatrypaceae	11684	79.9
UP000012338	Cochliobolus heterostrophus (strain C4 / ATCC 48331 / race T) (Southern corn leaf blight fungus) (Bipolaris maydis)	665024	Fungi	Ascomycota	Dothideomycetes	Pleosporales	Pleosporaceae	12705	98.9
UP000012960	Musa acuminata subsp. malaccensis (Wild banana) (Musa malaccensis)	214687	Viridiplantae	Streptophyta	Magnoliopsida	Zingiberales	Musaceae	40347	96.2
UP000013776	Taphrina deformans (strain PYCC 5710 / ATCC 11124 / CBS 356.35 / IMI 108563 / JCM 9778 / NBRC 8474) (Peach leaf curl fungus) (Lalaria deformans)	1097556	Fungi	Ascomycota	Taphrinomycetes	Taphrinales	Taphrinaceae	4659	66.1
UP000013827	Emiliania huxleyi (strain CCMP1516)	280463		Haptophyta		Isochrysidales	Noelaerhabdaceae	35617	56.1
UP000014064	Wallemia ichthyophaga (strain EXF-994 / CBS 113033)	1299270	Fungi	Basidiomycota	Wallemiomycetes	Wallemiales	Wallemiaceae	4836	86.2
UP000014071	Pseudozyma hubeiensis (strain SY62) (Yeast)	1305764	Fungi	Basidiomycota	Ustilaginomycetes	Ustilaginales	Ustilaginaceae	7472	94.9
UP000014074	Phaeoacremonium minimum (strain UCR-PA7) (Esca disease fungus) (Togninia minima)	1286976	Fungi	Ascomycota	Sordariomycetes	Togniniales	Togniniaceae	8833	78.3
UP000014254	Mucor circinelloides f. circinelloides (strain 1006PhL) (Mucormycosis agent) (Calyptromyces circinelloides)	1220926	Fungi	Mucoromycota	Mucoromycetes	Mucorales	Mucoraceae	12143	99.7
UP000014480	Colletotrichum orbiculare (strain 104-T / ATCC 96160 / CBS 514.97 / LARS 414 / MAFF 240422) (Cucumber anthracnose fungus) (Colletotrichum lagenarium)	1213857	Fungi	Ascomycota	Sordariomycetes	Glomerellales	Glomerellaceae	13227	93.6
UP000014500	Strigamia maritima (European centipede) (Geophilus maritimus)	126957	Metazoa	Arthropoda	Chilopoda	Geophilomorpha	Linotaeniidae	14972	92.4
UP000014680	Entamoeba invadens IP1	370355		Evosea		Mastigamoebida	Entamoebidae	9857	36.5
UP000014760	Capitella teleta (Polychaete worm)	283909	Metazoa	Annelida	Polychaeta		Capitellidae	31857	95.0
UP000014978	Spraguea lophii (strain 42_110) (Microsporidian parasite)	1358809	Fungi	Microsporidia			Spragueidae	2499	91.2
UP000015100	Dactylellina haptotyla (strain CBS 200.50) (Nematode-trapping fungus) (Monacrosporium haptotylum)	1284197	Fungi	Ascomycota	Orbiliomycetes	Orbiliales	Orbiliaceae	10959	94.3
UP000015101	Helobdella robusta (Californian leech)	6412	Metazoa	Annelida	Clitellata	Rhynchobdellida	Glossiphoniidae	23328	90.3
UP000015102	Megaselia scalaris (Humpbacked fly) (Phora scalaris)	36166	Metazoa	Arthropoda	Insecta	Diptera	Phoridae	11463	19.5
UP000015103	Rhodnius prolixus (Triatomid bug)	13249	Metazoa	Arthropoda	Insecta	Hemiptera	Reduviidae	14974	91.8
UP000015104	Tetranychus urticae (Two-spotted spider mite)	32264	Metazoa	Arthropoda	Arachnida	Trombidiformes	Tetranychidae	17526	90.3
UP000015105	Aegilops tauschii subsp. strangulata (Goatgrass)	200361	Viridiplantae	Streptophyta	Magnoliopsida	Poales	Poaceae	214161	97.2
UP000015106	Triticum urartu (Red wild einkorn) (Crithodium urartu)	4572	Viridiplantae	Streptophyta	Magnoliopsida	Poales	Poaceae	54204	83.0
UP000015241	Fomitopsis schrenkii (Brown rot fungus)	2126942	Fungi	Basidiomycota	Agaricomycetes	Polyporales	Fomitopsidaceae	13806	98.7
UP000015354	Strigomonas culicis	28005		Euglenozoa	Kinetoplastea	Trypanosomatida	Trypanosomatidae	9986	73.8
UP000015441	Blumeria graminis f. sp. hordei (strain DH14) (Barley powdery mildew) (Oidium monilioides f. sp. hordei)	546991	Fungi	Ascomycota	Leotiomycetes	Erysiphales	Erysiphaceae	6486	94.7
UP000015453	Genlisea aurea	192259	Viridiplantae	Streptophyta	Magnoliopsida	Lamiales	Lentibulariaceae	17675	66.4
UP000015464	Schizosaccharomyces cryophilus (strain OY26 / ATCC MYA-4695 / CBS 11777 / NBRC 106824 / NRRL Y48691) (Fission yeast)	653667	Fungi	Ascomycota	Schizosaccharomycetes	Schizosaccharomycetales	Schizosaccharomycetaceae	5150	82.2
UP000016088	Schizosaccharomyces octosporus (strain yFS286) (Fission yeast) (Octosporomyces octosporus)	483514	Fungi	Ascomycota	Schizosaccharomycetes	Schizosaccharomycetales	Schizosaccharomycetaceae	4964	82.5
UP000016665	Ficedula albicollis (Collared flycatcher) (Muscicapa albicollis)	59894	Metazoa	Chordata	Aves	Passeriformes	Muscicapidae	28852	92.7
UP000016666	Anas platyrhynchos platyrhynchos (Northern mallard)	8840	Metazoa	Chordata	Aves	Anseriformes	Anatidae	27053	89.7
UP000016800	Gibberella fujikuroi (strain CBS 195.34 / IMI 58289 / NRRL A-6831) (Bakanae and foot rot disease fungus) (Fusarium fujikuroi)	1279085	Fungi	Ascomycota	Sordariomycetes	Hypocreales	Nectriaceae	14792	99.7
UP000016801	Claviceps purpurea (strain 20.1) (Ergot fungus) (Sphacelia segetum)	1111077	Fungi	Ascomycota	Sordariomycetes	Hypocreales	Clavicipitaceae	8814	94.5
UP000016922	Glarea lozoyensis (strain ATCC 20868 / MF5171)	1116229	Fungi	Ascomycota	Leotiomycetes	Helotiales	Helotiaceae	13082	97.3
UP000016923	Ophiostoma piceae (strain UAMH 11346) (Sap stain fungus)	1262450	Fungi	Ascomycota	Sordariomycetes	Ophiostomatales	Ophiostomataceae	8878	95.8
UP000016924	Coniosporium apollinis (strain CBS 100218) (Rock-inhabiting black yeast)	1168221	Fungi	Ascomycota	Dothideomycetes			9306	97.4
UP000016926	Rhodotorula toruloides (strain NP11) (Yeast) (Rhodosporidium toruloides)	1130832	Fungi	Basidiomycota	Microbotryomycetes	Sporidiobolales	Sporidiobolaceae	8160	99.4
UP000016929	Fusarium oxysporum f. sp. cubense (strain race 4) (Panama disease fungus)	2502994	Fungi	Ascomycota	Sordariomycetes	Hypocreales	Nectriaceae	14157	81.4
UP000016930	Ceriporiopsis subvermispora (strain B) (White-rot fungus) (Gelatoporia subvermispora)	914234	Fungi	Basidiomycota	Agaricomycetes	Polyporales	Gelatoporiaceae	12078	91.9
UP000016931	Sphaerulina musiva (strain SO2202) (Poplar stem canker fungus) (Septoria musiva)	692275	Fungi	Ascomycota	Dothideomycetes	Mycosphaerellales	Mycosphaerellaceae	10154	97.8
UP000016932	Pseudocercospora fijiensis (strain CIRAD86) (Black leaf streak disease fungus) (Mycosphaerella fijiensis)	383855	Fungi	Ascomycota	Dothideomycetes	Mycosphaerellales	Mycosphaerellaceae	13062	96.1
UP000016933	Dothistroma septosporum (strain NZE10 / CBS 128990) (Red band needle blight fungus) (Mycosphaerella pini)	675120	Fungi	Ascomycota	Dothideomycetes	Mycosphaerellales	Mycosphaerellaceae	12414	97.9
UP000016934	Cochliobolus sativus (strain ND90Pr / ATCC 201652) (Common root rot and spot blotch fungus) (Bipolaris sorokiniana)	665912	Fungi	Ascomycota	Dothideomycetes	Pleosporales	Pleosporaceae	12174	99.1
UP000016935	Exserohilum turcicum (strain 28A) (Northern leaf blight fungus) (Setosphaeria turcica)	671987	Fungi	Ascomycota	Dothideomycetes	Pleosporales	Pleosporaceae	11687	97.2
UP000016936	Cochliobolus heterostrophus (strain C5 / ATCC 48332 / race O) (Southern corn leaf blight fungus) (Bipolaris maydis)	701091	Fungi	Ascomycota	Dothideomycetes	Pleosporales	Pleosporaceae	12857	98.5
UP000017200	Microbotryum lychnidis-dioicae (strain p1A1 Lamole / MvSl-1064) (Anther smut fungus)	683840	Fungi	Basidiomycota	Microbotryomycetes	Microbotryales	Microbotryaceae	7656	98.1
UP000017246	Echinococcus multilocularis (Fox tapeworm)	6211	Metazoa	Platyhelminthes	Cestoda	Cyclophyllidea	Taeniidae	10472	72.6
UP000017559	Moniliophthora roreri (strain MCA 2997) (Cocoa frosty pod rot fungus) (Crinipellis roreri)	1381753	Fungi	Basidiomycota	Agaricomycetes	Agaricales	Marasmiaceae	17907	98.3
UP000017836	Amborella trichopoda	13333	Viridiplantae	Streptophyta	Magnoliopsida	Amborellales	Amborellaceae	27406	90.3
UP000018001	Paecilomyces variotii (strain NBRC 109023 / No. 5) (Byssochlamys spectabilis)	1356009	Fungi	Ascomycota	Eurotiomycetes	Eurotiales	Thermoascaceae	8877	94.8
UP000018050	Eimeria acervulina (Coccidian parasite)	5801		Apicomplexa	Conoidasida	Eucoccidiorida	Eimeriidae	6867	90.8
UP000018087	Sporothrix schenckii (strain ATCC 58251 / de Perez 2211183) (Rose-picker's disease fungus)	1391915	Fungi	Ascomycota	Sordariomycetes	Ophiostomatales	Ophiostomataceae	8673	95.8
UP000018144	Pyronema omphalodes (strain CBS 100304) (Pyronema confluens)	1076935	Fungi	Ascomycota	Pezizomycetes	Pezizales	Pyronemataceae	13306	96.6
UP000018467	Astyanax mexicanus (Blind cave fish) (Astyanax fasciatus mexicanus)	7994	Metazoa	Chordata	Actinopteri	Characiformes	Acestrorhamphidae	39383	95.7
UP000018468	Lepisosteus oculatus (Spotted gar)	7918	Metazoa	Chordata	Actinopteri	Semionotiformes	Lepisosteidae	22463	92.8
UP000018538	Plasmodium yoelii 17X	1323249		Apicomplexa	Aconoidasida	Haemosporida	Plasmodiidae	6833	96.0
UP000018721	Phytophthora nicotianae P1569	1317065		Oomycota	Peronosporomycetes	Peronosporales	Peronosporaceae	26477	99.0
UP000018936	Ophiophagus hannah (King cobra) (Naja hannah)	8665	Metazoa	Chordata	Lepidosauria	Squamata	Elapidae	18387	59.3
UP000019116	Triticum aestivum (Wheat)	4565	Viridiplantae	Streptophyta	Magnoliopsida	Poales	Poaceae	130674	99.6
UP000019118	Dendroctonus ponderosae (Mountain pine beetle)	77166	Metazoa	Arthropoda	Insecta	Coleoptera	Curculionidae	17726	97.8
UP000019132	Globisporangium ultimum (strain ATCC 200006 / CBS 805.95 / DAOM BR144) (Pythium ultimum)	431595		Oomycota	Peronosporomycetes	Pythiales	Pythiaceae	15153	94.0
UP000019149	Echinococcus granulosus (Hydatid tapeworm)	6210	Metazoa	Platyhelminthes	Cestoda	Cyclophyllidea	Taeniidae	11279	69.2
UP000019373	Endocarpon pusillum (strain Z07020 / HMAS-L-300199) (Lichen-forming fungus)	1263415	Fungi	Ascomycota	Eurotiomycetes	Verrucariales	Verrucariaceae	9228	88.8
UP000019375	Zygosaccharomyces bailii (strain CLIB 213 / ATCC 58445 / CBS 680 / BCRC 21525 / NBRC 1098 / NCYC 1416 / NRRL Y-2227)	1333698	Fungi	Ascomycota	Saccharomycetes	Saccharomycetales	Saccharomycetaceae	4722	95.9
UP000019376	Penicillium oxalicum (strain 114-2 / CGMCC 5302) (Penicillium decumbens)	933388	Fungi	Ascomycota	Eurotiomycetes	Eurotiales	Aspergillaceae	9977	99.1
UP000019377	Kalmanozyma brasiliensis (strain GHG001) (Yeast) (Pseudozyma brasiliensis)	1365824	Fungi	Basidiomycota	Ustilaginomycetes	Ustilaginales		5650	96.1
UP000019384	Kuraishia capsulata CBS 1993	1382522	Fungi	Ascomycota	Pichiomycetes	Pichiales	Pichiaceae	6027	93.2
UP000019462	Moesziomyces aphidis (Pseudozyma aphidis)	84754	Fungi	Basidiomycota	Ustilaginomycetes	Ustilaginales	Ustilaginaceae	6011	89.5
UP000019471	Cladophialophora psammophila CBS 110553	1182543	Fungi	Ascomycota	Eurotiomycetes	Chaetothyriales	Herpotrichiellaceae	13417	98.7
UP000019473	Cladophialophora yegresii CBS 114405	1182544	Fungi	Ascomycota	Eurotiomycetes	Chaetothyriales	Herpotrichiellaceae	10118	98.3
UP000019478	Capronia epimyces CBS 606.96	1182542	Fungi	Ascomycota	Eurotiomycetes	Chaetothyriales	Herpotrichiellaceae	10469	97.5
UP000019484	Capronia coronata CBS 617.96	1182541	Fungi	Ascomycota	Eurotiomycetes	Chaetothyriales	Herpotrichiellaceae	9230	97.4
UP000019487	Sclerotinia borealis (strain F-4128)	1432307	Fungi	Ascomycota	Leotiomycetes	Helotiales	Sclerotiniaceae	10165	96.4
UP000019763	Gregarina niphandrodes (Septate eugregarine)	110365		Apicomplexa	Conoidasida	Eugregarinorida	Gregarinidae	6341	83.0
UP000019804	Aspergillus ruber (strain CBS 135680)	1388766	Fungi	Ascomycota	Eurotiomycetes	Eurotiales	Aspergillaceae	10054	97.2
UP000020467	Colletotrichum fioriniae PJ7	1445577	Fungi	Ascomycota	Sordariomycetes	Glomerellales	Glomerellaceae	13759	98.3
UP000023623	Trichophyton soudanense CBS 452.61	1215331	Fungi	Ascomycota	Eurotiomycetes	Onygenales	Arthrodermataceae	10303	92.2
UP000024404	Onchocerca volvulus	6282	Metazoa	Nematoda	Chromadorea	Rhabditida	Onchocercidae	12223	98.2
UP000024533	Trichophyton interdigitale (strain MR816)	1215338	Fungi	Ascomycota	Eurotiomycetes	Onygenales	Arthrodermataceae	8217	96.6
UP000024635	Ancylostoma ceylanicum	53326	Metazoa	Nematoda	Chromadorea	Rhabditida	Ancylostomatidae	65375	87.8
UP000024837	Drechslerella stenobrocha 248	1043628	Fungi	Ascomycota	Orbiliomycetes	Orbiliales	Orbiliaceae	5595	64.8
UP000025227	Haemonchus contortus (Barber pole worm)	6289	Metazoa	Nematoda	Chromadorea	Rhabditida	Trichostrongylidae	20964	96.2
UP000026915	Theobroma cacao (Cacao) (Cocoa)	3641	Viridiplantae	Streptophyta	Magnoliopsida	Malvales	Malvaceae	40687	99.3
UP000026960	Oryza barthii	65489	Viridiplantae	Streptophyta	Magnoliopsida	Poales	Poaceae	40214	91.4
UP000026961	Oryza glumipatula	40148	Viridiplantae	Streptophyta	Magnoliopsida	Poales	Poaceae	44731	95.0
UP000026962	Oryza punctata (Red rice)	4537	Viridiplantae	Streptophyta	Magnoliopsida	Poales	Poaceae	38431	94.7
UP000027002	Ustilaginoidea virens (Rice false smut fungus) (Villosiclava virens)	1159556	Fungi	Ascomycota	Sordariomycetes	Hypocreales	Clavicipitaceae	8297	98.2
UP000027120	Citrus sinensis (Sweet orange) (Citrus aurantium var. sinensis)	2711	Viridiplantae	Streptophyta	Magnoliopsida	Sapindales	Rutaceae	44118	78.7
UP000027135	Zootermopsis nevadensis (Dampwood termite)	136037	Metazoa	Arthropoda	Insecta	Blattodea	Termopsidae	14539	94.0
UP000027138	Jatropha curcas (Barbados nut)	180498	Viridiplantae	Streptophyta	Magnoliopsida	Malpighiales	Euphorbiaceae	27141	91.3
UP000027195	Botryobasidium botryosum (strain FD-172 SS1)	930990	Fungi	Basidiomycota	Agaricomycetes	Cantharellales	Botryobasidiaceae	16484	97.6
UP000027222	Galerina marginata (strain CBS 339.88)	685588	Fungi	Basidiomycota	Agaricomycetes	Agaricales	Strophariaceae	21357	98.8
UP000027238	Colletotrichum sublineola (Sorghum anthracnose fungus)	1173701	Fungi	Ascomycota	Sordariomycetes	Glomerellales	Glomerellaceae	12697	97.8
UP000027265	Jaapia argillacea MUCL 33604	933084	Fungi	Basidiomycota	Agaricomycetes	Jaapiales	Jaapiaceae	16341	99.5
UP000027361	Tilletiaria anomala (strain ATCC 24038 / CBS 436.72 / UBC 951)	1037660	Fungi	Basidiomycota	Exobasidiomycetes	Georgefischeriales	Tilletiariaceae	6806	95.7
UP000027456	Rhizoctonia solani 123E	1423351	Fungi	Basidiomycota	Agaricomycetes	Cantharellales	Ceratobasidiaceae	10990	87.9
UP000027581	Plasmodium reichenowi	5854		Apicomplexa	Aconoidasida	Haemosporida	Plasmodiidae	5630	99.1
UP000027586	Lichtheimia corymbifera JMRC:FSU:9682	1263082	Fungi	Mucoromycota	Mucoromycetes	Mucorales	Lichtheimiaceae	13257	91.0
UP000027730	Aureobasidium namibiae CBS 147.97	1043004	Fungi	Ascomycota	Dothideomycetes	Dothideales	Saccotheciaceae	10258	98.5
UP000027920	Exophiala aquamarina CBS 119918	1182545	Fungi	Ascomycota	Eurotiomycetes	Chaetothyriales	Herpotrichiellaceae	13118	96.7
UP000028045	Stachybotrys chartarum (strain CBS 109288 / IBT 7711) (Toxic black mold) (Stilbospora chartarum)	1280523	Fungi	Ascomycota	Sordariomycetes	Hypocreales	Stachybotryaceae	11510	98.0
UP000028524	Stachybotrys chlorohalonatus (strain IBT 40285)	1283841	Fungi	Ascomycota	Sordariomycetes	Hypocreales	Stachybotryaceae	10676	97.6
UP000028545	Scedosporium apiospermum (Pseudallescheria apiosperma)	563466	Fungi	Ascomycota	Sordariomycetes	Microascales	Microascaceae	8375	81.1
UP000028760	Poecilia formosa (Amazon molly) (Limia formosa)	48698	Metazoa	Chordata	Actinopteri	Cyprinodontiformes	Poeciliidae	30440	93.5
UP000028761	Papio anubis (Olive baboon)	9555	Metazoa	Chordata	Mammalia	Primates	Cercopithecidae	43406	94.9
UP000028924	Auxenochlorella protothecoides (Green microalga) (Chlorella protothecoides)	3075	Viridiplantae	Chlorophyta	Trebouxiophyceae	Chlorellales	Chlorellaceae	7122	93.9
UP000028990	Fukomys damarensis (Damaraland mole rat) (Cryptomys damarensis)	885580	Metazoa	Chordata	Mammalia	Rodentia	Bathyergidae	20405	76.8
UP000028999	Brassica napus (Rape)	3708	Viridiplantae	Streptophyta	Magnoliopsida	Brassicales	Brassicaceae	57579	78.3
UP000029120	Arabis alpina (Alpine rock-cress)	50452	Viridiplantae	Streptophyta	Magnoliopsida	Brassicales	Brassicaceae	23352	85.1
UP000029121	Capsella rubella	81985	Viridiplantae	Streptophyta	Magnoliopsida	Brassicales	Brassicaceae	28039	96.4
UP000029665	Pycnoporus cinnabarinus (Cinnabar-red polypore) (Trametes cinnabarina)	5643	Fungi	Basidiomycota	Agaricomycetes	Polyporales	Polyporaceae	10180	88.7
UP000029725	Mitosporidium daphniae	1485682	Fungi	Microsporidia				3256	34.0
UP000029964	Hapsidospora chrysogenum (strain ATCC 11550 / CBS 779.69 / DSM 880 / IAM 14645 / JCM 23072 / IMI 49137) (Acremonium chrysogenum)	857340	Fungi	Ascomycota	Sordariomycetes	Hypocreales	Bionectriaceae	8900	96.4
UP000029981	Cucumis sativus (Cucumber)	3659	Viridiplantae	Streptophyta	Magnoliopsida	Cucurbitales	Cucurbitaceae	24351	91.9
UP000030104	Penicillium italicum (Blue mold)	40296	Fungi	Ascomycota	Eurotiomycetes	Eurotiales	Aspergillaceae	9993	97.9
UP000030143	Penicillium expansum (Blue mold rot fungus)	27334	Fungi	Ascomycota	Eurotiomycetes	Eurotiales	Aspergillaceae	11060	98.6
UP000030640	Plasmodium inui San Antonio 1	1237626		Apicomplexa	Aconoidasida	Haemosporida	Plasmodiidae	5828	96.2
UP000030641	Aureobasidium subglaciale (strain EXF-2481) (Aureobasidium pullulans var. subglaciale)	1043005	Fungi	Ascomycota	Dothideomycetes	Dothideales	Saccotheciaceae	10792	98.2
UP000030645	Morus notabilis	981085	Viridiplantae	Streptophyta	Magnoliopsida	Rosales	Moraceae	26760	87.8
UP000030651	Pestalotiopsis fici (strain W106-1 / CGMCC3.15140)	1229662	Fungi	Ascomycota	Sordariomycetes	Amphisphaeriales	Sporocadaceae	15412	98.4
UP000030653	Dacryopinax primogenitus (Brown rot fungus)	1858805	Fungi	Basidiomycota	Dacrymycetes	Dacrymycetales	Dacrymycetaceae	10233	94.8
UP000030663	Fusarium oxysporum f. sp. raphani 54005	1089458	Fungi	Ascomycota	Sordariomycetes	Hypocreales	Nectriaceae	22754	99.6
UP000030665	Trichuris trichiura (Whipworm) (Trichocephalus trichiurus)	36087	Metazoa	Nematoda	Enoplea	Trichinellida	Trichuridae	9624	56.2
UP000030669	Gloeophyllum trabeum (strain ATCC 11539 / FP-39264 / Madison 617) (Brown rot fungus)	670483	Fungi	Basidiomycota	Agaricomycetes	Gloeophyllales	Gloeophyllaceae	11735	98.6
UP000030671	Heterobasidion irregulare (strain TC 32-1)	747525	Fungi	Basidiomycota	Agaricomycetes	Russulales	Bondarzewiaceae	13159	97.1
UP000030672	Aureobasidium melanogenum (strain CBS 110374) (Aureobasidium pullulans var. melanogenum)	1043003	Fungi	Ascomycota	Dothideomycetes	Dothideales	Saccotheciaceae	10583	98.3
UP000030673	Plasmodium falciparum (isolate NF54)	5843		Apicomplexa	Aconoidasida	Haemosporida	Plasmodiidae	5920	80.0
UP000030680	Galdieria sulphuraria (Red alga)	130081		Rhodophyta	Bangiophyceae	Galdieriales	Galdieriaceae	7035	78.0
UP000030686	Penicillium roqueforti (strain FM164)	1365484	Fungi	Ascomycota	Eurotiomycetes	Eurotiales	Aspergillaceae	12315	97.6
UP000030687	Citrus clementina (Clementine) (Citrus deliciosa x Citrus sinensis)	85681	Viridiplantae	Streptophyta	Magnoliopsida	Sapindales	Rutaceae	31352	93.5
UP000030689	Eutrema salsugineum (Saltwater cress) (Sisymbrium salsugineum)	72664	Viridiplantae	Streptophyta	Magnoliopsida	Brassicales	Brassicaceae	28426	97.6
UP000030693	Fonticula alba (Slime mold)	691883				Rotosphaerida	Fonticulaceae	6244	71.0
UP000030706	Aureobasidium pullulans EXF-150	1043002	Fungi	Ascomycota	Dothideomycetes	Dothideales	Saccotheciaceae	11844	99.0
UP000030711	Eucalyptus grandis (Flooded gum)	71139	Viridiplantae	Streptophyta	Magnoliopsida	Myrtales	Myrtaceae	43828	92.1
UP000030744	Eimeria mitis	44415		Apicomplexa	Conoidasida	Eucoccidiorida	Eimeriidae	10057	56.6
UP000030745	Saprolegnia parasitica (strain CBS 223.65)	695850		Oomycota	Saprolegniomycetes	Saprolegniales	Saprolegniaceae	20052	99.0
UP000030746	Lottia gigantea (Giant owl limpet)	225164	Metazoa	Mollusca	Gastropoda		Lottiidae	23675	88.4
UP000030747	Eimeria tenella (Coccidian parasite)	5802		Apicomplexa	Conoidasida	Eucoccidiorida	Eimeriidae	8595	91.0
UP000030748	Erythranthe guttata (Yellow monkey flower) (Mimulus guttatus)	4155	Viridiplantae	Streptophyta	Magnoliopsida	Lamiales	Phrymaceae	28716	89.9
UP000030750	Eimeria brunetti	51314		Apicomplexa	Conoidasida	Eucoccidiorida	Eimeriidae	8711	79.3
UP000030752	Cyphellophora europaea (strain CBS 101466) (Phialophora europaea)	1220924	Fungi	Ascomycota	Eurotiomycetes	Chaetothyriales	Cyphellophoraceae	11090	95.9
UP000030754	Eimeria necatrix	51315		Apicomplexa	Conoidasida	Eucoccidiorida	Eimeriidae	8608	90.2
UP000030755	Rozella allomycis (strain CSF55)	988480	Fungi	Rozellomycota				6337	62.7
UP000030762	Saprolegnia diclina (strain VS20)	1156394		Oomycota	Saprolegniomycetes	Saprolegniales	Saprolegniaceae	18047	99.0
UP000030763	Eimeria maxima (Coccidian parasite)	5804		Apicomplexa	Conoidasida	Eucoccidiorida	Eimeriidae	6057	79.5
UP000030764	Trichuris suis (pig whipworm)	68888	Metazoa	Nematoda	Enoplea	Trichinellida	Trichuridae	14189	53.8
UP000030765	Anopheles sinensis (Mosquito)	74873	Metazoa	Arthropoda	Insecta	Diptera	Culicidae	19343	87.3
UP000030816	Metarhizium album (strain ARSEF 1941)	1081103	Fungi	Ascomycota	Sordariomycetes	Hypocreales	Clavicipitaceae	8389	96.2
UP000030854	Erysiphe necator (Grape powdery mildew) (Uncinula necator)	52586	Fungi	Ascomycota	Leotiomycetes	Erysiphales	Erysiphaceae	6482	88.7
UP000031036	Toxocara canis (Canine roundworm)	6265	Metazoa	Nematoda	Chromadorea	Rhabditida	Toxocaridae	18499	87.7
UP000031056	Ordospora colligata OC4	1354746	Fungi	Microsporidia			Ordosporidae	1810	99.0
UP000031186	Metarhizium anisopliae (strain ARSEF 549)	3151832	Fungi	Ascomycota	Sordariomycetes	Hypocreales	Clavicipitaceae	10855	97.1
UP000031192	Metarhizium guizhouense (strain ARSEF 977)	1276136	Fungi	Ascomycota	Sordariomycetes	Hypocreales	Clavicipitaceae	11727	96.4
UP000031443	Chelonia mydas (Green sea-turtle) (Chelonia agassizi)	8469	Metazoa	Chordata		Testudines	Cheloniidae	18960	69.6
UP000031512	Theileria equi (strain WA) (Babesia equi)	1537102		Apicomplexa	Aconoidasida	Piroplasmida	Theileriidae	5313	94.5
UP000031513	Plasmodium knowlesi (strain H)	5851		Apicomplexa	Aconoidasida	Haemosporida	Plasmodiidae	5339	99.1
UP000031515	Chaetura pelagica (Chimney swift) (Hirundo pelagica)	8897	Metazoa	Chordata	Aves	Apodiformes	Apodidae	3162	14.8
UP000031516	Kluyveromyces dobzhanskii CBS 2104	1427455	Fungi	Ascomycota	Saccharomycetes	Saccharomycetales	Saccharomycetaceae	4952	98.0
UP000031575	Sporothrix brasiliensis 5110	1398154	Fungi	Ascomycota	Sordariomycetes	Ophiostomatales	Ophiostomataceae	9091	93.0
UP000031737	Trypanosoma rangeli SC58	429131		Euglenozoa	Kinetoplastea	Trypanosomatida	Trypanosomatidae	7365	94.6
UP000032141	Brassica oleracea var. oleracea	109376	Viridiplantae	Streptophyta	Magnoliopsida	Brassicales	Brassicaceae	58535	94.8
UP000032180	Leersia perrieri	77586	Viridiplantae	Streptophyta	Magnoliopsida	Poales	Poaceae	36779	93.7
UP000032304	Gossypium raimondii (Peruvian cotton) (Gossypium klotzschianum subsp. raimondii)	29730	Viridiplantae	Streptophyta	Magnoliopsida	Malvales	Malvaceae	66638	98.1
UP000033140	Saitoella complicata (strain BCRC 22490 / CBS 7301 / JCM 7358 / NBRC 10748 / NRRL Y-17804)	698492	Fungi	Ascomycota				7118	88.0
UP000033188	Babesia bigemina	5866		Apicomplexa	Aconoidasida	Piroplasmida	Babesiidae	4432	97.5
UP000033483	Thielaviopsis punctulata	72032	Fungi	Ascomycota	Sordariomycetes	Microascales	Ceratocystidaceae	5254	85.8
UP000033647	Zymoseptoria brevis	1047168	Fungi	Ascomycota	Dothideomycetes	Mycosphaerellales	Mycosphaerellaceae	10566	97.6
UP000034291	Aspergillus rambellii	308745	Fungi	Ascomycota	Eurotiomycetes	Eurotiales	Aspergillaceae	7761	94.5
UP000034680	Diaporthe ampelina	1214573	Fungi	Ascomycota	Sordariomycetes	Diaporthales	Diaporthaceae	10703	86.1
UP000034841	Ceratocystis fimbriata f. sp. platani	88771	Fungi	Ascomycota	Sordariomycetes	Microascales	Ceratocystidaceae	5620	71.4
UP000034947	Aspergillus ochraceoroseus	138278	Fungi	Ascomycota	Eurotiomycetes	Eurotiales	Aspergillaceae	7828	93.0
UP000035642	Angiostrongylus cantonensis (Rat lungworm)	6313	Metazoa	Nematoda	Chromadorea	Rhabditida	Metastrongylidae	14504	68.2
UP000035680	Strongyloides venezuelensis (Threadworm)	75913	Metazoa	Nematoda	Chromadorea	Rhabditida	Strongyloididae	16624	68.9
UP000035681	Strongyloides stercoralis (Threadworm)	6248	Metazoa	Nematoda	Chromadorea	Rhabditida	Strongyloididae	15552	69.9
UP000035682	Strongyloides ratti (Parasitic roundworm)	34506	Metazoa	Nematoda	Chromadorea	Rhabditida	Strongyloididae	12456	70.7
UP000035740	Beta vulgaris subsp. vulgaris (Beet)	3555	Viridiplantae	Streptophyta	Magnoliopsida	Caryophyllales	Amaranthaceae	7837	18.5
UP000036403	Lasius niger (Black garden ant)	67767	Metazoa	Arthropoda	Insecta	Hymenoptera	Formicidae	18044	64.1
UP000036947	Tolypocladium ophioglossoides (strain CBS 100239) (Snaketongue truffleclub) (Elaphocordyceps ophioglossoides)	1163406	Fungi	Ascomycota	Sordariomycetes	Hypocreales	Ophiocordycipitaceae	9303	93.3
UP000036987	Zostera marina (Eelgrass)	29655	Viridiplantae	Streptophyta	Magnoliopsida	Alismatales	Zosteraceae	20559	86.2
UP000037069	Lucilia cuprina (Green bottle fly) (Australian sheep blowfly)	7375	Metazoa	Arthropoda	Insecta	Diptera	Calliphoridae	14353	89.3
UP000037136	Ophiocordyceps unilateralis (Zombie-ant fungus) (Torrubia unilateralis)	268505	Fungi	Ascomycota	Sordariomycetes	Hypocreales	Ophiocordycipitaceae	8572	94.4
UP000037460	Chrysochromulina tobinii	1460289		Haptophyta		Prymnesiales	Chrysochromulinaceae	16679	52.9
UP000037505	Aspergillus nomiae NRRL (strain ATCC 15546 / NRRL 13137 / CBS 260.88 / M93)	1509407	Fungi	Ascomycota	Eurotiomycetes	Eurotiales	Aspergillaceae	11916	95.4
UP000037510	Operophtera brumata (Winter moth) (Phalaena brumata)	104452	Metazoa	Arthropoda	Insecta	Lepidoptera	Geometridae	16814	85.0
UP000037696	Penicillium nordicum	229535	Fungi	Ascomycota	Eurotiomycetes	Eurotiales	Aspergillaceae	12938	97.1
UP000037751	Malassezia pachydermatis	77020	Fungi	Basidiomycota	Malasseziomycetes	Malasseziales	Malasseziaceae	4201	88.1
UP000037904	Fusarium langsethiae	179993	Fungi	Ascomycota	Sordariomycetes	Hypocreales	Nectriaceae	11939	98.1
UP000038009	Leptomonas seymouri	5684		Euglenozoa	Kinetoplastea	Trypanosomatida	Trypanosomatidae	8480	99.2
UP000038010	Cyphellophora attinorum	1664694	Fungi	Ascomycota	Eurotiomycetes	Chaetothyriales	Cyphellophoraceae	11848	87.1
UP000038045	Parastrongyloides trichosuri (Possum-specific nematode worm)	131310	Metazoa	Nematoda	Chromadorea	Rhabditida	Strongyloididae	14892	70.8
UP000039046	[Torrubiella] hemipterigena	1531966	Fungi	Ascomycota	Sordariomycetes	Hypocreales	Clavicipitaceae	11466	97.8
UP000039324	Plasmodiophora brassicae (Clubroot disease agent)	37360		Endomyxa	Phytomyxea	Plasmodiophorida	Plasmodiophoridae	9720	89.0
UP000039865	Stylonychia lemnae (Ciliate)	5949		Ciliophora	Spirotrichea	Sporadotrichida	Oxytrichidae	20720	97.1
UP000042958	Penicillium brasilianum	104259	Fungi	Ascomycota	Eurotiomycetes	Eurotiales	Aspergillaceae	11933	99.5
UP000044602	Verticillium longisporum (Verticillium dahliae var. longisporum)	100787	Fungi	Ascomycota	Sordariomycetes	Glomerellales	Plectosphaerellaceae	20580	80.1
UP000044841	Rhizoctonia solani	456999	Fungi	Basidiomycota	Agaricomycetes	Cantharellales	Ceratobasidiaceae	11878	83.7
UP000046392	Strongyloides papillosus (Intestinal threadworm)	174720	Metazoa	Nematoda	Chromadorea	Rhabditida	Strongyloididae	18232	70.9
UP000046393	Syphacia muris	451379	Metazoa	Nematoda	Chromadorea	Rhabditida	Oxyuridae	11114	82.4
UP000046395	Trichuris muris (Mouse whipworm)	70415	Metazoa	Nematoda	Enoplea	Trichinellida	Trichuridae	13960	62.1
UP000050424	Neonectria ditissima	78410	Fungi	Ascomycota	Sordariomycetes	Hypocreales	Nectriaceae	12683	98.3
UP000050525	Alligator mississippiensis (American alligator)	8496	Metazoa	Chordata		Crocodylia	Alligatoridae	31974	87.2
UP000050640	Elaeophora elaphi	1147741	Metazoa	Nematoda	Chromadorea	Rhabditida	Onchocercidae	10407	88.5
UP000050741	Globodera pallida (Potato cyst nematode worm) (Heterodera pallida)	36090	Metazoa	Nematoda	Chromadorea	Rhabditida	Heteroderidae	16295	45.5
UP000050792	Schistosoma rodhaini	6188	Metazoa	Platyhelminthes	Trematoda	Strigeidida	Schistosomatidae	19435	45.7
UP000050794	Toxocara canis (Canine roundworm)	6265	Metazoa	Nematoda	Chromadorea	Rhabditida	Toxocaridae	20249	78.0
UP000050795	Trichobilharzia regenti (Nasal bird schistosome)	157069	Metazoa	Platyhelminthes	Trematoda	Strigeidida	Schistosomatidae	20231	24.7
UP000051574	Oryctes borbonicus	1629725	Metazoa	Arthropoda	Insecta	Coleoptera	Scarabaeidae	8820	59.8
UP000051836	Amazona aestiva (Blue-fronted Amazon parrot)	12930	Metazoa	Chordata	Aves	Psittaciformes	Psittacidae	16092	85.9
UP000051952	Bodo saltans (Flagellated protozoan)	75058		Euglenozoa	Kinetoplastea	Eubodonida	Bodonidae	18124	88.5
UP000052967	Merops nubicus (Northern carmine bee-eater)	57421	Metazoa	Chordata	Aves	Coraciiformes	Meropidae	7657	68.3
UP000052976	Corvus brachyrhynchos (American crow)	85066	Metazoa	Chordata	Aves	Passeriformes	Corvidae	13621	75.7
UP000052978	Myotis brandtii (Brandt's bat)	109478	Metazoa	Chordata	Mammalia	Chiroptera	Vespertilionidae	19243	72.8
UP000053001	Leptosomus discolor (Madagascar cuckoo roller) (Cuculus discolor)	188344	Metazoa	Chordata	Aves	Leptosomiformes	Leptosomidae	9574	74.2
UP000053029	Fonsecaea pedrosoi CBS 271.37	1442368	Fungi	Ascomycota	Eurotiomycetes	Chaetothyriales	Herpotrichiellaceae	12525	99.3
UP000053095	Talaromyces pinophilus (Penicillium pinophilum)	128442	Fungi	Ascomycota	Eurotiomycetes	Eurotiales	Trichocomaceae	10883	91.3
UP000053097	Ooceraea biroi (Clonal raider ant) (Cerapachys biroi)	2015173	Metazoa	Arthropoda	Insecta	Hymenoptera	Formicidae	16497	94.1
UP000053105	Melipona quadrifasciata	166423	Metazoa	Arthropoda	Insecta	Hymenoptera	Apidae	14253	87.1
UP000053119	Egretta garzetta (Little egret)	188379	Metazoa	Chordata	Aves	Pelecaniformes	Ardeidae	13489	78.4
UP000053149	Pterocles gutturalis (yellow-throated sandgrouse)	240206	Metazoa	Chordata	Aves	Pterocliformes	Pteroclidae	11309	67.9
UP000053201	Spizellomyces punctatus (strain DAOM BR117)	645134	Fungi	Chytridiomycota	Chytridiomycetes	Spizellomycetales	Spizellomycetaceae	9267	95.6
UP000053237	Albugo candida	65357		Oomycota	Peronosporomycetes	Albuginales	Albuginaceae	13200	98.0
UP000053238	Phalacrocorax carbo (Great cormorant) (Pelecanus carbo)	9209	Metazoa	Chordata	Aves	Suliformes	Phalacrocoracidae	8990	67.9
UP000053240	Papilio machaon (Old World swallowtail butterfly)	76193	Metazoa	Arthropoda	Insecta	Lepidoptera	Papilionidae	15461	94.9
UP000053257	Phlebiopsis gigantea (strain 11061_1 CR5-6) (White-rot fungus) (Peniophora gigantea)	745531	Fungi	Basidiomycota	Agaricomycetes	Polyporales	Phanerochaetaceae	11848	94.9
UP000053258	Manacus vitellinus (golden-collared manakin)	328815	Metazoa	Chordata	Aves	Passeriformes	Pipridae	12707	71.2
UP000053259	Verruconis gallopava	253628	Fungi	Ascomycota	Dothideomycetes	Venturiales	Sympoventuriaceae	10768	95.7
UP000053263	Plicaturopsis crispa FD-325 SS-3	944288	Fungi	Basidiomycota	Agaricomycetes	Amylocorticiales	Amylocorticiaceae	2710	9.5
UP000053268	Papilio xuthus (Asian swallowtail butterfly)	66420	Metazoa	Arthropoda	Insecta	Lepidoptera	Papilionidae	15265	95.9
UP000053283	Nipponia nippon (Crested ibis) (Ibis nippon)	128390	Metazoa	Chordata	Aves	Pelecaniformes	Threskiornithidae	14132	81.7
UP000053286	Aptenodytes forsteri (Emperor penguin)	9233	Metazoa	Chordata	Aves	Sphenisciformes	Spheniscidae	13704	83.5
UP000053309	Balearica regulorum gibbericeps (East African grey crowned-crane)	100784	Metazoa	Chordata	Aves	Gruiformes	Gruidae	8821	74.5
UP000053317	Phaeomoniella chlamydospora (Phaeoacremonium chlamydosporum)	158046	Fungi	Ascomycota	Eurotiomycetes	Phaeomoniellales	Phaeomoniellaceae	6907	76.0
UP000053328	Exophiala spinifera	91928	Fungi	Ascomycota	Eurotiomycetes	Chaetothyriales	Herpotrichiellaceae	12047	99.0
UP000053330	Chlamydotis macqueenii (Macqueen's bustard)	187382	Metazoa	Chordata	Aves	Otidiformes	Otididae	8277	70.0
UP000053342	Exophiala oligosperma	215243	Fungi	Ascomycota	Eurotiomycetes	Chaetothyriales	Herpotrichiellaceae	12793	97.0
UP000053369	Mesitornis unicolor (brown roatelo)	54374	Metazoa	Chordata	Aves	Mesitornithiformes	Mesitornithidae	9395	70.9
UP000053392	Cryptococcus deuterogattii Ram5	1296110	Fungi	Basidiomycota	Tremellomycetes	Tremellales	Cryptococcaceae	6462	92.2
UP000053411	Fonsecaea multimorphosa CBS 102226	1442371	Fungi	Ascomycota	Eurotiomycetes	Chaetothyriales	Herpotrichiellaceae	12368	99.5
UP000053424	Hebeloma cylindrosporum	76867	Fungi	Basidiomycota	Agaricomycetes	Agaricales	Hymenogastraceae	15327	97.9
UP000053447	Pneumocystis jirovecii (strain RU7) (Human pneumocystis pneumonia agent)	1408657	Fungi	Ascomycota	Pneumocystomycetes	Pneumocystales	Pneumocystaceae	3746	75.7
UP000053475	Aspergillus ustus	40382	Fungi	Ascomycota	Eurotiomycetes	Eurotiales	Aspergillaceae	706	1.5
UP000053477	Schizopora paradoxa	27342	Fungi	Basidiomycota	Agaricomycetes	Hymenochaetales	Schizoporaceae	17051	98.2
UP000053537	Acanthisitta chloris (rifleman)	57068	Metazoa	Chordata	Aves	Passeriformes	Acanthisittidae	9650	61.5
UP000053558	Coniophora puteana (strain RWD-64-598) (Brown rot fungus)	741705	Fungi	Basidiomycota	Agaricomycetes	Boletales	Coniophoraceae	13735	90.2
UP000053573	Blastomyces silverae	2060906	Fungi	Ascomycota	Eurotiomycetes	Onygenales	Ajellomycetaceae	8561	83.5
UP000053584	Struthio camelus australis	441894	Metazoa	Chordata	Aves	Struthioniformes	Struthionidae	13815	78.5
UP000053593	Collybiopsis luxurians FD-317 M1	944289	Fungi	Basidiomycota	Agaricomycetes	Agaricales	Omphalotaceae	14588	45.4
UP000053605	Opisthocomus hoazin (Hoatzin) (Phasianus hoazin)	30419	Metazoa	Chordata	Aves	Opisthocomiformes	Opisthocomidae	12773	77.8
UP000053611	Cutaneotrichosporon oleaginosum	879819	Fungi	Basidiomycota	Tremellomycetes	Trichosporonales	Trichosporonaceae	8317	93.7
UP000053615	Colius striatus (Speckled mousebird)	57412	Metazoa	Chordata	Aves	Coliiformes	Coliidae	7080	64.2
UP000053617	Rhinocladiella mackenziei (strain CBS 650.93)	1442369	Fungi	Ascomycota	Eurotiomycetes	Chaetothyriales	Herpotrichiellaceae	11378	95.8
UP000053620	Antrostomus carolinensis (Chuck-will's-widow) (Caprimulgus carolinensis)	279965	Metazoa	Chordata	Aves	Caprimulgiformes	Caprimulgidae	8957	51.9
UP000053638	Phaethon lepturus (White-tailed tropicbird)	97097	Metazoa	Chordata	Aves	Phaethontiformes	Phaethontidae	9152	73.6
UP000053641	Tinamus guttatus (White-throated tinamou)	94827	Metazoa	Chordata	Aves	Tinamiformes	Tinamidae	13379	74.7
UP000053647	Paxillus involutus ATCC 200175	664439	Fungi	Basidiomycota	Agaricomycetes	Boletales	Paxillaceae	11689	33.0
UP000053660	Oesophagostomum dentatum (Nodular worm)	61180	Metazoa	Nematoda	Chromadorea	Rhabditida	Strongylidae	25133	47.5
UP000053661	Tauraco erythrolophus (Red-crested turaco)	121530	Metazoa	Chordata	Aves	Musophagiformes	Musophagidae	10099	71.4
UP000053676	Necator americanus (Human hookworm)	51031	Metazoa	Nematoda	Chromadorea	Rhabditida	Ancylostomatidae	19125	84.0
UP000053700	Phoenicopterus ruber ruber	9218	Metazoa	Chordata	Aves	Phoenicopteriformes	Phoenicopteridae	8220	69.1
UP000053732	Penicillium camemberti (strain FM 013)	1429867	Fungi	Ascomycota	Eurotiomycetes	Eurotiales	Aspergillaceae	14391	99.3
UP000053745	Cathartes aura (Turkey vulture) (Vultur aura)	43455	Metazoa	Chordata	Aves	Accipitriformes	Cathartidae	7760	58.2
UP000053758	Moesziomyces antarcticus (Yeast) (Pseudozyma antarctica)	84753	Fungi	Basidiomycota	Ustilaginomycetes	Ustilaginales	Ustilaginaceae	4672	68.9
UP000053760	Cuculus canorus (Common cuckoo)	55661	Metazoa	Chordata	Aves	Cuculiformes	Cuculidae	13582	82.2
UP000053766	Dictyocaulus viviparus (Bovine lungworm)	29172	Metazoa	Nematoda	Chromadorea	Rhabditida	Metastrongylidae	14161	75.1
UP000053789	Cladophialophora bantiana (strain ATCC 10958 / CBS 173.52 / CDC B-1940 / NIH 8579) (Xylohypha bantiana)	1442370	Fungi	Ascomycota	Eurotiomycetes	Chaetothyriales	Herpotrichiellaceae	12238	99.0
UP000053800	Cryptococcus bacillisporus CA1873	1296111	Fungi	Basidiomycota	Tremellomycetes	Tremellales	Cryptococcaceae	6631	96.0
UP000053806	Fulmarus glacialis (Northern fulmar)	30455	Metazoa	Chordata	Aves	Procellariiformes	Procellariidae	8115	71.9
UP000053815	Mucor ambiguus	91626	Fungi	Mucoromycota	Mucoromycetes	Mucorales	Mucoraceae	11311	97.7
UP000053820	Hydnomerulius pinastri MD-312	994086	Fungi	Basidiomycota	Agaricomycetes	Boletales		7783	42.3
UP000053825	Habropoda laboriosa	597456	Metazoa	Arthropoda	Insecta	Hymenoptera	Apidae	12781	89.9
UP000053831	Escovopsis weberi	150374	Fungi	Ascomycota	Sordariomycetes	Hypocreales	Hypocreaceae	6869	85.4
UP000053840	Nestor notabilis (Kea)	176057	Metazoa	Chordata	Aves	Psittaciformes	Psittacidae	9137	74.3
UP000053841	Cochliobolus carbonum (strain 26-R-13) (Maize leaf spot fungus) (Bipolaris zeicola)	930089	Fungi	Ascomycota	Dothideomycetes	Pleosporales	Pleosporaceae	12851	99.4
UP000053854	Podiceps cristatus (Great crested grebe)	345573	Metazoa	Chordata	Aves	Podicipediformes	Podicipedidae	7899	64.9
UP000053858	Charadrius vociferus (Killdeer) (Aegialitis vocifera)	50402	Metazoa	Chordata	Aves	Charadriiformes	Charadriidae	14257	82.1
UP000053872	Columba livia (Rock dove)	8932	Metazoa	Chordata	Aves	Columbiformes	Columbidae	17309	93.3
UP000053875	Dryobates pubescens (Downy woodpecker) (Picoides pubescens)	118200	Metazoa	Chordata	Aves	Piciformes	Picidae	13097	79.0
UP000053890	Rhodotorula graminis (strain WP1)	578459	Fungi	Basidiomycota	Microbotryomycetes	Sporidiobolales	Sporidiobolaceae	7228	94.6
UP000053958	Rasamsonia emersonii (strain ATCC 16479 / CBS 393.64 / IMI 116815)	1408163	Fungi	Ascomycota	Eurotiomycetes	Eurotiales	Trichocomaceae	9842	89.9
UP000053989	Scleroderma citrinum Foug A	1036808	Fungi	Basidiomycota	Agaricomycetes	Boletales	Sclerodermataceae	20903	96.4
UP000054007	Cylindrobasidium torrendii FP15055 ss-10	1314674	Fungi	Basidiomycota	Agaricomycetes	Agaricales	Physalacriaceae	13901	97.2
UP000054032	Bipolaris oryzae ATCC 44560	930090	Fungi	Ascomycota	Dothideomycetes	Pleosporales	Pleosporaceae	12000	99.4
UP000054047	Ancylostoma duodenale	51022	Metazoa	Nematoda	Chromadorea	Rhabditida	Ancylostomatidae	27403	51.1
UP000054064	Buceros rhinoceros silvestris	175836	Metazoa	Chordata	Aves	Bucerotiformes	Bucerotidae	10603	72.8
UP000054081	Pygoscelis adeliae (Adelie penguin)	9238	Metazoa	Chordata	Aves	Sphenisciformes	Spheniscidae	12848	81.4
UP000054097	Serendipita vermifera MAFF 305830	933852	Fungi	Basidiomycota	Agaricomycetes	Sebacinales	Serendipitaceae	15021	90.0
UP000054107	Parasitella parasitica	35722	Fungi	Mucoromycota	Mucoromycetes	Mucorales	Mucoraceae	13357	96.4
UP000054116	Cariama cristata (Red-legged seriema)	54380	Metazoa	Chordata	Aves	Cariamiformes	Cariamidae	8694	72.2
UP000054144	Fistulina hepatica ATCC 64428	1128425	Fungi	Basidiomycota	Agaricomycetes	Agaricales	Fistulinaceae	9322	70.8
UP000054150	Pelecanus crispus (Dalmatian pelican)	36300	Metazoa	Chordata	Aves	Pelecaniformes	Pelecanidae	8686	72.2
UP000054166	Piloderma croceum (strain F 1598)	765440	Fungi	Basidiomycota	Agaricomycetes	Atheliales	Atheliaceae	21360	97.3
UP000054190	Tyto alba (Barn owl)	56313	Metazoa	Chordata	Aves	Strigiformes	Tytonidae	9263	67.0
UP000054196	Punctularia strigosozonata (strain HHB-11173) (White-rot fungus)	741275	Fungi	Basidiomycota	Agaricomycetes	Corticiales	Punctulariaceae	2093	10.2
UP000054232	Eurypyga helias (Sunbittern) (Ardea helias)	54383	Metazoa	Chordata	Aves	Eurypygiformes	Eurypygidae	7979	67.6
UP000054244	Apaloderma vittatum (Bar-tailed trogon)	57397	Metazoa	Chordata	Aves	Trogoniformes	Trogonidae	7903	69.4
UP000054248	Tulasnella calospora MUT 4182	1051891	Fungi	Basidiomycota	Agaricomycetes	Cantharellales	Tulasnellaceae	19357	82.2
UP000054251	Debaryomyces fabryi	58627	Fungi	Ascomycota	Pichiomycetes	Serinales	Debaryomycetaceae	6022	95.1
UP000054266	Phialophora macrospora	1851006	Fungi	Ascomycota	Eurotiomycetes	Chaetothyriales	Herpotrichiellaceae	11503	98.4
UP000054270	Hypholoma sublateritium (strain FD-334 SS-4)	945553	Fungi	Basidiomycota	Agaricomycetes	Agaricales	Strophariaceae	17638	98.3
UP000054272	Cryptococcus gattii EJB2	1296103	Fungi	Basidiomycota	Tremellomycetes	Tremellales	Cryptococcaceae	6761	98.1
UP000054302	Exophiala mesophila (Black yeast-like fungus)	212818	Fungi	Ascomycota	Eurotiomycetes	Chaetothyriales	Herpotrichiellaceae	10000	95.2
UP000054304	Lachancea lanzarotensis	1245769	Fungi	Ascomycota	Saccharomycetes	Saccharomycetales	Saccharomycetaceae	5055	99.9
UP000054308	Calypte anna (Anna's hummingbird) (Archilochus anna)	9244	Metazoa	Chordata	Aves	Apodiformes	Trochilidae	13267	80.1
UP000054313	Gavia stellata (Red-throated diver) (Colymbus stellatus)	37040	Metazoa	Chordata	Aves	Gaviiformes	Gaviidae	7730	69.3
UP000054321	Oidiodendron maius (strain Zn)	913774	Fungi	Ascomycota	Leotiomycetes		Myxotrichaceae	16697	96.3
UP000054324	Opisthorchis viverrini (Southeast Asian liver fluke)	6198	Metazoa	Platyhelminthes	Trematoda	Opisthorchiida	Opisthorchiidae	16307	64.8
UP000054337	Bipolaris victoriae (strain FI3) (Victoria blight of oats agent) (Cochliobolus victoriae)	930091	Fungi	Ascomycota	Dothideomycetes	Pleosporales	Pleosporaceae	12702	99.4
UP000054342	Exophiala xenobiotica	348802	Fungi	Ascomycota	Eurotiomycetes	Chaetothyriales	Herpotrichiellaceae	12773	99.2
UP000054350	Allomyces macrogynus (strain ATCC 38327) (Allomyces javanicus var. macrogynus)	578462	Fungi	Blastocladiomycota	Blastocladiomycetes	Blastocladiales	Blastocladiaceae	19092	86.9
UP000054359	Stegodyphus mimosarum (African social velvet spider)	407821	Metazoa	Arthropoda	Arachnida	Araneae	Eresidae	27009	88.4
UP000054383	Talaromyces islandicus (Penicillium islandicum)	28573	Fungi	Ascomycota	Eurotiomycetes	Eurotiales	Trichocomaceae	9928	94.6
UP000054399	Cryptococcus tetragattii IND107	1296105	Fungi	Basidiomycota	Tremellomycetes	Tremellales	Cryptococcaceae	6640	98.3
UP000054408	Thecamonas trahens ATCC 50062	461836				Apusomonadida	Apusomonadidae	10604	81.6
UP000054454	Pneumocystis carinii (strain B80) (Rat pneumocystis pneumonia agent) (Pneumocystis carinii f. sp. carinii)	1408658	Fungi	Ascomycota	Pneumocystomycetes	Pneumocystales	Pneumocystaceae	3641	76.6
UP000054466	Cladophialophora immunda	569365	Fungi	Ascomycota	Eurotiomycetes	Chaetothyriales	Herpotrichiellaceae	13606	98.2
UP000054477	Laccaria amethystina LaAM-08-1	1095629	Fungi	Basidiomycota	Agaricomycetes	Agaricales	Hydnangiaceae	20893	97.6
UP000054481	Hirsutella minnesotensis 3608	1043627	Fungi	Ascomycota	Sordariomycetes	Hypocreales	Ophiocordycipitaceae	9072	59.4
UP000054485	Suillus luteus UH-Slu-Lm8-n1	930992	Fungi	Basidiomycota	Agaricomycetes	Boletales	Suillaceae	18277	98.3
UP000054495	Ancylostoma ceylanicum	53326	Metazoa	Nematoda	Chromadorea	Rhabditida	Ancylostomatidae	15861	63.9
UP000054498	Monoraphidium neglectum	145388	Viridiplantae	Chlorophyta	Chlorophyceae	Sphaeropleales	Selenastraceae	16738	74.1
UP000054516	Rosellinia necatrix (White root-rot fungus)	77044	Fungi	Ascomycota	Sordariomycetes	Xylariales	Xylariaceae	12440	96.9
UP000054524	Nematocida ausubeli (Nematode killer fungus)	1913371	Fungi	Microsporidia				2428	99.2
UP000054544	Metarhizium anisopliae BRIP 53293	1291518	Fungi	Ascomycota	Sordariomycetes	Hypocreales	Clavicipitaceae	11404	96.9
UP000054549	Amanita muscaria (strain Koide BX008)	946122	Fungi	Basidiomycota	Agaricomycetes	Agaricales	Amanitaceae	17954	96.3
UP000054558	Klebsormidium nitens (Green alga) (Ulothrix nitens)	105231	Viridiplantae	Streptophyta	Klebsormidiophyceae	Klebsormidiales	Klebsormidiaceae	16251	96.9
UP000054560	Sphaeroforma arctica JP610	667725			Ichthyosporea	Ichthyophonida		18649	63.1
UP000054561	Plasmodium fragile	5857		Apicomplexa	Aconoidasida	Haemosporida	Plasmodiidae	5638	96.7
UP000054564	Puccinia striiformis f. sp. tritici PST-78	1165861	Fungi	Basidiomycota	Pucciniomycetes	Pucciniales	Pucciniaceae	19932	94.9
UP000054630	Trichinella nelsoni	6336	Metazoa	Nematoda	Enoplea	Trichinellida	Trichinellidae	16597	68.1
UP000054653	Trichinella britovi (Parasitic roundworm)	45882	Metazoa	Nematoda	Enoplea	Trichinellida	Trichinellidae	19931	68.1
UP000054721	Trichinella nativa	6335	Metazoa	Nematoda	Enoplea	Trichinellida	Trichinellidae	16771	69.1
UP000054771	Aspergillus calidoustus	454130	Fungi	Ascomycota	Eurotiomycetes	Eurotiales	Aspergillaceae	15359	96.0
UP000054776	Trichinella spiralis (Trichina worm)	6334	Metazoa	Nematoda	Enoplea	Trichinellida	Trichinellidae	18572	68.5
UP000054783	Trichinella patagoniensis	990121	Metazoa	Nematoda	Enoplea	Trichinellida	Trichinellidae	18337	66.4
UP000054805	Trichinella pseudospiralis (Parasitic roundworm)	6337	Metazoa	Nematoda	Enoplea	Trichinellida	Trichinellidae	16171	66.5
UP000054821	Trichoderma gamsii	398673	Fungi	Ascomycota	Sordariomycetes	Hypocreales	Hypocreaceae	11178	94.5
UP000054843	Trichinella papuae	268474	Metazoa	Nematoda	Enoplea	Trichinellida	Trichinellidae	15285	65.2
UP000054845	Ceraceosorus bombacis	401625	Fungi	Basidiomycota	Exobasidiomycetes	Ceraceosorales	Ceraceosoraceae	8017	86.8
UP000054937	Pseudocohnilembus persalinus (Ciliate)	266149		Ciliophora	Oligohymenophorea	Philasterida	Pseudocohnilembidae	13175	92.4
UP000054995	Trichinella pseudospiralis (Parasitic roundworm)	6337	Metazoa	Nematoda	Enoplea	Trichinellida	Trichinellidae	14319	68.5
UP000055024	Trichinella zimbabwensis	268475	Metazoa	Nematoda	Enoplea	Trichinellida	Trichinellidae	18195	64.5
UP000055045	Penicillium freii	48697	Fungi	Ascomycota	Eurotiomycetes	Eurotiales	Aspergillaceae	11722	96.2
UP000055048	Trichinella murrelli	144512	Metazoa	Nematoda	Enoplea	Trichinellida	Trichinellidae	17983	67.4
UP000059188	Thanatephorus cucumeris (strain AG1-IB / isolate 7/3/14) (Lettuce bottom rot fungus) (Rhizoctonia solani)	1108050	Fungi	Basidiomycota	Agaricomycetes	Cantharellales	Ceratobasidiaceae	12613	88.7
UP000063063	Leishmania panamensis	5679		Euglenozoa	Kinetoplastea	Trypanosomatida	Trypanosomatidae	8354	100.0
UP000069272	Anopheles albimanus (New world malaria mosquito)	7167	Metazoa	Arthropoda	Insecta	Diptera	Culicidae	12489	96.4
UP000070054	Colletotrichum nymphaeae SA-01	1460502	Fungi	Ascomycota	Sordariomycetes	Glomerellales	Glomerellaceae	14402	97.5
UP000070121	Colletotrichum salicis	1209931	Fungi	Ascomycota	Sordariomycetes	Glomerellales	Glomerellaceae	13783	97.7
UP000070133	Pseudocercospora eumusae	321146	Fungi	Ascomycota	Dothideomycetes	Mycosphaerellales	Mycosphaerellaceae	11956	91.0
UP000070168	Penicillium patulum (Penicillium griseofulvum)	5078	Fungi	Ascomycota	Eurotiomycetes	Eurotiales	Aspergillaceae	9628	97.7
UP000070328	Colletotrichum simmondsii	703756	Fungi	Ascomycota	Sordariomycetes	Glomerellales	Glomerellaceae	13884	98.7
UP000070412	Sarcoptes scabiei (Itch mite) (Acarus scabiei)	52283	Metazoa	Arthropoda	Arachnida	Sarcoptiformes	Sarcoptidae	9161	93.4
UP000070444	Conidiobolus coronatus (strain ATCC 28846 / CBS 209.66 / NRRL 28638) (Delacroixia coronata)	796925	Fungi	Entomophthoromycota	Entomophthoromycetes	Entomophthorales	Ancylistaceae	10567	79.8
UP000070501	Microdochium bolleyi	196109	Fungi	Ascomycota	Sordariomycetes	Xylariales	Microdochiaceae	13164	95.9
UP000070544	Gonapodya prolifera (strain JEL478) (Monoblepharis prolifera)	1344416	Fungi	Monoblepharomycota	Monoblepharidomycetes	Monoblepharidales	Gonapodyaceae	13801	83.6
UP000070700	Mollisia scopiformis (Conifer needle endophyte fungus) (Phialocephala scopiformis)	149040	Fungi	Ascomycota	Leotiomycetes	Helotiales	Mollisiaceae	18561	98.2
UP000070720	Gibberella zeae (strain ATCC MYA-4620 / CBS 123657 / FGSC 9075 / NRRL 31084 / PH-1) (Wheat head blight fungus) (Fusarium graminearum)	229533	Fungi	Ascomycota	Sordariomycetes	Hypocreales	Nectriaceae	14147	99.6
UP000071118	Plasmodium chabaudi chabaudi	31271		Apicomplexa	Aconoidasida	Haemosporida	Plasmodiidae	5197	99.2
UP000073492	Pseudocercospora musae	113226	Fungi	Ascomycota	Dothideomycetes	Mycosphaerellales	Mycosphaerellaceae	11907	85.6
UP000074855	Plasmodium berghei (strain Anka)	5823		Apicomplexa	Aconoidasida	Haemosporida	Plasmodiidae	4927	99.1
UP000075243	Cajanus cajan (Pigeon pea) (Cajanus indicus)	3821	Viridiplantae	Streptophyta	Magnoliopsida	Fabales	Fabaceae	22983	89.5
UP000075714	Gonium pectorale (Green alga)	33097	Viridiplantae	Chlorophyta	Chlorophyceae	Chlamydomonadales	Volvocaceae	16291	92.2
UP000075809	Mycetomoellerius zeteki	64791	Metazoa	Arthropoda	Insecta	Hymenoptera	Formicidae	14302	89.5
UP000075840	Anopheles arabiensis (Mosquito)	7173	Metazoa	Arthropoda	Insecta	Diptera	Culicidae	13818	98.4
UP000075880	Anopheles atroparvus (European mosquito)	41427	Metazoa	Arthropoda	Insecta	Diptera	Culicidae	15529	92.6
UP000075881	Anopheles christyi	43041	Metazoa	Arthropoda	Insecta	Diptera	Culicidae	10929	89.5
UP000075883	Anopheles culicifacies	139723	Metazoa	Arthropoda	Insecta	Diptera	Culicidae	14342	96.3
UP000075884	Anopheles dirus	7168	Metazoa	Arthropoda	Insecta	Diptera	Culicidae	13101	97.0
UP000075885	Anopheles epiroticus	199890	Metazoa	Arthropoda	Insecta	Diptera	Culicidae	11991	96.7
UP000075886	Anopheles farauti	69004	Metazoa	Arthropoda	Insecta	Diptera	Culicidae	13014	96.4
UP000075901	Anopheles maculatus	74869	Metazoa	Arthropoda	Insecta	Diptera	Culicidae	14865	58.1
UP000075902	Anopheles melas	34690	Metazoa	Arthropoda	Insecta	Diptera	Culicidae	15232	89.7
UP000075903	Anopheles merus (Mosquito)	30066	Metazoa	Arthropoda	Insecta	Diptera	Culicidae	13295	93.9
UP000075920	Anopheles minimus	112268	Metazoa	Arthropoda	Insecta	Diptera	Culicidae	12975	97.7
UP000076078	Tieghemostelium lacteum (Slime mold) (Dictyostelium lacteum)	361077		Evosea	Eumycetozoa	Dictyosteliales	Raperosteliaceae	10208	91.0
UP000076154	Hypsizygus marmoreus (White beech mushroom) (Agaricus marmoreus)	39966	Fungi	Basidiomycota	Agaricomycetes	Agaricales	Lyophyllaceae	16572	98.7
UP000076407	Anopheles quadriannulatus (Mosquito)	34691	Metazoa	Arthropoda	Insecta	Diptera	Culicidae	13801	97.6
UP000076408	Anopheles stephensi (Indo-Pakistan malaria mosquito)	30069	Metazoa	Arthropoda	Insecta	Diptera	Culicidae	11768	96.1
UP000076502	Dufourea novaeangliae (Sweat bee)	178035	Metazoa	Arthropoda	Insecta	Hymenoptera	Halictidae	11355	85.4
UP000076552	Colletotrichum tofieldiae	708197	Fungi	Ascomycota	Sordariomycetes	Glomerellales	Glomerellaceae	12499	95.9
UP000076584	Colletotrichum incanum (Soybean anthracnose fungus)	1573173	Fungi	Ascomycota	Sordariomycetes	Glomerellales	Glomerellaceae	12796	93.0
UP000076632	Xylona heveae (strain CBS 132557 / TC161)	1328760	Fungi	Ascomycota	Xylonomycetes	Xylonales	Xylonaceae	8201	99.3
UP000076722	Sistotremastrum niveocremeum HHB9708	1314777	Fungi	Basidiomycota	Agaricomycetes	Sistotremastrales	Sistotremastraceae	13037	96.2
UP000076727	Daedalea quercina L-15889	1314783	Fungi	Basidiomycota	Agaricomycetes	Polyporales	Fomitopsidaceae	12170	98.7
UP000076738	Calocera viscosa (strain TUFC12733)	1330018	Fungi	Basidiomycota	Dacrymycetes	Dacrymycetales	Dacrymycetaceae	12323	98.0
UP000076744	Cordyceps fumosorosea (strain ARSEF 2679) (Isaria fumosorosea)	1081104	Fungi	Ascomycota	Sordariomycetes	Hypocreales	Cordycipitaceae	10050	95.6
UP000076761	Neolentinus lepideus HHB14362 ss-1	1314782	Fungi	Basidiomycota	Agaricomycetes	Gloeophyllales	Gloeophyllaceae	13108	99.3
UP000076798	Sistotremastrum suecicum HHB10207 ss-3	1314776	Fungi	Basidiomycota	Agaricomycetes	Sistotremastrales	Sistotremastraceae	13633	96.6
UP000076837	Ascochyta rabiei (Chickpea ascochyta blight fungus) (Didymella rabiei)	5454	Fungi	Ascomycota	Dothideomycetes	Pleosporales	Didymellaceae	10558	94.5
UP000076842	Calocera cornea HHB12733	1353952	Fungi	Basidiomycota	Dacrymycetes	Dacrymycetales	Dacrymycetaceae	13078	96.5
UP000076858	Daphnia magna	35525	Metazoa	Arthropoda	Branchiopoda	Diplostraca	Daphniidae	26600	92.1
UP000076863	Beauveria brongniartii RCEF 3172	1081107	Fungi	Ascomycota	Sordariomycetes	Hypocreales	Cordycipitaceae	9594	97.5
UP000076871	Laetiporus sulphureus 93-53	1314785	Fungi	Basidiomycota	Agaricomycetes	Polyporales	Laetiporaceae	13712	98.9
UP000076874	Niveomyces insectorum RCEF 264	1081102	Fungi	Ascomycota	Sordariomycetes	Hypocreales	Cordycipitaceae	9495	78.0
UP000076881	Akanthomyces lecanii RCEF 1005	1081108	Fungi	Ascomycota	Sordariomycetes	Hypocreales	Cordycipitaceae	11019	97.8
UP000077002	Fonsecaea monophora	254056	Fungi	Ascomycota	Eurotiomycetes	Chaetothyriales	Herpotrichiellaceae	11984	95.2
UP000077051	Mucor lusitanicus CBS 277.49	747725	Fungi	Mucoromycota	Mucoromycetes	Mucorales	Mucoraceae	11586	91.5
UP000077069	Paraphaeosphaeria sporulosa	1460663	Fungi	Ascomycota	Dothideomycetes	Pleosporales	Didymosphaeriaceae	14732	95.7
UP000077202	Marchantia polymorpha subsp. ruderalis	1480154	Viridiplantae	Streptophyta	Marchantiopsida	Marchantiales	Marchantiaceae	17951	79.9
UP000077248	Alternaria alternata (Alternaria rot fungus) (Torula alternata)	5599	Fungi	Ascomycota	Dothideomycetes	Pleosporales	Pleosporaceae	13463	98.7
UP000077266	Exidia glandulosa HHB12029	1314781	Fungi	Basidiomycota	Agaricomycetes	Auriculariales	Exidiaceae	26313	94.9
UP000077315	Phycomyces blakesleeanus (strain ATCC 8743b / DSM 1359 / FGSC 10004 / NBRC 33097 / NRRL 1555)	763407	Fungi	Mucoromycota	Mucoromycetes	Mucorales	Phycomycetaceae	16155	92.5
UP000077521	Tilletia indica	43049	Fungi	Basidiomycota	Exobasidiomycetes	Tilletiales	Tilletiaceae	9656	95.2
UP000077684	Tilletia controversa (dwarf bunt fungus)	13291	Fungi	Basidiomycota	Exobasidiomycetes	Tilletiales	Tilletiaceae	9880	91.8
UP000077755	Daucus carota subsp. sativus (Carrot)	79200	Viridiplantae	Streptophyta	Magnoliopsida	Apiales	Apiaceae	35531	98.4
UP000078046	Intoshia linei	1819745	Metazoa	Orthonectida			Rhopaluridae	8720	50.1
UP000078113	Tilletia walkeri	117179	Fungi	Basidiomycota	Exobasidiomycetes	Tilletiales	Tilletiaceae	7880	95.5
UP000078200	Glossina austeni (Savannah tsetse fly)	7395	Metazoa	Arthropoda	Insecta	Diptera	Glossinidae	19647	95.0
UP000078237	Madurella mycetomatis	100816	Fungi	Ascomycota	Sordariomycetes	Sordariales		9733	89.3
UP000078343	Fonsecaea erecta	1367422	Fungi	Ascomycota	Eurotiomycetes	Chaetothyriales	Herpotrichiellaceae	12089	97.6
UP000078348	Blastocystis sp. subtype 1 (strain ATCC 50177 / NandII)	478820			Bigyra	Opalinata	Blastocystidae	6377	99.0
UP000078492	Trachymyrmex cornetzi	471704	Metazoa	Arthropoda	Insecta	Hymenoptera	Formicidae	18657	92.1
UP000078512	Linnemannia elongata AG-77	1314771	Fungi	Mortierellomycota	Mortierellomycetes	Mortierellales	Mortierellaceae	14849	97.8
UP000078540	Atta colombica	520822	Metazoa	Arthropoda	Insecta	Hymenoptera	Formicidae	14143	91.3
UP000078541	Trachymyrmex septentrionalis	34720	Metazoa	Arthropoda	Insecta	Hymenoptera	Formicidae	15167	94.0
UP000078542	Cyphomyrmex costatus	456900	Metazoa	Arthropoda	Insecta	Hymenoptera	Formicidae	15716	91.9
UP000078544	Moelleriella libera RCEF 2490	1081109	Fungi	Ascomycota	Sordariomycetes	Hypocreales	Clavicipitaceae	8458	95.6
UP000078561	Absidia glauca (Pin mould)	4829	Fungi	Mucoromycota	Mucoromycetes	Mucorales	Cunninghamellaceae	14825	96.7
UP000078576	Cytospora mali (Apple Valsa canker fungus) (Valsa mali)	578113	Fungi	Ascomycota	Sordariomycetes	Diaporthales	Cytosporaceae	10741	95.6
UP000078595	Kwoniella dejecticola CBS 10117	1296121	Fungi	Basidiomycota	Tremellomycetes	Tremellales	Cryptococcaceae	8630	98.9
UP000079169	Diaphorina citri (Asian citrus psyllid)	121845	Metazoa	Arthropoda	Insecta	Hemiptera	Psyllidae	21517	87.0
UP000081671	Dipodomys ordii (Ord's kangaroo rat)	10020	Metazoa	Chordata	Mammalia	Rodentia	Heteromyidae	26496	93.9
UP000085678	Lingula anatina (Brachiopod) (Lingula unguis)	7574	Metazoa	Brachiopoda	Lingulata	Lingulida	Lingulidae	34415	98.6
UP000087171	Cicer arietinum (Chickpea) (Garbanzo)	3827	Viridiplantae	Streptophyta	Magnoliopsida	Fabales	Fabaceae	30850	93.7
UP000087766	Vigna radiata var. radiata (Mung bean) (Phaseolus aureus)	3916	Viridiplantae	Streptophyta	Magnoliopsida	Fabales	Fabaceae	35038	98.6
UP000091820	Glossina brevipalpis	37001	Metazoa	Arthropoda	Insecta	Diptera	Glossinidae	14631	89.4
UP000091857	Manihot esculenta (Cassava) (Jatropha manihot)	3983	Viridiplantae	Streptophyta	Magnoliopsida	Malpighiales	Euphorbiaceae	54841	99.5
UP000091918	Emergomyces africanus	1955775	Fungi	Ascomycota	Eurotiomycetes	Onygenales	Ajellomycetaceae	8745	88.9
UP000091956	Pseudogymnoascus verrucosus	342668	Fungi	Ascomycota	Leotiomycetes	Thelebolales	Thelebolaceae	10683	99.8
UP000091967	Fusarium poae	36050	Fungi	Ascomycota	Sordariomycetes	Hypocreales	Nectriaceae	14048	99.0
UP000092124	Neotoma lepida (Desert woodrat)	56216	Metazoa	Chordata	Mammalia	Rodentia	Cricetidae	24274	59.3
UP000092154	Rhizopogon vinicolor AM-OR11-026	1314800	Fungi	Basidiomycota	Agaricomycetes	Boletales	Rhizopogonaceae	14447	98.7
UP000092321	Hanseniaspora valbyensis NRRL Y-1626	766949	Fungi	Ascomycota	Saccharomycetes	Saccharomycodales	Saccharomycodaceae	4754	72.5
UP000092443	Glossina fuscipes	7396	Metazoa	Arthropoda	Insecta	Diptera	Glossinidae	17759	98.9
UP000092444	Glossina morsitans morsitans (Savannah tsetse fly)	37546	Metazoa	Arthropoda	Insecta	Diptera	Glossinidae	12910	88.7
UP000092445	Glossina pallidipes (Tsetse fly)	7398	Metazoa	Arthropoda	Insecta	Diptera	Glossinidae	19235	90.4
UP000092460	Glossina palpalis gambiensis	67801	Metazoa	Arthropoda	Insecta	Diptera	Glossinidae	19957	89.6
UP000092461	Lutzomyia longipalpis (Sand fly)	7200	Metazoa	Arthropoda	Insecta	Diptera	Psychodidae	10419	72.2
UP000092462	Phlebotomus papatasi (Sandfly)	29031	Metazoa	Arthropoda	Insecta	Diptera	Psychodidae	11386	54.9
UP000092555	Metschnikowia bicuspidata var. bicuspidata NRRL YB-4993	869754	Fungi	Ascomycota	Pichiomycetes	Serinales	Metschnikowiaceae	5827	92.7
UP000092583	Kwoniella mangroviensis CBS 10435	1331196	Fungi	Basidiomycota	Tremellomycetes	Tremellales	Cryptococcaceae	8428	99.4
UP000092666	Kwoniella heveanensis BCC8398	1296120	Fungi	Basidiomycota	Tremellomycetes	Tremellales	Cryptococcaceae	7924	97.8
UP000092716	Plasmodium coatneyi	208452		Apicomplexa	Aconoidasida	Haemosporida	Plasmodiidae	5514	97.1
UP000092730	Kwoniella bestiolae CBS 10118	1296100	Fungi	Basidiomycota	Tremellomycetes	Tremellales	Cryptococcaceae	9104	98.8
UP000092993	Grifola frondosa (Maitake) (Polyporus frondosus)	5627	Fungi	Basidiomycota	Agaricomycetes	Polyporales	Grifolaceae	14985	83.8
UP000093000	Choanephora cucurbitarum	101091	Fungi	Mucoromycota	Mucoromycetes	Mucorales	Choanephoraceae	11924	95.6
UP000094020	Kwoniella pini CBS 10737	1296096	Fungi	Basidiomycota	Tremellomycetes	Tremellales	Cryptococcaceae	7807	98.8
UP000094043	Cryptococcus depauperatus CBS 7841	1295531	Fungi	Basidiomycota	Tremellomycetes	Tremellales	Cryptococcaceae	6334	93.9
UP000094065	Cryptococcus amylolentus CBS 6039	1295533	Fungi	Basidiomycota	Tremellomycetes	Tremellales	Cryptococcaceae	9877	98.7
UP000094236	Pachysolen tannophilus NRRL Y-2460	669874	Fungi	Ascomycota	Pichiomycetes	Alaninales	Pachysolenaceae	5645	93.0
UP000094285	Suhomyces tanzawaensis NRRL Y-17324	984487	Fungi	Ascomycota	Pichiomycetes	Serinales	Debaryomycetaceae	5882	96.6
UP000094336	Babjeviella inositovora NRRL Y-12698	984486	Fungi	Ascomycota	Pichiomycetes	Serinales		6394	94.8
UP000094385	Lipomyces starkeyi NRRL Y-11557	675824	Fungi	Ascomycota	Lipomycetes	Lipomycetales	Lipomycetaceae	8136	92.1
UP000094444	Diaporthe helianthi	158607	Fungi	Ascomycota	Sordariomycetes	Diaporthales	Diaporthaceae	13137	98.5
UP000094455	Pichia membranifaciens NRRL Y-2026	763406	Fungi	Ascomycota	Pichiomycetes	Pichiales	Pichiaceae	5536	86.1
UP000094526	Cladophialophora carrionii	86049	Fungi	Ascomycota	Eurotiomycetes	Chaetothyriales	Herpotrichiellaceae	11181	96.0
UP000094527	Orchesella cincta (Springtail) (Podura cincta)	48709	Metazoa	Arthropoda	Collembola	Entomobryomorpha	Orchesellidae	20218	89.7
UP000094565	Komagataella pastoris (Yeast) (Pichia pastoris)	4922	Fungi	Ascomycota	Pichiomycetes	Pichiales	Pichiaceae	5034	92.9
UP000094569	Aspergillus cristatus (Chinese Fuzhuan brick tea-fermentation fungus) (Eurotium cristatum)	573508	Fungi	Ascomycota	Eurotiomycetes	Eurotiales	Aspergillaceae	10115	98.2
UP000094819	Cryptococcus wingfieldii CBS 7118	1295528	Fungi	Basidiomycota	Tremellomycetes	Tremellales	Cryptococcaceae	8085	98.6
UP000095009	Nadsonia fulvescens var. elongata DSM 6958	857566	Fungi	Ascomycota	Dipodascomycetes	Dipodascales		5636	92.0
UP000095023	Tortispora caseinolytica NRRL Y-17796	767744	Fungi	Ascomycota	Trigonopsidomycetes	Trigonopsidales	Trigonopsidaceae	4657	80.1
UP000095038	Ascoidea rubescens DSM 1968	1344418	Fungi	Ascomycota	Saccharomycetes	Ascoideales	Ascoideaceae	6735	94.9
UP000095085	Hyphopichia burtonii NRRL Y-1933	984485	Fungi	Ascomycota	Pichiomycetes	Serinales	Debaryomycetaceae	5994	94.6
UP000095192	Cyclospora cayetanensis	88456		Apicomplexa	Conoidasida	Eucoccidiorida	Eimeriidae	7151	95.0
UP000095280	Macrostomum lignano	282301	Metazoa	Platyhelminthes			Macrostomidae	52448	71.9
UP000095281	Meloidogyne hapla (Root-knot nematode worm)	6305	Metazoa	Nematoda	Chromadorea	Rhabditida	Meloidogynidae	14379	53.2
UP000095282	Caenorhabditis tropicalis	1561998	Metazoa	Nematoda	Chromadorea	Rhabditida	Rhabditidae	27198	89.0
UP000095285	Loa loa (Eye worm) (Filaria loa)	7209	Metazoa	Nematoda	Chromadorea	Rhabditida	Onchocercidae	12226	0.0
UP000095300	Stomoxys calcitrans (Stable fly) (Conops calcitrans)	35570	Metazoa	Arthropoda	Insecta	Diptera	Muscidae	18841	0.0
UP000095358	Hanseniaspora uvarum (Yeast) (Kloeckera apiculata)	29833	Fungi	Ascomycota	Saccharomycetes	Saccharomycodales	Saccharomycodaceae	4059	81.3
UP000095605	Hanseniaspora opuntiae	211096	Fungi	Ascomycota	Saccharomycetes	Saccharomycodales	Saccharomycodaceae	4166	80.9
UP000095728	Hanseniaspora osmophila	56408	Fungi	Ascomycota	Saccharomycetes	Saccharomycodales	Saccharomycodaceae	4653	96.1
UP000095751	Fragilariopsis cylindrus CCMP1102	635003		Bacillariophyta	Bacillariophyceae	Bacillariales	Bacillariaceae	18075	95.0
UP000095767	Dichanthelium oligosanthes	888268	Viridiplantae	Streptophyta	Magnoliopsida	Poales	Poaceae	26451	85.3
UP000176998	Colletotrichum orchidophilum	1209926	Fungi	Ascomycota	Sordariomycetes	Glomerellales	Glomerellaceae	14495	99.2
UP000177622	Penicillium arizonense	1835702	Fungi	Ascomycota	Eurotiomycetes	Eurotiales	Aspergillaceae	12121	98.0
UP000177625	Rhynchosporium secalis (Barley scald fungus)	38038	Fungi	Ascomycota	Leotiomycetes	Helotiales	Ploettnerulaceae	13144	98.4
UP000178129	Rhynchosporium graminicola	2792576	Fungi	Ascomycota	Leotiomycetes	Helotiales	Ploettnerulaceae	12208	98.8
UP000178912	Rhynchosporium agropyri	914238	Fungi	Ascomycota	Leotiomycetes	Helotiales	Ploettnerulaceae	13667	98.6
UP000179179	Aspergillus bombycis	109264	Fungi	Ascomycota	Eurotiomycetes	Eurotiales	Aspergillaceae	12265	96.9
UP000179807	Tritrichomonas foetus	1144522		Parabasalia		Tritrichomonadida	Tritrichomonadidae	24634	49.4
UP000182235	Emergomyces pasteurianus Ep9510	1447872	Fungi	Ascomycota	Eurotiomycetes	Onygenales	Ajellomycetaceae	8944	98.7
UP000182334	Sungouiella intermedia	45354	Fungi	Ascomycota	Pichiomycetes	Serinales	Metschnikowiaceae	5921	95.7
UP000182658	Coniochaeta ligniaria NRRL 30616	1408157	Fungi	Ascomycota	Sordariomycetes	Coniochaetales	Coniochaetaceae	13658	97.3
UP000183365	Hanseniaspora guilliermondii	56406	Fungi	Ascomycota	Saccharomycetes	Saccharomycodales	Saccharomycodaceae	4070	81.4
UP000183567	Rhizopogon vesiculosus	180088	Fungi	Basidiomycota	Agaricomycetes	Boletales	Rhizopogonaceae	14146	91.6
UP000183809	Diplodia corticola	236234	Fungi	Ascomycota	Dothideomycetes	Botryosphaeriales	Botryosphaeriaceae	10836	99.1
UP000183832	Clunio marinus	568069	Metazoa	Arthropoda	Insecta	Diptera	Chironomidae	22544	91.2
UP000183971	Fusarium proliferatum (strain ET1) (Orchid endophyte fungus)	1227346	Fungi	Ascomycota	Sordariomycetes	Hypocreales	Nectriaceae	16122	99.9
UP000184073	Aspergillus versicolor CBS 583.65	1036611	Fungi	Ascomycota	Eurotiomycetes	Eurotiales	Aspergillaceae	13222	97.9
UP000184188	Penicilliopsis zonata CBS 506.65	1073090	Fungi	Ascomycota	Eurotiomycetes	Eurotiales	Aspergillaceae	9870	97.2
UP000184255	Fusarium mangiferae (Mango malformation disease fungus)	192010	Fungi	Ascomycota	Sordariomycetes	Hypocreales	Nectriaceae	15798	99.7
UP000184267	Trametes pubescens (White-rot fungus)	154538	Fungi	Basidiomycota	Agaricomycetes	Polyporales	Polyporaceae	14147	90.2
UP000184300	Aspergillus glaucus CBS 516.65	1160497	Fungi	Ascomycota	Eurotiomycetes	Eurotiales	Aspergillaceae	11245	97.8
UP000184304	Aspergillus tubingensis (strain CBS 134.48)	767770	Fungi	Ascomycota	Eurotiomycetes	Eurotiales	Aspergillaceae	12335	97.8
UP000184330	Phialocephala subalpina	576137	Fungi	Ascomycota	Leotiomycetes	Helotiales	Mollisiaceae	20170	99.0
UP000184356	Aspergillus sydowii CBS 593.65	1036612	Fungi	Ascomycota	Eurotiomycetes	Eurotiales	Aspergillaceae	13568	98.1
UP000184383	Aspergillus wentii DTO 134E9	1073089	Fungi	Ascomycota	Eurotiomycetes	Eurotiales	Aspergillaceae	12389	98.4
UP000184499	Aspergillus brasiliensis (strain CBS 101740 / IMI 381727 / IBT 21946)	767769	Fungi	Ascomycota	Eurotiomycetes	Eurotiales	Aspergillaceae	12982	98.5
UP000184546	Aspergillus aculeatus (strain ATCC 16872 / CBS 172.66 / WB 5094)	690307	Fungi	Ascomycota	Eurotiomycetes	Eurotiales	Aspergillaceae	10843	98.2
UP000185904	Fonsecaea nubica	856822	Fungi	Ascomycota	Eurotiomycetes	Chaetothyriales	Herpotrichiellaceae	11681	95.8
UP000185944	Nematocida displodere	1805483	Fungi	Microsporidia				2241	99.5
UP000186136	Pichia membranifaciens	4926	Fungi	Ascomycota	Pichiomycetes	Pichiales	Pichiaceae	4160	59.6
UP000186176	Cryptosporidium ubiquitum	857276		Apicomplexa	Conoidasida	Eucoccidiorida	Cryptosporidiidae	3765	97.6
UP000186303	Malassezia sympodialis (strain ATCC 42132) (Atopic eczema-associated yeast)	1230383	Fungi	Basidiomycota	Malasseziomycetes	Malasseziales	Malasseziaceae	4501	92.3
UP000186583	Colletotrichum chlorophyti	708187	Fungi	Ascomycota	Sordariomycetes	Glomerellales	Glomerellaceae	10302	98.1
UP000186594	Neolecta irregularis (strain DAH-3)	1198029	Fungi	Ascomycota	Neolectomycetes	Neolectales	Neolectaceae	5551	71.5
UP000186601	Hermanssonia centrifuga	98765	Fungi	Basidiomycota	Agaricomycetes	Polyporales	Meruliaceae	13628	70.3
UP000186698	Xenopus laevis (African clawed frog)	8355	Metazoa	Chordata	Amphibia	Anura	Pipidae	62027	97.7
UP000186804	Cryptosporidium andersoni	117008		Apicomplexa	Conoidasida	Eucoccidiorida	Cryptosporidiidae	3876	99.0
UP000186817	Symbiodinium microadriaticum (Dinoflagellate) (Zooxanthella microadriatica)	2951			Dinophyceae	Suessiales	Symbiodiniaceae	43269	80.7
UP000186922	Ramazzottius varieornatus (Water bear) (Tardigrade)	947166	Metazoa	Tardigrada	Eutardigrada	Parachela	Ramazzottiidae	22940	85.0
UP000186955	Penicillium subrubescens	1316194	Fungi	Ascomycota	Eurotiomycetes	Eurotiales	Aspergillaceae	14038	95.7
UP000187203	Corchorus olitorius	93759	Viridiplantae	Streptophyta	Magnoliopsida	Malvales	Malvaceae	35596	81.3
UP000187209	Stentor coeruleus	5963		Ciliophora	Heterotrichea	Heterotrichida	Stentoridae	30969	92.4
UP000187283	Smittium culicis	133412	Fungi	Kickxellomycota	Harpellomycetes	Harpellales	Legeriomycetaceae	10832	59.8
UP000187406	Cephalotus follicularis (Albany pitcher plant)	3775	Viridiplantae	Streptophyta	Magnoliopsida	Oxalidales	Cephalotaceae	36460	96.0
UP000187429	Smittium culicis	133412	Fungi	Kickxellomycota	Harpellomycetes	Harpellales	Legeriomycetaceae	10576	57.0
UP000187455	Smittium mucronatum	133383	Fungi	Kickxellomycota	Harpellomycetes	Harpellales	Legeriomycetaceae	7962	52.4
UP000188268	Corchorus capsularis (Jute)	210143	Viridiplantae	Streptophyta	Magnoliopsida	Malvales	Malvaceae	29210	87.1
UP000188318	Aspergillus carbonarius (strain ITEM 5010)	602072	Fungi	Ascomycota	Eurotiomycetes	Eurotiales	Aspergillaceae	11037	91.9
UP000188320	Zancudomyces culisetae (Gut fungus) (Smittium culisetae)	1213189	Fungi	Kickxellomycota	Harpellomycetes	Harpellales	Legeriomycetaceae	7387	36.5
UP000188354	Lupinus angustifolius (Narrow-leaved blue lupine)	3871	Viridiplantae	Streptophyta	Magnoliopsida	Fabales	Fabaceae	31106	88.9
UP000188533	Lentinula edodes (Shiitake mushroom) (Lentinus edodes)	5353	Fungi	Basidiomycota	Agaricomycetes	Agaricales	Omphalotaceae	12046	80.8
UP000189513	Petasospora fabianii (Yeast) (Hansenula fabianii)	36022	Fungi	Ascomycota	Saccharomycetes	Phaffomycetales	Phaffomycetaceae	5507	91.1
UP000189580	Sugiyamaella lignohabitans	796027	Fungi	Ascomycota	Dipodascomycetes	Dipodascales	Trichomonascaceae	5131	75.3
UP000189701	Nicotiana sylvestris (Wood tobacco) (South American tobacco)	4096	Viridiplantae	Streptophyta	Magnoliopsida	Solanales	Solanaceae	51864	91.5
UP000189703	Nelumbo nucifera (Sacred lotus)	4432	Viridiplantae	Streptophyta	Magnoliopsida	Proteales	Nelumbonaceae	31582	98.9
UP000189704	Carlito syrichta (Philippine tarsier) (Tarsius syrichta)	1868482	Metazoa	Chordata	Mammalia	Primates	Tarsiidae	30230	86.3
UP000189705	Alligator sinensis (Chinese alligator)	38654	Metazoa	Chordata		Crocodylia	Alligatoridae	34855	97.8
UP000189911	Lachancea nothofagi CBS 11611	1266666	Fungi	Ascomycota	Saccharomycetes	Saccharomycetales	Saccharomycetaceae	5149	99.8
UP000190274	Lachancea dasiensis	1072105	Fungi	Ascomycota	Saccharomycetes	Saccharomycetales	Saccharomycetaceae	5089	99.6
UP000190648	Patagioenas fasciata monilis	372326	Metazoa	Chordata	Aves	Columbiformes	Columbidae	24737	91.1
UP000190831	Lachancea fermentati (Zygosaccharomyces fermentati)	4955	Fungi	Ascomycota	Saccharomycetes	Saccharomycetales	Saccharomycetaceae	5229	99.9
UP000191004	Trichoderma guizhouense	1491466	Fungi	Ascomycota	Sordariomycetes	Hypocreales	Hypocreaceae	11254	99.0
UP000191024	Lachancea mirantina	1230905	Fungi	Ascomycota	Saccharomycetes	Saccharomycetales	Saccharomycetaceae	5053	99.8
UP000191144	Lachancea meyersii CBS 8951	1266667	Fungi	Ascomycota	Saccharomycetes	Saccharomycetales	Saccharomycetaceae	4993	99.9
UP000191285	Penicillium steckii	303698	Fungi	Ascomycota	Eurotiomycetes	Eurotiales	Aspergillaceae	10355	92.2
UP000191342	Penicillium flavigenum	254877	Fungi	Ascomycota	Eurotiomycetes	Eurotiales	Aspergillaceae	10875	91.7
UP000191408	Penicillium polonicum	60169	Fungi	Ascomycota	Eurotiomycetes	Eurotiales	Aspergillaceae	10627	92.9
UP000191500	Penicillium coprophilum	36646	Fungi	Ascomycota	Eurotiomycetes	Eurotiales	Aspergillaceae	8993	88.0
UP000191518	Penicillium vulpinum	29845	Fungi	Ascomycota	Eurotiomycetes	Eurotiales	Aspergillaceae	10245	92.9
UP000191522	Penicillium decumbens	69771	Fungi	Ascomycota	Eurotiomycetes	Eurotiales	Aspergillaceae	7144	85.4
UP000191612	Penicillium solitum	60172	Fungi	Ascomycota	Eurotiomycetes	Eurotiales	Aspergillaceae	11867	98.8
UP000191672	Penicillium antarcticum	416450	Fungi	Ascomycota	Eurotiomycetes	Eurotiales	Aspergillaceae	11372	96.6
UP000191691	Penicillium nalgiovense	60175	Fungi	Ascomycota	Eurotiomycetes	Eurotiales	Aspergillaceae	11728	97.9
UP000192220	Austrofundulus limnaeus (Annual killifish)	52670	Metazoa	Chordata	Actinopteri	Cyprinodontiformes	Rivulidae	32322	95.5
UP000192223	Agrilus planipennis (Emerald ash borer) (Agrilus marcopoli)	224129	Metazoa	Arthropoda	Insecta	Coleoptera	Buprestidae	18772	96.5
UP000192247	Tropilaelaps mercedesae	418985	Metazoa	Arthropoda	Arachnida	Mesostigmata	Laelapidae	14292	93.5
UP000192257	Trypanosoma theileri	67003		Euglenozoa	Kinetoplastea	Trypanosomatida	Trypanosomatidae	11236	99.2
UP000192578	Hypsibius exemplaris (Freshwater tardigrade)	2072580	Metazoa	Tardigrada	Eutardigrada	Parachela	Hypsibiidae	20832	84.6
UP000192596	Cryoendolithus antarcticus	1507870	Fungi	Ascomycota	Dothideomycetes	Cladosporiales	Cladosporiaceae	18598	97.6
UP000192639	Enterospora canceri	1081671	Fungi	Microsporidia			Enterocytozoonidae	2147	53.5
UP000192927	Lasallia pustulata	136370	Fungi	Ascomycota	Lecanoromycetes	Umbilicariales	Umbilicariaceae	8267	87.3
UP000193067	Trametes coccinea (strain BRFM310) (Pycnoporus coccineus)	1353009	Fungi	Basidiomycota	Agaricomycetes	Polyporales	Polyporaceae	12648	99.6
UP000193144	Clohesyomyces aquaticus	1231657	Fungi	Ascomycota	Dothideomycetes	Pleosporales	Lindgomycetaceae	15806	91.3
UP000193218	Kockovaella imperatae	4999	Fungi	Basidiomycota	Tremellomycetes	Tremellales	Cuniculitremaceae	7388	94.7
UP000193240	Epicoccum nigrum (Soil fungus) (Epicoccum purpurascens)	105696	Fungi	Ascomycota	Dothideomycetes	Pleosporales	Didymellaceae	12021	94.5
UP000193411	Catenaria anguillulae PL171	765915	Fungi	Blastocladiomycota	Blastocladiomycetes	Blastocladiales	Catenariaceae	12599	74.1
UP000193467	Leucosporidium creatinivorum	106004	Fungi	Basidiomycota	Microbotryomycetes	Leucosporidiales	Leucosporidiaceae	9828	93.9
UP000193498	Basidiobolus meristosporus CBS 931.73	1314790	Fungi	Basidiobolomycota	Basidiobolomycetes	Basidiobolales	Basidiobolaceae	15513	97.4
UP000193560	Absidia repens	90262	Fungi	Mucoromycota	Mucoromycetes	Mucorales	Cunninghamellaceae	14767	98.6
UP000193642	Rhizoclosmatium globosum	329046	Fungi	Chytridiomycota	Chytridiomycetes	Chytridiales	Chytriomycetaceae	16725	82.2
UP000193648	Lobosporangium transversale	64571	Fungi	Mortierellomycota	Mortierellomycetes	Mortierellales	Mortierellaceae	11597	96.9
UP000193685	Protomyces lactucae-debilis	2754530	Fungi	Ascomycota	Taphrinomycetes	Taphrinales	Protomycetaceae	6702	83.1
UP000193689	Pseudomassariella vexata	1141098	Fungi	Ascomycota	Sordariomycetes	Amphisphaeriales	Pseudomassariaceae	12557	98.0
UP000193719	Piromyces finnis	1754191	Fungi	Neocallimastigomycota	Neocallimastigomycetes	Neocallimastigales	Neocallimastigaceae	10787	86.5
UP000193922	Linderina pennispora	61395	Fungi	Kickxellomycota	Kickxellomycetes	Kickxellales	Kickxellaceae	9274	80.5
UP000193944	Anaeromyces robustus	1754192	Fungi	Neocallimastigomycota	Neocallimastigomycetes	Neocallimastigales	Neocallimastigaceae	12666	82.8
UP000193986	Naematelia encephala	71784	Fungi	Basidiomycota	Tremellomycetes	Tremellales	Naemateliaceae	7963	93.9
UP000194127	Postia placenta MAD-698-R-SB12	670580	Fungi	Basidiomycota	Agaricomycetes	Polyporales	Adustoporiaceae	12517	94.4
UP000194236	Euroglyphus maynei (Mayne's house dust mite)	6958	Metazoa	Arthropoda	Arachnida	Sarcoptiformes	Pyroglyphidae	15246	72.7
UP000194280	Hortaea werneckii EXF-2000	1157616	Fungi	Ascomycota	Dothideomycetes	Mycosphaerellales	Teratosphaeriaceae	15464	94.8
UP000195402	Macleaya cordata (Five-seeded plume-poppy) (Bocconia cordata)	56857	Viridiplantae	Streptophyta	Magnoliopsida	Ranunculales	Papaveraceae	21782	93.1
UP000195521	Plasmodium gonderi	77519		Apicomplexa	Aconoidasida	Haemosporida	Plasmodiidae	5915	99.1
UP000195570	Trypanosoma equiperdum	5694		Euglenozoa	Kinetoplastea	Trypanosomatida	Trypanosomatidae	7660	94.6
UP000196158	Maudiozyma saulgeensis	1789683	Fungi	Ascomycota	Saccharomycetes	Saccharomycetales	Saccharomycetaceae	5290	98.8
UP000197619	Lonchura striata (white-rumped munia)	40157	Metazoa	Chordata	Aves	Passeriformes	Estrildidae	15252	88.5
UP000198287	Folsomia candida (Springtail)	158441	Metazoa	Arthropoda	Collembola	Entomobryomorpha	Isotomidae	28565	77.7
UP000198323	Callipepla squamata (Scaled quail)	9009	Metazoa	Chordata	Aves	Galliformes	Odontophoridae	16973	81.2
UP000198341	Bathycoccus prasinos	41875	Viridiplantae	Chlorophyta	Mamiellophyceae	Mamiellales	Bathycoccaceae	7886	96.6
UP000198372	Microbotryum intermedium	269621	Fungi	Basidiomycota	Microbotryomycetes	Microbotryales	Microbotryaceae	8013	97.8
UP000198406	Fistulifera solaris (Oleaginous diatom)	1519565		Bacillariophyta	Bacillariophyceae	Naviculales	Naviculaceae	20319	97.0
UP000199069	Rhodotorula toruloides (Yeast) (Rhodosporidium toruloides)	5286	Fungi	Basidiomycota	Microbotryomycetes	Sporidiobolales	Sporidiobolaceae	7496	96.0
UP000214365	Talaromyces atroroseus	1441469	Fungi	Ascomycota	Eurotiomycetes	Eurotiales	Trichocomaceae	9520	93.9
UP000215127	Zymoseptoria tritici (strain ST99CH_3D7)	1276538	Fungi	Ascomycota	Dothideomycetes	Mycosphaerellales	Mycosphaerellaceae	11722	97.1
UP000215289	Aspergillus turcosus	1245748	Fungi	Ascomycota	Eurotiomycetes	Eurotiales	Aspergillaceae	9174	93.5
UP000215305	Aspergillus thermomutatus (Neosartorya pseudofischeri)	41047	Fungi	Ascomycota	Eurotiomycetes	Eurotiales	Aspergillaceae	9702	93.9
UP000215335	Trichomalopsis sarcophagae	543379	Metazoa	Arthropoda	Insecta	Hymenoptera	Pteromalidae	16064	75.7
UP000215902	Macrostomum lignano	282301	Metazoa	Platyhelminthes			Macrostomidae	43466	86.7
UP000216463	Caenorhabditis latens	1503980	Metazoa	Nematoda	Chromadorea	Rhabditida	Rhabditidae	25394	90.3
UP000216624	Caenorhabditis remanei (Caenorhabditis vulgaris)	31234	Metazoa	Nematoda	Chromadorea	Rhabditida	Rhabditidae	25466	90.8
UP000217790	Armillaria gallica (Bulbous honey fungus) (Armillaria bulbosa)	47427	Fungi	Basidiomycota	Agaricomycetes	Agaricales	Physalacriaceae	25522	99.0
UP000218209	Porphyra umbilicalis (Purple laver) (Red alga)	2786		Rhodophyta	Bangiophyceae	Bangiales	Bangiaceae	13469	43.9
UP000218231	Diploscapter pachys	2018661	Metazoa	Nematoda	Chromadorea	Rhabditida	Rhabditidae	33981	85.2
UP000218334	Armillaria solidipes	1076256	Fungi	Basidiomycota	Agaricomycetes	Agaricales	Physalacriaceae	20715	99.0
UP000218811	Wolfiporia cocos (strain MD-104) (Brown rot fungus)	742152	Fungi	Basidiomycota	Agaricomycetes	Polyporales	Phaeolaceae	12196	94.5
UP000219286	Trichoderma parareesei (Filamentous fungus)	858221	Fungi	Ascomycota	Sordariomycetes	Hypocreales	Hypocreaceae	9061	95.4
UP000219338	Armillaria ostoyae (Armillaria root rot fungus)	47428	Fungi	Basidiomycota	Agaricomycetes	Agaricales	Physalacriaceae	22192	96.5
UP000219813	Plasmodium malariae	5858		Apicomplexa	Aconoidasida	Haemosporida	Plasmodiidae	5915	99.0
UP000220158	Plasmodium relictum	85471		Apicomplexa	Aconoidasida	Haemosporida	Plasmodiidae	5136	98.8
UP000220797	Plasmodium gallinaceum	5849		Apicomplexa	Aconoidasida	Haemosporida	Plasmodiidae	5276	98.5
UP000221080	Ictalurus punctatus (Channel catfish) (Silurus punctatus)	7998	Metazoa	Chordata	Actinopteri	Siluriformes	Ictaluridae	42996	99.2
UP000221165	Cystoisospora suis	483139		Apicomplexa	Conoidasida	Eucoccidiorida	Sarcocystidae	11541	84.3
UP000222788	Ceratocystis fimbriata CBS 114723	1035309	Fungi	Ascomycota	Sordariomycetes	Microascales	Ceratocystidaceae	7264	93.7
UP000223968	Helicocarpus griseus UAMH5409	1447875	Fungi	Ascomycota	Eurotiomycetes	Onygenales	Ajellomycetaceae	10216	99.4
UP000224080	Blastomyces parvus	2060905	Fungi	Ascomycota	Eurotiomycetes	Onygenales	Ajellomycetaceae	8197	99.4
UP000224634	Polytolypa hystricis (strain UAMH7299)	1447883	Fungi	Ascomycota	Eurotiomycetes	Onygenales		9934	98.8
UP000224854	Ophiocordyceps australis	1399860	Fungi	Ascomycota	Sordariomycetes	Hypocreales	Ophiocordycipitaceae	7986	91.3
UP000225277	Ramularia collo-cygni	112498	Fungi	Ascomycota	Dothideomycetes	Mycosphaerellales	Mycosphaerellaceae	11621	98.2
UP000225706	Stylophora pistillata (Smooth cauliflower coral)	50429	Metazoa	Cnidaria	Anthozoa	Scleractinia	Pocilloporidae	23873	85.8
UP000226031	[Emmonsia] crescens	73230	Fungi	Ascomycota	Eurotiomycetes	Onygenales	Ajellomycetaceae	8899	99.3
UP000226192	Ophiocordyceps australis	1399860	Fungi	Ascomycota	Sordariomycetes	Hypocreales	Ophiocordycipitaceae	8168	96.0
UP000226431	Ophiocordyceps camponoti-rufipedis	2004952	Fungi	Ascomycota	Sordariomycetes	Hypocreales	Ophiocordycipitaceae	7618	87.3
UP000228380	Phoenix dactylifera (Date palm)	42345	Viridiplantae	Streptophyta	Magnoliopsida	Arecales	Arecaceae	39393	96.7
UP000228934	Aquarana catesbeiana (American bullfrog) (Rana catesbeiana)	8400	Metazoa	Chordata	Amphibia	Anura	Ranidae	25491	16.1
UP000230002	Ganoderma sinense ZZ0214-1	1077348	Fungi	Basidiomycota	Agaricomycetes	Polyporales	Polyporaceae	15394	90.1
UP000230066	Fasciola hepatica (Liver fluke)	6192	Metazoa	Platyhelminthes	Trematoda	Plagiorchiida	Fasciolidae	11190	62.5
UP000230069	Aquilegia coerulea (Rocky mountain columbine)	218851	Viridiplantae	Streptophyta	Magnoliopsida	Ranunculales	Ranunculaceae	37079	97.6
UP000230249	Candidozyma auris (Yeast) (Candida auris)	498019	Fungi	Ascomycota	Pichiomycetes	Serinales	Metschnikowiaceae	5433	94.8
UP000230423	Teladorsagia circumcincta (Brown stomach worm) (Ostertagia circumcincta)	45464	Metazoa	Nematoda	Chromadorea	Rhabditida	Trichostrongylidae	25373	40.3
UP000230750	Apostichopus japonicus (Japanese spiky sea cucumber) (Stichopus japonicus)	307972	Metazoa	Echinodermata	Holothuroidea	Aspidochirotida	Stichopodidae	30032	84.4
UP000231279	Handroanthus impetiginosus	429701	Viridiplantae	Streptophyta	Magnoliopsida	Lamiales	Bignoniaceae	29726	78.8
UP000231358	Aspergillus arachidicola	656916	Fungi	Ascomycota	Eurotiomycetes	Eurotiales	Aspergillaceae	12090	93.8
UP000232323	Chlamydomonas eustigma	1157962	Viridiplantae	Chlorophyta	Chlorophyceae	Chlamydomonadales	Chlamydomonadaceae	14139	97.2
UP000232875	Malassezia vespertilionis	2020962	Fungi	Basidiomycota	Malasseziomycetes	Malasseziales	Malasseziaceae	3791	84.0
UP000233020	Aotus nancymaae (Ma's night monkey)	37293	Metazoa	Chordata	Mammalia	Primates	Aotidae	41725	94.2
UP000233060	Cercocebus atys (Sooty mangabey) (Cercocebus torquatus atys)	9531	Metazoa	Chordata	Mammalia	Primates	Cercopithecidae	45022	96.3
UP000233080	Colobus angolensis palliatus (Peters' Angolan colobus)	336983	Metazoa	Chordata	Mammalia	Primates	Cercopithecidae	40241	93.6
UP000233100	Macaca fascicularis (Crab-eating macaque) (Cynomolgus monkey)	9541	Metazoa	Chordata	Mammalia	Primates	Cercopithecidae	50204	90.4
UP000233120	Macaca nemestrina (Pig-tailed macaque)	9545	Metazoa	Chordata	Mammalia	Primates	Cercopithecidae	45001	96.5
UP000233140	Mandrillus leucophaeus (Drill) (Papio leucophaeus)	9568	Metazoa	Chordata	Mammalia	Primates	Cercopithecidae	40661	92.4
UP000233160	Propithecus coquereli (Coquerel's sifaka) (Propithecus verreauxi coquereli)	379532	Metazoa	Chordata	Mammalia	Primates	Indriidae	32113	88.7
UP000233180	Rhinopithecus bieti (Black snub-nosed monkey) (Pygathrix bieti)	61621	Metazoa	Chordata	Mammalia	Primates	Cercopithecidae	42660	93.2
UP000233200	Rhinopithecus roxellana (Golden snub-nosed monkey) (Pygathrix roxellana)	61622	Metazoa	Chordata	Mammalia	Primates	Cercopithecidae	44576	94.9
UP000233220	Saimiri boliviensis boliviensis (Bolivian squirrel monkey)	39432	Metazoa	Chordata	Mammalia	Primates	Cebidae	39640	93.1
UP000233524	Lomentospora prolificans	41688	Fungi	Ascomycota	Sordariomycetes	Microascales	Microascaceae	8533	94.9
UP000233551	Punica granatum (Pomegranate)	22663	Viridiplantae	Streptophyta	Magnoliopsida	Myrtales	Lythraceae	50426	73.4
UP000233556	Limosa lapponica baueri	1758121	Metazoa	Chordata	Aves	Charadriiformes	Scolopacidae	22950	57.6
UP000233837	Dendrobium catenatum	906689	Viridiplantae	Streptophyta	Magnoliopsida	Asparagales	Orchidaceae	28690	73.5
UP000234254	Aspergillus campestris (strain IBT 28561)	1392248	Fungi	Ascomycota	Eurotiomycetes	Eurotiales	Aspergillaceae	9702	96.9
UP000234275	Aspergillus steynii IBT 23096	1392250	Fungi	Ascomycota	Eurotiomycetes	Eurotiales	Aspergillaceae	12965	97.8
UP000234474	Aspergillus novofumigatus (strain IBT 16806)	1392255	Fungi	Ascomycota	Eurotiomycetes	Eurotiales	Aspergillaceae	11480	97.9
UP000234585	Aspergillus candidus	41067	Fungi	Ascomycota	Eurotiomycetes	Eurotiales	Aspergillaceae	9639	96.9
UP000235023	Aspergillus taichungensis	482145	Fungi	Ascomycota	Eurotiomycetes	Eurotiales	Aspergillaceae	9689	96.8
UP000235220	Juglans regia (English walnut)	51240	Viridiplantae	Streptophyta	Magnoliopsida	Fagales	Juglandaceae	38419	99.4
UP000235371	Hyaloscypha bicolor E	1095630	Fungi	Ascomycota	Leotiomycetes	Helotiales	Hyaloscyphaceae	18616	97.9
UP000235388	Puccinia coronata f. sp. avenae	200324	Fungi	Basidiomycota	Pucciniomycetes	Pucciniales	Pucciniaceae	25533	92.9
UP000235672	Hyaloscypha hepaticicola	2082293	Fungi	Ascomycota	Leotiomycetes	Helotiales	Hyaloscyphaceae	16778	98.0
UP000235786	Hyaloscypha variabilis (strain UAMH 11265 / GT02V1 / F) (Meliniomyces variabilis)	1149755	Fungi	Ascomycota	Leotiomycetes	Helotiales	Hyaloscyphaceae	20347	98.7
UP000235965	Cryptotermes secundus	105785	Metazoa	Arthropoda	Insecta	Blattodea	Kalotermitidae	27252	93.0
UP000236161	Apostasia shenzhenica	1088818	Viridiplantae	Streptophyta	Magnoliopsida	Asparagales	Orchidaceae	21679	80.3
UP000236319	Babesia ovata	189622		Apicomplexa	Aconoidasida	Piroplasmida	Babesiidae	5006	83.3
UP000236333	Tetrabaena socialis	47790	Viridiplantae	Chlorophyta	Chlorophyceae	Chlamydomonadales	Tetrabaenaceae	14193	61.8
UP000236544	Lachancea quebecensis	1654605	Fungi	Ascomycota	Saccharomycetes	Saccharomycetales	Saccharomycetaceae	5071	99.8
UP000236621	Tolypocladium capitatum	45235	Fungi	Ascomycota	Sordariomycetes	Hypocreales	Ophiocordycipitaceae	7634	93.5
UP000236630	Citrus unshiu (Satsuma mandarin) (Citrus nobilis var. unshiu)	55188	Viridiplantae	Streptophyta	Magnoliopsida	Sapindales	Rutaceae	16791	39.6
UP000236664	Gibberella nygamai (Bean root rot disease fungus) (Fusarium nygamai)	42673	Fungi	Ascomycota	Sordariomycetes	Hypocreales	Nectriaceae	16018	98.6
UP000236928	Cryptosporidium meleagridis	93969		Apicomplexa	Conoidasida	Eucoccidiorida	Cryptosporidiidae	3753	98.8
UP000237000	Trema orientale (Charcoal tree) (Celtis orientalis)	63057	Viridiplantae	Streptophyta	Magnoliopsida	Rosales	Cannabaceae	35879	92.5
UP000237105	Parasponia andersonii (Sponia andersonii)	3476	Viridiplantae	Streptophyta	Magnoliopsida	Rosales	Cannabaceae	37260	92.6
UP000237144	Rhodotorula taiwanensis	741276	Fungi	Basidiomycota	Microbotryomycetes	Sporidiobolales	Sporidiobolaceae	7012	95.1
UP000237246	Bambusicola thoracicus (Chinese bamboo-partridge) (Perdix thoracica)	9083	Metazoa	Chordata	Aves	Galliformes	Phasianidae	17669	51.3
UP000237347	Quercus suber (Cork oak)	58331	Viridiplantae	Streptophyta	Magnoliopsida	Fagales	Fagaceae	36427	79.9
UP000237438	Erysiphe pulchra	225359	Fungi	Ascomycota	Leotiomycetes	Erysiphales	Erysiphaceae	6853	90.8
UP000237481	Tolypocladium paradoxum	94208	Fungi	Ascomycota	Sordariomycetes	Hypocreales	Ophiocordycipitaceae	8979	94.7
UP000237631	Cercospora berteroae	357750	Fungi	Ascomycota	Dothideomycetes	Mycosphaerellales	Mycosphaerellaceae	11903	98.4
UP000238274	Puccinia striiformis	27350	Fungi	Basidiomycota	Pucciniomycetes	Pucciniales	Pucciniaceae	14536	75.8
UP000238350	Wickerhamiella sorbophila	45607	Fungi	Ascomycota	Dipodascomycetes	Dipodascales	Trichomonascaceae	4707	85.9
UP000239156	Puccinia striiformis	27350	Fungi	Basidiomycota	Pucciniomycetes	Pucciniales	Pucciniaceae	14992	78.2
UP000239649	Micractinium conductrix	554055	Viridiplantae	Chlorophyta	Trebouxiophyceae	Chlorellales	Chlorellaceae	9815	96.1
UP000239899	Chlorella sorokiniana (Freshwater green alga)	3076	Viridiplantae	Chlorophyta	Trebouxiophyceae	Chlorellales	Chlorellaceae	10201	97.6
UP000240080	Pan paniscus (Pygmy chimpanzee) (Bonobo)	9597	Metazoa	Chordata	Mammalia	Primates	Hominidae	42996	95.2
UP000240493	Trichoderma asperellum (strain ATCC 204424 / CBS 433.97 / NBRC 101777)	1042311	Fungi	Ascomycota	Sordariomycetes	Hypocreales	Hypocreaceae	12547	98.3
UP000240760	Trichoderma longibrachiatum ATCC 18648	983965	Fungi	Ascomycota	Sordariomycetes	Hypocreales	Hypocreaceae	10930	89.1
UP000240830	Paramicrosporidium saccamoebae	1246581	Fungi	Rozellomycota				3754	46.3
UP000240883	Corynespora cassiicola Philippines	1448308	Fungi	Ascomycota	Dothideomycetes	Pleosporales	Corynesporascaceae	17125	93.0
UP000241107	Candidozyma pseudohaemuli	418784	Fungi	Ascomycota	Pichiomycetes	Serinales	Metschnikowiaceae	5132	89.9
UP000241462	Coniella lustricola	2025994	Fungi	Ascomycota	Sordariomycetes	Diaporthales	Schizoparmaceae	11309	96.3
UP000241546	Trichoderma citrinoviride	58853	Fungi	Ascomycota	Sordariomycetes	Hypocreales	Hypocreaceae	9735	95.8
UP000241587	Fusarium culmorum	5516	Fungi	Ascomycota	Sordariomycetes	Hypocreales	Nectriaceae	12360	94.5
UP000241690	Trichoderma harzianum (strain CBS 226.95 / KCTC 16976) (Green mold) (Hypocrea lixii)	983964	Fungi	Ascomycota	Sordariomycetes	Hypocreales	Hypocreaceae	14049	98.6
UP000241769	Planoprotostelium fungivorum	1890364		Evosea	Variosea	Cavosteliida	Cavosteliaceae	16856	94.5
UP000241818	Amorphotheca resinae ATCC 22711	857342	Fungi	Ascomycota	Leotiomycetes	Helotiales	Amorphothecaceae	9640	93.6
UP000241890	Hondaea fermentalgiana	2315210			Bigyra	Thraustochytrida	Thraustochytriidae	11849	95.0
UP000242146	Hesseltinella vesiculosa	101127	Fungi	Mucoromycota	Mucoromycetes	Mucorales	Cunninghamellaceae	11058	96.7
UP000242180	Syncephalastrum racemosum (Filamentous fungus)	13706	Fungi	Mucoromycota	Mucoromycetes	Mucorales	Syncephalastraceae	11037	97.2
UP000242188	Mizuhopecten yessoensis (Japanese scallop) (Patinopecten yessoensis)	6573	Metazoa	Mollusca	Bivalvia	Pectinida	Pectinidae	22409	88.9
UP000242254	Rhizopus microsporus ATCC 52813	1340429	Fungi	Mucoromycota	Mucoromycetes	Mucorales	Rhizopodaceae	10804	97.1
UP000242287	Amanita thiersii Skay4041	703135	Fungi	Basidiomycota	Agaricomycetes	Agaricales	Amanitaceae	10343	97.2
UP000242450	Cervus elaphus hippelaphus (Central European red deer)	46360	Metazoa	Chordata	Mammalia	Artiodactyla	Cervidae	19232	42.5
UP000242457	Apis cerana cerana (Oriental honeybee)	94128	Metazoa	Arthropoda	Insecta	Hymenoptera	Apidae	9931	91.3
UP000242474	Coemansia reversa (strain ATCC 12441 / NRRL 1564)	763665	Fungi	Kickxellomycota	Kickxellomycetes	Kickxellales	Kickxellaceae	7317	87.2
UP000242519	Diplocarpon coronariae	2795749	Fungi	Ascomycota	Leotiomycetes	Helotiales	Drepanopezizaceae	9355	94.7
UP000242525	Geotrichum candidum (Oospora lactis) (Dipodascus geotrichum)	1173061	Fungi	Ascomycota	Dipodascomycetes	Dipodascales	Dipodascaceae	6774	95.1
UP000242638	Poecilia reticulata (Guppy) (Acanthophacelus reticulatus)	8081	Metazoa	Chordata	Actinopteri	Cyprinodontiformes	Poeciliidae	33943	86.3
UP000242715	Trifolium subterraneum (Subterranean clover)	3900	Viridiplantae	Streptophyta	Magnoliopsida	Fabales	Fabaceae	36727	88.8
UP000242770	Sporisorium scitamineum	49012	Fungi	Basidiomycota	Ustilaginomycetes	Ustilaginales	Ustilaginaceae	7711	86.8
UP000242791	Blastomyces percursus	1658174	Fungi	Ascomycota	Eurotiomycetes	Onygenales	Ajellomycetaceae	10283	95.1
UP000242875	Bifiguratus adelaidae	1938954	Fungi	Mucoromycota	Endogonomycetes	Endogonales		5718	62.9
UP000242877	Ascosphaera apis ARSEF 7405	392613	Fungi	Ascomycota	Eurotiomycetes	Onygenales	Ascosphaeraceae	6442	81.0
UP000242913	Onchocerca flexuosa	387005	Metazoa	Nematoda	Chromadorea	Rhabditida	Onchocercidae	8122	66.7
UP000242942	Plasmodium ovale (malaria parasite P. ovale)	36330		Apicomplexa	Aconoidasida	Haemosporida	Plasmodiidae	6625	98.5
UP000243052	Eremothecium sinecaudum	45286	Fungi	Ascomycota	Saccharomycetes	Saccharomycetales	Saccharomycetaceae	4524	98.6
UP000243081	Akanthomyces lecanii (Lecanicillium lecanii)	2714763	Fungi	Ascomycota	Sordariomycetes	Hypocreales	Cordycipitaceae	8125	80.0
UP000243217	Thraustotheca clavata	74557		Oomycota	Saprolegniomycetes	Saprolegniales	Achlyaceae	13171	99.0
UP000243308	Podila verticillata NRRL 6337	1069443	Fungi	Mortierellomycota	Mortierellomycetes	Mortierellales	Mortierellaceae	1514	8.2
UP000243459	Asparagus officinalis (Garden asparagus)	4686	Viridiplantae	Streptophyta	Magnoliopsida	Asparagales	Asparagaceae	24059	62.4
UP000243498	Metarhizium rileyi (Nomuraea rileyi)	1649241	Fungi	Ascomycota	Sordariomycetes	Hypocreales	Clavicipitaceae	8763	98.2
UP000243515	Elaphomyces granulatus	519963	Fungi	Ascomycota	Eurotiomycetes	Eurotiales	Elaphomycetaceae	7169	82.8
UP000243519	Trichophyton violaceum	34388	Fungi	Ascomycota	Eurotiomycetes	Onygenales	Arthrodermataceae	7035	92.4
UP000243579	Achlya hypogyna (Oomycete) (Protoachlya hypogyna)	1202772		Oomycota	Saprolegniomycetes	Saprolegniales	Achlyaceae	14400	99.0
UP000243686	Opisthorchis viverrini (Southeast Asian liver fluke)	6198	Metazoa	Platyhelminthes	Trematoda	Opisthorchiida	Opisthorchiidae	10745	57.0
UP000243723	Elsinoe australis	40998	Fungi	Ascomycota	Dothideomycetes	Myriangiales	Elsinoaceae	9222	93.3
UP000243797	Sphaceloma murrayae	2082308	Fungi	Ascomycota	Dothideomycetes	Myriangiales	Elsinoaceae	8255	95.0
UP000243876	Sporidiobolus salmonicolor (Yeast-like fungus) (Sporobolomyces salmonicolor)	5005	Fungi	Basidiomycota	Microbotryomycetes	Sporidiobolales	Sporidiobolaceae	4663	83.0
UP000243975	Cynara cardunculus var. scolymus (Globe artichoke) (Cynara scolymus)	59895	Viridiplantae	Streptophyta	Magnoliopsida	Asterales	Asteraceae	26515	86.2
UP000244005	Marchantia polymorpha (Common liverwort) (Marchantia aquatica)	3197	Viridiplantae	Streptophyta	Marchantiopsida	Marchantiales	Marchantiaceae	22017	87.4
UP000244309	Candidozyma haemuli	45357	Fungi	Ascomycota	Pichiomycetes	Serinales	Metschnikowiaceae	5240	90.4
UP000244336	Panicum hallii var. hallii	1504633	Viridiplantae	Streptophyta	Magnoliopsida	Poales	Poaceae	38607	98.9
UP000244406	Candidozyma duobushaemuli	1231522	Fungi	Ascomycota	Pichiomycetes	Serinales	Metschnikowiaceae	5170	88.7
UP000244722	Tuber borchii (White truffle)	42251	Fungi	Ascomycota	Pezizomycetes	Pezizales	Tuberaceae	12324	95.5
UP000244855	Periconia macrospinosa	97972	Fungi	Ascomycota	Dothideomycetes	Pleosporales	Periconiaceae	18722	88.8
UP000245207	Artemisia annua (Sweet wormwood)	35608	Viridiplantae	Streptophyta	Magnoliopsida	Asterales	Asteraceae	65652	89.2
UP000245320	Tursiops truncatus (Atlantic bottle-nosed dolphin) (Delphinus truncatus)	9739	Metazoa	Chordata	Mammalia	Artiodactyla	Delphinidae	50385	98.7
UP000245340	Odobenus rosmarus divergens (Pacific walrus)	9708	Metazoa	Chordata	Mammalia	Carnivora	Odobenidae	25136	89.2
UP000245341	Leptonychotes weddellii (Weddell seal) (Otaria weddellii)	9713	Metazoa	Chordata	Mammalia	Carnivora	Phocidae	34127	84.8
UP000245383	Smittium simulii	133385	Fungi	Kickxellomycota	Harpellomycetes	Harpellales	Legeriomycetaceae	6456	63.1
UP000245591	Smittium angustum	133377	Fungi	Kickxellomycota	Harpellomycetes	Harpellales	Legeriomycetaceae	6707	69.1
UP000245609	Smittium megazygosporum	133381	Fungi	Kickxellomycota	Harpellomycetes	Harpellales	Legeriomycetaceae	6835	60.8
UP000245626	Violaceomyces palustris	1673888	Fungi	Basidiomycota	Ustilaginomycetes	Violaceomycetales	Violaceomycetaceae	8058	95.0
UP000245699	Furculomyces boomerangus	61424	Fungi	Kickxellomycota	Harpellomycetes	Harpellales	Harpellaceae	6645	70.7
UP000245768	Acaromyces ingoldii	215250	Fungi	Basidiomycota	Exobasidiomycetes	Exobasidiales	Cryptobasidiaceae	8019	95.8
UP000245771	Meira miltonrushii	1280837	Fungi	Basidiomycota	Exobasidiomycetes	Exobasidiales	Brachybasidiaceae	7452	94.3
UP000245783	Ceraceosorus guamensis	1522189	Fungi	Basidiomycota	Exobasidiomycetes	Ceraceosorales	Ceraceosoraceae	7822	93.8
UP000245884	Jaminaea rosea	1569628	Fungi	Basidiomycota	Exobasidiomycetes	Microstromatales		6858	90.2
UP000245910	Fusarium venenatum	56646	Fungi	Ascomycota	Sordariomycetes	Hypocreales	Nectriaceae	13945	99.5
UP000245942	Microstroma glucosiphilum	1684307	Fungi	Basidiomycota	Exobasidiomycetes	Microstromatales	Microstromataceae	6679	91.6
UP000245946	Tilletiopsis washingtonensis	58919	Fungi	Basidiomycota	Exobasidiomycetes	Entylomatales		7007	90.7
UP000246171	Aspergillus eucalypticola (strain CBS 122712 / IBT 29274)	1448314	Fungi	Ascomycota	Eurotiomycetes	Eurotiales	Aspergillaceae	11883	98.1
UP000246464	Scophthalmus maximus (Turbot) (Psetta maxima)	52904	Metazoa	Chordata	Actinopteri	Pleuronectiformes	Scophthalmidae	24929	89.5
UP000246702	Aspergillus sclerotioniger CBS 115572	1450535	Fungi	Ascomycota	Eurotiomycetes	Eurotiales	Aspergillaceae	12304	97.8
UP000246740	Testicularia cyperi	1882483	Fungi	Basidiomycota	Ustilaginomycetes	Ustilaginales	Anthracoideaceae	7036	97.1
UP000246991	Tuber magnatum (white Piedmont truffle)	42249	Fungi	Ascomycota	Pezizomycetes	Pezizales	Tuberaceae	9390	91.6
UP000247233	Aspergillus heteromorphus CBS 117.55	1448321	Fungi	Ascomycota	Eurotiomycetes	Eurotiales	Aspergillaceae	10837	96.1
UP000247409	Gracilariopsis chorda	448386		Rhodophyta	Florideophyceae	Gracilariales	Gracilariaceae	10593	80.8
UP000247498	Raphidocelis subcapitata	307507	Viridiplantae	Chlorophyta	Chlorophyceae	Sphaeropleales	Selenastraceae	13347	96.1
UP000247647	Aspergillus neoniger (strain CBS 115656)	1448310	Fungi	Ascomycota	Eurotiomycetes	Eurotiales	Aspergillaceae	11937	98.5
UP000247702	Rhizophagus clarus	94130	Fungi	Glomeromycota	Glomeromycetes	Glomerales	Glomeraceae	27461	94.6
UP000247810	Aspergillus ellipticus CBS 707.79	1448320	Fungi	Ascomycota	Eurotiomycetes	Eurotiales	Aspergillaceae	12861	97.1
UP000248340	Aspergillus uvarum CBS 121591	1448315	Fungi	Ascomycota	Eurotiomycetes	Eurotiales	Aspergillaceae	12014	96.8
UP000248349	Aspergillus saccharolyticus JOP 1030-1	1450539	Fungi	Ascomycota	Eurotiomycetes	Eurotiales	Aspergillaceae	10061	97.3
UP000248405	Aspergillus vadensis (strain CBS 113365 / IMI 142717 / IBT 24658)	1448311	Fungi	Ascomycota	Eurotiomycetes	Eurotiales	Aspergillaceae	12060	97.8
UP000248423	Aspergillus sclerotiicarbonarius (strain CBS 121057 / IBT 28362)	1448318	Fungi	Ascomycota	Eurotiomycetes	Eurotiales	Aspergillaceae	12562	98.1
UP000248480	Trichechus manatus latirostris (Florida manatee)	127582	Metazoa	Chordata	Mammalia	Sirenia	Trichechidae	31514	96.8
UP000248481	Neomonachus schauinslandi (Hawaiian monk seal) (Monachus schauinslandi)	29088	Metazoa	Chordata	Mammalia	Carnivora	Phocidae	31927	98.4
UP000248482	Enhydra lutris kenyoni (northern sea otter)	391180	Metazoa	Chordata	Mammalia	Carnivora	Mustelidae	32812	99.3
UP000248483	Delphinapterus leucas (Beluga whale)	9749	Metazoa	Chordata	Mammalia	Artiodactyla	Monodontidae	40685	99.0
UP000248484	Physeter macrocephalus (Sperm whale) (Physeter catodon)	9755	Metazoa	Chordata	Mammalia	Artiodactyla	Physeteridae	42599	95.1
UP000248817	Aspergillus indologenus CBS 114.80	1450541	Fungi	Ascomycota	Eurotiomycetes	Eurotiales	Aspergillaceae	12161	97.3
UP000248961	Aspergillus homomorphus (strain CBS 101889)	1450537	Fungi	Ascomycota	Eurotiomycetes	Eurotiales	Aspergillaceae	11360	98.0
UP000249056	Monilinia fructigena	38457	Fungi	Ascomycota	Leotiomycetes	Helotiales	Sclerotiniaceae	10740	54.4
UP000249057	Aspergillus brunneoviolaceus CBS 621.78	1450534	Fungi	Ascomycota	Eurotiomycetes	Eurotiales	Aspergillaceae	12073	96.6
UP000249218	Helicoverpa armigera (Cotton bollworm) (Heliothis armigera)	29058	Metazoa	Arthropoda	Insecta	Lepidoptera	Noctuidae	8765	43.3
UP000249293	Pichia kudriavzevii (Yeast) (Issatchenkia orientalis)	4909	Fungi	Ascomycota	Pichiomycetes	Pichiales	Pichiaceae	5146	86.5
UP000249363	Talaromyces amestolkiae	1196081	Fungi	Ascomycota	Eurotiomycetes	Eurotiales	Trichocomaceae	10407	92.2
UP000249390	Cuscuta australis	267555	Viridiplantae	Streptophyta	Magnoliopsida	Solanales	Convolvulaceae	18107	67.3
UP000249402	Aspergillus ibericus CBS 121593	1448316	Fungi	Ascomycota	Eurotiomycetes	Eurotiales	Aspergillaceae	11680	98.3
UP000249464	Microbotryum silenes-dioicae	796604	Fungi	Basidiomycota	Microbotryomycetes	Microbotryales	Microbotryaceae	12674	96.7
UP000249497	Aspergillus japonicus CBS 114.51	1448312	Fungi	Ascomycota	Eurotiomycetes	Eurotiales	Aspergillaceae	12019	98.2
UP000249526	Aspergillus piperis CBS 112811	1448313	Fungi	Ascomycota	Eurotiomycetes	Eurotiales	Aspergillaceae	12061	98.2
UP000249619	Stemphylium lycopersici (Tomato gray leaf spot disease fungus) (Thyrospora lycopersici)	183478	Fungi	Ascomycota	Dothideomycetes	Pleosporales	Pleosporaceae	9079	85.3
UP000249661	Aspergillus aculeatinus CBS 121060	1448322	Fungi	Ascomycota	Eurotiomycetes	Eurotiales	Aspergillaceae	12015	97.6
UP000249723	Microbotryum saponariae	289078	Fungi	Basidiomycota	Microbotryomycetes	Microbotryales	Microbotryaceae	10396	96.7
UP000249748	Aspergillus costaricaensis CBS 115574	1448317	Fungi	Ascomycota	Eurotiomycetes	Eurotiales	Aspergillaceae	11865	98.3
UP000249757	Pyrenophora tritici-repentis (Wheat tan spot fungus) (Drechslera tritici-repentis)	45151	Fungi	Ascomycota	Dothideomycetes	Pleosporales	Pleosporaceae	13351	98.4
UP000249789	Aspergillus fijiensis CBS 313.89	1448319	Fungi	Ascomycota	Eurotiomycetes	Eurotiales	Aspergillaceae	12018	97.9
UP000249829	Aspergillus violaceofuscus (strain CBS 115571)	1450538	Fungi	Ascomycota	Eurotiomycetes	Eurotiales	Aspergillaceae	12074	97.9
UP000250043	Obba rivulosa	1052685	Fungi	Basidiomycota	Agaricomycetes	Polyporales	Gelatoporiaceae	13191	99.1
UP000250078	Cenococcum geophilum 1.58	794803	Fungi	Ascomycota	Dothideomycetes	Gloniales	Gloniaceae	1910	12.3
UP000250140	Glonium stellatum	574774	Fungi	Ascomycota	Dothideomycetes	Gloniales	Gloniaceae	14277	94.1
UP000250266	Lepidopterella palustris CBS 459.81	1314670	Fungi	Ascomycota	Dothideomycetes	Mytilinidiales	Argynnaceae	13861	98.5
UP000250275	Eufriesea mexicana	516756	Metazoa	Arthropoda	Insecta	Hymenoptera	Apidae	7068	51.1
UP000250321	Prunus yedoensis var. nudiflora	2094558	Viridiplantae	Streptophyta	Magnoliopsida	Rosales	Rosaceae	40375	79.5
UP000250572	Gambusia affinis (Western mosquitofish) (Heterandria affinis)	33528	Metazoa	Chordata	Actinopteri	Cyprinodontiformes	Poeciliidae	19443	71.3
UP000251314	Phytophthora cactorum	29920		Oomycota	Peronosporomycetes	Peronosporales	Peronosporaceae	23398	100.0
UP000252040	Neophocaena asiaeorientalis asiaeorientalis (Yangtze finless porpoise) (Neophocaena phocaenoides subsp. asiaeorientalis)	1706337	Metazoa	Chordata	Mammalia	Artiodactyla	Phocoenidae	32061	97.8
UP000252139	Rhizopus azygosporus (Rhizopus microsporus var. azygosporus)	86630	Fungi	Mucoromycota	Mucoromycetes	Mucorales	Rhizopodaceae	15771	94.0
UP000252519	Ancylostoma caninum (Dog hookworm)	29170	Metazoa	Nematoda	Chromadorea	Rhabditida	Ancylostomatidae	29972	72.3
UP000253153	Fusarium coffeatum	231269	Fungi	Ascomycota	Sordariomycetes	Hypocreales	Nectriaceae	11778	97.0
UP000253472	Candida viswanathii	5486	Fungi	Ascomycota	Pichiomycetes	Serinales	Debaryomycetaceae	10576	91.1
UP000253551	Rhizopus stolonifer (Rhizopus nigricans)	4846	Fungi	Mucoromycota	Mucoromycetes	Mucorales	Rhizopodaceae	13951	74.2
UP000253664	Ophiocordyceps polyrhachis-furcata BCC 54312	1330021	Fungi	Ascomycota	Sordariomycetes	Hypocreales	Ophiocordycipitaceae	10104	89.0
UP000253729	Aspergillus welwitschiae	1341132	Fungi	Ascomycota	Eurotiomycetes	Eurotiales	Aspergillaceae	13680	97.2
UP000254866	Venustampulla echinocandica	2656787	Fungi	Ascomycota	Leotiomycetes	Helotiales	Pleuroascaceae	10697	91.5
UP000254937	Aspergillus phoenicis ATCC 13157	1353007	Fungi	Ascomycota	Eurotiomycetes	Eurotiales	Aspergillaceae	11665	94.8
UP000256328	Coleophoma crateriformis	565419	Fungi	Ascomycota	Leotiomycetes	Helotiales	Dermateaceae	13254	93.2
UP000256645	Coleophoma cylindrospora	1849047	Fungi	Ascomycota	Leotiomycetes	Helotiales	Dermateaceae	14176	93.4
UP000256690	Aspergillus mulundensis	1810919	Fungi	Ascomycota	Eurotiomycetes	Eurotiales	Aspergillaceae	11569	95.5
UP000256964	Lentinus brumalis	2498619	Fungi	Basidiomycota	Agaricomycetes	Polyporales	Polyporaceae	18174	98.8
UP000256970	Tetradesmus obliquus (Green alga) (Acutodesmus obliquus)	3088	Viridiplantae	Chlorophyta	Chlorophyceae	Sphaeropleales	Scenedesmaceae	18631	92.8
UP000257109	Mucuna pruriens (Velvet bean) (Dolichos pruriens)	157652	Viridiplantae	Streptophyta	Magnoliopsida	Fabales	Fabaceae	56010	83.7
UP000257200	Acanthochromis polyacanthus (spiny chromis)	80966	Metazoa	Chordata	Actinopteri		Pomacentridae	33479	94.5
UP000258309	Scytalidium lignicola (Hyphomycete)	5539	Fungi	Ascomycota	Leotiomycetes			12794	92.8
UP000261340	Amphilophus citrinellus (Midas cichlid) (Cichlasoma citrinellum)	61819	Metazoa	Chordata	Actinopteri	Cichliformes	Cichlidae	31741	90.6
UP000261360	Seriola lalandi dorsalis	1841481	Metazoa	Chordata	Actinopteri	Carangiformes	Carangidae	33056	95.7
UP000261380	Xiphophorus couchianus (Monterrey platyfish)	32473	Metazoa	Chordata	Actinopteri	Cyprinodontiformes	Poeciliidae	28020	62.1
UP000261420	Seriola dumerili (Greater amberjack) (Caranx dumerili)	41447	Metazoa	Chordata	Actinopteri	Carangiformes	Carangidae	32409	97.4
UP000261480	Poecilia mexicana	48701	Metazoa	Chordata	Actinopteri	Cyprinodontiformes	Poeciliidae	33125	89.2
UP000261500	Poecilia latipinna (sailfin molly)	48699	Metazoa	Chordata	Actinopteri	Cyprinodontiformes	Poeciliidae	30911	85.7
UP000261520	Periophthalmus magnuspinnatus	409849	Metazoa	Chordata	Actinopteri	Gobiiformes	Gobiidae	30051	84.7
UP000261540	Paramormyrops kingsleyae	1676925	Metazoa	Chordata	Actinopteri	Osteoglossiformes	Mormyridae	39949	96.0
UP000261560	Oryzias melastigma (Marine medaka)	30732	Metazoa	Chordata	Actinopteri	Beloniformes	Adrianichthyidae	34855	95.3
UP000261580	Neolamprologus brichardi (Fairy cichlid) (Lamprologus brichardi)	32507	Metazoa	Chordata	Actinopteri	Cichliformes	Cichlidae	31886	86.6
UP000261600	Monopterus albus (Asian swamp eel) (Muraena alba)	43700	Metazoa	Chordata	Actinopteri	Synbranchiformes	Synbranchidae	32112	94.8
UP000261620	Mola mola (Ocean sunfish) (Tetraodon mola)	94237	Metazoa	Chordata	Actinopteri	Tetraodontiformes	Molidae	28962	90.8
UP000261640	Mastacembelus armatus (zig-zag eel)	205130	Metazoa	Chordata	Actinopteri	Synbranchiformes	Mastacembelidae	59113	96.8
UP000261660	Labrus bergylta (ballan wrasse)	56723	Metazoa	Chordata	Actinopteri	Labriformes	Labridae	37792	94.1
UP000261680	Ursus maritimus (Polar bear) (Thalarctos maritimus)	29073	Metazoa	Chordata	Mammalia	Carnivora	Ursidae	34868	99.0
UP000262825	Saccharomycodes ludwigii	36035	Fungi	Ascomycota	Saccharomycetes	Saccharomycodales	Saccharomycodaceae	4013	87.0
UP000264800	Kryptolebias marmoratus (Mangrove killifish) (Rivulus marmoratus)	37003	Metazoa	Chordata	Actinopteri	Cyprinodontiformes	Rivulidae	29685	88.2
UP000264820	Hippocampus comes (Tiger tail seahorse)	109280	Metazoa	Chordata	Actinopteri	Syngnathiformes	Syngnathidae	27735	92.0
UP000264840	Haplochromis burtoni (Burton's mouthbrooder) (Chromis burtoni)	8153	Metazoa	Chordata	Actinopteri	Cichliformes	Cichlidae	34332	95.2
UP000265000	Fundulus heteroclitus (Killifish) (Mummichog)	8078	Metazoa	Chordata	Actinopteri	Cyprinodontiformes	Fundulidae	33571	83.7
UP000265020	Cyprinodon variegatus (Sheepshead minnow)	28743	Metazoa	Chordata	Actinopteri	Cyprinodontiformes	Cyprinodontidae	31881	85.6
UP000265040	Anabas testudineus (Climbing perch) (Anthias testudineus)	64144	Metazoa	Chordata	Actinopteri	Anabantiformes	Anabantidae	64128	98.2
UP000265080	Amphiprion percula (Orange clownfish) (Lutjanus percula)	161767	Metazoa	Chordata	Actinopteri		Pomacentridae	33681	95.5
UP000265100	Astatotilapia calliptera (Eastern river bream) (Chromis callipterus)	8154	Metazoa	Chordata	Actinopteri	Cichliformes	Cichlidae	74908	96.6
UP000265120	Cynoglossus semilaevis (Tongue sole)	244447	Metazoa	Chordata	Actinopteri	Pleuronectiformes	Cynoglossidae	32408	94.6
UP000265140	Esox lucius (Northern pike)	8010	Metazoa	Chordata	Actinopteri	Esociformes	Esocidae	74441	98.0
UP000265160	Maylandia zebra (zebra mbuna)	106582	Metazoa	Chordata	Actinopteri	Cichliformes	Cichlidae	37294	97.1
UP000265300	Lipotes vexillifer (Yangtze river dolphin)	118797	Metazoa	Chordata	Mammalia	Artiodactyla	Lipotidae	24991	97.5
UP000265515	Chara braunii (Braun's stonewort)	69332	Viridiplantae	Streptophyta	Charophyceae	Charales	Characeae	35576	72.2
UP000265631	Fusarium flagelliforme	2675880	Fungi	Ascomycota	Sordariomycetes	Hypocreales	Nectriaceae	13039	98.1
UP000265663	Pyrenophora seminiperda CCB06	1302712	Fungi	Ascomycota	Dothideomycetes	Pleosporales	Pleosporaceae	8702	73.7
UP000266152	Fusarium sporotrichioides	5514	Fungi	Ascomycota	Sordariomycetes	Hypocreales	Nectriaceae	11960	98.5
UP000266188	Aspergillus sclerotialis	2070753	Fungi	Ascomycota	Eurotiomycetes	Eurotiales	Aspergillaceae	11306	89.2
UP000266234	Fusarium longipes	694270	Fungi	Ascomycota	Sordariomycetes	Hypocreales	Nectriaceae	11420	97.6
UP000266272	Trichoderma arundinaceum	490622	Fungi	Ascomycota	Sordariomycetes	Hypocreales	Hypocreaceae	10471	94.7
UP000266723	Brassica cretica (Mustard)	69181	Viridiplantae	Streptophyta	Magnoliopsida	Brassicales	Brassicaceae	62924	71.9
UP000267027	Angiostrongylus costaricensis (Nematode worm)	334426	Metazoa	Nematoda	Chromadorea	Rhabditida	Metastrongylidae	13350	78.5
UP000267029	Mesocestoides corti (Flatworm)	53468	Metazoa	Platyhelminthes	Cestoda	Cyclophyllidea	Mesocestoididae	10572	66.9
UP000267096	Anisakis simplex (Herring worm)	6269	Metazoa	Nematoda	Chromadorea	Rhabditida	Anisakidae	20779	64.6
UP000267145	Verticillium nonalfalfae	1051616	Fungi	Ascomycota	Sordariomycetes	Glomerellales	Plectosphaerellaceae	9427	80.8
UP000267251	Piptocephalis cylindrospora	1907219	Fungi	Zoopagomycota	Zoopagomycetes	Zoopagales	Piptocephalidaceae	4271	44.3
UP000267606	Onchocerca flexuosa	387005	Metazoa	Nematoda	Chromadorea	Rhabditida	Onchocercidae	16057	52.7
UP000267821	Terfezia boudieri ATCC MYA-4762	1051890	Fungi	Ascomycota	Pezizomycetes	Pezizales	Pezizaceae	12026	95.4
UP000268014	Haemonchus placei (Barber's pole worm)	6290	Metazoa	Nematoda	Chromadorea	Rhabditida	Trichostrongylidae	21409	77.9
UP000268093	Jimgerdemannia flammicorona	994334	Fungi	Mucoromycota	Endogonomycetes	Endogonales	Endogonaceae	13497	56.5
UP000268162	Dimargaris cristalligena	215637	Fungi	Kickxellomycota	Dimargaritomycetes	Dimargaritales	Dimargaritaceae	7376	80.1
UP000268321	Australozyma monospora	3459182	Fungi	Ascomycota	Pichiomycetes	Serinales	Metschnikowiaceae	4707	81.3
UP000268350	Drosophila guanche (Fruit fly)	7266	Metazoa	Arthropoda	Insecta	Diptera	Drosophilidae	17569	97.7
UP000269221	Hirundo rustica rustica	333673	Metazoa	Chordata	Aves	Passeriformes	Hirundinidae	34534	77.5
UP000269721	Blyttiomyces helicus	388810	Fungi	Chytridiomycota	Chytridiomycetes			12137	38.7
UP000269793	Malassezia restricta (strain ATCC 96810 / NBRC 103918 / CBS 7877) (Seborrheic dermatitis infection agent)	425264	Fungi	Basidiomycota	Malasseziomycetes	Malasseziales	Malasseziaceae	4097	86.2
UP000269945	Gulo gulo (Wolverine) (Gluton)	48420	Metazoa	Chordata	Mammalia	Carnivora	Mustelidae	19667	46.1
UP000270094	Strongylus vulgaris (Blood worm)	40348	Metazoa	Nematoda	Chromadorea	Rhabditida	Strongylidae	20844	26.6
UP000270296	Soboliphyme baturini	241478	Metazoa	Nematoda	Enoplea	Dioctophymatida	Soboliphymatidae	13153	35.4
UP000270924	Wuchereria bancrofti	6293	Metazoa	Nematoda	Chromadorea	Rhabditida	Onchocercidae	13000	77.8
UP000271087	Onchocerca ochengi (Filarial nematode worm)	42157	Metazoa	Nematoda	Chromadorea	Rhabditida	Onchocercidae	13353	84.2
UP000271098	Gongylonema pulchrum	637853	Metazoa	Nematoda	Chromadorea	Rhabditida	Gongylonematidae	26895	33.7
UP000271162	Nippostrongylus brasiliensis (Rat hookworm)	27835	Metazoa	Nematoda	Chromadorea	Rhabditida	Heligmosomidae	22636	74.8
UP000271241	Thamnocephalis sphaerospora	78915	Fungi	Zoopagomycota	Zoopagomycetes	Zoopagales	Sigmoideomycetaceae	6769	73.2
UP000271889	Cylicostephanus goldi (Nematode worm)	71465	Metazoa	Nematoda	Chromadorea	Rhabditida	Strongylidae	13786	12.6
UP000271974	Elysia chlorotica (Eastern emerald elysia) (Sea slug)	188477	Metazoa	Mollusca	Gastropoda		Plakobranchidae	23836	81.7
UP000272025	Sodiomyces alkalinus (strain CBS 110278 / VKM F-3762 / F11) (Alkaliphilic filamentous fungus)	1314773	Fungi	Ascomycota	Sordariomycetes	Glomerellales	Plectosphaerellaceae	9397	71.9
UP000272942	Echinostoma caproni	27848	Metazoa	Platyhelminthes	Trematoda	Plagiorchiida	Echinostomatidae	18535	38.2
UP000274082	Leishmania donovani	5661		Euglenozoa	Kinetoplastea	Trypanosomatida	Trypanosomatidae	8326	100.0
UP000274131	Enterobius vermicularis (Human pinworm)	51028	Metazoa	Nematoda	Chromadorea	Rhabditida	Oxyuridae	12840	79.7
UP000274429	Hydatigera taeniaeformis (Feline tapeworm) (Taenia taeniaeformis)	6205	Metazoa	Platyhelminthes	Cestoda	Cyclophyllidea	Taeniidae	11591	59.0
UP000274756	Dracunculus medinensis (Guinea worm)	318479	Metazoa	Nematoda	Chromadorea	Rhabditida	Dracunculidae	10868	78.1
UP000274822	Jimgerdemannia flammicorona	994334	Fungi	Mucoromycota	Endogonomycetes	Endogonales	Endogonaceae	13695	59.0
UP000274922	Caulochytrium protostelioides	1555241	Fungi	Chytridiomycota	Caulochytriomycetes	Caulochytriales	Caulochytriaceae	6161	67.7
UP000275078	Ascobolus immersus RN42	1160509	Fungi	Ascomycota	Pezizomycetes	Pezizales	Ascobolaceae	17778	92.1
UP000275385	Coniochaeta pulveracea	177199	Fungi	Ascomycota	Sordariomycetes	Coniochaetales	Coniochaetaceae	10012	95.8
UP000275408	Pocillopora damicornis (Cauliflower coral) (Millepora damicornis)	46731	Metazoa	Cnidaria	Anthozoa	Scleractinia	Pocilloporidae	25411	87.7
UP000275846	Schistocephalus solidus (Tapeworm)	70667	Metazoa	Platyhelminthes	Cestoda	Diphyllobothriidea	Diphyllobothriidae	20172	60.1
UP000276215	Choiromyces venosus 120613-1	1336337	Fungi	Ascomycota	Pezizomycetes	Pezizales	Tuberaceae	17720	96.0
UP000276776	Thelazia callipaeda (Oriental eyeworm) (Parasitic nematode)	103827	Metazoa	Nematoda	Chromadorea	Rhabditida	Thelaziidae	10885	89.2
UP000276834	Chloebia gouldiae (Gouldian finch) (Erythrura gouldiae)	44316	Metazoa	Chordata	Aves	Passeriformes	Passeridae	18274	76.8
UP000276991	Acanthocheilonema viteae (Filarial nematode worm) (Dipetalonema viteae)	6277	Metazoa	Nematoda	Chromadorea	Rhabditida	Onchocercidae	10007	85.2
UP000277212	Fusarium kuroshium	2010991	Fungi	Ascomycota	Sordariomycetes	Hypocreales	Nectriaceae	16484	94.4
UP000277580	Morchella conica CCBAS932	1392247	Fungi	Ascomycota	Pezizomycetes	Pezizales	Morchellaceae	11578	96.0
UP000277928	Litomosoides sigmodontis (Filarial nematode worm)	42156	Metazoa	Nematoda	Chromadorea	Rhabditida	Onchocercidae	9894	88.9
UP000278143	Syncephalis pseudoplumigaleata	1712513	Fungi	Zoopagomycota	Zoopagomycetes	Zoopagales	Piptocephalidaceae	5997	52.5
UP000278627	Brugia pahangi (Filarial nematode worm)	6280	Metazoa	Nematoda	Chromadorea	Rhabditida	Onchocercidae	14545	91.2
UP000278807	Rodentolepis nana (Dwarf tapeworm) (Hymenolepis nana)	102285	Metazoa	Platyhelminthes	Cestoda	Cyclophyllidea	Hymenolepididae	13592	68.6
UP000279236	Apiotrichum porosum	105984	Fungi	Basidiomycota	Tremellomycetes	Trichosporonales	Trichosporonaceae	9145	93.2
UP000279259	Saitozyma podzolica	1890683	Fungi	Basidiomycota	Tremellomycetes	Tremellales	Trimorphomycetaceae	10205	90.1
UP000280685	Podospora comata	48703	Fungi	Ascomycota	Sordariomycetes	Sordariales	Podosporaceae	10445	98.7
UP000280834	Brugia timori	42155	Metazoa	Nematoda	Chromadorea	Rhabditida	Onchocercidae	15861	60.0
UP000281406	Anabarilius grahami (Kanglang fish) (Barilius grahami)	495550	Metazoa	Chordata	Actinopteri	Cypriniformes	Xenocyprididae	23663	62.2
UP000281553	Dibothriocephalus latus (Fish tapeworm) (Diphyllobothrium latum)	60516	Metazoa	Platyhelminthes	Cestoda	Diphyllobothriidea	Diphyllobothriidae	19927	32.8
UP000282087	Peronospora effusa	542832		Oomycota	Peronosporomycetes	Peronosporales	Peronosporaceae	8522	93.0
UP000282613	Taenia asiatica (Asian tapeworm)	60517	Metazoa	Platyhelminthes	Cestoda	Cyclophyllidea	Taeniidae	10244	68.0
UP000283090	Arthrobotrys flagrans (Nematode-trapping fungus) (Trichothecium flagrans)	97331	Fungi	Ascomycota	Orbiliomycetes	Orbiliales	Orbiliaceae	10325	97.0
UP000283210	Oryzias javanicus (Javanese ricefish) (Aplocheilus javanicus)	123683	Metazoa	Chordata	Actinopteri	Beloniformes	Adrianichthyidae	21400	83.8
UP000283269	Psilocybe cyanescens	93625	Fungi	Basidiomycota	Agaricomycetes	Agaricales	Strophariaceae	15931	96.7
UP000283383	Golovinomyces cichoracearum	62708	Fungi	Ascomycota	Leotiomycetes	Erysiphales	Erysiphaceae	6757	91.5
UP000283509	Penaeus vannamei (Whiteleg shrimp) (Litopenaeus vannamei)	6689	Metazoa	Arthropoda	Malacostraca	Decapoda	Penaeidae	25399	77.5
UP000283530	Cinnamomum micranthum f. kanehirae	337451	Viridiplantae	Streptophyta	Magnoliopsida	Laurales	Lauraceae	26485	87.7
UP000283634	Trypanosoma rangeli	5698		Euglenozoa	Kinetoplastea	Trypanosomatida	Trypanosomatidae	10070	96.2
UP000283841	Paecilomyces variotii (Byssochlamys spectabilis)	264951	Fungi	Ascomycota	Eurotiomycetes	Eurotiales	Thermoascaceae	9264	97.1
UP000283895	Cytospora schulzeri	448051	Fungi	Ascomycota	Sordariomycetes	Diaporthales	Cytosporaceae	10560	94.6
UP000284375	Cytospora chrysosperma (Cytospora canker fungus) (Sphaeria chrysosperma)	252740	Fungi	Ascomycota	Sordariomycetes	Diaporthales	Cytosporaceae	9818	93.7
UP000284403	Trypanosoma conorhini	83891		Euglenozoa	Kinetoplastea	Trypanosomatida	Trypanosomatidae	10134	98.5
UP000284702	Aphanomyces astaci (Crayfish plague agent)	112090		Oomycota	Saprolegniomycetes	Saprolegniales	Verrucalvaceae	14008	85.0
UP000284706	Gymnopilus dilepis	231916	Fungi	Basidiomycota	Agaricomycetes	Agaricales	Hymenogastraceae	16218	92.8
UP000284842	Panaeolus cyanescens	181874	Fungi	Basidiomycota	Agaricomycetes	Agaricales		13419	94.1
UP000285060	Aphanomyces invadans	157072		Oomycota	Saprolegniomycetes	Saprolegniales	Verrucalvaceae	10860	76.0
UP000285146	Cytospora leucostoma	1230097	Fungi	Ascomycota	Sordariomycetes	Diaporthales	Cytosporaceae	10071	95.1
UP000285301	Dinothrombium tinctorium	1965070	Metazoa	Arthropoda	Arachnida	Trombidiformes	Trombidiidae	13518	88.6
UP000285624	Phytophthora kernoviae	325452		Oomycota	Peronosporomycetes	Peronosporales	Peronosporaceae	9833	95.0
UP000286045	Xylaria grammica	363999	Fungi	Ascomycota	Sordariomycetes	Xylariales	Xylariaceae	12125	92.4
UP000286134	Erysiphe neolycopersici	212602	Fungi	Ascomycota	Leotiomycetes	Erysiphales	Erysiphaceae	6847	93.4
UP000286641	Callorhinus ursinus (Northern fur seal)	34884	Metazoa	Chordata	Mammalia	Carnivora	Otariidae	45213	98.4
UP000286921	Aspergillus awamori (Black koji mold)	105351	Fungi	Ascomycota	Eurotiomycetes	Eurotiales	Aspergillaceae	11139	96.4
UP000287033	Chiloscyllium punctatum (Brownbanded bambooshark) (Hemiscyllium punctatum)	137246	Metazoa	Chordata	Chondrichthyes	Orectolobiformes	Hemiscylliidae	33497	87.9
UP000287124	Fusarium euwallaceae	1147111	Fungi	Ascomycota	Sordariomycetes	Hypocreales	Nectriaceae	17627	98.2
UP000287144	Fusarium oligoseptatum	2604345	Fungi	Ascomycota	Sordariomycetes	Hypocreales	Nectriaceae	17739	91.3
UP000287166	Sparassis crispa	139825	Fungi	Basidiomycota	Agaricomycetes	Polyporales	Sparassidaceae	13078	95.9
UP000287972	Fusarium floridanum	1325733	Fungi	Ascomycota	Sordariomycetes	Hypocreales	Nectriaceae	16761	95.4
UP000288168	Fusarium duplospermum	1325734	Fungi	Ascomycota	Sordariomycetes	Hypocreales	Nectriaceae	16262	98.4
UP000288216	Scyliorhinus torazame (Cloudy catshark) (Catulus torazame)	75743	Metazoa	Chordata	Chondrichthyes	Carcharhiniformes	Scyliorhinidae	27602	77.4
UP000288429	Fusarium ambrosium	131363	Fungi	Ascomycota	Sordariomycetes	Hypocreales	Nectriaceae	17261	98.0
UP000288716	Leptotrombidium deliense	299467	Metazoa	Arthropoda	Arachnida	Trombidiformes	Trombiculidae	14651	85.1
UP000289152	Tremella mesenterica (Jelly fungus)	5217	Fungi	Basidiomycota	Tremellomycetes	Tremellales	Tremellaceae	8061	94.4
UP000289886	Acipenser ruthenus (Sterlet sturgeon) (Huso ruthenus)	7906	Metazoa	Chordata	Actinopteri	Acipenseriformes	Acipenseridae	22004	56.6
UP000290288	Candolleomyces aberdarensis	2316362	Fungi	Basidiomycota	Agaricomycetes	Agaricales	Psathyrellaceae	14686	74.8
UP000290572	Labeo rohita (Indian major carp) (Cyprinus rohita)	84645	Metazoa	Chordata	Actinopteri	Cypriniformes	Cyprinidae	32379	72.4
UP000290809	Schistosoma bovis (Blood fluke)	6184	Metazoa	Platyhelminthes	Trematoda	Strigeidida	Schistosomatidae	11348	60.5
UP000290900	Brettanomyces naardenensis (Yeast)	13370	Fungi	Ascomycota	Pichiomycetes	Pichiales	Pichiaceae	5175	87.3
UP000291020	Gopherus agassizii (Agassiz's desert tortoise)	38772	Metazoa	Chordata		Testudines	Testudinidae	31812	91.5
UP000291022	Ursus americanus (American black bear) (Euarctos americanus)	9643	Metazoa	Chordata	Mammalia	Carnivora	Ursidae	32512	79.0
UP000291084	Vigna angularis var. angularis	157739	Viridiplantae	Streptophyta	Magnoliopsida	Fabales	Fabaceae	30270	93.6
UP000291116	Pseudo-nitzschia multistriata	183589		Bacillariophyta	Bacillariophyceae	Bacillariales	Bacillariaceae	11907	86.0
UP000291343	Laodelphax striatellus (Small brown planthopper) (Delphax striatella)	195883	Metazoa	Arthropoda	Insecta	Hemiptera	Delphacidae	17309	95.3
UP000292052	Asbolus verrucosus (Blue death-feigning beetle)	1661398	Metazoa	Arthropoda	Insecta	Coleoptera	Tenebrionidae	15225	83.3
UP000292082	Dichomitus squalens	114155	Fungi	Basidiomycota	Agaricomycetes	Polyporales	Polyporaceae	15221	98.9
UP000292447	Metschnikowia aff. pulcherrima	2163413	Fungi	Ascomycota	Pichiomycetes	Serinales	Metschnikowiaceae	5795	89.3
UP000292702	Steccherinum ochraceum	92696	Fungi	Basidiomycota	Agaricomycetes	Polyporales	Steccherinaceae	12246	89.5
UP000293195	Alternaria tenuissima	119927	Fungi	Ascomycota	Dothideomycetes	Pleosporales	Pleosporaceae	13806	98.5
UP000293360	Monosporascus ibericus	155417	Fungi	Ascomycota	Sordariomycetes	Xylariales		11059	95.9
UP000293547	Alternaria gaisen	167740	Fungi	Ascomycota	Dothideomycetes	Pleosporales	Pleosporaceae	13201	98.3
UP000293823	Alternaria arborescens	156630	Fungi	Ascomycota	Dothideomycetes	Pleosporales	Pleosporaceae	12852	98.0
UP000294003	Monosporascus cannonballus	155416	Fungi	Ascomycota	Sordariomycetes	Xylariales		10677	95.7
UP000294530	Bremia lactucae (Lettuce downy mildew)	4779		Oomycota	Peronosporomycetes	Peronosporales	Peronosporaceae	9236	96.0
UP000294933	Rickenella mellea	50990	Fungi	Basidiomycota	Agaricomycetes	Hymenochaetales	Rickenellaceae	17053	98.9
UP000295070	Perca flavescens (American yellow perch) (Morone flavescens)	8167	Metazoa	Chordata	Actinopteri	Perciformes	Percidae	21644	92.0
UP000295083	Colletotrichum spinosum	1347390	Fungi	Ascomycota	Sordariomycetes	Glomerellales	Glomerellaceae	12539	92.5
UP000295192	Drosophila navojoa (Fruit fly)	7232	Metazoa	Arthropoda	Insecta	Diptera	Drosophilidae	15505	94.4
UP000295252	Coffea canephora (Robusta coffee)	49390	Viridiplantae	Streptophyta	Magnoliopsida	Gentianales	Rubiaceae	25484	92.8
UP000295604	Colletotrichum sidae	1347389	Fungi	Ascomycota	Sordariomycetes	Glomerellales	Glomerellaceae	12442	91.7
UP000295703	Colletotrichum trifolii	5466	Fungi	Ascomycota	Sordariomycetes	Glomerellales	Glomerellaceae	12236	92.8
UP000296049	Anas platyrhynchos (Mallard) (Anas boschas)	8839	Metazoa	Chordata	Aves	Anseriformes	Anatidae	16592	75.9
UP000297026	Diachasma alloeum	454923	Metazoa	Arthropoda	Insecta	Hymenoptera	Braconidae	431	1.5
UP000297229	Botrytis elliptica	278938	Fungi	Ascomycota	Leotiomycetes	Helotiales	Sclerotiniaceae	12555	98.7
UP000297280	Botrytis porri	87229	Fungi	Ascomycota	Leotiomycetes	Helotiales	Sclerotiniaceae	11857	95.2
UP000297299	Botryotinia calthae	38488	Fungi	Ascomycota	Leotiomycetes	Helotiales	Sclerotiniaceae	12263	95.2
UP000297452	Botryotinia narcissicola	278944	Fungi	Ascomycota	Leotiomycetes	Helotiales	Sclerotiniaceae	12236	90.7
UP000297527	Botryotinia convoluta	54673	Fungi	Ascomycota	Leotiomycetes	Helotiales	Sclerotiniaceae	12417	98.2
UP000297703	Platysternon megacephalum (big-headed turtle)	55544	Metazoa	Chordata		Testudines	Platysternidae	21371	88.5
UP000297716	Xylaria hypoxylon	37992	Fungi	Ascomycota	Sordariomycetes	Xylariales	Xylariaceae	11037	95.0
UP000297777	Botrytis tulipae	87230	Fungi	Ascomycota	Leotiomycetes	Helotiales	Sclerotiniaceae	12564	98.9
UP000297814	Botrytis hyacinthi	278943	Fungi	Ascomycota	Leotiomycetes	Helotiales	Sclerotiniaceae	12130	98.7
UP000297910	Botrytis paeoniae	278948	Fungi	Ascomycota	Leotiomycetes	Helotiales	Sclerotiniaceae	12045	98.6
UP000298030	Coprinellus micaceus (Glistening ink-cap mushroom) (Coprinus micaceus)	71717	Fungi	Basidiomycota	Agaricomycetes	Agaricales	Psathyrellaceae	23011	93.7
UP000298061	Hericium alpestre	135208	Fungi	Basidiomycota	Agaricomycetes	Russulales	Hericiaceae	11000	61.6
UP000298138	Ascodesmis nigricans	341454	Fungi	Ascomycota	Pezizomycetes	Pezizales	Ascodesmidaceae	9617	96.4
UP000298327	Dentipellis fragilis	205917	Fungi	Basidiomycota	Agaricomycetes	Russulales	Hericiaceae	11715	84.5
UP000298416	Salvia splendens (Scarlet sage)	180675	Viridiplantae	Streptophyta	Magnoliopsida	Lamiales	Lamiaceae	55398	92.7
UP000298493	Venturia nashicola	86259	Fungi	Ascomycota	Dothideomycetes	Venturiales	Venturiaceae	11754	92.9
UP000298652	Setaria viridis (Green bristlegrass) (Setaria italica subsp. viridis)	4556	Viridiplantae	Streptophyta	Magnoliopsida	Poales	Poaceae	46692	99.4
UP000298787	Collichthys lucidus (Big head croaker) (Sciaena lucida)	240159	Metazoa	Chordata	Actinopteri		Sciaenidae	27208	88.0
UP000299084	Camelus dromedarius (Dromedary) (Arabian camel)	9838	Metazoa	Chordata	Mammalia	Artiodactyla	Camelidae	31080	71.3
UP000301737	Zygosaccharomyces mellis	42258	Fungi	Ascomycota	Saccharomycetes	Saccharomycetales	Saccharomycetaceae	4737	97.8
UP000301870	Spodoptera litura (Asian cotton leafworm)	69820	Metazoa	Arthropoda	Insecta	Lepidoptera	Noctuidae	20624	99.7
UP000305067	Pterulicium gracile	1884261	Fungi	Basidiomycota	Agaricomycetes	Agaricales	Pterulaceae	12852	91.9
UP000305948	Heliocybe sulcata	5364	Fungi	Basidiomycota	Agaricomycetes	Gloeophyllales	Gloeophyllaceae	12554	98.4
UP000306050	Sporisorium graminicola	280036	Fungi	Basidiomycota	Ustilaginomycetes	Ustilaginales	Ustilaginaceae	6585	97.3
UP000306102	Camellia sinensis var. sinensis (China tea)	542762	Viridiplantae	Streptophyta	Magnoliopsida	Ericales	Theaceae	30132	70.5
UP000307173	Pichia inconspicua	52247	Fungi	Ascomycota	Pichiomycetes	Pichiales	Pichiaceae	5046	81.5
UP000307440	Coprinopsis marcescibilis (Agaric fungus) (Psathyrella marcescibilis)	230819	Fungi	Basidiomycota	Agaricomycetes	Agaricales	Psathyrellaceae	14526	97.5
UP000308092	Aspergillus tanneri	1220188	Fungi	Ascomycota	Eurotiomycetes	Eurotiales	Aspergillaceae	13554	87.4
UP000308197	Polyporus arcularius HHB13444	1314778	Fungi	Basidiomycota	Agaricomycetes	Polyporales	Polyporaceae	17473	97.9
UP000308199	Phellinidium pouzarii	167371	Fungi	Basidiomycota	Agaricomycetes	Hymenochaetales	Hymenochaetaceae	8697	81.1
UP000308267	Opisthorchis felineus	147828	Metazoa	Platyhelminthes	Trematoda	Opisthorchiida	Opisthorchiidae	18330	77.7
UP000308549	Salinomyces thailandicus	706561	Fungi	Ascomycota	Dothideomycetes	Mycosphaerellales	Teratosphaeriaceae	8771	96.4
UP000308652	Crucibulum laeve	68775	Fungi	Basidiomycota	Agaricomycetes	Agaricales	Nidulariaceae	14180	98.2
UP000308671	Botrytis galanthina	278940	Fungi	Ascomycota	Leotiomycetes	Helotiales	Sclerotiniaceae	12388	98.2
UP000308730	Antrodiella citrinella	2447956	Fungi	Basidiomycota	Agaricomycetes	Polyporales	Steccherinaceae	9798	76.0
UP000308768	Cryomyces minteri	331657	Fungi	Ascomycota	Dothideomycetes			13291	87.0
UP000309038	Hermanssonia centrifuga	98765	Fungi	Basidiomycota	Agaricomycetes	Polyporales	Meruliaceae	8464	53.5
UP000309340	Friedmanniomyces simplex	329884	Fungi	Ascomycota	Dothideomycetes	Mycosphaerellales	Teratosphaeriaceae	13631	92.3
UP000309997	Populus alba (White poplar)	43335	Viridiplantae	Streptophyta	Magnoliopsida	Malpighiales	Salicaceae	33925	95.9
UP000310108	Colletotrichum tanaceti	1306861	Fungi	Ascomycota	Sordariomycetes	Glomerellales	Glomerellaceae	12168	91.2
UP000310158	Bondarzewia mesenterica	1095465	Fungi	Basidiomycota	Agaricomycetes	Russulales	Bondarzewiaceae	10514	85.4
UP000310189	Wallemia hederae	1540922	Fungi	Basidiomycota	Wallemiomycetes	Wallemiales	Wallemiaceae	4107	80.6
UP000310200	Temnothorax longispinosus	300112	Metazoa	Arthropoda	Insecta	Hymenoptera	Formicidae	13035	83.4
UP000311382	Rhodotorula diobovata	5288	Fungi	Basidiomycota	Microbotryomycetes	Sporidiobolales	Sporidiobolaceae	7905	96.4
UP000311919	Schistosoma japonicum (Blood fluke)	6182	Metazoa	Platyhelminthes	Trematoda	Strigeidida	Schistosomatidae	14733	72.1
UP000313359	Lentinus tigrinus ALCF2SS1-6	1328759	Fungi	Basidiomycota	Agaricomycetes	Polyporales	Polyporaceae	15512	99.4
UP000314980	Lates calcarifer (Barramundi) (Holocentrus calcarifer)	8187	Metazoa	Chordata	Actinopteri		Centropomidae	57546	93.4
UP000314981	Bos indicus x Bos taurus (Hybrid cattle)	30522	Metazoa	Chordata	Mammalia	Artiodactyla	Bovidae	42150	95.3
UP000314982	Hucho hucho (huchen)	62062	Metazoa	Chordata	Actinopteri	Salmoniformes	Salmonidae	90501	89.7
UP000314983	Electrophorus electricus (Electric eel) (Gymnotus electricus)	8005	Metazoa	Chordata	Actinopteri	Gymnotiformes	Gymnotidae	52901	93.7
UP000314986	Callorhinchus milii (Ghost shark)	7868	Metazoa	Chordata	Chondrichthyes	Chimaeriformes	Callorhinchidae	49246	90.1
UP000314987	Vombatus ursinus (Common wombat)	29139	Metazoa	Chordata	Mammalia	Diprotodontia	Vombatidae	31139	91.2
UP000315295	Malus baccata (Siberian crab apple) (Pyrus baccata)	106549	Viridiplantae	Streptophyta	Magnoliopsida	Rosales	Rosaceae	45583	88.0
UP000315522	Lachnellula willkommii	215461	Fungi	Ascomycota	Leotiomycetes	Helotiales	Lachnaceae	8978	77.6
UP000315783	Cordyceps javanica	43265	Fungi	Ascomycota	Sordariomycetes	Hypocreales	Cordycipitaceae	11436	94.5
UP000316079	Danionella cerebrum	2873325	Metazoa	Chordata	Actinopteri	Cypriniformes	Danionidae	32815	84.1
UP000316270	Venturia effusa	50376	Fungi	Ascomycota	Dothideomycetes	Venturiales	Venturiaceae	10819	92.6
UP000316621	Papaver somniferum (Opium poppy)	3469	Viridiplantae	Streptophyta	Magnoliopsida	Ranunculales	Papaveraceae	41429	86.5
UP000316726	Chloropicon primus	1764295	Viridiplantae	Chlorophyta	Chloropicophyceae	Chloropicales	Chloropicaceae	8712	91.4
UP000316759	Fasciola gigantica (Giant liver fluke)	46835	Metazoa	Platyhelminthes	Trematoda	Plagiorchiida	Fasciolidae	12643	59.9
UP000317494	Synchytrium endobioticum	286115	Fungi	Chytridiomycota	Chytridiomycetes	Synchytriales	Synchytriaceae	7895	84.2
UP000318582	Powellomyces hirtus	109895	Fungi	Chytridiomycota	Chytridiomycetes	Spizellomycetales	Powellomycetaceae	6533	93.7
UP000319160	Xylaria flabelliformis	2512241	Fungi	Ascomycota	Sordariomycetes	Xylariales	Xylariaceae	11403	96.1
UP000319257	Thyridium curvatum	1093900	Fungi	Ascomycota	Sordariomycetes	Thyridiales	Thyridiaceae	12104	97.0
UP000319663	Monascus purpureus (Red mold) (Monascus anka)	5098	Fungi	Ascomycota	Eurotiomycetes	Eurotiales	Aspergillaceae	8080	92.3
UP000319731	Synchytrium microbalum	1806994	Fungi	Chytridiomycota	Chytridiomycetes	Synchytriales	Synchytriaceae	6304	90.2
UP000319801	Bagarius yarrelli (Goonch) (Bagrus yarrelli)	175774	Metazoa	Chordata	Actinopteri	Siluriformes	Sisoridae	17117	65.5
UP000320333	Chytriomyces confervae	246404	Fungi	Chytridiomycota	Chytridiomycetes	Chytridiales	Chytriomycetaceae	10661	83.6
UP000320762	Schizophyllum amplum	97359	Fungi	Basidiomycota	Agaricomycetes	Agaricales	Schizophyllaceae	15404	95.0
UP000321570	Hymenolepis diminuta (Rat tapeworm)	6216	Metazoa	Platyhelminthes	Cestoda	Cyclophyllidea	Hymenolepididae	18691	70.2
UP000322000	Trichoplusia ni (Cabbage looper)	7111	Metazoa	Arthropoda	Insecta	Lepidoptera	Noctuidae	20891	98.7
UP000322225	Kwoniella shandongensis	1734106	Fungi	Basidiomycota	Tremellomycetes	Tremellales	Cryptococcaceae	7347	97.3
UP000322234	Bos mutus (wild yak)	72004	Metazoa	Chordata	Mammalia	Artiodactyla	Bovidae	21168	85.3
UP000322245	Cryptococcus floricola	2591691	Fungi	Basidiomycota	Tremellomycetes	Tremellales	Cryptococcaceae	8188	97.0
UP000322667	Gossypium tomentosum (Hawaiian cotton) (Gossypium sandvicense)	34277	Viridiplantae	Streptophyta	Magnoliopsida	Malvales	Malvaceae	96138	99.4
UP000322873	Monilinia fructicola (Brown rot fungus) (Ciboria fructicola)	38448	Fungi	Ascomycota	Leotiomycetes	Helotiales	Sclerotiniaceae	13749	80.6
UP000323011	Cafeteria roenbergensis (Marine flagellate)	33653			Bigyra	Bicosoecida	Cafeteriaceae	8530	89.0
UP000323386	Pseudozyma flocculosa	84751	Fungi	Basidiomycota	Ustilaginomycetes	Ustilaginales	Ustilaginaceae	7767	98.9
UP000323506	Gossypium darwinii (Darwin's cotton) (Gossypium barbadense var. darwinii)	34276	Viridiplantae	Streptophyta	Magnoliopsida	Malvales	Malvaceae	87738	99.4
UP000323597	Gossypium mustelinum (Cotton) (Gossypium caicoense)	34275	Viridiplantae	Streptophyta	Magnoliopsida	Malvales	Malvaceae	91116	98.9
UP000324022	Ustilago trichophora	86804	Fungi	Basidiomycota	Ustilaginomycetes	Ustilaginales	Ustilaginaceae	13002	96.1
UP000324585	Porphyridium purpureum (Red alga) (Porphyridium cruentum)	35688		Rhodophyta	Bangiophyceae	Porphyridiales	Porphyridiaceae	9673	72.5
UP000324629	Paragonimus westermani	34504	Metazoa	Platyhelminthes	Trematoda	Plagiorchiida	Troglotrematidae	12535	61.2
UP000324632	Triplophysa tibetana	1572043	Metazoa	Chordata	Actinopteri	Cypriniformes	Nemacheilidae	23866	91.1
UP000324639	Blumeria graminis f. sp. tritici	62690	Fungi	Ascomycota	Leotiomycetes	Erysiphales	Erysiphaceae	8255	85.4
UP000324705	Triticum turgidum subsp. durum (Durum wheat) (Triticum durum)	4567	Viridiplantae	Streptophyta	Magnoliopsida	Poales	Poaceae	188219	96.7
UP000324748	Puccinia graminis f. sp. tritici	56615	Fungi	Basidiomycota	Pucciniomycetes	Pucciniales	Pucciniaceae	36348	95.6
UP000324832	Leptidea sinapis	189913	Metazoa	Arthropoda	Insecta	Lepidoptera	Pieridae	19862	89.6
UP000325008	Moesziomyces antarcticus (Yeast) (Pseudozyma antarctica)	84753	Fungi	Basidiomycota	Ustilaginomycetes	Ustilaginales	Ustilaginaceae	7050	98.2
UP000325081	Striga asiatica (Asiatic witchweed) (Buchnera asiatica)	4170	Viridiplantae	Streptophyta	Magnoliopsida	Lamiales	Orobanchaceae	33322	88.0
UP000325315	Gossypium australe	47621	Viridiplantae	Streptophyta	Magnoliopsida	Malvales	Malvaceae	38202	75.1
UP000325395	Aspergillus pseudocaelatus	1825620	Fungi	Ascomycota	Eurotiomycetes	Eurotiales	Aspergillaceae	13895	96.5
UP000325433	Aspergillus transmontanensis	1034304	Fungi	Ascomycota	Eurotiomycetes	Eurotiales	Aspergillaceae	14200	97.2
UP000325440	Cinara cedri	506608	Metazoa	Arthropoda	Insecta	Hemiptera	Aphididae	22140	95.5
UP000325577	Nyssa sinensis	561372	Viridiplantae	Streptophyta	Magnoliopsida	Cornales	Nyssaceae	36198	86.9
UP000325579	Aspergillus pseudonomiae	1506151	Fungi	Ascomycota	Eurotiomycetes	Eurotiales	Aspergillaceae	13384	97.2
UP000325672	Aspergillus pseudotamarii	132259	Fungi	Ascomycota	Eurotiomycetes	Eurotiales	Aspergillaceae	13426	97.4
UP000325780	Aspergillus avenaceus	36643	Fungi	Ascomycota	Eurotiomycetes	Eurotiales	Aspergillaceae	11290	97.4
UP000325902	Lasiodiplodia theobromae	45133	Fungi	Ascomycota	Dothideomycetes	Botryosphaeriales	Botryosphaeriaceae	12895	97.5
UP000325945	Aspergillus sergii	1034303	Fungi	Ascomycota	Eurotiomycetes	Eurotiales	Aspergillaceae	13713	97.8
UP000326062	Muntiacus reevesi (Reeves' muntjac) (Cervus reevesi)	9886	Metazoa	Chordata	Mammalia	Artiodactyla	Cervidae	25423	88.5
UP000326198	Aspergillus bertholletiae	1226010	Fungi	Ascomycota	Eurotiomycetes	Eurotiales	Aspergillaceae	12944	98.0
UP000326268	Aspergillus caelatus	61420	Fungi	Ascomycota	Eurotiomycetes	Eurotiales	Aspergillaceae	13914	97.4
UP000326289	Aspergillus minisclerotigenes	656917	Fungi	Ascomycota	Eurotiomycetes	Eurotiales	Aspergillaceae	13415	97.8
UP000326340	Colletotrichum shisoi	2078593	Fungi	Ascomycota	Sordariomycetes	Glomerellales	Glomerellaceae	11847	95.2
UP000326458	Muntiacus muntjak (Barking deer) (Indian muntjac)	9888	Metazoa	Chordata	Mammalia	Artiodactyla	Cervidae	24841	88.9
UP000326532	Aspergillus parasiticus	5067	Fungi	Ascomycota	Eurotiomycetes	Eurotiales	Aspergillaceae	13769	98.3
UP000326565	Aspergillus leporis	41062	Fungi	Ascomycota	Eurotiomycetes	Eurotiales	Aspergillaceae	12743	97.8
UP000326757	Monilinia laxa (Brown rot fungus) (Sclerotinia laxa)	61186	Fungi	Ascomycota	Leotiomycetes	Helotiales	Sclerotiniaceae	12416	93.2
UP000326759	Armadillidium nasatum	96803	Metazoa	Arthropoda	Malacostraca	Isopoda	Armadillidiidae	14427	74.9
UP000326799	Aspergillus novoparasiticus	986946	Fungi	Ascomycota	Eurotiomycetes	Eurotiales	Aspergillaceae	14181	97.7
UP000326924	Sphaerosporella brunnea	1250544	Fungi	Ascomycota	Pezizomycetes	Pezizales	Pyronemataceae	12382	94.5
UP000326950	Aspergillus tamarii	41984	Fungi	Ascomycota	Eurotiomycetes	Eurotiales	Aspergillaceae	13330	97.2
UP000327013	Carpinus fangiana	176857	Viridiplantae	Streptophyta	Magnoliopsida	Fagales	Betulaceae	28539	84.0
UP000327044	Photinus pyralis (Common eastern firefly) (Lampyris pyralis)	7054	Metazoa	Arthropoda	Insecta	Coleoptera	Lampyridae	14952	94.5
UP000327118	Aspergillus coremiiformis	138285	Fungi	Ascomycota	Eurotiomycetes	Eurotiales	Aspergillaceae	9078	97.0
UP000327439	Gossypium barbadense (Sea Island cotton) (Hibiscus barbadensis)	3634	Viridiplantae	Streptophyta	Magnoliopsida	Malvales	Malvaceae	91238	99.2
UP000327468	Pangasianodon hypophthalmus (Striped catfish) (Helicophagus hypophthalmus)	310915	Metazoa	Chordata	Actinopteri	Siluriformes	Pangasiidae	21221	91.5
UP000327493	Etheostoma spectabile (orangethroat darter)	54343	Metazoa	Chordata	Actinopteri	Perciformes	Percidae	18371	59.8
UP000332933	Aphanomyces stellatus	120398		Oomycota	Saprolegniomycetes	Saprolegniales	Verrucalvaceae	20738	96.0
UP000335636	Marmota monax (Woodchuck)	9995	Metazoa	Chordata	Mammalia	Rodentia	Sciuridae	39793	81.1
UP000355283	Nannochloropsis salina CCMP1776	1027361			Eustigmatophyceae	Eustigmatales	Monodopsidaceae	8911	92.0
UP000383932	Ceratobasidium theobromae	1582974	Fungi	Basidiomycota	Agaricomycetes	Cantharellales	Ceratobasidiaceae	9256	80.5
UP000386466	Lynx pardinus (Iberian lynx) (Felis pardina)	191816	Metazoa	Chordata	Mammalia	Carnivora	Felidae	30929	87.2
UP000398389	Magnusiomyces paraingens	2606893	Fungi	Ascomycota	Dipodascomycetes	Dipodascales	Dipodascaceae	6465	88.6
UP000410492	Callosobruchus maculatus (Southern cowpea weevil) (Pulse bruchid)	64391	Metazoa	Arthropoda	Insecta	Coleoptera	Chrysomelidae	30448	79.8
UP000419144	Leishmania tarentolae (Sauroleishmania tarentolae)	5689		Euglenozoa	Kinetoplastea	Trypanosomatida	Trypanosomatidae	8388	99.2
UP000422736	Kluyveromyces marxianus (Yeast) (Candida kefyr)	4911	Fungi	Ascomycota	Saccharomycetes	Saccharomycetales	Saccharomycetaceae	5070	97.2
UP000424527	Larimichthys crocea (Large yellow croaker) (Pseudosciaena crocea)	215358	Metazoa	Chordata	Actinopteri		Sciaenidae	23960	78.8
UP000428333	Rhododendron williamsianum	262921	Viridiplantae	Streptophyta	Magnoliopsida	Ericales	Ericaceae	21355	72.9
UP000431533	Lachnellula hyalina	1316788	Fungi	Ascomycota	Leotiomycetes	Helotiales	Lachnaceae	9156	91.3
UP000433483	Phytophthora fragariae	53985		Oomycota	Peronosporomycetes	Peronosporales	Peronosporaceae	34421	100.0
UP000434172	Colletotrichum asianum	702518	Fungi	Ascomycota	Sordariomycetes	Glomerellales	Glomerellaceae	17925	98.3
UP000434957	Phytophthora rubi	129364		Oomycota	Peronosporomycetes	Peronosporales	Peronosporaceae	35379	100.0
UP000436088	Hibiscus syriacus (Rose of Sharon)	106335	Viridiplantae	Streptophyta	Magnoliopsida	Malvales	Malvaceae	82544	86.8
UP000437017	Balaenoptera physalus (Fin whale) (Balaena physalus)	9770	Metazoa	Chordata	Mammalia	Artiodactyla	Balaenopteridae	19643	52.3
UP000440578	Amphibalanus amphitrite (Striped barnacle) (Balanus amphitrite)	1232801	Metazoa	Arthropoda	Thecostraca	Balanomorpha	Balanidae	26159	85.3
UP000443090	Lachnellula occidentalis	215460	Fungi	Ascomycota	Leotiomycetes	Helotiales	Lachnaceae	8908	87.9
UP000444721	Naegleria fowleri (Brain eating amoeba)	5763		Heterolobosea	Eutetramitea	Acrasida	Naegleriidae	13596	85.9
UP000449547	Diutina rugosa (Yeast) (Candida rugosa)	5481	Fungi	Ascomycota	Pichiomycetes	Serinales	Debaryomycetaceae	5811	91.7
UP000452235	Aspergillus terreus	33178	Fungi	Ascomycota	Eurotiomycetes	Eurotiales	Aspergillaceae	10118	97.4
UP000462212	Lachnellula subtilissima	602034	Fungi	Ascomycota	Leotiomycetes	Helotiales	Lachnaceae	8945	83.6
UP000465112	Perca fluviatilis (European perch)	8168	Metazoa	Chordata	Actinopteri	Perciformes	Percidae	24246	94.5
UP000465220	Aspergillus lentulus	293939	Fungi	Ascomycota	Eurotiomycetes	Eurotiales	Aspergillaceae	10351	98.1
UP000465266	Aspergillus udagawae	91492	Fungi	Ascomycota	Eurotiomycetes	Eurotiales	Aspergillaceae	10693	96.9
UP000466442	Apolygus lucorum (Small green plant bug) (Lygocoris lucorum)	248454	Metazoa	Arthropoda	Insecta	Hemiptera	Miridae	19942	93.9
UP000467700	Cyclocybe aegerita (Black poplar mushroom) (Agrocybe aegerita)	1973307	Fungi	Basidiomycota	Agaricomycetes	Agaricales	Tubariaceae	13316	87.7
UP000467841	Microthlaspi erraticum	1685480	Viridiplantae	Streptophyta	Magnoliopsida	Brassicales	Brassicaceae	45482	97.3
UP000469558	Lachnellula suecica	602035	Fungi	Ascomycota	Leotiomycetes	Helotiales	Lachnaceae	10312	81.0
UP000469559	Lachnellula arida	1316785	Fungi	Ascomycota	Leotiomycetes	Helotiales	Lachnaceae	9593	89.5
UP000471633	Schistosoma haematobium (Blood fluke)	6185	Metazoa	Platyhelminthes	Trematoda	Strigeidida	Schistosomatidae	14543	77.1
UP000472241	Lynx canadensis (Canada lynx) (Felis canadensis)	61383	Metazoa	Chordata	Mammalia	Carnivora	Felidae	35025	93.5
UP000472260	Sinocyclocheilus anshuiensis	1608454	Metazoa	Chordata	Actinopteri	Cypriniformes	Cyprinidae	100275	95.1
UP000472261	Phasianus colchicus (Common pheasant)	9054	Metazoa	Chordata	Aves	Galliformes	Phasianidae	25507	94.3
UP000472262	Sinocyclocheilus grahami (Dianchi golden-line fish) (Barbus grahami)	75366	Metazoa	Chordata	Actinopteri	Cypriniformes	Cyprinidae	102126	92.0
UP000472263	Myripristis murdjan (pinecone soldierfish)	586833	Metazoa	Chordata	Actinopteri	Holocentriformes	Holocentridae	55953	95.5
UP000472264	Echeneis naucrates (Live sharksucker)	173247	Metazoa	Chordata	Actinopteri	Carangiformes	Echeneidae	54685	96.1
UP000472265	Sparus aurata (Gilthead sea bream)	8175	Metazoa	Chordata	Actinopteri	Spariformes	Sparidae	69199	97.1
UP000472267	Salarias fasciatus (Jewelled blenny) (Blennius fasciatus)	181472	Metazoa	Chordata	Actinopteri	Blenniiformes	Blenniidae	55738	92.9
UP000472268	Suricata suricatta (Meerkat)	37032	Metazoa	Chordata	Mammalia	Carnivora	Herpestidae	37195	92.8
UP000472269	Athene cunicularia (Burrowing owl) (Speotyto cunicularia)	194338	Metazoa	Chordata	Aves	Strigiformes	Strigidae	22627	90.9
UP000472270	Sinocyclocheilus rhinocerous	307959	Metazoa	Chordata	Actinopteri	Cypriniformes	Cyprinidae	97522	94.4
UP000472271	Sphaeramia orbicularis (orbiculate cardinalfish)	375764	Metazoa	Chordata	Actinopteri	Kurtiformes	Apogonidae	57747	94.4
UP000472272	Podarcis muralis (Wall lizard) (Lacerta muralis)	64176	Metazoa	Chordata	Lepidosauria	Squamata	Lacertidae	36445	92.0
UP000472273	Pseudonaja textilis (Eastern brown snake)	8673	Metazoa	Chordata	Lepidosauria	Squamata	Elapidae	27546	85.7
UP000472274	Terrapene triunguis (Three-toed box turtle)	2587831	Metazoa	Chordata		Testudines	Emydidae	31610	92.4
UP000472276	Oreochromis aureus (Israeli tilapia) (Chromis aureus)	47969	Metazoa	Chordata	Actinopteri	Cichliformes	Cichlidae	47152	98.1
UP000472277	Salmo trutta (Brown trout)	8032	Metazoa	Chordata	Actinopteri	Salmoniformes	Salmonidae	114756	97.9
UP000473826	Vanrija humicola (Yeast) (Cryptococcus humicola)	5417	Fungi	Basidiomycota	Tremellomycetes	Trichosporonales	Trichosporonaceae	4373	57.7
UP000475037	Crocuta crocuta (Spotted hyena)	9678	Metazoa	Chordata	Mammalia	Carnivora	Hyaenidae	16983	74.0
UP000475862	Aphis glycines (Soybean aphid)	307491	Metazoa	Arthropoda	Insecta	Hemiptera	Aphididae	18358	84.5
UP000478008	Brettanomyces bruxellensis (Dekkera bruxellensis)	5007	Fungi	Ascomycota	Pichiomycetes	Pichiales	Pichiaceae	4659	78.3
UP000479190	Trichogramma brassicae	86971	Metazoa	Arthropoda	Insecta	Hymenoptera	Trichogrammatidae	16797	48.6
UP000479710	Oryza meyeriana var. granulata	110450	Viridiplantae	Streptophyta	Magnoliopsida	Poales	Poaceae	44343	87.2
UP000479987	Nylanderia fulva	613905	Metazoa	Arthropoda	Insecta	Hymenoptera	Formicidae	426	0.0
UP000481153	Aphanomyces euteiches	100861		Oomycota	Saprolegniomycetes	Saprolegniales	Verrucalvaceae	20021	99.0
UP000481288	Lachnellula cervina	1316786	Fungi	Ascomycota	Leotiomycetes	Helotiales	Lachnaceae	9411	87.9
UP000481858	Xylaria multiplex	323545	Fungi	Ascomycota	Sordariomycetes	Xylariales	Xylariaceae	10963	94.4
UP000481861	Massariosphaeria phaeospora	100035	Fungi	Ascomycota	Dothideomycetes	Pleosporales		14012	88.0
UP000489600	Arabis nemorensis	586526	Viridiplantae	Streptophyta	Magnoliopsida	Brassicales	Brassicaceae	28762	93.8
UP000490939	Venturia inaequalis (Apple scab fungus)	5025	Fungi	Ascomycota	Dothideomycetes	Venturiales	Venturiaceae	11755	91.8
UP000492821	Panagrellus redivivus (Microworm)	6233	Metazoa	Nematoda	Chromadorea	Rhabditida	Panagrolaimidae	26334	76.4
UP000494040	Cimex lectularius (Bed bug) (Acanthia lectularia)	79782	Metazoa	Arthropoda	Insecta	Hemiptera	Cimicidae	20637	99.5
UP000494106	Arctia plantaginis (Wood tiger moth) (Phalaena plantaginis)	874455	Metazoa	Arthropoda	Insecta	Lepidoptera	Erebidae	19669	97.4
UP000494163	Drosophila busckii (Fruit fly)	30019	Metazoa	Arthropoda	Insecta	Diptera	Drosophilidae	11911	92.9
UP000494165	Cloeon dipterum	197152	Metazoa	Arthropoda	Insecta	Ephemeroptera	Baetidae	29886	96.0
UP000494206	Caenorhabditis bovis	2654633	Metazoa	Nematoda	Chromadorea	Rhabditida	Rhabditidae	15096	93.2
UP000501346	Saccharomyces pastorianus (Lager yeast) (Saccharomyces cerevisiae x Saccharomyces eubayanus)	27292	Fungi	Ascomycota	Saccharomycetes	Saccharomycetales	Saccharomycetaceae	10697	99.0
UP000501690	Vigna unguiculata (Cowpea)	3917	Viridiplantae	Streptophyta	Magnoliopsida	Fabales	Fabaceae	39604	95.5
UP000502823	Coptotermes formosanus (Formosan subterranean termite)	36987	Metazoa	Arthropoda	Insecta	Blattodea	Rhinotermitidae	12806	90.2
UP000503178	Paulinella micropora	1928728		Cercozoa	Imbricatea	Euglyphida	Paulinellidae	897	2.0
UP000503349	Channa argus (Northern snakehead) (Ophicephalus argus)	215402	Metazoa	Chordata	Actinopteri	Anabantiformes	Channidae	22264	89.2
UP000503462	Peltaster fructicola	286661	Fungi	Ascomycota	Dothideomycetes			8072	90.0
UP000504602	Geospiza fortis (Medium ground-finch)	48883	Metazoa	Chordata	Aves	Passeriformes	Thraupidae	19288	97.2
UP000504603	Momordica charantia (Bitter gourd) (Balsam pear)	3673	Viridiplantae	Streptophyta	Magnoliopsida	Cucurbitales	Cucurbitaceae	24041	96.9
UP000504604	Sesamum indicum (Oriental sesame) (Sesamum orientale)	4182	Viridiplantae	Streptophyta	Magnoliopsida	Lamiales	Pedaliaceae	29714	98.5
UP000504606	Frankliniella occidentalis (Western flower thrips) (Euthrips occidentalis)	133901	Metazoa	Arthropoda	Insecta	Thysanoptera	Thripidae	23245	99.4
UP000504607	Elaeis guineensis var. tenera (Oil palm)	51953	Viridiplantae	Streptophyta	Magnoliopsida	Arecales	Arecaceae	39177	85.9
UP000504608	Cucurbita maxima (Pumpkin) (Winter squash)	3661	Viridiplantae	Streptophyta	Magnoliopsida	Cucurbitales	Cucurbitaceae	34507	98.5
UP000504609	Cucurbita moschata (Winter crookneck squash) (Cucurbita pepo var. moschata)	3662	Viridiplantae	Streptophyta	Magnoliopsida	Cucurbitales	Cucurbitaceae	35465	98.5
UP000504610	Raphanus sativus (Radish) (Raphanus raphanistrum var. sativus)	3726	Viridiplantae	Streptophyta	Magnoliopsida	Brassicales	Brassicaceae	55038	99.5
UP000504611	Notothenia coriiceps (black rockcod)	8208	Metazoa	Chordata	Actinopteri	Perciformes	Nototheniidae	29852	78.3
UP000504612	Notechis scutatus (mainland tiger snake)	8663	Metazoa	Chordata	Lepidosauria	Squamata	Elapidae	26669	90.7
UP000504615	Pogonomyrmex barbatus (red harvester ant)	144034	Metazoa	Arthropoda	Insecta	Hymenoptera	Formicidae	16171	96.4
UP000504617	Thamnophis sirtalis	35019	Metazoa	Chordata	Lepidosauria	Squamata	Colubridae	22845	79.1
UP000504618	Temnothorax curvispinosus	300111	Metazoa	Arthropoda	Insecta	Hymenoptera	Formicidae	21925	94.7
UP000504621	Herrania umbratica	108875	Viridiplantae	Streptophyta	Magnoliopsida	Malvales	Malvaceae	23848	93.6
UP000504623	Chrysochloris asiatica (Cape golden mole)	185453	Metazoa	Chordata	Mammalia	Afrosoricida	Chrysochloridae	24871	97.5
UP000504624	Lepidothrix coronata (blue-crowned manakin)	321398	Metazoa	Chordata	Aves	Passeriformes	Pipridae	28808	98.7
UP000504627	Pipra filicauda (Wire-tailed manakin)	649802	Metazoa	Chordata	Aves	Passeriformes	Pipridae	29367	97.9
UP000504628	Phyllostomus discolor (pale spear-nosed bat)	89673	Metazoa	Chordata	Mammalia	Chiroptera	Phyllostomidae	38708	98.5
UP000504629	Bombyx mandarina (Wild silk moth) (Wild silkworm)	7092	Metazoa	Arthropoda	Insecta	Lepidoptera	Bombycidae	17282	94.6
UP000504630	Cottoperca gobio (Frogmouth) (Aphritis gobio)	56716	Metazoa	Chordata	Actinopteri	Perciformes	Bovichtidae	32803	95.6
UP000504631	Bombus vosnesenskii	207650	Metazoa	Arthropoda	Insecta	Hymenoptera	Apidae	19375	99.3
UP000504632	Chanos chanos (Milkfish) (Mugil chanos)	29144	Metazoa	Chordata	Actinopteri	Gonorynchiformes	Chanidae	28969	98.6
UP000504633	Drosophila hydei (Fruit fly)	7224	Metazoa	Arthropoda	Insecta	Diptera	Drosophilidae	18596	99.8
UP000504634	Drosophila lebanonensis (Fruit fly) (Scaptodrosophila lebanonensis)	7225	Metazoa	Arthropoda	Insecta	Diptera	Drosophilidae	17832	99.7
UP000504635	Sitophilus oryzae (Rice weevil) (Curculio oryzae)	7048	Metazoa	Arthropoda	Insecta	Coleoptera	Curculionidae	20363	98.4
UP000504636	Mytilinidion resinicola	574789	Fungi	Ascomycota	Dothideomycetes	Mytilinidiales	Mytilinidiaceae	16739	97.4
UP000504637	Dissoconium aciculare CBS 342.82	1314786	Fungi	Ascomycota	Dothideomycetes	Mycosphaerellales	Dissoconiaceae	10290	91.9
UP000504638	Eremomyces bilateralis CBS 781.70	1392243	Fungi	Ascomycota	Dothideomycetes	Eremomycetales	Eremomycetaceae	9854	87.5
UP000504639	Aythya fuligula (Tufted duck) (Anas fuligula)	219594	Metazoa	Chordata	Aves	Anseriformes	Anatidae	23986	99.1
UP000504640	Sapajus apella (Brown-capped capuchin) (Cebus apella)	9515	Metazoa	Chordata	Mammalia	Primates	Cebidae	49214	98.2
UP000507470	Mytilus coruscus (Sea mussel)	42192	Metazoa	Mollusca	Bivalvia	Mytilida	Mytilidae	64248	78.7
UP000509510	Talaromyces rugulosus (Penicillium rugulosum)	121627	Fungi	Ascomycota	Eurotiomycetes	Eurotiales	Trichocomaceae	11830	94.2
UP000509704	Zygotorulaspora mrakii (Zygosaccharomyces mrakii)	42260	Fungi	Ascomycota	Saccharomycetes	Saccharomycetales	Saccharomycetaceae	5020	99.5
UP000510647	Torulaspora globosa	48254	Fungi	Ascomycota	Saccharomycetes	Saccharomycetales	Saccharomycetaceae	4924	99.3
UP000510686	Metarhizium brunneum	500148	Fungi	Ascomycota	Sordariomycetes	Hypocreales	Clavicipitaceae	11401	99.1
UP000515121	Durio zibethinus (Durian)	66656	Viridiplantae	Streptophyta	Magnoliopsida	Malvales	Malvaceae	53026	98.7
UP000515123	Ananas comosus (Pineapple) (Ananas ananas)	4615	Viridiplantae	Streptophyta	Magnoliopsida	Poales	Bromeliaceae	29712	94.0
UP000515124	Prunus avium (Cherry) (Cerasus avium)	42229	Viridiplantae	Streptophyta	Magnoliopsida	Rosales	Rosaceae	30515	98.1
UP000515125	Cyclospora cayetanensis	88456		Apicomplexa	Conoidasida	Eucoccidiorida	Eimeriidae	5793	95.6
UP000515126	Mus caroli (Ryukyu mouse) (Ricefield mouse)	10089	Metazoa	Chordata	Mammalia	Rodentia	Muridae	38135	98.9
UP000515129	Carassius auratus (Goldfish)	7957	Metazoa	Chordata	Actinopteri	Cypriniformes	Cyprinidae	82898	99.5
UP000515131	Puma concolor (Mountain lion) (Felis concolor)	9696	Metazoa	Chordata	Mammalia	Carnivora	Felidae	22782	87.9
UP000515135	Branchiostoma belcheri (Amphioxus)	7741	Metazoa	Chordata	Leptocardii	Amphioxiformes	Branchiostomatidae	31616	98.6
UP000515140	Phascolarctos cinereus (Koala)	38626	Metazoa	Chordata	Mammalia	Diprotodontia	Phascolarctidae	37507	98.1
UP000515145	Parambassis ranga (Indian glassy fish)	210632	Metazoa	Chordata	Actinopteri		Ambassidae	35462	99.6
UP000515150	Betta splendens (Siamese fighting fish)	158456	Metazoa	Chordata	Actinopteri	Anabantiformes	Osphronemidae	43456	99.5
UP000515151	Punica granatum (Pomegranate)	22663	Viridiplantae	Streptophyta	Magnoliopsida	Myrtales	Lythraceae	30384	98.7
UP000515152	Clupea harengus (Atlantic herring)	7950	Metazoa	Chordata	Actinopteri	Clupeiformes	Clupeidae	40751	97.6
UP000515153	Pyricularia grisea (Crabgrass-specific blast fungus) (Magnaporthe grisea)	148305	Fungi	Ascomycota	Sordariomycetes	Magnaporthales	Pyriculariaceae	12457	98.1
UP000515154	Octopus sinensis (East Asian common octopus)	2607531	Metazoa	Mollusca	Cephalopoda	Octopoda	Octopodidae	30311	90.8
UP000515156	Microcaecilia unicolor	1415580	Metazoa	Chordata	Amphibia	Gymnophiona	Siphonopidae	30222	96.9
UP000515158	Thrips palmi (Melon thrips)	161013	Metazoa	Arthropoda	Insecta	Thysanoptera	Thripidae	20983	97.7
UP000515159	Geotrypetes seraphini (Gaboon caecilian) (Caecilia seraphini)	260995	Metazoa	Chordata	Amphibia	Gymnophiona	Dermophiidae	38603	96.7
UP000515160	Drosophila albomicans (Fruit fly)	7291	Metazoa	Arthropoda	Insecta	Diptera	Drosophilidae	21410	99.9
UP000515161	Gymnodraco acuticeps (Antarctic dragonfish)	8218	Metazoa	Chordata	Actinopteri	Perciformes	Bathydraconidae	39778	96.3
UP000515162	Drosophila mauritiana (Fruit fly)	7226	Metazoa	Arthropoda	Insecta	Diptera	Drosophilidae	20916	99.9
UP000515163	Actinia tenebrosa (Australian red waratah sea anemone)	6105	Metazoa	Cnidaria	Anthozoa	Actiniaria	Actiniidae	23843	97.3
UP000515164	Bombus bifarius	103933	Metazoa	Arthropoda	Insecta	Hymenoptera	Apidae	19309	99.3
UP000515165	Zalophus californianus (California sealion)	9704	Metazoa	Chordata	Mammalia	Carnivora	Otariidae	47365	99.0
UP000515180	Bombus impatiens (Bumblebee)	132113	Metazoa	Arthropoda	Insecta	Hymenoptera	Apidae	19194	99.2
UP000515202	Pteropus vampyrus (Large flying fox)	132908	Metazoa	Chordata	Mammalia	Chiroptera	Pteropodidae	34712	94.9
UP000515203	Octodon degus (Degu) (Sciurus degus)	10160	Metazoa	Chordata	Mammalia	Rodentia	Octodontidae	35368	97.5
UP000515204	Dinoponera quadriceps (South American ant)	609295	Metazoa	Arthropoda	Insecta	Hymenoptera	Formicidae	17673	98.6
UP000515208	Bison bison bison (North American plains bison)	43346	Metazoa	Chordata	Mammalia	Artiodactyla	Bovidae	29505	95.4
UP000515211	Arachis duranensis (Wild peanut)	130453	Viridiplantae	Streptophyta	Magnoliopsida	Fabales	Fabaceae	38319	97.5
UP000515268	Plasmodium vinckei petteri	138298		Apicomplexa	Aconoidasida	Haemosporida	Plasmodiidae	5276	97.8
UP000515788	Torulaspora globosa	48254	Fungi	Ascomycota	Saccharomycetes	Saccharomycetales	Saccharomycetaceae	4918	99.1
UP000515908	Angomonas deanei	59799		Euglenozoa	Kinetoplastea	Trypanosomatida	Trypanosomatidae	10115	77.7
UP000516260	Takifugu bimaculatus	433685	Metazoa	Chordata	Actinopteri	Tetraodontiformes	Tetraodontidae	19991	74.9
UP000516988	Steatornis caripensis (Oilbird)	48435	Metazoa	Chordata	Aves	Caprimulgiformes	Steatornithidae	14501	78.5
UP000517678	Cnemophilus loriae (Loria's bird-of-paradise)	254448	Metazoa	Chordata	Aves	Passeriformes	Corvidae	14099	76.2
UP000517892	Centropus unirufus	1118519	Metazoa	Chordata	Aves	Cuculiformes	Centropidae	13993	79.8
UP000518266	Dissostichus mawsoni (Antarctic cod)	36200	Metazoa	Chordata	Actinopteri	Perciformes	Nototheniidae	29104	68.1
UP000518305	Hemiprocne comata	243314	Metazoa	Chordata	Aves	Apodiformes	Apodidae	13784	77.6
UP000518752	Collybiopsis confluens	2823264	Fungi	Basidiomycota	Agaricomycetes	Agaricales	Omphalotaceae	14895	86.4
UP000518911	Atlantisia rogersi (Inaccessible Island rail)	2478892	Metazoa	Chordata	Aves	Gruiformes	Rallidae	13649	60.8
UP000519115	Spizaetus tyrannus (black hawk-eagle)	252798	Metazoa	Chordata	Aves	Accipitriformes	Accipitridae	14343	79.5
UP000519225	Pluvianellus socialis (Magellanic plover)	227228	Metazoa	Chordata	Aves	Charadriiformes	Charadriidae	14306	76.6
UP000519239	Ceuthmochares aereus	1961834	Metazoa	Chordata	Aves	Cuculiformes	Cuculidae	12202	69.4
UP000519684	Catharus fuscescens (Veery) (Turdus fuscescens)	159581	Metazoa	Chordata	Aves	Passeriformes	Turdidae	13906	71.7
UP000520463	Formicarius rufipectus	1118560	Metazoa	Chordata	Aves	Passeriformes	Formicariidae	13577	73.2
UP000520535	Brachypteracias leptosomus (short-legged ground-roller)	135165	Metazoa	Chordata	Aves	Coraciiformes	Brachypteraciidae	13408	71.2
UP000520962	Piprites chloris (Wing-barred manakin)	114369	Metazoa	Chordata	Aves	Passeriformes	Pipridae	14125	77.4
UP000521322	Dasyornis broadbenti (rufous bristle-bird)	243059	Metazoa	Chordata	Aves	Passeriformes	Dasyornithidae	14364	77.2
UP000521525	Agelaius phoeniceus (Red-winged blackbird) (Oriolus phoeniceus)	39638	Metazoa	Chordata	Aves	Passeriformes	Icteridae	14089	72.9
UP000521578	Menura novaehollandiae (superb lyrebird)	47692	Metazoa	Chordata	Aves	Passeriformes	Menuridae	14416	77.0
UP000521872	Agrocybe pediades	84607	Fungi	Basidiomycota	Agaricomycetes	Agaricales	Strophariaceae	12863	92.3
UP000521943	Ephemerocybe angulata	980116	Fungi	Basidiomycota	Agaricomycetes	Agaricales	Psathyrellaceae	25427	96.6
UP000522262	Fusarium mexicanum	751941	Fungi	Ascomycota	Sordariomycetes	Hypocreales	Nectriaceae	14382	98.0
UP000522270	Pterocles burchelli	2585816	Metazoa	Chordata	Aves	Pterocliformes	Pteroclidae	13839	78.8
UP000522331	Leucopsar rothschildi (Bali myna) (Rothschild's mynah)	127929	Metazoa	Chordata	Aves	Passeriformes	Sturnidae	13433	73.1
UP000522663	Odontophorus gujanensis (marbled wood quail)	886794	Metazoa	Chordata	Aves	Galliformes	Odontophoridae	13809	81.2
UP000523146	Toxostoma redivivum (California thrasher)	99882	Metazoa	Chordata	Aves	Passeriformes	Mimidae	14127	75.6
UP000523279	Dicaeum eximium	667154	Metazoa	Chordata	Aves	Passeriformes	Dicaeidae	13622	74.7
UP000524007	Leiothrix lutea (Red-billed leiothrix) (Sylvia lutea)	36275	Metazoa	Chordata	Aves	Passeriformes	Leiothrichidae	13253	66.0
UP000524187	Casuarius casuarius (Southern cassowary) (Struthio casuarius)	8787	Metazoa	Chordata	Aves	Casuariiformes	Casuariidae	13719	79.7
UP000524451	Cettia cetti	68486	Metazoa	Chordata	Aves	Passeriformes	Sylviidae	14828	70.1
UP000524542	Urocynchramus pylzowi	571890	Metazoa	Chordata	Aves	Passeriformes	Fringillidae	13671	75.7
UP000524558	Chroicocephalus maculipennis (Brown-hooded gull) (Larus maculipennis)	287016	Metazoa	Chordata	Aves	Charadriiformes	Laridae	13922	74.3
UP000525089	Pachyramphus minor	369605	Metazoa	Chordata	Aves	Passeriformes	Tyrannidae	13717	73.5
UP000525158	Smutsornis africanus (Double-banded courser) (Rhinoptilus africanus)	240209	Metazoa	Chordata	Aves	Charadriiformes	Glareolidae	13665	78.1
UP000525205	Cochlearius cochlearius (Boat-billed heron)	110676	Metazoa	Chordata	Aves	Pelecaniformes	Ardeidae	14058	80.8
UP000525319	Drymodes brunneopygia	626378	Metazoa	Chordata	Aves	Passeriformes	Petroicidae	13533	69.8
UP000525416	Rynchops niger (Black skimmer)	227184	Metazoa	Chordata	Aves	Charadriiformes	Laridae	14305	80.5
UP000525565	Asarcornis scutulata	75869	Metazoa	Chordata	Aves	Anseriformes	Anatidae	14696	82.2
UP000525714	Mionectes macconnelli (McConnell's flycatcher)	254557	Metazoa	Chordata	Aves	Passeriformes	Tyrannidae	14138	76.4
UP000526602	Orthonyx spaldingii (Chowchilla)	38397	Metazoa	Chordata	Aves	Passeriformes	Orthonychidae	14263	77.2
UP000526889	Edolisoma coerulescens	2585810	Metazoa	Chordata	Aves	Passeriformes	Campephagidae	13645	73.6
UP000526942	Corythaixoides concolor (Grey go-away-bird)	103956	Metazoa	Chordata	Aves	Musophagiformes	Musophagidae	14210	79.5
UP000527178	Hippolais icterina (icterine warbler)	68497	Metazoa	Chordata	Aves	Passeriformes	Sylviidae	13629	73.5
UP000527232	Oceanodroma tethys (Wedge-rumped storm-petrel) (Hydrobates tethys)	79633	Metazoa	Chordata	Aves	Procellariiformes		13990	78.6
UP000527355	Myotis myotis (Greater mouse-eared bat) (Vespertilio myotis)	51298	Metazoa	Chordata	Mammalia	Chiroptera	Vespertilionidae	45799	95.2
UP000528411	Balaeniceps rex (Shoebill)	33584	Metazoa	Chordata	Aves	Pelecaniformes	Balaenicipitidae	12216	57.0
UP000528690	Anhinga rufa (African darter)	317792	Metazoa	Chordata	Aves	Suliformes	Anhingidae	10475	44.6
UP000529728	Regulus satrapa (Golden-crowned kinglet)	13245	Metazoa	Chordata	Aves	Passeriformes	Regulidae	12984	69.8
UP000529852	Furnarius figulus	463165	Metazoa	Chordata	Aves	Passeriformes	Furnariidae	13848	74.2
UP000529965	Erithacus rubecula (European robin)	37610	Metazoa	Chordata	Aves	Passeriformes	Turdidae	13660	75.5
UP000530263	Columbina picui (Picui ground-dove)	115618	Metazoa	Chordata	Aves	Columbiformes	Columbidae	12280	68.8
UP000530660	Cyanidiococcus yangmingshanensis	2690220		Rhodophyta	Bangiophyceae	Cyanidiales	Cyanidiaceae	5172	55.3
UP000530670	Fusarium tjaetaba	1567544	Fungi	Ascomycota	Sordariomycetes	Hypocreales	Nectriaceae	14180	97.7
UP000530962	Irena cyanogastra (Philippine fairy-bluebird)	175120	Metazoa	Chordata	Aves	Passeriformes	Irenidae	14199	74.7
UP000531151	Geococcyx californianus (Greater roadrunner) (Saurothera californiana)	8947	Metazoa	Chordata	Aves	Cuculiformes	Neomorphidae	13463	67.6
UP000531168	Amazona guildingii	175529	Metazoa	Chordata	Aves	Psittaciformes	Psittacidae	14181	79.1
UP000531559	Nothocercus julius	2585813	Metazoa	Chordata	Aves	Tinamiformes	Tinamidae	13353	77.5
UP000531561	Botrytis fragariae	1964551	Fungi	Ascomycota	Leotiomycetes	Helotiales	Sclerotiniaceae	12345	97.4
UP000531938	Nothoprocta ornata	83376	Metazoa	Chordata	Aves	Tinamiformes	Tinamidae	13721	78.9
UP000532252	Motacilla alba (White wagtail) (Pied wagtail)	45807	Metazoa	Chordata	Aves	Passeriformes	Motacillidae	13502	73.6
UP000532311	Fusarium globosum	78864	Fungi	Ascomycota	Sordariomycetes	Hypocreales	Nectriaceae	14587	96.2
UP000532437	Erythrocercus mccallii	107208	Metazoa	Chordata	Aves	Passeriformes	Dicruridae	14010	71.5
UP000532545	Bombycilla garrulus (Bohemian waxwing) (Lanius garrulus)	125297	Metazoa	Chordata	Aves	Passeriformes	Bombycillidae	13775	73.9
UP000532908	Stercorarius parasiticus (Parasitic jaeger) (Arctic skua)	54059	Metazoa	Chordata	Aves	Charadriiformes	Stercorariidae	13851	78.0
UP000533896	Lophotis ruficrista	172689	Metazoa	Chordata	Aves	Otidiformes	Otididae	13899	80.0
UP000533954	Eudromia elegans (Elegant crested-tinamou)	8805	Metazoa	Chordata	Aves	Tinamiformes	Tinamidae	13636	79.6
UP000534107	Bucco capensis (collared puffbird)	135168	Metazoa	Chordata	Aves	Piciformes	Bucconidae	14383	77.6
UP000534407	Oriolus oriolus (Eurasian golden oriole) (Coracias oriolus)	181099	Metazoa	Chordata	Aves	Passeriformes	Corvidae	13920	75.7
UP000534426	Crypturellus undulatus	48396	Metazoa	Chordata	Aves	Tinamiformes	Tinamidae	14020	75.1
UP000534626	Falcunculus frontatus (Eastern shriketit)	254539	Metazoa	Chordata	Aves	Passeriformes		14436	76.9
UP000534634	Illadopsis cleaveri (blackcap illadopsis)	201329	Metazoa	Chordata	Aves	Passeriformes	Timaliidae	13397	72.7
UP000534930	Myiagra hebetior	381031	Metazoa	Chordata	Aves	Passeriformes	Monarchidae	13880	75.4
UP000535403	Calonectris borealis (Cory's shearwater)	1323832	Metazoa	Chordata	Aves	Procellariiformes	Procellariidae	14417	72.6
UP000535478	Uria aalge (Common mure) (Colymbus aalge)	13746	Metazoa	Chordata	Aves	Charadriiformes	Alcidae	14163	80.3
UP000535705	Pycnonotus jocosus (Red-whiskered bulbul) (Lanius jocosus)	182897	Metazoa	Chordata	Aves	Passeriformes	Pycnonotidae	13881	71.6
UP000536033	Alca torda (Razorbill)	28689	Metazoa	Chordata	Aves	Charadriiformes	Alcidae	13958	76.5
UP000536092	Certhia brachydactyla (short-toed tree-creeper)	73330	Metazoa	Chordata	Aves	Passeriformes	Certhiidae	13859	75.8
UP000536260	Syrrhaptes paradoxus (Pallas's sandgrouse)	302527	Metazoa	Chordata	Aves	Pterocliformes	Pteroclidae	13505	65.7
UP000536381	Semnornis frantzii	91796	Metazoa	Chordata	Aves	Piciformes	Ramphastidae	10801	48.2
UP000536711	Fusarium acutatum	78861	Fungi	Ascomycota	Sordariomycetes	Hypocreales	Nectriaceae	14072	98.0
UP000537039	Ciconia maguari	52777	Metazoa	Chordata	Aves	Ciconiiformes	Ciconiidae	13285	78.2
UP000537234	Dicrurus megarhynchus	450177	Metazoa	Chordata	Aves	Passeriformes	Dicruridae	14215	77.1
UP000537522	Chauna torquata (Southern screamer)	30388	Metazoa	Chordata	Aves	Anseriformes	Anhimidae	13466	73.2
UP000537747	Mystacornis crossleyi	98133	Metazoa	Chordata	Aves	Passeriformes	Timaliidae	10563	39.4
UP000537779	Tyrannus savana (Fork-tailed flycatcher) (Muscivora tyrannus)	137541	Metazoa	Chordata	Aves	Passeriformes	Tyrannidae	13553	72.2
UP000537989	Fusarium austroamericanum	282268	Fungi	Ascomycota	Sordariomycetes	Hypocreales	Nectriaceae	11983	97.9
UP000538472	Nyctibius bracteatus (Rufous potoo)	48426	Metazoa	Chordata	Aves	Nyctibiiformes	Nyctibiidae	13937	77.9
UP000538515	Sylvia borin (Garden warbler) (Motacilla borin)	73324	Metazoa	Chordata	Aves	Passeriformes	Sylviidae	13496	74.0
UP000538725	Melanocharis versteri (Fan-tailed berrypecker)	254552	Metazoa	Chordata	Aves	Passeriformes	Melanocharitidae	13955	76.1
UP000538817	Nothoprocta pentlandii	2585814	Metazoa	Chordata	Aves	Tinamiformes	Tinamidae	13401	78.9
UP000539032	Scopus umbretta (Hammerkop)	33581	Metazoa	Chordata	Aves	Pelecaniformes	Scopidae	12270	57.7
UP000539599	Sagittarius serpentarius (Secretary bird)	56258	Metazoa	Chordata	Aves	Accipitriformes	Sagittariidae	12811	66.9
UP000539920	Ploceus nigricollis	441696	Metazoa	Chordata	Aves	Passeriformes	Ploceidae	13506	74.6
UP000540071	Poecile atricapillus (Black-capped chickadee) (Parus atricapillus)	48891	Metazoa	Chordata	Aves	Passeriformes	Paridae	14163	77.6
UP000540089	Rissa tridactyla (Black-legged kittiwake) (Larus tridactyla)	75485	Metazoa	Chordata	Aves	Charadriiformes	Laridae	14770	81.9
UP000540150	Eulacestoma nigropectus (wattled ploughbill)	461239	Metazoa	Chordata	Aves	Passeriformes		14287	77.7
UP000540762	Brachypodius melanocephalos (black-headed bulbul)	3235156	Metazoa	Chordata	Aves	Passeriformes	Pycnonotidae	12859	71.8
UP000540952	Tachuris rubrigastra	495162	Metazoa	Chordata	Aves	Passeriformes	Tyrannidae	14316	76.8
UP000541154	Petromyces alliaceus (Aspergillus alliaceus)	209559	Fungi	Ascomycota	Eurotiomycetes	Eurotiales	Aspergillaceae	12705	96.5
UP000541181	Chunga burmeisteri (Black-legged seriema)	1352770	Metazoa	Chordata	Aves	Cariamiformes	Cariamidae	14396	80.4
UP000541249	Eurystomus gularis	325343	Metazoa	Chordata	Aves	Coraciiformes	Coraciidae	13936	76.4
UP000541332	Pampusana beccarii (Western bronze ground-dove)	2953425	Metazoa	Chordata	Aves	Columbiformes	Columbidae	14573	78.9
UP000541444	Kingdonia uniflora	39325	Viridiplantae	Streptophyta	Magnoliopsida	Ranunculales	Circaeasteraceae	42660	76.5
UP000541558	Ephemerocybe angulata	980116	Fungi	Basidiomycota	Agaricomycetes	Agaricales	Psathyrellaceae	14934	93.9
UP000541605	Chaetorhynchus papuensis (pygmy drongo)	254446	Metazoa	Chordata	Aves	Passeriformes	Rhipiduridae	14303	76.7
UP000541811	Arenaria interpres (Ruddy turnstone) (Tringa interpres)	54971	Metazoa	Chordata	Aves	Charadriiformes	Scolopacidae	13845	76.0
UP000542358	Oreocharis arfaki (tit berrypecker)	979223	Metazoa	Chordata	Aves	Passeriformes	Paramythiidae	13980	75.7
UP000542434	Ciccaba nigrolineata	1118524	Metazoa	Chordata	Aves	Strigiformes	Strigidae	13820	78.3
UP000542689	Ifrita kowaldi (blue-capped ifrita)	461245	Metazoa	Chordata	Aves	Passeriformes	Cinclosomatidae	14004	75.1
UP000543364	Cephalopterus ornatus (Amazonian umbrellabird)	114276	Metazoa	Chordata	Aves	Passeriformes	Cotingidae	13893	73.7
UP000544095	Fusarium pseudoanthophilum	48495	Fungi	Ascomycota	Sordariomycetes	Hypocreales	Nectriaceae	14083	97.4
UP000544127	Upupa epops (Eurasian hoopoe)	57439	Metazoa	Chordata	Aves	Bucerotiformes	Upupidae	13728	77.2
UP000544331	Fusarium mundagurra	1567541	Fungi	Ascomycota	Sordariomycetes	Hypocreales	Nectriaceae	15662	97.8
UP000545329	Erpornis zantholeuca	1112836	Metazoa	Chordata	Aves	Passeriformes	Timaliidae	13291	66.4
UP000545332	Crypturellus soui	458187	Metazoa	Chordata	Aves	Tinamiformes	Tinamidae	14071	76.5
UP000545435	Rostratula benghalensis (greater painted-snipe)	118793	Metazoa	Chordata	Aves	Charadriiformes	Rostratulidae	14195	80.8
UP000545574	Panurus biarmicus (Bearded tit)	181101	Metazoa	Chordata	Aves	Passeriformes	Sylviidae	12783	62.3
UP000546213	Fusarium pseudocircinatum	56676	Fungi	Ascomycota	Sordariomycetes	Hypocreales	Nectriaceae	14261	97.4
UP000546235	Caloenas nicobarica (Nicobar pigeon)	187106	Metazoa	Chordata	Aves	Columbiformes	Columbidae	14055	78.8
UP000546986	Cisticola juncidis	52622	Metazoa	Chordata	Aves	Passeriformes	Cisticolidae	13372	73.7
UP000547499	Lanius ludovicianus (Loggerhead shrike)	28713	Metazoa	Chordata	Aves	Passeriformes	Laniidae	13675	74.6
UP000547721	Ptilorrhoa leucosticta	449384	Metazoa	Chordata	Aves	Passeriformes	Cinclosomatidae	13491	73.0
UP000547976	Gibberella subglutinans (Fusarium subglutinans)	42677	Fungi	Ascomycota	Sordariomycetes	Hypocreales	Nectriaceae	14039	98.6
UP000548317	Struthidea cinerea	181839	Metazoa	Chordata	Aves	Passeriformes	Corcoracidae	14122	76.8
UP000549091	Nesospiza acunhae	381881	Metazoa	Chordata	Aves	Passeriformes	Thraupidae	14047	72.2
UP000549157	Zosterops hypoxanthus	2485327	Metazoa	Chordata	Aves	Passeriformes	Zosteropidae	13698	70.3
UP000549394	Dimorphilus gyrociliatus	2664684	Metazoa	Annelida	Polychaeta		Dinophilidae	16145	91.9
UP000549499	Crotophaga sulcirostris (Groove-billed ani)	33598	Metazoa	Chordata	Aves	Cuculiformes	Crotophagidae	13847	79.3
UP000549775	Acrocephalus arundinaceus (Great reed-warbler)	39621	Metazoa	Chordata	Aves	Passeriformes	Sylviidae	13628	68.8
UP000550059	Setophaga kirtlandii (Kirtland's warbler) (Dendroica kirtlandii)	298831	Metazoa	Chordata	Aves	Passeriformes	Parulidae	13871	74.0
UP000550086	Jacana jacana (Wattled jacana) (Parra jacana)	54508	Metazoa	Chordata	Aves	Charadriiformes	Jacanidae	13209	69.6
UP000550309	Onychorhynchus coronatus (Royal flycatcher)	360224	Metazoa	Chordata	Aves	Passeriformes	Tyrannidae	14340	77.1
UP000550660	Trogon melanurus (Black-tailed trogon)	56311	Metazoa	Chordata	Aves	Trogoniformes	Trogonidae	14123	79.4
UP000550707	Molossus molossus (Pallas' mastiff bat) (Vespertilio molossus)	27622	Metazoa	Chordata	Mammalia	Chiroptera	Molossidae	53557	95.1
UP000551127	Bucorvus abyssinicus (Northern ground-hornbill) (Abyssinian ground-hornbill)	153643	Metazoa	Chordata	Aves	Bucerotiformes	Bucorvidae	14386	81.1
UP000551443	Xiphorhynchus elegans (elegant woodcreeper)	269412	Metazoa	Chordata	Aves	Passeriformes	Dendrocolaptidae	13517	63.7
UP000551758	Diceros bicornis minor (South-central black rhinoceros)	77932	Metazoa	Chordata	Mammalia	Perissodactyla	Rhinocerotidae	19602	72.1
UP000551823	Nyctiprogne leucopyga	382315	Metazoa	Chordata	Aves	Caprimulgiformes	Caprimulgidae	13366	69.7
UP000552319	Quiscalus mexicanus (Great-tailed grackle) (Cassidix mexicanus)	64278	Metazoa	Chordata	Aves	Passeriformes	Icteridae	13590	68.9
UP000553632	Perkinsus olseni (Perkinsus atlanticus)	32597		Perkinsozoa		Perkinsida	Perkinsidae	33890	65.5
UP000553648	Serilophus lunatus (silver-breasted broadbill)	239386	Metazoa	Chordata	Aves	Passeriformes	Eurylaimidae	14091	76.6
UP000553798	Prunella fulvescens (Brown accentor)	670355	Metazoa	Chordata	Aves	Passeriformes	Prunellidae	13347	66.7
UP000553862	Molothrus ater (Brown-headed cowbird)	84834	Metazoa	Chordata	Aves	Passeriformes	Icteridae	15960	77.3
UP000554235	Fusarium albosuccineum	1237068	Fungi	Ascomycota	Sordariomycetes	Hypocreales	Nectriaceae	17167	95.9
UP000554482	Thalictrum thalictroides (Rue-anemone) (Anemone thalictroides)	46969	Viridiplantae	Streptophyta	Magnoliopsida	Ranunculales	Ranunculaceae	33596	87.0
UP000554720	Anthoscopus minutus (Southern penduline-tit)	156561	Metazoa	Chordata	Aves	Passeriformes	Paridae	13552	66.8
UP000555275	Podilymbus podiceps (Pied-billed grebe)	9252	Metazoa	Chordata	Aves	Podicipediformes	Podicipedidae	14192	79.3
UP000555367	Pelecanoides urinatrix (Common diving petrel) (Procellaria urinatrix)	37079	Metazoa	Chordata	Aves	Procellariiformes	Procellariidae	14741	78.3
UP000555649	Herpetotheres cachinnans (Laughing falcon) (Falco cachinnans)	56343	Metazoa	Chordata	Aves	Falconiformes	Falconidae	14321	80.2
UP000556165	Phaetusa simplex (large-billed tern)	297813	Metazoa	Chordata	Aves	Charadriiformes	Laridae	13248	74.0
UP000556200	Neopipo cinnamomea	456388	Metazoa	Chordata	Aves	Passeriformes	Tyrannidae	13978	72.6
UP000556761	Thalassarche chlororhynchos (Atlantic yellow-nosed albatross) (Diomedea chlororhynchos)	54017	Metazoa	Chordata	Aves	Procellariiformes	Diomedeidae	11811	55.4
UP000557196	Aleadryas rufinucha (rufous-naped whistler)	461220	Metazoa	Chordata	Aves	Passeriformes		13884	74.3
UP000557230	Indicator maculatus (spotted honeyguide)	545262	Metazoa	Chordata	Aves	Piciformes	Indicatoridae	13941	77.6
UP000557268	Hylia prasina (green hylia)	208073	Metazoa	Chordata	Aves	Passeriformes	Sylviidae	13444	73.8
UP000557271	Chionis minor (Black-faced sheathbill)	227182	Metazoa	Chordata	Aves	Charadriiformes	Chionididae	14280	80.0
UP000557315	Daphoenositta chrysoptera (varied sittella)	254528	Metazoa	Chordata	Aves	Passeriformes		13857	75.9
UP000557426	Zapornia atra (Henderson crake)	2585822	Metazoa	Chordata	Aves	Gruiformes	Rallidae	13329	72.7
UP000557509	Toxoplasma gondii	5811		Apicomplexa	Conoidasida	Eucoccidiorida	Sarcocystidae	8261	100.0
UP000557566	Ophiocordyceps sinensis	72228	Fungi	Ascomycota	Sordariomycetes	Hypocreales	Ophiocordycipitaceae	9923	96.4
UP000558164	Leptocoma aspasia	2585812	Metazoa	Chordata	Aves	Passeriformes	Nectariniidae	13699	73.2
UP000558460	Horornis vulcanius	2585811	Metazoa	Chordata	Aves	Passeriformes	Scotocercidae	9840	31.2
UP000558488	Pipistrellus kuhlii (Kuhl's pipistrelle)	59472	Metazoa	Chordata	Mammalia	Chiroptera	Vespertilionidae	39728	94.2
UP000558509	Thryothorus ludovicianus (Carolina wren) (Sylvia ludoviciana)	74200	Metazoa	Chordata	Aves	Passeriformes	Certhiidae	13660	73.0
UP000558958	Sakesphorus luctuosus	419690	Metazoa	Chordata	Aves	Passeriformes	Thamnophilidae	14098	74.9
UP000559027	Leucocoprinus leucothites	201217	Fungi	Basidiomycota	Agaricomycetes	Agaricales	Agaricaceae	11472	90.5
UP000559068	Aegotheles bennettii	48278	Metazoa	Chordata	Aves	Caprimulgiformes	Aegothelidae	13683	78.4
UP000559256	Tetrapyrgos nigripes	182062	Fungi	Basidiomycota	Agaricomycetes	Agaricales	Campanellaceae	18656	87.9
UP000560066	Neodrepanis coruscans (wattled asity)	254563	Metazoa	Chordata	Aves	Passeriformes	Philepittidae	8830	30.8
UP000560247	Melospiza melodia (Song sparrow) (Fringilla melodia)	44397	Metazoa	Chordata	Aves	Passeriformes	Passerellidae	13912	73.2
UP000560386	Ardeotis kori	89386	Metazoa	Chordata	Aves	Otidiformes	Otididae	13689	79.5
UP000561178	Rhipidura dahli	667186	Metazoa	Chordata	Aves	Passeriformes	Rhipiduridae	14156	77.0
UP000562238	Circaetus pectoralis (black-chested snake-eagle)	321084	Metazoa	Chordata	Aves	Accipitriformes	Accipitridae	14132	77.8
UP000562322	Alectura lathami (Australian brush turkey)	81907	Metazoa	Chordata	Aves	Galliformes	Megapodiidae	13377	76.3
UP000562415	Probosciger aterrimus (Palm cockatoo)	141839	Metazoa	Chordata	Aves	Psittaciformes	Cacatuidae	13967	74.4
UP000562682	Fusarium denticulatum	48507	Fungi	Ascomycota	Sordariomycetes	Hypocreales	Nectriaceae	14090	97.6
UP000562929	Ophiocordyceps camponoti-floridani	2030778	Fungi	Ascomycota	Sordariomycetes	Hypocreales	Ophiocordycipitaceae	7427	91.6
UP000563060	Fregetta grallaria (White-bellied storm-petrel) (Procellaria grallaria)	79628	Metazoa	Chordata	Aves	Procellariiformes		13503	72.0
UP000563107	Chaetops frenatus (Rufous rock-jumper)	221966	Metazoa	Chordata	Aves	Passeriformes	Picathartidae	13217	67.9
UP000564407	Malurus elegans (Red-winged fairywren)	720584	Metazoa	Chordata	Aves	Passeriformes	Maluridae	14016	74.4
UP000564466	Oxyruncus cristatus (sharpbill)	114331	Metazoa	Chordata	Aves	Passeriformes	Cotingidae	14018	77.2
UP000564784	Loxia curvirostra (Red crossbill)	64802	Metazoa	Chordata	Aves	Passeriformes	Fringillidae	14544	77.4
UP000564948	Rhagologus leucostigma	156170	Metazoa	Chordata	Aves	Passeriformes		14205	76.9
UP000565207	Pedionomus torquatus (Plains-wanderer)	227192	Metazoa	Chordata	Aves	Charadriiformes	Pedionomidae	13302	76.6
UP000565441	Tricholomella constricta	117010	Fungi	Basidiomycota	Agaricomycetes	Agaricales	Lyophyllaceae	10525	89.3
UP000565698	Thinocorus orbignyianus	161742	Metazoa	Chordata	Aves	Ciconiiformes	Thinocoridae	14037	79.4
UP000565754	Oenanthe oenanthe (Northern wheatear)	279966	Metazoa	Chordata	Aves	Passeriformes	Muscicapidae	13538	72.3
UP000565785	Rhinopomastus cyanomelas (Common scimitarbill)	113115	Metazoa	Chordata	Aves	Bucerotiformes	Rhinopomastidae	14764	79.2
UP000566314	Buphagus erythrorhynchus (red-billed oxpecker)	245048	Metazoa	Chordata	Aves	Passeriformes	Sturnidae	11060	43.1
UP000566440	Galbula dea	1109041	Metazoa	Chordata	Aves	Piciformes	Galbulidae	14637	80.6
UP000566454	Prunella himalayana	670356	Metazoa	Chordata	Aves	Passeriformes	Prunellidae	13876	75.0
UP000566819	Cudoniella acicularis	354080	Fungi	Ascomycota	Leotiomycetes	Helotiales	Helotiaceae	15764	82.3
UP000567179	Psilocybe cf. subviscida	2480587	Fungi	Basidiomycota	Agaricomycetes	Agaricales	Strophariaceae	13652	91.4
UP000567570	Aramus guarauna (Limpkin) (Scolopax guarauna)	54356	Metazoa	Chordata	Aves	Gruiformes	Aramidae	14274	80.1
UP000567624	Smithornis capensis	363769	Metazoa	Chordata	Aves	Passeriformes	Eurylaimidae	13835	74.9
UP000567822	Sylvietta virens (Green crombec)	208069	Metazoa	Chordata	Aves	Passeriformes	Sylviidae	13764	74.3
UP000567826	Nyctibius grandis (Great potoo)	48427	Metazoa	Chordata	Aves	Nyctibiiformes	Nyctibiidae	14050	77.6
UP000567872	Anseranas semipalmata (Magpie goose) (Anas semipalmata)	8851	Metazoa	Chordata	Aves	Anseriformes	Anseranatidae	14206	81.1
UP000567885	Fusarium heterosporum	42747	Fungi	Ascomycota	Sordariomycetes	Hypocreales	Nectriaceae	11330	97.3
UP000568556	Chordeiles acutipennis (Lesser nighthawk) (Caprimulgus acutipennis)	118183	Metazoa	Chordata	Aves	Caprimulgiformes	Caprimulgidae	14023	79.0
UP000569728	Oceanites oceanicus (Wilson's storm petrel) (Procellaria oceanica)	79653	Metazoa	Chordata	Aves	Procellariiformes		14204	78.0
UP000570016	Rhynochetos jubatus (kagu)	54386	Metazoa	Chordata	Aves	Eurypygiformes	Rhynochetidae	13676	80.1
UP000570288	Oxylabes madagascariensis (white-throated Oxylabes)	98144	Metazoa	Chordata	Aves	Passeriformes	Timaliidae	8969	30.4
UP000570547	Pachycephala philippinensis (yellow-belllied whistler)	449367	Metazoa	Chordata	Aves	Passeriformes		13318	71.7
UP000570592	Pardalotus punctatus (spotted pardalote)	254575	Metazoa	Chordata	Aves	Passeriformes	Pardalotidae	13660	72.7
UP000571324	Origma solitaria	720586	Metazoa	Chordata	Aves	Passeriformes	Acanthizidae	14437	76.1
UP000571567	Himantopus himantopus (Black-winged stilt) (Charadrius himantopus)	225398	Metazoa	Chordata	Aves	Charadriiformes	Recurvirostridae	14268	79.4
UP000571582	Alaudala cheleensis (Asian short-toed lark)	670337	Metazoa	Chordata	Aves	Passeriformes	Alaudidae	14234	72.3
UP000572057	Helopsaltes ochotensis (Middendorff's grasshopper-warbler)	3150915	Metazoa	Chordata	Aves	Passeriformes	Locustellidae	13910	75.4
UP000572325	Sterrhoptilus dennistouni	2585820	Metazoa	Chordata	Aves	Passeriformes	Zosteropidae	13232	71.4
UP000572754	Fusarium circinatum (Pitch canker fungus) (Gibberella circinata)	48490	Fungi	Ascomycota	Sordariomycetes	Hypocreales	Nectriaceae	13897	98.2
UP000572817	Botryosphaeria dothidea	55169	Fungi	Ascomycota	Dothideomycetes	Botryosphaeriales	Botryosphaeriaceae	13104	95.7
UP000572837	Pomatorhinus ruficollis (streak-breasted scimitar babbler)	932028	Metazoa	Chordata	Aves	Passeriformes	Timaliidae	12947	68.9
UP000573603	Fusarium anthophilum	48485	Fungi	Ascomycota	Sordariomycetes	Hypocreales	Nectriaceae	14795	97.7
UP000573697	Polioptila caerulea (Blue-grey gnatcatcher)	66707	Metazoa	Chordata	Aves	Passeriformes	Certhiidae	13534	74.7
UP000573793	Loxia leucoptera (White-winged crossbill)	96539	Metazoa	Chordata	Aves	Passeriformes	Fringillidae	13967	75.2
UP000573818	Sylvia atricapilla (blackcap)	48155	Metazoa	Chordata	Aves	Passeriformes	Sylviidae	13252	74.9
UP000574191	Hypocryptadius cinnamomeus	589841	Metazoa	Chordata	Aves	Passeriformes	Zosteropidae	12372	55.0
UP000574210	Rhodinocichla rosea	58203	Metazoa	Chordata	Aves	Passeriformes	Thraupidae	14100	74.6
UP000574277	Mesembrinibis cayennensis	1118748	Metazoa	Chordata	Aves	Pelecaniformes	Threskiornithidae	13857	76.5
UP000574317	Fusarium napiforme	42672	Fungi	Ascomycota	Sordariomycetes	Hypocreales	Nectriaceae	13892	96.7
UP000574528	Psilopogon haemacephalus (coppersmith barbet)	2585815	Metazoa	Chordata	Aves	Piciformes	Megalaimidae	13526	74.6
UP000574691	Burhinus bistriatus	240201	Metazoa	Chordata	Aves	Charadriiformes	Burhinidae	13960	76.8
UP000574967	Machaerirhynchus nigripectus	1160894	Metazoa	Chordata	Aves	Passeriformes	Dicruridae	13938	76.2
UP000575029	Grantiella picta	266360	Metazoa	Chordata	Aves	Passeriformes	Meliphagidae	14054	75.8
UP000575874	Aphelocoma coerulescens (Florida scrub-jay) (Corvus coerulescens)	39617	Metazoa	Chordata	Aves	Passeriformes	Corvidae	14551	77.9
UP000576729	Callaeas wilsoni (North Island kokako)	1347786	Metazoa	Chordata	Aves	Passeriformes	Callaeidae	14554	74.0
UP000578259	Pheucticus melanocephalus (Black-headed grosbeak) (Guiraca melanocephala)	371919	Metazoa	Chordata	Aves	Passeriformes	Cardinalidae	12775	62.9
UP000578343	Baryphthengus martii (Rufous motmot)	176943	Metazoa	Chordata	Aves	Coraciiformes	Momotidae	13377	74.5
UP000578531	Letharia columbiana	112416	Fungi	Ascomycota	Lecanoromycetes	Lecanorales	Parmeliaceae	13254	95.6
UP000578766	Cepphus grylle (Black guillemot) (Alca grylle)	28697	Metazoa	Chordata	Aves	Charadriiformes	Alcidae	14757	81.4
UP000579406	Chloroceryle aenea (American pygmy kingfisher)	176938	Metazoa	Chordata	Aves	Coraciiformes	Cerylidae	12192	73.8
UP000579558	Notiomystis cincta	366454	Metazoa	Chordata	Aves	Passeriformes	Notiomystidae	13629	70.6
UP000579685	Phainopepla nitens (Phainopepla)	161653	Metazoa	Chordata	Aves	Passeriformes	Bombycillidae	13527	73.3
UP000579812	Onychostoma macrolepis	369639	Metazoa	Chordata	Actinopteri	Cypriniformes	Cyprinidae	24720	92.1
UP000579904	Oreotrochilus melanogaster	689266	Metazoa	Chordata	Aves	Apodiformes	Trochilidae	12132	71.5
UP000579941	Gymnorhina tibicen (Australian magpie) (Cracticus tibicen)	9132	Metazoa	Chordata	Aves	Passeriformes	Artamidae	14291	76.6
UP000580171	Pandion haliaetus (Osprey) (Falco haliaetus)	56262	Metazoa	Chordata	Aves	Accipitriformes	Pandionidae	12585	60.8
UP000580681	Emberiza fucata	337179	Metazoa	Chordata	Aves	Passeriformes	Fringillidae	13193	70.0
UP000580691	Sinosuthora webbiana	337173	Metazoa	Chordata	Aves	Passeriformes	Sylviidae	14232	75.9
UP000580825	Scytalopus superciliaris	312124	Metazoa	Chordata	Aves	Passeriformes	Rhinocryptidae	13826	75.2
UP000580879	Climacteris rufus (rufous treecreeper)	47695	Metazoa	Chordata	Aves	Passeriformes	Climacteridae	14074	75.3
UP000582016	Fusarium phyllophilum	47803	Fungi	Ascomycota	Sordariomycetes	Hypocreales	Nectriaceae	14159	97.1
UP000582182	Turnix velox (Little buttonquail)	2529409	Metazoa	Chordata	Aves	Charadriiformes	Turnicidae	13120	71.5
UP000583049	Glareola pratincola (Collared pratincole) (Hirundo pratincola)	43316	Metazoa	Chordata	Aves	Charadriiformes	Glareolidae	13760	78.8
UP000583164	Rhabdornis inornatus	237438	Metazoa	Chordata	Aves	Passeriformes	Rhabdornithidae	14339	77.2
UP000583496	Pomatostomus ruficeps (Chestnut-crowned babbler)	9176	Metazoa	Chordata	Aves	Passeriformes	Timaliidae	13287	63.4
UP000583613	Eubucco bourcierii (red-headed barbet)	91767	Metazoa	Chordata	Aves	Piciformes	Ramphastidae	14131	76.4
UP000583740	Cardinalis cardinalis (Northern cardinal)	98964	Metazoa	Chordata	Aves	Passeriformes	Cardinalidae	13821	73.3
UP000583915	Sitta europaea (Eurasian nuthatch)	50251	Metazoa	Chordata	Aves	Passeriformes	Sittidae	13526	73.5
UP000583929	Cannabis sativa (Hemp) (Marijuana)	3483	Viridiplantae	Streptophyta	Magnoliopsida	Rosales	Cannabaceae	30304	92.1
UP000584326	Podargus strigoides (Tawny frogmouth) (Caprimulgus strigoides)	8905	Metazoa	Chordata	Aves	Caprimulgiformes	Podargidae	13990	71.4
UP000584415	Platysteira castanea	1160851	Metazoa	Chordata	Aves	Passeriformes		13995	75.8
UP000584880	Ptilonorhynchus violaceus (Satin bowerbird) (Pyrrhocorax violaceus)	28724	Metazoa	Chordata	Aves	Passeriformes	Ptilonorhynchidae	13901	75.6
UP000585422	Haliaeetus albicilla (White-tailed sea-eagle) (Falco albicilla)	8969	Metazoa	Chordata	Aves	Accipitriformes	Accipitridae	15042	81.4
UP000585474	Actinidia rufa	165716	Viridiplantae	Streptophyta	Magnoliopsida	Ericales	Actinidiaceae	51764	69.6
UP000586634	Nycticryphes semicollaris	227226	Metazoa	Chordata	Aves	Charadriiformes	Rostratulidae	14293	80.2
UP000586671	Dromas ardeola	458190	Metazoa	Chordata	Aves	Charadriiformes	Dromadidae	13881	77.6
UP000586704	Ceyx cyanopectus (Indigo-banded kingfisher)	390723	Metazoa	Chordata	Aves	Coraciiformes	Alcedinidae	11903	54.3
UP000586926	Mohoua ochrocephala	874463	Metazoa	Chordata	Aves	Passeriformes	Acanthizidae	13564	70.9
UP000587472	Psophia crepitans (common trumpeter)	54359	Metazoa	Chordata	Aves	Gruiformes	Psophiidae	13853	79.6
UP000587587	Promerops cafer (Cape sugarbird)	254652	Metazoa	Chordata	Aves	Passeriformes	Nectariniidae	14071	75.8
UP000587655	Ibidorhyncha struthersii	425643	Metazoa	Chordata	Aves	Charadriiformes	Charadriidae	13835	79.4
UP000587697	Rhadina sibilatrix	2585818	Metazoa	Chordata	Aves	Passeriformes	Phylloscopidae	13615	73.4
UP000588334	Sclerurus mexicanus (tawny-throated leaftosser)	265632	Metazoa	Chordata	Aves	Passeriformes	Furnariidae	14009	76.5
UP000589485	Sapayoa aenigma (broad-billed sapayoa)	239371	Metazoa	Chordata	Aves	Passeriformes	Tyrannidae	13839	71.6
UP000589495	Vireo altiloquus (Black-whiskered vireo) (Muscicapa altiloqua)	34956	Metazoa	Chordata	Aves	Passeriformes	Vireonidae	14067	74.2
UP000590623	Cinclus mexicanus (American dipper)	161649	Metazoa	Chordata	Aves	Passeriformes	Cinclidae	13465	66.8
UP000590868	Heliornis fulica (sungrebe)	54369	Metazoa	Chordata	Aves	Gruiformes	Heliornithidae	13523	78.0
UP000591073	Glaucidium brasilianum (Ferruginous pygmy-owl)	78217	Metazoa	Chordata	Aves	Strigiformes	Strigidae	14183	80.1
UP000591131	Perkinsus chesapeaki (Clam parasite) (Perkinsus andrewsi)	330153		Perkinsozoa		Perkinsida	Perkinsidae	10985	91.2
UP000591535	Grallaria varia (variegated antpitta)	117165	Metazoa	Chordata	Aves	Passeriformes	Formicariidae	13896	74.9
UP000593560	Gossypium harknessii	34285	Viridiplantae	Streptophyta	Magnoliopsida	Malvales	Malvaceae	31133	45.6
UP000593561	Gossypium davidsonii (Davidson's cotton) (Gossypium klotzschianum subsp. davidsonii)	34287	Viridiplantae	Streptophyta	Magnoliopsida	Malvales	Malvaceae	34640	60.5
UP000593562	Tripterygium wilfordii (Thunder God vine)	458696	Viridiplantae	Streptophyta	Magnoliopsida	Celastrales	Celastraceae	27709	91.2
UP000593563	Apium graveolens (Celery)	4045	Viridiplantae	Streptophyta	Magnoliopsida	Apiales	Apiaceae	1732	5.1
UP000593564	Camellia sinensis (Tea plant) (Thea sinensis)	4442	Viridiplantae	Streptophyta	Magnoliopsida	Ericales	Theaceae	32420	79.6
UP000593565	Ameiurus melas (Black bullhead) (Silurus melas)	219545	Metazoa	Chordata	Actinopteri	Siluriformes	Ictaluridae	24332	91.9
UP000593566	Letharia lupina	560253	Fungi	Ascomycota	Lecanoromycetes	Lecanorales	Parmeliaceae	11006	96.4
UP000593567	Bugula neritina (Brown bryozoan) (Sertularia neritina)	10212	Metazoa	Bryozoa	Gymnolaemata	Cheilostomatida	Bugulidae	25017	76.2
UP000593568	Gossypium trilobum	34281	Viridiplantae	Streptophyta	Magnoliopsida	Malvales	Malvaceae	32727	60.9
UP000593571	Rousettus aegyptiacus (Egyptian fruit bat) (Pteropus aegyptiacus)	9407	Metazoa	Chordata	Mammalia	Chiroptera	Pteropodidae	60832	95.8
UP000593572	Gossypium lobatum	34289	Viridiplantae	Streptophyta	Magnoliopsida	Malvales	Malvaceae	30293	48.1
UP000593573	Gossypium klotzschianum	34286	Viridiplantae	Streptophyta	Magnoliopsida	Malvales	Malvaceae	34667	61.2
UP000593574	Gossypium laxum	34288	Viridiplantae	Streptophyta	Magnoliopsida	Malvales	Malvaceae	28436	55.9
UP000593575	Gossypium armourianum	34283	Viridiplantae	Streptophyta	Magnoliopsida	Malvales	Malvaceae	25444	47.2
UP000593576	Gossypium schwendimanii (Cotton)	34291	Viridiplantae	Streptophyta	Magnoliopsida	Malvales	Malvaceae	35461	63.8
UP000593577	Gossypium aridum (American cotton) (Erioxylum aridum)	34290	Viridiplantae	Streptophyta	Magnoliopsida	Malvales	Malvaceae	29562	43.8
UP000593579	Gossypium gossypioides (Mexican cotton) (Selera gossypioides)	34282	Viridiplantae	Streptophyta	Magnoliopsida	Malvales	Malvaceae	24870	45.0
UP000594260	Varroa destructor (Honeybee mite)	109461	Metazoa	Arthropoda	Arachnida	Mesostigmata	Varroidae	20096	99.2
UP000594261	Quercus lobata (Valley oak)	97700	Viridiplantae	Streptophyta	Magnoliopsida	Fagales	Fagaceae	38593	92.3
UP000594262	Clytia hemisphaerica	252671	Metazoa	Cnidaria	Hydrozoa	Leptothecata	Clytiidae	24557	81.1
UP000594263	Kalanchoe fedtschenkoi (Lavender scallops) (South American air plant)	63787	Viridiplantae	Streptophyta	Magnoliopsida	Saxifragales	Crassulaceae	38377	90.5
UP000594364	Epichloe festucae (strain Fl1)	877507	Fungi	Ascomycota	Sordariomycetes	Hypocreales	Clavicipitaceae	7031	87.4
UP000594454	Hermetia illucens (Black soldier fly)	343691	Metazoa	Arthropoda	Insecta	Diptera	Stratiomyidae	17495	95.8
UP000594638	Olea europaea subsp. europaea	158383	Viridiplantae	Streptophyta	Magnoliopsida	Lamiales	Oleaceae	78352	97.1
UP000595140	Cuscuta campestris	132261	Viridiplantae	Streptophyta	Magnoliopsida	Solanales	Convolvulaceae	44786	66.8
UP000596276	Aspergillus flavus (strain ATCC 200026 / FGSC A1120 / IAM 13836 / NRRL 3357 / JCM 12722 / SRRC 167)	332952	Fungi	Ascomycota	Eurotiomycetes	Eurotiales	Aspergillaceae	13728	98.7
UP000596660	Chenopodium quinoa (Quinoa)	63459	Viridiplantae	Streptophyta	Magnoliopsida	Caryophyllales	Amaranthaceae	33949	86.4
UP000596661	Cannabis sativa (Hemp) (Marijuana)	3483	Viridiplantae	Streptophyta	Magnoliopsida	Rosales	Cannabaceae	32999	80.7
UP000596742	Mytilus galloprovincialis (Mediterranean mussel)	29158	Metazoa	Mollusca	Bivalvia	Mytilida	Mytilidae	77763	77.3
UP000596902	Alternaria burnsii	1187904	Fungi	Ascomycota	Dothideomycetes	Pleosporales	Pleosporaceae	11309	92.8
UP000600918	Vespula pensylvanica (Western yellow jacket) (Wasp)	30213	Metazoa	Arthropoda	Insecta	Hymenoptera	Vespidae	18484	91.3
UP000601435	Symbiodinium necroappetens	1628268			Dinophyceae	Suessiales	Symbiodiniaceae	35659	64.3
UP000602510	Phytophthora infestans (Potato late blight agent) (Botrytis infestans)	4787		Oomycota	Peronosporomycetes	Peronosporales	Peronosporaceae	19701	98.0
UP000603297	Pteruthius melanotis	357074	Metazoa	Chordata	Aves	Passeriformes	Timaliidae	11955	64.8
UP000603453	Mucor saturninus	64648	Fungi	Mucoromycota	Mucoromycetes	Mucorales	Mucoraceae	12977	97.1
UP000603627	Calcarius ornatus (Chestnut-collared longspur)	198940	Metazoa	Chordata	Aves	Passeriformes	Fringillidae	13652	72.6
UP000604046	Symbiodinium natans	878477			Dinophyceae	Suessiales	Symbiodiniaceae	34950	69.6
UP000604080	Dryoscopus gambensis	85069	Metazoa	Chordata	Aves	Passeriformes	Malaconotidae	12293	61.0
UP000604273	Fusarium gaditjirri	282569	Fungi	Ascomycota	Sordariomycetes	Hypocreales	Nectriaceae	13451	98.0
UP000604825	Miscanthus lutarioriparius	422564	Viridiplantae	Streptophyta	Magnoliopsida	Poales	Poaceae	67261	97.9
UP000605846	Apophysomyces ossiformis	679940	Fungi	Mucoromycota	Mucoromycetes	Mucorales	Mucoraceae	9501	86.3
UP000605970	Meloidogyne graminicola	189291	Metazoa	Nematoda	Chromadorea	Rhabditida	Meloidogynidae	10083	42.4
UP000605986	Fusarium austroafricanum	2364996	Fungi	Ascomycota	Sordariomycetes	Hypocreales	Nectriaceae	14500	97.4
UP000606274	Silurus meridionalis (Southern catfish) (Silurus soldatovi meridionalis)	175797	Metazoa	Chordata	Actinopteri	Siluriformes	Siluridae	22753	93.4
UP000606786	Ceratitis capitata (Mediterranean fruit fly) (Tephritis capitata)	7213	Metazoa	Arthropoda	Insecta	Diptera	Tephritidae	19878	72.8
UP000606974	Endocarpon pusillum	364733	Fungi	Ascomycota	Eurotiomycetes	Verrucariales	Verrucariaceae	12489	93.9
UP000607653	Nelumbo nucifera (Sacred lotus)	4432	Viridiplantae	Streptophyta	Magnoliopsida	Proteales	Nelumbonaceae	31187	67.4
UP000611227	Ramphastos sulfuratus	322582	Metazoa	Chordata	Aves	Piciformes	Ramphastidae	14017	71.3
UP000611277	Certhia familiaris (Eurasian treecreeper)	73333	Metazoa	Chordata	Aves	Passeriformes	Certhiidae	13143	67.9
UP000612055	Edaphochlamys debaryana	47281	Viridiplantae	Chlorophyta	Chlorophyceae	Chlamydomonadales		20289	96.8
UP000612746	Umbelopsis vinacea	44442	Fungi	Mucoromycota	Umbelopsidomycetes	Umbelopsidales	Umbelopsidaceae	9235	95.2
UP000613066	Penelope pileata	1118817	Metazoa	Chordata	Aves	Galliformes	Cracidae	13915	81.5
UP000613177	Thamnidium elegans	101142	Fungi	Mucoromycota	Mucoromycetes	Mucorales	Mucoraceae	9698	81.5
UP000613401	Colletotrichum gloeosporioides (Anthracnose fungus) (Glomerella cingulata)	474922	Fungi	Ascomycota	Sordariomycetes	Glomerellales	Glomerellaceae	15372	96.7
UP000613580	Mycena chlorophos (Agaric fungus) (Agaricus chlorophos)	658473	Fungi	Basidiomycota	Agaricomycetes	Agaricales	Mycenaceae	13463	88.8
UP000613740	Chlamydomonas schloesseri	2026947	Viridiplantae	Chlorophyta	Chlorophyceae	Chlamydomonadales	Chlamydomonadaceae	16113	97.8
UP000614027	Campylorhamphus procurvoides	190295	Metazoa	Chordata	Aves	Passeriformes	Dendrocolaptidae	14067	76.4
UP000614263	Chloropsis cyanopogon	1218682	Metazoa	Chordata	Aves	Passeriformes	Irenidae	12540	61.4
UP000614350	Vespula vulgaris (Yellow jacket) (Wasp)	7454	Metazoa	Arthropoda	Insecta	Hymenoptera	Vespidae	15506	84.7
UP000614601	Bursaphelenchus okinawaensis	465554	Metazoa	Nematoda	Chromadorea	Rhabditida	Aphelenchoididae	14486	75.2
UP000617340	Vespula germanica (German yellow jacket) (Paravespula germanica)	30212	Metazoa	Arthropoda	Insecta	Hymenoptera	Vespidae	17178	89.6
UP000618051	Lamprotornis superbus	245042	Metazoa	Chordata	Aves	Passeriformes	Sturnidae	14245	79.8
UP000618746	Spizella passerina (Chipping sparrow)	40210	Metazoa	Chordata	Aves	Passeriformes	Passerellidae	9048	30.2
UP000619137	Sula dactylatra (Masked booby)	56068	Metazoa	Chordata	Aves	Suliformes	Sulidae	12940	65.5
UP000620104	Naganishia liquefaciens	104408	Fungi	Basidiomycota	Tremellomycetes	Filobasidiales	Filobasidiaceae	6879	68.3
UP000620124	Mycena venus	2733690	Fungi	Basidiomycota	Agaricomycetes	Agaricales	Mycenaceae	24807	85.6
UP000620207	Larus smithsonianus (American herring gull)	243888	Metazoa	Chordata	Aves	Charadriiformes	Laridae	14049	67.1
UP000621168	Corythaeola cristata (Great blue turaco)	103954	Metazoa	Chordata	Aves	Musophagiformes	Musophagidae	11501	59.2
UP000622797	Fusarium sarcochroum	1208366	Fungi	Ascomycota	Sordariomycetes	Hypocreales	Nectriaceae	14826	97.1
UP000623129	Carex littledalei	544730	Viridiplantae	Streptophyta	Magnoliopsida	Poales	Cyperaceae	22319	72.0
UP000623467	Mycena sanguinolenta	230812	Fungi	Basidiomycota	Agaricomycetes	Agaricales	Mycenaceae	23955	87.4
UP000623542	Elachura formosa (spotted wren-babbler)	1463973	Metazoa	Chordata	Aves	Passeriformes	Elachuridae	13998	73.8
UP000623687	Pleurotus ostreatus (Oyster mushroom) (Agaricus ostreatus)	5322	Fungi	Basidiomycota	Agaricomycetes	Agaricales	Pleurotaceae	11624	96.4
UP000624404	Sclerotinia trifoliorum	28548	Fungi	Ascomycota	Leotiomycetes	Helotiales	Sclerotiniaceae	10617	97.0
UP000625584	Passerina amoena (Lazuli bunting)	142471	Metazoa	Chordata	Aves	Passeriformes	Cardinalidae	12951	64.5
UP000625711	Rhynchophorus ferrugineus (Red palm weevil) (Curculio ferrugineus)	354439	Metazoa	Arthropoda	Insecta	Coleoptera	Curculionidae	24802	94.7
UP000626092	Rhododendron simsii (Sims's rhododendron)	118357	Viridiplantae	Streptophyta	Magnoliopsida	Ericales	Ericaceae	32714	88.9
UP000627253	Tricholaema leucomelas (pied barbet)	240729	Metazoa	Chordata	Aves	Piciformes	Lybiidae	14305	77.0
UP000628412	Aegithalos caudatus (Long-tailed tit) (Acredula caudata)	73327	Metazoa	Chordata	Aves	Passeriformes	Aegithalidae	13234	69.1
UP000629438	Tichodroma muraria	237442	Metazoa	Chordata	Aves	Passeriformes	Sittidae	11478	50.1
UP000629713	Peucedramus taeniatus (Olive warbler)	135441	Metazoa	Chordata	Aves	Passeriformes	Fringillidae	13643	69.5
UP000630445	Aspergillus hiratsukae	1194566	Fungi	Ascomycota	Eurotiomycetes	Eurotiales	Aspergillaceae	9685	95.5
UP000631114	Coptis chinensis	261450	Viridiplantae	Streptophyta	Magnoliopsida	Ranunculales	Ranunculaceae	39841	79.6
UP000631181	Penicillium ucsense	2839758	Fungi	Ascomycota	Eurotiomycetes	Eurotiales	Aspergillaceae	8173	98.6
UP000631391	Picathartes gymnocephalus (White-necked rockfowl)	175131	Metazoa	Chordata	Aves	Passeriformes	Picathartidae	13505	66.7
UP000631545	Tychaedon coryphoeus (Karoo scrub-robin) (Erythropygia coryphaeus)	614051	Metazoa	Chordata	Aves	Passeriformes	Muscicapidae	13529	74.0
UP000632118	Fregata magnificens (Magnificent frigatebird)	37042	Metazoa	Chordata	Aves	Suliformes	Fregatidae	13159	66.5
UP000632886	Centropus bengalensis (lesser coucal)	1463675	Metazoa	Chordata	Aves	Cuculiformes	Centropidae	13146	72.9
UP000633448	Pitta sordida (Hooded pitta)	9163	Metazoa	Chordata	Aves	Passeriformes	Pittidae	13848	71.0
UP000634136	Senna tora	362788	Viridiplantae	Streptophyta	Magnoliopsida	Fabales	Fabaceae	44772	81.9
UP000634236	Vidua chalybeata (Village indigobird)	81927	Metazoa	Chordata	Aves	Passeriformes	Viduidae	14570	75.8
UP000635477	Fusarium zealandicum	1053134	Fungi	Ascomycota	Sordariomycetes	Hypocreales	Nectriaceae	10733	95.5
UP000636479	Mycena indigotica	2126181	Fungi	Basidiomycota	Agaricomycetes	Agaricales	Mycenaceae	13684	89.1
UP000636709	Digitaria exilis	1010633	Viridiplantae	Streptophyta	Magnoliopsida	Poales	Poaceae	60043	95.0
UP000637239	Aspergillus chevalieri (Eurotium chevalieri)	182096	Fungi	Ascomycota	Eurotiomycetes	Eurotiales	Aspergillaceae	10232	97.7
UP000637704	Eolophus roseicapilla (Galah cockatoo) (Cacatua roseicapilla)	176039	Metazoa	Chordata	Aves	Psittaciformes	Cacatuidae	13310	71.9
UP000639338	Aphidius gifuensis (Parasitoid wasp)	684658	Metazoa	Arthropoda	Insecta	Hymenoptera	Braconidae	11457	88.1
UP000639643	Colletotrichum musicola	2175873	Fungi	Ascomycota	Sordariomycetes	Glomerellales	Glomerellaceae	16822	97.7
UP000640762	Grus americana (Whooping crane)	9117	Metazoa	Chordata	Aves	Gruiformes	Gruidae	13771	72.8
UP000640999	Chloropsis hardwickii	667144	Metazoa	Chordata	Aves	Passeriformes	Irenidae	13502	71.6
UP000641853	Aspergillus felis	1287682	Fungi	Ascomycota	Eurotiomycetes	Eurotiales	Aspergillaceae	10242	96.0
UP000642973	Calyptomena viridis (Lesser green broadbill)	135972	Metazoa	Chordata	Aves	Passeriformes	Eurylaimidae	13204	65.6
UP000644660	Maudiozyma barnettii	61262	Fungi	Ascomycota	Saccharomycetes	Saccharomycetales	Saccharomycetaceae	5237	99.0
UP000645828	Nyctereutes procyonoides (Raccoon dog) (Canis procyonoides)	34880	Metazoa	Chordata	Mammalia	Carnivora	Canidae	26676	97.4
UP000646827	Circinella minor	1195481	Fungi	Mucoromycota	Mucoromycetes	Mucorales	Lichtheimiaceae	14115	95.5
UP000648187	Spodoptera exigua (Beet armyworm) (Noctua fulgens)	7107	Metazoa	Arthropoda	Insecta	Lepidoptera	Noctuidae	14288	80.2
UP000648918	Halcyon senegalensis	342381	Metazoa	Chordata	Aves	Coraciiformes	Alcedinidae	14252	80.1
UP000649328	Metschnikowia pulcherrima (Yeast)	27326	Fungi	Ascomycota	Pichiomycetes	Serinales	Metschnikowiaceae	6905	78.0
UP000649617	Symbiodinium pilosum (Dinoflagellate)	2952			Dinophyceae	Suessiales	Symbiodiniaceae	23427	56.1
UP000650467	Chlamydomonas incerta	51695	Viridiplantae	Chlorophyta	Chlorophyceae	Chlamydomonadales	Chlamydomonadaceae	16857	95.9
UP000650833	Mucor plumbeus	97098	Fungi	Mucoromycota	Mucoromycetes	Mucorales	Mucoraceae	11657	96.5
UP000651452	Ascochyta lentis	205686	Fungi	Ascomycota	Dothideomycetes	Pleosporales	Didymellaceae	11599	97.1
UP000652219	Colletotrichum sojae	2175907	Fungi	Ascomycota	Sordariomycetes	Glomerellales	Glomerellaceae	16124	98.4
UP000652761	Colocasia esculenta (Wild taro) (Arum esculentum)	4460	Viridiplantae	Streptophyta	Magnoliopsida	Alismatales	Araceae	56262	57.9
UP000653271	Piaya cayana (Common squirrel cuckoo)	33601	Metazoa	Chordata	Aves	Cuculiformes	Coccyzidae	13976	72.1
UP000653305	Phtheirospermum japonicum	374723	Viridiplantae	Streptophyta	Magnoliopsida	Lamiales	Orobanchaceae	30147	82.5
UP000653383	Nicator chloris	237433	Metazoa	Chordata	Aves	Passeriformes	Pycnonotidae	13575	63.7
UP000653454	Plutella xylostella (Diamondback moth) (Plutella maculipennis)	51655	Metazoa	Arthropoda	Insecta	Lepidoptera	Plutellidae	16948	87.6
UP000653565	Aspergillus fumigatiaffinis	340414	Fungi	Ascomycota	Eurotiomycetes	Eurotiales	Aspergillaceae	10467	96.1
UP000654075	Polarella glacialis (Dinoflagellate)	89957			Dinophyceae	Suessiales	Suessiaceae	55419	70.2
UP000654370	Mortierella isabellina (Filamentous fungus) (Umbelopsis isabellina)	91625	Fungi	Mucoromycota	Umbelopsidomycetes	Umbelopsidales	Umbelopsidaceae	9021	94.7
UP000654395	Urocolius indicus (Red-faced mousebird) (Colius indicus)	458196	Metazoa	Chordata	Aves	Coliiformes	Coliidae	14054	75.8
UP000654913	Aspergillus puulaauensis	1220207	Fungi	Ascomycota	Eurotiomycetes	Eurotiales	Aspergillaceae	13616	99.0
UP000654918	Colletotrichum plurivorum	2175906	Fungi	Ascomycota	Sordariomycetes	Glomerellales	Glomerellaceae	16152	98.5
UP000655225	Tetracentron sinense (Spur-leaf)	13715	Viridiplantae	Streptophyta	Magnoliopsida	Trochodendrales	Trochodendraceae	32325	83.3
UP000655588	Frieseomelitta varia	561572	Metazoa	Arthropoda	Insecta	Hymenoptera	Apidae	11113	89.7
UP000656497	Vidua macroura (Pin-tailed whydah)	187451	Metazoa	Chordata	Aves	Passeriformes	Viduidae	13045	65.6
UP000657035	Anhinga anhinga (Anhinga) (Plotus anhinga)	56067	Metazoa	Chordata	Aves	Suliformes	Anhingidae	13584	77.1
UP000657918	Salix dunnii	1413687	Viridiplantae	Streptophyta	Magnoliopsida	Malpighiales	Salicaceae	29716	89.5
UP000658642	Atrichornis clamosus	449594	Metazoa	Chordata	Aves	Passeriformes	Menuridae	14584	74.7
UP000658997	Ustilago bromivora	307758	Fungi	Basidiomycota	Ustilaginomycetes	Ustilaginales	Ustilaginaceae	6051	95.8
UP000659062	Copsychus sechellarum	797021	Metazoa	Chordata	Aves	Passeriformes	Muscicapidae	14377	76.0
UP000659654	Bursaphelenchus xylophilus (Pinewood nematode worm) (Aphelenchoides xylophilus)	6326	Metazoa	Nematoda	Chromadorea	Rhabditida	Aphelenchoididae	15766	76.3
UP000660247	Todus mexicanus (Puerto Rican tody)	135184	Metazoa	Chordata	Aves	Coraciiformes	Todidae	10042	39.4
UP000660262	Pycnococcus provasolii	41880	Viridiplantae	Chlorophyta	Pseudoscourfieldiophyceae	Pseudoscourfieldiales	Pycnococcaceae	11381	86.3
UP000660704	Donacobius atricapilla	237420	Metazoa	Chordata	Aves	Passeriformes	Mimidae	13711	74.1
UP000660729	Pseudocercospora fuligena	685502	Fungi	Ascomycota	Dothideomycetes	Mycosphaerellales	Mycosphaerellaceae	13738	96.7
UP000661280	Aspergillus kawachii (White koji mold) (Aspergillus awamori var. kawachi)	1069201	Fungi	Ascomycota	Eurotiomycetes	Eurotiales	Aspergillaceae	12636	97.7
UP000661971	Nothocercus nigrocapillus	1977171	Metazoa	Chordata	Aves	Tinamiformes	Tinamidae	13104	75.8
UP000662569	Collybia sordida	123925	Fungi	Basidiomycota	Agaricomycetes	Agaricales	Clitocybaceae	44	0.2
UP000662931	Eeniella nana (Yeast) (Brettanomyces nanus)	13502	Fungi	Ascomycota	Pichiomycetes	Pichiales	Pichiaceae	4703	85.6
UP000663193	Parastagonospora nodorum (strain SN15 / ATCC MYA-4574 / FGSC 10173) (Glume blotch fungus) (Phaeosphaeria nodorum)	321614	Fungi	Ascomycota	Dothideomycetes	Pleosporales	Phaeosphaeriaceae	17749	98.3
UP000663699	Pneumocystis wakefieldiae	38082	Fungi	Ascomycota	Pneumocystomycetes	Pneumocystales	Pneumocystaceae	3181	65.5
UP000663760	Spirodela intermedia (Intermediate duckweed)	51605	Viridiplantae	Streptophyta	Magnoliopsida	Alismatales	Araceae	21675	86.6
UP000663828	Adineta ricciae (Rotifer)	249248	Metazoa	Rotifera	Eurotatoria	Adinetida	Adinetidae	64111	87.9
UP000663829	Didymodactylos carnosus	1234261	Metazoa	Rotifera	Eurotatoria	Philodinida	Philodinidae	46721	82.8
UP000663832	Adineta steineri	433720	Metazoa	Rotifera	Eurotatoria	Adinetida	Adinetidae	58276	88.5
UP000663866	Rotaria magnacalcarata	392030	Metazoa	Rotifera	Eurotatoria	Philodinida	Philodinidae	50840	85.3
UP000663870	Rotaria sordida	392033	Metazoa	Rotifera	Eurotatoria	Philodinida	Philodinidae	56912	87.0
UP000663873	Rotaria socialis	392032	Metazoa	Rotifera	Eurotatoria	Philodinida	Philodinidae	49357	83.5
UP000663879	Brachionus calyciflorus	104777	Metazoa	Rotifera	Eurotatoria	Ploima	Brachionidae	24300	90.4
UP000663880	Pieris macdunnoughi	345717	Metazoa	Arthropoda	Insecta	Lepidoptera	Pieridae	18615	97.7
UP000664032	Psilocybe cubensis (Psychedelic mushroom) (Stropharia cubensis)	181762	Fungi	Basidiomycota	Agaricomycetes	Agaricales	Strophariaceae	13113	93.5
UP000664132	Cadophora malorum	108018	Fungi	Ascomycota	Leotiomycetes	Helotiales	Ploettnerulaceae	16399	97.5
UP000664169	Gomphillus americanus	1940652	Fungi	Ascomycota	Lecanoromycetes	Ostropales	Graphidaceae	8300	94.7
UP000664203	Alectoria fallacina	1903189	Fungi	Ascomycota	Lecanoromycetes	Lecanorales	Parmeliaceae	11126	94.1
UP000664521	Heterodermia speciosa	116794	Fungi	Ascomycota	Lecanoromycetes	Caliciales	Physciaceae	10570	94.7
UP000664534	Imshaugia aleurites	172621	Fungi	Ascomycota	Lecanoromycetes	Lecanorales	Parmeliaceae	11111	93.7
UP000664859	Tribonema minus	303371			Xanthophyceae	Tribonematales	Tribonemataceae	18071	93.0
UP000667349	Acromyrmex insinuator	230686	Metazoa	Arthropoda	Insecta	Hymenoptera	Formicidae	8949	87.7
UP000668214	Pseudoatta argentina	621737	Metazoa	Arthropoda	Insecta	Hymenoptera	Formicidae	9266	81.8
UP000669133	Lodderomyces metapsilosis	273372	Fungi	Ascomycota	Pichiomycetes	Serinales	Debaryomycetaceae	5714	92.8
UP000669903	Acromyrmex charruanus	2715315	Metazoa	Arthropoda	Insecta	Hymenoptera	Formicidae	8957	87.7
UP000670152	Acromyrmex heyeri	230685	Metazoa	Arthropoda	Insecta	Hymenoptera	Formicidae	9100	84.8
UP000672032	Monilinia vaccinii-corymbosi	61207	Fungi	Ascomycota	Leotiomycetes	Helotiales	Sclerotiniaceae	9386	94.0
UP000673552	Leishmania martiniquensis	1580590		Euglenozoa	Kinetoplastea	Trypanosomatida	Trypanosomatidae	7805	100.0
UP000673691	Olpidium bornovanus	278681	Fungi	Olpidiomycota	Olpidiomycetes	Olpidiales	Olpidiaceae	8467	15.8
UP000674143	Leishmania orientalis	2249476		Euglenozoa	Kinetoplastea	Trypanosomatida	Trypanosomatidae	8051	99.2
UP000674318	Porcisia hertigi	2761500		Euglenozoa	Kinetoplastea	Trypanosomatida	Trypanosomatidae	7688	98.5
UP000675881	Lepeophtheirus salmonis (Salmon louse) (Caligus salmonis)	72036	Metazoa	Arthropoda	Copepoda	Siphonostomatoida	Caligidae	17041	71.0
UP000675900	Panthera tigris altaica (Siberian tiger)	74533	Metazoa	Chordata	Mammalia	Carnivora	Felidae	26484	86.4
UP000676310	Alternaria atra	119953	Fungi	Ascomycota	Dothideomycetes	Pleosporales	Pleosporaceae	11938	94.5
UP000677054	Darwinula stevensoni	69355	Metazoa	Arthropoda	Ostracoda	Podocopida	Darwinulidae	15613	84.4
UP000677803	Menidia menidia (Atlantic silverside)	238744	Metazoa	Chordata	Actinopteri	Atheriniformes	Atherinopsidae	21059	85.0
UP000678393	Candidula unifasciata	100452	Metazoa	Mollusca	Gastropoda	Stylommatophora	Geomitridae	22446	80.1
UP000678499	Notodromas monacha	399045	Metazoa	Arthropoda	Ostracoda	Podocopida	Cyprididae	14003	82.6
UP000682877	Arabidopsis arenosa (Sand rock-cress) (Cardaminopsis arenosa)	38785	Viridiplantae	Streptophyta	Magnoliopsida	Brassicales	Brassicaceae	23062	92.3
UP000683000	Boletus reticuloceps	495285	Fungi	Basidiomycota	Agaricomycetes	Boletales	Boletaceae	12954	76.8
UP000683360	Mytilus edulis (Blue mussel)	6550	Metazoa	Mollusca	Bivalvia	Mytilida	Mytilidae	73624	80.1
UP000683925	Paramecium octaurelia	43137		Ciliophora	Oligohymenophorea	Peniculida	Parameciidae	41748	97.1
UP000688137	Paramecium primaurelia	5886		Ciliophora	Oligohymenophorea	Peniculida	Parameciidae	37792	97.1
UP000689195	Paramecium pentaurelia	43138		Ciliophora	Oligohymenophorea	Peniculida	Parameciidae	40886	98.2
UP000691718	Parnassius apollo (Apollo butterfly) (Papilio apollo)	110799	Metazoa	Arthropoda	Insecta	Lepidoptera	Papilionidae	29850	95.5
UP000692954	Paramecium sonneborni	65129		Ciliophora	Oligohymenophorea	Peniculida	Parameciidae	48764	98.8
UP000693946	Solea senegalensis (Senegalese sole)	28829	Metazoa	Chordata	Actinopteri	Pleuronectiformes	Soleidae	44389	97.7
UP000693981	Phytophthora boehmeriae	109152		Oomycota	Peronosporomycetes	Peronosporales	Peronosporaceae	11927	92.0
UP000694005	Brassica campestris (Field mustard)	3711	Viridiplantae	Streptophyta	Magnoliopsida	Brassicales	Brassicaceae	51921	97.1
UP000694044	Phytophthora pseudosyringae	221518		Oomycota	Peronosporomycetes	Peronosporales	Peronosporaceae	15363	95.0
UP000694255	Hemisphaericaspora subhashii	561895	Fungi	Ascomycota	Pichiomycetes	Serinales	Debaryomycetaceae	6132	93.9
UP000694380	Chrysemys picta bellii (Western painted turtle) (Emys bellii)	8478	Metazoa	Chordata		Testudines	Emydidae	37046	95.4
UP000694382	Geospiza parvula (Small tree-finch) (Camarhynchus parvulus)	87175	Metazoa	Chordata	Aves	Passeriformes	Thraupidae	24736	92.1
UP000694383	Oryzias sinensis (Chinese medaka)	183150	Metazoa	Chordata	Actinopteri	Beloniformes	Adrianichthyidae	51767	84.3
UP000694387	Equus asinus (Donkey) (Equus africanus asinus)	9793	Metazoa	Chordata	Mammalia	Perissodactyla	Equidae	48973	97.1
UP000694388	Eptatretus burgeri (Inshore hagfish)	7764	Metazoa	Chordata	Myxini	Myxiniformes	Myxinidae	25419	57.5
UP000694389	Dicentrarchus labrax (European seabass) (Morone labrax)	13489	Metazoa	Chordata	Actinopteri		Moronidae	66288	91.7
UP000694390	Gopherus evgoodei (Goodes thornscrub tortoise)	1825980	Metazoa	Chordata		Testudines	Testudinidae	30199	92.8
UP000694392	Sphenodon punctatus (Tuatara) (Hatteria punctata)	8508	Metazoa	Chordata	Lepidosauria	Sphenodontia	Sphenodontidae	24853	83.4
UP000694393	Pelusios castaneus (West African mud turtle)	367368	Metazoa	Chordata		Testudines	Pelomedusidae	26820	93.9
UP000694395	Oncorhynchus mykiss (Rainbow trout) (Salmo gairdneri)	8022	Metazoa	Chordata	Actinopteri	Salmoniformes	Salmonidae	119611	98.1
UP000694396	Cyanoderma ruficeps (rufous-capped babbler)	181631	Metazoa	Chordata	Aves	Passeriformes	Timaliidae	21562	93.2
UP000694397	Scleropages formosus (Asian bonytongue) (Osteoglossum formosum)	113540	Metazoa	Chordata	Actinopteri	Osteoglossiformes	Osteoglossidae	68105	97.2
UP000694401	Zosterops lateralis melanops	1220523	Metazoa	Chordata	Aves	Passeriformes	Zosteropidae	21599	85.7
UP000694402	Oncorhynchus tshawytscha (Chinook salmon) (Salmo tshawytscha)	74940	Metazoa	Chordata	Actinopteri	Salmoniformes	Salmonidae	121708	97.1
UP000694403	Chelydra serpentina (Snapping turtle) (Testudo serpentina)	8475	Metazoa	Chordata		Testudines	Chelydridae	28613	92.1
UP000694404	Chelonoidis abingdonii (Abingdon island giant tortoise) (Testudo abingdonii)	106734	Metazoa	Chordata		Testudines	Testudinidae	31592	88.2
UP000694405	Melopsittacus undulatus (Budgerigar) (Psittacus undulatus)	13146	Metazoa	Chordata	Aves	Psittaciformes	Psittaculidae	25030	93.8
UP000694406	Laticauda laticaudata (Blue-ringed sea krait) (Blue-lipped sea krait)	8630	Metazoa	Chordata	Lepidosauria	Squamata	Elapidae	25227	73.6
UP000694408	Junco hyemalis (Dark-eyed junco)	40217	Metazoa	Chordata	Aves	Passeriformes	Passerellidae	22411	87.4
UP000694410	Cyanistes caeruleus (Eurasian blue tit) (Parus caeruleus)	156563	Metazoa	Chordata	Aves	Passeriformes	Paridae	27051	91.7
UP000694411	Theropithecus gelada (Gelada baboon)	9565	Metazoa	Chordata	Mammalia	Primates	Cercopithecidae	35917	97.2
UP000694413	Zonotrichia albicollis (White-throated sparrow) (Fringilla albicollis)	44394	Metazoa	Chordata	Aves	Passeriformes	Passerellidae	23103	87.2
UP000694415	Mus spicilegus (Mound-building mouse)	10103	Metazoa	Chordata	Mammalia	Rodentia	Muridae	35596	96.1
UP000694416	Piliocolobus tephrosceles (Ugandan red Colobus)	591936	Metazoa	Chordata	Mammalia	Primates	Cercopithecidae	39892	94.6
UP000694419	Calidris pygmaea (Spoon-billed sandpiper)	425635	Metazoa	Chordata	Aves	Charadriiformes	Scolopacidae	26111	93.9
UP000694420	Nothoprocta perdicaria (Chilean tinamou) (Crypturus perdicarius)	30464	Metazoa	Chordata	Aves	Tinamiformes	Tinamidae	21914	83.3
UP000694421	Salvator merianae (Argentine black and white tegu) (Tupinambis merianae)	96440	Metazoa	Chordata	Lepidosauria	Squamata	Teiidae	29536	94.4
UP000694422	Spermophilus dauricus (Daurian ground squirrel)	99837	Metazoa	Chordata	Mammalia	Rodentia	Sciuridae	27244	82.9
UP000694423	Dromaius novaehollandiae (Emu)	8790	Metazoa	Chordata	Aves	Casuariiformes	Dromaiidae	26023	95.1
UP000694424	Apteryx owenii (Little spotted kiwi)	8824	Metazoa	Chordata	Aves	Apterygiformes	Apterygidae	27523	92.4
UP000694425	Neogale vison (American mink) (Mustela vison)	452646	Metazoa	Chordata	Mammalia	Carnivora	Mustelidae	31301	93.3
UP000694427	Cyprinus carpio (Common carp)	7962	Metazoa	Chordata	Actinopteri	Cypriniformes	Cyprinidae	121350	97.3
UP000694428	Pavo cristatus (Indian peafowl) (Blue peafowl)	9049	Metazoa	Chordata	Aves	Galliformes	Phasianidae	25675	70.9
UP000694520	Bos grunniens (Wild yak) (Bos mutus grunniens)	30521	Metazoa	Chordata	Mammalia	Artiodactyla	Bovidae	39898	92.0
UP000694521	Anser cygnoides (Swan goose)	8845	Metazoa	Chordata	Aves	Anseriformes	Anatidae	26655	95.0
UP000694522	Amazona collaria (yellow-billed parrot)	241587	Metazoa	Chordata	Aves	Psittaciformes	Psittacidae	25605	91.5
UP000694523	Neogobius melanostomus (round goby)	47308	Metazoa	Chordata	Actinopteri	Gobiiformes	Gobiidae	44788	81.0
UP000694541	Accipiter nisus (Eurasian sparrowhawk)	211598	Metazoa	Chordata	Aves	Accipitriformes	Accipitridae	26996	88.2
UP000694543	Chrysolophus pictus (Golden pheasant) (Phasianus pictus)	9089	Metazoa	Chordata	Aves	Galliformes	Phasianidae	18740	80.9
UP000694545	Varanus komodoensis (Komodo dragon)	61221	Metazoa	Chordata	Lepidosauria	Squamata	Varanidae	29080	89.5
UP000694546	Gadus morhua (Atlantic cod)	8049	Metazoa	Chordata	Actinopteri	Gadiformes	Gadidae	61790	92.5
UP000694548	Nothobranchius furzeri (Turquoise killifish)	105023	Metazoa	Chordata	Actinopteri	Cyprinodontiformes	Nothobranchiidae	54480	83.2
UP000694549	Anas zonorhyncha (Eastern spot-billed duck)	75864	Metazoa	Chordata	Aves	Anseriformes	Anatidae	28886	94.6
UP000694551	Strix occidentalis caurina (northern spotted owl)	311401	Metazoa	Chordata	Aves	Strigiformes	Strigidae	23547	84.4
UP000694552	Otus sunia (Oriental scops-owl)	257818	Metazoa	Chordata	Aves	Strigiformes	Strigidae	24027	94.4
UP000694553	Corvus moneduloides (New Caledonian crow)	1196302	Metazoa	Chordata	Aves	Passeriformes	Corvidae	28261	94.4
UP000694555	Buteo japonicus	224669	Metazoa	Chordata	Aves	Accipitriformes	Accipitridae	25714	88.1
UP000694556	Cairina moschata (Muscovy duck)	8855	Metazoa	Chordata	Aves	Anseriformes	Anatidae	28574	95.4
UP000694557	Oncorhynchus kisutch (Coho salmon) (Salmo kisutch)	8019	Metazoa	Chordata	Actinopteri	Salmoniformes	Salmonidae	115433	98.0
UP000694559	Naja naja (Indian cobra)	35670	Metazoa	Chordata	Lepidosauria	Squamata	Elapidae	29718	85.0
UP000694560	Malurus cyaneus samueli	2593467	Metazoa	Chordata	Aves	Passeriformes	Maluridae	23024	83.1
UP000694562	Falco tinnunculus (Common kestrel)	100819	Metazoa	Chordata	Aves	Falconiformes	Falconidae	25297	95.4
UP000694563	Catharus ustulatus (Russet-backed thrush) (Hylocichla ustulatus)	91951	Metazoa	Chordata	Aves	Passeriformes	Turdidae	28921	89.9
UP000694565	Cyclopterus lumpus (Lumpsucker)	8103	Metazoa	Chordata	Actinopteri	Perciformes	Cyclopteridae	50861	92.7
UP000694567	Bubo bubo (Eurasian eagle-owl) (Strix bubo)	30461	Metazoa	Chordata	Aves	Strigiformes	Strigidae	25032	90.8
UP000694568	Sander lucioperca (Pike-perch) (Perca lucioperca)	283035	Metazoa	Chordata	Actinopteri	Perciformes	Percidae	61000	96.1
UP000694569	Leptobrachium leishanense (Leishan spiny toad)	445787	Metazoa	Chordata	Amphibia	Anura	Megophryidae	48917	91.7
UP000694580	Denticeps clupeoides (denticle herring)	299321	Metazoa	Chordata	Actinopteri	Clupeiformes	Denticipitidae	61792	94.3
UP000694620	Erpetoichthys calabaricus (Rope fish) (Calamoichthys calabaricus)	27687	Metazoa	Chordata	Cladistia	Polypteriformes	Polypteridae	33804	90.7
UP000694680	Gouania willdenowi (Blunt-snouted clingfish) (Lepadogaster willdenowi)	441366	Metazoa	Chordata	Actinopteri	Blenniiformes	Gobiesocidae	56004	92.8
UP000694843	Hyalella azteca (Mexican freshwater shrimp) (Ampithoe aztecus)	294128	Metazoa	Arthropoda	Malacostraca	Amphipoda	Hyalellidae	21129	95.6
UP000694844	Crassostrea virginica (Eastern oyster)	6565	Metazoa	Mollusca	Bivalvia	Ostreida	Ostreidae	50256	98.2
UP000694845	Acanthaster planci (Crown-of-thorns starfish)	133434	Metazoa	Echinodermata	Asteroidea	Valvatida	Acanthasteridae	25685	98.7
UP000694846	Sipha flava (yellow sugarcane aphid)	143950	Metazoa	Arthropoda	Insecta	Hemiptera	Aphididae	18157	97.1
UP000694850	Orycteropus afer afer	1230840	Metazoa	Chordata	Mammalia	Tubulidentata	Orycteropodidae	18921	81.7
UP000694851	Hipposideros armiger (Great Himalayan leaf-nosed bat)	186990	Metazoa	Chordata	Mammalia	Chiroptera	Hipposideridae	36412	93.4
UP000694853	Abrus precatorius (Indian licorice) (Glycine abrus)	3816	Viridiplantae	Streptophyta	Magnoliopsida	Fabales	Fabaceae	34846	98.1
UP000694856	Camelus ferus (Wild bactrian camel) (Camelus bactrianus ferus)	419612	Metazoa	Chordata	Mammalia	Artiodactyla	Camelidae	43046	98.7
UP000694857	Balaenoptera musculus (Blue whale)	9771	Metazoa	Chordata	Mammalia	Artiodactyla	Balaenopteridae	42275	98.9
UP000694861	Prunus mume (Japanese apricot) (Armeniaca mume)	102107	Viridiplantae	Streptophyta	Magnoliopsida	Rosales	Rosaceae	26575	98.5
UP000694863	Echinops telfairi (Lesser hedgehog tenrec)	9371	Metazoa	Chordata	Mammalia	Afrosoricida	Tenrecidae	28957	70.1
UP000694864	Camelina sativa (False flax) (Myagrum sativum)	90675	Viridiplantae	Streptophyta	Magnoliopsida	Brassicales	Brassicaceae	92816	99.8
UP000694865	Saccoglossus kowalevskii (Acorn worm)	10224	Metazoa	Hemichordata	Enteropneusta		Harrimaniidae	22982	89.9
UP000694866	Fopius arisanus	64838	Metazoa	Arthropoda	Insecta	Hymenoptera	Braconidae	15684	97.1
UP000694867	Galendromus occidentalis (western predatory mite)	34638	Metazoa	Arthropoda	Arachnida	Mesostigmata	Phytoseiidae	11652	98.7
UP000694871	Gekko japonicus (Schlegel's Japanese gecko)	146911	Metazoa	Chordata	Lepidosauria	Squamata	Gekkonidae	22751	93.3
UP000694888	Aplysia californica (California sea hare)	6500	Metazoa	Mollusca	Gastropoda	Aplysiida	Aplysiidae	23268	97.3
UP000694891	Stegastes partitus (bicolor damselfish)	144197	Metazoa	Chordata	Actinopteri		Pomacentridae	28784	98.8
UP000694904	Drosophila arizonae (Fruit fly)	7263	Metazoa	Arthropoda	Insecta	Diptera	Drosophilidae	18139	95.9
UP000694906	Heterocephalus glaber (Naked mole rat)	10181	Metazoa	Chordata	Mammalia	Rodentia	Bathyergidae	48019	98.4
UP000694910	Ceratotherium simum simum (Southern white rhinoceros)	73337	Metazoa	Chordata	Mammalia	Perissodactyla	Rhinocerotidae	30463	98.9
UP000694915	Microtus ochrogaster (Prairie vole)	79684	Metazoa	Chordata	Mammalia	Rodentia	Cricetidae	32284	98.6
UP000694918	Populus euphratica (Euphrates poplar)	75702	Viridiplantae	Streptophyta	Magnoliopsida	Malpighiales	Salicaceae	39850	98.2
UP000694920	Cephus cinctus (Wheat stem sawfly)	211228	Metazoa	Arthropoda	Insecta	Hymenoptera	Cephidae	23690	99.1
UP000694923	Galeopterus variegatus (Malayan flying lemur) (Cynocephalus variegatus)	482537	Metazoa	Chordata	Mammalia	Dermoptera	Cynocephalidae	29842	90.3
UP000694924	Polistes dominula (European paper wasp) (Vespa dominula)	743375	Metazoa	Arthropoda	Insecta	Hymenoptera	Vespidae	16591	98.3
UP000694925	Ceratina calcarata	156304	Metazoa	Arthropoda	Insecta	Hymenoptera	Apidae	18564	96.9
UP000694930	Solanum pennellii (Tomato) (Lycopersicon pennellii)	28526	Viridiplantae	Streptophyta	Magnoliopsida	Solanales	Solanaceae	32393	98.8
UP000694941	Limulus polyphemus (Atlantic horseshoe crab)	6850	Metazoa	Arthropoda	Merostomata	Xiphosura	Limulidae	31306	93.8
UP000695000	Nicrophorus vespilloides (Boreal carrion beetle)	110193	Metazoa	Arthropoda	Insecta	Coleoptera	Silphidae	17606	99.4
UP000695007	Ceratosolen solmsi marchali	326594	Metazoa	Arthropoda	Insecta	Hymenoptera	Agaonidae	11647	92.7
UP000695022	Priapulus caudatus (Priapulid worm)	37621	Metazoa	Priapulida	Priapulimorpha	Priapulimorphida	Priapulidae	18404	89.4
UP000695023	Pundamilia nyererei	303518	Metazoa	Chordata	Actinopteri	Cichliformes	Cichlidae	33589	97.7
UP000695026	Python bivittatus (Burmese python) (Python molurus bivittatus)	176946	Metazoa	Chordata	Lepidosauria	Squamata	Pythonidae	27875	92.5
UP000695562	Polysphondylium violaceum	133409		Evosea	Eumycetozoa	Dictyosteliales	Dictyosteliaceae	10615	94.5
UP000696280	Hymenoscyphus fraxineus	746836	Fungi	Ascomycota	Leotiomycetes	Helotiales	Helotiaceae	13821	93.3
UP000696485	Podila minutissima	64525	Fungi	Mortierellomycota	Mortierellomycetes	Mortierellales	Mortierellaceae	11340	93.4
UP000696573	Clonostachys rhizophaga	160324	Fungi	Ascomycota	Sordariomycetes	Hypocreales	Bionectriaceae	18835	96.9
UP000697127	Pichia californica	460514	Fungi	Ascomycota	Pichiomycetes	Pichiales	Pichiaceae	5369	82.6
UP000697297	Ogataea haglerorum	1937702	Fungi	Ascomycota	Pichiomycetes	Pichiales	Pichiaceae	5403	88.9
UP000698800	Glutinoglossum americanum	1670608	Fungi	Ascomycota	Geoglossomycetes	Geoglossales	Geoglossaceae	7645	88.9
UP000699042	Colletotrichum scovillei	1209932	Fungi	Ascomycota	Sordariomycetes	Glomerellales	Glomerellaceae	15676	96.0
UP000699462	Paragonimus westermani	34504	Metazoa	Platyhelminthes	Trematoda	Plagiorchiida	Troglotrematidae	12048	69.7
UP000700334	Galemys pyrenaicus (Iberian desman) (Pyrenean desman)	202257	Metazoa	Chordata	Mammalia	Eulipotyphla	Talpidae	20755	82.7
UP000700596	Dendryphion nanum	256645	Fungi	Ascomycota	Dothideomycetes	Pleosporales	Torulaceae	13872	90.7
UP000701341	Penicillium crustosum (Blue mold fungus)	36656	Fungi	Ascomycota	Eurotiomycetes	Eurotiales	Aspergillaceae	10566	97.4
UP000701801	Hymenoscyphus albidus	595503	Fungi	Ascomycota	Leotiomycetes	Helotiales	Helotiaceae	13612	93.5
UP000703269	Phanerochaete sordida	48140	Fungi	Basidiomycota	Agaricomycetes	Polyporales	Phanerochaetaceae	17146	98.8
UP000703661	Entomortierella chlamydospora	101097	Fungi	Mortierellomycota	Mortierellomycetes	Mortierellales	Mortierellaceae	11718	84.8
UP000706124	Claviceps pazoutovae	1649127	Fungi	Ascomycota	Sordariomycetes	Hypocreales	Clavicipitaceae	7857	95.9
UP000707071	Claviceps aff. purpurea	1967640	Fungi	Ascomycota	Sordariomycetes	Hypocreales	Clavicipitaceae	8194	95.5
UP000707451	Linnemannia hyalina	64524	Fungi	Mortierellomycota	Mortierellomycetes	Mortierellales	Mortierellaceae	12531	94.4
UP000708148	Ostreobium quekettii	121088	Viridiplantae	Chlorophyta	Ulvophyceae	Bryopsidales	Ostreobiaceae	10809	65.0
UP000708208	Allacma fusca	39272	Metazoa	Arthropoda	Collembola	Symphypleona	Sminthuridae	50569	91.9
UP000709295	Phytophthora aleatoria	2496075		Oomycota	Peronosporomycetes	Peronosporales	Peronosporaceae	17716	99.0
UP000710440	Aspergillus viridinutans	75553	Fungi	Ascomycota	Eurotiomycetes	Eurotiales	Aspergillaceae	10039	99.2
UP000710849	Botrytis byssoidea	139641	Fungi	Ascomycota	Leotiomycetes	Helotiales	Sclerotiniaceae	12209	99.0
UP000711996	Colletotrichum siamense (Anthracnose fungus)	690259	Fungi	Ascomycota	Sordariomycetes	Glomerellales	Glomerellaceae	15043	97.1
UP000714275	Suillus placidus	48579	Fungi	Basidiomycota	Agaricomycetes	Boletales	Suillaceae	14951	97.4
UP000714618	Aureobasidium mustum	2773714	Fungi	Ascomycota	Dothideomycetes	Dothideales	Saccotheciaceae	10231	90.0
UP000716291	Rhizopus oryzae (Mucormycosis agent) (Rhizopus arrhizus var. delemar)	64495	Fungi	Mucoromycota	Mucoromycetes	Mucorales	Rhizopodaceae	15531	92.4
UP000716446	Aureobasidium vineae	2773715	Fungi	Ascomycota	Dothideomycetes	Dothideales	Saccotheciaceae	9680	89.7
UP000716595	Eudyptes chrysocome (Western rockhopper penguin) (Aptenodytes chrysocome)	79626	Metazoa	Chordata	Aves	Sphenisciformes	Spheniscidae	12771	72.6
UP000717328	Sphagnurus paluster	117069	Fungi	Basidiomycota	Agaricomycetes	Agaricales	Lyophyllaceae	12256	73.9
UP000717585	Carpediemonas membranifera	201153		Fornicata				8117	47.1
UP000717696	Dactylonectria estremocensis	1079267	Fungi	Ascomycota	Sordariomycetes	Hypocreales	Nectriaceae	19072	97.8
UP000719412	Tenebrio molitor (Yellow mealworm beetle)	7067	Metazoa	Arthropoda	Insecta	Coleoptera	Tenebrionidae	15190	60.6
UP000719766	Suillus plorans	116603	Fungi	Basidiomycota	Agaricomycetes	Boletales	Suillaceae	16092	98.1
UP000720189	Fusarium redolens	48865	Fungi	Ascomycota	Sordariomycetes	Hypocreales	Nectriaceae	17005	97.5
UP000722485	Cylindrodendrum hubeiense	595255	Fungi	Ascomycota	Sordariomycetes	Hypocreales	Nectriaceae	13744	95.3
UP000723463	Mortierella hygrophila	979708	Fungi	Mortierellomycota	Mortierellomycetes	Mortierellales	Mortierellaceae	12181	97.1
UP000724584	Chaetomium tenue	1854479	Fungi	Ascomycota	Sordariomycetes	Sordariales	Chaetomiaceae	11568	96.8
UP000724874	Gymnopilus junonius (Spectacular rustgill mushroom) (Gymnopilus spectabilis subsp. junonius)	109634	Fungi	Basidiomycota	Agaricomycetes	Agaricales	Hymenogastraceae	16328	94.3
UP000725257	Eudyptes sclateri (Erect-crested penguin)	92688	Metazoa	Chordata	Aves	Sphenisciformes	Spheniscidae	12730	72.6
UP000726737	Mortierella polycephala	41804	Fungi	Mortierellomycota	Mortierellomycetes	Mortierellales	Mortierellaceae	10180	92.8
UP000727407	Clarias magur (Asian catfish) (Macropteronotus magur)	1594786	Metazoa	Chordata	Actinopteri	Siluriformes	Clariidae	23377	60.4
UP000728032	Oppiella nova	334625	Metazoa	Arthropoda	Arachnida	Sarcoptiformes	Oppiidae	23438	83.0
UP000728185	Fasciolopsis buskii	27845	Metazoa	Platyhelminthes	Trematoda	Plagiorchiida	Fasciolidae	11809	57.5
UP000729357	Aureobasidium melanogenum (Aureobasidium pullulans var. melanogenum)	46634	Fungi	Ascomycota	Dothideomycetes	Dothideales	Saccotheciaceae	22224	78.2
UP000729402	Zizania palustris (Northern wild rice)	103762	Viridiplantae	Streptophyta	Magnoliopsida	Poales	Poaceae	54742	89.6
UP000729913	Cotesia typhae	2053667	Metazoa	Arthropoda	Insecta	Hymenoptera	Braconidae	8420	59.0
UP000730481	Fusarium beomiforme	44412	Fungi	Ascomycota	Sordariomycetes	Hypocreales	Nectriaceae	14518	97.5
UP000732380	Claviceps humidiphila	1294629	Fungi	Ascomycota	Sordariomycetes	Hypocreales	Clavicipitaceae	8318	95.5
UP000734854	Zingiber officinale (Ginger) (Amomum zingiber)	94328	Viridiplantae	Streptophyta	Magnoliopsida	Zingiberales	Zingiberaceae	71528	84.8
UP000736164	Atractosteus spatula (Alligator gar) (Lepisosteus spatula)	7917	Metazoa	Chordata	Actinopteri	Semionotiformes	Lepisosteidae	14758	79.0
UP000736335	Thelephora terrestris	56493	Fungi	Basidiomycota	Agaricomycetes	Thelephorales	Thelephoraceae	13184	98.6
UP000736672	Fusarium solani (Filamentous fungus)	169388	Fungi	Ascomycota	Sordariomycetes	Hypocreales	Nectriaceae	17641	98.3
UP000737018	Castanea mollissima (Chinese chestnut)	60419	Viridiplantae	Streptophyta	Magnoliopsida	Fagales	Fagaceae	34261	93.4
UP000737391	Fusarium agapanthi	1803897	Fungi	Ascomycota	Sordariomycetes	Hypocreales	Nectriaceae	13309	97.0
UP000738325	Dissophora globulifera	979702	Fungi	Mortierellomycota	Mortierellomycetes	Mortierellales	Mortierellaceae	10385	93.5
UP000738349	Dactylonectria macrodidyma	307937	Fungi	Ascomycota	Sordariomycetes	Hypocreales	Nectriaceae	21132	97.8
UP000738359	Mortierella alpina (Oleaginous fungus) (Mortierella renispora)	64518	Fungi	Mortierellomycota	Mortierellomycetes	Mortierellales	Mortierellaceae	10605	87.5
UP000740883	Nosema granulosis	83296	Fungi	Microsporidia			Nosematidae	3639	92.5
UP000740926	Rhizopus delemar	936053	Fungi	Mucoromycota	Mucoromycetes	Mucorales	Rhizopodaceae	18650	91.7
UP000742024	Claviceps arundinis	1623583	Fungi	Ascomycota	Sordariomycetes	Hypocreales	Clavicipitaceae	8116	95.4
UP000742417	Candida africana	241526	Fungi	Ascomycota	Pichiomycetes	Serinales	Debaryomycetaceae	2850	53.9
UP000744676	Geotrichum galactomycetum	27317	Fungi	Ascomycota	Dipodascomycetes	Dipodascales	Dipodascaceae	4730	65.6
UP000745764	Aureobasidium uvarum	2773716	Fungi	Ascomycota	Dothideomycetes	Dothideales	Saccotheciaceae	9771	89.9
UP000746747	Cercopithifilaria johnstoni	2874296	Metazoa	Nematoda	Chromadorea	Rhabditida	Onchocercidae	11543	95.4
UP000747110	Volvox reticuliferus	1737510	Viridiplantae	Chlorophyta	Chlorophyceae	Chlamydomonadales	Volvocaceae	19030	79.4
UP000747399	Volvox africanus	51714	Viridiplantae	Chlorophyta	Chlorophyceae	Chlamydomonadales	Volvocaceae	18297	71.7
UP000747542	Homarus americanus (American lobster)	6706	Metazoa	Arthropoda	Malacostraca	Decapoda	Nephropidae	24357	85.3
UP000748025	Claviceps pusilla	123648	Fungi	Ascomycota	Sordariomycetes	Hypocreales	Clavicipitaceae	8618	90.3
UP000748531	Paragonimus heterotremus	100268	Metazoa	Platyhelminthes	Trematoda	Plagiorchiida	Troglotrematidae	12468	65.7
UP000748756	Linnemannia schmuckeri	64567	Fungi	Mortierellomycota	Mortierellomycetes	Mortierellales	Mortierellaceae	12054	91.8
UP000749293	Geosmithia morbida	1094350	Fungi	Ascomycota	Sordariomycetes	Hypocreales	Bionectriaceae	7805	92.6
UP000749559	Owenia fusiformis (Polychaete worm)	6347	Metazoa	Annelida	Polychaeta	Sabellida	Oweniidae	30622	96.0
UP000749646	Modicella reniformis	1440133	Fungi	Mortierellomycota	Mortierellomycetes	Mortierellales	Mortierellaceae	12893	71.1
UP000750334	Maudiozyma exigua (Yeast) (Kazachstania exigua)	34358	Fungi	Ascomycota	Saccharomycetes	Saccharomycetales	Saccharomycetaceae	5380	96.9
UP000750502	Fusarium xylarioides	221167	Fungi	Ascomycota	Sordariomycetes	Hypocreales	Nectriaceae	14677	98.9
UP000750711	Trichoglossum hirsutum	265104	Fungi	Ascomycota	Geoglossomycetes	Geoglossales	Geoglossaceae	8948	77.4
UP000751161	Aptenodytes patagonicus (King penguin)	9234	Metazoa	Chordata	Aves	Sphenisciformes	Spheniscidae	13684	78.7
UP000751190	Diacronema lutheri (Unicellular marine alga) (Monochrysis lutheri)	2081491		Haptophyta	Pavlovophyceae	Pavlovales	Pavlovaceae	14328	83.5
UP000752696	Heterotrigona itama	395501	Metazoa	Arthropoda	Insecta	Hymenoptera	Apidae	9721	57.3
UP000754883	Clonostachys byssicola	160290	Fungi	Ascomycota	Sordariomycetes	Hypocreales	Bionectriaceae	18485	97.4
UP000756132	Fulvia fulva (Tomato leaf mold) (Passalora fulva)	5499	Fungi	Ascomycota	Dothideomycetes	Mycosphaerellales	Mycosphaerellaceae	14687	98.9
UP000756346	Microdochium trichocladiopsis	1682393	Fungi	Ascomycota	Sordariomycetes	Xylariales	Microdochiaceae	15903	97.3
UP000756921	Paraphaeosphaeria minitans	565426	Fungi	Ascomycota	Dothideomycetes	Pleosporales	Didymosphaeriaceae	13540	92.2
UP000757232	Sanghuangporus baumii (Phellinus baumii)	108892	Fungi	Basidiomycota	Agaricomycetes	Hymenochaetales	Hymenochaetaceae	8445	86.8
UP000758155	Didymella heteroderae	1769908	Fungi	Ascomycota	Dothideomycetes	Pleosporales	Didymellaceae	11640	93.9
UP000758603	Truncatella angustata	152316	Fungi	Ascomycota	Sordariomycetes	Amphisphaeriales	Sporocadaceae	14769	97.6
UP000759131	Medioppia subpectinata	1979941	Metazoa	Arthropoda	Arachnida	Sarcoptiformes	Oppiidae	23182	82.8
UP000759537	Russula ochroleuca	152965	Fungi	Basidiomycota	Agaricomycetes	Russulales	Russulaceae	11812	97.5
UP000761534	Blastobotrys ciferrii	44093	Fungi	Ascomycota	Dipodascomycetes	Dipodascales	Trichomonascaceae	6902	88.2
UP000764110	Metarhizium humberi	2596975	Fungi	Ascomycota	Sordariomycetes	Hypocreales	Clavicipitaceae	10545	95.4
UP000765507	Chelydra serpentina (Snapping turtle) (Testudo serpentina)	8475	Metazoa	Chordata		Testudines	Chelydridae	20878	86.2
UP000766486	Clonostachys rosea (Bionectria ochroleuca)	29856	Fungi	Ascomycota	Sordariomycetes	Hypocreales	Bionectriaceae	18204	95.0
UP000768646	Pneumocystis oryctolagi	42067	Fungi	Ascomycota	Pneumocystomycetes	Pneumocystales	Pneumocystaceae	2856	61.9
UP000769157	Ogataea philodendri	1378263	Fungi	Ascomycota	Pichiomycetes	Pichiales	Pichiaceae	7446	90.2
UP000769528	Waltiozyma mucosa	1378264	Fungi	Ascomycota	Saccharomycetes	Phaffomycetales	Wickerhamomycetaceae	5967	97.0
UP000770015	Plectosphaerella plurivora	936078	Fungi	Ascomycota	Sordariomycetes	Glomerellales	Plectosphaerellaceae	12431	80.1
UP000770661	Chionoecetes opilio (Atlantic snow crab) (Cancer opilio)	41210	Metazoa	Arthropoda	Malacostraca	Decapoda	Majidae	22426	62.9
UP000770717	Eleutherodactylus coqui (Puerto Rican coqui)	57060	Metazoa	Chordata	Amphibia	Anura	Eleutherodactylidae	32432	78.9
UP000772434	Rhodocollybia butyracea	206335	Fungi	Basidiomycota	Agaricomycetes	Agaricales	Omphalotaceae	22626	94.4
UP000774326	Waltiozyma pijperi (Yeast) (Wickerhamomyces pijperi)	599730	Fungi	Ascomycota	Saccharomycetes	Phaffomycetales	Wickerhamomycetaceae	10143	96.8
UP000774617	Macrophomina phaseolina (Charcoal rot fungus) (Macrophoma phaseolina)	35725	Fungi	Ascomycota	Dothideomycetes	Botryosphaeriales	Botryosphaeriaceae	14827	98.5
UP000775213	Dendrobium chrysotoxum (Orchid)	161865	Viridiplantae	Streptophyta	Magnoliopsida	Asparagales	Orchidaceae	24898	70.9
UP000775547	Asterophora parasitica	117018	Fungi	Basidiomycota	Agaricomycetes	Agaricales	Lyophyllaceae	9415	74.7
UP000775872	Clonostachys solani	160281	Fungi	Ascomycota	Sordariomycetes	Hypocreales	Bionectriaceae	18026	97.4
UP000777438	Thelonectria olida	1576542	Fungi	Ascomycota	Sordariomycetes	Hypocreales	Nectriaceae	16586	97.8
UP000777482	Rhodotorula mucilaginosa (Yeast) (Rhodotorula rubra)	5537	Fungi	Basidiomycota	Microbotryomycetes	Sporidiobolales	Sporidiobolaceae	7020	93.5
UP000780801	Lunasporangiospora selenospora	979761	Fungi	Mortierellomycota	Mortierellomycetes	Mortierellales	Mortierellaceae	10949	80.0
UP000781932	Colletotrichum karsti	1095194	Fungi	Ascomycota	Sordariomycetes	Glomerellales	Glomerellaceae	13328	96.0
UP000782241	Fusarium avenaceum	40199	Fungi	Ascomycota	Sordariomycetes	Hypocreales	Nectriaceae	11232	96.5
UP000782854	Eudyptula minor (Little blue penguin) (Aptenodytes minor)	37083	Metazoa	Chordata	Aves	Sphenisciformes	Spheniscidae	14871	80.1
UP000783213	Botrytis deweyae	2478750	Fungi	Ascomycota	Leotiomycetes	Helotiales	Sclerotiniaceae	12473	99.7
UP000785099	Spheniscus mendiculus (Galapagos penguin)	156760	Metazoa	Chordata	Aves	Sphenisciformes	Spheniscidae	14344	77.9
UP000785200	Hyphodiscus hymeniophilus	353542	Fungi	Ascomycota	Leotiomycetes	Helotiales	Hyphodiscaceae	8215	79.4
UP000786811	Cotesia congregata (Parasitoid wasp) (Apanteles congregatus)	51543	Metazoa	Arthropoda	Insecta	Hymenoptera	Braconidae	13934	80.8
UP000788993	Ogataea polymorpha	460523	Fungi	Ascomycota	Pichiomycetes	Pichiales	Pichiaceae	6801	90.3
UP000789390	Daphnia galeata	27404	Metazoa	Arthropoda	Branchiopoda	Diplostraca	Daphniidae	15633	93.0
UP000789524	Danaus chrysippus (African queen)	151541	Metazoa	Arthropoda	Insecta	Lepidoptera	Nymphalidae	19335	96.0
UP000789572	Paraglomus occultum	144539	Fungi	Glomeromycota	Glomeromycetes	Paraglomerales	Paraglomeraceae	11373	74.3
UP000789595	Pelagomonas calceolata	35677			Pelagophyceae	Pelagomonadales	Pelagomonadaceae	16441	88.0
UP000789739	Paraglomus brasilianum	144538	Fungi	Glomeromycota	Glomeromycetes	Paraglomerales	Paraglomeraceae	11837	85.5
UP000789831	Ambispora gerdemannii	144530	Fungi	Glomeromycota	Glomeromycetes	Archaeosporales	Ambisporaceae	13681	84.7
UP000790347	Dermatophagoides farinae (American house dust mite)	6954	Metazoa	Arthropoda	Arachnida	Sarcoptiformes	Pyroglyphidae	16377	94.9
UP000790377	Hygrophoropsis aurantiaca	72124	Fungi	Basidiomycota	Agaricomycetes	Boletales	Hygrophoropsidaceae	14072	95.1
UP000790709	Leucogyrophana mollusca	85980	Fungi	Basidiomycota	Agaricomycetes	Boletales		14607	97.8
UP000790787	Nicotiana tabacum (Common tobacco)	4097	Viridiplantae	Streptophyta	Magnoliopsida	Solanales	Solanaceae	75390	99.1
UP000790833	Lizanozyma spartinae	45513	Fungi	Ascomycota	Pichiomycetes	Serinales	Debaryomycetaceae	5041	89.6
UP000791440	Manduca sexta (Tobacco hawkmoth) (Tobacco hornworm)	7130	Metazoa	Arthropoda	Insecta	Lepidoptera	Sphingidae	21008	93.5
UP000792457	Ladona fulva (Scarce chaser dragonfly) (Libellula fulva)	123851	Metazoa	Arthropoda	Insecta	Odonata	Libellulidae	18636	79.2
UP000793456	Larimichthys crocea (Large yellow croaker) (Pseudosciaena crocea)	215358	Metazoa	Chordata	Actinopteri		Sciaenidae	22140	68.8
UP000794436	Pythium oligandrum (Mycoparasitic fungus)	41045		Oomycota	Peronosporomycetes	Pythiales	Pythiaceae	14742	100.0
UP000796761	Zosterops borbonicus	364589	Metazoa	Chordata	Aves	Passeriformes	Zosteropidae	22327	88.3
UP000796880	Rhamnella rubrinervis	2594499	Viridiplantae	Streptophyta	Magnoliopsida	Rosales	Rhamnaceae	27017	95.6
UP000797356	Cocos nucifera (Coconut palm)	13894	Viridiplantae	Streptophyta	Magnoliopsida	Arecales	Arecaceae	27983	65.4
UP000798662	Pyropia yezoensis (Susabi-nori) (Porphyra yezoensis)	2788		Rhodophyta	Bangiophyceae	Bangiales	Bangiaceae	13100	51.0
UP000799049	Andalucia godoyi (Flagellate)	505711			Jakobea	Jakobida	Andaluciidae	1023	10.6
UP000799291	Lentithecium fluviatile CBS 122367	1168545	Fungi	Ascomycota	Dothideomycetes	Pleosporales	Lentitheciaceae	16710	93.3
UP000799302	Microthyrium microscopicum	703497	Fungi	Ascomycota	Dothideomycetes	Microthyriales	Microthyriaceae	12491	87.3
UP000799324	Lophiostoma macrostomum CBS 122681	1314788	Fungi	Ascomycota	Dothideomycetes	Pleosporales	Lophiostomataceae	16140	90.2
UP000799421	Piedraia hortae CBS 480.64	1314780	Fungi	Ascomycota	Dothideomycetes	Capnodiales	Piedraiaceae	7550	65.2
UP000799423	Plenodomus tracheiphilus IPT5	1408161	Fungi	Ascomycota	Dothideomycetes	Pleosporales	Leptosphaeriaceae	13190	97.3
UP000799424	Ophiobolus disseminans	1469910	Fungi	Ascomycota	Dothideomycetes	Pleosporales	Phaeosphaeriaceae	16026	97.4
UP000799428	Pleomassaria siparia CBS 279.74	1314801	Fungi	Ascomycota	Dothideomycetes	Pleosporales	Pleomassariaceae	13452	89.4
UP000799429	Patellaria atrata CBS 101060	1346257	Fungi	Ascomycota	Dothideomycetes	Patellariales	Patellariaceae	9745	93.8
UP000799436	Teratosphaeria nubilosa	161662	Fungi	Ascomycota	Dothideomycetes	Mycosphaerellales	Teratosphaeriaceae	10998	95.8
UP000799437	Pseudovirgaria hyperparasitica	470096	Fungi	Ascomycota	Dothideomycetes	Acrospermales	Acrospermaceae	11212	93.8
UP000799438	Aplosporella prunicola CBS 121167	1176127	Fungi	Ascomycota	Dothideomycetes	Botryosphaeriales	Aplosporellaceae	12493	97.0
UP000799439	Myriangium duriaei CBS 260.36	1168546	Fungi	Ascomycota	Dothideomycetes	Myriangiales	Myriangiaceae	10674	93.2
UP000799440	Sporormia fimetaria CBS 119925	1340428	Fungi	Ascomycota	Dothideomycetes	Pleosporales	Sporormiaceae	10772	78.3
UP000799441	Polychaeton citri CBS 116435	1314669	Fungi	Ascomycota	Dothideomycetes	Capnodiales	Capnodiaceae	10579	91.1
UP000799444	Polyplosphaeria fusca	682080	Fungi	Ascomycota	Dothideomycetes	Pleosporales	Tetraplosphaeriaceae	15190	88.7
UP000799536	Delitschia confertaspora ATCC 74209	1513339	Fungi	Ascomycota	Dothideomycetes	Pleosporales	Delitschiaceae	10166	79.7
UP000799537	Zasmidium cellare ATCC 36951	1080233	Fungi	Ascomycota	Dothideomycetes	Mycosphaerellales	Mycosphaerellaceae	16014	98.8
UP000799538	Elsinoe ampelina	302913	Fungi	Ascomycota	Dothideomycetes	Myriangiales	Elsinoaceae	10204	94.1
UP000799539	Cercospora zeae-maydis SCOH1-5	717836	Fungi	Ascomycota	Dothideomycetes	Mycosphaerellales	Mycosphaerellaceae	12005	97.0
UP000799640	Trichodelitschia bisporula	703511	Fungi	Ascomycota	Dothideomycetes	Phaeotrichales	Phaeotrichaceae	10177	88.4
UP000799750	Lophium mytilinum	390894	Fungi	Ascomycota	Dothideomycetes	Mytilinidiales	Mytilinidiaceae	15150	97.6
UP000799753	Massarina eburnea CBS 473.64	1395130	Fungi	Ascomycota	Dothideomycetes	Pleosporales	Massarinaceae	12931	89.4
UP000799754	Macroventuria anomochaeta	301207	Fungi	Ascomycota	Dothideomycetes	Pleosporales	Didymellaceae	12954	96.0
UP000799755	Lindgomyces ingoldianus	673940	Fungi	Ascomycota	Dothideomycetes	Pleosporales	Lindgomycetaceae	15954	89.4
UP000799757	Melanomma pulvis-pyrius CBS 109.77	1314802	Fungi	Ascomycota	Dothideomycetes	Pleosporales	Melanommataceae	15833	91.8
UP000799764	Karstenula rhodostoma CBS 690.94	1392251	Fungi	Ascomycota	Dothideomycetes	Pleosporales	Didymosphaeriaceae	15037	93.2
UP000799766	Lineolata rhizophorae	578093	Fungi	Ascomycota	Dothideomycetes	Lineolatales	Lineolataceae	10220	89.5
UP000799767	Neohortaea acidophila	245834	Fungi	Ascomycota	Dothideomycetes	Mycosphaerellales	Teratosphaeriaceae	9823	94.8
UP000799770	Lophiotrema nucula	690887	Fungi	Ascomycota	Dothideomycetes	Pleosporales	Lophiotremataceae	18116	91.9
UP000799771	Dothidotthia symphoricarpi CBS 119687	1392245	Fungi	Ascomycota	Dothideomycetes	Pleosporales	Dothidotthiaceae	11786	92.7
UP000799772	Rhizodiscina lignyota	1504668	Fungi	Ascomycota	Dothideomycetes	Aulographales	Rhizodiscinaceae	12801	94.4
UP000799776	Saccharata proteae CBS 121410	1314787	Fungi	Ascomycota	Dothideomycetes	Botryosphaeriales	Saccharataceae	9222	96.3
UP000799777	Setomelanomma holmii	210430	Fungi	Ascomycota	Dothideomycetes	Pleosporales	Phaeosphaeriaceae	14385	97.3
UP000799778	Aaosphaeria arxii CBS 175.79	1450172	Fungi	Ascomycota	Dothideomycetes	Pleosporales		14198	90.0
UP000799779	Amniculicola lignicola CBS 123094	1392246	Fungi	Ascomycota	Dothideomycetes	Pleosporales	Amniculicolaceae	15571	87.1
UP000799811	Eudyptes filholi (Southern rockhopper penguin)	1419345	Metazoa	Chordata	Aves	Sphenisciformes	Spheniscidae	12878	73.2
UP000800035	Byssothecium circinans	147558	Fungi	Ascomycota	Dothideomycetes	Pleosporales	Massarinaceae	15612	90.5
UP000800036	Bimuria novae-zelandiae CBS 107.79	1447943	Fungi	Ascomycota	Dothideomycetes	Pleosporales	Didymosphaeriaceae	16571	92.3
UP000800038	Clathrospora elynae	706981	Fungi	Ascomycota	Dothideomycetes	Pleosporales	Diademaceae	13560	96.6
UP000800039	Cucurbitaria berberidis CBS 394.84	1168544	Fungi	Ascomycota	Dothideomycetes	Pleosporales	Cucurbitariaceae	12428	96.9
UP000800040	Decorospora gaudefroyi	184978	Fungi	Ascomycota	Dothideomycetes	Pleosporales	Pleosporaceae	11811	94.2
UP000800041	Aulographum hederae CBS 113979	1176131	Fungi	Ascomycota	Dothideomycetes	Aulographales	Aulographaceae	12052	93.5
UP000800082	Didymella exigua CBS 183.55	1150837	Fungi	Ascomycota	Dothideomycetes	Pleosporales	Didymellaceae	12355	94.7
UP000800092	Viridothelium virens (Speckled blister lichen) (Trypethelium virens)	1048519	Fungi	Ascomycota	Dothideomycetes	Trypetheliales	Trypetheliaceae	11845	94.2
UP000800093	Lojkania enalia	147567	Fungi	Ascomycota	Dothideomycetes	Pleosporales		13746	87.3
UP000800094	Trematosphaeria pertusa	390896	Fungi	Ascomycota	Dothideomycetes	Pleosporales	Trematosphaeriaceae	17304	94.6
UP000800096	Ampelomyces quisqualis (Powdery mildew agent)	50730	Fungi	Ascomycota	Dothideomycetes	Pleosporales	Phaeosphaeriaceae	11147	92.8
UP000800097	Westerdykella ornata	318751	Fungi	Ascomycota	Dothideomycetes	Pleosporales	Sporormiaceae	10407	79.7
UP000800200	Zopfia rhizophila CBS 207.26	1314779	Fungi	Ascomycota	Dothideomycetes		Zopfiaceae	21463	98.2
UP000800235	Tothia fuscella	1048955	Fungi	Ascomycota	Dothideomycetes	Venturiales	Cylindrosympodiaceae	13684	94.4
UP000801428	Curvularia kusanoi (Cochliobolus kusanoi)	90978	Fungi	Ascomycota	Dothideomycetes	Pleosporales	Pleosporaceae	11490	93.7
UP000801492	Ignelater luminosus (Cucubano) (Pyrophorus luminosus)	2038154	Metazoa	Arthropoda	Insecta	Coleoptera	Elateridae	27488	92.6
UP000801864	Trichoderma lentiforme	1567552	Fungi	Ascomycota	Sordariomycetes	Hypocreales	Hypocreaceae	12977	97.2
UP000803844	Cryphonectria parasitica (strain ATCC 38755 / EP155)	660469	Fungi	Ascomycota	Sordariomycetes	Diaporthales	Cryphonectriaceae	11639	88.8
UP000803884	Cladosporium halotolerans	1052096	Fungi	Ascomycota	Dothideomycetes	Cladosporiales	Cladosporiaceae	9709	98.3
UP000805193	Ixodes persulcatus (Taiga tick)	34615	Metazoa	Arthropoda	Arachnida	Ixodida	Ixodidae	28396	0.0
UP000805649	Colletotrichum truncatum (Anthracnose fungus) (Colletotrichum capsici)	5467	Fungi	Ascomycota	Sordariomycetes	Glomerellales	Glomerellaceae	15830	95.6
UP000805704	Nibea albiflora (Yellow drum) (Corvina albiflora)	240163	Metazoa	Chordata	Actinopteri		Sciaenidae	15319	56.8
UP000806378	Corymbia citriodora subsp. variegata	360336	Viridiplantae	Streptophyta	Magnoliopsida	Myrtales	Myrtaceae	37782	11.6
UP000807025	Pleurotus eryngii (Boletus of the steppes)	5323	Fungi	Basidiomycota	Agaricomycetes	Agaricales	Pleurotaceae	15897	97.5
UP000807306	Crepidotus variabilis	179855	Fungi	Basidiomycota	Agaricomycetes	Agaricales	Crepidotaceae	14534	98.3
UP000807342	Macrolepiota fuliginosa MF-IS2	1400762	Fungi	Basidiomycota	Agaricomycetes	Agaricales	Agaricaceae	15707	96.8
UP000807353	Collybia nuda	64659	Fungi	Basidiomycota	Agaricomycetes	Agaricales	Clitocybaceae	14792	97.9
UP000807469	Pholiota conissans	109636	Fungi	Basidiomycota	Agaricomycetes	Agaricales	Strophariaceae	16576	98.7
UP000807504	Argiope bruennichi (Wasp spider) (Aranea bruennichi)	94029	Metazoa	Arthropoda	Arachnida	Araneae	Araneidae	26272	90.2
UP000807716	Actinomortierella ambigua	1343610	Fungi	Mortierellomycota	Mortierellomycetes	Mortierellales	Mortierellaceae	9890	93.7
UP000807769	Suillus subaureus	48587	Fungi	Basidiomycota	Agaricomycetes	Boletales	Suillaceae	15516	96.6
UP000808372	Salvelinus namaycush (Lake trout) (Salmo namaycush)	8040	Metazoa	Chordata	Actinopteri	Salmoniformes	Salmonidae	52131	95.4
UP000809102	Ovis aries (Sheep)	9940	Metazoa	Chordata	Mammalia	Artiodactyla	Bovidae	44722	97.4
UP000809789	Elsinoe batatas	2601811	Fungi	Ascomycota	Dothideomycetes	Myriangiales	Elsinoaceae	9395	93.8
UP000811609	Carya illinoinensis (Pecan)	32201	Viridiplantae	Streptophyta	Magnoliopsida	Fagales	Juglandaceae	39561	96.3
UP000811619	Claviceps africana	83212	Fungi	Ascomycota	Sordariomycetes	Hypocreales	Clavicipitaceae	7993	92.1
UP000812287	Guyanagaster necrorhizus	856835	Fungi	Basidiomycota	Agaricomycetes	Agaricales	Physalacriaceae	14190	98.0
UP000812440	Hymenochirus boettgeri (Congo dwarf clawed frog)	247094	Metazoa	Chordata	Amphibia	Anura	Pipidae	25860	85.2
UP000812966	Filobasidium floriforme	5210	Fungi	Basidiomycota	Tremellomycetes	Filobasidiales	Filobasidiaceae	7226	58.4
UP000813385	Plectosphaerella cucumerina	40658	Fungi	Ascomycota	Sordariomycetes	Glomerellales	Plectosphaerellaceae	12941	80.5
UP000813427	Fusarium tricinctum	61284	Fungi	Ascomycota	Sordariomycetes	Hypocreales	Nectriaceae	14098	98.2
UP000813444	Stachybotrys elegans	80388	Fungi	Ascomycota	Sordariomycetes	Hypocreales	Stachybotryaceae	14899	96.9
UP000813461	Paraphoma chrysanthemicola	798071	Fungi	Ascomycota	Dothideomycetes	Pleosporales	Phaeosphaeriaceae	14975	97.5
UP000813463	Spinacia oleracea (Spinach)	3562	Viridiplantae	Streptophyta	Magnoliopsida	Caryophyllales	Amaranthaceae	34300	98.0
UP000813824	Cristinia sonorae	1940300	Fungi	Basidiomycota	Agaricomycetes	Agaricales	Stephanosporaceae	11322	94.6
UP000814033	Auriscalpium vulgare	40419	Fungi	Basidiomycota	Agaricomycetes	Russulales	Auriscalpiaceae	16942	97.1
UP000814128	Vararia minispora EC-137	1314806	Fungi	Basidiomycota	Agaricomycetes	Russulales	Lachnocladiaceae	10966	96.7
UP000814140	Artomyces pyxidatus	48021	Fungi	Basidiomycota	Agaricomycetes	Russulales	Auriscalpiaceae	15125	97.6
UP000814176	Rhodofomes roseus	34475	Fungi	Basidiomycota	Agaricomycetes	Polyporales	Fomitopsidaceae	12864	98.6
UP000815325	Dunaliella salina (Green alga) (Protococcus salinus)	3046	Viridiplantae	Chlorophyta	Chlorophyceae	Chlamydomonadales	Dunaliellaceae	18552	81.7
UP000815677	Mycena chlorophos (Agaric fungus) (Agaricus chlorophos)	658473	Fungi	Basidiomycota	Agaricomycetes	Agaricales	Mycenaceae	19060	87.2
UP000816034	Naegleria lovaniensis (Amoeba)	51637		Heterolobosea	Eutetramitea	Acrasida	Naegleriidae	14471	87.8
UP000818029	Gossypium hirsutum (Upland cotton) (Gossypium mexicanum)	3635	Viridiplantae	Streptophyta	Magnoliopsida	Malvales	Malvaceae	90172	99.8
UP000818624	Malassezia furfur (Pityriasis versicolor infection agent) (Pityrosporum furfur)	55194	Fungi	Basidiomycota	Malasseziomycetes	Malasseziales	Malasseziaceae	4532	81.0
UP000821845	Hyalomma asiaticum (Tick)	266040	Metazoa	Arthropoda	Arachnida	Ixodida	Ixodidae	27599	64.6
UP000821865	Dermacentor silvarum (Tick)	543639	Metazoa	Arthropoda	Arachnida	Ixodida	Ixodidae	25660	61.5
UP000822476	Paragonimus skrjabini miyazakii	59628	Metazoa	Platyhelminthes	Trematoda	Plagiorchiida	Troglotrematidae	12629	68.1
UP000822688	Ceratodon purpureus (Fire moss) (Dicranum purpureum)	3225	Viridiplantae	Streptophyta	Bryopsida	Pseudoditrichales	Ditrichaceae	36430	86.8
UP000823046	Cardiosporidium cionae	476202		Apicomplexa	Aconoidasida	Nephromycida		4565	58.9
UP000823388	Panicum virgatum (Blackwell switchgrass)	38727	Viridiplantae	Streptophyta	Magnoliopsida	Poales	Poaceae	114662	99.5
UP000823399	Suillus discolor	1912936	Fungi	Basidiomycota	Agaricomycetes	Boletales	Suillaceae	16383	97.0
UP000823405	Linnemannia gamsii	64522	Fungi	Mortierellomycota	Mortierellomycetes	Mortierellales	Mortierellaceae	13255	88.2
UP000823561	Alosa alosa (allis shad)	278164	Metazoa	Chordata	Actinopteri	Clupeiformes	Clupeidae	26341	87.4
UP000823775	Datura stramonium (Jimsonweed) (Common thornapple)	4076	Viridiplantae	Streptophyta	Magnoliopsida	Solanales	Solanaceae	52138	87.4
UP000823872	Felis catus (Cat) (Felis silvestris catus)	9685	Metazoa	Chordata	Mammalia	Carnivora	Felidae	58973	91.7
UP000824219	Hemibagrus wyckioides	337641	Metazoa	Chordata	Actinopteri	Siluriformes	Bagridae	22691	94.8
UP000824380	Venturia canescens	32260	Metazoa	Arthropoda	Insecta	Hymenoptera	Ichneumonidae	82	0.0
UP000824469	Taxus chinensis (Chinese yew) (Taxus wallichiana var. chinensis)	29808	Viridiplantae	Streptophyta	Pinopsida	Cupressales	Taxaceae	44066	50.6
UP000824533	Dendrolimus kikuchii	765133	Metazoa	Arthropoda	Insecta	Lepidoptera	Lasiocampidae	15321	95.2
UP000824540	Albula glossodonta (roundjaw bonefish)	121402	Metazoa	Chordata	Actinopteri	Albuliformes	Albulidae	27914	67.9
UP000824732	Ricinus communis (Castor bean)	3988	Viridiplantae	Streptophyta	Magnoliopsida	Malpighiales	Euphorbiaceae	28144	99.6
UP000824782	Engystomops pustulosus (Tungara frog) (Physalaemus pustulosus)	76066	Metazoa	Chordata	Amphibia	Anura	Leptodactylidae	55186	75.9
UP000824881	Pleurotus cornucopiae (Cornucopia mushroom)	5321	Fungi	Basidiomycota	Agaricomycetes	Agaricales	Pleurotaceae	10437	85.9
UP000824890	Brassica napus (Rape)	3708	Viridiplantae	Streptophyta	Magnoliopsida	Brassicales	Brassicaceae	93609	94.7
UP000824998	Amylocarpus encephaloides	45428	Fungi	Ascomycota	Leotiomycetes	Helotiales		11868	93.9
UP000825002	Fragariocoptes setiger	1670756	Metazoa	Arthropoda	Arachnida	Trombidiformes	Phytoptidae	3047	37.1
UP000825434	Candidozyma haemuli	45357	Fungi	Ascomycota	Pichiomycetes	Serinales	Metschnikowiaceae	4677	87.7
UP000825729	Aristolochia fimbriata (White veined hardy Dutchman's pipe vine)	158543	Viridiplantae	Streptophyta	Magnoliopsida	Piperales	Aristolochiaceae	21775	96.7
UP000825890	Cercospora kikuchii	84275	Fungi	Ascomycota	Dothideomycetes	Mycosphaerellales	Mycosphaerellaceae	13445	99.3
UP000825935	Ceratopteris richardii (Triangle waterfern)	49495	Viridiplantae	Streptophyta	Polypodiopsida	Polypodiales	Pteridaceae	64680	84.6
UP000826195	Cotesia glomerata (Lepidopteran parasitic wasp) (Apanteles glomeratus)	32391	Metazoa	Arthropoda	Insecta	Hymenoptera	Braconidae	19150	86.4
UP000826234	Phrynosoma platyrhinos (Desert horned lizard)	52577	Metazoa	Chordata	Lepidosauria	Squamata	Phrynosomatidae	16743	65.5
UP000826271	Buddleja alternifolia	168488	Viridiplantae	Streptophyta	Magnoliopsida	Lamiales	Scrophulariaceae	29139	92.3
UP000826573	Trichoderma semiorbis	1491008	Fungi	Ascomycota	Sordariomycetes	Hypocreales	Hypocreaceae	11026	97.4
UP000826656	Solanum tuberosum (Potato)	4113	Viridiplantae	Streptophyta	Magnoliopsida	Solanales	Solanaceae	37410	90.0
UP000826661	Trichoderma simmonsii	1491479	Fungi	Ascomycota	Sordariomycetes	Hypocreales	Hypocreaceae	13864	98.8
UP000827092	Oedothorax gibbosus	931172	Metazoa	Arthropoda	Arachnida	Araneae	Linyphiidae	31999	95.2
UP000827133	Fusarium musae	1042133	Fungi	Ascomycota	Sordariomycetes	Hypocreales	Nectriaceae	13672	96.7
UP000827284	Entomortierella parvispora (Mortierella parvispora)	205924	Fungi	Mortierellomycota	Mortierellomycetes	Mortierellales	Mortierellaceae	11493	97.1
UP000827549	Vanrija pseudolonga	143232	Fungi	Basidiomycota	Tremellomycetes	Trichosporonales	Trichosporonaceae	9897	91.8
UP000827721	Xanthoceras sorbifolium	99658	Viridiplantae	Streptophyta	Magnoliopsida	Sapindales	Sapindaceae	21820	88.7
UP000827724	Trichoderma cornu-damae	654480	Fungi	Ascomycota	Sordariomycetes	Hypocreales	Hypocreaceae	8525	97.1
UP000827872	Sphaerodactylus townsendi	933632	Metazoa	Chordata	Lepidosauria	Squamata	Sphaerodactylidae	28225	60.7
UP000827889	Rhodamnia argentea	178133	Viridiplantae	Streptophyta	Magnoliopsida	Myrtales	Myrtaceae	32080	98.8
UP000827976	Dioscorea alata (Purple yam)	55571	Viridiplantae	Streptophyta	Magnoliopsida	Dioscoreales	Dioscoreaceae	38602	92.4
UP000827986	Mauremys mutica (yellowpond turtle)	74926	Metazoa	Chordata		Testudines	Geoemydidae	23328	92.1
UP000828048	Vaccinium darrowii	229202	Viridiplantae	Streptophyta	Magnoliopsida	Ericales	Ericaceae	34804	90.2
UP000828251	Gossypium stocksii	47602	Viridiplantae	Streptophyta	Magnoliopsida	Malvales	Malvaceae	46007	97.9
UP000828922	Sphagnum magellanicum	128215	Viridiplantae	Streptophyta	Sphagnopsida	Sphagnales	Sphagnaceae	2457	0.1
UP000828941	Bauhinia variegata (Purple orchid tree) (Phanera variegata)	167791	Viridiplantae	Streptophyta	Magnoliopsida	Fabales	Fabaceae	41861	94.4
UP000829196	Dendrobium nobile (Orchid)	94219	Viridiplantae	Streptophyta	Magnoliopsida	Asparagales	Orchidaceae	28750	90.1
UP000829291	Neodiprion lecontei (Redheaded pine sawfly)	441921	Metazoa	Arthropoda	Insecta	Hymenoptera	Diprionidae	22250	0.2
UP000829354	Caenorhabditis briggsae	6238	Metazoa	Nematoda	Chromadorea	Rhabditida	Rhabditidae	29167	99.4
UP000829364	Purpureocillium takamizusanense	2060973	Fungi	Ascomycota	Sordariomycetes	Hypocreales	Ophiocordycipitaceae	11839	98.9
UP000829398	Citrus sinensis (Sweet orange) (Citrus aurantium var. sinensis)	2711	Viridiplantae	Streptophyta	Magnoliopsida	Sapindales	Rutaceae	80064	99.3
UP000829447	Pangasianodon gigas (Mekong giant catfish) (Pangasius gigas)	30993	Metazoa	Chordata	Actinopteri	Siluriformes	Pangasiidae	21988	92.0
UP000829685	Neoarthrinium moseri	1658444	Fungi	Ascomycota	Sordariomycetes	Amphisphaeriales	Apiosporaceae	14143	98.6
UP000829720	Albula goreensis	1534307	Metazoa	Chordata	Actinopteri	Albuliformes	Albulidae	23548	85.7
UP000829999	Spodoptera frugiperda (Fall armyworm)	7108	Metazoa	Arthropoda	Insecta	Lepidoptera	Noctuidae	24899	99.7
UP000830375	Labeo rohita (Indian major carp) (Cyprinus rohita)	84645	Metazoa	Chordata	Actinopteri	Cypriniformes	Cyprinidae	25337	69.3
UP000830395	Pangasius djambal	1691987	Metazoa	Chordata	Actinopteri	Siluriformes	Pangasiidae	22046	89.8
UP000830671	Colletotrichum lupini	145971	Fungi	Ascomycota	Sordariomycetes	Glomerellales	Glomerellaceae	18335	95.2
UP000830768	Fusarium solani subsp. cucurbitae (Neocosmosporum cucurbitae)	2747967	Fungi	Ascomycota	Sordariomycetes	Hypocreales	Nectriaceae	15320	99.5
UP000831156	Plasmodium gaboni	647221		Apicomplexa	Aconoidasida	Haemosporida	Plasmodiidae	5123	98.8
UP000831701	Scortum barcoo (barcoo grunter)	214431	Metazoa	Chordata	Actinopteri	Centrarchiformes	Terapontidae	26905	86.1
UP000832498	Corylus avellana (European hazel) (Corylus maxima)	13451	Viridiplantae	Streptophyta	Magnoliopsida	Fagales	Betulaceae	31309	99.1
UP000834106	Fraxinus pennsylvanica	56036	Viridiplantae	Streptophyta	Magnoliopsida	Lamiales	Oleaceae	35489	81.3
UP000835052	Caenorhabditis auriculariae	2777116	Metazoa	Nematoda	Chromadorea	Rhabditida	Rhabditidae	16237	90.8
UP000835206	Bombus terrestris (Buff-tailed bumblebee) (Apis terrestris)	30195	Metazoa	Arthropoda	Insecta	Hymenoptera	Apidae	19626	99.1
UP000836387	Clonostachys rosea f. rosea IK726	1349383	Fungi	Ascomycota	Sordariomycetes	Hypocreales	Bionectriaceae	21141	93.6
UP000836402	Tilletia caries (wheat bunt fungus)	13290	Fungi	Basidiomycota	Exobasidiomycetes	Tilletiales	Tilletiaceae	10036	94.4
UP000836404	Tilletia laevis	157183	Fungi	Basidiomycota	Exobasidiomycetes	Tilletiales	Tilletiaceae	10301	91.4
UP000836841	Thlaspi arvense (Field penny-cress)	13288	Viridiplantae	Streptophyta	Magnoliopsida	Brassicales	Brassicaceae	26379	82.9
UP000837675	Hyalomma marginatum	34627	Metazoa	Arthropoda	Arachnida	Ixodida	Ixodidae	1152	2.7
UP000837801	Dujonia railenensis	45579	Fungi	Ascomycota	Pichiomycetes	Serinales	Debaryomycetaceae	5922	97.1
UP000837857	Iphiclides podalirius (scarce swallowtail)	110791	Metazoa	Arthropoda	Insecta	Lepidoptera	Papilionidae	20151	0.1
UP000838412	Branchiostoma lanceolatum (Common lancelet) (Amphioxus lanceolatum)	7740	Metazoa	Chordata	Leptocardii	Amphioxiformes	Branchiostomatidae	38783	97.5
UP000838756	Pararge aegeria aegeria	348720	Metazoa	Arthropoda	Insecta	Lepidoptera	Nymphalidae	28746	87.5
UP000838763	Parascedosporium putredinis	1442378	Fungi	Ascomycota	Sordariomycetes	Microascales	Microascaceae	10053	67.3
UP000838878	Brenthis ino (lesser marbled fritillary)	405034	Metazoa	Arthropoda	Insecta	Lepidoptera	Nymphalidae	19196	98.2
UP000886501	Thelephora ganbajun (Ganba fungus)	370292	Fungi	Basidiomycota	Agaricomycetes	Thelephorales	Thelephoraceae	12640	96.2
UP000886595	Brassica carinata (Ethiopian mustard) (Abyssinian cabbage)	52824	Viridiplantae	Streptophyta	Magnoliopsida	Brassicales	Brassicaceae	95941	91.8
UP000886611	Polypterus senegalus (Senegal bichir)	55291	Metazoa	Chordata	Cladistia	Polypteriformes	Polypteridae	16186	58.0
UP000886653	Cronartium quercuum f. sp. fusiforme G11	708437	Fungi	Basidiomycota	Pucciniomycetes	Pucciniales	Coleosporiaceae	13713	94.6
UP000886700	Mesocricetus auratus (Golden hamster)	10036	Metazoa	Chordata	Mammalia	Rodentia	Cricetidae	43274	99.8
UP000887226	Calycina marina	1763456	Fungi	Ascomycota	Leotiomycetes	Helotiales	Pezizellaceae	9556	89.2
UP000887229	Emericellopsis atlantica	2614577	Fungi	Ascomycota	Sordariomycetes	Hypocreales	Bionectriaceae	9961	95.5
UP000887458	Dermatophagoides pteronyssinus (European house dust mite)	6956	Metazoa	Arthropoda	Arachnida	Sarcoptiformes	Pyroglyphidae	14675	92.7
UP000887540	Acrobeloides nanus	290746	Metazoa	Nematoda	Chromadorea	Rhabditida	Cephalobidae	35203	78.8
UP000887560	Meloidogyne floridensis	298350	Metazoa	Nematoda	Chromadorea	Rhabditida	Meloidogynidae	12653	41.4
UP000887561	Meloidogyne javanica (Root-knot nematode worm)	6303	Metazoa	Nematoda	Chromadorea	Rhabditida	Meloidogynidae	24441	51.6
UP000887563	Meloidogyne incognita (Southern root-knot nematode worm) (Oxyuris incognita)	6306	Metazoa	Nematoda	Chromadorea	Rhabditida	Meloidogynidae	42381	68.5
UP000887566	Plectus sambesii	2011161	Metazoa	Nematoda	Chromadorea	Plectida	Plectidae	39995	75.9
UP000887567	Exaiptasia diaphana (Tropical sea anemone) (Aiptasia pulchella)	2652724	Metazoa	Cnidaria	Anthozoa	Actiniaria	Aiptasiidae	25273	94.8
UP000887568	Patiria miniata (Bat star) (Asterina miniata)	46514	Metazoa	Echinodermata	Asteroidea	Valvatida	Asterinidae	30311	98.5
UP000887569	Parascaris univalens (Nematode worm)	6257	Metazoa	Nematoda	Chromadorea	Rhabditida	Ascarididae	31353	91.1
UP000887572	Globodera rostochiensis (Golden nematode worm) (Heterodera rostochiensis)	31243	Metazoa	Nematoda	Chromadorea	Rhabditida	Heteroderidae	21016	66.2
UP000887575	Mesorhabditis belari	2138241	Metazoa	Nematoda	Chromadorea	Rhabditida	Rhabditidae	22421	84.2
UP000887577	Panagrolaimus superbus	310955	Metazoa	Nematoda	Chromadorea	Rhabditida	Panagrolaimidae	19584	50.9
UP000887581	Setaria digitata	48799	Metazoa	Nematoda	Chromadorea	Rhabditida	Setariidae	10089	87.4
UP001043456	Aspergillus pseudoviridinutans	1517512	Fungi	Ascomycota	Eurotiomycetes	Eurotiales	Aspergillaceae	11276	99.1
UP001044222	Anguilla anguilla (European freshwater eel) (Muraena anguilla)	7936	Metazoa	Chordata	Actinopteri	Anguilliformes	Anguillidae	28122	83.7
UP001046870	Megalops atlanticus (Tarpon) (Clupea gigantea)	7932	Metazoa	Chordata	Actinopteri	Elopiformes	Megalopidae	23830	89.3
UP001049176	Marasmius oreades (fairy-ring Marasmius)	181124	Fungi	Basidiomycota	Agaricomycetes	Agaricales	Marasmiaceae	14997	94.8
UP001050691	Clathrus columnatus	1419009	Fungi	Basidiomycota	Agaricomycetes	Phallales	Clathraceae	10486	79.6
UP001054252	Rubroshorea leprosula	152421	Viridiplantae	Streptophyta	Magnoliopsida	Malvales	Dipterocarpaceae	66944	87.3
UP001054857	Astrephomene gubernaculifera	47775	Viridiplantae	Chlorophyta	Chlorophyceae	Chlamydomonadales	Astrephomenaceae	13703	83.7
UP001054889	Eleusine coracana subsp. coracana	191504	Viridiplantae	Streptophyta	Magnoliopsida	Poales	Poaceae	54886	79.1
UP001054902	Chaetoceros tenuissimus	426638		Bacillariophyta	Coscinodiscophyceae	Chaetocerotales	Chaetocerotaceae	18458	95.0
UP001055072	Irpex rosettiformis	378272	Fungi	Basidiomycota	Agaricomycetes	Polyporales	Irpicaceae	12421	96.3
UP001055115	Colletotrichum spaethianum	700344	Fungi	Ascomycota	Sordariomycetes	Glomerellales	Glomerellaceae	12773	85.3
UP001055172	Colletotrichum liriopes	708192	Fungi	Ascomycota	Sordariomycetes	Glomerellales	Glomerellaceae	13983	83.0
UP001055219	Emericellopsis cladophorae	2686198	Fungi	Ascomycota	Sordariomycetes	Hypocreales	Bionectriaceae	8522	89.6
UP001055439	Musa troglodytarum (fe'i banana)	320322	Viridiplantae	Streptophyta	Magnoliopsida	Zingiberales	Musaceae	69043	88.3
UP001055712	Chlorella vulgaris (Green alga)	3077	Viridiplantae	Chlorophyta	Trebouxiophyceae	Chlorellales	Chlorellaceae	11003	98.9
UP001055811	Cichorium intybus (Chicory)	13427	Viridiplantae	Streptophyta	Magnoliopsida	Asterales	Asteraceae	43721	79.9
UP001056120	Smallanthus sonchifolius	185202	Viridiplantae	Streptophyta	Magnoliopsida	Asterales	Asteraceae	83389	96.7
UP001056384	Septoria linicola	215465	Fungi	Ascomycota	Dothideomycetes	Mycosphaerellales	Mycosphaerellaceae	13096	99.4
UP001056436	Colletotrichum abscissum	1671311	Fungi	Ascomycota	Sordariomycetes	Glomerellales	Glomerellaceae	15493	99.1
UP001056679	Purpureocillium lilacinum (Paecilomyces lilacinus)	33203	Fungi	Ascomycota	Sordariomycetes	Hypocreales	Ophiocordycipitaceae	10536	97.8
UP001056978	Plasmodium brasilianum	5824		Apicomplexa	Aconoidasida	Haemosporida	Plasmodiidae	5500	88.2
UP001057279	Ovis ammon polii x Ovis aries	2918886	Metazoa	Chordata	Mammalia	Artiodactyla	Bovidae	21252	87.4
UP001057452	Chaenocephalus aceratus (Blackfin icefish) (Chaenichthys aceratus)	36190	Metazoa	Chordata	Actinopteri	Perciformes	Channichthyidae	28945	77.6
UP001057455	Babesia ovis	5869		Apicomplexa	Aconoidasida	Piroplasmida	Babesiidae	3403	89.7
UP001059041	Triplophysa rosa (Cave loach)	992332	Metazoa	Chordata	Actinopteri	Cypriniformes	Nemacheilidae	25644	94.3
UP001059596	Drosophila gunungcola (fruit fly)	103775	Metazoa	Arthropoda	Insecta	Diptera	Drosophilidae	13885	75.4
UP001059893	Pyricularia grisea (Crabgrass-specific blast fungus) (Magnaporthe grisea)	148305	Fungi	Ascomycota	Sordariomycetes	Magnaporthales	Pyriculariaceae	12207	98.8
UP001060085	Catharanthus roseus (Madagascar periwinkle) (Vinca rosea)	4058	Viridiplantae	Streptophyta	Magnoliopsida	Gentianales	Apocynaceae	36593	91.1
UP001060170	Puccinia striiformis f. sp. tritici	168172	Fungi	Basidiomycota	Pucciniomycetes	Pucciniales	Pucciniaceae	17945	95.4
UP001060215	Camellia lanceoleosa	1840588	Viridiplantae	Streptophyta	Magnoliopsida	Ericales	Theaceae	54167	93.1
UP001061958	Galdieria partita	83374		Rhodophyta	Bangiophyceae	Galdieriales	Galdieriaceae	7492	82.4
UP001062846	Rhododendron molle (Chinese azalea) (Azalea mollis)	49168	Viridiplantae	Streptophyta	Magnoliopsida	Ericales	Ericaceae	52425	89.6
UP001063166	Lyophyllum shimeji (Hon-shimeji) (Tricholoma shimeji)	47721	Fungi	Basidiomycota	Agaricomycetes	Agaricales	Lyophyllaceae	12787	95.4
UP001064048	Choristoneura fumiferana (Spruce budworm moth) (Archips fumiferana)	7141	Metazoa	Arthropoda	Insecta	Lepidoptera	Tortricidae	22898	84.7
UP001065298	Fusarium keratoplasticum	1328300	Fungi	Ascomycota	Sordariomycetes	Hypocreales	Nectriaceae	14424	97.0
UP001071777	Cryptosporidium canis	195482		Apicomplexa	Conoidasida	Eucoccidiorida	Cryptosporidiidae	3762	92.6
UP001105220	Anopheles coluzzii (African malaria mosquito)	1518534	Metazoa	Arthropoda	Insecta	Diptera	Culicidae	14043	99.2
UP001107250	Coccidioides posadasii (strain RMSCC 757 / Silveira) (Valley fever fungus)	443226	Fungi	Ascomycota	Eurotiomycetes	Onygenales	Onygenaceae	8456	97.1
UP001108240	Cyprinus carpio carpio	630221	Metazoa	Chordata	Actinopteri	Cypriniformes	Cyprinidae	140941	97.4
UP001108280	Cricetulus griseus (Chinese hamster) (Cricetulus barabensis griseus)	10029	Metazoa	Chordata	Mammalia	Rodentia	Cricetidae	38999	99.2
UP001138500	Teratosphaeria destructans	418781	Fungi	Ascomycota	Dothideomycetes	Mycosphaerellales	Teratosphaeriaceae	10356	89.7
UP001139887	Coemansia brasiliensis	2650707	Fungi	Kickxellomycota	Kickxellomycetes	Kickxellales	Kickxellaceae	6205	70.7
UP001139981	Coemansia aciculifera	417176	Fungi	Kickxellomycota	Kickxellomycetes	Kickxellales	Kickxellaceae	6511	55.3
UP001140011	Coemansia pectinata	1052879	Fungi	Kickxellomycota	Kickxellomycetes	Kickxellales	Kickxellaceae	7143	79.3
UP001140066	Coemansia linderi	2663919	Fungi	Kickxellomycota	Kickxellomycetes	Kickxellales	Kickxellaceae	6584	56.1
UP001140074	Coemansia aciculifera	417176	Fungi	Kickxellomycota	Kickxellomycetes	Kickxellales	Kickxellaceae	6332	86.1
UP001140087	Coemansia helicoidea	1286919	Fungi	Kickxellomycota	Kickxellomycetes	Kickxellales	Kickxellaceae	7109	51.7
UP001140091	Candolleomyces eurysporus	2828524	Fungi	Basidiomycota	Agaricomycetes	Agaricales	Psathyrellaceae	16526	71.1
UP001140094	Coemansia guatemalensis	2761395	Fungi	Kickxellomycota	Kickxellomycetes	Kickxellales	Kickxellaceae	7310	71.4
UP001140096	Coemansia furcata	417177	Fungi	Kickxellomycota	Kickxellomycetes	Kickxellales	Kickxellaceae	7122	59.8
UP001140172	Coemansia interrupta	1126814	Fungi	Kickxellomycota	Kickxellomycetes	Kickxellales	Kickxellaceae	4890	73.6
UP001140217	Coemansia javaensis	2761396	Fungi	Kickxellomycota	Kickxellomycetes	Kickxellales	Kickxellaceae	5906	81.5
UP001140234	Coemansia nantahalensis	2789366	Fungi	Kickxellomycota	Kickxellomycetes	Kickxellales	Kickxellaceae	6996	54.0
UP001140453	Gnomoniopsis smithogilvyi	1191159	Fungi	Ascomycota	Sordariomycetes	Diaporthales	Gnomoniaceae	10250	86.3
UP001140502	Fusarium piperis	1435070	Fungi	Ascomycota	Sordariomycetes	Hypocreales	Nectriaceae	12529	97.8
UP001140510	Didymella pomorum	749634	Fungi	Ascomycota	Dothideomycetes	Pleosporales	Didymellaceae	11270	93.5
UP001140511	Trichoderma breve	2034170	Fungi	Ascomycota	Sordariomycetes	Hypocreales	Hypocreaceae	11591	98.6
UP001140513	Didymosphaeria variabile	1932322	Fungi	Ascomycota	Dothideomycetes	Pleosporales	Didymosphaeriaceae	12534	85.3
UP001140560	Neocucurbitaria cava	798079	Fungi	Ascomycota	Dothideomycetes	Pleosporales	Cucurbitariaceae	10938	87.5
UP001140562	Didymella glomerata	749621	Fungi	Ascomycota	Dothideomycetes	Pleosporales	Didymellaceae	10617	91.9
UP001140949	Iris pallida (Sweet iris)	29817	Viridiplantae	Streptophyta	Magnoliopsida	Asparagales	Iridaceae	55717	79.7
UP001141327	Paratrimastix pyriformis	342808		Preaxostyla			Paratrimastigidae	10665	62.0
UP001141434	Penicillium alfredii	1506179	Fungi	Ascomycota	Eurotiomycetes	Eurotiales	Aspergillaceae	10128	98.3
UP001141552	Turnera subulata	218843	Viridiplantae	Streptophyta	Magnoliopsida	Malpighiales	Passifloraceae	29656	86.9
UP001141806	Protea cynaroides	273540	Viridiplantae	Streptophyta	Magnoliopsida	Proteales	Proteaceae	33227	98.1
UP001142393	Lentinula detonsa	2804962	Fungi	Basidiomycota	Agaricomycetes	Agaricales	Omphalotaceae	12184	98.2
UP001142489	Phrynocephalus forsythii	171643	Metazoa	Chordata	Lepidosauria	Squamata	Agamidae	20168	83.5
UP001143856	Xylaria curta	42375	Fungi	Ascomycota	Sordariomycetes	Xylariales	Xylariaceae	10891	61.8
UP001143910	Zarea fungicola	93591	Fungi	Ascomycota	Sordariomycetes	Hypocreales	Cordycipitaceae	11409	50.8
UP001143981	Coemansia biformis	1286918	Fungi	Kickxellomycota	Kickxellomycetes	Kickxellales	Kickxellaceae	7019	78.4
UP001144978	Trametes sanguinea	158606	Fungi	Basidiomycota	Agaricomycetes	Polyporales	Polyporaceae	14760	41.7
UP001145021	Coemansia asiatica	1052880	Fungi	Kickxellomycota	Kickxellomycetes	Kickxellales	Kickxellaceae	6369	89.8
UP001145114	Spiromyces aspiralis	68401	Fungi	Kickxellomycota	Kickxellomycetes	Kickxellales	Kickxellaceae	8881	48.0
UP001145742	Willisornis vidua (Xingu scale-backed antbird)	1566151	Metazoa	Chordata	Aves	Passeriformes	Thamnophilidae	16481	64.6
UP001146120	Lagenidium giganteum	4803		Oomycota	Peronosporomycetes	Pythiales	Pythiaceae	12988	92.0
UP001146351	Penicillium capsulatum	69766	Fungi	Ascomycota	Eurotiomycetes	Eurotiales	Aspergillaceae	10686	97.6
UP001147733	Penicillium citrinum	5077	Fungi	Ascomycota	Eurotiomycetes	Eurotiales	Aspergillaceae	11663	96.9
UP001147746	Penicillium atrosanguineum	1132637	Fungi	Ascomycota	Eurotiomycetes	Eurotiales	Aspergillaceae	11550	98.6
UP001147747	Penicillium cosmopolitanum	1131564	Fungi	Ascomycota	Eurotiomycetes	Eurotiales	Aspergillaceae	14250	95.8
UP001147752	Penicillium concentricum	293559	Fungi	Ascomycota	Eurotiomycetes	Eurotiales	Aspergillaceae	11704	99.2
UP001147760	Penicillium desertorum	1303715	Fungi	Ascomycota	Eurotiomycetes	Eurotiales	Aspergillaceae	12892	97.7
UP001147782	Penicillium cataractarum	2100454	Fungi	Ascomycota	Eurotiomycetes	Eurotiales	Aspergillaceae	12811	99.2
UP001148018	Muraenolepis orangiensis (Patagonian moray cod)	630683	Metazoa	Chordata	Actinopteri	Gadiformes	Muraenolepididae	33976	77.2
UP001148299	Penicillium brevicompactum	5074	Fungi	Ascomycota	Eurotiomycetes	Eurotiales	Aspergillaceae	12015	97.9
UP001148312	Penicillium diatomitis	2819901	Fungi	Ascomycota	Eurotiomycetes	Eurotiales	Aspergillaceae	9546	97.7
UP001148614	Xylaria arbuscula	114810	Fungi	Ascomycota	Sordariomycetes	Xylariales	Xylariaceae	11454	69.0
UP001148629	Fusarium decemcellulare	57161	Fungi	Ascomycota	Sordariomycetes	Hypocreales	Nectriaceae	17201	53.9
UP001148662	Phlebia brevispora	194682	Fungi	Basidiomycota	Agaricomycetes	Polyporales	Meruliaceae	9452	50.4
UP001148737	Lecanicillium saksenae	468837	Fungi	Ascomycota	Sordariomycetes	Hypocreales	Cordycipitaceae	11361	59.8
UP001148786	Agrocybe chaxingu	84603	Fungi	Basidiomycota	Agaricomycetes	Agaricales	Strophariaceae	12416	73.0
UP001149074	Penicillium argentinense	1131581	Fungi	Ascomycota	Eurotiomycetes	Eurotiales	Aspergillaceae	12075	96.9
UP001149079	Penicillium bovifimosum	126998	Fungi	Ascomycota	Eurotiomycetes	Eurotiales	Aspergillaceae	10371	98.5
UP001149090	Anaeramoeba ignava (Anaerobic marine amoeba)	1746090					Anaeramoebidae	14682	77.3
UP001149163	Penicillium canariense	189055	Fungi	Ascomycota	Eurotiomycetes	Eurotiales	Aspergillaceae	10808	98.2
UP001149165	Penicillium angulare	116970	Fungi	Ascomycota	Eurotiomycetes	Eurotiales	Aspergillaceae	13712	98.7
UP001149813	Coemansia erecta	147472	Fungi	Kickxellomycota	Kickxellomycetes	Kickxellales	Kickxellaceae	6526	86.8
UP001149954	Penicillium fimorum	1882269	Fungi	Ascomycota	Eurotiomycetes	Eurotiales	Aspergillaceae	10960	98.9
UP001150062	Anaeramoeba flamelloides	1746091					Anaeramoebidae	28726	80.0
UP001150217	Lentinula lateritia	40482	Fungi	Basidiomycota	Agaricomycetes	Agaricales	Omphalotaceae	13286	98.0
UP001150266	Lentinula aciculospora	153920	Fungi	Basidiomycota	Agaricomycetes	Agaricales	Omphalotaceae	11238	97.4
UP001150538	Mycoemilia scoparia	417184	Fungi	Kickxellomycota	Kickxellomycetes	Kickxellales	Kickxellaceae	6288	80.1
UP001150569	Tieghemiomyces parasiticus	78921	Fungi	Kickxellomycota	Dimargaritomycetes	Dimargaritales	Dimargaritaceae	11924	88.8
UP001150581	Kickxella alabastrina	61397	Fungi	Kickxellomycota	Kickxellomycetes	Kickxellales	Kickxellaceae	12153	64.8
UP001150603	Linderina macrospora	4868	Fungi	Kickxellomycota	Kickxellomycetes	Kickxellales	Kickxellaceae	7268	46.6
UP001150879	Penicillium cf. griseofulvum	2972120	Fungi	Ascomycota	Eurotiomycetes	Eurotiales	Aspergillaceae	11288	99.1
UP001150904	Penicillium cinerascens	70096	Fungi	Ascomycota	Eurotiomycetes	Eurotiales	Aspergillaceae	11010	99.2
UP001150907	Coemansia thaxteri	2663907	Fungi	Kickxellomycota	Kickxellomycetes	Kickxellales	Kickxellaceae	6183	75.3
UP001150925	Dispira parvispora	1520584	Fungi	Kickxellomycota	Dimargaritomycetes	Dimargaritales	Dimargaritaceae	6829	72.3
UP001150941	Penicillium chermesinum	63820	Fungi	Ascomycota	Eurotiomycetes	Eurotiales	Aspergillaceae	10811	91.5
UP001150942	Penicillium cf. viridicatum	2972119	Fungi	Ascomycota	Eurotiomycetes	Eurotiales	Aspergillaceae	12499	99.3
UP001151287	Rhynchospora breviuscula	2022672	Viridiplantae	Streptophyta	Magnoliopsida	Poales	Cyperaceae	21906	75.0
UP001151295	Coemansia umbellata	1424467	Fungi	Kickxellomycota	Kickxellomycetes	Kickxellales	Kickxellaceae	6548	90.9
UP001151516	Coemansia spiralis	417178	Fungi	Kickxellomycota	Kickxellomycetes	Kickxellales	Kickxellaceae	6471	85.8
UP001151582	Dimargaris verticillata	2761393	Fungi	Kickxellomycota	Dimargaritomycetes	Dimargaritales	Dimargaritaceae	6444	77.7
UP001152024	Fusarium equiseti (Fusarium scirpi)	61235	Fungi	Ascomycota	Sordariomycetes	Hypocreales	Nectriaceae	11882	98.0
UP001152049	Fusarium torreyae	1237075	Fungi	Ascomycota	Sordariomycetes	Hypocreales	Nectriaceae	14532	98.8
UP001152087	Fusarium falciforme	195108	Fungi	Ascomycota	Sordariomycetes	Hypocreales	Nectriaceae	14923	97.7
UP001152130	Fusarium irregulare	2494466	Fungi	Ascomycota	Sordariomycetes	Hypocreales	Nectriaceae	12531	97.9
UP001152300	Sclerotinia nivalis	352851	Fungi	Ascomycota	Leotiomycetes	Helotiales	Sclerotiniaceae	14110	96.8
UP001152484	Cuscuta europaea (European dodder)	41803	Viridiplantae	Streptophyta	Magnoliopsida	Solanales	Convolvulaceae	29034	69.3
UP001152523	Cuscuta epithymum	186058	Viridiplantae	Streptophyta	Magnoliopsida	Solanales	Convolvulaceae	50982	71.4
UP001152531	Yamadazyma jaroonii	467808	Fungi	Ascomycota	Pichiomycetes	Serinales	Debaryomycetaceae	5820	95.0
UP001152533	Colletotrichum noveboracense	2664923	Fungi	Ascomycota	Sordariomycetes	Glomerellales	Glomerellaceae	14902	85.4
UP001152561	Anisodus acutangulus	402998	Viridiplantae	Streptophyta	Magnoliopsida	Solanales	Solanaceae	38066	94.4
UP001152562	Pieris brassicae (White butterfly) (Large white butterfly)	7116	Metazoa	Arthropoda	Insecta	Lepidoptera	Pieridae	16176	97.8
UP001152607	Periconia digitata	1303443	Fungi	Ascomycota	Dothideomycetes	Pleosporales	Periconiaceae	15519	87.2
UP001152649	Penicillium salamii	1612424	Fungi	Ascomycota	Eurotiomycetes	Eurotiales	Aspergillaceae	11441	95.3
UP001152747	Caenorhabditis angaria	860376	Metazoa	Nematoda	Chromadorea	Rhabditida	Rhabditidae	19291	95.4
UP001152759	Bemisia tabaci (Sweetpotato whitefly) (Aleurodes tabaci)	7038	Metazoa	Arthropoda	Insecta	Hemiptera	Aleyrodidae	16554	94.9
UP001152798	Nezara viridula (Southern green stink bug) (Cimex viridulus)	85310	Metazoa	Arthropoda	Insecta	Hemiptera	Pentatomidae	19915	90.3
UP001152799	Ceutorhynchus assimilis (cabbage seed weevil)	467358	Metazoa	Arthropoda	Insecta	Coleoptera	Curculionidae	15296	94.4
UP001152803	Conger conger (Conger eel) (Muraena conger)	82655	Metazoa	Chordata	Actinopteri	Anguilliformes	Congridae	23596	84.3
UP001152836	Phodopus roborovskii (Roborovski's desert hamster) (Cricetulus roborovskii)	109678	Metazoa	Chordata	Mammalia	Rodentia	Cricetidae	21818	86.5
UP001152885	Insectozyma verbasci	1227364	Fungi	Ascomycota	Pichiomycetes	Serinales	Debaryomycetaceae	5312	91.9
UP001152888	Acanthoscelides obtectus (Bean weevil) (Bruchus obtectus)	200917	Metazoa	Arthropoda	Insecta	Coleoptera	Chrysomelidae	56839	93.6
UP001152964	Saccharomyces eubayanus (Yeast)	1080349	Fungi	Ascomycota	Saccharomycetes	Saccharomycetales	Saccharomycetaceae	5608	98.2
UP001153069	Seminavis robusta	568900		Bacillariophyta	Bacillariophyceae	Naviculales	Naviculaceae	35858	99.0
UP001153076	Carnegiea gigantea	171969	Viridiplantae	Streptophyta	Magnoliopsida	Caryophyllales	Cactaceae	33880	76.2
UP001153148	Timema podura (Walking stick)	61482	Metazoa	Arthropoda	Insecta	Phasmatodea	Timematidae	16641	47.6
UP001153269	Pleuronectes platessa (European plaice)	8262	Metazoa	Chordata	Actinopteri	Pleuronectiformes	Pleuronectidae	47956	88.1
UP001153292	Chilo suppressalis (Asiatic rice borer moth)	168631	Metazoa	Arthropoda	Insecta	Lepidoptera	Crambidae	12895	89.4
UP001153321	Spodoptera littoralis (Egyptian cotton leafworm)	7109	Metazoa	Arthropoda	Insecta	Lepidoptera	Noctuidae	13280	92.9
UP001153331	Boeremia exigua	749465	Fungi	Ascomycota	Dothideomycetes	Pleosporales	Didymellaceae	10740	65.7
UP001153334	Nemania bipapillata	110536	Fungi	Ascomycota	Sordariomycetes	Xylariales	Xylariaceae	7823	52.1
UP001153365	Phakopsora pachyrhizi (Asian soybean rust disease fungus)	170000	Fungi	Basidiomycota	Pucciniomycetes	Pucciniales	Phakopsoraceae	17220	91.3
UP001153555	Striga hermonthica (Purple witchweed) (Buchnera hermonthica)	68872	Viridiplantae	Streptophyta	Magnoliopsida	Lamiales	Orobanchaceae	29515	87.3
UP001153618	Penicillium olsonii	99116	Fungi	Ascomycota	Eurotiomycetes	Eurotiales	Aspergillaceae	9525	94.7
UP001153620	Chironomus riparius	315576	Metazoa	Arthropoda	Insecta	Diptera	Chironomidae	16483	93.9
UP001153636	Psylliodes chrysocephalus	3402493	Metazoa	Arthropoda	Insecta	Coleoptera	Chrysomelidae	17451	92.6
UP001153709	Diabrotica balteata (Banded cucumber beetle)	107213	Metazoa	Arthropoda	Insecta	Coleoptera	Chrysomelidae	15880	88.8
UP001153712	Phyllotreta striolata (Striped flea beetle) (Crioceris striolata)	444603	Metazoa	Arthropoda	Insecta	Coleoptera	Chrysomelidae	12162	96.1
UP001153714	Diatraea saccharalis (sugarcane borer)	40085	Metazoa	Arthropoda	Insecta	Lepidoptera	Crambidae	16115	92.0
UP001153737	Phaedon cochleariae (Mustard beetle)	80249	Metazoa	Arthropoda	Insecta	Coleoptera	Chrysomelidae	13351	93.9
UP001153954	Euphydryas editha (Edith's checkerspot)	104508	Metazoa	Arthropoda	Insecta	Lepidoptera	Nymphalidae	25698	97.5
UP001154078	Brassicogethes aeneus (Rape pollen beetle) (Meligethes aeneus)	1431903	Metazoa	Arthropoda	Insecta	Coleoptera	Nitidulidae	15965	95.4
UP001154114	Chrysodeixis includens (Soybean looper) (Pseudoplusia includens)	689277	Metazoa	Arthropoda	Insecta	Lepidoptera	Noctuidae	14731	93.7
UP001154252	Penicillium egyptiacum	1303716	Fungi	Ascomycota	Eurotiomycetes	Eurotiales	Aspergillaceae	10627	96.9
UP001154282	Linum tenue	586396	Viridiplantae	Streptophyta	Magnoliopsida	Malpighiales	Linaceae	123869	94.8
UP001154329	Aphis gossypii (Cotton aphid)	80765	Metazoa	Arthropoda	Insecta	Hemiptera	Aphididae	15271	96.2
UP001157006	Vicia faba (Broad bean) (Faba vulgaris)	3906	Viridiplantae	Streptophyta	Magnoliopsida	Fabales	Fabaceae	36311	94.7
UP001157418	Lactuca virosa	75947	Viridiplantae	Streptophyta	Magnoliopsida	Asterales	Asteraceae	42214	90.1
UP001157502	Dallia pectoralis (Alaska blackfish)	75939	Metazoa	Chordata	Actinopteri	Esociformes	Umbridae	34041	90.8
UP001157938	Peronospora farinosa	134698		Oomycota	Peronosporomycetes	Peronosporales	Peronosporaceae	9853	98.0
UP001157974	Rhodosorus marinus	101924		Rhodophyta	Stylonematophyceae	Stylonematales	Stylonemataceae	8528	84.3
UP001158576	Oikopleura dioica (Tunicate)	34765	Metazoa	Chordata	Appendicularia	Copelata	Oikopleuridae	18603	66.8
UP001158986	Peronospora belbahrii	622444		Oomycota	Peronosporomycetes	Peronosporales	Peronosporaceae	9519	99.0
UP001159042	Exocentrus adspersus	1586481	Metazoa	Arthropoda	Insecta	Coleoptera	Cerambycidae	16827	86.2
UP001159405	Porites lobata	104759	Metazoa	Cnidaria	Anthozoa	Scleractinia	Poritidae	42611	95.0
UP001159427	Porites evermanni	104178	Metazoa	Cnidaria	Anthozoa	Scleractinia	Poritidae	39801	93.2
UP001159428	Pocillopora meandrina	46732	Metazoa	Cnidaria	Anthozoa	Scleractinia	Pocilloporidae	31944	94.9
UP001159641	Eschrichtius robustus (California gray whale) (Eschrichtius gibbosus)	9764	Metazoa	Chordata	Mammalia	Artiodactyla	Eschrichtiidae	22991	56.1
UP001160148	Macrosiphum euphorbiae (potato aphid)	13131	Metazoa	Arthropoda	Insecta	Hemiptera	Aphididae	33432	97.4
UP001160390	Clonostachys chloroleuca	1926264	Fungi	Ascomycota	Sordariomycetes	Hypocreales	Bionectriaceae	19331	97.2
UP001161017	Ramalina farinacea	258253	Fungi	Ascomycota	Lecanoromycetes	Lecanorales	Ramalinaceae	8764	86.5
UP001161247	Oldenlandia corymbosa var. corymbosa	529605	Viridiplantae	Streptophyta	Magnoliopsida	Gentianales	Rubiaceae	32307	92.4
UP001161438	Saccharomyces mikatae IFO 1815	226126	Fungi	Ascomycota	Saccharomycetes	Saccharomycetales	Saccharomycetaceae	5497	99.4
UP001162029	Peronospora destructor	86335		Oomycota	Peronosporomycetes	Peronosporales	Peronosporaceae	13224	96.0
UP001162031	Hyaloperonospora brassicae (Brassica downy mildew) (Peronospora brassicae)	162125		Oomycota	Peronosporomycetes	Peronosporales	Peronosporaceae	9794	99.0
UP001162085	Saccharomyces uvarum (Yeast) (Saccharomyces bayanus var. uvarum)	230603	Fungi	Ascomycota	Saccharomycetes	Saccharomycetales	Saccharomycetaceae	5489	99.6
UP001162087	Saccharomyces kudriavzevii (strain ATCC MYA-4449 / AS 2.2408 / CBS 8840 / NBRC 1802 / NCYC 2889) (Yeast)	226230	Fungi	Ascomycota	Saccharomycetes	Saccharomycetales	Saccharomycetaceae	5539	99.4
UP001162131	Blepharisma stoltei	1481888		Ciliophora	Heterotrichea	Heterotrichida	Blepharismidae	26456	94.7
UP001162156	Rhamnusium bicolor	1586634	Metazoa	Arthropoda	Insecta	Coleoptera	Cerambycidae	19372	66.9
UP001162162	Aromia moschata	1265417	Metazoa	Arthropoda	Insecta	Coleoptera	Cerambycidae	22090	66.4
UP001162164	Molorchus minor	1323400	Metazoa	Arthropoda	Insecta	Coleoptera	Cerambycidae	18551	63.9
UP001162480	Octopus vulgaris (Common octopus)	6645	Metazoa	Mollusca	Cephalopoda	Octopoda	Octopodidae	29931	84.5
UP001162992	Diphasiastrum complanatum (Issler's clubmoss) (Lycopodium complanatum)	34168	Viridiplantae	Streptophyta	Lycopodiopsida	Lycopodiales	Lycopodiaceae	58468	88.2
UP001163046	Desmophyllum pertusum	174260	Metazoa	Cnidaria	Anthozoa	Scleractinia	Caryophylliidae	37379	71.6
UP001163105	Purpureocillium lavendulum	1247861	Fungi	Ascomycota	Sordariomycetes	Hypocreales	Ophiocordycipitaceae	11191	89.1
UP001163324	Trichothecium roseum	47278	Fungi	Ascomycota	Sordariomycetes	Hypocreales		9102	92.4
UP001163603	Pistacia integerrima	434235	Viridiplantae	Streptophyta	Magnoliopsida	Sapindales	Anacardiaceae	34064	76.7
UP001163798	Lentinula aff. detonsa	2804958	Fungi	Basidiomycota	Agaricomycetes	Agaricales	Omphalotaceae	11868	98.3
UP001163828	Lentinula boryana	40481	Fungi	Basidiomycota	Agaricomycetes	Agaricales	Omphalotaceae	11925	98.0
UP001163835	Lentinula aff. lateritia	2804960	Fungi	Basidiomycota	Agaricomycetes	Agaricales	Omphalotaceae	12631	97.3
UP001163846	Lentinula raphanica	153919	Fungi	Basidiomycota	Agaricomycetes	Agaricales	Omphalotaceae	14781	98.2
UP001164250	Pistacia atlantica	434234	Viridiplantae	Streptophyta	Magnoliopsida	Sapindales	Anacardiaceae	33570	69.6
UP001164286	Dioszegia hungarica	4972	Fungi	Basidiomycota	Tremellomycetes	Tremellales	Bulleribasidiaceae	8217	93.6
UP001164539	Melia azedarach (Chinaberry tree)	155640	Viridiplantae	Streptophyta	Magnoliopsida	Sapindales	Meliaceae	31022	97.2
UP001164743	Puccinia triticina	208348	Fungi	Basidiomycota	Pucciniomycetes	Pucciniales	Pucciniaceae	12669	92.5
UP001164746	Mya arenaria (Soft-shell clam)	6604	Metazoa	Mollusca	Bivalvia	Myida	Myidae	37840	59.8
UP001165060	Tetraparma gracilis	2962635			Bolidophyceae	Parmales	Triparmaceae	15982	65.0
UP001165063	Ambrosiozyma monospora (Yeast) (Endomycopsis monosporus)	43982	Fungi	Ascomycota	Pichiomycetes	Pichiales	Pichiaceae	10235	67.9
UP001165064	Ambrosiozyma monospora (Yeast) (Endomycopsis monosporus)	43982	Fungi	Ascomycota	Pichiomycetes	Pichiales	Pichiaceae	13436	48.9
UP001165065	Triparma columacea	722753			Bolidophyceae	Parmales	Triparmaceae	14417	90.0
UP001165080	Pleodorina starrii	330485	Viridiplantae	Chlorophyta	Chlorophyceae	Chlamydomonadales	Volvocaceae	15442	96.0
UP001165082	Triparma retinervis	2557542			Bolidophyceae	Parmales	Triparmaceae	13692	68.0
UP001165085	Triparma strigata	1606541			Bolidophyceae	Parmales	Triparmaceae	15251	94.0
UP001165090	Volvox africanus	51714	Viridiplantae	Chlorophyta	Chlorophyceae	Chlamydomonadales	Volvocaceae	13265	90.3
UP001165101	Candida boidinii (Yeast)	5477	Fungi	Ascomycota	Pichiomycetes	Pichiales	Pichiaceae	6792	53.9
UP001165120	Candida boidinii (Yeast)	5477	Fungi	Ascomycota	Pichiomycetes	Pichiales	Pichiaceae	6988	64.5
UP001165122	Triparma laevis f. longispina	1714387			Bolidophyceae	Parmales	Triparmaceae	17307	93.0
UP001165160	Triparma verrucosa	1606542			Bolidophyceae	Parmales	Triparmaceae	14723	95.0
UP001165186	Neofusicoccum parvum	310453	Fungi	Ascomycota	Dothideomycetes	Botryosphaeriales	Botryosphaeriaceae	13313	86.7
UP001165189	Aspergillus oryzae var. brunneus	332754	Fungi	Ascomycota	Eurotiomycetes	Eurotiales	Aspergillaceae	13597	59.2
UP001165190	Hibiscus trionum (Flower of an hour)	183268	Viridiplantae	Streptophyta	Magnoliopsida	Malvales	Malvaceae	52015	98.3
UP001165289	Oopsacas minuta	111878	Metazoa	Porifera	Hexactinellida	Lyssacinosida	Leucopsacidae	16257	75.6
UP001165740	Biomphalaria glabrata (Bloodfluke planorb) (Freshwater snail)	6526	Metazoa	Mollusca	Gastropoda		Planorbidae	35507	98.8
UP001165780	Panthera pardus (Leopard) (Felis pardus)	9691	Metazoa	Chordata	Mammalia	Carnivora	Felidae	45253	99.5
UP001165941	Pontoporia blainvillei (Franciscana) (Delphinus blainvillei)	48723	Metazoa	Chordata	Mammalia	Artiodactyla	Pontoporiidae	4277	8.8
UP001166052	Polypterus senegalus (Senegal bichir)	55291	Metazoa	Chordata	Cladistia	Polypteriformes	Polypteridae	5765	25.5
UP001166093	Polyodon spathula (North American paddlefish) (Squalus spathula)	7913	Metazoa	Chordata	Actinopteri	Acipenseriformes	Polyodontidae	18302	62.1
UP001166286	Cladonia borealis	184061	Fungi	Ascomycota	Lecanoromycetes	Lecanorales	Cladoniaceae	10739	97.0
UP001166674	Sciurus carolinensis (Eastern gray squirrel)	30640	Metazoa	Chordata	Mammalia	Rodentia	Sciuridae	22862	78.3
UP001168098	Vitis rotundifolia (Muscadine grape)	103349	Viridiplantae	Streptophyta	Magnoliopsida	Vitales	Vitaceae	40044	83.7
UP001168821	Zophobas morio	2755281	Metazoa	Arthropoda	Insecta	Coleoptera	Tenebrionidae	29607	88.9
UP001168877	Acer saccharum (Sugar maple)	4024	Viridiplantae	Streptophyta	Magnoliopsida	Sapindales	Sapindaceae	38066	92.5
UP001168972	Microctonus hyperodae (Parasitoid wasp)	165561	Metazoa	Arthropoda	Insecta	Hymenoptera	Braconidae	12896	87.9
UP001168990	Microctonus aethiopoides	144406	Metazoa	Arthropoda	Insecta	Hymenoptera	Braconidae	13908	94.1
UP001169217	Colletotrichum limetticola	1209924	Fungi	Ascomycota	Sordariomycetes	Glomerellales	Glomerellaceae	15246	98.4
UP001172101	Lasiosphaeria miniovina	1954250	Fungi	Ascomycota	Sordariomycetes	Sordariales	Lasiosphaeriaceae	14919	97.3
UP001172102	Lasiosphaeris hirsuta	260670	Fungi	Ascomycota	Sordariomycetes	Sordariales	Lasiosphaeriaceae	14118	97.9
UP001172155	Schizothecium vesticola	314040	Fungi	Ascomycota	Sordariomycetes	Sordariales	Schizotheciaceae	12636	96.0
UP001172159	Apiosordaria backusii	314023	Fungi	Ascomycota	Sordariomycetes	Sordariales	Lasiosphaeriaceae	12364	96.5
UP001172386	Neophaeococcomyces mojaviensis	3383035	Fungi	Ascomycota	Eurotiomycetes	Chaetothyriales		10924	73.0
UP001172673	Cladophialophora chaetospira	386627	Fungi	Ascomycota	Eurotiomycetes	Chaetothyriales	Herpotrichiellaceae	13629	97.3
UP001172680	Coniosporium tulheliwenetii	3383036	Fungi	Ascomycota	Dothideomycetes			9226	87.0
UP001172681	Knufia peltigerae	1002370	Fungi	Ascomycota	Eurotiomycetes	Chaetothyriales	Trichomeriaceae	12559	95.6
UP001172684	Coniosporium apollinis	61459	Fungi	Ascomycota	Dothideomycetes			9379	94.3
UP001174136	Merluccius polli (Benguela hake) (Merluccius cadenati)	89951	Metazoa	Chordata	Actinopteri	Gadiformes	Merlucciidae	25543	67.9
UP001174691	Coniochaeta hoffmannii	91930	Fungi	Ascomycota	Sordariomycetes	Coniochaetales	Coniochaetaceae	10381	98.2
UP001174694	Pleurostoma richardsiae	41990	Fungi	Ascomycota	Sordariomycetes	Calosphaeriales	Pleurostomataceae	12539	98.4
UP001174909	Geodia barretti (Barrett's horny sponge)	519541	Metazoa	Porifera	Demospongiae	Tetractinellida	Geodiidae	60916	79.2
UP001174934	Bombardia bombarda	252184	Fungi	Ascomycota	Sordariomycetes	Sordariales	Lasiosphaeriaceae	12098	96.8
UP001174936	Cercophora newfieldiana	92897	Fungi	Ascomycota	Sordariomycetes	Sordariales	Lasiosphaeriaceae	14519	97.4
UP001174997	Cercophora samala	330535	Fungi	Ascomycota	Sordariomycetes	Sordariales	Lasiosphaeriaceae	11248	98.0
UP001175000	Immersiella caudata	314043	Fungi	Ascomycota	Sordariomycetes	Sordariales	Lasiosphaeriaceae	14542	97.5
UP001175001	Lasiodiplodia hormozganensis	869390	Fungi	Ascomycota	Dothideomycetes	Botryosphaeriales	Botryosphaeriaceae	12766	97.6
UP001175211	Armillaria tabescens (Ringless honey mushroom) (Agaricus tabescens)	1929756	Fungi	Basidiomycota	Agaricomycetes	Agaricales	Physalacriaceae	18900	97.1
UP001175226	Armillaria borealis	47425	Fungi	Basidiomycota	Agaricomycetes	Agaricales	Physalacriaceae	19856	97.1
UP001175227	Armillaria novae-zelandiae	153914	Fungi	Basidiomycota	Agaricomycetes	Agaricales	Physalacriaceae	18310	97.4
UP001175228	Armillaria luteobubalina	153913	Fungi	Basidiomycota	Agaricomycetes	Agaricales	Physalacriaceae	20125	98.1
UP001175261	Sarocladium strictum (Black bundle disease fungus) (Acremonium strictum)	5046	Fungi	Ascomycota	Sordariomycetes	Hypocreales	Sarocladiaceae	9969	97.1
UP001175271	Steinernema hermaphroditum	289476	Metazoa	Nematoda	Chromadorea	Rhabditida	Steinernematidae	36137	88.1
UP001175353	Friedmanniomyces endolithicus	329885	Fungi	Ascomycota	Dothideomycetes	Mycosphaerellales	Teratosphaeriaceae	26852	96.6
UP001176059	Lentinula guzmanii	2804957	Fungi	Basidiomycota	Agaricomycetes	Agaricales	Omphalotaceae	12179	97.1
UP001176517	Tilletia horrida	155126	Fungi	Basidiomycota	Exobasidiomycetes	Tilletiales	Tilletiaceae	6893	92.6
UP001176521	Tilletia horrida	155126	Fungi	Basidiomycota	Exobasidiomycetes	Tilletiales	Tilletiaceae	7964	93.5
UP001176940	Ranitomeya imitator (mimic poison frog)	111125	Metazoa	Chordata	Amphibia	Anura	Dendrobatidae	25526	43.2
UP001176941	Rangifer tarandus platyrhynchus (Svalbard reindeer)	3082113	Metazoa	Chordata	Mammalia	Artiodactyla	Cervidae	31565	96.8
UP001176961	Cylicocyclus nassatus (Nematode worm)	53992	Metazoa	Nematoda	Chromadorea	Rhabditida	Strongylidae	22417	94.2
UP001177003	Lactuca saligna (Willowleaf lettuce)	75948	Viridiplantae	Streptophyta	Magnoliopsida	Asterales	Asteraceae	44208	88.8
UP001177021	Trifolium pratense (Red clover)	57577	Viridiplantae	Streptophyta	Magnoliopsida	Fabales	Fabaceae	52142	99.6
UP001177023	Mesorhabditis spiculigera	96644	Metazoa	Nematoda	Chromadorea	Rhabditida	Rhabditidae	26039	83.8
UP001177140	Papaver nudicaule (Iceland poppy)	74823	Viridiplantae	Streptophyta	Magnoliopsida	Ranunculales	Papaveraceae	29684	68.7
UP001177209	Pygoscelis papua (Gentoo penguin)	30457	Metazoa	Chordata	Aves	Sphenisciformes	Spheniscidae	13880	77.6
UP001177260	Aspergillus melleus	138277	Fungi	Ascomycota	Eurotiomycetes	Eurotiales	Aspergillaceae	11016	93.9
UP001177670	Melipona bicolor	60889	Metazoa	Arthropoda	Insecta	Hymenoptera	Apidae	21279	90.3
UP001177744	Cnephaeus nilssonii (Northern bat) (Eptesicus nilssonii)	3371016	Metazoa	Chordata	Mammalia	Chiroptera	Vespertilionidae	19772	70.6
UP001178461	Podarcis lilfordi (Lilford's wall lizard)	74358	Metazoa	Chordata	Lepidosauria	Squamata	Lacertidae	38311	94.8
UP001178507	Effrenium voratum	2562239			Dinophyceae	Suessiales	Symbiodiniaceae	41633	76.6
UP001178508	Xyrichtys novacula (Pearly razorfish) (Hemipteronotus novacula)	13765	Metazoa	Chordata	Actinopteri	Labriformes	Labridae	39134	98.7
UP001179952	Acorus gramineus (Dwarf sweet flag)	55184	Viridiplantae	Streptophyta	Magnoliopsida	Acorales	Acoraceae	24544	76.7
UP001180020	Acorus calamus (Sweet flag)	4465	Viridiplantae	Streptophyta	Magnoliopsida	Acorales	Acoraceae	45136	81.5
UP001181693	Pyxicephalus adspersus (African bullfrog)	30357	Metazoa	Chordata	Amphibia	Anura	Pyxicephalidae	20788	85.9
UP001182556	Papiliotrema laurentii (Cryptococcus laurentii)	5418	Fungi	Basidiomycota	Tremellomycetes	Tremellales	Rhynchogastremaceae	7476	96.9
UP001186944	Pinctada imbricata (Atlantic pearl-oyster) (Pinctada martensii)	66713	Metazoa	Mollusca	Bivalvia	Pterioida	Pteriidae	25352	82.2
UP001186974	Coniosporium uncinatum	93489	Fungi	Ascomycota	Dothideomycetes			15103	28.8
UP001187315	Tachysurus vachellii (Darkbarbel catfish) (Pelteobagrus vachellii)	175792	Metazoa	Chordata	Actinopteri	Siluriformes	Bagridae	23495	96.4
UP001187343	Cirrhinus molitorella (mud carp)	172907	Metazoa	Chordata	Actinopteri	Cypriniformes	Cyprinidae	25689	96.5
UP001187415	Channa striata (Snakehead murrel) (Ophicephalus striatus)	64152	Metazoa	Chordata	Actinopteri	Anabantiformes	Channidae	26451	94.6
UP001187471	Escallonia rubra	112253	Viridiplantae	Streptophyta	Magnoliopsida	Escalloniales	Escalloniaceae	30672	87.8
UP001187531	Artemia franciscana (Brine shrimp) (Artemia sanfranciscana)	6661	Metazoa	Arthropoda	Branchiopoda	Anostraca	Artemiidae	23911	81.6
UP001187682	Cephalotrichum gorgonifer	2041049	Fungi	Ascomycota	Sordariomycetes	Microascales	Microascaceae	10460	95.2
UP001187734	Fusarium torulosum	33205	Fungi	Ascomycota	Sordariomycetes	Hypocreales	Nectriaceae	13950	99.2
UP001188597	Escallonia herrerae	1293975	Viridiplantae	Streptophyta	Magnoliopsida	Escalloniales	Escalloniaceae	47165	88.9
UP001189122	Spirodela intermedia (Intermediate duckweed)	51605	Viridiplantae	Streptophyta	Magnoliopsida	Alismatales	Araceae	21937	69.8
UP001189624	Sphenostylis stenocarpa	92480	Viridiplantae	Streptophyta	Magnoliopsida	Fabales	Fabaceae	30727	91.4
UP001190640	Eublepharis macularius (Leopard gecko) (Cyrtodactylus macularius)	481883	Metazoa	Chordata	Lepidosauria	Squamata	Eublepharidae	29440	98.4
UP001190926	Perilla frutescens var. hirtella (Perilla citriodora) (Perilla setoyensis)	608512	Viridiplantae	Streptophyta	Magnoliopsida	Lamiales	Lamiaceae	21013	83.3
UP001194468	Boletus edulis BED1	1328754	Fungi	Basidiomycota	Agaricomycetes	Boletales	Boletaceae	18020	93.6
UP001194580	Linnemannia exigua	604196	Fungi	Mortierellomycota	Mortierellomycetes	Mortierellales	Mortierellaceae	12114	88.5
UP001194696	Linnemannia gamsii	64522	Fungi	Mortierellomycota	Mortierellomycetes	Mortierellales	Mortierellaceae	12690	95.0
UP001194746	Aspergillus nanangensis	2582783	Fungi	Ascomycota	Eurotiomycetes	Eurotiales	Aspergillaceae	12935	97.0
UP001195483	Potamilus streckersoni	2493646	Metazoa	Mollusca	Bivalvia	Unionida	Unionidae	36954	88.8
UP001195769	Suillus fuscotomentosus	1912939	Fungi	Basidiomycota	Agaricomycetes	Boletales	Suillaceae	18020	97.6
UP001195914	Babesia divergens	32595		Apicomplexa	Aconoidasida	Piroplasmida	Babesiidae	4091	95.7
UP001197093	Staphylotrichum longicolle	669026	Fungi	Ascomycota	Sordariomycetes	Sordariales	Chaetomiaceae	10761	92.8
UP001197328	Pichia angusta (Yeast) (Hansenula polymorpha)	870730	Fungi	Ascomycota	Pichiomycetes	Pichiales	Pichiaceae	5426	89.3
UP001199106	Alternaria panax	48097	Fungi	Ascomycota	Dothideomycetes	Pleosporales	Pleosporaceae	11684	97.2
UP001200034	Drosophila rubida	30044	Metazoa	Arthropoda	Insecta	Diptera	Drosophilidae	11829	92.6
UP001201163	Lactarius akahatsu	416441	Fungi	Basidiomycota	Agaricomycetes	Russulales	Russulaceae	12639	96.9
UP001201262	Talaromyces proteolyticus	1131652	Fungi	Ascomycota	Eurotiomycetes	Eurotiales	Trichocomaceae	13586	96.1
UP001201812	Ditylenchus destructor	166010	Metazoa	Nematoda	Chromadorea	Rhabditida	Anguinidae	21174	72.5
UP001201980	Zalerion maritima	339359	Fungi	Ascomycota	Sordariomycetes	Lulworthiales	Lulworthiaceae	10668	93.2
UP001202328	Papaver atlanticum	357466	Viridiplantae	Streptophyta	Magnoliopsida	Ranunculales	Papaveraceae	32465	96.3
UP001202479	Lodderomyces oxycetoniae	497107	Fungi	Ascomycota	Pichiomycetes	Serinales	Debaryomycetaceae	4871	90.3
UP001203297	Multifurca ochricompacta	376703	Fungi	Basidiomycota	Agaricomycetes	Russulales	Russulaceae	10406	93.1
UP001203852	Exophiala viscosa	2486360	Fungi	Ascomycota	Eurotiomycetes	Chaetothyriales	Herpotrichiellaceae	11358	97.6
UP001204833	Lodderomyces theae	1198502	Fungi	Ascomycota	Pichiomycetes	Serinales	Debaryomycetaceae	5372	93.1
UP001205105	Chlorella ohadii	2649997	Viridiplantae	Chlorophyta	Trebouxiophyceae	Chlorellales	Chlorellaceae	11249	95.7
UP001205998	Silurus asotus (Amur catfish) (Parasilurus asotus)	30991	Metazoa	Chordata	Actinopteri	Siluriformes	Siluridae	24039	91.6
UP001206595	Umbelopsis ramanniana AG	1314678	Fungi	Mucoromycota	Umbelopsidomycetes	Umbelopsidales	Umbelopsidaceae	9906	94.5
UP001206925	Ambrosia artemisiifolia (Common ragweed)	4212	Viridiplantae	Streptophyta	Magnoliopsida	Asterales	Asteraceae	33735	66.3
UP001207468	Russula earlei	71964	Fungi	Basidiomycota	Agaricomycetes	Russulales	Russulaceae	12153	93.8
UP001208570	Paralvinella palmiformis	53620	Metazoa	Annelida	Polychaeta	Terebellida	Alvinellidae	24621	88.3
UP001209540	Phascolomyces articulosus	60185	Fungi	Mucoromycota	Mucoromycetes	Mucorales	Lichtheimiaceae	14436	95.8
UP001209570	Pythium insidiosum (Pythiosis disease agent)	114742		Oomycota	Peronosporomycetes	Pythiales	Pythiaceae	12114	99.0
UP001209878	Ridgeia piscesae (Tubeworm)	27915	Metazoa	Annelida	Polychaeta	Sabellida	Siboglinidae	30930	87.8
UP001210211	Rhynchospora tenuis	198213	Viridiplantae	Streptophyta	Magnoliopsida	Poales	Cyperaceae	21516	75.2
UP001210925	Boothiomyces macroporosus	261099	Fungi	Chytridiomycota	Chytridiomycetes	Rhizophydiales	Terramycetaceae	7392	69.3
UP001211065	Clydaea vesicula	447962	Fungi	Chytridiomycota	Chytridiomycetes	Lobulomycetales	Lobulomycetaceae	8639	73.4
UP001211907	Physocladia obscura	109957	Fungi	Chytridiomycota	Chytridiomycetes	Chytridiales	Chytriomycetaceae	12780	69.3
UP001212152	Geranomyces variabilis	109894	Fungi	Chytridiomycota	Chytridiomycetes	Spizellomycetales	Powellomycetaceae	8696	92.7
UP001212411	Schizosaccharomyces osmophilus	2545709	Fungi	Ascomycota	Schizosaccharomycetes	Schizosaccharomycetales	Schizosaccharomycetaceae	5060	82.1
UP001212841	Rhizophlyctis rosea	64517	Fungi	Chytridiomycota	Chytridiomycetes	Rhizophlyctidales	Rhizophlyctidaceae	11454	76.0
UP001212997	Meripilus lineatus	2056292	Fungi	Basidiomycota	Agaricomycetes	Polyporales	Meripilaceae	13278	80.1
UP001213000	Leucocoprinus birnbaumii	56174	Fungi	Basidiomycota	Agaricomycetes	Agaricales	Agaricaceae	13088	78.9
UP001213623	Malassezia nana	180528	Fungi	Basidiomycota	Malasseziomycetes	Malasseziales	Malasseziaceae	3953	81.5
UP001213681	Penicillium daleae	63821	Fungi	Ascomycota	Eurotiomycetes	Eurotiales	Aspergillaceae	12804	98.6
UP001213799	Penicillium hordei	40994	Fungi	Ascomycota	Eurotiomycetes	Eurotiales	Aspergillaceae	12329	99.6
UP001214415	Malassezia equina	1381935	Fungi	Basidiomycota	Malasseziomycetes	Malasseziales	Malasseziaceae	3686	78.9
UP001214576	Ovis ammon polii	230172	Metazoa	Chordata	Mammalia	Artiodactyla	Bovidae	20730	86.9
UP001214603	Malassezia obtusa	76774	Fungi	Basidiomycota	Malasseziomycetes	Malasseziales	Malasseziaceae	3333	72.6
UP001214628	Malassezia psittaci	1821823	Fungi	Basidiomycota	Malasseziomycetes	Malasseziales	Malasseziaceae	4006	79.3
UP001214638	Babesia duncani	323732		Apicomplexa	Aconoidasida	Piroplasmida	Babesiidae	3776	75.7
UP001215151	Trametes cubensis	1111947	Fungi	Basidiomycota	Agaricomycetes	Polyporales	Polyporaceae	13518	91.6
UP001215280	Mycena maculata	230809	Fungi	Basidiomycota	Agaricomycetes	Agaricales	Mycenaceae	25566	96.8
UP001215712	Penicillium malachiteum	1324776	Fungi	Ascomycota	Eurotiomycetes	Eurotiales	Aspergillaceae	12029	97.0
UP001216150	Penicillium hetheringtonii	911720	Fungi	Ascomycota	Eurotiomycetes	Eurotiales	Aspergillaceae	11883	95.2
UP001216638	Malassezia brasiliensis	1821822	Fungi	Basidiomycota	Malasseziomycetes	Malasseziales	Malasseziaceae	3911	83.8
UP001217089	Tegillarca granosa (Malaysian cockle) (Anadara granosa)	220873	Metazoa	Mollusca	Bivalvia	Arcoida	Arcidae	24806	61.8
UP001217417	Lipomyces tetrasporus	54092	Fungi	Ascomycota	Lipomycetes	Lipomycetales	Lipomycetaceae	7976	93.9
UP001217582	Malassezia arunalokei	1514897	Fungi	Basidiomycota	Malasseziomycetes	Malasseziales	Malasseziaceae	3785	82.4
UP001217754	Malassezia japonica	223818	Fungi	Basidiomycota	Malasseziomycetes	Malasseziales	Malasseziaceae	4299	88.8
UP001217918	Phyllachora maydis	1825666	Fungi	Ascomycota	Sordariomycetes	Phyllachorales	Phyllachoraceae	9341	74.0
UP001217963	Encephalitozoon hellem (Microsporidian parasite)	27973	Fungi	Microsporidia			Unikaryonidae	2037	100.0
UP001219355	Emydomyces testavorans	2070801	Fungi	Ascomycota	Eurotiomycetes	Onygenales	Nannizziopsiaceae	7468	91.8
UP001219518	Frankliniella fusca	407009	Metazoa	Arthropoda	Insecta	Thysanoptera	Thripidae	25147	97.4
UP001219567	Malassezia yamatoensis	253288	Fungi	Basidiomycota	Malasseziomycetes	Malasseziales	Malasseziaceae	4036	79.6
UP001219568	Penicillium canescens	5083	Fungi	Ascomycota	Eurotiomycetes	Eurotiales	Aspergillaceae	13937	98.4
UP001219933	Malassezia cuniculi	948313	Fungi	Basidiomycota	Malasseziomycetes	Malasseziales	Malasseziaceae	3871	82.8
UP001219934	Pogonophryne albipinna	1090488	Metazoa	Chordata	Actinopteri	Perciformes	Artedidraconidae	30547	86.6
UP001220256	Penicillium chrysogenum (Penicillium notatum)	5076	Fungi	Ascomycota	Eurotiomycetes	Eurotiales	Aspergillaceae	12232	98.4
UP001220324	Penicillium frequentans	3151616	Fungi	Ascomycota	Eurotiomycetes	Eurotiales	Aspergillaceae	13224	95.8
UP001220961	Malassezia caprae	1381934	Fungi	Basidiomycota	Malasseziomycetes	Malasseziales	Malasseziaceae	3557	76.5
UP001221142	Roridomyces roridus	1738132	Fungi	Basidiomycota	Agaricomycetes	Agaricales	Mycenaceae	26012	95.8
UP001221413	Drechslerella dactyloides (Nematode-trapping fungus) (Arthrobotrys dactyloides)	74499	Fungi	Ascomycota	Orbiliomycetes	Orbiliales	Orbiliaceae	9277	85.8
UP001221898	Aldrovandia affinis	143900	Metazoa	Chordata	Actinopteri	Notacanthiformes	Halosauridae	44049	87.9
UP001222027	Ensete ventricosum (Abyssinian banana) (Musa ensete)	4639	Viridiplantae	Streptophyta	Magnoliopsida	Zingiberales	Musaceae	34908	90.8
UP001222325	Mycena belliarum	1033014	Fungi	Basidiomycota	Agaricomycetes	Agaricales	Mycenaceae	17737	97.0
UP001222932	Cutaneotrichosporon spelunceum	1672016	Fungi	Basidiomycota	Tremellomycetes	Trichosporonales	Trichosporonaceae	6719	85.5
UP001224775	Skeletonema marinoi	267567		Bacillariophyta	Coscinodiscophyceae	Thalassiosirales	Skeletonemataceae	17125	87.0
UP001224890	Colletotrichum godetiae	1209918	Fungi	Ascomycota	Sordariomycetes	Glomerellales	Glomerellaceae	16026	97.2
UP001227192	Penicillium thymicola	293382	Fungi	Ascomycota	Eurotiomycetes	Eurotiales	Aspergillaceae	12898	95.5
UP001227230	Vitis vinifera (Grape)	29760	Viridiplantae	Streptophyta	Magnoliopsida	Vitales	Vitaceae	33207	93.3
UP001227268	Naganishia friedmannii	89922	Fungi	Basidiomycota	Tremellomycetes	Filobasidiales	Filobasidiaceae	7205	54.4
UP001227543	Colletotrichum tamarilloi	1209934	Fungi	Ascomycota	Sordariomycetes	Glomerellales	Glomerellaceae	17379	99.1
UP001228049	Dissostichus eleginoides (Patagonian toothfish) (Dissostichus amissus)	100907	Metazoa	Chordata	Actinopteri	Perciformes	Nototheniidae	31920	84.2
UP001229421	Tagetes erecta (African marigold)	13708	Viridiplantae	Streptophyta	Magnoliopsida	Asterales	Asteraceae	35583	87.0
UP001230051	Acipenser oxyrinchus oxyrinchus	40147	Metazoa	Chordata	Actinopteri	Acipenseriformes	Acipenseridae	26589	84.6
UP001230188	Chrysophaeum taylorii	2483200			Pelagophyceae	Pelagomonadales	Pelagomonadaceae	10575	88.0
UP001230268	Babesia gibsoni	33632		Apicomplexa	Aconoidasida	Piroplasmida	Babesiidae	3533	93.7
UP001230504	Colletotrichum navitas	681940	Fungi	Ascomycota	Sordariomycetes	Glomerellales	Glomerellaceae	14680	96.9
UP001230649	Naganishia adeliensis	92952	Fungi	Basidiomycota	Tremellomycetes	Filobasidiales	Filobasidiaceae	7686	56.1
UP001231189	Lolium multiflorum (Italian ryegrass) (Lolium perenne subsp. multiflorum)	4521	Viridiplantae	Streptophyta	Magnoliopsida	Poales	Poaceae	67259	82.5
UP001231649	Mythimna loreyi	667449	Metazoa	Arthropoda	Insecta	Lepidoptera	Noctuidae	16857	98.3
UP001232148	Colletotrichum zoysiae	1216348	Fungi	Ascomycota	Sordariomycetes	Glomerellales	Glomerellaceae	15321	97.2
UP001233172	Biomphalaria pfeifferi (Bloodfluke planorb) (Freshwater snail)	112525	Metazoa	Mollusca	Gastropoda		Planorbidae	30570	91.2
UP001233271	Cutaneotrichosporon cavernicola	279322	Fungi	Basidiomycota	Tremellomycetes	Trichosporonales	Trichosporonaceae	7768	93.6
UP001233999	Diploptera punctata (Pacific beetle cockroach)	6984	Metazoa	Arthropoda	Insecta	Blattodea	Blaberidae	28315	87.1
UP001234178	Daphnia magna	35525	Metazoa	Arthropoda	Branchiopoda	Diplostraca	Daphniidae	32367	95.7
UP001234202	Naganishia onofrii	1851511	Fungi	Basidiomycota	Tremellomycetes	Filobasidiales	Filobasidiaceae	6962	41.8
UP001234297	Persea americana (Avocado)	3435	Viridiplantae	Streptophyta	Magnoliopsida	Laurales	Lauraceae	42442	92.8
UP001234581	Lichtheimia ornata	688661	Fungi	Mucoromycota	Mucoromycetes	Mucorales	Lichtheimiaceae	12926	99.4
UP001234989	Solanum verrucosum	315347	Viridiplantae	Streptophyta	Magnoliopsida	Solanales	Solanaceae	53032	92.3
UP001235939	Cordylochernes scorpioides	51811	Metazoa	Arthropoda	Arachnida	Pseudoscorpiones	Chernetidae	24935	54.7
UP001237642	Heracleum sosnowskyi	360622	Viridiplantae	Streptophyta	Magnoliopsida	Apiales	Apiaceae	53712	96.0
UP001239111	Eretmocerus hayati	131215	Metazoa	Arthropoda	Insecta	Hymenoptera	Aphelinidae	24463	80.5
UP001239213	Colletotrichum cuscutae	1209917	Fungi	Ascomycota	Sordariomycetes	Glomerellales	Glomerellaceae	17287	97.6
UP001239445	Echria macrotheca	438768	Fungi	Ascomycota	Sordariomycetes	Sordariales	Schizotheciaceae	12288	96.9
UP001239795	Colletotrichum melonis	1209925	Fungi	Ascomycota	Sordariomycetes	Glomerellales	Glomerellaceae	16823	99.4
UP001239994	Electrophorus voltai	2609070	Metazoa	Chordata	Actinopteri	Gymnotiformes	Gymnotidae	23099	86.2
UP001240678	Colletotrichum costaricense	1209916	Fungi	Ascomycota	Sordariomycetes	Glomerellales	Glomerellaceae	17124	99.5
UP001241169	Colletotrichum paranaense	1914294	Fungi	Ascomycota	Sordariomycetes	Glomerellales	Glomerellaceae	16774	99.6
UP001241377	Naganishia cerealis	610337	Fungi	Basidiomycota	Tremellomycetes	Filobasidiales	Filobasidiaceae	9284	34.7
UP001243330	Colletotrichum chrysophilum	1836956	Fungi	Ascomycota	Sordariomycetes	Glomerellales	Glomerellaceae	20023	94.3
UP001243375	Naganishia vaughanmartiniae	1424756	Fungi	Basidiomycota	Tremellomycetes	Filobasidiales	Filobasidiaceae	6621	41.0
UP001243989	Colletotrichum phormii	359342	Fungi	Ascomycota	Sordariomycetes	Glomerellales	Glomerellaceae	15194	97.5
UP001244011	Phialemonium atrogriseum	1093897	Fungi	Ascomycota	Sordariomycetes	Cephalothecales	Cephalothecaceae	11399	96.9
UP001244207	Colletotrichum acutatum (Glomerella acutata)	27357	Fungi	Ascomycota	Sordariomycetes	Glomerellales	Glomerellaceae	15030	96.0
UP001244341	Tetradesmus obliquus (Green alga) (Acutodesmus obliquus)	3088	Viridiplantae	Chlorophyta	Chlorophyceae	Sphaeropleales	Scenedesmaceae	16114	94.9
UP001249851	Acropora cervicornis (Staghorn coral)	6130	Metazoa	Cnidaria	Anthozoa	Scleractinia	Acroporidae	27986	81.3
UP001251528	Conoideocrella luteorostrata	1105319	Fungi	Ascomycota	Sordariomycetes	Hypocreales	Clavicipitaceae	12842	97.6
UP001255856	Prototheca wickerhamii	3111	Viridiplantae	Chlorophyta	Trebouxiophyceae	Chlorellales	Chlorellaceae	5452	78.3
UP001258017	Odynerus spinipes	1348599	Metazoa	Arthropoda	Insecta	Hymenoptera	Vespidae	14696	94.9
UP001259832	Phytophthora citrophthora	4793		Oomycota	Peronosporomycetes	Peronosporales	Peronosporaceae	15826	91.0
UP001265746	Diaporthe amygdali (Fusicoccum amygdali)	1214568	Fungi	Ascomycota	Sordariomycetes	Diaporthales	Diaporthaceae	14455	97.6
UP001266305	Saguinus oedipus (Cotton-top tamarin) (Oedipomidas oedipus)	9490	Metazoa	Chordata	Mammalia	Primates	Cebidae	40187	34.6
UP001270362	Podospora appendiculata	314037	Fungi	Ascomycota	Sordariomycetes	Sordariales	Podosporaceae	11840	98.3
UP001271007	Extremus antarcticus	702011	Fungi	Ascomycota	Dothideomycetes	Mycosphaerellales	Extremaceae	12873	94.7
UP001273166	Chaetomium strumarium	1170767	Fungi	Ascomycota	Sordariomycetes	Sordariales	Chaetomiaceae	10184	97.9
UP001273209	Trichoderma aggressivum f. europaeum	173218	Fungi	Ascomycota	Sordariomycetes	Hypocreales	Hypocreaceae	10998	98.3
UP001274830	Recurvomyces mirabilis	574656	Fungi	Ascomycota	Dothideomycetes	Mycosphaerellales	Teratosphaeriaceae	10970	94.5
UP001274896	Hemibagrus guttatus	175788	Metazoa	Chordata	Actinopteri	Siluriformes	Bagridae	35222	86.6
UP001275084	Lasiosphaeria hispida	260671	Fungi	Ascomycota	Sordariomycetes	Sordariales	Lasiosphaeriaceae	14637	98.3
UP001276659	Lepraria neglecta	209136	Fungi	Ascomycota	Lecanoromycetes	Lecanorales	Stereocaulaceae	10839	93.6
UP001278500	Neurospora tetraspora	94610	Fungi	Ascomycota	Sordariomycetes	Sordariales	Sordariaceae	11229	97.8
UP001278766	Chaetomium fimeti	1854472	Fungi	Ascomycota	Sordariomycetes	Sordariales	Chaetomiaceae	11422	97.4
UP001279410	Lates japonicus (Japanese lates)	270547	Metazoa	Chordata	Actinopteri		Centropomidae	29183	78.1
UP001279734	Nepenthes gracilis (Slender pitcher plant)	150966	Viridiplantae	Streptophyta	Magnoliopsida	Caryophyllales	Nepenthaceae	33982	93.4
UP001280121	Dipteronia dyeriana	168575	Viridiplantae	Streptophyta	Magnoliopsida	Sapindales	Sapindaceae	32504	96.7
UP001280581	Pseudopithomyces chartarum	1892770	Fungi	Ascomycota	Dothideomycetes	Pleosporales	Didymosphaeriaceae	11624	82.2
UP001281003	Sordaria brevicollis	83679	Fungi	Ascomycota	Sordariomycetes	Sordariales	Sordariaceae	10923	98.0
UP001281147	Vermiconidia calcicola	1690605	Fungi	Ascomycota	Dothideomycetes	Mycosphaerellales	Extremaceae	21515	96.3
UP001281410	Dipteronia sinensis	43782	Viridiplantae	Streptophyta	Magnoliopsida	Sapindales	Sapindaceae	32987	91.1
UP001281614	Colletotrichum kahawae (Coffee berry disease fungus)	34407	Fungi	Ascomycota	Sordariomycetes	Glomerellales	Glomerellaceae	19151	98.7
UP001283341	Apodospora peruviana	516989	Fungi	Ascomycota	Sordariomycetes	Sordariales	Lasiosphaeriaceae	13377	98.1
UP001285354	Diplocarpon rosae	946125	Fungi	Ascomycota	Leotiomycetes	Helotiales	Drepanopezizaceae	7155	89.9
UP001285441	Podospora didyma	330526	Fungi	Ascomycota	Sordariomycetes	Sordariales	Podosporaceae	14814	97.9
UP001285908	Neurospora hispaniola	588809	Fungi	Ascomycota	Sordariomycetes	Sordariales	Sordariaceae	10445	97.9
UP001286181	Elasticomyces elasticus	574655	Fungi	Ascomycota	Dothideomycetes	Mycosphaerellales	Teratosphaeriaceae	28037	96.0
UP001286313	Petrolisthes cinctipes (Flat porcelain crab)	88211	Metazoa	Arthropoda	Malacostraca	Decapoda	Porcellanidae	45198	94.3
UP001286456	Cercophora scortea	314031	Fungi	Ascomycota	Sordariomycetes	Sordariales	Lasiosphaeriaceae	11777	98.0
UP001287286	Purpureocillium lilacinum (Paecilomyces lilacinus)	33203	Fungi	Ascomycota	Sordariomycetes	Hypocreales	Ophiocordycipitaceae	14419	95.1
UP001287356	Lasiosphaeria ovina	92902	Fungi	Ascomycota	Sordariomycetes	Sordariales	Lasiosphaeriaceae	14878	97.5
UP001289374	Sesamum angolense	2727404	Viridiplantae	Streptophyta	Magnoliopsida	Lamiales	Pedaliaceae	31130	72.7
UP001291623	Anisodus tanguticus	243964	Viridiplantae	Streptophyta	Magnoliopsida	Solanales	Solanaceae	44051	95.5
UP001291926	Penstemon davidsonii	160366	Viridiplantae	Streptophyta	Magnoliopsida	Lamiales	Plantaginaceae	16871	50.3
UP001292079	Schistosoma mekongi (Parasitic worm)	38744	Metazoa	Platyhelminthes	Trematoda	Strigeidida	Schistosomatidae	9068	73.8
UP001292094	Petrolisthes manimaculis	1843537	Metazoa	Arthropoda	Malacostraca	Decapoda	Porcellanidae	41106	95.2
UP001293254	Sesamum alatum	300844	Viridiplantae	Streptophyta	Magnoliopsida	Lamiales	Pedaliaceae	29783	92.4
UP001293593	Acacia crassicarpa (northern wattle)	499986	Viridiplantae	Streptophyta	Magnoliopsida	Fabales	Fabaceae	33784	91.4
UP001294444	Melanopsichium pennsylvanicum	63383	Fungi	Basidiomycota	Ustilaginomycetes	Ustilaginales		6857	98.9
UP001295423	Cylindrotheca closterium	2856		Bacillariophyta	Bacillariophyceae	Bacillariales	Bacillariaceae	24137	97.0
UP001295444	Pelobates cultripes (Western spadefoot toad)	61616	Metazoa	Chordata	Amphibia	Anura	Pelobatidae	49580	87.8
UP001295684	Euplotes crassus	5936		Ciliophora	Spirotrichea	Euplotida	Euplotidae	28993	91.2
UP001295740	Anthostomella pinea	933095	Fungi	Ascomycota	Sordariomycetes	Xylariales	Xylariaceae	14721	97.7
UP001295794	Mycena citricolor	2018698	Fungi	Basidiomycota	Agaricomycetes	Agaricales	Mycenaceae	20747	67.7
UP001296104	Lecanosticta acicola	111012	Fungi	Ascomycota	Dothideomycetes	Mycosphaerellales	Mycosphaerellaceae	10195	96.6
UP001300502	Galdieria yellowstonensis	3028027		Rhodophyta	Bangiophyceae	Galdieriales	Galdieriaceae	6893	80.4
UP001301350	Cyanidium caldarium (Red alga)	2771		Rhodophyta	Bangiophyceae	Cyanidiales	Cyanidiaceae	4861	66.7
UP001301769	Rhypophila decipiens	261697	Fungi	Ascomycota	Sordariomycetes	Sordariales	Naviculisporaceae	14581	97.3
UP001301958	Podospora fimiseda	252190	Fungi	Ascomycota	Sordariomycetes	Sordariales	Podosporaceae	12262	97.0
UP001302126	Podospora australis	1536484	Fungi	Ascomycota	Sordariomycetes	Sordariales	Podosporaceae	12015	97.0
UP001302321	Triangularia setosa	2587417	Fungi	Ascomycota	Sordariomycetes	Sordariales	Podosporaceae	11393	97.5
UP001302367	Cercospora beticola (Sugarbeet leaf spot fungus)	122368	Fungi	Ascomycota	Dothideomycetes	Mycosphaerellales	Mycosphaerellaceae	13144	99.5
UP001302602	Parathielavia appendiculata	2587402	Fungi	Ascomycota	Sordariomycetes	Sordariales	Chaetomiaceae	11914	97.4
UP001302676	Dichotomopilus funicola	1934379	Fungi	Ascomycota	Sordariomycetes	Sordariales	Chaetomiaceae	9289	96.2
UP001302745	Chaetomidium leptoderma	669021	Fungi	Ascomycota	Sordariomycetes	Sordariales	Chaetomiaceae	10261	96.1
UP001302812	Canariomyces notabilis	2074819	Fungi	Ascomycota	Sordariomycetes	Sordariales	Chaetomiaceae	10945	97.9
UP001303046	Necator americanus (Human hookworm)	51031	Metazoa	Nematoda	Chromadorea	Rhabditida	Ancylostomatidae	41575	97.3
UP001303115	Parachaetomium inaequale	2588326	Fungi	Ascomycota	Sordariomycetes	Sordariales	Chaetomiaceae	11222	96.5
UP001303160	Triangularia verruculosa	2587418	Fungi	Ascomycota	Sordariomycetes	Sordariales	Podosporaceae	11837	97.9
UP001303222	Pseudoneurospora amorphoporcata	241081	Fungi	Ascomycota	Sordariomycetes	Sordariales	Sordariaceae	10634	98.0
UP001303373	Acrodontium crateriforme	150365	Fungi	Ascomycota	Dothideomycetes	Mycosphaerellales	Teratosphaeriaceae	7899	96.0
UP001303473	Diplogelasinospora grovesii	303347	Fungi	Ascomycota	Sordariomycetes	Sordariales	Diplogelasinosporaceae	13053	97.4
UP001303647	Corynascus novoguineensis	1126955	Fungi	Ascomycota	Sordariomycetes	Sordariales	Chaetomiaceae	9527	97.1
UP001303760	Achaetomium macrosporum	79813	Fungi	Ascomycota	Sordariomycetes	Sordariales	Chaetomiaceae	10292	95.8
UP001303889	Staphylotrichum tortipilum	2831512	Fungi	Ascomycota	Sordariomycetes	Sordariales	Chaetomiaceae	10720	94.7
UP001304243	Mucor velutinosus	708070	Fungi	Mucoromycota	Mucoromycetes	Mucorales	Mucoraceae	12849	99.2
UP001304895	Trichocladium antarcticum	1450529	Fungi	Ascomycota	Sordariomycetes	Sordariales	Chaetomiaceae	9185	96.1
UP001305414	Xylaria bambusicola	326684	Fungi	Ascomycota	Sordariomycetes	Xylariales	Xylariaceae	13421	72.0
UP001305647	Parathielavia hyrcaniae	113614	Fungi	Ascomycota	Sordariomycetes	Sordariales	Chaetomiaceae	11295	97.6
UP001305779	Zasmidium cellare (Wine cellar mold) (Racodium cellare)	395010	Fungi	Ascomycota	Dothideomycetes	Mycosphaerellales	Mycosphaerellaceae	15199	98.4
UP001306508	Arxiozyma heterogenica	278026	Fungi	Ascomycota	Saccharomycetes	Saccharomycetales	Saccharomycetaceae	4998	95.9
UP001307849	Arthrobotrys conoides	74498	Fungi	Ascomycota	Orbiliomycetes	Orbiliales	Orbiliaceae	11985	97.6
UP001307889	Nesidiocoris tenuis	355587	Metazoa	Arthropoda	Insecta	Hemiptera	Miridae	16182	93.9
UP001308179	Rachicladosporium monterosium	1507873	Fungi	Ascomycota	Dothideomycetes	Cladosporiales	Cladosporiaceae	7772	61.5
UP001309876	Lithohypha guttulata	1690604	Fungi	Ascomycota	Eurotiomycetes	Chaetothyriales	Trichomeriaceae	8745	74.4
UP001310890	Meristemomyces frigidus	1508187	Fungi	Ascomycota	Dothideomycetes	Mycosphaerellales	Teratosphaeriaceae	8740	94.4
UP001311232	Crenichthys baileyi (White River springfish)	28760	Metazoa	Chordata	Actinopteri	Cyprinodontiformes	Goodeidae	25884	72.7
UP001311799	Cryptosporidium xiaoi	659607		Apicomplexa	Conoidasida	Eucoccidiorida	Cryptosporidiidae	3725	96.2
UP001311915	Solanum pinnatisectum (tansyleaf nightshade)	50273	Viridiplantae	Streptophyta	Magnoliopsida	Solanales	Solanaceae	34180	97.2
UP001313282	Orbilia javanica	47235	Fungi	Ascomycota	Orbiliomycetes	Orbiliales	Orbiliaceae	11813	97.7
UP001313983	Meristemomyces frigidus	1508187	Fungi	Ascomycota	Dothideomycetes	Mycosphaerellales	Teratosphaeriaceae	9028	92.8
UP001314169	Pipistrellus nathusii (Nathusius' pipistrelle)	59473	Metazoa	Chordata	Mammalia	Chiroptera	Vespertilionidae	18936	0.0
UP001314170	Dovyalis caffra	77055	Viridiplantae	Streptophyta	Magnoliopsida	Malpighiales	Salicaceae	27325	87.5
UP001314205	Parnassius mnemosyne (clouded apollo)	213953	Metazoa	Arthropoda	Insecta	Lepidoptera	Papilionidae	25482	96.9
UP001314229	Scomber scombrus (Atlantic mackerel) (Scomber vernalis)	13677	Metazoa	Chordata	Actinopteri	Scombriformes	Scombridae	35480	98.1
UP001314263	Coccomyxa viridis	1274662	Viridiplantae	Chlorophyta	Trebouxiophyceae		Coccomyxaceae	11115	96.5
UP001316803	Knufia fluminis	191047	Fungi	Ascomycota	Eurotiomycetes	Chaetothyriales	Trichomeriaceae	11220	84.7
UP001318860	Rehmannia glutinosa (Chinese foxglove)	99300	Viridiplantae	Streptophyta	Magnoliopsida	Lamiales	Orobanchaceae	49262	94.2
UP001320245	Cytospora paraplurivora	2898453	Fungi	Ascomycota	Sordariomycetes	Diaporthales	Cytosporaceae	9284	93.9
UP001320420	Diatrype stigma	117547	Fungi	Ascomycota	Sordariomycetes	Xylariales	Diatrypaceae	11291	92.5
UP001320706	Zalaria obscura	2024903	Fungi	Ascomycota	Dothideomycetes	Dothideales	Zalariaceae	7859	77.3
UP001321473	Amblyomma americanum (Lone star tick)	6943	Metazoa	Arthropoda	Arachnida	Ixodida	Ixodidae	33540	81.5
UP001321749	Cladorrhinum samala	585594	Fungi	Ascomycota	Sordariomycetes	Sordariales	Podosporaceae	10892	96.2
UP001321760	Podospora aff. communis PSN243	3040156	Fungi	Ascomycota	Sordariomycetes	Sordariales	Podosporaceae	14462	97.1
UP001322138	Podospora bellae-mahoneyi	2093777	Fungi	Ascomycota	Sordariomycetes	Sordariales	Podosporaceae	11050	97.6
UP001322277	Colletotrichum destructivum	34406	Fungi	Ascomycota	Sordariomycetes	Glomerellales	Glomerellaceae	15608	99.6
UP001323405	Podospora pseudocomata	2093779	Fungi	Ascomycota	Sordariomycetes	Sordariales	Podosporaceae	11325	98.0
UP001323617	Podospora pseudoanserina	2609844	Fungi	Ascomycota	Sordariomycetes	Sordariales	Podosporaceae	11140	96.9
UP001324115	Quercus rubra (Northern red oak) (Quercus borealis)	3512	Viridiplantae	Streptophyta	Magnoliopsida	Fagales	Fagaceae	40816	98.1
UP001324427	Oleoguttula mirabilis	1507867	Fungi	Ascomycota	Dothideomycetes	Mycosphaerellales	Teratosphaeriaceae	10983	96.5
UP001326199	Podospora pseudopauciseta	2093780	Fungi	Ascomycota	Sordariomycetes	Sordariales	Podosporaceae	11168	98.1
UP001327560	Canna indica (Indian-shot)	4628	Viridiplantae	Streptophyta	Magnoliopsida	Zingiberales	Cannaceae	29410	89.2
UP001327957	Colletotrichum tabaci	1209068	Fungi	Ascomycota	Sordariomycetes	Glomerellales	Glomerellaceae	13348	98.0
UP001328107	Pristionchus mayeri	1317129	Metazoa	Nematoda	Chromadorea	Rhabditida	Neodiplogasteridae	32572	84.9
UP001329825	Kwoniella shivajii	564305	Fungi	Basidiomycota	Tremellomycetes	Tremellales	Cryptococcaceae	7877	98.1
UP001331515	Champsocephalus gunnari (Mackerel icefish)	52237	Metazoa	Chordata	Actinopteri	Perciformes	Channichthyidae	30382	92.3
UP001331761	Trichostrongylus colubriformis (Black scour worm)	6319	Metazoa	Nematoda	Chromadorea	Rhabditida	Trichostrongylidae	22279	68.2
UP001333110	Mycteria americana (Wood stork)	33587	Metazoa	Chordata	Aves	Ciconiiformes	Ciconiidae	27343	89.2
UP001334248	Knufia obscura	1635080	Fungi	Ascomycota	Eurotiomycetes	Chaetothyriales	Trichomeriaceae	11241	84.2
UP001335648	Champsocephalus esox (pike icefish)	159716	Metazoa	Chordata	Actinopteri	Perciformes	Channichthyidae	30821	91.2
UP001337655	Saxophila tyrrhenica	1690608	Fungi	Ascomycota	Dothideomycetes	Mycosphaerellales	Extremaceae	11205	95.3
UP001338080	Meristemomyces frigidus	1508187	Fungi	Ascomycota	Dothideomycetes	Mycosphaerellales	Teratosphaeriaceae	12125	96.8
UP001338125	Cladobotryum mycophilum	491253	Fungi	Ascomycota	Sordariomycetes	Hypocreales	Hypocreaceae	12204	96.7
UP001338582	Australozyma saopauloensis	291208	Fungi	Ascomycota	Pichiomycetes	Serinales	Metschnikowiaceae	5012	90.0
UP001341245	Aureobasidium pullulans (Black yeast) (Pullularia pullulans)	5580	Fungi	Ascomycota	Dothideomycetes	Dothideales	Saccotheciaceae	9595	97.9
UP001341281	Paspalum notatum var. saurae	547442	Viridiplantae	Streptophyta	Magnoliopsida	Poales	Poaceae	50017	92.6
UP001341840	Stylosanthes scabra	79078	Viridiplantae	Streptophyta	Magnoliopsida	Fabales	Fabaceae	121503	92.6
UP001342314	Rhodotorula paludigena	86838	Fungi	Basidiomycota	Microbotryomycetes	Sporidiobolales	Sporidiobolaceae	7709	96.3
UP001344447	Dictyostelium firmibasis	79012		Evosea	Eumycetozoa	Dictyosteliales	Dictyosteliaceae	10512	93.3
UP001345013	Lithohypha guttulata	1690604	Fungi	Ascomycota	Eurotiomycetes	Chaetothyriales	Trichomeriaceae	10557	81.3
UP001345691	Exophiala sideris	1016849	Fungi	Ascomycota	Eurotiomycetes	Chaetothyriales	Herpotrichiellaceae	11434	94.4
UP001345963	Ataeniobius toweri	208326	Metazoa	Chordata	Actinopteri	Cyprinodontiformes	Goodeidae	31592	48.6
UP001346149	Trapa natans (Water chestnut)	22666	Viridiplantae	Streptophyta	Magnoliopsida	Myrtales	Lythraceae	32149	91.4
UP001346869	Eleginops maclovinus (Patagonian blennie) (Eleginus maclovinus)	56733	Metazoa	Chordata	Actinopteri	Perciformes	Eleginopidae	27212	94.3
UP001347796	Patella caerulea (Rayed Mediterranean limpet)	87958	Metazoa	Mollusca	Gastropoda		Patellidae	28822	90.7
UP001352852	Characodon lateralis	208331	Metazoa	Chordata	Actinopteri	Cyprinodontiformes	Goodeidae	32603	55.8
UP001352854	Elasticomyces elasticus	574655	Fungi	Ascomycota	Dothideomycetes	Mycosphaerellales	Teratosphaeriaceae	17683	79.5
UP001353858	Aquatica leii	1421715	Metazoa	Arthropoda	Insecta	Coleoptera	Lampyridae	16446	95.4
UP001355207	Kwoniella dendrophila CBS 6074	1295534	Fungi	Basidiomycota	Tremellomycetes	Tremellales	Cryptococcaceae	8022	98.9
UP001356427	Coregonus suidteri	861788	Metazoa	Chordata	Actinopteri	Salmoniformes	Salmonidae	39316	89.9
UP001357485	Cryomyces antarcticus	329879	Fungi	Ascomycota	Dothideomycetes			12792	35.2
UP001358417	Exophiala bonariae	1690606	Fungi	Ascomycota	Eurotiomycetes	Chaetothyriales	Herpotrichiellaceae	13061	95.5
UP001358614	Kwoniella europaea PYCC6329	1423913	Fungi	Basidiomycota	Tremellomycetes	Tremellales	Cryptococcaceae	8573	98.8
UP001359485	Polyplax serrata (Common mouse louse)	468196	Metazoa	Arthropoda	Insecta	Psocodea	Polyplacidae	13864	96.3
UP001359559	Clitoria ternatea (Butterfly pea)	43366	Viridiplantae	Streptophyta	Magnoliopsida	Fabales	Fabaceae	26876	82.3
UP001360560	Saccharomycopsis crataegensis	43959	Fungi	Ascomycota	Saccharomycetes	Ascoideales	Saccharomycopsidaceae	6397	96.9
UP001360953	Phyllosticta citribraziliensis	989973	Fungi	Ascomycota	Dothideomycetes	Botryosphaeriales	Phyllostictaceae	10673	96.7
UP001362899	Starmerella bacillaris (Yeast) (Candida zemplinina)	1247836	Fungi	Ascomycota	Dipodascomycetes	Dipodascales	Trichomonascaceae	4324	66.4
UP001363151	Aureococcus anophagefferens (Harmful bloom alga)	44056			Pelagophyceae	Pelagomonadales	Pelagomonadaceae	12380	78.0
UP001363622	Phyllosticta citriasiana	595635	Fungi	Ascomycota	Dothideomycetes	Botryosphaeriales	Phyllostictaceae	10025	96.8
UP001364617	Phoxinus phoxinus (Eurasian minnow)	58324	Metazoa	Chordata	Actinopteri	Cypriniformes	Leuciscidae	29140	95.9
UP001365128	Phyllosticta citricarpa	55181	Fungi	Ascomycota	Dothideomycetes	Botryosphaeriales	Phyllostictaceae	10295	97.0
UP001365542	Orbilia ellipsospora	2528407	Fungi	Ascomycota	Orbiliomycetes	Orbiliales	Orbiliaceae	12679	90.3
UP001367316	Phyllosticta paracitricarpa	2016321	Fungi	Ascomycota	Dothideomycetes	Botryosphaeriales	Phyllostictaceae	10060	97.2
UP001367508	Canavalia gladiata (Sword bean) (Dolichos gladiatus)	3824	Viridiplantae	Streptophyta	Magnoliopsida	Fabales	Fabaceae	34082	80.5
UP001367676	Parthenolecanium corni	536013	Metazoa	Arthropoda	Insecta	Hemiptera	Coccidae	14559	85.3
UP001369086	Huso huso (Beluga) (Acipenser huso)	61971	Metazoa	Chordata	Actinopteri	Acipenseriformes	Acipenseridae	28089	87.9
UP001369815	Daldinia eschscholtzii	292717	Fungi	Ascomycota	Sordariomycetes	Xylariales	Hypoxylaceae	10464	96.3
UP001370490	Dillenia turbinata	194707	Viridiplantae	Streptophyta	Magnoliopsida	Dilleniales	Dilleniaceae	36788	92.8
UP001370758	Arthrobotrys musiformis	47236	Fungi	Ascomycota	Orbiliomycetes	Orbiliales	Orbiliaceae	12686	97.7
UP001371456	Solanum bulbocastanum (Ornamental nightshade)	147425	Viridiplantae	Streptophyta	Magnoliopsida	Solanales	Solanaceae	30396	89.3
UP001372338	Crotalaria pallida (Smooth rattlebox) (Crotalaria striata)	3830	Viridiplantae	Streptophyta	Magnoliopsida	Fabales	Fabaceae	33091	75.9
UP001373714	Orbilia blumenaviensis	1796055	Fungi	Ascomycota	Orbiliomycetes	Orbiliales	Orbiliaceae	11795	97.7
UP001374535	Vigna mungo (Black gram) (Phaseolus mungo)	3915	Viridiplantae	Streptophyta	Magnoliopsida	Fabales	Fabaceae	37670	82.6
UP001374579	Littorina saxatilis	31220	Metazoa	Mollusca	Gastropoda	Littorinimorpha	Littorinidae	28814	82.2
UP001374584	Phaseolus coccineus (Scarlet runner bean) (Phaseolus multiflorus)	3886	Viridiplantae	Streptophyta	Magnoliopsida	Fabales	Fabaceae	29253	93.2
UP001375240	Orbilia brochopaga	3140254	Fungi	Ascomycota	Orbiliomycetes	Orbiliales	Orbiliaceae	10395	97.8
UP001377567	Maudiozyma humilis (Sour dough yeast) (Kazachstania humilis)	51915	Fungi	Ascomycota	Saccharomycetes	Saccharomycetales	Saccharomycetaceae	5749	98.7
UP001378592	Gryllus longicercus	2509291	Metazoa	Arthropoda	Insecta	Orthoptera	Gryllidae	18922	95.2
UP001378960	Pichia kluyveri (Yeast)	36015	Fungi	Ascomycota	Pichiomycetes	Pichiales	Pichiaceae	5590	83.5
UP001381693	Halocaridina rubra (Hawaiian red shrimp)	373956	Metazoa	Arthropoda	Malacostraca	Decapoda	Atyidae	25261	82.3
UP001383192	Paramarasmius palmivorus	297713	Fungi	Basidiomycota	Agaricomycetes	Agaricales	Marasmiaceae	18633	85.5
UP001385951	Cerrena zonata	2478898	Fungi	Basidiomycota	Agaricomycetes	Polyporales	Cerrenaceae	20494	85.5
UP001386955	Psophocarpus tetragonolobus (Winged bean) (Dolichos tetragonolobus)	3891	Viridiplantae	Streptophyta	Magnoliopsida	Fabales	Fabaceae	27252	78.6
UP001388673	Kwoniella newhampshirensis	1651941	Fungi	Basidiomycota	Tremellomycetes	Tremellales	Cryptococcaceae	7143	97.1
UP001391051	Apiospora aurea	335848	Fungi	Ascomycota	Sordariomycetes	Amphisphaeriales	Apiosporaceae	15169	97.4
UP001392437	Apiospora kogelbergensis	1337665	Fungi	Ascomycota	Sordariomycetes	Amphisphaeriales	Apiosporaceae	14801	97.5
UP001396334	Hibiscus sabdariffa (roselle)	183260	Viridiplantae	Streptophyta	Magnoliopsida	Malvales	Malvaceae	86344	92.0
UP001396898	Apiospora marii	335849	Fungi	Ascomycota	Sordariomycetes	Amphisphaeriales	Apiosporaceae	16303	98.3
UP001397290	Beauveria asiatica	1069075	Fungi	Ascomycota	Sordariomycetes	Hypocreales	Cordycipitaceae	10448	97.6
UP001408356	Seiridium unicorne	138068	Fungi	Ascomycota	Sordariomycetes	Amphisphaeriales	Sporocadaceae	14112	98.1
UP001408789	Deinandra increscens subsp. villosa	3103831	Viridiplantae	Streptophyta	Magnoliopsida	Asterales	Asteraceae	31785	93.3
UP001412067	Platanthera guangdongensis	2320717	Viridiplantae	Streptophyta	Magnoliopsida	Asparagales	Orchidaceae	22280	53.9
UP001412239	Tuber aestivum (summer truffle)	59557	Fungi	Ascomycota	Pezizomycetes	Pezizales	Tuberaceae	9295	93.4
UP001415857	Liquidambar formosana (Formosan gum)	63359	Viridiplantae	Streptophyta	Magnoliopsida	Saxifragales	Altingiaceae	27652	82.8
UP001417504	Stephania japonica	461633	Viridiplantae	Streptophyta	Magnoliopsida	Ranunculales	Menispermaceae	26629	96.7
UP001418222	Platanthera zijinensis	2320716	Viridiplantae	Streptophyta	Magnoliopsida	Asparagales	Orchidaceae	24050	72.3
UP001419268	Stephania cephalantha	152367	Viridiplantae	Streptophyta	Magnoliopsida	Ranunculales	Menispermaceae	30910	96.2
UP001420932	Stephania yunnanensis	152371	Viridiplantae	Streptophyta	Magnoliopsida	Ranunculales	Menispermaceae	31830	96.0
UP001428341	Citrus x changshan-huyou	2935761	Viridiplantae	Streptophyta	Magnoliopsida	Sapindales	Rutaceae	29234	94.7
UP001429100	Cryptosporidium hominis	237895		Apicomplexa	Conoidasida	Eucoccidiorida	Cryptosporidiidae	3957	97.6
UP001430356	Novymonas esmeraldas	1808958		Euglenozoa	Kinetoplastea	Trypanosomatida	Trypanosomatidae	8343	96.2
UP001430584	Diplodia seriata	420778	Fungi	Ascomycota	Dothideomycetes	Botryosphaeriales	Botryosphaeriaceae	10534	88.9
UP001430848	Diaporthe eres (Phomopsis oblonga)	83184	Fungi	Ascomycota	Sordariomycetes	Diaporthales	Diaporthaceae	14066	94.8
UP001430953	Cardiocondyla obscurior	286306	Metazoa	Arthropoda	Insecta	Hymenoptera	Formicidae	36213	99.3
UP001431209	Acrasis kona	1008807		Heterolobosea	Eutetramitea	Acrasida	Acrasidae	15388	86.3
UP001431783	Henosepilachna vigintioctopunctata	420089	Metazoa	Arthropoda	Insecta	Coleoptera	Coccinellidae	23681	95.0
UP001432027	Pristionchus entomophagus	358040	Metazoa	Nematoda	Chromadorea	Rhabditida	Neodiplogasteridae	30008	77.6
UP001432146	Tetragonisca angustula	166442	Metazoa	Arthropoda	Insecta	Hymenoptera	Apidae	17407	98.1
UP001432216	Cryptococcus decagattii	1859122	Fungi	Basidiomycota	Tremellomycetes	Tremellales	Cryptococcaceae	6540	97.5
UP001432322	Pristionchus fissidentatus	1538716	Metazoa	Nematoda	Chromadorea	Rhabditida	Neodiplogasteridae	28245	86.3
UP001433268	Apiospora hydei	1337664	Fungi	Ascomycota	Sordariomycetes	Amphisphaeriales	Apiosporaceae	15449	94.4
UP001433508	Lipomyces kononenkoae (Yeast)	34357	Fungi	Ascomycota	Lipomycetes	Lipomycetales	Lipomycetaceae	7799	94.1
UP001434883	Xenoophorus captivus	1517983	Metazoa	Chordata	Actinopteri	Cyprinodontiformes	Goodeidae	29565	19.4
UP001437256	Marasmius tenuissimus	585030	Fungi	Basidiomycota	Agaricomycetes	Agaricales	Marasmiaceae	16292	79.3
UP001438707	Apatococcus lobatus	904363	Viridiplantae	Chlorophyta	Trebouxiophyceae	Chlorellales	Chlorellaceae	12385	95.7
UP001443563	Leishmania shawi	5680		Euglenozoa	Kinetoplastea	Trypanosomatida	Trypanosomatidae	7975	96.9
UP001443914	Saponaria officinalis (Common soapwort) (Lychnis saponaria)	3572	Viridiplantae	Streptophyta	Magnoliopsida	Caryophyllales	Caryophyllaceae	43544	96.3
UP001444071	Xenotaenia resolanae	208358	Metazoa	Chordata	Actinopteri	Cyprinodontiformes	Goodeidae	20666	27.7
UP001444661	Apiospora rasikravindrae	990691	Fungi	Ascomycota	Sordariomycetes	Amphisphaeriales	Apiosporaceae	15290	97.3
UP001445076	Cherax quadricarinatus (Australian red claw crayfish)	27406	Metazoa	Arthropoda	Malacostraca	Decapoda	Parastacidae	31051	89.1
UP001445335	Elliptochloris bilobata	381761	Viridiplantae	Chlorophyta	Trebouxiophyceae			9538	93.7
UP001446871	Apiospora saccharicola	335842	Fungi	Ascomycota	Sordariomycetes	Amphisphaeriales	Apiosporaceae	16174	98.0
UP001447188	Maublancomyces gigas	1032678	Fungi	Ascomycota	Pezizomycetes	Pezizales	Discinaceae	10752	91.6
UP001448207	Phycomyces blakesleeanus	4837	Fungi	Mucoromycota	Mucoromycetes	Mucorales	Phycomycetaceae	12409	95.9
UP001449341	Lipomyces kononenkoae (Yeast)	34357	Fungi	Ascomycota	Lipomycetes	Lipomycetales	Lipomycetaceae	7138	93.7
UP001449819	Lipomyces mesembrius	56874	Fungi	Ascomycota	Lipomycetes	Lipomycetales	Lipomycetaceae	6757	94.0
UP001451303	Neurospora intermedia	5142	Fungi	Ascomycota	Sordariomycetes	Sordariales	Sordariaceae	11278	98.3
UP001454036	Lithospermum erythrorhizon (Purple gromwell) (Lithospermum officinale var. erythrorhizon)	34254	Viridiplantae	Streptophyta	Magnoliopsida	Boraginales	Boraginaceae	44024	86.5
UP001456524	Phyllosticta citrichinensis	1130410	Fungi	Ascomycota	Dothideomycetes	Botryosphaeriales	Phyllostictaceae	10226	96.9
UP001457282	Rubus argutus (Southern blackberry)	59490	Viridiplantae	Streptophyta	Magnoliopsida	Rosales	Rosaceae	39955	91.7
UP001458880	Popillia japonica (Japanese beetle)	7064	Metazoa	Arthropoda	Insecta	Coleoptera	Scarabaeidae	35961	90.8
UP001459277	Lithocarpus litseifolius	425828	Viridiplantae	Streptophyta	Magnoliopsida	Fagales	Fagaceae	35004	95.7
UP001460270	Mugilogobius chulae (yellowstripe goby)	88201	Metazoa	Chordata	Actinopteri	Gobiiformes	Gobiidae	34369	77.7
UP001461498	Rhynocoris fuscipes	488301	Metazoa	Arthropoda	Insecta	Hemiptera	Reduviidae	15700	84.2
UP001465668	Seiridium cardinale	138064	Fungi	Ascomycota	Sordariomycetes	Amphisphaeriales	Sporocadaceae	14054	98.1
UP001465755	Symbiochloris irregularis	706552	Viridiplantae	Chlorophyta	Trebouxiophyceae	Trebouxiales	Trebouxiaceae	11670	91.0
UP001465976	Marasmius crinis-equi	585013	Fungi	Basidiomycota	Agaricomycetes	Agaricales	Marasmiaceae	19187	84.7
UP001469553	Ameca splendens	208324	Metazoa	Chordata	Actinopteri	Cyprinodontiformes	Goodeidae	38588	53.4
UP001470230	Tritrichomonas musculus	1915356		Parabasalia		Tritrichomonadida	Tritrichomonadidae	42208	54.1
UP001472677	Hibiscus sabdariffa (roselle)	183260	Viridiplantae	Streptophyta	Magnoliopsida	Malvales	Malvaceae	78072	89.0
UP001472866	Chloropicon roscoffensis	1461544	Viridiplantae	Chlorophyta	Chloropicophyceae	Chloropicales	Chloropicaceae	9008	91.2
UP001473302	Mucor flavus	439312	Fungi	Mucoromycota	Mucoromycetes	Mucorales	Mucoraceae	11235	96.1
UP001474421	Crotalus adamanteus (Eastern diamondback rattlesnake)	8729	Metazoa	Chordata	Lepidosauria	Squamata	Viperidae	21667	80.4
UP001475598	Lipomyces doorenjongii	383834	Fungi	Ascomycota	Lipomycetes	Lipomycetales	Lipomycetaceae	7538	94.1
UP001476247	Helicostylum pulchrum	562976	Fungi	Mucoromycota	Mucoromycetes	Mucorales	Mucoraceae	11917	92.1
UP001476798	Goodea atripinnis	208336	Metazoa	Chordata	Actinopteri	Cyprinodontiformes	Goodeidae	33005	21.2
UP001477159	Lipomyces chichibuensis	1546026	Fungi	Ascomycota	Lipomycetes	Lipomycetales	Lipomycetaceae	6544	94.3
UP001479290	Culter alburnus (Topmouth culter)	194366	Metazoa	Chordata	Actinopteri	Cypriniformes	Xenocyprididae	29015	99.2
UP001479436	Basidiobolus ranarum	34480	Fungi	Basidiobolomycota	Basidiobolomycetes	Basidiobolales	Basidiobolaceae	19542	92.7
UP001480595	Apiospora phragmitis	2905665	Fungi	Ascomycota	Sordariomycetes	Amphisphaeriales	Apiosporaceae	15406	93.7
UP001481841	Kockiozyma suomiensis	1337062	Fungi	Ascomycota	Lipomycetes	Lipomycetales	Lipomycetaceae	6128	92.8
UP001482455	Leishmania utingensis	653362		Euglenozoa	Kinetoplastea	Trypanosomatida	Trypanosomatidae	8002	97.7
UP001482620	Ilyodon furcidens (goldbreast splitfin)	33524	Metazoa	Chordata	Actinopteri	Cyprinodontiformes	Goodeidae	37929	47.5
UP001485043	Apatococcus fuscideae	2026836	Viridiplantae	Chlorophyta	Trebouxiophyceae	Chlorellales	Chlorellaceae	13765	75.5
UP001487740	Scylla paramamosain (Mud crab)	85552	Metazoa	Arthropoda	Malacostraca	Decapoda	Portunidae	30388	89.8
UP001488805	Zoarces viviparus (Viviparous eelpout) (Blennius viviparus)	48416	Metazoa	Chordata	Actinopteri	Perciformes	Zoarcidae	28155	98.3
UP001488838	Myodes glareolus (Bank vole) (Clethrionomys glareolus)	447135	Metazoa	Chordata	Mammalia	Rodentia	Cricetidae	26641	70.3
UP001489004	[Myrmecia] bisecta	41462	Viridiplantae	Chlorophyta	Trebouxiophyceae	Trebouxiales	Trebouxiaceae	13410	96.9
UP001489719	Lipomyces orientalis	1233043	Fungi	Ascomycota	Lipomycetes	Lipomycetales	Lipomycetaceae	7763	93.8
UP001489902	Fusarium acuminatum	5515	Fungi	Ascomycota	Sordariomycetes	Hypocreales	Nectriaceae	11335	94.1
UP001491310	Coccomyxa subellipsoidea	248742	Viridiplantae	Chlorophyta	Trebouxiophyceae		Coccomyxaceae	10452	95.3
UP001492380	Phyllosticta capitalensis	121624	Fungi	Ascomycota	Dothideomycetes	Botryosphaeriales	Phyllostictaceae	11104	97.2
UP001497382	Larinioides sclopetarius	280406	Metazoa	Arthropoda	Arachnida	Araneae	Araneidae	40304	97.2
UP001497383	Lodderomyces beijingensis	1775926	Fungi	Ascomycota	Pichiomycetes	Serinales	Debaryomycetaceae	5549	94.3
UP001497392	Coccomyxa viridis	1274662	Viridiplantae	Chlorophyta	Trebouxiophyceae		Coccomyxaceae	11604	98.6
UP001497444	Sphagnum jensenii	128206	Viridiplantae	Streptophyta	Sphagnopsida	Sphagnales	Sphagnaceae	28014	88.5
UP001497453	Somion occarium	3059160	Fungi	Basidiomycota	Agaricomycetes	Polyporales	Cerrenaceae	23670	98.6
UP001497457	Urochloa decumbens	240449	Viridiplantae	Streptophyta	Magnoliopsida	Poales	Poaceae	135058	18.6
UP001497472	Leptosia nina	320188	Metazoa	Arthropoda	Insecta	Lepidoptera	Pieridae	16432	97.3
UP001497480	Lupinus luteus (European yellow lupine)	3873	Viridiplantae	Streptophyta	Magnoliopsida	Fabales	Fabaceae	36009	94.4
UP001497482	Knipowitschia caucasica (Caucasian dwarf goby) (Pomatoschistus caucasicus)	637954	Metazoa	Chordata	Actinopteri	Gobiiformes	Gobiidae	48583	92.8
UP001497497	Lymnaea stagnalis (Great pond snail) (Helix stagnalis)	6523	Metazoa	Mollusca	Gastropoda		Lymnaeidae	22445	91.7
UP001497512	Sphagnum troendelagicum	128251	Viridiplantae	Streptophyta	Sphagnopsida	Sphagnales	Sphagnaceae	23964	88.6
UP001497516	Linum trigynum	586398	Viridiplantae	Streptophyta	Magnoliopsida	Malpighiales	Linaceae	57652	96.0
UP001497535	Meloidogyne enterolobii (Root-knot nematode worm) (Meloidogyne mayaguensis)	390850	Metazoa	Nematoda	Chromadorea	Rhabditida	Meloidogynidae	45048	62.4
UP001497600	[Candida] anglica	148631	Fungi	Ascomycota	Pichiomycetes	Serinales	Debaryomycetaceae	5979	97.3
UP001497623	Meganyctiphanes norvegica (Northern krill) (Thysanopoda norvegica)	48144	Metazoa	Arthropoda	Malacostraca	Euphausiacea	Euphausiidae	41975	84.9
UP001497644	Lasius platythorax	488582	Metazoa	Arthropoda	Insecta	Hymenoptera	Formicidae	17870	84.5
UP001497680	Hypoxylon rubiginosum	110542	Fungi	Ascomycota	Sordariomycetes	Xylariales	Hypoxylaceae	13953	98.7
UP001497700	Hypoxylon rubiginosum	110542	Fungi	Ascomycota	Sordariomycetes	Xylariales	Hypoxylaceae	12726	98.6
UP001497720	Camillea tinctor	110548	Fungi	Ascomycota	Sordariomycetes	Xylariales	Xylariaceae	11859	98.1
UP001498398	Stygiomarasmius scandens	2682957	Fungi	Basidiomycota	Agaricomycetes	Agaricales	Campanellaceae	20037	92.2
UP001498421	Neonectria magnoliae	2732573	Fungi	Ascomycota	Sordariomycetes	Hypocreales	Nectriaceae	12394	98.3
UP001498476	Neonectria punicea	979145	Fungi	Ascomycota	Sordariomycetes	Hypocreales	Nectriaceae	13207	98.4
UP001498771	Myxozyma melibiosi	54550	Fungi	Ascomycota	Lipomycetes	Lipomycetales	Lipomycetaceae	6273	91.8
UP001500131	Leishmania lindenbergi	651832		Euglenozoa	Kinetoplastea	Trypanosomatida	Trypanosomatidae	8033	96.2
UP001500889	Drosophila madeirensis (Fruit fly)	30013	Metazoa	Arthropoda	Insecta	Diptera	Drosophilidae	17869	98.7
UP001501274	Leishmania naiffi	5678		Euglenozoa	Kinetoplastea	Trypanosomatida	Trypanosomatidae	7945	95.4
UP001501920	Pygocentrus nattereri (Red-bellied piranha)	42514	Metazoa	Chordata	Actinopteri	Characiformes	Serrasalmidae	72717	97.8
UP001515480	Prymnesium parvum (Toxic golden alga)	97485		Haptophyta		Prymnesiales	Prymnesiaceae	24407	84.7
UP001515500	Dioscorea cayennensis subsp. rotundata (White Guinea yam) (Dioscorea rotundata)	55577	Viridiplantae	Streptophyta	Magnoliopsida	Dioscoreales	Dioscoreaceae	29250	92.7
UP001516023	Cyclotella cryptica	29204		Bacillariophyta	Coscinodiscophyceae	Stephanodiscales	Stephanodiscaceae	14013	96.0
UP001516400	Cryptolaemus montrouzieri	559131	Metazoa	Arthropoda	Insecta	Coleoptera	Coccinellidae	25106	90.5
UP001516464	Astathelohania contejeani	164912	Fungi	Microsporidia			Astathelohaniidae	2865	93.5
UP001519460	Batillaria attramentaria	370345	Metazoa	Mollusca	Gastropoda		Batillariidae	40206	73.0
UP001521116	Neofusicoccum ribis	45134	Fungi	Ascomycota	Dothideomycetes	Botryosphaeriales	Botryosphaeriaceae	12143	94.2
UP001521184	Diplodia intermedia	856260	Fungi	Ascomycota	Dothideomycetes	Botryosphaeriales	Botryosphaeriaceae	11221	94.6
UP001521222	Nothophoma quercina	749835	Fungi	Ascomycota	Dothideomycetes	Pleosporales	Didymellaceae	9970	83.5
UP001521785	Paraconiothyrium brasiliense	300254	Fungi	Ascomycota	Dothideomycetes	Pleosporales	Didymosphaeriaceae	12000	78.5
UP001527925	Polyrhizophydium stewartii	2732419	Fungi	Chytridiomycota	Chytridiomycetes	Rhizophydiales		9229	88.3
UP001529510	Cirrhinus mrigala (Mrigala)	683832	Metazoa	Chordata	Actinopteri	Cypriniformes	Cyprinidae	57290	7.5
UP001530293	Discostella pseudostelligera	259834		Bacillariophyta	Coscinodiscophyceae	Stephanodiscales	Stephanodiscaceae	10378	95.0
UP001530315	Stephanodiscus triporus	2934178		Bacillariophyta	Coscinodiscophyceae	Stephanodiscales	Stephanodiscaceae	11329	88.0
UP001530377	Cyclostephanos tholiformis	382380		Bacillariophyta	Coscinodiscophyceae	Stephanodiscales	Stephanodiscaceae	11767	94.0
UP001530400	Cyclotella atomus	382360		Bacillariophyta	Coscinodiscophyceae	Stephanodiscales	Stephanodiscaceae	13984	95.0
UP001549920	Loxostege sticticalis (Beet webworm moth)	481309	Metazoa	Arthropoda	Insecta	Lepidoptera	Crambidae	19850	98.5
UP001552299	Dendrobium thyrsiflorum (Pinecone-like raceme dendrobium) (Orchid)	117978	Viridiplantae	Streptophyta	Magnoliopsida	Asparagales	Orchidaceae	26289	84.3
UP001556367	Hohenbuehelia grisea	104357	Fungi	Basidiomycota	Agaricomycetes	Agaricales	Pleurotaceae	16440	94.3
UP001557470	Umbra pygmaea (Eastern mudminnow)	75934	Metazoa	Chordata	Actinopteri	Esociformes	Umbridae	24484	91.6
UP001558613	Cirrhinus molitorella (mud carp)	172907	Metazoa	Chordata	Actinopteri	Cypriniformes	Cyprinidae	36179	92.0
UP001558632	Trichinella spiralis (Trichina worm)	6334	Metazoa	Nematoda	Enoplea	Trichinellida	Trichinellidae	12252	65.4
UP001558652	Ranatra chinensis	642074	Metazoa	Arthropoda	Insecta	Hemiptera	Nepidae	14301	86.9
UP001558713	Cardamine amara subsp. amara	228776	Viridiplantae	Streptophyta	Magnoliopsida	Brassicales	Brassicaceae	36381	95.1
UP001562354	Neodothiora populina	2781224	Fungi	Ascomycota	Dothideomycetes	Dothideales	Dothioraceae	8591	93.2
UP001562357	Epichloe bromicola	79588	Fungi	Ascomycota	Sordariomycetes	Hypocreales	Clavicipitaceae	7810	96.6
UP001562425	Culex pipiens pipiens (Northern house mosquito)	38569	Metazoa	Arthropoda	Insecta	Diptera	Culicidae	20262	83.1
UP001565368	Vanrija albida	181172	Fungi	Basidiomycota	Tremellomycetes	Trichosporonales	Trichosporonaceae	9025	93.6
UP001566132	Hypothenemus hampei (Coffee berry borer)	57062	Metazoa	Arthropoda	Insecta	Coleoptera	Curculionidae	18281	97.6
UP001567538	Salvia divinorum (Maria pastora) (Diviner's sage)	28513	Viridiplantae	Streptophyta	Magnoliopsida	Lamiales	Lamiaceae	38681	96.9
UP001583172	Mycothermus thermophilus (Soft-rot fungus) (Humicola insolens)	85995	Fungi	Ascomycota	Sordariomycetes	Sordariales	Chaetomiaceae	7689	87.9
UP001583177	Diaporthe australafricana	127596	Fungi	Ascomycota	Sordariomycetes	Diaporthales	Diaporthaceae	14403	98.0
UP001583186	Sporothrix stenoceras	5173	Fungi	Ascomycota	Sordariomycetes	Ophiostomatales	Ophiostomataceae	10257	96.7
UP001583193	Paecilomyces lecythidis	3004212	Fungi	Ascomycota	Eurotiomycetes	Eurotiales	Thermoascaceae	9578	94.0
UP001583280	Ceratocystis pirilliformis	259994	Fungi	Ascomycota	Sordariomycetes	Microascales	Ceratocystidaceae	6655	93.0
UP001586593	Phialemonium thermophilum	223376	Fungi	Ascomycota	Sordariomycetes	Cephalothecales	Cephalothecaceae	10412	73.4
UP001590950	Stereocaulon virgatum	373712	Fungi	Ascomycota	Lecanoromycetes	Lecanorales	Stereocaulaceae	10871	96.9
UP001590951	Lepraria finkii	1340010	Fungi	Ascomycota	Lecanoromycetes	Lecanorales	Stereocaulaceae	12478	88.7
UP001591681	Coilia grayii (Gray's grenadier anchovy)	363190	Metazoa	Chordata	Actinopteri	Clupeiformes	Engraulidae	27792	92.0
UP001595075	Oculimacula yallundae	86028	Fungi	Ascomycota	Leotiomycetes	Helotiales	Ploettnerulaceae	16505	98.6
UP001600064	Remersonia thermophila	72144	Fungi	Ascomycota	Sordariomycetes	Sordariales	Chaetomiaceae	7598	97.4
UP001600888	Diaporthe vaccinii	105482	Fungi	Ascomycota	Sordariomycetes	Diaporthales	Diaporthaceae	19245	96.9
UP001603857	Flemingia macrophylla	520843	Viridiplantae	Streptophyta	Magnoliopsida	Fabales	Fabaceae	33069	95.4
UP001604277	Forsythia ovata	205694	Viridiplantae	Streptophyta	Magnoliopsida	Lamiales	Oleaceae	53950	92.0
UP001604336	Abeliophyllum distichum	126358	Viridiplantae	Streptophyta	Magnoliopsida	Lamiales	Oleaceae	47632	88.9
UP001605036	Riccia fluitans	41844	Viridiplantae	Streptophyta	Marchantiopsida	Marchantiales	Ricciaceae	29203	83.5
UP001607302	Vespula squamosa (Southern yellow jacket) (Wasp)	30214	Metazoa	Arthropoda	Insecta	Hymenoptera	Vespidae	18658	92.5
UP001607303	Vespula maculifrons (Eastern yellow jacket) (Wasp)	7453	Metazoa	Arthropoda	Insecta	Hymenoptera	Vespidae	21080	92.9
UP001608902	Gnathostoma spinigerum	75299	Metazoa	Nematoda	Chromadorea	Rhabditida	Gnathostomatidae	11854	62.7
UP001610334	Aspergillus granulosus	176169	Fungi	Ascomycota	Eurotiomycetes	Eurotiales	Aspergillaceae	12856	96.5
UP001610335	Aspergillus cavernicola	176166	Fungi	Ascomycota	Eurotiomycetes	Eurotiales	Aspergillaceae	12854	97.2
UP001610411	Daubentonia madagascariensis (Aye-aye) (Sciurus madagascariensis)	31869	Metazoa	Chordata	Mammalia	Primates	Daubentoniidae	22162	56.1
UP001610432	Aspergillus lucknowensis	176173	Fungi	Ascomycota	Eurotiomycetes	Eurotiales	Aspergillaceae	11538	97.0
UP001610444	Aspergillus pseudodeflectus	176178	Fungi	Ascomycota	Eurotiomycetes	Eurotiales	Aspergillaceae	14445	97.4
UP001610446	Aspergillus pseudoustus	1810923	Fungi	Ascomycota	Eurotiomycetes	Eurotiales	Aspergillaceae	15533	97.4
UP001610563	Aspergillus keveii	714993	Fungi	Ascomycota	Eurotiomycetes	Eurotiales	Aspergillaceae	15687	97.4
UP001610728	Ceratocystis lukuohia	2019550	Fungi	Ascomycota	Sordariomycetes	Microascales	Ceratocystidaceae	7468	91.2
UP001619887	Pagothenia borchgrevinki (Bald rockcod) (Trematomus borchgrevinki)	8213	Metazoa	Chordata	Actinopteri	Perciformes	Nototheniidae	27042	88.1
UP001620626	Heterodera trifolii	157864	Metazoa	Nematoda	Chromadorea	Rhabditida	Heteroderidae	37880	68.9
UP001620645	Heterodera schachtii (Sugarbeet cyst nematode worm) (Tylenchus schachtii)	97005	Metazoa	Nematoda	Chromadorea	Rhabditida	Heteroderidae	17674	68.4
UP001623330	Nakaseomyces bracarensis	273131	Fungi	Ascomycota	Saccharomycetes	Saccharomycetales	Saccharomycetaceae	5117	97.4
UP001623348	Grus japonensis (Japanese crane) (Red-crowned crane)	30415	Metazoa	Chordata	Aves	Gruiformes	Gruidae	34534	87.2
UP001623349	Apodemus speciosus (Large Japanese field mouse)	105296	Metazoa	Chordata	Mammalia	Rodentia	Muridae	18652	87.9
UP001626550	Cichlidogyrus casuarinus	1844966	Metazoa	Platyhelminthes	Monogenea	Dactylogyridea	Ancyrocephalidae	14453	54.8
UP001627154	Trichogramma kaykai	54128	Metazoa	Arthropoda	Insecta	Hymenoptera	Trichogrammatidae	24487	88.9
UP001627284	Solanum stoloniferum	62892	Viridiplantae	Streptophyta	Magnoliopsida	Solanales	Solanaceae	52170	92.8
UP001628156	Entamoeba nuttalli	412467		Evosea		Mastigamoebida	Entamoebidae	8892	49.0
UP001628179	Madurella fahalii	1157608	Fungi	Ascomycota	Sordariomycetes	Sordariales		11349	99.6
UP001629113	Phlyctema vagabunda	108571	Fungi	Ascomycota	Leotiomycetes	Helotiales	Dermateaceae	11475	91.0
UP001630127	Cinchona calisaya	153742	Viridiplantae	Streptophyta	Magnoliopsida	Gentianales	Rubiaceae	41496	97.0
UP001632037	Phytophthora oleae	2107226		Oomycota	Peronosporomycetes	Peronosporales	Peronosporaceae	18551	99.0
UP001632038	Castilleja foliolosa	1961234	Viridiplantae	Streptophyta	Magnoliopsida	Lamiales	Orobanchaceae	42001	96.1
UP001633002	Riccia sorocarpa	122646	Viridiplantae	Streptophyta	Marchantiopsida	Marchantiales	Ricciaceae	27518	77.4
UP001634007	Eucalyptus globulus (Tasmanian blue gum)	34317	Viridiplantae	Streptophyta	Magnoliopsida	Myrtales	Myrtaceae	38859	99.1
UP001634394	Sinanodonta woodiana (Chinese pond mussel) (Anodonta woodiana)	1069815	Metazoa	Mollusca	Bivalvia	Unionida	Unionidae	44962	95.8
UP001642260	Eruca vesicaria subsp. sativa (Garden rocket) (Eruca sativa)	29727	Viridiplantae	Streptophyta	Magnoliopsida	Brassicales	Brassicaceae	43983	96.6
UP001642360	Ilex paraguariensis (yerba mate)	185542	Viridiplantae	Streptophyta	Magnoliopsida	Aquifoliales	Aquifoliaceae	52268	77.3
UP001642405	Sporothrix curviconia	1260050	Fungi	Ascomycota	Sordariomycetes	Ophiostomatales	Ophiostomataceae	9798	95.3
UP001642406	Sporothrix bragantina	671064	Fungi	Ascomycota	Sordariomycetes	Ophiostomatales	Ophiostomataceae	10044	95.8
UP001642482	Sporothrix eucalyptigena	1812306	Fungi	Ascomycota	Sordariomycetes	Ophiostomatales	Ophiostomataceae	10647	96.0
UP001642483	Clavelina lepadiformis (Light-bulb sea squirt) (Ascidia lepadiformis)	159417	Metazoa	Chordata	Ascidiacea	Aplousobranchia	Clavelinidae	25263	93.2
UP001642484	Durusdinium trenchii	1381693			Dinophyceae	Suessiales	Symbiodiniaceae	68864	74.9
UP001642487	Citrullus colocynthis (colocynth)	252529	Viridiplantae	Streptophyta	Magnoliopsida	Cucurbitales	Cucurbitaceae	21779	93.7
UP001642501	Sporothrix epigloea	1892477	Fungi	Ascomycota	Sordariomycetes	Ophiostomatales	Ophiostomataceae	6635	93.6
UP001642502	Sporothrix epigloea	1892477	Fungi	Ascomycota	Sordariomycetes	Ophiostomatales	Ophiostomataceae	6635	93.2
UP001642520	Xylocopa violacea (Violet carpenter bee) (Apis violacea)	135666	Metazoa	Arthropoda	Insecta	Hymenoptera	Apidae	19738	99.5
UP001642540	Orchesella dallaii	48710	Metazoa	Arthropoda	Collembola	Entomobryomorpha	Orchesellidae	33789	96.8
UP001642720	Trichoderma ghanense	65468	Fungi	Ascomycota	Sordariomycetes	Hypocreales	Hypocreaceae	10416	97.7
UP001648503	Batrachochytrium salamandrivorans	1357716	Fungi	Chytridiomycota	Chytridiomycetes	Rhizophydiales		11223	91.2
UP001651158	Taenia crassiceps	6207	Metazoa	Platyhelminthes	Cestoda	Cyclophyllidea	Taeniidae	10155	62.4
UP001652580	Balaenoptera acutorostrata (Common minke whale) (Balaena rostrata)	9767	Metazoa	Chordata	Mammalia	Artiodactyla	Balaenopteridae	42806	98.8
UP001652581	Vicugna pacos (Alpaca) (Lama pacos)	30538	Metazoa	Chordata	Mammalia	Artiodactyla	Camelidae	42363	99.2
UP001652582	Bicyclus anynana (Squinting bush brown butterfly)	110368	Metazoa	Arthropoda	Insecta	Lepidoptera	Nymphalidae	19296	99.2
UP001652583	Acinonyx jubatus (Cheetah)	32536	Metazoa	Chordata	Mammalia	Carnivora	Felidae	49690	99.4
UP001652600	Cucumis melo (Muskmelon)	3656	Viridiplantae	Streptophyta	Magnoliopsida	Cucurbitales	Cucurbitaceae	28315	98.5
UP001652620	Bactrocera dorsalis (Oriental fruit fly) (Dacus dorsalis)	27457	Metazoa	Arthropoda	Insecta	Diptera	Tephritidae	22491	99.3
UP001652621	Musca domestica (House fly)	7370	Metazoa	Arthropoda	Insecta	Diptera	Muscidae	22566	99.2
UP001652622	Pantherophis guttatus (Corn snake) (Elaphe guttata)	94885	Metazoa	Chordata	Lepidosauria	Squamata	Colubridae	35276	95.6
UP001652623	Ziziphus jujuba (Chinese jujube) (Ziziphus sativa)	326968	Viridiplantae	Streptophyta	Magnoliopsida	Rosales	Rhamnaceae	33708	99.4
UP001652624	Erinaceus europaeus (Western European hedgehog)	9365	Metazoa	Chordata	Mammalia	Eulipotyphla	Erinaceidae	43155	96.7
UP001652625	Hydra vulgaris (Hydra) (Hydra attenuata)	6087	Metazoa	Cnidaria	Hydrozoa	Anthoathecata	Hydridae	28759	94.7
UP001652626	Vanessa tameamea (Kamehameha butterfly)	334116	Metazoa	Arthropoda	Insecta	Lepidoptera	Nymphalidae	17371	99.3
UP001652627	Apteryx mantelli (North Island brown kiwi)	2696672	Metazoa	Chordata	Aves	Apterygiformes	Apterygidae	28723	98.8
UP001652628	Drosophila suzukii (Spotted-wing drosophila fruit fly)	28584	Metazoa	Arthropoda	Insecta	Diptera	Drosophilidae	23889	99.8
UP001652640	Odocoileus virginianus (White-tailed deer)	9874	Metazoa	Chordata	Mammalia	Artiodactyla	Cervidae	43449	97.9
UP001652641	Vulpes vulpes (Red fox)	9627	Metazoa	Chordata	Mammalia	Carnivora	Canidae	49968	97.8
UP001652642	Pogona vitticeps (central bearded dragon)	103695	Metazoa	Chordata	Lepidosauria	Squamata	Agamidae	37261	94.2
UP001652660	Coffea arabica (Arabian coffee)	13443	Viridiplantae	Streptophyta	Magnoliopsida	Gentianales	Rubiaceae	65866	99.0
UP001652661	Drosophila kikkawai (Fruit fly)	30033	Metazoa	Arthropoda	Insecta	Diptera	Drosophilidae	21108	99.9
UP001652662	Equus przewalskii (Przewalski's horse) (Equus caballus przewalskii)	9798	Metazoa	Chordata	Mammalia	Perissodactyla	Equidae	60947	99.6
UP001652663	Bos indicus (Zebu)	9915	Metazoa	Chordata	Mammalia	Artiodactyla	Bovidae	46689	99.5
UP001652680	Drosophila rhopaloa (Fruit fly)	1041015	Metazoa	Arthropoda	Insecta	Diptera	Drosophilidae	20735	99.5
UP001652700	Diabrotica virgifera virgifera (western corn rootworm)	50390	Metazoa	Arthropoda	Insecta	Coleoptera	Chrysomelidae	27738	98.1
UP001652740	Galleria mellonella (Greater wax moth)	7137	Metazoa	Arthropoda	Insecta	Lepidoptera	Pyralidae	20018	99.3
UP001652741	Salmo salar (Atlantic salmon)	8030	Metazoa	Chordata	Actinopteri	Salmoniformes	Salmonidae	80784	99.4
UP001656597	Scheffersomyces amazonensis	1078765	Fungi	Ascomycota	Pichiomycetes	Serinales	Debaryomycetaceae	6045	95.3
UP001656878	Meristemomyces frigidus	1508187	Fungi	Ascomycota	Dothideomycetes	Mycosphaerellales	Teratosphaeriaceae	10941	96.1
UP001657017	Scheffersomyces coipomensis	1788519	Fungi	Ascomycota	Pichiomycetes	Serinales	Debaryomycetaceae	6156	94.7
UP001657018	Scheffersomyces xylosifermentans	1304137	Fungi	Ascomycota	Pichiomycetes	Serinales	Debaryomycetaceae	6165	97.9
UP001658139	Arthrobotrys megalospora	2528406	Fungi	Ascomycota	Orbiliomycetes	Orbiliales	Orbiliaceae	12425	95.4
UP001658960	Chlorella vulgaris (Green alga)	3077	Viridiplantae	Chlorophyta	Trebouxiophyceae	Chlorellales	Chlorellaceae	7514	84.9
UP001662300	Arachis hypogaea (Peanut)	3818	Viridiplantae	Streptophyta	Magnoliopsida	Fabales	Fabaceae	70887	95.1
UP001663967	Hanseniaspora menglaensis	3081051	Fungi	Ascomycota	Saccharomycetes	Saccharomycodales	Saccharomycodaceae	4365	81.4
UP001667325	Prunus speciosa (Oshima cherry)	378228	Viridiplantae	Streptophyta	Magnoliopsida	Rosales	Rosaceae	29578	97.5
UP001667331	Leuciscus waleckii (Amur ide)	155063	Metazoa	Chordata	Actinopteri	Cypriniformes	Leuciscidae	42211	89.2
UP001667357	Cyamophila willieti	2604842	Metazoa	Arthropoda	Insecta	Hemiptera	Psyllidae	15426	83.2
UP001669759	Sigmodon hispidus (Hispid cotton rat)	42415	Metazoa	Chordata	Mammalia	Rodentia	Cricetidae	24600	88.7
UP001670338	Gibberella pulicaris	5128	Fungi	Ascomycota	Sordariomycetes	Hypocreales	Nectriaceae	12890	99.7
UP001672501	Sergentomyia squamirostris	2283857	Metazoa	Arthropoda	Insecta	Diptera	Psychodidae	14736	93.7
UP001673243	Mimus melanotis (San Cristobal mockingbird)	245851	Metazoa	Chordata	Aves	Passeriformes	Mimidae	17811	69.7
UP001674779	Kerria lacca (common lac scale)	473130	Metazoa	Arthropoda	Insecta	Hemiptera	Tachardiidae	10648	88.6
UP001675883	Semiaphis heraclei	796293	Metazoa	Arthropoda	Insecta	Hemiptera	Aphididae	13495	96.3
UP001684356	Sarotherodon galilaeus (mango tilapia)	8144	Metazoa	Chordata	Actinopteri	Cichliformes	Cichlidae	29698	96.7
UP001694485	Penicillium ochrochloron	69780	Fungi	Ascomycota	Eurotiomycetes	Eurotiales	Aspergillaceae	10480	96.3
UP001697639	Mactra antiquata	2302425	Metazoa	Mollusca	Bivalvia	Venerida	Mactridae	24667	91.8
UP001698252	Hibiscus cannabinus	229543	Viridiplantae	Streptophyta	Magnoliopsida	Malvales	Malvaceae	63399	98.3
UP001701531	Micractinium tetrahymenae	2728915	Viridiplantae	Chlorophyta	Trebouxiophyceae	Chlorellales	Chlorellaceae	13968	99.2
UP001705113	Arapaima gigas (Giant arapaima) (Sudis gigas)	113544	Metazoa	Chordata	Actinopteri	Osteoglossiformes	Osteoglossidae	24438	88.1
UP001705132	Castanea dentata (American chestnut)	134033	Viridiplantae	Streptophyta	Magnoliopsida	Fagales	Fagaceae	37716	99.3
UP001710656	Pygathrix nigripes (Black-shanked douc langur)	310352	Metazoa	Chordata	Mammalia	Primates	Cercopithecidae	22758	68.7
UP001710657	Semnopithecus entellus (Northern plains gray langur) (Presbytis entellus)	88029	Metazoa	Chordata	Mammalia	Primates	Cercopithecidae	17646	82.2
UP001712045	Fusarium chlamydosporum	86545	Fungi	Ascomycota	Sordariomycetes	Hypocreales	Nectriaceae	11054	95.4
UP001715597	Nasalis larvatus (Proboscis monkey)	43780	Metazoa	Chordata	Mammalia	Primates	Cercopithecidae	22641	90.9
UP001724931	Solemya velum (Atlantic awningclam)	13268	Metazoa	Mollusca	Bivalvia	Solemyida	Solemyidae	18903	82.5
UP001725542	Trichoderma cf. simile WF8	3060474	Fungi	Ascomycota	Sordariomycetes	Hypocreales	Hypocreaceae	12851	98.2
UP001729258	Megaselia abdita (Humpbacked fly)	88686	Metazoa	Arthropoda	Insecta	Diptera	Phoridae	17639	88.0
UP001729270	Zizania latifolia	58934	Viridiplantae	Streptophyta	Magnoliopsida	Poales	Poaceae	36074	95.0
UP001729289	Mnemiopsis leidyi (Sea walnut) (Warty comb jellyfish)	27923	Metazoa	Ctenophora	Tentaculata	Lobata	Bolinopsidae	25028	80.9
UP001730040	Penicillium discolor	74830	Fungi	Ascomycota	Eurotiomycetes	Eurotiales	Aspergillaceae	12324	98.8
UP001730041	Penicillium palitans	293373	Fungi	Ascomycota	Eurotiomycetes	Eurotiales	Aspergillaceae	11942	99.1
UP001730042	Penicillium glandicola	197659	Fungi	Ascomycota	Eurotiomycetes	Eurotiales	Aspergillaceae	10262	99.1
UP001730043	Penicillium bialowiezense	293381	Fungi	Ascomycota	Eurotiomycetes	Eurotiales	Aspergillaceae	11242	97.3
UP001730044	Penicillium pancosmium	1131562	Fungi	Ascomycota	Eurotiomycetes	Eurotiales	Aspergillaceae	12657	97.2
UP001730045	Penicillium viridicatum	60134	Fungi	Ascomycota	Eurotiomycetes	Eurotiales	Aspergillaceae	11371	99.2
UP001730046	Penicillium manginii	203109	Fungi	Ascomycota	Eurotiomycetes	Eurotiales	Aspergillaceae	12520	97.1
UP001730561	Anthophora quadrimaculata	597840	Metazoa	Arthropoda	Insecta	Hymenoptera	Apidae	12666	89.4
UP001730562	Anthophora plagiata	597819	Metazoa	Arthropoda	Insecta	Hymenoptera	Apidae	13647	95.4
UP001730563	Anthophora retusa	597843	Metazoa	Arthropoda	Insecta	Hymenoptera	Apidae	13164	94.2
UP001730740	Penicillium psychrofluorescens	3158075	Fungi	Ascomycota	Eurotiomycetes	Eurotiales	Aspergillaceae	9535	97.0
UP001730760	Calicophoron daubneyi (Rumen fluke) (Paramphistomum daubneyi)	300641	Metazoa	Platyhelminthes	Trematoda	Plagiorchiida	Paramphistomidae	13072	77.3
UP001730765	Musa banksii (Banana)	213591	Viridiplantae	Streptophyta	Magnoliopsida	Zingiberales	Musaceae	33283	93.5
UP001730766	Musa textilis (Manila hemp) (Abaca)	228183	Viridiplantae	Streptophyta	Magnoliopsida	Zingiberales	Musaceae	33602	88.0
UP001730793	Monosporozyma unispora	27294	Fungi	Ascomycota	Saccharomycetes	Saccharomycetales	Saccharomycetaceae	5519	98.9
UP001730802	Lota lota (Burbot) (Gadus lota)	69944	Metazoa	Chordata	Actinopteri	Gadiformes	Lotidae	23785	95.5
UP001730803	Arctogadus glacialis (Arctic cod) (Gadus glacialis)	185735	Metazoa	Chordata	Actinopteri	Gadiformes	Gadidae	39354	91.0
UP001730804	Merluccius merluccius (European hake)	8063	Metazoa	Chordata	Actinopteri	Gadiformes	Merlucciidae	21772	84.8
UP001730806	Xanthoria parietina	107463	Fungi	Ascomycota	Lecanoromycetes	Teloschistales	Teloschistaceae	11100	93.7
UP001730820	Boreogadus saida (Polar cod) (Gadus saida)	44932	Metazoa	Chordata	Actinopteri	Gadiformes	Gadidae	39732	88.6
UP001730821	Gadus morhua 'NCC'	328277	Metazoa	Chordata	Actinopteri	Gadiformes	Gadidae	34302	92.3
UP001730840	Coccomyxa elongata	1965095	Viridiplantae	Chlorophyta	Trebouxiophyceae		Coccomyxaceae	11716	98.0
UP001730881	Arabidopsis halleri	81970	Viridiplantae	Streptophyta	Magnoliopsida	Brassicales	Brassicaceae	35505	97.0
UP001730882	Monosporozyma servazzii (Yeast) (Kazachstania servazzii)	27293	Fungi	Ascomycota	Saccharomycetes	Saccharomycetales	Saccharomycetaceae	5413	98.7
UP001732271	Caretta caretta (Loggerhead sea turtle)	8467	Metazoa	Chordata		Testudines	Cheloniidae	25785	98.0
UP001732273	Lepidochelys olivacea (Olive Ridley Sea turtle) (Chelonia olivacea)	27788	Metazoa	Chordata		Testudines	Cheloniidae	21318	97.8
UP001732657	Leuciscus chuanchicus	3231064	Metazoa	Chordata	Actinopteri	Cypriniformes	Leuciscidae	33581	92.8
UP001732660	Lepidochelys kempii (Kemp's ridley sea turtle) (Thalassochelys kempii)	8472	Metazoa	Chordata		Testudines	Cheloniidae	25689	97.8
UP001732700	Avena sativa (Oat)	4498	Viridiplantae	Streptophyta	Magnoliopsida	Poales	Poaceae	86842	97.5
UP001732720	Castor canadensis (American beaver)	51338	Metazoa	Chordata	Mammalia	Rodentia	Castoridae	48533	99.5
UP001732780	Camelus bactrianus (Bactrian camel)	9837	Metazoa	Chordata	Mammalia	Artiodactyla	Camelidae	45470	99.5
UP001735300	Petromyzon marinus (Sea lamprey)	7757	Metazoa	Chordata	Hyperoartia	Petromyzontiformes	Petromyzontidae	37132	81.1
UP001735302	Dermacentor variabilis (American dog tick)	34621	Metazoa	Arthropoda	Arachnida	Ixodida	Ixodidae	31650	98.8
UP001735580	Ixodes scapularis (Black-legged tick) (Deer tick)	6945	Metazoa	Arthropoda	Arachnida	Ixodida	Ixodidae	31574	98.9
UP000001194	Laccaria bicolor (strain S238N-H82 / ATCC MYA-4686) (Bicoloured deceiver) (Laccaria laccata var. bicolor)	486041	Fungi	Basidiomycota	Agaricomycetes	Agaricales	Hydnangiaceae	17895	89.2
UP000001542	Trichomonas vaginalis (strain ATCC PRA-98 / G3)	412133		Parabasalia		Trichomonadida	Trichomonadidae	50190	52.9
UP000001548	Giardia intestinalis (strain ATCC 50803 / WB clone C6) (Giardia lamblia)	184922		Fornicata		Diplomonadida	Hexamitidae	4900	23.9
UP000001611	Verticillium dahliae (strain VdLs.17 / ATCC MYA-4575 / FGSC 10137) (Verticillium wilt)	498257	Fungi	Ascomycota	Sordariomycetes	Glomerellales	Plectosphaerellaceae	10398	81.0
UP000002051	Medicago truncatula (Barrel medic) (Medicago tribuloides)	3880	Viridiplantae	Streptophyta	Magnoliopsida	Fabales	Fabaceae	57093	98.5
UP000002173	Babesia bovis	5865		Apicomplexa	Aconoidasida	Piroplasmida	Babesiidae	3213	98.4
UP000002630	Ectocarpus siliculosus (Brown alga) (Conferva siliculosa)	2880			Phaeophyceae	Ectocarpales	Ectocarpaceae	16372	97.0
UP000003163	Edhazardia aedis (strain USNM 41457) (Microsporidian parasite)	1003232	Fungi	Microsporidia			Culicosporidae	4189	90.7
UP000005206	Fusarium vanettenii (strain ATCC MYA-4622 / CBS 123669 / FGSC 9596 / NRRL 45880 / 77-13-4) (Fusarium solani subsp. pisi)	660122	Fungi	Ascomycota	Sordariomycetes	Hypocreales	Nectriaceae	15679	97.1
UP000006514	Auricularia subglabra (strain TFB-10046 / SS5) (White-rot fungus) (Auricularia delicata (strain TFB10046))	717982	Fungi	Basidiomycota	Agaricomycetes	Auriculariales	Auriculariaceae	5290	7.6
UP000006726	Cryptosporidium parvum (strain Iowa II)	353152		Apicomplexa	Conoidasida	Eucoccidiorida	Cryptosporidiidae	3805	97.0
UP000006727	Physcomitrium patens (Spreading-leaved earth moss) (Physcomitrella patens)	3218	Viridiplantae	Streptophyta	Bryopsida	Funariales	Funariaceae	47782	88.7
UP000007963	Aspergillus terreus (strain NIH 2624 / FGSC A1156)	341663	Fungi	Ascomycota	Eurotiomycetes	Eurotiales	Aspergillaceae	10419	89.8
UP000007978	Fusarium pseudograminearum (strain CS3096) (Wheat and barley crown-rot fungus)	1028729	Fungi	Ascomycota	Sordariomycetes	Hypocreales	Nectriaceae	12448	99.0
UP000008333	Plasmodium vivax (strain Salvador I)	126793		Apicomplexa	Aconoidasida	Haemosporida	Plasmodiidae	5389	95.0
UP000008553	Plasmodium yoelii yoelii	73239		Apicomplexa	Aconoidasida	Haemosporida	Plasmodiidae	7740	64.7
UP000009027	Trypanosoma vivax (strain Y486)	1055687		Euglenozoa	Kinetoplastea	Trypanosomatida	Trypanosomatidae	3778	9.2
UP000011185	Trachipleistophora hominis (Microsporidian parasite)	72359	Fungi	Microsporidia			Pleistophoridae	3212	83.2
UP000016927	Nosema bombycis (strain CQ1 / CVCC 102059) (Microsporidian parasite) (Pebrine of silkworm)	578461	Fungi	Microsporidia			Nosematidae	4398	74.0
UP000018201	Eimeria praecox	51316		Apicomplexa	Conoidasida	Eucoccidiorida	Eimeriidae	7635	51.4
UP000018208	Spironucleus salmonicida	348837		Fornicata		Diplomonadida	Hexamitidae	8076	19.2
UP000018888	Rhizophagus irregularis (strain DAOM 181602 / DAOM 197198 / MUCL 43194) (Arbuscular mycorrhizal fungus) (Glomus intraradices)	747089	Fungi	Glomeromycota	Glomeromycetes	Glomerales	Glomeraceae	25981	96.4
UP000019335	Nannochloropsis gaditana	72520			Eustigmatophyceae	Eustigmatales	Monodopsidaceae	10819	85.0
UP000022910	Rhizophagus irregularis (strain DAOM 197198w) (Glomus intraradices)	1432141	Fungi	Glomeromycota	Glomeromycetes	Glomerales	Glomeraceae	28669	85.3
UP000023152	Reticulomyxa filosa	46433		Foraminifera			Reticulomyxidae	39903	41.6
UP000029445	Cryptococcus deuterogattii (strain R265) (Cryptococcus gattii VGII (strain R265))	294750	Fungi	Basidiomycota	Tremellomycetes	Tremellales	Cryptococcaceae	2945	92.7
UP000030655	Anncaliia algerae PRA339	1288291	Fungi	Microsporidia			Tubulinosematidae	3576	76.3
UP000031668	Thelohanellus kitauei (Myxosporean)	669202	Metazoa	Cnidaria	Myxozoa	Bivalvulida	Myxobolidae	14792	25.4
UP000032142	Gossypium arboreum (Tree cotton) (Gossypium nanking)	29729	Viridiplantae	Streptophyta	Magnoliopsida	Malvales	Malvaceae	31542	67.9
UP000034350	Vairimorpha ceranae (Microsporidian parasite) (Nosema ceranae)	40302	Fungi	Microsporidia			Nosematidae	3200	97.2
UP000036681	Ascaris lumbricoides (Giant roundworm)	6252	Metazoa	Nematoda	Chromadorea	Rhabditida	Ascarididae	23559	49.6
UP000037035	Puccinia sorghi	27349	Fungi	Basidiomycota	Pucciniomycetes	Pucciniales	Pucciniaceae	21032	86.1
UP000037923	Leptomonas pyrrhocoris (Firebug parasite)	157538		Euglenozoa	Kinetoplastea	Trypanosomatida	Trypanosomatidae	9272	100.0
UP000041254	Vitrella brassicaformis	1169539					Vitrellaceae	23030	99.4
UP000050761	Heligmosomoides polygyrus (Parasitic roundworm)	6339	Metazoa	Nematoda	Chromadorea	Rhabditida	Heligmosomidae	27451	62.2
UP000051530	Pseudoloma neurophilia	146866	Fungi	Microsporidia				3636	65.0
UP000053232	Oxytricha trifallax	1172189		Ciliophora	Spirotrichea	Sporadotrichida	Oxytrichidae	810	0.0
UP000053630	Fomitiporia mediterranea (strain MF3/22) (Grapevine white-rot fungus)	694068	Fungi	Basidiomycota	Agaricomycetes	Hymenochaetales	Hymenochaetaceae	531	1.1
UP000053780	Vairimorpha apis BRL 01	1037528	Fungi	Microsporidia			Nosematidae	2727	57.3
UP000053927	Stereum hirsutum (strain FP-91666) (White-rot fungus)	721885	Fungi	Basidiomycota	Agaricomycetes	Russulales	Stereaceae	1613	22.8
UP000054018	Pisolithus microcarpus 441	765257	Fungi	Basidiomycota	Agaricomycetes	Boletales	Pisolithaceae	20748	91.7
UP000054217	Pisolithus tinctorius Marx 270	870435	Fungi	Basidiomycota	Agaricomycetes	Boletales	Pisolithaceae	22409	95.6
UP000054279	Sphaerobolus stellatus (strain SS14)	990650	Fungi	Basidiomycota	Agaricomycetes	Geastrales	Sphaerobolaceae	24609	44.3
UP000054317	Trametes versicolor (strain FP-101664) (White-rot fungus) (Coriolus versicolor)	717944	Fungi	Basidiomycota	Agaricomycetes	Polyporales	Polyporaceae	1022	21.1
UP000054538	Paxillus rubicundulus Ve08.2h10	930991	Fungi	Basidiomycota	Agaricomycetes	Boletales	Paxillaceae	21906	97.7
UP000054928	Plasmopara halstedii (Downy mildew of sunflower)	4781		Oomycota	Peronosporomycetes	Peronosporales	Peronosporaceae	15449	100.0
UP000076532	Athelia psychrophila	1759441	Fungi	Basidiomycota	Agaricomycetes	Atheliales	Atheliaceae	29994	98.4
UP000076580	Drechmeria coniospora (Nematophagous fungus) (Meria coniospora)	98403	Fungi	Ascomycota	Sordariomycetes	Hypocreales	Ophiocordycipitaceae	8231	95.6
UP000078397	Pochonia chlamydosporia 170	1380566	Fungi	Ascomycota	Sordariomycetes	Hypocreales	Clavicipitaceae	14143	97.1
UP000078555	Plasmodium ovale wallikeri	864142		Apicomplexa	Aconoidasida	Haemosporida	Plasmodiidae	8410	80.3
UP000078559	Cytospora mali (Apple Valsa canker fungus) (Valsa mali)	578113	Fungi	Ascomycota	Sordariomycetes	Diaporthales	Cytosporaceae	11165	97.3
UP000092177	Colletotrichum higginsianum (strain IMI 349063) (Crucifer anthracnose fungus)	759273	Fungi	Ascomycota	Sordariomycetes	Glomerellales	Glomerellaceae	14636	98.7
UP000095283	Heterorhabditis bacteriophora (Entomopathogenic nematode worm)	37862	Metazoa	Nematoda	Chromadorea	Rhabditida	Heterorhabditidae	20849	33.5
UP000095287	Steinernema glaseri	37863	Metazoa	Nematoda	Chromadorea	Rhabditida	Steinernematidae	37085	76.5
UP000187609	Nicotiana attenuata (Coyote tobacco)	49451	Viridiplantae	Streptophyta	Magnoliopsida	Solanales	Solanaceae	32918	97.3
UP000192356	Hepatospora eriocheir	1081669	Fungi	Microsporidia			Hepatosporidae	2687	44.0
UP000192758	Ecytonucleospora hepatopenaei	646526	Fungi	Microsporidia			Enterocytozoonidae	2431	56.7
UP000198211	Phytophthora megakarya	4795		Oomycota	Peronosporomycetes	Peronosporales	Peronosporaceae	34747	91.0
UP000215914	Helianthus annuus (Common sunflower)	4232	Viridiplantae	Streptophyta	Magnoliopsida	Asterales	Asteraceae	88555	98.3
UP000217199	Pyrrhoderma noxium	2282107	Fungi	Basidiomycota	Agaricomycetes	Hymenochaetales	Hymenochaetaceae	9911	95.8
UP000222542	Capsicum annuum (Capsicum pepper)	4072	Viridiplantae	Streptophyta	Magnoliopsida	Solanales	Solanaceae	35710	90.0
UP000224006	Besnoitia besnoiti (Apicomplexan protozoan)	94643		Apicomplexa	Conoidasida	Eucoccidiorida	Sarcocystidae	8036	99.8
UP000224567	Capsicum baccatum (Peruvian pepper)	33114	Viridiplantae	Streptophyta	Magnoliopsida	Solanales	Solanaceae	35154	87.9
UP000230233	Caenorhabditis nigoni	1611254	Metazoa	Nematoda	Chromadorea	Rhabditida	Rhabditidae	44209	97.2
UP000234323	Rhizophagus irregularis	588596	Fungi	Glomeromycota	Glomeromycetes	Glomerales	Glomeraceae	25735	96.3
UP000235145	Lactuca sativa (Garden lettuce)	4236	Viridiplantae	Streptophyta	Magnoliopsida	Asterales	Asteraceae	44115	90.7
UP000237271	Phytophthora palmivora	4796		Oomycota	Peronosporomycetes	Peronosporales	Peronosporaceae	24468	81.0
UP000238479	Rosa chinensis (China rose)	74649	Viridiplantae	Streptophyta	Magnoliopsida	Rosales	Rosaceae	45026	97.1
UP000241394	Actinidia chinensis var. chinensis (Chinese soft-hair kiwi)	1590841	Viridiplantae	Streptophyta	Magnoliopsida	Ericales	Actinidiaceae	32913	93.8
UP000245119	Pomacea canaliculata (Golden apple snail)	400727	Metazoa	Mollusca	Gastropoda	Architaenioglossa	Ampullariidae	21377	73.5
UP000250235	Dorcoceras hygrometricum	472368	Viridiplantae	Streptophyta	Magnoliopsida	Lamiales	Gesneriaceae	46001	69.5
UP000265520	Trifolium medium	97028	Viridiplantae	Streptophyta	Magnoliopsida	Fabales	Fabaceae	116147	5.6
UP000265618	Kipferlia bialata	797122		Fornicata				16754	19.2
UP000265703	Glomus cerebriforme	658196	Fungi	Glomeromycota	Glomeromycetes	Glomerales	Glomeraceae	20972	96.4
UP000266673	Gigaspora rosea	44941	Fungi	Glomeromycota	Glomeromycetes	Diversisporales	Gigasporaceae	31020	90.3
UP000266721	Mytilus galloprovincialis (Mediterranean mussel)	29158	Metazoa	Mollusca	Bivalvia	Mytilida	Mytilidae	3147	1.8
UP000266841	Thalassiosira oceanica (Marine diatom)	159749		Bacillariophyta	Coscinodiscophyceae	Thalassiosirales	Thalassiosiraceae	34564	90.0
UP000266861	Diversispora epigaea	1348612	Fungi	Glomeromycota	Glomeromycetes	Diversisporales	Diversisporaceae	28108	89.8
UP000269396	Schistosoma mattheei	31246	Metazoa	Platyhelminthes	Trematoda	Strigeidida	Schistosomatidae	22244	40.3
UP000275267	Panicum miliaceum (Proso millet) (Broomcorn millet)	4540	Viridiplantae	Streptophyta	Magnoliopsida	Poales	Poaceae	55732	96.2
UP000276133	Brachionus plicatilis (Marine rotifer) (Brachionus muelleri)	10195	Metazoa	Rotifera	Eurotatoria	Ploima	Brachionidae	52387	87.9
UP000277204	Schistosoma margrebowiei	48269	Metazoa	Platyhelminthes	Trematoda	Strigeidida	Schistosomatidae	25527	53.8
UP000279833	Schistosoma curassoni	6186	Metazoa	Platyhelminthes	Trematoda	Strigeidida	Schistosomatidae	22688	41.5
UP000282876	Tubulinosema ratisbonensis	291195	Fungi	Microsporidia			Tubulinosematidae	2996	79.3
UP000286415	Clonorchis sinensis (Chinese liver fluke)	79923	Metazoa	Platyhelminthes	Trematoda	Opisthorchiida	Opisthorchiidae	14344	73.5
UP000289340	Glycine soja (Wild soybean)	3848	Viridiplantae	Streptophyta	Magnoliopsida	Fabales	Fabaceae	75203	99.0
UP000289738	Arachis hypogaea (Peanut)	3818	Viridiplantae	Streptophyta	Magnoliopsida	Fabales	Fabaceae	97687	95.2
UP000290289	Malus domestica (Apple) (Pyrus malus)	3750	Viridiplantae	Streptophyta	Magnoliopsida	Rosales	Rosaceae	42526	92.5
UP000291404	Hamiltosporidium magnivora	148818	Fungi	Microsporidia			Dubosqiidae	4459	89.2
UP000292282	Hamiltosporidium tvaerminnensis	1176355	Fungi	Microsporidia			Dubosqiidae	5820	88.8
UP000295264	Sousa chinensis (Indo-pacific humpbacked dolphin) (Steno chinensis)	103600	Metazoa	Chordata	Mammalia	Artiodactyla	Delphinidae	8382	82.1
UP000297245	Dendrothele bispora (strain CBS 962.96)	1314807	Fungi	Basidiomycota	Agaricomycetes	Agaricales		33018	97.8
UP000298663	Steinernema carpocapsae (Entomopathogenic nematode)	34508	Metazoa	Nematoda	Chromadorea	Rhabditida	Steinernematidae	35146	74.9
UP000299102	Eumeta variegata (Bagworm moth) (Eumeta japonica)	151549	Metazoa	Arthropoda	Insecta	Lepidoptera	Psychidae	96130	71.6
UP000308600	Pluteus cervinus	181527	Fungi	Basidiomycota	Agaricomycetes	Agaricales	Pluteaceae	19812	97.2
UP000314294	Liparis tanakae (Tanaka's snailfish)	230148	Metazoa	Chordata	Actinopteri	Perciformes	Liparidae	68164	59.7
UP000315496	Giardia muris	5742		Fornicata		Diplomonadida	Hexamitidae	4560	22.4
UP000317650	Musa balbisiana (Banana)	52838	Viridiplantae	Streptophyta	Magnoliopsida	Zingiberales	Musaceae	32192	78.9
UP000318571	Tigriopus californicus (Marine copepod)	6832	Metazoa	Arthropoda	Copepoda	Harpacticoida	Harpacticidae	15551	91.8
UP000323000	Acer yangbiense	1000413	Viridiplantae	Streptophyta	Magnoliopsida	Sapindales	Sapindaceae	28143	92.5
UP000324091	Takifugu flavidus (sansaifugu)	433684	Metazoa	Chordata	Actinopteri	Tetraodontiformes	Tetraodontidae	29076	84.9
UP000324222	Portunus trituberculatus (Swimming crab) (Neptunus trituberculatus)	210409	Metazoa	Arthropoda	Malacostraca	Decapoda	Portunidae	99420	42.6
UP000324897	Eragrostis curvula (weeping love grass)	38414	Viridiplantae	Streptophyta	Magnoliopsida	Poales	Poaceae	53658	90.1
UP000326396	Mikania micrantha (bitter vine)	192012	Viridiplantae	Streptophyta	Magnoliopsida	Asterales	Asteraceae	45148	85.8
UP000326939	Salix brachista	2182728	Viridiplantae	Streptophyta	Magnoliopsida	Malpighiales	Salicaceae	29803	92.2
UP000327157	Pyrus ussuriensis x Pyrus communis	2448454	Viridiplantae	Streptophyta	Magnoliopsida	Rosales	Rosaceae	41937	90.2
UP000439903	Gigaspora margarita	4874	Fungi	Glomeromycota	Glomeromycetes	Diversisporales	Gigasporaceae	29434	92.5
UP000447434	Lupinus albus (White lupine) (Lupinus termis)	3870	Viridiplantae	Streptophyta	Magnoliopsida	Fabales	Fabaceae	37960	93.3
UP000467840	Hevea brasiliensis (Para rubber tree) (Siphonia brasiliensis)	3981	Viridiplantae	Streptophyta	Magnoliopsida	Malpighiales	Euphorbiaceae	43141	68.1
UP000478052	Aphis craccivora (Cowpea aphid)	307492	Metazoa	Arthropoda	Insecta	Hemiptera	Aphididae	31792	97.5
UP000479000	Nesidiocoris tenuis	355587	Metazoa	Arthropoda	Insecta	Hemiptera	Miridae	23052	57.1
UP000485058	Haematococcus lacustris (Green alga) (Haematococcus pluvialis)	44745	Viridiplantae	Chlorophyta	Chlorophyceae	Chlamydomonadales	Haematococcaceae	28121	41.1
UP000499080	Araneus ventricosus (Orbweaver spider) (Epeira ventricosa)	182803	Metazoa	Arthropoda	Arachnida	Araneae	Araneidae	246601	91.0
UP000516437	Morella rubra (Chinese bayberry)	262757	Viridiplantae	Streptophyta	Magnoliopsida	Fagales	Myricaceae	27208	81.0
UP000595437	Caligus rogercresseyi (Sea louse)	217165	Metazoa	Arthropoda	Copepoda	Siphonostomatoida	Caligidae	18197	15.9
UP000597762	Acanthosepion pharaonis (Pharaoh cuttlefish) (Sepia pharaonis)	158019	Metazoa	Mollusca	Cephalopoda	Sepiida	Sepiidae	53515	58.0
UP000631465	Cervus hanglu yarkandensis (Yarkand deer)	84702	Metazoa	Chordata	Mammalia	Artiodactyla	Cervidae	713	81.4
UP000636800	Vanilla planifolia (Vanilla)	51239	Viridiplantae	Streptophyta	Magnoliopsida	Asparagales	Orchidaceae	29071	68.0
UP000671143	Histoplasma ohiense	2902605	Fungi	Ascomycota	Eurotiomycetes	Onygenales	Ajellomycetaceae	9215	89.6
UP000674179	Leishmania enriettii	5663		Euglenozoa	Kinetoplastea	Trypanosomatida	Trypanosomatidae	8172	98.5
UP000685013	Cucurbita argyrosperma subsp. sororia	37648	Viridiplantae	Streptophyta	Magnoliopsida	Cucurbitales	Cucurbitaceae	30205	95.7
UP000693970	Nitzschia inconspicua	303405		Bacillariophyta	Bacillariophyceae	Bacillariales	Bacillariaceae	34694	100.0
UP000694240	Arabidopsis thaliana x Arabidopsis arenosa	1240361	Viridiplantae	Streptophyta	Magnoliopsida	Brassicales	Brassicaceae	59007	99.8
UP000694251	Arabidopsis suecica (Swedish thale-cress) (Cardaminopsis suecica)	45249	Viridiplantae	Streptophyta	Magnoliopsida	Brassicales	Brassicaceae	59687	99.6
UP000701853	Gossypium anomalum	47600	Viridiplantae	Streptophyta	Magnoliopsida	Malvales	Malvaceae	32886	82.6
UP000735302	Plakobranchus ocellatus	259542	Metazoa	Mollusca	Gastropoda		Plakobranchidae	77140	82.6
UP000762676	Elysia marginata	1093978	Metazoa	Mollusca	Gastropoda		Plakobranchidae	70727	73.4
UP000765509	Austropuccinia psidii MF-1	1389203	Fungi	Basidiomycota	Pucciniomycetes	Pucciniales	Sphaerophragmiaceae	133953	90.1
UP000784294	Protopolystoma xenopodis	117903	Metazoa	Platyhelminthes	Monogenea	Polystomatidea	Polystomatidae	37827	20.6
UP000785679	Halteria grandinella	5974		Ciliophora	Spirotrichea	Sporadotrichida	Halteriidae	17754	55.6
UP000789342	Acaulospora morrowiae	94023	Fungi	Glomeromycota	Glomeromycetes	Diversisporales	Acaulosporaceae	18358	77.0
UP000789366	Cetraspora pellucida	1433469	Fungi	Glomeromycota	Glomeromycetes	Diversisporales	Gigasporaceae	18058	36.2
UP000789375	Funneliformis mosseae (Endomycorrhizal fungus) (Glomus mosseae)	27381	Fungi	Glomeromycota	Glomeromycetes	Glomerales	Glomeraceae	16849	86.8
UP000789396	Racocetra fulgida	60492	Fungi	Glomeromycota	Glomeromycetes	Diversisporales	Gigasporaceae	19869	22.5
UP000789405	Dentiscutata erythropus	1348616	Fungi	Glomeromycota	Glomeromycetes	Diversisporales	Gigasporaceae	28754	82.6
UP000789508	Ambispora leptoticha	144679	Fungi	Glomeromycota	Glomeromycetes	Archaeosporales	Ambisporaceae	14625	80.5
UP000789525	Acaulospora colombiana	27376	Fungi	Glomeromycota	Glomeromycetes	Diversisporales	Acaulosporaceae	14505	40.6
UP000789570	Funneliformis caledonium	1117310	Fungi	Glomeromycota	Glomeromycetes	Glomerales	Glomeraceae	17941	87.4
UP000789702	Dentiscutata heterogama	1316150	Fungi	Glomeromycota	Glomeromycetes	Diversisporales	Gigasporaceae	16277	36.4
UP000789706	Diversispora eburnea	1213867	Fungi	Glomeromycota	Glomeromycetes	Diversisporales	Diversisporaceae	12016	76.7
UP000789759	Cetraspora pellucida	1433469	Fungi	Glomeromycota	Glomeromycetes	Diversisporales	Gigasporaceae	22048	75.7
UP000789860	Scutellospora calospora	85575	Fungi	Glomeromycota	Glomeromycetes	Diversisporales	Gigasporaceae	11479	24.7
UP000789901	Gigaspora margarita	4874	Fungi	Glomeromycota	Glomeromycetes	Diversisporales	Gigasporaceae	46482	82.0
UP000789920	Racocetra persica	160502	Fungi	Glomeromycota	Glomeromycetes	Diversisporales	Gigasporaceae	37045	46.3
UP000799118	Gymnopus androsaceus JB14	1447944	Fungi	Basidiomycota	Agaricomycetes	Agaricales	Omphalotaceae	29201	94.7
UP000807159	Populus deltoides (Eastern poplar) (Eastern cottonwood)	3696	Viridiplantae	Streptophyta	Magnoliopsida	Malpighiales	Salicaceae	39771	94.8
UP000820818	Daphnia sinensis	1820382	Metazoa	Arthropoda	Branchiopoda	Diplostraca	Daphniidae	16523	97.2
UP000821837	Rhipicephalus sanguineus (Brown dog tick) (Ixodes sanguineus)	34632	Metazoa	Arthropoda	Arachnida	Ixodida	Ixodidae	25506	60.4
UP000821853	Haemaphysalis longicornis (Bush tick)	44386	Metazoa	Arthropoda	Arachnida	Ixodida	Ixodidae	25603	55.9
UP000821866	Rhipicephalus microplus (Cattle tick) (Boophilus microplus)	6941	Metazoa	Arthropoda	Arachnida	Ixodida	Ixodidae	29322	55.4
UP000823674	Brassica rapa subsp. trilocularis	1813537	Viridiplantae	Streptophyta	Magnoliopsida	Brassicales	Brassicaceae	42330	86.8
UP000823749	Rhododendron griersonianum	479676	Viridiplantae	Streptophyta	Magnoliopsida	Ericales	Ericaceae	49278	88.7
UP000823941	Plutella xylostella (Diamondback moth) (Plutella maculipennis)	51655	Metazoa	Arthropoda	Insecta	Lepidoptera	Plutellidae	18670	94.7
UP000824120	Solanum commersonii (Commerson's wild potato) (Commerson's nightshade)	4109	Viridiplantae	Streptophyta	Magnoliopsida	Solanales	Solanaceae	65119	90.3
UP000824596	Hirsutella rhossiliensis	111463	Fungi	Ascomycota	Sordariomycetes	Hypocreales	Ophiocordycipitaceae	13920	97.3
UP000828390	Dreissena polymorpha (Zebra mussel) (Mytilus polymorpha)	45954	Metazoa	Mollusca	Bivalvia	Myida	Dreissenidae	181328	75.5
UP000835761	Fagus sylvatica (Beechnut)	28930	Viridiplantae	Streptophyta	Magnoliopsida	Fagales	Fagaceae	20083	0.0
UP000886520	Adiantum capillus-veneris (Maidenhair fern)	13818	Viridiplantae	Streptophyta	Polypodiopsida	Polypodiales	Pteridaceae	25645	84.9
UP000886523	Hydnum rufescens UP504	1448309	Fungi	Basidiomycota	Agaricomycetes	Cantharellales	Hydnaceae	18582	86.2
UP000886885	Populus tomentosa (Chinese white poplar)	118781	Viridiplantae	Streptophyta	Magnoliopsida	Malpighiales	Salicaceae	58240	95.1
UP000886998	Trichonephila inaurata madagascariensis	2747483	Metazoa	Arthropoda	Arachnida	Araneae	Nephilidae	50567	94.2
UP000887013	Nephila pilipes (Giant wood spider) (Nephila maculata)	299642	Metazoa	Arthropoda	Arachnida	Araneae	Nephilidae	67446	96.6
UP000887116	Trichonephila clavata (Joro spider) (Nephila clavata)	2740835	Metazoa	Arthropoda	Arachnida	Araneae	Nephilidae	66373	96.0
UP000887159	Trichonephila clavipes (Golden silk orbweaver) (Nephila clavipes)	2585209	Metazoa	Arthropoda	Arachnida	Araneae	Nephilidae	50497	10.0
UP000887562	Echinococcus canadensis	519352	Metazoa	Platyhelminthes	Cestoda	Cyclophyllidea	Taeniidae	1306	13.1
UP000887564	Parascaris equorum (Equine roundworm)	6256	Metazoa	Nematoda	Chromadorea	Rhabditida	Ascarididae	14468	9.6
UP000887565	Romanomermis culicivorax (Nematode worm)	13658	Metazoa	Nematoda	Enoplea	Mermithida	Mermithidae	48309	39.6
UP000887574	Ditylenchus dipsaci	166011	Metazoa	Nematoda	Chromadorea	Rhabditida	Anguinidae	27614	54.0
UP000887578	Panagrolaimus davidi	227884	Metazoa	Nematoda	Chromadorea	Rhabditida	Panagrolaimidae	25683	25.4
UP001054821	Prunus dulcis (Almond) (Amygdalus dulcis)	3755	Viridiplantae	Streptophyta	Magnoliopsida	Rosales	Rosaceae	44957	90.1
UP001054837	Caerostris darwini	1538125	Metazoa	Arthropoda	Arachnida	Araneae	Araneidae	55519	95.6
UP001054945	Caerostris extrusa (Bark spider) (Caerostris bankana)	172846	Metazoa	Arthropoda	Arachnida	Araneae	Araneidae	82696	84.8
UP001055879	Arctium lappa (Greater burdock) (Lappa major)	4217	Viridiplantae	Streptophyta	Magnoliopsida	Asterales	Asteraceae	38912	86.5
UP001056778	Holotrichia oblita (Chafer beetle)	644536	Metazoa	Arthropoda	Insecta	Coleoptera	Scarabaeidae	18108	80.1
UP001057375	Aduncisulcus paluster	2918883		Fornicata				14752	32.5
UP001057402	Melastoma candidum	119954	Viridiplantae	Streptophyta	Magnoliopsida	Myrtales	Melastomataceae	45460	92.9
UP001058974	Pisum sativum (Garden pea) (Lathyrus oleraceus)	3888	Viridiplantae	Streptophyta	Magnoliopsida	Fabales	Fabaceae	64176	95.1
UP001064489	Acer negundo (Box elder)	4023	Viridiplantae	Streptophyta	Magnoliopsida	Sapindales	Sapindaceae	29013	93.2
UP001066276	Pleurodeles waltl (Iberian ribbed newt)	8319	Metazoa	Chordata	Amphibia	Caudata	Salamandridae	137737	89.6
UP001075354	Megalurothrips usitatus (bean blossom thrips)	439358	Metazoa	Arthropoda	Insecta	Thysanoptera	Thripidae	12582	91.7
UP001085076	Dioscorea zingiberensis	325984	Viridiplantae	Streptophyta	Magnoliopsida	Dioscoreales	Dioscoreaceae	30095	90.8
UP001107558	Polypedilum vanderplanki (Sleeping chironomid midge)	319348	Metazoa	Arthropoda	Insecta	Diptera	Chironomidae	19076	95.8
UP001140206	Rhynchospora pubera	906938	Viridiplantae	Streptophyta	Magnoliopsida	Poales	Cyperaceae	70303	78.4
UP001141253	Salix suchowensis	1278906	Viridiplantae	Streptophyta	Magnoliopsida	Malpighiales	Salicaceae	36942	82.2
UP001142055	Blomia tropicalis (Mite)	40697	Metazoa	Arthropoda	Arachnida	Sarcoptiformes	Echimyopodidae	10628	89.2
UP001144673	Akanthomyces muscarius (Entomopathogenic fungus) (Lecanicillium muscarium)	2231603	Fungi	Ascomycota	Sordariomycetes	Hypocreales	Cordycipitaceae	12956	97.7
UP001148838	Periplaneta americana (American cockroach) (Blatta americana)	6978	Metazoa	Arthropoda	Insecta	Blattodea	Blattidae	27025	61.4
UP001151529	Salix viminalis (Common osier) (Basket willow)	40686	Viridiplantae	Streptophyta	Magnoliopsida	Malpighiales	Salicaceae	32490	86.0
UP001151532	Salix purpurea (Purple osier willow)	77065	Viridiplantae	Streptophyta	Magnoliopsida	Malpighiales	Salicaceae	37077	84.0
UP001151699	Pseudolycoriella hygida	35572	Metazoa	Arthropoda	Insecta	Diptera	Sciaridae	17665	81.1
UP001151752	Salix koriyanagi	2511006	Viridiplantae	Streptophyta	Magnoliopsida	Malpighiales	Salicaceae	34531	76.5
UP001151760	Tanacetum coccineum	301880	Viridiplantae	Streptophyta	Magnoliopsida	Asterales	Asteraceae	160195	19.0
UP001152320	Holothuria leucospilota (Black long sea cucumber) (Mertensiothuria leucospilota)	206669	Metazoa	Echinodermata	Holothuroidea	Aspidochirotida	Holothuriidae	33658	91.3
UP001152622	Synaphobranchus kaupii (Kaup's arrowtooth eel)	118154	Metazoa	Chordata	Actinopteri	Anguilliformes	Synaphobranchidae	42723	87.9
UP001152795	Paramuricea clavata (Red gorgonian) (Violescent sea-whip)	317549	Metazoa	Cnidaria	Anthozoa	Malacalcyonacea	Plexauridae	69559	80.2
UP001152797	Cladocopium goreaui	2562237			Dinophyceae	Suessiales	Symbiodiniaceae	48768	83.0
UP001153678	Funneliformis geosporum	1117311	Fungi	Glomeromycota	Glomeromycetes	Glomerales	Glomeraceae	20089	91.3
UP001159363	Dryococelus australis	614101	Metazoa	Arthropoda	Insecta	Phasmatodea	Phasmatidae	33087	51.8
UP001159364	Erythroxylum novogranatense (Peruvian coca) (Erythroxylum coca var. novogranatense)	1862640	Viridiplantae	Streptophyta	Magnoliopsida	Malpighiales	Erythroxylaceae	28510	97.2
UP001162483	Staurois parvus	386267	Metazoa	Chordata	Amphibia	Anura	Ranidae	91370	42.3
UP001162972	Salix udensis	889485	Viridiplantae	Streptophyta	Magnoliopsida	Malpighiales	Salicaceae	34473	76.7
UP001163321	Peronosclerospora sorghi	230839		Oomycota	Peronosporomycetes	Peronosporales	Peronosporaceae	18193	79.0
UP001163823	Quillaja saponaria (Soap bark tree)	32244	Viridiplantae	Streptophyta	Magnoliopsida	Fabales	Quillajaceae	39002	88.7
UP001164776	Paspalum vaginatum (seashore paspalum)	158149	Viridiplantae	Streptophyta	Magnoliopsida	Poales	Poaceae	45463	98.9
UP001164929	Populus alba x Populus x berolinensis	444605	Viridiplantae	Streptophyta	Magnoliopsida	Malpighiales	Salicaceae	52374	90.0
UP001165083	Phytophthora lilii	2077276		Oomycota	Peronosporomycetes	Peronosporales	Peronosporaceae	18848	77.0
UP001165121	Phytophthora fragariaefolia	1490495		Oomycota	Peronosporomycetes	Peronosporales	Peronosporaceae	30582	73.0
UP001165960	Entomophthora muscae	34485	Fungi	Entomophthoromycota	Entomophthoromycetes	Entomophthorales	Entomophthoraceae	42657	81.3
UP001172457	Centaurea solstitialis (yellow star-thistle)	347529	Viridiplantae	Streptophyta	Magnoliopsida	Asterales	Asteraceae	33406	69.5
UP001174677	Hevea brasiliensis (Para rubber tree) (Siphonia brasiliensis)	3981	Viridiplantae	Streptophyta	Magnoliopsida	Malpighiales	Euphorbiaceae	37065	96.1
UP001187192	Ficus carica (Common fig)	3494	Viridiplantae	Streptophyta	Magnoliopsida	Rosales	Moraceae	50560	88.4
UP001189180	Fasciola hepatica (Liver fluke)	6192	Metazoa	Platyhelminthes	Trematoda	Plagiorchiida	Fasciolidae	851	1.0
UP001189429	Prorocentrum cordatum	2364126			Dinophyceae	Prorocentrales	Prorocentraceae	112835	60.8
UP001190700	Cymbomonas tetramitiformis	36881	Viridiplantae	Chlorophyta	Pyramimonadophyceae	Pyramimonadales	Pyramimonadaceae	55884	83.8
UP001196413	Parelaphostrongylus tenuis (Meningeal worm)	148309	Metazoa	Nematoda	Chromadorea	Rhabditida	Metastrongylidae	29076	70.3
UP001215598	Mycena metata	1033252	Fungi	Basidiomycota	Agaricomycetes	Agaricales	Mycenaceae	40607	96.7
UP001218188	Mycena alexandri	1745969	Fungi	Basidiomycota	Agaricomycetes	Agaricales	Mycenaceae	31324	96.7
UP001218218	Mycena albidolilacea	1033008	Fungi	Basidiomycota	Agaricomycetes	Agaricales	Mycenaceae	36688	97.8
UP001219525	Mycena pura	153505	Fungi	Basidiomycota	Agaricomycetes	Agaricales	Mycenaceae	28264	96.3
UP001221757	Mycena rosella (Pink bonnet) (Agaricus rosellus)	1033263	Fungi	Basidiomycota	Agaricomycetes	Agaricales	Mycenaceae	33823	94.2
UP001231518	Mythimna separata (Oriental armyworm) (Pseudaletia separata)	271217	Metazoa	Arthropoda	Insecta	Lepidoptera	Noctuidae	16944	97.1
UP001234787	Cryptomeria japonica (Japanese cedar) (Cupressus japonica)	3369	Viridiplantae	Streptophyta	Pinopsida	Cupressales	Cupressaceae	1998	0.6
UP001281761	Blattamonas nauphoetae	2049346		Preaxostyla		Oxymonadida		24049	53.7
UP001283361	Elysia crispata (lettuce slug)	231223	Metazoa	Mollusca	Gastropoda		Plakobranchidae	69785	90.3
UP001301735	Eleusine coracana subsp. coracana	191504	Viridiplantae	Streptophyta	Magnoliopsida	Poales	Poaceae	235	94.4
UP001329430	Pyrocoelia pectoralis	417401	Metazoa	Arthropoda	Insecta	Coleoptera	Lampyridae	13125	89.9
UP001334084	Vairimorpha necatrix	6039	Fungi	Microsporidia			Nosematidae	3147	97.0
UP001345219	Trapa incisa	236973	Viridiplantae	Streptophyta	Magnoliopsida	Myrtales	Lythraceae	32290	92.6
UP001358586	Gossypium arboreum (Tree cotton) (Gossypium nanking)	29729	Viridiplantae	Streptophyta	Magnoliopsida	Malvales	Malvaceae	47974	96.0
UP001362999	Favolaschia claudopus	2862362	Fungi	Basidiomycota	Agaricomycetes	Agaricales	Mycenaceae	47595	93.3
UP001390339	Apiospora arundinis	335852	Fungi	Ascomycota	Sordariomycetes	Amphisphaeriales	Apiosporaceae	14704	99.2
UP001439008	Bonamia ostreae	126728		Endomyxa	Ascetosporea	Haplosporida	Haplosporidiidae	5695	26.3
UP001497681	Schizophyllum commune Tattone D	1314663	Fungi	Basidiomycota	Agaricomycetes	Agaricales	Schizophyllaceae	15039	94.5
UP001497744	Babesia caballi	5871		Apicomplexa	Aconoidasida	Piroplasmida	Babesiidae	5876	78.0
UP001578633	Alternaria dauci	48095	Fungi	Ascomycota	Dothideomycetes	Pleosporales	Pleosporaceae	9961	92.4
UP001634393	Penstemon smallii	265156	Viridiplantae	Streptophyta	Magnoliopsida	Lamiales	Plantaginaceae	25218	86.0
UP001642409	Hexamita inflata	28002		Fornicata		Diplomonadida	Hexamitidae	67101	25.1
UP001642463	Bufotes viridis (European green toad) (Pseudepidalea viridis)	30338	Metazoa	Chordata	Amphibia	Anura	Bufonidae	65624	88.1
UP001642464	Durusdinium trenchii	1381693			Dinophyceae	Suessiales	Symbiodiniaceae	57175	82.5
UP001652987	Rhizophagus irregularis	588596	Fungi	Glomeromycota	Glomeromycetes	Glomerales	Glomeraceae	30873	95.8
UP001655667	Seiridium cupressi	138065	Fungi	Ascomycota	Sordariomycetes	Amphisphaeriales	Sporocadaceae	13375	96.7
UP001656528	Vairimorpha bombi	40135	Fungi	Microsporidia			Nosematidae	1853	89.7
UP001674383	Bienertia sinuspersici	338654	Viridiplantae	Streptophyta	Magnoliopsida	Caryophyllales	Amaranthaceae	31839	61.0
UP001686810	Scleroderma citrinum	68788	Fungi	Basidiomycota	Agaricomycetes	Boletales	Sclerodermataceae	10146	96.6
UP001686851	Scleroderma yunnanense	1163567	Fungi	Basidiomycota	Agaricomycetes	Boletales	Sclerodermataceae	10150	92.3
UP001688483	Uroleucon formosanum	796250	Metazoa	Arthropoda	Insecta	Hemiptera	Aphididae	31408	98.2
UP001698266	Pleurotus pulmonarius (Pale oyster mushroom) (Agaricus pulmonarius)	28995	Fungi	Basidiomycota	Agaricomycetes	Agaricales	Pleurotaceae	15440	98.4
UP001698321	Abortiporus biennis	137743	Fungi	Basidiomycota	Agaricomycetes	Polyporales	Podoscyphaceae	12845	98.0
UP001701489	Tetrahymena utriculariae	2486642		Ciliophora	Oligohymenophorea	Hymenostomatida	Tetrahymenidae	22816	98.2
UP001701514	Tetrahymena malaccensis	5901		Ciliophora	Oligohymenophorea	Hymenostomatida	Tetrahymenidae	22921	98.8
UP001703957	Helianthus anomalus	73274	Viridiplantae	Streptophyta	Magnoliopsida	Asterales	Asteraceae	137788	89.6
UP001705133	Taraxacum kok-saghyz (Russian dandelion)	333970	Viridiplantae	Streptophyta	Magnoliopsida	Asterales	Asteraceae	38650	81.7
UP001712102	Scirpophaga incertulas	72366	Metazoa	Arthropoda	Insecta	Lepidoptera	Crambidae	19873	79.3
UP001730600	Prunus armeniaca (Apricot) (Armeniaca vulgaris)	36596	Viridiplantae	Streptophyta	Magnoliopsida	Rosales	Rosaceae	55495	97.9
UP001730764	Prunus brigantina	151428	Viridiplantae	Streptophyta	Magnoliopsida	Rosales	Rosaceae	42103	96.3
UP001732900	Taenia solium (Pork tapeworm)	6204	Metazoa	Platyhelminthes	Cestoda	Cyclophyllidea	Taeniidae	11854	64.3
