family	acc1	acc2	gene1	gene2	hgnc1	hgnc2	node	taxon	supported	window	ohno_strict	ohno_relaxed
ampa	P42261	P42263	GRIA1	GRIA3	HGNC:4571	HGNC:4573	3	Chordata	False	older	True	True
ampa	P48058	P42263	GRIA4	GRIA3	HGNC:4574	HGNC:4573	3	Chordata	False	older	True	True
ampa	P42262	P42263	GRIA2	GRIA3	HGNC:4572	HGNC:4573	3	Chordata	False	older	True	True
ampa	P42261	P48058	GRIA1	GRIA4	HGNC:4571	HGNC:4574	5	Chordata	False	older	True	True
ampa	P42262	P48058	GRIA2	GRIA4	HGNC:4572	HGNC:4574	5	Chordata	False	older	True	True
ampa	P42261	P42262	GRIA1	GRIA2	HGNC:4571	HGNC:4572	10	Chordata	False	older	True	True
ano_channel	Q9NQ90	Q5XXA6	ANO2	ANO1	HGNC:1183	HGNC:21625	0	Gnathostomata	True	2R	True	True
asic	P78348	Q9NY37	ASIC1	ASIC5	HGNC:100	HGNC:17537	80	Eumetazoa	False	older	False	False
asic	P78348	A0A0G2JLG4	ASIC1	ASIC5	HGNC:100		80	Eumetazoa	False	older		
asic	Q96FT7	Q9NY37	ASIC4	ASIC5	HGNC:21263	HGNC:17537	80	Eumetazoa	False	older	False	False
asic	Q96FT7	A0A0G2JLG4	ASIC4	ASIC5	HGNC:21263		80	Eumetazoa	False	older		
asic	Q16515	Q9NY37	ASIC2	ASIC5	HGNC:99	HGNC:17537	80	Eumetazoa	False	older	False	False
asic	Q16515	A0A0G2JLG4	ASIC2	ASIC5	HGNC:99		80	Eumetazoa	False	older		
asic	Q9UHC3	Q9NY37	ASIC3	ASIC5	HGNC:101	HGNC:17537	80	Eumetazoa	False	older	False	False
asic	Q9UHC3	A0A0G2JLG4	ASIC3	ASIC5	HGNC:101		80	Eumetazoa	False	older		
asic	Q9NY37	A0A0G2JLG4	ASIC5	ASIC5	HGNC:17537		104	Homo sapiens	True	younger		
asic	P78348	Q96FT7	ASIC1	ASIC4	HGNC:100	HGNC:21263	108	Vertebrata	False	2R	True	True
asic	Q9UHC3	Q96FT7	ASIC3	ASIC4	HGNC:101	HGNC:21263	108	Vertebrata	False	2R	True	True
asic	Q16515	Q96FT7	ASIC2	ASIC4	HGNC:99	HGNC:21263	108	Vertebrata	False	2R	True	True
asic	Q9UHC3	P78348	ASIC3	ASIC1	HGNC:101	HGNC:100	110	Vertebrata	False	2R	True	True
asic	Q9UHC3	Q16515	ASIC3	ASIC2	HGNC:101	HGNC:99	110	Vertebrata	False	2R	True	True
asic	P78348	Q16515	ASIC1	ASIC2	HGNC:100	HGNC:99	114	Gnathostomata	True	2R	True	True
bestrophin	Q8NFU1	Q8N1M1	BEST2	BEST3	HGNC:17107	HGNC:17105	44	Vertebrata	False	2R	False	False
bestrophin	O76090	Q8N1M1	BEST1	BEST3	HGNC:12703	HGNC:17105	44	Vertebrata	False	2R	True	True
bestrophin	Q8NFU0	Q8N1M1	BEST4	BEST3	HGNC:17106	HGNC:17105	44	Vertebrata	False	2R	False	True
bestrophin	Q8NFU1	Q8NFU0	BEST2	BEST4	HGNC:17107	HGNC:17106	45	Vertebrata	False	2R	True	True
bestrophin	O76090	Q8NFU1	BEST1	BEST2	HGNC:12703	HGNC:17107	46	Vertebrata	False	2R	False	True
bestrophin	O76090	Q8NFU0	BEST1	BEST4	HGNC:12703	HGNC:17106	46	Vertebrata	False	2R	False	True
calhm	Q86XJ0	Q8N5C1	CALHM3	CALHM5	HGNC:23458	HGNC:21568	1	Chordata	False	older	False	False
calhm	Q86XJ0	Q5R3K3	CALHM3	CALHM6	HGNC:23458	HGNC:33391	1	Chordata	False	older	False	False
calhm	Q5JW98	Q8N5C1	CALHM4	CALHM5	HGNC:21094	HGNC:21568	1	Chordata	False	older	False	False
calhm	Q5JW98	Q5R3K3	CALHM4	CALHM6	HGNC:21094	HGNC:33391	1	Chordata	False	older	False	False
calhm	Q9HA72	Q8N5C1	CALHM2	CALHM5	HGNC:23493	HGNC:21568	1	Chordata	False	older	False	False
calhm	Q9HA72	Q5R3K3	CALHM2	CALHM6	HGNC:23493	HGNC:33391	1	Chordata	False	older	False	False
calhm	Q8IU99	Q8N5C1	CALHM1	CALHM5	HGNC:23494	HGNC:21568	1	Chordata	False	older	False	False
calhm	Q8IU99	Q5R3K3	CALHM1	CALHM6	HGNC:23494	HGNC:33391	1	Chordata	False	older	False	False
calhm	Q5R3K3	Q8N5C1	CALHM6	CALHM5	HGNC:33391	HGNC:21568	2	Gnathostomata	False	2R	False	False
calhm	Q86XJ0	Q9HA72	CALHM3	CALHM2	HGNC:23458	HGNC:23493	9	Vertebrata	False	2R	False	False
calhm	Q86XJ0	Q5JW98	CALHM3	CALHM4	HGNC:23458	HGNC:21094	9	Vertebrata	False	2R	False	False
calhm	Q8IU99	Q9HA72	CALHM1	CALHM2	HGNC:23494	HGNC:23493	9	Vertebrata	False	2R	False	False
calhm	Q8IU99	Q5JW98	CALHM1	CALHM4	HGNC:23494	HGNC:21094	9	Vertebrata	False	2R	False	False
calhm	Q5JW98	Q9HA72	CALHM4	CALHM2	HGNC:21094	HGNC:23493	15	Vertebrata	True	2R	False	False
calhm	Q8IU99	Q86XJ0	CALHM1	CALHM3	HGNC:23494	HGNC:23458	18	Gnathostomata	True	2R	False	False
catsper	Q86XQ3	Q96P56	CATSPER3	CATSPER2	HGNC:20819	HGNC:18810	0	Metazoa	False	older	False	False
catsper	Q86XQ3	Q7RTX7	CATSPER3	CATSPER4	HGNC:20819	HGNC:23220	0	Metazoa	False	older	False	False
catsper	Q86XQ3	Q8NEC5	CATSPER3	CATSPER1	HGNC:20819	HGNC:17116	0	Metazoa	False	older	False	False
catsper	Q96P56	Q8NEC5	CATSPER2	CATSPER1	HGNC:18810	HGNC:17116	1	Metazoa	False	older	False	False
catsper	Q7RTX7	Q8NEC5	CATSPER4	CATSPER1	HGNC:23220	HGNC:17116	1	Metazoa	False	older	False	False
catsper	Q96P56	Q7RTX7	CATSPER2	CATSPER4	HGNC:18810	HGNC:23220	2	Metazoa	True	older	False	False
cav	Q9P0X4	Q15878	CACNA1I	CACNA1E	HGNC:1396	HGNC:1392	0	Eukaryota	False	older	False	False
cav	Q9P0X4	O60840	CACNA1I	CACNA1F	HGNC:1396	HGNC:1393	0	Eukaryota	False	older	False	False
cav	Q9P0X4	Q01668	CACNA1I	CACNA1D	HGNC:1396	HGNC:1391	0	Eukaryota	False	older	False	False
cav	Q9P0X4	O00555	CACNA1I	CACNA1A	HGNC:1396	HGNC:1388	0	Eukaryota	False	older	False	False
cav	Q9P0X4	Q13936	CACNA1I	CACNA1C	HGNC:1396	HGNC:1390	0	Eukaryota	False	older	False	False
cav	Q9P0X4	Q00975	CACNA1I	CACNA1B	HGNC:1396	HGNC:1389	0	Eukaryota	False	older	False	False
cav	Q9P0X4	Q13698	CACNA1I	CACNA1S	HGNC:1396	HGNC:1397	0	Eukaryota	False	older	False	False
cav	O43497	Q15878	CACNA1G	CACNA1E	HGNC:1394	HGNC:1392	0	Eukaryota	False	older	False	False
cav	O43497	O60840	CACNA1G	CACNA1F	HGNC:1394	HGNC:1393	0	Eukaryota	False	older	False	False
cav	O43497	Q01668	CACNA1G	CACNA1D	HGNC:1394	HGNC:1391	0	Eukaryota	False	older	False	False
cav	O43497	O00555	CACNA1G	CACNA1A	HGNC:1394	HGNC:1388	0	Eukaryota	False	older	False	False
cav	O43497	Q13936	CACNA1G	CACNA1C	HGNC:1394	HGNC:1390	0	Eukaryota	False	older	False	False
cav	O43497	Q00975	CACNA1G	CACNA1B	HGNC:1394	HGNC:1389	0	Eukaryota	False	older	False	False
cav	O43497	Q13698	CACNA1G	CACNA1S	HGNC:1394	HGNC:1397	0	Eukaryota	False	older	False	False
cav	O95180	Q15878	CACNA1H	CACNA1E	HGNC:1395	HGNC:1392	0	Eukaryota	False	older	False	False
cav	O95180	O60840	CACNA1H	CACNA1F	HGNC:1395	HGNC:1393	0	Eukaryota	False	older	False	False
cav	O95180	Q01668	CACNA1H	CACNA1D	HGNC:1395	HGNC:1391	0	Eukaryota	False	older	False	False
cav	O95180	O00555	CACNA1H	CACNA1A	HGNC:1395	HGNC:1388	0	Eukaryota	False	older	False	False
cav	O95180	Q13936	CACNA1H	CACNA1C	HGNC:1395	HGNC:1390	0	Eukaryota	False	older	False	False
cav	O95180	Q00975	CACNA1H	CACNA1B	HGNC:1395	HGNC:1389	0	Eukaryota	False	older	False	False
cav	O95180	Q13698	CACNA1H	CACNA1S	HGNC:1395	HGNC:1397	0	Eukaryota	False	older	False	False
cav	O43497	Q9P0X4	CACNA1G	CACNA1I	HGNC:1394	HGNC:1396	2	Vertebrata	False	2R	True	True
cav	O43497	O95180	CACNA1G	CACNA1H	HGNC:1394	HGNC:1395	2	Vertebrata	False	2R	True	True
cav	O95180	Q9P0X4	CACNA1H	CACNA1I	HGNC:1395	HGNC:1396	3	Euteleostomi	True	bony_vertebrate	True	True
cav	Q15878	Q13698	CACNA1E	CACNA1S	HGNC:1392	HGNC:1397	23	Eumetazoa	True	older	False	False
cav	Q15878	O60840	CACNA1E	CACNA1F	HGNC:1392	HGNC:1393	23	Eumetazoa	True	older	False	False
cav	Q15878	Q01668	CACNA1E	CACNA1D	HGNC:1392	HGNC:1391	23	Eumetazoa	True	older	False	False
cav	Q15878	Q13936	CACNA1E	CACNA1C	HGNC:1392	HGNC:1390	23	Eumetazoa	True	older	False	False
cav	O00555	Q13698	CACNA1A	CACNA1S	HGNC:1388	HGNC:1397	23	Eumetazoa	True	older	False	False
cav	O00555	O60840	CACNA1A	CACNA1F	HGNC:1388	HGNC:1393	23	Eumetazoa	True	older	False	False
cav	O00555	Q01668	CACNA1A	CACNA1D	HGNC:1388	HGNC:1391	23	Eumetazoa	True	older	False	False
cav	O00555	Q13936	CACNA1A	CACNA1C	HGNC:1388	HGNC:1390	23	Eumetazoa	True	older	False	False
cav	Q00975	Q13698	CACNA1B	CACNA1S	HGNC:1389	HGNC:1397	23	Eumetazoa	True	older	False	False
cav	Q00975	O60840	CACNA1B	CACNA1F	HGNC:1389	HGNC:1393	23	Eumetazoa	True	older	False	False
cav	Q00975	Q01668	CACNA1B	CACNA1D	HGNC:1389	HGNC:1391	23	Eumetazoa	True	older	False	False
cav	Q00975	Q13936	CACNA1B	CACNA1C	HGNC:1389	HGNC:1390	23	Eumetazoa	True	older	False	False
cav	O60840	Q13698	CACNA1F	CACNA1S	HGNC:1393	HGNC:1397	25	Vertebrata	False	2R	True	True
cav	O60840	Q13936	CACNA1F	CACNA1C	HGNC:1393	HGNC:1390	25	Vertebrata	False	2R	True	True
cav	Q01668	Q13698	CACNA1D	CACNA1S	HGNC:1391	HGNC:1397	25	Vertebrata	False	2R	True	True
cav	Q01668	Q13936	CACNA1D	CACNA1C	HGNC:1391	HGNC:1390	25	Vertebrata	False	2R	True	True
cav	Q13936	Q13698	CACNA1C	CACNA1S	HGNC:1390	HGNC:1397	28	Gnathostomata	True	2R	True	True
cav	O60840	Q01668	CACNA1F	CACNA1D	HGNC:1393	HGNC:1391	30	Gnathostomata	False	2R	True	True
cav	O00555	Q15878	CACNA1A	CACNA1E	HGNC:1388	HGNC:1392	47	Vertebrata	False	2R	True	True
cav	Q00975	Q15878	CACNA1B	CACNA1E	HGNC:1389	HGNC:1392	47	Vertebrata	False	2R	True	True
cav	O00555	Q00975	CACNA1A	CACNA1B	HGNC:1388	HGNC:1389	49	Vertebrata	False	2R	True	True
clc_channel	P51788	P51801	CLCN2	CLCNKB	HGNC:2020	HGNC:2027	9	Opisthokonta	False	older	False	False
clc_channel	P51788	P51800	CLCN2	CLCNKA	HGNC:2020	HGNC:2026	9	Opisthokonta	False	older	False	False
clc_channel	P35523	P51801	CLCN1	CLCNKB	HGNC:2019	HGNC:2027	9	Opisthokonta	False	older	False	False
clc_channel	P35523	P51800	CLCN1	CLCNKA	HGNC:2019	HGNC:2026	9	Opisthokonta	False	older	False	False
clc_channel	P51800	P51801	CLCNKA	CLCNKB	HGNC:2026	HGNC:2027	12	Homo sapiens	True	younger	False	False
clc_channel	P35523	P51788	CLCN1	CLCN2	HGNC:2019	HGNC:2020	13	Vertebrata	True	2R	True	True
cng	Q9NQW8	Q16280	CNGB3	CNGA2	HGNC:2153	HGNC:2149	170	Metazoa	False	older	False	False
cng	Q9NQW8	Q16281	CNGB3	CNGA3	HGNC:2153	HGNC:2150	170	Metazoa	False	older	False	False
cng	Q9NQW8	P29973	CNGB3	CNGA1	HGNC:2153	HGNC:2148	170	Metazoa	False	older	False	False
cng	Q9NQW8	Q8IV77	CNGB3	CNGA4	HGNC:2153	HGNC:2152	170	Metazoa	False	older	False	False
cng	Q14028	Q16280	CNGB1	CNGA2	HGNC:2151	HGNC:2149	170	Metazoa	False	older	False	False
cng	Q14028	Q16281	CNGB1	CNGA3	HGNC:2151	HGNC:2150	170	Metazoa	False	older	False	False
cng	Q14028	P29973	CNGB1	CNGA1	HGNC:2151	HGNC:2148	170	Metazoa	False	older	False	False
cng	Q14028	Q8IV77	CNGB1	CNGA4	HGNC:2151	HGNC:2152	170	Metazoa	False	older	False	False
cng	Q16280	Q8IV77	CNGA2	CNGA4	HGNC:2149	HGNC:2152	185	Vertebrata	True	2R	True	True
cng	Q16281	Q8IV77	CNGA3	CNGA4	HGNC:2150	HGNC:2152	185	Vertebrata	True	2R	True	True
cng	P29973	Q8IV77	CNGA1	CNGA4	HGNC:2148	HGNC:2152	185	Vertebrata	True	2R	True	True
cng	P29973	Q16280	CNGA1	CNGA2	HGNC:2148	HGNC:2149	187	Vertebrata	False	2R	True	True
cng	Q16281	Q16280	CNGA3	CNGA2	HGNC:2150	HGNC:2149	187	Vertebrata	False	2R	True	True
cng	P29973	Q16281	CNGA1	CNGA3	HGNC:2148	HGNC:2150	189	Vertebrata	False	2R	True	True
cng	Q14028	Q9NQW8	CNGB1	CNGB3	HGNC:2151	HGNC:2153	195	Vertebrata	False	2R	True	True
connexin	Q8N144	P08034	GJD3	GJB1	HGNC:19147	HGNC:4283	0	Vertebrata	False	2R	False	False
connexin	Q8N144	Q9NTQ9	GJD3	GJB4	HGNC:19147	HGNC:4286	0	Vertebrata	False	2R	False	False
connexin	Q8N144	P36382	GJD3	GJA5	HGNC:19147	HGNC:4279	0	Vertebrata	False	2R	False	False
connexin	Q8N144	P29033	GJD3	GJB2	HGNC:19147	HGNC:4284	0	Vertebrata	False	2R	False	False
connexin	Q8N144	Q969M2	GJD3	GJA10	HGNC:19147	HGNC:16995	0	Vertebrata	False	2R	False	False
connexin	Q8N144	P35212	GJD3	GJA4	HGNC:19147	HGNC:4278	0	Vertebrata	False	2R	False	False
connexin	Q8N144	O95377	GJD3	GJB5	HGNC:19147	HGNC:4287	0	Vertebrata	False	2R	False	False
connexin	Q8N144	Q6PEY0	GJD3	GJB7	HGNC:19147	HGNC:16690	0	Vertebrata	False	2R	False	False
connexin	Q8N144	Q9Y6H8	GJD3	GJA3	HGNC:19147	HGNC:4277	0	Vertebrata	False	2R	False	False
connexin	Q8N144	O95452	GJD3	GJB6	HGNC:19147	HGNC:4288	0	Vertebrata	False	2R	False	False
connexin	Q8N144	P57773	GJD3	GJA9	HGNC:19147	HGNC:19155	0	Vertebrata	False	2R	False	False
connexin	Q8N144	P36383	GJD3	GJC1	HGNC:19147	HGNC:4280	0	Vertebrata	False	2R	False	False
connexin	Q8N144	Q8NFK1	GJD3	GJC3	HGNC:19147	HGNC:17495	0	Vertebrata	False	2R	False	False
connexin	Q8N144	Q5T442	GJD3	GJC2	HGNC:19147	HGNC:17494	0	Vertebrata	False	2R	False	False
connexin	Q8N144	O75712	GJD3	GJB3	HGNC:19147	HGNC:4285	0	Vertebrata	False	2R	False	False
connexin	Q8N144	P48165	GJD3	GJA8	HGNC:19147	HGNC:4281	0	Vertebrata	False	2R	False	False
connexin	Q8N144	P17302	GJD3	GJA1	HGNC:19147	HGNC:4274	0	Vertebrata	False	2R	False	False
connexin	Q96KN9	P08034	GJD4	GJB1	HGNC:23296	HGNC:4283	0	Vertebrata	False	2R	False	False
connexin	Q96KN9	Q9NTQ9	GJD4	GJB4	HGNC:23296	HGNC:4286	0	Vertebrata	False	2R	False	False
connexin	Q96KN9	P36382	GJD4	GJA5	HGNC:23296	HGNC:4279	0	Vertebrata	False	2R	False	False
connexin	Q96KN9	P29033	GJD4	GJB2	HGNC:23296	HGNC:4284	0	Vertebrata	False	2R	False	False
connexin	Q96KN9	Q969M2	GJD4	GJA10	HGNC:23296	HGNC:16995	0	Vertebrata	False	2R	False	False
connexin	Q96KN9	P35212	GJD4	GJA4	HGNC:23296	HGNC:4278	0	Vertebrata	False	2R	False	False
connexin	Q96KN9	O95377	GJD4	GJB5	HGNC:23296	HGNC:4287	0	Vertebrata	False	2R	False	False
connexin	Q96KN9	Q6PEY0	GJD4	GJB7	HGNC:23296	HGNC:16690	0	Vertebrata	False	2R	False	False
connexin	Q96KN9	Q9Y6H8	GJD4	GJA3	HGNC:23296	HGNC:4277	0	Vertebrata	False	2R	False	False
connexin	Q96KN9	O95452	GJD4	GJB6	HGNC:23296	HGNC:4288	0	Vertebrata	False	2R	False	False
connexin	Q96KN9	P57773	GJD4	GJA9	HGNC:23296	HGNC:19155	0	Vertebrata	False	2R	False	False
connexin	Q96KN9	P36383	GJD4	GJC1	HGNC:23296	HGNC:4280	0	Vertebrata	False	2R	False	False
connexin	Q96KN9	Q8NFK1	GJD4	GJC3	HGNC:23296	HGNC:17495	0	Vertebrata	False	2R	False	False
connexin	Q96KN9	Q5T442	GJD4	GJC2	HGNC:23296	HGNC:17494	0	Vertebrata	False	2R	False	False
connexin	Q96KN9	O75712	GJD4	GJB3	HGNC:23296	HGNC:4285	0	Vertebrata	False	2R	False	False
connexin	Q96KN9	P48165	GJD4	GJA8	HGNC:23296	HGNC:4281	0	Vertebrata	False	2R	False	False
connexin	Q96KN9	P17302	GJD4	GJA1	HGNC:23296	HGNC:4274	0	Vertebrata	False	2R	False	False
connexin	Q9UKL4	P08034	GJD2	GJB1	HGNC:19154	HGNC:4283	0	Vertebrata	False	2R	False	False
connexin	Q9UKL4	Q9NTQ9	GJD2	GJB4	HGNC:19154	HGNC:4286	0	Vertebrata	False	2R	False	False
connexin	Q9UKL4	P36382	GJD2	GJA5	HGNC:19154	HGNC:4279	0	Vertebrata	False	2R	False	False
connexin	Q9UKL4	P29033	GJD2	GJB2	HGNC:19154	HGNC:4284	0	Vertebrata	False	2R	False	False
connexin	Q9UKL4	Q969M2	GJD2	GJA10	HGNC:19154	HGNC:16995	0	Vertebrata	False	2R	False	False
connexin	Q9UKL4	P35212	GJD2	GJA4	HGNC:19154	HGNC:4278	0	Vertebrata	False	2R	False	False
connexin	Q9UKL4	O95377	GJD2	GJB5	HGNC:19154	HGNC:4287	0	Vertebrata	False	2R	False	False
connexin	Q9UKL4	Q6PEY0	GJD2	GJB7	HGNC:19154	HGNC:16690	0	Vertebrata	False	2R	False	False
connexin	Q9UKL4	Q9Y6H8	GJD2	GJA3	HGNC:19154	HGNC:4277	0	Vertebrata	False	2R	False	False
connexin	Q9UKL4	O95452	GJD2	GJB6	HGNC:19154	HGNC:4288	0	Vertebrata	False	2R	False	False
connexin	Q9UKL4	P57773	GJD2	GJA9	HGNC:19154	HGNC:19155	0	Vertebrata	False	2R	False	False
connexin	Q9UKL4	P36383	GJD2	GJC1	HGNC:19154	HGNC:4280	0	Vertebrata	False	2R	False	False
connexin	Q9UKL4	Q8NFK1	GJD2	GJC3	HGNC:19154	HGNC:17495	0	Vertebrata	False	2R	False	False
connexin	Q9UKL4	Q5T442	GJD2	GJC2	HGNC:19154	HGNC:17494	0	Vertebrata	False	2R	False	False
connexin	Q9UKL4	O75712	GJD2	GJB3	HGNC:19154	HGNC:4285	0	Vertebrata	False	2R	False	False
connexin	Q9UKL4	P48165	GJD2	GJA8	HGNC:19154	HGNC:4281	0	Vertebrata	False	2R	False	False
connexin	Q9UKL4	P17302	GJD2	GJA1	HGNC:19154	HGNC:4274	0	Vertebrata	False	2R	False	False
connexin	Q5T442	P36383	GJC2	GJC1	HGNC:17494	HGNC:4280	1	Vertebrata	False	2R	False	False
connexin	P08034	Q5T442	GJB1	GJC2	HGNC:4283	HGNC:17494	2	Vertebrata	False	2R	False	False
connexin	P08034	P36383	GJB1	GJC1	HGNC:4283	HGNC:4280	2	Vertebrata	False	2R	False	False
connexin	P08034	Q8NFK1	GJB1	GJC3	HGNC:4283	HGNC:17495	2	Vertebrata	False	2R	False	False
connexin	Q9NTQ9	Q5T442	GJB4	GJC2	HGNC:4286	HGNC:17494	2	Vertebrata	False	2R	False	False
connexin	Q9NTQ9	P36383	GJB4	GJC1	HGNC:4286	HGNC:4280	2	Vertebrata	False	2R	False	False
connexin	Q9NTQ9	Q8NFK1	GJB4	GJC3	HGNC:4286	HGNC:17495	2	Vertebrata	False	2R	False	False
connexin	P36382	Q5T442	GJA5	GJC2	HGNC:4279	HGNC:17494	2	Vertebrata	False	2R	False	False
connexin	P36382	P36383	GJA5	GJC1	HGNC:4279	HGNC:4280	2	Vertebrata	False	2R	False	False
connexin	P36382	Q8NFK1	GJA5	GJC3	HGNC:4279	HGNC:17495	2	Vertebrata	False	2R	False	False
connexin	P29033	Q5T442	GJB2	GJC2	HGNC:4284	HGNC:17494	2	Vertebrata	False	2R	False	False
connexin	P29033	P36383	GJB2	GJC1	HGNC:4284	HGNC:4280	2	Vertebrata	False	2R	False	False
connexin	P29033	Q8NFK1	GJB2	GJC3	HGNC:4284	HGNC:17495	2	Vertebrata	False	2R	False	False
connexin	Q969M2	Q5T442	GJA10	GJC2	HGNC:16995	HGNC:17494	2	Vertebrata	False	2R	False	False
connexin	Q969M2	P36383	GJA10	GJC1	HGNC:16995	HGNC:4280	2	Vertebrata	False	2R	False	False
connexin	Q969M2	Q8NFK1	GJA10	GJC3	HGNC:16995	HGNC:17495	2	Vertebrata	False	2R	False	False
connexin	P35212	Q5T442	GJA4	GJC2	HGNC:4278	HGNC:17494	2	Vertebrata	False	2R	False	False
connexin	P35212	P36383	GJA4	GJC1	HGNC:4278	HGNC:4280	2	Vertebrata	False	2R	False	False
connexin	P35212	Q8NFK1	GJA4	GJC3	HGNC:4278	HGNC:17495	2	Vertebrata	False	2R	False	False
connexin	O95377	Q5T442	GJB5	GJC2	HGNC:4287	HGNC:17494	2	Vertebrata	False	2R	False	False
connexin	O95377	P36383	GJB5	GJC1	HGNC:4287	HGNC:4280	2	Vertebrata	False	2R	False	False
connexin	O95377	Q8NFK1	GJB5	GJC3	HGNC:4287	HGNC:17495	2	Vertebrata	False	2R	False	False
connexin	Q6PEY0	Q5T442	GJB7	GJC2	HGNC:16690	HGNC:17494	2	Vertebrata	False	2R	False	False
connexin	Q6PEY0	P36383	GJB7	GJC1	HGNC:16690	HGNC:4280	2	Vertebrata	False	2R	False	False
connexin	Q6PEY0	Q8NFK1	GJB7	GJC3	HGNC:16690	HGNC:17495	2	Vertebrata	False	2R	False	False
connexin	Q9Y6H8	Q5T442	GJA3	GJC2	HGNC:4277	HGNC:17494	2	Vertebrata	False	2R	False	False
connexin	Q9Y6H8	P36383	GJA3	GJC1	HGNC:4277	HGNC:4280	2	Vertebrata	False	2R	False	False
connexin	Q9Y6H8	Q8NFK1	GJA3	GJC3	HGNC:4277	HGNC:17495	2	Vertebrata	False	2R	False	False
connexin	O95452	Q5T442	GJB6	GJC2	HGNC:4288	HGNC:17494	2	Vertebrata	False	2R	False	False
connexin	O95452	P36383	GJB6	GJC1	HGNC:4288	HGNC:4280	2	Vertebrata	False	2R	False	False
connexin	O95452	Q8NFK1	GJB6	GJC3	HGNC:4288	HGNC:17495	2	Vertebrata	False	2R	False	False
connexin	P57773	Q5T442	GJA9	GJC2	HGNC:19155	HGNC:17494	2	Vertebrata	False	2R	False	False
connexin	P57773	P36383	GJA9	GJC1	HGNC:19155	HGNC:4280	2	Vertebrata	False	2R	False	False
connexin	P57773	Q8NFK1	GJA9	GJC3	HGNC:19155	HGNC:17495	2	Vertebrata	False	2R	False	False
connexin	O75712	Q5T442	GJB3	GJC2	HGNC:4285	HGNC:17494	2	Vertebrata	False	2R	False	False
connexin	O75712	P36383	GJB3	GJC1	HGNC:4285	HGNC:4280	2	Vertebrata	False	2R	False	False
connexin	O75712	Q8NFK1	GJB3	GJC3	HGNC:4285	HGNC:17495	2	Vertebrata	False	2R	False	False
connexin	P48165	Q5T442	GJA8	GJC2	HGNC:4281	HGNC:17494	2	Vertebrata	False	2R	False	False
connexin	P48165	P36383	GJA8	GJC1	HGNC:4281	HGNC:4280	2	Vertebrata	False	2R	False	False
connexin	P48165	Q8NFK1	GJA8	GJC3	HGNC:4281	HGNC:17495	2	Vertebrata	False	2R	False	False
connexin	P17302	Q5T442	GJA1	GJC2	HGNC:4274	HGNC:17494	2	Vertebrata	False	2R	False	False
connexin	P17302	P36383	GJA1	GJC1	HGNC:4274	HGNC:4280	2	Vertebrata	False	2R	False	False
connexin	P17302	Q8NFK1	GJA1	GJC3	HGNC:4274	HGNC:17495	2	Vertebrata	False	2R	False	False
connexin	Q8NFK1	Q5T442	GJC3	GJC2	HGNC:17495	HGNC:17494	5	Vertebrata	False	2R	False	False
connexin	Q8NFK1	P36383	GJC3	GJC1	HGNC:17495	HGNC:4280	5	Vertebrata	False	2R	False	False
connexin	A6NN92	P08034	GJE1	GJB1	HGNC:33251	HGNC:4283	6	Vertebrata	True	2R	False	False
connexin	A6NN92	Q9NTQ9	GJE1	GJB4	HGNC:33251	HGNC:4286	6	Vertebrata	True	2R	False	False
connexin	A6NN92	Q9UKL4	GJE1	GJD2	HGNC:33251	HGNC:19154	6	Vertebrata	True	2R	False	False
connexin	A6NN92	O95377	GJE1	GJB5	HGNC:33251	HGNC:4287	6	Vertebrata	True	2R	False	False
connexin	A6NN92	Q6PEY0	GJE1	GJB7	HGNC:33251	HGNC:16690	6	Vertebrata	True	2R	False	False
connexin	A6NN92	O75712	GJE1	GJB3	HGNC:33251	HGNC:4285	6	Vertebrata	True	2R	False	False
connexin	A6NN92	P48165	GJE1	GJA8	HGNC:33251	HGNC:4281	6	Vertebrata	True	2R	False	False
connexin	A6NN92	P17302	GJE1	GJA1	HGNC:33251	HGNC:4274	6	Vertebrata	True	2R	False	False
connexin	A6NN92	P36382	GJE1	GJA5	HGNC:33251	HGNC:4279	6	Vertebrata	True	2R	False	False
connexin	A6NN92	P29033	GJE1	GJB2	HGNC:33251	HGNC:4284	6	Vertebrata	True	2R	False	False
connexin	A6NN92	Q969M2	GJE1	GJA10	HGNC:33251	HGNC:16995	6	Vertebrata	True	2R	False	False
connexin	A6NN92	P35212	GJE1	GJA4	HGNC:33251	HGNC:4278	6	Vertebrata	True	2R	False	False
connexin	A6NN92	P57773	GJE1	GJA9	HGNC:33251	HGNC:19155	6	Vertebrata	True	2R	False	False
connexin	A6NN92	P36383	GJE1	GJC1	HGNC:33251	HGNC:4280	6	Vertebrata	True	2R	False	False
connexin	A6NN92	Q8N144	GJE1	GJD3	HGNC:33251	HGNC:19147	6	Vertebrata	True	2R	False	False
connexin	A6NN92	Q5T442	GJE1	GJC2	HGNC:33251	HGNC:17494	6	Vertebrata	True	2R	False	False
connexin	A6NN92	Q9Y6H8	GJE1	GJA3	HGNC:33251	HGNC:4277	6	Vertebrata	True	2R	False	False
connexin	A6NN92	O95452	GJE1	GJB6	HGNC:33251	HGNC:4288	6	Vertebrata	True	2R	False	False
connexin	A6NN92	Q96KN9	GJE1	GJD4	HGNC:33251	HGNC:23296	6	Vertebrata	True	2R	False	False
connexin	A6NN92	Q8NFK1	GJE1	GJC3	HGNC:33251	HGNC:17495	6	Vertebrata	True	2R	False	False
connexin	P36382	P08034	GJA5	GJB1	HGNC:4279	HGNC:4283	64	Vertebrata	False	2R	False	False
connexin	P36382	Q9NTQ9	GJA5	GJB4	HGNC:4279	HGNC:4286	64	Vertebrata	False	2R	False	False
connexin	P36382	P29033	GJA5	GJB2	HGNC:4279	HGNC:4284	64	Vertebrata	False	2R	False	False
connexin	P36382	O95377	GJA5	GJB5	HGNC:4279	HGNC:4287	64	Vertebrata	False	2R	False	False
connexin	P36382	Q6PEY0	GJA5	GJB7	HGNC:4279	HGNC:16690	64	Vertebrata	False	2R	False	False
connexin	P36382	O95452	GJA5	GJB6	HGNC:4279	HGNC:4288	64	Vertebrata	False	2R	False	False
connexin	P36382	O75712	GJA5	GJB3	HGNC:4279	HGNC:4285	64	Vertebrata	False	2R	False	False
connexin	Q969M2	P08034	GJA10	GJB1	HGNC:16995	HGNC:4283	64	Vertebrata	False	2R	False	False
connexin	Q969M2	Q9NTQ9	GJA10	GJB4	HGNC:16995	HGNC:4286	64	Vertebrata	False	2R	False	False
connexin	Q969M2	P29033	GJA10	GJB2	HGNC:16995	HGNC:4284	64	Vertebrata	False	2R	False	False
connexin	Q969M2	O95377	GJA10	GJB5	HGNC:16995	HGNC:4287	64	Vertebrata	False	2R	False	False
connexin	Q969M2	Q6PEY0	GJA10	GJB7	HGNC:16995	HGNC:16690	64	Vertebrata	False	2R	False	False
connexin	Q969M2	O95452	GJA10	GJB6	HGNC:16995	HGNC:4288	64	Vertebrata	False	2R	False	False
connexin	Q969M2	O75712	GJA10	GJB3	HGNC:16995	HGNC:4285	64	Vertebrata	False	2R	False	False
connexin	P35212	P08034	GJA4	GJB1	HGNC:4278	HGNC:4283	64	Vertebrata	False	2R	False	False
connexin	P35212	Q9NTQ9	GJA4	GJB4	HGNC:4278	HGNC:4286	64	Vertebrata	False	2R	False	False
connexin	P35212	P29033	GJA4	GJB2	HGNC:4278	HGNC:4284	64	Vertebrata	False	2R	False	False
connexin	P35212	O95377	GJA4	GJB5	HGNC:4278	HGNC:4287	64	Vertebrata	False	2R	False	False
connexin	P35212	Q6PEY0	GJA4	GJB7	HGNC:4278	HGNC:16690	64	Vertebrata	False	2R	False	False
connexin	P35212	O95452	GJA4	GJB6	HGNC:4278	HGNC:4288	64	Vertebrata	False	2R	False	False
connexin	P35212	O75712	GJA4	GJB3	HGNC:4278	HGNC:4285	64	Vertebrata	False	2R	False	False
connexin	Q9Y6H8	P08034	GJA3	GJB1	HGNC:4277	HGNC:4283	64	Vertebrata	False	2R	False	False
connexin	Q9Y6H8	Q9NTQ9	GJA3	GJB4	HGNC:4277	HGNC:4286	64	Vertebrata	False	2R	False	False
connexin	Q9Y6H8	P29033	GJA3	GJB2	HGNC:4277	HGNC:4284	64	Vertebrata	False	2R	False	False
connexin	Q9Y6H8	O95377	GJA3	GJB5	HGNC:4277	HGNC:4287	64	Vertebrata	False	2R	False	False
connexin	Q9Y6H8	Q6PEY0	GJA3	GJB7	HGNC:4277	HGNC:16690	64	Vertebrata	False	2R	False	False
connexin	Q9Y6H8	O95452	GJA3	GJB6	HGNC:4277	HGNC:4288	64	Vertebrata	False	2R	False	False
connexin	Q9Y6H8	O75712	GJA3	GJB3	HGNC:4277	HGNC:4285	64	Vertebrata	False	2R	False	False
connexin	P57773	P08034	GJA9	GJB1	HGNC:19155	HGNC:4283	64	Vertebrata	False	2R	False	False
connexin	P57773	Q9NTQ9	GJA9	GJB4	HGNC:19155	HGNC:4286	64	Vertebrata	False	2R	False	False
connexin	P57773	P29033	GJA9	GJB2	HGNC:19155	HGNC:4284	64	Vertebrata	False	2R	False	False
connexin	P57773	O95377	GJA9	GJB5	HGNC:19155	HGNC:4287	64	Vertebrata	False	2R	False	False
connexin	P57773	Q6PEY0	GJA9	GJB7	HGNC:19155	HGNC:16690	64	Vertebrata	False	2R	False	False
connexin	P57773	O95452	GJA9	GJB6	HGNC:19155	HGNC:4288	64	Vertebrata	False	2R	False	False
connexin	P57773	O75712	GJA9	GJB3	HGNC:19155	HGNC:4285	64	Vertebrata	False	2R	False	False
connexin	P48165	P08034	GJA8	GJB1	HGNC:4281	HGNC:4283	64	Vertebrata	False	2R	False	False
connexin	P48165	Q9NTQ9	GJA8	GJB4	HGNC:4281	HGNC:4286	64	Vertebrata	False	2R	False	False
connexin	P48165	P29033	GJA8	GJB2	HGNC:4281	HGNC:4284	64	Vertebrata	False	2R	False	False
connexin	P48165	O95377	GJA8	GJB5	HGNC:4281	HGNC:4287	64	Vertebrata	False	2R	False	False
connexin	P48165	Q6PEY0	GJA8	GJB7	HGNC:4281	HGNC:16690	64	Vertebrata	False	2R	False	False
connexin	P48165	O95452	GJA8	GJB6	HGNC:4281	HGNC:4288	64	Vertebrata	False	2R	False	False
connexin	P48165	O75712	GJA8	GJB3	HGNC:4281	HGNC:4285	64	Vertebrata	False	2R	False	False
connexin	P17302	P08034	GJA1	GJB1	HGNC:4274	HGNC:4283	64	Vertebrata	False	2R	False	False
connexin	P17302	Q9NTQ9	GJA1	GJB4	HGNC:4274	HGNC:4286	64	Vertebrata	False	2R	False	False
connexin	P17302	P29033	GJA1	GJB2	HGNC:4274	HGNC:4284	64	Vertebrata	False	2R	False	False
connexin	P17302	O95377	GJA1	GJB5	HGNC:4274	HGNC:4287	64	Vertebrata	False	2R	False	False
connexin	P17302	Q6PEY0	GJA1	GJB7	HGNC:4274	HGNC:16690	64	Vertebrata	False	2R	False	False
connexin	P17302	O95452	GJA1	GJB6	HGNC:4274	HGNC:4288	64	Vertebrata	False	2R	False	False
connexin	P17302	O75712	GJA1	GJB3	HGNC:4274	HGNC:4285	64	Vertebrata	False	2R	False	False
connexin	Q9NTQ9	P29033	GJB4	GJB2	HGNC:4286	HGNC:4284	65	Vertebrata	False	2R	False	False
connexin	Q9NTQ9	P08034	GJB4	GJB1	HGNC:4286	HGNC:4283	65	Vertebrata	False	2R	False	False
connexin	Q9NTQ9	O95452	GJB4	GJB6	HGNC:4286	HGNC:4288	65	Vertebrata	False	2R	False	False
connexin	O75712	P29033	GJB3	GJB2	HGNC:4285	HGNC:4284	65	Vertebrata	False	2R	False	False
connexin	O75712	P08034	GJB3	GJB1	HGNC:4285	HGNC:4283	65	Vertebrata	False	2R	False	False
connexin	O75712	O95452	GJB3	GJB6	HGNC:4285	HGNC:4288	65	Vertebrata	False	2R	False	False
connexin	O95377	P29033	GJB5	GJB2	HGNC:4287	HGNC:4284	65	Vertebrata	False	2R	False	False
connexin	O95377	P08034	GJB5	GJB1	HGNC:4287	HGNC:4283	65	Vertebrata	False	2R	False	False
connexin	O95377	O95452	GJB5	GJB6	HGNC:4287	HGNC:4288	65	Vertebrata	False	2R	False	False
connexin	Q6PEY0	P29033	GJB7	GJB2	HGNC:16690	HGNC:4284	65	Vertebrata	False	2R	False	False
connexin	Q6PEY0	P08034	GJB7	GJB1	HGNC:16690	HGNC:4283	65	Vertebrata	False	2R	False	False
connexin	Q6PEY0	O95452	GJB7	GJB6	HGNC:16690	HGNC:4288	65	Vertebrata	False	2R	False	False
connexin	P29033	P08034	GJB2	GJB1	HGNC:4284	HGNC:4283	75	Gnathostomata	True	2R	False	False
connexin	O95452	P08034	GJB6	GJB1	HGNC:4288	HGNC:4283	75	Gnathostomata	True	2R	False	False
connexin	P29033	O95452	GJB2	GJB6	HGNC:4284	HGNC:4288	82	Amniota	False	younger	False	False
connexin	Q9NTQ9	Q6PEY0	GJB4	GJB7	HGNC:4286	HGNC:16690	85	Gnathostomata	False	2R	False	False
connexin	O75712	Q6PEY0	GJB3	GJB7	HGNC:4285	HGNC:16690	85	Gnathostomata	False	2R	False	False
connexin	O95377	Q6PEY0	GJB5	GJB7	HGNC:4287	HGNC:16690	85	Gnathostomata	False	2R	False	False
connexin	O75712	Q9NTQ9	GJB3	GJB4	HGNC:4285	HGNC:4286	86	Gnathostomata	False	2R	False	False
connexin	O75712	O95377	GJB3	GJB5	HGNC:4285	HGNC:4287	86	Gnathostomata	False	2R	False	False
connexin	O95377	Q9NTQ9	GJB5	GJB4	HGNC:4287	HGNC:4286	87	Euteleostomi	False	bony_vertebrate	False	False
connexin	P57773	Q969M2	GJA9	GJA10	HGNC:19155	HGNC:16995	95	Vertebrata	False	2R	False	False
connexin	P36382	Q969M2	GJA5	GJA10	HGNC:4279	HGNC:16995	96	Vertebrata	False	2R	False	False
connexin	P36382	P57773	GJA5	GJA9	HGNC:4279	HGNC:19155	96	Vertebrata	False	2R	False	False
connexin	P35212	Q969M2	GJA4	GJA10	HGNC:4278	HGNC:16995	96	Vertebrata	False	2R	False	False
connexin	P35212	P57773	GJA4	GJA9	HGNC:4278	HGNC:19155	96	Vertebrata	False	2R	False	False
connexin	Q9Y6H8	Q969M2	GJA3	GJA10	HGNC:4277	HGNC:16995	96	Vertebrata	False	2R	False	False
connexin	Q9Y6H8	P57773	GJA3	GJA9	HGNC:4277	HGNC:19155	96	Vertebrata	False	2R	False	False
connexin	P48165	Q969M2	GJA8	GJA10	HGNC:4281	HGNC:16995	96	Vertebrata	False	2R	False	False
connexin	P48165	P57773	GJA8	GJA9	HGNC:4281	HGNC:19155	96	Vertebrata	False	2R	False	False
connexin	P17302	Q969M2	GJA1	GJA10	HGNC:4274	HGNC:16995	96	Vertebrata	False	2R	False	False
connexin	P17302	P57773	GJA1	GJA9	HGNC:4274	HGNC:19155	96	Vertebrata	False	2R	False	False
connexin	Q9Y6H8	P48165	GJA3	GJA8	HGNC:4277	HGNC:4281	98	Vertebrata	False	2R	False	False
connexin	P35212	P48165	GJA4	GJA8	HGNC:4278	HGNC:4281	98	Vertebrata	False	2R	False	False
connexin	P36382	P48165	GJA5	GJA8	HGNC:4279	HGNC:4281	98	Vertebrata	False	2R	False	False
connexin	P17302	P48165	GJA1	GJA8	HGNC:4274	HGNC:4281	98	Vertebrata	False	2R	False	False
connexin	Q9Y6H8	P36382	GJA3	GJA5	HGNC:4277	HGNC:4279	101	Vertebrata	False	2R	False	False
connexin	P35212	P36382	GJA4	GJA5	HGNC:4278	HGNC:4279	101	Vertebrata	False	2R	False	False
connexin	P17302	P36382	GJA1	GJA5	HGNC:4274	HGNC:4279	101	Vertebrata	False	2R	False	False
connexin	P35212	Q9Y6H8	GJA4	GJA3	HGNC:4278	HGNC:4277	105	Vertebrata	False	2R	False	False
connexin	P17302	Q9Y6H8	GJA1	GJA3	HGNC:4274	HGNC:4277	105	Vertebrata	False	2R	False	False
connexin	P17302	P35212	GJA1	GJA4	HGNC:4274	HGNC:4278	124	Gnathostomata	True	2R	False	False
connexin	Q8N144	Q96KN9	GJD3	GJD4	HGNC:19147	HGNC:23296	131	Vertebrata	False	2R	False	False
connexin	Q9UKL4	Q96KN9	GJD2	GJD4	HGNC:19154	HGNC:23296	131	Vertebrata	False	2R	False	False
connexin	Q9UKL4	Q8N144	GJD2	GJD3	HGNC:19154	HGNC:19147	135	Vertebrata	True	2R	False	False
enac	P51170	P37088	SCNN1G	SCNN1A	HGNC:10602	HGNC:10599	0	Vertebrata	False	2R	False	False
enac	P51170	P51172	SCNN1G	SCNN1D	HGNC:10602	HGNC:10601	0	Vertebrata	False	2R	False	False
enac	P51168	P37088	SCNN1B	SCNN1A	HGNC:10600	HGNC:10599	0	Vertebrata	False	2R	False	False
enac	P51168	P51172	SCNN1B	SCNN1D	HGNC:10600	HGNC:10601	0	Vertebrata	False	2R	False	False
enac	P51168	P51170	SCNN1B	SCNN1G	HGNC:10600	HGNC:10602	1	Vertebrata	True	2R	False	False
enac	P37088	P51172	SCNN1A	SCNN1D	HGNC:10599	HGNC:10601	2	Sarcopterygii	True	younger	False	False
gabaa	P28476	P18507	GABRR2	GABRG2	HGNC:4091	HGNC:4087	2	Bilateria	False	older	False	False
gabaa	P28476	P34903	GABRR2	GABRA3	HGNC:4091	HGNC:4077	2	Bilateria	False	older	False	False
gabaa	P28476	P78334	GABRR2	GABRE	HGNC:4091	HGNC:4085	2	Bilateria	False	older	False	False
gabaa	P28476	P14867	GABRR2	GABRA1	HGNC:4091	HGNC:4075	2	Bilateria	False	older	False	False
gabaa	P28476	Q99928	GABRR2	GABRG3	HGNC:4091	HGNC:4088	2	Bilateria	False	older	False	False
gabaa	P28476	P31644	GABRR2	GABRA5	HGNC:4091	HGNC:4079	2	Bilateria	False	older	False	False
gabaa	P28476	P48169	GABRR2	GABRA4	HGNC:4091	HGNC:4078	2	Bilateria	False	older	False	False
gabaa	P28476	Q16445	GABRR2	GABRA6	HGNC:4091	HGNC:4080	2	Bilateria	False	older	False	False
gabaa	P28476	Q8N1C3	GABRR2	GABRG1	HGNC:4091	HGNC:4086	2	Bilateria	False	older	False	False
gabaa	P28476	P47869	GABRR2	GABRA2	HGNC:4091	HGNC:4076	2	Bilateria	False	older	False	False
gabaa	P18505	P18507	GABRB1	GABRG2	HGNC:4081	HGNC:4087	2	Bilateria	False	older	False	False
gabaa	P18505	P34903	GABRB1	GABRA3	HGNC:4081	HGNC:4077	2	Bilateria	False	older	False	False
gabaa	P18505	P78334	GABRB1	GABRE	HGNC:4081	HGNC:4085	2	Bilateria	False	older	False	False
gabaa	P18505	P14867	GABRB1	GABRA1	HGNC:4081	HGNC:4075	2	Bilateria	False	older	False	False
gabaa	P18505	Q99928	GABRB1	GABRG3	HGNC:4081	HGNC:4088	2	Bilateria	False	older	False	False
gabaa	P18505	P31644	GABRB1	GABRA5	HGNC:4081	HGNC:4079	2	Bilateria	False	older	False	False
gabaa	P18505	P48169	GABRB1	GABRA4	HGNC:4081	HGNC:4078	2	Bilateria	False	older	False	False
gabaa	P18505	Q16445	GABRB1	GABRA6	HGNC:4081	HGNC:4080	2	Bilateria	False	older	False	False
gabaa	P18505	Q8N1C3	GABRB1	GABRG1	HGNC:4081	HGNC:4086	2	Bilateria	False	older	False	False
gabaa	P18505	P47869	GABRB1	GABRA2	HGNC:4081	HGNC:4076	2	Bilateria	False	older	False	False
gabaa	O14764	P18507	GABRD	GABRG2	HGNC:4084	HGNC:4087	2	Bilateria	False	older	False	False
gabaa	O14764	P34903	GABRD	GABRA3	HGNC:4084	HGNC:4077	2	Bilateria	False	older	False	False
gabaa	O14764	P78334	GABRD	GABRE	HGNC:4084	HGNC:4085	2	Bilateria	False	older	False	False
gabaa	O14764	P14867	GABRD	GABRA1	HGNC:4084	HGNC:4075	2	Bilateria	False	older	False	False
gabaa	O14764	Q99928	GABRD	GABRG3	HGNC:4084	HGNC:4088	2	Bilateria	False	older	False	False
gabaa	O14764	P31644	GABRD	GABRA5	HGNC:4084	HGNC:4079	2	Bilateria	False	older	False	False
gabaa	O14764	P48169	GABRD	GABRA4	HGNC:4084	HGNC:4078	2	Bilateria	False	older	False	False
gabaa	O14764	Q16445	GABRD	GABRA6	HGNC:4084	HGNC:4080	2	Bilateria	False	older	False	False
gabaa	O14764	Q8N1C3	GABRD	GABRG1	HGNC:4084	HGNC:4086	2	Bilateria	False	older	False	False
gabaa	O14764	P47869	GABRD	GABRA2	HGNC:4084	HGNC:4076	2	Bilateria	False	older	False	False
gabaa	O00591	P18507	GABRP	GABRG2	HGNC:4089	HGNC:4087	2	Bilateria	False	older	False	False
gabaa	O00591	P34903	GABRP	GABRA3	HGNC:4089	HGNC:4077	2	Bilateria	False	older	False	False
gabaa	O00591	P78334	GABRP	GABRE	HGNC:4089	HGNC:4085	2	Bilateria	False	older	False	False
gabaa	O00591	P14867	GABRP	GABRA1	HGNC:4089	HGNC:4075	2	Bilateria	False	older	False	False
gabaa	O00591	Q99928	GABRP	GABRG3	HGNC:4089	HGNC:4088	2	Bilateria	False	older	False	False
gabaa	O00591	P31644	GABRP	GABRA5	HGNC:4089	HGNC:4079	2	Bilateria	False	older	False	False
gabaa	O00591	P48169	GABRP	GABRA4	HGNC:4089	HGNC:4078	2	Bilateria	False	older	False	False
gabaa	O00591	Q16445	GABRP	GABRA6	HGNC:4089	HGNC:4080	2	Bilateria	False	older	False	False
gabaa	O00591	Q8N1C3	GABRP	GABRG1	HGNC:4089	HGNC:4086	2	Bilateria	False	older	False	False
gabaa	O00591	P47869	GABRP	GABRA2	HGNC:4089	HGNC:4076	2	Bilateria	False	older	False	False
gabaa	A8MPY1	P18507	GABRR3	GABRG2	HGNC:17969	HGNC:4087	2	Bilateria	False	older	False	False
gabaa	A8MPY1	P34903	GABRR3	GABRA3	HGNC:17969	HGNC:4077	2	Bilateria	False	older	False	False
gabaa	A8MPY1	P78334	GABRR3	GABRE	HGNC:17969	HGNC:4085	2	Bilateria	False	older	False	False
gabaa	A8MPY1	P14867	GABRR3	GABRA1	HGNC:17969	HGNC:4075	2	Bilateria	False	older	False	False
gabaa	A8MPY1	Q99928	GABRR3	GABRG3	HGNC:17969	HGNC:4088	2	Bilateria	False	older	False	False
gabaa	A8MPY1	P31644	GABRR3	GABRA5	HGNC:17969	HGNC:4079	2	Bilateria	False	older	False	False
gabaa	A8MPY1	P48169	GABRR3	GABRA4	HGNC:17969	HGNC:4078	2	Bilateria	False	older	False	False
gabaa	A8MPY1	Q16445	GABRR3	GABRA6	HGNC:17969	HGNC:4080	2	Bilateria	False	older	False	False
gabaa	A8MPY1	Q8N1C3	GABRR3	GABRG1	HGNC:17969	HGNC:4086	2	Bilateria	False	older	False	False
gabaa	A8MPY1	P47869	GABRR3	GABRA2	HGNC:17969	HGNC:4076	2	Bilateria	False	older	False	False
gabaa	P47870	P18507	GABRB2	GABRG2	HGNC:4082	HGNC:4087	2	Bilateria	False	older	False	False
gabaa	P47870	P34903	GABRB2	GABRA3	HGNC:4082	HGNC:4077	2	Bilateria	False	older	False	False
gabaa	P47870	P78334	GABRB2	GABRE	HGNC:4082	HGNC:4085	2	Bilateria	False	older	False	False
gabaa	P47870	P14867	GABRB2	GABRA1	HGNC:4082	HGNC:4075	2	Bilateria	False	older	False	False
gabaa	P47870	Q99928	GABRB2	GABRG3	HGNC:4082	HGNC:4088	2	Bilateria	False	older	False	False
gabaa	P47870	P31644	GABRB2	GABRA5	HGNC:4082	HGNC:4079	2	Bilateria	False	older	False	False
gabaa	P47870	P48169	GABRB2	GABRA4	HGNC:4082	HGNC:4078	2	Bilateria	False	older	False	False
gabaa	P47870	Q16445	GABRB2	GABRA6	HGNC:4082	HGNC:4080	2	Bilateria	False	older	False	False
gabaa	P47870	Q8N1C3	GABRB2	GABRG1	HGNC:4082	HGNC:4086	2	Bilateria	False	older	False	False
gabaa	P47870	P47869	GABRB2	GABRA2	HGNC:4082	HGNC:4076	2	Bilateria	False	older	False	False
gabaa	P28472	P18507	GABRB3	GABRG2	HGNC:4083	HGNC:4087	2	Bilateria	False	older	False	False
gabaa	P28472	P34903	GABRB3	GABRA3	HGNC:4083	HGNC:4077	2	Bilateria	False	older	False	False
gabaa	P28472	P78334	GABRB3	GABRE	HGNC:4083	HGNC:4085	2	Bilateria	False	older	False	False
gabaa	P28472	P14867	GABRB3	GABRA1	HGNC:4083	HGNC:4075	2	Bilateria	False	older	False	False
gabaa	P28472	Q99928	GABRB3	GABRG3	HGNC:4083	HGNC:4088	2	Bilateria	False	older	False	False
gabaa	P28472	P31644	GABRB3	GABRA5	HGNC:4083	HGNC:4079	2	Bilateria	False	older	False	False
gabaa	P28472	P48169	GABRB3	GABRA4	HGNC:4083	HGNC:4078	2	Bilateria	False	older	False	False
gabaa	P28472	Q16445	GABRB3	GABRA6	HGNC:4083	HGNC:4080	2	Bilateria	False	older	False	False
gabaa	P28472	Q8N1C3	GABRB3	GABRG1	HGNC:4083	HGNC:4086	2	Bilateria	False	older	False	False
gabaa	P28472	P47869	GABRB3	GABRA2	HGNC:4083	HGNC:4076	2	Bilateria	False	older	False	False
gabaa	P24046	P18507	GABRR1	GABRG2	HGNC:4090	HGNC:4087	2	Bilateria	False	older	False	False
gabaa	P24046	P34903	GABRR1	GABRA3	HGNC:4090	HGNC:4077	2	Bilateria	False	older	False	False
gabaa	P24046	P78334	GABRR1	GABRE	HGNC:4090	HGNC:4085	2	Bilateria	False	older	False	False
gabaa	P24046	P14867	GABRR1	GABRA1	HGNC:4090	HGNC:4075	2	Bilateria	False	older	False	False
gabaa	P24046	Q99928	GABRR1	GABRG3	HGNC:4090	HGNC:4088	2	Bilateria	False	older	False	False
gabaa	P24046	P31644	GABRR1	GABRA5	HGNC:4090	HGNC:4079	2	Bilateria	False	older	False	False
gabaa	P24046	P48169	GABRR1	GABRA4	HGNC:4090	HGNC:4078	2	Bilateria	False	older	False	False
gabaa	P24046	Q16445	GABRR1	GABRA6	HGNC:4090	HGNC:4080	2	Bilateria	False	older	False	False
gabaa	P24046	Q8N1C3	GABRR1	GABRG1	HGNC:4090	HGNC:4086	2	Bilateria	False	older	False	False
gabaa	P24046	P47869	GABRR1	GABRA2	HGNC:4090	HGNC:4076	2	Bilateria	False	older	False	False
gabaa	Q9UN88	P18507	GABRQ	GABRG2	HGNC:14454	HGNC:4087	2	Bilateria	False	older	False	False
gabaa	Q9UN88	P34903	GABRQ	GABRA3	HGNC:14454	HGNC:4077	2	Bilateria	False	older	False	False
gabaa	Q9UN88	P78334	GABRQ	GABRE	HGNC:14454	HGNC:4085	2	Bilateria	False	older	False	False
gabaa	Q9UN88	P14867	GABRQ	GABRA1	HGNC:14454	HGNC:4075	2	Bilateria	False	older	False	False
gabaa	Q9UN88	Q99928	GABRQ	GABRG3	HGNC:14454	HGNC:4088	2	Bilateria	False	older	False	False
gabaa	Q9UN88	P31644	GABRQ	GABRA5	HGNC:14454	HGNC:4079	2	Bilateria	False	older	False	False
gabaa	Q9UN88	P48169	GABRQ	GABRA4	HGNC:14454	HGNC:4078	2	Bilateria	False	older	False	False
gabaa	Q9UN88	Q16445	GABRQ	GABRA6	HGNC:14454	HGNC:4080	2	Bilateria	False	older	False	False
gabaa	Q9UN88	Q8N1C3	GABRQ	GABRG1	HGNC:14454	HGNC:4086	2	Bilateria	False	older	False	False
gabaa	Q9UN88	P47869	GABRQ	GABRA2	HGNC:14454	HGNC:4076	2	Bilateria	False	older	False	False
gabaa	P34903	P78334	GABRA3	GABRE	HGNC:4077	HGNC:4085	3	Chordata	False	older	False	False
gabaa	P34903	Q99928	GABRA3	GABRG3	HGNC:4077	HGNC:4088	3	Chordata	False	older	True	True
gabaa	P34903	P18507	GABRA3	GABRG2	HGNC:4077	HGNC:4087	3	Chordata	False	older	True	True
gabaa	P34903	Q8N1C3	GABRA3	GABRG1	HGNC:4077	HGNC:4086	3	Chordata	False	older	True	True
gabaa	P14867	P78334	GABRA1	GABRE	HGNC:4075	HGNC:4085	3	Chordata	False	older	True	True
gabaa	P14867	Q99928	GABRA1	GABRG3	HGNC:4075	HGNC:4088	3	Chordata	False	older	True	True
gabaa	P14867	P18507	GABRA1	GABRG2	HGNC:4075	HGNC:4087	3	Chordata	False	older	False	False
gabaa	P14867	Q8N1C3	GABRA1	GABRG1	HGNC:4075	HGNC:4086	3	Chordata	False	older	True	True
gabaa	P31644	P78334	GABRA5	GABRE	HGNC:4079	HGNC:4085	3	Chordata	False	older	True	True
gabaa	P31644	Q99928	GABRA5	GABRG3	HGNC:4079	HGNC:4088	3	Chordata	False	older	False	False
gabaa	P31644	P18507	GABRA5	GABRG2	HGNC:4079	HGNC:4087	3	Chordata	False	older	True	True
gabaa	P31644	Q8N1C3	GABRA5	GABRG1	HGNC:4079	HGNC:4086	3	Chordata	False	older	True	True
gabaa	P48169	P78334	GABRA4	GABRE	HGNC:4078	HGNC:4085	3	Chordata	False	older	True	True
gabaa	P48169	Q99928	GABRA4	GABRG3	HGNC:4078	HGNC:4088	3	Chordata	False	older	True	True
gabaa	P48169	P18507	GABRA4	GABRG2	HGNC:4078	HGNC:4087	3	Chordata	False	older	True	True
gabaa	P48169	Q8N1C3	GABRA4	GABRG1	HGNC:4078	HGNC:4086	3	Chordata	False	older	False	False
gabaa	Q16445	P78334	GABRA6	GABRE	HGNC:4080	HGNC:4085	3	Chordata	False	older	True	True
gabaa	Q16445	Q99928	GABRA6	GABRG3	HGNC:4080	HGNC:4088	3	Chordata	False	older	True	True
gabaa	Q16445	P18507	GABRA6	GABRG2	HGNC:4080	HGNC:4087	3	Chordata	False	older	False	False
gabaa	Q16445	Q8N1C3	GABRA6	GABRG1	HGNC:4080	HGNC:4086	3	Chordata	False	older	True	True
gabaa	P47869	P78334	GABRA2	GABRE	HGNC:4076	HGNC:4085	3	Chordata	False	older	True	True
gabaa	P47869	Q99928	GABRA2	GABRG3	HGNC:4076	HGNC:4088	3	Chordata	False	older	True	True
gabaa	P47869	P18507	GABRA2	GABRG2	HGNC:4076	HGNC:4087	3	Chordata	False	older	True	True
gabaa	P47869	Q8N1C3	GABRA2	GABRG1	HGNC:4076	HGNC:4086	3	Chordata	False	older	False	False
gabaa	P18507	P78334	GABRG2	GABRE	HGNC:4087	HGNC:4085	4	Vertebrata	False	2R	True	True
gabaa	P18507	Q99928	GABRG2	GABRG3	HGNC:4087	HGNC:4088	4	Vertebrata	False	2R	True	True
gabaa	Q8N1C3	P78334	GABRG1	GABRE	HGNC:4086	HGNC:4085	4	Vertebrata	False	2R	True	True
gabaa	Q8N1C3	Q99928	GABRG1	GABRG3	HGNC:4086	HGNC:4088	4	Vertebrata	False	2R	True	True
gabaa	Q99928	P78334	GABRG3	GABRE	HGNC:4088	HGNC:4085	6	Gnathostomata	True	2R	True	True
gabaa	P18507	Q8N1C3	GABRG2	GABRG1	HGNC:4087	HGNC:4086	8	Gnathostomata	True	2R	True	True
gabaa	Q16445	P48169	GABRA6	GABRA4	HGNC:4080	HGNC:4078	9	Vertebrata	False	2R	True	True
gabaa	P31644	P48169	GABRA5	GABRA4	HGNC:4079	HGNC:4078	10	Vertebrata	True	2R	True	True
gabaa	P31644	Q16445	GABRA5	GABRA6	HGNC:4079	HGNC:4080	10	Vertebrata	True	2R	True	True
gabaa	P34903	P48169	GABRA3	GABRA4	HGNC:4077	HGNC:4078	10	Vertebrata	True	2R	True	True
gabaa	P34903	Q16445	GABRA3	GABRA6	HGNC:4077	HGNC:4080	10	Vertebrata	True	2R	True	True
gabaa	P14867	P48169	GABRA1	GABRA4	HGNC:4075	HGNC:4078	10	Vertebrata	True	2R	True	True
gabaa	P14867	Q16445	GABRA1	GABRA6	HGNC:4075	HGNC:4080	10	Vertebrata	True	2R	False	False
gabaa	P47869	P48169	GABRA2	GABRA4	HGNC:4076	HGNC:4078	10	Vertebrata	True	2R	False	False
gabaa	P47869	Q16445	GABRA2	GABRA6	HGNC:4076	HGNC:4080	10	Vertebrata	True	2R	True	True
gabaa	P14867	P31644	GABRA1	GABRA5	HGNC:4075	HGNC:4079	16	Vertebrata	False	2R	True	True
gabaa	P14867	P34903	GABRA1	GABRA3	HGNC:4075	HGNC:4077	16	Vertebrata	False	2R	True	True
gabaa	P47869	P31644	GABRA2	GABRA5	HGNC:4076	HGNC:4079	16	Vertebrata	False	2R	True	True
gabaa	P47869	P34903	GABRA2	GABRA3	HGNC:4076	HGNC:4077	16	Vertebrata	False	2R	True	True
gabaa	P31644	P34903	GABRA5	GABRA3	HGNC:4079	HGNC:4077	18	Gnathostomata	True	2R	True	True
gabaa	P14867	P47869	GABRA1	GABRA2	HGNC:4075	HGNC:4076	21	Gnathostomata	False	2R	True	True
gabaa	P28476	P47870	GABRR2	GABRB2	HGNC:4091	HGNC:4082	23	Deuterostomia	False	older	False	False
gabaa	P28476	P18505	GABRR2	GABRB1	HGNC:4091	HGNC:4081	23	Deuterostomia	False	older	False	False
gabaa	P28476	Q9UN88	GABRR2	GABRQ	HGNC:4091	HGNC:14454	23	Deuterostomia	False	older	False	False
gabaa	P28476	P28472	GABRR2	GABRB3	HGNC:4091	HGNC:4083	23	Deuterostomia	False	older	False	False
gabaa	O14764	P47870	GABRD	GABRB2	HGNC:4084	HGNC:4082	23	Deuterostomia	False	older	False	False
gabaa	O14764	P18505	GABRD	GABRB1	HGNC:4084	HGNC:4081	23	Deuterostomia	False	older	False	False
gabaa	O14764	Q9UN88	GABRD	GABRQ	HGNC:4084	HGNC:14454	23	Deuterostomia	False	older	False	False
gabaa	O14764	P28472	GABRD	GABRB3	HGNC:4084	HGNC:4083	23	Deuterostomia	False	older	False	False
gabaa	O00591	P47870	GABRP	GABRB2	HGNC:4089	HGNC:4082	23	Deuterostomia	False	older	False	False
gabaa	O00591	P18505	GABRP	GABRB1	HGNC:4089	HGNC:4081	23	Deuterostomia	False	older	False	False
gabaa	O00591	Q9UN88	GABRP	GABRQ	HGNC:4089	HGNC:14454	23	Deuterostomia	False	older	False	False
gabaa	O00591	P28472	GABRP	GABRB3	HGNC:4089	HGNC:4083	23	Deuterostomia	False	older	False	False
gabaa	A8MPY1	P47870	GABRR3	GABRB2	HGNC:17969	HGNC:4082	23	Deuterostomia	False	older	False	False
gabaa	A8MPY1	P18505	GABRR3	GABRB1	HGNC:17969	HGNC:4081	23	Deuterostomia	False	older	False	False
gabaa	A8MPY1	Q9UN88	GABRR3	GABRQ	HGNC:17969	HGNC:14454	23	Deuterostomia	False	older	False	False
gabaa	A8MPY1	P28472	GABRR3	GABRB3	HGNC:17969	HGNC:4083	23	Deuterostomia	False	older	False	False
gabaa	P24046	P47870	GABRR1	GABRB2	HGNC:4090	HGNC:4082	23	Deuterostomia	False	older	False	False
gabaa	P24046	P18505	GABRR1	GABRB1	HGNC:4090	HGNC:4081	23	Deuterostomia	False	older	False	False
gabaa	P24046	Q9UN88	GABRR1	GABRQ	HGNC:4090	HGNC:14454	23	Deuterostomia	False	older	False	False
gabaa	P24046	P28472	GABRR1	GABRB3	HGNC:4090	HGNC:4083	23	Deuterostomia	False	older	False	False
gabaa	P18505	P47870	GABRB1	GABRB2	HGNC:4081	HGNC:4082	25	Vertebrata	False	2R	True	True
gabaa	P18505	Q9UN88	GABRB1	GABRQ	HGNC:4081	HGNC:14454	25	Vertebrata	False	2R	False	True
gabaa	P18505	P28472	GABRB1	GABRB3	HGNC:4081	HGNC:4083	25	Vertebrata	False	2R	True	True
gabaa	P28472	P47870	GABRB3	GABRB2	HGNC:4083	HGNC:4082	26	Vertebrata	False	2R	True	True
gabaa	Q9UN88	P47870	GABRQ	GABRB2	HGNC:14454	HGNC:4082	26	Vertebrata	False	2R	False	True
gabaa	P28472	Q9UN88	GABRB3	GABRQ	HGNC:4083	HGNC:14454	30	Gnathostomata	True	2R	False	True
gabaa	P28476	O14764	GABRR2	GABRD	HGNC:4091	HGNC:4084	37	Chordata	False	older	False	False
gabaa	P28476	O00591	GABRR2	GABRP	HGNC:4091	HGNC:4089	37	Chordata	False	older	False	False
gabaa	A8MPY1	O14764	GABRR3	GABRD	HGNC:17969	HGNC:4084	37	Chordata	False	older	False	False
gabaa	A8MPY1	O00591	GABRR3	GABRP	HGNC:17969	HGNC:4089	37	Chordata	False	older	False	False
gabaa	P24046	O14764	GABRR1	GABRD	HGNC:4090	HGNC:4084	37	Chordata	False	older	False	False
gabaa	P24046	O00591	GABRR1	GABRP	HGNC:4090	HGNC:4089	37	Chordata	False	older	False	False
gabaa	O00591	O14764	GABRP	GABRD	HGNC:4089	HGNC:4084	39	Chordata	False	older	False	False
gabaa	P24046	P28476	GABRR1	GABRR2	HGNC:4090	HGNC:4091	43	Gnathostomata	False	2R	False	False
gabaa	A8MPY1	P28476	GABRR3	GABRR2	HGNC:17969	HGNC:4091	44	Vertebrata	False	2R	False	False
gabaa	A8MPY1	P24046	GABRR3	GABRR1	HGNC:17969	HGNC:4090	44	Vertebrata	False	2R	False	False
glyr	P48167	P23415	GLRB	GLRA1	HGNC:4329	HGNC:4326	0	Vertebrata	True	2R	True	True
glyr	P48167	O75311	GLRB	GLRA3	HGNC:4329	HGNC:4328	0	Vertebrata	True	2R	False	False
glyr	P48167	P23416	GLRB	GLRA2	HGNC:4329	HGNC:4327	0	Vertebrata	True	2R	True	True
glyr	P23415	P23416	GLRA1	GLRA2	HGNC:4326	HGNC:4327	3	Vertebrata	False	2R	True	True
glyr	O75311	P23416	GLRA3	GLRA2	HGNC:4328	HGNC:4327	3	Vertebrata	False	2R	True	True
glyr	O75311	P23415	GLRA3	GLRA1	HGNC:4328	HGNC:4326	10	Gnathostomata	False	2R	True	True
hcn	Q9P1Z3	Q9UL51	HCN3	HCN2	HGNC:19183	HGNC:4846	0	Eukaryota	False	older	True	True
hcn	Q9P1Z3	O60741	HCN3	HCN1	HGNC:19183	HGNC:4845	0	Eukaryota	False	older	True	True
hcn	Q9P1Z3	Q9Y3Q4	HCN3	HCN4	HGNC:19183	HGNC:16882	0	Eukaryota	False	older	True	True
hcn	Q9UL51	Q9Y3Q4	HCN2	HCN4	HGNC:4846	HGNC:16882	6	Eukaryota	False	older	True	True
hcn	O60741	Q9Y3Q4	HCN1	HCN4	HGNC:4845	HGNC:16882	6	Eukaryota	False	older	True	True
hcn	O60741	Q9UL51	HCN1	HCN2	HGNC:4845	HGNC:4846	12	Gnathostomata	True	2R	True	True
ht3	Q70Z44	P46098	HTR3D	HTR3A	HGNC:24004	HGNC:5297	0	Gnathostomata	False	2R	True	True
ht3	O95264	P46098	HTR3B	HTR3A	HGNC:5298	HGNC:5297	0	Gnathostomata	False	2R	False	False
ht3	A5X5Y0	P46098	HTR3E	HTR3A	HGNC:24005	HGNC:5297	0	Gnathostomata	False	2R	True	True
ht3	Q8WXA8	P46098	HTR3C	HTR3A	HGNC:24003	HGNC:5297	0	Gnathostomata	False	2R	True	True
ht3	Q70Z44	O95264	HTR3D	HTR3B	HGNC:24004	HGNC:5298	1	Gnathostomata	False	2R	True	True
ht3	A5X5Y0	O95264	HTR3E	HTR3B	HGNC:24005	HGNC:5298	1	Gnathostomata	False	2R	True	True
ht3	Q8WXA8	O95264	HTR3C	HTR3B	HGNC:24003	HGNC:5298	1	Gnathostomata	False	2R	True	True
ht3	A5X5Y0	Q8WXA8	HTR3E	HTR3C	HGNC:24005	HGNC:24003	21	Homo sapiens	True	younger	False	False
ht3	Q70Z44	Q8WXA8	HTR3D	HTR3C	HGNC:24004	HGNC:24003	21	Homo sapiens	True	younger	False	False
ht3	A5X5Y0	Q70Z44	HTR3E	HTR3D	HGNC:24005	HGNC:24004	22	Homo sapiens	True	younger	False	False
itpr	Q14571	Q14643	ITPR2	ITPR1	HGNC:6181	HGNC:6180	1	Vertebrata	False	2R	False	False
itpr	Q14573	Q14643	ITPR3	ITPR1	HGNC:6182	HGNC:6180	1	Vertebrata	False	2R	False	False
itpr	Q14571	Q14573	ITPR2	ITPR3	HGNC:6181	HGNC:6182	4	Gnathostomata	True	2R	False	False
k2p	P57789	Q7Z418	KCNK10	KCNK18	HGNC:6273	HGNC:19439	5	Eukaryota	False	older	False	False
k2p	Q9Y2U2	Q7Z418	KCNK7	KCNK18	HGNC:6282	HGNC:19439	5	Eukaryota	False	older	False	False
k2p	O00180	Q7Z418	KCNK1	KCNK18	HGNC:6272	HGNC:19439	5	Eukaryota	False	older	False	False
k2p	Q96T55	Q7Z418	KCNK16	KCNK18	HGNC:14464	HGNC:19439	5	Eukaryota	False	older	False	False
k2p	Q9Y257	Q7Z418	KCNK6	KCNK18	HGNC:6281	HGNC:19439	5	Eukaryota	False	older	False	False
k2p	O95069	Q7Z418	KCNK2	KCNK18	HGNC:6277	HGNC:19439	5	Eukaryota	False	older	False	False
k2p	Q9H427	Q7Z418	KCNK15	KCNK18	HGNC:13814	HGNC:19439	5	Eukaryota	False	older	False	False
k2p	O14649	Q7Z418	KCNK3	KCNK18	HGNC:6278	HGNC:19439	5	Eukaryota	False	older	False	False
k2p	Q9NYG8	Q7Z418	KCNK4	KCNK18	HGNC:6279	HGNC:19439	5	Eukaryota	False	older	False	False
k2p	O95279	Q7Z418	KCNK5	KCNK18	HGNC:6280	HGNC:19439	5	Eukaryota	False	older	False	False
k2p	Q9NPC2	Q7Z418	KCNK9	KCNK18	HGNC:6283	HGNC:19439	5	Eukaryota	False	older	False	False
k2p	Q96T54	Q7Z418	KCNK17	KCNK18	HGNC:14465	HGNC:19439	5	Eukaryota	False	older	False	False
k2p	Q9HB14	Q7Z418	KCNK13	KCNK18	HGNC:6275	HGNC:19439	5	Eukaryota	False	older	False	False
k2p	Q9HB15	Q7Z418	KCNK12	KCNK18	HGNC:6274	HGNC:19439	5	Eukaryota	False	older	False	False
k2p	P57789	Q9H427	KCNK10	KCNK15	HGNC:6273	HGNC:13814	68	Opisthokonta	False	older	False	False
k2p	P57789	O14649	KCNK10	KCNK3	HGNC:6273	HGNC:6278	68	Opisthokonta	False	older	False	False
k2p	P57789	Q9NPC2	KCNK10	KCNK9	HGNC:6273	HGNC:6283	68	Opisthokonta	False	older	False	False
k2p	P57789	Q9HB14	KCNK10	KCNK13	HGNC:6273	HGNC:6275	68	Opisthokonta	False	older	False	False
k2p	P57789	Q9HB15	KCNK10	KCNK12	HGNC:6273	HGNC:6274	68	Opisthokonta	False	older	False	False
k2p	Q9Y2U2	Q9H427	KCNK7	KCNK15	HGNC:6282	HGNC:13814	68	Opisthokonta	False	older	False	False
k2p	Q9Y2U2	O14649	KCNK7	KCNK3	HGNC:6282	HGNC:6278	68	Opisthokonta	False	older	False	False
k2p	Q9Y2U2	Q9NPC2	KCNK7	KCNK9	HGNC:6282	HGNC:6283	68	Opisthokonta	False	older	False	False
k2p	Q9Y2U2	Q9HB14	KCNK7	KCNK13	HGNC:6282	HGNC:6275	68	Opisthokonta	False	older	False	False
k2p	Q9Y2U2	Q9HB15	KCNK7	KCNK12	HGNC:6282	HGNC:6274	68	Opisthokonta	False	older	False	False
k2p	O00180	Q9H427	KCNK1	KCNK15	HGNC:6272	HGNC:13814	68	Opisthokonta	False	older	False	False
k2p	O00180	O14649	KCNK1	KCNK3	HGNC:6272	HGNC:6278	68	Opisthokonta	False	older	False	False
k2p	O00180	Q9NPC2	KCNK1	KCNK9	HGNC:6272	HGNC:6283	68	Opisthokonta	False	older	False	False
k2p	O00180	Q9HB14	KCNK1	KCNK13	HGNC:6272	HGNC:6275	68	Opisthokonta	False	older	False	False
k2p	O00180	Q9HB15	KCNK1	KCNK12	HGNC:6272	HGNC:6274	68	Opisthokonta	False	older	False	False
k2p	Q96T55	Q9H427	KCNK16	KCNK15	HGNC:14464	HGNC:13814	68	Opisthokonta	False	older	False	False
k2p	Q96T55	O14649	KCNK16	KCNK3	HGNC:14464	HGNC:6278	68	Opisthokonta	False	older	False	False
k2p	Q96T55	Q9NPC2	KCNK16	KCNK9	HGNC:14464	HGNC:6283	68	Opisthokonta	False	older	False	False
k2p	Q96T55	Q9HB14	KCNK16	KCNK13	HGNC:14464	HGNC:6275	68	Opisthokonta	False	older	False	False
k2p	Q96T55	Q9HB15	KCNK16	KCNK12	HGNC:14464	HGNC:6274	68	Opisthokonta	False	older	False	False
k2p	Q9Y257	Q9H427	KCNK6	KCNK15	HGNC:6281	HGNC:13814	68	Opisthokonta	False	older	False	False
k2p	Q9Y257	O14649	KCNK6	KCNK3	HGNC:6281	HGNC:6278	68	Opisthokonta	False	older	False	False
k2p	Q9Y257	Q9NPC2	KCNK6	KCNK9	HGNC:6281	HGNC:6283	68	Opisthokonta	False	older	False	False
k2p	Q9Y257	Q9HB14	KCNK6	KCNK13	HGNC:6281	HGNC:6275	68	Opisthokonta	False	older	False	False
k2p	Q9Y257	Q9HB15	KCNK6	KCNK12	HGNC:6281	HGNC:6274	68	Opisthokonta	False	older	False	False
k2p	O95069	Q9H427	KCNK2	KCNK15	HGNC:6277	HGNC:13814	68	Opisthokonta	False	older	False	False
k2p	O95069	O14649	KCNK2	KCNK3	HGNC:6277	HGNC:6278	68	Opisthokonta	False	older	False	False
k2p	O95069	Q9NPC2	KCNK2	KCNK9	HGNC:6277	HGNC:6283	68	Opisthokonta	False	older	False	False
k2p	O95069	Q9HB14	KCNK2	KCNK13	HGNC:6277	HGNC:6275	68	Opisthokonta	False	older	False	False
k2p	O95069	Q9HB15	KCNK2	KCNK12	HGNC:6277	HGNC:6274	68	Opisthokonta	False	older	False	False
k2p	Q9NYG8	Q9H427	KCNK4	KCNK15	HGNC:6279	HGNC:13814	68	Opisthokonta	False	older	False	False
k2p	Q9NYG8	O14649	KCNK4	KCNK3	HGNC:6279	HGNC:6278	68	Opisthokonta	False	older	False	False
k2p	Q9NYG8	Q9NPC2	KCNK4	KCNK9	HGNC:6279	HGNC:6283	68	Opisthokonta	False	older	False	False
k2p	Q9NYG8	Q9HB14	KCNK4	KCNK13	HGNC:6279	HGNC:6275	68	Opisthokonta	False	older	False	False
k2p	Q9NYG8	Q9HB15	KCNK4	KCNK12	HGNC:6279	HGNC:6274	68	Opisthokonta	False	older	False	False
k2p	O95279	Q9H427	KCNK5	KCNK15	HGNC:6280	HGNC:13814	68	Opisthokonta	False	older	False	False
k2p	O95279	O14649	KCNK5	KCNK3	HGNC:6280	HGNC:6278	68	Opisthokonta	False	older	False	False
k2p	O95279	Q9NPC2	KCNK5	KCNK9	HGNC:6280	HGNC:6283	68	Opisthokonta	False	older	False	False
k2p	O95279	Q9HB14	KCNK5	KCNK13	HGNC:6280	HGNC:6275	68	Opisthokonta	False	older	False	False
k2p	O95279	Q9HB15	KCNK5	KCNK12	HGNC:6280	HGNC:6274	68	Opisthokonta	False	older	False	False
k2p	Q96T54	Q9H427	KCNK17	KCNK15	HGNC:14465	HGNC:13814	68	Opisthokonta	False	older	False	False
k2p	Q96T54	O14649	KCNK17	KCNK3	HGNC:14465	HGNC:6278	68	Opisthokonta	False	older	False	False
k2p	Q96T54	Q9NPC2	KCNK17	KCNK9	HGNC:14465	HGNC:6283	68	Opisthokonta	False	older	False	False
k2p	Q96T54	Q9HB14	KCNK17	KCNK13	HGNC:14465	HGNC:6275	68	Opisthokonta	False	older	False	False
k2p	Q96T54	Q9HB15	KCNK17	KCNK12	HGNC:14465	HGNC:6274	68	Opisthokonta	False	older	False	False
k2p	Q9NPC2	Q9HB14	KCNK9	KCNK13	HGNC:6283	HGNC:6275	79	Opisthokonta	False	older	False	False
k2p	Q9NPC2	Q9HB15	KCNK9	KCNK12	HGNC:6283	HGNC:6274	79	Opisthokonta	False	older	False	False
k2p	Q9H427	Q9HB14	KCNK15	KCNK13	HGNC:13814	HGNC:6275	79	Opisthokonta	False	older	False	False
k2p	Q9H427	Q9HB15	KCNK15	KCNK12	HGNC:13814	HGNC:6274	79	Opisthokonta	False	older	False	False
k2p	O14649	Q9HB14	KCNK3	KCNK13	HGNC:6278	HGNC:6275	79	Opisthokonta	False	older	False	False
k2p	O14649	Q9HB15	KCNK3	KCNK12	HGNC:6278	HGNC:6274	79	Opisthokonta	False	older	False	False
k2p	Q9HB14	Q9HB15	KCNK13	KCNK12	HGNC:6275	HGNC:6274	85	Gnathostomata	False	2R	True	True
k2p	O14649	Q9NPC2	KCNK3	KCNK9	HGNC:6278	HGNC:6283	91	Vertebrata	False	2R	True	True
k2p	O14649	Q9H427	KCNK3	KCNK15	HGNC:6278	HGNC:13814	91	Vertebrata	False	2R	True	True
k2p	Q9NPC2	Q9H427	KCNK9	KCNK15	HGNC:6283	HGNC:13814	93	Gnathostomata	True	2R	True	True
k2p	O95069	O95279	KCNK2	KCNK5	HGNC:6277	HGNC:6280	96	Metazoa	False	older	False	False
k2p	O95069	Q96T54	KCNK2	KCNK17	HGNC:6277	HGNC:14465	96	Metazoa	False	older	False	False
k2p	O95069	Q96T55	KCNK2	KCNK16	HGNC:6277	HGNC:14464	96	Metazoa	False	older	False	False
k2p	P57789	O95279	KCNK10	KCNK5	HGNC:6273	HGNC:6280	96	Metazoa	False	older	False	True
k2p	P57789	Q96T54	KCNK10	KCNK17	HGNC:6273	HGNC:14465	96	Metazoa	False	older	False	False
k2p	P57789	Q96T55	KCNK10	KCNK16	HGNC:6273	HGNC:14464	96	Metazoa	False	older	False	False
k2p	Q9NYG8	O95279	KCNK4	KCNK5	HGNC:6279	HGNC:6280	96	Metazoa	False	older	False	False
k2p	Q9NYG8	Q96T54	KCNK4	KCNK17	HGNC:6279	HGNC:14465	96	Metazoa	False	older	False	False
k2p	Q9NYG8	Q96T55	KCNK4	KCNK16	HGNC:6279	HGNC:14464	96	Metazoa	False	older	False	False
k2p	Q9Y2U2	P57789	KCNK7	KCNK10	HGNC:6282	HGNC:6273	97	Metazoa	False	older	False	False
k2p	Q9Y2U2	Q96T55	KCNK7	KCNK16	HGNC:6282	HGNC:14464	97	Metazoa	False	older	False	False
k2p	Q9Y2U2	O95069	KCNK7	KCNK2	HGNC:6282	HGNC:6277	97	Metazoa	False	older	False	False
k2p	Q9Y2U2	Q9NYG8	KCNK7	KCNK4	HGNC:6282	HGNC:6279	97	Metazoa	False	older	False	False
k2p	Q9Y2U2	O95279	KCNK7	KCNK5	HGNC:6282	HGNC:6280	97	Metazoa	False	older	False	False
k2p	Q9Y2U2	Q96T54	KCNK7	KCNK17	HGNC:6282	HGNC:14465	97	Metazoa	False	older	False	False
k2p	Q9Y257	P57789	KCNK6	KCNK10	HGNC:6281	HGNC:6273	97	Metazoa	False	older	False	False
k2p	Q9Y257	Q96T55	KCNK6	KCNK16	HGNC:6281	HGNC:14464	97	Metazoa	False	older	False	False
k2p	Q9Y257	O95069	KCNK6	KCNK2	HGNC:6281	HGNC:6277	97	Metazoa	False	older	False	False
k2p	Q9Y257	Q9NYG8	KCNK6	KCNK4	HGNC:6281	HGNC:6279	97	Metazoa	False	older	False	False
k2p	Q9Y257	O95279	KCNK6	KCNK5	HGNC:6281	HGNC:6280	97	Metazoa	False	older	False	False
k2p	Q9Y257	Q96T54	KCNK6	KCNK17	HGNC:6281	HGNC:14465	97	Metazoa	False	older	False	False
k2p	O00180	P57789	KCNK1	KCNK10	HGNC:6272	HGNC:6273	97	Metazoa	False	older	False	False
k2p	O00180	Q96T55	KCNK1	KCNK16	HGNC:6272	HGNC:14464	97	Metazoa	False	older	False	False
k2p	O00180	O95069	KCNK1	KCNK2	HGNC:6272	HGNC:6277	97	Metazoa	False	older	False	False
k2p	O00180	Q9NYG8	KCNK1	KCNK4	HGNC:6272	HGNC:6279	97	Metazoa	False	older	False	False
k2p	O00180	O95279	KCNK1	KCNK5	HGNC:6272	HGNC:6280	97	Metazoa	False	older	False	False
k2p	O00180	Q96T54	KCNK1	KCNK17	HGNC:6272	HGNC:14465	97	Metazoa	False	older	False	False
k2p	O95279	Q96T54	KCNK5	KCNK17	HGNC:6280	HGNC:14465	112	Vertebrata	False	2R	False	False
k2p	Q96T55	Q96T54	KCNK16	KCNK17	HGNC:14464	HGNC:14465	112	Vertebrata	False	2R	False	False
k2p	Q96T55	O95279	KCNK16	KCNK5	HGNC:14464	HGNC:6280	113	Gnathostomata	True	2R	False	False
k2p	Q9NYG8	O95069	KCNK4	KCNK2	HGNC:6279	HGNC:6277	119	Vertebrata	False	2R	True	True
k2p	Q9NYG8	P57789	KCNK4	KCNK10	HGNC:6279	HGNC:6273	119	Vertebrata	False	2R	True	True
k2p	O95069	P57789	KCNK2	KCNK10	HGNC:6277	HGNC:6273	122	Vertebrata	False	2R	True	True
k2p	Q9Y257	Q9Y2U2	KCNK6	KCNK7	HGNC:6281	HGNC:6282	136	Vertebrata	False	2R	False	True
k2p	Q9Y257	O00180	KCNK6	KCNK1	HGNC:6281	HGNC:6272	136	Vertebrata	False	2R	True	True
k2p	O00180	Q9Y2U2	KCNK1	KCNK7	HGNC:6272	HGNC:6282	139	Gnathostomata	True	2R	False	False
kainate	P39086	Q16099	GRIK1	GRIK4	HGNC:4579	HGNC:4582	1	Bilateria	False	older	True	True
kainate	P39086	Q16478	GRIK1	GRIK5	HGNC:4579	HGNC:4583	1	Bilateria	False	older	True	True
kainate	P39086	Q13003	GRIK1	GRIK3	HGNC:4579	HGNC:4581	1	Bilateria	False	older	True	True
kainate	P39086	Q13002	GRIK1	GRIK2	HGNC:4579	HGNC:4580	1	Bilateria	False	older	True	True
kainate	Q13003	Q16099	GRIK3	GRIK4	HGNC:4581	HGNC:4582	3	Bilateria	False	older	True	True
kainate	Q13003	Q16478	GRIK3	GRIK5	HGNC:4581	HGNC:4583	3	Bilateria	False	older	False	True
kainate	Q13002	Q16099	GRIK2	GRIK4	HGNC:4580	HGNC:4582	3	Bilateria	False	older	False	True
kainate	Q13002	Q16478	GRIK2	GRIK5	HGNC:4580	HGNC:4583	3	Bilateria	False	older	False	True
kainate	Q16099	Q16478	GRIK4	GRIK5	HGNC:4582	HGNC:4583	8	Gnathostomata	True	2R	True	True
kainate	Q13002	Q13003	GRIK2	GRIK3	HGNC:4580	HGNC:4581	10	Gnathostomata	True	2R	True	True
kca_sk	Q9H2S1	Q92952	KCNN2	KCNN1	HGNC:6291	HGNC:6290	18	Gnathostomata	True	2R	True	True
kca_sk	O15554	Q9H2S1	KCNN4	KCNN2	HGNC:6293	HGNC:6291	19	Gnathostomata	False	2R	True	True
kca_sk	O15554	Q92952	KCNN4	KCNN1	HGNC:6293	HGNC:6290	19	Gnathostomata	False	2R	True	True
kca_sk	Q9UGI6	Q9H2S1	KCNN3	KCNN2	HGNC:6292	HGNC:6291	19	Gnathostomata	False	2R	True	True
kca_sk	Q9UGI6	Q92952	KCNN3	KCNN1	HGNC:6292	HGNC:6290	19	Gnathostomata	False	2R	True	True
kca_sk	O15554	Q9UGI6	KCNN4	KCNN3	HGNC:6293	HGNC:6292	22	Gnathostomata	False	2R	False	True
kca_slo	Q5JUK3	Q12791	KCNT1	KCNMA1	HGNC:18865	HGNC:6284	0	Eukaryota	False	older	False	False
kca_slo	Q5JUK3	A8MYU2	KCNT1	KCNU1	HGNC:18865	HGNC:18867	0	Eukaryota	False	older	False	False
kca_slo	Q6UVM3	Q12791	KCNT2	KCNMA1	HGNC:18866	HGNC:6284	0	Eukaryota	False	older	False	False
kca_slo	Q6UVM3	A8MYU2	KCNT2	KCNU1	HGNC:18866	HGNC:18867	0	Eukaryota	False	older	False	False
kca_slo	Q6UVM3	Q5JUK3	KCNT2	KCNT1	HGNC:18866	HGNC:18865	18	Gnathostomata	True	2R	False	True
kca_slo	A8MYU2	Q12791	KCNU1	KCNMA1	HGNC:18867	HGNC:6284	26	Vertebrata	True	2R	False	False
kir	O60928	Q9NPI9	KCNJ13	KCNJ16	HGNC:6259	HGNC:6262	2	cellular organisms	False	older	False	False
kir	O60928	P48549	KCNJ13	KCNJ3	HGNC:6259	HGNC:6264	2	cellular organisms	False	older	False	False
kir	O60928	Q15842	KCNJ13	KCNJ8	HGNC:6259	HGNC:6269	2	cellular organisms	False	older	False	False
kir	O60928	Q92806	KCNJ13	KCNJ9	HGNC:6259	HGNC:6270	2	cellular organisms	False	older	False	False
kir	O60928	Q14654	KCNJ13	KCNJ11	HGNC:6259	HGNC:6257	2	cellular organisms	False	older	False	False
kir	O60928	P78508	KCNJ13	KCNJ10	HGNC:6259	HGNC:6256	2	cellular organisms	False	older	False	False
kir	O60928	Q9UNX9	KCNJ13	KCNJ14	HGNC:6259	HGNC:6260	2	cellular organisms	False	older	False	False
kir	O60928	Q14500	KCNJ13	KCNJ12	HGNC:6259	HGNC:6258	2	cellular organisms	False	older	False	False
kir	O60928	Q99712	KCNJ13	KCNJ15	HGNC:6259	HGNC:6261	2	cellular organisms	False	older	False	False
kir	O60928	B7U540	KCNJ13	KCNJ18	HGNC:6259	HGNC:39080	2	cellular organisms	False	older	False	False
kir	O60928	P48544	KCNJ13	KCNJ5	HGNC:6259	HGNC:6266	2	cellular organisms	False	older	False	False
kir	O60928	P63252	KCNJ13	KCNJ2	HGNC:6259	HGNC:6263	2	cellular organisms	False	older	False	False
kir	O60928	P48051	KCNJ13	KCNJ6	HGNC:6259	HGNC:6267	2	cellular organisms	False	older	False	False
kir	O60928	P48050	KCNJ13	KCNJ4	HGNC:6259	HGNC:6265	2	cellular organisms	False	older	False	False
kir	O60928	P48048	KCNJ13	KCNJ1	HGNC:6259	HGNC:6255	2	cellular organisms	False	older	False	False
kir	Q9NPI9	P78508	KCNJ16	KCNJ10	HGNC:6262	HGNC:6256	4	cellular organisms	False	older	True	True
kir	Q9NPI9	Q99712	KCNJ16	KCNJ15	HGNC:6262	HGNC:6261	4	cellular organisms	False	older	True	True
kir	P48549	P78508	KCNJ3	KCNJ10	HGNC:6264	HGNC:6256	4	cellular organisms	False	older	True	True
kir	P48549	Q99712	KCNJ3	KCNJ15	HGNC:6264	HGNC:6261	4	cellular organisms	False	older	True	True
kir	Q15842	P78508	KCNJ8	KCNJ10	HGNC:6269	HGNC:6256	4	cellular organisms	False	older	False	True
kir	Q15842	Q99712	KCNJ8	KCNJ15	HGNC:6269	HGNC:6261	4	cellular organisms	False	older	False	True
kir	Q92806	P78508	KCNJ9	KCNJ10	HGNC:6270	HGNC:6256	4	cellular organisms	False	older	False	False
kir	Q92806	Q99712	KCNJ9	KCNJ15	HGNC:6270	HGNC:6261	4	cellular organisms	False	older	True	True
kir	Q14654	P78508	KCNJ11	KCNJ10	HGNC:6257	HGNC:6256	4	cellular organisms	False	older	True	True
kir	Q14654	Q99712	KCNJ11	KCNJ15	HGNC:6257	HGNC:6261	4	cellular organisms	False	older	False	True
kir	Q9UNX9	P78508	KCNJ14	KCNJ10	HGNC:6260	HGNC:6256	4	cellular organisms	False	older	False	True
kir	Q9UNX9	Q99712	KCNJ14	KCNJ15	HGNC:6260	HGNC:6261	4	cellular organisms	False	older	False	True
kir	Q14500	P78508	KCNJ12	KCNJ10	HGNC:6258	HGNC:6256	4	cellular organisms	False	older	True	True
kir	Q14500	Q99712	KCNJ12	KCNJ15	HGNC:6258	HGNC:6261	4	cellular organisms	False	older	True	True
kir	B7U540	P78508	KCNJ18	KCNJ10	HGNC:39080	HGNC:6256	4	cellular organisms	False	older	True	True
kir	B7U540	Q99712	KCNJ18	KCNJ15	HGNC:39080	HGNC:6261	4	cellular organisms	False	older	True	True
kir	P48544	P78508	KCNJ5	KCNJ10	HGNC:6266	HGNC:6256	4	cellular organisms	False	older	True	True
kir	P48544	Q99712	KCNJ5	KCNJ15	HGNC:6266	HGNC:6261	4	cellular organisms	False	older	True	True
kir	P63252	P78508	KCNJ2	KCNJ10	HGNC:6263	HGNC:6256	4	cellular organisms	False	older	True	True
kir	P63252	Q99712	KCNJ2	KCNJ15	HGNC:6263	HGNC:6261	4	cellular organisms	False	older	True	True
kir	P48051	P78508	KCNJ6	KCNJ10	HGNC:6267	HGNC:6256	4	cellular organisms	False	older	True	True
kir	P48051	Q99712	KCNJ6	KCNJ15	HGNC:6267	HGNC:6261	4	cellular organisms	False	older	False	False
kir	P48050	P78508	KCNJ4	KCNJ10	HGNC:6265	HGNC:6256	4	cellular organisms	False	older	False	True
kir	P48050	Q99712	KCNJ4	KCNJ15	HGNC:6265	HGNC:6261	4	cellular organisms	False	older	True	True
kir	P48048	P78508	KCNJ1	KCNJ10	HGNC:6255	HGNC:6256	4	cellular organisms	False	older	True	True
kir	P48048	Q99712	KCNJ1	KCNJ15	HGNC:6255	HGNC:6261	4	cellular organisms	False	older	True	True
kir	Q99712	P78508	KCNJ15	KCNJ10	HGNC:6261	HGNC:6256	5	Vertebrata	False	2R	True	True
kir	Q9NPI9	P48048	KCNJ16	KCNJ1	HGNC:6262	HGNC:6255	9	cellular organisms	True	older	True	True
kir	P48549	P48048	KCNJ3	KCNJ1	HGNC:6264	HGNC:6255	9	cellular organisms	True	older	True	True
kir	Q15842	P48048	KCNJ8	KCNJ1	HGNC:6269	HGNC:6255	9	cellular organisms	True	older	False	True
kir	Q92806	P48048	KCNJ9	KCNJ1	HGNC:6270	HGNC:6255	9	cellular organisms	True	older	True	True
kir	Q14654	P48048	KCNJ11	KCNJ1	HGNC:6257	HGNC:6255	9	cellular organisms	True	older	True	True
kir	Q9UNX9	P48048	KCNJ14	KCNJ1	HGNC:6260	HGNC:6255	9	cellular organisms	True	older	True	True
kir	Q14500	P48048	KCNJ12	KCNJ1	HGNC:6258	HGNC:6255	9	cellular organisms	True	older	True	True
kir	B7U540	P48048	KCNJ18	KCNJ1	HGNC:39080	HGNC:6255	9	cellular organisms	True	older	True	True
kir	P48544	P48048	KCNJ5	KCNJ1	HGNC:6266	HGNC:6255	9	cellular organisms	True	older	False	False
kir	P48051	P48048	KCNJ6	KCNJ1	HGNC:6267	HGNC:6255	9	cellular organisms	True	older	True	True
kir	P48050	P48048	KCNJ4	KCNJ1	HGNC:6265	HGNC:6255	9	cellular organisms	True	older	True	True
kir	P63252	P48048	KCNJ2	KCNJ1	HGNC:6263	HGNC:6255	9	cellular organisms	True	older	True	True
kir	Q9NPI9	P48549	KCNJ16	KCNJ3	HGNC:6262	HGNC:6264	40	Chordata	False	older	True	True
kir	Q9NPI9	Q15842	KCNJ16	KCNJ8	HGNC:6262	HGNC:6269	40	Chordata	False	older	False	True
kir	Q9NPI9	Q92806	KCNJ16	KCNJ9	HGNC:6262	HGNC:6270	40	Chordata	False	older	True	True
kir	Q9NPI9	Q14654	KCNJ16	KCNJ11	HGNC:6262	HGNC:6257	40	Chordata	False	older	True	True
kir	Q9NPI9	P48544	KCNJ16	KCNJ5	HGNC:6262	HGNC:6266	40	Chordata	False	older	True	True
kir	Q9NPI9	P48051	KCNJ16	KCNJ6	HGNC:6262	HGNC:6267	40	Chordata	False	older	True	True
kir	Q9UNX9	P48549	KCNJ14	KCNJ3	HGNC:6260	HGNC:6264	40	Chordata	False	older	False	True
kir	Q9UNX9	Q15842	KCNJ14	KCNJ8	HGNC:6260	HGNC:6269	40	Chordata	False	older	False	False
kir	Q9UNX9	Q92806	KCNJ14	KCNJ9	HGNC:6260	HGNC:6270	40	Chordata	False	older	False	True
kir	Q9UNX9	Q14654	KCNJ14	KCNJ11	HGNC:6260	HGNC:6257	40	Chordata	False	older	False	True
kir	Q9UNX9	P48544	KCNJ14	KCNJ5	HGNC:6260	HGNC:6266	40	Chordata	False	older	False	True
kir	Q9UNX9	P48051	KCNJ14	KCNJ6	HGNC:6260	HGNC:6267	40	Chordata	False	older	False	True
kir	Q14500	P48549	KCNJ12	KCNJ3	HGNC:6258	HGNC:6264	40	Chordata	False	older	True	True
kir	Q14500	Q15842	KCNJ12	KCNJ8	HGNC:6258	HGNC:6269	40	Chordata	False	older	False	True
kir	Q14500	Q92806	KCNJ12	KCNJ9	HGNC:6258	HGNC:6270	40	Chordata	False	older	False	True
kir	Q14500	Q14654	KCNJ12	KCNJ11	HGNC:6258	HGNC:6257	40	Chordata	False	older	True	True
kir	Q14500	P48544	KCNJ12	KCNJ5	HGNC:6258	HGNC:6266	40	Chordata	False	older	True	True
kir	Q14500	P48051	KCNJ12	KCNJ6	HGNC:6258	HGNC:6267	40	Chordata	False	older	True	True
kir	B7U540	P48549	KCNJ18	KCNJ3	HGNC:39080	HGNC:6264	40	Chordata	False	older	True	True
kir	B7U540	Q15842	KCNJ18	KCNJ8	HGNC:39080	HGNC:6269	40	Chordata	False	older	False	True
kir	B7U540	Q92806	KCNJ18	KCNJ9	HGNC:39080	HGNC:6270	40	Chordata	False	older	False	True
kir	B7U540	Q14654	KCNJ18	KCNJ11	HGNC:39080	HGNC:6257	40	Chordata	False	older	True	True
kir	B7U540	P48544	KCNJ18	KCNJ5	HGNC:39080	HGNC:6266	40	Chordata	False	older	True	True
kir	B7U540	P48051	KCNJ18	KCNJ6	HGNC:39080	HGNC:6267	40	Chordata	False	older	True	True
kir	P48050	P48549	KCNJ4	KCNJ3	HGNC:6265	HGNC:6264	40	Chordata	False	older	False	True
kir	P48050	Q15842	KCNJ4	KCNJ8	HGNC:6265	HGNC:6269	40	Chordata	False	older	False	True
kir	P48050	Q92806	KCNJ4	KCNJ9	HGNC:6265	HGNC:6270	40	Chordata	False	older	False	True
kir	P48050	Q14654	KCNJ4	KCNJ11	HGNC:6265	HGNC:6257	40	Chordata	False	older	True	True
kir	P48050	P48544	KCNJ4	KCNJ5	HGNC:6265	HGNC:6266	40	Chordata	False	older	True	True
kir	P48050	P48051	KCNJ4	KCNJ6	HGNC:6265	HGNC:6267	40	Chordata	False	older	True	True
kir	P63252	P48549	KCNJ2	KCNJ3	HGNC:6263	HGNC:6264	40	Chordata	False	older	True	True
kir	P63252	Q15842	KCNJ2	KCNJ8	HGNC:6263	HGNC:6269	40	Chordata	False	older	False	True
kir	P63252	Q92806	KCNJ2	KCNJ9	HGNC:6263	HGNC:6270	40	Chordata	False	older	True	True
kir	P63252	Q14654	KCNJ2	KCNJ11	HGNC:6263	HGNC:6257	40	Chordata	False	older	True	True
kir	P63252	P48544	KCNJ2	KCNJ5	HGNC:6263	HGNC:6266	40	Chordata	False	older	True	True
kir	P63252	P48051	KCNJ2	KCNJ6	HGNC:6263	HGNC:6267	40	Chordata	False	older	True	True
kir	P48051	Q14654	KCNJ6	KCNJ11	HGNC:6267	HGNC:6257	42	Chordata	False	older	False	True
kir	P48051	Q15842	KCNJ6	KCNJ8	HGNC:6267	HGNC:6269	42	Chordata	False	older	False	True
kir	P48549	Q14654	KCNJ3	KCNJ11	HGNC:6264	HGNC:6257	42	Chordata	False	older	False	True
kir	P48549	Q15842	KCNJ3	KCNJ8	HGNC:6264	HGNC:6269	42	Chordata	False	older	False	False
kir	Q92806	Q14654	KCNJ9	KCNJ11	HGNC:6270	HGNC:6257	42	Chordata	False	older	True	True
kir	Q92806	Q15842	KCNJ9	KCNJ8	HGNC:6270	HGNC:6269	42	Chordata	False	older	False	True
kir	P48544	Q14654	KCNJ5	KCNJ11	HGNC:6266	HGNC:6257	42	Chordata	False	older	True	True
kir	P48544	Q15842	KCNJ5	KCNJ8	HGNC:6266	HGNC:6269	42	Chordata	False	older	False	True
kir	Q14654	Q15842	KCNJ11	KCNJ8	HGNC:6257	HGNC:6269	44	Vertebrata	False	2R	False	True
kir	P48051	P48549	KCNJ6	KCNJ3	HGNC:6267	HGNC:6264	50	Chordata	False	older	True	True
kir	Q92806	P48549	KCNJ9	KCNJ3	HGNC:6270	HGNC:6264	50	Chordata	False	older	False	True
kir	P48544	P48549	KCNJ5	KCNJ3	HGNC:6266	HGNC:6264	50	Chordata	False	older	True	True
kir	P48051	Q92806	KCNJ6	KCNJ9	HGNC:6267	HGNC:6270	58	Vertebrata	False	2R	True	True
kir	P48544	Q92806	KCNJ5	KCNJ9	HGNC:6266	HGNC:6270	58	Vertebrata	False	2R	True	True
kir	P48051	P48544	KCNJ6	KCNJ5	HGNC:6267	HGNC:6266	60	Gnathostomata	True	2R	True	True
kir	Q9UNX9	Q9NPI9	KCNJ14	KCNJ16	HGNC:6260	HGNC:6262	61	Vertebrata	False	2R	True	True
kir	Q14500	Q9NPI9	KCNJ12	KCNJ16	HGNC:6258	HGNC:6262	61	Vertebrata	False	2R	True	True
kir	B7U540	Q9NPI9	KCNJ18	KCNJ16	HGNC:39080	HGNC:6262	61	Vertebrata	False	2R	True	True
kir	P48050	Q9NPI9	KCNJ4	KCNJ16	HGNC:6265	HGNC:6262	61	Vertebrata	False	2R	True	True
kir	P63252	Q9NPI9	KCNJ2	KCNJ16	HGNC:6263	HGNC:6262	61	Vertebrata	False	2R	False	False
kir	Q9UNX9	P63252	KCNJ14	KCNJ2	HGNC:6260	HGNC:6263	65	Gnathostomata	True	2R	True	True
kir	P48050	Q9UNX9	KCNJ4	KCNJ14	HGNC:6265	HGNC:6260	66	Vertebrata	False	2R	False	True
kir	P48050	P63252	KCNJ4	KCNJ2	HGNC:6265	HGNC:6263	66	Vertebrata	False	2R	True	True
kir	Q14500	Q9UNX9	KCNJ12	KCNJ14	HGNC:6258	HGNC:6260	66	Vertebrata	False	2R	True	True
kir	Q14500	P63252	KCNJ12	KCNJ2	HGNC:6258	HGNC:6263	66	Vertebrata	False	2R	True	True
kir	B7U540	Q9UNX9	KCNJ18	KCNJ14	HGNC:39080	HGNC:6260	66	Vertebrata	False	2R	True	True
kir	B7U540	P63252	KCNJ18	KCNJ2	HGNC:39080	HGNC:6263	66	Vertebrata	False	2R	True	True
kir	Q14500	P48050	KCNJ12	KCNJ4	HGNC:6258	HGNC:6265	69	Gnathostomata	True	2R	True	True
kir	B7U540	P48050	KCNJ18	KCNJ4	HGNC:39080	HGNC:6265	69	Gnathostomata	True	2R	True	True
kir	B7U540	Q14500	KCNJ18	KCNJ12	HGNC:39080	HGNC:6258	72	Homo sapiens	True	younger	False	False
kv_eag	Q9ULD8	O95259	KCNH3	KCNH1	HGNC:6252	HGNC:6250	5	Eumetazoa	False	older	False	False
kv_eag	Q9ULD8	Q8NCM2	KCNH3	KCNH5	HGNC:6252	HGNC:6254	5	Eumetazoa	False	older	False	False
kv_eag	Q9NS40	O95259	KCNH7	KCNH1	HGNC:18863	HGNC:6250	5	Eumetazoa	False	older	False	False
kv_eag	Q9NS40	Q8NCM2	KCNH7	KCNH5	HGNC:18863	HGNC:6254	5	Eumetazoa	False	older	False	False
kv_eag	Q9UQ05	O95259	KCNH4	KCNH1	HGNC:6253	HGNC:6250	5	Eumetazoa	False	older	False	False
kv_eag	Q9UQ05	Q8NCM2	KCNH4	KCNH5	HGNC:6253	HGNC:6254	5	Eumetazoa	False	older	False	False
kv_eag	Q96L42	O95259	KCNH8	KCNH1	HGNC:18864	HGNC:6250	5	Eumetazoa	False	older	False	False
kv_eag	Q96L42	Q8NCM2	KCNH8	KCNH5	HGNC:18864	HGNC:6254	5	Eumetazoa	False	older	False	False
kv_eag	Q9H252	O95259	KCNH6	KCNH1	HGNC:18862	HGNC:6250	5	Eumetazoa	False	older	False	False
kv_eag	Q9H252	Q8NCM2	KCNH6	KCNH5	HGNC:18862	HGNC:6254	5	Eumetazoa	False	older	False	False
kv_eag	Q12809	O95259	KCNH2	KCNH1	HGNC:6251	HGNC:6250	5	Eumetazoa	False	older	False	False
kv_eag	Q12809	Q8NCM2	KCNH2	KCNH5	HGNC:6251	HGNC:6254	5	Eumetazoa	False	older	False	False
kv_eag	O95259	Q8NCM2	KCNH1	KCNH5	HGNC:6250	HGNC:6254	10	Vertebrata	False	2R	True	True
kv_eag	Q9NS40	Q96L42	KCNH7	KCNH8	HGNC:18863	HGNC:18864	15	Eumetazoa	False	older	False	False
kv_eag	Q9NS40	Q9UQ05	KCNH7	KCNH4	HGNC:18863	HGNC:6253	15	Eumetazoa	False	older	False	False
kv_eag	Q9NS40	Q9ULD8	KCNH7	KCNH3	HGNC:18863	HGNC:6252	15	Eumetazoa	False	older	False	False
kv_eag	Q9H252	Q96L42	KCNH6	KCNH8	HGNC:18862	HGNC:18864	15	Eumetazoa	False	older	False	False
kv_eag	Q9H252	Q9UQ05	KCNH6	KCNH4	HGNC:18862	HGNC:6253	15	Eumetazoa	False	older	False	False
kv_eag	Q9H252	Q9ULD8	KCNH6	KCNH3	HGNC:18862	HGNC:6252	15	Eumetazoa	False	older	False	False
kv_eag	Q12809	Q96L42	KCNH2	KCNH8	HGNC:6251	HGNC:18864	15	Eumetazoa	False	older	False	False
kv_eag	Q12809	Q9UQ05	KCNH2	KCNH4	HGNC:6251	HGNC:6253	15	Eumetazoa	False	older	False	False
kv_eag	Q12809	Q9ULD8	KCNH2	KCNH3	HGNC:6251	HGNC:6252	15	Eumetazoa	False	older	False	False
kv_eag	Q9ULD8	Q96L42	KCNH3	KCNH8	HGNC:6252	HGNC:18864	17	Vertebrata	False	2R	False	False
kv_eag	Q9ULD8	Q9UQ05	KCNH3	KCNH4	HGNC:6252	HGNC:6253	17	Vertebrata	False	2R	False	False
kv_eag	Q96L42	Q9UQ05	KCNH8	KCNH4	HGNC:18864	HGNC:6253	20	Gnathostomata	True	2R	False	False
kv_eag	Q9H252	Q9NS40	KCNH6	KCNH7	HGNC:18862	HGNC:18863	27	Vertebrata	False	2R	False	False
kv_eag	Q12809	Q9NS40	KCNH2	KCNH7	HGNC:6251	HGNC:18863	27	Vertebrata	False	2R	True	True
kv_eag	Q12809	Q9H252	KCNH2	KCNH6	HGNC:6251	HGNC:18862	30	Gnathostomata	True	2R	False	False
kv_kcnq	P51787	O43525	KCNQ1	KCNQ3	HGNC:6294	HGNC:6297	1	Eumetazoa	False	older	False	False
kv_kcnq	P51787	O43526	KCNQ1	KCNQ2	HGNC:6294	HGNC:6296	1	Eumetazoa	False	older	False	False
kv_kcnq	P51787	P56696	KCNQ1	KCNQ4	HGNC:6294	HGNC:6298	1	Eumetazoa	False	older	False	False
kv_kcnq	P51787	Q9NR82	KCNQ1	KCNQ5	HGNC:6294	HGNC:6299	1	Eumetazoa	False	older	False	False
kv_kcnq	P56696	O43526	KCNQ4	KCNQ2	HGNC:6298	HGNC:6296	2	Vertebrata	False	2R	True	True
kv_kcnq	P56696	O43525	KCNQ4	KCNQ3	HGNC:6298	HGNC:6297	2	Vertebrata	False	2R	True	True
kv_kcnq	Q9NR82	O43526	KCNQ5	KCNQ2	HGNC:6299	HGNC:6296	2	Vertebrata	False	2R	True	True
kv_kcnq	Q9NR82	O43525	KCNQ5	KCNQ3	HGNC:6299	HGNC:6297	2	Vertebrata	False	2R	True	True
kv_kcnq	P56696	Q9NR82	KCNQ4	KCNQ5	HGNC:6298	HGNC:6299	5	Gnathostomata	False	2R	True	True
kv_kcnq	O43525	O43526	KCNQ3	KCNQ2	HGNC:6297	HGNC:6296	18	Gnathostomata	True	2R	True	True
kv_modifier	Q9BQ31	Q6PIU1	KCNS3	KCNV1	HGNC:6302	HGNC:18861	0	Gnathostomata	False	2R	False	False
kv_modifier	Q9BQ31	Q8TDN2	KCNS3	KCNV2	HGNC:6302	HGNC:19698	0	Gnathostomata	False	2R	False	True
kv_modifier	Q96KK3	Q6PIU1	KCNS1	KCNV1	HGNC:6300	HGNC:18861	0	Gnathostomata	False	2R	False	False
kv_modifier	Q96KK3	Q8TDN2	KCNS1	KCNV2	HGNC:6300	HGNC:19698	0	Gnathostomata	False	2R	False	True
kv_modifier	Q9ULS6	Q6PIU1	KCNS2	KCNV1	HGNC:6301	HGNC:18861	0	Gnathostomata	False	2R	False	False
kv_modifier	Q9ULS6	Q8TDN2	KCNS2	KCNV2	HGNC:6301	HGNC:19698	0	Gnathostomata	False	2R	False	False
kv_modifier	Q6PIU1	Q8TDN2	KCNV1	KCNV2	HGNC:18861	HGNC:19698	1	Theria	True	younger	False	True
kv_modifier	Q96KK3	Q9BQ31	KCNS1	KCNS3	HGNC:6300	HGNC:6302	2	Gnathostomata	True	2R	False	False
kv_modifier	Q9ULS6	Q9BQ31	KCNS2	KCNS3	HGNC:6301	HGNC:6302	2	Gnathostomata	True	2R	False	False
kv_modifier	Q96KK3	Q9ULS6	KCNS1	KCNS2	HGNC:6300	HGNC:6301	3	Gnathostomata	True	2R	False	False
kv_modifier	Q9UJ96	Q8TDN1	KCNG2	KCNG4	HGNC:6249	HGNC:19697	6	Gnathostomata	False	2R	False	False
kv_modifier	Q9UIX4	Q8TDN1	KCNG1	KCNG4	HGNC:6248	HGNC:19697	6	Gnathostomata	False	2R	False	True
kv_modifier	Q9UIX4	Q9UJ96	KCNG1	KCNG2	HGNC:6248	HGNC:6249	9	Gnathostomata	True	2R	False	False
kv_modifier	Q6PIU1	Q8TAE7	KCNV1	KCNG3	HGNC:18861	HGNC:18306				none	False	False
kv_modifier	Q6PIU1	Q8TDN1	KCNV1	KCNG4	HGNC:18861	HGNC:19697				none	False	False
kv_modifier	Q6PIU1	Q9UIX4	KCNV1	KCNG1	HGNC:18861	HGNC:6248				none	False	False
kv_modifier	Q6PIU1	Q9UJ96	KCNV1	KCNG2	HGNC:18861	HGNC:6249				none	False	False
kv_modifier	Q8TAE7	Q8TDN1	KCNG3	KCNG4	HGNC:18306	HGNC:19697				none	False	True
kv_modifier	Q8TAE7	Q8TDN2	KCNG3	KCNV2	HGNC:18306	HGNC:19698				none	False	True
kv_modifier	Q8TAE7	Q96KK3	KCNG3	KCNS1	HGNC:18306	HGNC:6300				none	False	True
kv_modifier	Q8TAE7	Q9BQ31	KCNG3	KCNS3	HGNC:18306	HGNC:6302				none	True	True
kv_modifier	Q8TAE7	Q9UIX4	KCNG3	KCNG1	HGNC:18306	HGNC:6248				none	False	True
kv_modifier	Q8TAE7	Q9UJ96	KCNG3	KCNG2	HGNC:18306	HGNC:6249				none	False	False
kv_modifier	Q8TAE7	Q9ULS6	KCNG3	KCNS2	HGNC:18306	HGNC:6301				none	False	False
kv_modifier	Q8TDN1	Q8TDN2	KCNG4	KCNV2	HGNC:19697	HGNC:19698				none	True	True
kv_modifier	Q8TDN1	Q96KK3	KCNG4	KCNS1	HGNC:19697	HGNC:6300				none	False	True
kv_modifier	Q8TDN1	Q9BQ31	KCNG4	KCNS3	HGNC:19697	HGNC:6302				none	False	True
kv_modifier	Q8TDN1	Q9ULS6	KCNG4	KCNS2	HGNC:19697	HGNC:6301				none	False	False
kv_modifier	Q8TDN2	Q9UIX4	KCNV2	KCNG1	HGNC:19698	HGNC:6248				none	False	False
kv_modifier	Q8TDN2	Q9UJ96	KCNV2	KCNG2	HGNC:19698	HGNC:6249				none	False	False
kv_modifier	Q96KK3	Q9UIX4	KCNS1	KCNG1	HGNC:6300	HGNC:6248				none	False	False
kv_modifier	Q96KK3	Q9UJ96	KCNS1	KCNG2	HGNC:6300	HGNC:6249				none	False	False
kv_modifier	Q9BQ31	Q9UIX4	KCNS3	KCNG1	HGNC:6302	HGNC:6248				none	False	False
kv_modifier	Q9BQ31	Q9UJ96	KCNS3	KCNG2	HGNC:6302	HGNC:6249				none	False	False
kv_modifier	Q9UIX4	Q9ULS6	KCNG1	KCNS2	HGNC:6248	HGNC:6301				none	False	False
kv_modifier	Q9UJ96	Q9ULS6	KCNG2	KCNS2	HGNC:6249	HGNC:6301				none	False	False
kv_shaker	Q9UK17	Q9NZV8	KCND3	KCND2	HGNC:6239	HGNC:6238	30	Vertebrata	False	2R	True	True
kv_shaker	Q9NSA2	Q9UK17	KCND1	KCND3	HGNC:6237	HGNC:6239	31	Vertebrata	False	2R	True	True
kv_shaker	Q9NSA2	Q9NZV8	KCND1	KCND2	HGNC:6237	HGNC:6238	31	Vertebrata	False	2R	True	True
kv_shaker	Q14003	Q96PR1	KCNC3	KCNC2	HGNC:6235	HGNC:6234	37	Vertebrata	False	2R	True	True
kv_shaker	Q14003	Q03721	KCNC3	KCNC4	HGNC:6235	HGNC:6236	37	Vertebrata	False	2R	True	True
kv_shaker	P48547	Q96PR1	KCNC1	KCNC2	HGNC:6233	HGNC:6234	37	Vertebrata	False	2R	True	True
kv_shaker	P48547	Q03721	KCNC1	KCNC4	HGNC:6233	HGNC:6236	37	Vertebrata	False	2R	True	True
kv_shaker	Q96PR1	Q03721	KCNC2	KCNC4	HGNC:6234	HGNC:6236	39	Gnathostomata	True	2R	True	True
kv_shaker	P48547	Q14003	KCNC1	KCNC3	HGNC:6233	HGNC:6235	41	Vertebrata	False	2R	True	True
kv_shaker	Q16322	Q96RP8	KCNA10	KCNA7	HGNC:6219	HGNC:6226	75	Vertebrata	False	2R	False	True
kv_shaker	P22001	Q96RP8	KCNA3	KCNA7	HGNC:6221	HGNC:6226	75	Vertebrata	False	2R	True	True
kv_shaker	P22460	Q96RP8	KCNA5	KCNA7	HGNC:6224	HGNC:6226	75	Vertebrata	False	2R	True	True
kv_shaker	Q09470	Q96RP8	KCNA1	KCNA7	HGNC:6218	HGNC:6226	75	Vertebrata	False	2R	True	True
kv_shaker	P16389	Q96RP8	KCNA2	KCNA7	HGNC:6220	HGNC:6226	75	Vertebrata	False	2R	True	True
kv_shaker	P17658	Q96RP8	KCNA6	KCNA7	HGNC:6225	HGNC:6226	75	Vertebrata	False	2R	True	True
kv_shaker	P22459	Q96RP8	KCNA4	KCNA7	HGNC:6222	HGNC:6226	75	Vertebrata	False	2R	True	True
kv_shaker	Q16322	P22459	KCNA10	KCNA4	HGNC:6219	HGNC:6222	87	Vertebrata	False	2R	True	True
kv_shaker	P22001	P22459	KCNA3	KCNA4	HGNC:6221	HGNC:6222	87	Vertebrata	False	2R	True	True
kv_shaker	P22460	P22459	KCNA5	KCNA4	HGNC:6224	HGNC:6222	87	Vertebrata	False	2R	True	True
kv_shaker	Q09470	P22459	KCNA1	KCNA4	HGNC:6218	HGNC:6222	87	Vertebrata	False	2R	True	True
kv_shaker	P16389	P22459	KCNA2	KCNA4	HGNC:6220	HGNC:6222	87	Vertebrata	False	2R	True	True
kv_shaker	P17658	P22459	KCNA6	KCNA4	HGNC:6225	HGNC:6222	87	Vertebrata	False	2R	True	True
kv_shaker	Q16322	P16389	KCNA10	KCNA2	HGNC:6219	HGNC:6220	92	Gnathostomata	True	2R	False	False
kv_shaker	Q16322	P22001	KCNA10	KCNA3	HGNC:6219	HGNC:6221	92	Gnathostomata	True	2R	False	False
kv_shaker	Q16322	P17658	KCNA10	KCNA6	HGNC:6219	HGNC:6225	92	Gnathostomata	True	2R	True	True
kv_shaker	Q16322	Q09470	KCNA10	KCNA1	HGNC:6219	HGNC:6218	92	Gnathostomata	True	2R	True	True
kv_shaker	P22460	P16389	KCNA5	KCNA2	HGNC:6224	HGNC:6220	92	Gnathostomata	True	2R	True	True
kv_shaker	P22460	P22001	KCNA5	KCNA3	HGNC:6224	HGNC:6221	92	Gnathostomata	True	2R	True	True
kv_shaker	P22460	P17658	KCNA5	KCNA6	HGNC:6224	HGNC:6225	92	Gnathostomata	True	2R	False	False
kv_shaker	P22460	Q09470	KCNA5	KCNA1	HGNC:6224	HGNC:6218	92	Gnathostomata	True	2R	False	False
kv_shaker	P16389	P17658	KCNA2	KCNA6	HGNC:6220	HGNC:6225	93	Gnathostomata	False	2R	True	True
kv_shaker	P22001	P17658	KCNA3	KCNA6	HGNC:6221	HGNC:6225	93	Gnathostomata	False	2R	True	True
kv_shaker	Q09470	P17658	KCNA1	KCNA6	HGNC:6218	HGNC:6225	93	Gnathostomata	False	2R	False	False
kv_shaker	P16389	P22001	KCNA2	KCNA3	HGNC:6220	HGNC:6221	96	Gnathostomata	True	2R	False	False
kv_shaker	Q09470	P22001	KCNA1	KCNA3	HGNC:6218	HGNC:6221	96	Gnathostomata	True	2R	True	True
kv_shaker	Q09470	P16389	KCNA1	KCNA2	HGNC:6218	HGNC:6220	98	Gnathostomata	True	2R	True	True
kv_shaker	Q16322	P22460	KCNA10	KCNA5	HGNC:6219	HGNC:6224	102	Gnathostomata	True	2R	True	True
kv_shaker	P16389	P48547	KCNA2	KCNC1	HGNC:6220	HGNC:6233				none	False	False
kv_shaker	P16389	Q03721	KCNA2	KCNC4	HGNC:6220	HGNC:6236				none	False	False
kv_shaker	P16389	Q14003	KCNA2	KCNC3	HGNC:6220	HGNC:6235				none	False	False
kv_shaker	P16389	Q96PR1	KCNA2	KCNC2	HGNC:6220	HGNC:6234				none	False	False
kv_shaker	P16389	Q9NSA2	KCNA2	KCND1	HGNC:6220	HGNC:6237				none	False	False
kv_shaker	P16389	Q9NZV8	KCNA2	KCND2	HGNC:6220	HGNC:6238				none	False	False
kv_shaker	P16389	Q9UK17	KCNA2	KCND3	HGNC:6220	HGNC:6239				none	False	False
kv_shaker	P17658	P48547	KCNA6	KCNC1	HGNC:6225	HGNC:6233				none	False	False
kv_shaker	P17658	Q03721	KCNA6	KCNC4	HGNC:6225	HGNC:6236				none	False	False
kv_shaker	P17658	Q14003	KCNA6	KCNC3	HGNC:6225	HGNC:6235				none	False	False
kv_shaker	P17658	Q96PR1	KCNA6	KCNC2	HGNC:6225	HGNC:6234				none	False	False
kv_shaker	P17658	Q9NSA2	KCNA6	KCND1	HGNC:6225	HGNC:6237				none	False	False
kv_shaker	P17658	Q9NZV8	KCNA6	KCND2	HGNC:6225	HGNC:6238				none	False	False
kv_shaker	P17658	Q9UK17	KCNA6	KCND3	HGNC:6225	HGNC:6239				none	False	False
kv_shaker	P22001	P48547	KCNA3	KCNC1	HGNC:6221	HGNC:6233				none	False	False
kv_shaker	P22001	Q03721	KCNA3	KCNC4	HGNC:6221	HGNC:6236				none	False	False
kv_shaker	P22001	Q14003	KCNA3	KCNC3	HGNC:6221	HGNC:6235				none	False	False
kv_shaker	P22001	Q96PR1	KCNA3	KCNC2	HGNC:6221	HGNC:6234				none	False	False
kv_shaker	P22001	Q9NSA2	KCNA3	KCND1	HGNC:6221	HGNC:6237				none	False	False
kv_shaker	P22001	Q9NZV8	KCNA3	KCND2	HGNC:6221	HGNC:6238				none	False	False
kv_shaker	P22001	Q9UK17	KCNA3	KCND3	HGNC:6221	HGNC:6239				none	False	False
kv_shaker	P22459	P48547	KCNA4	KCNC1	HGNC:6222	HGNC:6233				none	False	False
kv_shaker	P22459	Q03721	KCNA4	KCNC4	HGNC:6222	HGNC:6236				none	False	False
kv_shaker	P22459	Q14003	KCNA4	KCNC3	HGNC:6222	HGNC:6235				none	False	False
kv_shaker	P22459	Q96PR1	KCNA4	KCNC2	HGNC:6222	HGNC:6234				none	False	False
kv_shaker	P22459	Q9NSA2	KCNA4	KCND1	HGNC:6222	HGNC:6237				none	False	False
kv_shaker	P22459	Q9NZV8	KCNA4	KCND2	HGNC:6222	HGNC:6238				none	False	False
kv_shaker	P22459	Q9UK17	KCNA4	KCND3	HGNC:6222	HGNC:6239				none	False	False
kv_shaker	P22460	P48547	KCNA5	KCNC1	HGNC:6224	HGNC:6233				none	False	False
kv_shaker	P22460	Q03721	KCNA5	KCNC4	HGNC:6224	HGNC:6236				none	False	False
kv_shaker	P22460	Q14003	KCNA5	KCNC3	HGNC:6224	HGNC:6235				none	False	False
kv_shaker	P22460	Q96PR1	KCNA5	KCNC2	HGNC:6224	HGNC:6234				none	False	False
kv_shaker	P22460	Q9NSA2	KCNA5	KCND1	HGNC:6224	HGNC:6237				none	False	False
kv_shaker	P22460	Q9NZV8	KCNA5	KCND2	HGNC:6224	HGNC:6238				none	False	False
kv_shaker	P22460	Q9UK17	KCNA5	KCND3	HGNC:6224	HGNC:6239				none	False	False
kv_shaker	P48547	Q09470	KCNC1	KCNA1	HGNC:6233	HGNC:6218				none	False	False
kv_shaker	P48547	Q16322	KCNC1	KCNA10	HGNC:6233	HGNC:6219				none	False	False
kv_shaker	P48547	Q96RP8	KCNC1	KCNA7	HGNC:6233	HGNC:6226				none	False	False
kv_shaker	P48547	Q9NSA2	KCNC1	KCND1	HGNC:6233	HGNC:6237				none	False	False
kv_shaker	P48547	Q9NZV8	KCNC1	KCND2	HGNC:6233	HGNC:6238				none	False	False
kv_shaker	P48547	Q9UK17	KCNC1	KCND3	HGNC:6233	HGNC:6239				none	False	False
kv_shaker	Q03721	Q09470	KCNC4	KCNA1	HGNC:6236	HGNC:6218				none	False	False
kv_shaker	Q03721	Q16322	KCNC4	KCNA10	HGNC:6236	HGNC:6219				none	False	False
kv_shaker	Q03721	Q96RP8	KCNC4	KCNA7	HGNC:6236	HGNC:6226				none	False	False
kv_shaker	Q03721	Q9NSA2	KCNC4	KCND1	HGNC:6236	HGNC:6237				none	False	False
kv_shaker	Q03721	Q9NZV8	KCNC4	KCND2	HGNC:6236	HGNC:6238				none	False	False
kv_shaker	Q03721	Q9UK17	KCNC4	KCND3	HGNC:6236	HGNC:6239				none	False	False
kv_shaker	Q09470	Q14003	KCNA1	KCNC3	HGNC:6218	HGNC:6235				none	False	False
kv_shaker	Q09470	Q96PR1	KCNA1	KCNC2	HGNC:6218	HGNC:6234				none	False	False
kv_shaker	Q09470	Q9NSA2	KCNA1	KCND1	HGNC:6218	HGNC:6237				none	False	False
kv_shaker	Q09470	Q9NZV8	KCNA1	KCND2	HGNC:6218	HGNC:6238				none	False	False
kv_shaker	Q09470	Q9UK17	KCNA1	KCND3	HGNC:6218	HGNC:6239				none	False	False
kv_shaker	Q14003	Q16322	KCNC3	KCNA10	HGNC:6235	HGNC:6219				none	False	False
kv_shaker	Q14003	Q96RP8	KCNC3	KCNA7	HGNC:6235	HGNC:6226				none	False	False
kv_shaker	Q14003	Q9NSA2	KCNC3	KCND1	HGNC:6235	HGNC:6237				none	False	False
kv_shaker	Q14003	Q9NZV8	KCNC3	KCND2	HGNC:6235	HGNC:6238				none	False	False
kv_shaker	Q14003	Q9UK17	KCNC3	KCND3	HGNC:6235	HGNC:6239				none	False	False
kv_shaker	Q16322	Q96PR1	KCNA10	KCNC2	HGNC:6219	HGNC:6234				none	False	False
kv_shaker	Q16322	Q9NSA2	KCNA10	KCND1	HGNC:6219	HGNC:6237				none	False	False
kv_shaker	Q16322	Q9NZV8	KCNA10	KCND2	HGNC:6219	HGNC:6238				none	False	False
kv_shaker	Q16322	Q9UK17	KCNA10	KCND3	HGNC:6219	HGNC:6239				none	False	False
kv_shaker	Q96PR1	Q96RP8	KCNC2	KCNA7	HGNC:6234	HGNC:6226				none	False	False
kv_shaker	Q96PR1	Q9NSA2	KCNC2	KCND1	HGNC:6234	HGNC:6237				none	False	False
kv_shaker	Q96PR1	Q9NZV8	KCNC2	KCND2	HGNC:6234	HGNC:6238				none	False	False
kv_shaker	Q96PR1	Q9UK17	KCNC2	KCND3	HGNC:6234	HGNC:6239				none	False	False
kv_shaker	Q96RP8	Q9NSA2	KCNA7	KCND1	HGNC:6226	HGNC:6237				none	False	False
kv_shaker	Q96RP8	Q9NZV8	KCNA7	KCND2	HGNC:6226	HGNC:6238				none	False	False
kv_shaker	Q96RP8	Q9UK17	KCNA7	KCND3	HGNC:6226	HGNC:6239				none	False	False
lrrc8	Q8TDW0	Q6NSJ5	LRRC8C	LRRC8E	HGNC:25075	HGNC:26272	0	Gnathostomata	True	2R	False	False
lrrc8	Q8IWT6	Q8TDW0	LRRC8A	LRRC8C	HGNC:19027	HGNC:25075	2	Vertebrata	False	2R	False	False
lrrc8	Q8IWT6	Q6NSJ5	LRRC8A	LRRC8E	HGNC:19027	HGNC:26272	2	Vertebrata	False	2R	False	False
lrrc8	Q8IWT6	Q7L1W4	LRRC8A	LRRC8D	HGNC:19027	HGNC:16992	2	Vertebrata	False	2R	False	False
lrrc8	Q6P9F7	Q8TDW0	LRRC8B	LRRC8C	HGNC:30692	HGNC:25075	2	Vertebrata	False	2R	False	False
lrrc8	Q6P9F7	Q6NSJ5	LRRC8B	LRRC8E	HGNC:30692	HGNC:26272	2	Vertebrata	False	2R	False	False
lrrc8	Q6P9F7	Q7L1W4	LRRC8B	LRRC8D	HGNC:30692	HGNC:16992	2	Vertebrata	False	2R	False	False
lrrc8	Q7L1W4	Q8TDW0	LRRC8D	LRRC8C	HGNC:16992	HGNC:25075	3	Vertebrata	False	2R	False	False
lrrc8	Q7L1W4	Q6NSJ5	LRRC8D	LRRC8E	HGNC:16992	HGNC:26272	3	Vertebrata	False	2R	False	False
lrrc8	Q8IWT6	Q6P9F7	LRRC8A	LRRC8B	HGNC:19027	HGNC:30692	29	Gnathostomata	True	2R	False	False
mcu	Q9NWR8	Q8NE86	MCUB	MCU	HGNC:26076	HGNC:23526	0	Opisthokonta	False	older	True	True
nachr	Q9GZZ6	Q15822	CHRNA10	CHRNA2	HGNC:13800	HGNC:1956	56	Eumetazoa	False	older	False	False
nachr	Q9GZZ6	P36544	CHRNA10	CHRNA7	HGNC:13800	HGNC:1960	56	Eumetazoa	False	older	False	False
nachr	Q9GZZ6	P02708	CHRNA10	CHRNA1	HGNC:13800	HGNC:1955	56	Eumetazoa	False	older	False	False
nachr	Q9GZZ6	P11230	CHRNA10	CHRNB1	HGNC:13800	HGNC:1961	56	Eumetazoa	False	older	False	False
nachr	Q9GZZ6	P07510	CHRNA10	CHRNG	HGNC:13800	HGNC:1967	56	Eumetazoa	False	older	False	False
nachr	Q9GZZ6	P17787	CHRNA10	CHRNB2	HGNC:13800	HGNC:1962	56	Eumetazoa	False	older	False	False
nachr	Q9GZZ6	P30926	CHRNA10	CHRNB4	HGNC:13800	HGNC:1964	56	Eumetazoa	False	older	False	False
nachr	Q9GZZ6	Q07001	CHRNA10	CHRND	HGNC:13800	HGNC:1965	56	Eumetazoa	False	older	False	False
nachr	Q9GZZ6	Q494W8	CHRNA10	CHRFAM7A	HGNC:13800	HGNC:15781	56	Eumetazoa	False	older	False	False
nachr	Q9GZZ6	P43681	CHRNA10	CHRNA4	HGNC:13800	HGNC:1958	56	Eumetazoa	False	older	False	False
nachr	Q9GZZ6	Q15825	CHRNA10	CHRNA6	HGNC:13800	HGNC:15963	56	Eumetazoa	False	older	False	False
nachr	Q9GZZ6	P30532	CHRNA10	CHRNA5	HGNC:13800	HGNC:1959	56	Eumetazoa	False	older	False	False
nachr	Q9GZZ6	Q05901	CHRNA10	CHRNB3	HGNC:13800	HGNC:1963	56	Eumetazoa	False	older	False	False
nachr	Q9GZZ6	Q04844	CHRNA10	CHRNE	HGNC:13800	HGNC:1966	56	Eumetazoa	False	older	False	False
nachr	Q9GZZ6	P32297	CHRNA10	CHRNA3	HGNC:13800	HGNC:1957	56	Eumetazoa	False	older	False	False
nachr	Q9UGM1	Q15822	CHRNA9	CHRNA2	HGNC:14079	HGNC:1956	56	Eumetazoa	False	older	False	False
nachr	Q9UGM1	P36544	CHRNA9	CHRNA7	HGNC:14079	HGNC:1960	56	Eumetazoa	False	older	False	False
nachr	Q9UGM1	P02708	CHRNA9	CHRNA1	HGNC:14079	HGNC:1955	56	Eumetazoa	False	older	False	False
nachr	Q9UGM1	P11230	CHRNA9	CHRNB1	HGNC:14079	HGNC:1961	56	Eumetazoa	False	older	False	False
nachr	Q9UGM1	P07510	CHRNA9	CHRNG	HGNC:14079	HGNC:1967	56	Eumetazoa	False	older	False	False
nachr	Q9UGM1	P17787	CHRNA9	CHRNB2	HGNC:14079	HGNC:1962	56	Eumetazoa	False	older	False	False
nachr	Q9UGM1	P30926	CHRNA9	CHRNB4	HGNC:14079	HGNC:1964	56	Eumetazoa	False	older	False	False
nachr	Q9UGM1	Q07001	CHRNA9	CHRND	HGNC:14079	HGNC:1965	56	Eumetazoa	False	older	False	False
nachr	Q9UGM1	Q494W8	CHRNA9	CHRFAM7A	HGNC:14079	HGNC:15781	56	Eumetazoa	False	older	False	False
nachr	Q9UGM1	P43681	CHRNA9	CHRNA4	HGNC:14079	HGNC:1958	56	Eumetazoa	False	older	False	False
nachr	Q9UGM1	Q15825	CHRNA9	CHRNA6	HGNC:14079	HGNC:15963	56	Eumetazoa	False	older	False	False
nachr	Q9UGM1	P30532	CHRNA9	CHRNA5	HGNC:14079	HGNC:1959	56	Eumetazoa	False	older	False	False
nachr	Q9UGM1	Q05901	CHRNA9	CHRNB3	HGNC:14079	HGNC:1963	56	Eumetazoa	False	older	False	False
nachr	Q9UGM1	Q04844	CHRNA9	CHRNE	HGNC:14079	HGNC:1966	56	Eumetazoa	False	older	False	False
nachr	Q9UGM1	P32297	CHRNA9	CHRNA3	HGNC:14079	HGNC:1957	56	Eumetazoa	False	older	False	False
nachr	Q494W8	Q15822	CHRFAM7A	CHRNA2	HGNC:15781	HGNC:1956	105	Bilateria	True	older	False	False
nachr	Q494W8	P02708	CHRFAM7A	CHRNA1	HGNC:15781	HGNC:1955	105	Bilateria	True	older	False	False
nachr	Q494W8	P11230	CHRFAM7A	CHRNB1	HGNC:15781	HGNC:1961	105	Bilateria	True	older	False	False
nachr	Q494W8	P07510	CHRFAM7A	CHRNG	HGNC:15781	HGNC:1967	105	Bilateria	True	older	False	False
nachr	Q494W8	P17787	CHRFAM7A	CHRNB2	HGNC:15781	HGNC:1962	105	Bilateria	True	older	False	False
nachr	Q494W8	P30926	CHRFAM7A	CHRNB4	HGNC:15781	HGNC:1964	105	Bilateria	True	older	False	False
nachr	Q494W8	Q07001	CHRFAM7A	CHRND	HGNC:15781	HGNC:1965	105	Bilateria	True	older	False	False
nachr	Q494W8	P43681	CHRFAM7A	CHRNA4	HGNC:15781	HGNC:1958	105	Bilateria	True	older	False	False
nachr	Q494W8	Q15825	CHRFAM7A	CHRNA6	HGNC:15781	HGNC:15963	105	Bilateria	True	older	False	False
nachr	Q494W8	P30532	CHRFAM7A	CHRNA5	HGNC:15781	HGNC:1959	105	Bilateria	True	older	False	False
nachr	Q494W8	Q05901	CHRFAM7A	CHRNB3	HGNC:15781	HGNC:1963	105	Bilateria	True	older	False	False
nachr	Q494W8	Q04844	CHRFAM7A	CHRNE	HGNC:15781	HGNC:1966	105	Bilateria	True	older	False	False
nachr	Q494W8	P32297	CHRFAM7A	CHRNA3	HGNC:15781	HGNC:1957	105	Bilateria	True	older	False	False
nachr	P36544	Q15822	CHRNA7	CHRNA2	HGNC:1960	HGNC:1956	105	Bilateria	True	older	False	False
nachr	P36544	P02708	CHRNA7	CHRNA1	HGNC:1960	HGNC:1955	105	Bilateria	True	older	False	False
nachr	P36544	P11230	CHRNA7	CHRNB1	HGNC:1960	HGNC:1961	105	Bilateria	True	older	False	False
nachr	P36544	P07510	CHRNA7	CHRNG	HGNC:1960	HGNC:1967	105	Bilateria	True	older	False	False
nachr	P36544	P17787	CHRNA7	CHRNB2	HGNC:1960	HGNC:1962	105	Bilateria	True	older	False	False
nachr	P36544	P30926	CHRNA7	CHRNB4	HGNC:1960	HGNC:1964	105	Bilateria	True	older	False	False
nachr	P36544	Q07001	CHRNA7	CHRND	HGNC:1960	HGNC:1965	105	Bilateria	True	older	False	False
nachr	P36544	P43681	CHRNA7	CHRNA4	HGNC:1960	HGNC:1958	105	Bilateria	True	older	False	False
nachr	P36544	Q15825	CHRNA7	CHRNA6	HGNC:1960	HGNC:15963	105	Bilateria	True	older	False	False
nachr	P36544	P30532	CHRNA7	CHRNA5	HGNC:1960	HGNC:1959	105	Bilateria	True	older	False	False
nachr	P36544	Q05901	CHRNA7	CHRNB3	HGNC:1960	HGNC:1963	105	Bilateria	True	older	False	False
nachr	P36544	Q04844	CHRNA7	CHRNE	HGNC:1960	HGNC:1966	105	Bilateria	True	older	False	False
nachr	P36544	P32297	CHRNA7	CHRNA3	HGNC:1960	HGNC:1957	105	Bilateria	True	older	False	False
nachr	Q15822	P11230	CHRNA2	CHRNB1	HGNC:1956	HGNC:1961	123	Deuterostomia	False	older	False	False
nachr	Q15822	P07510	CHRNA2	CHRNG	HGNC:1956	HGNC:1967	123	Deuterostomia	False	older	False	False
nachr	Q15822	P17787	CHRNA2	CHRNB2	HGNC:1956	HGNC:1962	123	Deuterostomia	False	older	False	False
nachr	Q15822	P30926	CHRNA2	CHRNB4	HGNC:1956	HGNC:1964	123	Deuterostomia	False	older	False	False
nachr	Q15822	Q07001	CHRNA2	CHRND	HGNC:1956	HGNC:1965	123	Deuterostomia	False	older	False	False
nachr	Q15822	Q04844	CHRNA2	CHRNE	HGNC:1956	HGNC:1966	123	Deuterostomia	False	older	False	False
nachr	P30532	P11230	CHRNA5	CHRNB1	HGNC:1959	HGNC:1961	123	Deuterostomia	False	older	False	False
nachr	P30532	P07510	CHRNA5	CHRNG	HGNC:1959	HGNC:1967	123	Deuterostomia	False	older	False	False
nachr	P30532	P17787	CHRNA5	CHRNB2	HGNC:1959	HGNC:1962	123	Deuterostomia	False	older	False	False
nachr	P30532	P30926	CHRNA5	CHRNB4	HGNC:1959	HGNC:1964	123	Deuterostomia	False	older	False	False
nachr	P30532	Q07001	CHRNA5	CHRND	HGNC:1959	HGNC:1965	123	Deuterostomia	False	older	False	False
nachr	P30532	Q04844	CHRNA5	CHRNE	HGNC:1959	HGNC:1966	123	Deuterostomia	False	older	False	False
nachr	Q15825	P11230	CHRNA6	CHRNB1	HGNC:15963	HGNC:1961	123	Deuterostomia	False	older	False	False
nachr	Q15825	P07510	CHRNA6	CHRNG	HGNC:15963	HGNC:1967	123	Deuterostomia	False	older	False	False
nachr	Q15825	P17787	CHRNA6	CHRNB2	HGNC:15963	HGNC:1962	123	Deuterostomia	False	older	False	False
nachr	Q15825	P30926	CHRNA6	CHRNB4	HGNC:15963	HGNC:1964	123	Deuterostomia	False	older	False	False
nachr	Q15825	Q07001	CHRNA6	CHRND	HGNC:15963	HGNC:1965	123	Deuterostomia	False	older	False	False
nachr	Q15825	Q04844	CHRNA6	CHRNE	HGNC:15963	HGNC:1966	123	Deuterostomia	False	older	False	False
nachr	P43681	P11230	CHRNA4	CHRNB1	HGNC:1958	HGNC:1961	123	Deuterostomia	False	older	False	False
nachr	P43681	P07510	CHRNA4	CHRNG	HGNC:1958	HGNC:1967	123	Deuterostomia	False	older	False	False
nachr	P43681	P17787	CHRNA4	CHRNB2	HGNC:1958	HGNC:1962	123	Deuterostomia	False	older	False	False
nachr	P43681	P30926	CHRNA4	CHRNB4	HGNC:1958	HGNC:1964	123	Deuterostomia	False	older	False	False
nachr	P43681	Q07001	CHRNA4	CHRND	HGNC:1958	HGNC:1965	123	Deuterostomia	False	older	False	False
nachr	P43681	Q04844	CHRNA4	CHRNE	HGNC:1958	HGNC:1966	123	Deuterostomia	False	older	False	False
nachr	Q05901	P11230	CHRNB3	CHRNB1	HGNC:1963	HGNC:1961	123	Deuterostomia	False	older	False	False
nachr	Q05901	P07510	CHRNB3	CHRNG	HGNC:1963	HGNC:1967	123	Deuterostomia	False	older	False	False
nachr	Q05901	P17787	CHRNB3	CHRNB2	HGNC:1963	HGNC:1962	123	Deuterostomia	False	older	False	False
nachr	Q05901	P30926	CHRNB3	CHRNB4	HGNC:1963	HGNC:1964	123	Deuterostomia	False	older	False	False
nachr	Q05901	Q07001	CHRNB3	CHRND	HGNC:1963	HGNC:1965	123	Deuterostomia	False	older	False	False
nachr	Q05901	Q04844	CHRNB3	CHRNE	HGNC:1963	HGNC:1966	123	Deuterostomia	False	older	False	False
nachr	P02708	P11230	CHRNA1	CHRNB1	HGNC:1955	HGNC:1961	123	Deuterostomia	False	older	False	False
nachr	P02708	P07510	CHRNA1	CHRNG	HGNC:1955	HGNC:1967	123	Deuterostomia	False	older	False	False
nachr	P02708	P17787	CHRNA1	CHRNB2	HGNC:1955	HGNC:1962	123	Deuterostomia	False	older	False	False
nachr	P02708	P30926	CHRNA1	CHRNB4	HGNC:1955	HGNC:1964	123	Deuterostomia	False	older	False	False
nachr	P02708	Q07001	CHRNA1	CHRND	HGNC:1955	HGNC:1965	123	Deuterostomia	False	older	False	False
nachr	P02708	Q04844	CHRNA1	CHRNE	HGNC:1955	HGNC:1966	123	Deuterostomia	False	older	False	False
nachr	P32297	P11230	CHRNA3	CHRNB1	HGNC:1957	HGNC:1961	123	Deuterostomia	False	older	False	False
nachr	P32297	P07510	CHRNA3	CHRNG	HGNC:1957	HGNC:1967	123	Deuterostomia	False	older	False	False
nachr	P32297	P17787	CHRNA3	CHRNB2	HGNC:1957	HGNC:1962	123	Deuterostomia	False	older	False	False
nachr	P32297	P30926	CHRNA3	CHRNB4	HGNC:1957	HGNC:1964	123	Deuterostomia	False	older	False	False
nachr	P32297	Q07001	CHRNA3	CHRND	HGNC:1957	HGNC:1965	123	Deuterostomia	False	older	False	False
nachr	P32297	Q04844	CHRNA3	CHRNE	HGNC:1957	HGNC:1966	123	Deuterostomia	False	older	False	False
nachr	Q07001	P17787	CHRND	CHRNB2	HGNC:1965	HGNC:1962	130	Chordata	False	older	False	False
nachr	Q07001	P30926	CHRND	CHRNB4	HGNC:1965	HGNC:1964	130	Chordata	False	older	False	False
nachr	P11230	P17787	CHRNB1	CHRNB2	HGNC:1961	HGNC:1962	130	Chordata	False	older	False	False
nachr	P11230	P30926	CHRNB1	CHRNB4	HGNC:1961	HGNC:1964	130	Chordata	False	older	False	False
nachr	Q04844	P17787	CHRNE	CHRNB2	HGNC:1966	HGNC:1962	130	Chordata	False	older	False	False
nachr	Q04844	P30926	CHRNE	CHRNB4	HGNC:1966	HGNC:1964	130	Chordata	False	older	False	False
nachr	P07510	P17787	CHRNG	CHRNB2	HGNC:1967	HGNC:1962	130	Chordata	False	older	False	False
nachr	P07510	P30926	CHRNG	CHRNB4	HGNC:1967	HGNC:1964	130	Chordata	False	older	False	False
nachr	P17787	P30926	CHRNB2	CHRNB4	HGNC:1962	HGNC:1964	139	Vertebrata	False	2R	False	False
nachr	Q07001	P11230	CHRND	CHRNB1	HGNC:1965	HGNC:1961	148	Vertebrata	True	2R	True	True
nachr	Q04844	P11230	CHRNE	CHRNB1	HGNC:1966	HGNC:1961	148	Vertebrata	True	2R	False	False
nachr	P07510	P11230	CHRNG	CHRNB1	HGNC:1967	HGNC:1961	148	Vertebrata	True	2R	True	True
nachr	Q04844	Q07001	CHRNE	CHRND	HGNC:1966	HGNC:1965	152	Vertebrata	True	2R	True	True
nachr	P07510	Q07001	CHRNG	CHRND	HGNC:1967	HGNC:1965	152	Vertebrata	True	2R	False	False
nachr	P07510	Q04844	CHRNG	CHRNE	HGNC:1967	HGNC:1966	158	Vertebrata	True	2R	True	True
nachr	P30532	P02708	CHRNA5	CHRNA1	HGNC:1959	HGNC:1955	160	Chordata	False	older	False	False
nachr	Q15825	P02708	CHRNA6	CHRNA1	HGNC:15963	HGNC:1955	160	Chordata	False	older	False	False
nachr	P43681	P02708	CHRNA4	CHRNA1	HGNC:1958	HGNC:1955	160	Chordata	False	older	False	False
nachr	Q05901	P02708	CHRNB3	CHRNA1	HGNC:1963	HGNC:1955	160	Chordata	False	older	False	False
nachr	Q15822	P02708	CHRNA2	CHRNA1	HGNC:1956	HGNC:1955	160	Chordata	False	older	False	False
nachr	P32297	P02708	CHRNA3	CHRNA1	HGNC:1957	HGNC:1955	160	Chordata	False	older	False	False
nachr	P43681	P30532	CHRNA4	CHRNA5	HGNC:1958	HGNC:1959	167	Chordata	False	older	False	False
nachr	P43681	Q05901	CHRNA4	CHRNB3	HGNC:1958	HGNC:1963	167	Chordata	False	older	False	False
nachr	Q15825	P30532	CHRNA6	CHRNA5	HGNC:15963	HGNC:1959	167	Chordata	False	older	False	False
nachr	Q15825	Q05901	CHRNA6	CHRNB3	HGNC:15963	HGNC:1963	167	Chordata	False	older	False	False
nachr	Q15822	P30532	CHRNA2	CHRNA5	HGNC:1956	HGNC:1959	167	Chordata	False	older	False	False
nachr	Q15822	Q05901	CHRNA2	CHRNB3	HGNC:1956	HGNC:1963	167	Chordata	False	older	False	False
nachr	P32297	P30532	CHRNA3	CHRNA5	HGNC:1957	HGNC:1959	167	Chordata	False	older	False	False
nachr	P32297	Q05901	CHRNA3	CHRNB3	HGNC:1957	HGNC:1963	167	Chordata	False	older	False	False
nachr	Q05901	P30532	CHRNB3	CHRNA5	HGNC:1963	HGNC:1959	168	Vertebrata	False	2R	False	False
nachr	P43681	Q15825	CHRNA4	CHRNA6	HGNC:1958	HGNC:15963	173	Chordata	True	older	False	False
nachr	P43681	P32297	CHRNA4	CHRNA3	HGNC:1958	HGNC:1957	173	Chordata	True	older	False	False
nachr	Q15822	Q15825	CHRNA2	CHRNA6	HGNC:1956	HGNC:15963	173	Chordata	True	older	False	False
nachr	Q15822	P32297	CHRNA2	CHRNA3	HGNC:1956	HGNC:1957	173	Chordata	True	older	False	False
nachr	P32297	Q15825	CHRNA3	CHRNA6	HGNC:1957	HGNC:15963	174	Gnathostomata	False	2R	False	False
nachr	P43681	Q15822	CHRNA4	CHRNA2	HGNC:1958	HGNC:1956	178	Vertebrata	True	2R	False	False
nachr	P36544	Q494W8	CHRNA7	CHRFAM7A	HGNC:1960	HGNC:15781	192	Homo sapiens	True	younger	False	False
nachr	Q9UGM1	Q9GZZ6	CHRNA9	CHRNA10	HGNC:14079	HGNC:13800	235	Gnathostomata	False	2R	True	True
nav	Q9Y5Y9	P35498	SCN10A	SCN1A	HGNC:10582	HGNC:10585	0	Eumetazoa	False	older	True	True
nav	Q9Y5Y9	Q01118	SCN10A	SCN7A	HGNC:10582	HGNC:10594	0	Eumetazoa	False	older	True	True
nav	Q9Y5Y9	Q15858	SCN10A	SCN9A	HGNC:10582	HGNC:10597	0	Eumetazoa	False	older	True	True
nav	Q9Y5Y9	Q99250	SCN10A	SCN2A	HGNC:10582	HGNC:10588	0	Eumetazoa	False	older	True	True
nav	Q9Y5Y9	Q9NY46	SCN10A	SCN3A	HGNC:10582	HGNC:10590	0	Eumetazoa	False	older	True	True
nav	P35499	P35498	SCN4A	SCN1A	HGNC:10591	HGNC:10585	0	Eumetazoa	False	older	True	True
nav	P35499	Q01118	SCN4A	SCN7A	HGNC:10591	HGNC:10594	0	Eumetazoa	False	older	True	True
nav	P35499	Q15858	SCN4A	SCN9A	HGNC:10591	HGNC:10597	0	Eumetazoa	False	older	True	True
nav	P35499	Q99250	SCN4A	SCN2A	HGNC:10591	HGNC:10588	0	Eumetazoa	False	older	True	True
nav	P35499	Q9NY46	SCN4A	SCN3A	HGNC:10591	HGNC:10590	0	Eumetazoa	False	older	True	True
nav	Q14524	P35498	SCN5A	SCN1A	HGNC:10593	HGNC:10585	0	Eumetazoa	False	older	True	True
nav	Q14524	Q01118	SCN5A	SCN7A	HGNC:10593	HGNC:10594	0	Eumetazoa	False	older	False	True
nav	Q14524	Q15858	SCN5A	SCN9A	HGNC:10593	HGNC:10597	0	Eumetazoa	False	older	True	True
nav	Q14524	Q99250	SCN5A	SCN2A	HGNC:10593	HGNC:10588	0	Eumetazoa	False	older	True	True
nav	Q14524	Q9NY46	SCN5A	SCN3A	HGNC:10593	HGNC:10590	0	Eumetazoa	False	older	True	True
nav	Q9UQD0	P35498	SCN8A	SCN1A	HGNC:10596	HGNC:10585	0	Eumetazoa	False	older	True	True
nav	Q9UQD0	Q01118	SCN8A	SCN7A	HGNC:10596	HGNC:10594	0	Eumetazoa	False	older	True	True
nav	Q9UQD0	Q15858	SCN8A	SCN9A	HGNC:10596	HGNC:10597	0	Eumetazoa	False	older	True	True
nav	Q9UQD0	Q99250	SCN8A	SCN2A	HGNC:10596	HGNC:10588	0	Eumetazoa	False	older	True	True
nav	Q9UQD0	Q9NY46	SCN8A	SCN3A	HGNC:10596	HGNC:10590	0	Eumetazoa	False	older	True	True
nav	Q9UI33	P35498	SCN11A	SCN1A	HGNC:10583	HGNC:10585	0	Eumetazoa	False	older	False	False
nav	Q9UI33	Q01118	SCN11A	SCN7A	HGNC:10583	HGNC:10594	0	Eumetazoa	False	older	False	True
nav	Q9UI33	Q15858	SCN11A	SCN9A	HGNC:10583	HGNC:10597	0	Eumetazoa	False	older	False	True
nav	Q9UI33	Q99250	SCN11A	SCN2A	HGNC:10583	HGNC:10588	0	Eumetazoa	False	older	False	False
nav	Q9UI33	Q9NY46	SCN11A	SCN3A	HGNC:10583	HGNC:10590	0	Eumetazoa	False	older	False	False
nav	Q9UQD0	P35499	SCN8A	SCN4A	HGNC:10596	HGNC:10591	5	Eumetazoa	False	older	True	True
nav	Q9UQD0	Q9UI33	SCN8A	SCN11A	HGNC:10596	HGNC:10583	5	Eumetazoa	False	older	False	False
nav	Q9UQD0	Q9Y5Y9	SCN8A	SCN10A	HGNC:10596	HGNC:10582	5	Eumetazoa	False	older	False	True
nav	Q9UQD0	Q14524	SCN8A	SCN5A	HGNC:10596	HGNC:10593	5	Eumetazoa	False	older	False	True
nav	Q9UI33	P35499	SCN11A	SCN4A	HGNC:10583	HGNC:10591	6	Eumetazoa	False	older	False	True
nav	Q9Y5Y9	P35499	SCN10A	SCN4A	HGNC:10582	HGNC:10591	6	Eumetazoa	False	older	True	True
nav	Q14524	P35499	SCN5A	SCN4A	HGNC:10593	HGNC:10591	6	Eumetazoa	False	older	True	True
nav	Q9UI33	Q14524	SCN11A	SCN5A	HGNC:10583	HGNC:10593	25	Amniota	False	younger	False	False
nav	Q9Y5Y9	Q14524	SCN10A	SCN5A	HGNC:10582	HGNC:10593	25	Amniota	False	younger	False	False
nav	Q9UI33	Q9Y5Y9	SCN11A	SCN10A	HGNC:10583	HGNC:10582	26	Amniota	False	younger	False	False
nav	Q99250	Q01118	SCN2A	SCN7A	HGNC:10588	HGNC:10594	33	Amniota	False	younger	False	False
nav	Q99250	Q15858	SCN2A	SCN9A	HGNC:10588	HGNC:10597	33	Amniota	False	younger	False	False
nav	P35498	Q01118	SCN1A	SCN7A	HGNC:10585	HGNC:10594	33	Amniota	False	younger	False	False
nav	P35498	Q15858	SCN1A	SCN9A	HGNC:10585	HGNC:10597	33	Amniota	False	younger	False	False
nav	Q9NY46	Q01118	SCN3A	SCN7A	HGNC:10590	HGNC:10594	33	Amniota	False	younger	False	False
nav	Q9NY46	Q15858	SCN3A	SCN9A	HGNC:10590	HGNC:10597	33	Amniota	False	younger	False	False
nav	Q01118	Q15858	SCN7A	SCN9A	HGNC:10594	HGNC:10597	34	Theria	True	younger	False	False
nav	Q99250	Q9NY46	SCN2A	SCN3A	HGNC:10588	HGNC:10590	36	Amniota	True	younger	False	False
nav	P35498	Q9NY46	SCN1A	SCN3A	HGNC:10585	HGNC:10590	36	Amniota	True	younger	False	False
nav	P35498	Q99250	SCN1A	SCN2A	HGNC:10585	HGNC:10588	38	Amniota	True	younger	False	False
nmda	Q12879	Q05586	GRIN2A	GRIN1	HGNC:4585	HGNC:4584	3	Eumetazoa	True	older	False	False
nmda	Q13224	Q05586	GRIN2B	GRIN1	HGNC:4586	HGNC:4584	3	Eumetazoa	True	older	False	False
nmda	Q8TCU5	Q05586	GRIN3A	GRIN1	HGNC:16767	HGNC:4584	3	Eumetazoa	True	older	False	False
nmda	O15399	Q05586	GRIN2D	GRIN1	HGNC:4588	HGNC:4584	3	Eumetazoa	True	older	False	False
nmda	Q14957	Q05586	GRIN2C	GRIN1	HGNC:4587	HGNC:4584	3	Eumetazoa	True	older	False	False
nmda	O60391	Q05586	GRIN3B	GRIN1	HGNC:16768	HGNC:4584	3	Eumetazoa	True	older	False	False
nmda	O60391	O15399	GRIN3B	GRIN2D	HGNC:16768	HGNC:4588	6	Bilateria	True	older	False	False
nmda	O60391	Q12879	GRIN3B	GRIN2A	HGNC:16768	HGNC:4585	6	Bilateria	True	older	False	False
nmda	O60391	Q14957	GRIN3B	GRIN2C	HGNC:16768	HGNC:4587	6	Bilateria	True	older	False	False
nmda	O60391	Q13224	GRIN3B	GRIN2B	HGNC:16768	HGNC:4586	6	Bilateria	True	older	False	False
nmda	Q8TCU5	O15399	GRIN3A	GRIN2D	HGNC:16767	HGNC:4588	6	Bilateria	True	older	False	False
nmda	Q8TCU5	Q12879	GRIN3A	GRIN2A	HGNC:16767	HGNC:4585	6	Bilateria	True	older	False	False
nmda	Q8TCU5	Q14957	GRIN3A	GRIN2C	HGNC:16767	HGNC:4587	6	Bilateria	True	older	False	False
nmda	Q8TCU5	Q13224	GRIN3A	GRIN2B	HGNC:16767	HGNC:4586	6	Bilateria	True	older	False	False
nmda	Q12879	Q13224	GRIN2A	GRIN2B	HGNC:4585	HGNC:4586	12	Gnathostomata	True	2R	True	True
nmda	O15399	Q12879	GRIN2D	GRIN2A	HGNC:4588	HGNC:4585	13	Vertebrata	False	2R	True	True
nmda	O15399	Q13224	GRIN2D	GRIN2B	HGNC:4588	HGNC:4586	13	Vertebrata	False	2R	True	True
nmda	Q14957	Q12879	GRIN2C	GRIN2A	HGNC:4587	HGNC:4585	13	Vertebrata	False	2R	True	True
nmda	Q14957	Q13224	GRIN2C	GRIN2B	HGNC:4587	HGNC:4586	13	Vertebrata	False	2R	True	True
nmda	O15399	Q14957	GRIN2D	GRIN2C	HGNC:4588	HGNC:4587	19	Gnathostomata	True	2R	True	True
nmda	Q8TCU5	O60391	GRIN3A	GRIN3B	HGNC:16767	HGNC:16768	23	Gnathostomata	True	2R	False	False
orai	Q96SN7	Q9BRQ5	ORAI2	ORAI3	HGNC:21667	HGNC:28185	2	Gnathostomata	False	2R	True	True
orai	Q96D31	Q96SN7	ORAI1	ORAI2	HGNC:25896	HGNC:21667	3	Vertebrata	False	2R	True	True
orai	Q96D31	Q9BRQ5	ORAI1	ORAI3	HGNC:25896	HGNC:28185	3	Vertebrata	False	2R	True	True
osca_tmem63	Q9P1W3	Q5T3F8	TMEM63C	TMEM63B	HGNC:23787	HGNC:17735	0	Vertebrata	False	2R	True	True
osca_tmem63	Q9P1W3	O94886	TMEM63C	TMEM63A	HGNC:23787	HGNC:29118	0	Vertebrata	False	2R	True	True
osca_tmem63	O94886	Q5T3F8	TMEM63A	TMEM63B	HGNC:29118	HGNC:17735	1	Gnathostomata	True	2R	True	True
otop	Q7RTS6	Q7RTS5	OTOP2	OTOP3	HGNC:19657	HGNC:19658	3	Euteleostomi	False	bony_vertebrate	False	False
otop	Q7RTM1	Q7RTS6	OTOP1	OTOP2	HGNC:19656	HGNC:19657	4	Gnathostomata	True	2R	False	False
otop	Q7RTM1	Q7RTS5	OTOP1	OTOP3	HGNC:19656	HGNC:19658	4	Gnathostomata	True	2R	False	False
p2x	Q93086	P51575	P2RX5	P2RX1	HGNC:8536	HGNC:8533	6	Vertebrata	True	2R	False	False
p2x	Q9UBL9	P51575	P2RX2	P2RX1	HGNC:15459	HGNC:8533	6	Vertebrata	True	2R	True	True
p2x	O15547	P51575	P2RX6	P2RX1	HGNC:8538	HGNC:8533	6	Vertebrata	True	2R	False	False
p2x	P56373	P51575	P2RX3	P2RX1	HGNC:8534	HGNC:8533	6	Vertebrata	True	2R	False	True
p2x	Q99571	Q93086	P2RX4	P2RX5	HGNC:8535	HGNC:8536	7	Vertebrata	False	2R	True	True
p2x	Q99571	Q9UBL9	P2RX4	P2RX2	HGNC:8535	HGNC:15459	7	Vertebrata	False	2R	False	True
p2x	Q99571	O15547	P2RX4	P2RX6	HGNC:8535	HGNC:8538	7	Vertebrata	False	2R	False	False
p2x	Q99571	P56373	P2RX4	P2RX3	HGNC:8535	HGNC:8534	7	Vertebrata	False	2R	False	True
p2x	Q99571	P51575	P2RX4	P2RX1	HGNC:8535	HGNC:8533	7	Vertebrata	False	2R	True	True
p2x	Q99572	Q93086	P2RX7	P2RX5	HGNC:8537	HGNC:8536	7	Vertebrata	False	2R	True	True
p2x	Q99572	Q9UBL9	P2RX7	P2RX2	HGNC:8537	HGNC:15459	7	Vertebrata	False	2R	False	True
p2x	Q99572	O15547	P2RX7	P2RX6	HGNC:8537	HGNC:8538	7	Vertebrata	False	2R	False	False
p2x	Q99572	P56373	P2RX7	P2RX3	HGNC:8537	HGNC:8534	7	Vertebrata	False	2R	False	True
p2x	Q99572	P51575	P2RX7	P2RX1	HGNC:8537	HGNC:8533	7	Vertebrata	False	2R	True	True
p2x	Q9UBL9	P56373	P2RX2	P2RX3	HGNC:15459	HGNC:8534	8	Vertebrata	False	2R	False	True
p2x	Q93086	Q9UBL9	P2RX5	P2RX2	HGNC:8536	HGNC:15459	9	Vertebrata	True	2R	True	True
p2x	Q93086	P56373	P2RX5	P2RX3	HGNC:8536	HGNC:8534	9	Vertebrata	True	2R	False	True
p2x	O15547	Q9UBL9	P2RX6	P2RX2	HGNC:8538	HGNC:15459	9	Vertebrata	True	2R	False	False
p2x	O15547	P56373	P2RX6	P2RX3	HGNC:8538	HGNC:8534	9	Vertebrata	True	2R	False	False
p2x	O15547	Q93086	P2RX6	P2RX5	HGNC:8538	HGNC:8536	12	Vertebrata	True	2R	False	True
p2x	Q99571	Q99572	P2RX4	P2RX7	HGNC:8535	HGNC:8537	26	Euteleostomi	False	bony_vertebrate	False	False
pannexin	Q96QZ0	Q96RD7	PANX3	PANX1	HGNC:20573	HGNC:8599	0	Vertebrata	False	2R	False	False
pannexin	Q96QZ0	Q96RD6	PANX3	PANX2	HGNC:20573	HGNC:8600				none	False	False
pannexin	Q96RD6	Q96RD7	PANX2	PANX1	HGNC:8600	HGNC:8599				none	False	False
piezo	Q92508	Q9H5I5	PIEZO1	PIEZO2	HGNC:28993	HGNC:26270	1	Vertebrata	True	2R	False	True
ryr	Q15413	Q92736	RYR3	RYR2	HGNC:10485	HGNC:10484	0	Vertebrata	False	2R	False	False
ryr	P21817	Q92736	RYR1	RYR2	HGNC:10483	HGNC:10484	0	Vertebrata	False	2R	False	False
ryr	Q15413	P21817	RYR3	RYR1	HGNC:10485	HGNC:10483	2	Gnathostomata	True	2R	True	True
tpc	Q8NHX9	Q9ULQ1	TPCN2	TPCN1	HGNC:20820	HGNC:18182	12	Eukaryota	False	older	False	False
tric	Q9NVV0	Q9H6F2	TMEM38B	TMEM38A	HGNC:25535	HGNC:28462	1	Gnathostomata	True	2R	True	True
trpc	Q9UBN4	Q9HCX4	TRPC4	TRPC7	HGNC:12336	HGNC:20754	4	Opisthokonta	False	older	False	False
trpc	Q9UBN4	Q9Y210	TRPC4	TRPC6	HGNC:12336	HGNC:12338	4	Opisthokonta	False	older	False	False
trpc	Q9UBN4	Q13507	TRPC4	TRPC3	HGNC:12336	HGNC:12335	4	Opisthokonta	False	older	False	False
trpc	P48995	Q9HCX4	TRPC1	TRPC7	HGNC:12333	HGNC:20754	4	Opisthokonta	False	older	False	False
trpc	P48995	Q9Y210	TRPC1	TRPC6	HGNC:12333	HGNC:12338	4	Opisthokonta	False	older	False	False
trpc	P48995	Q13507	TRPC1	TRPC3	HGNC:12333	HGNC:12335	4	Opisthokonta	False	older	False	False
trpc	Q9UL62	Q9HCX4	TRPC5	TRPC7	HGNC:12337	HGNC:20754	4	Opisthokonta	False	older	False	False
trpc	Q9UL62	Q9Y210	TRPC5	TRPC6	HGNC:12337	HGNC:12338	4	Opisthokonta	False	older	False	False
trpc	Q9UL62	Q13507	TRPC5	TRPC3	HGNC:12337	HGNC:12335	4	Opisthokonta	False	older	False	False
trpc	Q13507	Q9HCX4	TRPC3	TRPC7	HGNC:12335	HGNC:20754	48	Vertebrata	False	2R	True	True
trpc	Q13507	Q9Y210	TRPC3	TRPC6	HGNC:12335	HGNC:12338	48	Vertebrata	False	2R	True	True
trpc	Q9Y210	Q9HCX4	TRPC6	TRPC7	HGNC:12338	HGNC:20754	49	Vertebrata	False	2R	True	True
trpc	Q9UBN4	P48995	TRPC4	TRPC1	HGNC:12336	HGNC:12333	56	Chordata	True	older	True	True
trpc	Q9UL62	P48995	TRPC5	TRPC1	HGNC:12337	HGNC:12333	56	Chordata	True	older	False	True
trpc	Q9UBN4	Q9UL62	TRPC4	TRPC5	HGNC:12336	HGNC:12337	58	Gnathostomata	True	2R	True	True
trpm	Q9HCF6	Q8TD43	TRPM3	TRPM4	HGNC:17992	HGNC:17993	1	Opisthokonta	False	older	True	True
trpm	Q9HCF6	Q7Z2W7	TRPM3	TRPM8	HGNC:17992	HGNC:17961	1	Opisthokonta	False	older	False	False
trpm	Q9HCF6	O94759	TRPM3	TRPM2	HGNC:17992	HGNC:12339	1	Opisthokonta	False	older	True	True
trpm	Q9HCF6	Q9NZQ8	TRPM3	TRPM5	HGNC:17992	HGNC:14323	1	Opisthokonta	False	older	True	True
trpm	Q7Z4N2	Q8TD43	TRPM1	TRPM4	HGNC:7146	HGNC:17993	1	Opisthokonta	False	older	True	True
trpm	Q7Z4N2	Q7Z2W7	TRPM1	TRPM8	HGNC:7146	HGNC:17961	1	Opisthokonta	False	older	False	False
trpm	Q7Z4N2	O94759	TRPM1	TRPM2	HGNC:7146	HGNC:12339	1	Opisthokonta	False	older	False	True
trpm	Q7Z4N2	Q9NZQ8	TRPM1	TRPM5	HGNC:7146	HGNC:14323	1	Opisthokonta	False	older	True	True
trpm	Q9BX84	Q8TD43	TRPM6	TRPM4	HGNC:17995	HGNC:17993	1	Opisthokonta	False	older	True	True
trpm	Q9BX84	Q7Z2W7	TRPM6	TRPM8	HGNC:17995	HGNC:17961	1	Opisthokonta	False	older	False	False
trpm	Q9BX84	O94759	TRPM6	TRPM2	HGNC:17995	HGNC:12339	1	Opisthokonta	False	older	False	True
trpm	Q9BX84	Q9NZQ8	TRPM6	TRPM5	HGNC:17995	HGNC:14323	1	Opisthokonta	False	older	False	True
trpm	Q96QT4	Q8TD43	TRPM7	TRPM4	HGNC:17994	HGNC:17993	1	Opisthokonta	False	older	True	True
trpm	Q96QT4	Q7Z2W7	TRPM7	TRPM8	HGNC:17994	HGNC:17961	1	Opisthokonta	False	older	False	False
trpm	Q96QT4	O94759	TRPM7	TRPM2	HGNC:17994	HGNC:12339	1	Opisthokonta	False	older	False	True
trpm	Q96QT4	Q9NZQ8	TRPM7	TRPM5	HGNC:17994	HGNC:14323	1	Opisthokonta	False	older	False	True
trpm	Q9BX84	Q96QT4	TRPM6	TRPM7	HGNC:17995	HGNC:17994	5	Vertebrata	False	2R	True	True
trpm	Q9HCF6	Q9BX84	TRPM3	TRPM6	HGNC:17992	HGNC:17995	6	Vertebrata	True	2R	False	False
trpm	Q9HCF6	Q96QT4	TRPM3	TRPM7	HGNC:17992	HGNC:17994	6	Vertebrata	True	2R	True	True
trpm	Q7Z4N2	Q9BX84	TRPM1	TRPM6	HGNC:7146	HGNC:17995	6	Vertebrata	True	2R	True	True
trpm	Q7Z4N2	Q96QT4	TRPM1	TRPM7	HGNC:7146	HGNC:17994	6	Vertebrata	True	2R	True	True
trpm	Q9HCF6	Q7Z4N2	TRPM3	TRPM1	HGNC:17992	HGNC:7146	8	Vertebrata	False	2R	True	True
trpm	Q7Z2W7	Q8TD43	TRPM8	TRPM4	HGNC:17961	HGNC:17993	26	Vertebrata	True	2R	False	False
trpm	Q7Z2W7	Q9NZQ8	TRPM8	TRPM5	HGNC:17961	HGNC:14323	26	Vertebrata	True	2R	False	False
trpm	O94759	Q8TD43	TRPM2	TRPM4	HGNC:12339	HGNC:17993	26	Vertebrata	True	2R	True	True
trpm	O94759	Q9NZQ8	TRPM2	TRPM5	HGNC:12339	HGNC:14323	26	Vertebrata	True	2R	False	True
trpm	Q8TD43	Q9NZQ8	TRPM4	TRPM5	HGNC:17993	HGNC:14323	27	Gnathostomata	True	2R	True	True
trpm	O94759	Q7Z2W7	TRPM2	TRPM8	HGNC:12339	HGNC:17961	31	Gnathostomata	False	2R	False	False
trpml	Q8TDD5	Q9GZU1	MCOLN3	MCOLN1	HGNC:13358	HGNC:13356	5	Vertebrata	False	2R	True	True
trpml	Q8IZK6	Q9GZU1	MCOLN2	MCOLN1	HGNC:13357	HGNC:13356	5	Vertebrata	False	2R	True	True
trpml	Q8IZK6	Q8TDD5	MCOLN2	MCOLN3	HGNC:13357	HGNC:13358	9	Vertebrata	False	2R	False	False
trpp	Q9P0L9	Q13563	PKD2L1	PKD2	HGNC:9011	HGNC:9009	11	Bilateria	False	older	True	True
trpp	Q9P0L9	Q9NZM6	PKD2L1	PKD2L2	HGNC:9011	HGNC:9012	11	Bilateria	False	older	True	True
trpp	Q13563	Q9NZM6	PKD2	PKD2L2	HGNC:9009	HGNC:9012	12	Gnathostomata	True	2R	True	True
trpv	Q8NER1	Q9H1D0	TRPV1	TRPV6	HGNC:12716	HGNC:14006	8	Bilateria	False	older	True	True
trpv	Q8NER1	Q9NQA5	TRPV1	TRPV5	HGNC:12716	HGNC:3145	8	Bilateria	False	older	True	True
trpv	Q8NET8	Q9H1D0	TRPV3	TRPV6	HGNC:18084	HGNC:14006	8	Bilateria	False	older	False	False
trpv	Q8NET8	Q9NQA5	TRPV3	TRPV5	HGNC:18084	HGNC:3145	8	Bilateria	False	older	False	False
trpv	Q9Y5S1	Q9H1D0	TRPV2	TRPV6	HGNC:18082	HGNC:14006	8	Bilateria	False	older	True	True
trpv	Q9Y5S1	Q9NQA5	TRPV2	TRPV5	HGNC:18082	HGNC:3145	8	Bilateria	False	older	True	True
trpv	Q9HBA0	Q9H1D0	TRPV4	TRPV6	HGNC:18083	HGNC:14006	8	Bilateria	False	older	False	True
trpv	Q9HBA0	Q9NQA5	TRPV4	TRPV5	HGNC:18083	HGNC:3145	8	Bilateria	False	older	False	True
trpv	Q9NQA5	Q9H1D0	TRPV5	TRPV6	HGNC:3145	HGNC:14006	18	Mammalia	False	younger	False	False
trpv	Q8NER1	Q8NET8	TRPV1	TRPV3	HGNC:12716	HGNC:18084	21	Vertebrata	False	2R	False	False
trpv	Q9Y5S1	Q8NET8	TRPV2	TRPV3	HGNC:18082	HGNC:18084	21	Vertebrata	False	2R	False	False
trpv	Q9HBA0	Q8NET8	TRPV4	TRPV3	HGNC:18083	HGNC:18084	21	Vertebrata	False	2R	False	False
trpv	Q9HBA0	Q8NER1	TRPV4	TRPV1	HGNC:18083	HGNC:12716	24	Vertebrata	True	2R	True	True
trpv	Q9HBA0	Q9Y5S1	TRPV4	TRPV2	HGNC:18083	HGNC:18082	24	Vertebrata	True	2R	True	True
trpv	Q8NER1	Q9Y5S1	TRPV1	TRPV2	HGNC:12716	HGNC:18082	25	Tetrapoda	True	younger	False	False
vdac	P21796	Q9Y277	VDAC1	VDAC3	HGNC:12669	HGNC:12674	25	Vertebrata	False	2R	True	True
vdac	P45880	Q9Y277	VDAC2	VDAC3	HGNC:12672	HGNC:12674	25	Vertebrata	False	2R	True	True
vdac	P21796	P45880	VDAC1	VDAC2	HGNC:12669	HGNC:12672	29	Vertebrata	False	2R	True	True
vdac	Q969M1	O96008	TOMM40L	TOMM40	HGNC:25756	HGNC:18001	35	Vertebrata	False	2R	True	True
vdac	O96008	P21796	TOMM40	VDAC1	HGNC:18001	HGNC:12669				none	False	False
vdac	O96008	P45880	TOMM40	VDAC2	HGNC:18001	HGNC:12672				none	False	False
vdac	O96008	Q9Y277	TOMM40	VDAC3	HGNC:18001	HGNC:12674				none	False	False
vdac	P21796	Q969M1	VDAC1	TOMM40L	HGNC:12669	HGNC:25756				none	False	False
vdac	P45880	Q969M1	VDAC2	TOMM40L	HGNC:12672	HGNC:25756				none	False	False
vdac	Q969M1	Q9Y277	TOMM40L	VDAC3	HGNC:25756	HGNC:12674				none	False	False
